axx:ERS451415_00001	ko:K02313
axx:ERS451415_00002	ko:K02338
axx:ERS451415_00003	ko:K02470
axx:ERS451415_00004	ko:K07552
axx:ERS451415_00009	ko:K06911
axx:ERS451415_00014	ko:K10001
axx:ERS451415_00015	ko:K10003
axx:ERS451415_00016	ko:K10002
axx:ERS451415_00017	ko:K10004
axx:ERS451415_00018	ko:K01620
axx:ERS451415_00019	ko:K15268
axx:ERS451415_00020	ko:K01512
axx:ERS451415_00022	ko:K29125
axx:ERS451415_00024	ko:K02052
axx:ERS451415_00025	ko:K02054
axx:ERS451415_00026	ko:K02053
axx:ERS451415_00030	ko:K02055
axx:ERS451415_00031	ko:K12972
axx:ERS451415_00032	ko:K13652
axx:ERS451415_00035	ko:K01473
axx:ERS451415_00036	ko:K01474
axx:ERS451415_00037	ko:K03710
axx:ERS451415_00038	ko:K02055
axx:ERS451415_00039	ko:K02052
axx:ERS451415_00040	ko:K02054
axx:ERS451415_00041	ko:K02053
axx:ERS451415_00042	ko:K24955
axx:ERS451415_00044	ko:K24954
axx:ERS451415_00047	ko:K01485
axx:ERS451415_00048	ko:K23536
axx:ERS451415_00049	ko:K23535
axx:ERS451415_00050	ko:K23537
axx:ERS451415_00051	ko:K07335
axx:ERS451415_00053	ko:K00077
axx:ERS451415_00054	ko:K07118
axx:ERS451415_00060	ko:K02858
axx:ERS451415_00062	ko:K07117
axx:ERS451415_00063	ko:K08994
axx:ERS451415_00064	ko:K03719
axx:ERS451415_00065	ko:K01652
axx:ERS451415_00066	ko:K00046
axx:ERS451415_00067	ko:K15554
axx:ERS451415_00068	ko:K15555
axx:ERS451415_00069	ko:K15553
axx:ERS451415_00070	ko:K03169
axx:ERS451415_00072	ko:K01894
axx:ERS451415_00073	ko:K03747
axx:ERS451415_00075	ko:K07080
axx:ERS451415_00076	ko:K19967
axx:ERS451415_00078	ko:K02028
axx:ERS451415_00079	ko:K02029
axx:ERS451415_00080	ko:K02029
axx:ERS451415_00081	ko:K02030
axx:ERS451415_00082	ko:K09946
axx:ERS451415_00084	ko:K00821
axx:ERS451415_00089	ko:K08973
axx:ERS451415_00099	ko:K08169
axx:ERS451415_00100	ko:K16088
axx:ERS451415_00101	ko:K07165
axx:ERS451415_00103	ko:K20034
axx:ERS451415_00105	ko:K00249
axx:ERS451415_00110	ko:K00626
axx:ERS451415_00115	ko:K01968
axx:ERS451415_00116	ko:K01969
axx:ERS451415_00117	ko:K00626
axx:ERS451415_00118	ko:K00906
axx:ERS451415_00119	ko:K00253
axx:ERS451415_00122	ko:K09771
axx:ERS451415_00127	ko:K01760
axx:ERS451415_00129	ko:K01999
axx:ERS451415_00130	ko:K03673
axx:ERS451415_00132	ko:K01887
axx:ERS451415_00135	ko:K05815
axx:ERS451415_00136	ko:K05814
axx:ERS451415_00137	ko:K05813
axx:ERS451415_00138	ko:K05816
axx:ERS451415_00139	ko:K03651
axx:ERS451415_00142	ko:K01649
axx:ERS451415_00145	ko:K03092
axx:ERS451415_00148	ko:K02192
axx:ERS451415_00151	ko:K03594
axx:ERS451415_00153	ko:K02837
axx:ERS451415_00154	ko:K05834
axx:ERS451415_00155	ko:K11927
axx:ERS451415_00159	ko:K02031
axx:ERS451415_00159	ko:K02032
axx:ERS451415_00160	ko:K02034
axx:ERS451415_00161	ko:K02033
axx:ERS451415_00162	ko:K02035
axx:ERS451415_00165	ko:K07506
axx:ERS451415_00169	ko:K03566
axx:ERS451415_00171	ko:K14220
axx:ERS451415_00172	ko:K03299
axx:ERS451415_00173	ko:K14234
axx:ERS451415_00175	ko:K03600
axx:ERS451415_00176	ko:K03599
axx:ERS451415_00177	ko:K00413
axx:ERS451415_00178	ko:K00412
axx:ERS451415_00179	ko:K00411
axx:ERS451415_00180	ko:K03282
axx:ERS451415_00182	ko:K04772
axx:ERS451415_00184	ko:K03118
axx:ERS451415_00185	ko:K03117
axx:ERS451415_00186	ko:K03116
axx:ERS451415_00187	ko:K02503
axx:ERS451415_00188	ko:K01523
axx:ERS451415_00189	ko:K01496
axx:ERS451415_00190	ko:K02500
axx:ERS451415_00191	ko:K01814
axx:ERS451415_00192	ko:K02501
axx:ERS451415_00193	ko:K01693
axx:ERS451415_00194	ko:K00817
axx:ERS451415_00195	ko:K00013
axx:ERS451415_00196	ko:K00765
axx:ERS451415_00197	ko:K00790
axx:ERS451415_00199	ko:K01992
axx:ERS451415_00200	ko:K01990
axx:ERS451415_00201	ko:K07323
axx:ERS451415_00202	ko:K04754
axx:ERS451415_00203	ko:K02067
axx:ERS451415_00204	ko:K02066
axx:ERS451415_00205	ko:K02065
axx:ERS451415_00206	ko:K00459
axx:ERS451415_00210	ko:K07275
axx:ERS451415_00212	ko:K07160
axx:ERS451415_00213	ko:K02160
axx:ERS451415_00214	ko:K01961
axx:ERS451415_00218	ko:K00266
axx:ERS451415_00219	ko:K00265
axx:ERS451415_00220	ko:K07491
axx:ERS451415_00221	ko:K01070
axx:ERS451415_00223	ko:K03089
axx:ERS451415_00224	ko:K03651
axx:ERS451415_00225	ko:K03316
axx:ERS451415_00228	ko:K02275
axx:ERS451415_00229	ko:K02274
axx:ERS451415_00232	ko:K02276
axx:ERS451415_00234	ko:K14998
axx:ERS451415_00236	ko:K02259
axx:ERS451415_00237	ko:K02257
axx:ERS451415_00238	ko:K07152
axx:ERS451415_00242	ko:K04042
axx:ERS451415_00243	ko:K08169
axx:ERS451415_00244	ko:K00012
axx:ERS451415_00246	ko:K03719
axx:ERS451415_00247	ko:K00820
axx:ERS451415_00252	ko:K02014
axx:ERS451415_00253	ko:K23185
axx:ERS451415_00254	ko:K23186
axx:ERS451415_00255	ko:K23187
axx:ERS451415_00256	ko:K23188
axx:ERS451415_00260	ko:K00797
axx:ERS451415_00265	ko:K00278
axx:ERS451415_00266	ko:K03517
axx:ERS451415_00269	ko:K01459
axx:ERS451415_00270	ko:K01750
axx:ERS451415_00272	ko:K00606
axx:ERS451415_00274	ko:K03307
axx:ERS451415_00275	ko:K18459
axx:ERS451415_00277	ko:K20534
axx:ERS451415_00278	ko:K15726
axx:ERS451415_00279	ko:K15727
axx:ERS451415_00280	ko:K15725
axx:ERS451415_00282	ko:K07665
axx:ERS451415_00283	ko:K07644
axx:ERS451415_00287	ko:K11751
axx:ERS451415_00288	ko:K00121
axx:ERS451415_00289	ko:K23239
axx:ERS451415_00290	ko:K05836
axx:ERS451415_00291	ko:K09975
axx:ERS451415_00292	ko:K01712
axx:ERS451415_00293	ko:K03457
axx:ERS451415_00294	ko:K01745
axx:ERS451415_00295	ko:K01468
axx:ERS451415_00296	ko:K03406
axx:ERS451415_00297	ko:K08169
axx:ERS451415_00298	ko:K27078
axx:ERS451415_00299	ko:K07346
axx:ERS451415_00300	ko:K07347
axx:ERS451415_00301	ko:K27078
axx:ERS451415_00305	ko:K05301
axx:ERS451415_00308	ko:K06137
axx:ERS451415_00313	ko:K07090
axx:ERS451415_00315	ko:K22187
axx:ERS451415_00317	ko:K00523
axx:ERS451415_00319	ko:K02031
axx:ERS451415_00319	ko:K02032
axx:ERS451415_00320	ko:K02034
axx:ERS451415_00321	ko:K02033
axx:ERS451415_00322	ko:K02035
axx:ERS451415_00326	ko:K20938
axx:ERS451415_00327	ko:K02073
axx:ERS451415_00328	ko:K00299
axx:ERS451415_00329	ko:K15553
axx:ERS451415_00330	ko:K04091
axx:ERS451415_00331	ko:K15554
axx:ERS451415_00333	ko:K02071
axx:ERS451415_00334	ko:K02072
axx:ERS451415_00335	ko:K02073
axx:ERS451415_00336	ko:K15555
axx:ERS451415_00341	ko:K01567
axx:ERS451415_00346	ko:K00124
axx:ERS451415_00347	ko:K00127
axx:ERS451415_00348	ko:K02380
axx:ERS451415_00349	ko:K01042
axx:ERS451415_00350	ko:K03833
axx:ERS451415_00351	ko:K14238
axx:ERS451415_00355	ko:K01008
axx:ERS451415_00357	ko:K03566
axx:ERS451415_00360	ko:K09959
axx:ERS451415_00361	ko:K00138
axx:ERS451415_00362	ko:K21405
axx:ERS451415_00363	ko:K01609
axx:ERS451415_00364	ko:K00766
axx:ERS451415_00365	ko:K01658
axx:ERS451415_00366	ko:K01657
axx:ERS451415_00367	ko:K01091
axx:ERS451415_00368	ko:K01783
axx:ERS451415_00369	ko:K06195
axx:ERS451415_00370	ko:K08304
axx:ERS451415_00371	ko:K18800
axx:ERS451415_00372	ko:K03981
axx:ERS451415_00374	ko:K14058
axx:ERS451415_00375	ko:K01633
axx:ERS451415_00378	ko:K01055
axx:ERS451415_00380	ko:K11959
axx:ERS451415_00381	ko:K11960
axx:ERS451415_00382	ko:K11961
axx:ERS451415_00383	ko:K11962
axx:ERS451415_00384	ko:K11963
axx:ERS451415_00385	ko:K01426
axx:ERS451415_00386	ko:K04748
axx:ERS451415_00387	ko:K02448
axx:ERS451415_00388	ko:K01999
axx:ERS451415_00390	ko:K01799
axx:ERS451415_00393	ko:K01031
axx:ERS451415_00394	ko:K01032
axx:ERS451415_00397	ko:K01692
axx:ERS451415_00399	ko:K02108
axx:ERS451415_00400	ko:K02110
axx:ERS451415_00401	ko:K02109
axx:ERS451415_00402	ko:K02113
axx:ERS451415_00403	ko:K02111
axx:ERS451415_00404	ko:K02115
axx:ERS451415_00405	ko:K02112
axx:ERS451415_00406	ko:K02114
axx:ERS451415_00408	ko:K01599
axx:ERS451415_00409	ko:K04066
axx:ERS451415_00410	ko:K03656
axx:ERS451415_00412	ko:K01620
axx:ERS451415_00414	ko:K07124
axx:ERS451415_00416	ko:K00674
axx:ERS451415_00417	ko:K22468
axx:ERS451415_00418	ko:K01295
axx:ERS451415_00420	ko:K02032
axx:ERS451415_00421	ko:K02031
axx:ERS451415_00422	ko:K02034
axx:ERS451415_00423	ko:K02033
axx:ERS451415_00424	ko:K02035
axx:ERS451415_00428	ko:K02035
axx:ERS451415_00430	ko:K17758
axx:ERS451415_00433	ko:K00459
axx:ERS451415_00435	ko:K06446
axx:ERS451415_00436	ko:K01041
axx:ERS451415_00437	ko:K00074
axx:ERS451415_00439	ko:K14219
axx:ERS451415_00440	ko:K19577
axx:ERS451415_00443	ko:K04063
axx:ERS451415_00448	ko:K03285
axx:ERS451415_00450	ko:K00450
axx:ERS451415_00452	ko:K01999
axx:ERS451415_00453	ko:K01997
axx:ERS451415_00454	ko:K01998
axx:ERS451415_00455	ko:K01995
axx:ERS451415_00456	ko:K01996
axx:ERS451415_00457	ko:K01501
axx:ERS451415_00460	ko:K21645
axx:ERS451415_00463	ko:K03098
axx:ERS451415_00464	ko:K01919
axx:ERS451415_00468	ko:K24180
axx:ERS451415_00470	ko:K16844
axx:ERS451415_00471	ko:K16843
axx:ERS451415_00473	ko:K16846
axx:ERS451415_00474	ko:K16845
axx:ERS451415_00475	ko:K03710
axx:ERS451415_00476	ko:K00641
axx:ERS451415_00478	ko:K08218
axx:ERS451415_00482	ko:K07160
axx:ERS451415_00483	ko:K06350
axx:ERS451415_00484	ko:K06351
axx:ERS451415_00485	ko:K06991
axx:ERS451415_00488	ko:K00058
axx:ERS451415_00490	ko:K07233
axx:ERS451415_00493	ko:K07644
axx:ERS451415_00494	ko:K07665
axx:ERS451415_00495	ko:K07636
axx:ERS451415_00496	ko:K07657
axx:ERS451415_00497	ko:K03183
axx:ERS451415_00499	ko:K03690
axx:ERS451415_00500	ko:K03688
axx:ERS451415_00502	ko:K21345
axx:ERS451415_00503	ko:K12340
axx:ERS451415_00504	ko:K00573
axx:ERS451415_00505	ko:K00941
axx:ERS451415_00506	ko:K03149
axx:ERS451415_00507	ko:K02016
axx:ERS451415_00508	ko:K02014
axx:ERS451415_00509	ko:K00548
axx:ERS451415_00510	ko:K13637
axx:ERS451415_00511	ko:K02030
axx:ERS451415_00512	ko:K02030
axx:ERS451415_00513	ko:K00098
axx:ERS451415_00514	ko:K02029
axx:ERS451415_00515	ko:K02029
axx:ERS451415_00516	ko:K02028
axx:ERS451415_00517	ko:K08323
axx:ERS451415_00518	ko:K00040
axx:ERS451415_00519	ko:K21801
axx:ERS451415_00521	ko:K03575
axx:ERS451415_00522	ko:K04090
axx:ERS451415_00525	ko:K03411
axx:ERS451415_00526	ko:K09811
axx:ERS451415_00527	ko:K09812
axx:ERS451415_00528	ko:K09969
axx:ERS451415_00529	ko:K09970
axx:ERS451415_00530	ko:K09971
axx:ERS451415_00531	ko:K09972
axx:ERS451415_00535	ko:K01996
axx:ERS451415_00536	ko:K01995
axx:ERS451415_00537	ko:K01998
axx:ERS451415_00538	ko:K01997
axx:ERS451415_00539	ko:K01999
axx:ERS451415_00540	ko:K22270
axx:ERS451415_00543	ko:K04782
axx:ERS451415_00544	ko:K01800
axx:ERS451415_00545	ko:K16165
axx:ERS451415_00546	ko:K00450
axx:ERS451415_00549	ko:K00864
axx:ERS451415_00552	ko:K05896
axx:ERS451415_00553	ko:K01918
axx:ERS451415_00556	ko:K02654
axx:ERS451415_00557	ko:K00859
axx:ERS451415_00558	ko:K18778
axx:ERS451415_00559	ko:K07799
axx:ERS451415_00560	ko:K07788
axx:ERS451415_00561	ko:K07789
axx:ERS451415_00562	ko:K18139
axx:ERS451415_00564	ko:K00285
axx:ERS451415_00565	ko:K06015
axx:ERS451415_00568	ko:K02026
axx:ERS451415_00569	ko:K02025
axx:ERS451415_00570	ko:K10112
axx:ERS451415_00571	ko:K02027
axx:ERS451415_00572	ko:K03574
axx:ERS451415_00573	ko:K06923
axx:ERS451415_00574	ko:K00620
axx:ERS451415_00577	ko:K01999
axx:ERS451415_00578	ko:K01997
axx:ERS451415_00579	ko:K01998
axx:ERS451415_00580	ko:K01995
axx:ERS451415_00581	ko:K01996
axx:ERS451415_00585	ko:K21020
axx:ERS451415_00587	ko:K09461
axx:ERS451415_00591	ko:K08295
axx:ERS451415_00592	ko:K01075
axx:ERS451415_00595	ko:K01999
axx:ERS451415_00601	ko:K09749
axx:ERS451415_00603	ko:K01845
axx:ERS451415_00604	ko:K00788
axx:ERS451415_00605	ko:K00941
axx:ERS451415_00607	ko:K07735
axx:ERS451415_00608	ko:K07447
axx:ERS451415_00609	ko:K00609
axx:ERS451415_00610	ko:K01465
axx:ERS451415_00611	ko:K00655
axx:ERS451415_00614	ko:K00812
axx:ERS451415_00615	ko:K02030
axx:ERS451415_00616	ko:K02029
axx:ERS451415_00617	ko:K02029
axx:ERS451415_00618	ko:K02028
axx:ERS451415_00619	ko:K01525
axx:ERS451415_00620	ko:K11720
axx:ERS451415_00621	ko:K03814
axx:ERS451415_00622	ko:K00014
axx:ERS451415_00623	ko:K03832
axx:ERS451415_00624	ko:K02010
axx:ERS451415_00625	ko:K02011
axx:ERS451415_00626	ko:K02012
axx:ERS451415_00627	ko:K07649
axx:ERS451415_00628	ko:K07774
axx:ERS451415_00629	ko:K01147
axx:ERS451415_00630	ko:K07000
axx:ERS451415_00631	ko:K02558
axx:ERS451415_00633	ko:K03786
axx:ERS451415_00634	ko:K02160
axx:ERS451415_00635	ko:K01961
axx:ERS451415_00636	ko:K02687
axx:ERS451415_00638	ko:K00856
axx:ERS451415_00639	ko:K06077
axx:ERS451415_00640	ko:K14188
axx:ERS451415_00641	ko:K03740
axx:ERS451415_00643	ko:K03739
axx:ERS451415_00644	ko:K03367
axx:ERS451415_00645	ko:K02221
axx:ERS451415_00647	ko:K00526
axx:ERS451415_00648	ko:K00525
axx:ERS451415_00649	ko:K04090
axx:ERS451415_00650	ko:K03719
axx:ERS451415_00656	ko:K01885
axx:ERS451415_00657	ko:K09181
axx:ERS451415_00658	ko:K09020
axx:ERS451415_00659	ko:K02050
axx:ERS451415_00660	ko:K02049
axx:ERS451415_00661	ko:K02051
axx:ERS451415_00662	ko:K06999
axx:ERS451415_00663	ko:K09889
axx:ERS451415_00664	ko:K03592
axx:ERS451415_00666	ko:K01999
axx:ERS451415_00667	ko:K01997
axx:ERS451415_00669	ko:K01998
axx:ERS451415_00670	ko:K01995
axx:ERS451415_00671	ko:K01996
axx:ERS451415_00672	ko:K02871
axx:ERS451415_00673	ko:K02996
axx:ERS451415_00674	ko:K00145
axx:ERS451415_00676	ko:K15724
axx:ERS451415_00677	ko:K09001
axx:ERS451415_00679	ko:K01866
axx:ERS451415_00681	ko:K05834
axx:ERS451415_00682	ko:K00600
axx:ERS451415_00683	ko:K07738
axx:ERS451415_00686	ko:K11752
axx:ERS451415_00689	ko:K07180
axx:ERS451415_00690	ko:K09786
axx:ERS451415_00691	ko:K06415
axx:ERS451415_00692	ko:K14233
axx:ERS451415_00704	ko:K01775
axx:ERS451415_00705	ko:K04757
axx:ERS451415_00706	ko:K06378
axx:ERS451415_00709	ko:K00767
axx:ERS451415_00713	ko:K00208
axx:ERS451415_00714	ko:K08307
axx:ERS451415_00715	ko:K01069
axx:ERS451415_00717	ko:K03469
axx:ERS451415_00718	ko:K03585
axx:ERS451415_00719	ko:K18138
axx:ERS451415_00720	ko:K02342
axx:ERS451415_00721	ko:K14237
axx:ERS451415_00723	ko:K09768
axx:ERS451415_00726	ko:K03312
axx:ERS451415_00728	ko:K20534
axx:ERS451415_00735	ko:K01998
axx:ERS451415_00736	ko:K01997
axx:ERS451415_00737	ko:K01999
axx:ERS451415_00738	ko:K01996
axx:ERS451415_00739	ko:K01995
axx:ERS451415_00740	ko:K21062
axx:ERS451415_00741	ko:K06889
axx:ERS451415_00743	ko:K06518
axx:ERS451415_00750	ko:K02355
axx:ERS451415_00752	ko:K03719
axx:ERS451415_00755	ko:K02013
axx:ERS451415_00756	ko:K02015
axx:ERS451415_00758	ko:K03640
axx:ERS451415_00759	ko:K03641
axx:ERS451415_00760	ko:K03646
axx:ERS451415_00761	ko:K03560
axx:ERS451415_00762	ko:K03562
axx:ERS451415_00763	ko:K07107
axx:ERS451415_00764	ko:K01881
axx:ERS451415_00765	ko:K08311
axx:ERS451415_00766	ko:K07774
axx:ERS451415_00767	ko:K07649
axx:ERS451415_00768	ko:K07794
axx:ERS451415_00769	ko:K07793
axx:ERS451415_00770	ko:K12972
axx:ERS451415_00772	ko:K01118
axx:ERS451415_00774	ko:K00681
axx:ERS451415_00775	ko:K07793
axx:ERS451415_00776	ko:K07794
axx:ERS451415_00778	ko:K09888
axx:ERS451415_00781	ko:K13292
axx:ERS451415_00782	ko:K01687
axx:ERS451415_00783	ko:K08738
axx:ERS451415_00784	ko:K07304
axx:ERS451415_00785	ko:K00457
axx:ERS451415_00786	ko:K03719
axx:ERS451415_00787	ko:K14227
axx:ERS451415_00788	ko:K14218
axx:ERS451415_00791	ko:K03566
axx:ERS451415_00794	ko:K01465
axx:ERS451415_00795	ko:K15738
axx:ERS451415_00797	ko:K03925
axx:ERS451415_00798	ko:K03438
axx:ERS451415_00799	ko:K03586
axx:ERS451415_00800	ko:K03587
axx:ERS451415_00801	ko:K15792
axx:ERS451415_00802	ko:K01000
axx:ERS451415_00803	ko:K01925
axx:ERS451415_00804	ko:K03588
axx:ERS451415_00805	ko:K02563
axx:ERS451415_00806	ko:K01924
axx:ERS451415_00807	ko:K01921
axx:ERS451415_00808	ko:K03589
axx:ERS451415_00809	ko:K03590
axx:ERS451415_00810	ko:K03531
axx:ERS451415_00811	ko:K02535
axx:ERS451415_00814	ko:K03070
axx:ERS451415_00818	ko:K01652
axx:ERS451415_00820	ko:K00059
axx:ERS451415_00821	ko:K05800
axx:ERS451415_00822	ko:K07232
axx:ERS451415_00823	ko:K12973
axx:ERS451415_00824	ko:K06213
axx:ERS451415_00825	ko:K10806
axx:ERS451415_00829	ko:K01897
axx:ERS451415_00830	ko:K01092
axx:ERS451415_00831	ko:K15461
axx:ERS451415_00832	ko:K01811
axx:ERS451415_00833	ko:K02071
axx:ERS451415_00834	ko:K02072
axx:ERS451415_00835	ko:K02073
axx:ERS451415_00837	ko:K14229
axx:ERS451415_00838	ko:K23514
axx:ERS451415_00839	ko:K07165
axx:ERS451415_00840	ko:K16088
axx:ERS451415_00843	ko:K05874
axx:ERS451415_00846	ko:K03711
axx:ERS451415_00849	ko:K03928
axx:ERS451415_00850	ko:K06940
axx:ERS451415_00851	ko:K01246
axx:ERS451415_00853	ko:K07290
axx:ERS451415_00856	ko:K00059
axx:ERS451415_00857	ko:K14229
axx:ERS451415_00859	ko:K01118
axx:ERS451415_00862	ko:K01724
axx:ERS451415_00865	ko:K05712
axx:ERS451415_00867	ko:K00992
axx:ERS451415_00868	ko:K07102
axx:ERS451415_00869	ko:K04744
axx:ERS451415_00870	ko:K03771
axx:ERS451415_00871	ko:K02528
axx:ERS451415_00872	ko:K00865
axx:ERS451415_00873	ko:K00873
axx:ERS451415_00875	ko:K06445
axx:ERS451415_00876	ko:K01462
axx:ERS451415_00877	ko:K01759
axx:ERS451415_00878	ko:K03430
axx:ERS451415_00880	ko:K00655
axx:ERS451415_00881	ko:K03273
axx:ERS451415_00882	ko:K01879
axx:ERS451415_00883	ko:K01878
axx:ERS451415_00885	ko:K01676
axx:ERS451415_00886	ko:K03406
axx:ERS451415_00893	ko:K00459
axx:ERS451415_00895	ko:K01897
axx:ERS451415_00898	ko:K04118
axx:ERS451415_00900	ko:K15866
axx:ERS451415_00902	ko:K18291
axx:ERS451415_00903	ko:K18289
axx:ERS451415_00904	ko:K18292
axx:ERS451415_00905	ko:K18478
axx:ERS451415_00906	ko:K00950
axx:ERS451415_00907	ko:K00970
axx:ERS451415_00908	ko:K28842
axx:ERS451415_00909	ko:K10763
axx:ERS451415_00910	ko:K01933
axx:ERS451415_00912	ko:K00791
axx:ERS451415_00913	ko:K03572
axx:ERS451415_00914	ko:K03975
axx:ERS451415_00915	ko:K16087
axx:ERS451415_00916	ko:K01448
axx:ERS451415_00917	ko:K01679
axx:ERS451415_00918	ko:K13936
axx:ERS451415_00921	ko:K00681
axx:ERS451415_00929	ko:K15054
axx:ERS451415_00934	ko:K01433
axx:ERS451415_00937	ko:K00275
axx:ERS451415_00938	ko:K07232
axx:ERS451415_00940	ko:K13888
axx:ERS451415_00941	ko:K05685
axx:ERS451415_00942	ko:K18139
axx:ERS451415_00950	ko:K02003
axx:ERS451415_00951	ko:K02004
axx:ERS451415_00952	ko:K12340
axx:ERS451415_00953	ko:K02005
axx:ERS451415_00954	ko:K22132
axx:ERS451415_00955	ko:K14578
axx:ERS451415_00956	ko:K18243
axx:ERS451415_00957	ko:K18242
axx:ERS451415_00959	ko:K02619
axx:ERS451415_00960	ko:K01665
axx:ERS451415_00961	ko:K03701
axx:ERS451415_00962	ko:K13641
axx:ERS451415_00963	ko:K01625
axx:ERS451415_00964	ko:K00874
axx:ERS451415_00968	ko:K01996
axx:ERS451415_00969	ko:K01995
axx:ERS451415_00969	ko:K01998
axx:ERS451415_00970	ko:K01997
axx:ERS451415_00971	ko:K01999
axx:ERS451415_00973	ko:K01475
axx:ERS451415_00980	ko:K00180
axx:ERS451415_00981	ko:K00179
axx:ERS451415_00983	ko:K02035
axx:ERS451415_00984	ko:K02033
axx:ERS451415_00985	ko:K02034
axx:ERS451415_00986	ko:K02031
axx:ERS451415_00987	ko:K02032
axx:ERS451415_00991	ko:K00662
axx:ERS451415_00992	ko:K06020
axx:ERS451415_00995	ko:K04062
axx:ERS451415_00996	ko:K03608
axx:ERS451415_00997	ko:K03609
axx:ERS451415_00998	ko:K03610
axx:ERS451415_00999	ko:K01886
axx:ERS451415_01000	ko:K00425
axx:ERS451415_01001	ko:K00426
axx:ERS451415_01002	ko:K03654
axx:ERS451415_01004	ko:K07659
axx:ERS451415_01005	ko:K07638
axx:ERS451415_01006	ko:K03551
axx:ERS451415_01007	ko:K22589
axx:ERS451415_01009	ko:K03550
axx:ERS451415_01010	ko:K01159
axx:ERS451415_01011	ko:K00602
axx:ERS451415_01012	ko:K03557
axx:ERS451415_01013	ko:K05540
axx:ERS451415_01014	ko:K03185
axx:ERS451415_01016	ko:K01262
axx:ERS451415_01017	ko:K07301
axx:ERS451415_01019	ko:K01531
axx:ERS451415_01021	ko:K02351
axx:ERS451415_01022	ko:K00963
axx:ERS451415_01023	ko:K01423
axx:ERS451415_01024	ko:K07019
axx:ERS451415_01027	ko:K00826
axx:ERS451415_01028	ko:K26605
axx:ERS451415_01029	ko:K26606
axx:ERS451415_01031	ko:K05373
axx:ERS451415_01032	ko:K15721
axx:ERS451415_01034	ko:K11927
axx:ERS451415_01039	ko:K07795
axx:ERS451415_01041	ko:K00254
axx:ERS451415_01042	ko:K21420
axx:ERS451415_01043	ko:K00684
axx:ERS451415_01046	ko:K15977
axx:ERS451415_01050	ko:K14222
axx:ERS451415_01054	ko:K07733
axx:ERS451415_01055	ko:K12055
axx:ERS451415_01062	ko:K03111
axx:ERS451415_01063	ko:K03169
axx:ERS451415_01066	ko:K01534
axx:ERS451415_01067	ko:K03101
axx:ERS451415_01077	ko:K08365
axx:ERS451415_01078	ko:K08363
axx:ERS451415_01079	ko:K08364
axx:ERS451415_01080	ko:K00520
axx:ERS451415_01092	ko:K00986
axx:ERS451415_01099	ko:K00986
axx:ERS451415_01109	ko:K12071
axx:ERS451415_01119	ko:K22399
axx:ERS451415_01133	ko:K03530
axx:ERS451415_01143	ko:K07006
axx:ERS451415_01144	ko:K01265
axx:ERS451415_01147	ko:K03449
axx:ERS451415_01150	ko:K02014
axx:ERS451415_01153	ko:K01992
axx:ERS451415_01154	ko:K01992
axx:ERS451415_01155	ko:K01990
axx:ERS451415_01156	ko:K02014
axx:ERS451415_01157	ko:K01586
axx:ERS451415_01159	ko:K26939
axx:ERS451415_01160	ko:K00817
axx:ERS451415_01161	ko:K01697
axx:ERS451415_01162	ko:K02014
axx:ERS451415_01170	ko:K19155
axx:ERS451415_01171	ko:K19156
axx:ERS451415_01172	ko:K12070
axx:ERS451415_01174	ko:K22042
axx:ERS451415_01178	ko:K08151
axx:ERS451415_01179	ko:K15721
axx:ERS451415_01180	ko:K14699
axx:ERS451415_01181	ko:K14698
axx:ERS451415_01182	ko:K05373
axx:ERS451415_01183	ko:K12243
axx:ERS451415_01185	ko:K16152
axx:ERS451415_01187	ko:K12536
axx:ERS451415_01190	ko:K12537
axx:ERS451415_01191	ko:K12538
axx:ERS451415_01192	ko:K04784
axx:ERS451415_01193	ko:K04786
axx:ERS451415_01194	ko:K04785
axx:ERS451415_01195	ko:K05374
axx:ERS451415_01196	ko:K04783
axx:ERS451415_01197	ko:K02362
axx:ERS451415_01200	ko:K14225
axx:ERS451415_01201	ko:K00075
axx:ERS451415_01202	ko:K00215
axx:ERS451415_01203	ko:K06186
axx:ERS451415_01204	ko:K03711
axx:ERS451415_01205	ko:K03631
axx:ERS451415_01206	ko:K00858
axx:ERS451415_01207	ko:K03705
axx:ERS451415_01208	ko:K01772
axx:ERS451415_01210	ko:K03687
axx:ERS451415_01212	ko:K04043
axx:ERS451415_01213	ko:K03686
axx:ERS451415_01215	ko:K07263
axx:ERS451415_01218	ko:K24217
axx:ERS451415_01219	ko:K09989
axx:ERS451415_01224	ko:K00031
axx:ERS451415_01227	ko:K03406
axx:ERS451415_01228	ko:K01714
axx:ERS451415_01231	ko:K07667
axx:ERS451415_01232	ko:K07646
axx:ERS451415_01233	ko:K01548
axx:ERS451415_01234	ko:K01547
axx:ERS451415_01235	ko:K01546
axx:ERS451415_01238	ko:K14393
axx:ERS451415_01239	ko:K03297
axx:ERS451415_01241	ko:K00384
axx:ERS451415_01242	ko:K03466
axx:ERS451415_01243	ko:K03634
axx:ERS451415_01245	ko:K06015
axx:ERS451415_01247	ko:K02032
axx:ERS451415_01248	ko:K02031
axx:ERS451415_01249	ko:K02034
axx:ERS451415_01250	ko:K02033
axx:ERS451415_01251	ko:K02035
axx:ERS451415_01253	ko:K11206
axx:ERS451415_01254	ko:K07478
axx:ERS451415_01255	ko:K01875
axx:ERS451415_01263	ko:K01714
axx:ERS451415_01265	ko:K02014
axx:ERS451415_01266	ko:K25282
axx:ERS451415_01267	ko:K25285
axx:ERS451415_01268	ko:K25283
axx:ERS451415_01269	ko:K25284
axx:ERS451415_01270	ko:K14699
axx:ERS451415_01271	ko:K14698
axx:ERS451415_01273	ko:K14233
axx:ERS451415_01274	ko:K11745
axx:ERS451415_01275	ko:K00019
axx:ERS451415_01276	ko:K09861
axx:ERS451415_01278	ko:K01652
axx:ERS451415_01279	ko:K01653
axx:ERS451415_01280	ko:K00053
axx:ERS451415_01281	ko:K17103
axx:ERS451415_01283	ko:K02956
axx:ERS451415_01284	ko:K00962
axx:ERS451415_01286	ko:K01754
axx:ERS451415_01288	ko:K01501
axx:ERS451415_01293	ko:K14233
axx:ERS451415_01295	ko:K01803
axx:ERS451415_01296	ko:K03075
axx:ERS451415_01298	ko:K14228
axx:ERS451415_01302	ko:K07093
axx:ERS451415_01304	ko:K03406
axx:ERS451415_01305	ko:K07078
axx:ERS451415_01308	ko:K10938
axx:ERS451415_01311	ko:K06886
axx:ERS451415_01312	ko:K21563
axx:ERS451415_01313	ko:K02051
axx:ERS451415_01314	ko:K02050
axx:ERS451415_01315	ko:K02049
axx:ERS451415_01316	ko:K02014
axx:ERS451415_01317	ko:K09943
axx:ERS451415_01318	ko:K23514
axx:ERS451415_01319	ko:K07165
axx:ERS451415_01320	ko:K16088
axx:ERS451415_01322	ko:K02012
axx:ERS451415_01323	ko:K07649
axx:ERS451415_01324	ko:K07774
axx:ERS451415_01325	ko:K03300
axx:ERS451415_01326	ko:K00023
axx:ERS451415_01328	ko:K01525
axx:ERS451415_01330	ko:K00963
axx:ERS451415_01334	ko:K12266
axx:ERS451415_01335	ko:K07322
axx:ERS451415_01336	ko:K09984
axx:ERS451415_01337	ko:K09781
axx:ERS451415_01338	ko:K16091
axx:ERS451415_01341	ko:K02033
axx:ERS451415_01342	ko:K02034
axx:ERS451415_01343	ko:K02031
axx:ERS451415_01343	ko:K02032
axx:ERS451415_01345	ko:K02035
axx:ERS451415_01346	ko:K02035
axx:ERS451415_01349	ko:K18303
axx:ERS451415_01350	ko:K18302
axx:ERS451415_01352	ko:K02168
axx:ERS451415_01353	ko:K18306
axx:ERS451415_01354	ko:K18307
axx:ERS451415_01355	ko:K18308
axx:ERS451415_01357	ko:K18139
axx:ERS451415_01358	ko:K18095
axx:ERS451415_01359	ko:K18094
axx:ERS451415_01360	ko:K18129
axx:ERS451415_01362	ko:K02035
axx:ERS451415_01363	ko:K00681
axx:ERS451415_01370	ko:K03285
axx:ERS451415_01371	ko:K00330
axx:ERS451415_01372	ko:K00331
axx:ERS451415_01373	ko:K00332
axx:ERS451415_01374	ko:K00333
axx:ERS451415_01375	ko:K00334
axx:ERS451415_01376	ko:K00335
axx:ERS451415_01377	ko:K00336
axx:ERS451415_01378	ko:K00337
axx:ERS451415_01379	ko:K00338
axx:ERS451415_01380	ko:K00339
axx:ERS451415_01381	ko:K00340
axx:ERS451415_01382	ko:K00341
axx:ERS451415_01383	ko:K00342
axx:ERS451415_01384	ko:K00343
axx:ERS451415_01386	ko:K16090
axx:ERS451415_01387	ko:K16090
axx:ERS451415_01388	ko:K01079
axx:ERS451415_01389	ko:K03723
axx:ERS451415_01390	ko:K00991
axx:ERS451415_01391	ko:K01770
axx:ERS451415_01393	ko:K04756
axx:ERS451415_01394	ko:K24126
axx:ERS451415_01395	ko:K07638
axx:ERS451415_01396	ko:K07659
axx:ERS451415_01397	ko:K14742
axx:ERS451415_01398	ko:K21929
axx:ERS451415_01399	ko:K08227
axx:ERS451415_01400	ko:K03529
axx:ERS451415_01402	ko:K01972
axx:ERS451415_01403	ko:K03769
axx:ERS451415_01404	ko:K05527
axx:ERS451415_01405	ko:K06190
axx:ERS451415_01406	ko:K07305
axx:ERS451415_01407	ko:K16784
axx:ERS451415_01408	ko:K16783
axx:ERS451415_01409	ko:K03523
axx:ERS451415_01410	ko:K01999
axx:ERS451415_01411	ko:K01997
axx:ERS451415_01412	ko:K01995
axx:ERS451415_01412	ko:K01998
axx:ERS451415_01413	ko:K01996
axx:ERS451415_01415	ko:K01114
axx:ERS451415_01416	ko:K00826
axx:ERS451415_01417	ko:K02002
axx:ERS451415_01418	ko:K01998
axx:ERS451415_01419	ko:K01997
axx:ERS451415_01420	ko:K01999
axx:ERS451415_01421	ko:K01996
axx:ERS451415_01422	ko:K01995
axx:ERS451415_01423	ko:K10773
axx:ERS451415_01424	ko:K03616
axx:ERS451415_01425	ko:K05973
axx:ERS451415_01426	ko:K00528
axx:ERS451415_01427	ko:K05524
axx:ERS451415_01428	ko:K00763
axx:ERS451415_01431	ko:K09933
axx:ERS451415_01432	ko:K00951
axx:ERS451415_01434	ko:K01438
axx:ERS451415_01435	ko:K01696
axx:ERS451415_01436	ko:K01695
axx:ERS451415_01437	ko:K01963
axx:ERS451415_01438	ko:K12976
axx:ERS451415_01439	ko:K08300
axx:ERS451415_01440	ko:K06179
axx:ERS451415_01441	ko:K01091
axx:ERS451415_01442	ko:K07147
axx:ERS451415_01443	ko:K17247
axx:ERS451415_01444	ko:K11066
axx:ERS451415_01445	ko:K07056
axx:ERS451415_01446	ko:K25422
axx:ERS451415_01447	ko:K07040
axx:ERS451415_01448	ko:K02911
axx:ERS451415_01449	ko:K03621
axx:ERS451415_01450	ko:K00648
axx:ERS451415_01451	ko:K00645
axx:ERS451415_01452	ko:K00059
axx:ERS451415_01453	ko:K02078
axx:ERS451415_01454	ko:K09458
axx:ERS451415_01456	ko:K03088
axx:ERS451415_01457	ko:K03597
axx:ERS451415_01458	ko:K03598
axx:ERS451415_01459	ko:K04771
axx:ERS451415_01460	ko:K03596
axx:ERS451415_01461	ko:K03100
axx:ERS451415_01462	ko:K03685
axx:ERS451415_01463	ko:K03595
axx:ERS451415_01464	ko:K03584
axx:ERS451415_01466	ko:K01733
axx:ERS451415_01467	ko:K06987
axx:ERS451415_01469	ko:K03301
axx:ERS451415_01471	ko:K19416
axx:ERS451415_01473	ko:K02339
axx:ERS451415_01474	ko:K01255
axx:ERS451415_01475	ko:K07091
axx:ERS451415_01477	ko:K01999
axx:ERS451415_01478	ko:K00140
axx:ERS451415_01479	ko:K13634
axx:ERS451415_01482	ko:K01908
axx:ERS451415_01483	ko:K11477
axx:ERS451415_01484	ko:K06902
axx:ERS451415_01485	ko:K01895
axx:ERS451415_01487	ko:K01620
axx:ERS451415_01488	ko:K00822
axx:ERS451415_01493	ko:K00311
axx:ERS451415_01494	ko:K07107
axx:ERS451415_01495	ko:K01028
axx:ERS451415_01496	ko:K01029
axx:ERS451415_01497	ko:K02348
axx:ERS451415_01499	ko:K13051
axx:ERS451415_01500	ko:K13892
axx:ERS451415_01501	ko:K13889
axx:ERS451415_01502	ko:K13890
axx:ERS451415_01503	ko:K13891
axx:ERS451415_01505	ko:K16203
axx:ERS451415_01506	ko:K01262
axx:ERS451415_01508	ko:K01937
axx:ERS451415_01510	ko:K01689
axx:ERS451415_01511	ko:K05589
axx:ERS451415_01513	ko:K04083
axx:ERS451415_01515	ko:K01895
axx:ERS451415_01521	ko:K25137
axx:ERS451415_01522	ko:K08973
axx:ERS451415_01523	ko:K01720
axx:ERS451415_01524	ko:K01659
axx:ERS451415_01525	ko:K03417
axx:ERS451415_01526	ko:K00024
axx:ERS451415_01527	ko:K03710
axx:ERS451415_01528	ko:K00241
axx:ERS451415_01529	ko:K00242
axx:ERS451415_01530	ko:K00239
axx:ERS451415_01531	ko:K00240
axx:ERS451415_01532	ko:K09159
axx:ERS451415_01533	ko:K01647
axx:ERS451415_01535	ko:K08983
axx:ERS451415_01536	ko:K00029
axx:ERS451415_01537	ko:K00163
axx:ERS451415_01538	ko:K28868
axx:ERS451415_01539	ko:K01439
axx:ERS451415_01540	ko:K06016
axx:ERS451415_01541	ko:K16842
axx:ERS451415_01542	ko:K01505
axx:ERS451415_01544	ko:K00164
axx:ERS451415_01545	ko:K00658
axx:ERS451415_01546	ko:K00382
axx:ERS451415_01547	ko:K06916
axx:ERS451415_01549	ko:K07165
axx:ERS451415_01550	ko:K02014
axx:ERS451415_01555	ko:K01867
axx:ERS451415_01557	ko:K06959
axx:ERS451415_01558	ko:K03722
axx:ERS451415_01559	ko:K05807
axx:ERS451415_01560	ko:K06180
axx:ERS451415_01561	ko:K05810
axx:ERS451415_01562	ko:K03821
axx:ERS451415_01563	ko:K00023
axx:ERS451415_01565	ko:K07230
axx:ERS451415_01567	ko:K07243
axx:ERS451415_01570	ko:K15125
axx:ERS451415_01577	ko:K03802
axx:ERS451415_01578	ko:K03802
axx:ERS451415_01579	ko:K06147
axx:ERS451415_01581	ko:K09919
axx:ERS451415_01587	ko:K00255
axx:ERS451415_01588	ko:K19296
axx:ERS451415_01589	ko:K03367
axx:ERS451415_01590	ko:K14188
axx:ERS451415_01591	ko:K19294
axx:ERS451415_01592	ko:K19295
axx:ERS451415_01593	ko:K19295
axx:ERS451415_01595	ko:K11740
axx:ERS451415_01597	ko:K01791
axx:ERS451415_01598	ko:K16264
axx:ERS451415_01599	ko:K15035
axx:ERS451415_01601	ko:K22292
axx:ERS451415_01602	ko:K00568
axx:ERS451415_01603	ko:K03286
axx:ERS451415_01604	ko:K02469
axx:ERS451415_01605	ko:K00831
axx:ERS451415_01606	ko:K14170
axx:ERS451415_01607	ko:K00817
axx:ERS451415_01608	ko:K04517
axx:ERS451415_01609	ko:K00800
axx:ERS451415_01610	ko:K00945
axx:ERS451415_01611	ko:K02945
axx:ERS451415_01612	ko:K05788
axx:ERS451415_01613	ko:K08992
axx:ERS451415_01614	ko:K19804
axx:ERS451415_01615	ko:K21344
axx:ERS451415_01616	ko:K03274
axx:ERS451415_01617	ko:K02237
axx:ERS451415_01618	ko:K12339
axx:ERS451415_01620	ko:K13641
axx:ERS451415_01622	ko:K08305
axx:ERS451415_01624	ko:K03521
axx:ERS451415_01625	ko:K03522
axx:ERS451415_01626	ko:K07085
axx:ERS451415_01627	ko:K09758
axx:ERS451415_01628	ko:K07085
axx:ERS451415_01629	ko:K20035
axx:ERS451415_01630	ko:K24158
axx:ERS451415_01631	ko:K23163
axx:ERS451415_01632	ko:K02046
axx:ERS451415_01633	ko:K02047
axx:ERS451415_01634	ko:K02045
axx:ERS451415_01635	ko:K00390
axx:ERS451415_01636	ko:K00957
axx:ERS451415_01637	ko:K00956
axx:ERS451415_01641	ko:K02884
axx:ERS451415_01643	ko:K06949
axx:ERS451415_01644	ko:K06013
axx:ERS451415_01645	ko:K13288
axx:ERS451415_01646	ko:K17759
axx:ERS451415_01647	ko:K02616
axx:ERS451415_01648	ko:K02609
axx:ERS451415_01649	ko:K02610
axx:ERS451415_01650	ko:K02611
axx:ERS451415_01651	ko:K02612
axx:ERS451415_01652	ko:K02613
axx:ERS451415_01654	ko:K15866
axx:ERS451415_01655	ko:K02614
axx:ERS451415_01656	ko:K01912
axx:ERS451415_01657	ko:K26939
axx:ERS451415_01659	ko:K02909
axx:ERS451415_01660	ko:K00453
axx:ERS451415_01661	ko:K07130
axx:ERS451415_01662	ko:K03630
axx:ERS451415_01663	ko:K03774
axx:ERS451415_01664	ko:K03527
axx:ERS451415_01665	ko:K01800
axx:ERS451415_01666	ko:K04771
axx:ERS451415_01667	ko:K02484
axx:ERS451415_01668	ko:K02483
axx:ERS451415_01669	ko:K14234
axx:ERS451415_01670	ko:K14220
axx:ERS451415_01675	ko:K14230
axx:ERS451415_01676	ko:K06024
axx:ERS451415_01677	ko:K06178
axx:ERS451415_01678	ko:K09748
axx:ERS451415_01679	ko:K02600
axx:ERS451415_01680	ko:K02519
axx:ERS451415_01681	ko:K02834
axx:ERS451415_01682	ko:K03177
axx:ERS451415_01683	ko:K06207
axx:ERS451415_01684	ko:K01821
axx:ERS451415_01688	ko:K12941
axx:ERS451415_01690	ko:K02335
axx:ERS451415_01691	ko:K16267
axx:ERS451415_01692	ko:K01061
axx:ERS451415_01693	ko:K03324
axx:ERS451415_01694	ko:K01752
axx:ERS451415_01695	ko:K03799
axx:ERS451415_01697	ko:K01011
axx:ERS451415_01700	ko:K02010
axx:ERS451415_01701	ko:K02011
axx:ERS451415_01702	ko:K05306
axx:ERS451415_01703	ko:K02012
axx:ERS451415_01704	ko:K27877
axx:ERS451415_01709	ko:K03602
axx:ERS451415_01710	ko:K00795
axx:ERS451415_01711	ko:K01662
axx:ERS451415_01712	ko:K09007
axx:ERS451415_01714	ko:K02990
axx:ERS451415_01715	ko:K02686
axx:ERS451415_01716	ko:K02963
axx:ERS451415_01717	ko:K02939
axx:ERS451415_01719	ko:K02314
axx:ERS451415_01720	ko:K14347
axx:ERS451415_01721	ko:K00097
axx:ERS451415_01730	ko:K14230
axx:ERS451415_01735	ko:K16348
axx:ERS451415_01738	ko:K00609
axx:ERS451415_01739	ko:K13069
axx:ERS451415_01740	ko:K03554
axx:ERS451415_01744	ko:K02483
axx:ERS451415_01745	ko:K03553
axx:ERS451415_01746	ko:K03565
axx:ERS451415_01747	ko:K03576
axx:ERS451415_01748	ko:K00549
axx:ERS451415_01751	ko:K01903
axx:ERS451415_01752	ko:K01902
axx:ERS451415_01756	ko:K01749
axx:ERS451415_01757	ko:K01719
axx:ERS451415_01758	ko:K02496
axx:ERS451415_01759	ko:K02498
axx:ERS451415_01760	ko:K01507
axx:ERS451415_01763	ko:K01999
axx:ERS451415_01765	ko:K00046
axx:ERS451415_01766	ko:K01995
axx:ERS451415_01767	ko:K01996
axx:ERS451415_01768	ko:K01997
axx:ERS451415_01768	ko:K01998
axx:ERS451415_01770	ko:K16165
axx:ERS451415_01771	ko:K16348
axx:ERS451415_01772	ko:K07175
axx:ERS451415_01773	ko:K03564
axx:ERS451415_01775	ko:K14261
axx:ERS451415_01776	ko:K00003
axx:ERS451415_01777	ko:K01733
axx:ERS451415_01779	ko:K03841
axx:ERS451415_01780	ko:K01256
axx:ERS451415_01782	ko:K03746
axx:ERS451415_01783	ko:K03568
axx:ERS451415_01784	ko:K01626
axx:ERS451415_01785	ko:K00102
axx:ERS451415_01786	ko:K00104
axx:ERS451415_01787	ko:K11472
axx:ERS451415_01788	ko:K11473
axx:ERS451415_01789	ko:K00325
axx:ERS451415_01790	ko:K00324
axx:ERS451415_01791	ko:K00324
axx:ERS451415_01794	ko:K03566
axx:ERS451415_01795	ko:K00566
axx:ERS451415_01796	ko:K07090
axx:ERS451415_01798	ko:K01756
axx:ERS451415_01835	ko:K14230
axx:ERS451415_01837	ko:K18911
axx:ERS451415_01839	ko:K06131
axx:ERS451415_01841	ko:K07112
axx:ERS451415_01842	ko:K13936
axx:ERS451415_01845	ko:K14228
axx:ERS451415_01846	ko:K05812
axx:ERS451415_01847	ko:K14228
axx:ERS451415_01848	ko:K12573
axx:ERS451415_01849	ko:K03218
axx:ERS451415_01850	ko:K01740
axx:ERS451415_01851	ko:K07336
axx:ERS451415_01852	ko:K03530
axx:ERS451415_01853	ko:K14237
axx:ERS451415_01854	ko:K03832
axx:ERS451415_01855	ko:K03561
axx:ERS451415_01856	ko:K03559
axx:ERS451415_01857	ko:K02483
axx:ERS451415_01859	ko:K03549
axx:ERS451415_01860	ko:K01940
axx:ERS451415_01861	ko:K19338
axx:ERS451415_01862	ko:K10221
axx:ERS451415_01867	ko:K00611
axx:ERS451415_01868	ko:K00821
axx:ERS451415_01870	ko:K11690
axx:ERS451415_01871	ko:K11689
axx:ERS451415_01872	ko:K11688
axx:ERS451415_01873	ko:K02004
axx:ERS451415_01874	ko:K06886
axx:ERS451415_01875	ko:K11211
axx:ERS451415_01876	ko:K11073
axx:ERS451415_01877	ko:K11076
axx:ERS451415_01878	ko:K11075
axx:ERS451415_01879	ko:K11074
axx:ERS451415_01881	ko:K03652
axx:ERS451415_01883	ko:K09760
axx:ERS451415_01884	ko:K01426
axx:ERS451415_01885	ko:K09456
axx:ERS451415_01886	ko:K01807
axx:ERS451415_01887	ko:K02039
axx:ERS451415_01888	ko:K01114
axx:ERS451415_01890	ko:K14682
axx:ERS451415_01891	ko:K03578
axx:ERS451415_01892	ko:K02050
axx:ERS451415_01893	ko:K02049
axx:ERS451415_01894	ko:K12979
axx:ERS451415_01895	ko:K02337
axx:ERS451415_01902	ko:K06940
axx:ERS451415_01904	ko:K02843
axx:ERS451415_01905	ko:K11085
axx:ERS451415_01906	ko:K11747
axx:ERS451415_01910	ko:K08301
axx:ERS451415_01911	ko:K14227
axx:ERS451415_01912	ko:K14218
axx:ERS451415_01913	ko:K10126
axx:ERS451415_01914	ko:K10125
axx:ERS451415_01915	ko:K11103
axx:ERS451415_01916	ko:K06287
axx:ERS451415_01917	ko:K00783
axx:ERS451415_01918	ko:K09710
axx:ERS451415_01919	ko:K00969
axx:ERS451415_01920	ko:K00228
axx:ERS451415_01921	ko:K01945
axx:ERS451415_01923	ko:K06915
axx:ERS451415_01924	ko:K07246
axx:ERS451415_01926	ko:K03446
axx:ERS451415_01927	ko:K03543
axx:ERS451415_01928	ko:K18139
axx:ERS451415_01932	ko:K00344
axx:ERS451415_01933	ko:K00146
axx:ERS451415_01935	ko:K15229
axx:ERS451415_01938	ko:K15228
axx:ERS451415_01941	ko:K09765
axx:ERS451415_01942	ko:K00982
axx:ERS451415_01944	ko:K03628
axx:ERS451415_01945	ko:K03671
axx:ERS451415_01946	ko:K02622
axx:ERS451415_01948	ko:K02621
axx:ERS451415_01949	ko:K16138
axx:ERS451415_01950	ko:K07148
axx:ERS451415_01954	ko:K06718
axx:ERS451415_01955	ko:K00836
axx:ERS451415_01956	ko:K06720
axx:ERS451415_01957	ko:K10674
axx:ERS451415_01958	ko:K07140
axx:ERS451415_01959	ko:K11741
axx:ERS451415_01960	ko:K01579
axx:ERS451415_01961	ko:K00523
axx:ERS451415_01962	ko:K00285
axx:ERS451415_01963	ko:K02027
axx:ERS451415_01964	ko:K01872
axx:ERS451415_01965	ko:K04085
axx:ERS451415_01967	ko:K02959
axx:ERS451415_01968	ko:K02860
axx:ERS451415_01969	ko:K00554
axx:ERS451415_01971	ko:K02030
axx:ERS451415_01972	ko:K02029
axx:ERS451415_01973	ko:K02028
axx:ERS451415_01975	ko:K01873
axx:ERS451415_01976	ko:K00940
axx:ERS451415_01977	ko:K06941
axx:ERS451415_01978	ko:K15539
axx:ERS451415_01979	ko:K03526
axx:ERS451415_01980	ko:K01892
axx:ERS451415_01982	ko:K17713
axx:ERS451415_01983	ko:K03977
axx:ERS451415_01984	ko:K00817
axx:ERS451415_01985	ko:K03666
axx:ERS451415_01986	ko:K03665
axx:ERS451415_01987	ko:K04088
axx:ERS451415_01988	ko:K04087
axx:ERS451415_01989	ko:K02502
axx:ERS451415_01990	ko:K01939
axx:ERS451415_01991	ko:K07101
axx:ERS451415_01992	ko:K02970
axx:ERS451415_01993	ko:K02316
axx:ERS451415_01994	ko:K03086
axx:ERS451415_01995	ko:K14230
axx:ERS451415_01999	ko:K02651
axx:ERS451415_02002	ko:K02279
axx:ERS451415_02003	ko:K02280
axx:ERS451415_02004	ko:K02283
axx:ERS451415_02005	ko:K12510
axx:ERS451415_02006	ko:K12511
axx:ERS451415_02008	ko:K02204
axx:ERS451415_02009	ko:K05539
axx:ERS451415_02011	ko:K07058
axx:ERS451415_02013	ko:K08997
axx:ERS451415_02015	ko:K02484
axx:ERS451415_02018	ko:K01736
axx:ERS451415_02024	ko:K12542
axx:ERS451415_02025	ko:K12541
axx:ERS451415_02027	ko:K12543
axx:ERS451415_02028	ko:K01703
axx:ERS451415_02029	ko:K01704
axx:ERS451415_02030	ko:K00052
axx:ERS451415_02031	ko:K00133
axx:ERS451415_02032	ko:K08086
axx:ERS451415_02033	ko:K06173
axx:ERS451415_02034	ko:K11688
axx:ERS451415_02035	ko:K01817
axx:ERS451415_02036	ko:K14237
axx:ERS451415_02045	ko:K09790
axx:ERS451415_02046	ko:K22186
axx:ERS451415_02047	ko:K11688
axx:ERS451415_02048	ko:K11690
axx:ERS451415_02049	ko:K11689
axx:ERS451415_02050	ko:K06145
axx:ERS451415_02053	ko:K21700
axx:ERS451415_02054	ko:K02031
axx:ERS451415_02054	ko:K02032
axx:ERS451415_02055	ko:K02034
axx:ERS451415_02056	ko:K02033
axx:ERS451415_02057	ko:K02035
axx:ERS451415_02058	ko:K09472
axx:ERS451415_02059	ko:K06016
axx:ERS451415_02060	ko:K01652
axx:ERS451415_02064	ko:K02495
axx:ERS451415_02065	ko:K07687
axx:ERS451415_02066	ko:K00067
axx:ERS451415_02067	ko:K01868
axx:ERS451415_02068	ko:K02520
axx:ERS451415_02069	ko:K01920
axx:ERS451415_02070	ko:K02793
axx:ERS451415_02071	ko:K02784
axx:ERS451415_02072	ko:K08483
axx:ERS451415_02073	ko:K03320
axx:ERS451415_02074	ko:K04752
axx:ERS451415_02076	ko:K09806
axx:ERS451415_02077	ko:K07391
axx:ERS451415_02078	ko:K02916
axx:ERS451415_02079	ko:K02887
axx:ERS451415_02080	ko:K01889
axx:ERS451415_02081	ko:K01890
axx:ERS451415_02082	ko:K04764
axx:ERS451415_02084	ko:K14232
axx:ERS451415_02088	ko:K08169
axx:ERS451415_02091	ko:K06996
axx:ERS451415_02093	ko:K06998
axx:ERS451415_02101	ko:K03719
axx:ERS451415_02107	ko:K03566
axx:ERS451415_02111	ko:K15553
axx:ERS451415_02112	ko:K15554
axx:ERS451415_02113	ko:K15555
axx:ERS451415_02117	ko:K14347
axx:ERS451415_02119	ko:K24821
axx:ERS451415_02120	ko:K06221
axx:ERS451415_02124	ko:K05366
axx:ERS451415_02126	ko:K08223
axx:ERS451415_02127	ko:K11937
axx:ERS451415_02128	ko:K11936
axx:ERS451415_02129	ko:K11931
axx:ERS451415_02130	ko:K11935
axx:ERS451415_02135	ko:K02346
axx:ERS451415_02136	ko:K09117
axx:ERS451415_02137	ko:K09458
axx:ERS451415_02138	ko:K00059
axx:ERS451415_02140	ko:K00647
axx:ERS451415_02148	ko:K02078
axx:ERS451415_02149	ko:K02078
axx:ERS451415_02152	ko:K06133
axx:ERS451415_02153	ko:K05916
axx:ERS451415_02154	ko:K13771
axx:ERS451415_02155	ko:K00285
axx:ERS451415_02157	ko:K00318
axx:ERS451415_02161	ko:K03566
axx:ERS451415_02163	ko:K00799
axx:ERS451415_02164	ko:K07006
axx:ERS451415_02167	ko:K15555
axx:ERS451415_02168	ko:K15554
axx:ERS451415_02169	ko:K15553
axx:ERS451415_02170	ko:K20035
axx:ERS451415_02171	ko:K20034
axx:ERS451415_02172	ko:K10914
axx:ERS451415_02173	ko:K01779
axx:ERS451415_02175	ko:K04561
axx:ERS451415_02177	ko:K21564
axx:ERS451415_02178	ko:K00368
axx:ERS451415_02180	ko:K00163
axx:ERS451415_02181	ko:K00383
axx:ERS451415_02184	ko:K00375
axx:ERS451415_02188	ko:K03671
axx:ERS451415_02189	ko:K06016
axx:ERS451415_02190	ko:K26939
axx:ERS451415_02191	ko:K13766
axx:ERS451415_02192	ko:K13774
axx:ERS451415_02194	ko:K01895
axx:ERS451415_02195	ko:K01596
axx:ERS451415_02205	ko:K07726
axx:ERS451415_02208	ko:K07795
axx:ERS451415_02209	ko:K00058
axx:ERS451415_02212	ko:K29125
axx:ERS451415_02215	ko:K16088
axx:ERS451415_02216	ko:K07165
axx:ERS451415_02221	ko:K07345
axx:ERS451415_02222	ko:K07347
axx:ERS451415_02223	ko:K15540
axx:ERS451415_02224	ko:K07345
axx:ERS451415_02225	ko:K07679
axx:ERS451415_02228	ko:K06911
axx:ERS451415_02230	ko:K02200
axx:ERS451415_02231	ko:K02200
axx:ERS451415_02232	ko:K02199
axx:ERS451415_02233	ko:K02198
axx:ERS451415_02234	ko:K02197
axx:ERS451415_02235	ko:K02196
axx:ERS451415_02236	ko:K02195
axx:ERS451415_02237	ko:K02194
axx:ERS451415_02238	ko:K02193
axx:ERS451415_02240	ko:K03532
axx:ERS451415_02241	ko:K07811
axx:ERS451415_02242	ko:K03533
axx:ERS451415_02243	ko:K08358
axx:ERS451415_02244	ko:K08359
axx:ERS451415_02245	ko:K08357
axx:ERS451415_02246	ko:K02200
axx:ERS451415_02247	ko:K02200
axx:ERS451415_02248	ko:K02199
axx:ERS451415_02249	ko:K02198
axx:ERS451415_02250	ko:K02197
axx:ERS451415_02252	ko:K02195
axx:ERS451415_02253	ko:K02194
axx:ERS451415_02254	ko:K02193
axx:ERS451415_02255	ko:K02569
axx:ERS451415_02256	ko:K02568
axx:ERS451415_02257	ko:K02567
axx:ERS451415_02258	ko:K02570
axx:ERS451415_02259	ko:K02571
axx:ERS451415_02261	ko:K00074
axx:ERS451415_02262	ko:K17737
axx:ERS451415_02266	ko:K14051
axx:ERS451415_02267	ko:K13816
axx:ERS451415_02268	ko:K02014
axx:ERS451415_02274	ko:K01715
axx:ERS451415_02276	ko:K00059
axx:ERS451415_02277	ko:K18900
axx:ERS451415_02279	ko:K16088
axx:ERS451415_02281	ko:K04343
axx:ERS451415_02282	ko:K03574
axx:ERS451415_02283	ko:K18476
axx:ERS451415_02284	ko:K08151
axx:ERS451415_02286	ko:K29131
axx:ERS451415_02289	ko:K01999
axx:ERS451415_02290	ko:K03710
axx:ERS451415_02291	ko:K00666
axx:ERS451415_02297	ko:K18199
axx:ERS451415_02298	ko:K03719
axx:ERS451415_02300	ko:K06147
axx:ERS451415_02301	ko:K21393
axx:ERS451415_02302	ko:K11688
axx:ERS451415_02304	ko:K00626
axx:ERS451415_02308	ko:K06934
axx:ERS451415_02311	ko:K01434
axx:ERS451415_02312	ko:K16014
axx:ERS451415_02313	ko:K03566
axx:ERS451415_02316	ko:K01458
axx:ERS451415_02323	ko:K02529
axx:ERS451415_02324	ko:K08191
axx:ERS451415_02325	ko:K02433
axx:ERS451415_02327	ko:K05595
axx:ERS451415_02334	ko:K14218
axx:ERS451415_02335	ko:K01142
axx:ERS451415_02336	ko:K00059
axx:ERS451415_02338	ko:K00128
axx:ERS451415_02339	ko:K00793
axx:ERS451415_02343	ko:K00657
axx:ERS451415_02344	ko:K01534
axx:ERS451415_02349	ko:K23514
axx:ERS451415_02350	ko:K07165
axx:ERS451415_02351	ko:K02014
axx:ERS451415_02352	ko:K00166
axx:ERS451415_02353	ko:K00167
axx:ERS451415_02354	ko:K09699
axx:ERS451415_02355	ko:K00382
axx:ERS451415_02356	ko:K22579
axx:ERS451415_02357	ko:K01755
axx:ERS451415_02358	ko:K16053
axx:ERS451415_02359	ko:K01950
axx:ERS451415_02360	ko:K04751
axx:ERS451415_02361	ko:K02455
axx:ERS451415_02362	ko:K02453
axx:ERS451415_02363	ko:K02454
axx:ERS451415_02365	ko:K02463
axx:ERS451415_02366	ko:K02462
axx:ERS451415_02367	ko:K02461
axx:ERS451415_02368	ko:K02460
axx:ERS451415_02369	ko:K02459
axx:ERS451415_02370	ko:K02458
axx:ERS451415_02371	ko:K02457
axx:ERS451415_02372	ko:K02456
axx:ERS451415_02373	ko:K02452
axx:ERS451415_02376	ko:K01114
axx:ERS451415_02378	ko:K00681
axx:ERS451415_02379	ko:K02035
axx:ERS451415_02380	ko:K02033
axx:ERS451415_02381	ko:K02034
axx:ERS451415_02382	ko:K02031
axx:ERS451415_02382	ko:K02032
axx:ERS451415_02384	ko:K16137
axx:ERS451415_02387	ko:K03181
axx:ERS451415_02388	ko:K06182
axx:ERS451415_02390	ko:K03585
axx:ERS451415_02391	ko:K18138
axx:ERS451415_02392	ko:K18139
axx:ERS451415_02394	ko:K07152
axx:ERS451415_02396	ko:K01414
axx:ERS451415_02397	ko:K01491
axx:ERS451415_02400	ko:K00163
axx:ERS451415_02401	ko:K00627
axx:ERS451415_02402	ko:K00382
axx:ERS451415_02407	ko:K02406
axx:ERS451415_02409	ko:K02405
axx:ERS451415_02410	ko:K02403
axx:ERS451415_02411	ko:K02402
axx:ERS451415_02412	ko:K02556
axx:ERS451415_02413	ko:K02557
axx:ERS451415_02414	ko:K03413
axx:ERS451415_02415	ko:K03407
axx:ERS451415_02416	ko:K03408
axx:ERS451415_02417	ko:K05874
axx:ERS451415_02418	ko:K00575
axx:ERS451415_02419	ko:K03412
axx:ERS451415_02420	ko:K03413
axx:ERS451415_02421	ko:K03414
axx:ERS451415_02422	ko:K03406
axx:ERS451415_02423	ko:K02401
axx:ERS451415_02424	ko:K02400
axx:ERS451415_02425	ko:K02404
axx:ERS451415_02426	ko:K02399
axx:ERS451415_02427	ko:K02398
axx:ERS451415_02428	ko:K02386
axx:ERS451415_02429	ko:K02387
axx:ERS451415_02430	ko:K02388
axx:ERS451415_02431	ko:K02389
axx:ERS451415_02432	ko:K02390
axx:ERS451415_02433	ko:K02391
axx:ERS451415_02434	ko:K02392
axx:ERS451415_02435	ko:K02393
axx:ERS451415_02436	ko:K02394
axx:ERS451415_02437	ko:K02395
axx:ERS451415_02438	ko:K02396
axx:ERS451415_02439	ko:K02397
axx:ERS451415_02440	ko:K05874
axx:ERS451415_02441	ko:K05874
axx:ERS451415_02443	ko:K05874
axx:ERS451415_02444	ko:K03776
axx:ERS451415_02445	ko:K02421
axx:ERS451415_02446	ko:K02420
axx:ERS451415_02447	ko:K02419
axx:ERS451415_02448	ko:K02418
axx:ERS451415_02449	ko:K02417
axx:ERS451415_02450	ko:K02416
axx:ERS451415_02451	ko:K02415
axx:ERS451415_02452	ko:K02414
axx:ERS451415_02453	ko:K02413
axx:ERS451415_02454	ko:K02412
axx:ERS451415_02455	ko:K02411
axx:ERS451415_02456	ko:K02410
axx:ERS451415_02457	ko:K02409
axx:ERS451415_02458	ko:K02408
axx:ERS451415_02460	ko:K04061
axx:ERS451415_02462	ko:K02423
axx:ERS451415_02463	ko:K02422
axx:ERS451415_02464	ko:K02407
axx:ERS451415_02465	ko:K06603
axx:ERS451415_02467	ko:K00249
axx:ERS451415_02471	ko:K11754
axx:ERS451415_02472	ko:K03749
axx:ERS451415_02473	ko:K03558
axx:ERS451415_02474	ko:K00764
axx:ERS451415_02475	ko:K07043
axx:ERS451415_02476	ko:K03611
axx:ERS451415_02477	ko:K05595
axx:ERS451415_02478	ko:K00990
axx:ERS451415_02479	ko:K01265
axx:ERS451415_02480	ko:K02967
axx:ERS451415_02481	ko:K02357
axx:ERS451415_02482	ko:K09903
axx:ERS451415_02483	ko:K02838
axx:ERS451415_02484	ko:K00806
axx:ERS451415_02485	ko:K00981
axx:ERS451415_02486	ko:K00099
axx:ERS451415_02487	ko:K11749
axx:ERS451415_02488	ko:K07277
axx:ERS451415_02489	ko:K06142
axx:ERS451415_02490	ko:K02536
axx:ERS451415_02491	ko:K02372
axx:ERS451415_02492	ko:K00677
axx:ERS451415_02493	ko:K00748
axx:ERS451415_02494	ko:K03470
axx:ERS451415_02495	ko:K03437
axx:ERS451415_02497	ko:K09773
axx:ERS451415_02498	ko:K01007
axx:ERS451415_02499	ko:K10778
axx:ERS451415_02500	ko:K01951
axx:ERS451415_02504	ko:K03664
axx:ERS451415_02506	ko:K09801
axx:ERS451415_02509	ko:K00020
axx:ERS451415_02511	ko:K22736
axx:ERS451415_02512	ko:K06980
axx:ERS451415_02514	ko:K07082
axx:ERS451415_02515	ko:K00943
axx:ERS451415_02516	ko:K02341
axx:ERS451415_02517	ko:K03424
axx:ERS451415_02518	ko:K06867
axx:ERS451415_02520	ko:K02030
axx:ERS451415_02521	ko:K02029
axx:ERS451415_02522	ko:K02028
axx:ERS451415_02523	ko:K01479
axx:ERS451415_02524	ko:K26080
axx:ERS451415_02525	ko:K00261
axx:ERS451415_02527	ko:K03800
axx:ERS451415_02530	ko:K11209
axx:ERS451415_02532	ko:K03719
axx:ERS451415_02533	ko:K00432
axx:ERS451415_02534	ko:K19577
axx:ERS451415_02537	ko:K22129
axx:ERS451415_02538	ko:K00097
axx:ERS451415_02540	ko:K03776
axx:ERS451415_02541	ko:K01669
axx:ERS451415_02543	ko:K03564
axx:ERS451415_02546	ko:K15977
axx:ERS451415_02547	ko:K15034
axx:ERS451415_02550	ko:K07052
axx:ERS451415_02555	ko:K19055
axx:ERS451415_02556	ko:K02483
axx:ERS451415_02558	ko:K01992
axx:ERS451415_02559	ko:K01990
axx:ERS451415_02560	ko:K01993
axx:ERS451415_02561	ko:K09017
axx:ERS451415_02562	ko:K23256
axx:ERS451415_02565	ko:K00111
axx:ERS451415_02566	ko:K02444
axx:ERS451415_02567	ko:K17324
axx:ERS451415_02568	ko:K17325
axx:ERS451415_02569	ko:K17322
axx:ERS451415_02570	ko:K17323
axx:ERS451415_02572	ko:K17321
axx:ERS451415_02574	ko:K07665
axx:ERS451415_02575	ko:K00638
axx:ERS451415_02580	ko:K03285
axx:ERS451415_02586	ko:K00248
axx:ERS451415_02590	ko:K14761
axx:ERS451415_02592	ko:K03719
axx:ERS451415_02593	ko:K00285
axx:ERS451415_02599	ko:K05559
axx:ERS451415_02600	ko:K05560
axx:ERS451415_02601	ko:K05561
axx:ERS451415_02602	ko:K05562
axx:ERS451415_02603	ko:K05563
axx:ERS451415_02604	ko:K05564
axx:ERS451415_02607	ko:K11991
axx:ERS451415_02608	ko:K01297
axx:ERS451415_02611	ko:K02049
axx:ERS451415_02612	ko:K02051
axx:ERS451415_02613	ko:K02050
axx:ERS451415_02614	ko:K02030
axx:ERS451415_02616	ko:K03672
axx:ERS451415_02618	ko:K06996
axx:ERS451415_02619	ko:K06901
axx:ERS451415_02620	ko:K25706
axx:ERS451415_02621	ko:K08591
axx:ERS451415_02622	ko:K03787
axx:ERS451415_02623	ko:K00573
axx:ERS451415_02624	ko:K06194
axx:ERS451415_02625	ko:K07501
axx:ERS451415_02626	ko:K06006
axx:ERS451415_02629	ko:K19577
axx:ERS451415_02630	ko:K03215
axx:ERS451415_02631	ko:K19591
axx:ERS451415_02632	ko:K17686
axx:ERS451415_02633	ko:K07213
axx:ERS451415_02634	ko:K24136
axx:ERS451415_02635	ko:K00382
axx:ERS451415_02636	ko:K07115
axx:ERS451415_02637	ko:K01126
axx:ERS451415_02638	ko:K01295
axx:ERS451415_02639	ko:K03770
axx:ERS451415_02640	ko:K10804
axx:ERS451415_02641	ko:K02003
axx:ERS451415_02642	ko:K02012
axx:ERS451415_02643	ko:K02011
axx:ERS451415_02644	ko:K02010
axx:ERS451415_02645	ko:K03566
axx:ERS451415_02646	ko:K01079
axx:ERS451415_02647	ko:K00209
axx:ERS451415_02650	ko:K11688
axx:ERS451415_02651	ko:K11689
axx:ERS451415_02652	ko:K11690
axx:ERS451415_02654	ko:K02433
axx:ERS451415_02657	ko:K01999
axx:ERS451415_02658	ko:K01997
axx:ERS451415_02659	ko:K01998
axx:ERS451415_02660	ko:K01995
axx:ERS451415_02661	ko:K01996
axx:ERS451415_02663	ko:K11690
axx:ERS451415_02664	ko:K11689
axx:ERS451415_02665	ko:K11688
axx:ERS451415_02666	ko:K03426
axx:ERS451415_02668	ko:K01469
axx:ERS451415_02673	ko:K10036
axx:ERS451415_02674	ko:K10037
axx:ERS451415_02675	ko:K10038
axx:ERS451415_02678	ko:K01139
axx:ERS451415_02679	ko:K03060
axx:ERS451415_02680	ko:K00942
axx:ERS451415_02681	ko:K19713
axx:ERS451415_02685	ko:K15125
axx:ERS451415_02687	ko:K02014
axx:ERS451415_02689	ko:K01241
axx:ERS451415_02690	ko:K11733
axx:ERS451415_02692	ko:K00989
axx:ERS451415_02694	ko:K00249
axx:ERS451415_02695	ko:K03406
axx:ERS451415_02697	ko:K01519
axx:ERS451415_02700	ko:K07708
axx:ERS451415_02701	ko:K07712
axx:ERS451415_02703	ko:K06911
axx:ERS451415_02705	ko:K02839
axx:ERS451415_02706	ko:K18148
axx:ERS451415_02708	ko:K02010
axx:ERS451415_02709	ko:K02011
axx:ERS451415_02710	ko:K02012
axx:ERS451415_02711	ko:K00528
axx:ERS451415_02715	ko:K17737
axx:ERS451415_02717	ko:K03655
axx:ERS451415_02718	ko:K04761
axx:ERS451415_02719	ko:K04047
axx:ERS451415_02720	ko:K02474
axx:ERS451415_02723	ko:K01991
axx:ERS451415_02724	ko:K09688
axx:ERS451415_02725	ko:K09689
axx:ERS451415_02726	ko:K10107
axx:ERS451415_02727	ko:K22917
axx:ERS451415_02728	ko:K01728
axx:ERS451415_02729	ko:K07002
axx:ERS451415_02730	ko:K01999
axx:ERS451415_02731	ko:K18073
axx:ERS451415_02732	ko:K18072
axx:ERS451415_02735	ko:K05816
axx:ERS451415_02736	ko:K05815
axx:ERS451415_02737	ko:K05814
axx:ERS451415_02738	ko:K05813
axx:ERS451415_02739	ko:K00286
axx:ERS451415_02740	ko:K09125
axx:ERS451415_02741	ko:K01999
axx:ERS451415_02742	ko:K01997
axx:ERS451415_02743	ko:K01998
axx:ERS451415_02744	ko:K01995
axx:ERS451415_02745	ko:K01996
axx:ERS451415_02747	ko:K01779
axx:ERS451415_02748	ko:K20817
axx:ERS451415_02751	ko:K00799
axx:ERS451415_02752	ko:K21430
axx:ERS451415_02753	ko:K11208
axx:ERS451415_02756	ko:K13953
axx:ERS451415_02757	ko:K01999
axx:ERS451415_02759	ko:K01476
axx:ERS451415_02760	ko:K02073
axx:ERS451415_02763	ko:K03719
axx:ERS451415_02764	ko:K07098
axx:ERS451415_02765	ko:K29125
axx:ERS451415_02766	ko:K01613
axx:ERS451415_02767	ko:K06158
axx:ERS451415_02768	ko:K01644
axx:ERS451415_02769	ko:K02483
axx:ERS451415_02771	ko:K22479
axx:ERS451415_02772	ko:K26064
axx:ERS451415_02773	ko:K01626
axx:ERS451415_02777	ko:K08224
axx:ERS451415_02778	ko:K02403
axx:ERS451415_02782	ko:K03092
axx:ERS451415_02783	ko:K07713
axx:ERS451415_02787	ko:K09779
axx:ERS451415_02789	ko:K08995
axx:ERS451415_02793	ko:K03168
axx:ERS451415_02794	ko:K05520
axx:ERS451415_02804	ko:K02014
axx:ERS451415_02806	ko:K07507
axx:ERS451415_02810	ko:K06151
axx:ERS451415_02811	ko:K06152
axx:ERS451415_02814	ko:K18072
axx:ERS451415_02815	ko:K07240
axx:ERS451415_02818	ko:K09936
axx:ERS451415_02819	ko:K07552
axx:ERS451415_02820	ko:K07401
axx:ERS451415_02821	ko:K07793
axx:ERS451415_02822	ko:K07794
axx:ERS451415_02823	ko:K02456
axx:ERS451415_02824	ko:K02460
axx:ERS451415_02825	ko:K02461
axx:ERS451415_02826	ko:K02462
axx:ERS451415_02828	ko:K02454
axx:ERS451415_02829	ko:K02455
axx:ERS451415_02835	ko:K07165
axx:ERS451415_02839	ko:K02457
axx:ERS451415_02840	ko:K02458
axx:ERS451415_02841	ko:K02459
axx:ERS451415_02842	ko:K02452
axx:ERS451415_02843	ko:K09958
axx:ERS451415_02849	ko:K13639
axx:ERS451415_02850	ko:K18305
axx:ERS451415_02855	ko:K18305
axx:ERS451415_02857	ko:K02049
axx:ERS451415_02858	ko:K15552
axx:ERS451415_02859	ko:K15551
axx:ERS451415_02860	ko:K22589
axx:ERS451415_02861	ko:K07126
axx:ERS451415_02868	ko:K06182
axx:ERS451415_02869	ko:K01297
axx:ERS451415_02872	ko:K03294
axx:ERS451415_02874	ko:K06015
axx:ERS451415_02875	ko:K02032
axx:ERS451415_02876	ko:K02031
axx:ERS451415_02877	ko:K02034
axx:ERS451415_02878	ko:K02033
axx:ERS451415_02879	ko:K02035
axx:ERS451415_02881	ko:K09022
axx:ERS451415_02882	ko:K19746
axx:ERS451415_02884	ko:K11475
axx:ERS451415_02888	ko:K16320
axx:ERS451415_02889	ko:K16319
axx:ERS451415_02890	ko:K14578
axx:ERS451415_02891	ko:K00529
axx:ERS451415_02893	ko:K02509
axx:ERS451415_02899	ko:K00799
axx:ERS451415_02904	ko:K00116
axx:ERS451415_02906	ko:K19736
axx:ERS451415_02907	ko:K00799
axx:ERS451415_02910	ko:K11811
axx:ERS451415_02912	ko:K03325
axx:ERS451415_02913	ko:K03741
axx:ERS451415_02914	ko:K03892
axx:ERS451415_02916	ko:K07137
axx:ERS451415_02917	ko:K02014
axx:ERS451415_02918	ko:K07165
axx:ERS451415_02920	ko:K09972
axx:ERS451415_02921	ko:K09971
axx:ERS451415_02922	ko:K09970
axx:ERS451415_02923	ko:K09969
axx:ERS451415_02924	ko:K01760
axx:ERS451415_02926	ko:K02014
axx:ERS451415_02928	ko:K02032
axx:ERS451415_02929	ko:K02031
axx:ERS451415_02930	ko:K02034
axx:ERS451415_02931	ko:K02033
axx:ERS451415_02932	ko:K02035
axx:ERS451415_02938	ko:K15553
axx:ERS451415_02939	ko:K15554
axx:ERS451415_02940	ko:K15554
axx:ERS451415_02941	ko:K15555
axx:ERS451415_02942	ko:K24116
axx:ERS451415_02943	ko:K01951
axx:ERS451415_02944	ko:K03303
axx:ERS451415_02945	ko:K07245
axx:ERS451415_02946	ko:K07156
axx:ERS451415_02948	ko:K03607
axx:ERS451415_02950	ko:K01053
axx:ERS451415_02951	ko:K01708
axx:ERS451415_02952	ko:K01707
axx:ERS451415_02953	ko:K13877
axx:ERS451415_02956	ko:K02016
axx:ERS451415_02957	ko:K02015
axx:ERS451415_02959	ko:K02013
axx:ERS451415_02960	ko:K01754
axx:ERS451415_02963	ko:K00031
axx:ERS451415_02964	ko:K03975
axx:ERS451415_02965	ko:K02069
axx:ERS451415_02966	ko:K02068
axx:ERS451415_02967	ko:K27501
axx:ERS451415_02968	ko:K28708
axx:ERS451415_02969	ko:K28700
axx:ERS451415_02971	ko:K28699
axx:ERS451415_02973	ko:K07552
axx:ERS451415_02974	ko:K16088
axx:ERS451415_02975	ko:K25286
axx:ERS451415_02976	ko:K23186
axx:ERS451415_02977	ko:K23187
axx:ERS451415_02978	ko:K23188
axx:ERS451415_02979	ko:K02028
axx:ERS451415_02980	ko:K02029
axx:ERS451415_02981	ko:K02030
axx:ERS451415_02982	ko:K00459
axx:ERS451415_02987	ko:K02182
axx:ERS451415_02990	ko:K00145
axx:ERS451415_02992	ko:K03281
axx:ERS451415_02994	ko:K07168
axx:ERS451415_02996	ko:K14987
axx:ERS451415_03002	ko:K13635
axx:ERS451415_03004	ko:K01760
axx:ERS451415_03006	ko:K02028
axx:ERS451415_03007	ko:K02029
axx:ERS451415_03008	ko:K02029
axx:ERS451415_03009	ko:K00812
axx:ERS451415_03010	ko:K02030
axx:ERS451415_03011	ko:K02030
axx:ERS451415_03014	ko:K01304
axx:ERS451415_03020	ko:K18900
axx:ERS451415_03025	ko:K15256
axx:ERS451415_03027	ko:K21757
axx:ERS451415_03028	ko:K01856
axx:ERS451415_03031	ko:K21062
axx:ERS451415_03032	ko:K07795
axx:ERS451415_03040	ko:K02050
axx:ERS451415_03041	ko:K02051
axx:ERS451415_03042	ko:K02049
axx:ERS451415_03047	ko:K01740
axx:ERS451415_03049	ko:K09969
axx:ERS451415_03050	ko:K09970
axx:ERS451415_03050	ko:K09971
axx:ERS451415_03051	ko:K24843
axx:ERS451415_03052	ko:K24845
axx:ERS451415_03053	ko:K24844
axx:ERS451415_03054	ko:K07684
axx:ERS451415_03055	ko:K07673
axx:ERS451415_03056	ko:K03753
axx:ERS451415_03057	ko:K01673
axx:ERS451415_03058	ko:K03639
axx:ERS451415_03059	ko:K03769
axx:ERS451415_03060	ko:K00374
axx:ERS451415_03061	ko:K00373
axx:ERS451415_03062	ko:K00371
axx:ERS451415_03063	ko:K00370
axx:ERS451415_03064	ko:K02575
axx:ERS451415_03065	ko:K02575
axx:ERS451415_03066	ko:K07234
axx:ERS451415_03070	ko:K07799
axx:ERS451415_03071	ko:K07788
axx:ERS451415_03072	ko:K07789
axx:ERS451415_03078	ko:K21636
axx:ERS451415_03082	ko:K00054
axx:ERS451415_03084	ko:K07793
axx:ERS451415_03085	ko:K00459
axx:ERS451415_03087	ko:K22579
axx:ERS451415_03093	ko:K07305
axx:ERS451415_03094	ko:K07304
axx:ERS451415_03097	ko:K04047
axx:ERS451415_03099	ko:K23777
axx:ERS451415_03100	ko:K18301
axx:ERS451415_03102	ko:K05820
axx:ERS451415_03106	ko:K06200
axx:ERS451415_03107	ko:K02480
axx:ERS451415_03109	ko:K01495
axx:ERS451415_03112	ko:K15551
axx:ERS451415_03113	ko:K10831
axx:ERS451415_03114	ko:K15552
axx:ERS451415_03116	ko:K02014
axx:ERS451415_03117	ko:K07165
axx:ERS451415_03118	ko:K23514
axx:ERS451415_03119	ko:K00375
axx:ERS451415_03120	ko:K12684
axx:ERS451415_03123	ko:K07256
axx:ERS451415_03124	ko:K07255
axx:ERS451415_03127	ko:K02031
axx:ERS451415_03127	ko:K02032
axx:ERS451415_03128	ko:K02034
axx:ERS451415_03129	ko:K02033
axx:ERS451415_03130	ko:K02035
axx:ERS451415_03131	ko:K00625
axx:ERS451415_03132	ko:K03852
axx:ERS451415_03134	ko:K05591
axx:ERS451415_03135	ko:K10026
axx:ERS451415_03136	ko:K01737
axx:ERS451415_03137	ko:K06075
axx:ERS451415_03139	ko:K21695
axx:ERS451415_03143	ko:K01652
axx:ERS451415_03147	ko:K06999
axx:ERS451415_03148	ko:K11733
axx:ERS451415_03150	ko:K14160
axx:ERS451415_03151	ko:K14161
axx:ERS451415_03152	ko:K14162
axx:ERS451415_03156	ko:K05275
axx:ERS451415_03158	ko:K00948
axx:ERS451415_03159	ko:K03462
axx:ERS451415_03168	ko:K12262
axx:ERS451415_03172	ko:K03406
axx:ERS451415_03177	ko:K07157
axx:ERS451415_03181	ko:K01999
axx:ERS451415_03182	ko:K11963
axx:ERS451415_03183	ko:K11961
axx:ERS451415_03183	ko:K11962
axx:ERS451415_03184	ko:K11960
axx:ERS451415_03185	ko:K11959
axx:ERS451415_03187	ko:K04750
axx:ERS451415_03191	ko:K02014
axx:ERS451415_03209	ko:K02556
axx:ERS451415_03210	ko:K02557
axx:ERS451415_03212	ko:K07729
axx:ERS451415_03215	ko:K07032
axx:ERS451415_03226	ko:K00799
axx:ERS451415_03229	ko:K07074
axx:ERS451415_03232	ko:K01647
axx:ERS451415_03236	ko:K15125
axx:ERS451415_03251	ko:K11907
axx:ERS451415_03252	ko:K11895
axx:ERS451415_03253	ko:K11896
axx:ERS451415_03254	ko:K11897
axx:ERS451415_03255	ko:K11903
axx:ERS451415_03256	ko:K11900
axx:ERS451415_03257	ko:K11901
axx:ERS451415_03259	ko:K11906
axx:ERS451415_03260	ko:K11893
axx:ERS451415_03261	ko:K11892
axx:ERS451415_03262	ko:K11904
axx:ERS451415_03269	ko:K17733
axx:ERS451415_03271	ko:K11891
axx:ERS451415_03272	ko:K11890
axx:ERS451415_03273	ko:K03286
axx:ERS451415_03274	ko:K11902
axx:ERS451415_03278	ko:K01265
axx:ERS451415_03280	ko:K00799
axx:ERS451415_03281	ko:K04565
axx:ERS451415_03283	ko:K03566
axx:ERS451415_03284	ko:K01689
axx:ERS451415_03290	ko:K07516
axx:ERS451415_03291	ko:K00632
axx:ERS451415_03292	ko:K04118
axx:ERS451415_03293	ko:K28556
axx:ERS451415_03294	ko:K00666
axx:ERS451415_03296	ko:K17950
axx:ERS451415_03300	ko:K08167
axx:ERS451415_03301	ko:K22296
axx:ERS451415_03302	ko:K28762
axx:ERS451415_03303	ko:K18030
axx:ERS451415_03304	ko:K18029
axx:ERS451415_03305	ko:K14974
axx:ERS451415_03306	ko:K15357
axx:ERS451415_03307	ko:K18028
axx:ERS451415_03308	ko:K13995
axx:ERS451415_03309	ko:K18030
axx:ERS451415_03310	ko:K01761
axx:ERS451415_03311	ko:K03719
axx:ERS451415_03313	ko:K02010
axx:ERS451415_03314	ko:K02012
axx:ERS451415_03315	ko:K02011
axx:ERS451415_03316	ko:K11444
axx:ERS451415_03317	ko:K13491
axx:ERS451415_03318	ko:K13490
axx:ERS451415_03319	ko:K13486
axx:ERS451415_03320	ko:K13488
axx:ERS451415_03321	ko:K13487
axx:ERS451415_03322	ko:K01426
axx:ERS451415_03327	ko:K06886
axx:ERS451415_03328	ko:K10844
axx:ERS451415_03335	ko:K00059
axx:ERS451415_03336	ko:K11741
axx:ERS451415_03338	ko:K06150
axx:ERS451415_03339	ko:K06151
axx:ERS451415_03340	ko:K06152
axx:ERS451415_03344	ko:K13633
axx:ERS451415_03349	ko:K01755
axx:ERS451415_03355	ko:K18072
axx:ERS451415_03360	ko:K27108
axx:ERS451415_03367	ko:K00799
axx:ERS451415_03371	ko:K00344
axx:ERS451415_03372	ko:K00297
axx:ERS451415_03373	ko:K03576
axx:ERS451415_03374	ko:K00299
axx:ERS451415_03376	ko:K00549
axx:ERS451415_03382	ko:K08161
axx:ERS451415_03383	ko:K02014
axx:ERS451415_03384	ko:K07493
axx:ERS451415_03386	ko:K25555
axx:ERS451415_03387	ko:K06900
axx:ERS451415_03390	ko:K07052
axx:ERS451415_03394	ko:K04755
axx:ERS451415_03395	ko:K19592
axx:ERS451415_03396	ko:K19597
axx:ERS451415_03399	ko:K07807
axx:ERS451415_03400	ko:K16264
axx:ERS451415_03401	ko:K21903
axx:ERS451415_03402	ko:K19595
axx:ERS451415_03403	ko:K19594
axx:ERS451415_03404	ko:K18139
axx:ERS451415_03413	ko:K03496
axx:ERS451415_03421	ko:K03497
axx:ERS451415_03423	ko:K07473
axx:ERS451415_03434	ko:K07733
axx:ERS451415_03438	ko:K18824
axx:ERS451415_03442	ko:K03892
axx:ERS451415_03443	ko:K11811
axx:ERS451415_03444	ko:K03741
axx:ERS451415_03445	ko:K03325
axx:ERS451415_03446	ko:K18842
axx:ERS451415_03448	ko:K07344
axx:ERS451415_03450	ko:K20266
axx:ERS451415_03453	ko:K07505
axx:ERS451415_03455	ko:K01951
axx:ERS451415_03456	ko:K00088
axx:ERS451415_03457	ko:K09965
axx:ERS451415_03470	ko:K01426
axx:ERS451415_03479	ko:K17733
axx:ERS451415_03504	ko:K07474
axx:ERS451415_03509	ko:K01160
axx:ERS451415_03528	ko:K03554
axx:ERS451415_03530	ko:K02342
axx:ERS451415_03541	ko:K22879
axx:ERS451415_03542	ko:K02033
axx:ERS451415_03543	ko:K02034
axx:ERS451415_03544	ko:K02031
axx:ERS451415_03545	ko:K02032
axx:ERS451415_03546	ko:K02035
axx:ERS451415_03554	ko:K02030
axx:ERS451415_03562	ko:K01607
axx:ERS451415_03566	ko:K01644
axx:ERS451415_03568	ko:K14170
axx:ERS451415_03571	ko:K16088
axx:ERS451415_03574	ko:K29125
axx:ERS451415_03578	ko:K02014
axx:ERS451415_03579	ko:K02014
axx:ERS451415_03582	ko:K18900
axx:ERS451415_03583	ko:K01173
axx:ERS451415_03590	ko:K00790
axx:ERS451415_03592	ko:K03457
axx:ERS451415_03607	ko:K21645
axx:ERS451415_03608	ko:K01714
axx:ERS451415_03611	ko:K09941
axx:ERS451415_03612	ko:K06199
axx:ERS451415_03614	ko:K21645
axx:ERS451415_03617	ko:K02484
axx:ERS451415_03618	ko:K02483
axx:ERS451415_03619	ko:K07274
axx:ERS451415_03621	ko:K05874
axx:ERS451415_03622	ko:K23514
axx:ERS451415_03623	ko:K07165
axx:ERS451415_03624	ko:K02014
axx:ERS451415_03625	ko:K01952
axx:ERS451415_03626	ko:K11689
axx:ERS451415_03627	ko:K11690
axx:ERS451415_03628	ko:K11688
axx:ERS451415_03629	ko:K04760
axx:ERS451415_03630	ko:K07053
axx:ERS451415_03633	ko:K00574
axx:ERS451415_03636	ko:K03832
axx:ERS451415_03639	ko:K01438
axx:ERS451415_03640	ko:K02238
axx:ERS451415_03641	ko:K01695
axx:ERS451415_03642	ko:K01696
axx:ERS451415_03643	ko:K27042
axx:ERS451415_03644	ko:K02406
axx:ERS451415_03645	ko:K03777
axx:ERS451415_03647	ko:K07090
axx:ERS451415_03648	ko:K01133
axx:ERS451415_03649	ko:K03710
axx:ERS451415_03653	ko:K00135
axx:ERS451415_03655	ko:K00389
axx:ERS451415_03657	ko:K21498
axx:ERS451415_03662	ko:K00355
axx:ERS451415_03664	ko:K04078
axx:ERS451415_03665	ko:K04077
axx:ERS451415_03666	ko:K13993
axx:ERS451415_03667	ko:K13993
axx:ERS451415_03672	ko:K13444
axx:ERS451415_03673	ko:K03924
axx:ERS451415_03676	ko:K07114
axx:ERS451415_03677	ko:K07114
axx:ERS451415_03680	ko:K01130
axx:ERS451415_03683	ko:K27675
axx:ERS451415_03685	ko:K16088
axx:ERS451415_03686	ko:K07165
axx:ERS451415_03688	ko:K04755
axx:ERS451415_03691	ko:K01990
axx:ERS451415_03699	ko:K00878
axx:ERS451415_03700	ko:K16090
axx:ERS451415_03701	ko:K01119
axx:ERS451415_03702	ko:K25285
axx:ERS451415_03703	ko:K25283
axx:ERS451415_03704	ko:K25284
axx:ERS451415_03705	ko:K25282
axx:ERS451415_03706	ko:K16089
axx:ERS451415_03707	ko:K07662
axx:ERS451415_03708	ko:K02484
axx:ERS451415_03709	ko:K03424
axx:ERS451415_03710	ko:K09810
axx:ERS451415_03711	ko:K09808
axx:ERS451415_03713	ko:K07462
axx:ERS451415_03715	ko:K02836
axx:ERS451415_03716	ko:K16216
axx:ERS451415_03717	ko:K04567
axx:ERS451415_03719	ko:K00375
axx:ERS451415_03720	ko:K05782
axx:ERS451415_03721	ko:K06997
axx:ERS451415_03722	ko:K22108
axx:ERS451415_03724	ko:K01897
axx:ERS451415_03725	ko:K01996
axx:ERS451415_03726	ko:K01999
axx:ERS451415_03727	ko:K01998
axx:ERS451415_03728	ko:K01997
axx:ERS451415_03729	ko:K01995
axx:ERS451415_03730	ko:K15866
axx:ERS451415_03731	ko:K02014
axx:ERS451415_03734	ko:K04755
axx:ERS451415_03735	ko:K04044
axx:ERS451415_03736	ko:K04082
axx:ERS451415_03737	ko:K13628
axx:ERS451415_03738	ko:K04488
axx:ERS451415_03739	ko:K04487
axx:ERS451415_03740	ko:K13643
axx:ERS451415_03741	ko:K25307
axx:ERS451415_03742	ko:K03702
axx:ERS451415_03743	ko:K00832
axx:ERS451415_03744	ko:K01356
axx:ERS451415_03745	ko:K01338
axx:ERS451415_03746	ko:K03544
axx:ERS451415_03747	ko:K01358
axx:ERS451415_03748	ko:K03545
axx:ERS451415_03749	ko:K07387
axx:ERS451415_03751	ko:K03704
axx:ERS451415_03758	ko:K09022
axx:ERS451415_03767	ko:K01627
axx:ERS451415_03770	ko:K06188
axx:ERS451415_03771	ko:K02443
axx:ERS451415_03772	ko:K00803
axx:ERS451415_03773	ko:K00111
axx:ERS451415_03774	ko:K00864
axx:ERS451415_03775	ko:K08368
axx:ERS451415_03800	ko:K26976
axx:ERS451415_03801	ko:K26975
axx:ERS451415_03805	ko:K26973
axx:ERS451415_03841	ko:K07217
axx:ERS451415_03846	ko:K03497
axx:ERS451415_03854	ko:K00558
axx:ERS451415_03858	ko:K14059
axx:ERS451415_03859	ko:K14228
axx:ERS451415_03860	ko:K14267
axx:ERS451415_03861	ko:K00674
axx:ERS451415_03862	ko:K01439
axx:ERS451415_03863	ko:K07320
axx:ERS451415_03864	ko:K06158
axx:ERS451415_03866	ko:K07165
axx:ERS451415_03872	ko:K00428
axx:ERS451415_03874	ko:K03657
axx:ERS451415_03875	ko:K00507
axx:ERS451415_03877	ko:K03500
axx:ERS451415_03878	ko:K11175
axx:ERS451415_03879	ko:K11753
axx:ERS451415_03880	ko:K01870
axx:ERS451415_03881	ko:K03101
axx:ERS451415_03882	ko:K13038
axx:ERS451415_03884	ko:K14591
axx:ERS451415_03886	ko:K05995
axx:ERS451415_03888	ko:K07038
axx:ERS451415_03893	ko:K02028
axx:ERS451415_03894	ko:K02029
axx:ERS451415_03895	ko:K02029
axx:ERS451415_03896	ko:K02030
axx:ERS451415_03897	ko:K01999
axx:ERS451415_03899	ko:K04063
axx:ERS451415_03900	ko:K03322
axx:ERS451415_03902	ko:K11209
axx:ERS451415_03903	ko:K03566
axx:ERS451415_03907	ko:K01996
axx:ERS451415_03908	ko:K01995
axx:ERS451415_03909	ko:K01998
axx:ERS451415_03910	ko:K01997
axx:ERS451415_03911	ko:K01999
axx:ERS451415_03912	ko:K13821
axx:ERS451415_03913	ko:K09857
axx:ERS451415_03914	ko:K06192
axx:ERS451415_03915	ko:K03808
axx:ERS451415_03916	ko:K03694
axx:ERS451415_03917	ko:K05367
axx:ERS451415_03918	ko:K06894
axx:ERS451415_03919	ko:K06891
axx:ERS451415_03921	ko:K09005
axx:ERS451415_03922	ko:K07823
axx:ERS451415_03923	ko:K03281
axx:ERS451415_03925	ko:K04564
axx:ERS451415_03926	ko:K06867
axx:ERS451415_03927	ko:K03601
axx:ERS451415_03928	ko:K03561
axx:ERS451415_03929	ko:K03559
axx:ERS451415_03930	ko:K00912
axx:ERS451415_03932	ko:K09791
axx:ERS451415_03933	ko:K00979
axx:ERS451415_03934	ko:K00939
axx:ERS451415_03936	ko:K03980
axx:ERS451415_03937	ko:K07165
axx:ERS451415_03938	ko:K02968
axx:ERS451415_03940	ko:K01586
axx:ERS451415_03941	ko:K01630
axx:ERS451415_03950	ko:K07090
axx:ERS451415_03951	ko:K04485
axx:ERS451415_03954	ko:K00455
axx:ERS451415_03955	ko:K00151
axx:ERS451415_03956	ko:K05921
axx:ERS451415_03957	ko:K05921
axx:ERS451415_03958	ko:K02509
axx:ERS451415_03959	ko:K02510
axx:ERS451415_03960	ko:K00059
axx:ERS451415_03961	ko:K01775
axx:ERS451415_03963	ko:K02291
axx:ERS451415_03964	ko:K21677
axx:ERS451415_03965	ko:K06199
axx:ERS451415_03968	ko:K01461
axx:ERS451415_03975	ko:K17218
axx:ERS451415_03977	ko:K03695
axx:ERS451415_03979	ko:K01420
axx:ERS451415_03981	ko:K03761
axx:ERS451415_03983	ko:K02639
axx:ERS451415_03984	ko:K01515
axx:ERS451415_03986	ko:K04046
axx:ERS451415_03989	ko:K16088
axx:ERS451415_03990	ko:K16088
axx:ERS451415_03991	ko:K12243
axx:ERS451415_03995	ko:K09954
axx:ERS451415_03998	ko:K00799
axx:ERS451415_04002	ko:K18982
axx:ERS451415_04005	ko:K00058
axx:ERS451415_04009	ko:K01053
axx:ERS451415_04011	ko:K02030
axx:ERS451415_04013	ko:K01455
axx:ERS451415_04017	ko:K05800
axx:ERS451415_04019	ko:K02031
axx:ERS451415_04019	ko:K02032
axx:ERS451415_04020	ko:K02035
axx:ERS451415_04021	ko:K02033
axx:ERS451415_04022	ko:K02034
axx:ERS451415_04024	ko:K03826
axx:ERS451415_04027	ko:K23514
axx:ERS451415_04028	ko:K07165
axx:ERS451415_04029	ko:K02014
axx:ERS451415_04036	ko:K21053
axx:ERS451415_04037	ko:K03929
axx:ERS451415_04040	ko:K08166
axx:ERS451415_04043	ko:K07335
axx:ERS451415_04044	ko:K03824
axx:ERS451415_04045	ko:K06989
axx:ERS451415_04046	ko:K02471
axx:ERS451415_04051	ko:K04762
axx:ERS451415_04052	ko:K22468
axx:ERS451415_04055	ko:K01761
axx:ERS451415_04056	ko:K02072
axx:ERS451415_04057	ko:K02071
axx:ERS451415_04058	ko:K02073
axx:ERS451415_04059	ko:K08973
axx:ERS451415_04062	ko:K04940
axx:ERS451415_04063	ko:K00074
axx:ERS451415_04064	ko:K01467
axx:ERS451415_04066	ko:K00285
axx:ERS451415_04067	ko:K07090
axx:ERS451415_04069	ko:K00375
axx:ERS451415_04072	ko:K07223
axx:ERS451415_04083	ko:K12410
axx:ERS451415_04086	ko:K08169
axx:ERS451415_04089	ko:K04750
axx:ERS451415_04090	ko:K09983
axx:ERS451415_04093	ko:K11068
axx:ERS451415_04095	ko:K03704
axx:ERS451415_04099	ko:K07090
axx:ERS451415_04106	ko:K00626
axx:ERS451415_04108	ko:K11688
axx:ERS451415_04109	ko:K11689
axx:ERS451415_04110	ko:K11690
axx:ERS451415_04113	ko:K00626
axx:ERS451415_04116	ko:K01992
axx:ERS451415_04117	ko:K01990
axx:ERS451415_04120	ko:K15576
axx:ERS451415_04121	ko:K15577
axx:ERS451415_04122	ko:K15578
axx:ERS451415_04123	ko:K01725
axx:ERS451415_04124	ko:K00868
axx:ERS451415_04131	ko:K03832
axx:ERS451415_04132	ko:K03559
axx:ERS451415_04133	ko:K03561
axx:ERS451415_04136	ko:K07165
axx:ERS451415_04140	ko:K07165
axx:ERS451415_04144	ko:K06995
axx:ERS451415_04146	ko:K01628
axx:ERS451415_04147	ko:K00799
axx:ERS451415_04159	ko:K00799
axx:ERS451415_04163	ko:K02171
axx:ERS451415_04164	ko:K02172
axx:ERS451415_04165	ko:K22335
axx:ERS451415_04169	ko:K05713
axx:ERS451415_04171	ko:K03781
axx:ERS451415_04174	ko:K11690
axx:ERS451415_04175	ko:K11689
axx:ERS451415_04176	ko:K11688
axx:ERS451415_04177	ko:K21929
axx:ERS451415_04179	ko:K02529
axx:ERS451415_04180	ko:K11688
axx:ERS451415_04181	ko:K21393
axx:ERS451415_04183	ko:K01559
axx:ERS451415_04184	ko:K23247
axx:ERS451415_04186	ko:K01951
axx:ERS451415_04188	ko:K01584
axx:ERS451415_04189	ko:K14222
axx:ERS451415_04190	ko:K07402
axx:ERS451415_04191	ko:K07141
axx:ERS451415_04192	ko:K07303
axx:ERS451415_04193	ko:K07302
axx:ERS451415_04197	ko:K05835
axx:ERS451415_04204	ko:K08995
axx:ERS451415_04209	ko:K08678
axx:ERS451415_04213	ko:K00612
axx:ERS451415_04215	ko:K03273
axx:ERS451415_04217	ko:K15521
axx:ERS451415_04219	ko:K06147
axx:ERS451415_04225	ko:K01810
axx:ERS451415_04231	ko:K07300
axx:ERS451415_04233	ko:K06131
axx:ERS451415_04234	ko:K07027
axx:ERS451415_04235	ko:K00703
axx:ERS451415_04236	ko:K16147
axx:ERS451415_04237	ko:K05343
axx:ERS451415_04238	ko:K00700
axx:ERS451415_04239	ko:K01214
axx:ERS451415_04240	ko:K01236
axx:ERS451415_04241	ko:K00705
axx:ERS451415_04242	ko:K06044
axx:ERS451415_04243	ko:K11735
axx:ERS451415_04244	ko:K01971
axx:ERS451415_04245	ko:K10979
axx:ERS451415_04246	ko:K03743
axx:ERS451415_04252	ko:K01438
axx:ERS451415_04253	ko:K18201
axx:ERS451415_04255	ko:K00375
axx:ERS451415_04259	ko:K16087
axx:ERS451415_04262	ko:K02013
axx:ERS451415_04263	ko:K02015
axx:ERS451415_04264	ko:K02016
axx:ERS451415_04265	ko:K21563
axx:ERS451415_04273	ko:K18336
axx:ERS451415_04274	ko:K18335
axx:ERS451415_04276	ko:K16850
axx:ERS451415_04277	ko:K02029
axx:ERS451415_04278	ko:K02029
axx:ERS451415_04280	ko:K02030
axx:ERS451415_04284	ko:K00615
axx:ERS451415_04285	ko:K00615
axx:ERS451415_04287	ko:K00005
axx:ERS451415_04288	ko:K27838
axx:ERS451415_04291	ko:K01999
axx:ERS451415_04292	ko:K01997
axx:ERS451415_04293	ko:K01995
axx:ERS451415_04293	ko:K01998
axx:ERS451415_04294	ko:K01996
axx:ERS451415_04296	ko:K00059
axx:ERS451415_04297	ko:K02014
axx:ERS451415_04301	ko:K01897
axx:ERS451415_04304	ko:K27802
axx:ERS451415_04305	ko:K03286
axx:ERS451415_04308	ko:K03543
axx:ERS451415_04309	ko:K03446
axx:ERS451415_04312	ko:K15777
axx:ERS451415_04315	ko:K02356
axx:ERS451415_04319	ko:K27080
axx:ERS451415_04321	ko:K27079
axx:ERS451415_04322	ko:K12511
axx:ERS451415_04323	ko:K12510
axx:ERS451415_04324	ko:K02283
axx:ERS451415_04325	ko:K02282
axx:ERS451415_04326	ko:K02280
axx:ERS451415_04327	ko:K02279
axx:ERS451415_04328	ko:K12513
axx:ERS451415_04329	ko:K12513
axx:ERS451415_04330	ko:K02278
axx:ERS451415_04331	ko:K02651
axx:ERS451415_04336	ko:K02031
axx:ERS451415_04336	ko:K02032
axx:ERS451415_04337	ko:K02034
axx:ERS451415_04338	ko:K02033
axx:ERS451415_04339	ko:K02035
axx:ERS451415_04341	ko:K03284
axx:ERS451415_04342	ko:K03657
axx:ERS451415_04344	ko:K00375
axx:ERS451415_04345	ko:K00823
axx:ERS451415_04346	ko:K00135
axx:ERS451415_04349	ko:K00640
axx:ERS451415_04350	ko:K01784
axx:ERS451415_04351	ko:K01810
axx:ERS451415_04352	ko:K15778
axx:ERS451415_04353	ko:K16692
axx:ERS451415_04354	ko:K01991
axx:ERS451415_04356	ko:K03207
axx:ERS451415_04357	ko:K16011
axx:ERS451415_04359	ko:K01711
axx:ERS451415_04360	ko:K02377
axx:ERS451415_04366	ko:K03818
axx:ERS451415_04367	ko:K03208
axx:ERS451415_04372	ko:K06445
axx:ERS451415_04373	ko:K00626
axx:ERS451415_04374	ko:K01782
axx:ERS451415_04375	ko:K06076
axx:ERS451415_04376	ko:K07516
axx:ERS451415_04377	ko:K00632
axx:ERS451415_04380	ko:K01897
axx:ERS451415_04384	ko:K18893
axx:ERS451415_04385	ko:K02526
axx:ERS451415_04386	ko:K22129
axx:ERS451415_04387	ko:K22024
axx:ERS451415_04388	ko:K03710
axx:ERS451415_04389	ko:K01040
axx:ERS451415_04390	ko:K01039
axx:ERS451415_04393	ko:K19333
axx:ERS451415_04394	ko:K24700
axx:ERS451415_04395	ko:K12410
axx:ERS451415_04401	ko:K14219
axx:ERS451415_04403	ko:K14219
axx:ERS451415_04404	ko:K14219
axx:ERS451415_04405	ko:K02013
axx:ERS451415_04409	ko:K06917
axx:ERS451415_04411	ko:K07677
axx:ERS451415_04413	ko:K07677
axx:ERS451415_04417	ko:K19713
axx:ERS451415_04420	ko:K00404
axx:ERS451415_04421	ko:K00405
axx:ERS451415_04422	ko:K00407
axx:ERS451415_04423	ko:K00406
axx:ERS451415_04429	ko:K14233
axx:ERS451415_04430	ko:K00928
axx:ERS451415_04432	ko:K01962
axx:ERS451415_04433	ko:K01247
axx:ERS451415_04434	ko:K01883
axx:ERS451415_04436	ko:K03768
axx:ERS451415_04437	ko:K03269
axx:ERS451415_04438	ko:K06153
axx:ERS451415_04441	ko:K19339
axx:ERS451415_04442	ko:K00376
axx:ERS451415_04443	ko:K07218
axx:ERS451415_04444	ko:K19340
axx:ERS451415_04445	ko:K19341
axx:ERS451415_04446	ko:K19342
axx:ERS451415_04447	ko:K03734
axx:ERS451415_04449	ko:K01092
axx:ERS451415_04450	ko:K02533
axx:ERS451415_04453	ko:K03442
axx:ERS451415_04454	ko:K09947
axx:ERS451415_04455	ko:K07338
axx:ERS451415_04457	ko:K07231
axx:ERS451415_04461	ko:K02051
axx:ERS451415_04462	ko:K02050
axx:ERS451415_04463	ko:K02049
axx:ERS451415_04465	ko:K19837
axx:ERS451415_04467	ko:K09932
axx:ERS451415_04469	ko:K19784
axx:ERS451415_04471	ko:K09165
axx:ERS451415_04479	ko:K01785
axx:ERS451415_04483	ko:K07006
axx:ERS451415_04486	ko:K03555
axx:ERS451415_04487	ko:K18850
axx:ERS451415_04489	ko:K07287
axx:ERS451415_04490	ko:K01714
axx:ERS451415_04493	ko:K07054
axx:ERS451415_04500	ko:K07734
axx:ERS451415_04505	ko:K06878
axx:ERS451415_04508	ko:K07645
axx:ERS451415_04509	ko:K07666
axx:ERS451415_04510	ko:K07090
axx:ERS451415_04516	ko:K07677
axx:ERS451415_04517	ko:K07687
axx:ERS451415_04518	ko:K02055
axx:ERS451415_04525	ko:K03406
axx:ERS451415_04531	ko:K02014
axx:ERS451415_04534	ko:K02483
axx:ERS451415_04535	ko:K02406
axx:ERS451415_04536	ko:K03406
axx:ERS451415_04538	ko:K11250
axx:ERS451415_04543	ko:K07474
axx:ERS451415_04545	ko:K03111
axx:ERS451415_04552	ko:K14059
axx:ERS451415_04553	ko:K14226
axx:ERS451415_04554	ko:K06131
axx:ERS451415_04557	ko:K16165
axx:ERS451415_04560	ko:K02014
axx:ERS451415_04561	ko:K07165
axx:ERS451415_04562	ko:K23514
axx:ERS451415_04567	ko:K00681
axx:ERS451415_04568	ko:K04772
axx:ERS451415_04569	ko:K03893
axx:ERS451415_04571	ko:K06196
axx:ERS451415_04573	ko:K02483
axx:ERS451415_04575	ko:K04063
axx:ERS451415_04577	ko:K02033
axx:ERS451415_04578	ko:K02034
axx:ERS451415_04579	ko:K02031
axx:ERS451415_04580	ko:K02032
axx:ERS451415_04581	ko:K02035
axx:ERS451415_04582	ko:K06978
axx:ERS451415_04588	ko:K07397
axx:ERS451415_04596	ko:K14219
axx:ERS451415_04598	ko:K09471
axx:ERS451415_04599	ko:K02029
axx:ERS451415_04600	ko:K02029
axx:ERS451415_04601	ko:K02030
axx:ERS451415_04602	ko:K02028
axx:ERS451415_04603	ko:K26061
axx:ERS451415_04605	ko:K13876
axx:ERS451415_04606	ko:K25260
axx:ERS451415_04607	ko:K00097
axx:ERS451415_04613	ko:K00406
axx:ERS451415_04614	ko:K00407
axx:ERS451415_04615	ko:K00405
axx:ERS451415_04616	ko:K00404
axx:ERS451415_04619	ko:K00833
axx:ERS451415_04620	ko:K00652
axx:ERS451415_04621	ko:K02170
axx:ERS451415_04622	ko:K02169
axx:ERS451415_04623	ko:K01935
axx:ERS451415_04626	ko:K01637
axx:ERS451415_04627	ko:K06879
axx:ERS451415_04628	ko:K00428
axx:ERS451415_04629	ko:K16135
axx:ERS451415_04630	ko:K07246
axx:ERS451415_04632	ko:K00995
axx:ERS451415_04633	ko:K03703
axx:ERS451415_04634	ko:K01207
axx:ERS451415_04635	ko:K00997
axx:ERS451415_04636	ko:K03474
axx:ERS451415_04637	ko:K18139
axx:ERS451415_04638	ko:K18138
axx:ERS451415_04639	ko:K03585
axx:ERS451415_04641	ko:K07001
axx:ERS451415_04643	ko:K02019
axx:ERS451415_04644	ko:K02017
axx:ERS451415_04645	ko:K02018
axx:ERS451415_04646	ko:K02020
axx:ERS451415_04647	ko:K01611
axx:ERS451415_04651	ko:K08989
axx:ERS451415_04652	ko:K00797
axx:ERS451415_04655	ko:K05833
axx:ERS451415_04656	ko:K05832
axx:ERS451415_04657	ko:K01989
axx:ERS451415_04660	ko:K18661
axx:ERS451415_04662	ko:K01578
axx:ERS451415_04665	ko:K00626
axx:ERS451415_04672	ko:K07267
axx:ERS451415_04673	ko:K10543
axx:ERS451415_04674	ko:K10545
axx:ERS451415_04675	ko:K10544
axx:ERS451415_04676	ko:K07404
axx:ERS451415_04678	ko:K02529
axx:ERS451415_04679	ko:K01821
axx:ERS451415_04680	ko:K02000
axx:ERS451415_04681	ko:K02001
axx:ERS451415_04682	ko:K02002
axx:ERS451415_04683	ko:K00574
axx:ERS451415_04684	ko:K07552
axx:ERS451415_04685	ko:K02902
axx:ERS451415_04686	ko:K02913
axx:ERS451415_04687	ko:K01999
axx:ERS451415_04688	ko:K01997
axx:ERS451415_04688	ko:K01998
axx:ERS451415_04689	ko:K01995
axx:ERS451415_04690	ko:K03321
axx:ERS451415_04691	ko:K01841
axx:ERS451415_04693	ko:K07258
axx:ERS451415_04697	ko:K01869
axx:ERS451415_04698	ko:K03643
axx:ERS451415_04699	ko:K02340
axx:ERS451415_04700	ko:K00147
axx:ERS451415_04704	ko:K01426
axx:ERS451415_04706	ko:K08166
axx:ERS451415_04708	ko:K17735
axx:ERS451415_04709	ko:K06975
axx:ERS451415_04710	ko:K09858
axx:ERS451415_04712	ko:K01560
axx:ERS451415_04714	ko:K14218
axx:ERS451415_04715	ko:K14227
axx:ERS451415_04717	ko:K03566
axx:ERS451415_04718	ko:K18118
axx:ERS451415_04720	ko:K05802
axx:ERS451415_04724	ko:K02342
axx:ERS451415_04726	ko:K03406
axx:ERS451415_04727	ko:K00799
axx:ERS451415_04729	ko:K02055
axx:ERS451415_04730	ko:K02052
axx:ERS451415_04731	ko:K02054
axx:ERS451415_04732	ko:K02053
axx:ERS451415_04733	ko:K01777
axx:ERS451415_04737	ko:K07090
axx:ERS451415_04740	ko:K01682
axx:ERS451415_04742	ko:K00569
axx:ERS451415_04754	ko:K09794
axx:ERS451415_04756	ko:K06895
axx:ERS451415_04762	ko:K04487
axx:ERS451415_04763	ko:K15866
axx:ERS451415_04764	ko:K00459
axx:ERS451415_04766	ko:K00286
axx:ERS451415_04767	ko:K01029
axx:ERS451415_04768	ko:K01028
axx:ERS451415_04772	ko:K01999
axx:ERS451415_04773	ko:K01997
axx:ERS451415_04774	ko:K01998
axx:ERS451415_04775	ko:K01995
axx:ERS451415_04776	ko:K01996
axx:ERS451415_04784	ko:K00459
axx:ERS451415_04788	ko:K01968
axx:ERS451415_04789	ko:K01969
axx:ERS451415_04792	ko:K20530
axx:ERS451415_04796	ko:K20035
axx:ERS451415_04797	ko:K15866
axx:ERS451415_04799	ko:K01715
axx:ERS451415_04800	ko:K07536
axx:ERS451415_04801	ko:K07535
axx:ERS451415_04802	ko:K20034
axx:ERS451415_04803	ko:K00219
axx:ERS451415_04804	ko:K05548
axx:ERS451415_04805	ko:K00344
axx:ERS451415_04809	ko:K01998
axx:ERS451415_04810	ko:K00311
axx:ERS451415_04811	ko:K07823
axx:ERS451415_04812	ko:K07516
axx:ERS451415_04813	ko:K13767
axx:ERS451415_04814	ko:K06446
axx:ERS451415_04817	ko:K14232
axx:ERS451415_04818	ko:K05548
axx:ERS451415_04819	ko:K02036
axx:ERS451415_04820	ko:K02038
axx:ERS451415_04821	ko:K02037
axx:ERS451415_04822	ko:K02040
axx:ERS451415_04823	ko:K00937
axx:ERS451415_04824	ko:K01524
axx:ERS451415_04825	ko:K22310
axx:ERS451415_04826	ko:K03431
axx:ERS451415_04827	ko:K00796
axx:ERS451415_04828	ko:K03798
axx:ERS451415_04829	ko:K02427
axx:ERS451415_04830	ko:K07574
axx:ERS451415_04831	ko:K03624
axx:ERS451415_04832	ko:K05874
axx:ERS451415_04833	ko:K09016
axx:ERS451415_04835	ko:K02012
axx:ERS451415_04836	ko:K02011
axx:ERS451415_04837	ko:K02010
axx:ERS451415_04839	ko:K15634
axx:ERS451415_04841	ko:K12979
axx:ERS451415_04842	ko:K01955
axx:ERS451415_04843	ko:K01956
axx:ERS451415_04844	ko:K00616
axx:ERS451415_04846	ko:K11354
axx:ERS451415_04847	ko:K02483
axx:ERS451415_04850	ko:K15554
axx:ERS451415_04851	ko:K15555
axx:ERS451415_04852	ko:K15553
axx:ERS451415_04853	ko:K18313
axx:ERS451415_04854	ko:K06187
axx:ERS451415_04855	ko:K09747
axx:ERS451415_04856	ko:K02343
axx:ERS451415_04862	ko:K02371
axx:ERS451415_04869	ko:K01640
axx:ERS451415_04870	ko:K00666
axx:ERS451415_04871	ko:K01715
axx:ERS451415_04872	ko:K14219
axx:ERS451415_04873	ko:K07262
axx:ERS451415_04875	ko:K13953
axx:ERS451415_04876	ko:K05520
axx:ERS451415_04878	ko:K04763
axx:ERS451415_04880	ko:K01652
axx:ERS451415_04881	ko:K00252
axx:ERS451415_04882	ko:K11688
axx:ERS451415_04886	ko:K15511
axx:ERS451415_04887	ko:K15512
axx:ERS451415_04889	ko:K15546
axx:ERS451415_04891	ko:K04110
axx:ERS451415_04893	ko:K01999
axx:ERS451415_04894	ko:K01997
axx:ERS451415_04895	ko:K01998
axx:ERS451415_04896	ko:K01995
axx:ERS451415_04897	ko:K01996
axx:ERS451415_04898	ko:K01652
axx:ERS451415_04899	ko:K09969
axx:ERS451415_04901	ko:K01031
axx:ERS451415_04902	ko:K01032
axx:ERS451415_04903	ko:K02624
axx:ERS451415_04904	ko:K07566
axx:ERS451415_04905	ko:K01589
axx:ERS451415_04906	ko:K01588
axx:ERS451415_04909	ko:K01923
axx:ERS451415_04911	ko:K01624
axx:ERS451415_04915	ko:K06162
axx:ERS451415_04916	ko:K05780
axx:ERS451415_04917	ko:K05781
axx:ERS451415_04918	ko:K06163
axx:ERS451415_04919	ko:K06164
axx:ERS451415_04920	ko:K06165
axx:ERS451415_04921	ko:K06166
axx:ERS451415_04922	ko:K02043
axx:ERS451415_04923	ko:K06162
axx:ERS451415_04925	ko:K05774
axx:ERS451415_04927	ko:K00681
axx:ERS451415_04930	ko:K02042
axx:ERS451415_04931	ko:K02044
axx:ERS451415_04932	ko:K02041
axx:ERS451415_04936	ko:K02518
axx:ERS451415_04940	ko:K03831
axx:ERS451415_04941	ko:K03740
axx:ERS451415_04943	ko:K16322
axx:ERS451415_04944	ko:K07396
axx:ERS451415_04945	ko:K00799
axx:ERS451415_04946	ko:K18997
axx:ERS451415_04947	ko:K05516
axx:ERS451415_04950	ko:K00799
axx:ERS451415_04953	ko:K00625
axx:ERS451415_04954	ko:K00925
axx:ERS451415_04955	ko:K00208
axx:ERS451415_04958	ko:K00927
axx:ERS451415_04959	ko:K00134
axx:ERS451415_04960	ko:K00615
axx:ERS451415_04962	ko:K09761
axx:ERS451415_04964	ko:K07001
axx:ERS451415_04965	ko:K00029
axx:ERS451415_04971	ko:K03182
axx:ERS451415_04976	ko:K15578
axx:ERS451415_04977	ko:K15577
axx:ERS451415_04978	ko:K15576
axx:ERS451415_04979	ko:K02302
axx:ERS451415_04980	ko:K00761
axx:ERS451415_04981	ko:K07259
axx:ERS451415_04982	ko:K01999
axx:ERS451415_04986	ko:K07568
axx:ERS451415_04987	ko:K00773
axx:ERS451415_04989	ko:K07473
axx:ERS451415_04990	ko:K03210
axx:ERS451415_04991	ko:K03072
axx:ERS451415_04992	ko:K03074
axx:ERS451415_04996	ko:K07050
axx:ERS451415_04998	ko:K06168
axx:ERS451415_04999	ko:K06217
axx:ERS451415_05000	ko:K07042
axx:ERS451415_05001	ko:K06189
axx:ERS451415_05002	ko:K03820
axx:ERS451415_05004	ko:K14218
axx:ERS451415_05005	ko:K14224
axx:ERS451415_05006	ko:K14221
axx:ERS451415_05007	ko:K14218
axx:ERS451415_05008	ko:K14224
axx:ERS451415_05009	ko:K14221
axx:ERS451415_05011	ko:K01012
axx:ERS451415_05014	ko:K24138
axx:ERS451415_05016	ko:K01061
axx:ERS451415_05018	ko:K03637
axx:ERS451415_05019	ko:K03636
axx:ERS451415_05020	ko:K03635
axx:ERS451415_05021	ko:K03638
axx:ERS451415_05022	ko:K03750
axx:ERS451415_05023	ko:K03752
axx:ERS451415_05024	ko:K03639
axx:ERS451415_05026	ko:K00127
axx:ERS451415_05027	ko:K00124
axx:ERS451415_05028	ko:K00123
axx:ERS451415_05029	ko:K02379
axx:ERS451415_05030	ko:K00126
axx:ERS451415_05034	ko:K07240
axx:ERS451415_05035	ko:K07240
axx:ERS451415_05037	ko:K01776
axx:ERS451415_05041	ko:K02483
axx:ERS451415_05055	ko:K03088
axx:ERS451415_05058	ko:K01941
axx:ERS451415_05059	ko:K01457
axx:ERS451415_05060	ko:K11959
axx:ERS451415_05061	ko:K11960
axx:ERS451415_05062	ko:K11961
axx:ERS451415_05063	ko:K11962
axx:ERS451415_05064	ko:K11963
axx:ERS451415_05066	ko:K02014
axx:ERS451415_05068	ko:K00537
axx:ERS451415_05071	ko:K19302
axx:ERS451415_05072	ko:K00567
axx:ERS451415_05073	ko:K13529
axx:ERS451415_05074	ko:K09767
axx:ERS451415_05075	ko:K10834
axx:ERS451415_05076	ko:K25133
axx:ERS451415_05077	ko:K25132
axx:ERS451415_05078	ko:K07225
axx:ERS451415_05079	ko:K16087
axx:ERS451415_05080	ko:K07165
axx:ERS451415_05081	ko:K23514
axx:ERS451415_05088	ko:K01733
axx:ERS451415_05091	ko:K01556
axx:ERS451415_05092	ko:K03719
axx:ERS451415_05093	ko:K11068
axx:ERS451415_05095	ko:K02424
axx:ERS451415_05096	ko:K10009
axx:ERS451415_05097	ko:K10010
axx:ERS451415_05100	ko:K03928
axx:ERS451415_05102	ko:K07152
axx:ERS451415_05103	ko:K09796
axx:ERS451415_05105	ko:K15011
axx:ERS451415_05106	ko:K15012
axx:ERS451415_05107	ko:K02297
axx:ERS451415_05108	ko:K02298
axx:ERS451415_05109	ko:K02299
axx:ERS451415_05110	ko:K02300
axx:ERS451415_05111	ko:K15790
axx:ERS451415_05112	ko:K02014
axx:ERS451415_05113	ko:K03745
axx:ERS451415_05116	ko:K00029
axx:ERS451415_05122	ko:K26937
axx:ERS451415_05125	ko:K07090
axx:ERS451415_05133	ko:K06132
axx:ERS451415_05134	ko:K09990
axx:ERS451415_05135	ko:K03919
axx:ERS451415_05143	ko:K07507
axx:ERS451415_05146	ko:K01247
axx:ERS451415_05147	ko:K09990
axx:ERS451415_05148	ko:K27802
axx:ERS451415_05150	ko:K02014
axx:ERS451415_05151	ko:K07165
axx:ERS451415_05152	ko:K23514
axx:ERS451415_05155	ko:K16088
axx:ERS451415_05156	ko:K07165
axx:ERS451415_05159	ko:K02761
axx:ERS451415_05165	ko:K25494
axx:ERS451415_05166	ko:K25495
axx:ERS451415_05167	ko:K00598
axx:ERS451415_05168	ko:K19707
axx:ERS451415_05170	ko:K03717
axx:ERS451415_05175	ko:K02014
axx:ERS451415_05176	ko:K07165
axx:ERS451415_05180	ko:K21645
axx:ERS451415_05181	ko:K00596
axx:ERS451415_05182	ko:K09969
axx:ERS451415_05184	ko:K02297
axx:ERS451415_05185	ko:K02298
axx:ERS451415_05186	ko:K02299
axx:ERS451415_05187	ko:K02300
axx:ERS451415_05188	ko:K14998
axx:ERS451415_05189	ko:K03285
axx:ERS451415_05190	ko:K03285
axx:ERS451415_05196	ko:K11209
axx:ERS451415_05201	ko:K07687
axx:ERS451415_05203	ko:K01114
axx:ERS451415_05207	ko:K00363
axx:ERS451415_05208	ko:K00362
axx:ERS451415_05209	ko:K00380
axx:ERS451415_05214	ko:K06222
axx:ERS451415_05216	ko:K03113
axx:ERS451415_05219	ko:K16135
axx:ERS451415_05220	ko:K22209
axx:ERS451415_05223	ko:K03406
axx:ERS451415_05224	ko:K13069
axx:ERS451415_05227	ko:K01358
axx:ERS451415_05228	ko:K08161
axx:ERS451415_05230	ko:K08151
axx:ERS451415_05234	ko:K01714
axx:ERS451415_05235	ko:K08351
axx:ERS451415_05237	ko:K03826
axx:ERS451415_05240	ko:K00058
axx:ERS451415_05248	ko:K00156
axx:ERS451415_05253	ko:K23240
axx:ERS451415_05255	ko:K14698
axx:ERS451415_05256	ko:K14699
axx:ERS451415_05257	ko:K06953
axx:ERS451415_05258	ko:K03724
axx:ERS451415_05261	ko:K07577
axx:ERS451415_05262	ko:K16088
axx:ERS451415_05263	ko:K07165
axx:ERS451415_05264	ko:K23514
axx:ERS451415_05267	ko:K03805
axx:ERS451415_05269	ko:K19966
axx:ERS451415_05273	ko:K01438
axx:ERS451415_05275	ko:K01652
axx:ERS451415_05276	ko:K00812
axx:ERS451415_05282	ko:K16137
axx:ERS451415_05283	ko:K21645
axx:ERS451415_05284	ko:K01714
axx:ERS451415_05286	ko:K22209
axx:ERS451415_05289	ko:K20034
axx:ERS451415_05295	ko:K06867
axx:ERS451415_05298	ko:K23514
axx:ERS451415_05299	ko:K07165
axx:ERS451415_05300	ko:K16088
axx:ERS451415_05304	ko:K04078
axx:ERS451415_05305	ko:K04077
axx:ERS451415_05306	ko:K07058
axx:ERS451415_05307	ko:K22489
axx:ERS451415_05308	ko:K10217
axx:ERS451415_05309	ko:K15067
axx:ERS451415_05311	ko:K00452
axx:ERS451415_05312	ko:K03392
axx:ERS451415_05313	ko:K01999
axx:ERS451415_05314	ko:K01997
axx:ERS451415_05315	ko:K01998
axx:ERS451415_05316	ko:K01995
axx:ERS451415_05317	ko:K01996
axx:ERS451415_05318	ko:K00040
axx:ERS451415_05319	ko:K00901
axx:ERS451415_05320	ko:K03885
axx:ERS451415_05321	ko:K01591
axx:ERS451415_05322	ko:K03743
axx:ERS451415_05323	ko:K01095
axx:ERS451415_05324	ko:K00946
axx:ERS451415_05325	ko:K03625
axx:ERS451415_05326	ko:K00794
axx:ERS451415_05327	ko:K14652
axx:ERS451415_05330	ko:K02044
axx:ERS451415_05331	ko:K02041
axx:ERS451415_05332	ko:K02042
axx:ERS451415_05333	ko:K02042
axx:ERS451415_05336	ko:K03110
axx:ERS451415_05337	ko:K08316
axx:ERS451415_05338	ko:K00954
axx:ERS451415_05340	ko:K05782
axx:ERS451415_05342	ko:K07289
axx:ERS451415_05347	ko:K16088
axx:ERS451415_05353	ko:K01154
axx:ERS451415_05354	ko:K03427
axx:ERS451415_05355	ko:K01153
axx:ERS451415_05359	ko:K06942
axx:ERS451415_05361	ko:K01056
axx:ERS451415_05362	ko:K02897
axx:ERS451415_05363	ko:K00948
axx:ERS451415_05364	ko:K14223
axx:ERS451415_05365	ko:K00919
axx:ERS451415_05366	ko:K05874
axx:ERS451415_05367	ko:K02494
axx:ERS451415_05369	ko:K10563
axx:ERS451415_05371	ko:K05712
axx:ERS451415_05374	ko:K00451
axx:ERS451415_05375	ko:K01555
axx:ERS451415_05379	ko:K18981
axx:ERS451415_05381	ko:K11688
axx:ERS451415_05382	ko:K11689
axx:ERS451415_05383	ko:K11690
axx:ERS451415_05389	ko:K15778
axx:ERS451415_05390	ko:K01810
axx:ERS451415_05391	ko:K00681
axx:ERS451415_05395	ko:K01953
axx:ERS451415_05398	ko:K02473
axx:ERS451415_05399	ko:K02474
axx:ERS451415_05402	ko:K06134
axx:ERS451415_05403	ko:K07397
axx:ERS451415_05404	ko:K00560
axx:ERS451415_05405	ko:K21023
axx:ERS451415_05406	ko:K00287
axx:ERS451415_05408	ko:K00822
axx:ERS451415_05409	ko:K00140
axx:ERS451415_05411	ko:K02035
axx:ERS451415_05412	ko:K02033
axx:ERS451415_05413	ko:K02034
axx:ERS451415_05414	ko:K02031
axx:ERS451415_05414	ko:K02032
axx:ERS451415_05415	ko:K02433
axx:ERS451415_05418	ko:K00281
axx:ERS451415_05419	ko:K02437
axx:ERS451415_05420	ko:K00605
axx:ERS451415_05421	ko:K07238
axx:ERS451415_05422	ko:K04564
axx:ERS451415_05424	ko:K01584
axx:ERS451415_05429	ko:K01494
axx:ERS451415_05430	ko:K09800
axx:ERS451415_05431	ko:K07278
axx:ERS451415_05432	ko:K03593
axx:ERS451415_05434	ko:K01874
axx:ERS451415_05435	ko:K07146
axx:ERS451415_05441	ko:K10716
axx:ERS451415_05443	ko:K07727
axx:ERS451415_05446	ko:K26148
axx:ERS451415_05448	ko:K03821
axx:ERS451415_05449	ko:K18139
axx:ERS451415_05450	ko:K01993
axx:ERS451415_05451	ko:K13926
axx:ERS451415_05452	ko:K01992
axx:ERS451415_05454	ko:K00023
axx:ERS451415_05456	ko:K15269
axx:ERS451415_05457	ko:K00425
axx:ERS451415_05458	ko:K00426
axx:ERS451415_05464	ko:K13795
axx:ERS451415_05465	ko:K13796
axx:ERS451415_05466	ko:K13794
axx:ERS451415_05467	ko:K19713
axx:ERS451415_05468	ko:K06150
axx:ERS451415_05469	ko:K11209
axx:ERS451415_05470	ko:K01745
axx:ERS451415_05473	ko:K01712
axx:ERS451415_05474	ko:K09703
axx:ERS451415_05476	ko:K01466
axx:ERS451415_05477	ko:K06016
axx:ERS451415_05482	ko:K02919
axx:ERS451415_05484	ko:K20455
axx:ERS451415_05485	ko:K09788
axx:ERS451415_05486	ko:K23514
axx:ERS451415_05487	ko:K07165
axx:ERS451415_05488	ko:K16088
axx:ERS451415_05489	ko:K01755
axx:ERS451415_05490	ko:K18072
axx:ERS451415_05492	ko:K05712
axx:ERS451415_05496	ko:K16171
axx:ERS451415_05497	ko:K01800
axx:ERS451415_05501	ko:K18013
axx:ERS451415_05502	ko:K01999
axx:ERS451415_05503	ko:K10914
axx:ERS451415_05504	ko:K06941
axx:ERS451415_05506	ko:K01426
axx:ERS451415_05507	ko:K01647
axx:ERS451415_05508	ko:K01684
axx:ERS451415_05511	ko:K01426
axx:ERS451415_05515	ko:K14225
axx:ERS451415_05517	ko:K01640
axx:ERS451415_05518	ko:K18313
axx:ERS451415_05520	ko:K03439
axx:ERS451415_05521	ko:K01259
axx:ERS451415_05522	ko:K03154
axx:ERS451415_05525	ko:K03106
axx:ERS451415_05527	ko:K06950
axx:ERS451415_05528	ko:K03806
axx:ERS451415_05529	ko:K00799
axx:ERS451415_05534	ko:K07795
axx:ERS451415_05535	ko:K01784
axx:ERS451415_05538	ko:K12538
axx:ERS451415_05539	ko:K12537
axx:ERS451415_05540	ko:K12536
axx:ERS451415_05541	ko:K12545
axx:ERS451415_05542	ko:K16152
axx:ERS451415_05543	ko:K07154
axx:ERS451415_05544	ko:K15773
axx:ERS451415_05545	ko:K07165
axx:ERS451415_05548	ko:K00883
axx:ERS451415_05549	ko:K01631
axx:ERS451415_05550	ko:K01684
axx:ERS451415_05551	ko:K08194
axx:ERS451415_05552	ko:K01990
axx:ERS451415_05553	ko:K01992
axx:ERS451415_05554	ko:K01992
axx:ERS451415_05555	ko:K02014
axx:ERS451415_05556	ko:K19577
axx:ERS451415_05557	ko:K04079
axx:ERS451415_05559	ko:K16345
axx:ERS451415_05560	ko:K14228
axx:ERS451415_05562	ko:K09969
axx:ERS451415_05563	ko:K03769
axx:ERS451415_05564	ko:K27838
axx:ERS451415_05565	ko:K01999
axx:ERS451415_05572	ko:K26976
axx:ERS451415_05573	ko:K26975
axx:ERS451415_05574	ko:K26974
axx:ERS451415_05584	ko:K01483
axx:ERS451415_05588	ko:K20975
axx:ERS451415_05598	ko:K00286
axx:ERS451415_05599	ko:K15054
axx:ERS451415_05601	ko:K02055
axx:ERS451415_05602	ko:K02052
axx:ERS451415_05603	ko:K02053
axx:ERS451415_05603	ko:K02054
axx:ERS451415_05604	ko:K01714
axx:ERS451415_05605	ko:K02624
axx:ERS451415_05608	ko:K18900
axx:ERS451415_05609	ko:K18901
axx:ERS451415_05610	ko:K18902
axx:ERS451415_05611	ko:K18903
axx:ERS451415_05612	ko:K01975
axx:ERS451415_05613	ko:K01081
axx:ERS451415_05618	ko:K01999
axx:ERS451415_05619	ko:K01997
axx:ERS451415_05620	ko:K01998
axx:ERS451415_05621	ko:K01995
axx:ERS451415_05622	ko:K01996
axx:ERS451415_05624	ko:K11381
axx:ERS451415_05626	ko:K00627
axx:ERS451415_05627	ko:K00382
axx:ERS451415_05629	ko:K01687
axx:ERS451415_05631	ko:K01649
axx:ERS451415_05636	ko:K06920
axx:ERS451415_05637	ko:K01595
axx:ERS451415_05638	ko:K00074
axx:ERS451415_05639	ko:K02106
axx:ERS451415_05640	ko:K00059
axx:ERS451415_05641	ko:K02624
axx:ERS451415_05642	ko:K01031
axx:ERS451415_05643	ko:K01032
axx:ERS451415_05644	ko:K03464
axx:ERS451415_05645	ko:K09780
axx:ERS451415_05646	ko:K01055
axx:ERS451415_05650	ko:K01673
axx:ERS451415_05651	ko:K11475
axx:ERS451415_05652	ko:K07535
axx:ERS451415_05653	ko:K01999
axx:ERS451415_05654	ko:K01997
axx:ERS451415_05655	ko:K01998
axx:ERS451415_05656	ko:K01995
axx:ERS451415_05657	ko:K01996
axx:ERS451415_05659	ko:K00059
axx:ERS451415_05668	ko:K00381
axx:ERS451415_05673	ko:K01647
axx:ERS451415_05675	ko:K08967
axx:ERS451415_05676	ko:K02073
axx:ERS451415_05678	ko:K03186
axx:ERS451415_05679	ko:K07390
axx:ERS451415_05680	ko:K02493
axx:ERS451415_05681	ko:K02835
axx:ERS451415_05682	ko:K02492
axx:ERS451415_05683	ko:K14231
axx:ERS451415_05684	ko:K05834
axx:ERS451415_05685	ko:K03719
axx:ERS451415_05687	ko:K11939
axx:ERS451415_05689	ko:K22131
axx:ERS451415_05690	ko:K02014
axx:ERS451415_05693	ko:K14057
axx:ERS451415_05695	ko:K21948
axx:ERS451415_05696	ko:K08319
axx:ERS451415_05697	ko:K22025
axx:ERS451415_05698	ko:K22131
axx:ERS451415_05699	ko:K22130
axx:ERS451415_05702	ko:K00433
axx:ERS451415_05705	ko:K23722
axx:ERS451415_05706	ko:K00344
axx:ERS451415_05707	ko:K03299
axx:ERS451415_05709	ko:K11206
axx:ERS451415_05710	ko:K06889
axx:ERS451415_05714	ko:K12071
axx:ERS451415_05720	ko:K20529
axx:ERS451415_05721	ko:K20530
axx:ERS451415_05722	ko:K20266
axx:ERS451415_05725	ko:K20531
axx:ERS451415_05726	ko:K20532
axx:ERS451415_05727	ko:K20533
axx:ERS451415_05738	ko:K06077
axx:ERS451415_05751	ko:K03893
axx:ERS451415_05752	ko:K01551
axx:ERS451415_05754	ko:K03741
axx:ERS451415_05755	ko:K02036
axx:ERS451415_05756	ko:K02038
axx:ERS451415_05757	ko:K02037
axx:ERS451415_05758	ko:K02040
axx:ERS451415_05760	ko:K07222
axx:ERS451415_05761	ko:K00537
axx:ERS451415_05763	ko:K11811
axx:ERS451415_05765	ko:K15973
axx:ERS451415_05766	ko:K07713
axx:ERS451415_05767	ko:K02482
axx:ERS451415_05769	ko:K08355
axx:ERS451415_05770	ko:K08356
axx:ERS451415_05771	ko:K08738
axx:ERS451415_05772	ko:K03639
axx:ERS451415_05773	ko:K03892
axx:ERS451415_05774	ko:K07093
axx:ERS451415_05775	ko:K08365
axx:ERS451415_05776	ko:K08363
axx:ERS451415_05777	ko:K08364
axx:ERS451415_05778	ko:K00520
axx:ERS451415_05779	ko:K19057
axx:ERS451415_05780	ko:K19059
axx:ERS451415_05785	ko:K15977
axx:ERS451415_05790	ko:K03671
axx:ERS451415_05793	ko:K03321
axx:ERS451415_05794	ko:K02837
axx:ERS451415_05797	ko:K00962
axx:ERS451415_05799	ko:K04077
axx:ERS451415_05801	ko:K00574
axx:ERS451415_05802	ko:K03321
axx:ERS451415_05804	ko:K07484
axx:ERS451415_05805	ko:K07484
axx:ERS451415_05813	ko:K04763
axx:ERS451415_05815	ko:K03169
axx:ERS451415_05817	ko:K03111
axx:ERS451415_05823	ko:K12055
axx:ERS451415_05824	ko:K14232
axx:ERS451415_05825	ko:K02523
axx:ERS451415_05826	ko:K02888
axx:ERS451415_05827	ko:K02899
axx:ERS451415_05828	ko:K03979
axx:ERS451415_05829	ko:K00931
axx:ERS451415_05833	ko:K03147
axx:ERS451415_05836	ko:K21021
axx:ERS451415_05837	ko:K21029
axx:ERS451415_05838	ko:K03797
axx:ERS451415_05839	ko:K22719
axx:ERS451415_05840	ko:K01834
axx:ERS451415_05842	ko:K03676
axx:ERS451415_05843	ko:K03071
axx:ERS451415_05844	ko:K00057
axx:ERS451415_05846	ko:K03216
axx:ERS451415_05848	ko:K02169
axx:ERS451415_05849	ko:K06048
axx:ERS451415_05850	ko:K03498
axx:ERS451415_05851	ko:K03499
axx:ERS451415_05852	ko:K13599
axx:ERS451415_05853	ko:K13598
axx:ERS451415_05855	ko:K03500
axx:ERS451415_05856	ko:K05834
axx:ERS451415_05857	ko:K14441
axx:ERS451415_05858	ko:K11741
axx:ERS451415_05860	ko:K03594
axx:ERS451415_05863	ko:K01091
axx:ERS451415_05865	ko:K00604
axx:ERS451415_05866	ko:K01462
axx:ERS451415_05867	ko:K04096
axx:ERS451415_05868	ko:K01640
axx:ERS451415_05870	ko:K09969
axx:ERS451415_05871	ko:K05825
axx:ERS451415_05872	ko:K06997
axx:ERS451415_05877	ko:K01754
axx:ERS451415_05878	ko:K03285
axx:ERS451415_05881	ko:K00759
axx:ERS451415_05882	ko:K16012
axx:ERS451415_05883	ko:K16013
axx:ERS451415_05884	ko:K00424
axx:ERS451415_05885	ko:K00426
axx:ERS451415_05886	ko:K00425
axx:ERS451415_05888	ko:K08289
axx:ERS451415_05889	ko:K06041
axx:ERS451415_05890	ko:K03270
axx:ERS451415_05891	ko:K11719
axx:ERS451415_05892	ko:K09774
axx:ERS451415_05893	ko:K06861
axx:ERS451415_05894	ko:K05808
axx:ERS451415_05895	ko:K02806
axx:ERS451415_05896	ko:K06023
axx:ERS451415_05900	ko:K06958
axx:ERS451415_05901	ko:K03642
axx:ERS451415_05902	ko:K00567
axx:ERS451415_05903	ko:K07056
axx:ERS451415_05904	ko:K07460
axx:ERS451415_05905	ko:K03271
axx:ERS451415_05906	ko:K28369
axx:ERS451415_05908	ko:K02073
axx:ERS451415_05909	ko:K00930
axx:ERS451415_05910	ko:K07025
axx:ERS451415_05911	ko:K05501
axx:ERS451415_05913	ko:K00016
axx:ERS451415_05914	ko:K05837
axx:ERS451415_05915	ko:K05515
axx:ERS451415_05916	ko:K03571
axx:ERS451415_05917	ko:K03570
axx:ERS451415_05918	ko:K03569
axx:ERS451415_05919	ko:K02435
axx:ERS451415_05920	ko:K02433
axx:ERS451415_05921	ko:K02434
axx:ERS451415_05923	ko:K00762
axx:ERS451415_05924	ko:K01142
axx:ERS451415_05925	ko:K00262
axx:ERS451415_05926	ko:K09796
axx:ERS451415_05927	ko:K05596
axx:ERS451415_05928	ko:K06895
axx:ERS451415_05929	ko:K03566
axx:ERS451415_05930	ko:K01999
axx:ERS451415_05931	ko:K01997
axx:ERS451415_05932	ko:K01995
axx:ERS451415_05932	ko:K01998
axx:ERS451415_05933	ko:K01996
axx:ERS451415_05934	ko:K04063
axx:ERS451415_05935	ko:K23775
axx:ERS451415_05936	ko:K10914
axx:ERS451415_05937	ko:K01897
axx:ERS451415_05938	ko:K01995
axx:ERS451415_05939	ko:K01997
axx:ERS451415_05940	ko:K01998
axx:ERS451415_05941	ko:K01999
axx:ERS451415_05942	ko:K01996
axx:ERS451415_05944	ko:K17218
axx:ERS451415_05945	ko:K07112
axx:ERS451415_05946	ko:K07112
axx:ERS451415_05947	ko:K22042
axx:ERS451415_05949	ko:K23753
axx:ERS451415_05952	ko:K03313
axx:ERS451415_05956	ko:K01448
axx:ERS451415_05957	ko:K00019
axx:ERS451415_05958	ko:K03707
axx:ERS451415_05961	ko:K15125
axx:ERS451415_05962	ko:K07326
axx:ERS451415_05963	ko:K03648
axx:ERS451415_05966	ko:K00974
axx:ERS451415_05967	ko:K08309
axx:ERS451415_05968	ko:K01934
axx:ERS451415_05972	ko:K07395
axx:ERS451415_05974	ko:K00297
axx:ERS451415_05975	ko:K08972
axx:ERS451415_05976	ko:K01251
axx:ERS451415_05977	ko:K27597
axx:ERS451415_05978	ko:K06938
axx:ERS451415_05979	ko:K01561
axx:ERS451415_05980	ko:K01704
axx:ERS451415_05981	ko:K01703
axx:ERS451415_05983	ko:K16135
axx:ERS451415_05985	ko:K03761
axx:ERS451415_05986	ko:K02433
axx:ERS451415_05987	ko:K00789
axx:ERS451415_05988	ko:K02517
axx:ERS451415_05989	ko:K02517
axx:ERS451415_05990	ko:K01778
axx:ERS451415_05991	ko:K09921
axx:ERS451415_05992	ko:K03733
axx:ERS451415_05993	ko:K08970
axx:ERS451415_05995	ko:K02077
axx:ERS451415_05996	ko:K02075
axx:ERS451415_05997	ko:K02074
axx:ERS451415_05998	ko:K09823
axx:ERS451415_06001	ko:K06204
axx:ERS451415_06002	ko:K01419
axx:ERS451415_06003	ko:K03667
axx:ERS451415_06005	ko:K00798
axx:ERS451415_06006	ko:K03644
axx:ERS451415_06007	ko:K06145
axx:ERS451415_06008	ko:K07126
axx:ERS451415_06009	ko:K03801
axx:ERS451415_06010	ko:K09158
axx:ERS451415_06011	ko:K00824
axx:ERS451415_06013	ko:K07018
axx:ERS451415_06014	ko:K18480
axx:ERS451415_06015	ko:K02067
axx:ERS451415_06016	ko:K02065
axx:ERS451415_06017	ko:K02066
axx:ERS451415_06018	ko:K03524
axx:ERS451415_06019	ko:K03525
axx:ERS451415_06021	ko:K02527
axx:ERS451415_06022	ko:K02841
axx:ERS451415_06023	ko:K13020
axx:ERS451415_06024	ko:K13018
axx:ERS451415_06025	ko:K13017
axx:ERS451415_06032	ko:K24300
axx:ERS451415_06034	ko:K01953
axx:ERS451415_06043	ko:K00955
axx:ERS451415_06044	ko:K00957
axx:ERS451415_06051	ko:K09691
axx:ERS451415_06052	ko:K09690
axx:ERS451415_06053	ko:K01953
axx:ERS451415_06055	ko:K09386
axx:ERS451415_06058	ko:K01790
axx:ERS451415_06059	ko:K00973
axx:ERS451415_06060	ko:K01710
axx:ERS451415_06061	ko:K06131
axx:ERS451415_06063	ko:K01876
axx:ERS451415_06068	ko:K00648
axx:ERS451415_06071	ko:K01714
axx:ERS451415_06072	ko:K08968
axx:ERS451415_06073	ko:K05825
axx:ERS451415_06074	ko:K03179
axx:ERS451415_06078	ko:K11474
axx:ERS451415_06079	ko:K01638
axx:ERS451415_06084	ko:K16137
axx:ERS451415_06088	ko:K03111
axx:ERS451415_06090	ko:K03701
axx:ERS451415_06091	ko:K00799
axx:ERS451415_06092	ko:K01129
axx:ERS451415_06093	ko:K01735
axx:ERS451415_06094	ko:K00891
axx:ERS451415_06095	ko:K05366
axx:ERS451415_06096	ko:K06202
axx:ERS451415_06097	ko:K01586
axx:ERS451415_06099	ko:K07399
axx:ERS451415_06101	ko:K03978
axx:ERS451415_06102	ko:K01698
axx:ERS451415_06104	ko:K04084
axx:ERS451415_06105	ko:K03926
axx:ERS451415_06106	ko:K02503
axx:ERS451415_06107	ko:K02879
axx:ERS451415_06108	ko:K03040
axx:ERS451415_06109	ko:K02986
axx:ERS451415_06110	ko:K02948
axx:ERS451415_06111	ko:K02952
axx:ERS451415_06112	ko:K02919
axx:ERS451415_06113	ko:K02518
axx:ERS451415_06114	ko:K03076
axx:ERS451415_06115	ko:K02876
axx:ERS451415_06116	ko:K02907
axx:ERS451415_06117	ko:K02988
axx:ERS451415_06118	ko:K02881
axx:ERS451415_06119	ko:K02933
axx:ERS451415_06120	ko:K02994
axx:ERS451415_06121	ko:K02954
axx:ERS451415_06122	ko:K02931
axx:ERS451415_06123	ko:K02895
axx:ERS451415_06124	ko:K02874
axx:ERS451415_06125	ko:K22616
axx:ERS451415_06126	ko:K00135
axx:ERS451415_06131	ko:K01999
axx:ERS451415_06132	ko:K01995
axx:ERS451415_06133	ko:K01996
axx:ERS451415_06134	ko:K01997
axx:ERS451415_06135	ko:K01998
axx:ERS451415_06137	ko:K02961
axx:ERS451415_06138	ko:K02904
axx:ERS451415_06139	ko:K02878
axx:ERS451415_06140	ko:K02982
axx:ERS451415_06141	ko:K02890
axx:ERS451415_06142	ko:K02965
axx:ERS451415_06143	ko:K02886
axx:ERS451415_06144	ko:K02892
axx:ERS451415_06145	ko:K02926
axx:ERS451415_06146	ko:K02906
axx:ERS451415_06147	ko:K02946
axx:ERS451415_06148	ko:K02358
axx:ERS451415_06149	ko:K02355
axx:ERS451415_06150	ko:K02992
axx:ERS451415_06151	ko:K02950
axx:ERS451415_06152	ko:K02483
axx:ERS451415_06158	ko:K03046
axx:ERS451415_06159	ko:K03043
axx:ERS451415_06160	ko:K02935
axx:ERS451415_06161	ko:K02864
axx:ERS451415_06162	ko:K02863
axx:ERS451415_06163	ko:K02867
axx:ERS451415_06164	ko:K02601
axx:ERS451415_06165	ko:K03073
axx:ERS451415_06166	ko:K14235
axx:ERS451415_06167	ko:K02358
axx:ERS451415_06168	ko:K14234
axx:ERS451415_06169	ko:K14225
axx:ERS451415_06170	ko:K14236
axx:ERS451415_06173	ko:K01915
axx:ERS451415_06174	ko:K05602
axx:ERS451415_06175	ko:K02012
axx:ERS451415_06176	ko:K02010
axx:ERS451415_06177	ko:K02011
axx:ERS451415_06181	ko:K01760
axx:ERS451415_06184	ko:K01424
axx:ERS451415_06185	ko:K03497
axx:ERS451415_06187	ko:K03496
axx:ERS451415_06188	ko:K03501
axx:ERS451415_06189	ko:K03495
axx:ERS451415_06191	ko:K07120
axx:ERS451415_06192	ko:K14287
axx:ERS451415_06193	ko:K07793
axx:ERS451415_06194	ko:K07794
axx:ERS451415_06195	ko:K07795
axx:ERS451415_06196	ko:K07649
axx:ERS451415_06197	ko:K07774
axx:ERS451415_06198	ko:K03281
axx:ERS451415_06201	ko:K03650
axx:ERS451415_06202	ko:K02035
axx:ERS451415_06203	ko:K02033
axx:ERS451415_06204	ko:K02034
axx:ERS451415_06205	ko:K02031
axx:ERS451415_06206	ko:K02032
axx:ERS451415_06210	ko:K01738
axx:ERS451415_06211	ko:K03781
axx:ERS451415_06212	ko:K03217
axx:ERS451415_06213	ko:K08998
axx:ERS451415_06214	ko:K03536
axx:ERS451415_06215	ko:K02914
