baen:L3V59_00005	ko:K02313
baen:L3V59_00010	ko:K02338
baen:L3V59_00015	ko:K02470
baen:L3V59_00025	ko:K07497
baen:L3V59_00075	ko:K01985
baen:L3V59_00080	ko:K01980
baen:L3V59_00085	ko:K01977
baen:L3V59_00100	ko:K03781
baen:L3V59_00105	ko:K03088
baen:L3V59_00145	ko:K14237
baen:L3V59_00155	ko:K03088
baen:L3V59_00170	ko:K18911
baen:L3V59_00200	ko:K01156
baen:L3V59_00205	ko:K07316
baen:L3V59_00215	ko:K07774
baen:L3V59_00220	ko:K07649
baen:L3V59_00225	ko:K15554
baen:L3V59_00230	ko:K15555
baen:L3V59_00235	ko:K15553
baen:L3V59_00240	ko:K02421
baen:L3V59_00245	ko:K02420
baen:L3V59_00250	ko:K02419
baen:L3V59_00255	ko:K02418
baen:L3V59_00260	ko:K02417
baen:L3V59_00265	ko:K02416
baen:L3V59_00270	ko:K02415
baen:L3V59_00280	ko:K06518
baen:L3V59_00290	ko:K03446
baen:L3V59_00305	ko:K18139
baen:L3V59_00310	ko:K02463
baen:L3V59_00315	ko:K02462
baen:L3V59_00320	ko:K02461
baen:L3V59_00325	ko:K02460
baen:L3V59_00330	ko:K02459
baen:L3V59_00335	ko:K02458
baen:L3V59_00340	ko:K02457
baen:L3V59_00345	ko:K02456
baen:L3V59_00350	ko:K02452
baen:L3V59_00355	ko:K02455
baen:L3V59_00360	ko:K02454
baen:L3V59_00365	ko:K02453
baen:L3V59_00380	ko:K03530
baen:L3V59_00385	ko:K15461
baen:L3V59_00395	ko:K06048
baen:L3V59_00405	ko:K01951
baen:L3V59_00415	ko:K07117
baen:L3V59_00425	ko:K02483
baen:L3V59_00435	ko:K01724
baen:L3V59_00440	ko:K00500
baen:L3V59_00445	ko:K03719
baen:L3V59_00465	ko:K01995
baen:L3V59_00470	ko:K01996
baen:L3V59_00475	ko:K01999
baen:L3V59_00480	ko:K01997
baen:L3V59_00485	ko:K01998
baen:L3V59_00495	ko:K01999
baen:L3V59_00500	ko:K01997
baen:L3V59_00505	ko:K01995
baen:L3V59_00505	ko:K01998
baen:L3V59_00510	ko:K01996
baen:L3V59_00515	ko:K03495
baen:L3V59_00520	ko:K03501
baen:L3V59_00525	ko:K03496
baen:L3V59_00530	ko:K03497
baen:L3V59_00540	ko:K02116
baen:L3V59_00545	ko:K02108
baen:L3V59_00550	ko:K02110
baen:L3V59_00555	ko:K02109
baen:L3V59_00560	ko:K02113
baen:L3V59_00565	ko:K02111
baen:L3V59_00570	ko:K02115
baen:L3V59_00575	ko:K02112
baen:L3V59_00580	ko:K02114
baen:L3V59_00585	ko:K00666
baen:L3V59_00590	ko:K01713
baen:L3V59_00595	ko:K01599
baen:L3V59_00605	ko:K13821
baen:L3V59_00610	ko:K01999
baen:L3V59_00620	ko:K09456
baen:L3V59_00630	ko:K14287
baen:L3V59_00635	ko:K10013
baen:L3V59_00660	ko:K01534
baen:L3V59_00670	ko:K13652
baen:L3V59_00680	ko:K16238
baen:L3V59_00685	ko:K03735
baen:L3V59_00690	ko:K03736
baen:L3V59_00705	ko:K07006
baen:L3V59_00710	ko:K00138
baen:L3V59_00715	ko:K07006
baen:L3V59_00720	ko:K04033
baen:L3V59_00730	ko:K01652
baen:L3V59_00735	ko:K18829
baen:L3V59_00740	ko:K18828
baen:L3V59_00745	ko:K01752
baen:L3V59_00755	ko:K00281
baen:L3V59_00760	ko:K02437
baen:L3V59_00765	ko:K00605
baen:L3V59_00785	ko:K03656
baen:L3V59_00795	ko:K14219
baen:L3V59_00815	ko:K02423
baen:L3V59_00820	ko:K02407
baen:L3V59_00825	ko:K02406
baen:L3V59_00830	ko:K02970
baen:L3V59_00835	ko:K01246
baen:L3V59_00845	ko:K28854
baen:L3V59_00850	ko:K06188
baen:L3V59_00855	ko:K03746
baen:L3V59_00865	ko:K02403
baen:L3V59_00870	ko:K02402
baen:L3V59_00875	ko:K02556
baen:L3V59_00880	ko:K02557
baen:L3V59_00885	ko:K03413
baen:L3V59_00890	ko:K03407
baen:L3V59_00895	ko:K03408
baen:L3V59_00900	ko:K05874
baen:L3V59_00905	ko:K00575
baen:L3V59_00910	ko:K03411
baen:L3V59_00915	ko:K03412
baen:L3V59_00920	ko:K03413
baen:L3V59_00925	ko:K03414
baen:L3V59_00960	ko:K02401
baen:L3V59_00965	ko:K02400
baen:L3V59_00975	ko:K04562
baen:L3V59_00980	ko:K02405
baen:L3V59_00985	ko:K01251
baen:L3V59_00990	ko:K08972
baen:L3V59_00995	ko:K00297
baen:L3V59_01000	ko:K01426
baen:L3V59_01010	ko:K00459
baen:L3V59_01015	ko:K01999
baen:L3V59_01030	ko:K07226
baen:L3V59_01035	ko:K03746
baen:L3V59_01045	ko:K03719
baen:L3V59_01055	ko:K01069
baen:L3V59_01060	ko:K03642
baen:L3V59_01065	ko:K07056
baen:L3V59_01070	ko:K07460
baen:L3V59_01075	ko:K03271
baen:L3V59_01080	ko:K28369
baen:L3V59_01085	ko:K08738
baen:L3V59_01090	ko:K14218
baen:L3V59_01130	ko:K01476
baen:L3V59_01135	ko:K01706
baen:L3V59_01140	ko:K03535
baen:L3V59_01150	ko:K00799
baen:L3V59_01155	ko:K09965
baen:L3V59_01165	ko:K02004
baen:L3V59_01170	ko:K02004
baen:L3V59_01175	ko:K02003
baen:L3V59_01190	ko:K09122
baen:L3V59_01200	ko:K05834
baen:L3V59_01215	ko:K07275
baen:L3V59_01230	ko:K00145
baen:L3V59_01235	ko:K03809
baen:L3V59_01245	ko:K00762
baen:L3V59_01250	ko:K00029
baen:L3V59_01255	ko:K04090
baen:L3V59_01265	ko:K00457
baen:L3V59_01270	ko:K03719
baen:L3V59_01290	ko:K02613
baen:L3V59_01295	ko:K02612
baen:L3V59_01300	ko:K02611
baen:L3V59_01305	ko:K02610
baen:L3V59_01310	ko:K02609
baen:L3V59_01320	ko:K01977
baen:L3V59_01325	ko:K14227
baen:L3V59_01330	ko:K14218
baen:L3V59_01335	ko:K01980
baen:L3V59_01340	ko:K01985
baen:L3V59_01350	ko:K14236
baen:L3V59_01355	ko:K14225
baen:L3V59_01360	ko:K14234
baen:L3V59_01365	ko:K02358
baen:L3V59_01370	ko:K14235
baen:L3V59_01375	ko:K03073
baen:L3V59_01380	ko:K02601
baen:L3V59_01385	ko:K02867
baen:L3V59_01390	ko:K02863
baen:L3V59_01395	ko:K02864
baen:L3V59_01400	ko:K02935
baen:L3V59_01405	ko:K03043
baen:L3V59_01410	ko:K03046
baen:L3V59_01415	ko:K03654
baen:L3V59_01420	ko:K02950
baen:L3V59_01425	ko:K02992
baen:L3V59_01430	ko:K02355
baen:L3V59_01435	ko:K02358
baen:L3V59_01440	ko:K02946
baen:L3V59_01445	ko:K02906
baen:L3V59_01450	ko:K02926
baen:L3V59_01455	ko:K02892
baen:L3V59_01460	ko:K02886
baen:L3V59_01465	ko:K02965
baen:L3V59_01470	ko:K02890
baen:L3V59_01475	ko:K02982
baen:L3V59_01480	ko:K02878
baen:L3V59_01485	ko:K02904
baen:L3V59_01490	ko:K02961
baen:L3V59_01495	ko:K02874
baen:L3V59_01500	ko:K02895
baen:L3V59_01505	ko:K02931
baen:L3V59_01510	ko:K02954
baen:L3V59_01515	ko:K02994
baen:L3V59_01520	ko:K02933
baen:L3V59_01525	ko:K02881
baen:L3V59_01530	ko:K02988
baen:L3V59_01535	ko:K02907
baen:L3V59_01540	ko:K02876
baen:L3V59_01545	ko:K03076
baen:L3V59_01550	ko:K02518
baen:L3V59_01555	ko:K02919
baen:L3V59_01560	ko:K02952
baen:L3V59_01565	ko:K02948
baen:L3V59_01570	ko:K02986
baen:L3V59_01575	ko:K03040
baen:L3V59_01580	ko:K02879
baen:L3V59_01585	ko:K03926
baen:L3V59_01590	ko:K04084
baen:L3V59_01595	ko:K01698
baen:L3V59_01600	ko:K03978
baen:L3V59_01610	ko:K07399
baen:L3V59_01620	ko:K07147
baen:L3V59_01625	ko:K17247
baen:L3V59_01635	ko:K06202
baen:L3V59_01640	ko:K05366
baen:L3V59_01655	ko:K02664
baen:L3V59_01665	ko:K00891
baen:L3V59_01670	ko:K01735
baen:L3V59_01675	ko:K01129
baen:L3V59_01680	ko:K05813
baen:L3V59_01685	ko:K05814
baen:L3V59_01690	ko:K05815
baen:L3V59_01695	ko:K05816
baen:L3V59_01700	ko:K01126
baen:L3V59_01705	ko:K07275
baen:L3V59_01710	ko:K07491
baen:L3V59_01715	ko:K00265
baen:L3V59_01720	ko:K00266
baen:L3V59_01730	ko:K03310
baen:L3V59_01735	ko:K01975
baen:L3V59_01740	ko:K02471
baen:L3V59_01745	ko:K03153
baen:L3V59_01750	ko:K03154
baen:L3V59_01755	ko:K03149
baen:L3V59_01760	ko:K00788
baen:L3V59_01765	ko:K02065
baen:L3V59_01770	ko:K02066
baen:L3V59_01775	ko:K02067
baen:L3V59_01780	ko:K04754
baen:L3V59_01785	ko:K07323
baen:L3V59_01790	ko:K07122
baen:L3V59_01795	ko:K01990
baen:L3V59_01800	ko:K01992
baen:L3V59_01810	ko:K00790
baen:L3V59_01815	ko:K00765
baen:L3V59_01820	ko:K00013
baen:L3V59_01825	ko:K00817
baen:L3V59_01830	ko:K01693
baen:L3V59_01840	ko:K02501
baen:L3V59_01845	ko:K01814
baen:L3V59_01850	ko:K02500
baen:L3V59_01855	ko:K01496
baen:L3V59_01860	ko:K01523
baen:L3V59_01870	ko:K02503
baen:L3V59_01875	ko:K03116
baen:L3V59_01880	ko:K03117
baen:L3V59_01885	ko:K03118
baen:L3V59_01890	ko:K04772
baen:L3V59_01900	ko:K00411
baen:L3V59_01905	ko:K00412
baen:L3V59_01910	ko:K00413
baen:L3V59_01915	ko:K03599
baen:L3V59_01920	ko:K03600
baen:L3V59_01925	ko:K14234
baen:L3V59_01970	ko:K02424
baen:L3V59_01995	ko:K07497
baen:L3V59_02085	ko:K11892
baen:L3V59_02090	ko:K11893
baen:L3V59_02095	ko:K11906
baen:L3V59_02105	ko:K11901
baen:L3V59_02110	ko:K11900
baen:L3V59_02115	ko:K11903
baen:L3V59_02120	ko:K11897
baen:L3V59_02125	ko:K11896
baen:L3V59_02130	ko:K11895
baen:L3V59_02135	ko:K11907
baen:L3V59_02140	ko:K11902
baen:L3V59_02145	ko:K03286
baen:L3V59_02150	ko:K11890
baen:L3V59_02155	ko:K11891
baen:L3V59_02160	ko:K17733
baen:L3V59_02170	ko:K16074
baen:L3V59_02190	ko:K01256
baen:L3V59_02210	ko:K09941
baen:L3V59_02230	ko:K04046
baen:L3V59_02235	ko:K03704
baen:L3V59_02245	ko:K15777
baen:L3V59_02250	ko:K03186
baen:L3V59_02255	ko:K07390
baen:L3V59_02260	ko:K02493
baen:L3V59_02265	ko:K02835
baen:L3V59_02270	ko:K02492
baen:L3V59_02275	ko:K02483
baen:L3V59_02285	ko:K01262
baen:L3V59_02300	ko:K06020
baen:L3V59_02310	ko:K03566
baen:L3V59_02325	ko:K11735
baen:L3V59_02335	ko:K06942
baen:L3V59_02415	ko:K18800
baen:L3V59_02420	ko:K03981
baen:L3V59_02430	ko:K01118
baen:L3V59_02435	ko:K03648
baen:L3V59_02445	ko:K01609
baen:L3V59_02450	ko:K00766
baen:L3V59_02455	ko:K01658
baen:L3V59_02460	ko:K01657
baen:L3V59_02465	ko:K01091
baen:L3V59_02470	ko:K01783
baen:L3V59_02475	ko:K06195
baen:L3V59_02480	ko:K08304
baen:L3V59_02485	ko:K01912
baen:L3V59_02490	ko:K02614
baen:L3V59_02495	ko:K15866
baen:L3V59_02500	ko:K07823
baen:L3V59_02510	ko:K01692
baen:L3V59_02515	ko:K01977
baen:L3V59_02520	ko:K14227
baen:L3V59_02525	ko:K14218
baen:L3V59_02530	ko:K01980
baen:L3V59_02535	ko:K01985
baen:L3V59_02545	ko:K01897
baen:L3V59_02555	ko:K06134
baen:L3V59_02560	ko:K03925
baen:L3V59_02565	ko:K03438
baen:L3V59_02570	ko:K03586
baen:L3V59_02575	ko:K03587
baen:L3V59_02580	ko:K01928
baen:L3V59_02585	ko:K01929
baen:L3V59_02590	ko:K01000
baen:L3V59_02595	ko:K01925
baen:L3V59_02600	ko:K03588
baen:L3V59_02605	ko:K02563
baen:L3V59_02610	ko:K01924
baen:L3V59_02615	ko:K01921
baen:L3V59_02620	ko:K03589
baen:L3V59_02625	ko:K03590
baen:L3V59_02630	ko:K03531
baen:L3V59_02635	ko:K24138
baen:L3V59_02640	ko:K02535
baen:L3V59_02650	ko:K03070
baen:L3V59_02655	ko:K00620
baen:L3V59_02660	ko:K06923
baen:L3V59_02665	ko:K03574
baen:L3V59_02670	ko:K09862
baen:L3V59_02675	ko:K18778
baen:L3V59_02680	ko:K00859
baen:L3V59_02685	ko:K02654
baen:L3V59_02690	ko:K02653
baen:L3V59_02695	ko:K02652
baen:L3V59_02700	ko:K03699
baen:L3V59_02715	ko:K14232
baen:L3V59_02720	ko:K02523
baen:L3V59_02725	ko:K02888
baen:L3V59_02730	ko:K02899
baen:L3V59_02735	ko:K03979
baen:L3V59_02740	ko:K00931
baen:L3V59_02750	ko:K08311
baen:L3V59_02755	ko:K01881
baen:L3V59_02765	ko:K00760
baen:L3V59_02770	ko:K03106
baen:L3V59_02780	ko:K06950
baen:L3V59_02785	ko:K03806
baen:L3V59_02790	ko:K00525
baen:L3V59_02795	ko:K00526
baen:L3V59_02810	ko:K06077
baen:L3V59_02815	ko:K00856
baen:L3V59_02820	ko:K11065
baen:L3V59_02830	ko:K02687
baen:L3V59_02835	ko:K01961
baen:L3V59_02840	ko:K02160
baen:L3V59_02845	ko:K03786
baen:L3V59_02860	ko:K02558
baen:L3V59_02865	ko:K07000
baen:L3V59_02870	ko:K01147
baen:L3V59_02875	ko:K00014
baen:L3V59_02880	ko:K03814
baen:L3V59_02900	ko:K00883
baen:L3V59_02905	ko:K01631
baen:L3V59_02915	ko:K10537
baen:L3V59_02920	ko:K10539
baen:L3V59_02925	ko:K10538
baen:L3V59_02930	ko:K22185
baen:L3V59_02935	ko:K01785
baen:L3V59_02940	ko:K01591
baen:L3V59_02945	ko:K21830
baen:L3V59_02950	ko:K03743
baen:L3V59_02955	ko:K01095
baen:L3V59_02960	ko:K00946
baen:L3V59_02965	ko:K00029
baen:L3V59_02970	ko:K01167
baen:L3V59_02995	ko:K09761
baen:L3V59_03005	ko:K00797
baen:L3V59_03010	ko:K00615
baen:L3V59_03015	ko:K00134
baen:L3V59_03025	ko:K00046
baen:L3V59_03030	ko:K08173
baen:L3V59_03040	ko:K00098
baen:L3V59_03050	ko:K11921
baen:L3V59_03060	ko:K11103
baen:L3V59_03065	ko:K01477
baen:L3V59_03070	ko:K01483
baen:L3V59_03075	ko:K03711
baen:L3V59_03080	ko:K06186
baen:L3V59_03085	ko:K00215
baen:L3V59_03090	ko:K03561
baen:L3V59_03095	ko:K03559
baen:L3V59_03100	ko:K01869
baen:L3V59_03105	ko:K03643
baen:L3V59_03110	ko:K02340
baen:L3V59_03115	ko:K00147
baen:L3V59_03120	ko:K08973
baen:L3V59_03125	ko:K19337
baen:L3V59_03130	ko:K01690
baen:L3V59_03135	ko:K01625
baen:L3V59_03140	ko:K03299
baen:L3V59_03145	ko:K00851
baen:L3V59_03155	ko:K09471
baen:L3V59_03160	ko:K01756
baen:L3V59_03165	ko:K21645
baen:L3V59_03170	ko:K00261
baen:L3V59_03175	ko:K10001
baen:L3V59_03180	ko:K10003
baen:L3V59_03185	ko:K10002
baen:L3V59_03190	ko:K10004
baen:L3V59_03205	ko:K01465
baen:L3V59_03215	ko:K01978
baen:L3V59_03220	ko:K07397
baen:L3V59_03230	ko:K02871
baen:L3V59_03235	ko:K02996
baen:L3V59_03245	ko:K15724
baen:L3V59_03250	ko:K09001
baen:L3V59_03255	ko:K01866
baen:L3V59_03260	ko:K07560
baen:L3V59_03265	ko:K15634
baen:L3V59_03280	ko:K03551
baen:L3V59_03285	ko:K03550
baen:L3V59_03290	ko:K01159
baen:L3V59_03295	ko:K00602
baen:L3V59_03300	ko:K03557
baen:L3V59_03305	ko:K05540
baen:L3V59_03310	ko:K03185
baen:L3V59_03315	ko:K01262
baen:L3V59_03330	ko:K00355
baen:L3V59_03350	ko:K00324
baen:L3V59_03355	ko:K00324
baen:L3V59_03360	ko:K00325
baen:L3V59_03370	ko:K01501
baen:L3V59_03380	ko:K06996
baen:L3V59_03395	ko:K25137
baen:L3V59_03405	ko:K09857
baen:L3V59_03410	ko:K06192
baen:L3V59_03415	ko:K03808
baen:L3V59_03420	ko:K03808
baen:L3V59_03445	ko:K03797
baen:L3V59_03450	ko:K03074
baen:L3V59_03455	ko:K03072
baen:L3V59_03460	ko:K03210
baen:L3V59_03465	ko:K00773
baen:L3V59_03470	ko:K07568
baen:L3V59_03480	ko:K04761
baen:L3V59_03490	ko:K03782
baen:L3V59_03500	ko:K04047
baen:L3V59_03505	ko:K03179
baen:L3V59_03510	ko:K00286
baen:L3V59_03515	ko:K06997
baen:L3V59_03520	ko:K11473
baen:L3V59_03525	ko:K11472
baen:L3V59_03530	ko:K00104
baen:L3V59_03535	ko:K00102
baen:L3V59_03540	ko:K00798
baen:L3V59_03545	ko:K05916
baen:L3V59_03555	ko:K01626
baen:L3V59_03560	ko:K03568
baen:L3V59_03565	ko:K11206
baen:L3V59_03575	ko:K00982
baen:L3V59_03580	ko:K03631
baen:L3V59_03585	ko:K00858
baen:L3V59_03590	ko:K03705
baen:L3V59_03595	ko:K01772
baen:L3V59_03600	ko:K04762
baen:L3V59_03610	ko:K03687
baen:L3V59_03620	ko:K04043
baen:L3V59_03625	ko:K03686
baen:L3V59_03630	ko:K03342
baen:L3V59_03635	ko:K00606
baen:L3V59_03645	ko:K00950
baen:L3V59_03650	ko:K00970
baen:L3V59_03655	ko:K28842
baen:L3V59_03660	ko:K10763
baen:L3V59_03665	ko:K01933
baen:L3V59_03670	ko:K08151
baen:L3V59_03675	ko:K18476
baen:L3V59_03680	ko:K00791
baen:L3V59_03685	ko:K03572
baen:L3V59_03690	ko:K03975
baen:L3V59_03695	ko:K16011
baen:L3V59_03700	ko:K03442
baen:L3V59_03720	ko:K07266
baen:L3V59_03730	ko:K01991
baen:L3V59_03735	ko:K00963
baen:L3V59_03740	ko:K01854
baen:L3V59_03750	ko:K16650
baen:L3V59_03770	ko:K09689
baen:L3V59_03775	ko:K09688
baen:L3V59_03780	ko:K10107
baen:L3V59_03785	ko:K07265
baen:L3V59_03805	ko:K02535
baen:L3V59_03875	ko:K14229
baen:L3V59_03885	ko:K03640
baen:L3V59_03890	ko:K03641
baen:L3V59_03895	ko:K03646
baen:L3V59_03900	ko:K03560
baen:L3V59_03905	ko:K03562
baen:L3V59_03910	ko:K07107
baen:L3V59_03915	ko:K16066
baen:L3V59_03925	ko:K07738
baen:L3V59_03930	ko:K08084
baen:L3V59_03940	ko:K02672
baen:L3V59_03950	ko:K02655
baen:L3V59_03970	ko:K24158
baen:L3V59_03975	ko:K00252
baen:L3V59_03995	ko:K05712
baen:L3V59_04005	ko:K08195
baen:L3V59_04010	ko:K00451
baen:L3V59_04015	ko:K01555
baen:L3V59_04025	ko:K19577
baen:L3V59_04030	ko:K04719
baen:L3V59_04035	ko:K03778
baen:L3V59_04050	ko:K07506
baen:L3V59_04075	ko:K13481
baen:L3V59_04080	ko:K13482
baen:L3V59_04085	ko:K07402
baen:L3V59_04115	ko:K07518
baen:L3V59_04125	ko:K07090
baen:L3V59_04140	ko:K21829
baen:L3V59_04150	ko:K10013
baen:L3V59_04155	ko:K26064
baen:L3V59_04170	ko:K03088
baen:L3V59_04195	ko:K02010
baen:L3V59_04200	ko:K02011
baen:L3V59_04205	ko:K02012
baen:L3V59_04210	ko:K16301
baen:L3V59_04220	ko:K07267
baen:L3V59_04225	ko:K04078
baen:L3V59_04230	ko:K04077
baen:L3V59_04235	ko:K00941
baen:L3V59_04250	ko:K07735
baen:L3V59_04255	ko:K07447
baen:L3V59_04260	ko:K02825
baen:L3V59_04265	ko:K00609
baen:L3V59_04270	ko:K01465
baen:L3V59_04275	ko:K00655
baen:L3V59_04285	ko:K01710
baen:L3V59_04290	ko:K00973
baen:L3V59_04295	ko:K01790
baen:L3V59_04300	ko:K00067
baen:L3V59_04320	ko:K09690
baen:L3V59_04325	ko:K09691
baen:L3V59_04355	ko:K01784
baen:L3V59_04370	ko:K03328
baen:L3V59_04375	ko:K15778
baen:L3V59_04380	ko:K02841
baen:L3V59_04390	ko:K02527
baen:L3V59_04395	ko:K03189
baen:L3V59_04400	ko:K03188
baen:L3V59_04405	ko:K03187
baen:L3V59_04410	ko:K01428
baen:L3V59_04415	ko:K01429
baen:L3V59_04420	ko:K01430
baen:L3V59_04425	ko:K03190
baen:L3V59_04430	ko:K11963
baen:L3V59_04435	ko:K11962
baen:L3V59_04440	ko:K11961
baen:L3V59_04445	ko:K11960
baen:L3V59_04450	ko:K11959
baen:L3V59_04460	ko:K00573
baen:L3V59_04470	ko:K02495
baen:L3V59_04475	ko:K06940
baen:L3V59_04485	ko:K06153
baen:L3V59_04490	ko:K03439
baen:L3V59_04495	ko:K13485
baen:L3V59_04505	ko:K14225
baen:L3V59_04520	ko:K06995
baen:L3V59_04530	ko:K11735
baen:L3V59_04535	ko:K22209
baen:L3V59_04540	ko:K06895
baen:L3V59_04545	ko:K03297
baen:L3V59_04550	ko:K19338
baen:L3V59_04565	ko:K11264
baen:L3V59_04575	ko:K07240
baen:L3V59_04600	ko:K06199
baen:L3V59_04605	ko:K09137
baen:L3V59_04610	ko:K02221
baen:L3V59_04630	ko:K03182
baen:L3V59_04650	ko:K03625
baen:L3V59_04655	ko:K00794
baen:L3V59_04660	ko:K14652
baen:L3V59_04665	ko:K09983
baen:L3V59_04690	ko:K00793
baen:L3V59_04695	ko:K11752
baen:L3V59_04700	ko:K01845
baen:L3V59_04710	ko:K07552
baen:L3V59_04715	ko:K00845
baen:L3V59_04720	ko:K01057
baen:L3V59_04725	ko:K00036
baen:L3V59_04730	ko:K17315
baen:L3V59_04735	ko:K17316
baen:L3V59_04740	ko:K17317
baen:L3V59_04745	ko:K10112
baen:L3V59_04760	ko:K00384
baen:L3V59_04765	ko:K03466
baen:L3V59_04770	ko:K03634
baen:L3V59_04775	ko:K07478
baen:L3V59_04785	ko:K01875
baen:L3V59_04790	ko:K14233
baen:L3V59_04805	ko:K03406
baen:L3V59_04810	ko:K00496
baen:L3V59_04825	ko:K03609
baen:L3V59_04830	ko:K03608
baen:L3V59_04840	ko:K03281
baen:L3V59_04845	ko:K02841
baen:L3V59_04860	ko:K03832
baen:L3V59_04890	ko:K14233
baen:L3V59_04900	ko:K01519
baen:L3V59_04905	ko:K00989
baen:L3V59_04915	ko:K00942
baen:L3V59_04920	ko:K03060
baen:L3V59_04925	ko:K01139
baen:L3V59_04930	ko:K14219
baen:L3V59_04935	ko:K14219
baen:L3V59_04940	ko:K04760
baen:L3V59_04945	ko:K03285
baen:L3V59_04960	ko:K03704
baen:L3V59_04965	ko:K02342
baen:L3V59_04970	ko:K04093
baen:L3V59_04985	ko:K02014
baen:L3V59_05010	ko:K05712
baen:L3V59_05020	ko:K14234
baen:L3V59_05025	ko:K03841
baen:L3V59_05030	ko:K01256
baen:L3V59_05040	ko:K23541
baen:L3V59_05045	ko:K01487
baen:L3V59_05055	ko:K21053
baen:L3V59_05060	ko:K07402
baen:L3V59_05065	ko:K03611
baen:L3V59_05070	ko:K02433
baen:L3V59_05110	ko:K00126
baen:L3V59_05115	ko:K00123
baen:L3V59_05120	ko:K00124
baen:L3V59_05125	ko:K00127
baen:L3V59_05145	ko:K15035
baen:L3V59_05150	ko:K22292
baen:L3V59_05155	ko:K00568
baen:L3V59_05160	ko:K03286
baen:L3V59_05165	ko:K02469
baen:L3V59_05170	ko:K09924
baen:L3V59_05175	ko:K00831
baen:L3V59_05180	ko:K14170
baen:L3V59_05185	ko:K04517
baen:L3V59_05190	ko:K00800
baen:L3V59_05195	ko:K00945
baen:L3V59_05200	ko:K02945
baen:L3V59_05205	ko:K05788
baen:L3V59_05210	ko:K08992
baen:L3V59_05215	ko:K19804
baen:L3V59_05220	ko:K00012
baen:L3V59_05225	ko:K21344
baen:L3V59_05230	ko:K03274
baen:L3V59_05235	ko:K02237
baen:L3V59_05240	ko:K12339
baen:L3V59_05245	ko:K08305
baen:L3V59_05255	ko:K01054
baen:L3V59_05260	ko:K02071
baen:L3V59_05265	ko:K02072
baen:L3V59_05270	ko:K02073
baen:L3V59_05275	ko:K03521
baen:L3V59_05280	ko:K03522
baen:L3V59_05290	ko:K00285
baen:L3V59_05295	ko:K03719
baen:L3V59_05315	ko:K02959
baen:L3V59_05320	ko:K02860
baen:L3V59_05325	ko:K00554
baen:L3V59_05330	ko:K02884
baen:L3V59_05340	ko:K02227
baen:L3V59_05350	ko:K06949
baen:L3V59_05355	ko:K06013
baen:L3V59_05360	ko:K13288
baen:L3V59_05365	ko:K03831
baen:L3V59_05370	ko:K09889
baen:L3V59_05375	ko:K03592
baen:L3V59_05380	ko:K00287
baen:L3V59_05395	ko:K00560
baen:L3V59_05420	ko:K01679
baen:L3V59_05425	ko:K26939
baen:L3V59_05430	ko:K14761
baen:L3V59_05445	ko:K26606
baen:L3V59_05450	ko:K26605
baen:L3V59_05460	ko:K05805
baen:L3V59_05465	ko:K14220
baen:L3V59_05470	ko:K14220
baen:L3V59_05475	ko:K05524
baen:L3V59_05480	ko:K00763
baen:L3V59_05485	ko:K00782
baen:L3V59_05495	ko:K00090
baen:L3V59_05500	ko:K09760
baen:L3V59_05515	ko:K03750
baen:L3V59_05520	ko:K03752
baen:L3V59_05525	ko:K03639
baen:L3V59_05530	ko:K08300
baen:L3V59_05535	ko:K06179
baen:L3V59_05540	ko:K01091
baen:L3V59_05550	ko:K04773
baen:L3V59_05555	ko:K07056
baen:L3V59_05560	ko:K25422
baen:L3V59_05565	ko:K07040
baen:L3V59_05570	ko:K02911
baen:L3V59_05575	ko:K03621
baen:L3V59_05580	ko:K00648
baen:L3V59_05585	ko:K00645
baen:L3V59_05590	ko:K00059
baen:L3V59_05595	ko:K02078
baen:L3V59_05600	ko:K09458
baen:L3V59_05610	ko:K03088
baen:L3V59_05615	ko:K03597
baen:L3V59_05620	ko:K03598
baen:L3V59_05625	ko:K04771
baen:L3V59_05635	ko:K03596
baen:L3V59_05640	ko:K03100
baen:L3V59_05645	ko:K03685
baen:L3V59_05650	ko:K03595
baen:L3V59_05655	ko:K03584
baen:L3V59_05660	ko:K03474
baen:L3V59_05665	ko:K00997
baen:L3V59_05670	ko:K01207
baen:L3V59_05680	ko:K02356
baen:L3V59_05690	ko:K03703
baen:L3V59_05695	ko:K00995
baen:L3V59_05700	ko:K14225
baen:L3V59_05705	ko:K14225
baen:L3V59_05715	ko:K07223
baen:L3V59_05735	ko:K00148
baen:L3V59_05745	ko:K07481
baen:L3V59_05755	ko:K03702
baen:L3V59_05795	ko:K23239
baen:L3V59_05800	ko:K00121
baen:L3V59_05815	ko:K01070
baen:L3V59_05820	ko:K03885
baen:L3V59_05825	ko:K07478
baen:L3V59_05835	ko:K03701
baen:L3V59_05840	ko:K12070
baen:L3V59_05885	ko:K03630
baen:L3V59_05945	ko:K12071
baen:L3V59_06070	ko:K00558
baen:L3V59_06075	ko:K03169
baen:L3V59_06080	ko:K03111
baen:L3V59_06115	ko:K12055
baen:L3V59_06120	ko:K07733
baen:L3V59_06130	ko:K14225
baen:L3V59_06135	ko:K14222
baen:L3V59_06145	ko:K24217
baen:L3V59_06160	ko:K01265
baen:L3V59_06165	ko:K08968
baen:L3V59_06175	ko:K06911
baen:L3V59_06180	ko:K02348
baen:L3V59_06185	ko:K02351
baen:L3V59_06190	ko:K09796
baen:L3V59_06195	ko:K07152
baen:L3V59_06200	ko:K01087
baen:L3V59_06205	ko:K00697
baen:L3V59_06210	ko:K06147
baen:L3V59_06225	ko:K08983
baen:L3V59_06230	ko:K01706
baen:L3V59_06240	ko:K01999
baen:L3V59_06245	ko:K01114
baen:L3V59_06250	ko:K00868
baen:L3V59_06290	ko:K10016
baen:L3V59_06295	ko:K10015
baen:L3V59_06300	ko:K10017
baen:L3V59_06305	ko:K21825
baen:L3V59_06310	ko:K00840
baen:L3V59_06315	ko:K00673
baen:L3V59_06320	ko:K00673
baen:L3V59_06325	ko:K06447
baen:L3V59_06330	ko:K01484
baen:L3V59_06335	ko:K05526
baen:L3V59_06340	ko:K10013
baen:L3V59_06355	ko:K03564
baen:L3V59_06375	ko:K07789
baen:L3V59_06380	ko:K07788
baen:L3V59_06385	ko:K07799
baen:L3V59_06390	ko:K20329
baen:L3V59_06395	ko:K07093
baen:L3V59_06400	ko:K03320
baen:L3V59_06420	ko:K07118
baen:L3V59_06425	ko:K05800
baen:L3V59_06430	ko:K02010
baen:L3V59_06435	ko:K02011
baen:L3V59_06440	ko:K02012
baen:L3V59_06450	ko:K16234
baen:L3V59_06470	ko:K03581
baen:L3V59_06475	ko:K15034
baen:L3V59_06495	ko:K04062
baen:L3V59_06500	ko:K03147
baen:L3V59_06540	ko:K03651
baen:L3V59_06545	ko:K02052
baen:L3V59_06550	ko:K02053
baen:L3V59_06555	ko:K02053
baen:L3V59_06560	ko:K02055
baen:L3V59_06580	ko:K02014
baen:L3V59_06600	ko:K19802
baen:L3V59_06610	ko:K03559
baen:L3V59_06615	ko:K03559
baen:L3V59_06620	ko:K03561
baen:L3V59_06625	ko:K03832
baen:L3V59_06630	ko:K02483
baen:L3V59_06640	ko:K00344
baen:L3V59_06645	ko:K15977
baen:L3V59_06650	ko:K10680
baen:L3V59_06665	ko:K00166
baen:L3V59_06670	ko:K00167
baen:L3V59_06675	ko:K09699
baen:L3V59_06680	ko:K00382
baen:L3V59_06705	ko:K01480
baen:L3V59_06720	ko:K03457
baen:L3V59_06740	ko:K06016
baen:L3V59_06750	ko:K19577
baen:L3V59_06760	ko:K17989
baen:L3V59_06770	ko:K03717
baen:L3V59_06780	ko:K09981
baen:L3V59_06785	ko:K13993
baen:L3V59_06790	ko:K13993
baen:L3V59_06795	ko:K17735
baen:L3V59_06820	ko:K13929
baen:L3V59_06825	ko:K13931
baen:L3V59_06830	ko:K13932
baen:L3V59_06835	ko:K13933
baen:L3V59_06840	ko:K13934
baen:L3V59_06850	ko:K00645
baen:L3V59_06860	ko:K07100
baen:L3V59_06880	ko:K03762
baen:L3V59_06885	ko:K09771
baen:L3V59_06890	ko:K02342
baen:L3V59_06895	ko:K03469
baen:L3V59_06905	ko:K01069
baen:L3V59_06910	ko:K08307
baen:L3V59_06920	ko:K01956
baen:L3V59_06925	ko:K11250
baen:L3V59_06930	ko:K01955
baen:L3V59_06935	ko:K03624
baen:L3V59_06945	ko:K07574
baen:L3V59_06950	ko:K02427
baen:L3V59_06955	ko:K03798
baen:L3V59_06960	ko:K00796
baen:L3V59_06965	ko:K03431
baen:L3V59_06970	ko:K02040
baen:L3V59_06975	ko:K02037
baen:L3V59_06980	ko:K02038
baen:L3V59_06985	ko:K02036
baen:L3V59_06990	ko:K02039
baen:L3V59_06995	ko:K07657
baen:L3V59_07000	ko:K07636
baen:L3V59_07005	ko:K00937
baen:L3V59_07010	ko:K01524
baen:L3V59_07025	ko:K14232
baen:L3V59_07030	ko:K08296
baen:L3V59_07035	ko:K22310
baen:L3V59_07050	ko:K26937
baen:L3V59_07060	ko:K01895
baen:L3V59_07080	ko:K06153
baen:L3V59_07085	ko:K14219
baen:L3V59_07115	ko:K02014
baen:L3V59_07120	ko:K03832
baen:L3V59_07125	ko:K03561
baen:L3V59_07130	ko:K03559
baen:L3V59_07135	ko:K13893
baen:L3V59_07140	ko:K13894
baen:L3V59_07145	ko:K13895
baen:L3V59_07150	ko:K13896
baen:L3V59_07160	ko:K00820
baen:L3V59_07170	ko:K01791
baen:L3V59_07180	ko:K07302
baen:L3V59_07185	ko:K07303
baen:L3V59_07200	ko:K00344
baen:L3V59_07215	ko:K00219
baen:L3V59_07235	ko:K02030
baen:L3V59_07245	ko:K05712
baen:L3V59_07250	ko:K00217
baen:L3V59_07260	ko:K04098
baen:L3V59_07275	ko:K02014
baen:L3V59_07280	ko:K02013
baen:L3V59_07285	ko:K02016
baen:L3V59_07290	ko:K02015
baen:L3V59_07295	ko:K02484
baen:L3V59_07300	ko:K02483
baen:L3V59_07315	ko:K11896
baen:L3V59_07350	ko:K11904
baen:L3V59_07420	ko:K23514
baen:L3V59_07425	ko:K07165
baen:L3V59_07430	ko:K02014
baen:L3V59_07445	ko:K06991
baen:L3V59_07455	ko:K18540
baen:L3V59_07495	ko:K00981
baen:L3V59_07540	ko:K20542
baen:L3V59_07565	ko:K00694
baen:L3V59_07595	ko:K24163
baen:L3V59_07675	ko:K01886
baen:L3V59_07680	ko:K04062
baen:L3V59_07685	ko:K07002
baen:L3V59_07690	ko:K01041
baen:L3V59_07695	ko:K01872
baen:L3V59_07715	ko:K07107
baen:L3V59_07720	ko:K01997
baen:L3V59_07725	ko:K01998
baen:L3V59_07730	ko:K01995
baen:L3V59_07740	ko:K00059
baen:L3V59_07750	ko:K03337
baen:L3V59_07755	ko:K03335
baen:L3V59_07760	ko:K03336
baen:L3V59_07765	ko:K03338
baen:L3V59_07770	ko:K17213
baen:L3V59_07775	ko:K17215
baen:L3V59_07780	ko:K17214
baen:L3V59_07785	ko:K06605
baen:L3V59_07790	ko:K00010
baen:L3V59_07795	ko:K03335
baen:L3V59_07810	ko:K00140
baen:L3V59_07820	ko:K04085
baen:L3V59_07850	ko:K00963
baen:L3V59_07855	ko:K01873
baen:L3V59_07860	ko:K03657
baen:L3V59_07865	ko:K01243
baen:L3V59_07870	ko:K08223
baen:L3V59_07875	ko:K03406
baen:L3V59_07895	ko:K18139
baen:L3V59_07925	ko:K03809
baen:L3V59_07930	ko:K07058
baen:L3V59_07950	ko:K01736
baen:L3V59_07955	ko:K00311
baen:L3V59_07965	ko:K07107
baen:L3V59_07975	ko:K01028
baen:L3V59_07980	ko:K01029
baen:L3V59_07990	ko:K11939
baen:L3V59_08010	ko:K00951
baen:L3V59_08015	ko:K14237
baen:L3V59_08020	ko:K01868
baen:L3V59_08025	ko:K02520
baen:L3V59_08030	ko:K02916
baen:L3V59_08035	ko:K02887
baen:L3V59_08040	ko:K01889
baen:L3V59_08045	ko:K01890
baen:L3V59_08050	ko:K04764
baen:L3V59_08080	ko:K14232
baen:L3V59_08085	ko:K07287
baen:L3V59_08120	ko:K07492
baen:L3V59_08135	ko:K06024
baen:L3V59_08140	ko:K06178
baen:L3V59_08145	ko:K09748
baen:L3V59_08150	ko:K02600
baen:L3V59_08155	ko:K02519
baen:L3V59_08160	ko:K02834
baen:L3V59_08165	ko:K03177
baen:L3V59_08170	ko:K03446
baen:L3V59_08175	ko:K03543
baen:L3V59_08180	ko:K18139
baen:L3V59_08190	ko:K06207
baen:L3V59_08195	ko:K00164
baen:L3V59_08200	ko:K00658
baen:L3V59_08205	ko:K00382
baen:L3V59_08210	ko:K06916
baen:L3V59_08245	ko:K02651
baen:L3V59_08250	ko:K02278
baen:L3V59_08255	ko:K12513
baen:L3V59_08260	ko:K02279
baen:L3V59_08265	ko:K02280
baen:L3V59_08270	ko:K02282
baen:L3V59_08275	ko:K02283
baen:L3V59_08280	ko:K12510
baen:L3V59_08285	ko:K12511
baen:L3V59_08290	ko:K27079
baen:L3V59_08300	ko:K27080
baen:L3V59_08330	ko:K01897
baen:L3V59_08340	ko:K08178
baen:L3V59_08360	ko:K00847
baen:L3V59_08365	ko:K10439
baen:L3V59_08370	ko:K10440
baen:L3V59_08375	ko:K10441
baen:L3V59_08385	ko:K14228
baen:L3V59_08390	ko:K14228
baen:L3V59_08395	ko:K15553
baen:L3V59_08425	ko:K03446
baen:L3V59_08435	ko:K14228
baen:L3V59_08440	ko:K12573
baen:L3V59_08445	ko:K03218
baen:L3V59_08450	ko:K11066
baen:L3V59_08455	ko:K01807
baen:L3V59_08470	ko:K10009
baen:L3V59_08475	ko:K02424
baen:L3V59_08480	ko:K00254
baen:L3V59_08485	ko:K21420
baen:L3V59_08490	ko:K00684
baen:L3V59_08500	ko:K14230
baen:L3V59_08510	ko:K03297
baen:L3V59_08520	ko:K07497
baen:L3V59_08530	ko:K04091
baen:L3V59_08535	ko:K15554
baen:L3V59_08540	ko:K15555
baen:L3V59_08560	ko:K05539
baen:L3V59_08565	ko:K14226
baen:L3V59_08575	ko:K07497
baen:L3V59_08630	ko:K04750
baen:L3V59_08675	ko:K06917
baen:L3V59_08680	ko:K07089
baen:L3V59_08690	ko:K09694
baen:L3V59_08695	ko:K09695
baen:L3V59_08715	ko:K01356
baen:L3V59_08720	ko:K23163
baen:L3V59_08725	ko:K02046
baen:L3V59_08730	ko:K02047
baen:L3V59_08740	ko:K13635
baen:L3V59_08750	ko:K10439
baen:L3V59_08755	ko:K10441
baen:L3V59_08760	ko:K10440
baen:L3V59_08770	ko:K00852
baen:L3V59_08775	ko:K05874
baen:L3V59_08780	ko:K07180
baen:L3V59_08785	ko:K09786
baen:L3V59_08790	ko:K06415
baen:L3V59_08795	ko:K03761
baen:L3V59_08800	ko:K03566
baen:L3V59_08805	ko:K10536
baen:L3V59_08810	ko:K12251
baen:L3V59_08815	ko:K02055
baen:L3V59_08820	ko:K10536
baen:L3V59_08825	ko:K10536
baen:L3V59_08835	ko:K02030
baen:L3V59_08840	ko:K02029
baen:L3V59_08845	ko:K02029
baen:L3V59_08855	ko:K18129
baen:L3V59_08860	ko:K18094
baen:L3V59_08865	ko:K18095
baen:L3V59_08870	ko:K18139
baen:L3V59_08875	ko:K07345
baen:L3V59_08880	ko:K12518
baen:L3V59_08885	ko:K07346
baen:L3V59_08910	ko:K05375
baen:L3V59_08920	ko:K10829
baen:L3V59_08930	ko:K13255
baen:L3V59_08935	ko:K23227
baen:L3V59_08940	ko:K06160
baen:L3V59_08955	ko:K03896
baen:L3V59_08960	ko:K10531
baen:L3V59_08965	ko:K02014
baen:L3V59_08975	ko:K03896
baen:L3V59_08980	ko:K18829
baen:L3V59_08985	ko:K18828
baen:L3V59_09000	ko:K01451
baen:L3V59_09010	ko:K02224
baen:L3V59_09015	ko:K19221
baen:L3V59_09020	ko:K02189
baen:L3V59_09025	ko:K02303
baen:L3V59_09035	ko:K02234
baen:L3V59_09040	ko:K02230
baen:L3V59_09050	ko:K13580
baen:L3V59_09055	ko:K09768
baen:L3V59_09060	ko:K09983
baen:L3V59_09070	ko:K03574
baen:L3V59_09085	ko:K03300
baen:L3V59_09090	ko:K00249
baen:L3V59_09100	ko:K01183
baen:L3V59_09110	ko:K08224
baen:L3V59_09115	ko:K13541
baen:L3V59_09120	ko:K03394
baen:L3V59_09125	ko:K06042
baen:L3V59_09140	ko:K00595
baen:L3V59_09150	ko:K02188
baen:L3V59_09155	ko:K05895
baen:L3V59_09160	ko:K05936
baen:L3V59_09180	ko:K03449
baen:L3V59_09210	ko:K11209
baen:L3V59_09230	ko:K00344
baen:L3V59_09250	ko:K07002
baen:L3V59_09260	ko:K07341
baen:L3V59_09265	ko:K02055
baen:L3V59_09270	ko:K02052
baen:L3V59_09275	ko:K02054
baen:L3V59_09280	ko:K02053
baen:L3V59_09300	ko:K00018
baen:L3V59_09305	ko:K18313
baen:L3V59_09310	ko:K01640
baen:L3V59_09350	ko:K10907
baen:L3V59_09385	ko:K08369
baen:L3V59_09390	ko:K02839
baen:L3V59_09395	ko:K18148
baen:L3V59_09450	ko:K08161
baen:L3V59_09455	ko:K00459
baen:L3V59_09465	ko:K23775
baen:L3V59_09480	ko:K02483
baen:L3V59_09490	ko:K00570
baen:L3V59_09510	ko:K04063
baen:L3V59_09545	ko:K18139
baen:L3V59_09550	ko:K03543
baen:L3V59_09555	ko:K03446
baen:L3V59_09580	ko:K11921
baen:L3V59_09585	ko:K03549
baen:L3V59_09595	ko:K01297
baen:L3V59_09615	ko:K00133
baen:L3V59_09620	ko:K03809
baen:L3V59_09635	ko:K00799
baen:L3V59_09640	ko:K03296
baen:L3V59_09655	ko:K13896
baen:L3V59_09660	ko:K13895
baen:L3V59_09665	ko:K13894
baen:L3V59_09670	ko:K13893
baen:L3V59_09675	ko:K02014
baen:L3V59_09690	ko:K03559
baen:L3V59_09695	ko:K03559
baen:L3V59_09700	ko:K03561
baen:L3V59_09705	ko:K03832
baen:L3V59_09710	ko:K19055
baen:L3V59_09715	ko:K01738
baen:L3V59_09720	ko:K09129
baen:L3V59_09725	ko:K09780
baen:L3V59_09730	ko:K03284
baen:L3V59_09735	ko:K00424
baen:L3V59_09760	ko:K02483
baen:L3V59_09765	ko:K02484
baen:L3V59_09795	ko:K02525
baen:L3V59_09800	ko:K00090
baen:L3V59_09810	ko:K00874
baen:L3V59_09830	ko:K03281
baen:L3V59_09840	ko:K18302
baen:L3V59_09845	ko:K18303
baen:L3V59_09860	ko:K07727
baen:L3V59_09885	ko:K17218
baen:L3V59_09890	ko:K07090
baen:L3V59_09905	ko:K11074
baen:L3V59_09910	ko:K11075
baen:L3V59_09915	ko:K11076
baen:L3V59_09920	ko:K11073
baen:L3V59_09925	ko:K06938
baen:L3V59_09930	ko:K07275
baen:L3V59_09935	ko:K00459
baen:L3V59_09940	ko:K00128
baen:L3V59_09965	ko:K01626
baen:L3V59_09970	ko:K00216
baen:L3V59_09980	ko:K09956
baen:L3V59_09985	ko:K01252
baen:L3V59_09990	ko:K02363
baen:L3V59_09995	ko:K02361
baen:L3V59_10000	ko:K16089
baen:L3V59_10010	ko:K02016
baen:L3V59_10015	ko:K07017
baen:L3V59_10020	ko:K02015
baen:L3V59_10025	ko:K02013
baen:L3V59_10055	ko:K01953
baen:L3V59_10080	ko:K07290
baen:L3V59_10085	ko:K02068
baen:L3V59_10090	ko:K02069
baen:L3V59_10175	ko:K00023
baen:L3V59_10180	ko:K00626
baen:L3V59_10185	ko:K03821
baen:L3V59_10190	ko:K05810
baen:L3V59_10195	ko:K06180
baen:L3V59_10200	ko:K05807
baen:L3V59_10205	ko:K03722
baen:L3V59_10220	ko:K06959
baen:L3V59_10225	ko:K03549
baen:L3V59_10230	ko:K07101
baen:L3V59_10235	ko:K01939
baen:L3V59_10240	ko:K02502
baen:L3V59_10245	ko:K09937
baen:L3V59_10250	ko:K04087
baen:L3V59_10255	ko:K04088
baen:L3V59_10260	ko:K03665
baen:L3V59_10265	ko:K03666
baen:L3V59_10270	ko:K03977
baen:L3V59_10275	ko:K17713
baen:L3V59_10285	ko:K01892
baen:L3V59_10290	ko:K03526
baen:L3V59_10295	ko:K15539
baen:L3V59_10300	ko:K06941
baen:L3V59_10305	ko:K00940
baen:L3V59_10310	ko:K19416
baen:L3V59_10315	ko:K03215
baen:L3V59_10325	ko:K07501
baen:L3V59_10330	ko:K03087
baen:L3V59_10335	ko:K06194
baen:L3V59_10340	ko:K00573
baen:L3V59_10345	ko:K03787
baen:L3V59_10350	ko:K18313
baen:L3V59_10355	ko:K06187
baen:L3V59_10360	ko:K09747
baen:L3V59_10365	ko:K02343
baen:L3V59_10370	ko:K01983
baen:L3V59_10375	ko:K03671
baen:L3V59_10380	ko:K03628
baen:L3V59_10390	ko:K03446
baen:L3V59_10395	ko:K09933
baen:L3V59_10400	ko:K02909
baen:L3V59_10410	ko:K26939
baen:L3V59_10415	ko:K03644
baen:L3V59_10420	ko:K00627
baen:L3V59_10430	ko:K21416
baen:L3V59_10435	ko:K03366
baen:L3V59_10445	ko:K21405
baen:L3V59_10450	ko:K01607
baen:L3V59_10460	ko:K02237
baen:L3V59_10470	ko:K03695
baen:L3V59_10475	ko:K13771
baen:L3V59_10480	ko:K06886
baen:L3V59_10485	ko:K03635
baen:L3V59_10490	ko:K03636
baen:L3V59_10495	ko:K03750
baen:L3V59_10500	ko:K01733
baen:L3V59_10505	ko:K00003
baen:L3V59_10510	ko:K14260
baen:L3V59_10535	ko:K10012
baen:L3V59_10550	ko:K13014
baen:L3V59_10555	ko:K03564
baen:L3V59_10565	ko:K07175
baen:L3V59_10575	ko:K03306
baen:L3V59_10580	ko:K07220
baen:L3V59_10585	ko:K02314
baen:L3V59_10590	ko:K02939
baen:L3V59_10595	ko:K02963
baen:L3V59_10600	ko:K02686
baen:L3V59_10605	ko:K02990
baen:L3V59_10620	ko:K03088
baen:L3V59_10630	ko:K01608
baen:L3V59_10635	ko:K01816
baen:L3V59_10640	ko:K00042
baen:L3V59_10650	ko:K01424
baen:L3V59_10690	ko:K06867
baen:L3V59_10695	ko:K03424
baen:L3V59_10700	ko:K02341
baen:L3V59_10705	ko:K00943
baen:L3V59_10710	ko:K07082
baen:L3V59_10715	ko:K06980
baen:L3V59_10760	ko:K11904
baen:L3V59_10840	ko:K03554
baen:L3V59_10870	ko:K00632
baen:L3V59_10875	ko:K08281
baen:L3V59_10880	ko:K07516
baen:L3V59_10885	ko:K20034
baen:L3V59_10890	ko:K08997
baen:L3V59_10895	ko:K07305
baen:L3V59_10900	ko:K06190
baen:L3V59_10905	ko:K05527
baen:L3V59_10910	ko:K03769
baen:L3V59_10915	ko:K07497
baen:L3V59_10920	ko:K03824
baen:L3V59_10935	ko:K23997
baen:L3V59_10940	ko:K01810
baen:L3V59_10945	ko:K02003
baen:L3V59_10950	ko:K10804
baen:L3V59_10955	ko:K03770
baen:L3V59_10960	ko:K14221
baen:L3V59_10965	ko:K14237
baen:L3V59_10970	ko:K01338
baen:L3V59_10975	ko:K03544
baen:L3V59_10980	ko:K01358
baen:L3V59_10985	ko:K03545
baen:L3V59_10990	ko:K00865
baen:L3V59_11000	ko:K00077
baen:L3V59_11095	ko:K14228
baen:L3V59_11100	ko:K02291
baen:L3V59_11120	ko:K07659
baen:L3V59_11125	ko:K07638
baen:L3V59_11130	ko:K24126
baen:L3V59_11135	ko:K04756
baen:L3V59_11150	ko:K01770
baen:L3V59_11160	ko:K03723
baen:L3V59_11165	ko:K01438
baen:L3V59_11170	ko:K01754
baen:L3V59_11180	ko:K05366
baen:L3V59_11185	ko:K03969
baen:L3V59_11195	ko:K03282
baen:L3V59_11210	ko:K09165
baen:L3V59_11220	ko:K18456
baen:L3V59_11225	ko:K07127
baen:L3V59_11235	ko:K09964
baen:L3V59_11240	ko:K03566
baen:L3V59_11255	ko:K18900
baen:L3V59_11260	ko:K01483
baen:L3V59_11265	ko:K01477
baen:L3V59_11270	ko:K13485
baen:L3V59_11275	ko:K16842
baen:L3V59_11280	ko:K16841
baen:L3V59_11285	ko:K03457
baen:L3V59_11295	ko:K01297
baen:L3V59_11300	ko:K11991
baen:L3V59_11325	ko:K03710
baen:L3V59_11350	ko:K00020
baen:L3V59_11355	ko:K03574
baen:L3V59_11360	ko:K03826
baen:L3V59_11375	ko:K02342
baen:L3V59_11380	ko:K01951
baen:L3V59_11390	ko:K00088
baen:L3V59_11425	ko:K09801
baen:L3V59_11435	ko:K03664
baen:L3V59_11450	ko:K01007
baen:L3V59_11455	ko:K09773
baen:L3V59_11460	ko:K03437
baen:L3V59_11465	ko:K03470
baen:L3V59_11470	ko:K00748
baen:L3V59_11475	ko:K00677
baen:L3V59_11480	ko:K02372
baen:L3V59_11485	ko:K02536
baen:L3V59_11490	ko:K06142
baen:L3V59_11495	ko:K07277
baen:L3V59_11500	ko:K11749
baen:L3V59_11505	ko:K00099
baen:L3V59_11510	ko:K00981
baen:L3V59_11515	ko:K00806
baen:L3V59_11520	ko:K02838
baen:L3V59_11525	ko:K09903
baen:L3V59_11530	ko:K02357
baen:L3V59_11535	ko:K02967
baen:L3V59_11540	ko:K01265
baen:L3V59_11545	ko:K00990
baen:L3V59_11555	ko:K01462
baen:L3V59_11560	ko:K01972
baen:L3V59_11570	ko:K03529
baen:L3V59_11580	ko:K14267
baen:L3V59_11585	ko:K00674
baen:L3V59_11595	ko:K01439
baen:L3V59_11600	ko:K07320
baen:L3V59_11605	ko:K06131
baen:L3V59_11610	ko:K00432
baen:L3V59_11615	ko:K06158
baen:L3V59_11625	ko:K04485
baen:L3V59_11630	ko:K01775
baen:L3V59_11635	ko:K08227
baen:L3V59_11640	ko:K00941
baen:L3V59_11645	ko:K09977
baen:L3V59_11650	ko:K21929
baen:L3V59_11655	ko:K03789
baen:L3V59_11660	ko:K14742
baen:L3V59_11675	ko:K01637
baen:L3V59_11690	ko:K01560
baen:L3V59_11695	ko:K01638
baen:L3V59_11715	ko:K14221
baen:L3V59_11720	ko:K14224
baen:L3V59_11725	ko:K14221
baen:L3V59_11730	ko:K14224
baen:L3V59_11735	ko:K14221
baen:L3V59_11740	ko:K14224
baen:L3V59_11745	ko:K14218
baen:L3V59_11750	ko:K01885
baen:L3V59_11755	ko:K07001
baen:L3V59_11765	ko:K13896
baen:L3V59_11770	ko:K13895
baen:L3V59_11775	ko:K13894
baen:L3V59_11780	ko:K13893
baen:L3V59_11790	ko:K18138
baen:L3V59_11795	ko:K03585
baen:L3V59_11800	ko:K18139
baen:L3V59_11810	ko:K02483
baen:L3V59_11820	ko:K02483
baen:L3V59_11830	ko:K02300
baen:L3V59_11835	ko:K02299
baen:L3V59_11840	ko:K02298
baen:L3V59_11845	ko:K02297
baen:L3V59_11850	ko:K00342
baen:L3V59_11875	ko:K14233
baen:L3V59_11880	ko:K00928
baen:L3V59_11885	ko:K04075
baen:L3V59_11890	ko:K01962
baen:L3V59_11895	ko:K01247
baen:L3V59_11900	ko:K01883
baen:L3V59_11910	ko:K03767
baen:L3V59_11915	ko:K03768
baen:L3V59_11920	ko:K03269
baen:L3V59_11925	ko:K00640
baen:L3V59_11930	ko:K02533
baen:L3V59_11935	ko:K01092
baen:L3V59_11940	ko:K07137
baen:L3V59_11945	ko:K18554
baen:L3V59_11955	ko:K10680
baen:L3V59_11980	ko:K07032
baen:L3V59_11985	ko:K03555
baen:L3V59_11995	ko:K03775
baen:L3V59_12000	ko:K18850
baen:L3V59_12010	ko:K07287
baen:L3V59_12015	ko:K01714
baen:L3V59_12025	ko:K01867
baen:L3V59_12040	ko:K07053
baen:L3V59_12055	ko:K28956
baen:L3V59_12060	ko:K04083
baen:L3V59_12070	ko:K05589
baen:L3V59_12075	ko:K01689
baen:L3V59_12080	ko:K01627
baen:L3V59_12085	ko:K01937
baen:L3V59_12095	ko:K02238
baen:L3V59_12100	ko:K03424
baen:L3V59_12105	ko:K09810
baen:L3V59_12110	ko:K09808
baen:L3V59_12125	ko:K02836
baen:L3V59_12130	ko:K04567
baen:L3V59_12145	ko:K04755
baen:L3V59_12150	ko:K04044
baen:L3V59_12155	ko:K04082
baen:L3V59_12160	ko:K13628
baen:L3V59_12165	ko:K04488
baen:L3V59_12170	ko:K04487
baen:L3V59_12175	ko:K13643
baen:L3V59_12180	ko:K25307
baen:L3V59_12190	ko:K18929
baen:L3V59_12195	ko:K18928
baen:L3V59_12200	ko:K19333
baen:L3V59_12205	ko:K07262
baen:L3V59_12220	ko:K00382
baen:L3V59_12225	ko:K00627
baen:L3V59_12230	ko:K00163
baen:L3V59_12245	ko:K01491
baen:L3V59_12250	ko:K01414
baen:L3V59_12255	ko:K02346
baen:L3V59_12260	ko:K25316
baen:L3V59_12270	ko:K14230
baen:L3V59_12275	ko:K01142
baen:L3V59_12280	ko:K01322
baen:L3V59_12285	ko:K07712
baen:L3V59_12290	ko:K07708
baen:L3V59_12295	ko:K01915
baen:L3V59_12330	ko:K14682
baen:L3V59_12370	ko:K09022
baen:L3V59_12375	ko:K00832
baen:L3V59_12380	ko:K03719
baen:L3V59_12385	ko:K14237
baen:L3V59_12390	ko:K12256
baen:L3V59_12395	ko:K01915
baen:L3V59_12400	ko:K07010
baen:L3V59_12405	ko:K01458
baen:L3V59_12410	ko:K05603
baen:L3V59_12415	ko:K01468
baen:L3V59_12420	ko:K09975
baen:L3V59_12425	ko:K01712
baen:L3V59_12430	ko:K05836
baen:L3V59_12435	ko:K01745
baen:L3V59_12445	ko:K06133
baen:L3V59_12455	ko:K03566
baen:L3V59_12465	ko:K01669
baen:L3V59_12500	ko:K00957
baen:L3V59_12505	ko:K00955
baen:L3V59_12520	ko:K07404
baen:L3V59_12545	ko:K05795
baen:L3V59_12550	ko:K09799
baen:L3V59_12570	ko:K05834
baen:L3V59_12575	ko:K14233
baen:L3V59_12595	ko:K14393
baen:L3V59_12605	ko:K01895
baen:L3V59_12620	ko:K01676
baen:L3V59_12625	ko:K03594
baen:L3V59_12630	ko:K01776
baen:L3V59_12635	ko:K02192
baen:L3V59_12645	ko:K03561
baen:L3V59_12650	ko:K03559
baen:L3V59_12660	ko:K06911
baen:L3V59_12680	ko:K07243
baen:L3V59_12690	ko:K07230
baen:L3V59_12845	ko:K03530
baen:L3V59_12880	ko:K07497
baen:L3V59_12965	ko:K03702
baen:L3V59_12970	ko:K00832
baen:L3V59_12975	ko:K00019
baen:L3V59_12985	ko:K07115
baen:L3V59_13000	ko:K19591
baen:L3V59_13005	ko:K01985
baen:L3V59_13010	ko:K01980
baen:L3V59_13015	ko:K14218
baen:L3V59_13020	ko:K14227
baen:L3V59_13025	ko:K01977
baen:L3V59_13055	ko:K09861
baen:L3V59_13065	ko:K14287
baen:L3V59_13070	ko:K00799
baen:L3V59_13080	ko:K11209
baen:L3V59_13100	ko:K04118
baen:L3V59_13110	ko:K01515
baen:L3V59_13120	ko:K00343
baen:L3V59_13125	ko:K00342
baen:L3V59_13130	ko:K00341
baen:L3V59_13135	ko:K00340
baen:L3V59_13140	ko:K00339
baen:L3V59_13145	ko:K00338
baen:L3V59_13150	ko:K00337
baen:L3V59_13155	ko:K00336
baen:L3V59_13160	ko:K00335
baen:L3V59_13165	ko:K00334
baen:L3V59_13170	ko:K00333
baen:L3V59_13175	ko:K00332
baen:L3V59_13180	ko:K00331
baen:L3V59_13185	ko:K00330
baen:L3V59_13190	ko:K14228
baen:L3V59_13195	ko:K03075
baen:L3V59_13200	ko:K01803
baen:L3V59_13210	ko:K00962
baen:L3V59_13215	ko:K02956
baen:L3V59_13220	ko:K01999
baen:L3V59_13230	ko:K01673
baen:L3V59_13240	ko:K01649
baen:L3V59_13245	ko:K17103
baen:L3V59_13250	ko:K01613
baen:L3V59_13255	ko:K00053
baen:L3V59_13260	ko:K01653
baen:L3V59_13265	ko:K01652
baen:L3V59_13270	ko:K03088
baen:L3V59_13295	ko:K27597
baen:L3V59_13300	ko:K00901
baen:L3V59_13330	ko:K07050
baen:L3V59_13335	ko:K06886
baen:L3V59_13340	ko:K02004
baen:L3V59_13350	ko:K11741
baen:L3V59_13355	ko:K09712
baen:L3V59_13360	ko:K07667
baen:L3V59_13365	ko:K07646
baen:L3V59_13370	ko:K01548
baen:L3V59_13375	ko:K01547
baen:L3V59_13380	ko:K01546
baen:L3V59_13390	ko:K00344
baen:L3V59_13395	ko:K01734
baen:L3V59_13400	ko:K00059
baen:L3V59_13405	ko:K00761
baen:L3V59_13415	ko:K01945
baen:L3V59_13420	ko:K00228
baen:L3V59_13425	ko:K00969
baen:L3V59_13430	ko:K09710
baen:L3V59_13435	ko:K00783
baen:L3V59_13440	ko:K06287
baen:L3V59_13445	ko:K08301
baen:L3V59_13450	ko:K09923
baen:L3V59_13485	ko:K02849
baen:L3V59_13510	ko:K11085
baen:L3V59_13515	ko:K02337
baen:L3V59_13520	ko:K07146
baen:L3V59_13525	ko:K01894
baen:L3V59_13530	ko:K11927
baen:L3V59_13545	ko:K08289
baen:L3V59_13595	ko:K07404
baen:L3V59_13605	ko:K05973
baen:L3V59_13615	ko:K03616
baen:L3V59_13620	ko:K10773
baen:L3V59_13650	ko:K09989
baen:L3V59_13655	ko:K05782
baen:L3V59_13660	ko:K00616
baen:L3V59_13665	ko:K04750
baen:L3V59_13670	ko:K03307
baen:L3V59_13720	ko:K06987
baen:L3V59_13730	ko:K03181
baen:L3V59_13735	ko:K04079
baen:L3V59_13775	ko:K07240
baen:L3V59_13795	ko:K02621
baen:L3V59_13800	ko:K02622
baen:L3V59_13805	ko:K15738
baen:L3V59_13820	ko:K14219
baen:L3V59_13840	ko:K14230
baen:L3V59_13850	ko:K00059
baen:L3V59_13860	ko:K08276
baen:L3V59_13880	ko:K08169
baen:L3V59_13890	ko:K00697
baen:L3V59_13915	ko:K02049
baen:L3V59_13920	ko:K02050
baen:L3V59_13935	ko:K07659
baen:L3V59_13945	ko:K06911
baen:L3V59_13950	ko:K10014
baen:L3V59_13955	ko:K10016
baen:L3V59_13960	ko:K10015
baen:L3V59_13965	ko:K10017
baen:L3V59_13985	ko:K04751
baen:L3V59_13990	ko:K01950
baen:L3V59_13995	ko:K09919
baen:L3V59_14000	ko:K05349
baen:L3V59_14020	ko:K01507
baen:L3V59_14025	ko:K00128
baen:L3V59_14030	ko:K00059
baen:L3V59_14050	ko:K02498
baen:L3V59_14055	ko:K13543
baen:L3V59_14060	ko:K01749
baen:L3V59_14080	ko:K01755
baen:L3V59_14095	ko:K01584
baen:L3V59_14100	ko:K01494
baen:L3V59_14105	ko:K04565
baen:L3V59_14110	ko:K03593
baen:L3V59_14120	ko:K01874
baen:L3V59_14125	ko:K09800
baen:L3V59_14130	ko:K07278
baen:L3V59_14140	ko:K05896
baen:L3V59_14145	ko:K01918
baen:L3V59_14150	ko:K01579
baen:L3V59_14155	ko:K03496
baen:L3V59_14160	ko:K15977
baen:L3V59_14170	ko:K02232
baen:L3V59_14175	ko:K02231
baen:L3V59_14180	ko:K02227
baen:L3V59_14185	ko:K02225
baen:L3V59_14190	ko:K02016
baen:L3V59_14195	ko:K02226
baen:L3V59_14200	ko:K02233
baen:L3V59_14205	ko:K00768
baen:L3V59_14210	ko:K02013
baen:L3V59_14215	ko:K02015
baen:L3V59_14225	ko:K09888
baen:L3V59_14230	ko:K28358
baen:L3V59_14245	ko:K13292
baen:L3V59_14255	ko:K01687
baen:L3V59_14260	ko:K08738
baen:L3V59_14270	ko:K02339
baen:L3V59_14275	ko:K01255
baen:L3V59_14280	ko:K07091
baen:L3V59_14285	ko:K11720
baen:L3V59_14290	ko:K03795
baen:L3V59_14295	ko:K02303
baen:L3V59_14300	ko:K00956
baen:L3V59_14305	ko:K00957
baen:L3V59_14310	ko:K00390
baen:L3V59_14320	ko:K00381
baen:L3V59_14325	ko:K13634
baen:L3V59_14330	ko:K01999
baen:L3V59_14335	ko:K14228
baen:L3V59_14350	ko:K00059
baen:L3V59_14385	ko:K07156
baen:L3V59_14390	ko:K06183
baen:L3V59_14405	ko:K00523
baen:L3V59_14410	ko:K00821
baen:L3V59_14425	ko:K01996
baen:L3V59_14430	ko:K01995
baen:L3V59_14435	ko:K01998
baen:L3V59_14440	ko:K01997
baen:L3V59_14450	ko:K03527
baen:L3V59_14455	ko:K03774
baen:L3V59_14460	ko:K03630
baen:L3V59_14465	ko:K02902
baen:L3V59_14470	ko:K02913
baen:L3V59_14475	ko:K00278
baen:L3V59_14480	ko:K00767
baen:L3V59_14485	ko:K03517
baen:L3V59_14490	ko:K00507
baen:L3V59_14500	ko:K03500
baen:L3V59_14505	ko:K11175
baen:L3V59_14510	ko:K11753
baen:L3V59_14515	ko:K01870
baen:L3V59_14520	ko:K03101
baen:L3V59_14525	ko:K13038
baen:L3V59_14530	ko:K01520
baen:L3V59_14540	ko:K03293
baen:L3V59_14545	ko:K03694
baen:L3V59_14550	ko:K06891
baen:L3V59_14555	ko:K03704
baen:L3V59_14570	ko:K00031
baen:L3V59_14575	ko:K00031
baen:L3V59_14580	ko:K06181
baen:L3V59_14595	ko:K02355
baen:L3V59_14600	ko:K07241
baen:L3V59_14615	ko:K24967
baen:L3V59_14655	ko:K10914
baen:L3V59_14665	ko:K04564
baen:L3V59_14670	ko:K03601
baen:L3V59_14675	ko:K00912
baen:L3V59_14685	ko:K00979
baen:L3V59_14690	ko:K00939
baen:L3V59_14705	ko:K03980
baen:L3V59_14710	ko:K02968
baen:L3V59_14720	ko:K00611
baen:L3V59_14725	ko:K00075
baen:L3V59_14730	ko:K09767
baen:L3V59_14735	ko:K08591
baen:L3V59_14745	ko:K01897
baen:L3V59_14750	ko:K04763
baen:L3V59_14755	ko:K00567
baen:L3V59_14760	ko:K18979
baen:L3V59_14765	ko:K06925
baen:L3V59_14770	ko:K01448
baen:L3V59_14775	ko:K15268
baen:L3V59_14785	ko:K05838
baen:L3V59_14790	ko:K22132
baen:L3V59_14795	ko:K00275
baen:L3V59_14800	ko:K00574
baen:L3V59_14810	ko:K07304
baen:L3V59_14815	ko:K17285
baen:L3V59_14830	ko:K03719
baen:L3V59_14835	ko:K07130
baen:L3V59_14840	ko:K01556
baen:L3V59_14845	ko:K00453
baen:L3V59_14855	ko:K00077
baen:L3V59_14860	ko:K00141
baen:L3V59_14875	ko:K00007
baen:L3V59_14880	ko:K00854
baen:L3V59_14905	ko:K10111
baen:L3V59_14915	ko:K10229
baen:L3V59_14920	ko:K10228
baen:L3V59_14925	ko:K10227
baen:L3V59_14930	ko:K16371
baen:L3V59_14935	ko:K00847
baen:L3V59_14940	ko:K21620
baen:L3V59_14945	ko:K09823
baen:L3V59_14950	ko:K02077
baen:L3V59_14955	ko:K02074
baen:L3V59_14960	ko:K02075
baen:L3V59_14965	ko:K01070
baen:L3V59_14970	ko:K00121
baen:L3V59_14975	ko:K00854
baen:L3V59_14980	ko:K24206
baen:L3V59_14985	ko:K18139
baen:L3V59_14990	ko:K18138
baen:L3V59_14995	ko:K03585
baen:L3V59_15000	ko:K03577
baen:L3V59_15015	ko:K09386
baen:L3V59_15030	ko:K04771
baen:L3V59_15035	ko:K02484
baen:L3V59_15050	ko:K07259
baen:L3V59_15065	ko:K07566
baen:L3V59_15070	ko:K01589
baen:L3V59_15075	ko:K01588
baen:L3V59_15080	ko:K01923
baen:L3V59_15085	ko:K01624
baen:L3V59_15090	ko:K00873
baen:L3V59_15095	ko:K00927
baen:L3V59_15100	ko:K26606
baen:L3V59_15105	ko:K26605
baen:L3V59_15110	ko:K00826
baen:L3V59_15120	ko:K02843
baen:L3V59_15130	ko:K07019
baen:L3V59_15145	ko:K03637
baen:L3V59_15155	ko:K03832
baen:L3V59_15165	ko:K02650
baen:L3V59_15175	ko:K01902
baen:L3V59_15180	ko:K01903
baen:L3V59_15190	ko:K03565
baen:L3V59_15195	ko:K03553
baen:L3V59_15205	ko:K02483
baen:L3V59_15220	ko:K14230
baen:L3V59_15235	ko:K06919
baen:L3V59_15245	ko:K14060
baen:L3V59_15250	ko:K06223
baen:L3V59_15295	ko:K18900
baen:L3V59_15305	ko:K18199
baen:L3V59_15320	ko:K07136
baen:L3V59_15335	ko:K09984
baen:L3V59_15345	ko:K01684
baen:L3V59_15350	ko:K07245
baen:L3V59_15370	ko:K11927
baen:L3V59_15385	ko:K00681
baen:L3V59_15390	ko:K02444
baen:L3V59_15405	ko:K00111
baen:L3V59_15410	ko:K00864
baen:L3V59_15415	ko:K02440
baen:L3V59_15420	ko:K00529
baen:L3V59_15425	ko:K05710
baen:L3V59_15435	ko:K02529
baen:L3V59_15445	ko:K06606
baen:L3V59_15450	ko:K00010
baen:L3V59_15460	ko:K02858
baen:L3V59_15470	ko:K19577
baen:L3V59_15480	ko:K06168
baen:L3V59_15485	ko:K06217
baen:L3V59_15490	ko:K07042
baen:L3V59_15495	ko:K07232
baen:L3V59_15505	ko:K06189
baen:L3V59_15510	ko:K03820
baen:L3V59_15520	ko:K01878
baen:L3V59_15525	ko:K01879
baen:L3V59_15530	ko:K03273
baen:L3V59_15535	ko:K00655
baen:L3V59_15545	ko:K01759
baen:L3V59_15555	ko:K02528
baen:L3V59_15560	ko:K00097
baen:L3V59_15565	ko:K03771
baen:L3V59_15570	ko:K04744
baen:L3V59_15575	ko:K07102
baen:L3V59_15580	ko:K00992
baen:L3V59_15585	ko:K24821
baen:L3V59_15590	ko:K10806
baen:L3V59_15600	ko:K02379
baen:L3V59_15610	ko:K00632
baen:L3V59_15615	ko:K07516
baen:L3V59_15620	ko:K20035
baen:L3V59_15630	ko:K06131
baen:L3V59_15635	ko:K08310
baen:L3V59_15640	ko:K01876
baen:L3V59_15660	ko:K03688
baen:L3V59_15665	ko:K03690
baen:L3V59_15675	ko:K03183
baen:L3V59_15695	ko:K01754
baen:L3V59_15700	ko:K06879
baen:L3V59_15715	ko:K06015
baen:L3V59_15730	ko:K05520
baen:L3V59_15765	ko:K06132
baen:L3V59_15775	ko:K18928
baen:L3V59_15785	ko:K18929
baen:L3V59_15790	ko:K03303
baen:L3V59_15795	ko:K07387
baen:L3V59_15805	ko:K18240
baen:L3V59_15810	ko:K00059
baen:L3V59_15815	ko:K02078
baen:L3V59_15875	ko:K00023
baen:L3V59_15880	ko:K00626
baen:L3V59_15890	ko:K03496
baen:L3V59_15895	ko:K03652
baen:L3V59_15900	ko:K03649
baen:L3V59_15910	ko:K03086
baen:L3V59_15990	ko:K03111
baen:L3V59_16000	ko:K03701
baen:L3V59_16010	ko:K01433
baen:L3V59_16025	ko:K00759
baen:L3V59_16030	ko:K03455
baen:L3V59_16035	ko:K06041
baen:L3V59_16040	ko:K03270
baen:L3V59_16045	ko:K11719
baen:L3V59_16050	ko:K09774
baen:L3V59_16055	ko:K06861
baen:L3V59_16060	ko:K03092
baen:L3V59_16065	ko:K05808
baen:L3V59_16070	ko:K02806
baen:L3V59_16075	ko:K06023
baen:L3V59_16080	ko:K06958
baen:L3V59_16085	ko:K07157
baen:L3V59_16090	ko:K03575
baen:L3V59_16095	ko:K10563
baen:L3V59_16105	ko:K02494
baen:L3V59_16110	ko:K00919
baen:L3V59_16115	ko:K14223
baen:L3V59_16120	ko:K00948
baen:L3V59_16125	ko:K02897
baen:L3V59_16130	ko:K01056
baen:L3V59_16135	ko:K00817
baen:L3V59_16145	ko:K00954
baen:L3V59_16150	ko:K08316
baen:L3V59_16155	ko:K03110
baen:L3V59_16160	ko:K01800
baen:L3V59_16170	ko:K01649
baen:L3V59_16180	ko:K12976
baen:L3V59_16185	ko:K03089
baen:L3V59_16195	ko:K00425
baen:L3V59_16200	ko:K00426
baen:L3V59_16205	ko:K00424
baen:L3V59_16210	ko:K12373
baen:L3V59_16215	ko:K02804
baen:L3V59_16220	ko:K23993
baen:L3V59_16225	ko:K00820
baen:L3V59_16230	ko:K01443
baen:L3V59_16235	ko:K24967
baen:L3V59_16245	ko:K14161
baen:L3V59_16250	ko:K14160
baen:L3V59_16255	ko:K05833
baen:L3V59_16260	ko:K05832
baen:L3V59_16265	ko:K01989
baen:L3V59_16275	ko:K02073
baen:L3V59_16280	ko:K03406
baen:L3V59_16295	ko:K07152
baen:L3V59_16300	ko:K02257
baen:L3V59_16305	ko:K02259
baen:L3V59_16315	ko:K14998
baen:L3V59_16325	ko:K02276
baen:L3V59_16335	ko:K02258
baen:L3V59_16345	ko:K02274
baen:L3V59_16350	ko:K02275
baen:L3V59_16370	ko:K03216
baen:L3V59_16375	ko:K23518
baen:L3V59_16380	ko:K00057
baen:L3V59_16385	ko:K03071
baen:L3V59_16390	ko:K03676
baen:L3V59_16400	ko:K01834
baen:L3V59_16405	ko:K03797
baen:L3V59_16410	ko:K21029
baen:L3V59_16415	ko:K08483
baen:L3V59_16420	ko:K02784
baen:L3V59_16425	ko:K02793
baen:L3V59_16430	ko:K01920
baen:L3V59_16435	ko:K01919
baen:L3V59_16440	ko:K03320
baen:L3V59_16445	ko:K04752
baen:L3V59_16450	ko:K09806
baen:L3V59_16455	ko:K07391
baen:L3V59_16460	ko:K01480
baen:L3V59_16465	ko:K02030
baen:L3V59_16470	ko:K02029
baen:L3V59_16475	ko:K09972
baen:L3V59_16495	ko:K10126
baen:L3V59_16500	ko:K10125
baen:L3V59_16505	ko:K11103
baen:L3V59_16510	ko:K14393
baen:L3V59_16525	ko:K28556
baen:L3V59_16535	ko:K07516
baen:L3V59_16545	ko:K00681
baen:L3V59_16550	ko:K05834
baen:L3V59_16555	ko:K15552
baen:L3V59_16560	ko:K10831
baen:L3V59_16565	ko:K15551
baen:L3V59_16570	ko:K03644
baen:L3V59_16575	ko:K03801
baen:L3V59_16585	ko:K03566
baen:L3V59_16590	ko:K09158
baen:L3V59_16595	ko:K00824
baen:L3V59_16600	ko:K07258
baen:L3V59_16605	ko:K07018
baen:L3V59_16620	ko:K18480
baen:L3V59_16625	ko:K02067
baen:L3V59_16630	ko:K02065
baen:L3V59_16635	ko:K02066
baen:L3V59_16640	ko:K01119
baen:L3V59_16655	ko:K03524
baen:L3V59_16660	ko:K03525
baen:L3V59_16670	ko:K21345
baen:L3V59_16680	ko:K07001
baen:L3V59_16695	ko:K16171
baen:L3V59_16715	ko:K00548
baen:L3V59_16720	ko:K00548
baen:L3V59_16735	ko:K01887
baen:L3V59_16745	ko:K03673
baen:L3V59_16755	ko:K12368
baen:L3V59_16770	ko:K00906
baen:L3V59_16775	ko:K01673
baen:L3V59_16785	ko:K09858
baen:L3V59_16800	ko:K00652
baen:L3V59_16805	ko:K01935
baen:L3V59_16810	ko:K01012
baen:L3V59_16815	ko:K06229
baen:L3V59_16820	ko:K06201
baen:L3V59_16840	ko:K24163
baen:L3V59_16845	ko:K05350
baen:L3V59_16850	ko:K04090
baen:L3V59_16865	ko:K00799
baen:L3V59_16870	ko:K08715
baen:L3V59_16875	ko:K02048
baen:L3V59_16880	ko:K01714
baen:L3V59_16885	ko:K28279
baen:L3V59_16905	ko:K00799
baen:L3V59_16910	ko:K03566
baen:L3V59_16925	ko:K07002
baen:L3V59_16930	ko:K12972
baen:L3V59_16935	ko:K01640
baen:L3V59_16945	ko:K06938
baen:L3V59_16960	ko:K03719
baen:L3V59_16965	ko:K01561
baen:L3V59_16970	ko:K00459
baen:L3V59_16990	ko:K14347
baen:L3V59_17005	ko:K29027
baen:L3V59_17010	ko:K00847
baen:L3V59_17035	ko:K01633
baen:L3V59_17040	ko:K14058
baen:L3V59_17045	ko:K04042
baen:L3V59_17050	ko:K00820
baen:L3V59_17065	ko:K07243
baen:L3V59_17075	ko:K07213
baen:L3V59_17080	ko:K09472
baen:L3V59_17095	ko:K07010
baen:L3V59_17100	ko:K01915
baen:L3V59_17105	ko:K12256
baen:L3V59_17110	ko:K11073
baen:L3V59_17115	ko:K11076
baen:L3V59_17120	ko:K11075
baen:L3V59_17125	ko:K11074
baen:L3V59_17140	ko:K09471
baen:L3V59_17145	ko:K00383
baen:L3V59_17170	ko:K07240
baen:L3V59_17175	ko:K07240
baen:L3V59_17180	ko:K03566
baen:L3V59_17185	ko:K09016
baen:L3V59_17190	ko:K02397
baen:L3V59_17195	ko:K02396
baen:L3V59_17200	ko:K21087
baen:L3V59_17205	ko:K02395
baen:L3V59_17210	ko:K02394
baen:L3V59_17215	ko:K02393
baen:L3V59_17220	ko:K02392
baen:L3V59_17225	ko:K02391
baen:L3V59_17230	ko:K02390
baen:L3V59_17235	ko:K02389
baen:L3V59_17240	ko:K02388
baen:L3V59_17245	ko:K02387
baen:L3V59_17250	ko:K02386
baen:L3V59_17255	ko:K02398
baen:L3V59_17260	ko:K02399
baen:L3V59_17265	ko:K01262
baen:L3V59_17275	ko:K00974
baen:L3V59_17280	ko:K00799
baen:L3V59_17290	ko:K08309
baen:L3V59_17295	ko:K01934
baen:L3V59_17305	ko:K23123
baen:L3V59_17310	ko:K23124
baen:L3V59_17315	ko:K07160
baen:L3V59_17320	ko:K09973
baen:L3V59_17325	ko:K12372
baen:L3V59_17330	ko:K12371
baen:L3V59_17335	ko:K12370
baen:L3V59_17340	ko:K12369
baen:L3V59_17345	ko:K12368
baen:L3V59_17370	ko:K28519
baen:L3V59_17385	ko:K05835
baen:L3V59_17390	ko:K00528
baen:L3V59_17400	ko:K07689
baen:L3V59_17405	ko:K03294
baen:L3V59_17410	ko:K07402
baen:L3V59_17415	ko:K09939
baen:L3V59_17420	ko:K04061
baen:L3V59_17430	ko:K02423
baen:L3V59_17435	ko:K02422
baen:L3V59_17440	ko:K02408
baen:L3V59_17445	ko:K02409
baen:L3V59_17450	ko:K02410
baen:L3V59_17460	ko:K02412
baen:L3V59_17465	ko:K02413
baen:L3V59_17470	ko:K02414
baen:L3V59_17480	ko:K00154
baen:L3V59_17505	ko:K19265
baen:L3V59_17525	ko:K00789
baen:L3V59_17530	ko:K02517
baen:L3V59_17535	ko:K21498
baen:L3V59_17545	ko:K01778
baen:L3V59_17550	ko:K09921
baen:L3V59_17555	ko:K03733
baen:L3V59_17560	ko:K06969
baen:L3V59_17570	ko:K06204
baen:L3V59_17575	ko:K01419
baen:L3V59_17580	ko:K03667
baen:L3V59_17590	ko:K15012
baen:L3V59_17595	ko:K15011
baen:L3V59_17605	ko:K00930
baen:L3V59_17615	ko:K05501
baen:L3V59_17620	ko:K07345
baen:L3V59_17625	ko:K15540
baen:L3V59_17630	ko:K07347
baen:L3V59_17635	ko:K07345
baen:L3V59_17645	ko:K07345
baen:L3V59_17655	ko:K00641
baen:L3V59_17665	ko:K08218
baen:L3V59_17680	ko:K13979
baen:L3V59_17685	ko:K01142
baen:L3V59_17695	ko:K02434
baen:L3V59_17700	ko:K02433
baen:L3V59_17705	ko:K02435
baen:L3V59_17710	ko:K03569
baen:L3V59_17715	ko:K03570
baen:L3V59_17720	ko:K03571
baen:L3V59_17725	ko:K05515
baen:L3V59_17730	ko:K05837
baen:L3V59_17740	ko:K01630
baen:L3V59_17745	ko:K01737
baen:L3V59_17750	ko:K10026
baen:L3V59_17755	ko:K06920
baen:L3V59_17760	ko:K14231
baen:L3V59_17765	ko:K13599
baen:L3V59_17770	ko:K13598
baen:L3V59_17780	ko:K03500
baen:L3V59_17785	ko:K03799
baen:L3V59_17795	ko:K00604
baen:L3V59_17800	ko:K01462
baen:L3V59_17805	ko:K04096
baen:L3V59_17815	ko:K03169
baen:L3V59_17825	ko:K00058
baen:L3V59_17840	ko:K14229
baen:L3V59_17885	ko:K10010
baen:L3V59_17890	ko:K10009
baen:L3V59_17895	ko:K02424
baen:L3V59_17900	ko:K00206
baen:L3V59_17905	ko:K19670
baen:L3V59_17910	ko:K02012
baen:L3V59_17915	ko:K02010
baen:L3V59_17920	ko:K02011
baen:L3V59_17925	ko:K03430
baen:L3V59_17940	ko:K01114
baen:L3V59_17950	ko:K03303
baen:L3V59_17960	ko:K01919
baen:L3V59_17970	ko:K10778
baen:L3V59_17990	ko:K00657
baen:L3V59_18020	ko:K03650
baen:L3V59_18030	ko:K03217
baen:L3V59_18035	ko:K08998
baen:L3V59_18040	ko:K03536
baen:L3V59_18045	ko:K02914
baen:L3V59_18070	ko:K06903
baen:L3V59_18080	ko:K06905
baen:L3V59_18110	ko:K06908
baen:L3V59_18115	ko:K06907
baen:L3V59_18265	ko:K03530
baen:L3V59_18295	ko:K16345
baen:L3V59_18330	ko:K01581
baen:L3V59_18335	ko:K01584
baen:L3V59_18340	ko:K03756
baen:L3V59_18350	ko:K09957
baen:L3V59_18355	ko:K15553
baen:L3V59_18365	ko:K12368
baen:L3V59_18370	ko:K22303
baen:L3V59_18375	ko:K22303
baen:L3V59_18380	ko:K15555
baen:L3V59_18385	ko:K15554
baen:L3V59_18390	ko:K15554
baen:L3V59_18395	ko:K15553
baen:L3V59_18405	ko:K02651
baen:L3V59_18410	ko:K02278
baen:L3V59_18415	ko:K02279
baen:L3V59_18420	ko:K02280
baen:L3V59_18425	ko:K02281
baen:L3V59_18430	ko:K02282
baen:L3V59_18435	ko:K02283
baen:L3V59_18440	ko:K12510
baen:L3V59_18445	ko:K12511
baen:L3V59_18455	ko:K12513
baen:L3V59_18470	ko:K20534
baen:L3V59_18480	ko:K15553
baen:L3V59_18495	ko:K13936
baen:L3V59_18505	ko:K16841
baen:L3V59_18510	ko:K03457
baen:L3V59_18525	ko:K00020
baen:L3V59_18530	ko:K00140
baen:L3V59_18560	ko:K01560
baen:L3V59_18600	ko:K07506
baen:L3V59_18620	ko:K11444
baen:L3V59_18685	ko:K07256
baen:L3V59_18690	ko:K11735
baen:L3V59_18695	ko:K21307
baen:L3V59_18700	ko:K21308
baen:L3V59_18715	ko:K09882
baen:L3V59_18720	ko:K09883
baen:L3V59_18725	ko:K07090
baen:L3V59_18730	ko:K00625
baen:L3V59_18735	ko:K03852
baen:L3V59_18740	ko:K07255
baen:L3V59_18755	ko:K00375
baen:L3V59_18765	ko:K00206
baen:L3V59_18770	ko:K16090
baen:L3V59_18785	ko:K01744
baen:L3V59_18790	ko:K11738
baen:L3V59_18795	ko:K06999
baen:L3V59_18800	ko:K18829
baen:L3V59_18805	ko:K18828
baen:L3V59_18810	ko:K09472
baen:L3V59_18815	ko:K27492
baen:L3V59_18820	ko:K08720
baen:L3V59_18835	ko:K00249
baen:L3V59_18840	ko:K15866
baen:L3V59_18845	ko:K02052
baen:L3V59_18850	ko:K02055
baen:L3V59_18855	ko:K02054
baen:L3V59_18860	ko:K02053
baen:L3V59_18865	ko:K00355
baen:L3V59_18880	ko:K01652
baen:L3V59_18890	ko:K10021
baen:L3V59_18895	ko:K02030
baen:L3V59_18900	ko:K02029
baen:L3V59_18905	ko:K02029
baen:L3V59_18910	ko:K12252
baen:L3V59_18915	ko:K06987
baen:L3V59_18925	ko:K14393
baen:L3V59_18935	ko:K03407
baen:L3V59_18955	ko:K03413
baen:L3V59_18960	ko:K09936
baen:L3V59_18995	ko:K08166
baen:L3V59_19005	ko:K01775
baen:L3V59_19015	ko:K03566
baen:L3V59_19020	ko:K16014
baen:L3V59_19025	ko:K10036
baen:L3V59_19030	ko:K10037
baen:L3V59_19035	ko:K10038
baen:L3V59_19050	ko:K01607
baen:L3V59_19060	ko:K03387
baen:L3V59_19065	ko:K24119
baen:L3V59_19080	ko:K03566
baen:L3V59_19085	ko:K01999
baen:L3V59_19095	ko:K06016
baen:L3V59_19115	ko:K00820
baen:L3V59_19125	ko:K11936
baen:L3V59_19130	ko:K11931
baen:L3V59_19135	ko:K11935
baen:L3V59_19155	ko:K21645
baen:L3V59_19200	ko:K01259
baen:L3V59_19225	ko:K03430
baen:L3V59_19230	ko:K09459
baen:L3V59_19235	ko:K01841
baen:L3V59_19260	ko:K18118
baen:L3V59_19265	ko:K03446
baen:L3V59_19290	ko:K04477
baen:L3V59_19295	ko:K03086
baen:L3V59_19310	ko:K01687
baen:L3V59_19315	ko:K13609
baen:L3V59_19320	ko:K13877
baen:L3V59_19330	ko:K21062
baen:L3V59_19335	ko:K12658
baen:L3V59_19340	ko:K21061
baen:L3V59_19345	ko:K22550
baen:L3V59_19350	ko:K22549
baen:L3V59_19360	ko:K00450
baen:L3V59_19365	ko:K16165
baen:L3V59_19370	ko:K01800
baen:L3V59_19375	ko:K22270
baen:L3V59_19380	ko:K08195
baen:L3V59_19385	ko:K22042
baen:L3V59_19390	ko:K07112
baen:L3V59_19395	ko:K07112
baen:L3V59_19435	ko:K02168
baen:L3V59_19445	ko:K13051
baen:L3V59_19450	ko:K13892
baen:L3V59_19455	ko:K13889
baen:L3V59_19460	ko:K13890
baen:L3V59_19465	ko:K13891
baen:L3V59_19475	ko:K16203
baen:L3V59_19490	ko:K00448
baen:L3V59_19495	ko:K00449
baen:L3V59_19510	ko:K02623
baen:L3V59_19525	ko:K16263
baen:L3V59_19530	ko:K03724
baen:L3V59_19540	ko:K00681
baen:L3V59_19545	ko:K22318
baen:L3V59_19560	ko:K01999
baen:L3V59_19575	ko:K04748
baen:L3V59_19580	ko:K22112
baen:L3V59_19585	ko:K01426
baen:L3V59_19590	ko:K12340
baen:L3V59_19605	ko:K13409
baen:L3V59_19615	ko:K13408
baen:L3V59_19625	ko:K22468
baen:L3V59_19630	ko:K03746
baen:L3V59_19710	ko:K05349
baen:L3V59_19715	ko:K01991
baen:L3V59_19725	ko:K07031
baen:L3V59_19730	ko:K03271
baen:L3V59_19735	ko:K15669
baen:L3V59_19740	ko:K03273
baen:L3V59_19745	ko:K16692
baen:L3V59_19785	ko:K16011
baen:L3V59_19790	ko:K02348
baen:L3V59_19815	ko:K00249
baen:L3V59_19845	ko:K02029
baen:L3V59_19850	ko:K23060
baen:L3V59_19860	ko:K01034
baen:L3V59_19865	ko:K01035
baen:L3V59_19870	ko:K00626
baen:L3V59_19875	ko:K02030
baen:L3V59_19880	ko:K06204
baen:L3V59_19885	ko:K02347
baen:L3V59_19890	ko:K00259
baen:L3V59_19905	ko:K06152
baen:L3V59_19910	ko:K06151
baen:L3V59_19915	ko:K06150
baen:L3V59_19920	ko:K26735
baen:L3V59_19930	ko:K02058
baen:L3V59_19935	ko:K03587
baen:L3V59_19955	ko:K05921
baen:L3V59_19960	ko:K05921
baen:L3V59_19965	ko:K00151
baen:L3V59_19970	ko:K00455
baen:L3V59_19975	ko:K01826
baen:L3V59_19980	ko:K02509
baen:L3V59_19985	ko:K02510
baen:L3V59_20020	ko:K02010
baen:L3V59_20025	ko:K02011
baen:L3V59_20030	ko:K02012
baen:L3V59_20040	ko:K07552
baen:L3V59_20045	ko:K07774
baen:L3V59_20050	ko:K07649
baen:L3V59_20055	ko:K07140
baen:L3V59_20060	ko:K15553
baen:L3V59_20070	ko:K15555
baen:L3V59_20075	ko:K15554
baen:L3V59_20080	ko:K15553
baen:L3V59_20090	ko:K04091
baen:L3V59_20105	ko:K24700
baen:L3V59_20115	ko:K01126
baen:L3V59_20120	ko:K00801
baen:L3V59_20145	ko:K01992
baen:L3V59_20150	ko:K01990
baen:L3V59_20155	ko:K01993
baen:L3V59_20190	ko:K00375
baen:L3V59_20210	ko:K03332
baen:L3V59_20215	ko:K00692
baen:L3V59_20220	ko:K02529
baen:L3V59_20240	ko:K04064
baen:L3V59_20260	ko:K07644
baen:L3V59_20265	ko:K07665
baen:L3V59_20270	ko:K18903
baen:L3V59_20275	ko:K03585
baen:L3V59_20280	ko:K18138
baen:L3V59_20290	ko:K20034
baen:L3V59_20295	ko:K01720
baen:L3V59_20305	ko:K01644
baen:L3V59_20325	ko:K08369
baen:L3V59_20335	ko:K10716
baen:L3V59_20340	ko:K05834
baen:L3V59_20345	ko:K03719
baen:L3V59_20385	ko:K07124
baen:L3V59_20395	ko:K05913
baen:L3V59_20415	ko:K21699
baen:L3V59_20420	ko:K00822
baen:L3V59_20425	ko:K00140
baen:L3V59_20440	ko:K13936
baen:L3V59_20455	ko:K03710
baen:L3V59_20515	ko:K03285
baen:L3V59_20530	ko:K02106
baen:L3V59_20540	ko:K27838
baen:L3V59_20565	ko:K01114
baen:L3V59_20575	ko:K03719
baen:L3V59_20580	ko:K11734
baen:L3V59_20585	ko:K00832
baen:L3V59_20610	ko:K01420
baen:L3V59_20620	ko:K19743
baen:L3V59_20630	ko:K01999
baen:L3V59_20635	ko:K01777
baen:L3V59_20640	ko:K05366
baen:L3V59_20695	ko:K09705
baen:L3V59_20705	ko:K03293
baen:L3V59_20725	ko:K03406
baen:L3V59_20745	ko:K10844
baen:L3V59_20750	ko:K02624
baen:L3V59_20770	ko:K00790
baen:L3V59_20775	ko:K08172
baen:L3V59_20785	ko:K22347
baen:L3V59_20790	ko:K07154
baen:L3V59_20795	ko:K15773
baen:L3V59_20800	ko:K14652
baen:L3V59_20825	ko:K00626
baen:L3V59_20885	ko:K16137
baen:L3V59_20890	ko:K23256
baen:L3V59_20900	ko:K07302
baen:L3V59_20905	ko:K07303
baen:L3V59_20910	ko:K06150
baen:L3V59_20915	ko:K00135
baen:L3V59_20925	ko:K07169
baen:L3V59_20935	ko:K11906
baen:L3V59_20940	ko:K11893
baen:L3V59_20945	ko:K11892
baen:L3V59_20950	ko:K11891
baen:L3V59_20955	ko:K11890
baen:L3V59_20965	ko:K11902
baen:L3V59_20970	ko:K11901
baen:L3V59_20975	ko:K11900
baen:L3V59_20980	ko:K06887
baen:L3V59_20985	ko:K11897
baen:L3V59_20990	ko:K11896
baen:L3V59_20995	ko:K11895
baen:L3V59_21000	ko:K11907
baen:L3V59_21005	ko:K11904
baen:L3V59_21040	ko:K06223
baen:L3V59_21075	ko:K03497
baen:L3V59_21170	ko:K06903
baen:L3V59_21200	ko:K06907
baen:L3V59_21205	ko:K06908
baen:L3V59_21225	ko:K06906
baen:L3V59_21230	ko:K06905
baen:L3V59_21260	ko:K02483
baen:L3V59_21265	ko:K20971
baen:L3V59_21310	ko:K23948
baen:L3V59_21320	ko:K04750
baen:L3V59_21335	ko:K03285
baen:L3V59_21340	ko:K03640
baen:L3V59_21380	ko:K06987
baen:L3V59_21400	ko:K02030
baen:L3V59_21410	ko:K28525
baen:L3V59_21425	ko:K02030
baen:L3V59_21430	ko:K04091
baen:L3V59_21435	ko:K15553
baen:L3V59_21450	ko:K13953
baen:L3V59_21455	ko:K02014
baen:L3V59_21460	ko:K03406
baen:L3V59_21465	ko:K00697
baen:L3V59_21475	ko:K03798
baen:L3V59_21505	ko:K05296
baen:L3V59_21520	ko:K01596
baen:L3V59_21525	ko:K00038
baen:L3V59_21570	ko:K03574
baen:L3V59_21575	ko:K06889
baen:L3V59_21580	ko:K00318
baen:L3V59_21600	ko:K19055
baen:L3V59_21610	ko:K22589
baen:L3V59_21655	ko:K16092
baen:L3V59_21680	ko:K03719
baen:L3V59_21700	ko:K02617
baen:L3V59_21705	ko:K03522
baen:L3V59_21710	ko:K03521
baen:L3V59_21720	ko:K16050
baen:L3V59_21740	ko:K18364
baen:L3V59_21745	ko:K18366
baen:L3V59_21750	ko:K18365
baen:L3V59_21760	ko:K08166
baen:L3V59_21770	ko:K01114
baen:L3V59_21785	ko:K02518
baen:L3V59_21790	ko:K03704
baen:L3V59_21795	ko:K15982
baen:L3V59_21810	ko:K00632
baen:L3V59_21815	ko:K28224
baen:L3V59_21820	ko:K28220
baen:L3V59_21825	ko:K28222
baen:L3V59_21830	ko:K28221
baen:L3V59_21835	ko:K28225
baen:L3V59_21840	ko:K00632
baen:L3V59_21845	ko:K28231
baen:L3V59_21850	ko:K28230
baen:L3V59_21855	ko:K28227
baen:L3V59_21860	ko:K28226
baen:L3V59_21865	ko:K28232
baen:L3V59_21870	ko:K28229
baen:L3V59_21875	ko:K28228
baen:L3V59_21880	ko:K16049
baen:L3V59_21890	ko:K07062
baen:L3V59_21895	ko:K21495
baen:L3V59_21915	ko:K18687
baen:L3V59_21920	ko:K15983
baen:L3V59_21930	ko:K05898
baen:L3V59_21935	ko:K16047
baen:L3V59_22015	ko:K03088
baen:L3V59_22055	ko:K08368
baen:L3V59_22060	ko:K01714
baen:L3V59_22065	ko:K09472
baen:L3V59_22085	ko:K07090
baen:L3V59_22090	ko:K03566
baen:L3V59_22095	ko:K01753
baen:L3V59_22115	ko:K02055
baen:L3V59_22120	ko:K13877
baen:L3V59_22125	ko:K13876
baen:L3V59_22130	ko:K26399
baen:L3V59_22135	ko:K08194
baen:L3V59_22145	ko:K13637
baen:L3V59_22150	ko:K01686
baen:L3V59_22170	ko:K00381
baen:L3V59_22185	ko:K14205
baen:L3V59_22195	ko:K03522
baen:L3V59_22200	ko:K03521
baen:L3V59_22210	ko:K02030
baen:L3V59_22215	ko:K02029
baen:L3V59_22220	ko:K02029
baen:L3V59_22225	ko:K02028
baen:L3V59_22245	ko:K22551
baen:L3V59_22290	ko:K00380
baen:L3V59_22295	ko:K00363
baen:L3V59_22300	ko:K00362
baen:L3V59_22305	ko:K02575
baen:L3V59_22310	ko:K02303
baen:L3V59_22315	ko:K07183
baen:L3V59_22320	ko:K22067
baen:L3V59_22335	ko:K16165
baen:L3V59_22350	ko:K07552
baen:L3V59_22355	ko:K04771
baen:L3V59_22375	ko:K00375
baen:L3V59_22395	ko:K00004
baen:L3V59_22410	ko:K07052
baen:L3V59_22415	ko:K23107
baen:L3V59_22420	ko:K05595
baen:L3V59_22425	ko:K13766
baen:L3V59_22430	ko:K01912
baen:L3V59_22435	ko:K00074
baen:L3V59_22440	ko:K07300
baen:L3V59_22455	ko:K18982
baen:L3V59_22460	ko:K00058
baen:L3V59_22470	ko:K21393
baen:L3V59_22475	ko:K11688
baen:L3V59_22490	ko:K03535
baen:L3V59_22500	ko:K07168
baen:L3V59_22510	ko:K03281
baen:L3V59_22520	ko:K09913
baen:L3V59_22525	ko:K14057
baen:L3V59_22530	ko:K01451
baen:L3V59_22550	ko:K15977
baen:L3V59_22560	ko:K19813
baen:L3V59_22565	ko:K23274
baen:L3V59_22570	ko:K06894
baen:L3V59_22575	ko:K05367
baen:L3V59_22580	ko:K03744
baen:L3V59_22585	ko:K06872
baen:L3V59_22610	ko:K14645
baen:L3V59_22620	ko:K01531
baen:L3V59_22650	ko:K07262
baen:L3V59_22670	ko:K03446
baen:L3V59_22690	ko:K16053
baen:L3V59_22705	ko:K08994
baen:L3V59_22765	ko:K03446
baen:L3V59_22780	ko:K02035
baen:L3V59_22795	ko:K08641
baen:L3V59_22805	ko:K02033
baen:L3V59_22810	ko:K02034
baen:L3V59_22815	ko:K02031
baen:L3V59_22820	ko:K02032
baen:L3V59_22825	ko:K07345
baen:L3V59_22830	ko:K15540
baen:L3V59_22835	ko:K07347
baen:L3V59_22840	ko:K07345
baen:L3V59_22855	ko:K03566
baen:L3V59_22860	ko:K17836
baen:L3V59_22865	ko:K06194
baen:L3V59_22885	ko:K07090
baen:L3V59_22895	ko:K18900
baen:L3V59_22935	ko:K03746
baen:L3V59_22960	ko:K06889
baen:L3V59_22970	ko:K01907
baen:L3V59_22985	ko:K01473
baen:L3V59_23035	ko:K03577
baen:L3V59_23040	ko:K18139
baen:L3V59_23045	ko:K18138
baen:L3V59_23050	ko:K03585
baen:L3V59_23075	ko:K01666
baen:L3V59_23080	ko:K04073
baen:L3V59_23085	ko:K02554
baen:L3V59_23100	ko:K10216
baen:L3V59_23105	ko:K00446
baen:L3V59_23115	ko:K09024
baen:L3V59_23125	ko:K07078
baen:L3V59_23130	ko:K06911
baen:L3V59_23135	ko:K18139
baen:L3V59_23140	ko:K18138
baen:L3V59_23145	ko:K03585
baen:L3V59_23175	ko:K01666
baen:L3V59_23180	ko:K04073
baen:L3V59_23185	ko:K02554
baen:L3V59_23190	ko:K05712
baen:L3V59_23200	ko:K10222
baen:L3V59_23220	ko:K10716
baen:L3V59_23240	ko:K05874
baen:L3V59_23250	ko:K00344
baen:L3V59_23270	ko:K15553
baen:L3V59_23275	ko:K01754
baen:L3V59_23280	ko:K03704
baen:L3V59_23300	ko:K01647
baen:L3V59_23305	ko:K01480
baen:L3V59_23325	ko:K07044
baen:L3V59_23335	ko:K09957
baen:L3V59_23340	ko:K08717
baen:L3V59_23350	ko:K01821
baen:L3V59_23355	ko:K15371
baen:L3V59_23375	ko:K00675
baen:L3V59_23390	ko:K01426
baen:L3V59_23415	ko:K01682
baen:L3V59_23425	ko:K06934
baen:L3V59_23440	ko:K05601
baen:L3V59_23465	ko:K28762
baen:L3V59_23470	ko:K00529
baen:L3V59_23485	ko:K06989
baen:L3V59_23490	ko:K01652
baen:L3V59_23530	ko:K05710
baen:L3V59_23560	ko:K04771
baen:L3V59_23600	ko:K03832
baen:L3V59_23605	ko:K03559
baen:L3V59_23610	ko:K03561
baen:L3V59_23630	ko:K02460
baen:L3V59_23670	ko:K02462
baen:L3V59_23675	ko:K02461
baen:L3V59_23680	ko:K02457
baen:L3V59_23685	ko:K02456
baen:L3V59_23690	ko:K02452
baen:L3V59_23695	ko:K02455
baen:L3V59_23730	ko:K02459
baen:L3V59_23735	ko:K02458
baen:L3V59_23750	ko:K09019
baen:L3V59_23755	ko:K07098
baen:L3V59_23770	ko:K15549
baen:L3V59_23780	ko:K07507
baen:L3V59_23785	ko:K19666
baen:L3V59_23795	ko:K13061
baen:L3V59_23820	ko:K01497
baen:L3V59_23835	ko:K06140
baen:L3V59_23860	ko:K20330
baen:L3V59_23890	ko:K13928
baen:L3V59_23920	ko:K00038
baen:L3V59_23930	ko:K11209
baen:L3V59_23945	ko:K00163
baen:L3V59_23950	ko:K18300
baen:L3V59_23955	ko:K19585
baen:L3V59_23960	ko:K19586
baen:L3V59_23965	ko:K13639
baen:L3V59_23980	ko:K09017
baen:L3V59_23985	ko:K03885
baen:L3V59_24000	ko:K00681
baen:L3V59_24020	ko:K02049
baen:L3V59_24025	ko:K02050
baen:L3V59_24030	ko:K03306
baen:L3V59_24050	ko:K07001
baen:L3V59_24065	ko:K01091
baen:L3V59_24085	ko:K07124
baen:L3V59_24105	ko:K03929
baen:L3V59_24135	ko:K01451
baen:L3V59_24140	ko:K14057
baen:L3V59_24165	ko:K01771
baen:L3V59_24175	ko:K02026
baen:L3V59_24180	ko:K02025
baen:L3V59_24185	ko:K02027
baen:L3V59_24215	ko:K00146
baen:L3V59_24235	ko:K07054
baen:L3V59_24300	ko:K01442
baen:L3V59_24310	ko:K06143
baen:L3V59_24315	ko:K07641
baen:L3V59_24320	ko:K07663
baen:L3V59_24345	ko:K07659
baen:L3V59_24370	ko:K07687
baen:L3V59_24390	ko:K07347
baen:L3V59_24395	ko:K07346
baen:L3V59_24400	ko:K27078
baen:L3V59_24405	ko:K27078
baen:L3V59_24415	ko:K00059
baen:L3V59_24440	ko:K16348
baen:L3V59_24445	ko:K00609
baen:L3V59_24450	ko:K07062
baen:L3V59_24455	ko:K21495
baen:L3V59_24460	ko:K16090
baen:L3V59_24465	ko:K07126
baen:L3V59_24470	ko:K07336
baen:L3V59_24475	ko:K08641
baen:L3V59_24480	ko:K07141
baen:L3V59_24490	ko:K00077
baen:L3V59_24495	ko:K03406
baen:L3V59_24520	ko:K07687
baen:L3V59_24575	ko:K08678
baen:L3V59_24580	ko:K12448
baen:L3V59_24585	ko:K00012
baen:L3V59_24600	ko:K07302
baen:L3V59_24605	ko:K07303
baen:L3V59_24620	ko:K01953
baen:L3V59_24650	ko:K07267
baen:L3V59_24655	ko:K01194
baen:L3V59_24675	ko:K09927
baen:L3V59_24690	ko:K02115
baen:L3V59_24695	ko:K02114
baen:L3V59_24710	ko:K01091
baen:L3V59_24715	ko:K08995
baen:L3V59_24720	ko:K22479
baen:L3V59_24730	ko:K01586
baen:L3V59_24735	ko:K02424
baen:L3V59_24740	ko:K10009
baen:L3V59_24745	ko:K10010
baen:L3V59_24750	ko:K01760
baen:L3V59_24790	ko:K03462
baen:L3V59_24795	ko:K13522
baen:L3V59_24820	ko:K01611
baen:L3V59_24840	ko:K08989
baen:L3V59_24845	ko:K00797
baen:L3V59_24855	ko:K01448
baen:L3V59_24895	ko:K01915
baen:L3V59_24905	ko:K09471
baen:L3V59_24910	ko:K10974
baen:L3V59_24915	ko:K01485
baen:L3V59_24920	ko:K09017
baen:L3V59_24955	ko:K07090
baen:L3V59_24960	ko:K11735
baen:L3V59_24980	ko:K13574
baen:L3V59_25000	ko:K13633
baen:L3V59_25050	ko:K02483
baen:L3V59_25080	ko:K17836
baen:L3V59_25085	ko:K17850
baen:L3V59_25110	ko:K03569
baen:L3V59_25115	ko:K07001
baen:L3V59_25120	ko:K01118
baen:L3V59_25125	ko:K02484
baen:L3V59_25130	ko:K02483
baen:L3V59_25135	ko:K01425
baen:L3V59_25150	ko:K01118
baen:L3V59_25210	ko:K07044
baen:L3V59_25235	ko:K01166
baen:L3V59_25275	ko:K13888
baen:L3V59_25280	ko:K05685
baen:L3V59_25285	ko:K18139
baen:L3V59_25300	ko:K07120
baen:L3V59_25315	ko:K00020
baen:L3V59_25320	ko:K00140
baen:L3V59_25325	ko:K01895
baen:L3V59_25340	ko:K07403
baen:L3V59_25365	ko:K07044
baen:L3V59_25390	ko:K06901
baen:L3V59_25430	ko:K07156
baen:L3V59_25435	ko:K09796
baen:L3V59_25445	ko:K05834
baen:L3V59_25455	ko:K14228
baen:L3V59_25460	ko:K03559
baen:L3V59_25465	ko:K03559
baen:L3V59_25470	ko:K03561
baen:L3V59_25475	ko:K03832
baen:L3V59_25480	ko:K02014
baen:L3V59_25505	ko:K12243
baen:L3V59_25525	ko:K16088
baen:L3V59_25545	ko:K12243
baen:L3V59_25560	ko:K00596
baen:L3V59_25565	ko:K25154
baen:L3V59_25570	ko:K25155
baen:L3V59_25575	ko:K25156
baen:L3V59_25600	ko:K01996
baen:L3V59_25605	ko:K01995
baen:L3V59_25610	ko:K01998
baen:L3V59_25615	ko:K01997
baen:L3V59_25620	ko:K01999
baen:L3V59_25870	ko:K11904
baen:L3V59_25880	ko:K21021
baen:L3V59_25895	ko:K26064
baen:L3V59_25905	ko:K07046
baen:L3V59_25910	ko:K10439
baen:L3V59_25915	ko:K10440
baen:L3V59_25920	ko:K10441
baen:L3V59_25925	ko:K18333
baen:L3V59_25930	ko:K18334
baen:L3V59_25935	ko:K18336
baen:L3V59_25940	ko:K18335
baen:L3V59_25960	ko:K00471
baen:L3V59_25970	ko:K27492
baen:L3V59_25975	ko:K17735
baen:L3V59_25980	ko:K27837
baen:L3V59_25985	ko:K02002
baen:L3V59_25995	ko:K01637
baen:L3V59_26005	ko:K09936
baen:L3V59_26015	ko:K00146
baen:L3V59_26030	ko:K15228
baen:L3V59_26045	ko:K15229
baen:L3V59_26050	ko:K04033
baen:L3V59_26055	ko:K17736
baen:L3V59_26060	ko:K20274
baen:L3V59_26065	ko:K05994
baen:L3V59_26085	ko:K07220
baen:L3V59_26090	ko:K03306
baen:L3V59_26100	ko:K01883
baen:L3V59_26105	ko:K08720
baen:L3V59_26110	ko:K02002
baen:L3V59_26115	ko:K01133
baen:L3V59_26125	ko:K01433
baen:L3V59_26145	ko:K02002
baen:L3V59_26150	ko:K21832
baen:L3V59_26155	ko:K00479
baen:L3V59_26160	ko:K25961
baen:L3V59_26165	ko:K25960
baen:L3V59_26170	ko:K21834
baen:L3V59_26175	ko:K21833
baen:L3V59_26185	ko:K01273
baen:L3V59_26190	ko:K00600
baen:L3V59_26195	ko:K21826
baen:L3V59_26220	ko:K03566
baen:L3V59_26225	ko:K01623
baen:L3V59_26230	ko:K00148
baen:L3V59_26235	ko:K03543
baen:L3V59_26245	ko:K12990
baen:L3V59_26250	ko:K03446
baen:L3V59_26255	ko:K18101
baen:L3V59_26265	ko:K18100
baen:L3V59_26270	ko:K02167
baen:L3V59_26275	ko:K00130
baen:L3V59_26280	ko:K00108
baen:L3V59_26295	ko:K03429
baen:L3V59_26315	ko:K07275
baen:L3V59_26335	ko:K01990
baen:L3V59_26340	ko:K07496
baen:L3V59_26345	ko:K01992
baen:L3V59_26350	ko:K28762
baen:L3V59_26365	ko:K17736
baen:L3V59_26370	ko:K00130
baen:L3V59_26385	ko:K02002
baen:L3V59_26395	ko:K00108
baen:L3V59_26400	ko:K22443
baen:L3V59_26410	ko:K16137
baen:L3V59_26440	ko:K01607
baen:L3V59_26465	ko:K03559
baen:L3V59_26470	ko:K03561
baen:L3V59_26480	ko:K06139
baen:L3V59_26485	ko:K06138
baen:L3V59_26490	ko:K06137
baen:L3V59_26495	ko:K06136
baen:L3V59_26500	ko:K06135
baen:L3V59_26505	ko:K21405
baen:L3V59_26520	ko:K00114
baen:L3V59_26525	ko:K02030
baen:L3V59_26535	ko:K03086
baen:L3V59_26540	ko:K01895
baen:L3V59_26550	ko:K03406
baen:L3V59_26570	ko:K05367
baen:L3V59_26575	ko:K06894
baen:L3V59_26580	ko:K09808
baen:L3V59_26590	ko:K01281
baen:L3V59_26595	ko:K06016
baen:L3V59_26610	ko:K05845
baen:L3V59_26615	ko:K05846
baen:L3V59_26620	ko:K05847
baen:L3V59_26625	ko:K05846
baen:L3V59_26645	ko:K07154
baen:L3V59_26655	ko:K01633
baen:L3V59_26660	ko:K00305
baen:L3V59_26665	ko:K00302
baen:L3V59_26670	ko:K00304
baen:L3V59_26675	ko:K00303
baen:L3V59_26680	ko:K01752
baen:L3V59_26695	ko:K08319
baen:L3V59_26700	ko:K21948
baen:L3V59_26705	ko:K22130
baen:L3V59_26715	ko:K22131
baen:L3V59_26720	ko:K22025
baen:L3V59_26725	ko:K07027
baen:L3V59_26740	ko:K07666
baen:L3V59_26745	ko:K07645
baen:L3V59_26765	ko:K00476
baen:L3V59_26775	ko:K03636
baen:L3V59_26790	ko:K03566
baen:L3V59_26805	ko:K02002
baen:L3V59_26810	ko:K21826
baen:L3V59_26815	ko:K02001
baen:L3V59_26840	ko:K07667
baen:L3V59_26845	ko:K01547
baen:L3V59_26860	ko:K00299
baen:L3V59_26960	ko:K01114
baen:L3V59_26970	ko:K01968
baen:L3V59_26975	ko:K13766
baen:L3V59_26980	ko:K01969
baen:L3V59_26985	ko:K00253
baen:L3V59_27000	ko:K03862
baen:L3V59_27005	ko:K03863
baen:L3V59_27015	ko:K26744
baen:L3V59_27030	ko:K02014
baen:L3V59_27035	ko:K07552
baen:L3V59_27080	ko:K05834
baen:L3V59_27105	ko:K02483
baen:L3V59_27115	ko:K07734
baen:L3V59_27120	ko:K00375
baen:L3V59_27145	ko:K27838
baen:L3V59_27155	ko:K05889
baen:L3V59_27180	ko:K05366
baen:L3V59_27205	ko:K08369
baen:L3V59_27230	ko:K05802
baen:L3V59_27235	ko:K12340
baen:L3V59_27240	ko:K11003
baen:L3V59_27245	ko:K11004
baen:L3V59_27275	ko:K26061
baen:L3V59_27280	ko:K11733
baen:L3V59_27285	ko:K09471
baen:L3V59_27300	ko:K02444
baen:L3V59_27315	ko:K01916
baen:L3V59_27325	ko:K08677
baen:L3V59_27335	ko:K03719
baen:L3V59_27345	ko:K12255
baen:L3V59_27355	ko:K03457
baen:L3V59_27370	ko:K00549
baen:L3V59_27375	ko:K03576
baen:L3V59_27395	ko:K03306
baen:L3V59_27400	ko:K09990
baen:L3V59_27425	ko:K01985
baen:L3V59_27430	ko:K01980
baen:L3V59_27435	ko:K14218
baen:L3V59_27440	ko:K14227
baen:L3V59_27445	ko:K01977
baen:L3V59_27455	ko:K00206
baen:L3V59_27460	ko:K19670
baen:L3V59_27470	ko:K11083
baen:L3V59_27475	ko:K11084
baen:L3V59_27480	ko:K11081
baen:L3V59_27485	ko:K03430
baen:L3V59_27490	ko:K08194
baen:L3V59_27495	ko:K25901
baen:L3V59_27500	ko:K03786
baen:L3V59_27505	ko:K26400
baen:L3V59_27520	ko:K01999
baen:L3V59_27530	ko:K03762
baen:L3V59_27535	ko:K15977
baen:L3V59_27540	ko:K02431
baen:L3V59_27550	ko:K01708
baen:L3V59_27555	ko:K01707
baen:L3V59_27575	ko:K13877
baen:L3V59_27580	ko:K03535
baen:L3V59_27600	ko:K01465
baen:L3V59_27610	ko:K01737
baen:L3V59_27615	ko:K09007
baen:L3V59_27640	ko:K02072
baen:L3V59_27650	ko:K20938
baen:L3V59_27655	ko:K02073
baen:L3V59_27660	ko:K11616
baen:L3V59_27665	ko:K10125
baen:L3V59_27670	ko:K10126
baen:L3V59_27690	ko:K01114
baen:L3V59_27725	ko:K18903
baen:L3V59_27730	ko:K18902
baen:L3V59_27735	ko:K18901
baen:L3V59_27745	ko:K18900
baen:L3V59_27765	ko:K01008
baen:L3V59_27795	ko:K00375
baen:L3V59_27800	ko:K00823
baen:L3V59_27805	ko:K00135
baen:L3V59_27850	ko:K05791
baen:L3V59_27855	ko:K05792
baen:L3V59_27860	ko:K05793
baen:L3V59_27865	ko:K05794
baen:L3V59_27870	ko:K05795
baen:L3V59_27880	ko:K03776
baen:L3V59_27885	ko:K03776
baen:L3V59_27905	ko:K07823
baen:L3V59_27910	ko:K02624
baen:L3V59_27925	ko:K06987
baen:L3V59_27930	ko:K10013
baen:L3V59_27935	ko:K14057
baen:L3V59_27945	ko:K01451
baen:L3V59_27950	ko:K16137
baen:L3V59_27955	ko:K19745
baen:L3V59_27975	ko:K00036
baen:L3V59_27985	ko:K19577
baen:L3V59_28000	ko:K06222
baen:L3V59_28005	ko:K10680
baen:L3V59_28010	ko:K00064
baen:L3V59_28020	ko:K06901
baen:L3V59_28030	ko:K08973
baen:L3V59_28045	ko:K14057
baen:L3V59_28050	ko:K10013
baen:L3V59_28055	ko:K06987
baen:L3V59_28060	ko:K02073
baen:L3V59_28085	ko:K16087
baen:L3V59_28090	ko:K07225
baen:L3V59_28095	ko:K25132
baen:L3V59_28100	ko:K25133
baen:L3V59_28105	ko:K10834
baen:L3V59_28120	ko:K05366
baen:L3V59_28125	ko:K04343
baen:L3V59_28135	ko:K14977
baen:L3V59_28155	ko:K02503
baen:L3V59_28170	ko:K00799
baen:L3V59_28175	ko:K07071
baen:L3V59_28200	ko:K00209
baen:L3V59_28210	ko:K16137
baen:L3V59_28270	ko:K00799
baen:L3V59_28280	ko:K24158
baen:L3V59_28285	ko:K07496
baen:L3V59_28290	ko:K07491
baen:L3V59_28295	ko:K05596
baen:L3V59_28305	ko:K01620
baen:L3V59_28320	ko:K00425
baen:L3V59_28325	ko:K00426
baen:L3V59_28340	ko:K03566
baen:L3V59_28365	ko:K02053
baen:L3V59_28370	ko:K02055
baen:L3V59_28375	ko:K02052
baen:L3V59_28380	ko:K02053
baen:L3V59_28385	ko:K03566
baen:L3V59_28415	ko:K17686
baen:L3V59_28435	ko:K07507
baen:L3V59_28445	ko:K05874
baen:L3V59_28455	ko:K06218
baen:L3V59_28460	ko:K18923
baen:L3V59_28485	ko:K01715
baen:L3V59_28490	ko:K03285
baen:L3V59_28510	ko:K09788
baen:L3V59_28515	ko:K20455
baen:L3V59_28520	ko:K01659
baen:L3V59_28525	ko:K03417
baen:L3V59_28530	ko:K02688
baen:L3V59_28550	ko:K18336
baen:L3V59_28565	ko:K09181
baen:L3V59_28570	ko:K03746
baen:L3V59_28600	ko:K01826
baen:L3V59_28610	ko:K03825
baen:L3V59_28615	ko:K01114
baen:L3V59_28635	ko:K10823
baen:L3V59_28640	ko:K15583
baen:L3V59_28645	ko:K15582
baen:L3V59_28650	ko:K15581
baen:L3V59_28655	ko:K15580
baen:L3V59_28665	ko:K03305
baen:L3V59_28680	ko:K05786
baen:L3V59_28685	ko:K01512
baen:L3V59_28690	ko:K00091
baen:L3V59_28705	ko:K03527
baen:L3V59_28730	ko:K01822
baen:L3V59_28735	ko:K08166
baen:L3V59_28740	ko:K11068
baen:L3V59_28750	ko:K06200
baen:L3V59_28755	ko:K01778
baen:L3V59_28760	ko:K03088
baen:L3V59_28785	ko:K04063
baen:L3V59_28800	ko:K01626
baen:L3V59_28825	ko:K09915
baen:L3V59_28940	ko:K11904
baen:L3V59_28945	ko:K11896
baen:L3V59_28965	ko:K16216
baen:L3V59_28975	ko:K01714
baen:L3V59_28980	ko:K01628
baen:L3V59_28990	ko:K05836
baen:L3V59_29000	ko:K10014
baen:L3V59_29030	ko:K03293
baen:L3V59_29035	ko:K26064
baen:L3V59_29055	ko:K01845
baen:L3V59_29070	ko:K01464
baen:L3V59_29075	ko:K01799
baen:L3V59_29095	ko:K01751
baen:L3V59_29100	ko:K03719
baen:L3V59_29115	ko:K05819
baen:L3V59_29120	ko:K12508
baen:L3V59_29125	ko:K21802
baen:L3V59_29130	ko:K18383
baen:L3V59_29140	ko:K13874
baen:L3V59_29175	ko:K11474
baen:L3V59_29185	ko:K11472
baen:L3V59_29190	ko:K11473
baen:L3V59_29195	ko:K11477
baen:L3V59_29200	ko:K01638
baen:L3V59_29210	ko:K02480
baen:L3V59_29220	ko:K08166
baen:L3V59_29230	ko:K07323
baen:L3V59_29235	ko:K07003
baen:L3V59_29240	ko:K04754
baen:L3V59_29250	ko:K06045
baen:L3V59_29255	ko:K21677
baen:L3V59_29260	ko:K21678
baen:L3V59_29280	ko:K03410
baen:L3V59_29295	ko:K19784
baen:L3V59_29300	ko:K03088
baen:L3V59_29310	ko:K00537
baen:L3V59_29315	ko:K03496
baen:L3V59_29320	ko:K03497
baen:L3V59_29350	ko:K00639
baen:L3V59_29355	ko:K00060
baen:L3V59_29375	ko:K09958
baen:L3V59_29380	ko:K07246
baen:L3V59_29385	ko:K16135
baen:L3V59_29390	ko:K00145
baen:L3V59_29405	ko:K07001
baen:L3V59_29410	ko:K00019
baen:L3V59_29415	ko:K01574
baen:L3V59_29420	ko:K19302
baen:L3V59_29460	ko:K24163
baen:L3V59_29470	ko:K00146
baen:L3V59_29500	ko:K13021
baen:L3V59_29525	ko:K00004
baen:L3V59_29535	ko:K05913
baen:L3V59_29565	ko:K06895
baen:L3V59_29570	ko:K05596
baen:L3V59_29575	ko:K01420
baen:L3V59_29595	ko:K00640
baen:L3V59_29605	ko:K01495
baen:L3V59_29615	ko:K00481
baen:L3V59_29620	ko:K01031
baen:L3V59_29625	ko:K01032
baen:L3V59_29630	ko:K01857
baen:L3V59_29635	ko:K01055
baen:L3V59_29640	ko:K01607
baen:L3V59_29645	ko:K08195
baen:L3V59_29660	ko:K11904
baen:L3V59_29695	ko:K03611
baen:L3V59_29710	ko:K06893
baen:L3V59_29740	ko:K10778
baen:L3V59_29760	ko:K05337
baen:L3V59_29765	ko:K03863
baen:L3V59_29775	ko:K22278
baen:L3V59_29785	ko:K17735
baen:L3V59_29790	ko:K00252
baen:L3V59_29795	ko:K01574
baen:L3V59_29805	ko:K01715
baen:L3V59_29830	ko:K03781
baen:L3V59_29850	ko:K15549
baen:L3V59_29855	ko:K15547
baen:L3V59_29860	ko:K15550
baen:L3V59_29870	ko:K09857
baen:L3V59_29875	ko:K06192
baen:L3V59_29880	ko:K03808
baen:L3V59_29885	ko:K03808
baen:L3V59_29950	ko:K03769
baen:L3V59_29960	ko:K19147
baen:L3V59_29965	ko:K07452
baen:L3V59_29990	ko:K03928
baen:L3V59_30005	ko:K18143
baen:L3V59_30010	ko:K18144
baen:L3V59_30015	ko:K05523
baen:L3V59_30085	ko:K00249
baen:L3V59_30185	ko:K11921
baen:L3V59_30210	ko:K02336
baen:L3V59_30235	ko:K07126
baen:L3V59_30245	ko:K26148
baen:L3V59_30290	ko:K03885
baen:L3V59_30295	ko:K21703
baen:L3V59_30305	ko:K07506
baen:L3V59_30315	ko:K05782
baen:L3V59_30345	ko:K16249
baen:L3V59_30350	ko:K16243
baen:L3V59_30355	ko:K16244
baen:L3V59_30360	ko:K16242
baen:L3V59_30365	ko:K16245
baen:L3V59_30370	ko:K16246
baen:L3V59_30375	ko:K02639
baen:L3V59_30380	ko:K00446
baen:L3V59_30390	ko:K10217
baen:L3V59_30395	ko:K18364
baen:L3V59_30400	ko:K18366
baen:L3V59_30405	ko:K18365
baen:L3V59_30410	ko:K01617
baen:L3V59_30415	ko:K01821
baen:L3V59_30420	ko:K10216
baen:L3V59_30430	ko:K22213
baen:L3V59_30440	ko:K05591
baen:L3V59_30450	ko:K00116
baen:L3V59_30470	ko:K01750
baen:L3V59_30475	ko:K01999
baen:L3V59_30480	ko:K03442
baen:L3V59_30490	ko:K13653
baen:L3V59_30500	ko:K03885
baen:L3V59_30505	ko:K20277
baen:L3V59_30510	ko:K20277
baen:L3V59_30515	ko:K01649
baen:L3V59_30535	ko:K03543
baen:L3V59_30540	ko:K03446
baen:L3V59_30555	ko:K19048
baen:L3V59_30560	ko:K01118
baen:L3V59_30590	ko:K06147
baen:L3V59_30650	ko:K03787
baen:L3V59_30655	ko:K26606
baen:L3V59_30660	ko:K26605
baen:L3V59_30665	ko:K26601
baen:L3V59_30710	ko:K03671
baen:L3V59_30735	ko:K07126
baen:L3V59_30750	ko:K07677
baen:L3V59_30760	ko:K07687
baen:L3V59_30765	ko:K07677
baen:L3V59_30795	ko:K16568
baen:L3V59_30820	ko:K16692
baen:L3V59_30825	ko:K25307
baen:L3V59_30830	ko:K01991
baen:L3V59_30840	ko:K01505
baen:L3V59_30850	ko:K00156
baen:L3V59_30855	ko:K03826
baen:L3V59_30870	ko:K00570
baen:L3V59_30875	ko:K01077
baen:L3V59_30880	ko:K01077
baen:L3V59_30895	ko:K17838
baen:L3V59_30915	ko:K02002
baen:L3V59_30920	ko:K02001
baen:L3V59_30925	ko:K02000
baen:L3V59_30955	ko:K01684
baen:L3V59_30965	ko:K07248
baen:L3V59_30975	ko:K03566
baen:L3V59_30980	ko:K03566
baen:L3V59_31005	ko:K07496
baen:L3V59_31010	ko:K07746
baen:L3V59_31020	ko:K08368
baen:L3V59_31025	ko:K00135
baen:L3V59_31030	ko:K23107
baen:L3V59_31035	ko:K10713
baen:L3V59_31075	ko:K11921
baen:L3V59_31080	ko:K01673
baen:L3V59_31085	ko:K01725
baen:L3V59_31095	ko:K11076
baen:L3V59_31100	ko:K11075
baen:L3V59_31105	ko:K11074
baen:L3V59_31115	ko:K01761
baen:L3V59_31125	ko:K00598
baen:L3V59_31145	ko:K01114
baen:L3V59_31160	ko:K02002
baen:L3V59_31165	ko:K07507
baen:L3V59_31180	ko:K02019
baen:L3V59_31195	ko:K02557
baen:L3V59_31200	ko:K02556
baen:L3V59_31205	ko:K07001
baen:L3V59_31210	ko:K00130
baen:L3V59_31215	ko:K12255
baen:L3V59_31225	ko:K06995
baen:L3V59_31240	ko:K21699
baen:L3V59_31255	ko:K11073
baen:L3V59_31265	ko:K19200
baen:L3V59_31270	ko:K08194
baen:L3V59_31290	ko:K00799
baen:L3V59_31300	ko:K07796
baen:L3V59_31305	ko:K07798
baen:L3V59_31310	ko:K07787
baen:L3V59_31315	ko:K07810
baen:L3V59_31320	ko:K03892
baen:L3V59_31325	ko:K03325
baen:L3V59_31330	ko:K00537
baen:L3V59_31335	ko:K11811
baen:L3V59_31340	ko:K07301
baen:L3V59_31355	ko:K06938
baen:L3V59_31365	ko:K07644
baen:L3V59_31370	ko:K07665
baen:L3V59_31390	ko:K22348
baen:L3V59_31400	ko:K07156
baen:L3V59_31405	ko:K07245
baen:L3V59_31410	ko:K07004
baen:L3V59_31425	ko:K04033
baen:L3V59_31440	ko:K00600
baen:L3V59_31445	ko:K28029
baen:L3V59_31470	ko:K03809
baen:L3V59_31490	ko:K04487
baen:L3V59_31535	ko:K11904
baen:L3V59_31560	ko:K00146
baen:L3V59_31565	ko:K00217
baen:L3V59_31570	ko:K04098
baen:L3V59_31575	ko:K09780
baen:L3V59_31590	ko:K00799
baen:L3V59_31630	ko:K00820
baen:L3V59_31635	ko:K03719
baen:L3V59_31640	ko:K00606
baen:L3V59_31650	ko:K00567
baen:L3V59_31655	ko:K13529
baen:L3V59_31660	ko:K08191
baen:L3V59_31665	ko:K02529
baen:L3V59_31670	ko:K18981
baen:L3V59_31705	ko:K07156
baen:L3V59_31715	ko:K04758
baen:L3V59_31720	ko:K04759
baen:L3V59_31735	ko:K02014
baen:L3V59_31765	ko:K05835
baen:L3V59_31775	ko:K11904
baen:L3V59_31785	ko:K07126
baen:L3V59_31815	ko:K07126
baen:L3V59_31830	ko:K00131
baen:L3V59_31875	ko:K01999
baen:L3V59_31910	ko:K06996
baen:L3V59_31925	ko:K06889
baen:L3V59_31980	ko:K00029
baen:L3V59_31985	ko:K11904
baen:L3V59_32055	ko:K11896
baen:L3V59_32075	ko:K11740
baen:L3V59_32095	ko:K05825
baen:L3V59_32105	ko:K00275
baen:L3V59_32110	ko:K03566
baen:L3V59_32125	ko:K00208
baen:L3V59_32135	ko:K00625
baen:L3V59_32140	ko:K00925
baen:L3V59_32180	ko:K00640
baen:L3V59_32200	ko:K00930
baen:L3V59_32205	ko:K02806
baen:L3V59_32225	ko:K05835
baen:L3V59_32230	ko:K04077
baen:L3V59_32235	ko:K04078
baen:L3V59_32245	ko:K03077
baen:L3V59_32255	ko:K15554
baen:L3V59_32260	ko:K15554
baen:L3V59_32265	ko:K15553
baen:L3V59_32275	ko:K04091
baen:L3V59_32290	ko:K03832
baen:L3V59_32295	ko:K03561
baen:L3V59_32300	ko:K03559
baen:L3V59_32315	ko:K02014
baen:L3V59_32320	ko:K14057
baen:L3V59_32325	ko:K01451
baen:L3V59_32330	ko:K10014
baen:L3V59_32355	ko:K13021
baen:L3V59_32370	ko:K04335
baen:L3V59_32375	ko:K06214
baen:L3V59_32380	ko:K04338
baen:L3V59_32385	ko:K04337
baen:L3V59_32395	ko:K01130
baen:L3V59_32400	ko:K13444
baen:L3V59_32405	ko:K02073
baen:L3V59_32445	ko:K01469
baen:L3V59_32450	ko:K14051
baen:L3V59_32455	ko:K13816
baen:L3V59_32460	ko:K02483
baen:L3V59_32475	ko:K10236
baen:L3V59_32480	ko:K10237
baen:L3V59_32485	ko:K10238
baen:L3V59_32490	ko:K10111
baen:L3V59_32500	ko:K02024
baen:L3V59_32555	ko:K01644
baen:L3V59_32560	ko:K06016
baen:L3V59_32570	ko:K12972
baen:L3V59_32645	ko:K00799
baen:L3V59_32650	ko:K20862
baen:L3V59_32700	ko:K01750
baen:L3V59_32725	ko:K22879
baen:L3V59_32735	ko:K01999
baen:L3V59_32740	ko:K01997
baen:L3V59_32740	ko:K01998
baen:L3V59_32745	ko:K01995
baen:L3V59_32750	ko:K01996
baen:L3V59_32755	ko:K00020
baen:L3V59_32760	ko:K19577
baen:L3V59_32775	ko:K07649
baen:L3V59_32780	ko:K07774
baen:L3V59_32790	ko:K15553
baen:L3V59_32835	ko:K20201
baen:L3V59_32870	ko:K03719
baen:L3V59_32875	ko:K07002
baen:L3V59_32885	ko:K00484
baen:L3V59_32895	ko:K00059
baen:L3V59_32900	ko:K01426
baen:L3V59_32915	ko:K22027
baen:L3V59_32925	ko:K01821
baen:L3V59_32970	ko:K04940
baen:L3V59_32975	ko:K00074
baen:L3V59_33025	ko:K03285
baen:L3V59_33035	ko:K03307
baen:L3V59_33065	ko:K10013
baen:L3V59_33070	ko:K03449
baen:L3V59_33090	ko:K05835
baen:L3V59_33115	ko:K19784
baen:L3V59_33140	ko:K18552
baen:L3V59_33155	ko:K01607
baen:L3V59_33165	ko:K10215
baen:L3V59_33190	ko:K00799
baen:L3V59_33195	ko:K07006
baen:L3V59_33225	ko:K06147
baen:L3V59_33230	ko:K21405
baen:L3V59_33240	ko:K00146
baen:L3V59_33245	ko:K08685
baen:L3V59_33250	ko:K06871
baen:L3V59_33265	ko:K00666
baen:L3V59_33270	ko:K02014
baen:L3V59_33275	ko:K03811
baen:L3V59_33290	ko:K15727
baen:L3V59_33295	ko:K15726
baen:L3V59_33300	ko:K07665
baen:L3V59_33305	ko:K07644
baen:L3V59_33340	ko:K07238
baen:L3V59_33345	ko:K01740
baen:L3V59_33360	ko:K07074
baen:L3V59_33365	ko:K14415
baen:L3V59_33380	ko:K14414
baen:L3V59_33400	ko:K04487
baen:L3V59_33410	ko:K00483
baen:L3V59_33430	ko:K06076
baen:L3V59_33470	ko:K18900
baen:L3V59_33485	ko:K01940
baen:L3V59_33505	ko:K11733
baen:L3V59_33515	ko:K21757
baen:L3V59_33525	ko:K11904
baen:L3V59_33555	ko:K06192
baen:L3V59_33575	ko:K05841
baen:L3V59_33580	ko:K05836
baen:L3V59_33585	ko:K03285
baen:L3V59_33600	ko:K01546
baen:L3V59_33605	ko:K01548
baen:L3V59_33610	ko:K01547
baen:L3V59_33615	ko:K07646
baen:L3V59_33620	ko:K07667
baen:L3V59_33625	ko:K10013
baen:L3V59_33630	ko:K10016
baen:L3V59_33635	ko:K10015
baen:L3V59_33640	ko:K10017
baen:L3V59_33660	ko:K05973
baen:L3V59_33665	ko:K00799
baen:L3V59_33675	ko:K02556
baen:L3V59_33680	ko:K02557
baen:L3V59_33685	ko:K03406
baen:L3V59_33695	ko:K03829
baen:L3V59_33730	ko:K00799
baen:L3V59_33735	ko:K05835
baen:L3V59_33750	ko:K03446
baen:L3V59_33755	ko:K03543
baen:L3V59_33790	ko:K00219
baen:L3V59_33805	ko:K00355
baen:L3V59_33815	ko:K03464
baen:L3V59_33820	ko:K03381
baen:L3V59_33825	ko:K01856
baen:L3V59_33830	ko:K21757
baen:L3V59_33840	ko:K16319
baen:L3V59_33845	ko:K16320
baen:L3V59_33850	ko:K18248
baen:L3V59_33855	ko:K18249
baen:L3V59_33875	ko:K01652
baen:L3V59_33885	ko:K24163
baen:L3V59_33895	ko:K13487
baen:L3V59_33900	ko:K13488
baen:L3V59_33905	ko:K13486
baen:L3V59_33910	ko:K13489
baen:L3V59_33915	ko:K13490
baen:L3V59_33920	ko:K13491
baen:L3V59_33925	ko:K03281
baen:L3V59_33930	ko:K00891
baen:L3V59_33935	ko:K00793
baen:L3V59_33945	ko:K07223
baen:L3V59_33950	ko:K07397
baen:L3V59_33965	ko:K03322
baen:L3V59_34005	ko:K07004
baen:L3V59_34020	ko:K07032
baen:L3V59_34035	ko:K00113
baen:L3V59_34050	ko:K16011
baen:L3V59_34060	ko:K00012
baen:L3V59_34065	ko:K25307
baen:L3V59_34070	ko:K01991
baen:L3V59_34075	ko:K16692
baen:L3V59_34120	ko:K08166
baen:L3V59_34130	ko:K03772
baen:L3V59_34135	ko:K07044
baen:L3V59_34145	ko:K10013
baen:L3V59_34170	ko:K00799
baen:L3V59_34175	ko:K15256
baen:L3V59_34190	ko:K03699
baen:L3V59_34210	ko:K01821
baen:L3V59_34220	ko:K02019
baen:L3V59_34225	ko:K02017
baen:L3V59_34230	ko:K02018
baen:L3V59_34235	ko:K02020
baen:L3V59_34255	ko:K04063
baen:L3V59_34260	ko:K23775
baen:L3V59_34270	ko:K02204
baen:L3V59_34280	ko:K01241
baen:L3V59_34285	ko:K23107
baen:L3V59_34325	ko:K02335
baen:L3V59_34330	ko:K03885
baen:L3V59_34335	ko:K01061
baen:L3V59_34340	ko:K01011
baen:L3V59_34350	ko:K03602
baen:L3V59_34355	ko:K00795
baen:L3V59_34360	ko:K01662
baen:L3V59_34365	ko:K09007
baen:L3V59_34370	ko:K25706
baen:L3V59_34380	ko:K02970
baen:L3V59_34385	ko:K09117
baen:L3V59_34390	ko:K02316
baen:L3V59_34395	ko:K03086
baen:L3V59_34400	ko:K14230
baen:L3V59_34405	ko:K06132
baen:L3V59_34410	ko:K00375
baen:L3V59_34415	ko:K07005
baen:L3V59_34425	ko:K05998
baen:L3V59_34445	ko:K03446
baen:L3V59_34450	ko:K03543
baen:L3V59_34455	ko:K23777
baen:L3V59_34460	ko:K22044
baen:L3V59_34490	ko:K00033
baen:L3V59_34505	ko:K06194
baen:L3V59_34525	ko:K02014
baen:L3V59_34530	ko:K01046
baen:L3V59_34540	ko:K00375
baen:L3V59_34545	ko:K02052
baen:L3V59_34550	ko:K02055
baen:L3V59_34555	ko:K02054
baen:L3V59_34560	ko:K02053
baen:L3V59_34565	ko:K08169
baen:L3V59_34575	ko:K08169
baen:L3V59_34580	ko:K05998
baen:L3V59_34605	ko:K27802
baen:L3V59_34610	ko:K01720
baen:L3V59_34620	ko:K01644
baen:L3V59_34625	ko:K00024
baen:L3V59_34630	ko:K03710
baen:L3V59_34635	ko:K00241
baen:L3V59_34640	ko:K00242
baen:L3V59_34645	ko:K00239
baen:L3V59_34650	ko:K00240
baen:L3V59_34655	ko:K09159
baen:L3V59_34660	ko:K01647
baen:L3V59_34680	ko:K01482
baen:L3V59_34690	ko:K11733
baen:L3V59_34710	ko:K00799
baen:L3V59_34730	ko:K01703
baen:L3V59_34735	ko:K16347
baen:L3V59_34740	ko:K01704
baen:L3V59_34745	ko:K00052
baen:L3V59_34750	ko:K00133
baen:L3V59_34755	ko:K02390
baen:L3V59_34760	ko:K08086
baen:L3V59_34765	ko:K06173
baen:L3V59_34770	ko:K01817
baen:L3V59_34775	ko:K01696
baen:L3V59_34780	ko:K00571
baen:L3V59_34785	ko:K01695
baen:L3V59_34790	ko:K01963
baen:L3V59_34795	ko:K11754
baen:L3V59_34800	ko:K03749
baen:L3V59_34805	ko:K03558
baen:L3V59_34810	ko:K00764
baen:L3V59_34815	ko:K10764
baen:L3V59_34820	ko:K22252
baen:L3V59_34825	ko:K01711
baen:L3V59_34860	ko:K00963
baen:L3V59_34875	ko:K00984
baen:L3V59_34890	ko:K07058
baen:L3V59_34895	ko:K00123
baen:L3V59_34900	ko:K00124
baen:L3V59_34905	ko:K00127
baen:L3V59_34910	ko:K02380
baen:L3V59_34915	ko:K01042
baen:L3V59_34920	ko:K03833
baen:L3V59_34925	ko:K14238
baen:L3V59_34935	ko:K02483
baen:L3V59_34940	ko:K02483
baen:L3V59_34945	ko:K18139
baen:L3V59_34950	ko:K07799
baen:L3V59_34955	ko:K07788
baen:L3V59_34980	ko:K24411
baen:L3V59_35020	ko:K03574
baen:L3V59_35035	ko:K06192
baen:L3V59_35040	ko:K03808
baen:L3V59_35050	ko:K18138
baen:L3V59_35055	ko:K03585
baen:L3V59_35085	ko:K14986
baen:L3V59_35095	ko:K09969
baen:L3V59_35120	ko:K11209
baen:L3V59_35130	ko:K03566
baen:L3V59_35155	ko:K00797
baen:L3V59_35160	ko:K06193
baen:L3V59_35165	ko:K02784
baen:L3V59_35185	ko:K02483
baen:L3V59_35200	ko:K01470
baen:L3V59_35220	ko:K01546
baen:L3V59_35250	ko:K21757
baen:L3V59_35255	ko:K08195
baen:L3V59_35265	ko:K05783
baen:L3V59_35270	ko:K05784
baen:L3V59_35275	ko:K05550
baen:L3V59_35280	ko:K05549
baen:L3V59_35285	ko:K03381
baen:L3V59_35290	ko:K01856
baen:L3V59_35295	ko:K21801
baen:L3V59_35325	ko:K08159
baen:L3V59_35340	ko:K05595
baen:L3V59_35360	ko:K00122
baen:L3V59_35385	ko:K13256
baen:L3V59_35395	ko:K07223
baen:L3V59_35415	ko:K03696
baen:L3V59_35430	ko:K23467
baen:L3V59_35440	ko:K01438
baen:L3V59_35455	ko:K07222
baen:L3V59_35465	ko:K07126
baen:L3V59_35480	ko:K01867
baen:L3V59_35540	ko:K01998
baen:L3V59_35545	ko:K01997
baen:L3V59_35550	ko:K01999
baen:L3V59_35555	ko:K27838
baen:L3V59_35560	ko:K00074
baen:L3V59_35620	ko:K03746
baen:L3V59_35640	ko:K07124
baen:L3V59_35660	ko:K08994
baen:L3V59_35665	ko:K00426
baen:L3V59_35670	ko:K00425
baen:L3V59_35675	ko:K02379
baen:L3V59_35680	ko:K03750
baen:L3V59_35685	ko:K03639
baen:L3V59_35690	ko:K03635
baen:L3V59_35695	ko:K03636
baen:L3V59_35705	ko:K01640
baen:L3V59_35715	ko:K08369
baen:L3V59_35740	ko:K04068
baen:L3V59_35780	ko:K18199
baen:L3V59_35795	ko:K03769
baen:L3V59_35800	ko:K00374
baen:L3V59_35805	ko:K00373
baen:L3V59_35810	ko:K00371
baen:L3V59_35815	ko:K00370
baen:L3V59_35855	ko:K10111
baen:L3V59_35860	ko:K01684
baen:L3V59_35870	ko:K10119
baen:L3V59_35875	ko:K10118
baen:L3V59_35880	ko:K10117
baen:L3V59_35900	ko:K11102
baen:L3V59_35950	ko:K03566
baen:L3V59_35955	ko:K00433
baen:L3V59_35975	ko:K08169
baen:L3V59_35995	ko:K23356
baen:L3V59_36025	ko:K15977
baen:L3V59_36030	ko:K06911
baen:L3V59_36060	ko:K11753
baen:L3V59_36100	ko:K28747
baen:L3V59_36105	ko:K02429
baen:L3V59_36115	ko:K11534
baen:L3V59_36120	ko:K01619
baen:L3V59_36130	ko:K00558
baen:L3V59_36265	ko:K11904
baen:L3V59_36270	ko:K11903
baen:L3V59_36280	ko:K03746
baen:L3V59_36285	ko:K12070
baen:L3V59_36355	ko:K06923
baen:L3V59_36390	ko:K00074
baen:L3V59_36395	ko:K00626
baen:L3V59_36400	ko:K00311
baen:L3V59_36405	ko:K20035
baen:L3V59_36410	ko:K11741
baen:L3V59_36415	ko:K00343
baen:L3V59_36430	ko:K01921
baen:L3V59_36435	ko:K17950
baen:L3V59_36455	ko:K01607
baen:L3V59_36470	ko:K02014
baen:L3V59_36505	ko:K18904
baen:L3V59_36525	ko:K00666
baen:L3V59_36535	ko:K00154
baen:L3V59_36545	ko:K10215
baen:L3V59_36560	ko:K09471
baen:L3V59_36570	ko:K07003
baen:L3V59_36605	ko:K00274
baen:L3V59_36625	ko:K00274
baen:L3V59_36645	ko:K18143
baen:L3V59_36655	ko:K18146
baen:L3V59_36660	ko:K18139
baen:L3V59_36665	ko:K18144
baen:L3V59_36685	ko:K03808
baen:L3V59_36690	ko:K03808
baen:L3V59_36695	ko:K06192
baen:L3V59_36700	ko:K09857
baen:L3V59_36710	ko:K01897
baen:L3V59_36850	ko:K02529
baen:L3V59_36915	ko:K03746
baen:L3V59_36935	ko:K04564
baen:L3V59_36940	ko:K07240
baen:L3V59_36950	ko:K24079
baen:L3V59_36955	ko:K24078
baen:L3V59_36960	ko:K24073
baen:L3V59_36965	ko:K15725
baen:L3V59_36970	ko:K15727
baen:L3V59_36975	ko:K15726
baen:L3V59_37015	ko:K07644
baen:L3V59_37020	ko:K07665
baen:L3V59_37035	ko:K22348
baen:L3V59_37045	ko:K07156
baen:L3V59_37050	ko:K07245
baen:L3V59_37065	ko:K17686
baen:L3V59_37070	ko:K07213
baen:L3V59_37075	ko:K19591
baen:L3V59_37080	ko:K09983
baen:L3V59_37100	ko:K07161
baen:L3V59_37115	ko:K07402
baen:L3V59_37120	ko:K19820
baen:L3V59_37125	ko:K19819
baen:L3V59_37130	ko:K19818
baen:L3V59_37140	ko:K01799
baen:L3V59_37155	ko:K13566
baen:L3V59_37165	ko:K18028
baen:L3V59_37170	ko:K00059
baen:L3V59_37175	ko:K05337
baen:L3V59_37245	ko:K04084
baen:L3V59_37250	ko:K07810
baen:L3V59_37255	ko:K07787
baen:L3V59_37260	ko:K07798
baen:L3V59_37265	ko:K07796
baen:L3V59_37320	ko:K19059
baen:L3V59_37325	ko:K19057
baen:L3V59_37330	ko:K00520
baen:L3V59_37335	ko:K19058
baen:L3V59_37340	ko:K08364
baen:L3V59_37345	ko:K08363
baen:L3V59_37350	ko:K08365
baen:L3V59_37355	ko:K07075
baen:L3V59_37415	ko:K14338
baen:L3V59_37435	ko:K01845
baen:L3V59_37475	ko:K00128
baen:L3V59_37495	ko:K07003
baen:L3V59_37505	ko:K18144
baen:L3V59_37520	ko:K10215
baen:L3V59_37525	ko:K01897
baen:L3V59_37545	ko:K00135
baen:L3V59_37560	ko:K00626
baen:L3V59_37565	ko:K15866
baen:L3V59_37575	ko:K27877
baen:L3V59_37620	ko:K14986
baen:L3V59_37625	ko:K15752
baen:L3V59_37630	ko:K18225
baen:L3V59_37635	ko:K15383
baen:L3V59_37665	ko:K00249
baen:L3V59_37685	ko:K01666
baen:L3V59_37690	ko:K04073
baen:L3V59_37695	ko:K02554
baen:L3V59_37700	ko:K10623
baen:L3V59_37710	ko:K10622
baen:L3V59_37715	ko:K16304
baen:L3V59_37720	ko:K10620
baen:L3V59_37725	ko:K10621
baen:L3V59_37730	ko:K16303
baen:L3V59_37735	ko:K10619
baen:L3V59_37740	ko:K18227
baen:L3V59_37750	ko:K02164
baen:L3V59_37770	ko:K06076
baen:L3V59_37775	ko:K18293
baen:L3V59_37785	ko:K10616
baen:L3V59_37790	ko:K10618
baen:L3V59_37795	ko:K10617
baen:L3V59_37805	ko:K01061
baen:L3V59_37810	ko:K01895
baen:L3V59_37825	ko:K10013
baen:L3V59_37845	ko:K07001
baen:L3V59_37855	ko:K01768
baen:L3V59_37905	ko:K03086
baen:L3V59_37925	ko:K23057
baen:L3V59_37930	ko:K23056
baen:L3V59_37935	ko:K23055
baen:L3V59_37940	ko:K23058
baen:L3V59_37950	ko:K00003
baen:L3V59_37955	ko:K03719
baen:L3V59_37980	ko:K07305
baen:L3V59_37990	ko:K07304
baen:L3V59_37995	ko:K22895
baen:L3V59_38000	ko:K01489
baen:L3V59_38005	ko:K00758
baen:L3V59_38010	ko:K03317
baen:L3V59_38015	ko:K01464
baen:L3V59_38020	ko:K03457
baen:L3V59_38025	ko:K17723
baen:L3V59_38030	ko:K17722
baen:L3V59_38035	ko:K06016
baen:L3V59_38040	ko:K09017
baen:L3V59_38045	ko:K07690
baen:L3V59_38050	ko:K00626
baen:L3V59_38060	ko:K01895
baen:L3V59_38075	ko:K23467
baen:L3V59_38080	ko:K12256
baen:L3V59_38085	ko:K09472
baen:L3V59_38115	ko:K01985
baen:L3V59_38120	ko:K01980
baen:L3V59_38125	ko:K14218
baen:L3V59_38130	ko:K14227
baen:L3V59_38135	ko:K01977
baen:L3V59_38155	ko:K01139
baen:L3V59_38170	ko:K09925
baen:L3V59_38190	ko:K01754
baen:L3V59_38195	ko:K21829
baen:L3V59_38200	ko:K10013
baen:L3V59_38205	ko:K15784
baen:L3V59_38210	ko:K21829
baen:L3V59_38220	ko:K06987
baen:L3V59_38225	ko:K06987
baen:L3V59_38240	ko:K03522
baen:L3V59_38245	ko:K03521
baen:L3V59_38270	ko:K00812
baen:L3V59_38275	ko:K00294
baen:L3V59_38285	ko:K09709
baen:L3V59_38290	ko:K00249
baen:L3V59_38295	ko:K18289
baen:L3V59_38305	ko:K01644
baen:L3V59_38310	ko:K23463
baen:L3V59_38325	ko:K00355
baen:L3V59_38330	ko:K01996
baen:L3V59_38335	ko:K01995
baen:L3V59_38340	ko:K01998
baen:L3V59_38345	ko:K01997
baen:L3V59_38350	ko:K01999
baen:L3V59_38355	ko:K00681
baen:L3V59_38390	ko:K06938
baen:L3V59_38415	ko:K18139
baen:L3V59_38420	ko:K18138
baen:L3V59_38425	ko:K03585
baen:L3V59_38445	ko:K15553
baen:L3V59_38455	ko:K01939
baen:L3V59_38460	ko:K03566
baen:L3V59_38480	ko:K03497
baen:L3V59_38485	ko:K03496
baen:L3V59_38500	ko:K19736
baen:L3V59_38515	ko:K03607
baen:L3V59_38530	ko:K15790
baen:L3V59_38535	ko:K02019
baen:L3V59_38560	ko:K06075
baen:L3V59_38600	ko:K00299
baen:L3V59_38605	ko:K17228
baen:L3V59_38640	ko:K26063
baen:L3V59_38645	ko:K02002
baen:L3V59_38650	ko:K22443
baen:L3V59_38655	ko:K27838
baen:L3V59_38660	ko:K00137
baen:L3V59_38665	ko:K03863
baen:L3V59_38670	ko:K17735
baen:L3V59_38675	ko:K07107
baen:L3V59_38685	ko:K21826
baen:L3V59_38690	ko:K02002
baen:L3V59_38700	ko:K01999
baen:L3V59_38710	ko:K03566
baen:L3V59_38730	ko:K07497
baen:L3V59_38735	ko:K00108
baen:L3V59_38740	ko:K00128
baen:L3V59_38755	ko:K00799
baen:L3V59_38770	ko:K11073
baen:L3V59_38780	ko:K11075
baen:L3V59_38785	ko:K11074
baen:L3V59_38795	ko:K09471
baen:L3V59_38800	ko:K06995
baen:L3V59_38805	ko:K01426
baen:L3V59_38810	ko:K09472
baen:L3V59_38815	ko:K18893
baen:L3V59_38820	ko:K06889
baen:L3V59_38825	ko:K16138
baen:L3V59_38830	ko:K16137
baen:L3V59_38835	ko:K04063
baen:L3V59_38855	ko:K02403
baen:L3V59_38860	ko:K02402
baen:L3V59_38870	ko:K06518
baen:L3V59_38885	ko:K03809
baen:L3V59_38890	ko:K06911
baen:L3V59_38910	ko:K03307
baen:L3V59_38965	ko:K02407
baen:L3V59_38975	ko:K03521
baen:L3V59_38980	ko:K03522
baen:L3V59_38985	ko:K01644
baen:L3V59_38995	ko:K03761
baen:L3V59_39000	ko:K18289
baen:L3V59_39005	ko:K00249
baen:L3V59_39010	ko:K09709
baen:L3V59_39015	ko:K19338
baen:L3V59_39020	ko:K19338
baen:L3V59_39035	ko:K23463
baen:L3V59_39055	ko:K10218
baen:L3V59_39060	ko:K00812
baen:L3V59_39070	ko:K15977
baen:L3V59_39090	ko:K00067
baen:L3V59_39095	ko:K21645
baen:L3V59_39125	ko:K00986
baen:L3V59_39130	ko:K03746
baen:L3V59_39145	ko:K11073
baen:L3V59_39185	ko:K14052
baen:L3V59_39195	ko:K00128
baen:L3V59_39205	ko:K01999
baen:L3V59_39210	ko:K01997
baen:L3V59_39220	ko:K01995
baen:L3V59_39225	ko:K01996
baen:L3V59_39230	ko:K06016
baen:L3V59_39260	ko:K01467
baen:L3V59_39275	ko:K01114
baen:L3V59_39290	ko:K06995
baen:L3V59_39335	ko:K06045
baen:L3V59_39375	ko:K07497
baen:L3V59_39380	ko:K07497
baen:L3V59_39390	ko:K03929
baen:L3V59_39405	ko:K08195
baen:L3V59_39445	ko:K06988
baen:L3V59_39455	ko:K06889
baen:L3V59_39500	ko:K07258
baen:L3V59_39510	ko:K09022
baen:L3V59_39525	ko:K07404
baen:L3V59_39535	ko:K10680
baen:L3V59_39560	ko:K07497
baen:L3V59_39590	ko:K11072
baen:L3V59_39595	ko:K11071
baen:L3V59_39600	ko:K11070
baen:L3V59_39605	ko:K11069
baen:L3V59_39610	ko:K01426
baen:L3V59_39625	ko:K09472
baen:L3V59_39630	ko:K12256
baen:L3V59_39665	ko:K01420
baen:L3V59_39690	ko:K02518
baen:L3V59_39750	ko:K00507
baen:L3V59_39790	ko:K02970
baen:L3V59_39840	ko:K03832
baen:L3V59_39845	ko:K03559
baen:L3V59_39850	ko:K03561
baen:L3V59_39905	ko:K06223
baen:L3V59_39935	ko:K18900
baen:L3V59_39985	ko:K07267
baen:L3V59_39990	ko:K07241
baen:L3V59_40005	ko:K07156
baen:L3V59_40010	ko:K07245
baen:L3V59_40015	ko:K09796
baen:L3V59_40040	ko:K25555
baen:L3V59_40045	ko:K06900
baen:L3V59_40145	ko:K22112
baen:L3V59_40150	ko:K01455
baen:L3V59_40195	ko:K06878
baen:L3V59_40205	ko:K01912
baen:L3V59_40220	ko:K01999
baen:L3V59_40225	ko:K18700
baen:L3V59_40230	ko:K21405
baen:L3V59_40250	ko:K05874
baen:L3V59_40260	ko:K04091
baen:L3V59_40280	ko:K24116
baen:L3V59_40285	ko:K02014
baen:L3V59_40295	ko:K02035
baen:L3V59_40300	ko:K02033
baen:L3V59_40310	ko:K02031
baen:L3V59_40310	ko:K02032
baen:L3V59_40335	ko:K02030
baen:L3V59_40340	ko:K02014
baen:L3V59_40365	ko:K03832
baen:L3V59_40370	ko:K03561
baen:L3V59_40375	ko:K03559
baen:L3V59_40380	ko:K03559
baen:L3V59_40385	ko:K28525
baen:L3V59_40395	ko:K15555
baen:L3V59_40400	ko:K15554
baen:L3V59_40405	ko:K15553
baen:L3V59_40420	ko:K20938
baen:L3V59_40445	ko:K06950
baen:L3V59_40455	ko:K00799
baen:L3V59_40480	ko:K00154
baen:L3V59_40485	ko:K05835
baen:L3V59_40505	ko:K08166
baen:L3V59_40550	ko:K09765
baen:L3V59_40565	ko:K00549
baen:L3V59_40570	ko:K16048
baen:L3V59_40575	ko:K00297
baen:L3V59_40605	ko:K07483
baen:L3V59_40610	ko:K07484
baen:L3V59_40625	ko:K11312
baen:L3V59_40630	ko:K03746
baen:L3V59_40645	ko:K00817
baen:L3V59_40660	ko:K07497
baen:L3V59_40690	ko:K11688
baen:L3V59_40695	ko:K11689
baen:L3V59_40700	ko:K11690
baen:L3V59_40705	ko:K03762
baen:L3V59_40710	ko:K00457
baen:L3V59_40720	ko:K10914
baen:L3V59_40735	ko:K01118
baen:L3V59_40775	ko:K09954
baen:L3V59_40790	ko:K02275
baen:L3V59_40795	ko:K02274
baen:L3V59_40800	ko:K02276
baen:L3V59_40805	ko:K02276
baen:L3V59_40810	ko:K02277
baen:L3V59_40850	ko:K03701
baen:L3V59_40860	ko:K11477
baen:L3V59_40865	ko:K23274
baen:L3V59_40870	ko:K23273
baen:L3V59_40875	ko:K23275
baen:L3V59_40880	ko:K02030
baen:L3V59_40885	ko:K11927
baen:L3V59_40890	ko:K09458
baen:L3V59_40905	ko:K01868
baen:L3V59_40915	ko:K02040
baen:L3V59_41000	ko:K00324
baen:L3V59_41005	ko:K00325
baen:L3V59_41010	ko:K01990
baen:L3V59_41050	ko:K09882
baen:L3V59_41065	ko:K03453
baen:L3V59_41085	ko:K20534
baen:L3V59_41100	ko:K02651
baen:L3V59_41105	ko:K02651
baen:L3V59_41110	ko:K02651
baen:L3V59_41115	ko:K02278
baen:L3V59_41125	ko:K02279
baen:L3V59_41130	ko:K02280
baen:L3V59_41145	ko:K12513
baen:L3V59_41150	ko:K12513
baen:L3V59_41155	ko:K02282
baen:L3V59_41160	ko:K02283
baen:L3V59_41165	ko:K12510
baen:L3V59_41170	ko:K12511
baen:L3V59_41225	ko:K21449
baen:L3V59_41265	ko:K07552
baen:L3V59_41275	ko:K20273
baen:L3V59_41350	ko:K03804
baen:L3V59_41355	ko:K03633
baen:L3V59_41450	ko:K04091
baen:L3V59_41460	ko:K02031
baen:L3V59_41460	ko:K02032
baen:L3V59_41465	ko:K02034
baen:L3V59_41470	ko:K02033
baen:L3V59_41475	ko:K02035
baen:L3V59_41495	ko:K18139
baen:L3V59_41500	ko:K01993
baen:L3V59_41515	ko:K01992
baen:L3V59_41530	ko:K07576
baen:L3V59_41535	ko:K18369
baen:L3V59_41555	ko:K00925
baen:L3V59_41580	ko:K01420
baen:L3V59_41585	ko:K13953
baen:L3V59_41605	ko:K07028
baen:L3V59_41650	ko:K18199
baen:L3V59_41675	ko:K00055
baen:L3V59_41680	ko:K00141
baen:L3V59_41725	ko:K15553
baen:L3V59_41735	ko:K03285
baen:L3V59_41790	ko:K03981
baen:L3V59_41850	ko:K03088
baen:L3V59_41905	ko:K03497
baen:L3V59_41975	ko:K14230
baen:L3V59_41980	ko:K14225
baen:L3V59_41985	ko:K03746
baen:L3V59_42110	ko:K28279
baen:L3V59_42115	ko:K28280
baen:L3V59_42120	ko:K03496
baen:L3V59_42125	ko:K03497
baen:L3V59_42240	ko:K03194
baen:L3V59_42250	ko:K03198
baen:L3V59_42255	ko:K03199
baen:L3V59_42260	ko:K03200
baen:L3V59_42265	ko:K03201
baen:L3V59_42275	ko:K03203
baen:L3V59_42280	ko:K03204
baen:L3V59_42285	ko:K03195
baen:L3V59_42290	ko:K03196
baen:L3V59_42315	ko:K03205
baen:L3V59_42470	ko:K11904
baen:L3V59_42545	ko:K04084
baen:L3V59_42550	ko:K07810
baen:L3V59_42555	ko:K07787
baen:L3V59_42560	ko:K07798
baen:L3V59_42565	ko:K07796
baen:L3V59_42585	ko:K07245
baen:L3V59_42590	ko:K07156
baen:L3V59_42600	ko:K22348
baen:L3V59_42620	ko:K07665
baen:L3V59_42625	ko:K07644
baen:L3V59_42635	ko:K00619
baen:L3V59_42640	ko:K11811
baen:L3V59_42645	ko:K00537
baen:L3V59_42655	ko:K03325
baen:L3V59_42660	ko:K03741
baen:L3V59_42665	ko:K03741
baen:L3V59_42675	ko:K03892
baen:L3V59_42680	ko:K01534
baen:L3V59_42695	ko:K15725
baen:L3V59_42700	ko:K15727
baen:L3V59_42710	ko:K15726
baen:L3V59_42715	ko:K07665
baen:L3V59_42720	ko:K07644
baen:L3V59_42750	ko:K07238
baen:L3V59_42760	ko:K03746
baen:L3V59_42765	ko:K04763
baen:L3V59_42770	ko:K18842
baen:L3V59_42775	ko:K18841
baen:L3V59_42860	ko:K07483
baen:L3V59_42865	ko:K07484
baen:L3V59_42870	ko:K07484
baen:L3V59_42885	ko:K07497
baen:L3V59_42895	ko:K07001
baen:L3V59_42900	ko:K07001
baen:L3V59_42910	ko:K19059
baen:L3V59_42915	ko:K19057
baen:L3V59_42920	ko:K00221
baen:L3V59_42925	ko:K00520
baen:L3V59_42930	ko:K19058
baen:L3V59_42935	ko:K08364
baen:L3V59_42940	ko:K08363
baen:L3V59_42945	ko:K08365
baen:L3V59_42955	ko:K19058
baen:L3V59_42980	ko:K07498
baen:L3V59_42985	ko:K01438
baen:L3V59_42995	ko:K15553
baen:L3V59_43000	ko:K02051
baen:L3V59_43005	ko:K02050
baen:L3V59_43010	ko:K15555
baen:L3V59_43015	ko:K12251
baen:L3V59_43030	ko:K16841
baen:L3V59_43035	ko:K07402
baen:L3V59_43040	ko:K00130
baen:L3V59_43045	ko:K19338
baen:L3V59_43050	ko:K16874
baen:L3V59_43055	ko:K16875
baen:L3V59_43060	ko:K16877
baen:L3V59_43065	ko:K16878
baen:L3V59_43070	ko:K16879
baen:L3V59_43075	ko:K16876
baen:L3V59_43080	ko:K16880
baen:L3V59_43085	ko:K16873
baen:L3V59_43100	ko:K19338
baen:L3V59_43105	ko:K07498
baen:L3V59_43135	ko:K07726
baen:L3V59_43150	ko:K03746
baen:L3V59_43165	ko:K14160
baen:L3V59_43170	ko:K14161
baen:L3V59_43175	ko:K14162
baen:L3V59_43180	ko:K03746
baen:L3V59_43230	ko:K03546
baen:L3V59_43240	ko:K03547
baen:L3V59_43310	ko:K12071
baen:L3V59_43315	ko:K12070
baen:L3V59_43325	ko:K20266
baen:L3V59_43330	ko:K20530
baen:L3V59_43335	ko:K20529
baen:L3V59_43395	ko:K06077
baen:L3V59_43490	ko:K18640
baen:L3V59_43535	ko:K06919
baen:L3V59_43550	ko:K03086
baen:L3V59_43565	ko:K07497
baen:L3V59_43625	ko:K03111
baen:L3V59_43745	ko:K20533
baen:L3V59_43750	ko:K20532
baen:L3V59_43755	ko:K20531
baen:L3V59_43775	ko:K03496
baen:L3V59_43780	ko:K03497
baen:L3V59_43865	ko:K07746
baen:L3V59_43870	ko:K19092
baen:L3V59_43900	ko:K07497
baen:L3V59_43920	ko:K07497
baen:L3V59_43945	ko:K00240
baen:L3V59_43955	ko:K22736
baen:L3V59_43970	ko:K03746
baen:L3V59_43995	ko:K02275
baen:L3V59_44000	ko:K02274
baen:L3V59_44045	ko:K00023
baen:L3V59_44055	ko:K00925
baen:L3V59_44075	ko:K01993
baen:L3V59_44085	ko:K01992
baen:L3V59_44105	ko:K00625
baen:L3V59_44110	ko:K00925
baen:L3V59_44115	ko:K00208
baen:L3V59_44155	ko:K07497
baen:L3V59_44165	ko:K02044
baen:L3V59_44170	ko:K02042
baen:L3V59_44175	ko:K02041
baen:L3V59_44180	ko:K18916
