bcep:APZ15_00005	ko:K04565
bcep:APZ15_00020	ko:K01874
bcep:APZ15_00025	ko:K09800
bcep:APZ15_00030	ko:K07278
bcep:APZ15_00040	ko:K05896
bcep:APZ15_00045	ko:K01918
bcep:APZ15_00050	ko:K01579
bcep:APZ15_00055	ko:K03496
bcep:APZ15_00060	ko:K15977
bcep:APZ15_00065	ko:K02232
bcep:APZ15_00070	ko:K02231
bcep:APZ15_00075	ko:K02227
bcep:APZ15_00080	ko:K02225
bcep:APZ15_00085	ko:K02016
bcep:APZ15_00090	ko:K02226
bcep:APZ15_00095	ko:K02233
bcep:APZ15_00100	ko:K00768
bcep:APZ15_00105	ko:K02013
bcep:APZ15_00110	ko:K02015
bcep:APZ15_00120	ko:K09888
bcep:APZ15_00135	ko:K13292
bcep:APZ15_00145	ko:K01687
bcep:APZ15_00150	ko:K08738
bcep:APZ15_00160	ko:K02339
bcep:APZ15_00165	ko:K01255
bcep:APZ15_00170	ko:K07091
bcep:APZ15_00175	ko:K11720
bcep:APZ15_00180	ko:K03795
bcep:APZ15_00185	ko:K02303
bcep:APZ15_00190	ko:K00956
bcep:APZ15_00195	ko:K00957
bcep:APZ15_00200	ko:K00390
bcep:APZ15_00210	ko:K00381
bcep:APZ15_00215	ko:K13634
bcep:APZ15_00220	ko:K01999
bcep:APZ15_00225	ko:K14228
bcep:APZ15_00235	ko:K06919
bcep:APZ15_00265	ko:K01129
bcep:APZ15_00270	ko:K14060
bcep:APZ15_00295	ko:K24084
bcep:APZ15_00310	ko:K00059
bcep:APZ15_00345	ko:K07156
bcep:APZ15_00350	ko:K06183
bcep:APZ15_00365	ko:K00523
bcep:APZ15_00370	ko:K00821
bcep:APZ15_00385	ko:K01996
bcep:APZ15_00390	ko:K01995
bcep:APZ15_00395	ko:K01998
bcep:APZ15_00400	ko:K01997
bcep:APZ15_00410	ko:K03527
bcep:APZ15_00415	ko:K03774
bcep:APZ15_00420	ko:K03630
bcep:APZ15_00425	ko:K02902
bcep:APZ15_00430	ko:K02913
bcep:APZ15_00435	ko:K00278
bcep:APZ15_00440	ko:K00767
bcep:APZ15_00445	ko:K03517
bcep:APZ15_00450	ko:K00507
bcep:APZ15_00460	ko:K03500
bcep:APZ15_00465	ko:K11175
bcep:APZ15_00470	ko:K11753
bcep:APZ15_00475	ko:K01870
bcep:APZ15_00480	ko:K03101
bcep:APZ15_00485	ko:K13038
bcep:APZ15_00490	ko:K01520
bcep:APZ15_00500	ko:K03293
bcep:APZ15_00505	ko:K03694
bcep:APZ15_00510	ko:K06891
bcep:APZ15_00515	ko:K03704
bcep:APZ15_00530	ko:K00031
bcep:APZ15_00535	ko:K00031
bcep:APZ15_00545	ko:K06181
bcep:APZ15_00550	ko:K09005
bcep:APZ15_00555	ko:K02355
bcep:APZ15_00560	ko:K07241
bcep:APZ15_00575	ko:K24967
bcep:APZ15_00605	ko:K00077
bcep:APZ15_00615	ko:K10914
bcep:APZ15_00620	ko:K07240
bcep:APZ15_00625	ko:K04564
bcep:APZ15_00630	ko:K03601
bcep:APZ15_00635	ko:K00912
bcep:APZ15_00640	ko:K09791
bcep:APZ15_00645	ko:K00979
bcep:APZ15_00650	ko:K00939
bcep:APZ15_00665	ko:K03980
bcep:APZ15_00670	ko:K02968
bcep:APZ15_00680	ko:K00611
bcep:APZ15_00685	ko:K00075
bcep:APZ15_00690	ko:K09767
bcep:APZ15_00695	ko:K08591
bcep:APZ15_00705	ko:K01897
bcep:APZ15_00710	ko:K04763
bcep:APZ15_00715	ko:K00567
bcep:APZ15_00720	ko:K18979
bcep:APZ15_00725	ko:K06925
bcep:APZ15_00730	ko:K01448
bcep:APZ15_00735	ko:K15268
bcep:APZ15_00745	ko:K05838
bcep:APZ15_00750	ko:K22132
bcep:APZ15_00755	ko:K00275
bcep:APZ15_00760	ko:K00574
bcep:APZ15_00770	ko:K07304
bcep:APZ15_00780	ko:K17285
bcep:APZ15_00795	ko:K03719
bcep:APZ15_00800	ko:K07130
bcep:APZ15_00805	ko:K01556
bcep:APZ15_00810	ko:K00453
bcep:APZ15_00820	ko:K00007
bcep:APZ15_00825	ko:K00854
bcep:APZ15_00855	ko:K10111
bcep:APZ15_00865	ko:K10229
bcep:APZ15_00870	ko:K10228
bcep:APZ15_00875	ko:K10227
bcep:APZ15_00880	ko:K16371
bcep:APZ15_00885	ko:K00847
bcep:APZ15_00890	ko:K21620
bcep:APZ15_00895	ko:K09823
bcep:APZ15_00900	ko:K02077
bcep:APZ15_00905	ko:K02074
bcep:APZ15_00910	ko:K02075
bcep:APZ15_00915	ko:K01070
bcep:APZ15_00920	ko:K00121
bcep:APZ15_00925	ko:K00854
bcep:APZ15_00930	ko:K24206
bcep:APZ15_00935	ko:K18139
bcep:APZ15_00940	ko:K18138
bcep:APZ15_00945	ko:K03585
bcep:APZ15_00950	ko:K03577
bcep:APZ15_00965	ko:K09386
bcep:APZ15_00980	ko:K04771
bcep:APZ15_00985	ko:K02484
bcep:APZ15_00990	ko:K02483
bcep:APZ15_00995	ko:K07259
bcep:APZ15_01010	ko:K07566
bcep:APZ15_01015	ko:K01589
bcep:APZ15_01020	ko:K01588
bcep:APZ15_01025	ko:K01923
bcep:APZ15_01030	ko:K01624
bcep:APZ15_01035	ko:K00873
bcep:APZ15_01040	ko:K00927
bcep:APZ15_01045	ko:K26606
bcep:APZ15_01050	ko:K26605
bcep:APZ15_01055	ko:K00826
bcep:APZ15_01065	ko:K02843
bcep:APZ15_01075	ko:K07019
bcep:APZ15_01085	ko:K01423
bcep:APZ15_01090	ko:K03637
bcep:APZ15_01100	ko:K03832
bcep:APZ15_01110	ko:K02650
bcep:APZ15_01120	ko:K01902
bcep:APZ15_01125	ko:K01903
bcep:APZ15_01135	ko:K03565
bcep:APZ15_01140	ko:K03553
bcep:APZ15_01145	ko:K02483
bcep:APZ15_01160	ko:K14230
bcep:APZ15_01170	ko:K18900
bcep:APZ15_01180	ko:K18199
bcep:APZ15_01205	ko:K07136
bcep:APZ15_01220	ko:K09984
bcep:APZ15_01230	ko:K01684
bcep:APZ15_01235	ko:K07245
bcep:APZ15_01250	ko:K11927
bcep:APZ15_01265	ko:K00681
bcep:APZ15_01270	ko:K02444
bcep:APZ15_01285	ko:K00111
bcep:APZ15_01290	ko:K00864
bcep:APZ15_01295	ko:K02440
bcep:APZ15_01310	ko:K02858
bcep:APZ15_01320	ko:K19577
bcep:APZ15_01330	ko:K06168
bcep:APZ15_01335	ko:K06217
bcep:APZ15_01340	ko:K07042
bcep:APZ15_01345	ko:K07232
bcep:APZ15_01350	ko:K06189
bcep:APZ15_01355	ko:K03820
bcep:APZ15_01370	ko:K01879
bcep:APZ15_01375	ko:K03273
bcep:APZ15_01380	ko:K00655
bcep:APZ15_01390	ko:K01759
bcep:APZ15_01400	ko:K02528
bcep:APZ15_01405	ko:K00097
bcep:APZ15_01410	ko:K03771
bcep:APZ15_01415	ko:K04744
bcep:APZ15_01420	ko:K07102
bcep:APZ15_01425	ko:K00992
bcep:APZ15_01430	ko:K24821
bcep:APZ15_01435	ko:K10806
bcep:APZ15_01445	ko:K02379
bcep:APZ15_01455	ko:K00632
bcep:APZ15_01460	ko:K07516
bcep:APZ15_01465	ko:K20035
bcep:APZ15_01475	ko:K06131
bcep:APZ15_01480	ko:K08310
bcep:APZ15_01485	ko:K01876
bcep:APZ15_01505	ko:K03688
bcep:APZ15_01510	ko:K03690
bcep:APZ15_01520	ko:K03183
bcep:APZ15_01540	ko:K01754
bcep:APZ15_01545	ko:K06879
bcep:APZ15_01560	ko:K06015
bcep:APZ15_01575	ko:K05520
bcep:APZ15_01610	ko:K06132
bcep:APZ15_01620	ko:K18928
bcep:APZ15_01625	ko:K00782
bcep:APZ15_01630	ko:K18929
bcep:APZ15_01635	ko:K03303
bcep:APZ15_01640	ko:K07387
bcep:APZ15_01650	ko:K18240
bcep:APZ15_01655	ko:K00059
bcep:APZ15_01660	ko:K02078
bcep:APZ15_01695	ko:K00647
bcep:APZ15_01720	ko:K00023
bcep:APZ15_01725	ko:K00626
bcep:APZ15_01735	ko:K03496
bcep:APZ15_01740	ko:K03652
bcep:APZ15_01745	ko:K03649
bcep:APZ15_01750	ko:K03111
bcep:APZ15_01760	ko:K03701
bcep:APZ15_01770	ko:K01433
bcep:APZ15_01785	ko:K00759
bcep:APZ15_01790	ko:K03455
bcep:APZ15_01795	ko:K06041
bcep:APZ15_01800	ko:K03270
bcep:APZ15_01805	ko:K11719
bcep:APZ15_01810	ko:K09774
bcep:APZ15_01815	ko:K06861
bcep:APZ15_01820	ko:K03092
bcep:APZ15_01825	ko:K05808
bcep:APZ15_01830	ko:K02806
bcep:APZ15_01835	ko:K06023
bcep:APZ15_01840	ko:K06958
bcep:APZ15_01845	ko:K07157
bcep:APZ15_01850	ko:K03575
bcep:APZ15_01855	ko:K10563
bcep:APZ15_01865	ko:K02494
bcep:APZ15_01870	ko:K00919
bcep:APZ15_01875	ko:K14223
bcep:APZ15_01880	ko:K00948
bcep:APZ15_01885	ko:K02897
bcep:APZ15_01890	ko:K01056
bcep:APZ15_01895	ko:K00817
bcep:APZ15_01905	ko:K00954
bcep:APZ15_01910	ko:K08316
bcep:APZ15_01915	ko:K03110
bcep:APZ15_01920	ko:K01800
bcep:APZ15_01930	ko:K01649
bcep:APZ15_01940	ko:K12976
bcep:APZ15_01945	ko:K03089
bcep:APZ15_01955	ko:K00425
bcep:APZ15_01960	ko:K00426
bcep:APZ15_01965	ko:K12373
bcep:APZ15_01970	ko:K02804
bcep:APZ15_01975	ko:K23993
bcep:APZ15_01980	ko:K00820
bcep:APZ15_01985	ko:K01443
bcep:APZ15_01990	ko:K24967
bcep:APZ15_02010	ko:K02106
bcep:APZ15_02015	ko:K14162
bcep:APZ15_02020	ko:K14161
bcep:APZ15_02025	ko:K14160
bcep:APZ15_02030	ko:K05833
bcep:APZ15_02035	ko:K05832
bcep:APZ15_02040	ko:K01989
bcep:APZ15_02050	ko:K02073
bcep:APZ15_02055	ko:K03406
bcep:APZ15_02065	ko:K07152
bcep:APZ15_02070	ko:K02257
bcep:APZ15_02075	ko:K02259
bcep:APZ15_02085	ko:K14998
bcep:APZ15_02095	ko:K02276
bcep:APZ15_02105	ko:K02258
bcep:APZ15_02110	ko:K02274
bcep:APZ15_02115	ko:K02275
bcep:APZ15_02125	ko:K02169
bcep:APZ15_02135	ko:K03216
bcep:APZ15_02140	ko:K23518
bcep:APZ15_02145	ko:K00057
bcep:APZ15_02150	ko:K03071
bcep:APZ15_02155	ko:K03676
bcep:APZ15_02165	ko:K01834
bcep:APZ15_02170	ko:K03797
bcep:APZ15_02175	ko:K21029
bcep:APZ15_02180	ko:K08483
bcep:APZ15_02185	ko:K02784
bcep:APZ15_02190	ko:K02793
bcep:APZ15_02195	ko:K01920
bcep:APZ15_02200	ko:K01919
bcep:APZ15_02205	ko:K03320
bcep:APZ15_02210	ko:K04752
bcep:APZ15_02215	ko:K09806
bcep:APZ15_02220	ko:K07391
bcep:APZ15_02235	ko:K10126
bcep:APZ15_02240	ko:K10125
bcep:APZ15_02245	ko:K11103
bcep:APZ15_02255	ko:K11904
bcep:APZ15_02260	ko:K14393
bcep:APZ15_02275	ko:K28556
bcep:APZ15_02285	ko:K07516
bcep:APZ15_02295	ko:K00681
bcep:APZ15_02300	ko:K15552
bcep:APZ15_02305	ko:K10831
bcep:APZ15_02310	ko:K15551
bcep:APZ15_02315	ko:K03644
bcep:APZ15_02320	ko:K03801
bcep:APZ15_02330	ko:K03566
bcep:APZ15_02335	ko:K09158
bcep:APZ15_02340	ko:K00824
bcep:APZ15_02345	ko:K07258
bcep:APZ15_02350	ko:K07018
bcep:APZ15_02365	ko:K18480
bcep:APZ15_02370	ko:K02067
bcep:APZ15_02375	ko:K02065
bcep:APZ15_02380	ko:K02066
bcep:APZ15_02385	ko:K01119
bcep:APZ15_02400	ko:K03524
bcep:APZ15_02405	ko:K03525
bcep:APZ15_02415	ko:K21345
bcep:APZ15_02425	ko:K07001
bcep:APZ15_02440	ko:K16171
bcep:APZ15_02460	ko:K00548
bcep:APZ15_02465	ko:K00548
bcep:APZ15_02475	ko:K01887
bcep:APZ15_02485	ko:K03673
bcep:APZ15_02495	ko:K12368
bcep:APZ15_02510	ko:K00906
bcep:APZ15_02515	ko:K01673
bcep:APZ15_02525	ko:K09858
bcep:APZ15_02535	ko:K00833
bcep:APZ15_02540	ko:K00652
bcep:APZ15_02545	ko:K01935
bcep:APZ15_02550	ko:K01012
bcep:APZ15_02560	ko:K07160
bcep:APZ15_02565	ko:K02160
bcep:APZ15_02570	ko:K01961
bcep:APZ15_02590	ko:K06201
bcep:APZ15_02610	ko:K24163
bcep:APZ15_02615	ko:K04090
bcep:APZ15_02625	ko:K00799
bcep:APZ15_02630	ko:K08715
bcep:APZ15_02635	ko:K02048
bcep:APZ15_02645	ko:K01714
bcep:APZ15_02670	ko:K00799
bcep:APZ15_02675	ko:K03566
bcep:APZ15_02685	ko:K01114
bcep:APZ15_02690	ko:K07002
bcep:APZ15_02695	ko:K12972
bcep:APZ15_02700	ko:K01640
bcep:APZ15_02710	ko:K06938
bcep:APZ15_02720	ko:K03719
bcep:APZ15_02725	ko:K01561
bcep:APZ15_02730	ko:K00459
bcep:APZ15_02755	ko:K14347
bcep:APZ15_02775	ko:K29027
bcep:APZ15_02780	ko:K00847
bcep:APZ15_02805	ko:K01633
bcep:APZ15_02810	ko:K14058
bcep:APZ15_02815	ko:K04042
bcep:APZ15_02820	ko:K00820
bcep:APZ15_02825	ko:K07726
bcep:APZ15_02840	ko:K07243
bcep:APZ15_02850	ko:K07213
bcep:APZ15_02855	ko:K09472
bcep:APZ15_02865	ko:K07010
bcep:APZ15_02870	ko:K01915
bcep:APZ15_02875	ko:K12256
bcep:APZ15_02880	ko:K11073
bcep:APZ15_02885	ko:K11076
bcep:APZ15_02890	ko:K11075
bcep:APZ15_02895	ko:K11074
bcep:APZ15_02910	ko:K09471
bcep:APZ15_02930	ko:K00383
bcep:APZ15_02950	ko:K07240
bcep:APZ15_02955	ko:K07240
bcep:APZ15_02960	ko:K03566
bcep:APZ15_02965	ko:K09016
bcep:APZ15_02970	ko:K02397
bcep:APZ15_02975	ko:K02396
bcep:APZ15_02980	ko:K21087
bcep:APZ15_02985	ko:K02395
bcep:APZ15_02990	ko:K02394
bcep:APZ15_02995	ko:K02393
bcep:APZ15_03000	ko:K02392
bcep:APZ15_03005	ko:K02391
bcep:APZ15_03010	ko:K02390
bcep:APZ15_03015	ko:K02389
bcep:APZ15_03020	ko:K02388
bcep:APZ15_03025	ko:K02387
bcep:APZ15_03030	ko:K02386
bcep:APZ15_03035	ko:K02398
bcep:APZ15_03040	ko:K02399
bcep:APZ15_03050	ko:K01262
bcep:APZ15_03060	ko:K00974
bcep:APZ15_03065	ko:K00799
bcep:APZ15_03075	ko:K08309
bcep:APZ15_03080	ko:K01934
bcep:APZ15_03090	ko:K23123
bcep:APZ15_03095	ko:K23124
bcep:APZ15_03100	ko:K07160
bcep:APZ15_03105	ko:K09973
bcep:APZ15_03110	ko:K12372
bcep:APZ15_03115	ko:K12371
bcep:APZ15_03120	ko:K12370
bcep:APZ15_03125	ko:K12369
bcep:APZ15_03130	ko:K12368
bcep:APZ15_03155	ko:K28519
bcep:APZ15_03170	ko:K05835
bcep:APZ15_03175	ko:K00528
bcep:APZ15_03185	ko:K07689
bcep:APZ15_03190	ko:K03294
bcep:APZ15_03200	ko:K07402
bcep:APZ15_03205	ko:K09939
bcep:APZ15_03210	ko:K04061
bcep:APZ15_03220	ko:K02423
bcep:APZ15_03225	ko:K02422
bcep:APZ15_03230	ko:K02408
bcep:APZ15_03235	ko:K02409
bcep:APZ15_03240	ko:K02410
bcep:APZ15_03245	ko:K02411
bcep:APZ15_03250	ko:K02412
bcep:APZ15_03255	ko:K02413
bcep:APZ15_03260	ko:K02414
bcep:APZ15_03270	ko:K00154
bcep:APZ15_03295	ko:K19265
bcep:APZ15_03315	ko:K00789
bcep:APZ15_03320	ko:K02517
bcep:APZ15_03325	ko:K21498
bcep:APZ15_03330	ko:K01778
bcep:APZ15_03335	ko:K09921
bcep:APZ15_03340	ko:K03733
bcep:APZ15_03345	ko:K06969
bcep:APZ15_03355	ko:K06204
bcep:APZ15_03360	ko:K01419
bcep:APZ15_03365	ko:K03667
bcep:APZ15_03375	ko:K15012
bcep:APZ15_03380	ko:K15011
bcep:APZ15_03390	ko:K00930
bcep:APZ15_03400	ko:K05501
bcep:APZ15_03410	ko:K00641
bcep:APZ15_03420	ko:K08218
bcep:APZ15_03435	ko:K13979
bcep:APZ15_03440	ko:K01142
bcep:APZ15_03450	ko:K02434
bcep:APZ15_03455	ko:K02433
bcep:APZ15_03460	ko:K02435
bcep:APZ15_03465	ko:K03569
bcep:APZ15_03470	ko:K03570
bcep:APZ15_03475	ko:K03571
bcep:APZ15_03480	ko:K05515
bcep:APZ15_03485	ko:K05837
bcep:APZ15_03490	ko:K07126
bcep:APZ15_03495	ko:K01630
bcep:APZ15_03500	ko:K01737
bcep:APZ15_03505	ko:K10026
bcep:APZ15_03510	ko:K06920
bcep:APZ15_03515	ko:K14231
bcep:APZ15_03520	ko:K13599
bcep:APZ15_03525	ko:K13598
bcep:APZ15_03535	ko:K03500
bcep:APZ15_03540	ko:K03799
bcep:APZ15_03550	ko:K00604
bcep:APZ15_03555	ko:K01462
bcep:APZ15_03560	ko:K04096
bcep:APZ15_03570	ko:K03169
bcep:APZ15_03585	ko:K00058
bcep:APZ15_03600	ko:K14229
bcep:APZ15_03620	ko:K01156
bcep:APZ15_03625	ko:K07316
bcep:APZ15_03660	ko:K03201
bcep:APZ15_03700	ko:K10010
bcep:APZ15_03705	ko:K10009
bcep:APZ15_03710	ko:K02424
bcep:APZ15_03715	ko:K00206
bcep:APZ15_03720	ko:K19670
bcep:APZ15_03735	ko:K01114
bcep:APZ15_03745	ko:K03303
bcep:APZ15_03755	ko:K01919
bcep:APZ15_03760	ko:K01247
bcep:APZ15_03765	ko:K10778
bcep:APZ15_03785	ko:K00657
bcep:APZ15_03810	ko:K03650
bcep:APZ15_03820	ko:K03217
bcep:APZ15_03825	ko:K08998
bcep:APZ15_03830	ko:K03536
bcep:APZ15_03835	ko:K02914
bcep:APZ15_03840	ko:K02313
bcep:APZ15_03845	ko:K02338
bcep:APZ15_03850	ko:K02470
bcep:APZ15_03870	ko:K07484
bcep:APZ15_03875	ko:K07484
bcep:APZ15_03880	ko:K07483
bcep:APZ15_03895	ko:K03655
bcep:APZ15_03900	ko:K07445
bcep:APZ15_03920	ko:K07497
bcep:APZ15_03950	ko:K03497
bcep:APZ15_03965	ko:K01985
bcep:APZ15_03970	ko:K01980
bcep:APZ15_03975	ko:K01977
bcep:APZ15_03985	ko:K03781
bcep:APZ15_03990	ko:K03088
bcep:APZ15_04035	ko:K14237
bcep:APZ15_04045	ko:K03088
bcep:APZ15_04060	ko:K18911
bcep:APZ15_04080	ko:K01156
bcep:APZ15_04085	ko:K07316
bcep:APZ15_04095	ko:K07774
bcep:APZ15_04100	ko:K07649
bcep:APZ15_04105	ko:K15554
bcep:APZ15_04110	ko:K15555
bcep:APZ15_04115	ko:K15553
bcep:APZ15_04120	ko:K02421
bcep:APZ15_04125	ko:K02420
bcep:APZ15_04130	ko:K02419
bcep:APZ15_04135	ko:K02418
bcep:APZ15_04140	ko:K02417
bcep:APZ15_04145	ko:K02416
bcep:APZ15_04150	ko:K02415
bcep:APZ15_04160	ko:K06518
bcep:APZ15_04170	ko:K28279
bcep:APZ15_04175	ko:K28280
bcep:APZ15_04180	ko:K03446
bcep:APZ15_04195	ko:K18139
bcep:APZ15_04200	ko:K02463
bcep:APZ15_04205	ko:K02462
bcep:APZ15_04210	ko:K02461
bcep:APZ15_04215	ko:K02460
bcep:APZ15_04220	ko:K02459
bcep:APZ15_04225	ko:K02458
bcep:APZ15_04230	ko:K02457
bcep:APZ15_04235	ko:K02456
bcep:APZ15_04240	ko:K02452
bcep:APZ15_04245	ko:K02455
bcep:APZ15_04250	ko:K02454
bcep:APZ15_04255	ko:K02453
bcep:APZ15_04270	ko:K03530
bcep:APZ15_04275	ko:K15461
bcep:APZ15_04285	ko:K06048
bcep:APZ15_04295	ko:K01951
bcep:APZ15_04305	ko:K07117
bcep:APZ15_04315	ko:K02483
bcep:APZ15_04325	ko:K01724
bcep:APZ15_04330	ko:K00500
bcep:APZ15_04335	ko:K03719
bcep:APZ15_04355	ko:K01995
bcep:APZ15_04360	ko:K01996
bcep:APZ15_04365	ko:K01999
bcep:APZ15_04370	ko:K01997
bcep:APZ15_04375	ko:K01998
bcep:APZ15_04380	ko:K01999
bcep:APZ15_04385	ko:K01997
bcep:APZ15_04390	ko:K01995
bcep:APZ15_04390	ko:K01998
bcep:APZ15_04395	ko:K01996
bcep:APZ15_04400	ko:K03495
bcep:APZ15_04405	ko:K03501
bcep:APZ15_04410	ko:K03496
bcep:APZ15_04415	ko:K03497
bcep:APZ15_04425	ko:K02116
bcep:APZ15_04430	ko:K02108
bcep:APZ15_04435	ko:K02110
bcep:APZ15_04440	ko:K02109
bcep:APZ15_04445	ko:K02113
bcep:APZ15_04450	ko:K02111
bcep:APZ15_04455	ko:K02115
bcep:APZ15_04460	ko:K02112
bcep:APZ15_04465	ko:K02114
bcep:APZ15_04470	ko:K00666
bcep:APZ15_04475	ko:K01713
bcep:APZ15_04480	ko:K01599
bcep:APZ15_04485	ko:K04066
bcep:APZ15_04490	ko:K13821
bcep:APZ15_04495	ko:K01999
bcep:APZ15_04520	ko:K09456
bcep:APZ15_04530	ko:K14287
bcep:APZ15_04535	ko:K10013
bcep:APZ15_04555	ko:K01534
bcep:APZ15_04565	ko:K13652
bcep:APZ15_04575	ko:K16238
bcep:APZ15_04580	ko:K03735
bcep:APZ15_04585	ko:K03736
bcep:APZ15_04600	ko:K07006
bcep:APZ15_04605	ko:K00138
bcep:APZ15_04610	ko:K07006
bcep:APZ15_04615	ko:K04033
bcep:APZ15_04625	ko:K01652
bcep:APZ15_04640	ko:K18829
bcep:APZ15_04645	ko:K18828
bcep:APZ15_04650	ko:K01752
bcep:APZ15_04660	ko:K00281
bcep:APZ15_04665	ko:K02437
bcep:APZ15_04670	ko:K00605
bcep:APZ15_04690	ko:K03656
bcep:APZ15_04700	ko:K14219
bcep:APZ15_04725	ko:K18234
bcep:APZ15_04740	ko:K20429
bcep:APZ15_04750	ko:K02423
bcep:APZ15_04755	ko:K02407
bcep:APZ15_04760	ko:K02406
bcep:APZ15_04765	ko:K02970
bcep:APZ15_04770	ko:K02014
bcep:APZ15_04780	ko:K01246
bcep:APZ15_04785	ko:K18676
bcep:APZ15_04790	ko:K28854
bcep:APZ15_04795	ko:K06188
bcep:APZ15_04800	ko:K03746
bcep:APZ15_04810	ko:K02403
bcep:APZ15_04815	ko:K02402
bcep:APZ15_04820	ko:K02556
bcep:APZ15_04825	ko:K02557
bcep:APZ15_04830	ko:K03413
bcep:APZ15_04835	ko:K03407
bcep:APZ15_04840	ko:K03408
bcep:APZ15_04845	ko:K05874
bcep:APZ15_04850	ko:K00575
bcep:APZ15_04855	ko:K03411
bcep:APZ15_04860	ko:K03412
bcep:APZ15_04865	ko:K03413
bcep:APZ15_04870	ko:K03414
bcep:APZ15_04900	ko:K02401
bcep:APZ15_04905	ko:K02400
bcep:APZ15_04910	ko:K02404
bcep:APZ15_04915	ko:K04562
bcep:APZ15_04920	ko:K02405
bcep:APZ15_04925	ko:K01251
bcep:APZ15_04930	ko:K08972
bcep:APZ15_04935	ko:K00297
bcep:APZ15_04940	ko:K01426
bcep:APZ15_04950	ko:K00459
bcep:APZ15_04955	ko:K01999
bcep:APZ15_04965	ko:K07226
bcep:APZ15_04970	ko:K03746
bcep:APZ15_04980	ko:K03719
bcep:APZ15_04990	ko:K01069
bcep:APZ15_04995	ko:K03642
bcep:APZ15_05000	ko:K07056
bcep:APZ15_05005	ko:K07460
bcep:APZ15_05010	ko:K03271
bcep:APZ15_05015	ko:K28369
bcep:APZ15_05020	ko:K08738
bcep:APZ15_05025	ko:K14218
bcep:APZ15_05035	ko:K01706
bcep:APZ15_05040	ko:K03535
bcep:APZ15_05050	ko:K09965
bcep:APZ15_05060	ko:K02004
bcep:APZ15_05065	ko:K02004
bcep:APZ15_05070	ko:K02003
bcep:APZ15_05075	ko:K02005
bcep:APZ15_05085	ko:K09122
bcep:APZ15_05095	ko:K05834
bcep:APZ15_05110	ko:K07275
bcep:APZ15_05125	ko:K00145
bcep:APZ15_05130	ko:K03809
bcep:APZ15_05140	ko:K00762
bcep:APZ15_05145	ko:K00029
bcep:APZ15_05150	ko:K04090
bcep:APZ15_05160	ko:K00457
bcep:APZ15_05165	ko:K03719
bcep:APZ15_05185	ko:K02613
bcep:APZ15_05190	ko:K02612
bcep:APZ15_05195	ko:K02611
bcep:APZ15_05200	ko:K02610
bcep:APZ15_05205	ko:K02609
bcep:APZ15_05215	ko:K01977
bcep:APZ15_05220	ko:K14227
bcep:APZ15_05225	ko:K14218
bcep:APZ15_05230	ko:K01980
bcep:APZ15_05235	ko:K01985
bcep:APZ15_05240	ko:K14236
bcep:APZ15_05245	ko:K14225
bcep:APZ15_05250	ko:K14234
bcep:APZ15_05255	ko:K02358
bcep:APZ15_05260	ko:K14235
bcep:APZ15_05265	ko:K03073
bcep:APZ15_05270	ko:K02601
bcep:APZ15_05275	ko:K02867
bcep:APZ15_05280	ko:K02863
bcep:APZ15_05285	ko:K02864
bcep:APZ15_05290	ko:K02935
bcep:APZ15_05295	ko:K03043
bcep:APZ15_05300	ko:K03046
bcep:APZ15_05305	ko:K03654
bcep:APZ15_05310	ko:K02950
bcep:APZ15_05315	ko:K02992
bcep:APZ15_05320	ko:K02355
bcep:APZ15_05325	ko:K02358
bcep:APZ15_05330	ko:K02946
bcep:APZ15_05335	ko:K02906
bcep:APZ15_05340	ko:K02926
bcep:APZ15_05345	ko:K02892
bcep:APZ15_05350	ko:K02886
bcep:APZ15_05355	ko:K02965
bcep:APZ15_05360	ko:K02890
bcep:APZ15_05365	ko:K02982
bcep:APZ15_05370	ko:K02878
bcep:APZ15_05375	ko:K02904
bcep:APZ15_05380	ko:K02961
bcep:APZ15_05385	ko:K02874
bcep:APZ15_05390	ko:K02895
bcep:APZ15_05395	ko:K02931
bcep:APZ15_05400	ko:K02954
bcep:APZ15_05405	ko:K02994
bcep:APZ15_05410	ko:K02933
bcep:APZ15_05415	ko:K02881
bcep:APZ15_05420	ko:K02988
bcep:APZ15_05425	ko:K02907
bcep:APZ15_05430	ko:K02876
bcep:APZ15_05435	ko:K03076
bcep:APZ15_05440	ko:K02518
bcep:APZ15_05445	ko:K02919
bcep:APZ15_05450	ko:K02952
bcep:APZ15_05455	ko:K02948
bcep:APZ15_05460	ko:K02986
bcep:APZ15_05465	ko:K03040
bcep:APZ15_05470	ko:K02879
bcep:APZ15_05475	ko:K03926
bcep:APZ15_05480	ko:K04084
bcep:APZ15_05485	ko:K01698
bcep:APZ15_05490	ko:K03978
bcep:APZ15_05500	ko:K07399
bcep:APZ15_05510	ko:K07147
bcep:APZ15_05515	ko:K17247
bcep:APZ15_05525	ko:K06202
bcep:APZ15_05530	ko:K05366
bcep:APZ15_05545	ko:K02664
bcep:APZ15_05550	ko:K02666
bcep:APZ15_05555	ko:K00891
bcep:APZ15_05560	ko:K01735
bcep:APZ15_05565	ko:K01129
bcep:APZ15_05570	ko:K05813
bcep:APZ15_05575	ko:K05814
bcep:APZ15_05580	ko:K05815
bcep:APZ15_05585	ko:K05816
bcep:APZ15_05590	ko:K01126
bcep:APZ15_05595	ko:K07275
bcep:APZ15_05600	ko:K07491
bcep:APZ15_05605	ko:K00265
bcep:APZ15_05610	ko:K00266
bcep:APZ15_05625	ko:K07483
bcep:APZ15_05630	ko:K07497
bcep:APZ15_05635	ko:K03310
bcep:APZ15_05640	ko:K01975
bcep:APZ15_05645	ko:K00285
bcep:APZ15_05660	ko:K02471
bcep:APZ15_05665	ko:K03153
bcep:APZ15_05670	ko:K03154
bcep:APZ15_05675	ko:K03149
bcep:APZ15_05680	ko:K00788
bcep:APZ15_05685	ko:K02065
bcep:APZ15_05690	ko:K02066
bcep:APZ15_05695	ko:K02067
bcep:APZ15_05700	ko:K04754
bcep:APZ15_05705	ko:K07323
bcep:APZ15_05710	ko:K07122
bcep:APZ15_05715	ko:K01990
bcep:APZ15_05720	ko:K01992
bcep:APZ15_05730	ko:K00790
bcep:APZ15_05735	ko:K00765
bcep:APZ15_05740	ko:K00013
bcep:APZ15_05745	ko:K00817
bcep:APZ15_05750	ko:K01693
bcep:APZ15_05760	ko:K02501
bcep:APZ15_05765	ko:K01814
bcep:APZ15_05770	ko:K02500
bcep:APZ15_05775	ko:K01496
bcep:APZ15_05780	ko:K01523
bcep:APZ15_05790	ko:K02503
bcep:APZ15_05795	ko:K03116
bcep:APZ15_05800	ko:K03117
bcep:APZ15_05805	ko:K03118
bcep:APZ15_05810	ko:K04772
bcep:APZ15_05820	ko:K00411
bcep:APZ15_05825	ko:K00412
bcep:APZ15_05830	ko:K00413
bcep:APZ15_05835	ko:K03599
bcep:APZ15_05840	ko:K03600
bcep:APZ15_05845	ko:K14234
bcep:APZ15_05880	ko:K02424
bcep:APZ15_05925	ko:K11892
bcep:APZ15_05930	ko:K11893
bcep:APZ15_05935	ko:K11906
bcep:APZ15_05945	ko:K11901
bcep:APZ15_05950	ko:K11900
bcep:APZ15_05955	ko:K11903
bcep:APZ15_05960	ko:K11897
bcep:APZ15_05965	ko:K11896
bcep:APZ15_05970	ko:K11895
bcep:APZ15_05975	ko:K11907
bcep:APZ15_05980	ko:K11902
bcep:APZ15_05985	ko:K03286
bcep:APZ15_05990	ko:K11890
bcep:APZ15_05995	ko:K11891
bcep:APZ15_06000	ko:K17733
bcep:APZ15_06010	ko:K16074
bcep:APZ15_06030	ko:K01256
bcep:APZ15_06040	ko:K09946
bcep:APZ15_06055	ko:K09941
bcep:APZ15_06075	ko:K04046
bcep:APZ15_06080	ko:K03704
bcep:APZ15_06090	ko:K15777
bcep:APZ15_06095	ko:K03186
bcep:APZ15_06100	ko:K07390
bcep:APZ15_06105	ko:K02493
bcep:APZ15_06110	ko:K02835
bcep:APZ15_06115	ko:K02492
bcep:APZ15_06130	ko:K01262
bcep:APZ15_06145	ko:K06020
bcep:APZ15_06155	ko:K03566
bcep:APZ15_06170	ko:K11735
bcep:APZ15_06175	ko:K06942
bcep:APZ15_06180	ko:K18800
bcep:APZ15_06185	ko:K03981
bcep:APZ15_06195	ko:K01118
bcep:APZ15_06200	ko:K03648
bcep:APZ15_06210	ko:K01609
bcep:APZ15_06215	ko:K00766
bcep:APZ15_06220	ko:K01658
bcep:APZ15_06225	ko:K01657
bcep:APZ15_06230	ko:K01091
bcep:APZ15_06235	ko:K01783
bcep:APZ15_06240	ko:K06195
bcep:APZ15_06245	ko:K08304
bcep:APZ15_06250	ko:K01912
bcep:APZ15_06255	ko:K02614
bcep:APZ15_06260	ko:K15866
bcep:APZ15_06265	ko:K07823
bcep:APZ15_06275	ko:K01692
bcep:APZ15_06280	ko:K01977
bcep:APZ15_06285	ko:K14227
bcep:APZ15_06290	ko:K14218
bcep:APZ15_06295	ko:K01980
bcep:APZ15_06300	ko:K01985
bcep:APZ15_06310	ko:K01897
bcep:APZ15_06320	ko:K06134
bcep:APZ15_06325	ko:K03925
bcep:APZ15_06330	ko:K03438
bcep:APZ15_06335	ko:K03586
bcep:APZ15_06340	ko:K03587
bcep:APZ15_06345	ko:K01928
bcep:APZ15_06350	ko:K01929
bcep:APZ15_06355	ko:K01000
bcep:APZ15_06360	ko:K01925
bcep:APZ15_06365	ko:K03588
bcep:APZ15_06370	ko:K02563
bcep:APZ15_06375	ko:K01924
bcep:APZ15_06380	ko:K01921
bcep:APZ15_06385	ko:K03589
bcep:APZ15_06390	ko:K03590
bcep:APZ15_06395	ko:K03531
bcep:APZ15_06400	ko:K24138
bcep:APZ15_06405	ko:K02535
bcep:APZ15_06415	ko:K03070
bcep:APZ15_06420	ko:K00620
bcep:APZ15_06425	ko:K06923
bcep:APZ15_06430	ko:K03574
bcep:APZ15_06435	ko:K18778
bcep:APZ15_06440	ko:K00859
bcep:APZ15_06445	ko:K02654
bcep:APZ15_06450	ko:K02653
bcep:APZ15_06455	ko:K02652
bcep:APZ15_06460	ko:K03699
bcep:APZ15_06465	ko:K14232
bcep:APZ15_06470	ko:K02523
bcep:APZ15_06475	ko:K02888
bcep:APZ15_06480	ko:K02899
bcep:APZ15_06485	ko:K03979
bcep:APZ15_06490	ko:K00931
bcep:APZ15_06500	ko:K08311
bcep:APZ15_06505	ko:K01881
bcep:APZ15_06515	ko:K00760
bcep:APZ15_06520	ko:K03106
bcep:APZ15_06530	ko:K06950
bcep:APZ15_06535	ko:K03806
bcep:APZ15_06540	ko:K00525
bcep:APZ15_06545	ko:K00526
bcep:APZ15_06555	ko:K06077
bcep:APZ15_06560	ko:K00856
bcep:APZ15_06565	ko:K11065
bcep:APZ15_06575	ko:K02687
bcep:APZ15_06580	ko:K01961
bcep:APZ15_06585	ko:K02160
bcep:APZ15_06590	ko:K03786
bcep:APZ15_06605	ko:K02558
bcep:APZ15_06610	ko:K07000
bcep:APZ15_06615	ko:K01147
bcep:APZ15_06620	ko:K00014
bcep:APZ15_06625	ko:K03814
bcep:APZ15_06645	ko:K00883
bcep:APZ15_06650	ko:K01631
bcep:APZ15_06660	ko:K10537
bcep:APZ15_06665	ko:K10539
bcep:APZ15_06670	ko:K10538
bcep:APZ15_06675	ko:K22185
bcep:APZ15_06680	ko:K01785
bcep:APZ15_06685	ko:K01591
bcep:APZ15_06690	ko:K21830
bcep:APZ15_06695	ko:K03743
bcep:APZ15_06700	ko:K01095
bcep:APZ15_06705	ko:K00946
bcep:APZ15_06710	ko:K00029
bcep:APZ15_06715	ko:K01167
bcep:APZ15_06740	ko:K09761
bcep:APZ15_06750	ko:K00797
bcep:APZ15_06755	ko:K00615
bcep:APZ15_06760	ko:K00134
bcep:APZ15_06770	ko:K00046
bcep:APZ15_06775	ko:K08173
bcep:APZ15_06785	ko:K00098
bcep:APZ15_06795	ko:K11921
bcep:APZ15_06805	ko:K11103
bcep:APZ15_06810	ko:K01477
bcep:APZ15_06815	ko:K01483
bcep:APZ15_06820	ko:K03711
bcep:APZ15_06825	ko:K06186
bcep:APZ15_06830	ko:K00215
bcep:APZ15_06835	ko:K03561
bcep:APZ15_06840	ko:K03559
bcep:APZ15_06845	ko:K01869
bcep:APZ15_06850	ko:K03643
bcep:APZ15_06855	ko:K02340
bcep:APZ15_06860	ko:K00147
bcep:APZ15_06865	ko:K08973
bcep:APZ15_06870	ko:K19337
bcep:APZ15_06875	ko:K01690
bcep:APZ15_06880	ko:K01625
bcep:APZ15_06885	ko:K03299
bcep:APZ15_06890	ko:K00851
bcep:APZ15_06900	ko:K09471
bcep:APZ15_06905	ko:K01756
bcep:APZ15_06910	ko:K21645
bcep:APZ15_06915	ko:K00261
bcep:APZ15_06920	ko:K10001
bcep:APZ15_06925	ko:K10003
bcep:APZ15_06930	ko:K10002
bcep:APZ15_06935	ko:K10004
bcep:APZ15_06950	ko:K01465
bcep:APZ15_06960	ko:K07397
bcep:APZ15_06970	ko:K02871
bcep:APZ15_06975	ko:K02996
bcep:APZ15_06980	ko:K15724
bcep:APZ15_06985	ko:K09001
bcep:APZ15_06990	ko:K01866
bcep:APZ15_06995	ko:K07560
bcep:APZ15_07000	ko:K15634
bcep:APZ15_07015	ko:K03551
bcep:APZ15_07020	ko:K03550
bcep:APZ15_07025	ko:K01159
bcep:APZ15_07030	ko:K00602
bcep:APZ15_07035	ko:K03557
bcep:APZ15_07040	ko:K05540
bcep:APZ15_07045	ko:K03185
bcep:APZ15_07050	ko:K01262
bcep:APZ15_07065	ko:K00355
bcep:APZ15_07075	ko:K00566
bcep:APZ15_07085	ko:K00324
bcep:APZ15_07090	ko:K00324
bcep:APZ15_07095	ko:K00325
bcep:APZ15_07105	ko:K01501
bcep:APZ15_07115	ko:K06996
bcep:APZ15_07125	ko:K25137
bcep:APZ15_07135	ko:K09857
bcep:APZ15_07140	ko:K06192
bcep:APZ15_07145	ko:K03808
bcep:APZ15_07150	ko:K03808
bcep:APZ15_07175	ko:K03797
bcep:APZ15_07180	ko:K03074
bcep:APZ15_07185	ko:K03072
bcep:APZ15_07190	ko:K03210
bcep:APZ15_07195	ko:K00773
bcep:APZ15_07200	ko:K07568
bcep:APZ15_07205	ko:K03655
bcep:APZ15_07210	ko:K04761
bcep:APZ15_07215	ko:K03782
bcep:APZ15_07220	ko:K01297
bcep:APZ15_07230	ko:K03179
bcep:APZ15_07235	ko:K00286
bcep:APZ15_07240	ko:K06997
bcep:APZ15_07245	ko:K11473
bcep:APZ15_07250	ko:K11472
bcep:APZ15_07255	ko:K00104
bcep:APZ15_07260	ko:K00102
bcep:APZ15_07265	ko:K00798
bcep:APZ15_07270	ko:K05916
bcep:APZ15_07275	ko:K01626
bcep:APZ15_07280	ko:K03568
bcep:APZ15_07285	ko:K11206
bcep:APZ15_07295	ko:K00982
bcep:APZ15_07300	ko:K03631
bcep:APZ15_07305	ko:K00858
bcep:APZ15_07310	ko:K03705
bcep:APZ15_07315	ko:K01772
bcep:APZ15_07320	ko:K04762
bcep:APZ15_07325	ko:K03687
bcep:APZ15_07335	ko:K04043
bcep:APZ15_07340	ko:K03686
bcep:APZ15_07345	ko:K03342
bcep:APZ15_07360	ko:K00606
bcep:APZ15_07370	ko:K00950
bcep:APZ15_07375	ko:K00970
bcep:APZ15_07380	ko:K28842
bcep:APZ15_07385	ko:K10763
bcep:APZ15_07390	ko:K01933
bcep:APZ15_07400	ko:K08151
bcep:APZ15_07405	ko:K18476
bcep:APZ15_07410	ko:K00791
bcep:APZ15_07415	ko:K03572
bcep:APZ15_07420	ko:K03975
bcep:APZ15_07425	ko:K03442
bcep:APZ15_07430	ko:K07266
bcep:APZ15_07440	ko:K01991
bcep:APZ15_07445	ko:K10107
bcep:APZ15_07450	ko:K09688
bcep:APZ15_07455	ko:K09689
bcep:APZ15_07475	ko:K01710
bcep:APZ15_07480	ko:K00067
bcep:APZ15_07485	ko:K00973
bcep:APZ15_07490	ko:K01790
bcep:APZ15_07510	ko:K07265
bcep:APZ15_07530	ko:K02535
bcep:APZ15_07545	ko:K00860
bcep:APZ15_07560	ko:K18991
bcep:APZ15_07605	ko:K14229
bcep:APZ15_07615	ko:K03640
bcep:APZ15_07620	ko:K03641
bcep:APZ15_07625	ko:K03646
bcep:APZ15_07630	ko:K03560
bcep:APZ15_07635	ko:K03562
bcep:APZ15_07640	ko:K07107
bcep:APZ15_07645	ko:K16066
bcep:APZ15_07650	ko:K00600
bcep:APZ15_07655	ko:K07738
bcep:APZ15_07660	ko:K08084
bcep:APZ15_07670	ko:K02672
bcep:APZ15_07680	ko:K02655
bcep:APZ15_07700	ko:K24158
bcep:APZ15_07705	ko:K00252
bcep:APZ15_07725	ko:K05712
bcep:APZ15_07735	ko:K08195
bcep:APZ15_07740	ko:K00451
bcep:APZ15_07745	ko:K01555
bcep:APZ15_07755	ko:K19577
bcep:APZ15_07760	ko:K04719
bcep:APZ15_07765	ko:K03778
bcep:APZ15_07780	ko:K07506
bcep:APZ15_07805	ko:K13481
bcep:APZ15_07810	ko:K13482
bcep:APZ15_07815	ko:K07402
bcep:APZ15_07845	ko:K07518
bcep:APZ15_07855	ko:K07090
bcep:APZ15_07870	ko:K21829
bcep:APZ15_07880	ko:K10013
bcep:APZ15_07885	ko:K26064
bcep:APZ15_07900	ko:K03088
bcep:APZ15_07925	ko:K02010
bcep:APZ15_07930	ko:K02011
bcep:APZ15_07935	ko:K02012
bcep:APZ15_07940	ko:K16301
bcep:APZ15_07950	ko:K07267
bcep:APZ15_07975	ko:K21449
bcep:APZ15_08000	ko:K04078
bcep:APZ15_08005	ko:K04077
bcep:APZ15_08010	ko:K00941
bcep:APZ15_08025	ko:K07735
bcep:APZ15_08030	ko:K07447
bcep:APZ15_08035	ko:K02825
bcep:APZ15_08040	ko:K00609
bcep:APZ15_08045	ko:K01465
bcep:APZ15_08050	ko:K00655
bcep:APZ15_08055	ko:K01525
bcep:APZ15_08060	ko:K01710
bcep:APZ15_08065	ko:K00973
bcep:APZ15_08070	ko:K01790
bcep:APZ15_08075	ko:K00067
bcep:APZ15_08085	ko:K01791
bcep:APZ15_08095	ko:K09691
bcep:APZ15_08110	ko:K16011
bcep:APZ15_08115	ko:K09690
bcep:APZ15_08145	ko:K01784
bcep:APZ15_08165	ko:K15778
bcep:APZ15_08205	ko:K02841
bcep:APZ15_08215	ko:K02527
bcep:APZ15_08220	ko:K03189
bcep:APZ15_08225	ko:K03188
bcep:APZ15_08230	ko:K03187
bcep:APZ15_08235	ko:K01428
bcep:APZ15_08240	ko:K01429
bcep:APZ15_08245	ko:K01430
bcep:APZ15_08250	ko:K03190
bcep:APZ15_08255	ko:K11963
bcep:APZ15_08260	ko:K11962
bcep:APZ15_08265	ko:K11961
bcep:APZ15_08270	ko:K11960
bcep:APZ15_08275	ko:K11959
bcep:APZ15_08285	ko:K00573
bcep:APZ15_08295	ko:K02495
bcep:APZ15_08300	ko:K06940
bcep:APZ15_08310	ko:K06153
bcep:APZ15_08315	ko:K03439
bcep:APZ15_08320	ko:K14225
bcep:APZ15_08330	ko:K06995
bcep:APZ15_08335	ko:K22209
bcep:APZ15_08340	ko:K06895
bcep:APZ15_08345	ko:K11741
bcep:APZ15_08350	ko:K19338
bcep:APZ15_08365	ko:K11264
bcep:APZ15_08370	ko:K07240
bcep:APZ15_08375	ko:K07240
bcep:APZ15_08400	ko:K06199
bcep:APZ15_08405	ko:K09137
bcep:APZ15_08410	ko:K02221
bcep:APZ15_08430	ko:K03182
bcep:APZ15_08445	ko:K03625
bcep:APZ15_08450	ko:K00794
bcep:APZ15_08455	ko:K14652
bcep:APZ15_08460	ko:K09983
bcep:APZ15_08470	ko:K11752
bcep:APZ15_08475	ko:K01845
bcep:APZ15_08485	ko:K07552
bcep:APZ15_08490	ko:K00845
bcep:APZ15_08495	ko:K01057
bcep:APZ15_08500	ko:K00036
bcep:APZ15_08505	ko:K17315
bcep:APZ15_08510	ko:K17316
bcep:APZ15_08515	ko:K17317
bcep:APZ15_08520	ko:K10112
bcep:APZ15_08535	ko:K00384
bcep:APZ15_08540	ko:K03466
bcep:APZ15_08545	ko:K03634
bcep:APZ15_08550	ko:K07478
bcep:APZ15_08560	ko:K01875
bcep:APZ15_08565	ko:K14233
bcep:APZ15_08575	ko:K00496
bcep:APZ15_08585	ko:K03610
bcep:APZ15_08590	ko:K03609
bcep:APZ15_08595	ko:K03608
bcep:APZ15_08605	ko:K03281
bcep:APZ15_08610	ko:K02841
bcep:APZ15_08625	ko:K03832
bcep:APZ15_08640	ko:K14233
bcep:APZ15_08650	ko:K01519
bcep:APZ15_08655	ko:K00989
bcep:APZ15_08665	ko:K00942
bcep:APZ15_08670	ko:K03060
bcep:APZ15_08675	ko:K01139
bcep:APZ15_08680	ko:K14219
bcep:APZ15_08685	ko:K14219
bcep:APZ15_08690	ko:K14219
bcep:APZ15_08695	ko:K04760
bcep:APZ15_08700	ko:K03285
bcep:APZ15_08710	ko:K03704
bcep:APZ15_08715	ko:K02342
bcep:APZ15_08720	ko:K04093
bcep:APZ15_08735	ko:K02014
bcep:APZ15_08755	ko:K05712
bcep:APZ15_08765	ko:K14234
bcep:APZ15_08770	ko:K03841
bcep:APZ15_08775	ko:K01256
bcep:APZ15_08785	ko:K23541
bcep:APZ15_08790	ko:K01487
bcep:APZ15_08795	ko:K21053
bcep:APZ15_08800	ko:K07402
bcep:APZ15_08805	ko:K03611
bcep:APZ15_08810	ko:K02433
bcep:APZ15_08850	ko:K00126
bcep:APZ15_08855	ko:K00123
bcep:APZ15_08860	ko:K00124
bcep:APZ15_08865	ko:K00127
bcep:APZ15_08885	ko:K22292
bcep:APZ15_08890	ko:K00568
bcep:APZ15_08895	ko:K03286
bcep:APZ15_08900	ko:K02469
bcep:APZ15_08905	ko:K09924
bcep:APZ15_08910	ko:K00831
bcep:APZ15_08915	ko:K14170
bcep:APZ15_08920	ko:K04517
bcep:APZ15_08925	ko:K00800
bcep:APZ15_08930	ko:K00945
bcep:APZ15_08935	ko:K02945
bcep:APZ15_08940	ko:K05788
bcep:APZ15_08945	ko:K08992
bcep:APZ15_08950	ko:K19804
bcep:APZ15_08955	ko:K00012
bcep:APZ15_08960	ko:K21344
bcep:APZ15_08965	ko:K03274
bcep:APZ15_08970	ko:K02237
bcep:APZ15_08975	ko:K12339
bcep:APZ15_08980	ko:K08305
bcep:APZ15_08990	ko:K01054
bcep:APZ15_08995	ko:K02071
bcep:APZ15_09000	ko:K02072
bcep:APZ15_09005	ko:K02073
bcep:APZ15_09010	ko:K03521
bcep:APZ15_09015	ko:K03522
bcep:APZ15_09020	ko:K20035
bcep:APZ15_09025	ko:K00285
bcep:APZ15_09030	ko:K03719
bcep:APZ15_09050	ko:K02959
bcep:APZ15_09055	ko:K02860
bcep:APZ15_09060	ko:K00554
bcep:APZ15_09065	ko:K02884
bcep:APZ15_09075	ko:K02227
bcep:APZ15_09085	ko:K06949
bcep:APZ15_09090	ko:K06013
bcep:APZ15_09095	ko:K13288
bcep:APZ15_09100	ko:K03831
bcep:APZ15_09105	ko:K09889
bcep:APZ15_09110	ko:K03592
bcep:APZ15_09115	ko:K00287
bcep:APZ15_09130	ko:K00560
bcep:APZ15_09150	ko:K01679
bcep:APZ15_09155	ko:K26939
bcep:APZ15_09160	ko:K14761
bcep:APZ15_09175	ko:K26606
bcep:APZ15_09180	ko:K26605
bcep:APZ15_09190	ko:K05805
bcep:APZ15_09195	ko:K14220
bcep:APZ15_09200	ko:K14220
bcep:APZ15_09205	ko:K05524
bcep:APZ15_09210	ko:K00763
bcep:APZ15_09215	ko:K00782
bcep:APZ15_09225	ko:K00090
bcep:APZ15_09230	ko:K09760
bcep:APZ15_09245	ko:K03750
bcep:APZ15_09250	ko:K03752
bcep:APZ15_09255	ko:K03639
bcep:APZ15_09260	ko:K08300
bcep:APZ15_09265	ko:K06179
bcep:APZ15_09270	ko:K01091
bcep:APZ15_09280	ko:K04773
bcep:APZ15_09285	ko:K07056
bcep:APZ15_09290	ko:K25422
bcep:APZ15_09295	ko:K07040
bcep:APZ15_09300	ko:K02911
bcep:APZ15_09305	ko:K03621
bcep:APZ15_09310	ko:K00648
bcep:APZ15_09315	ko:K00645
bcep:APZ15_09320	ko:K00059
bcep:APZ15_09325	ko:K02078
bcep:APZ15_09330	ko:K09458
bcep:APZ15_09340	ko:K03088
bcep:APZ15_09345	ko:K03597
bcep:APZ15_09350	ko:K03598
bcep:APZ15_09355	ko:K04771
bcep:APZ15_09365	ko:K03596
bcep:APZ15_09370	ko:K03100
bcep:APZ15_09375	ko:K03685
bcep:APZ15_09380	ko:K03595
bcep:APZ15_09385	ko:K03584
bcep:APZ15_09390	ko:K03474
bcep:APZ15_09395	ko:K00997
bcep:APZ15_09400	ko:K01207
bcep:APZ15_09410	ko:K02356
bcep:APZ15_09420	ko:K03703
bcep:APZ15_09425	ko:K00995
bcep:APZ15_09430	ko:K14225
bcep:APZ15_09435	ko:K14225
bcep:APZ15_09440	ko:K14225
bcep:APZ15_09445	ko:K14222
bcep:APZ15_09455	ko:K24217
bcep:APZ15_09470	ko:K01265
bcep:APZ15_09475	ko:K08968
bcep:APZ15_09485	ko:K06911
bcep:APZ15_09490	ko:K02348
bcep:APZ15_09495	ko:K02351
bcep:APZ15_09500	ko:K09796
bcep:APZ15_09505	ko:K07152
bcep:APZ15_09510	ko:K01087
bcep:APZ15_09515	ko:K00697
bcep:APZ15_09520	ko:K06147
bcep:APZ15_09535	ko:K01706
bcep:APZ15_09545	ko:K01999
bcep:APZ15_09550	ko:K01114
bcep:APZ15_09555	ko:K00868
bcep:APZ15_09595	ko:K10016
bcep:APZ15_09600	ko:K10015
bcep:APZ15_09605	ko:K10017
bcep:APZ15_09610	ko:K21825
bcep:APZ15_09625	ko:K00840
bcep:APZ15_09630	ko:K00673
bcep:APZ15_09635	ko:K00673
bcep:APZ15_09640	ko:K06447
bcep:APZ15_09645	ko:K01484
bcep:APZ15_09650	ko:K05526
bcep:APZ15_09655	ko:K10013
bcep:APZ15_09670	ko:K03564
bcep:APZ15_09690	ko:K07789
bcep:APZ15_09695	ko:K07788
bcep:APZ15_09700	ko:K07799
bcep:APZ15_09705	ko:K20329
bcep:APZ15_09710	ko:K07093
bcep:APZ15_09715	ko:K03320
bcep:APZ15_09735	ko:K07118
bcep:APZ15_09740	ko:K05800
bcep:APZ15_09745	ko:K02010
bcep:APZ15_09750	ko:K02011
bcep:APZ15_09755	ko:K02012
bcep:APZ15_09760	ko:K16234
bcep:APZ15_09770	ko:K03583
bcep:APZ15_09775	ko:K03582
bcep:APZ15_09780	ko:K03581
bcep:APZ15_09785	ko:K15034
bcep:APZ15_09805	ko:K04062
bcep:APZ15_09810	ko:K03147
bcep:APZ15_09850	ko:K03651
bcep:APZ15_09855	ko:K02052
bcep:APZ15_09860	ko:K02053
bcep:APZ15_09865	ko:K02053
bcep:APZ15_09870	ko:K02055
bcep:APZ15_09885	ko:K00166
bcep:APZ15_09890	ko:K00167
bcep:APZ15_09895	ko:K09699
bcep:APZ15_09900	ko:K00382
bcep:APZ15_09915	ko:K01480
bcep:APZ15_09930	ko:K03457
bcep:APZ15_09950	ko:K06016
bcep:APZ15_09965	ko:K27078
bcep:APZ15_09970	ko:K07347
bcep:APZ15_09975	ko:K07346
bcep:APZ15_09980	ko:K27078
bcep:APZ15_09985	ko:K19577
bcep:APZ15_09995	ko:K17989
bcep:APZ15_10005	ko:K03717
bcep:APZ15_10015	ko:K09981
bcep:APZ15_10020	ko:K13993
bcep:APZ15_10025	ko:K13993
bcep:APZ15_10030	ko:K17735
bcep:APZ15_10055	ko:K13929
bcep:APZ15_10060	ko:K13931
bcep:APZ15_10065	ko:K13932
bcep:APZ15_10070	ko:K13933
bcep:APZ15_10075	ko:K13934
bcep:APZ15_10080	ko:K13930
bcep:APZ15_10085	ko:K00645
bcep:APZ15_10095	ko:K07100
bcep:APZ15_10115	ko:K03762
bcep:APZ15_10120	ko:K09771
bcep:APZ15_10125	ko:K02342
bcep:APZ15_10130	ko:K03469
bcep:APZ15_10140	ko:K01069
bcep:APZ15_10145	ko:K08307
bcep:APZ15_10155	ko:K01956
bcep:APZ15_10160	ko:K11250
bcep:APZ15_10165	ko:K01955
bcep:APZ15_10170	ko:K03624
bcep:APZ15_10180	ko:K07574
bcep:APZ15_10185	ko:K02427
bcep:APZ15_10190	ko:K03798
bcep:APZ15_10195	ko:K00796
bcep:APZ15_10200	ko:K03431
bcep:APZ15_10205	ko:K02040
bcep:APZ15_10210	ko:K02037
bcep:APZ15_10215	ko:K02038
bcep:APZ15_10220	ko:K02036
bcep:APZ15_10225	ko:K02039
bcep:APZ15_10230	ko:K07657
bcep:APZ15_10235	ko:K07636
bcep:APZ15_10240	ko:K00937
bcep:APZ15_10245	ko:K01524
bcep:APZ15_10270	ko:K14232
bcep:APZ15_10275	ko:K08296
bcep:APZ15_10280	ko:K22310
bcep:APZ15_10285	ko:K26937
bcep:APZ15_10295	ko:K01895
bcep:APZ15_10310	ko:K06153
bcep:APZ15_10315	ko:K14219
bcep:APZ15_10350	ko:K11904
bcep:APZ15_10375	ko:K07126
bcep:APZ15_10385	ko:K00820
bcep:APZ15_10395	ko:K01791
bcep:APZ15_10400	ko:K07302
bcep:APZ15_10405	ko:K07303
bcep:APZ15_10420	ko:K00344
bcep:APZ15_10430	ko:K00219
bcep:APZ15_10450	ko:K05712
bcep:APZ15_10455	ko:K00217
bcep:APZ15_10465	ko:K04098
bcep:APZ15_10485	ko:K02014
bcep:APZ15_10490	ko:K02013
bcep:APZ15_10495	ko:K02016
bcep:APZ15_10500	ko:K02015
bcep:APZ15_10505	ko:K02484
bcep:APZ15_10510	ko:K02483
bcep:APZ15_10555	ko:K11904
bcep:APZ15_10605	ko:K23514
bcep:APZ15_10610	ko:K07165
bcep:APZ15_10615	ko:K02014
bcep:APZ15_10630	ko:K06991
bcep:APZ15_10645	ko:K03300
bcep:APZ15_10660	ko:K18540
bcep:APZ15_10665	ko:K03406
bcep:APZ15_10695	ko:K00981
bcep:APZ15_10730	ko:K20541
bcep:APZ15_10735	ko:K20542
bcep:APZ15_10740	ko:K20543
bcep:APZ15_10760	ko:K00694
bcep:APZ15_10785	ko:K24163
bcep:APZ15_10860	ko:K01886
bcep:APZ15_10865	ko:K04062
bcep:APZ15_10870	ko:K07002
bcep:APZ15_10875	ko:K01041
bcep:APZ15_10880	ko:K01872
bcep:APZ15_10900	ko:K07107
bcep:APZ15_10905	ko:K01997
bcep:APZ15_10910	ko:K01998
bcep:APZ15_10915	ko:K01995
bcep:APZ15_10920	ko:K01996
bcep:APZ15_10925	ko:K00059
bcep:APZ15_10935	ko:K03337
bcep:APZ15_10940	ko:K03335
bcep:APZ15_10945	ko:K03336
bcep:APZ15_10950	ko:K03338
bcep:APZ15_10955	ko:K17213
bcep:APZ15_10960	ko:K17215
bcep:APZ15_10965	ko:K17214
bcep:APZ15_10975	ko:K00010
bcep:APZ15_10980	ko:K03335
bcep:APZ15_10995	ko:K00140
bcep:APZ15_11005	ko:K04085
bcep:APZ15_11040	ko:K00963
bcep:APZ15_11045	ko:K01873
bcep:APZ15_11050	ko:K03657
bcep:APZ15_11055	ko:K01243
bcep:APZ15_11060	ko:K08223
bcep:APZ15_11065	ko:K03406
bcep:APZ15_11090	ko:K18139
bcep:APZ15_11115	ko:K03809
bcep:APZ15_11120	ko:K07058
bcep:APZ15_11140	ko:K01736
bcep:APZ15_11145	ko:K00311
bcep:APZ15_11155	ko:K07107
bcep:APZ15_11165	ko:K01028
bcep:APZ15_11170	ko:K01029
bcep:APZ15_11180	ko:K11939
bcep:APZ15_11195	ko:K00951
bcep:APZ15_11200	ko:K14237
bcep:APZ15_11205	ko:K01868
bcep:APZ15_11210	ko:K02520
bcep:APZ15_11215	ko:K02916
bcep:APZ15_11220	ko:K02887
bcep:APZ15_11225	ko:K01889
bcep:APZ15_11230	ko:K01890
bcep:APZ15_11235	ko:K04764
bcep:APZ15_11265	ko:K14232
bcep:APZ15_11270	ko:K07287
bcep:APZ15_11300	ko:K07492
bcep:APZ15_11315	ko:K06024
bcep:APZ15_11320	ko:K06178
bcep:APZ15_11325	ko:K09748
bcep:APZ15_11330	ko:K02600
bcep:APZ15_11335	ko:K02519
bcep:APZ15_11340	ko:K02834
bcep:APZ15_11345	ko:K03177
bcep:APZ15_11350	ko:K03446
bcep:APZ15_11355	ko:K03543
bcep:APZ15_11360	ko:K18139
bcep:APZ15_11370	ko:K06207
bcep:APZ15_11375	ko:K00164
bcep:APZ15_11380	ko:K00658
bcep:APZ15_11385	ko:K00382
bcep:APZ15_11390	ko:K06916
bcep:APZ15_11420	ko:K02651
bcep:APZ15_11425	ko:K02278
bcep:APZ15_11430	ko:K12513
bcep:APZ15_11435	ko:K02279
bcep:APZ15_11440	ko:K02280
bcep:APZ15_11445	ko:K02282
bcep:APZ15_11450	ko:K02283
bcep:APZ15_11455	ko:K12510
bcep:APZ15_11460	ko:K12511
bcep:APZ15_11465	ko:K27079
bcep:APZ15_11475	ko:K27080
bcep:APZ15_11490	ko:K03666
bcep:APZ15_11505	ko:K01897
bcep:APZ15_11515	ko:K08178
bcep:APZ15_11535	ko:K00847
bcep:APZ15_11540	ko:K10439
bcep:APZ15_11545	ko:K10440
bcep:APZ15_11550	ko:K10441
bcep:APZ15_11560	ko:K14228
bcep:APZ15_11565	ko:K14228
bcep:APZ15_11570	ko:K15553
bcep:APZ15_11575	ko:K03446
bcep:APZ15_11585	ko:K14228
bcep:APZ15_11590	ko:K12573
bcep:APZ15_11595	ko:K03218
bcep:APZ15_11600	ko:K11066
bcep:APZ15_11605	ko:K01807
bcep:APZ15_11620	ko:K10009
bcep:APZ15_11625	ko:K02424
bcep:APZ15_11630	ko:K00254
bcep:APZ15_11635	ko:K21420
bcep:APZ15_11640	ko:K00684
bcep:APZ15_11650	ko:K14230
bcep:APZ15_11660	ko:K03297
bcep:APZ15_11675	ko:K04091
bcep:APZ15_11680	ko:K15554
bcep:APZ15_11755	ko:K00986
bcep:APZ15_11815	ko:K03497
bcep:APZ15_12025	ko:K03791
bcep:APZ15_12065	ko:K05539
bcep:APZ15_12070	ko:K14226
bcep:APZ15_12100	ko:K00986
bcep:APZ15_12225	ko:K06909
bcep:APZ15_12240	ko:K09960
bcep:APZ15_12365	ko:K03791
bcep:APZ15_12395	ko:K14226
bcep:APZ15_12405	ko:K09125
bcep:APZ15_12455	ko:K04750
bcep:APZ15_12505	ko:K06917
bcep:APZ15_12510	ko:K07089
bcep:APZ15_12520	ko:K09694
bcep:APZ15_12525	ko:K09695
bcep:APZ15_12545	ko:K01356
bcep:APZ15_12550	ko:K23163
bcep:APZ15_12555	ko:K02046
bcep:APZ15_12560	ko:K02047
bcep:APZ15_12565	ko:K02045
bcep:APZ15_12570	ko:K13635
bcep:APZ15_12580	ko:K10439
bcep:APZ15_12585	ko:K10441
bcep:APZ15_12590	ko:K10440
bcep:APZ15_12595	ko:K02529
bcep:APZ15_12600	ko:K00852
bcep:APZ15_12605	ko:K05874
bcep:APZ15_12610	ko:K07180
bcep:APZ15_12615	ko:K09786
bcep:APZ15_12620	ko:K06415
bcep:APZ15_12625	ko:K03761
bcep:APZ15_12630	ko:K03566
bcep:APZ15_12635	ko:K10536
bcep:APZ15_12640	ko:K12251
bcep:APZ15_12645	ko:K02055
bcep:APZ15_12650	ko:K10536
bcep:APZ15_12660	ko:K02030
bcep:APZ15_12665	ko:K02029
bcep:APZ15_12670	ko:K02029
bcep:APZ15_12680	ko:K18129
bcep:APZ15_12685	ko:K18094
bcep:APZ15_12690	ko:K18095
bcep:APZ15_12695	ko:K18139
bcep:APZ15_12700	ko:K07345
bcep:APZ15_12705	ko:K12518
bcep:APZ15_12710	ko:K07346
bcep:APZ15_12735	ko:K05375
bcep:APZ15_12745	ko:K10829
bcep:APZ15_12750	ko:K23228
bcep:APZ15_12755	ko:K13255
bcep:APZ15_12760	ko:K23227
bcep:APZ15_12765	ko:K06160
bcep:APZ15_12780	ko:K03896
bcep:APZ15_12785	ko:K10531
bcep:APZ15_12790	ko:K02014
bcep:APZ15_12800	ko:K03896
bcep:APZ15_12805	ko:K18829
bcep:APZ15_12810	ko:K18828
bcep:APZ15_12825	ko:K01451
bcep:APZ15_12835	ko:K02224
bcep:APZ15_12840	ko:K19221
bcep:APZ15_12845	ko:K02189
bcep:APZ15_12850	ko:K02303
bcep:APZ15_12860	ko:K02234
bcep:APZ15_12865	ko:K02230
bcep:APZ15_12870	ko:K03405
bcep:APZ15_12875	ko:K13580
bcep:APZ15_12880	ko:K09768
bcep:APZ15_12885	ko:K09983
bcep:APZ15_12895	ko:K03574
bcep:APZ15_12910	ko:K03300
bcep:APZ15_12915	ko:K00249
bcep:APZ15_12925	ko:K01183
bcep:APZ15_12945	ko:K08224
bcep:APZ15_12950	ko:K13541
bcep:APZ15_12955	ko:K03394
bcep:APZ15_12960	ko:K06042
bcep:APZ15_12965	ko:K02229
bcep:APZ15_12975	ko:K00595
bcep:APZ15_12980	ko:K02188
bcep:APZ15_12985	ko:K05895
bcep:APZ15_12990	ko:K05936
bcep:APZ15_13000	ko:K03449
bcep:APZ15_13010	ko:K11209
bcep:APZ15_13020	ko:K03556
bcep:APZ15_13030	ko:K00344
bcep:APZ15_13050	ko:K07002
bcep:APZ15_13055	ko:K02055
bcep:APZ15_13060	ko:K02052
bcep:APZ15_13065	ko:K02054
bcep:APZ15_13070	ko:K02053
bcep:APZ15_13085	ko:K00018
bcep:APZ15_13090	ko:K18313
bcep:APZ15_13095	ko:K01640
bcep:APZ15_13135	ko:K08369
bcep:APZ15_13140	ko:K02839
bcep:APZ15_13145	ko:K18148
bcep:APZ15_13180	ko:K08161
bcep:APZ15_13185	ko:K00459
bcep:APZ15_13195	ko:K23775
bcep:APZ15_13225	ko:K04063
bcep:APZ15_13230	ko:K03761
bcep:APZ15_13240	ko:K29125
bcep:APZ15_13260	ko:K00891
bcep:APZ15_13270	ko:K07107
bcep:APZ15_13280	ko:K01919
bcep:APZ15_13290	ko:K18139
bcep:APZ15_13295	ko:K03543
bcep:APZ15_13300	ko:K03446
bcep:APZ15_13310	ko:K18304
bcep:APZ15_13320	ko:K00799
bcep:APZ15_13325	ko:K01760
bcep:APZ15_13330	ko:K00275
bcep:APZ15_13335	ko:K01644
bcep:APZ15_13340	ko:K18244
bcep:APZ15_13370	ko:K11904
bcep:APZ15_13390	ko:K13896
bcep:APZ15_13395	ko:K13895
bcep:APZ15_13400	ko:K13894
bcep:APZ15_13405	ko:K13893
bcep:APZ15_13410	ko:K02014
bcep:APZ15_13425	ko:K03559
bcep:APZ15_13430	ko:K03559
bcep:APZ15_13435	ko:K03561
bcep:APZ15_13440	ko:K03832
bcep:APZ15_13445	ko:K19055
bcep:APZ15_13450	ko:K01738
bcep:APZ15_13455	ko:K09129
bcep:APZ15_13460	ko:K09780
bcep:APZ15_13465	ko:K03284
bcep:APZ15_13510	ko:K02525
bcep:APZ15_13515	ko:K00090
bcep:APZ15_13525	ko:K00874
bcep:APZ15_13545	ko:K03281
bcep:APZ15_13555	ko:K18302
bcep:APZ15_13560	ko:K18303
bcep:APZ15_13580	ko:K07727
bcep:APZ15_13605	ko:K17218
bcep:APZ15_13610	ko:K07090
bcep:APZ15_13620	ko:K11074
bcep:APZ15_13625	ko:K11075
bcep:APZ15_13630	ko:K11076
bcep:APZ15_13635	ko:K11073
bcep:APZ15_13640	ko:K06938
bcep:APZ15_13645	ko:K07275
bcep:APZ15_13650	ko:K00459
bcep:APZ15_13655	ko:K00128
bcep:APZ15_13680	ko:K22278
bcep:APZ15_13700	ko:K01953
bcep:APZ15_13705	ko:K03639
bcep:APZ15_13730	ko:K07290
bcep:APZ15_13735	ko:K02068
bcep:APZ15_13740	ko:K02069
bcep:APZ15_13765	ko:K01079
bcep:APZ15_13770	ko:K01760
bcep:APZ15_13780	ko:K00874
bcep:APZ15_13785	ko:K14441
bcep:APZ15_13800	ko:K07497
bcep:APZ15_13805	ko:K07497
bcep:APZ15_13815	ko:K07483
bcep:APZ15_13820	ko:K07497
bcep:APZ15_13830	ko:K07493
bcep:APZ15_13840	ko:K07483
bcep:APZ15_13850	ko:K11892
bcep:APZ15_13855	ko:K11893
bcep:APZ15_13860	ko:K11906
bcep:APZ15_13865	ko:K11894
bcep:APZ15_13875	ko:K07497
bcep:APZ15_13895	ko:K00023
bcep:APZ15_13900	ko:K00626
bcep:APZ15_13905	ko:K03821
bcep:APZ15_13910	ko:K05810
bcep:APZ15_13915	ko:K06180
bcep:APZ15_13920	ko:K05807
bcep:APZ15_13925	ko:K03722
bcep:APZ15_13940	ko:K06959
bcep:APZ15_13945	ko:K23023
bcep:APZ15_13950	ko:K03549
bcep:APZ15_13955	ko:K07101
bcep:APZ15_13960	ko:K01939
bcep:APZ15_13965	ko:K02502
bcep:APZ15_13970	ko:K09937
bcep:APZ15_13975	ko:K04087
bcep:APZ15_13980	ko:K04088
bcep:APZ15_13985	ko:K03665
bcep:APZ15_13990	ko:K03666
bcep:APZ15_13995	ko:K03977
bcep:APZ15_14000	ko:K17713
bcep:APZ15_14010	ko:K01892
bcep:APZ15_14015	ko:K03526
bcep:APZ15_14020	ko:K15539
bcep:APZ15_14025	ko:K06941
bcep:APZ15_14030	ko:K00940
bcep:APZ15_14035	ko:K19416
bcep:APZ15_14040	ko:K03215
bcep:APZ15_14050	ko:K07501
bcep:APZ15_14055	ko:K03087
bcep:APZ15_14060	ko:K06194
bcep:APZ15_14065	ko:K00573
bcep:APZ15_14070	ko:K03787
bcep:APZ15_14075	ko:K18313
bcep:APZ15_14080	ko:K06187
bcep:APZ15_14085	ko:K09747
bcep:APZ15_14090	ko:K02343
bcep:APZ15_14095	ko:K03671
bcep:APZ15_14100	ko:K03628
bcep:APZ15_14110	ko:K03446
bcep:APZ15_14115	ko:K09933
bcep:APZ15_14120	ko:K02909
bcep:APZ15_14130	ko:K26939
bcep:APZ15_14135	ko:K03644
bcep:APZ15_14140	ko:K00627
bcep:APZ15_14145	ko:K21417
bcep:APZ15_14150	ko:K21416
bcep:APZ15_14155	ko:K03366
bcep:APZ15_14165	ko:K21405
bcep:APZ15_14170	ko:K01607
bcep:APZ15_14180	ko:K02237
bcep:APZ15_14190	ko:K03695
bcep:APZ15_14195	ko:K13771
bcep:APZ15_14200	ko:K06886
bcep:APZ15_14205	ko:K03635
bcep:APZ15_14210	ko:K03636
bcep:APZ15_14215	ko:K03750
bcep:APZ15_14220	ko:K01733
bcep:APZ15_14225	ko:K00003
bcep:APZ15_14230	ko:K14260
bcep:APZ15_14255	ko:K10012
bcep:APZ15_14260	ko:K00604
bcep:APZ15_14270	ko:K13014
bcep:APZ15_14275	ko:K03564
bcep:APZ15_14280	ko:K07175
bcep:APZ15_14290	ko:K03306
bcep:APZ15_14295	ko:K07220
bcep:APZ15_14300	ko:K02314
bcep:APZ15_14305	ko:K02939
bcep:APZ15_14310	ko:K02963
bcep:APZ15_14315	ko:K02686
bcep:APZ15_14320	ko:K02990
bcep:APZ15_14330	ko:K03088
bcep:APZ15_14340	ko:K01608
bcep:APZ15_14345	ko:K01816
bcep:APZ15_14350	ko:K00042
bcep:APZ15_14360	ko:K01424
bcep:APZ15_14400	ko:K06867
bcep:APZ15_14405	ko:K03424
bcep:APZ15_14410	ko:K02341
bcep:APZ15_14415	ko:K00943
bcep:APZ15_14420	ko:K07082
bcep:APZ15_14425	ko:K06980
bcep:APZ15_14465	ko:K00632
bcep:APZ15_14470	ko:K08281
bcep:APZ15_14475	ko:K07516
bcep:APZ15_14480	ko:K20034
bcep:APZ15_14485	ko:K08997
bcep:APZ15_14490	ko:K07305
bcep:APZ15_14495	ko:K06190
bcep:APZ15_14500	ko:K05527
bcep:APZ15_14505	ko:K03769
bcep:APZ15_14510	ko:K03824
bcep:APZ15_14515	ko:K01952
bcep:APZ15_14525	ko:K23997
bcep:APZ15_14530	ko:K01810
bcep:APZ15_14535	ko:K02003
bcep:APZ15_14540	ko:K10804
bcep:APZ15_14545	ko:K03770
bcep:APZ15_14555	ko:K14221
bcep:APZ15_14560	ko:K14237
bcep:APZ15_14565	ko:K01338
bcep:APZ15_14570	ko:K03544
bcep:APZ15_14575	ko:K01358
bcep:APZ15_14580	ko:K03545
bcep:APZ15_14585	ko:K00865
bcep:APZ15_14595	ko:K00077
bcep:APZ15_14630	ko:K14228
bcep:APZ15_14635	ko:K02291
bcep:APZ15_14655	ko:K07659
bcep:APZ15_14660	ko:K07638
bcep:APZ15_14665	ko:K24126
bcep:APZ15_14670	ko:K04756
bcep:APZ15_14675	ko:K01770
bcep:APZ15_14680	ko:K00991
bcep:APZ15_14685	ko:K03723
bcep:APZ15_14690	ko:K01438
bcep:APZ15_14695	ko:K01754
bcep:APZ15_14705	ko:K05366
bcep:APZ15_14710	ko:K03969
bcep:APZ15_14720	ko:K03282
bcep:APZ15_14735	ko:K09165
bcep:APZ15_14745	ko:K18456
bcep:APZ15_14750	ko:K07127
bcep:APZ15_14760	ko:K09964
bcep:APZ15_14765	ko:K03566
bcep:APZ15_14780	ko:K18900
bcep:APZ15_14785	ko:K01483
bcep:APZ15_14790	ko:K01477
bcep:APZ15_14795	ko:K13485
bcep:APZ15_14800	ko:K16842
bcep:APZ15_14805	ko:K16841
bcep:APZ15_14810	ko:K03457
bcep:APZ15_14820	ko:K01297
bcep:APZ15_14825	ko:K11991
bcep:APZ15_14840	ko:K03710
bcep:APZ15_14865	ko:K00020
bcep:APZ15_14870	ko:K03574
bcep:APZ15_14875	ko:K03826
bcep:APZ15_14890	ko:K02342
bcep:APZ15_14915	ko:K01951
bcep:APZ15_14925	ko:K00088
bcep:APZ15_14955	ko:K09801
bcep:APZ15_14965	ko:K03664
bcep:APZ15_14980	ko:K01007
bcep:APZ15_14985	ko:K09773
bcep:APZ15_14990	ko:K03437
bcep:APZ15_14995	ko:K03470
bcep:APZ15_15000	ko:K00748
bcep:APZ15_15005	ko:K00677
bcep:APZ15_15010	ko:K02372
bcep:APZ15_15015	ko:K02536
bcep:APZ15_15020	ko:K06142
bcep:APZ15_15025	ko:K07277
bcep:APZ15_15030	ko:K11749
bcep:APZ15_15035	ko:K00099
bcep:APZ15_15040	ko:K00981
bcep:APZ15_15045	ko:K00806
bcep:APZ15_15050	ko:K02838
bcep:APZ15_15055	ko:K09903
bcep:APZ15_15060	ko:K02357
bcep:APZ15_15065	ko:K02967
bcep:APZ15_15070	ko:K01265
bcep:APZ15_15075	ko:K00990
bcep:APZ15_15080	ko:K06182
bcep:APZ15_15085	ko:K01462
bcep:APZ15_15090	ko:K01972
bcep:APZ15_15100	ko:K03529
bcep:APZ15_15110	ko:K14267
bcep:APZ15_15115	ko:K00674
bcep:APZ15_15125	ko:K01439
bcep:APZ15_15130	ko:K07320
bcep:APZ15_15135	ko:K06131
bcep:APZ15_15140	ko:K00432
bcep:APZ15_15145	ko:K06158
bcep:APZ15_15155	ko:K04485
bcep:APZ15_15160	ko:K01775
bcep:APZ15_15165	ko:K08227
bcep:APZ15_15170	ko:K00941
bcep:APZ15_15175	ko:K09977
bcep:APZ15_15180	ko:K21929
bcep:APZ15_15185	ko:K03789
bcep:APZ15_15190	ko:K14742
bcep:APZ15_15205	ko:K01637
bcep:APZ15_15220	ko:K01560
bcep:APZ15_15225	ko:K01638
bcep:APZ15_15245	ko:K14221
bcep:APZ15_15250	ko:K14224
bcep:APZ15_15255	ko:K14221
bcep:APZ15_15260	ko:K14224
bcep:APZ15_15265	ko:K14221
bcep:APZ15_15270	ko:K14224
bcep:APZ15_15275	ko:K14218
bcep:APZ15_15280	ko:K01885
bcep:APZ15_15285	ko:K07001
bcep:APZ15_15295	ko:K13896
bcep:APZ15_15300	ko:K13895
bcep:APZ15_15305	ko:K13894
bcep:APZ15_15310	ko:K13893
bcep:APZ15_15320	ko:K02300
bcep:APZ15_15325	ko:K02299
bcep:APZ15_15330	ko:K02298
bcep:APZ15_15335	ko:K02297
bcep:APZ15_15340	ko:K00342
bcep:APZ15_15365	ko:K14233
bcep:APZ15_15370	ko:K00928
bcep:APZ15_15375	ko:K04075
bcep:APZ15_15380	ko:K01962
bcep:APZ15_15385	ko:K01247
bcep:APZ15_15390	ko:K01883
bcep:APZ15_15400	ko:K03767
bcep:APZ15_15405	ko:K03768
bcep:APZ15_15410	ko:K03269
bcep:APZ15_15415	ko:K00640
bcep:APZ15_15420	ko:K02533
bcep:APZ15_15425	ko:K01092
bcep:APZ15_15430	ko:K07137
bcep:APZ15_15435	ko:K18554
bcep:APZ15_15470	ko:K06223
bcep:APZ15_15490	ko:K06905
bcep:APZ15_15500	ko:K06906
bcep:APZ15_15515	ko:K06908
bcep:APZ15_15520	ko:K06907
bcep:APZ15_15535	ko:K07483
bcep:APZ15_15540	ko:K07497
bcep:APZ15_15560	ko:K06903
bcep:APZ15_15640	ko:K06919
bcep:APZ15_15690	ko:K03555
bcep:APZ15_15700	ko:K03775
bcep:APZ15_15705	ko:K18850
bcep:APZ15_15715	ko:K07287
bcep:APZ15_15720	ko:K01714
bcep:APZ15_15730	ko:K01867
bcep:APZ15_15745	ko:K07053
bcep:APZ15_15760	ko:K28956
bcep:APZ15_15765	ko:K04083
bcep:APZ15_15775	ko:K05589
bcep:APZ15_15780	ko:K01689
bcep:APZ15_15785	ko:K01627
bcep:APZ15_15790	ko:K01937
bcep:APZ15_15800	ko:K02238
bcep:APZ15_15805	ko:K03424
bcep:APZ15_15810	ko:K09810
bcep:APZ15_15815	ko:K09808
bcep:APZ15_15825	ko:K07462
bcep:APZ15_15830	ko:K04567
bcep:APZ15_15845	ko:K04755
bcep:APZ15_15850	ko:K04044
bcep:APZ15_15855	ko:K04082
bcep:APZ15_15860	ko:K13628
bcep:APZ15_15865	ko:K04488
bcep:APZ15_15870	ko:K04487
bcep:APZ15_15875	ko:K13643
bcep:APZ15_15880	ko:K25307
bcep:APZ15_15890	ko:K18929
bcep:APZ15_15895	ko:K18928
bcep:APZ15_15900	ko:K19333
bcep:APZ15_15905	ko:K07262
bcep:APZ15_15915	ko:K00382
bcep:APZ15_15920	ko:K00627
bcep:APZ15_15925	ko:K00163
bcep:APZ15_15945	ko:K01491
bcep:APZ15_15950	ko:K01414
bcep:APZ15_15955	ko:K02346
bcep:APZ15_15960	ko:K25316
bcep:APZ15_15965	ko:K14230
bcep:APZ15_15970	ko:K01142
bcep:APZ15_15975	ko:K01322
bcep:APZ15_15980	ko:K07712
bcep:APZ15_15985	ko:K07708
bcep:APZ15_15990	ko:K01915
bcep:APZ15_16020	ko:K03578
bcep:APZ15_16025	ko:K14682
bcep:APZ15_16055	ko:K14237
bcep:APZ15_16060	ko:K12256
bcep:APZ15_16065	ko:K01915
bcep:APZ15_16070	ko:K07010
bcep:APZ15_16075	ko:K01458
bcep:APZ15_16080	ko:K05603
bcep:APZ15_16085	ko:K01468
bcep:APZ15_16090	ko:K09975
bcep:APZ15_16095	ko:K01712
bcep:APZ15_16100	ko:K05836
bcep:APZ15_16105	ko:K01745
bcep:APZ15_16110	ko:K10001
bcep:APZ15_16115	ko:K06133
bcep:APZ15_16125	ko:K03566
bcep:APZ15_16140	ko:K01669
bcep:APZ15_16175	ko:K00957
bcep:APZ15_16180	ko:K00955
bcep:APZ15_16195	ko:K07404
bcep:APZ15_16220	ko:K05795
bcep:APZ15_16225	ko:K09799
bcep:APZ15_16245	ko:K05834
bcep:APZ15_16255	ko:K14233
bcep:APZ15_16265	ko:K14393
bcep:APZ15_16275	ko:K01895
bcep:APZ15_16290	ko:K01676
bcep:APZ15_16295	ko:K03594
bcep:APZ15_16300	ko:K01776
bcep:APZ15_16305	ko:K02192
bcep:APZ15_16310	ko:K03832
bcep:APZ15_16315	ko:K03561
bcep:APZ15_16320	ko:K03559
bcep:APZ15_16330	ko:K06911
bcep:APZ15_16350	ko:K07243
bcep:APZ15_16360	ko:K07230
bcep:APZ15_16365	ko:K03702
bcep:APZ15_16370	ko:K00832
bcep:APZ15_16375	ko:K00019
bcep:APZ15_16385	ko:K07115
bcep:APZ15_16395	ko:K19591
bcep:APZ15_16400	ko:K01985
bcep:APZ15_16405	ko:K01980
bcep:APZ15_16410	ko:K14218
bcep:APZ15_16415	ko:K14227
bcep:APZ15_16420	ko:K01977
bcep:APZ15_16450	ko:K09861
bcep:APZ15_16455	ko:K07063
bcep:APZ15_16460	ko:K14287
bcep:APZ15_16465	ko:K00799
bcep:APZ15_16475	ko:K11209
bcep:APZ15_16490	ko:K28556
bcep:APZ15_16495	ko:K04118
bcep:APZ15_16505	ko:K01515
bcep:APZ15_16515	ko:K00343
bcep:APZ15_16520	ko:K00342
bcep:APZ15_16525	ko:K00341
bcep:APZ15_16530	ko:K00340
bcep:APZ15_16535	ko:K00339
bcep:APZ15_16540	ko:K00338
bcep:APZ15_16545	ko:K00337
bcep:APZ15_16550	ko:K00336
bcep:APZ15_16555	ko:K00335
bcep:APZ15_16560	ko:K00334
bcep:APZ15_16565	ko:K00333
bcep:APZ15_16570	ko:K00332
bcep:APZ15_16575	ko:K00331
bcep:APZ15_16580	ko:K00330
bcep:APZ15_16585	ko:K14228
bcep:APZ15_16590	ko:K03075
bcep:APZ15_16595	ko:K01803
bcep:APZ15_16605	ko:K00962
bcep:APZ15_16610	ko:K02956
bcep:APZ15_16615	ko:K01999
bcep:APZ15_16625	ko:K01673
bcep:APZ15_16635	ko:K01649
bcep:APZ15_16640	ko:K17103
bcep:APZ15_16645	ko:K01613
bcep:APZ15_16650	ko:K00053
bcep:APZ15_16655	ko:K01653
bcep:APZ15_16660	ko:K01652
bcep:APZ15_16665	ko:K03088
bcep:APZ15_16690	ko:K27597
bcep:APZ15_16695	ko:K00901
bcep:APZ15_16725	ko:K07050
bcep:APZ15_16730	ko:K06886
bcep:APZ15_16735	ko:K02004
bcep:APZ15_16745	ko:K11741
bcep:APZ15_16750	ko:K09712
bcep:APZ15_16755	ko:K07667
bcep:APZ15_16760	ko:K07646
bcep:APZ15_16765	ko:K01548
bcep:APZ15_16770	ko:K01547
bcep:APZ15_16775	ko:K01546
bcep:APZ15_16790	ko:K00344
bcep:APZ15_16800	ko:K01734
bcep:APZ15_16805	ko:K00059
bcep:APZ15_16810	ko:K00761
bcep:APZ15_16820	ko:K01945
bcep:APZ15_16825	ko:K00228
bcep:APZ15_16830	ko:K00969
bcep:APZ15_16835	ko:K09710
bcep:APZ15_16840	ko:K00783
bcep:APZ15_16845	ko:K06287
bcep:APZ15_16850	ko:K08301
bcep:APZ15_16860	ko:K09923
bcep:APZ15_16885	ko:K11085
bcep:APZ15_16905	ko:K02849
bcep:APZ15_16915	ko:K02337
bcep:APZ15_16920	ko:K07146
bcep:APZ15_16925	ko:K01894
bcep:APZ15_16935	ko:K11927
bcep:APZ15_16950	ko:K08289
bcep:APZ15_16960	ko:K03466
bcep:APZ15_16965	ko:K07404
bcep:APZ15_16975	ko:K05973
bcep:APZ15_16985	ko:K03616
bcep:APZ15_16990	ko:K10773
bcep:APZ15_17020	ko:K09989
bcep:APZ15_17025	ko:K05782
bcep:APZ15_17030	ko:K00616
bcep:APZ15_17035	ko:K04750
bcep:APZ15_17040	ko:K03307
bcep:APZ15_17080	ko:K03181
bcep:APZ15_17085	ko:K04079
bcep:APZ15_17105	ko:K05825
bcep:APZ15_17125	ko:K07240
bcep:APZ15_17145	ko:K02621
bcep:APZ15_17150	ko:K02622
bcep:APZ15_17155	ko:K15738
bcep:APZ15_17170	ko:K14219
bcep:APZ15_17180	ko:K14230
bcep:APZ15_17190	ko:K00059
bcep:APZ15_17200	ko:K08276
bcep:APZ15_17220	ko:K08169
bcep:APZ15_17230	ko:K00697
bcep:APZ15_17275	ko:K11904
bcep:APZ15_17280	ko:K02049
bcep:APZ15_17285	ko:K02050
bcep:APZ15_17295	ko:K07638
bcep:APZ15_17300	ko:K07659
bcep:APZ15_17310	ko:K06911
bcep:APZ15_17315	ko:K10014
bcep:APZ15_17320	ko:K10016
bcep:APZ15_17325	ko:K10015
bcep:APZ15_17330	ko:K10017
bcep:APZ15_17350	ko:K04751
bcep:APZ15_17355	ko:K01950
bcep:APZ15_17360	ko:K09919
bcep:APZ15_17365	ko:K05349
bcep:APZ15_17375	ko:K07461
bcep:APZ15_17380	ko:K01507
bcep:APZ15_17385	ko:K00128
bcep:APZ15_17390	ko:K00059
bcep:APZ15_17410	ko:K02498
bcep:APZ15_17415	ko:K13543
bcep:APZ15_17420	ko:K01749
bcep:APZ15_17425	ko:K01595
bcep:APZ15_17440	ko:K01755
bcep:APZ15_17455	ko:K01584
bcep:APZ15_17460	ko:K01494
bcep:APZ15_17465	ko:K04565
bcep:APZ15_17470	ko:K03593
bcep:APZ15_17480	ko:K01874
bcep:APZ15_17500	ko:K01978
bcep:APZ15_17510	ko:K03585
bcep:APZ15_17515	ko:K18903
bcep:APZ15_17520	ko:K07665
bcep:APZ15_17525	ko:K07644
bcep:APZ15_17535	ko:K01426
bcep:APZ15_17540	ko:K13028
bcep:APZ15_17550	ko:K01721
bcep:APZ15_17555	ko:K20807
bcep:APZ15_17580	ko:K04064
bcep:APZ15_17600	ko:K02529
bcep:APZ15_17605	ko:K00692
bcep:APZ15_17610	ko:K03332
bcep:APZ15_17625	ko:K00375
bcep:APZ15_17645	ko:K01993
bcep:APZ15_17650	ko:K01990
bcep:APZ15_17655	ko:K01992
bcep:APZ15_17670	ko:K00801
bcep:APZ15_17675	ko:K01126
bcep:APZ15_17685	ko:K24700
bcep:APZ15_17700	ko:K04091
bcep:APZ15_17710	ko:K15553
bcep:APZ15_17715	ko:K15554
bcep:APZ15_17720	ko:K15555
bcep:APZ15_17730	ko:K15553
bcep:APZ15_17735	ko:K07140
bcep:APZ15_17740	ko:K07649
bcep:APZ15_17745	ko:K07774
bcep:APZ15_17750	ko:K07552
bcep:APZ15_17755	ko:K00375
bcep:APZ15_17760	ko:K02012
bcep:APZ15_17765	ko:K02011
bcep:APZ15_17770	ko:K02010
bcep:APZ15_17805	ko:K02510
bcep:APZ15_17810	ko:K02509
bcep:APZ15_17815	ko:K01826
bcep:APZ15_17820	ko:K00455
bcep:APZ15_17825	ko:K00151
bcep:APZ15_17830	ko:K05921
bcep:APZ15_17835	ko:K05921
bcep:APZ15_17855	ko:K03587
bcep:APZ15_17860	ko:K02058
bcep:APZ15_17870	ko:K26735
bcep:APZ15_17875	ko:K06150
bcep:APZ15_17880	ko:K06151
bcep:APZ15_17885	ko:K06152
bcep:APZ15_17890	ko:K07559
bcep:APZ15_17900	ko:K00259
bcep:APZ15_17905	ko:K02347
bcep:APZ15_17910	ko:K06204
bcep:APZ15_17935	ko:K00249
bcep:APZ15_17950	ko:K01192
bcep:APZ15_17965	ko:K02348
bcep:APZ15_17970	ko:K16011
bcep:APZ15_17985	ko:K16692
bcep:APZ15_17990	ko:K21000
bcep:APZ15_18015	ko:K01991
bcep:APZ15_18030	ko:K05349
bcep:APZ15_18055	ko:K22468
bcep:APZ15_18065	ko:K13408
bcep:APZ15_18075	ko:K13409
bcep:APZ15_18085	ko:K12340
bcep:APZ15_18090	ko:K01426
bcep:APZ15_18095	ko:K22112
bcep:APZ15_18100	ko:K04748
bcep:APZ15_18105	ko:K02448
bcep:APZ15_18110	ko:K01999
bcep:APZ15_18125	ko:K22318
bcep:APZ15_18130	ko:K00681
bcep:APZ15_18140	ko:K03724
bcep:APZ15_18145	ko:K16263
bcep:APZ15_18160	ko:K02623
bcep:APZ15_18175	ko:K00449
bcep:APZ15_18180	ko:K00448
bcep:APZ15_18195	ko:K16203
bcep:APZ15_18205	ko:K13891
bcep:APZ15_18210	ko:K13890
bcep:APZ15_18215	ko:K13889
bcep:APZ15_18220	ko:K13892
bcep:APZ15_18225	ko:K13051
bcep:APZ15_18235	ko:K08191
bcep:APZ15_18240	ko:K01187
bcep:APZ15_18250	ko:K02168
bcep:APZ15_18290	ko:K07112
bcep:APZ15_18295	ko:K07112
bcep:APZ15_18300	ko:K22042
bcep:APZ15_18305	ko:K08195
bcep:APZ15_18310	ko:K22270
bcep:APZ15_18315	ko:K01800
bcep:APZ15_18320	ko:K16165
bcep:APZ15_18325	ko:K00450
bcep:APZ15_18335	ko:K22549
bcep:APZ15_18340	ko:K22550
bcep:APZ15_18345	ko:K21061
bcep:APZ15_18350	ko:K12658
bcep:APZ15_18355	ko:K21062
bcep:APZ15_18365	ko:K13877
bcep:APZ15_18370	ko:K13609
bcep:APZ15_18375	ko:K01687
bcep:APZ15_18390	ko:K03086
bcep:APZ15_18395	ko:K04477
bcep:APZ15_18420	ko:K03446
bcep:APZ15_18425	ko:K18118
bcep:APZ15_18450	ko:K01841
bcep:APZ15_18455	ko:K09459
bcep:APZ15_18460	ko:K03430
bcep:APZ15_18520	ko:K01259
bcep:APZ15_18565	ko:K21645
bcep:APZ15_18580	ko:K11935
bcep:APZ15_18585	ko:K11931
bcep:APZ15_18590	ko:K11936
bcep:APZ15_18600	ko:K00820
bcep:APZ15_18620	ko:K06016
bcep:APZ15_18630	ko:K01999
bcep:APZ15_18635	ko:K03566
bcep:APZ15_18650	ko:K24119
bcep:APZ15_18655	ko:K03387
bcep:APZ15_18665	ko:K01607
bcep:APZ15_18680	ko:K10038
bcep:APZ15_18685	ko:K10037
bcep:APZ15_18690	ko:K10036
bcep:APZ15_18695	ko:K16014
bcep:APZ15_18700	ko:K03566
bcep:APZ15_18710	ko:K01775
bcep:APZ15_18720	ko:K08166
bcep:APZ15_18730	ko:K03413
bcep:APZ15_18750	ko:K03407
bcep:APZ15_18755	ko:K14393
bcep:APZ15_18765	ko:K06999
bcep:APZ15_18770	ko:K11738
bcep:APZ15_18775	ko:K01744
bcep:APZ15_18790	ko:K16090
bcep:APZ15_18795	ko:K00206
bcep:APZ15_18805	ko:K00375
bcep:APZ15_18815	ko:K07255
bcep:APZ15_18820	ko:K03852
bcep:APZ15_18825	ko:K00625
bcep:APZ15_18830	ko:K07090
bcep:APZ15_18835	ko:K09883
bcep:APZ15_18840	ko:K09882
bcep:APZ15_18850	ko:K21309
bcep:APZ15_18855	ko:K21308
bcep:APZ15_18860	ko:K21307
bcep:APZ15_18865	ko:K11735
bcep:APZ15_18870	ko:K07256
bcep:APZ15_18920	ko:K13491
bcep:APZ15_18925	ko:K11444
bcep:APZ15_18945	ko:K01560
bcep:APZ15_18975	ko:K00140
bcep:APZ15_18980	ko:K00020
bcep:APZ15_19005	ko:K03457
bcep:APZ15_19010	ko:K16841
bcep:APZ15_19030	ko:K15553
bcep:APZ15_19040	ko:K20534
bcep:APZ15_19045	ko:K13669
bcep:APZ15_19050	ko:K20534
bcep:APZ15_19065	ko:K12513
bcep:APZ15_19075	ko:K12511
bcep:APZ15_19080	ko:K12510
bcep:APZ15_19085	ko:K02283
bcep:APZ15_19090	ko:K02282
bcep:APZ15_19095	ko:K02281
bcep:APZ15_19100	ko:K02280
bcep:APZ15_19105	ko:K02279
bcep:APZ15_19110	ko:K02278
bcep:APZ15_19115	ko:K02651
bcep:APZ15_19120	ko:K15553
bcep:APZ15_19125	ko:K15554
bcep:APZ15_19130	ko:K15554
bcep:APZ15_19135	ko:K15555
bcep:APZ15_19140	ko:K22303
bcep:APZ15_19145	ko:K22303
bcep:APZ15_19150	ko:K12368
bcep:APZ15_19160	ko:K15553
bcep:APZ15_19165	ko:K09957
bcep:APZ15_19185	ko:K02443
bcep:APZ15_19190	ko:K00803
bcep:APZ15_19195	ko:K00111
bcep:APZ15_19200	ko:K00864
bcep:APZ15_19230	ko:K16345
bcep:APZ15_19235	ko:K03574
bcep:APZ15_19260	ko:K02049
bcep:APZ15_19265	ko:K02051
bcep:APZ15_19270	ko:K02050
bcep:APZ15_19310	ko:K14238
bcep:APZ15_19315	ko:K03833
bcep:APZ15_19320	ko:K01042
bcep:APZ15_19325	ko:K02380
bcep:APZ15_19330	ko:K00127
bcep:APZ15_19335	ko:K00124
bcep:APZ15_19340	ko:K00123
bcep:APZ15_19345	ko:K00123
bcep:APZ15_19350	ko:K07058
bcep:APZ15_19365	ko:K00984
bcep:APZ15_19380	ko:K00963
bcep:APZ15_19395	ko:K07496
bcep:APZ15_19415	ko:K01711
bcep:APZ15_19420	ko:K22252
bcep:APZ15_19425	ko:K10764
bcep:APZ15_19430	ko:K00764
bcep:APZ15_19435	ko:K03558
bcep:APZ15_19440	ko:K03749
bcep:APZ15_19445	ko:K11754
bcep:APZ15_19450	ko:K01963
bcep:APZ15_19455	ko:K01695
bcep:APZ15_19460	ko:K00571
bcep:APZ15_19465	ko:K01696
bcep:APZ15_19470	ko:K01817
bcep:APZ15_19475	ko:K06173
bcep:APZ15_19480	ko:K08086
bcep:APZ15_19485	ko:K02390
bcep:APZ15_19490	ko:K00133
bcep:APZ15_19500	ko:K00052
bcep:APZ15_19505	ko:K01704
bcep:APZ15_19510	ko:K16347
bcep:APZ15_19515	ko:K01703
bcep:APZ15_19540	ko:K00799
bcep:APZ15_19560	ko:K11733
bcep:APZ15_19570	ko:K01482
bcep:APZ15_19590	ko:K01647
bcep:APZ15_19595	ko:K09159
bcep:APZ15_19600	ko:K00240
bcep:APZ15_19605	ko:K00239
bcep:APZ15_19610	ko:K00242
bcep:APZ15_19615	ko:K00241
bcep:APZ15_19620	ko:K03710
bcep:APZ15_19625	ko:K00024
bcep:APZ15_19630	ko:K01644
bcep:APZ15_19640	ko:K01720
bcep:APZ15_19645	ko:K27802
bcep:APZ15_19665	ko:K05998
bcep:APZ15_19670	ko:K08169
bcep:APZ15_19675	ko:K02053
bcep:APZ15_19680	ko:K02054
bcep:APZ15_19685	ko:K02055
bcep:APZ15_19690	ko:K02052
bcep:APZ15_19695	ko:K00375
bcep:APZ15_19705	ko:K01046
bcep:APZ15_19710	ko:K02014
bcep:APZ15_19730	ko:K06194
bcep:APZ15_19745	ko:K00033
bcep:APZ15_19780	ko:K22044
bcep:APZ15_19785	ko:K23777
bcep:APZ15_19790	ko:K03543
bcep:APZ15_19795	ko:K03446
bcep:APZ15_19805	ko:K05998
bcep:APZ15_19810	ko:K07005
bcep:APZ15_19815	ko:K00375
bcep:APZ15_19820	ko:K06132
bcep:APZ15_19825	ko:K14230
bcep:APZ15_19830	ko:K03086
bcep:APZ15_19840	ko:K02316
bcep:APZ15_19845	ko:K09117
bcep:APZ15_19850	ko:K02970
bcep:APZ15_19860	ko:K25706
bcep:APZ15_19865	ko:K09007
bcep:APZ15_19870	ko:K01662
bcep:APZ15_19875	ko:K00795
bcep:APZ15_19880	ko:K03602
bcep:APZ15_19890	ko:K01011
bcep:APZ15_19895	ko:K01061
bcep:APZ15_19900	ko:K03885
bcep:APZ15_19905	ko:K02335
bcep:APZ15_19935	ko:K01241
bcep:APZ15_19945	ko:K02204
bcep:APZ15_19955	ko:K23775
bcep:APZ15_19960	ko:K04063
bcep:APZ15_19975	ko:K02020
bcep:APZ15_19980	ko:K02018
bcep:APZ15_19985	ko:K02017
bcep:APZ15_19990	ko:K02019
bcep:APZ15_20000	ko:K01821
bcep:APZ15_20020	ko:K03699
bcep:APZ15_20035	ko:K15256
bcep:APZ15_20040	ko:K00799
bcep:APZ15_20065	ko:K10013
bcep:APZ15_20080	ko:K07044
bcep:APZ15_20085	ko:K03772
bcep:APZ15_20095	ko:K08166
bcep:APZ15_20140	ko:K16692
bcep:APZ15_20145	ko:K01991
bcep:APZ15_20150	ko:K25307
bcep:APZ15_20155	ko:K00012
bcep:APZ15_20165	ko:K16011
bcep:APZ15_20180	ko:K00113
bcep:APZ15_20195	ko:K07032
bcep:APZ15_20210	ko:K07004
bcep:APZ15_20250	ko:K03322
bcep:APZ15_20265	ko:K07397
bcep:APZ15_20270	ko:K07223
bcep:APZ15_20275	ko:K06147
bcep:APZ15_20280	ko:K00793
bcep:APZ15_20290	ko:K00891
bcep:APZ15_20295	ko:K03281
bcep:APZ15_20300	ko:K13491
bcep:APZ15_20305	ko:K13490
bcep:APZ15_20310	ko:K13489
bcep:APZ15_20315	ko:K13486
bcep:APZ15_20320	ko:K13488
bcep:APZ15_20325	ko:K13487
bcep:APZ15_20335	ko:K24163
bcep:APZ15_20345	ko:K01652
bcep:APZ15_20365	ko:K18249
bcep:APZ15_20370	ko:K18248
bcep:APZ15_20375	ko:K16320
bcep:APZ15_20380	ko:K16319
bcep:APZ15_20390	ko:K21757
bcep:APZ15_20395	ko:K01856
bcep:APZ15_20400	ko:K03381
bcep:APZ15_20405	ko:K03464
bcep:APZ15_20410	ko:K00355
bcep:APZ15_20425	ko:K00219
bcep:APZ15_20470	ko:K03543
bcep:APZ15_20475	ko:K03446
bcep:APZ15_20490	ko:K05835
bcep:APZ15_20505	ko:K03704
bcep:APZ15_20525	ko:K07493
bcep:APZ15_20530	ko:K03406
bcep:APZ15_20535	ko:K02557
bcep:APZ15_20540	ko:K02556
bcep:APZ15_20550	ko:K00799
bcep:APZ15_20555	ko:K05973
bcep:APZ15_20570	ko:K10017
bcep:APZ15_20575	ko:K10015
bcep:APZ15_20580	ko:K10016
bcep:APZ15_20585	ko:K10013
bcep:APZ15_20590	ko:K07667
bcep:APZ15_20595	ko:K07646
bcep:APZ15_20600	ko:K01547
bcep:APZ15_20605	ko:K01548
bcep:APZ15_20610	ko:K01546
bcep:APZ15_20620	ko:K03285
bcep:APZ15_20625	ko:K05836
bcep:APZ15_20630	ko:K05841
bcep:APZ15_20650	ko:K21757
bcep:APZ15_20660	ko:K11733
bcep:APZ15_20675	ko:K01940
bcep:APZ15_20680	ko:K13021
bcep:APZ15_20685	ko:K07246
bcep:APZ15_20690	ko:K16135
bcep:APZ15_20695	ko:K18900
bcep:APZ15_20730	ko:K00483
bcep:APZ15_20740	ko:K04487
bcep:APZ15_20760	ko:K14414
bcep:APZ15_20775	ko:K14415
bcep:APZ15_20780	ko:K07074
bcep:APZ15_20800	ko:K01740
bcep:APZ15_20805	ko:K07238
bcep:APZ15_20835	ko:K07644
bcep:APZ15_20840	ko:K07665
bcep:APZ15_20845	ko:K15726
bcep:APZ15_20850	ko:K15727
bcep:APZ15_20855	ko:K15725
bcep:APZ15_20875	ko:K03811
bcep:APZ15_20880	ko:K02014
bcep:APZ15_20890	ko:K07006
bcep:APZ15_20895	ko:K00799
bcep:APZ15_20905	ko:K01652
bcep:APZ15_20910	ko:K00130
bcep:APZ15_20915	ko:K02055
bcep:APZ15_20920	ko:K02054
bcep:APZ15_20925	ko:K02053
bcep:APZ15_20930	ko:K02052
bcep:APZ15_20935	ko:K02030
bcep:APZ15_20940	ko:K02029
bcep:APZ15_20945	ko:K02029
bcep:APZ15_20950	ko:K10004
bcep:APZ15_20955	ko:K03566
bcep:APZ15_20970	ko:K10215
bcep:APZ15_20980	ko:K01607
bcep:APZ15_20995	ko:K18552
bcep:APZ15_21005	ko:K19784
bcep:APZ15_21045	ko:K05835
bcep:APZ15_21085	ko:K03449
bcep:APZ15_21090	ko:K10013
bcep:APZ15_21120	ko:K03307
bcep:APZ15_21130	ko:K03285
bcep:APZ15_21140	ko:K02052
bcep:APZ15_21145	ko:K02054
bcep:APZ15_21150	ko:K02053
bcep:APZ15_21170	ko:K02055
bcep:APZ15_21180	ko:K00074
bcep:APZ15_21185	ko:K04940
bcep:APZ15_21230	ko:K01821
bcep:APZ15_21240	ko:K22027
bcep:APZ15_21255	ko:K01426
bcep:APZ15_21260	ko:K00059
bcep:APZ15_21270	ko:K00484
bcep:APZ15_21280	ko:K07002
bcep:APZ15_21285	ko:K03719
bcep:APZ15_21365	ko:K15553
bcep:APZ15_21370	ko:K07774
bcep:APZ15_21375	ko:K07649
bcep:APZ15_21385	ko:K01996
bcep:APZ15_21390	ko:K01995
bcep:APZ15_21395	ko:K01997
bcep:APZ15_21395	ko:K01998
bcep:APZ15_21400	ko:K01999
bcep:APZ15_21410	ko:K22879
bcep:APZ15_21430	ko:K01750
bcep:APZ15_21480	ko:K20862
bcep:APZ15_21485	ko:K00799
bcep:APZ15_21545	ko:K13816
bcep:APZ15_21550	ko:K14051
bcep:APZ15_21555	ko:K01469
bcep:APZ15_21585	ko:K11903
bcep:APZ15_21605	ko:K02073
bcep:APZ15_21610	ko:K13444
bcep:APZ15_21615	ko:K01130
bcep:APZ15_21650	ko:K10014
bcep:APZ15_21655	ko:K01451
bcep:APZ15_21660	ko:K14057
bcep:APZ15_21665	ko:K02014
bcep:APZ15_21680	ko:K03559
bcep:APZ15_21685	ko:K03561
bcep:APZ15_21690	ko:K03832
bcep:APZ15_21700	ko:K04091
bcep:APZ15_21710	ko:K15553
bcep:APZ15_21715	ko:K15554
bcep:APZ15_21720	ko:K15554
bcep:APZ15_21730	ko:K03077
bcep:APZ15_21740	ko:K04078
bcep:APZ15_21745	ko:K04077
bcep:APZ15_21765	ko:K02806
bcep:APZ15_21770	ko:K00930
bcep:APZ15_21780	ko:K05874
bcep:APZ15_21785	ko:K11717
bcep:APZ15_21800	ko:K00640
bcep:APZ15_21810	ko:K01426
bcep:APZ15_21855	ko:K00925
bcep:APZ15_21860	ko:K00625
bcep:APZ15_21870	ko:K00208
bcep:APZ15_21885	ko:K03566
bcep:APZ15_21895	ko:K00275
bcep:APZ15_21905	ko:K05825
bcep:APZ15_21925	ko:K11740
bcep:APZ15_21940	ko:K09458
bcep:APZ15_21945	ko:K16137
bcep:APZ15_21950	ko:K00029
bcep:APZ15_21995	ko:K06889
bcep:APZ15_22020	ko:K05782
bcep:APZ15_22025	ko:K01919
bcep:APZ15_22035	ko:K01760
bcep:APZ15_22040	ko:K01687
bcep:APZ15_22050	ko:K09024
bcep:APZ15_22070	ko:K00799
bcep:APZ15_22100	ko:K01999
bcep:APZ15_22170	ko:K05999
bcep:APZ15_22175	ko:K03559
bcep:APZ15_22180	ko:K03561
bcep:APZ15_22185	ko:K03832
bcep:APZ15_22190	ko:K06139
bcep:APZ15_22195	ko:K06138
bcep:APZ15_22200	ko:K06137
bcep:APZ15_22205	ko:K06136
bcep:APZ15_22210	ko:K21405
bcep:APZ15_22215	ko:K01259
bcep:APZ15_22225	ko:K00114
bcep:APZ15_22230	ko:K02030
bcep:APZ15_22240	ko:K03086
bcep:APZ15_22245	ko:K01895
bcep:APZ15_22255	ko:K03406
bcep:APZ15_22260	ko:K05367
bcep:APZ15_22265	ko:K06894
bcep:APZ15_22270	ko:K09808
bcep:APZ15_22280	ko:K01281
bcep:APZ15_22295	ko:K05845
bcep:APZ15_22300	ko:K05846
bcep:APZ15_22305	ko:K05847
bcep:APZ15_22310	ko:K05846
bcep:APZ15_22335	ko:K10680
bcep:APZ15_22340	ko:K01633
bcep:APZ15_22345	ko:K00305
bcep:APZ15_22350	ko:K00302
bcep:APZ15_22355	ko:K00304
bcep:APZ15_22360	ko:K00303
bcep:APZ15_22365	ko:K01752
bcep:APZ15_22380	ko:K08319
bcep:APZ15_22385	ko:K21948
bcep:APZ15_22390	ko:K22130
bcep:APZ15_22400	ko:K22131
bcep:APZ15_22405	ko:K22025
bcep:APZ15_22410	ko:K07027
bcep:APZ15_22425	ko:K07666
bcep:APZ15_22430	ko:K07645
bcep:APZ15_22450	ko:K00476
bcep:APZ15_22460	ko:K03636
bcep:APZ15_22485	ko:K03566
bcep:APZ15_22500	ko:K19689
bcep:APZ15_22510	ko:K02002
bcep:APZ15_22515	ko:K21826
bcep:APZ15_22520	ko:K02001
bcep:APZ15_22525	ko:K02000
bcep:APZ15_22550	ko:K00299
bcep:APZ15_22645	ko:K01114
bcep:APZ15_22655	ko:K01968
bcep:APZ15_22660	ko:K13766
bcep:APZ15_22665	ko:K01969
bcep:APZ15_22670	ko:K00253
bcep:APZ15_22685	ko:K03862
bcep:APZ15_22690	ko:K03863
bcep:APZ15_22700	ko:K26744
bcep:APZ15_22715	ko:K02014
bcep:APZ15_22720	ko:K07552
bcep:APZ15_22745	ko:K19713
bcep:APZ15_22765	ko:K05834
bcep:APZ15_22790	ko:K02483
bcep:APZ15_22800	ko:K07734
bcep:APZ15_22805	ko:K00375
bcep:APZ15_22810	ko:K05366
bcep:APZ15_22830	ko:K06901
bcep:APZ15_22845	ko:K03285
bcep:APZ15_22855	ko:K08369
bcep:APZ15_22860	ko:K05802
bcep:APZ15_22865	ko:K26061
bcep:APZ15_22875	ko:K11733
bcep:APZ15_22880	ko:K09471
bcep:APZ15_22895	ko:K02444
bcep:APZ15_22910	ko:K01916
bcep:APZ15_22920	ko:K08677
bcep:APZ15_22930	ko:K03719
bcep:APZ15_22940	ko:K12255
bcep:APZ15_22950	ko:K00549
bcep:APZ15_22955	ko:K03576
bcep:APZ15_22975	ko:K03306
bcep:APZ15_22980	ko:K09990
bcep:APZ15_22990	ko:K01985
bcep:APZ15_22995	ko:K01980
bcep:APZ15_23000	ko:K14218
bcep:APZ15_23005	ko:K14227
bcep:APZ15_23010	ko:K01977
bcep:APZ15_23020	ko:K00206
bcep:APZ15_23025	ko:K19670
bcep:APZ15_23030	ko:K11082
bcep:APZ15_23035	ko:K11083
bcep:APZ15_23040	ko:K11084
bcep:APZ15_23045	ko:K11081
bcep:APZ15_23050	ko:K03430
bcep:APZ15_23055	ko:K08194
bcep:APZ15_23060	ko:K25901
bcep:APZ15_23065	ko:K03786
bcep:APZ15_23070	ko:K26400
bcep:APZ15_23085	ko:K01999
bcep:APZ15_23090	ko:K03762
bcep:APZ15_23095	ko:K15977
bcep:APZ15_23100	ko:K02431
bcep:APZ15_23115	ko:K01999
bcep:APZ15_23120	ko:K03719
bcep:APZ15_23125	ko:K01708
bcep:APZ15_23130	ko:K01707
bcep:APZ15_23140	ko:K13877
bcep:APZ15_23145	ko:K03535
bcep:APZ15_23175	ko:K01465
bcep:APZ15_23185	ko:K01737
bcep:APZ15_23190	ko:K09007
bcep:APZ15_23215	ko:K02072
bcep:APZ15_23220	ko:K02071
bcep:APZ15_23225	ko:K20938
bcep:APZ15_23230	ko:K02073
bcep:APZ15_23235	ko:K11616
bcep:APZ15_23240	ko:K10125
bcep:APZ15_23245	ko:K10126
bcep:APZ15_23275	ko:K00135
bcep:APZ15_23280	ko:K01607
bcep:APZ15_23290	ko:K18903
bcep:APZ15_23295	ko:K18902
bcep:APZ15_23300	ko:K18901
bcep:APZ15_23310	ko:K18900
bcep:APZ15_23315	ko:K07486
bcep:APZ15_23320	ko:K03746
bcep:APZ15_23345	ko:K01008
bcep:APZ15_23355	ko:K00375
bcep:APZ15_23360	ko:K00823
bcep:APZ15_23365	ko:K00135
bcep:APZ15_23370	ko:K03776
bcep:APZ15_23375	ko:K03776
bcep:APZ15_23395	ko:K07823
bcep:APZ15_23400	ko:K02624
bcep:APZ15_23420	ko:K06987
bcep:APZ15_23425	ko:K10013
bcep:APZ15_23430	ko:K14057
bcep:APZ15_23440	ko:K01451
bcep:APZ15_23450	ko:K18982
bcep:APZ15_23455	ko:K13021
bcep:APZ15_23480	ko:K13021
bcep:APZ15_23485	ko:K01053
bcep:APZ15_23490	ko:K00058
bcep:APZ15_23515	ko:K00036
bcep:APZ15_23525	ko:K19577
bcep:APZ15_23540	ko:K06222
bcep:APZ15_23545	ko:K10680
bcep:APZ15_23565	ko:K06901
bcep:APZ15_23575	ko:K08973
bcep:APZ15_23590	ko:K14057
bcep:APZ15_23595	ko:K10013
bcep:APZ15_23600	ko:K06987
bcep:APZ15_23605	ko:K02073
bcep:APZ15_23630	ko:K16087
bcep:APZ15_23635	ko:K07225
bcep:APZ15_23640	ko:K25132
bcep:APZ15_23645	ko:K25133
bcep:APZ15_23650	ko:K10834
bcep:APZ15_23665	ko:K05366
bcep:APZ15_23670	ko:K04343
bcep:APZ15_23675	ko:K00128
bcep:APZ15_23685	ko:K14977
bcep:APZ15_23700	ko:K02503
bcep:APZ15_23710	ko:K00799
bcep:APZ15_23715	ko:K07071
bcep:APZ15_23740	ko:K00209
bcep:APZ15_23750	ko:K16137
bcep:APZ15_23790	ko:K13021
bcep:APZ15_23800	ko:K01640
bcep:APZ15_23820	ko:K00799
bcep:APZ15_23830	ko:K24158
bcep:APZ15_23835	ko:K05596
bcep:APZ15_23845	ko:K01620
bcep:APZ15_23860	ko:K00425
bcep:APZ15_23865	ko:K00426
bcep:APZ15_23880	ko:K03566
bcep:APZ15_23925	ko:K17686
bcep:APZ15_23940	ko:K07507
bcep:APZ15_23950	ko:K05874
bcep:APZ15_23960	ko:K18923
bcep:APZ15_23965	ko:K01796
bcep:APZ15_23990	ko:K03285
bcep:APZ15_24010	ko:K09788
bcep:APZ15_24015	ko:K20455
bcep:APZ15_24020	ko:K01659
bcep:APZ15_24025	ko:K03417
bcep:APZ15_24030	ko:K02688
bcep:APZ15_24045	ko:K18336
bcep:APZ15_24065	ko:K09181
bcep:APZ15_24070	ko:K03746
bcep:APZ15_24100	ko:K01826
bcep:APZ15_24115	ko:K03825
bcep:APZ15_24120	ko:K01114
bcep:APZ15_24140	ko:K10823
bcep:APZ15_24145	ko:K15583
bcep:APZ15_24150	ko:K15582
bcep:APZ15_24155	ko:K15581
bcep:APZ15_24160	ko:K15580
bcep:APZ15_24170	ko:K03305
bcep:APZ15_24185	ko:K05786
bcep:APZ15_24190	ko:K01512
bcep:APZ15_24195	ko:K00091
bcep:APZ15_24210	ko:K03527
bcep:APZ15_24235	ko:K01822
bcep:APZ15_24240	ko:K08166
bcep:APZ15_24245	ko:K11068
bcep:APZ15_24265	ko:K06200
bcep:APZ15_24280	ko:K01183
bcep:APZ15_24285	ko:K21712
bcep:APZ15_24290	ko:K02456
bcep:APZ15_24300	ko:K02455
bcep:APZ15_24305	ko:K02454
bcep:APZ15_24330	ko:K02453
bcep:APZ15_24335	ko:K02456
bcep:APZ15_24340	ko:K02456
bcep:APZ15_24355	ko:K12262
bcep:APZ15_24375	ko:K01778
bcep:APZ15_24390	ko:K01626
bcep:APZ15_24415	ko:K09915
bcep:APZ15_24420	ko:K16216
bcep:APZ15_24430	ko:K01714
bcep:APZ15_24435	ko:K01628
bcep:APZ15_24445	ko:K05836
bcep:APZ15_24455	ko:K10014
bcep:APZ15_24460	ko:K06867
bcep:APZ15_24505	ko:K01845
bcep:APZ15_24515	ko:K01751
bcep:APZ15_24520	ko:K03719
bcep:APZ15_24535	ko:K05819
bcep:APZ15_24550	ko:K12508
bcep:APZ15_24555	ko:K21802
bcep:APZ15_24560	ko:K18383
bcep:APZ15_24565	ko:K07045
bcep:APZ15_24570	ko:K13874
bcep:APZ15_24575	ko:K10538
bcep:APZ15_24580	ko:K10539
bcep:APZ15_24585	ko:K10537
bcep:APZ15_24590	ko:K13873
bcep:APZ15_24595	ko:K13876
bcep:APZ15_24600	ko:K13875
bcep:APZ15_24610	ko:K07326
bcep:APZ15_24620	ko:K15125
bcep:APZ15_24645	ko:K10111
bcep:APZ15_24650	ko:K12308
bcep:APZ15_24655	ko:K02027
bcep:APZ15_24660	ko:K02025
bcep:APZ15_24665	ko:K02026
bcep:APZ15_24680	ko:K11474
bcep:APZ15_24685	ko:K00104
bcep:APZ15_24690	ko:K11472
bcep:APZ15_24695	ko:K11473
bcep:APZ15_24700	ko:K11477
bcep:APZ15_24705	ko:K01638
bcep:APZ15_24715	ko:K02480
bcep:APZ15_24725	ko:K08166
bcep:APZ15_24735	ko:K07345
bcep:APZ15_24740	ko:K15540
bcep:APZ15_24745	ko:K07347
bcep:APZ15_24750	ko:K07345
bcep:APZ15_24755	ko:K07323
bcep:APZ15_24760	ko:K07003
bcep:APZ15_24765	ko:K04754
bcep:APZ15_24775	ko:K06045
bcep:APZ15_24780	ko:K21677
bcep:APZ15_24785	ko:K21678
bcep:APZ15_24805	ko:K03410
bcep:APZ15_24820	ko:K19784
bcep:APZ15_24825	ko:K03088
bcep:APZ15_24830	ko:K00537
bcep:APZ15_24835	ko:K03496
bcep:APZ15_24840	ko:K03497
bcep:APZ15_24870	ko:K00639
bcep:APZ15_24875	ko:K00060
bcep:APZ15_24895	ko:K09958
bcep:APZ15_24900	ko:K07246
bcep:APZ15_24905	ko:K16135
bcep:APZ15_24910	ko:K00145
bcep:APZ15_24925	ko:K07001
bcep:APZ15_24930	ko:K00019
bcep:APZ15_24935	ko:K01574
bcep:APZ15_24940	ko:K19302
bcep:APZ15_24970	ko:K00274
bcep:APZ15_25010	ko:K07003
bcep:APZ15_25025	ko:K00274
bcep:APZ15_25050	ko:K09471
bcep:APZ15_25090	ko:K03288
bcep:APZ15_25095	ko:K02020
bcep:APZ15_25100	ko:K11103
bcep:APZ15_25110	ko:K07552
bcep:APZ15_25120	ko:K03786
bcep:APZ15_25125	ko:K00014
bcep:APZ15_25145	ko:K00077
bcep:APZ15_25160	ko:K03719
bcep:APZ15_25165	ko:K00003
bcep:APZ15_25175	ko:K23058
bcep:APZ15_25180	ko:K23055
bcep:APZ15_25185	ko:K23056
bcep:APZ15_25190	ko:K23057
bcep:APZ15_25210	ko:K03566
bcep:APZ15_25220	ko:K11904
bcep:APZ15_25255	ko:K07044
bcep:APZ15_25285	ko:K13529
bcep:APZ15_25300	ko:K11738
bcep:APZ15_25320	ko:K00004
bcep:APZ15_25330	ko:K05913
bcep:APZ15_25380	ko:K06895
bcep:APZ15_25385	ko:K05596
bcep:APZ15_25390	ko:K01420
bcep:APZ15_25410	ko:K00640
bcep:APZ15_25420	ko:K01495
bcep:APZ15_25430	ko:K00481
bcep:APZ15_25435	ko:K01031
bcep:APZ15_25440	ko:K01032
bcep:APZ15_25445	ko:K01857
bcep:APZ15_25450	ko:K01055
bcep:APZ15_25455	ko:K01607
bcep:APZ15_25460	ko:K08195
bcep:APZ15_25530	ko:K03704
bcep:APZ15_25535	ko:K02518
bcep:APZ15_25565	ko:K07240
bcep:APZ15_25620	ko:K03769
bcep:APZ15_25645	ko:K03928
bcep:APZ15_25660	ko:K18143
bcep:APZ15_25665	ko:K18144
bcep:APZ15_25690	ko:K00249
bcep:APZ15_25715	ko:K00830
bcep:APZ15_25770	ko:K02336
bcep:APZ15_25795	ko:K26148
bcep:APZ15_25840	ko:K03885
bcep:APZ15_25845	ko:K21703
bcep:APZ15_25855	ko:K07506
bcep:APZ15_25865	ko:K05782
bcep:APZ15_25880	ko:K05591
bcep:APZ15_25890	ko:K11904
bcep:APZ15_25910	ko:K00116
bcep:APZ15_25930	ko:K01999
bcep:APZ15_25935	ko:K03442
bcep:APZ15_25955	ko:K13653
bcep:APZ15_25960	ko:K20277
bcep:APZ15_25965	ko:K20277
bcep:APZ15_25970	ko:K01649
bcep:APZ15_25990	ko:K03543
bcep:APZ15_25995	ko:K03446
bcep:APZ15_26010	ko:K19048
bcep:APZ15_26040	ko:K00344
bcep:APZ15_26050	ko:K06147
bcep:APZ15_26100	ko:K03787
bcep:APZ15_26105	ko:K26606
bcep:APZ15_26110	ko:K26605
bcep:APZ15_26115	ko:K26601
bcep:APZ15_26155	ko:K07677
bcep:APZ15_26165	ko:K07687
bcep:APZ15_26170	ko:K07677
bcep:APZ15_26175	ko:K07345
bcep:APZ15_26185	ko:K07347
bcep:APZ15_26190	ko:K15540
bcep:APZ15_26195	ko:K07345
bcep:APZ15_26200	ko:K07347
bcep:APZ15_26205	ko:K15540
bcep:APZ15_26210	ko:K07345
bcep:APZ15_26250	ko:K16568
bcep:APZ15_26275	ko:K16692
bcep:APZ15_26280	ko:K25307
bcep:APZ15_26285	ko:K01991
bcep:APZ15_26305	ko:K00077
bcep:APZ15_26310	ko:K08223
bcep:APZ15_26315	ko:K03566
bcep:APZ15_26325	ko:K03671
bcep:APZ15_26350	ko:K07126
bcep:APZ15_26375	ko:K07687
bcep:APZ15_26385	ko:K01505
bcep:APZ15_26395	ko:K00163
bcep:APZ15_26400	ko:K03719
bcep:APZ15_26405	ko:K00156
bcep:APZ15_26410	ko:K00570
bcep:APZ15_26415	ko:K01077
bcep:APZ15_26420	ko:K01077
bcep:APZ15_26435	ko:K17838
bcep:APZ15_26455	ko:K02002
bcep:APZ15_26460	ko:K02001
bcep:APZ15_26465	ko:K02000
bcep:APZ15_26490	ko:K01684
bcep:APZ15_26495	ko:K26602
bcep:APZ15_26500	ko:K07248
bcep:APZ15_26505	ko:K03566
bcep:APZ15_26510	ko:K03566
bcep:APZ15_26530	ko:K07746
bcep:APZ15_26545	ko:K08368
bcep:APZ15_26550	ko:K00135
bcep:APZ15_26555	ko:K23107
bcep:APZ15_26560	ko:K10713
bcep:APZ15_26600	ko:K11921
bcep:APZ15_26605	ko:K01673
bcep:APZ15_26610	ko:K01725
bcep:APZ15_26620	ko:K11076
bcep:APZ15_26625	ko:K11075
bcep:APZ15_26630	ko:K11074
bcep:APZ15_26650	ko:K01761
bcep:APZ15_26660	ko:K00598
bcep:APZ15_26675	ko:K01114
bcep:APZ15_26685	ko:K28842
bcep:APZ15_26690	ko:K02002
bcep:APZ15_26695	ko:K07507
bcep:APZ15_26710	ko:K02019
bcep:APZ15_26725	ko:K02557
bcep:APZ15_26730	ko:K02556
bcep:APZ15_26735	ko:K07001
bcep:APZ15_26740	ko:K00130
bcep:APZ15_26745	ko:K12255
bcep:APZ15_26755	ko:K06995
bcep:APZ15_26770	ko:K21699
bcep:APZ15_26785	ko:K11073
bcep:APZ15_26795	ko:K19200
bcep:APZ15_26800	ko:K08194
bcep:APZ15_26825	ko:K00799
bcep:APZ15_26835	ko:K07796
bcep:APZ15_26840	ko:K07798
bcep:APZ15_26845	ko:K07787
bcep:APZ15_26850	ko:K07810
bcep:APZ15_26855	ko:K03892
bcep:APZ15_26860	ko:K03325
bcep:APZ15_26865	ko:K00537
bcep:APZ15_26870	ko:K11811
bcep:APZ15_26875	ko:K07301
bcep:APZ15_26900	ko:K06938
bcep:APZ15_26905	ko:K07644
bcep:APZ15_26910	ko:K07665
bcep:APZ15_26930	ko:K22348
bcep:APZ15_26940	ko:K07156
bcep:APZ15_26945	ko:K07245
bcep:APZ15_26950	ko:K07004
bcep:APZ15_26995	ko:K04487
bcep:APZ15_27015	ko:K11904
bcep:APZ15_27040	ko:K00128
bcep:APZ15_27045	ko:K00217
bcep:APZ15_27050	ko:K09780
bcep:APZ15_27065	ko:K00799
bcep:APZ15_27100	ko:K01081
bcep:APZ15_27155	ko:K00820
bcep:APZ15_27160	ko:K03719
bcep:APZ15_27165	ko:K00606
bcep:APZ15_27175	ko:K00567
bcep:APZ15_27180	ko:K08191
bcep:APZ15_27185	ko:K02529
bcep:APZ15_27190	ko:K18981
bcep:APZ15_27215	ko:K02014
bcep:APZ15_27220	ko:K02014
bcep:APZ15_27255	ko:K05835
bcep:APZ15_27260	ko:K00131
bcep:APZ15_27265	ko:K16090
bcep:APZ15_27300	ko:K28762
bcep:APZ15_27305	ko:K01992
bcep:APZ15_27310	ko:K01990
bcep:APZ15_27330	ko:K07275
bcep:APZ15_27350	ko:K03429
bcep:APZ15_27385	ko:K00108
bcep:APZ15_27390	ko:K00130
bcep:APZ15_27395	ko:K02167
bcep:APZ15_27400	ko:K18100
bcep:APZ15_27410	ko:K18101
bcep:APZ15_27415	ko:K03446
bcep:APZ15_27420	ko:K12990
bcep:APZ15_27430	ko:K03543
bcep:APZ15_27435	ko:K00148
bcep:APZ15_27440	ko:K03566
bcep:APZ15_27465	ko:K21826
bcep:APZ15_27470	ko:K00600
bcep:APZ15_27475	ko:K01273
bcep:APZ15_27485	ko:K21833
bcep:APZ15_27490	ko:K21834
bcep:APZ15_27495	ko:K25960
bcep:APZ15_27500	ko:K25961
bcep:APZ15_27505	ko:K00479
bcep:APZ15_27510	ko:K21832
bcep:APZ15_27515	ko:K02002
bcep:APZ15_27530	ko:K01433
bcep:APZ15_27540	ko:K01133
bcep:APZ15_27545	ko:K02002
bcep:APZ15_27550	ko:K08720
bcep:APZ15_27555	ko:K01883
bcep:APZ15_27570	ko:K05994
bcep:APZ15_27575	ko:K20274
bcep:APZ15_27580	ko:K17736
bcep:APZ15_27585	ko:K04033
bcep:APZ15_27590	ko:K15229
bcep:APZ15_27605	ko:K15228
bcep:APZ15_27620	ko:K00146
bcep:APZ15_27625	ko:K09936
bcep:APZ15_27635	ko:K01637
bcep:APZ15_27640	ko:K02002
bcep:APZ15_27645	ko:K27837
bcep:APZ15_27650	ko:K17735
bcep:APZ15_27655	ko:K27492
bcep:APZ15_27665	ko:K00471
bcep:APZ15_27685	ko:K18335
bcep:APZ15_27690	ko:K18336
bcep:APZ15_27695	ko:K18334
bcep:APZ15_27700	ko:K18333
bcep:APZ15_27705	ko:K10441
bcep:APZ15_27710	ko:K10440
bcep:APZ15_27715	ko:K10439
bcep:APZ15_27720	ko:K07046
bcep:APZ15_27730	ko:K26064
bcep:APZ15_27745	ko:K21021
bcep:APZ15_27755	ko:K11904
bcep:APZ15_27800	ko:K01999
bcep:APZ15_27805	ko:K01997
bcep:APZ15_27810	ko:K01998
bcep:APZ15_27815	ko:K01995
bcep:APZ15_27820	ko:K01996
bcep:APZ15_27860	ko:K25156
bcep:APZ15_27865	ko:K25155
bcep:APZ15_27870	ko:K25154
bcep:APZ15_27875	ko:K00596
bcep:APZ15_27885	ko:K01851
bcep:APZ15_27890	ko:K04782
bcep:APZ15_27895	ko:K12242
bcep:APZ15_27900	ko:K12238
bcep:APZ15_27905	ko:K12243
bcep:APZ15_27910	ko:K12239
bcep:APZ15_27915	ko:K12240
bcep:APZ15_27920	ko:K12241
bcep:APZ15_27930	ko:K06147
bcep:APZ15_27935	ko:K16088
bcep:APZ15_27990	ko:K08224
bcep:APZ15_28010	ko:K14228
bcep:APZ15_28020	ko:K05834
bcep:APZ15_28025	ko:K09796
bcep:APZ15_28030	ko:K07156
bcep:APZ15_28050	ko:K21405
bcep:APZ15_28070	ko:K06901
bcep:APZ15_28095	ko:K07044
bcep:APZ15_28125	ko:K07403
bcep:APZ15_28140	ko:K01895
bcep:APZ15_28145	ko:K00140
bcep:APZ15_28150	ko:K00020
bcep:APZ15_28175	ko:K18139
bcep:APZ15_28180	ko:K05685
bcep:APZ15_28185	ko:K13888
bcep:APZ15_28225	ko:K01166
bcep:APZ15_28235	ko:K07493
bcep:APZ15_28240	ko:K01425
bcep:APZ15_28245	ko:K02483
bcep:APZ15_28250	ko:K02484
bcep:APZ15_28255	ko:K01118
bcep:APZ15_28260	ko:K07001
bcep:APZ15_28265	ko:K03569
bcep:APZ15_28290	ko:K17850
bcep:APZ15_28295	ko:K17836
bcep:APZ15_28310	ko:K02483
bcep:APZ15_28360	ko:K13633
bcep:APZ15_28370	ko:K01584
bcep:APZ15_28375	ko:K03759
bcep:APZ15_28380	ko:K00459
bcep:APZ15_28390	ko:K13574
bcep:APZ15_28405	ko:K11735
bcep:APZ15_28410	ko:K07090
bcep:APZ15_28425	ko:K09017
bcep:APZ15_28430	ko:K01485
bcep:APZ15_28435	ko:K10974
bcep:APZ15_28440	ko:K09471
bcep:APZ15_28450	ko:K01915
bcep:APZ15_28480	ko:K01448
bcep:APZ15_28490	ko:K00797
bcep:APZ15_28495	ko:K08989
bcep:APZ15_28510	ko:K01611
bcep:APZ15_28535	ko:K13522
bcep:APZ15_28540	ko:K03462
bcep:APZ15_28575	ko:K01586
bcep:APZ15_28585	ko:K22479
bcep:APZ15_28590	ko:K08995
bcep:APZ15_28595	ko:K01091
bcep:APZ15_28610	ko:K09927
bcep:APZ15_28620	ko:K12503
bcep:APZ15_28630	ko:K01194
bcep:APZ15_28635	ko:K07267
bcep:APZ15_28660	ko:K01953
bcep:APZ15_28675	ko:K07303
bcep:APZ15_28680	ko:K07302
bcep:APZ15_28695	ko:K00012
bcep:APZ15_28700	ko:K12448
bcep:APZ15_28705	ko:K08678
bcep:APZ15_28755	ko:K07687
bcep:APZ15_28760	ko:K03406
bcep:APZ15_28765	ko:K00077
bcep:APZ15_28775	ko:K10439
bcep:APZ15_28780	ko:K10441
bcep:APZ15_28785	ko:K10440
bcep:APZ15_28790	ko:K23271
bcep:APZ15_28795	ko:K24707
bcep:APZ15_28805	ko:K07141
bcep:APZ15_28810	ko:K08641
bcep:APZ15_28815	ko:K28279
bcep:APZ15_28820	ko:K28280
bcep:APZ15_28825	ko:K07336
bcep:APZ15_28830	ko:K07126
bcep:APZ15_28835	ko:K16090
bcep:APZ15_28840	ko:K21495
bcep:APZ15_28850	ko:K00609
bcep:APZ15_28855	ko:K16348
bcep:APZ15_28880	ko:K00059
bcep:APZ15_28890	ko:K00215
bcep:APZ15_28905	ko:K07663
bcep:APZ15_28910	ko:K07641
bcep:APZ15_28915	ko:K06143
bcep:APZ15_28920	ko:K09022
bcep:APZ15_28990	ko:K07054
bcep:APZ15_29005	ko:K00146
bcep:APZ15_29010	ko:K12256
bcep:APZ15_29035	ko:K02027
bcep:APZ15_29040	ko:K02025
bcep:APZ15_29045	ko:K02026
bcep:APZ15_29055	ko:K01771
bcep:APZ15_29085	ko:K14057
bcep:APZ15_29090	ko:K01451
bcep:APZ15_29115	ko:K01091
bcep:APZ15_29125	ko:K07001
bcep:APZ15_29150	ko:K02050
bcep:APZ15_29155	ko:K02049
bcep:APZ15_29165	ko:K00681
bcep:APZ15_29180	ko:K03885
bcep:APZ15_29200	ko:K13639
bcep:APZ15_29205	ko:K19586
bcep:APZ15_29210	ko:K19585
bcep:APZ15_29215	ko:K18300
bcep:APZ15_29220	ko:K00163
bcep:APZ15_29235	ko:K11209
bcep:APZ15_29245	ko:K00038
bcep:APZ15_29270	ko:K20330
bcep:APZ15_29290	ko:K06140
bcep:APZ15_29305	ko:K07497
bcep:APZ15_29310	ko:K07497
bcep:APZ15_29340	ko:K07741
bcep:APZ15_29360	ko:K01497
bcep:APZ15_29380	ko:K13061
bcep:APZ15_29390	ko:K19666
bcep:APZ15_29395	ko:K07507
bcep:APZ15_29400	ko:K12340
bcep:APZ15_29405	ko:K15547
bcep:APZ15_29410	ko:K15549
bcep:APZ15_29420	ko:K07098
bcep:APZ15_29460	ko:K05710
bcep:APZ15_29500	ko:K01652
bcep:APZ15_29505	ko:K06989
bcep:APZ15_29520	ko:K00529
bcep:APZ15_29525	ko:K28762
bcep:APZ15_29545	ko:K06934
bcep:APZ15_29550	ko:K01682
bcep:APZ15_29575	ko:K01426
bcep:APZ15_29585	ko:K00675
bcep:APZ15_29620	ko:K15371
bcep:APZ15_29625	ko:K01821
bcep:APZ15_29635	ko:K08717
bcep:APZ15_29640	ko:K09957
bcep:APZ15_29650	ko:K07044
bcep:APZ15_29670	ko:K01480
bcep:APZ15_29675	ko:K01647
bcep:APZ15_29685	ko:K15553
bcep:APZ15_29705	ko:K05548
bcep:APZ15_29720	ko:K00344
bcep:APZ15_29730	ko:K05874
bcep:APZ15_29765	ko:K10716
bcep:APZ15_29775	ko:K01576
bcep:APZ15_29780	ko:K00141
bcep:APZ15_29785	ko:K08195
bcep:APZ15_29790	ko:K00481
bcep:APZ15_29795	ko:K15054
bcep:APZ15_29805	ko:K01501
bcep:APZ15_29835	ko:K01501
bcep:APZ15_29850	ko:K07123
bcep:APZ15_29865	ko:K07222
bcep:APZ15_29875	ko:K01847
bcep:APZ15_29885	ko:K15553
bcep:APZ15_29890	ko:K15555
bcep:APZ15_29895	ko:K15554
bcep:APZ15_29900	ko:K22622
bcep:APZ15_29905	ko:K17225
bcep:APZ15_29940	ko:K02031
bcep:APZ15_29940	ko:K02032
bcep:APZ15_29945	ko:K02034
bcep:APZ15_29950	ko:K02033
bcep:APZ15_29955	ko:K02035
bcep:APZ15_29960	ko:K00680
bcep:APZ15_29975	ko:K02030
bcep:APZ15_29980	ko:K02029
bcep:APZ15_29985	ko:K02029
bcep:APZ15_29990	ko:K20938
bcep:APZ15_30000	ko:K16088
bcep:APZ15_30005	ko:K23228
bcep:APZ15_30010	ko:K23227
bcep:APZ15_30015	ko:K10829
bcep:APZ15_30020	ko:K06160
bcep:APZ15_30060	ko:K18900
bcep:APZ15_30070	ko:K07090
bcep:APZ15_30085	ko:K06194
bcep:APZ15_30090	ko:K17836
bcep:APZ15_30095	ko:K03566
bcep:APZ15_30110	ko:K02032
bcep:APZ15_30115	ko:K02031
bcep:APZ15_30120	ko:K02034
bcep:APZ15_30125	ko:K02033
bcep:APZ15_30130	ko:K02035
bcep:APZ15_30135	ko:K08641
bcep:APZ15_30145	ko:K15773
bcep:APZ15_30150	ko:K07154
bcep:APZ15_30155	ko:K01569
bcep:APZ15_30160	ko:K03322
bcep:APZ15_30175	ko:K02035
bcep:APZ15_30190	ko:K03446
bcep:APZ15_30210	ko:K08994
bcep:APZ15_30225	ko:K16053
bcep:APZ15_30245	ko:K03446
bcep:APZ15_30265	ko:K07262
bcep:APZ15_30295	ko:K01531
bcep:APZ15_30305	ko:K14645
bcep:APZ15_30320	ko:K03790
bcep:APZ15_30330	ko:K06872
bcep:APZ15_30335	ko:K03744
bcep:APZ15_30340	ko:K05367
bcep:APZ15_30345	ko:K06894
bcep:APZ15_30350	ko:K23274
bcep:APZ15_30355	ko:K19813
bcep:APZ15_30365	ko:K15977
bcep:APZ15_30385	ko:K01451
bcep:APZ15_30390	ko:K14057
bcep:APZ15_30395	ko:K09913
bcep:APZ15_30410	ko:K03281
bcep:APZ15_30420	ko:K07168
bcep:APZ15_30445	ko:K07300
bcep:APZ15_30450	ko:K00074
bcep:APZ15_30455	ko:K01912
bcep:APZ15_30460	ko:K13766
bcep:APZ15_30465	ko:K05595
bcep:APZ15_30470	ko:K23107
bcep:APZ15_30475	ko:K07052
bcep:APZ15_30490	ko:K00004
bcep:APZ15_30515	ko:K00375
bcep:APZ15_30520	ko:K04771
bcep:APZ15_30525	ko:K07552
bcep:APZ15_30535	ko:K16165
bcep:APZ15_30555	ko:K22067
bcep:APZ15_30560	ko:K07183
bcep:APZ15_30565	ko:K02303
bcep:APZ15_30570	ko:K02575
bcep:APZ15_30575	ko:K00362
bcep:APZ15_30580	ko:K00363
bcep:APZ15_30585	ko:K00380
bcep:APZ15_30610	ko:K15125
bcep:APZ15_30625	ko:K03297
bcep:APZ15_30630	ko:K07326
bcep:APZ15_30640	ko:K14205
bcep:APZ15_30655	ko:K00381
bcep:APZ15_30675	ko:K01686
bcep:APZ15_30680	ko:K13637
bcep:APZ15_30685	ko:K02055
bcep:APZ15_30705	ko:K01753
bcep:APZ15_30710	ko:K03566
bcep:APZ15_30715	ko:K07090
bcep:APZ15_30750	ko:K03088
bcep:APZ15_30820	ko:K16047
bcep:APZ15_30825	ko:K05898
bcep:APZ15_30835	ko:K15983
bcep:APZ15_30840	ko:K18687
bcep:APZ15_30855	ko:K21495
bcep:APZ15_30975	ko:K01185
bcep:APZ15_31020	ko:K07062
bcep:APZ15_31025	ko:K16049
bcep:APZ15_31030	ko:K28228
bcep:APZ15_31035	ko:K28229
bcep:APZ15_31040	ko:K28232
bcep:APZ15_31045	ko:K28226
bcep:APZ15_31050	ko:K28227
bcep:APZ15_31055	ko:K28230
bcep:APZ15_31060	ko:K28231
bcep:APZ15_31065	ko:K00632
bcep:APZ15_31070	ko:K28225
bcep:APZ15_31075	ko:K28221
bcep:APZ15_31080	ko:K28222
bcep:APZ15_31085	ko:K28220
bcep:APZ15_31090	ko:K28224
bcep:APZ15_31095	ko:K00632
bcep:APZ15_31105	ko:K07003
bcep:APZ15_31110	ko:K15982
bcep:APZ15_31115	ko:K03704
bcep:APZ15_31120	ko:K02518
bcep:APZ15_31135	ko:K01114
bcep:APZ15_31145	ko:K18365
bcep:APZ15_31150	ko:K18366
bcep:APZ15_31155	ko:K18364
bcep:APZ15_31175	ko:K16050
bcep:APZ15_31185	ko:K03521
bcep:APZ15_31190	ko:K03522
bcep:APZ15_31195	ko:K02617
bcep:APZ15_31230	ko:K03719
bcep:APZ15_31265	ko:K16092
bcep:APZ15_31305	ko:K22589
bcep:APZ15_31315	ko:K19055
bcep:APZ15_31330	ko:K06889
bcep:APZ15_31335	ko:K03574
bcep:APZ15_31375	ko:K00038
bcep:APZ15_31380	ko:K01596
bcep:APZ15_31395	ko:K05296
bcep:APZ15_31425	ko:K03798
bcep:APZ15_31435	ko:K00697
bcep:APZ15_31440	ko:K03406
bcep:APZ15_31445	ko:K02014
bcep:APZ15_31450	ko:K13953
bcep:APZ15_31470	ko:K15553
bcep:APZ15_31475	ko:K04091
bcep:APZ15_31480	ko:K02030
bcep:APZ15_31495	ko:K28525
bcep:APZ15_31505	ko:K02030
bcep:APZ15_31515	ko:K13655
bcep:APZ15_31520	ko:K13651
bcep:APZ15_31525	ko:K06987
bcep:APZ15_31560	ko:K03640
bcep:APZ15_31565	ko:K03285
bcep:APZ15_31580	ko:K23948
bcep:APZ15_31625	ko:K11904
bcep:APZ15_31630	ko:K11907
bcep:APZ15_31635	ko:K11895
bcep:APZ15_31640	ko:K11896
bcep:APZ15_31645	ko:K11897
bcep:APZ15_31650	ko:K06887
bcep:APZ15_31655	ko:K11900
bcep:APZ15_31660	ko:K11901
bcep:APZ15_31665	ko:K11902
bcep:APZ15_31675	ko:K11890
bcep:APZ15_31680	ko:K11891
bcep:APZ15_31685	ko:K11892
bcep:APZ15_31690	ko:K11893
bcep:APZ15_31695	ko:K11906
bcep:APZ15_31705	ko:K07169
bcep:APZ15_31715	ko:K00135
bcep:APZ15_31720	ko:K06150
bcep:APZ15_31725	ko:K07303
bcep:APZ15_31730	ko:K07302
bcep:APZ15_31740	ko:K23256
bcep:APZ15_31745	ko:K16137
bcep:APZ15_31765	ko:K05835
bcep:APZ15_31795	ko:K14652
bcep:APZ15_31800	ko:K15773
bcep:APZ15_31805	ko:K07154
bcep:APZ15_31810	ko:K22347
bcep:APZ15_31815	ko:K00457
bcep:APZ15_31820	ko:K08172
bcep:APZ15_31825	ko:K00790
bcep:APZ15_31835	ko:K02624
bcep:APZ15_31840	ko:K10844
bcep:APZ15_31875	ko:K08995
bcep:APZ15_31895	ko:K03406
bcep:APZ15_31915	ko:K03293
bcep:APZ15_31940	ko:K11904
bcep:APZ15_31950	ko:K09705
bcep:APZ15_32000	ko:K05366
bcep:APZ15_32005	ko:K01777
bcep:APZ15_32010	ko:K01999
bcep:APZ15_32020	ko:K19743
bcep:APZ15_32030	ko:K01420
bcep:APZ15_32055	ko:K00832
bcep:APZ15_32060	ko:K11734
bcep:APZ15_32065	ko:K03719
bcep:APZ15_32075	ko:K01114
bcep:APZ15_32095	ko:K02028
bcep:APZ15_32100	ko:K02029
bcep:APZ15_32105	ko:K02030
bcep:APZ15_32110	ko:K02624
bcep:APZ15_32130	ko:K27838
bcep:APZ15_32140	ko:K02106
bcep:APZ15_32155	ko:K03281
bcep:APZ15_32160	ko:K03285
bcep:APZ15_32230	ko:K13936
bcep:APZ15_32245	ko:K00140
bcep:APZ15_32250	ko:K00822
bcep:APZ15_32255	ko:K21699
bcep:APZ15_32275	ko:K05913
bcep:APZ15_32290	ko:K07124
bcep:APZ15_32325	ko:K03719
bcep:APZ15_32330	ko:K05834
bcep:APZ15_32335	ko:K10716
bcep:APZ15_32345	ko:K03406
bcep:APZ15_32350	ko:K20034
bcep:APZ15_32360	ko:K18138
bcep:APZ15_32365	ko:K03585
bcep:APZ15_32370	ko:K18903
bcep:APZ15_32375	ko:K07665
bcep:APZ15_32380	ko:K07644
bcep:APZ15_32405	ko:K18287
bcep:APZ15_32445	ko:K18904
bcep:APZ15_32460	ko:K18145
bcep:APZ15_32465	ko:K18146
bcep:APZ15_32470	ko:K18139
bcep:APZ15_32475	ko:K18144
bcep:APZ15_32485	ko:K03808
bcep:APZ15_32490	ko:K03808
bcep:APZ15_32495	ko:K06192
bcep:APZ15_32500	ko:K09857
bcep:APZ15_32510	ko:K01897
bcep:APZ15_32595	ko:K27877
bcep:APZ15_32620	ko:K18139
bcep:APZ15_32625	ko:K01993
bcep:APZ15_32630	ko:K13926
bcep:APZ15_32635	ko:K01992
bcep:APZ15_32655	ko:K07576
bcep:APZ15_32660	ko:K18369
bcep:APZ15_32665	ko:K00625
bcep:APZ15_32670	ko:K03821
bcep:APZ15_32675	ko:K00023
bcep:APZ15_32715	ko:K01420
bcep:APZ15_32720	ko:K13953
bcep:APZ15_32730	ko:K08738
bcep:APZ15_32765	ko:K13993
bcep:APZ15_32790	ko:K00253
bcep:APZ15_32800	ko:K00459
bcep:APZ15_32805	ko:K14170
bcep:APZ15_32815	ko:K00891
bcep:APZ15_32825	ko:K03543
bcep:APZ15_32830	ko:K03446
bcep:APZ15_32845	ko:K14974
bcep:APZ15_32860	ko:K14578
bcep:APZ15_32865	ko:K18243
bcep:APZ15_32870	ko:K18242
bcep:APZ15_32880	ko:K07107
bcep:APZ15_32890	ko:K07290
bcep:APZ15_32895	ko:K01113
bcep:APZ15_32900	ko:K16137
bcep:APZ15_32905	ko:K27108
bcep:APZ15_32910	ko:K26937
bcep:APZ15_32915	ko:K00632
bcep:APZ15_32925	ko:K11904
bcep:APZ15_32970	ko:K11921
bcep:APZ15_32985	ko:K07459
bcep:APZ15_33000	ko:K07305
bcep:APZ15_33010	ko:K07304
bcep:APZ15_33015	ko:K22895
bcep:APZ15_33020	ko:K01489
bcep:APZ15_33025	ko:K00758
bcep:APZ15_33030	ko:K03317
bcep:APZ15_33035	ko:K01464
bcep:APZ15_33040	ko:K03457
bcep:APZ15_33045	ko:K17723
bcep:APZ15_33050	ko:K17722
bcep:APZ15_33055	ko:K06016
bcep:APZ15_33060	ko:K09017
bcep:APZ15_33065	ko:K00626
bcep:APZ15_33075	ko:K01895
bcep:APZ15_33090	ko:K03457
bcep:APZ15_33095	ko:K12256
bcep:APZ15_33100	ko:K09472
bcep:APZ15_33120	ko:K01985
bcep:APZ15_33125	ko:K01980
bcep:APZ15_33130	ko:K14218
bcep:APZ15_33135	ko:K14227
bcep:APZ15_33140	ko:K01977
bcep:APZ15_33155	ko:K01139
bcep:APZ15_33170	ko:K09925
bcep:APZ15_33195	ko:K00681
bcep:APZ15_33255	ko:K18139
bcep:APZ15_33260	ko:K18138
bcep:APZ15_33265	ko:K03585
bcep:APZ15_33290	ko:K01939
bcep:APZ15_33295	ko:K03566
bcep:APZ15_33310	ko:K03497
bcep:APZ15_33315	ko:K03496
bcep:APZ15_33330	ko:K19736
bcep:APZ15_33345	ko:K03607
bcep:APZ15_33360	ko:K15790
bcep:APZ15_33365	ko:K02019
bcep:APZ15_33390	ko:K06075
bcep:APZ15_33395	ko:K09709
bcep:APZ15_33425	ko:K00299
bcep:APZ15_33430	ko:K17228
bcep:APZ15_33450	ko:K07090
bcep:APZ15_33470	ko:K03566
bcep:APZ15_33475	ko:K26063
bcep:APZ15_33485	ko:K01999
bcep:APZ15_33495	ko:K03566
bcep:APZ15_33520	ko:K00799
bcep:APZ15_33535	ko:K18893
bcep:APZ15_33540	ko:K06889
bcep:APZ15_33545	ko:K16138
bcep:APZ15_33550	ko:K16137
bcep:APZ15_33555	ko:K04063
bcep:APZ15_33565	ko:K06518
bcep:APZ15_33580	ko:K03809
bcep:APZ15_33585	ko:K06911
bcep:APZ15_33605	ko:K02529
bcep:APZ15_33610	ko:K00852
bcep:APZ15_33620	ko:K01714
bcep:APZ15_33630	ko:K02407
bcep:APZ15_33635	ko:K15977
bcep:APZ15_33660	ko:K00067
bcep:APZ15_33665	ko:K21645
bcep:APZ15_33695	ko:K00986
bcep:APZ15_33700	ko:K03746
bcep:APZ15_33715	ko:K11073
bcep:APZ15_33745	ko:K14052
bcep:APZ15_33755	ko:K00128
bcep:APZ15_33765	ko:K01999
bcep:APZ15_33770	ko:K01997
bcep:APZ15_33775	ko:K01998
bcep:APZ15_33780	ko:K01995
bcep:APZ15_33785	ko:K01996
bcep:APZ15_33790	ko:K06016
bcep:APZ15_33830	ko:K01467
bcep:APZ15_33835	ko:K06995
bcep:APZ15_33875	ko:K00064
bcep:APZ15_33890	ko:K00064
bcep:APZ15_33895	ko:K06045
bcep:APZ15_33905	ko:K04771
bcep:APZ15_33915	ko:K04750
bcep:APZ15_33920	ko:K05874
bcep:APZ15_33930	ko:K15555
bcep:APZ15_33935	ko:K15554
bcep:APZ15_33940	ko:K15553
bcep:APZ15_33950	ko:K20938
bcep:APZ15_33965	ko:K06950
bcep:APZ15_33975	ko:K00433
bcep:APZ15_34010	ko:K00154
bcep:APZ15_34020	ko:K01118
bcep:APZ15_34025	ko:K05835
bcep:APZ15_34040	ko:K08166
bcep:APZ15_34055	ko:K06988
bcep:APZ15_34080	ko:K03809
bcep:APZ15_34095	ko:K00344
bcep:APZ15_34165	ko:K02056
bcep:APZ15_34170	ko:K02057
bcep:APZ15_34175	ko:K10440
bcep:APZ15_34180	ko:K10440
bcep:APZ15_34185	ko:K10441
bcep:APZ15_34190	ko:K10439
bcep:APZ15_34195	ko:K02058
bcep:APZ15_34215	ko:K00615
bcep:APZ15_34220	ko:K00615
bcep:APZ15_34225	ko:K11312
bcep:APZ15_34230	ko:K03746
bcep:APZ15_34245	ko:K00817
bcep:APZ15_34255	ko:K11688
bcep:APZ15_34260	ko:K11689
bcep:APZ15_34265	ko:K11690
bcep:APZ15_34285	ko:K01992
bcep:APZ15_34290	ko:K01990
bcep:APZ15_34310	ko:K00249
bcep:APZ15_34325	ko:K01586
bcep:APZ15_34370	ko:K02004
bcep:APZ15_34375	ko:K02003
bcep:APZ15_34395	ko:K03566
bcep:APZ15_34410	ko:K02483
bcep:APZ15_34420	ko:K02483
bcep:APZ15_34430	ko:K03285
bcep:APZ15_34435	ko:K18139
bcep:APZ15_34440	ko:K03585
bcep:APZ15_34445	ko:K18138
bcep:APZ15_34450	ko:K02483
bcep:APZ15_34480	ko:K01183
bcep:APZ15_34510	ko:K01738
bcep:APZ15_34520	ko:K14266
bcep:APZ15_34525	ko:K19981
bcep:APZ15_34530	ko:K14257
bcep:APZ15_34535	ko:K19982
bcep:APZ15_34545	ko:K07665
bcep:APZ15_34550	ko:K07644
bcep:APZ15_34555	ko:K18139
bcep:APZ15_34560	ko:K03585
bcep:APZ15_34565	ko:K18138
bcep:APZ15_34580	ko:K23508
bcep:APZ15_34585	ko:K10820
bcep:APZ15_34590	ko:K23509
bcep:APZ15_34595	ko:K23509
bcep:APZ15_34600	ko:K01785
bcep:APZ15_34605	ko:K02529
bcep:APZ15_34610	ko:K01805
bcep:APZ15_34615	ko:K00854
bcep:APZ15_34620	ko:K10543
bcep:APZ15_34625	ko:K10545
bcep:APZ15_34630	ko:K10544
bcep:APZ15_34670	ko:K03893
bcep:APZ15_34675	ko:K02014
bcep:APZ15_34685	ko:K10441
bcep:APZ15_34690	ko:K10440
bcep:APZ15_34695	ko:K10439
bcep:APZ15_34700	ko:K00064
bcep:APZ15_34705	ko:K07046
bcep:APZ15_34715	ko:K00041
bcep:APZ15_34720	ko:K26399
bcep:APZ15_34725	ko:K03406
bcep:APZ15_34740	ko:K22186
bcep:APZ15_34745	ko:K06145
bcep:APZ15_34765	ko:K02030
bcep:APZ15_34805	ko:K00135
bcep:APZ15_34820	ko:K12972
bcep:APZ15_34830	ko:K01560
bcep:APZ15_34835	ko:K03406
bcep:APZ15_34840	ko:K02035
bcep:APZ15_34845	ko:K02033
bcep:APZ15_34850	ko:K02034
bcep:APZ15_34855	ko:K02031
bcep:APZ15_34855	ko:K02032
bcep:APZ15_34880	ko:K00128
bcep:APZ15_34900	ko:K06223
bcep:APZ15_34935	ko:K21449
bcep:APZ15_34940	ko:K03286
bcep:APZ15_34945	ko:K21645
bcep:APZ15_34955	ko:K01779
bcep:APZ15_34965	ko:K09954
bcep:APZ15_34980	ko:K02275
bcep:APZ15_34985	ko:K02274
bcep:APZ15_34990	ko:K02276
bcep:APZ15_34995	ko:K02276
bcep:APZ15_35000	ko:K02277
bcep:APZ15_35020	ko:K03701
bcep:APZ15_35030	ko:K03832
bcep:APZ15_35035	ko:K03561
bcep:APZ15_35040	ko:K03559
bcep:APZ15_35045	ko:K03559
bcep:APZ15_35050	ko:K02014
bcep:APZ15_35070	ko:K02014
bcep:APZ15_35075	ko:K02030
bcep:APZ15_35080	ko:K11927
bcep:APZ15_35100	ko:K07506
bcep:APZ15_35145	ko:K01046
bcep:APZ15_35175	ko:K01644
bcep:APZ15_35195	ko:K01720
bcep:APZ15_35205	ko:K01644
bcep:APZ15_35230	ko:K18554
bcep:APZ15_35235	ko:K00324
bcep:APZ15_35240	ko:K00325
bcep:APZ15_35245	ko:K01990
bcep:APZ15_35275	ko:K09883
bcep:APZ15_35280	ko:K09882
bcep:APZ15_35295	ko:K03453
bcep:APZ15_35310	ko:K08166
bcep:APZ15_35315	ko:K18058
bcep:APZ15_35320	ko:K02030
bcep:APZ15_35325	ko:K20277
bcep:APZ15_35335	ko:K20275
bcep:APZ15_35345	ko:K20534
bcep:APZ15_35360	ko:K02651
bcep:APZ15_35365	ko:K02651
bcep:APZ15_35370	ko:K02651
bcep:APZ15_35375	ko:K02278
bcep:APZ15_35385	ko:K02279
bcep:APZ15_35390	ko:K02280
bcep:APZ15_35405	ko:K12513
bcep:APZ15_35410	ko:K12513
bcep:APZ15_35415	ko:K02282
bcep:APZ15_35420	ko:K02283
bcep:APZ15_35425	ko:K12510
bcep:APZ15_35430	ko:K12511
bcep:APZ15_35470	ko:K02014
bcep:APZ15_35480	ko:K21449
bcep:APZ15_35505	ko:K07552
bcep:APZ15_35510	ko:K20273
bcep:APZ15_35535	ko:K21795
bcep:APZ15_35540	ko:K02051
bcep:APZ15_35545	ko:K28692
bcep:APZ15_35550	ko:K28693
bcep:APZ15_35555	ko:K01941
bcep:APZ15_35560	ko:K01457
bcep:APZ15_35565	ko:K02050
bcep:APZ15_35570	ko:K02049
bcep:APZ15_35585	ko:K13993
bcep:APZ15_35590	ko:K13993
bcep:APZ15_35600	ko:K13993
bcep:APZ15_35630	ko:K04095
bcep:APZ15_35695	ko:K00615
bcep:APZ15_35700	ko:K24160
bcep:APZ15_35725	ko:K00507
bcep:APZ15_35730	ko:K04062
bcep:APZ15_35765	ko:K04062
bcep:APZ15_35770	ko:K13688
bcep:APZ15_35805	ko:K07506
bcep:APZ15_35810	ko:K03781
bcep:APZ15_35820	ko:K00059
bcep:APZ15_35825	ko:K05836
bcep:APZ15_35830	ko:K01745
bcep:APZ15_35835	ko:K10021
bcep:APZ15_35840	ko:K10019
bcep:APZ15_35845	ko:K10020
bcep:APZ15_35850	ko:K10018
bcep:APZ15_35900	ko:K00433
bcep:APZ15_35910	ko:K00433
bcep:APZ15_35915	ko:K03446
bcep:APZ15_35920	ko:K03543
bcep:APZ15_35925	ko:K18903
bcep:APZ15_35955	ko:K00384
bcep:APZ15_35980	ko:K14393
bcep:APZ15_35985	ko:K03392
bcep:APZ15_36000	ko:K18029
bcep:APZ15_36005	ko:K18030
bcep:APZ15_36010	ko:K18900
bcep:APZ15_36020	ko:K10680
bcep:APZ15_36040	ko:K07506
bcep:APZ15_36080	ko:K01561
bcep:APZ15_36100	ko:K15553
bcep:APZ15_36115	ko:K03285
bcep:APZ15_36140	ko:K07154
bcep:APZ15_36155	ko:K00375
bcep:APZ15_36160	ko:K04063
bcep:APZ15_36165	ko:K03885
bcep:APZ15_36170	ko:K08994
bcep:APZ15_36175	ko:K01574
bcep:APZ15_36180	ko:K00019
bcep:APZ15_36185	ko:K07001
bcep:APZ15_36205	ko:K04063
bcep:APZ15_36240	ko:K02970
bcep:APZ15_36275	ko:K00797
bcep:APZ15_36280	ko:K06193
bcep:APZ15_36285	ko:K02784
bcep:APZ15_36300	ko:K18991
bcep:APZ15_36325	ko:K02483
bcep:APZ15_36335	ko:K01470
bcep:APZ15_36345	ko:K05783
bcep:APZ15_36350	ko:K05784
bcep:APZ15_36355	ko:K05550
bcep:APZ15_36360	ko:K05549
bcep:APZ15_36365	ko:K03381
bcep:APZ15_36370	ko:K01856
bcep:APZ15_36380	ko:K00141
bcep:APZ15_36385	ko:K00055
bcep:APZ15_36395	ko:K21801
bcep:APZ15_36410	ko:K08159
bcep:APZ15_36430	ko:K07507
bcep:APZ15_36445	ko:K16147
bcep:APZ15_36450	ko:K05343
bcep:APZ15_36455	ko:K00700
bcep:APZ15_36460	ko:K01214
bcep:APZ15_36465	ko:K01236
bcep:APZ15_36470	ko:K00705
bcep:APZ15_36475	ko:K06044
bcep:APZ15_36500	ko:K05520
bcep:APZ15_36515	ko:K24160
bcep:APZ15_36520	ko:K01971
bcep:APZ15_36525	ko:K10979
bcep:APZ15_36550	ko:K03092
bcep:APZ15_36595	ko:K08995
bcep:APZ15_36650	ko:K05595
bcep:APZ15_36670	ko:K00122
bcep:APZ15_36690	ko:K13256
bcep:APZ15_36700	ko:K07223
bcep:APZ15_36720	ko:K03696
bcep:APZ15_36730	ko:K23467
bcep:APZ15_36740	ko:K01438
bcep:APZ15_36755	ko:K07222
bcep:APZ15_36780	ko:K10914
bcep:APZ15_36815	ko:K00505
bcep:APZ15_36820	ko:K01867
bcep:APZ15_36835	ko:K07493
bcep:APZ15_36845	ko:K08994
bcep:APZ15_36850	ko:K00426
bcep:APZ15_36855	ko:K00425
bcep:APZ15_36860	ko:K02379
bcep:APZ15_36865	ko:K03750
bcep:APZ15_36870	ko:K03639
bcep:APZ15_36875	ko:K03635
bcep:APZ15_36880	ko:K03636
bcep:APZ15_36895	ko:K11069
bcep:APZ15_36900	ko:K11070
bcep:APZ15_36905	ko:K11071
bcep:APZ15_36940	ko:K03554
bcep:APZ15_36950	ko:K13895
bcep:APZ15_36955	ko:K13894
bcep:APZ15_36960	ko:K13893
bcep:APZ15_36975	ko:K03559
bcep:APZ15_36980	ko:K03559
bcep:APZ15_36985	ko:K03561
bcep:APZ15_36990	ko:K03832
bcep:APZ15_36995	ko:K02014
bcep:APZ15_37000	ko:K11477
bcep:APZ15_37005	ko:K23274
bcep:APZ15_37010	ko:K23273
bcep:APZ15_37015	ko:K23275
bcep:APZ15_37025	ko:K00344
bcep:APZ15_37030	ko:K07493
bcep:APZ15_37055	ko:K01999
bcep:APZ15_37075	ko:K18199
bcep:APZ15_37155	ko:K03566
bcep:APZ15_37160	ko:K00433
bcep:APZ15_37180	ko:K02014
bcep:APZ15_37185	ko:K18306
bcep:APZ15_37190	ko:K18307
bcep:APZ15_37220	ko:K16137
bcep:APZ15_37225	ko:K00799
bcep:APZ15_37240	ko:K08169
bcep:APZ15_37260	ko:K23356
bcep:APZ15_37275	ko:K28747
bcep:APZ15_37280	ko:K02429
bcep:APZ15_37290	ko:K11534
bcep:APZ15_37295	ko:K01619
bcep:APZ15_37300	ko:K03781
bcep:APZ15_37305	ko:K06867
bcep:APZ15_37315	ko:K06923
bcep:APZ15_37345	ko:K08295
bcep:APZ15_37360	ko:K00648
bcep:APZ15_37365	ko:K20257
bcep:APZ15_37380	ko:K00074
bcep:APZ15_37385	ko:K00626
bcep:APZ15_37390	ko:K00311
bcep:APZ15_37395	ko:K20035
bcep:APZ15_37435	ko:K02030
bcep:APZ15_37445	ko:K07483
bcep:APZ15_37450	ko:K07497
bcep:APZ15_37495	ko:K02014
bcep:APZ15_37510	ko:K17835
bcep:APZ15_37520	ko:K18287
bcep:APZ15_37550	ko:K14162
bcep:APZ15_37555	ko:K03746
bcep:APZ15_37565	ko:K04763
bcep:APZ15_37575	ko:K19170
bcep:APZ15_37600	ko:K06077
bcep:APZ15_37645	ko:K20533
bcep:APZ15_37650	ko:K20532
bcep:APZ15_37655	ko:K20531
bcep:APZ15_37665	ko:K03497
bcep:APZ15_37670	ko:K03496
bcep:APZ15_37680	ko:K03530
bcep:APZ15_37720	ko:K07483
bcep:APZ15_37725	ko:K07484
bcep:APZ15_37730	ko:K07484
bcep:APZ15_37745	ko:K01647
bcep:APZ15_37755	ko:K08194
bcep:APZ15_37775	ko:K08191
bcep:APZ15_37820	ko:K06911
bcep:APZ15_37830	ko:K19338
bcep:APZ15_37835	ko:K01714
bcep:APZ15_37840	ko:K28762
bcep:APZ15_37855	ko:K07483
bcep:APZ15_37860	ko:K07090
bcep:APZ15_37885	ko:K08195
bcep:APZ15_37895	ko:K00163
bcep:APZ15_37905	ko:K00382
bcep:APZ15_37910	ko:K03719
bcep:APZ15_37915	ko:K14652
bcep:APZ15_37920	ko:K20034
bcep:APZ15_37935	ko:K01470
bcep:APZ15_37950	ko:K01897
bcep:APZ15_37955	ko:K09024
bcep:APZ15_37960	ko:K07497
bcep:APZ15_37970	ko:K01821
bcep:APZ15_37975	ko:K14155
bcep:APZ15_37980	ko:K10680
bcep:APZ15_37995	ko:K16137
bcep:APZ15_38015	ko:K01426
bcep:APZ15_38030	ko:K04033
bcep:APZ15_38035	ko:K01184
bcep:APZ15_38065	ko:K10111
bcep:APZ15_38070	ko:K02027
bcep:APZ15_38075	ko:K02025
bcep:APZ15_38080	ko:K02026
bcep:APZ15_38085	ko:K12308
bcep:APZ15_38090	ko:K03291
bcep:APZ15_38095	ko:K01224
bcep:APZ15_38105	ko:K01118
bcep:APZ15_38115	ko:K07483
bcep:APZ15_38125	ko:K07459
bcep:APZ15_38130	ko:K01647
bcep:APZ15_38140	ko:K08194
bcep:APZ15_38160	ko:K03535
bcep:APZ15_38165	ko:K01707
bcep:APZ15_38170	ko:K01708
bcep:APZ15_38175	ko:K07483
bcep:APZ15_38185	ko:K03406
bcep:APZ15_38190	ko:K07404
bcep:APZ15_38200	ko:K08191
bcep:APZ15_38225	ko:K00135
bcep:APZ15_38240	ko:K12972
bcep:APZ15_38250	ko:K01560
bcep:APZ15_38255	ko:K02035
bcep:APZ15_38260	ko:K02033
bcep:APZ15_38265	ko:K02034
bcep:APZ15_38270	ko:K02031
bcep:APZ15_38270	ko:K02032
bcep:APZ15_38300	ko:K00128
bcep:APZ15_38315	ko:K01754
bcep:APZ15_38325	ko:K07246
bcep:APZ15_38330	ko:K16135
bcep:APZ15_38365	ko:K03746
bcep:APZ15_38375	ko:K14160
bcep:APZ15_38380	ko:K14161
bcep:APZ15_38385	ko:K14162
bcep:APZ15_38390	ko:K03746
bcep:APZ15_38400	ko:K04763
