bpla:bpln_1g00010	ko:K02313
bpla:bpln_1g00020	ko:K02338
bpla:bpln_1g00030	ko:K02470
bpla:bpln_1g00060	ko:K03781
bpla:bpln_1g00070	ko:K03088
bpla:bpln_1g00100	ko:K18900
bpla:bpln_1g00110	ko:K01156
bpla:bpln_1g00120	ko:K07316
bpla:bpln_1g00130	ko:K02421
bpla:bpln_1g00140	ko:K02420
bpla:bpln_1g00150	ko:K02419
bpla:bpln_1g00160	ko:K02418
bpla:bpln_1g00170	ko:K02417
bpla:bpln_1g00180	ko:K02416
bpla:bpln_1g00190	ko:K02415
bpla:bpln_1g00220	ko:K18139
bpla:bpln_1g00230	ko:K02463
bpla:bpln_1g00240	ko:K02462
bpla:bpln_1g00250	ko:K02461
bpla:bpln_1g00260	ko:K02460
bpla:bpln_1g00270	ko:K02459
bpla:bpln_1g00280	ko:K02458
bpla:bpln_1g00290	ko:K02457
bpla:bpln_1g00300	ko:K02456
bpla:bpln_1g00310	ko:K02452
bpla:bpln_1g00320	ko:K02455
bpla:bpln_1g00330	ko:K02454
bpla:bpln_1g00340	ko:K02453
bpla:bpln_1g00370	ko:K03530
bpla:bpln_1g00380	ko:K15461
bpla:bpln_1g00400	ko:K06048
bpla:bpln_1g00420	ko:K01951
bpla:bpln_1g00440	ko:K07117
bpla:bpln_1g00460	ko:K02483
bpla:bpln_1g00480	ko:K01724
bpla:bpln_1g00490	ko:K00500
bpla:bpln_1g00500	ko:K03719
bpla:bpln_1g00540	ko:K01995
bpla:bpln_1g00550	ko:K01996
bpla:bpln_1g00560	ko:K01999
bpla:bpln_1g00570	ko:K01997
bpla:bpln_1g00580	ko:K01998
bpla:bpln_1g00590	ko:K03495
bpla:bpln_1g00600	ko:K03501
bpla:bpln_1g00610	ko:K03496
bpla:bpln_1g00620	ko:K03497
bpla:bpln_1g00640	ko:K02116
bpla:bpln_1g00650	ko:K02108
bpla:bpln_1g00660	ko:K02110
bpla:bpln_1g00670	ko:K02109
bpla:bpln_1g00680	ko:K02113
bpla:bpln_1g00690	ko:K02111
bpla:bpln_1g00700	ko:K02115
bpla:bpln_1g00710	ko:K02112
bpla:bpln_1g00720	ko:K02114
bpla:bpln_1g00730	ko:K00666
bpla:bpln_1g00750	ko:K01713
bpla:bpln_1g00760	ko:K01599
bpla:bpln_1g00770	ko:K04066
bpla:bpln_1g00780	ko:K13821
bpla:bpln_1g00790	ko:K01999
bpla:bpln_1g00800	ko:K14287
bpla:bpln_1g00810	ko:K10013
bpla:bpln_1g00840	ko:K01534
bpla:bpln_1g00850	ko:K13652
bpla:bpln_1g00860	ko:K16238
bpla:bpln_1g00870	ko:K03735
bpla:bpln_1g00880	ko:K03736
bpla:bpln_1g00910	ko:K00138
bpla:bpln_1g00920	ko:K04033
bpla:bpln_1g00940	ko:K01652
bpla:bpln_1g00950	ko:K01752
bpla:bpln_1g00970	ko:K00281
bpla:bpln_1g00980	ko:K02437
bpla:bpln_1g00990	ko:K00605
bpla:bpln_1g01020	ko:K03656
bpla:bpln_1g01070	ko:K18982
bpla:bpln_1g01080	ko:K00058
bpla:bpln_1g01100	ko:K21393
bpla:bpln_1g01110	ko:K11688
bpla:bpln_1g01120	ko:K21965
bpla:bpln_1g01140	ko:K21966
bpla:bpln_1g01160	ko:K01190
bpla:bpln_1g01170	ko:K02456
bpla:bpln_1g01180	ko:K02455
bpla:bpln_1g01190	ko:K02454
bpla:bpln_1g01240	ko:K02453
bpla:bpln_1g01250	ko:K02456
bpla:bpln_1g01260	ko:K02456
bpla:bpln_1g01280	ko:K03649
bpla:bpln_1g01300	ko:K03406
bpla:bpln_1g01340	ko:K01501
bpla:bpln_1g01370	ko:K05834
bpla:bpln_1g01410	ko:K00648
bpla:bpln_1g01420	ko:K02078
bpla:bpln_1g01430	ko:K00648
bpla:bpln_1g01440	ko:K20429
bpla:bpln_1g01460	ko:K02423
bpla:bpln_1g01470	ko:K02407
bpla:bpln_1g01480	ko:K02406
bpla:bpln_1g01490	ko:K02970
bpla:bpln_1g01500	ko:K01246
bpla:bpln_1g01510	ko:K18676
bpla:bpln_1g01520	ko:K28854
bpla:bpln_1g01530	ko:K03746
bpla:bpln_1g01550	ko:K02403
bpla:bpln_1g01560	ko:K02402
bpla:bpln_1g01570	ko:K02556
bpla:bpln_1g01580	ko:K02557
bpla:bpln_1g01590	ko:K03413
bpla:bpln_1g01600	ko:K03407
bpla:bpln_1g01610	ko:K03408
bpla:bpln_1g01620	ko:K05874
bpla:bpln_1g01630	ko:K00575
bpla:bpln_1g01640	ko:K03411
bpla:bpln_1g01650	ko:K03412
bpla:bpln_1g01660	ko:K03413
bpla:bpln_1g01670	ko:K03414
bpla:bpln_1g01710	ko:K02401
bpla:bpln_1g01720	ko:K02400
bpla:bpln_1g01730	ko:K02404
bpla:bpln_1g01740	ko:K04562
bpla:bpln_1g01750	ko:K02405
bpla:bpln_1g01760	ko:K01251
bpla:bpln_1g01770	ko:K08972
bpla:bpln_1g01780	ko:K00297
bpla:bpln_1g01790	ko:K01426
bpla:bpln_1g01810	ko:K00459
bpla:bpln_1g01820	ko:K01999
bpla:bpln_1g01840	ko:K07226
bpla:bpln_1g01850	ko:K03746
bpla:bpln_1g01870	ko:K03719
bpla:bpln_1g01890	ko:K01069
bpla:bpln_1g01900	ko:K03642
bpla:bpln_1g01910	ko:K07056
bpla:bpln_1g01920	ko:K07460
bpla:bpln_1g01930	ko:K03271
bpla:bpln_1g01940	ko:K28369
bpla:bpln_1g01950	ko:K08738
bpla:bpln_1g02030	ko:K16087
bpla:bpln_1g02040	ko:K07225
bpla:bpln_1g02050	ko:K25132
bpla:bpln_1g02060	ko:K11444
bpla:bpln_1g02110	ko:K05834
bpla:bpln_1g02120	ko:K07275
bpla:bpln_1g02140	ko:K00145
bpla:bpln_1g02160	ko:K00762
bpla:bpln_1g02170	ko:K00029
bpla:bpln_1g02180	ko:K04090
bpla:bpln_1g02200	ko:K00457
bpla:bpln_1g02210	ko:K03719
bpla:bpln_1g02230	ko:K07486
bpla:bpln_1g02260	ko:K02613
bpla:bpln_1g02270	ko:K02612
bpla:bpln_1g02280	ko:K02611
bpla:bpln_1g02290	ko:K02610
bpla:bpln_1g02300	ko:K02609
bpla:bpln_1g02320	ko:K02358
bpla:bpln_1g02330	ko:K03073
bpla:bpln_1g02340	ko:K02601
bpla:bpln_1g02350	ko:K02867
bpla:bpln_1g02360	ko:K02863
bpla:bpln_1g02370	ko:K02864
bpla:bpln_1g02380	ko:K02935
bpla:bpln_1g02390	ko:K03043
bpla:bpln_1g02400	ko:K03046
bpla:bpln_1g02410	ko:K03654
bpla:bpln_1g02420	ko:K02950
bpla:bpln_1g02430	ko:K02992
bpla:bpln_1g02440	ko:K02355
bpla:bpln_1g02450	ko:K02358
bpla:bpln_1g02460	ko:K02946
bpla:bpln_1g02470	ko:K02906
bpla:bpln_1g02480	ko:K02926
bpla:bpln_1g02490	ko:K02892
bpla:bpln_1g02500	ko:K02886
bpla:bpln_1g02510	ko:K02965
bpla:bpln_1g02520	ko:K02890
bpla:bpln_1g02530	ko:K02982
bpla:bpln_1g02540	ko:K02878
bpla:bpln_1g02550	ko:K02904
bpla:bpln_1g02560	ko:K02961
bpla:bpln_1g02570	ko:K02874
bpla:bpln_1g02580	ko:K02895
bpla:bpln_1g02590	ko:K02931
bpla:bpln_1g02600	ko:K02954
bpla:bpln_1g02610	ko:K02994
bpla:bpln_1g02620	ko:K02933
bpla:bpln_1g02630	ko:K02881
bpla:bpln_1g02640	ko:K02988
bpla:bpln_1g02650	ko:K02907
bpla:bpln_1g02660	ko:K02876
bpla:bpln_1g02670	ko:K03076
bpla:bpln_1g02680	ko:K02518
bpla:bpln_1g02690	ko:K02919
bpla:bpln_1g02700	ko:K02952
bpla:bpln_1g02710	ko:K02948
bpla:bpln_1g02720	ko:K02986
bpla:bpln_1g02730	ko:K03040
bpla:bpln_1g02740	ko:K02879
bpla:bpln_1g02750	ko:K03926
bpla:bpln_1g02760	ko:K04084
bpla:bpln_1g02770	ko:K01698
bpla:bpln_1g02780	ko:K03978
bpla:bpln_1g02800	ko:K07399
bpla:bpln_1g02820	ko:K07147
bpla:bpln_1g02830	ko:K17247
bpla:bpln_1g02840	ko:K01586
bpla:bpln_1g02860	ko:K06202
bpla:bpln_1g02870	ko:K05366
bpla:bpln_1g02900	ko:K02664
bpla:bpln_1g02910	ko:K02666
bpla:bpln_1g02920	ko:K00891
bpla:bpln_1g02930	ko:K01735
bpla:bpln_1g02940	ko:K01129
bpla:bpln_1g02950	ko:K05813
bpla:bpln_1g02960	ko:K05814
bpla:bpln_1g02970	ko:K05815
bpla:bpln_1g02980	ko:K05816
bpla:bpln_1g02990	ko:K01126
bpla:bpln_1g03000	ko:K07275
bpla:bpln_1g03010	ko:K07491
bpla:bpln_1g03020	ko:K00265
bpla:bpln_1g03030	ko:K00266
bpla:bpln_1g03040	ko:K02471
bpla:bpln_1g03050	ko:K03153
bpla:bpln_1g03060	ko:K03154
bpla:bpln_1g03070	ko:K03149
bpla:bpln_1g03080	ko:K00788
bpla:bpln_1g03090	ko:K02065
bpla:bpln_1g03100	ko:K02066
bpla:bpln_1g03110	ko:K02067
bpla:bpln_1g03120	ko:K04754
bpla:bpln_1g03130	ko:K07323
bpla:bpln_1g03140	ko:K07122
bpla:bpln_1g03150	ko:K01990
bpla:bpln_1g03160	ko:K01992
bpla:bpln_1g03180	ko:K00790
bpla:bpln_1g03190	ko:K00765
bpla:bpln_1g03200	ko:K00013
bpla:bpln_1g03210	ko:K00817
bpla:bpln_1g03220	ko:K01693
bpla:bpln_1g03240	ko:K02501
bpla:bpln_1g03250	ko:K01814
bpla:bpln_1g03260	ko:K02500
bpla:bpln_1g03270	ko:K01496
bpla:bpln_1g03280	ko:K01523
bpla:bpln_1g03300	ko:K02503
bpla:bpln_1g03310	ko:K03116
bpla:bpln_1g03320	ko:K03117
bpla:bpln_1g03330	ko:K03118
bpla:bpln_1g03340	ko:K04772
bpla:bpln_1g03360	ko:K00411
bpla:bpln_1g03370	ko:K00412
bpla:bpln_1g03380	ko:K00413
bpla:bpln_1g03390	ko:K03599
bpla:bpln_1g03400	ko:K03600
bpla:bpln_1g03440	ko:K11892
bpla:bpln_1g03450	ko:K11893
bpla:bpln_1g03460	ko:K11906
bpla:bpln_1g03480	ko:K11901
bpla:bpln_1g03490	ko:K11900
bpla:bpln_1g03500	ko:K11903
bpla:bpln_1g03510	ko:K11897
bpla:bpln_1g03520	ko:K11896
bpla:bpln_1g03530	ko:K11895
bpla:bpln_1g03540	ko:K11907
bpla:bpln_1g03550	ko:K11902
bpla:bpln_1g03560	ko:K03286
bpla:bpln_1g03570	ko:K11890
bpla:bpln_1g03580	ko:K11891
bpla:bpln_1g03590	ko:K17733
bpla:bpln_1g03610	ko:K16074
bpla:bpln_1g03680	ko:K09941
bpla:bpln_1g03720	ko:K04046
bpla:bpln_1g03730	ko:K03704
bpla:bpln_1g03750	ko:K15777
bpla:bpln_1g03760	ko:K03186
bpla:bpln_1g03770	ko:K07390
bpla:bpln_1g03780	ko:K02493
bpla:bpln_1g03790	ko:K02835
bpla:bpln_1g03800	ko:K02492
bpla:bpln_1g03820	ko:K01262
bpla:bpln_1g03840	ko:K06020
bpla:bpln_1g03860	ko:K00737
bpla:bpln_1g03880	ko:K06942
bpla:bpln_1g03900	ko:K18800
bpla:bpln_1g03910	ko:K03981
bpla:bpln_1g03930	ko:K01118
bpla:bpln_1g03940	ko:K03648
bpla:bpln_1g03960	ko:K01609
bpla:bpln_1g03970	ko:K00766
bpla:bpln_1g03980	ko:K01658
bpla:bpln_1g03990	ko:K09930
bpla:bpln_1g04010	ko:K01703
bpla:bpln_1g04020	ko:K08161
bpla:bpln_1g04040	ko:K00799
bpla:bpln_1g04050	ko:K01821
bpla:bpln_1g04090	ko:K01703
bpla:bpln_1g04100	ko:K01704
bpla:bpln_1g04130	ko:K01657
bpla:bpln_1g04140	ko:K01091
bpla:bpln_1g04150	ko:K01783
bpla:bpln_1g04160	ko:K06195
bpla:bpln_1g04170	ko:K08304
bpla:bpln_1g04180	ko:K01912
bpla:bpln_1g04190	ko:K02614
bpla:bpln_1g04200	ko:K15866
bpla:bpln_1g04220	ko:K01692
bpla:bpln_1g04230	ko:K01897
bpla:bpln_1g04240	ko:K06134
bpla:bpln_1g04250	ko:K03925
bpla:bpln_1g04260	ko:K03438
bpla:bpln_1g04270	ko:K03586
bpla:bpln_1g04280	ko:K03587
bpla:bpln_1g04290	ko:K01928
bpla:bpln_1g04300	ko:K01929
bpla:bpln_1g04310	ko:K01000
bpla:bpln_1g04320	ko:K01925
bpla:bpln_1g04330	ko:K03588
bpla:bpln_1g04340	ko:K02563
bpla:bpln_1g04350	ko:K01924
bpla:bpln_1g04360	ko:K01921
bpla:bpln_1g04370	ko:K03589
bpla:bpln_1g04380	ko:K03590
bpla:bpln_1g04390	ko:K03531
bpla:bpln_1g04400	ko:K24138
bpla:bpln_1g04410	ko:K02535
bpla:bpln_1g04430	ko:K03070
bpla:bpln_1g04440	ko:K00620
bpla:bpln_1g04450	ko:K06923
bpla:bpln_1g04460	ko:K03574
bpla:bpln_1g04470	ko:K09862
bpla:bpln_1g04480	ko:K18778
bpla:bpln_1g04490	ko:K00859
bpla:bpln_1g04500	ko:K02654
bpla:bpln_1g04510	ko:K02653
bpla:bpln_1g04520	ko:K02652
bpla:bpln_1g04530	ko:K03699
bpla:bpln_1g04540	ko:K02523
bpla:bpln_1g04550	ko:K02888
bpla:bpln_1g04560	ko:K02899
bpla:bpln_1g04570	ko:K03979
bpla:bpln_1g04580	ko:K00931
bpla:bpln_1g04600	ko:K08311
bpla:bpln_1g04610	ko:K01881
bpla:bpln_1g04630	ko:K00760
bpla:bpln_1g04640	ko:K03106
bpla:bpln_1g04660	ko:K06950
bpla:bpln_1g04670	ko:K03806
bpla:bpln_1g04680	ko:K00525
bpla:bpln_1g04690	ko:K00526
bpla:bpln_1g04720	ko:K06077
bpla:bpln_1g04730	ko:K00856
bpla:bpln_1g04740	ko:K11065
bpla:bpln_1g04760	ko:K02687
bpla:bpln_1g04770	ko:K01961
bpla:bpln_1g04780	ko:K02160
bpla:bpln_1g04790	ko:K03786
bpla:bpln_1g04820	ko:K02558
bpla:bpln_1g04830	ko:K07000
bpla:bpln_1g04840	ko:K01147
bpla:bpln_1g04850	ko:K00014
bpla:bpln_1g04860	ko:K03814
bpla:bpln_1g04880	ko:K00883
bpla:bpln_1g04890	ko:K01631
bpla:bpln_1g04910	ko:K10537
bpla:bpln_1g04920	ko:K10539
bpla:bpln_1g04930	ko:K10538
bpla:bpln_1g04940	ko:K22185
bpla:bpln_1g04950	ko:K01785
bpla:bpln_1g04960	ko:K01591
bpla:bpln_1g04970	ko:K03743
bpla:bpln_1g04980	ko:K01095
bpla:bpln_1g04990	ko:K00946
bpla:bpln_1g05000	ko:K00029
bpla:bpln_1g05010	ko:K01167
bpla:bpln_1g05030	ko:K09761
bpla:bpln_1g05050	ko:K00797
bpla:bpln_1g05060	ko:K00615
bpla:bpln_1g05070	ko:K00134
bpla:bpln_1g05090	ko:K11103
bpla:bpln_1g05100	ko:K01477
bpla:bpln_1g05110	ko:K01483
bpla:bpln_1g05120	ko:K03711
bpla:bpln_1g05130	ko:K06186
bpla:bpln_1g05140	ko:K00215
bpla:bpln_1g05150	ko:K03561
bpla:bpln_1g05160	ko:K03559
bpla:bpln_1g05170	ko:K01869
bpla:bpln_1g05180	ko:K03643
bpla:bpln_1g05190	ko:K02340
bpla:bpln_1g05200	ko:K00147
bpla:bpln_1g05230	ko:K08973
bpla:bpln_1g05240	ko:K19337
bpla:bpln_1g05250	ko:K01690
bpla:bpln_1g05260	ko:K01625
bpla:bpln_1g05270	ko:K03299
bpla:bpln_1g05280	ko:K00851
bpla:bpln_1g05290	ko:K01756
bpla:bpln_1g05300	ko:K21645
bpla:bpln_1g05310	ko:K00261
bpla:bpln_1g05320	ko:K10001
bpla:bpln_1g05330	ko:K10003
bpla:bpln_1g05340	ko:K10002
bpla:bpln_1g05350	ko:K10004
bpla:bpln_1g05370	ko:K01465
bpla:bpln_1g05390	ko:K07397
bpla:bpln_1g05400	ko:K02871
bpla:bpln_1g05410	ko:K02996
bpla:bpln_1g05420	ko:K15724
bpla:bpln_1g05430	ko:K09001
bpla:bpln_1g05440	ko:K01866
bpla:bpln_1g05450	ko:K07560
bpla:bpln_1g05460	ko:K15634
bpla:bpln_1g05490	ko:K03551
bpla:bpln_1g05500	ko:K03550
bpla:bpln_1g05520	ko:K01159
bpla:bpln_1g05530	ko:K00602
bpla:bpln_1g05540	ko:K03557
bpla:bpln_1g05550	ko:K05540
bpla:bpln_1g05560	ko:K03185
bpla:bpln_1g05570	ko:K01262
bpla:bpln_1g05600	ko:K00566
bpla:bpln_1g05620	ko:K00324
bpla:bpln_1g05630	ko:K00324
bpla:bpln_1g05640	ko:K00325
bpla:bpln_1g05660	ko:K06996
bpla:bpln_1g05670	ko:K25137
bpla:bpln_1g05700	ko:K07486
bpla:bpln_1g05710	ko:K09857
bpla:bpln_1g05720	ko:K06192
bpla:bpln_1g05730	ko:K03808
bpla:bpln_1g05740	ko:K03808
bpla:bpln_1g05780	ko:K03074
bpla:bpln_1g05790	ko:K03072
bpla:bpln_1g05800	ko:K03210
bpla:bpln_1g05810	ko:K00773
bpla:bpln_1g05820	ko:K07568
bpla:bpln_1g05830	ko:K03655
bpla:bpln_1g05840	ko:K04761
bpla:bpln_1g05850	ko:K03781
bpla:bpln_1g05860	ko:K04047
bpla:bpln_1g05880	ko:K03179
bpla:bpln_1g05890	ko:K00286
bpla:bpln_1g05900	ko:K06997
bpla:bpln_1g05910	ko:K11473
bpla:bpln_1g05920	ko:K11472
bpla:bpln_1g05930	ko:K00104
bpla:bpln_1g05940	ko:K00102
bpla:bpln_1g05950	ko:K00798
bpla:bpln_1g05960	ko:K05916
bpla:bpln_1g05970	ko:K01626
bpla:bpln_1g05990	ko:K03568
bpla:bpln_1g06000	ko:K11206
bpla:bpln_1g06020	ko:K00982
bpla:bpln_1g06040	ko:K03631
bpla:bpln_1g06050	ko:K00858
bpla:bpln_1g06060	ko:K03705
bpla:bpln_1g06070	ko:K01772
bpla:bpln_1g06080	ko:K04762
bpla:bpln_1g06100	ko:K03687
bpla:bpln_1g06110	ko:K04043
bpla:bpln_1g06120	ko:K03686
bpla:bpln_1g06130	ko:K03342
bpla:bpln_1g06140	ko:K00606
bpla:bpln_1g06160	ko:K00950
bpla:bpln_1g06170	ko:K00970
bpla:bpln_1g06180	ko:K28842
bpla:bpln_1g06190	ko:K10763
bpla:bpln_1g06200	ko:K01933
bpla:bpln_1g06210	ko:K00791
bpla:bpln_1g06220	ko:K03572
bpla:bpln_1g06230	ko:K03975
bpla:bpln_1g06250	ko:K16011
bpla:bpln_1g06260	ko:K07266
bpla:bpln_1g06280	ko:K01991
bpla:bpln_1g06290	ko:K01711
bpla:bpln_1g06320	ko:K22252
bpla:bpln_1g06340	ko:K09689
bpla:bpln_1g06350	ko:K10107
bpla:bpln_1g06360	ko:K07265
bpla:bpln_1g06400	ko:K02535
bpla:bpln_1g06450	ko:K09688
bpla:bpln_1g06460	ko:K05597
bpla:bpln_1g06470	ko:K00285
bpla:bpln_1g06490	ko:K01999
bpla:bpln_1g06520	ko:K00799
bpla:bpln_1g06530	ko:K28370
bpla:bpln_1g06550	ko:K03640
bpla:bpln_1g06560	ko:K03641
bpla:bpln_1g06570	ko:K03646
bpla:bpln_1g06580	ko:K03560
bpla:bpln_1g06590	ko:K03562
bpla:bpln_1g06600	ko:K07107
bpla:bpln_1g06610	ko:K16066
bpla:bpln_1g06620	ko:K00600
bpla:bpln_1g06630	ko:K07738
bpla:bpln_1g06640	ko:K08084
bpla:bpln_1g06660	ko:K02672
bpla:bpln_1g06680	ko:K02655
bpla:bpln_1g06720	ko:K24158
bpla:bpln_1g06730	ko:K00252
bpla:bpln_1g06760	ko:K08195
bpla:bpln_1g06780	ko:K19577
bpla:bpln_1g06790	ko:K04719
bpla:bpln_1g06830	ko:K13481
bpla:bpln_1g06840	ko:K13482
bpla:bpln_1g06850	ko:K07402
bpla:bpln_1g06860	ko:K02020
bpla:bpln_1g06920	ko:K07090
bpla:bpln_1g06940	ko:K21449
bpla:bpln_1g06960	ko:K06917
bpla:bpln_1g06970	ko:K00433
bpla:bpln_1g06980	ko:K25495
bpla:bpln_1g06990	ko:K01425
bpla:bpln_1g07000	ko:K07085
bpla:bpln_1g07010	ko:K01580
bpla:bpln_1g07020	ko:K04078
bpla:bpln_1g07030	ko:K04077
bpla:bpln_1g07040	ko:K00941
bpla:bpln_1g07070	ko:K07735
bpla:bpln_1g07080	ko:K07447
bpla:bpln_1g07090	ko:K02825
bpla:bpln_1g07100	ko:K00609
bpla:bpln_1g07110	ko:K01465
bpla:bpln_1g07120	ko:K00655
bpla:bpln_1g07130	ko:K01525
bpla:bpln_1g07140	ko:K01710
bpla:bpln_1g07150	ko:K00973
bpla:bpln_1g07160	ko:K01790
bpla:bpln_1g07170	ko:K00067
bpla:bpln_1g07230	ko:K01784
bpla:bpln_1g07270	ko:K15778
bpla:bpln_1g07280	ko:K02841
bpla:bpln_1g07300	ko:K02527
bpla:bpln_1g07310	ko:K03189
bpla:bpln_1g07320	ko:K03188
bpla:bpln_1g07330	ko:K03187
bpla:bpln_1g07340	ko:K01428
bpla:bpln_1g07350	ko:K01429
bpla:bpln_1g07360	ko:K01430
bpla:bpln_1g07370	ko:K03190
bpla:bpln_1g07390	ko:K11963
bpla:bpln_1g07400	ko:K11962
bpla:bpln_1g07410	ko:K11961
bpla:bpln_1g07420	ko:K11960
bpla:bpln_1g07430	ko:K11959
bpla:bpln_1g07450	ko:K00573
bpla:bpln_1g07470	ko:K02495
bpla:bpln_1g07480	ko:K06940
bpla:bpln_1g07500	ko:K06153
bpla:bpln_1g07510	ko:K03439
bpla:bpln_1g07540	ko:K11904
bpla:bpln_1g07580	ko:K13936
bpla:bpln_1g07590	ko:K06199
bpla:bpln_1g07600	ko:K02221
bpla:bpln_1g07620	ko:K03182
bpla:bpln_1g07650	ko:K03625
bpla:bpln_1g07660	ko:K00794
bpla:bpln_1g07670	ko:K14652
bpla:bpln_1g07680	ko:K03116
bpla:bpln_1g07690	ko:K01569
bpla:bpln_1g07700	ko:K03322
bpla:bpln_1g07710	ko:K21703
bpla:bpln_1g07720	ko:K13061
bpla:bpln_1g07760	ko:K03446
bpla:bpln_1g07770	ko:K03543
bpla:bpln_1g07780	ko:K18904
bpla:bpln_1g07800	ko:K01626
bpla:bpln_1g07810	ko:K07107
bpla:bpln_1g07820	ko:K18244
bpla:bpln_1g07830	ko:K14170
bpla:bpln_1g07840	ko:K00891
bpla:bpln_1g07850	ko:K18234
bpla:bpln_1g07860	ko:K20938
bpla:bpln_1g07890	ko:K01771
bpla:bpln_1g07930	ko:K00793
bpla:bpln_1g07940	ko:K11752
bpla:bpln_1g07950	ko:K01845
bpla:bpln_1g07970	ko:K07552
bpla:bpln_1g07980	ko:K00845
bpla:bpln_1g07990	ko:K01057
bpla:bpln_1g08000	ko:K00036
bpla:bpln_1g08010	ko:K17315
bpla:bpln_1g08020	ko:K17316
bpla:bpln_1g08030	ko:K17317
bpla:bpln_1g08040	ko:K10112
bpla:bpln_1g08060	ko:K00384
bpla:bpln_1g08070	ko:K03466
bpla:bpln_1g08080	ko:K03634
bpla:bpln_1g08090	ko:K07478
bpla:bpln_1g08100	ko:K01875
bpla:bpln_1g08130	ko:K03610
bpla:bpln_1g08140	ko:K03609
bpla:bpln_1g08150	ko:K03608
bpla:bpln_1g08180	ko:K03281
bpla:bpln_1g08200	ko:K03832
bpla:bpln_1g08220	ko:K01519
bpla:bpln_1g08230	ko:K00989
bpla:bpln_1g08250	ko:K00942
bpla:bpln_1g08260	ko:K03060
bpla:bpln_1g08270	ko:K01139
bpla:bpln_1g08280	ko:K04760
bpla:bpln_1g08290	ko:K03285
bpla:bpln_1g08310	ko:K03704
bpla:bpln_1g08320	ko:K02342
bpla:bpln_1g08330	ko:K04093
bpla:bpln_1g08360	ko:K03841
bpla:bpln_1g08370	ko:K01256
bpla:bpln_1g08390	ko:K01487
bpla:bpln_1g08400	ko:K06901
bpla:bpln_1g08410	ko:K21053
bpla:bpln_1g08420	ko:K07402
bpla:bpln_1g08430	ko:K03611
bpla:bpln_1g08440	ko:K02433
bpla:bpln_1g08500	ko:K00126
bpla:bpln_1g08510	ko:K00123
bpla:bpln_1g08520	ko:K00124
bpla:bpln_1g08530	ko:K00127
bpla:bpln_1g08580	ko:K01584
bpla:bpln_1g08590	ko:K03759
bpla:bpln_1g08610	ko:K15034
bpla:bpln_1g08630	ko:K22292
bpla:bpln_1g08640	ko:K00568
bpla:bpln_1g08650	ko:K03286
bpla:bpln_1g08660	ko:K02469
bpla:bpln_1g08670	ko:K09924
bpla:bpln_1g08680	ko:K00831
bpla:bpln_1g08690	ko:K14170
bpla:bpln_1g08700	ko:K04517
bpla:bpln_1g08710	ko:K00800
bpla:bpln_1g08720	ko:K00945
bpla:bpln_1g08730	ko:K02945
bpla:bpln_1g08740	ko:K05788
bpla:bpln_1g08750	ko:K08992
bpla:bpln_1g08760	ko:K19804
bpla:bpln_1g08770	ko:K00012
bpla:bpln_1g08780	ko:K21344
bpla:bpln_1g08790	ko:K03274
bpla:bpln_1g08800	ko:K02237
bpla:bpln_1g08810	ko:K12339
bpla:bpln_1g08820	ko:K08305
bpla:bpln_1g08840	ko:K01054
bpla:bpln_1g08850	ko:K02071
bpla:bpln_1g08860	ko:K02072
bpla:bpln_1g08870	ko:K02073
bpla:bpln_1g08880	ko:K03521
bpla:bpln_1g08890	ko:K03522
bpla:bpln_1g08900	ko:K20035
bpla:bpln_1g08910	ko:K00285
bpla:bpln_1g08920	ko:K03719
bpla:bpln_1g08960	ko:K02959
bpla:bpln_1g08970	ko:K02860
bpla:bpln_1g08980	ko:K00554
bpla:bpln_1g08990	ko:K02884
bpla:bpln_1g09010	ko:K02227
bpla:bpln_1g09030	ko:K06949
bpla:bpln_1g09040	ko:K06013
bpla:bpln_1g09050	ko:K13288
bpla:bpln_1g09060	ko:K03831
bpla:bpln_1g09070	ko:K09889
bpla:bpln_1g09080	ko:K03592
bpla:bpln_1g09090	ko:K00287
bpla:bpln_1g09110	ko:K00560
bpla:bpln_1g09150	ko:K01679
bpla:bpln_1g09160	ko:K26939
bpla:bpln_1g09170	ko:K14761
bpla:bpln_1g09190	ko:K26606
bpla:bpln_1g09200	ko:K26605
bpla:bpln_1g09220	ko:K05805
bpla:bpln_1g09230	ko:K05524
bpla:bpln_1g09240	ko:K00763
bpla:bpln_1g09250	ko:K00782
bpla:bpln_1g09270	ko:K00090
bpla:bpln_1g09280	ko:K09760
bpla:bpln_1g09290	ko:K07486
bpla:bpln_1g09320	ko:K03750
bpla:bpln_1g09330	ko:K03752
bpla:bpln_1g09340	ko:K03639
bpla:bpln_1g09350	ko:K08300
bpla:bpln_1g09370	ko:K06179
bpla:bpln_1g09380	ko:K01091
bpla:bpln_1g09400	ko:K04773
bpla:bpln_1g09410	ko:K07056
bpla:bpln_1g09420	ko:K25422
bpla:bpln_1g09430	ko:K07040
bpla:bpln_1g09440	ko:K02911
bpla:bpln_1g09450	ko:K03621
bpla:bpln_1g09460	ko:K00648
bpla:bpln_1g09470	ko:K00645
bpla:bpln_1g09480	ko:K00059
bpla:bpln_1g09490	ko:K02078
bpla:bpln_1g09500	ko:K09458
bpla:bpln_1g09520	ko:K03088
bpla:bpln_1g09530	ko:K03597
bpla:bpln_1g09540	ko:K03598
bpla:bpln_1g09550	ko:K04771
bpla:bpln_1g09570	ko:K03596
bpla:bpln_1g09580	ko:K03100
bpla:bpln_1g09590	ko:K03685
bpla:bpln_1g09600	ko:K03595
bpla:bpln_1g09610	ko:K03584
bpla:bpln_1g09620	ko:K03474
bpla:bpln_1g09630	ko:K00997
bpla:bpln_1g09640	ko:K01207
bpla:bpln_1g09660	ko:K02356
bpla:bpln_1g09680	ko:K03703
bpla:bpln_1g09690	ko:K00995
bpla:bpln_1g09700	ko:K08968
bpla:bpln_1g09720	ko:K06911
bpla:bpln_1g09730	ko:K02348
bpla:bpln_1g09740	ko:K02351
bpla:bpln_1g09750	ko:K07152
bpla:bpln_1g09760	ko:K01087
bpla:bpln_1g09770	ko:K00697
bpla:bpln_1g09780	ko:K06147
bpla:bpln_1g09810	ko:K08983
bpla:bpln_1g09830	ko:K18981
bpla:bpln_1g09840	ko:K01114
bpla:bpln_1g09860	ko:K00868
bpla:bpln_1g09940	ko:K10016
bpla:bpln_1g09950	ko:K10015
bpla:bpln_1g09970	ko:K10017
bpla:bpln_1g09980	ko:K21825
bpla:bpln_1g09990	ko:K00840
bpla:bpln_1g10000	ko:K00673
bpla:bpln_1g10010	ko:K00673
bpla:bpln_1g10020	ko:K06447
bpla:bpln_1g10030	ko:K01484
bpla:bpln_1g10040	ko:K05526
bpla:bpln_1g10050	ko:K10013
bpla:bpln_1g10080	ko:K03564
bpla:bpln_1g10100	ko:K07789
bpla:bpln_1g10110	ko:K07788
bpla:bpln_1g10120	ko:K07799
bpla:bpln_1g10130	ko:K20329
bpla:bpln_1g10140	ko:K07093
bpla:bpln_1g10150	ko:K06997
bpla:bpln_1g10170	ko:K01951
bpla:bpln_1g10180	ko:K03320
bpla:bpln_1g10210	ko:K07118
bpla:bpln_1g10220	ko:K05800
bpla:bpln_1g10250	ko:K03583
bpla:bpln_1g10260	ko:K03582
bpla:bpln_1g10270	ko:K03581
bpla:bpln_1g10280	ko:K07085
bpla:bpln_1g10290	ko:K09758
bpla:bpln_1g10320	ko:K04062
bpla:bpln_1g10330	ko:K03147
bpla:bpln_1g10360	ko:K03651
bpla:bpln_1g10370	ko:K02052
bpla:bpln_1g10380	ko:K02053
bpla:bpln_1g10390	ko:K02053
bpla:bpln_1g10400	ko:K02055
bpla:bpln_1g10440	ko:K07483
bpla:bpln_1g10450	ko:K03453
bpla:bpln_1g10470	ko:K01662
bpla:bpln_1g10480	ko:K00163
bpla:bpln_1g10500	ko:K01092
bpla:bpln_1g10530	ko:K01714
bpla:bpln_1g10580	ko:K19734
bpla:bpln_1g10600	ko:K11209
bpla:bpln_1g10640	ko:K04759
bpla:bpln_1g10650	ko:K04758
bpla:bpln_1g10660	ko:K21020
bpla:bpln_1g10720	ko:K16137
bpla:bpln_1g10750	ko:K19055
bpla:bpln_1g10760	ko:K01744
bpla:bpln_1g10770	ko:K08224
bpla:bpln_1g10780	ko:K18139
bpla:bpln_1g10790	ko:K03585
bpla:bpln_1g10800	ko:K18138
bpla:bpln_1g10810	ko:K03781
bpla:bpln_1g10820	ko:K00574
bpla:bpln_1g10830	ko:K01521
bpla:bpln_1g10950	ko:K10979
bpla:bpln_1g10960	ko:K01971
bpla:bpln_1g11000	ko:K11209
bpla:bpln_1g11020	ko:K00140
bpla:bpln_1g11040	ko:K22044
bpla:bpln_1g11090	ko:K22296
bpla:bpln_1g11100	ko:K18030
bpla:bpln_1g11110	ko:K13995
bpla:bpln_1g11120	ko:K18028
bpla:bpln_1g11130	ko:K15357
bpla:bpln_1g11140	ko:K01799
bpla:bpln_1g11150	ko:K14974
bpla:bpln_1g11160	ko:K18029
bpla:bpln_1g11170	ko:K18030
bpla:bpln_1g11180	ko:K03322
bpla:bpln_1g11210	ko:K01647
bpla:bpln_1g11230	ko:K08194
bpla:bpln_1g11260	ko:K07345
bpla:bpln_1g11280	ko:K06916
bpla:bpln_1g11300	ko:K13950
bpla:bpln_1g11330	ko:K08151
bpla:bpln_1g11340	ko:K02053
bpla:bpln_1g11350	ko:K02054
bpla:bpln_1g11360	ko:K02055
bpla:bpln_1g11370	ko:K02052
bpla:bpln_1g11410	ko:K03574
bpla:bpln_1g11420	ko:K28842
bpla:bpln_1g11440	ko:K08224
bpla:bpln_1g11490	ko:K19577
bpla:bpln_1g11500	ko:K06222
bpla:bpln_1g11520	ko:K13993
bpla:bpln_1g11530	ko:K13993
bpla:bpln_1g11540	ko:K01596
bpla:bpln_1g11550	ko:K17735
bpla:bpln_1g11590	ko:K13929
bpla:bpln_1g11600	ko:K13931
bpla:bpln_1g11610	ko:K13932
bpla:bpln_1g11620	ko:K13933
bpla:bpln_1g11630	ko:K13934
bpla:bpln_1g11640	ko:K13930
bpla:bpln_1g11650	ko:K00645
bpla:bpln_1g11700	ko:K03762
bpla:bpln_1g11710	ko:K09771
bpla:bpln_1g11720	ko:K02342
bpla:bpln_1g11730	ko:K03469
bpla:bpln_1g11750	ko:K01069
bpla:bpln_1g11760	ko:K08307
bpla:bpln_1g11780	ko:K01956
bpla:bpln_1g11790	ko:K11250
bpla:bpln_1g11810	ko:K01955
bpla:bpln_1g11820	ko:K03624
bpla:bpln_1g11840	ko:K07574
bpla:bpln_1g11850	ko:K02427
bpla:bpln_1g11860	ko:K03798
bpla:bpln_1g11870	ko:K00796
bpla:bpln_1g11880	ko:K03431
bpla:bpln_1g11890	ko:K02040
bpla:bpln_1g11900	ko:K02037
bpla:bpln_1g11910	ko:K02038
bpla:bpln_1g11920	ko:K02036
bpla:bpln_1g11930	ko:K02039
bpla:bpln_1g11940	ko:K07657
bpla:bpln_1g11950	ko:K07636
bpla:bpln_1g11960	ko:K00937
bpla:bpln_1g11970	ko:K01524
bpla:bpln_1g12010	ko:K18199
bpla:bpln_1g12020	ko:K09984
bpla:bpln_1g12110	ko:K08995
bpla:bpln_1g12180	ko:K03092
bpla:bpln_1g12200	ko:K18897
bpla:bpln_1g12240	ko:K16137
bpla:bpln_1g12250	ko:K04564
bpla:bpln_1g12270	ko:K03412
bpla:bpln_1g12280	ko:K00575
bpla:bpln_1g12320	ko:K13075
bpla:bpln_1g12340	ko:K00830
bpla:bpln_1g12380	ko:K02078
bpla:bpln_1g12390	ko:K02078
bpla:bpln_1g12430	ko:K01745
bpla:bpln_1g12440	ko:K07107
bpla:bpln_1g12470	ko:K00647
bpla:bpln_1g12490	ko:K00059
bpla:bpln_1g12500	ko:K09458
bpla:bpln_1g12510	ko:K00647
bpla:bpln_1g12590	ko:K07497
bpla:bpln_1g12620	ko:K05708
bpla:bpln_1g12640	ko:K05710
bpla:bpln_1g12650	ko:K00529
bpla:bpln_1g12660	ko:K08690
bpla:bpln_1g12680	ko:K16050
bpla:bpln_1g12690	ko:K02554
bpla:bpln_1g12700	ko:K04073
bpla:bpln_1g12710	ko:K01666
bpla:bpln_1g12760	ko:K00217
bpla:bpln_1g12770	ko:K22213
bpla:bpln_1g12780	ko:K06999
bpla:bpln_1g12790	ko:K15975
bpla:bpln_1g12810	ko:K08369
bpla:bpln_1g12830	ko:K03285
bpla:bpln_1g12850	ko:K07484
bpla:bpln_1g12860	ko:K07484
bpla:bpln_1g12880	ko:K01474
bpla:bpln_1g12890	ko:K01473
bpla:bpln_1g12910	ko:K08296
bpla:bpln_1g12920	ko:K22310
bpla:bpln_1g12940	ko:K26937
bpla:bpln_1g12960	ko:K01895
bpla:bpln_1g13000	ko:K06153
bpla:bpln_1g13010	ko:K11902
bpla:bpln_1g13020	ko:K11895
bpla:bpln_1g13030	ko:K11896
bpla:bpln_1g13040	ko:K11897
bpla:bpln_1g13060	ko:K11907
bpla:bpln_1g13070	ko:K11901
bpla:bpln_1g13080	ko:K11900
bpla:bpln_1g13090	ko:K11903
bpla:bpln_1g13100	ko:K11906
bpla:bpln_1g13110	ko:K11893
bpla:bpln_1g13120	ko:K11904
bpla:bpln_1g13200	ko:K11892
bpla:bpln_1g13210	ko:K11891
bpla:bpln_1g13220	ko:K11892
bpla:bpln_1g13350	ko:K02405
bpla:bpln_1g13360	ko:K02419
bpla:bpln_1g13370	ko:K02418
bpla:bpln_1g13380	ko:K02417
bpla:bpln_1g13400	ko:K02390
bpla:bpln_1g13410	ko:K02389
bpla:bpln_1g13420	ko:K02412
bpla:bpln_1g13430	ko:K02411
bpla:bpln_1g13440	ko:K02409
bpla:bpln_1g13450	ko:K02408
bpla:bpln_1g13460	ko:K02388
bpla:bpln_1g13470	ko:K02387
bpla:bpln_1g13480	ko:K02394
bpla:bpln_1g13490	ko:K02393
bpla:bpln_1g13500	ko:K02392
bpla:bpln_1g13510	ko:K02391
bpla:bpln_1g13520	ko:K02400
bpla:bpln_1g13530	ko:K02401
bpla:bpln_1g13540	ko:K02421
bpla:bpln_1g13550	ko:K02420
bpla:bpln_1g13570	ko:K01673
bpla:bpln_1g13580	ko:K19577
bpla:bpln_1g13590	ko:K09458
bpla:bpln_1g13600	ko:K07677
bpla:bpln_1g13610	ko:K07687
bpla:bpln_1g13620	ko:K07345
bpla:bpln_1g13630	ko:K07347
bpla:bpln_1g13650	ko:K07345
bpla:bpln_1g13670	ko:K02050
bpla:bpln_1g13680	ko:K02049
bpla:bpln_1g13690	ko:K07267
bpla:bpln_1g13750	ko:K01821
bpla:bpln_1g13800	ko:K17752
bpla:bpln_1g13810	ko:K17762
bpla:bpln_1g13820	ko:K17763
bpla:bpln_1g13850	ko:K01706
bpla:bpln_1g13860	ko:K08191
bpla:bpln_1g13880	ko:K08191
bpla:bpln_1g13940	ko:K15977
bpla:bpln_1g13960	ko:K09930
bpla:bpln_1g13980	ko:K01434
bpla:bpln_1g14020	ko:K02483
bpla:bpln_1g14030	ko:K15054
bpla:bpln_1g14050	ko:K16423
bpla:bpln_1g14060	ko:K01658
bpla:bpln_1g14090	ko:K03781
bpla:bpln_1g14100	ko:K06867
bpla:bpln_1g14130	ko:K29029
bpla:bpln_1g14160	ko:K06893
bpla:bpln_1g14200	ko:K00020
bpla:bpln_1g14220	ko:K00324
bpla:bpln_1g14230	ko:K07124
bpla:bpln_1g14260	ko:K07302
bpla:bpln_1g14270	ko:K07303
bpla:bpln_1g14280	ko:K11103
bpla:bpln_1g14350	ko:K02035
bpla:bpln_1g14360	ko:K02033
bpla:bpln_1g14370	ko:K02034
bpla:bpln_1g14380	ko:K02031
bpla:bpln_1g14380	ko:K02032
bpla:bpln_1g14400	ko:K14057
bpla:bpln_1g14420	ko:K06987
bpla:bpln_1g14430	ko:K01750
bpla:bpln_1g14480	ko:K19265
bpla:bpln_1g14490	ko:K00570
bpla:bpln_1g14510	ko:K08369
bpla:bpln_1g14520	ko:K18289
bpla:bpln_1g14530	ko:K00249
bpla:bpln_1g14540	ko:K09709
bpla:bpln_1g14550	ko:K19338
bpla:bpln_1g14570	ko:K11904
bpla:bpln_1g14650	ko:K15553
bpla:bpln_1g14660	ko:K07774
bpla:bpln_1g14670	ko:K07649
bpla:bpln_1g14690	ko:K07458
bpla:bpln_1g14700	ko:K00558
bpla:bpln_1g14760	ko:K01886
bpla:bpln_1g14770	ko:K04062
bpla:bpln_1g14780	ko:K01041
bpla:bpln_1g14790	ko:K01872
bpla:bpln_1g14820	ko:K01785
bpla:bpln_1g14830	ko:K02529
bpla:bpln_1g14840	ko:K10543
bpla:bpln_1g14850	ko:K10545
bpla:bpln_1g14860	ko:K10544
bpla:bpln_1g14870	ko:K22185
bpla:bpln_1g14880	ko:K14274
bpla:bpln_1g14930	ko:K07107
bpla:bpln_1g14940	ko:K03337
bpla:bpln_1g14950	ko:K03335
bpla:bpln_1g14960	ko:K03336
bpla:bpln_1g14970	ko:K03338
bpla:bpln_1g14980	ko:K02056
bpla:bpln_1g14990	ko:K02057
bpla:bpln_1g15000	ko:K02058
bpla:bpln_1g15020	ko:K00010
bpla:bpln_1g15030	ko:K00010
bpla:bpln_1g15040	ko:K04085
bpla:bpln_1g15110	ko:K00963
bpla:bpln_1g15120	ko:K01873
bpla:bpln_1g15130	ko:K03657
bpla:bpln_1g15140	ko:K01243
bpla:bpln_1g15150	ko:K08223
bpla:bpln_1g15160	ko:K03406
bpla:bpln_1g15200	ko:K18139
bpla:bpln_1g15250	ko:K03809
bpla:bpln_1g15260	ko:K07058
bpla:bpln_1g15300	ko:K01736
bpla:bpln_1g15310	ko:K00311
bpla:bpln_1g15330	ko:K07107
bpla:bpln_1g15350	ko:K01028
bpla:bpln_1g15360	ko:K01029
bpla:bpln_1g15390	ko:K00951
bpla:bpln_1g15400	ko:K01868
bpla:bpln_1g15410	ko:K02520
bpla:bpln_1g15420	ko:K02916
bpla:bpln_1g15430	ko:K02887
bpla:bpln_1g15440	ko:K01889
bpla:bpln_1g15450	ko:K01890
bpla:bpln_1g15460	ko:K04764
bpla:bpln_1g15490	ko:K02651
bpla:bpln_1g15530	ko:K00826
bpla:bpln_1g15590	ko:K00799
bpla:bpln_1g15660	ko:K07287
bpla:bpln_1g15730	ko:K07492
bpla:bpln_1g15760	ko:K06024
bpla:bpln_1g15770	ko:K06178
bpla:bpln_1g15780	ko:K09748
bpla:bpln_1g15790	ko:K02600
bpla:bpln_1g15800	ko:K02519
bpla:bpln_1g15810	ko:K02834
bpla:bpln_1g15820	ko:K03177
bpla:bpln_1g15830	ko:K03446
bpla:bpln_1g15840	ko:K03543
bpla:bpln_1g15850	ko:K18139
bpla:bpln_1g15870	ko:K06207
bpla:bpln_1g15880	ko:K00164
bpla:bpln_1g15890	ko:K00658
bpla:bpln_1g15900	ko:K00382
bpla:bpln_1g15910	ko:K06916
bpla:bpln_1g15980	ko:K02651
bpla:bpln_1g15990	ko:K02278
bpla:bpln_1g16000	ko:K12513
bpla:bpln_1g16010	ko:K02279
bpla:bpln_1g16020	ko:K02280
bpla:bpln_1g16030	ko:K02282
bpla:bpln_1g16040	ko:K02283
bpla:bpln_1g16050	ko:K12510
bpla:bpln_1g16060	ko:K12511
bpla:bpln_1g16070	ko:K27079
bpla:bpln_1g16090	ko:K27080
bpla:bpln_1g16120	ko:K03666
bpla:bpln_1g16140	ko:K01897
bpla:bpln_1g16160	ko:K08178
bpla:bpln_1g16220	ko:K00459
bpla:bpln_1g16230	ko:K12573
bpla:bpln_1g16240	ko:K03218
bpla:bpln_1g16250	ko:K11066
bpla:bpln_1g16260	ko:K01807
bpla:bpln_1g16280	ko:K22230
bpla:bpln_1g16290	ko:K10009
bpla:bpln_1g16300	ko:K02424
bpla:bpln_1g16310	ko:K00254
bpla:bpln_1g16320	ko:K21420
bpla:bpln_1g16330	ko:K00684
bpla:bpln_1g16360	ko:K03297
bpla:bpln_1g16380	ko:K04091
bpla:bpln_1g16390	ko:K15554
bpla:bpln_1g16400	ko:K15555
bpla:bpln_1g16450	ko:K05539
bpla:bpln_1g16500	ko:K07485
bpla:bpln_1g16660	ko:K01185
bpla:bpln_1g16700	ko:K07054
bpla:bpln_1g16710	ko:K07089
bpla:bpln_1g16730	ko:K09694
bpla:bpln_1g16740	ko:K09695
bpla:bpln_1g16780	ko:K01356
bpla:bpln_1g16790	ko:K23163
bpla:bpln_1g16800	ko:K02046
bpla:bpln_1g16810	ko:K02047
bpla:bpln_1g16820	ko:K02045
bpla:bpln_1g16830	ko:K13635
bpla:bpln_1g16840	ko:K10439
bpla:bpln_1g16850	ko:K10441
bpla:bpln_1g16860	ko:K10440
bpla:bpln_1g16870	ko:K02529
bpla:bpln_1g16880	ko:K00852
bpla:bpln_1g16890	ko:K07180
bpla:bpln_1g16900	ko:K09786
bpla:bpln_1g16910	ko:K06415
bpla:bpln_1g16920	ko:K03761
bpla:bpln_1g16960	ko:K18831
bpla:bpln_1g16970	ko:K02224
bpla:bpln_1g16980	ko:K19221
bpla:bpln_1g16990	ko:K02189
bpla:bpln_1g17010	ko:K02234
bpla:bpln_1g17020	ko:K02230
bpla:bpln_1g17030	ko:K03405
bpla:bpln_1g17040	ko:K13580
bpla:bpln_1g17120	ko:K02016
bpla:bpln_1g17130	ko:K02015
bpla:bpln_1g17140	ko:K02013
bpla:bpln_1g17180	ko:K13541
bpla:bpln_1g17190	ko:K03394
bpla:bpln_1g17200	ko:K06042
bpla:bpln_1g17210	ko:K02229
bpla:bpln_1g17220	ko:K00595
bpla:bpln_1g17230	ko:K05895
bpla:bpln_1g17240	ko:K05936
bpla:bpln_1g17250	ko:K11209
bpla:bpln_1g17260	ko:K03406
bpla:bpln_1g17270	ko:K05846
bpla:bpln_1g17280	ko:K05847
bpla:bpln_1g17290	ko:K05846
bpla:bpln_1g17300	ko:K05845
bpla:bpln_1g17320	ko:K05835
bpla:bpln_1g17350	ko:K01114
bpla:bpln_1g17400	ko:K07112
bpla:bpln_1g17430	ko:K00878
bpla:bpln_1g17460	ko:K07012
bpla:bpln_1g17470	ko:K19127
bpla:bpln_1g17480	ko:K19128
bpla:bpln_1g17490	ko:K19129
bpla:bpln_1g17500	ko:K19130
bpla:bpln_1g17520	ko:K01998
bpla:bpln_1g17530	ko:K01997
bpla:bpln_1g17540	ko:K01995
bpla:bpln_1g17550	ko:K01999
bpla:bpln_1g17560	ko:K03566
bpla:bpln_1g17650	ko:K08173
bpla:bpln_1g17680	ko:K00574
bpla:bpln_1g17690	ko:K06193
bpla:bpln_1g17700	ko:K00797
bpla:bpln_1g17730	ko:K10111
bpla:bpln_1g17740	ko:K12308
bpla:bpln_1g17750	ko:K02027
bpla:bpln_1g17760	ko:K02025
bpla:bpln_1g17770	ko:K02026
bpla:bpln_1g17780	ko:K06889
bpla:bpln_1g17790	ko:K03098
bpla:bpln_1g17820	ko:K27838
bpla:bpln_1g17840	ko:K00059
bpla:bpln_1g17920	ko:K17865
bpla:bpln_1g17940	ko:K14446
bpla:bpln_1g17960	ko:K00232
bpla:bpln_1g17970	ko:K08169
bpla:bpln_1g17980	ko:K10538
bpla:bpln_1g17990	ko:K10539
bpla:bpln_1g18000	ko:K10537
bpla:bpln_1g18010	ko:K13873
bpla:bpln_1g18020	ko:K13876
bpla:bpln_1g18040	ko:K13875
bpla:bpln_1g18060	ko:K01874
bpla:bpln_1g18070	ko:K06132
bpla:bpln_1g18110	ko:K13256
bpla:bpln_1g18170	ko:K18928
bpla:bpln_1g18180	ko:K18929
bpla:bpln_1g18190	ko:K00782
bpla:bpln_1g18210	ko:K02429
bpla:bpln_1g18220	ko:K29028
bpla:bpln_1g18230	ko:K18333
bpla:bpln_1g18240	ko:K18334
bpla:bpln_1g18250	ko:K07046
bpla:bpln_1g18260	ko:K01256
bpla:bpln_1g18280	ko:K07483
bpla:bpln_1g18310	ko:K09690
bpla:bpln_1g18320	ko:K09691
bpla:bpln_1g18330	ko:K01652
bpla:bpln_1g18350	ko:K07031
bpla:bpln_1g18360	ko:K15669
bpla:bpln_1g18380	ko:K12452
bpla:bpln_1g18390	ko:K01709
bpla:bpln_1g18400	ko:K00978
bpla:bpln_1g18410	ko:K03271
bpla:bpln_1g18430	ko:K03273
bpla:bpln_1g18450	ko:K07483
bpla:bpln_1g18470	ko:K07497
bpla:bpln_1g18500	ko:K01712
bpla:bpln_1g18510	ko:K05836
bpla:bpln_1g18520	ko:K01745
bpla:bpln_1g18530	ko:K10021
bpla:bpln_1g18540	ko:K10019
bpla:bpln_1g18550	ko:K10020
bpla:bpln_1g18560	ko:K10018
bpla:bpln_1g18580	ko:K03300
bpla:bpln_1g18620	ko:K04091
bpla:bpln_1g18650	ko:K01173
bpla:bpln_1g18660	ko:K03566
bpla:bpln_1g18720	ko:K00528
bpla:bpln_1g18730	ko:K01433
bpla:bpln_1g18750	ko:K02078
bpla:bpln_1g18760	ko:K02372
bpla:bpln_1g18780	ko:K00059
bpla:bpln_1g18790	ko:K00249
bpla:bpln_1g18830	ko:K09458
bpla:bpln_1g18840	ko:K09458
bpla:bpln_1g18870	ko:K05524
bpla:bpln_1g18890	ko:K22479
bpla:bpln_1g18910	ko:K01897
bpla:bpln_1g18990	ko:K19336
bpla:bpln_1g19000	ko:K19335
bpla:bpln_1g19010	ko:K27042
bpla:bpln_1g19060	ko:K16088
bpla:bpln_1g19080	ko:K12241
bpla:bpln_1g19090	ko:K12240
bpla:bpln_1g19100	ko:K12239
bpla:bpln_1g19110	ko:K12243
bpla:bpln_1g19120	ko:K12238
bpla:bpln_1g19130	ko:K12242
bpla:bpln_1g19140	ko:K04782
bpla:bpln_1g19150	ko:K01851
bpla:bpln_1g19170	ko:K06151
bpla:bpln_1g19180	ko:K06152
bpla:bpln_1g19190	ko:K05874
bpla:bpln_1g19220	ko:K14645
bpla:bpln_1g19240	ko:K00703
bpla:bpln_1g19250	ko:K00148
bpla:bpln_1g19260	ko:K21929
bpla:bpln_1g19290	ko:K15977
bpla:bpln_1g19310	ko:K06145
bpla:bpln_1g19340	ko:K08173
bpla:bpln_1g19430	ko:K15784
bpla:bpln_1g19440	ko:K26731
bpla:bpln_1g19450	ko:K00249
bpla:bpln_1g19500	ko:K15650
bpla:bpln_1g19520	ko:K01999
bpla:bpln_1g19540	ko:K16137
bpla:bpln_1g19550	ko:K19745
bpla:bpln_1g19560	ko:K03830
bpla:bpln_1g19590	ko:K03088
bpla:bpln_1g19620	ko:K11209
bpla:bpln_1g19690	ko:K14205
bpla:bpln_1g19720	ko:K05802
bpla:bpln_1g19750	ko:K09780
bpla:bpln_1g19760	ko:K03284
bpla:bpln_1g19790	ko:K18029
bpla:bpln_1g19800	ko:K18030
bpla:bpln_1g19880	ko:K02525
bpla:bpln_1g19890	ko:K00090
bpla:bpln_1g19910	ko:K00874
bpla:bpln_1g19930	ko:K21703
bpla:bpln_1g19950	ko:K03281
bpla:bpln_1g19970	ko:K18302
bpla:bpln_1g19980	ko:K18303
bpla:bpln_1g20020	ko:K17218
bpla:bpln_1g20030	ko:K11074
bpla:bpln_1g20040	ko:K11075
bpla:bpln_1g20050	ko:K11076
bpla:bpln_1g20060	ko:K11073
bpla:bpln_1g20080	ko:K06938
bpla:bpln_1g20090	ko:K07275
bpla:bpln_1g20100	ko:K00459
bpla:bpln_1g20120	ko:K07290
bpla:bpln_1g20130	ko:K02068
bpla:bpln_1g20140	ko:K02069
bpla:bpln_1g20180	ko:K01079
bpla:bpln_1g20190	ko:K01760
bpla:bpln_1g20210	ko:K00626
bpla:bpln_1g20220	ko:K00874
bpla:bpln_1g20230	ko:K14441
bpla:bpln_1g20260	ko:K01873
bpla:bpln_1g20270	ko:K01759
bpla:bpln_1g20280	ko:K07481
bpla:bpln_1g20310	ko:K10680
bpla:bpln_1g20360	ko:K14744
bpla:bpln_1g20370	ko:K01185
bpla:bpln_1g20540	ko:K21498
bpla:bpln_1g20550	ko:K07334
bpla:bpln_1g20760	ko:K12340
bpla:bpln_1g20770	ko:K11003
bpla:bpln_1g20780	ko:K11004
bpla:bpln_1g20920	ko:K07483
bpla:bpln_1g20930	ko:K19577
bpla:bpln_1g20940	ko:K07484
bpla:bpln_1g20950	ko:K07484
bpla:bpln_1g20990	ko:K03406
bpla:bpln_1g21020	ko:K16137
bpla:bpln_1g21030	ko:K00799
bpla:bpln_1g21220	ko:K00059
bpla:bpln_1g21230	ko:K01613
bpla:bpln_1g21300	ko:K00023
bpla:bpln_1g21310	ko:K00626
bpla:bpln_1g21320	ko:K03821
bpla:bpln_1g21330	ko:K05810
bpla:bpln_1g21340	ko:K06180
bpla:bpln_1g21350	ko:K05807
bpla:bpln_1g21360	ko:K03722
bpla:bpln_1g21390	ko:K06959
bpla:bpln_1g21400	ko:K03549
bpla:bpln_1g21410	ko:K07101
bpla:bpln_1g21420	ko:K01939
bpla:bpln_1g21430	ko:K02502
bpla:bpln_1g21440	ko:K09937
bpla:bpln_1g21450	ko:K04087
bpla:bpln_1g21460	ko:K04088
bpla:bpln_1g21470	ko:K03665
bpla:bpln_1g21480	ko:K03666
bpla:bpln_1g21490	ko:K03977
bpla:bpln_1g21500	ko:K17713
bpla:bpln_1g21520	ko:K01892
bpla:bpln_1g21530	ko:K03526
bpla:bpln_1g21540	ko:K15539
bpla:bpln_1g21550	ko:K06941
bpla:bpln_1g21560	ko:K00940
bpla:bpln_1g21570	ko:K19416
bpla:bpln_1g21580	ko:K03215
bpla:bpln_1g21600	ko:K07501
bpla:bpln_1g21610	ko:K03087
bpla:bpln_1g21620	ko:K06194
bpla:bpln_1g21630	ko:K00573
bpla:bpln_1g21640	ko:K03787
bpla:bpln_1g21650	ko:K18313
bpla:bpln_1g21660	ko:K06187
bpla:bpln_1g21670	ko:K09747
bpla:bpln_1g21680	ko:K02343
bpla:bpln_1g21690	ko:K03671
bpla:bpln_1g21700	ko:K03628
bpla:bpln_1g21720	ko:K03446
bpla:bpln_1g21730	ko:K09933
bpla:bpln_1g21740	ko:K02909
bpla:bpln_1g21760	ko:K26939
bpla:bpln_1g21770	ko:K00627
bpla:bpln_1g21780	ko:K21417
bpla:bpln_1g21790	ko:K21416
bpla:bpln_1g21810	ko:K21405
bpla:bpln_1g21820	ko:K02237
bpla:bpln_1g21840	ko:K03695
bpla:bpln_1g21850	ko:K13771
bpla:bpln_1g21860	ko:K06886
bpla:bpln_1g21880	ko:K03635
bpla:bpln_1g21890	ko:K03636
bpla:bpln_1g21900	ko:K03750
bpla:bpln_1g21910	ko:K01733
bpla:bpln_1g21920	ko:K00003
bpla:bpln_1g21930	ko:K14260
bpla:bpln_1g21980	ko:K10012
bpla:bpln_1g21990	ko:K00604
bpla:bpln_1g22010	ko:K13014
bpla:bpln_1g22020	ko:K03564
bpla:bpln_1g22030	ko:K07175
bpla:bpln_1g22060	ko:K03306
bpla:bpln_1g22070	ko:K07220
bpla:bpln_1g22080	ko:K02314
bpla:bpln_1g22090	ko:K02939
bpla:bpln_1g22100	ko:K02963
bpla:bpln_1g22110	ko:K02686
bpla:bpln_1g22120	ko:K02990
bpla:bpln_1g22140	ko:K01608
bpla:bpln_1g22150	ko:K01816
bpla:bpln_1g22160	ko:K00042
bpla:bpln_1g22170	ko:K01424
bpla:bpln_1g22250	ko:K06867
bpla:bpln_1g22260	ko:K03424
bpla:bpln_1g22270	ko:K02341
bpla:bpln_1g22280	ko:K00943
bpla:bpln_1g22290	ko:K07082
bpla:bpln_1g22300	ko:K06980
bpla:bpln_1g22340	ko:K00632
bpla:bpln_1g22350	ko:K08281
bpla:bpln_1g22360	ko:K07516
bpla:bpln_1g22370	ko:K20034
bpla:bpln_1g22380	ko:K08997
bpla:bpln_1g22390	ko:K07305
bpla:bpln_1g22400	ko:K06190
bpla:bpln_1g22410	ko:K05527
bpla:bpln_1g22420	ko:K03769
bpla:bpln_1g22430	ko:K03790
bpla:bpln_1g22450	ko:K01687
bpla:bpln_1g22460	ko:K01952
bpla:bpln_1g22480	ko:K23997
bpla:bpln_1g22490	ko:K01810
bpla:bpln_1g22500	ko:K02003
bpla:bpln_1g22510	ko:K10804
bpla:bpln_1g22520	ko:K03770
bpla:bpln_1g22530	ko:K03406
bpla:bpln_1g22550	ko:K03776
bpla:bpln_1g22560	ko:K03406
bpla:bpln_1g22580	ko:K03566
bpla:bpln_1g22610	ko:K06999
bpla:bpln_1g22620	ko:K03530
bpla:bpln_1g22630	ko:K01338
bpla:bpln_1g22640	ko:K03544
bpla:bpln_1g22650	ko:K01358
bpla:bpln_1g22660	ko:K03545
bpla:bpln_1g22670	ko:K00865
bpla:bpln_1g22710	ko:K01785
bpla:bpln_1g22720	ko:K02529
bpla:bpln_1g22730	ko:K23508
bpla:bpln_1g22740	ko:K10820
bpla:bpln_1g22750	ko:K23509
bpla:bpln_1g22760	ko:K23509
bpla:bpln_1g22850	ko:K02556
bpla:bpln_1g22860	ko:K02557
bpla:bpln_1g22870	ko:K02291
bpla:bpln_1g22910	ko:K07659
bpla:bpln_1g22920	ko:K07638
bpla:bpln_1g22930	ko:K24126
bpla:bpln_1g22940	ko:K01770
bpla:bpln_1g22950	ko:K00991
bpla:bpln_1g22960	ko:K03723
bpla:bpln_1g22970	ko:K01438
bpla:bpln_1g22980	ko:K01754
bpla:bpln_1g23000	ko:K05366
bpla:bpln_1g23010	ko:K03969
bpla:bpln_1g23030	ko:K03282
bpla:bpln_1g23050	ko:K09165
bpla:bpln_1g23070	ko:K18456
bpla:bpln_1g23080	ko:K07127
bpla:bpln_1g23110	ko:K01483
bpla:bpln_1g23120	ko:K01477
bpla:bpln_1g23130	ko:K13485
bpla:bpln_1g23140	ko:K16842
bpla:bpln_1g23150	ko:K16841
bpla:bpln_1g23160	ko:K03457
bpla:bpln_1g23180	ko:K01297
bpla:bpln_1g23190	ko:K11991
bpla:bpln_1g23210	ko:K09983
bpla:bpln_1g23250	ko:K01628
bpla:bpln_1g23270	ko:K00036
bpla:bpln_1g23280	ko:K00059
bpla:bpln_1g23300	ko:K03457
bpla:bpln_1g23310	ko:K10680
bpla:bpln_1g23330	ko:K05817
bpla:bpln_1g23560	ko:K20533
bpla:bpln_1g23570	ko:K20532
bpla:bpln_1g23580	ko:K20531
bpla:bpln_1g23590	ko:K07344
bpla:bpln_1g23610	ko:K20266
bpla:bpln_1g23620	ko:K20530
bpla:bpln_1g23630	ko:K20529
bpla:bpln_1g23640	ko:K20528
bpla:bpln_1g23650	ko:K20527
bpla:bpln_1g23720	ko:K01118
bpla:bpln_1g23780	ko:K03496
bpla:bpln_1g23850	ko:K03497
bpla:bpln_1g23880	ko:K07052
bpla:bpln_1g23960	ko:K07733
bpla:bpln_1g23980	ko:K01951
bpla:bpln_1g24000	ko:K00088
bpla:bpln_1g24020	ko:K09801
bpla:bpln_1g24040	ko:K03664
bpla:bpln_1g24070	ko:K01007
bpla:bpln_1g24080	ko:K09773
bpla:bpln_1g24090	ko:K03437
bpla:bpln_1g24100	ko:K03470
bpla:bpln_1g24110	ko:K00748
bpla:bpln_1g24120	ko:K00677
bpla:bpln_1g24130	ko:K02372
bpla:bpln_1g24140	ko:K02536
bpla:bpln_1g24150	ko:K06142
bpla:bpln_1g24160	ko:K07277
bpla:bpln_1g24170	ko:K11749
bpla:bpln_1g24180	ko:K00099
bpla:bpln_1g24190	ko:K00981
bpla:bpln_1g24200	ko:K00806
bpla:bpln_1g24210	ko:K02838
bpla:bpln_1g24220	ko:K09903
bpla:bpln_1g24230	ko:K02357
bpla:bpln_1g24240	ko:K02967
bpla:bpln_1g24250	ko:K01265
bpla:bpln_1g24260	ko:K00990
bpla:bpln_1g24270	ko:K06182
bpla:bpln_1g24280	ko:K01462
bpla:bpln_1g24290	ko:K01972
bpla:bpln_1g24310	ko:K03529
bpla:bpln_1g24330	ko:K14267
bpla:bpln_1g24340	ko:K00674
bpla:bpln_1g24360	ko:K01439
bpla:bpln_1g24370	ko:K07320
bpla:bpln_1g24380	ko:K06131
bpla:bpln_1g24390	ko:K00432
bpla:bpln_1g24400	ko:K06158
bpla:bpln_1g24420	ko:K04485
bpla:bpln_1g24430	ko:K01775
bpla:bpln_1g24440	ko:K08227
bpla:bpln_1g24450	ko:K00941
bpla:bpln_1g24460	ko:K09977
bpla:bpln_1g24470	ko:K21929
bpla:bpln_1g24480	ko:K03789
bpla:bpln_1g24490	ko:K14742
bpla:bpln_1g24520	ko:K01637
bpla:bpln_1g24550	ko:K01560
bpla:bpln_1g24590	ko:K01885
bpla:bpln_1g24600	ko:K07812
bpla:bpln_1g24610	ko:K03533
bpla:bpln_1g24630	ko:K07001
bpla:bpln_1g24650	ko:K13896
bpla:bpln_1g24660	ko:K13895
bpla:bpln_1g24670	ko:K13894
bpla:bpln_1g24680	ko:K13893
bpla:bpln_1g24710	ko:K03457
bpla:bpln_1g24730	ko:K03710
bpla:bpln_1g24770	ko:K03829
bpla:bpln_1g24780	ko:K19338
bpla:bpln_1g24790	ko:K10221
bpla:bpln_1g24800	ko:K11103
bpla:bpln_1g24820	ko:K03566
bpla:bpln_1g24830	ko:K01439
bpla:bpln_1g24840	ko:K01799
bpla:bpln_1g24850	ko:K02028
bpla:bpln_1g24850	ko:K02029
bpla:bpln_1g24860	ko:K02030
bpla:bpln_1g24880	ko:K00928
bpla:bpln_1g24890	ko:K04075
bpla:bpln_1g24900	ko:K01962
bpla:bpln_1g24910	ko:K01247
bpla:bpln_1g24920	ko:K01883
bpla:bpln_1g24940	ko:K03767
bpla:bpln_1g24950	ko:K03768
bpla:bpln_1g24960	ko:K03269
bpla:bpln_1g24970	ko:K00640
bpla:bpln_1g24980	ko:K02533
bpla:bpln_1g24990	ko:K01092
bpla:bpln_1g25010	ko:K02526
bpla:bpln_1g25020	ko:K01815
bpla:bpln_1g25030	ko:K00065
bpla:bpln_1g25040	ko:K19333
bpla:bpln_1g25050	ko:K01426
bpla:bpln_1g25070	ko:K01455
bpla:bpln_1g25080	ko:K11963
bpla:bpln_1g25090	ko:K11962
bpla:bpln_1g25100	ko:K11961
bpla:bpln_1g25110	ko:K11960
bpla:bpln_1g25120	ko:K11959
bpla:bpln_1g25200	ko:K03555
bpla:bpln_1g25220	ko:K03775
bpla:bpln_1g25230	ko:K18850
bpla:bpln_1g25250	ko:K07287
bpla:bpln_1g25260	ko:K01714
bpla:bpln_1g25280	ko:K01867
bpla:bpln_1g25310	ko:K07053
bpla:bpln_1g25340	ko:K28956
bpla:bpln_1g25350	ko:K04083
bpla:bpln_1g25370	ko:K05589
bpla:bpln_1g25380	ko:K01689
bpla:bpln_1g25390	ko:K01627
bpla:bpln_1g25400	ko:K01937
bpla:bpln_1g25420	ko:K02238
bpla:bpln_1g25430	ko:K03424
bpla:bpln_1g25440	ko:K09810
bpla:bpln_1g25450	ko:K09808
bpla:bpln_1g25470	ko:K07462
bpla:bpln_1g25480	ko:K02836
bpla:bpln_1g25490	ko:K04567
bpla:bpln_1g25520	ko:K04755
bpla:bpln_1g25530	ko:K04044
bpla:bpln_1g25540	ko:K04082
bpla:bpln_1g25550	ko:K13628
bpla:bpln_1g25560	ko:K04488
bpla:bpln_1g25570	ko:K04487
bpla:bpln_1g25580	ko:K13643
bpla:bpln_1g25590	ko:K25307
bpla:bpln_1g25610	ko:K18929
bpla:bpln_1g25620	ko:K18928
bpla:bpln_1g25640	ko:K07262
bpla:bpln_1g25660	ko:K00382
bpla:bpln_1g25670	ko:K00627
bpla:bpln_1g25680	ko:K00163
bpla:bpln_1g25710	ko:K01491
bpla:bpln_1g25720	ko:K01414
bpla:bpln_1g25730	ko:K02346
bpla:bpln_1g25750	ko:K01940
bpla:bpln_1g25780	ko:K00860
bpla:bpln_1g25790	ko:K25316
bpla:bpln_1g25880	ko:K01142
bpla:bpln_1g25890	ko:K01322
bpla:bpln_1g25900	ko:K07712
bpla:bpln_1g25910	ko:K07708
bpla:bpln_1g25920	ko:K01915
bpla:bpln_1g25980	ko:K03578
bpla:bpln_1g25990	ko:K14682
bpla:bpln_1g26020	ko:K12256
bpla:bpln_1g26030	ko:K01915
bpla:bpln_1g26040	ko:K07010
bpla:bpln_1g26070	ko:K09472
bpla:bpln_1g26080	ko:K01458
bpla:bpln_1g26090	ko:K05603
bpla:bpln_1g26100	ko:K01468
bpla:bpln_1g26110	ko:K09975
bpla:bpln_1g26120	ko:K01712
bpla:bpln_1g26130	ko:K05836
bpla:bpln_1g26140	ko:K01745
bpla:bpln_1g26150	ko:K06133
bpla:bpln_1g26170	ko:K01669
bpla:bpln_1g26180	ko:K00496
bpla:bpln_1g26190	ko:K00135
bpla:bpln_1g26210	ko:K28280
bpla:bpln_1g26230	ko:K18991
bpla:bpln_1g26290	ko:K18843
bpla:bpln_1g26330	ko:K16090
bpla:bpln_1g26340	ko:K07336
bpla:bpln_1g26350	ko:K16422
bpla:bpln_1g26360	ko:K03406
bpla:bpln_1g26410	ko:K11904
bpla:bpln_1g26430	ko:K14393
bpla:bpln_1g26450	ko:K01895
bpla:bpln_1g26480	ko:K01676
bpla:bpln_1g26490	ko:K03594
bpla:bpln_1g26500	ko:K01776
bpla:bpln_1g26510	ko:K02192
bpla:bpln_1g26520	ko:K03832
bpla:bpln_1g26530	ko:K03561
bpla:bpln_1g26540	ko:K03559
bpla:bpln_1g26560	ko:K06911
bpla:bpln_1g26600	ko:K07243
bpla:bpln_1g26620	ko:K07230
bpla:bpln_1g26630	ko:K03702
bpla:bpln_1g26640	ko:K00832
bpla:bpln_1g26650	ko:K00019
bpla:bpln_1g26670	ko:K07115
bpla:bpln_1g26700	ko:K19591
bpla:bpln_1g26760	ko:K09861
bpla:bpln_1g26770	ko:K07063
bpla:bpln_1g26780	ko:K14287
bpla:bpln_1g26790	ko:K00799
bpla:bpln_1g26830	ko:K00249
bpla:bpln_1g26860	ko:K28556
bpla:bpln_1g26870	ko:K04118
bpla:bpln_1g26890	ko:K01515
bpla:bpln_1g26910	ko:K00343
bpla:bpln_1g26920	ko:K00342
bpla:bpln_1g26930	ko:K00341
bpla:bpln_1g26940	ko:K00340
bpla:bpln_1g26950	ko:K00339
bpla:bpln_1g26960	ko:K00338
bpla:bpln_1g26970	ko:K00337
bpla:bpln_1g26980	ko:K00336
bpla:bpln_1g26990	ko:K00335
bpla:bpln_1g27000	ko:K00334
bpla:bpln_1g27010	ko:K00333
bpla:bpln_1g27020	ko:K00332
bpla:bpln_1g27030	ko:K00331
bpla:bpln_1g27040	ko:K00330
bpla:bpln_1g27050	ko:K03075
bpla:bpln_1g27060	ko:K01803
bpla:bpln_1g27080	ko:K00962
bpla:bpln_1g27090	ko:K02956
bpla:bpln_1g27110	ko:K01673
bpla:bpln_1g27130	ko:K01649
bpla:bpln_1g27140	ko:K17103
bpla:bpln_1g27150	ko:K01613
bpla:bpln_1g27160	ko:K00053
bpla:bpln_1g27170	ko:K01653
bpla:bpln_1g27180	ko:K01652
bpla:bpln_1g27190	ko:K03088
bpla:bpln_1g27240	ko:K27597
bpla:bpln_1g27250	ko:K00901
bpla:bpln_1g27300	ko:K06886
bpla:bpln_1g27310	ko:K02004
bpla:bpln_1g27330	ko:K11741
bpla:bpln_1g27340	ko:K07667
bpla:bpln_1g27350	ko:K07646
bpla:bpln_1g27360	ko:K01548
bpla:bpln_1g27370	ko:K01547
bpla:bpln_1g27380	ko:K01546
bpla:bpln_1g27400	ko:K00344
bpla:bpln_1g27420	ko:K01734
bpla:bpln_1g27430	ko:K00059
bpla:bpln_1g27440	ko:K00761
bpla:bpln_1g27460	ko:K01945
bpla:bpln_1g27470	ko:K00228
bpla:bpln_1g27480	ko:K00969
bpla:bpln_1g27490	ko:K09710
bpla:bpln_1g27500	ko:K00783
bpla:bpln_1g27510	ko:K06287
bpla:bpln_1g27520	ko:K08301
bpla:bpln_1g27540	ko:K19577
bpla:bpln_1g27610	ko:K11085
bpla:bpln_1g27650	ko:K02849
bpla:bpln_1g27660	ko:K02337
bpla:bpln_1g27670	ko:K07146
bpla:bpln_1g27680	ko:K01894
bpla:bpln_1g27690	ko:K11927
bpla:bpln_1g27720	ko:K08289
bpla:bpln_1g27740	ko:K03466
bpla:bpln_1g27750	ko:K07404
bpla:bpln_1g27770	ko:K05973
bpla:bpln_1g27790	ko:K03616
bpla:bpln_1g27800	ko:K10773
bpla:bpln_1g27850	ko:K09989
bpla:bpln_1g27860	ko:K05782
bpla:bpln_1g27870	ko:K00616
bpla:bpln_1g27880	ko:K04750
bpla:bpln_1g27930	ko:K03181
bpla:bpln_1g27940	ko:K04079
bpla:bpln_1g27980	ko:K05825
bpla:bpln_1g28020	ko:K07240
bpla:bpln_1g28040	ko:K02621
bpla:bpln_1g28050	ko:K02622
bpla:bpln_1g28060	ko:K15738
bpla:bpln_1g28100	ko:K12368
bpla:bpln_1g28140	ko:K07262
bpla:bpln_1g28150	ko:K08276
bpla:bpln_1g28200	ko:K08169
bpla:bpln_1g28220	ko:K00697
bpla:bpln_1g28260	ko:K02049
bpla:bpln_1g28270	ko:K02050
bpla:bpln_1g28290	ko:K07638
bpla:bpln_1g28300	ko:K07659
bpla:bpln_1g28320	ko:K10014
bpla:bpln_1g28330	ko:K10016
bpla:bpln_1g28340	ko:K10015
bpla:bpln_1g28350	ko:K10017
bpla:bpln_1g28370	ko:K04751
bpla:bpln_1g28380	ko:K01950
bpla:bpln_1g28390	ko:K09919
bpla:bpln_1g28400	ko:K07461
bpla:bpln_1g28410	ko:K01507
bpla:bpln_1g28420	ko:K00128
bpla:bpln_1g28430	ko:K00059
bpla:bpln_1g28450	ko:K02498
bpla:bpln_1g28460	ko:K13543
bpla:bpln_1g28470	ko:K01749
bpla:bpln_1g28480	ko:K01595
bpla:bpln_1g28500	ko:K01755
bpla:bpln_1g28520	ko:K01584
bpla:bpln_1g28530	ko:K01494
bpla:bpln_1g28540	ko:K04565
bpla:bpln_1g28550	ko:K03593
bpla:bpln_1g28570	ko:K01874
bpla:bpln_1g28580	ko:K09800
bpla:bpln_1g28590	ko:K07278
bpla:bpln_1g28610	ko:K05896
bpla:bpln_1g28620	ko:K01918
bpla:bpln_1g28630	ko:K01579
bpla:bpln_1g28640	ko:K03496
bpla:bpln_1g28650	ko:K15977
bpla:bpln_1g28660	ko:K02232
bpla:bpln_1g28670	ko:K02231
bpla:bpln_1g28680	ko:K02227
bpla:bpln_1g28690	ko:K02225
bpla:bpln_1g28700	ko:K02016
bpla:bpln_1g28710	ko:K02226
bpla:bpln_1g28720	ko:K02233
bpla:bpln_1g28730	ko:K00768
bpla:bpln_1g28740	ko:K02013
bpla:bpln_1g28750	ko:K02015
bpla:bpln_1g28760	ko:K16092
bpla:bpln_1g28780	ko:K09888
bpla:bpln_1g28810	ko:K13292
bpla:bpln_1g28830	ko:K01687
bpla:bpln_1g28840	ko:K08738
bpla:bpln_1g28860	ko:K02339
bpla:bpln_1g28870	ko:K01255
bpla:bpln_1g28880	ko:K07091
bpla:bpln_1g28890	ko:K11720
bpla:bpln_1g28900	ko:K03795
bpla:bpln_1g28910	ko:K02303
bpla:bpln_1g28920	ko:K00956
bpla:bpln_1g28930	ko:K00957
bpla:bpln_1g28940	ko:K00390
bpla:bpln_1g28960	ko:K00381
bpla:bpln_1g28970	ko:K13634
bpla:bpln_1g28980	ko:K06183
bpla:bpln_1g29010	ko:K00523
bpla:bpln_1g29020	ko:K00821
bpla:bpln_1g29040	ko:K01996
bpla:bpln_1g29050	ko:K01995
bpla:bpln_1g29060	ko:K01998
bpla:bpln_1g29070	ko:K01997
bpla:bpln_1g29080	ko:K03527
bpla:bpln_1g29090	ko:K03774
bpla:bpln_1g29100	ko:K03630
bpla:bpln_1g29110	ko:K02902
bpla:bpln_1g29120	ko:K02913
bpla:bpln_1g29130	ko:K00278
bpla:bpln_1g29140	ko:K00767
bpla:bpln_1g29150	ko:K03517
bpla:bpln_1g29160	ko:K00507
bpla:bpln_1g29180	ko:K03500
bpla:bpln_1g29190	ko:K11175
bpla:bpln_1g29200	ko:K11753
bpla:bpln_1g29210	ko:K01870
bpla:bpln_1g29220	ko:K03101
bpla:bpln_1g29230	ko:K13038
bpla:bpln_1g29240	ko:K01520
bpla:bpln_1g29250	ko:K03694
bpla:bpln_1g29260	ko:K06891
bpla:bpln_1g29270	ko:K03704
bpla:bpln_1g29290	ko:K03413
bpla:bpln_1g29330	ko:K03407
bpla:bpln_1g29350	ko:K00031
bpla:bpln_1g29360	ko:K00031
bpla:bpln_1g29370	ko:K06181
bpla:bpln_1g29380	ko:K09005
bpla:bpln_1g29390	ko:K02355
bpla:bpln_1g29420	ko:K07241
bpla:bpln_1g29440	ko:K24967
bpla:bpln_1g29460	ko:K01647
bpla:bpln_1g29490	ko:K00077
bpla:bpln_1g29510	ko:K10914
bpla:bpln_1g29520	ko:K04564
bpla:bpln_1g29530	ko:K03601
bpla:bpln_1g29540	ko:K00912
bpla:bpln_1g29550	ko:K09791
bpla:bpln_1g29560	ko:K00979
bpla:bpln_1g29570	ko:K00939
bpla:bpln_1g29600	ko:K03980
bpla:bpln_1g29610	ko:K02968
bpla:bpln_1g29630	ko:K00611
bpla:bpln_1g29640	ko:K00075
bpla:bpln_1g29650	ko:K09767
bpla:bpln_1g29660	ko:K08591
bpla:bpln_1g29680	ko:K01897
bpla:bpln_1g29690	ko:K04763
bpla:bpln_1g29700	ko:K00567
bpla:bpln_1g29710	ko:K18979
bpla:bpln_1g29720	ko:K06925
bpla:bpln_1g29730	ko:K01448
bpla:bpln_1g29740	ko:K15268
bpla:bpln_1g29760	ko:K05838
bpla:bpln_1g29770	ko:K22132
bpla:bpln_1g29780	ko:K00275
bpla:bpln_1g29790	ko:K00574
bpla:bpln_1g29810	ko:K07304
bpla:bpln_1g29830	ko:K03719
bpla:bpln_1g29840	ko:K07130
bpla:bpln_1g29850	ko:K01556
bpla:bpln_1g29860	ko:K00453
bpla:bpln_1g29870	ko:K08195
bpla:bpln_1g29880	ko:K00007
bpla:bpln_1g29890	ko:K00854
bpla:bpln_1g29910	ko:K10111
bpla:bpln_1g29930	ko:K10229
bpla:bpln_1g29940	ko:K10228
bpla:bpln_1g29950	ko:K10227
bpla:bpln_1g29960	ko:K16371
bpla:bpln_1g29970	ko:K00847
bpla:bpln_1g29980	ko:K21620
bpla:bpln_1g29990	ko:K09823
bpla:bpln_1g30000	ko:K02077
bpla:bpln_1g30010	ko:K02074
bpla:bpln_1g30020	ko:K02075
bpla:bpln_1g30030	ko:K01070
bpla:bpln_1g30040	ko:K00121
bpla:bpln_1g30050	ko:K24206
bpla:bpln_1g30060	ko:K18139
bpla:bpln_1g30070	ko:K18138
bpla:bpln_1g30080	ko:K03585
bpla:bpln_1g30090	ko:K03577
bpla:bpln_1g30100	ko:K09386
bpla:bpln_1g30120	ko:K04771
bpla:bpln_1g30130	ko:K02484
bpla:bpln_1g30140	ko:K02483
bpla:bpln_1g30150	ko:K07259
bpla:bpln_1g30180	ko:K07566
bpla:bpln_1g30190	ko:K01589
bpla:bpln_1g30200	ko:K01588
bpla:bpln_1g30210	ko:K01923
bpla:bpln_1g30220	ko:K01624
bpla:bpln_1g30230	ko:K00873
bpla:bpln_1g30240	ko:K00927
bpla:bpln_1g30250	ko:K26606
bpla:bpln_1g30260	ko:K26605
bpla:bpln_1g30280	ko:K02843
bpla:bpln_1g30300	ko:K07019
bpla:bpln_1g30320	ko:K01423
bpla:bpln_1g30330	ko:K03637
bpla:bpln_1g30340	ko:K03285
bpla:bpln_1g30370	ko:K11904
bpla:bpln_1g30380	ko:K03832
bpla:bpln_1g30410	ko:K02650
bpla:bpln_1g30430	ko:K01902
bpla:bpln_1g30440	ko:K01903
bpla:bpln_1g30450	ko:K03565
bpla:bpln_1g30460	ko:K03553
bpla:bpln_1g30470	ko:K02483
bpla:bpln_1g30520	ko:K07483
bpla:bpln_1g30530	ko:K07484
bpla:bpln_1g30540	ko:K07484
bpla:bpln_1g30560	ko:K07497
bpla:bpln_1g30570	ko:K07485
bpla:bpln_1g30670	ko:K14287
bpla:bpln_1g30690	ko:K07649
bpla:bpln_1g30700	ko:K07774
bpla:bpln_1g30720	ko:K00344
bpla:bpln_1g30730	ko:K15553
bpla:bpln_1g30760	ko:K19577
bpla:bpln_1g30880	ko:K23777
bpla:bpln_1g30890	ko:K03543
bpla:bpln_1g30900	ko:K03446
bpla:bpln_1g30930	ko:K01684
bpla:bpln_1g30950	ko:K07245
bpla:bpln_1g30980	ko:K11927
bpla:bpln_1g31010	ko:K00681
bpla:bpln_1g31020	ko:K02444
bpla:bpln_1g31050	ko:K00111
bpla:bpln_1g31060	ko:K00864
bpla:bpln_1g31070	ko:K02440
bpla:bpln_1g31100	ko:K06168
bpla:bpln_1g31110	ko:K06217
bpla:bpln_1g31120	ko:K07042
bpla:bpln_1g31130	ko:K07232
bpla:bpln_1g31140	ko:K06189
bpla:bpln_1g31150	ko:K03820
bpla:bpln_1g31170	ko:K01878
bpla:bpln_1g31180	ko:K01879
bpla:bpln_1g31190	ko:K03273
bpla:bpln_1g31200	ko:K00655
bpla:bpln_1g31220	ko:K01759
bpla:bpln_1g31230	ko:K02528
bpla:bpln_1g31240	ko:K00097
bpla:bpln_1g31250	ko:K03771
bpla:bpln_1g31260	ko:K04744
bpla:bpln_1g31270	ko:K07102
bpla:bpln_1g31280	ko:K00992
bpla:bpln_1g31290	ko:K24821
bpla:bpln_1g31300	ko:K10806
bpla:bpln_1g31320	ko:K02379
bpla:bpln_1g31340	ko:K00632
bpla:bpln_1g31350	ko:K07516
bpla:bpln_1g31360	ko:K20035
bpla:bpln_1g31380	ko:K06131
bpla:bpln_1g31390	ko:K08310
bpla:bpln_1g31400	ko:K13936
bpla:bpln_1g31420	ko:K01876
bpla:bpln_1g31460	ko:K03688
bpla:bpln_1g31470	ko:K03690
bpla:bpln_1g31490	ko:K03183
bpla:bpln_1g31530	ko:K01754
bpla:bpln_1g31540	ko:K06879
bpla:bpln_1g31560	ko:K06015
bpla:bpln_1g31590	ko:K05520
bpla:bpln_1g31680	ko:K03446
bpla:bpln_1g31690	ko:K03543
bpla:bpln_1g31700	ko:K18139
bpla:bpln_1g31770	ko:K03111
bpla:bpln_1g31790	ko:K03701
bpla:bpln_1g31810	ko:K01433
bpla:bpln_1g31840	ko:K00759
bpla:bpln_1g31850	ko:K03455
bpla:bpln_1g31860	ko:K06041
bpla:bpln_1g31870	ko:K03270
bpla:bpln_1g31880	ko:K11719
bpla:bpln_1g31890	ko:K09774
bpla:bpln_1g31900	ko:K06861
bpla:bpln_1g31910	ko:K03092
bpla:bpln_1g31920	ko:K05808
bpla:bpln_1g31930	ko:K02806
bpla:bpln_1g31940	ko:K06023
bpla:bpln_1g31950	ko:K06958
bpla:bpln_1g31960	ko:K07157
bpla:bpln_1g31970	ko:K03575
bpla:bpln_1g31980	ko:K10563
bpla:bpln_1g32000	ko:K02494
bpla:bpln_1g32010	ko:K00919
bpla:bpln_1g32020	ko:K00948
bpla:bpln_1g32030	ko:K02897
bpla:bpln_1g32040	ko:K01056
bpla:bpln_1g32050	ko:K00817
bpla:bpln_1g32070	ko:K02106
bpla:bpln_1g32080	ko:K00954
bpla:bpln_1g32090	ko:K08316
bpla:bpln_1g32100	ko:K03110
bpla:bpln_1g32110	ko:K01800
bpla:bpln_1g32130	ko:K01649
bpla:bpln_1g32150	ko:K12976
bpla:bpln_1g32160	ko:K03089
bpla:bpln_1g32180	ko:K00425
bpla:bpln_1g32190	ko:K00426
bpla:bpln_1g32200	ko:K02804
bpla:bpln_1g32210	ko:K23993
bpla:bpln_1g32220	ko:K00820
bpla:bpln_1g32230	ko:K01443
bpla:bpln_1g32240	ko:K01799
bpla:bpln_1g32300	ko:K14162
bpla:bpln_1g32310	ko:K14161
bpla:bpln_1g32320	ko:K14160
bpla:bpln_1g32330	ko:K02073
bpla:bpln_1g32340	ko:K07152
bpla:bpln_1g32350	ko:K02257
bpla:bpln_1g32360	ko:K02259
bpla:bpln_1g32380	ko:K14998
bpla:bpln_1g32400	ko:K02276
bpla:bpln_1g32420	ko:K02258
bpla:bpln_1g32440	ko:K02274
bpla:bpln_1g32450	ko:K02275
bpla:bpln_1g32470	ko:K02169
bpla:bpln_1g32490	ko:K03216
bpla:bpln_1g32500	ko:K23518
bpla:bpln_1g32510	ko:K00057
bpla:bpln_1g32520	ko:K03071
bpla:bpln_1g32530	ko:K03676
bpla:bpln_1g32550	ko:K01834
bpla:bpln_1g32560	ko:K03797
bpla:bpln_1g32570	ko:K21029
bpla:bpln_1g32580	ko:K08483
bpla:bpln_1g32590	ko:K02784
bpla:bpln_1g32600	ko:K02793
bpla:bpln_1g32610	ko:K01920
bpla:bpln_1g32620	ko:K01919
bpla:bpln_1g32630	ko:K03320
bpla:bpln_1g32640	ko:K04752
bpla:bpln_1g32650	ko:K09806
bpla:bpln_1g32660	ko:K07391
bpla:bpln_1g32690	ko:K10126
bpla:bpln_1g32700	ko:K10125
bpla:bpln_1g32710	ko:K11103
bpla:bpln_1g32740	ko:K07516
bpla:bpln_1g32760	ko:K00681
bpla:bpln_1g32770	ko:K15552
bpla:bpln_1g32780	ko:K10831
bpla:bpln_1g32790	ko:K15551
bpla:bpln_1g32800	ko:K03644
bpla:bpln_1g32810	ko:K03801
bpla:bpln_1g32830	ko:K03566
bpla:bpln_1g32840	ko:K09158
bpla:bpln_1g32850	ko:K00824
bpla:bpln_1g32860	ko:K07258
bpla:bpln_1g32870	ko:K07018
bpla:bpln_1g32900	ko:K18480
bpla:bpln_1g32910	ko:K02067
bpla:bpln_1g32920	ko:K02065
bpla:bpln_1g32930	ko:K02066
bpla:bpln_1g32940	ko:K03524
bpla:bpln_1g32950	ko:K03525
bpla:bpln_1g32970	ko:K21345
bpla:bpln_1g32990	ko:K07001
bpla:bpln_1g33020	ko:K16171
bpla:bpln_1g33060	ko:K00548
bpla:bpln_1g33070	ko:K00548
bpla:bpln_1g33090	ko:K01887
bpla:bpln_1g33110	ko:K03673
bpla:bpln_1g33130	ko:K07486
bpla:bpln_1g33140	ko:K12368
bpla:bpln_1g33170	ko:K01673
bpla:bpln_1g33180	ko:K00626
bpla:bpln_1g33200	ko:K09858
bpla:bpln_1g33220	ko:K00833
bpla:bpln_1g33230	ko:K00652
bpla:bpln_1g33240	ko:K01935
bpla:bpln_1g33250	ko:K01012
bpla:bpln_1g33260	ko:K06201
bpla:bpln_1g33280	ko:K24163
bpla:bpln_1g33290	ko:K04090
bpla:bpln_1g33300	ko:K02048
bpla:bpln_1g33320	ko:K01714
bpla:bpln_1g33330	ko:K07002
bpla:bpln_1g33340	ko:K12972
bpla:bpln_1g33350	ko:K01640
bpla:bpln_1g33370	ko:K06938
bpla:bpln_1g33380	ko:K01561
bpla:bpln_1g33390	ko:K00459
bpla:bpln_1g33430	ko:K14347
bpla:bpln_1g33460	ko:K29027
bpla:bpln_1g33470	ko:K00847
bpla:bpln_1g33520	ko:K01633
bpla:bpln_1g33530	ko:K14058
bpla:bpln_1g33540	ko:K04042
bpla:bpln_1g33550	ko:K00820
bpla:bpln_1g33600	ko:K09959
bpla:bpln_1g33620	ko:K01940
bpla:bpln_1g33650	ko:K02483
bpla:bpln_1g33660	ko:K18138
bpla:bpln_1g33670	ko:K03585
bpla:bpln_1g33680	ko:K18139
bpla:bpln_1g33700	ko:K03285
bpla:bpln_1g33730	ko:K02483
bpla:bpln_1g33750	ko:K02483
bpla:bpln_1g33770	ko:K00383
bpla:bpln_1g33830	ko:K07240
bpla:bpln_1g33840	ko:K07240
bpla:bpln_1g33850	ko:K03566
bpla:bpln_1g33860	ko:K09016
bpla:bpln_1g33870	ko:K02397
bpla:bpln_1g33880	ko:K02396
bpla:bpln_1g33890	ko:K21087
bpla:bpln_1g33900	ko:K02395
bpla:bpln_1g33910	ko:K02394
bpla:bpln_1g33920	ko:K02393
bpla:bpln_1g33930	ko:K02392
bpla:bpln_1g33940	ko:K02391
bpla:bpln_1g33950	ko:K02390
bpla:bpln_1g33960	ko:K02389
bpla:bpln_1g33970	ko:K02388
bpla:bpln_1g33980	ko:K02387
bpla:bpln_1g33990	ko:K02386
bpla:bpln_1g34000	ko:K02398
bpla:bpln_1g34010	ko:K02399
bpla:bpln_1g34020	ko:K00974
bpla:bpln_1g34030	ko:K00799
bpla:bpln_1g34050	ko:K08309
bpla:bpln_1g34060	ko:K01934
bpla:bpln_1g34080	ko:K23123
bpla:bpln_1g34090	ko:K23124
bpla:bpln_1g34100	ko:K07160
bpla:bpln_1g34110	ko:K09973
bpla:bpln_1g34120	ko:K12372
bpla:bpln_1g34130	ko:K12371
bpla:bpln_1g34140	ko:K12370
bpla:bpln_1g34150	ko:K12369
bpla:bpln_1g34160	ko:K12368
bpla:bpln_1g34220	ko:K00528
bpla:bpln_1g34230	ko:K02480
bpla:bpln_1g34240	ko:K07689
bpla:bpln_1g34250	ko:K03294
bpla:bpln_1g34260	ko:K09939
bpla:bpln_1g34280	ko:K04061
bpla:bpln_1g34300	ko:K02423
bpla:bpln_1g34310	ko:K02422
bpla:bpln_1g34320	ko:K02408
bpla:bpln_1g34330	ko:K02409
bpla:bpln_1g34340	ko:K02410
bpla:bpln_1g34350	ko:K02411
bpla:bpln_1g34360	ko:K02412
bpla:bpln_1g34370	ko:K02413
bpla:bpln_1g34380	ko:K02414
bpla:bpln_1g34400	ko:K09456
bpla:bpln_1g34410	ko:K00154
bpla:bpln_1g34440	ko:K08224
bpla:bpln_1g34470	ko:K19265
bpla:bpln_1g34510	ko:K00789
bpla:bpln_1g34520	ko:K02517
bpla:bpln_1g34530	ko:K01778
bpla:bpln_1g34540	ko:K09921
bpla:bpln_1g34550	ko:K03733
bpla:bpln_1g34560	ko:K06969
bpla:bpln_1g34580	ko:K06204
bpla:bpln_1g34590	ko:K01419
bpla:bpln_1g34600	ko:K03667
bpla:bpln_1g34610	ko:K15012
bpla:bpln_1g34620	ko:K15011
bpla:bpln_1g34630	ko:K00930
bpla:bpln_1g34650	ko:K05501
bpla:bpln_1g34660	ko:K00641
bpla:bpln_1g34680	ko:K08218
bpla:bpln_1g34710	ko:K13979
bpla:bpln_1g34720	ko:K01142
bpla:bpln_1g34740	ko:K02434
bpla:bpln_1g34750	ko:K02433
bpla:bpln_1g34760	ko:K02435
bpla:bpln_1g34770	ko:K03569
bpla:bpln_1g34780	ko:K03570
bpla:bpln_1g34790	ko:K03571
bpla:bpln_1g34800	ko:K05515
bpla:bpln_1g34810	ko:K05837
bpla:bpln_1g34820	ko:K07126
bpla:bpln_1g34830	ko:K01737
bpla:bpln_1g34840	ko:K10026
bpla:bpln_1g34850	ko:K06920
bpla:bpln_1g34860	ko:K13599
bpla:bpln_1g34870	ko:K13598
bpla:bpln_1g34890	ko:K03500
bpla:bpln_1g34900	ko:K03799
bpla:bpln_1g34920	ko:K00604
bpla:bpln_1g34930	ko:K01462
bpla:bpln_1g34940	ko:K04096
bpla:bpln_1g34960	ko:K03169
bpla:bpln_1g34980	ko:K00058
bpla:bpln_1g35090	ko:K01919
bpla:bpln_1g35100	ko:K01247
bpla:bpln_1g35110	ko:K10778
bpla:bpln_1g35180	ko:K03650
bpla:bpln_1g35210	ko:K03217
bpla:bpln_1g35220	ko:K08998
bpla:bpln_1g35230	ko:K03536
bpla:bpln_1g35240	ko:K02914
bpla:bpln_1gr01	ko:K01977
bpla:bpln_1gr02	ko:K01980
bpla:bpln_1gr03	ko:K01985
bpla:bpln_1gr04	ko:K01977
bpla:bpln_1gr05	ko:K01980
bpla:bpln_1gr06	ko:K01985
bpla:bpln_1gr07	ko:K01985
bpla:bpln_1gr08	ko:K01980
bpla:bpln_1gr09	ko:K01977
bpla:bpln_1gt01	ko:K14219
bpla:bpln_1gt02	ko:K14218
bpla:bpln_1gt03	ko:K14227
bpla:bpln_1gt04	ko:K14218
bpla:bpln_1gt05	ko:K14236
bpla:bpln_1gt06	ko:K14225
bpla:bpln_1gt07	ko:K14234
bpla:bpln_1gt08	ko:K14235
bpla:bpln_1gt09	ko:K14234
bpla:bpln_1gt10	ko:K14227
bpla:bpln_1gt11	ko:K14218
bpla:bpln_1gt12	ko:K14232
bpla:bpln_1gt13	ko:K14229
bpla:bpln_1gt14	ko:K14225
bpla:bpln_1gt15	ko:K14233
bpla:bpln_1gt16	ko:K14233
bpla:bpln_1gt17	ko:K14219
bpla:bpln_1gt18	ko:K14219
bpla:bpln_1gt19	ko:K14234
bpla:bpln_1gt20	ko:K14220
bpla:bpln_1gt21	ko:K14220
bpla:bpln_1gt22	ko:K14225
bpla:bpln_1gt23	ko:K14225
bpla:bpln_1gt24	ko:K14222
bpla:bpln_1gt25	ko:K14232
bpla:bpln_1gt26	ko:K14219
bpla:bpln_1gt27	ko:K14237
bpla:bpln_1gt28	ko:K14232
bpla:bpln_1gt29	ko:K14228
bpla:bpln_1gt30	ko:K14228
bpla:bpln_1gt31	ko:K14228
bpla:bpln_1gt32	ko:K14230
bpla:bpln_1gt33	ko:K14226
bpla:bpln_1gt34	ko:K14221
bpla:bpln_1gt35	ko:K14237
bpla:bpln_1gt36	ko:K14228
bpla:bpln_1gt37	ko:K14221
bpla:bpln_1gt38	ko:K14224
bpla:bpln_1gt39	ko:K14218
bpla:bpln_1gt40	ko:K14218
bpla:bpln_1gt41	ko:K14233
bpla:bpln_1gt42	ko:K14230
bpla:bpln_1gt43	ko:K14237
bpla:bpln_1gt44	ko:K14233
bpla:bpln_1gt45	ko:K14218
bpla:bpln_1gt46	ko:K14227
bpla:bpln_1gt47	ko:K14228
bpla:bpln_1gt48	ko:K14219
bpla:bpln_1gt49	ko:K14228
bpla:bpln_1gt50	ko:K14230
bpla:bpln_1gt51	ko:K14223
bpla:bpln_1gt52	ko:K14231
bpla:bpln_1gt53	ko:K14229
bpla:bpln_1p0010	ko:K03496
bpla:bpln_1p0020	ko:K03497
bpla:bpln_1p0080	ko:K21449
bpla:bpln_1p0170	ko:K12056
bpla:bpln_1p0180	ko:K12072
bpla:bpln_1p0190	ko:K12057
bpla:bpln_1p0210	ko:K12058
bpla:bpln_1p0230	ko:K12059
bpla:bpln_1p0240	ko:K12060
bpla:bpln_1p0260	ko:K12061
bpla:bpln_1p0270	ko:K12062
bpla:bpln_1p0280	ko:K28223
bpla:bpln_1p0290	ko:K12063
bpla:bpln_1p0300	ko:K12064
bpla:bpln_1p0310	ko:K03981
bpla:bpln_1p0360	ko:K12065
bpla:bpln_1p0370	ko:K12066
bpla:bpln_1p0380	ko:K12067
bpla:bpln_1p0390	ko:K12068
bpla:bpln_1p0400	ko:K12069
bpla:bpln_1p0460	ko:K14393
bpla:bpln_1p0470	ko:K01501
bpla:bpln_1p0480	ko:K19666
bpla:bpln_1p0520	ko:K03607
bpla:bpln_1p0600	ko:K03497
bpla:bpln_1p0620	ko:K07319
bpla:bpln_1p0810	ko:K07486
bpla:bpln_1p0850	ko:K01118
bpla:bpln_1p0870	ko:K14160
bpla:bpln_1p0880	ko:K14161
bpla:bpln_1p0890	ko:K14162
bpla:bpln_1p0970	ko:K18576
bpla:bpln_1p0990	ko:K00355
bpla:bpln_1p1020	ko:K03406
bpla:bpln_1p1030	ko:K07689
bpla:bpln_1p1090	ko:K07217
bpla:bpln_1p1150	ko:K07484
bpla:bpln_1p1160	ko:K07484
bpla:bpln_1p1170	ko:K07483
bpla:bpln_1p1220	ko:K07497
bpla:bpln_1p1250	ko:K13021
bpla:bpln_1p1270	ko:K13953
bpla:bpln_1p1360	ko:K21607
bpla:bpln_1p1370	ko:K18068
bpla:bpln_1p1390	ko:K01796
bpla:bpln_1p1440	ko:K07498
bpla:bpln_1p1470	ko:K07726
bpla:bpln_1pt01	ko:K14219
bpla:bpln_2g00010	ko:K03496
bpla:bpln_2g00020	ko:K03497
bpla:bpln_2g00080	ko:K00639
bpla:bpln_2g00090	ko:K00060
bpla:bpln_2g00130	ko:K09958
bpla:bpln_2g00140	ko:K07246
bpla:bpln_2g00150	ko:K16135
bpla:bpln_2g00180	ko:K01706
bpla:bpln_2g00190	ko:K01707
bpla:bpln_2g00210	ko:K07001
bpla:bpln_2g00220	ko:K00019
bpla:bpln_2g00230	ko:K01574
bpla:bpln_2g00240	ko:K19302
bpla:bpln_2g00290	ko:K04068
bpla:bpln_2g00330	ko:K07085
bpla:bpln_2g00350	ko:K07006
bpla:bpln_2g00360	ko:K00799
bpla:bpln_2g00370	ko:K16345
bpla:bpln_2g00390	ko:K00156
bpla:bpln_2g00400	ko:K03543
bpla:bpln_2g00410	ko:K03446
bpla:bpln_2g00420	ko:K18904
bpla:bpln_2g00440	ko:K07507
bpla:bpln_2g00490	ko:K01613
bpla:bpln_2g00530	ko:K21929
bpla:bpln_2g00610	ko:K16137
bpla:bpln_2g00620	ko:K04063
bpla:bpln_2g00640	ko:K19333
bpla:bpln_2g00700	ko:K06895
bpla:bpln_2g00710	ko:K05596
bpla:bpln_2g00720	ko:K01420
bpla:bpln_2g00750	ko:K00640
bpla:bpln_2g00770	ko:K01495
bpla:bpln_2g00790	ko:K00481
bpla:bpln_2g00800	ko:K01031
bpla:bpln_2g00810	ko:K01032
bpla:bpln_2g00820	ko:K01857
bpla:bpln_2g00830	ko:K01055
bpla:bpln_2g00840	ko:K01607
bpla:bpln_2g00910	ko:K01953
bpla:bpln_2g00920	ko:K01897
bpla:bpln_2g00990	ko:K01950
bpla:bpln_2g01000	ko:K07116
bpla:bpln_2g01060	ko:K08162
bpla:bpln_2g01080	ko:K00612
bpla:bpln_2g01090	ko:K01607
bpla:bpln_2g01100	ko:K03829
bpla:bpln_2g01130	ko:K28762
bpla:bpln_2g01180	ko:K21607
bpla:bpln_2g01260	ko:K01652
bpla:bpln_2g01270	ko:K06989
bpla:bpln_2g01300	ko:K05874
bpla:bpln_2g01320	ko:K07154
bpla:bpln_2g01330	ko:K01082
bpla:bpln_2g01360	ko:K02433
bpla:bpln_2g01370	ko:K07124
bpla:bpln_2g01380	ko:K14189
bpla:bpln_2g01390	ko:K15555
bpla:bpln_2g01400	ko:K15554
bpla:bpln_2g01410	ko:K15553
bpla:bpln_2g01430	ko:K07812
bpla:bpln_2g01440	ko:K03533
bpla:bpln_2g01500	ko:K11904
bpla:bpln_2g01510	ko:K08191
bpla:bpln_2g01520	ko:K00040
bpla:bpln_2g01540	ko:K08323
bpla:bpln_2g01550	ko:K08322
bpla:bpln_2g01570	ko:K03671
bpla:bpln_2g01580	ko:K02529
bpla:bpln_2g01610	ko:K17865
bpla:bpln_2g01620	ko:K01026
bpla:bpln_2g01660	ko:K03290
bpla:bpln_2g01770	ko:K01451
bpla:bpln_2g01820	ko:K01607
bpla:bpln_2g01840	ko:K22278
bpla:bpln_2g01920	ko:K03782
bpla:bpln_2g01950	ko:K06893
bpla:bpln_2g02050	ko:K08151
bpla:bpln_2g02120	ko:K01953
bpla:bpln_2g02130	ko:K07497
bpla:bpln_2g02140	ko:K07497
bpla:bpln_2g02170	ko:K10680
bpla:bpln_2g02210	ko:K03781
bpla:bpln_2g02250	ko:K02624
bpla:bpln_2g02280	ko:K07486
bpla:bpln_2g02300	ko:K01785
bpla:bpln_2g02310	ko:K02336
bpla:bpln_2g02370	ko:K05591
bpla:bpln_2g02400	ko:K02030
bpla:bpln_2g02420	ko:K28525
bpla:bpln_2g02430	ko:K02028
bpla:bpln_2g02430	ko:K02029
bpla:bpln_2g02490	ko:K03566
bpla:bpln_2g02500	ko:K00275
bpla:bpln_2g02530	ko:K18380
bpla:bpln_2g02560	ko:K03220
bpla:bpln_2g02570	ko:K07726
bpla:bpln_2g02580	ko:K18379
bpla:bpln_2g02590	ko:K03227
bpla:bpln_2g02600	ko:K03226
bpla:bpln_2g02610	ko:K03225
bpla:bpln_2g02620	ko:K18381
bpla:bpln_2g02630	ko:K03230
bpla:bpln_2g02640	ko:K03229
bpla:bpln_2g02650	ko:K18373
bpla:bpln_2g02660	ko:K18374
bpla:bpln_2g02670	ko:K03222
bpla:bpln_2g02690	ko:K03223
bpla:bpln_2g02700	ko:K03224
bpla:bpln_2g02720	ko:K03228
bpla:bpln_2g02740	ko:K03219
bpla:bpln_2g02810	ko:K00077
bpla:bpln_2g02820	ko:K00166
bpla:bpln_2g02830	ko:K00167
bpla:bpln_2g02840	ko:K09699
bpla:bpln_2g02850	ko:K00382
bpla:bpln_2g02890	ko:K15650
bpla:bpln_2g02920	ko:K00826
bpla:bpln_2g02940	ko:K04073
bpla:bpln_2g02950	ko:K01666
bpla:bpln_2g02960	ko:K26933
bpla:bpln_2g02990	ko:K28525
bpla:bpln_2g03000	ko:K00020
bpla:bpln_2g03020	ko:K21062
bpla:bpln_2g03050	ko:K06045
bpla:bpln_2g03100	ko:K03446
bpla:bpln_2g03130	ko:K00799
bpla:bpln_2g03170	ko:K00067
bpla:bpln_2g03200	ko:K12132
bpla:bpln_2g03230	ko:K11901
bpla:bpln_2g03240	ko:K11900
bpla:bpln_2g03250	ko:K11903
bpla:bpln_2g03260	ko:K11898
bpla:bpln_2g03270	ko:K11897
bpla:bpln_2g03280	ko:K11896
bpla:bpln_2g03290	ko:K11895
bpla:bpln_2g03300	ko:K11907
bpla:bpln_2g03320	ko:K11904
bpla:bpln_2g03340	ko:K11894
bpla:bpln_2g03350	ko:K11893
bpla:bpln_2g03360	ko:K11892
bpla:bpln_2g03370	ko:K11891
bpla:bpln_2g03420	ko:K11902
bpla:bpln_2g03430	ko:K03088
bpla:bpln_2g03450	ko:K03781
bpla:bpln_2g03600	ko:K21645
bpla:bpln_2g03610	ko:K00831
bpla:bpln_2g03640	ko:K01779
bpla:bpln_2g03650	ko:K06991
bpla:bpln_2g03660	ko:K00003
bpla:bpln_2g03670	ko:K22895
bpla:bpln_2g03700	ko:K03535
bpla:bpln_2g03750	ko:K02297
bpla:bpln_2g03760	ko:K02298
bpla:bpln_2g03770	ko:K02299
bpla:bpln_2g03780	ko:K02300
bpla:bpln_2g03790	ko:K03576
bpla:bpln_2g03820	ko:K00549
bpla:bpln_2g03830	ko:K16048
bpla:bpln_2g03860	ko:K01501
bpla:bpln_2g03890	ko:K07123
bpla:bpln_2g03900	ko:K16150
bpla:bpln_2g03920	ko:K07222
bpla:bpln_2g03940	ko:K01847
bpla:bpln_2g03960	ko:K00381
bpla:bpln_2g03980	ko:K03566
bpla:bpln_2g03990	ko:K01999
bpla:bpln_2g04010	ko:K06016
bpla:bpln_2g04030	ko:K09883
bpla:bpln_2g04040	ko:K09882
bpla:bpln_2g04050	ko:K06999
bpla:bpln_2g04060	ko:K00059
bpla:bpln_2g04140	ko:K07302
bpla:bpln_2g04150	ko:K07303
bpla:bpln_2g04160	ko:K06150
bpla:bpln_2g04170	ko:K07402
bpla:bpln_2g04200	ko:K03585
bpla:bpln_2g04210	ko:K18138
bpla:bpln_2g04220	ko:K18139
bpla:bpln_2g04230	ko:K00600
bpla:bpln_2g04260	ko:K05275
bpla:bpln_2g04270	ko:K00826
bpla:bpln_2g04290	ko:K03322
bpla:bpln_2g04310	ko:K01697
bpla:bpln_2g04330	ko:K00612
bpla:bpln_2g04380	ko:K06147
bpla:bpln_2g04430	ko:K13061
bpla:bpln_2g04450	ko:K06147
bpla:bpln_2g04500	ko:K02624
bpla:bpln_2g04510	ko:K07823
bpla:bpln_2g04520	ko:K03776
bpla:bpln_2g04530	ko:K00135
bpla:bpln_2g04540	ko:K00823
bpla:bpln_2g04550	ko:K00375
bpla:bpln_2g04580	ko:K08482
bpla:bpln_2g04590	ko:K18828
bpla:bpln_2g04610	ko:K01008
bpla:bpln_2g04620	ko:K23240
bpla:bpln_2g04670	ko:K13609
bpla:bpln_2g04680	ko:K18900
bpla:bpln_2g04700	ko:K18901
bpla:bpln_2g04710	ko:K18902
bpla:bpln_2g04720	ko:K18903
bpla:bpln_2g04730	ko:K07154
bpla:bpln_2g04740	ko:K15773
bpla:bpln_2g04790	ko:K03711
bpla:bpln_2g04800	ko:K02483
bpla:bpln_2g04810	ko:K02484
bpla:bpln_2g04830	ko:K07665
bpla:bpln_2g04840	ko:K07644
bpla:bpln_2g04850	ko:K18139
bpla:bpln_2g04860	ko:K03585
bpla:bpln_2g04870	ko:K18138
bpla:bpln_2g04900	ko:K16090
bpla:bpln_2g04930	ko:K21195
bpla:bpln_2g04990	ko:K07165
bpla:bpln_2g05000	ko:K02014
bpla:bpln_2g05010	ko:K21949
bpla:bpln_2g05020	ko:K21721
bpla:bpln_2g05030	ko:K23375
bpla:bpln_2g05040	ko:K23361
bpla:bpln_2g05050	ko:K23372
bpla:bpln_2g05060	ko:K23374
bpla:bpln_2g05070	ko:K23376
bpla:bpln_2g05080	ko:K23373
bpla:bpln_2g05100	ko:K07027
bpla:bpln_2g05140	ko:K02483
bpla:bpln_2g05150	ko:K02484
bpla:bpln_2g05160	ko:K03535
bpla:bpln_2g05170	ko:K13877
bpla:bpln_2g05180	ko:K01867
bpla:bpln_2g05190	ko:K01707
bpla:bpln_2g05200	ko:K01708
bpla:bpln_2g05230	ko:K15977
bpla:bpln_2g05240	ko:K03762
bpla:bpln_2g05250	ko:K01999
bpla:bpln_2g05260	ko:K12658
bpla:bpln_2g05270	ko:K21061
bpla:bpln_2g05280	ko:K22550
bpla:bpln_2g05290	ko:K22549
bpla:bpln_2g05320	ko:K26400
bpla:bpln_2g05330	ko:K03786
bpla:bpln_2g05340	ko:K25901
bpla:bpln_2g05350	ko:K08194
bpla:bpln_2g05360	ko:K03430
bpla:bpln_2g05370	ko:K11081
bpla:bpln_2g05380	ko:K11084
bpla:bpln_2g05390	ko:K11083
bpla:bpln_2g05400	ko:K11082
bpla:bpln_2g05410	ko:K19670
bpla:bpln_2g05450	ko:K09990
bpla:bpln_2g05460	ko:K03306
bpla:bpln_2g05500	ko:K12255
bpla:bpln_2g05520	ko:K03719
bpla:bpln_2g05540	ko:K08677
bpla:bpln_2g05560	ko:K08177
bpla:bpln_2g05570	ko:K22602
bpla:bpln_2g05590	ko:K23514
bpla:bpln_2g05600	ko:K07165
bpla:bpln_2g05610	ko:K05800
bpla:bpln_2g05620	ko:K02014
bpla:bpln_2g05630	ko:K03832
bpla:bpln_2g05640	ko:K03561
bpla:bpln_2g05650	ko:K03559
bpla:bpln_2g05660	ko:K02471
bpla:bpln_2g05680	ko:K03592
bpla:bpln_2g05690	ko:K03568
bpla:bpln_2g05740	ko:K01953
bpla:bpln_2g05760	ko:K06147
bpla:bpln_2g05770	ko:K13888
bpla:bpln_2g05780	ko:K05685
bpla:bpln_2g05790	ko:K18139
bpla:bpln_2g05840	ko:K04078
bpla:bpln_2g05850	ko:K04077
bpla:bpln_2g05880	ko:K05835
bpla:bpln_2g05890	ko:K01916
bpla:bpln_2g05920	ko:K02444
bpla:bpln_2g05950	ko:K26061
bpla:bpln_2g05960	ko:K10680
bpla:bpln_2g05970	ko:K08369
bpla:bpln_2g06060	ko:K16137
bpla:bpln_2g06090	ko:K03446
bpla:bpln_2g06100	ko:K03543
bpla:bpln_2g06150	ko:K10255
bpla:bpln_2g06170	ko:K00507
bpla:bpln_2g06180	ko:K00507
bpla:bpln_2g06230	ko:K21449
bpla:bpln_2g06280	ko:K00299
bpla:bpln_2g06290	ko:K02000
bpla:bpln_2g06300	ko:K02001
bpla:bpln_2g06310	ko:K21826
bpla:bpln_2g06320	ko:K02002
bpla:bpln_2g06330	ko:K00476
bpla:bpln_2g06350	ko:K05601
bpla:bpln_2g06370	ko:K22025
bpla:bpln_2g06380	ko:K22131
bpla:bpln_2g06400	ko:K22130
bpla:bpln_2g06410	ko:K21948
bpla:bpln_2g06420	ko:K08319
bpla:bpln_2g06440	ko:K24217
bpla:bpln_2g06570	ko:K07659
bpla:bpln_2g06580	ko:K07638
bpla:bpln_2g06590	ko:K07274
bpla:bpln_2g06600	ko:K07659
bpla:bpln_2g06620	ko:K07799
bpla:bpln_2g06630	ko:K07788
bpla:bpln_2g06640	ko:K07789
bpla:bpln_2g06740	ko:K15735
bpla:bpln_2g06750	ko:K01866
bpla:bpln_2g06760	ko:K03834
bpla:bpln_2g06780	ko:K20265
bpla:bpln_2g06820	ko:K16011
bpla:bpln_2g06840	ko:K01991
bpla:bpln_2g06850	ko:K25307
bpla:bpln_2g06860	ko:K16692
bpla:bpln_2g06920	ko:K00012
bpla:bpln_2g06930	ko:K00963
bpla:bpln_2g06940	ko:K02403
bpla:bpln_2g06980	ko:K03543
bpla:bpln_2g06990	ko:K03446
bpla:bpln_2g07010	ko:K16137
bpla:bpln_2g07020	ko:K00681
bpla:bpln_2g07040	ko:K01777
bpla:bpln_2g07050	ko:K01999
bpla:bpln_2g07070	ko:K01752
bpla:bpln_2g07080	ko:K00303
bpla:bpln_2g07090	ko:K00304
bpla:bpln_2g07100	ko:K00302
bpla:bpln_2g07110	ko:K00305
bpla:bpln_2g07120	ko:K01633
bpla:bpln_2g07150	ko:K03594
bpla:bpln_2g07180	ko:K00799
bpla:bpln_2g07210	ko:K16137
bpla:bpln_2g07230	ko:K10680
bpla:bpln_2g07250	ko:K11927
bpla:bpln_2g07270	ko:K08324
bpla:bpln_2g07280	ko:K07486
bpla:bpln_2g07290	ko:K10680
bpla:bpln_2g07310	ko:K13637
bpla:bpln_2g07320	ko:K01686
bpla:bpln_2g07410	ko:K07497
bpla:bpln_2g07440	ko:K11004
bpla:bpln_2g07450	ko:K11003
bpla:bpln_2g07460	ko:K12340
bpla:bpln_2g07490	ko:K01114
bpla:bpln_2g07500	ko:K07506
bpla:bpln_2g07520	ko:K12262
bpla:bpln_2g07530	ko:K03415
bpla:bpln_2g07540	ko:K03406
bpla:bpln_2g07570	ko:K00433
bpla:bpln_2g07600	ko:K15977
bpla:bpln_2g07690	ko:K05874
bpla:bpln_2g07700	ko:K07267
bpla:bpln_2g07720	ko:K16301
bpla:bpln_2g07730	ko:K02012
bpla:bpln_2g07740	ko:K02011
bpla:bpln_2g07750	ko:K02010
bpla:bpln_2g07760	ko:K07248
bpla:bpln_2g07770	ko:K12660
bpla:bpln_2g07780	ko:K12661
bpla:bpln_2g07790	ko:K26580
bpla:bpln_2g07800	ko:K18337
bpla:bpln_2g07820	ko:K03534
bpla:bpln_2g07840	ko:K10562
bpla:bpln_2g07850	ko:K10560
bpla:bpln_2g07860	ko:K10561
bpla:bpln_2g07870	ko:K10559
bpla:bpln_2g07950	ko:K04771
bpla:bpln_2g07960	ko:K00526
bpla:bpln_2g08030	ko:K16137
bpla:bpln_2g08080	ko:K13953
bpla:bpln_2g08100	ko:K02017
bpla:bpln_2g08100	ko:K02018
bpla:bpln_2g08110	ko:K02020
bpla:bpln_2g08120	ko:K02019
bpla:bpln_2g08140	ko:K15790
bpla:bpln_2g08150	ko:K02019
bpla:bpln_2g08230	ko:K22589
bpla:bpln_2g08250	ko:K07404
bpla:bpln_2g08260	ko:K28762
bpla:bpln_2g08270	ko:K01992
bpla:bpln_2g08280	ko:K01990
bpla:bpln_2g08300	ko:K00108
bpla:bpln_2g08310	ko:K00130
bpla:bpln_2g08320	ko:K02167
bpla:bpln_2g08330	ko:K18100
bpla:bpln_2g08340	ko:K18101
bpla:bpln_2g08350	ko:K03446
bpla:bpln_2g08360	ko:K12990
bpla:bpln_2g08380	ko:K03543
bpla:bpln_2g08390	ko:K01183
bpla:bpln_2g08400	ko:K01666
bpla:bpln_2g08410	ko:K06137
bpla:bpln_2g08420	ko:K00826
bpla:bpln_2g08430	ko:K16515
bpla:bpln_2g08470	ko:K00148
bpla:bpln_2g08500	ko:K21826
bpla:bpln_2g08510	ko:K01273
bpla:bpln_2g08530	ko:K21833
bpla:bpln_2g08540	ko:K21834
bpla:bpln_2g08550	ko:K25960
bpla:bpln_2g08560	ko:K25961
bpla:bpln_2g08570	ko:K00479
bpla:bpln_2g08580	ko:K21832
bpla:bpln_2g08590	ko:K02002
bpla:bpln_2g08610	ko:K01358
bpla:bpln_2g08630	ko:K01433
bpla:bpln_2g08650	ko:K01133
bpla:bpln_2g08660	ko:K02002
bpla:bpln_2g08670	ko:K08720
bpla:bpln_2g08680	ko:K17736
bpla:bpln_2g08700	ko:K02002
bpla:bpln_2g08710	ko:K27837
bpla:bpln_2g08720	ko:K17735
bpla:bpln_2g08730	ko:K27492
bpla:bpln_2g08790	ko:K26064
bpla:bpln_2g08810	ko:K21405
bpla:bpln_2g08840	ko:K06901
bpla:bpln_2g08890	ko:K01895
bpla:bpln_2g08900	ko:K00140
bpla:bpln_2g08910	ko:K00020
bpla:bpln_2g08940	ko:K20330
bpla:bpln_2g08950	ko:K01470
bpla:bpln_2g08960	ko:K07486
bpla:bpln_2g08970	ko:K03566
bpla:bpln_2g09000	ko:K01183
bpla:bpln_2g09020	ko:K00163
bpla:bpln_2g09030	ko:K03719
bpla:bpln_2g09040	ko:K17950
bpla:bpln_2g09050	ko:K05366
bpla:bpln_2g09060	ko:K02106
bpla:bpln_2g09080	ko:K06044
bpla:bpln_2g09090	ko:K00705
bpla:bpln_2g09100	ko:K01236
bpla:bpln_2g09110	ko:K01214
bpla:bpln_2g09120	ko:K00700
bpla:bpln_2g09130	ko:K05343
bpla:bpln_2g09140	ko:K16147
bpla:bpln_2g09160	ko:K00674
bpla:bpln_2g09210	ko:K07497
bpla:bpln_2g09320	ko:K03769
bpla:bpln_2g09350	ko:K07483
bpla:bpln_2g09400	ko:K07485
bpla:bpln_2g09410	ko:K06145
bpla:bpln_2g09420	ko:K22186
bpla:bpln_2g09440	ko:K18336
bpla:bpln_2g09450	ko:K18335
bpla:bpln_2g09490	ko:K00567
bpla:bpln_2g09500	ko:K17838
bpla:bpln_2g09510	ko:K07304
bpla:bpln_2g09530	ko:K07305
bpla:bpln_2g09560	ko:K01246
bpla:bpln_2g09590	ko:K13874
bpla:bpln_2g09600	ko:K07141
bpla:bpln_2g09610	ko:K19736
bpla:bpln_2g09670	ko:K03724
bpla:bpln_2g09690	ko:K18540
bpla:bpln_2g09700	ko:K14052
bpla:bpln_2g09730	ko:K00681
bpla:bpln_2g09740	ko:K01714
bpla:bpln_2g09770	ko:K03704
bpla:bpln_2g09780	ko:K02518
bpla:bpln_2g09810	ko:K22468
bpla:bpln_2g09820	ko:K01754
bpla:bpln_2g09860	ko:K03457
bpla:bpln_2g09880	ko:K02014
bpla:bpln_2g09920	ko:K02014
bpla:bpln_2g09930	ko:K09022
bpla:bpln_2g09940	ko:K07156
bpla:bpln_2g09950	ko:K09796
bpla:bpln_2g09960	ko:K07152
bpla:bpln_2g09990	ko:K02028
bpla:bpln_2g10000	ko:K02029
bpla:bpln_2g10010	ko:K02029
bpla:bpln_2g10020	ko:K02030
bpla:bpln_2g10030	ko:K06152
bpla:bpln_2g10040	ko:K06151
bpla:bpln_2g10050	ko:K06150
bpla:bpln_2g10110	ko:K19577
bpla:bpln_2g10130	ko:K03762
bpla:bpln_2g10140	ko:K01501
bpla:bpln_2g10160	ko:K21023
bpla:bpln_2g10170	ko:K02014
bpla:bpln_2g10180	ko:K02013
bpla:bpln_2g10190	ko:K02016
bpla:bpln_2g10200	ko:K02015
bpla:bpln_2g10210	ko:K12410
bpla:bpln_2g10220	ko:K26735
bpla:bpln_2g10230	ko:K01682
bpla:bpln_2g10250	ko:K09954
bpla:bpln_2g10280	ko:K03587
bpla:bpln_2g10300	ko:K00609
bpla:bpln_2g10310	ko:K16348
bpla:bpln_2g10330	ko:K00029
bpla:bpln_2g10340	ko:K16135
bpla:bpln_2g10350	ko:K22209
bpla:bpln_2g10400	ko:K09667
bpla:bpln_2g10450	ko:K01497
bpla:bpln_2g10460	ko:K03406
bpla:bpln_2g10490	ko:K03651
bpla:bpln_2g10560	ko:K22579
bpla:bpln_2g10570	ko:K01494
bpla:bpln_2g10580	ko:K01494
bpla:bpln_2g10650	ko:K01581
bpla:bpln_2g10660	ko:K03297
bpla:bpln_2g10670	ko:K11963
bpla:bpln_2g10680	ko:K11962
bpla:bpln_2g10690	ko:K11961
bpla:bpln_2g10700	ko:K11960
bpla:bpln_2g10710	ko:K11959
bpla:bpln_2g10730	ko:K01941
bpla:bpln_2g10740	ko:K01457
bpla:bpln_2g10760	ko:K00145
bpla:bpln_2g10770	ko:K13061
bpla:bpln_2g10790	ko:K19666
bpla:bpln_2g10800	ko:K07507
bpla:bpln_2g10830	ko:K18313
bpla:bpln_2g10840	ko:K01640
bpla:bpln_2g10860	ko:K07098
bpla:bpln_2g10870	ko:K09019
bpla:bpln_2g10890	ko:K03805
bpla:bpln_2g10910	ko:K01426
bpla:bpln_2g10930	ko:K00675
bpla:bpln_2g10940	ko:K03566
bpla:bpln_2g10960	ko:K03719
bpla:bpln_2g10970	ko:K05834
bpla:bpln_2g10980	ko:K01821
bpla:bpln_2g11000	ko:K08717
bpla:bpln_2g11030	ko:K07044
bpla:bpln_2g11060	ko:K18900
bpla:bpln_2g11120	ko:K26399
bpla:bpln_2g11150	ko:K07404
bpla:bpln_2g11180	ko:K03285
bpla:bpln_2g11200	ko:K03321
bpla:bpln_2g11210	ko:K15553
bpla:bpln_2g11230	ko:K05874
bpla:bpln_2g11290	ko:K03928
bpla:bpln_2g11320	ko:K15553
bpla:bpln_2g11330	ko:K15553
bpla:bpln_2g11370	ko:K03322
bpla:bpln_2g11380	ko:K00077
bpla:bpln_2g11400	ko:K03449
bpla:bpln_2g11410	ko:K16053
bpla:bpln_2g11450	ko:K07090
bpla:bpln_2g11530	ko:K01620
bpla:bpln_2g11540	ko:K01501
bpla:bpln_2g11570	ko:K06194
bpla:bpln_2g11580	ko:K17836
bpla:bpln_2g11590	ko:K03566
bpla:bpln_2g11620	ko:K02032
bpla:bpln_2g11630	ko:K02031
bpla:bpln_2g11640	ko:K02034
bpla:bpln_2g11650	ko:K02033
bpla:bpln_2g11660	ko:K02035
bpla:bpln_2g11690	ko:K02035
bpla:bpln_2g11710	ko:K08994
bpla:bpln_2g11750	ko:K07749
bpla:bpln_2g11760	ko:K01577
bpla:bpln_2g11770	ko:K18702
bpla:bpln_2g11910	ko:K20844
bpla:bpln_2g11920	ko:K02529
bpla:bpln_2g11940	ko:K14645
bpla:bpln_2g11950	ko:K02510
bpla:bpln_2g11960	ko:K06988
bpla:bpln_2g12010	ko:K06988
bpla:bpln_2g12020	ko:K05818
bpla:bpln_2g12090	ko:K00077
bpla:bpln_2g12100	ko:K01677
bpla:bpln_2g12110	ko:K01678
bpla:bpln_2g12120	ko:K11688
bpla:bpln_2g12130	ko:K11689
bpla:bpln_2g12140	ko:K11690
bpla:bpln_2g12220	ko:K01505
bpla:bpln_2g12230	ko:K00046
bpla:bpln_2g12240	ko:K00098
bpla:bpln_2g12250	ko:K02050
bpla:bpln_2g12260	ko:K02051
bpla:bpln_2g12270	ko:K02049
bpla:bpln_2g12340	ko:K03387
bpla:bpln_2g12350	ko:K24119
bpla:bpln_2g12370	ko:K07039
bpla:bpln_2g12480	ko:K03168
bpla:bpln_2g12490	ko:K05520
bpla:bpln_2g12540	ko:K11068
bpla:bpln_2g12550	ko:K01259
bpla:bpln_2g12590	ko:K03430
bpla:bpln_2g12600	ko:K09459
bpla:bpln_2g12610	ko:K01841
bpla:bpln_2g12670	ko:K01999
bpla:bpln_2g12720	ko:K21699
bpla:bpln_2g12730	ko:K00822
bpla:bpln_2g12740	ko:K01426
bpla:bpln_2g12750	ko:K09251
bpla:bpln_2g12780	ko:K01897
bpla:bpln_2g12800	ko:K03449
bpla:bpln_2g12830	ko:K20938
bpla:bpln_2g12890	ko:K01485
bpla:bpln_2g12900	ko:K02433
bpla:bpln_2g12970	ko:K27838
bpla:bpln_2g13000	ko:K03281
bpla:bpln_2g13020	ko:K00425
bpla:bpln_2g13030	ko:K00426
bpla:bpln_2g13040	ko:K00117
bpla:bpln_2g13090	ko:K03577
bpla:bpln_2g13100	ko:K07638
bpla:bpln_2g13110	ko:K07659
bpla:bpln_2g13120	ko:K03585
bpla:bpln_2g13130	ko:K18138
bpla:bpln_2g13140	ko:K18139
bpla:bpln_2g13160	ko:K14657
bpla:bpln_2g13180	ko:K26184
bpla:bpln_2g13190	ko:K26181
bpla:bpln_2g13200	ko:K26179
bpla:bpln_2g13210	ko:K26180
bpla:bpln_2g13240	ko:K26182
bpla:bpln_2g13250	ko:K26185
bpla:bpln_2g13260	ko:K26183
bpla:bpln_2g13290	ko:K02529
bpla:bpln_2g13310	ko:K05710
bpla:bpln_2g13320	ko:K02058
bpla:bpln_2g13330	ko:K00529
bpla:bpln_2g13350	ko:K00121
bpla:bpln_2g13430	ko:K20023
bpla:bpln_2g13450	ko:K03535
bpla:bpln_2g13460	ko:K06145
bpla:bpln_2g13470	ko:K07497
bpla:bpln_2g13490	ko:K16922
bpla:bpln_2g13580	ko:K01114
bpla:bpln_2g13590	ko:K11734
bpla:bpln_2g13600	ko:K00832
bpla:bpln_2g13660	ko:K00156
bpla:bpln_2g13670	ko:K03607
bpla:bpln_2g13680	ko:K03406
bpla:bpln_2g13690	ko:K03746
bpla:bpln_2g13700	ko:K00799
bpla:bpln_2g13720	ko:K05367
bpla:bpln_2g13730	ko:K06894
bpla:bpln_2g13750	ko:K00790
bpla:bpln_2g13760	ko:K01451
bpla:bpln_2g13780	ko:K03281
bpla:bpln_2g13800	ko:K07168
bpla:bpln_2g13820	ko:K07300
bpla:bpln_2g13830	ko:K05595
bpla:bpln_2g13840	ko:K07052
bpla:bpln_2g13860	ko:K16165
bpla:bpln_2g13880	ko:K23514
bpla:bpln_2g13890	ko:K07165
bpla:bpln_2g13900	ko:K02014
bpla:bpln_2g13960	ko:K06075
bpla:bpln_2g14020	ko:K03406
bpla:bpln_2g14030	ko:K01785
bpla:bpln_2g14040	ko:K01785
bpla:bpln_2g14050	ko:K23509
bpla:bpln_2g14060	ko:K23509
bpla:bpln_2g14070	ko:K10820
bpla:bpln_2g14080	ko:K23508
bpla:bpln_2g14110	ko:K00448
bpla:bpln_2g14120	ko:K00449
bpla:bpln_2g14130	ko:K02623
bpla:bpln_2g14160	ko:K07644
bpla:bpln_2g14170	ko:K07665
bpla:bpln_2g14190	ko:K03585
bpla:bpln_2g14200	ko:K18138
bpla:bpln_2g14220	ko:K20034
bpla:bpln_2g14230	ko:K05913
bpla:bpln_2g14260	ko:K00036
bpla:bpln_2g14270	ko:K00886
bpla:bpln_2g14280	ko:K02228
bpla:bpln_2g14300	ko:K11811
bpla:bpln_2g14310	ko:K00537
bpla:bpln_2g14320	ko:K03325
bpla:bpln_2g14330	ko:K03892
bpla:bpln_2g14350	ko:K10844
bpla:bpln_2g14400	ko:K07006
bpla:bpln_2g14500	ko:K02563
bpla:bpln_2g14510	ko:K08310
bpla:bpln_2g14650	ko:K02970
bpla:bpln_2g14670	ko:K03704
bpla:bpln_2g14730	ko:K21006
bpla:bpln_2g14740	ko:K21007
bpla:bpln_2g14750	ko:K21008
bpla:bpln_2g14760	ko:K21009
bpla:bpln_2g14770	ko:K21010
bpla:bpln_2g14780	ko:K21011
bpla:bpln_2g14790	ko:K21012
bpla:bpln_2g14810	ko:K02624
bpla:bpln_2g14820	ko:K08172
bpla:bpln_2g14830	ko:K00457
bpla:bpln_2g14840	ko:K07124
bpla:bpln_2g14850	ko:K16137
bpla:bpln_2g14860	ko:K09965
bpla:bpln_2g14890	ko:K00375
bpla:bpln_2g14910	ko:K27292
bpla:bpln_2g14920	ko:K02609
bpla:bpln_2g14930	ko:K02610
bpla:bpln_2g14940	ko:K02611
bpla:bpln_2g14950	ko:K02612
bpla:bpln_2g14960	ko:K02613
bpla:bpln_2g14980	ko:K06137
bpla:bpln_2g14990	ko:K01626
bpla:bpln_2g15010	ko:K01657
bpla:bpln_2g15020	ko:K01658
bpla:bpln_2g15030	ko:K01075
bpla:bpln_2g15050	ko:K19586
bpla:bpln_2g15060	ko:K19585
bpla:bpln_2g15070	ko:K18300
bpla:bpln_2g15100	ko:K03406
bpla:bpln_2g15120	ko:K15977
bpla:bpln_2g15130	ko:K01821
bpla:bpln_2g15140	ko:K00059
bpla:bpln_2g15150	ko:K18900
bpla:bpln_2g15180	ko:K01130
bpla:bpln_2g15190	ko:K13444
bpla:bpln_2g15200	ko:K02073
bpla:bpln_2g15230	ko:K15553
bpla:bpln_2g15240	ko:K15555
bpla:bpln_2g15250	ko:K15554
bpla:bpln_2g15260	ko:K00794
bpla:bpln_2g15270	ko:K16234
bpla:bpln_2g15380	ko:K00253
bpla:bpln_2g15390	ko:K01969
bpla:bpln_2g15400	ko:K13766
bpla:bpln_2g15410	ko:K01968
bpla:bpln_2g15420	ko:K07107
bpla:bpln_2g15450	ko:K03928
bpla:bpln_2g15460	ko:K02014
bpla:bpln_2g15470	ko:K03811
bpla:bpln_2g15500	ko:K00344
bpla:bpln_2g15510	ko:K01791
bpla:bpln_2g15530	ko:K09690
bpla:bpln_2g15540	ko:K09691
bpla:bpln_2g15560	ko:K03406
bpla:bpln_2g15580	ko:K09930
bpla:bpln_2g15620	ko:K02014
bpla:bpln_2g15680	ko:K18982
bpla:bpln_2g15690	ko:K13021
bpla:bpln_2g15740	ko:K13021
bpla:bpln_2g15750	ko:K01053
bpla:bpln_2g15760	ko:K00058
bpla:bpln_2g15800	ko:K29125
bpla:bpln_2g15840	ko:K03406
bpla:bpln_2g15850	ko:K02014
bpla:bpln_2g15860	ko:K00641
bpla:bpln_2g15920	ko:K00626
bpla:bpln_2g15970	ko:K00344
bpla:bpln_2g15980	ko:K02055
bpla:bpln_2g16020	ko:K02053
bpla:bpln_2g16030	ko:K02054
bpla:bpln_2g16040	ko:K02052
bpla:bpln_2g16060	ko:K01091
bpla:bpln_2g16080	ko:K01560
bpla:bpln_2g16140	ko:K11904
bpla:bpln_2g16220	ko:K02483
bpla:bpln_2g16270	ko:K04077
bpla:bpln_2g16280	ko:K04078
bpla:bpln_2g16290	ko:K01996
bpla:bpln_2g16300	ko:K01995
bpla:bpln_2g16310	ko:K01997
bpla:bpln_2g16310	ko:K01998
bpla:bpln_2g16320	ko:K01999
bpla:bpln_2g16340	ko:K22879
bpla:bpln_2g16370	ko:K01426
bpla:bpln_2g16400	ko:K02051
bpla:bpln_2g16410	ko:K02050
bpla:bpln_2g16420	ko:K02049
bpla:bpln_2g16440	ko:K23107
bpla:bpln_2g16450	ko:K02030
bpla:bpln_2g16460	ko:K08987
bpla:bpln_2g16480	ko:K26272
bpla:bpln_2g16500	ko:K00027
bpla:bpln_2g16540	ko:K01781
bpla:bpln_2g16560	ko:K00800
bpla:bpln_2g16580	ko:K17225
bpla:bpln_2g16610	ko:K00615
bpla:bpln_2g16640	ko:K02029
bpla:bpln_2g16650	ko:K02029
bpla:bpln_2g16660	ko:K02030
bpla:bpln_2g16670	ko:K14699
bpla:bpln_2g16680	ko:K14698
bpla:bpln_2g16700	ko:K15721
bpla:bpln_2g16710	ko:K05372
bpla:bpln_2g16740	ko:K04785
bpla:bpln_2g16750	ko:K05374
bpla:bpln_2g16760	ko:K05819
bpla:bpln_2g16800	ko:K18383
bpla:bpln_2g16810	ko:K21802
bpla:bpln_2g16820	ko:K12508
bpla:bpln_2g16870	ko:K00128
bpla:bpln_2g16930	ko:K02031
bpla:bpln_2g16930	ko:K02032
bpla:bpln_2g16940	ko:K02034
bpla:bpln_2g16950	ko:K02033
bpla:bpln_2g16960	ko:K02035
bpla:bpln_2g16980	ko:K01560
bpla:bpln_2g17000	ko:K12972
bpla:bpln_2g17020	ko:K00135
bpla:bpln_2g17030	ko:K20938
bpla:bpln_2g17040	ko:K03710
bpla:bpln_2g17080	ko:K03446
bpla:bpln_2g17090	ko:K03543
bpla:bpln_2g17180	ko:K20540
bpla:bpln_2g17190	ko:K01649
bpla:bpln_2g17200	ko:K03285
bpla:bpln_2g17210	ko:K02058
bpla:bpln_2g17220	ko:K02057
bpla:bpln_2g17230	ko:K02056
bpla:bpln_2g17240	ko:K15553
bpla:bpln_2g17250	ko:K15554
bpla:bpln_2g17260	ko:K15554
bpla:bpln_2g17270	ko:K15555
bpla:bpln_2g17280	ko:K22303
bpla:bpln_2g17290	ko:K22303
bpla:bpln_2g17310	ko:K24116
bpla:bpln_2g17350	ko:K07116
bpla:bpln_2g17360	ko:K03711
bpla:bpln_2g17380	ko:K06160
bpla:bpln_2g17450	ko:K18118
bpla:bpln_2g17460	ko:K00380
bpla:bpln_2g17470	ko:K00363
bpla:bpln_2g17480	ko:K00362
bpla:bpln_2g17490	ko:K02575
bpla:bpln_2g17500	ko:K02303
bpla:bpln_2g17510	ko:K07183
bpla:bpln_2g17520	ko:K22067
bpla:bpln_2g17530	ko:K19338
bpla:bpln_2g17540	ko:K03303
bpla:bpln_2g17550	ko:K18289
bpla:bpln_2g17560	ko:K08691
bpla:bpln_2g17590	ko:K09190
bpla:bpln_2g17610	ko:K16088
bpla:bpln_2g17620	ko:K23228
bpla:bpln_2g17630	ko:K23227
bpla:bpln_2g17640	ko:K10829
bpla:bpln_2g17690	ko:K05375
bpla:bpln_2g17730	ko:K11921
bpla:bpln_2g17740	ko:K01673
bpla:bpln_2g17750	ko:K01725
bpla:bpln_2g17760	ko:K15553
bpla:bpln_2g17800	ko:K03406
bpla:bpln_2g17810	ko:K11103
bpla:bpln_2g17820	ko:K01704
bpla:bpln_2g17830	ko:K01703
bpla:bpln_2g17840	ko:K01561
bpla:bpln_2g17860	ko:K01113
bpla:bpln_2g17910	ko:K03307
bpla:bpln_2g17940	ko:K22491
bpla:bpln_2g17950	ko:K06876
bpla:bpln_2g17960	ko:K01495
bpla:bpln_2g17990	ko:K00574
bpla:bpln_2g18000	ko:K03098
bpla:bpln_2g18010	ko:K23775
bpla:bpln_2g18080	ko:K03406
bpla:bpln_2g18100	ko:K08344
bpla:bpln_2g18140	ko:K03406
bpla:bpln_2g18160	ko:K08169
bpla:bpln_2g18180	ko:K00800
bpla:bpln_2g18280	ko:K10680
bpla:bpln_2g18300	ko:K10680
bpla:bpln_2g18370	ko:K01845
bpla:bpln_2g18430	ko:K01426
bpla:bpln_2g18440	ko:K01845
bpla:bpln_2g18460	ko:K08720
bpla:bpln_2g18480	ko:K07048
bpla:bpln_2g18490	ko:K18013
bpla:bpln_2g18510	ko:K03833
bpla:bpln_2g18520	ko:K01042
bpla:bpln_2g18530	ko:K02380
bpla:bpln_2g18540	ko:K00127
bpla:bpln_2g18550	ko:K00124
bpla:bpln_2g18560	ko:K00123
bpla:bpln_2g18570	ko:K00123
bpla:bpln_2g18580	ko:K06987
bpla:bpln_2g18590	ko:K07058
bpla:bpln_2g18620	ko:K00963
bpla:bpln_2g18690	ko:K01711
bpla:bpln_2g18700	ko:K22252
bpla:bpln_2g18710	ko:K10764
bpla:bpln_2g18720	ko:K00764
bpla:bpln_2g18730	ko:K03558
bpla:bpln_2g18740	ko:K03749
bpla:bpln_2g18750	ko:K11754
bpla:bpln_2g18760	ko:K01963
bpla:bpln_2g18770	ko:K01695
bpla:bpln_2g18780	ko:K00571
bpla:bpln_2g18790	ko:K01696
bpla:bpln_2g18800	ko:K01817
bpla:bpln_2g18810	ko:K06173
bpla:bpln_2g18820	ko:K08086
bpla:bpln_2g18830	ko:K00133
bpla:bpln_2g18840	ko:K00052
bpla:bpln_2g18850	ko:K01704
bpla:bpln_2g18870	ko:K01703
bpla:bpln_2g18880	ko:K01872
bpla:bpln_2g18890	ko:K01620
bpla:bpln_2g18920	ko:K01647
bpla:bpln_2g18930	ko:K09159
bpla:bpln_2g18940	ko:K00240
bpla:bpln_2g18950	ko:K00239
bpla:bpln_2g18960	ko:K00242
bpla:bpln_2g18970	ko:K00241
bpla:bpln_2g18980	ko:K03710
bpla:bpln_2g18990	ko:K00024
bpla:bpln_2g19000	ko:K01644
bpla:bpln_2g19020	ko:K01720
bpla:bpln_2g19030	ko:K27802
bpla:bpln_2g19040	ko:K03406
bpla:bpln_2g19100	ko:K00059
bpla:bpln_2g19140	ko:K19048
bpla:bpln_2g19160	ko:K08169
bpla:bpln_2g19180	ko:K01046
bpla:bpln_2g19200	ko:K06194
bpla:bpln_2g19230	ko:K00033
bpla:bpln_2g19280	ko:K06995
bpla:bpln_2g19300	ko:K00130
bpla:bpln_2g19320	ko:K02526
bpla:bpln_2g19330	ko:K22129
bpla:bpln_2g19340	ko:K22024
bpla:bpln_2g19370	ko:K09780
bpla:bpln_2g19380	ko:K16091
bpla:bpln_2g19390	ko:K06889
bpla:bpln_2g19400	ko:K22479
bpla:bpln_2g19460	ko:K07810
bpla:bpln_2g19470	ko:K01126
bpla:bpln_2g19480	ko:K05998
bpla:bpln_2g19510	ko:K13924
bpla:bpln_2g19550	ko:K24160
bpla:bpln_2g19610	ko:K13688
bpla:bpln_2g19660	ko:K00074
bpla:bpln_2g19670	ko:K11477
bpla:bpln_2g19680	ko:K01638
bpla:bpln_2g19690	ko:K07789
bpla:bpln_2g19710	ko:K03776
bpla:bpln_2g19720	ko:K03406
bpla:bpln_2g19740	ko:K03805
bpla:bpln_2g19750	ko:K07498
bpla:bpln_2g19780	ko:K13888
bpla:bpln_2g19790	ko:K05685
bpla:bpln_2g19800	ko:K03786
bpla:bpln_2g19810	ko:K00014
bpla:bpln_2g19850	ko:K00077
bpla:bpln_2g19880	ko:K04771
bpla:bpln_2g19970	ko:K03832
bpla:bpln_2g19980	ko:K03559
bpla:bpln_2g19990	ko:K03561
bpla:bpln_2g20040	ko:K02460
bpla:bpln_2g20090	ko:K07165
bpla:bpln_2g20120	ko:K02462
bpla:bpln_2g20130	ko:K02461
bpla:bpln_2g20140	ko:K02457
bpla:bpln_2g20150	ko:K02456
bpla:bpln_2g20160	ko:K02452
bpla:bpln_2g20170	ko:K02455
bpla:bpln_2g20240	ko:K02458
bpla:bpln_2g20250	ko:K02459
bpla:bpln_2g20270	ko:K11900
bpla:bpln_2g20280	ko:K11903
bpla:bpln_2g20290	ko:K11897
bpla:bpln_2g20300	ko:K11896
bpla:bpln_2g20310	ko:K11895
bpla:bpln_2g20370	ko:K11918
bpla:bpln_2g20380	ko:K11893
bpla:bpln_2g20390	ko:K11892
bpla:bpln_2g20400	ko:K11891
bpla:bpln_2g20410	ko:K11902
bpla:bpln_2g20520	ko:K10914
bpla:bpln_2g20570	ko:K03430
bpla:bpln_2g20580	ko:K01740
bpla:bpln_2g20600	ko:K07010
bpla:bpln_2g20610	ko:K05834
bpla:bpln_2g20630	ko:K00651
bpla:bpln_2g20640	ko:K01915
bpla:bpln_2g20650	ko:K01821
bpla:bpln_2g20660	ko:K01821
bpla:bpln_2g20670	ko:K01720
bpla:bpln_2g20680	ko:K02526
bpla:bpln_2g20690	ko:K26399
bpla:bpln_2g20710	ko:K00077
bpla:bpln_2g20740	ko:K08172
bpla:bpln_2g20750	ko:K00140
bpla:bpln_2g20760	ko:K00020
bpla:bpln_2g20780	ko:K01179
bpla:bpln_2g20840	ko:K06953
bpla:bpln_2g20850	ko:K03724
bpla:bpln_2g20870	ko:K07577
bpla:bpln_2g20880	ko:K04487
bpla:bpln_2g20900	ko:K03885
bpla:bpln_2g20910	ko:K07234
bpla:bpln_2g20940	ko:K09780
bpla:bpln_2g20960	ko:K03701
bpla:bpln_2g20980	ko:K00433
bpla:bpln_2g20990	ko:K01561
bpla:bpln_2g21000	ko:K03772
bpla:bpln_2g21020	ko:K03406
bpla:bpln_2g21040	ko:K01214
bpla:bpln_2g21050	ko:K01426
bpla:bpln_2g21080	ko:K02020
bpla:bpln_2g21090	ko:K10218
bpla:bpln_2g21100	ko:K10220
bpla:bpln_2g21110	ko:K04099
bpla:bpln_2g21160	ko:K03381
bpla:bpln_2g21170	ko:K03464
bpla:bpln_2g21180	ko:K01856
bpla:bpln_2g21190	ko:K21757
bpla:bpln_2g21220	ko:K01184
bpla:bpln_2g21230	ko:K13954
bpla:bpln_2g21240	ko:K16516
bpla:bpln_2g21280	ko:K02028
bpla:bpln_2g21290	ko:K02030
bpla:bpln_2g21300	ko:K02029
bpla:bpln_2g21380	ko:K01999
bpla:bpln_2g21390	ko:K01777
bpla:bpln_2g21410	ko:K19743
bpla:bpln_2g21540	ko:K07486
bpla:bpln_2g21550	ko:K07497
bpla:bpln_2g21560	ko:K07483
bpla:bpln_2g21570	ko:K07486
bpla:bpln_2g21580	ko:K03086
bpla:bpln_2g21590	ko:K02316
bpla:bpln_2g21600	ko:K09117
bpla:bpln_2g21610	ko:K02970
bpla:bpln_2g21630	ko:K25706
bpla:bpln_2g21640	ko:K09007
bpla:bpln_2g21650	ko:K01662
bpla:bpln_2g21660	ko:K00795
bpla:bpln_2g21670	ko:K03602
bpla:bpln_2g21690	ko:K01011
bpla:bpln_2g21700	ko:K01061
bpla:bpln_2g21710	ko:K03885
bpla:bpln_2g21720	ko:K02335
bpla:bpln_2g21830	ko:K01241
bpla:bpln_2g21850	ko:K02204
bpla:bpln_2g21870	ko:K23775
bpla:bpln_2g21880	ko:K04063
bpla:bpln_2g21950	ko:K03699
bpla:bpln_2g22020	ko:K00799
bpla:bpln_2g22060	ko:K07044
bpla:bpln_2g22070	ko:K07659
bpla:bpln_2g22080	ko:K07642
bpla:bpln_2g22090	ko:K07664
bpla:bpln_2g22110	ko:K18910
bpla:bpln_2g22120	ko:K03772
bpla:bpln_2g22190	ko:K16692
bpla:bpln_2g22200	ko:K01991
bpla:bpln_2g22210	ko:K25307
bpla:bpln_2g22220	ko:K00012
bpla:bpln_2g22240	ko:K16011
bpla:bpln_2g22290	ko:K07004
bpla:bpln_2g22340	ko:K02014
bpla:bpln_2g22380	ko:K00375
bpla:bpln_2g22620	ko:K00249
bpla:bpln_2g22690	ko:K06867
bpla:bpln_2g22700	ko:K11904
bpla:bpln_2g22730	ko:K11069
bpla:bpln_2g22740	ko:K11070
bpla:bpln_2g22740	ko:K11071
bpla:bpln_2g22780	ko:K07397
bpla:bpln_2g22790	ko:K07223
bpla:bpln_2g22850	ko:K01953
bpla:bpln_2g22860	ko:K00800
bpla:bpln_2g22870	ko:K00800
bpla:bpln_2g22880	ko:K06147
bpla:bpln_2g22890	ko:K07052
bpla:bpln_2g22900	ko:K03281
bpla:bpln_2g22930	ko:K13491
bpla:bpln_2g22940	ko:K13490
bpla:bpln_2g22950	ko:K13489
bpla:bpln_2g22960	ko:K13486
bpla:bpln_2g22970	ko:K13488
bpla:bpln_2g22980	ko:K13487
bpla:bpln_2g23010	ko:K01652
bpla:bpln_2g23020	ko:K24163
bpla:bpln_2g23040	ko:K06132
bpla:bpln_2g23050	ko:K02503
bpla:bpln_2g23060	ko:K07638
bpla:bpln_2g23070	ko:K07659
bpla:bpln_2g23090	ko:K02300
bpla:bpln_2g23100	ko:K02299
bpla:bpln_2g23110	ko:K02298
bpla:bpln_2g23120	ko:K02297
bpla:bpln_2g23130	ko:K00342
bpla:bpln_2g23140	ko:K00219
bpla:bpln_2g23170	ko:K05847
bpla:bpln_2g23180	ko:K05846
bpla:bpln_2g23190	ko:K05845
bpla:bpln_2g23200	ko:K05846
bpla:bpln_2g23210	ko:K11733
bpla:bpln_2g23240	ko:K01420
bpla:bpln_2g23250	ko:K01489
bpla:bpln_2g23260	ko:K07006
bpla:bpln_2g23300	ko:K10215
bpla:bpln_2g23320	ko:K11103
bpla:bpln_2g23330	ko:K05874
bpla:bpln_2g23390	ko:K10441
bpla:bpln_2g23400	ko:K10440
bpla:bpln_2g23410	ko:K10439
bpla:bpln_2g23480	ko:K08191
bpla:bpln_2g23510	ko:K03704
bpla:bpln_2g23520	ko:K07497
bpla:bpln_2g23560	ko:K00697
bpla:bpln_2g23590	ko:K00370
bpla:bpln_2g23600	ko:K00371
bpla:bpln_2g23610	ko:K00373
bpla:bpln_2g23620	ko:K00374
bpla:bpln_2g23630	ko:K02575
bpla:bpln_2g23640	ko:K15977
bpla:bpln_2g23650	ko:K06911
bpla:bpln_2g23680	ko:K00484
bpla:bpln_2g23690	ko:K10811
bpla:bpln_2g23700	ko:K00941
bpla:bpln_2g23720	ko:K00560
bpla:bpln_2g23740	ko:K03574
bpla:bpln_2g23750	ko:K05929
bpla:bpln_2g23760	ko:K00471
bpla:bpln_2g23780	ko:K03717
bpla:bpln_2g23820	ko:K00375
bpla:bpln_2g23890	ko:K04064
bpla:bpln_2g23940	ko:K21636
bpla:bpln_2g23970	ko:K24844
bpla:bpln_2g23980	ko:K24845
bpla:bpln_2g23990	ko:K24843
bpla:bpln_2g24000	ko:K18911
bpla:bpln_2g24030	ko:K01775
bpla:bpln_2g24090	ko:K24700
bpla:bpln_2g24120	ko:K04091
bpla:bpln_2g24140	ko:K15553
bpla:bpln_2g24150	ko:K15554
bpla:bpln_2g24160	ko:K15555
bpla:bpln_2g24180	ko:K15553
bpla:bpln_2g24190	ko:K07140
bpla:bpln_2g24200	ko:K07486
bpla:bpln_2g24250	ko:K01194
bpla:bpln_2g24270	ko:K09927
bpla:bpln_2g24310	ko:K13633
bpla:bpln_2g24370	ko:K07347
bpla:bpln_2g24380	ko:K15540
bpla:bpln_2g24390	ko:K07345
bpla:bpln_2g24410	ko:K00344
bpla:bpln_2g24420	ko:K04750
bpla:bpln_2g24450	ko:K03569
bpla:bpln_2g24460	ko:K07001
bpla:bpln_2g24470	ko:K02484
bpla:bpln_2g24480	ko:K02483
bpla:bpln_2g24490	ko:K01425
bpla:bpln_2g24510	ko:K05874
bpla:bpln_2g24530	ko:K01424
bpla:bpln_2g24570	ko:K03762
bpla:bpln_2g24580	ko:K21826
bpla:bpln_2g24610	ko:K16216
bpla:bpln_2g24620	ko:K13877
bpla:bpln_2g24650	ko:K16137
bpla:bpln_2g24680	ko:K01751
bpla:bpln_2g24690	ko:K03719
bpla:bpln_2g24700	ko:K04063
bpla:bpln_2g24710	ko:K00596
bpla:bpln_2g24730	ko:K02030
bpla:bpln_2g24750	ko:K27802
bpla:bpln_2g24760	ko:K07404
bpla:bpln_2g24900	ko:K01438
bpla:bpln_2g24920	ko:K10004
bpla:bpln_2g24930	ko:K01480
bpla:bpln_2g24940	ko:K02029
bpla:bpln_2g24960	ko:K02030
bpla:bpln_2g24980	ko:K13993
bpla:bpln_2g24990	ko:K13993
bpla:bpln_2g25000	ko:K00697
bpla:bpln_2g25020	ko:K10441
bpla:bpln_2g25030	ko:K10440
bpla:bpln_2g25040	ko:K10439
bpla:bpln_2g25050	ko:K00064
bpla:bpln_2g25070	ko:K00041
bpla:bpln_2g25080	ko:K26399
bpla:bpln_2g25110	ko:K00529
bpla:bpln_2g25150	ko:K07301
bpla:bpln_2g25220	ko:K01555
bpla:bpln_2g25230	ko:K00451
bpla:bpln_2g25270	ko:K11354
bpla:bpln_2g25320	ko:K08482
bpla:bpln_2g25360	ko:K16137
bpla:bpln_2g25380	ko:K02483
bpla:bpln_2g25390	ko:K03285
bpla:bpln_2g25400	ko:K05825
bpla:bpln_2g25420	ko:K26061
bpla:bpln_2g25430	ko:K01999
bpla:bpln_2g25480	ko:K13483
bpla:bpln_2g25490	ko:K11178
bpla:bpln_2g25500	ko:K11177
bpla:bpln_2g25600	ko:K02030
bpla:bpln_2g25610	ko:K02029
bpla:bpln_2g25620	ko:K02028
bpla:bpln_2g25680	ko:K11209
bpla:bpln_2g25690	ko:K03566
bpla:bpln_2g25760	ko:K16137
bpla:bpln_2g25830	ko:K06893
bpla:bpln_2g25910	ko:K01091
bpla:bpln_2g25930	ko:K03406
bpla:bpln_2g25940	ko:K07090
bpla:bpln_2g25950	ko:K03088
bpla:bpln_2g25980	ko:K00574
bpla:bpln_2g25990	ko:K03098
bpla:bpln_2g26000	ko:K06954
bpla:bpln_2g26010	ko:K09701
bpla:bpln_2g26020	ko:K00574
bpla:bpln_2g26070	ko:K23467
bpla:bpln_2g26090	ko:K01438
bpla:bpln_2g26130	ko:K07222
bpla:bpln_2g26180	ko:K00128
bpla:bpln_2g26190	ko:K00020
bpla:bpln_2g26270	ko:K09915
bpla:bpln_2g26290	ko:K00375
bpla:bpln_2g26340	ko:K07277
bpla:bpln_2g26390	ko:K03885
bpla:bpln_2g26400	ko:K00375
bpla:bpln_2g26410	ko:K01118
bpla:bpln_2g26470	ko:K03088
bpla:bpln_2g26540	ko:K05349
bpla:bpln_2g26550	ko:K03746
bpla:bpln_2g26600	ko:K00799
bpla:bpln_2g26620	ko:K00016
bpla:bpln_2g26680	ko:K03100
bpla:bpln_2g26700	ko:K09768
bpla:bpln_2g26720	ko:K08195
bpla:bpln_2g26790	ko:K03711
bpla:bpln_2g26810	ko:K18307
bpla:bpln_2g26820	ko:K18306
bpla:bpln_2g26860	ko:K07497
bpla:bpln_2g26880	ko:K07126
bpla:bpln_2g26890	ko:K16090
bpla:bpln_2g26900	ko:K07336
bpla:bpln_2g26930	ko:K03719
bpla:bpln_2g26940	ko:K01761
bpla:bpln_2g26970	ko:K05306
bpla:bpln_2g27010	ko:K07506
bpla:bpln_2g27040	ko:K00375
bpla:bpln_2g27050	ko:K07734
bpla:bpln_2g27060	ko:K00209
bpla:bpln_2g27070	ko:K03781
bpla:bpln_2g27100	ko:K10439
bpla:bpln_2g27110	ko:K10441
bpla:bpln_2g27120	ko:K10440
bpla:bpln_2g27130	ko:K10440
bpla:bpln_2g27160	ko:K01265
bpla:bpln_2g27180	ko:K01434
bpla:bpln_2g27190	ko:K00836
bpla:bpln_2g27200	ko:K04656
bpla:bpln_2g27210	ko:K04655
bpla:bpln_2g27270	ko:K15268
bpla:bpln_2g27300	ko:K01451
bpla:bpln_2g27340	ko:K06911
bpla:bpln_2g27410	ko:K01821
bpla:bpln_2g27420	ko:K03285
bpla:bpln_2g27550	ko:K07498
bpla:bpln_2g27620	ko:K00620
bpla:bpln_2g27640	ko:K18315
bpla:bpln_2g27650	ko:K18317
bpla:bpln_2g27660	ko:K18316
bpla:bpln_2g27670	ko:K00931
bpla:bpln_2g27720	ko:K03781
bpla:bpln_2g27730	ko:K03777
bpla:bpln_2g27810	ko:K03406
bpla:bpln_2g27820	ko:K00164
bpla:bpln_2g27830	ko:K14189
bpla:bpln_2g27850	ko:K03415
bpla:bpln_2g27880	ko:K03406
bpla:bpln_2g27960	ko:K01469
bpla:bpln_2g28000	ko:K00694
bpla:bpln_2g28010	ko:K20541
bpla:bpln_2g28020	ko:K20542
bpla:bpln_2g28030	ko:K20543
bpla:bpln_2g28100	ko:K18900
bpla:bpln_2g28120	ko:K08224
bpla:bpln_2g28140	ko:K07267
bpla:bpln_2g28160	ko:K03782
bpla:bpln_2g28170	ko:K14057
bpla:bpln_2g28180	ko:K03655
bpla:bpln_2g28190	ko:K10013
bpla:bpln_2g28200	ko:K06987
bpla:bpln_2g28210	ko:K02073
bpla:bpln_2g28250	ko:K25133
bpla:bpln_2g28260	ko:K10834
bpla:bpln_2g28270	ko:K01620
bpla:bpln_2g28310	ko:K00425
bpla:bpln_2g28320	ko:K00426
bpla:bpln_2g28360	ko:K10680
bpla:bpln_2g28380	ko:K00801
bpla:bpln_2g28440	ko:K08161
bpla:bpln_2g28490	ko:K17686
bpla:bpln_2g28520	ko:K07507
bpla:bpln_2g28550	ko:K01796
bpla:bpln_2g28560	ko:K09788
bpla:bpln_2g28570	ko:K20455
bpla:bpln_2g28580	ko:K01659
bpla:bpln_2g28590	ko:K03417
bpla:bpln_2g28600	ko:K02688
bpla:bpln_2g28610	ko:K02014
bpla:bpln_2g28690	ko:K03746
bpla:bpln_2g28770	ko:K03305
bpla:bpln_2g28800	ko:K05786
bpla:bpln_2g28810	ko:K01512
bpla:bpln_2g28820	ko:K00091
bpla:bpln_2g28830	ko:K03646
bpla:bpln_2g28850	ko:K03527
bpla:bpln_2g28870	ko:K13021
bpla:bpln_2g28880	ko:K07246
bpla:bpln_2g28890	ko:K16135
bpla:bpln_2g28900	ko:K07240
bpla:bpln_2g28910	ko:K07240
bpla:bpln_2g28950	ko:K06200
bpla:bpln_2g28970	ko:K15553
bpla:bpln_2g28990	ko:K05835
bpla:bpln_2g29020	ko:K06139
bpla:bpln_2g29030	ko:K06138
bpla:bpln_2g29040	ko:K06137
bpla:bpln_2g29050	ko:K06136
bpla:bpln_2g29060	ko:K06135
bpla:bpln_2g29080	ko:K00135
bpla:bpln_2g29120	ko:K03566
bpla:bpln_2g29160	ko:K05366
bpla:bpln_2g29180	ko:K03825
bpla:bpln_2g29190	ko:K03825
bpla:bpln_2g29220	ko:K13896
bpla:bpln_2g29230	ko:K13895
bpla:bpln_2g29240	ko:K13894
bpla:bpln_2g29250	ko:K13893
bpla:bpln_2g29260	ko:K02014
bpla:bpln_2g29290	ko:K03559
bpla:bpln_2g29300	ko:K03559
bpla:bpln_2g29310	ko:K03561
bpla:bpln_2g29320	ko:K03832
bpla:bpln_2g29360	ko:K04749
bpla:bpln_2g29400	ko:K16870
bpla:bpln_2g29420	ko:K02480
bpla:bpln_2g29440	ko:K09705
bpla:bpln_2g29450	ko:K07323
bpla:bpln_2g29460	ko:K07003
bpla:bpln_2g29470	ko:K04754
bpla:bpln_2g29480	ko:K01607
bpla:bpln_2g29530	ko:K06045
bpla:bpln_2g29540	ko:K21678
bpla:bpln_2g29580	ko:K19784
bpla:bpln_2g29590	ko:K00537
bpla:bpln_2gr01	ko:K01977
bpla:bpln_2gr02	ko:K01980
bpla:bpln_2gr03	ko:K01985
bpla:bpln_2gr04	ko:K01977
bpla:bpln_2gr05	ko:K01980
bpla:bpln_2gr06	ko:K01985
bpla:bpln_2gt01	ko:K14227
bpla:bpln_2gt02	ko:K14218
bpla:bpln_2gt03	ko:K14227
bpla:bpln_2gt04	ko:K14218
bpla:bpln_2gt05	ko:K14238
bpla:bpln_2gt06	ko:K14230
bpla:bpln_2gt07	ko:K14237
bpla:bpln_2gt08	ko:K14237
