bpyr:ABD05_00020	ko:K01462
bpyr:ABD05_00025	ko:K01972
bpyr:ABD05_00035	ko:K03529
bpyr:ABD05_00045	ko:K14267
bpyr:ABD05_00050	ko:K00674
bpyr:ABD05_00060	ko:K01439
bpyr:ABD05_00065	ko:K07320
bpyr:ABD05_00070	ko:K06131
bpyr:ABD05_00075	ko:K00432
bpyr:ABD05_00080	ko:K06158
bpyr:ABD05_00090	ko:K04485
bpyr:ABD05_00095	ko:K01775
bpyr:ABD05_00100	ko:K08227
bpyr:ABD05_00105	ko:K00941
bpyr:ABD05_00110	ko:K09977
bpyr:ABD05_00115	ko:K21929
bpyr:ABD05_00120	ko:K03789
bpyr:ABD05_00125	ko:K14742
bpyr:ABD05_00140	ko:K01637
bpyr:ABD05_00155	ko:K01560
bpyr:ABD05_00160	ko:K01638
bpyr:ABD05_00180	ko:K14221
bpyr:ABD05_00185	ko:K14224
bpyr:ABD05_00190	ko:K14221
bpyr:ABD05_00195	ko:K14224
bpyr:ABD05_00200	ko:K14221
bpyr:ABD05_00205	ko:K14224
bpyr:ABD05_00210	ko:K14218
bpyr:ABD05_00215	ko:K01885
bpyr:ABD05_00220	ko:K07001
bpyr:ABD05_00230	ko:K13896
bpyr:ABD05_00235	ko:K13895
bpyr:ABD05_00240	ko:K13894
bpyr:ABD05_00245	ko:K13893
bpyr:ABD05_00255	ko:K02300
bpyr:ABD05_00260	ko:K02299
bpyr:ABD05_00265	ko:K02298
bpyr:ABD05_00270	ko:K02297
bpyr:ABD05_00280	ko:K00342
bpyr:ABD05_00290	ko:K14233
bpyr:ABD05_00295	ko:K00928
bpyr:ABD05_00300	ko:K04075
bpyr:ABD05_00305	ko:K01962
bpyr:ABD05_00310	ko:K01247
bpyr:ABD05_00315	ko:K01883
bpyr:ABD05_00325	ko:K03767
bpyr:ABD05_00330	ko:K03768
bpyr:ABD05_00335	ko:K03269
bpyr:ABD05_00340	ko:K00640
bpyr:ABD05_00345	ko:K02533
bpyr:ABD05_00350	ko:K01092
bpyr:ABD05_00355	ko:K07137
bpyr:ABD05_00360	ko:K03555
bpyr:ABD05_00370	ko:K03775
bpyr:ABD05_00375	ko:K18850
bpyr:ABD05_00385	ko:K07287
bpyr:ABD05_00390	ko:K01714
bpyr:ABD05_00400	ko:K01867
bpyr:ABD05_00415	ko:K07053
bpyr:ABD05_00430	ko:K28956
bpyr:ABD05_00435	ko:K04083
bpyr:ABD05_00445	ko:K05589
bpyr:ABD05_00450	ko:K01689
bpyr:ABD05_00455	ko:K01627
bpyr:ABD05_00460	ko:K01937
bpyr:ABD05_00470	ko:K02238
bpyr:ABD05_00475	ko:K03424
bpyr:ABD05_00480	ko:K09810
bpyr:ABD05_00485	ko:K09808
bpyr:ABD05_00495	ko:K07462
bpyr:ABD05_00500	ko:K02836
bpyr:ABD05_00505	ko:K04567
bpyr:ABD05_00520	ko:K04755
bpyr:ABD05_00525	ko:K04044
bpyr:ABD05_00530	ko:K04082
bpyr:ABD05_00535	ko:K13628
bpyr:ABD05_00540	ko:K04488
bpyr:ABD05_00545	ko:K04487
bpyr:ABD05_00550	ko:K13643
bpyr:ABD05_00555	ko:K25307
bpyr:ABD05_00565	ko:K18929
bpyr:ABD05_00570	ko:K18928
bpyr:ABD05_00575	ko:K19333
bpyr:ABD05_00580	ko:K07262
bpyr:ABD05_00590	ko:K00382
bpyr:ABD05_00595	ko:K00627
bpyr:ABD05_00600	ko:K00163
bpyr:ABD05_00615	ko:K01491
bpyr:ABD05_00620	ko:K01414
bpyr:ABD05_00625	ko:K02346
bpyr:ABD05_00630	ko:K25316
bpyr:ABD05_00635	ko:K14230
bpyr:ABD05_00640	ko:K01142
bpyr:ABD05_00645	ko:K01322
bpyr:ABD05_00650	ko:K07712
bpyr:ABD05_00655	ko:K07708
bpyr:ABD05_00660	ko:K01915
bpyr:ABD05_00690	ko:K03578
bpyr:ABD05_00695	ko:K14682
bpyr:ABD05_00725	ko:K14237
bpyr:ABD05_00730	ko:K00860
bpyr:ABD05_00735	ko:K12256
bpyr:ABD05_00740	ko:K01915
bpyr:ABD05_00745	ko:K07010
bpyr:ABD05_00750	ko:K01458
bpyr:ABD05_00755	ko:K05603
bpyr:ABD05_00760	ko:K01468
bpyr:ABD05_00765	ko:K09975
bpyr:ABD05_00770	ko:K01712
bpyr:ABD05_00775	ko:K05836
bpyr:ABD05_00780	ko:K01745
bpyr:ABD05_00785	ko:K10001
bpyr:ABD05_00790	ko:K06133
bpyr:ABD05_00800	ko:K03566
bpyr:ABD05_00815	ko:K01669
bpyr:ABD05_00855	ko:K00957
bpyr:ABD05_00860	ko:K00955
bpyr:ABD05_00880	ko:K07404
bpyr:ABD05_00905	ko:K05795
bpyr:ABD05_00910	ko:K09799
bpyr:ABD05_00930	ko:K14233
bpyr:ABD05_00945	ko:K03863
bpyr:ABD05_00950	ko:K00375
bpyr:ABD05_00955	ko:K14393
bpyr:ABD05_00965	ko:K01895
bpyr:ABD05_00980	ko:K01676
bpyr:ABD05_00985	ko:K03594
bpyr:ABD05_00990	ko:K01776
bpyr:ABD05_00995	ko:K02192
bpyr:ABD05_01000	ko:K03832
bpyr:ABD05_01005	ko:K03561
bpyr:ABD05_01010	ko:K03559
bpyr:ABD05_01025	ko:K06911
bpyr:ABD05_01045	ko:K07243
bpyr:ABD05_01055	ko:K07230
bpyr:ABD05_01060	ko:K03702
bpyr:ABD05_01065	ko:K00832
bpyr:ABD05_01070	ko:K00019
bpyr:ABD05_01080	ko:K07115
bpyr:ABD05_01090	ko:K19591
bpyr:ABD05_01095	ko:K01985
bpyr:ABD05_01100	ko:K01980
bpyr:ABD05_01105	ko:K14218
bpyr:ABD05_01110	ko:K14227
bpyr:ABD05_01115	ko:K01977
bpyr:ABD05_01145	ko:K09861
bpyr:ABD05_01150	ko:K07063
bpyr:ABD05_01155	ko:K14287
bpyr:ABD05_01160	ko:K00799
bpyr:ABD05_01170	ko:K11209
bpyr:ABD05_01185	ko:K28556
bpyr:ABD05_01190	ko:K04118
bpyr:ABD05_01200	ko:K01515
bpyr:ABD05_01210	ko:K00343
bpyr:ABD05_01215	ko:K00342
bpyr:ABD05_01220	ko:K00341
bpyr:ABD05_01225	ko:K00340
bpyr:ABD05_01230	ko:K00339
bpyr:ABD05_01235	ko:K00338
bpyr:ABD05_01240	ko:K00337
bpyr:ABD05_01245	ko:K00336
bpyr:ABD05_01250	ko:K00335
bpyr:ABD05_01255	ko:K00334
bpyr:ABD05_01260	ko:K00333
bpyr:ABD05_01265	ko:K00332
bpyr:ABD05_01270	ko:K00331
bpyr:ABD05_01275	ko:K00330
bpyr:ABD05_01280	ko:K14228
bpyr:ABD05_01285	ko:K03075
bpyr:ABD05_01290	ko:K01803
bpyr:ABD05_01300	ko:K00962
bpyr:ABD05_01305	ko:K02956
bpyr:ABD05_01310	ko:K01999
bpyr:ABD05_01320	ko:K01673
bpyr:ABD05_01330	ko:K01649
bpyr:ABD05_01335	ko:K17103
bpyr:ABD05_01340	ko:K01613
bpyr:ABD05_01345	ko:K00053
bpyr:ABD05_01350	ko:K01653
bpyr:ABD05_01355	ko:K01652
bpyr:ABD05_01360	ko:K03088
bpyr:ABD05_01385	ko:K27597
bpyr:ABD05_01390	ko:K00901
bpyr:ABD05_01420	ko:K07050
bpyr:ABD05_01425	ko:K06886
bpyr:ABD05_01430	ko:K02004
bpyr:ABD05_01440	ko:K11741
bpyr:ABD05_01445	ko:K09712
bpyr:ABD05_01450	ko:K07667
bpyr:ABD05_01455	ko:K07646
bpyr:ABD05_01460	ko:K01548
bpyr:ABD05_01465	ko:K01547
bpyr:ABD05_01470	ko:K01546
bpyr:ABD05_01485	ko:K00344
bpyr:ABD05_01490	ko:K01734
bpyr:ABD05_01495	ko:K00059
bpyr:ABD05_01500	ko:K00761
bpyr:ABD05_01510	ko:K01945
bpyr:ABD05_01515	ko:K00228
bpyr:ABD05_01520	ko:K00969
bpyr:ABD05_01525	ko:K09710
bpyr:ABD05_01530	ko:K00783
bpyr:ABD05_01535	ko:K06287
bpyr:ABD05_01540	ko:K08301
bpyr:ABD05_01545	ko:K09923
bpyr:ABD05_01580	ko:K11085
bpyr:ABD05_01600	ko:K02849
bpyr:ABD05_01610	ko:K02337
bpyr:ABD05_01615	ko:K07146
bpyr:ABD05_01620	ko:K01894
bpyr:ABD05_01625	ko:K11927
bpyr:ABD05_01640	ko:K08289
bpyr:ABD05_01650	ko:K03466
bpyr:ABD05_01655	ko:K07404
bpyr:ABD05_01665	ko:K05973
bpyr:ABD05_01675	ko:K03616
bpyr:ABD05_01680	ko:K10773
bpyr:ABD05_01710	ko:K09989
bpyr:ABD05_01715	ko:K05782
bpyr:ABD05_01720	ko:K00616
bpyr:ABD05_01725	ko:K04750
bpyr:ABD05_01730	ko:K03307
bpyr:ABD05_01760	ko:K03181
bpyr:ABD05_01765	ko:K04079
bpyr:ABD05_01785	ko:K05825
bpyr:ABD05_01805	ko:K07240
bpyr:ABD05_01825	ko:K02621
bpyr:ABD05_01830	ko:K02622
bpyr:ABD05_01835	ko:K15738
bpyr:ABD05_01855	ko:K14219
bpyr:ABD05_01905	ko:K07483
bpyr:ABD05_01920	ko:K00059
bpyr:ABD05_01930	ko:K08276
bpyr:ABD05_01950	ko:K08169
bpyr:ABD05_01960	ko:K00697
bpyr:ABD05_02010	ko:K02049
bpyr:ABD05_02015	ko:K02050
bpyr:ABD05_02025	ko:K07638
bpyr:ABD05_02030	ko:K07659
bpyr:ABD05_02040	ko:K06911
bpyr:ABD05_02045	ko:K10014
bpyr:ABD05_02050	ko:K10016
bpyr:ABD05_02055	ko:K10015
bpyr:ABD05_02060	ko:K10017
bpyr:ABD05_02080	ko:K04751
bpyr:ABD05_02085	ko:K01950
bpyr:ABD05_02090	ko:K09919
bpyr:ABD05_02095	ko:K05349
bpyr:ABD05_02105	ko:K07461
bpyr:ABD05_02110	ko:K01507
bpyr:ABD05_02115	ko:K00128
bpyr:ABD05_02120	ko:K00059
bpyr:ABD05_02135	ko:K02498
bpyr:ABD05_02140	ko:K13543
bpyr:ABD05_02145	ko:K01749
bpyr:ABD05_02150	ko:K01595
bpyr:ABD05_02165	ko:K27078
bpyr:ABD05_02170	ko:K27078
bpyr:ABD05_02175	ko:K07346
bpyr:ABD05_02180	ko:K07347
bpyr:ABD05_02185	ko:K01755
bpyr:ABD05_02200	ko:K01584
bpyr:ABD05_02205	ko:K01494
bpyr:ABD05_02210	ko:K04565
bpyr:ABD05_02215	ko:K03593
bpyr:ABD05_02225	ko:K01874
bpyr:ABD05_02230	ko:K09800
bpyr:ABD05_02235	ko:K07278
bpyr:ABD05_02245	ko:K05896
bpyr:ABD05_02250	ko:K01918
bpyr:ABD05_02255	ko:K01579
bpyr:ABD05_02260	ko:K03496
bpyr:ABD05_02265	ko:K15977
bpyr:ABD05_02270	ko:K02232
bpyr:ABD05_02275	ko:K02231
bpyr:ABD05_02280	ko:K02227
bpyr:ABD05_02285	ko:K02225
bpyr:ABD05_02290	ko:K02016
bpyr:ABD05_02295	ko:K02226
bpyr:ABD05_02300	ko:K02233
bpyr:ABD05_02305	ko:K00768
bpyr:ABD05_02310	ko:K02013
bpyr:ABD05_02315	ko:K02015
bpyr:ABD05_02320	ko:K16092
bpyr:ABD05_02335	ko:K09888
bpyr:ABD05_02350	ko:K13292
bpyr:ABD05_02360	ko:K01687
bpyr:ABD05_02365	ko:K08738
bpyr:ABD05_02375	ko:K02339
bpyr:ABD05_02380	ko:K01255
bpyr:ABD05_02385	ko:K07091
bpyr:ABD05_02390	ko:K11720
bpyr:ABD05_02395	ko:K03795
bpyr:ABD05_02400	ko:K02303
bpyr:ABD05_02405	ko:K00956
bpyr:ABD05_02410	ko:K00957
bpyr:ABD05_02415	ko:K00390
bpyr:ABD05_02425	ko:K00381
bpyr:ABD05_02430	ko:K13634
bpyr:ABD05_02435	ko:K01999
bpyr:ABD05_02440	ko:K14228
bpyr:ABD05_02450	ko:K00059
bpyr:ABD05_02480	ko:K07156
bpyr:ABD05_02485	ko:K06183
bpyr:ABD05_02500	ko:K00523
bpyr:ABD05_02505	ko:K00821
bpyr:ABD05_02520	ko:K01996
bpyr:ABD05_02525	ko:K01995
bpyr:ABD05_02530	ko:K01998
bpyr:ABD05_02535	ko:K01997
bpyr:ABD05_02545	ko:K03527
bpyr:ABD05_02550	ko:K03774
bpyr:ABD05_02555	ko:K03630
bpyr:ABD05_02560	ko:K02902
bpyr:ABD05_02565	ko:K02913
bpyr:ABD05_02570	ko:K00278
bpyr:ABD05_02575	ko:K00767
bpyr:ABD05_02580	ko:K03517
bpyr:ABD05_02585	ko:K00507
bpyr:ABD05_02595	ko:K03500
bpyr:ABD05_02600	ko:K11175
bpyr:ABD05_02605	ko:K11753
bpyr:ABD05_02610	ko:K01870
bpyr:ABD05_02615	ko:K03101
bpyr:ABD05_02620	ko:K13038
bpyr:ABD05_02625	ko:K01520
bpyr:ABD05_02635	ko:K03293
bpyr:ABD05_02640	ko:K03694
bpyr:ABD05_02645	ko:K06891
bpyr:ABD05_02650	ko:K03704
bpyr:ABD05_02665	ko:K00031
bpyr:ABD05_02670	ko:K00031
bpyr:ABD05_02680	ko:K06181
bpyr:ABD05_02685	ko:K09005
bpyr:ABD05_02690	ko:K02355
bpyr:ABD05_02695	ko:K07241
bpyr:ABD05_02710	ko:K24967
bpyr:ABD05_02720	ko:K01647
bpyr:ABD05_02745	ko:K00077
bpyr:ABD05_02755	ko:K10914
bpyr:ABD05_02760	ko:K04564
bpyr:ABD05_02765	ko:K03601
bpyr:ABD05_02770	ko:K00912
bpyr:ABD05_02775	ko:K09791
bpyr:ABD05_02780	ko:K00979
bpyr:ABD05_02785	ko:K00939
bpyr:ABD05_02800	ko:K03980
bpyr:ABD05_02805	ko:K02968
bpyr:ABD05_02815	ko:K00611
bpyr:ABD05_02820	ko:K00799
bpyr:ABD05_02830	ko:K00075
bpyr:ABD05_02835	ko:K09767
bpyr:ABD05_02840	ko:K08591
bpyr:ABD05_02850	ko:K01897
bpyr:ABD05_02855	ko:K04763
bpyr:ABD05_02860	ko:K00567
bpyr:ABD05_02865	ko:K18979
bpyr:ABD05_02870	ko:K06925
bpyr:ABD05_02875	ko:K01448
bpyr:ABD05_02880	ko:K15268
bpyr:ABD05_02890	ko:K05838
bpyr:ABD05_02895	ko:K22132
bpyr:ABD05_02900	ko:K00275
bpyr:ABD05_02905	ko:K00574
bpyr:ABD05_02915	ko:K07304
bpyr:ABD05_02925	ko:K17285
bpyr:ABD05_02940	ko:K03719
bpyr:ABD05_02945	ko:K07130
bpyr:ABD05_02950	ko:K01556
bpyr:ABD05_02955	ko:K00453
bpyr:ABD05_02965	ko:K00077
bpyr:ABD05_02970	ko:K00141
bpyr:ABD05_02975	ko:K01576
bpyr:ABD05_02985	ko:K00007
bpyr:ABD05_02990	ko:K00854
bpyr:ABD05_03000	ko:K10111
bpyr:ABD05_03010	ko:K10229
bpyr:ABD05_03015	ko:K10228
bpyr:ABD05_03020	ko:K10227
bpyr:ABD05_03025	ko:K16371
bpyr:ABD05_03030	ko:K00847
bpyr:ABD05_03035	ko:K21620
bpyr:ABD05_03040	ko:K09823
bpyr:ABD05_03045	ko:K02077
bpyr:ABD05_03050	ko:K02074
bpyr:ABD05_03055	ko:K02075
bpyr:ABD05_03060	ko:K01070
bpyr:ABD05_03065	ko:K00121
bpyr:ABD05_03070	ko:K00854
bpyr:ABD05_03075	ko:K24206
bpyr:ABD05_03080	ko:K18554
bpyr:ABD05_03085	ko:K18139
bpyr:ABD05_03090	ko:K18138
bpyr:ABD05_03095	ko:K03585
bpyr:ABD05_03100	ko:K03577
bpyr:ABD05_03115	ko:K09386
bpyr:ABD05_03130	ko:K04771
bpyr:ABD05_03135	ko:K02484
bpyr:ABD05_03140	ko:K02483
bpyr:ABD05_03145	ko:K07259
bpyr:ABD05_03160	ko:K07566
bpyr:ABD05_03165	ko:K01589
bpyr:ABD05_03170	ko:K01588
bpyr:ABD05_03175	ko:K01923
bpyr:ABD05_03180	ko:K01624
bpyr:ABD05_03185	ko:K00873
bpyr:ABD05_03190	ko:K00927
bpyr:ABD05_03195	ko:K26606
bpyr:ABD05_03200	ko:K26605
bpyr:ABD05_03205	ko:K00826
bpyr:ABD05_03215	ko:K02843
bpyr:ABD05_03225	ko:K07019
bpyr:ABD05_03235	ko:K01423
bpyr:ABD05_03240	ko:K03637
bpyr:ABD05_03250	ko:K03832
bpyr:ABD05_03260	ko:K02650
bpyr:ABD05_03270	ko:K01902
bpyr:ABD05_03275	ko:K01903
bpyr:ABD05_03285	ko:K03565
bpyr:ABD05_03290	ko:K03553
bpyr:ABD05_03295	ko:K02483
bpyr:ABD05_03310	ko:K14230
bpyr:ABD05_03315	ko:K18900
bpyr:ABD05_03325	ko:K18199
bpyr:ABD05_03335	ko:K07136
bpyr:ABD05_03350	ko:K09984
bpyr:ABD05_03360	ko:K01684
bpyr:ABD05_03365	ko:K07245
bpyr:ABD05_03380	ko:K11927
bpyr:ABD05_03395	ko:K00681
bpyr:ABD05_03400	ko:K02444
bpyr:ABD05_03415	ko:K00111
bpyr:ABD05_03420	ko:K00864
bpyr:ABD05_03425	ko:K02440
bpyr:ABD05_03430	ko:K00529
bpyr:ABD05_03435	ko:K05710
bpyr:ABD05_03445	ko:K02529
bpyr:ABD05_03455	ko:K06606
bpyr:ABD05_03460	ko:K00010
bpyr:ABD05_03470	ko:K02858
bpyr:ABD05_03480	ko:K19577
bpyr:ABD05_03490	ko:K06168
bpyr:ABD05_03495	ko:K06217
bpyr:ABD05_03500	ko:K07042
bpyr:ABD05_03505	ko:K07232
bpyr:ABD05_03510	ko:K06189
bpyr:ABD05_03515	ko:K03820
bpyr:ABD05_03530	ko:K01879
bpyr:ABD05_03535	ko:K03273
bpyr:ABD05_03540	ko:K00655
bpyr:ABD05_03550	ko:K01759
bpyr:ABD05_03560	ko:K02528
bpyr:ABD05_03565	ko:K00097
bpyr:ABD05_03570	ko:K03771
bpyr:ABD05_03575	ko:K04744
bpyr:ABD05_03580	ko:K07102
bpyr:ABD05_03585	ko:K00992
bpyr:ABD05_03590	ko:K24821
bpyr:ABD05_03595	ko:K10806
bpyr:ABD05_03605	ko:K02379
bpyr:ABD05_03615	ko:K00632
bpyr:ABD05_03620	ko:K07516
bpyr:ABD05_03625	ko:K20035
bpyr:ABD05_03635	ko:K06131
bpyr:ABD05_03640	ko:K08310
bpyr:ABD05_03645	ko:K01876
bpyr:ABD05_03665	ko:K03688
bpyr:ABD05_03670	ko:K03690
bpyr:ABD05_03680	ko:K03183
bpyr:ABD05_03700	ko:K01754
bpyr:ABD05_03705	ko:K06879
bpyr:ABD05_03710	ko:K07483
bpyr:ABD05_03715	ko:K07497
bpyr:ABD05_03730	ko:K06015
bpyr:ABD05_03745	ko:K05520
bpyr:ABD05_03780	ko:K06132
bpyr:ABD05_03790	ko:K18928
bpyr:ABD05_03795	ko:K00782
bpyr:ABD05_03800	ko:K18929
bpyr:ABD05_03805	ko:K03303
bpyr:ABD05_03810	ko:K07387
bpyr:ABD05_03820	ko:K18240
bpyr:ABD05_03825	ko:K00059
bpyr:ABD05_03830	ko:K02078
bpyr:ABD05_03865	ko:K00647
bpyr:ABD05_03890	ko:K00023
bpyr:ABD05_03895	ko:K00626
bpyr:ABD05_03905	ko:K03496
bpyr:ABD05_03910	ko:K03652
bpyr:ABD05_03915	ko:K03649
bpyr:ABD05_03920	ko:K03111
bpyr:ABD05_03930	ko:K03701
bpyr:ABD05_03940	ko:K01433
bpyr:ABD05_03955	ko:K00759
bpyr:ABD05_03960	ko:K03455
bpyr:ABD05_03965	ko:K06041
bpyr:ABD05_03970	ko:K03270
bpyr:ABD05_03975	ko:K11719
bpyr:ABD05_03980	ko:K09774
bpyr:ABD05_03985	ko:K06861
bpyr:ABD05_03990	ko:K03092
bpyr:ABD05_03995	ko:K05808
bpyr:ABD05_04000	ko:K02806
bpyr:ABD05_04005	ko:K06023
bpyr:ABD05_04010	ko:K06958
bpyr:ABD05_04015	ko:K07157
bpyr:ABD05_04020	ko:K03575
bpyr:ABD05_04025	ko:K10563
bpyr:ABD05_04035	ko:K02494
bpyr:ABD05_04040	ko:K00919
bpyr:ABD05_04045	ko:K14223
bpyr:ABD05_04050	ko:K00948
bpyr:ABD05_04055	ko:K02897
bpyr:ABD05_04060	ko:K01056
bpyr:ABD05_04065	ko:K00817
bpyr:ABD05_04075	ko:K00954
bpyr:ABD05_04080	ko:K08316
bpyr:ABD05_04085	ko:K03110
bpyr:ABD05_04090	ko:K01800
bpyr:ABD05_04100	ko:K01649
bpyr:ABD05_04110	ko:K12976
bpyr:ABD05_04115	ko:K03089
bpyr:ABD05_04125	ko:K00425
bpyr:ABD05_04130	ko:K00426
bpyr:ABD05_04135	ko:K00424
bpyr:ABD05_04140	ko:K12373
bpyr:ABD05_04145	ko:K02804
bpyr:ABD05_04150	ko:K23993
bpyr:ABD05_04155	ko:K00820
bpyr:ABD05_04160	ko:K01443
bpyr:ABD05_04165	ko:K24967
bpyr:ABD05_04170	ko:K14162
bpyr:ABD05_04175	ko:K14161
bpyr:ABD05_04180	ko:K14160
bpyr:ABD05_04185	ko:K05833
bpyr:ABD05_04190	ko:K05832
bpyr:ABD05_04195	ko:K01989
bpyr:ABD05_04205	ko:K02073
bpyr:ABD05_04210	ko:K03406
bpyr:ABD05_04220	ko:K07152
bpyr:ABD05_04225	ko:K02257
bpyr:ABD05_04230	ko:K02259
bpyr:ABD05_04240	ko:K14998
bpyr:ABD05_04250	ko:K02276
bpyr:ABD05_04260	ko:K02258
bpyr:ABD05_04270	ko:K02274
bpyr:ABD05_04275	ko:K02275
bpyr:ABD05_04285	ko:K02169
bpyr:ABD05_04295	ko:K03216
bpyr:ABD05_04300	ko:K23518
bpyr:ABD05_04305	ko:K00057
bpyr:ABD05_04310	ko:K03071
bpyr:ABD05_04315	ko:K03676
bpyr:ABD05_04325	ko:K01834
bpyr:ABD05_04330	ko:K03797
bpyr:ABD05_04335	ko:K21029
bpyr:ABD05_04340	ko:K08483
bpyr:ABD05_04345	ko:K02784
bpyr:ABD05_04350	ko:K02793
bpyr:ABD05_04355	ko:K01920
bpyr:ABD05_04360	ko:K01919
bpyr:ABD05_04365	ko:K03320
bpyr:ABD05_04370	ko:K04752
bpyr:ABD05_04375	ko:K09806
bpyr:ABD05_04380	ko:K07391
bpyr:ABD05_04395	ko:K10126
bpyr:ABD05_04400	ko:K10125
bpyr:ABD05_04405	ko:K11103
bpyr:ABD05_04410	ko:K14393
bpyr:ABD05_04425	ko:K28556
bpyr:ABD05_04435	ko:K07516
bpyr:ABD05_04445	ko:K00681
bpyr:ABD05_04450	ko:K21449
bpyr:ABD05_04455	ko:K15552
bpyr:ABD05_04460	ko:K10831
bpyr:ABD05_04465	ko:K15551
bpyr:ABD05_04470	ko:K03644
bpyr:ABD05_04475	ko:K03801
bpyr:ABD05_04485	ko:K03566
bpyr:ABD05_04490	ko:K09158
bpyr:ABD05_04495	ko:K00824
bpyr:ABD05_04500	ko:K07258
bpyr:ABD05_04505	ko:K07018
bpyr:ABD05_04520	ko:K18480
bpyr:ABD05_04525	ko:K02067
bpyr:ABD05_04530	ko:K02065
bpyr:ABD05_04535	ko:K02066
bpyr:ABD05_04540	ko:K01119
bpyr:ABD05_04565	ko:K03524
bpyr:ABD05_04570	ko:K03525
bpyr:ABD05_04580	ko:K21345
bpyr:ABD05_04590	ko:K07001
bpyr:ABD05_04605	ko:K16171
bpyr:ABD05_04625	ko:K00548
bpyr:ABD05_04630	ko:K00548
bpyr:ABD05_04640	ko:K01887
bpyr:ABD05_04650	ko:K03673
bpyr:ABD05_04660	ko:K12368
bpyr:ABD05_04685	ko:K00906
bpyr:ABD05_04690	ko:K01673
bpyr:ABD05_04700	ko:K09858
bpyr:ABD05_04710	ko:K00833
bpyr:ABD05_04715	ko:K00652
bpyr:ABD05_04720	ko:K01935
bpyr:ABD05_04725	ko:K01012
bpyr:ABD05_04730	ko:K06201
bpyr:ABD05_04750	ko:K24163
bpyr:ABD05_04755	ko:K05350
bpyr:ABD05_04760	ko:K04090
bpyr:ABD05_04770	ko:K00799
bpyr:ABD05_04775	ko:K08715
bpyr:ABD05_04780	ko:K02048
bpyr:ABD05_04785	ko:K01714
bpyr:ABD05_04790	ko:K28279
bpyr:ABD05_04810	ko:K00799
bpyr:ABD05_04815	ko:K03566
bpyr:ABD05_04825	ko:K07002
bpyr:ABD05_04830	ko:K12972
bpyr:ABD05_04835	ko:K01640
bpyr:ABD05_04845	ko:K06938
bpyr:ABD05_04855	ko:K03719
bpyr:ABD05_04860	ko:K01561
bpyr:ABD05_04865	ko:K00459
bpyr:ABD05_04885	ko:K14347
bpyr:ABD05_04900	ko:K29027
bpyr:ABD05_04905	ko:K00847
bpyr:ABD05_04930	ko:K01633
bpyr:ABD05_04935	ko:K14058
bpyr:ABD05_04940	ko:K04042
bpyr:ABD05_04945	ko:K00820
bpyr:ABD05_04955	ko:K07726
bpyr:ABD05_04970	ko:K07243
bpyr:ABD05_04980	ko:K07213
bpyr:ABD05_04985	ko:K09472
bpyr:ABD05_04995	ko:K07010
bpyr:ABD05_05000	ko:K01915
bpyr:ABD05_05005	ko:K12256
bpyr:ABD05_05010	ko:K11073
bpyr:ABD05_05015	ko:K11076
bpyr:ABD05_05020	ko:K11075
bpyr:ABD05_05025	ko:K11074
bpyr:ABD05_05040	ko:K09471
bpyr:ABD05_05060	ko:K00383
bpyr:ABD05_05080	ko:K07240
bpyr:ABD05_05085	ko:K07240
bpyr:ABD05_05090	ko:K03566
bpyr:ABD05_05095	ko:K09016
bpyr:ABD05_05105	ko:K02397
bpyr:ABD05_05110	ko:K02396
bpyr:ABD05_05115	ko:K21087
bpyr:ABD05_05120	ko:K02395
bpyr:ABD05_05125	ko:K02394
bpyr:ABD05_05130	ko:K02393
bpyr:ABD05_05135	ko:K02392
bpyr:ABD05_05140	ko:K02391
bpyr:ABD05_05145	ko:K02390
bpyr:ABD05_05150	ko:K02389
bpyr:ABD05_05155	ko:K02388
bpyr:ABD05_05160	ko:K02387
bpyr:ABD05_05165	ko:K02386
bpyr:ABD05_05170	ko:K02398
bpyr:ABD05_05175	ko:K02399
bpyr:ABD05_05185	ko:K01262
bpyr:ABD05_05195	ko:K00974
bpyr:ABD05_05200	ko:K00799
bpyr:ABD05_05210	ko:K08309
bpyr:ABD05_05215	ko:K01934
bpyr:ABD05_05225	ko:K23123
bpyr:ABD05_05230	ko:K23124
bpyr:ABD05_05235	ko:K07160
bpyr:ABD05_05240	ko:K09973
bpyr:ABD05_05245	ko:K12372
bpyr:ABD05_05250	ko:K12371
bpyr:ABD05_05255	ko:K12370
bpyr:ABD05_05260	ko:K12369
bpyr:ABD05_05265	ko:K12368
bpyr:ABD05_05290	ko:K28519
bpyr:ABD05_05305	ko:K05835
bpyr:ABD05_05310	ko:K00528
bpyr:ABD05_05320	ko:K07689
bpyr:ABD05_05325	ko:K03294
bpyr:ABD05_05330	ko:K07402
bpyr:ABD05_05335	ko:K09939
bpyr:ABD05_05340	ko:K04061
bpyr:ABD05_05350	ko:K02423
bpyr:ABD05_05355	ko:K02422
bpyr:ABD05_05360	ko:K02408
bpyr:ABD05_05365	ko:K02409
bpyr:ABD05_05370	ko:K02410
bpyr:ABD05_05375	ko:K02411
bpyr:ABD05_05380	ko:K02412
bpyr:ABD05_05385	ko:K02413
bpyr:ABD05_05390	ko:K02414
bpyr:ABD05_05405	ko:K00154
bpyr:ABD05_05430	ko:K19265
bpyr:ABD05_05450	ko:K00789
bpyr:ABD05_05455	ko:K02517
bpyr:ABD05_05460	ko:K21498
bpyr:ABD05_05465	ko:K01778
bpyr:ABD05_05470	ko:K09921
bpyr:ABD05_05475	ko:K03733
bpyr:ABD05_05480	ko:K06969
bpyr:ABD05_05490	ko:K06204
bpyr:ABD05_05495	ko:K01419
bpyr:ABD05_05500	ko:K03667
bpyr:ABD05_05515	ko:K15012
bpyr:ABD05_05520	ko:K15011
bpyr:ABD05_05530	ko:K00930
bpyr:ABD05_05540	ko:K05501
bpyr:ABD05_05550	ko:K00641
bpyr:ABD05_05560	ko:K08218
bpyr:ABD05_05575	ko:K13979
bpyr:ABD05_05580	ko:K01142
bpyr:ABD05_05590	ko:K02434
bpyr:ABD05_05595	ko:K02433
bpyr:ABD05_05600	ko:K02435
bpyr:ABD05_05605	ko:K03569
bpyr:ABD05_05610	ko:K03570
bpyr:ABD05_05615	ko:K03571
bpyr:ABD05_05620	ko:K05515
bpyr:ABD05_05625	ko:K05837
bpyr:ABD05_05630	ko:K07126
bpyr:ABD05_05635	ko:K01630
bpyr:ABD05_05640	ko:K01737
bpyr:ABD05_05645	ko:K10026
bpyr:ABD05_05650	ko:K06920
bpyr:ABD05_05655	ko:K14231
bpyr:ABD05_05660	ko:K13599
bpyr:ABD05_05665	ko:K13598
bpyr:ABD05_05675	ko:K03500
bpyr:ABD05_05680	ko:K03799
bpyr:ABD05_05690	ko:K00604
bpyr:ABD05_05695	ko:K01462
bpyr:ABD05_05700	ko:K04096
bpyr:ABD05_05710	ko:K03169
bpyr:ABD05_05720	ko:K00058
bpyr:ABD05_05735	ko:K14229
bpyr:ABD05_05770	ko:K10010
bpyr:ABD05_05775	ko:K10009
bpyr:ABD05_05780	ko:K02424
bpyr:ABD05_05790	ko:K00206
bpyr:ABD05_05795	ko:K19670
bpyr:ABD05_05815	ko:K01114
bpyr:ABD05_05825	ko:K03303
bpyr:ABD05_05835	ko:K01919
bpyr:ABD05_05840	ko:K01247
bpyr:ABD05_05845	ko:K10778
bpyr:ABD05_05865	ko:K00657
bpyr:ABD05_05890	ko:K03650
bpyr:ABD05_05900	ko:K03217
bpyr:ABD05_05905	ko:K08998
bpyr:ABD05_05910	ko:K03536
bpyr:ABD05_05915	ko:K02914
bpyr:ABD05_05920	ko:K02313
bpyr:ABD05_05925	ko:K02338
bpyr:ABD05_05930	ko:K02470
bpyr:ABD05_05945	ko:K00558
bpyr:ABD05_05950	ko:K07458
bpyr:ABD05_05985	ko:K06131
bpyr:ABD05_06010	ko:K07497
bpyr:ABD05_06060	ko:K03497
bpyr:ABD05_06070	ko:K07483
bpyr:ABD05_06075	ko:K07497
bpyr:ABD05_06100	ko:K01985
bpyr:ABD05_06105	ko:K01980
bpyr:ABD05_06110	ko:K01977
bpyr:ABD05_06120	ko:K03781
bpyr:ABD05_06125	ko:K03088
bpyr:ABD05_06145	ko:K14237
bpyr:ABD05_06155	ko:K03088
bpyr:ABD05_06170	ko:K18911
bpyr:ABD05_06185	ko:K01156
bpyr:ABD05_06190	ko:K07316
bpyr:ABD05_06200	ko:K07649
bpyr:ABD05_06205	ko:K15554
bpyr:ABD05_06210	ko:K15555
bpyr:ABD05_06215	ko:K15553
bpyr:ABD05_06220	ko:K02421
bpyr:ABD05_06225	ko:K02420
bpyr:ABD05_06230	ko:K02419
bpyr:ABD05_06235	ko:K02418
bpyr:ABD05_06240	ko:K02417
bpyr:ABD05_06245	ko:K02416
bpyr:ABD05_06250	ko:K02415
bpyr:ABD05_06260	ko:K06518
bpyr:ABD05_06270	ko:K28280
bpyr:ABD05_06275	ko:K03446
bpyr:ABD05_06290	ko:K18139
bpyr:ABD05_06295	ko:K02463
bpyr:ABD05_06300	ko:K02462
bpyr:ABD05_06305	ko:K02461
bpyr:ABD05_06310	ko:K02460
bpyr:ABD05_06315	ko:K02459
bpyr:ABD05_06320	ko:K02458
bpyr:ABD05_06325	ko:K02457
bpyr:ABD05_06330	ko:K02456
bpyr:ABD05_06335	ko:K02452
bpyr:ABD05_06340	ko:K02455
bpyr:ABD05_06345	ko:K02454
bpyr:ABD05_06350	ko:K02453
bpyr:ABD05_06365	ko:K03530
bpyr:ABD05_06370	ko:K15461
bpyr:ABD05_06380	ko:K06048
bpyr:ABD05_06390	ko:K01951
bpyr:ABD05_06400	ko:K07117
bpyr:ABD05_06410	ko:K02483
bpyr:ABD05_06420	ko:K01724
bpyr:ABD05_06425	ko:K00500
bpyr:ABD05_06430	ko:K03719
bpyr:ABD05_06450	ko:K01995
bpyr:ABD05_06455	ko:K01996
bpyr:ABD05_06460	ko:K01999
bpyr:ABD05_06465	ko:K01997
bpyr:ABD05_06470	ko:K01998
bpyr:ABD05_06475	ko:K01999
bpyr:ABD05_06480	ko:K01997
bpyr:ABD05_06485	ko:K01995
bpyr:ABD05_06485	ko:K01998
bpyr:ABD05_06490	ko:K01996
bpyr:ABD05_06495	ko:K03495
bpyr:ABD05_06500	ko:K03501
bpyr:ABD05_06505	ko:K03496
bpyr:ABD05_06510	ko:K03497
bpyr:ABD05_06520	ko:K02116
bpyr:ABD05_06525	ko:K02108
bpyr:ABD05_06530	ko:K02110
bpyr:ABD05_06535	ko:K02109
bpyr:ABD05_06540	ko:K02113
bpyr:ABD05_06545	ko:K02111
bpyr:ABD05_06550	ko:K02115
bpyr:ABD05_06555	ko:K02112
bpyr:ABD05_06560	ko:K02114
bpyr:ABD05_06565	ko:K00666
bpyr:ABD05_06570	ko:K01713
bpyr:ABD05_06575	ko:K01599
bpyr:ABD05_06580	ko:K04066
bpyr:ABD05_06585	ko:K13821
bpyr:ABD05_06590	ko:K01999
bpyr:ABD05_06615	ko:K09456
bpyr:ABD05_06625	ko:K14287
bpyr:ABD05_06630	ko:K10013
bpyr:ABD05_06650	ko:K01534
bpyr:ABD05_06660	ko:K13652
bpyr:ABD05_06670	ko:K16238
bpyr:ABD05_06675	ko:K03735
bpyr:ABD05_06680	ko:K03736
bpyr:ABD05_06695	ko:K07006
bpyr:ABD05_06700	ko:K00138
bpyr:ABD05_06705	ko:K07006
bpyr:ABD05_06710	ko:K04033
bpyr:ABD05_06720	ko:K01652
bpyr:ABD05_06735	ko:K01752
bpyr:ABD05_06745	ko:K00281
bpyr:ABD05_06750	ko:K02437
bpyr:ABD05_06755	ko:K00605
bpyr:ABD05_06775	ko:K03656
bpyr:ABD05_06785	ko:K14219
bpyr:ABD05_06795	ko:K18234
bpyr:ABD05_06810	ko:K20429
bpyr:ABD05_06820	ko:K02423
bpyr:ABD05_06825	ko:K02407
bpyr:ABD05_06830	ko:K02406
bpyr:ABD05_06835	ko:K02970
bpyr:ABD05_06840	ko:K01246
bpyr:ABD05_06845	ko:K18676
bpyr:ABD05_06850	ko:K28854
bpyr:ABD05_06855	ko:K06188
bpyr:ABD05_06860	ko:K03746
bpyr:ABD05_06870	ko:K02403
bpyr:ABD05_06875	ko:K02402
bpyr:ABD05_06880	ko:K02556
bpyr:ABD05_06885	ko:K02557
bpyr:ABD05_06890	ko:K03413
bpyr:ABD05_06895	ko:K03407
bpyr:ABD05_06900	ko:K03408
bpyr:ABD05_06905	ko:K05874
bpyr:ABD05_06910	ko:K00575
bpyr:ABD05_06915	ko:K03411
bpyr:ABD05_06920	ko:K03412
bpyr:ABD05_06925	ko:K03413
bpyr:ABD05_06930	ko:K03414
bpyr:ABD05_06955	ko:K02401
bpyr:ABD05_06960	ko:K02400
bpyr:ABD05_06965	ko:K02404
bpyr:ABD05_06970	ko:K04562
bpyr:ABD05_06975	ko:K02405
bpyr:ABD05_06980	ko:K01251
bpyr:ABD05_06985	ko:K08972
bpyr:ABD05_06990	ko:K00297
bpyr:ABD05_06995	ko:K01426
bpyr:ABD05_07005	ko:K00459
bpyr:ABD05_07010	ko:K01999
bpyr:ABD05_07020	ko:K07226
bpyr:ABD05_07025	ko:K03746
bpyr:ABD05_07035	ko:K03719
bpyr:ABD05_07045	ko:K01069
bpyr:ABD05_07050	ko:K03642
bpyr:ABD05_07055	ko:K07056
bpyr:ABD05_07060	ko:K07460
bpyr:ABD05_07065	ko:K03271
bpyr:ABD05_07070	ko:K28369
bpyr:ABD05_07075	ko:K08738
bpyr:ABD05_07080	ko:K14218
bpyr:ABD05_07090	ko:K01706
bpyr:ABD05_07095	ko:K03535
bpyr:ABD05_07105	ko:K00799
bpyr:ABD05_07110	ko:K09965
bpyr:ABD05_07120	ko:K02004
bpyr:ABD05_07125	ko:K02004
bpyr:ABD05_07130	ko:K02003
bpyr:ABD05_07145	ko:K09122
bpyr:ABD05_07155	ko:K05834
bpyr:ABD05_07170	ko:K07275
bpyr:ABD05_07185	ko:K00145
bpyr:ABD05_07190	ko:K03809
bpyr:ABD05_07200	ko:K00762
bpyr:ABD05_07205	ko:K00029
bpyr:ABD05_07210	ko:K04090
bpyr:ABD05_07220	ko:K00457
bpyr:ABD05_07225	ko:K03719
bpyr:ABD05_07245	ko:K02613
bpyr:ABD05_07250	ko:K02612
bpyr:ABD05_07255	ko:K02611
bpyr:ABD05_07260	ko:K02610
bpyr:ABD05_07265	ko:K02609
bpyr:ABD05_07275	ko:K01977
bpyr:ABD05_07280	ko:K14227
bpyr:ABD05_07285	ko:K14218
bpyr:ABD05_07290	ko:K01980
bpyr:ABD05_07295	ko:K01985
bpyr:ABD05_07305	ko:K14236
bpyr:ABD05_07310	ko:K14225
bpyr:ABD05_07315	ko:K14234
bpyr:ABD05_07320	ko:K02358
bpyr:ABD05_07325	ko:K14235
bpyr:ABD05_07330	ko:K03073
bpyr:ABD05_07335	ko:K02601
bpyr:ABD05_07340	ko:K02867
bpyr:ABD05_07345	ko:K02863
bpyr:ABD05_07350	ko:K02864
bpyr:ABD05_07355	ko:K02935
bpyr:ABD05_07360	ko:K03043
bpyr:ABD05_07365	ko:K03046
bpyr:ABD05_07370	ko:K03654
bpyr:ABD05_07375	ko:K02950
bpyr:ABD05_07380	ko:K02992
bpyr:ABD05_07385	ko:K02355
bpyr:ABD05_07390	ko:K02358
bpyr:ABD05_07395	ko:K02946
bpyr:ABD05_07400	ko:K02906
bpyr:ABD05_07405	ko:K02926
bpyr:ABD05_07410	ko:K02892
bpyr:ABD05_07415	ko:K02886
bpyr:ABD05_07420	ko:K02965
bpyr:ABD05_07425	ko:K02890
bpyr:ABD05_07430	ko:K02982
bpyr:ABD05_07435	ko:K02878
bpyr:ABD05_07440	ko:K02904
bpyr:ABD05_07445	ko:K02961
bpyr:ABD05_07450	ko:K02874
bpyr:ABD05_07455	ko:K02895
bpyr:ABD05_07460	ko:K02931
bpyr:ABD05_07465	ko:K02954
bpyr:ABD05_07470	ko:K02994
bpyr:ABD05_07475	ko:K02933
bpyr:ABD05_07480	ko:K02881
bpyr:ABD05_07485	ko:K02988
bpyr:ABD05_07490	ko:K02907
bpyr:ABD05_07495	ko:K02876
bpyr:ABD05_07500	ko:K03076
bpyr:ABD05_07505	ko:K02518
bpyr:ABD05_07510	ko:K02919
bpyr:ABD05_07515	ko:K02952
bpyr:ABD05_07520	ko:K02948
bpyr:ABD05_07525	ko:K02986
bpyr:ABD05_07530	ko:K03040
bpyr:ABD05_07535	ko:K02879
bpyr:ABD05_07540	ko:K03926
bpyr:ABD05_07545	ko:K04084
bpyr:ABD05_07550	ko:K01698
bpyr:ABD05_07555	ko:K03978
bpyr:ABD05_07565	ko:K07399
bpyr:ABD05_07575	ko:K07147
bpyr:ABD05_07580	ko:K17247
bpyr:ABD05_07590	ko:K06202
bpyr:ABD05_07595	ko:K05366
bpyr:ABD05_07610	ko:K02664
bpyr:ABD05_07615	ko:K02666
bpyr:ABD05_07620	ko:K00891
bpyr:ABD05_07625	ko:K01735
bpyr:ABD05_07630	ko:K01129
bpyr:ABD05_07635	ko:K05813
bpyr:ABD05_07640	ko:K05814
bpyr:ABD05_07645	ko:K05815
bpyr:ABD05_07650	ko:K05816
bpyr:ABD05_07655	ko:K01126
bpyr:ABD05_07660	ko:K07275
bpyr:ABD05_07665	ko:K07491
bpyr:ABD05_07670	ko:K00265
bpyr:ABD05_07675	ko:K00266
bpyr:ABD05_07680	ko:K03310
bpyr:ABD05_07685	ko:K01975
bpyr:ABD05_07690	ko:K00285
bpyr:ABD05_07705	ko:K02471
bpyr:ABD05_07710	ko:K03153
bpyr:ABD05_07715	ko:K03154
bpyr:ABD05_07720	ko:K03149
bpyr:ABD05_07725	ko:K00788
bpyr:ABD05_07730	ko:K02065
bpyr:ABD05_07735	ko:K02066
bpyr:ABD05_07740	ko:K02067
bpyr:ABD05_07745	ko:K04754
bpyr:ABD05_07750	ko:K07323
bpyr:ABD05_07755	ko:K07122
bpyr:ABD05_07760	ko:K01990
bpyr:ABD05_07765	ko:K01992
bpyr:ABD05_07775	ko:K00790
bpyr:ABD05_07780	ko:K00765
bpyr:ABD05_07785	ko:K00013
bpyr:ABD05_07790	ko:K00817
bpyr:ABD05_07795	ko:K01693
bpyr:ABD05_07805	ko:K02501
bpyr:ABD05_07810	ko:K01814
bpyr:ABD05_07815	ko:K02500
bpyr:ABD05_07820	ko:K01496
bpyr:ABD05_07825	ko:K01523
bpyr:ABD05_07835	ko:K02503
bpyr:ABD05_07840	ko:K03116
bpyr:ABD05_07845	ko:K03117
bpyr:ABD05_07850	ko:K03118
bpyr:ABD05_07855	ko:K04772
bpyr:ABD05_07865	ko:K00411
bpyr:ABD05_07870	ko:K00412
bpyr:ABD05_07875	ko:K00413
bpyr:ABD05_07880	ko:K03599
bpyr:ABD05_07885	ko:K03600
bpyr:ABD05_07890	ko:K14234
bpyr:ABD05_07930	ko:K02424
bpyr:ABD05_07950	ko:K11892
bpyr:ABD05_07955	ko:K11893
bpyr:ABD05_07960	ko:K11906
bpyr:ABD05_07970	ko:K11901
bpyr:ABD05_07975	ko:K11900
bpyr:ABD05_07980	ko:K11903
bpyr:ABD05_07985	ko:K11897
bpyr:ABD05_07990	ko:K11896
bpyr:ABD05_07995	ko:K11895
bpyr:ABD05_08000	ko:K11907
bpyr:ABD05_08005	ko:K11902
bpyr:ABD05_08010	ko:K03286
bpyr:ABD05_08015	ko:K11890
bpyr:ABD05_08020	ko:K11891
bpyr:ABD05_08025	ko:K17733
bpyr:ABD05_08035	ko:K16074
bpyr:ABD05_08050	ko:K01256
bpyr:ABD05_08060	ko:K09946
bpyr:ABD05_08075	ko:K09941
bpyr:ABD05_08095	ko:K04046
bpyr:ABD05_08100	ko:K03704
bpyr:ABD05_08110	ko:K15777
bpyr:ABD05_08115	ko:K03186
bpyr:ABD05_08120	ko:K07390
bpyr:ABD05_08125	ko:K02493
bpyr:ABD05_08130	ko:K02835
bpyr:ABD05_08135	ko:K02492
bpyr:ABD05_08140	ko:K02483
bpyr:ABD05_08150	ko:K01262
bpyr:ABD05_08165	ko:K06020
bpyr:ABD05_08175	ko:K03566
bpyr:ABD05_08190	ko:K11735
bpyr:ABD05_08195	ko:K06942
bpyr:ABD05_08200	ko:K18800
bpyr:ABD05_08205	ko:K03981
bpyr:ABD05_08215	ko:K01118
bpyr:ABD05_08220	ko:K03648
bpyr:ABD05_08230	ko:K01609
bpyr:ABD05_08235	ko:K00766
bpyr:ABD05_08240	ko:K01658
bpyr:ABD05_08245	ko:K01657
bpyr:ABD05_08250	ko:K01091
bpyr:ABD05_08255	ko:K01783
bpyr:ABD05_08260	ko:K06195
bpyr:ABD05_08265	ko:K08304
bpyr:ABD05_08270	ko:K01912
bpyr:ABD05_08275	ko:K02614
bpyr:ABD05_08280	ko:K15866
bpyr:ABD05_08285	ko:K07823
bpyr:ABD05_08295	ko:K01692
bpyr:ABD05_08300	ko:K01977
bpyr:ABD05_08305	ko:K14227
bpyr:ABD05_08310	ko:K14218
bpyr:ABD05_08315	ko:K01980
bpyr:ABD05_08320	ko:K01985
bpyr:ABD05_08330	ko:K01897
bpyr:ABD05_08340	ko:K06134
bpyr:ABD05_08345	ko:K03925
bpyr:ABD05_08350	ko:K03438
bpyr:ABD05_08355	ko:K03586
bpyr:ABD05_08360	ko:K03587
bpyr:ABD05_08365	ko:K01928
bpyr:ABD05_08370	ko:K01929
bpyr:ABD05_08375	ko:K01000
bpyr:ABD05_08380	ko:K01925
bpyr:ABD05_08385	ko:K03588
bpyr:ABD05_08390	ko:K02563
bpyr:ABD05_08395	ko:K01924
bpyr:ABD05_08400	ko:K01921
bpyr:ABD05_08405	ko:K03589
bpyr:ABD05_08410	ko:K03590
bpyr:ABD05_08415	ko:K03531
bpyr:ABD05_08420	ko:K24138
bpyr:ABD05_08430	ko:K02535
bpyr:ABD05_08440	ko:K03070
bpyr:ABD05_08445	ko:K00620
bpyr:ABD05_08450	ko:K06923
bpyr:ABD05_08455	ko:K03574
bpyr:ABD05_08460	ko:K09862
bpyr:ABD05_08465	ko:K18778
bpyr:ABD05_08470	ko:K00859
bpyr:ABD05_08475	ko:K02654
bpyr:ABD05_08480	ko:K02653
bpyr:ABD05_08485	ko:K02652
bpyr:ABD05_08490	ko:K03699
bpyr:ABD05_08495	ko:K14232
bpyr:ABD05_08500	ko:K02523
bpyr:ABD05_08505	ko:K02888
bpyr:ABD05_08510	ko:K02899
bpyr:ABD05_08515	ko:K03979
bpyr:ABD05_08520	ko:K00931
bpyr:ABD05_08530	ko:K08311
bpyr:ABD05_08535	ko:K01881
bpyr:ABD05_08545	ko:K00760
bpyr:ABD05_08550	ko:K03106
bpyr:ABD05_08560	ko:K06950
bpyr:ABD05_08565	ko:K03806
bpyr:ABD05_08570	ko:K00525
bpyr:ABD05_08575	ko:K00526
bpyr:ABD05_08585	ko:K06077
bpyr:ABD05_08590	ko:K00856
bpyr:ABD05_08595	ko:K11065
bpyr:ABD05_08605	ko:K02687
bpyr:ABD05_08610	ko:K01961
bpyr:ABD05_08615	ko:K02160
bpyr:ABD05_08620	ko:K03786
bpyr:ABD05_08635	ko:K02558
bpyr:ABD05_08640	ko:K07000
bpyr:ABD05_08645	ko:K01147
bpyr:ABD05_08650	ko:K00014
bpyr:ABD05_08655	ko:K03814
bpyr:ABD05_08675	ko:K00883
bpyr:ABD05_08680	ko:K01631
bpyr:ABD05_08690	ko:K10537
bpyr:ABD05_08695	ko:K10539
bpyr:ABD05_08700	ko:K10538
bpyr:ABD05_08705	ko:K22185
bpyr:ABD05_08710	ko:K01785
bpyr:ABD05_08715	ko:K01591
bpyr:ABD05_08720	ko:K03743
bpyr:ABD05_08725	ko:K01095
bpyr:ABD05_08730	ko:K00946
bpyr:ABD05_08735	ko:K00029
bpyr:ABD05_08740	ko:K01167
bpyr:ABD05_08755	ko:K09761
bpyr:ABD05_08765	ko:K00797
bpyr:ABD05_08770	ko:K00615
bpyr:ABD05_08775	ko:K00134
bpyr:ABD05_08785	ko:K00046
bpyr:ABD05_08790	ko:K00098
bpyr:ABD05_08800	ko:K11103
bpyr:ABD05_08805	ko:K01477
bpyr:ABD05_08810	ko:K01483
bpyr:ABD05_08815	ko:K03711
bpyr:ABD05_08820	ko:K06186
bpyr:ABD05_08825	ko:K00215
bpyr:ABD05_08830	ko:K03561
bpyr:ABD05_08835	ko:K03559
bpyr:ABD05_08840	ko:K01869
bpyr:ABD05_08845	ko:K03643
bpyr:ABD05_08850	ko:K02340
bpyr:ABD05_08855	ko:K00147
bpyr:ABD05_08860	ko:K08973
bpyr:ABD05_08865	ko:K19337
bpyr:ABD05_08870	ko:K01690
bpyr:ABD05_08875	ko:K01625
bpyr:ABD05_08880	ko:K03299
bpyr:ABD05_08885	ko:K00851
bpyr:ABD05_08895	ko:K09471
bpyr:ABD05_08900	ko:K01756
bpyr:ABD05_08910	ko:K21645
bpyr:ABD05_08915	ko:K00261
bpyr:ABD05_08920	ko:K10001
bpyr:ABD05_08925	ko:K10003
bpyr:ABD05_08930	ko:K10002
bpyr:ABD05_08935	ko:K10004
bpyr:ABD05_08950	ko:K01465
bpyr:ABD05_08960	ko:K07397
bpyr:ABD05_08970	ko:K02871
bpyr:ABD05_08975	ko:K02996
bpyr:ABD05_08980	ko:K15724
bpyr:ABD05_08985	ko:K09001
bpyr:ABD05_08990	ko:K01866
bpyr:ABD05_08995	ko:K07560
bpyr:ABD05_09000	ko:K15634
bpyr:ABD05_09015	ko:K03551
bpyr:ABD05_09020	ko:K03550
bpyr:ABD05_09025	ko:K01159
bpyr:ABD05_09030	ko:K00602
bpyr:ABD05_09035	ko:K03557
bpyr:ABD05_09040	ko:K05540
bpyr:ABD05_09045	ko:K03185
bpyr:ABD05_09050	ko:K01262
bpyr:ABD05_09065	ko:K00566
bpyr:ABD05_09075	ko:K00324
bpyr:ABD05_09080	ko:K00324
bpyr:ABD05_09085	ko:K00325
bpyr:ABD05_09095	ko:K01501
bpyr:ABD05_09105	ko:K06996
bpyr:ABD05_09120	ko:K25137
bpyr:ABD05_09130	ko:K09857
bpyr:ABD05_09135	ko:K06192
bpyr:ABD05_09140	ko:K03808
bpyr:ABD05_09145	ko:K03808
bpyr:ABD05_09170	ko:K03797
bpyr:ABD05_09175	ko:K03074
bpyr:ABD05_09180	ko:K03072
bpyr:ABD05_09185	ko:K03210
bpyr:ABD05_09190	ko:K00773
bpyr:ABD05_09195	ko:K07568
bpyr:ABD05_09200	ko:K03655
bpyr:ABD05_09205	ko:K04761
bpyr:ABD05_09210	ko:K03782
bpyr:ABD05_09215	ko:K07001
bpyr:ABD05_09220	ko:K03179
bpyr:ABD05_09225	ko:K00286
bpyr:ABD05_09230	ko:K06997
bpyr:ABD05_09235	ko:K11473
bpyr:ABD05_09240	ko:K11472
bpyr:ABD05_09245	ko:K00104
bpyr:ABD05_09250	ko:K00102
bpyr:ABD05_09255	ko:K00798
bpyr:ABD05_09260	ko:K05916
bpyr:ABD05_09265	ko:K01626
bpyr:ABD05_09270	ko:K03568
bpyr:ABD05_09275	ko:K11206
bpyr:ABD05_09285	ko:K00982
bpyr:ABD05_09290	ko:K03631
bpyr:ABD05_09295	ko:K00858
bpyr:ABD05_09300	ko:K03705
bpyr:ABD05_09305	ko:K01772
bpyr:ABD05_09310	ko:K04762
bpyr:ABD05_09315	ko:K03687
bpyr:ABD05_09325	ko:K04043
bpyr:ABD05_09330	ko:K03686
bpyr:ABD05_09335	ko:K03342
bpyr:ABD05_09340	ko:K00606
bpyr:ABD05_09350	ko:K00950
bpyr:ABD05_09355	ko:K00970
bpyr:ABD05_09360	ko:K28842
bpyr:ABD05_09365	ko:K10763
bpyr:ABD05_09370	ko:K01933
bpyr:ABD05_09380	ko:K08151
bpyr:ABD05_09385	ko:K18476
bpyr:ABD05_09390	ko:K00791
bpyr:ABD05_09395	ko:K03572
bpyr:ABD05_09400	ko:K03975
bpyr:ABD05_09405	ko:K03442
bpyr:ABD05_09410	ko:K16011
bpyr:ABD05_09415	ko:K07266
bpyr:ABD05_09425	ko:K01991
bpyr:ABD05_09445	ko:K01711
bpyr:ABD05_09450	ko:K22252
bpyr:ABD05_09460	ko:K09689
bpyr:ABD05_09465	ko:K09688
bpyr:ABD05_09470	ko:K10107
bpyr:ABD05_09475	ko:K07265
bpyr:ABD05_09495	ko:K02535
bpyr:ABD05_09535	ko:K18991
bpyr:ABD05_09585	ko:K14229
bpyr:ABD05_09595	ko:K03640
bpyr:ABD05_09600	ko:K03641
bpyr:ABD05_09605	ko:K03646
bpyr:ABD05_09610	ko:K03560
bpyr:ABD05_09615	ko:K03562
bpyr:ABD05_09620	ko:K07107
bpyr:ABD05_09625	ko:K16066
bpyr:ABD05_09630	ko:K00600
bpyr:ABD05_09635	ko:K07738
bpyr:ABD05_09640	ko:K08084
bpyr:ABD05_09650	ko:K02672
bpyr:ABD05_09660	ko:K02655
bpyr:ABD05_09680	ko:K24158
bpyr:ABD05_09685	ko:K00252
bpyr:ABD05_09705	ko:K05712
bpyr:ABD05_09715	ko:K08195
bpyr:ABD05_09720	ko:K00451
bpyr:ABD05_09725	ko:K01555
bpyr:ABD05_09735	ko:K19577
bpyr:ABD05_09740	ko:K04719
bpyr:ABD05_09745	ko:K03778
bpyr:ABD05_09760	ko:K07506
bpyr:ABD05_09775	ko:K13481
bpyr:ABD05_09780	ko:K13482
bpyr:ABD05_09785	ko:K07402
bpyr:ABD05_09815	ko:K07518
bpyr:ABD05_09825	ko:K07090
bpyr:ABD05_09840	ko:K21829
bpyr:ABD05_09845	ko:K19744
bpyr:ABD05_09850	ko:K10013
bpyr:ABD05_09855	ko:K26064
bpyr:ABD05_09870	ko:K03088
bpyr:ABD05_09895	ko:K02010
bpyr:ABD05_09900	ko:K02011
bpyr:ABD05_09905	ko:K02012
bpyr:ABD05_09910	ko:K16301
bpyr:ABD05_09920	ko:K07267
bpyr:ABD05_09925	ko:K04078
bpyr:ABD05_09930	ko:K04077
bpyr:ABD05_09935	ko:K00941
bpyr:ABD05_09950	ko:K07735
bpyr:ABD05_09955	ko:K07447
bpyr:ABD05_09960	ko:K02825
bpyr:ABD05_09965	ko:K00609
bpyr:ABD05_09970	ko:K01465
bpyr:ABD05_09975	ko:K00655
bpyr:ABD05_09980	ko:K01525
bpyr:ABD05_09985	ko:K01710
bpyr:ABD05_09990	ko:K00973
bpyr:ABD05_09995	ko:K01790
bpyr:ABD05_10000	ko:K00067
bpyr:ABD05_10005	ko:K12990
bpyr:ABD05_10015	ko:K09691
bpyr:ABD05_10020	ko:K09690
bpyr:ABD05_10030	ko:K09691
bpyr:ABD05_10045	ko:K07497
bpyr:ABD05_10075	ko:K01784
bpyr:ABD05_10095	ko:K15778
bpyr:ABD05_10100	ko:K02841
bpyr:ABD05_10110	ko:K02527
bpyr:ABD05_10115	ko:K03189
bpyr:ABD05_10120	ko:K03188
bpyr:ABD05_10125	ko:K03187
bpyr:ABD05_10130	ko:K01428
bpyr:ABD05_10135	ko:K01429
bpyr:ABD05_10140	ko:K01430
bpyr:ABD05_10145	ko:K03190
bpyr:ABD05_10150	ko:K11963
bpyr:ABD05_10155	ko:K11962
bpyr:ABD05_10160	ko:K11961
bpyr:ABD05_10165	ko:K11960
bpyr:ABD05_10170	ko:K11959
bpyr:ABD05_10180	ko:K00573
bpyr:ABD05_10190	ko:K02495
bpyr:ABD05_10195	ko:K06940
bpyr:ABD05_10205	ko:K06153
bpyr:ABD05_10210	ko:K03439
bpyr:ABD05_10215	ko:K14225
bpyr:ABD05_10220	ko:K06995
bpyr:ABD05_10225	ko:K22209
bpyr:ABD05_10230	ko:K06895
bpyr:ABD05_10235	ko:K19338
bpyr:ABD05_10250	ko:K11264
bpyr:ABD05_10255	ko:K07240
bpyr:ABD05_10260	ko:K07240
bpyr:ABD05_10285	ko:K06199
bpyr:ABD05_10290	ko:K09137
bpyr:ABD05_10295	ko:K02221
bpyr:ABD05_10315	ko:K03182
bpyr:ABD05_10330	ko:K03625
bpyr:ABD05_10335	ko:K00794
bpyr:ABD05_10340	ko:K14652
bpyr:ABD05_10345	ko:K09983
bpyr:ABD05_10360	ko:K00793
bpyr:ABD05_10365	ko:K11752
bpyr:ABD05_10370	ko:K01845
bpyr:ABD05_10380	ko:K07552
bpyr:ABD05_10385	ko:K00845
bpyr:ABD05_10390	ko:K01057
bpyr:ABD05_10395	ko:K00036
bpyr:ABD05_10400	ko:K17315
bpyr:ABD05_10405	ko:K17316
bpyr:ABD05_10410	ko:K17317
bpyr:ABD05_10415	ko:K10112
bpyr:ABD05_10430	ko:K00384
bpyr:ABD05_10435	ko:K03466
bpyr:ABD05_10440	ko:K03634
bpyr:ABD05_10445	ko:K07478
bpyr:ABD05_10455	ko:K01875
bpyr:ABD05_10460	ko:K14233
bpyr:ABD05_10465	ko:K03406
bpyr:ABD05_10470	ko:K00496
bpyr:ABD05_10480	ko:K03610
bpyr:ABD05_10485	ko:K03609
bpyr:ABD05_10490	ko:K03608
bpyr:ABD05_10505	ko:K03281
bpyr:ABD05_10510	ko:K02841
bpyr:ABD05_10525	ko:K03832
bpyr:ABD05_10540	ko:K14233
bpyr:ABD05_10550	ko:K01519
bpyr:ABD05_10555	ko:K00989
bpyr:ABD05_10565	ko:K00942
bpyr:ABD05_10570	ko:K03060
bpyr:ABD05_10575	ko:K01139
bpyr:ABD05_10580	ko:K14219
bpyr:ABD05_10585	ko:K14219
bpyr:ABD05_10590	ko:K14219
bpyr:ABD05_10595	ko:K04760
bpyr:ABD05_10600	ko:K03285
bpyr:ABD05_10610	ko:K03704
bpyr:ABD05_10615	ko:K02342
bpyr:ABD05_10620	ko:K04093
bpyr:ABD05_10635	ko:K02014
bpyr:ABD05_10665	ko:K14234
bpyr:ABD05_10670	ko:K03841
bpyr:ABD05_10675	ko:K01256
bpyr:ABD05_10685	ko:K23541
bpyr:ABD05_10690	ko:K01487
bpyr:ABD05_10700	ko:K21053
bpyr:ABD05_10705	ko:K07402
bpyr:ABD05_10710	ko:K03611
bpyr:ABD05_10715	ko:K02433
bpyr:ABD05_10760	ko:K00126
bpyr:ABD05_10765	ko:K00123
bpyr:ABD05_10770	ko:K00124
bpyr:ABD05_10775	ko:K00127
bpyr:ABD05_10795	ko:K22292
bpyr:ABD05_10800	ko:K00568
bpyr:ABD05_10805	ko:K03286
bpyr:ABD05_10810	ko:K02469
bpyr:ABD05_10815	ko:K09924
bpyr:ABD05_10820	ko:K00831
bpyr:ABD05_10825	ko:K14170
bpyr:ABD05_10830	ko:K04517
bpyr:ABD05_10835	ko:K00800
bpyr:ABD05_10840	ko:K00945
bpyr:ABD05_10845	ko:K02945
bpyr:ABD05_10850	ko:K05788
bpyr:ABD05_10855	ko:K08992
bpyr:ABD05_10860	ko:K19804
bpyr:ABD05_10865	ko:K00012
bpyr:ABD05_10875	ko:K03274
bpyr:ABD05_10880	ko:K02237
bpyr:ABD05_10885	ko:K12339
bpyr:ABD05_10890	ko:K08305
bpyr:ABD05_10900	ko:K01054
bpyr:ABD05_10905	ko:K02071
bpyr:ABD05_10910	ko:K02072
bpyr:ABD05_10915	ko:K02073
bpyr:ABD05_10920	ko:K03521
bpyr:ABD05_10925	ko:K03522
bpyr:ABD05_10930	ko:K20035
bpyr:ABD05_10935	ko:K00285
bpyr:ABD05_10940	ko:K03719
bpyr:ABD05_10960	ko:K02959
bpyr:ABD05_10965	ko:K02860
bpyr:ABD05_10970	ko:K00554
bpyr:ABD05_10975	ko:K02884
bpyr:ABD05_10985	ko:K02227
bpyr:ABD05_10995	ko:K06949
bpyr:ABD05_11000	ko:K06013
bpyr:ABD05_11005	ko:K13288
bpyr:ABD05_11010	ko:K03831
bpyr:ABD05_11015	ko:K09889
bpyr:ABD05_11020	ko:K03592
bpyr:ABD05_11025	ko:K00287
bpyr:ABD05_11040	ko:K00560
bpyr:ABD05_11060	ko:K01679
bpyr:ABD05_11065	ko:K26939
bpyr:ABD05_11070	ko:K14761
bpyr:ABD05_11085	ko:K26606
bpyr:ABD05_11090	ko:K26605
bpyr:ABD05_11100	ko:K05805
bpyr:ABD05_11105	ko:K14220
bpyr:ABD05_11110	ko:K14220
bpyr:ABD05_11115	ko:K05524
bpyr:ABD05_11120	ko:K00763
bpyr:ABD05_11125	ko:K00782
bpyr:ABD05_11135	ko:K00090
bpyr:ABD05_11140	ko:K09760
bpyr:ABD05_11155	ko:K03750
bpyr:ABD05_11160	ko:K03752
bpyr:ABD05_11165	ko:K03639
bpyr:ABD05_11170	ko:K08300
bpyr:ABD05_11175	ko:K06179
bpyr:ABD05_11180	ko:K01091
bpyr:ABD05_11190	ko:K04773
bpyr:ABD05_11195	ko:K07056
bpyr:ABD05_11200	ko:K25422
bpyr:ABD05_11205	ko:K07040
bpyr:ABD05_11210	ko:K02911
bpyr:ABD05_11215	ko:K03621
bpyr:ABD05_11220	ko:K00648
bpyr:ABD05_11225	ko:K00645
bpyr:ABD05_11230	ko:K00059
bpyr:ABD05_11235	ko:K02078
bpyr:ABD05_11240	ko:K09458
bpyr:ABD05_11250	ko:K03088
bpyr:ABD05_11255	ko:K03597
bpyr:ABD05_11260	ko:K03598
bpyr:ABD05_11265	ko:K04771
bpyr:ABD05_11275	ko:K03596
bpyr:ABD05_11280	ko:K03100
bpyr:ABD05_11285	ko:K03685
bpyr:ABD05_11290	ko:K03595
bpyr:ABD05_11295	ko:K03584
bpyr:ABD05_11300	ko:K03474
bpyr:ABD05_11305	ko:K00997
bpyr:ABD05_11310	ko:K01207
bpyr:ABD05_11315	ko:K07713
bpyr:ABD05_11320	ko:K02356
bpyr:ABD05_11330	ko:K03703
bpyr:ABD05_11335	ko:K00995
bpyr:ABD05_11340	ko:K14225
bpyr:ABD05_11345	ko:K14225
bpyr:ABD05_11350	ko:K14225
bpyr:ABD05_11355	ko:K14222
bpyr:ABD05_11360	ko:K24217
bpyr:ABD05_11375	ko:K01265
bpyr:ABD05_11380	ko:K08968
bpyr:ABD05_11390	ko:K06911
bpyr:ABD05_11395	ko:K02348
bpyr:ABD05_11400	ko:K02351
bpyr:ABD05_11405	ko:K09796
bpyr:ABD05_11410	ko:K07152
bpyr:ABD05_11415	ko:K01087
bpyr:ABD05_11420	ko:K00697
bpyr:ABD05_11425	ko:K06147
bpyr:ABD05_11440	ko:K08983
bpyr:ABD05_11445	ko:K01706
bpyr:ABD05_11455	ko:K01999
bpyr:ABD05_11460	ko:K01114
bpyr:ABD05_11465	ko:K00868
bpyr:ABD05_11505	ko:K10016
bpyr:ABD05_11510	ko:K10015
bpyr:ABD05_11515	ko:K10017
bpyr:ABD05_11520	ko:K21825
bpyr:ABD05_11525	ko:K00840
bpyr:ABD05_11530	ko:K00673
bpyr:ABD05_11535	ko:K00673
bpyr:ABD05_11540	ko:K06447
bpyr:ABD05_11545	ko:K01484
bpyr:ABD05_11550	ko:K05526
bpyr:ABD05_11555	ko:K10013
bpyr:ABD05_11570	ko:K03564
bpyr:ABD05_11590	ko:K07789
bpyr:ABD05_11595	ko:K07788
bpyr:ABD05_11600	ko:K07799
bpyr:ABD05_11605	ko:K20329
bpyr:ABD05_11675	ko:K02480
bpyr:ABD05_11680	ko:K07152
bpyr:ABD05_11690	ko:K02456
bpyr:ABD05_11695	ko:K02455
bpyr:ABD05_11700	ko:K02454
bpyr:ABD05_11725	ko:K02453
bpyr:ABD05_11730	ko:K02456
bpyr:ABD05_11735	ko:K02456
bpyr:ABD05_11745	ko:K07093
bpyr:ABD05_11750	ko:K03320
bpyr:ABD05_11770	ko:K07118
bpyr:ABD05_11775	ko:K05800
bpyr:ABD05_11780	ko:K02010
bpyr:ABD05_11785	ko:K02011
bpyr:ABD05_11790	ko:K02012
bpyr:ABD05_11795	ko:K16234
bpyr:ABD05_11805	ko:K03583
bpyr:ABD05_11810	ko:K03582
bpyr:ABD05_11815	ko:K03581
bpyr:ABD05_11820	ko:K15034
bpyr:ABD05_11840	ko:K04062
bpyr:ABD05_11845	ko:K03147
bpyr:ABD05_11885	ko:K03651
bpyr:ABD05_11890	ko:K02052
bpyr:ABD05_11895	ko:K02053
bpyr:ABD05_11900	ko:K02053
bpyr:ABD05_11905	ko:K02055
bpyr:ABD05_11940	ko:K00166
bpyr:ABD05_11945	ko:K00167
bpyr:ABD05_11950	ko:K09699
bpyr:ABD05_11955	ko:K00382
bpyr:ABD05_11970	ko:K01480
bpyr:ABD05_11980	ko:K03457
bpyr:ABD05_12000	ko:K06016
bpyr:ABD05_12010	ko:K19577
bpyr:ABD05_12020	ko:K17989
bpyr:ABD05_12030	ko:K03717
bpyr:ABD05_12040	ko:K09981
bpyr:ABD05_12045	ko:K13993
bpyr:ABD05_12050	ko:K13993
bpyr:ABD05_12055	ko:K17735
bpyr:ABD05_12080	ko:K13929
bpyr:ABD05_12085	ko:K13931
bpyr:ABD05_12090	ko:K13932
bpyr:ABD05_12095	ko:K13933
bpyr:ABD05_12100	ko:K13934
bpyr:ABD05_12105	ko:K13930
bpyr:ABD05_12110	ko:K00645
bpyr:ABD05_12120	ko:K07100
bpyr:ABD05_12140	ko:K03762
bpyr:ABD05_12145	ko:K09771
bpyr:ABD05_12150	ko:K02342
bpyr:ABD05_12155	ko:K03469
bpyr:ABD05_12165	ko:K01069
bpyr:ABD05_12170	ko:K08307
bpyr:ABD05_12180	ko:K01956
bpyr:ABD05_12185	ko:K11250
bpyr:ABD05_12190	ko:K01955
bpyr:ABD05_12195	ko:K03624
bpyr:ABD05_12205	ko:K07574
bpyr:ABD05_12210	ko:K02427
bpyr:ABD05_12215	ko:K03798
bpyr:ABD05_12220	ko:K00796
bpyr:ABD05_12225	ko:K03431
bpyr:ABD05_12230	ko:K02040
bpyr:ABD05_12235	ko:K02037
bpyr:ABD05_12240	ko:K02038
bpyr:ABD05_12245	ko:K02036
bpyr:ABD05_12250	ko:K02039
bpyr:ABD05_12255	ko:K07657
bpyr:ABD05_12260	ko:K07636
bpyr:ABD05_12265	ko:K00937
bpyr:ABD05_12270	ko:K01524
bpyr:ABD05_12280	ko:K11904
bpyr:ABD05_12305	ko:K14232
bpyr:ABD05_12310	ko:K08296
bpyr:ABD05_12315	ko:K22310
bpyr:ABD05_12325	ko:K26937
bpyr:ABD05_12335	ko:K01895
bpyr:ABD05_12350	ko:K06153
bpyr:ABD05_12355	ko:K14219
bpyr:ABD05_12365	ko:K07483
bpyr:ABD05_12370	ko:K07497
bpyr:ABD05_12375	ko:K11904
bpyr:ABD05_12395	ko:K07483
bpyr:ABD05_12400	ko:K07497
bpyr:ABD05_12410	ko:K07497
bpyr:ABD05_12415	ko:K07483
bpyr:ABD05_12465	ko:K00820
bpyr:ABD05_12500	ko:K01791
bpyr:ABD05_12515	ko:K00344
bpyr:ABD05_12525	ko:K06911
bpyr:ABD05_12530	ko:K15977
bpyr:ABD05_12535	ko:K03809
bpyr:ABD05_12545	ko:K00219
bpyr:ABD05_12555	ko:K02014
bpyr:ABD05_12560	ko:K02013
bpyr:ABD05_12565	ko:K02016
bpyr:ABD05_12570	ko:K02015
bpyr:ABD05_12575	ko:K02484
bpyr:ABD05_12580	ko:K02483
bpyr:ABD05_12605	ko:K23514
bpyr:ABD05_12610	ko:K07165
bpyr:ABD05_12615	ko:K02014
bpyr:ABD05_12630	ko:K06991
bpyr:ABD05_12645	ko:K03300
bpyr:ABD05_12660	ko:K18540
bpyr:ABD05_12665	ko:K03406
bpyr:ABD05_12680	ko:K00981
bpyr:ABD05_12715	ko:K20541
bpyr:ABD05_12720	ko:K20542
bpyr:ABD05_12725	ko:K20543
bpyr:ABD05_12745	ko:K00694
bpyr:ABD05_12770	ko:K24163
bpyr:ABD05_12840	ko:K01886
bpyr:ABD05_12845	ko:K04062
bpyr:ABD05_12850	ko:K07002
bpyr:ABD05_12855	ko:K01041
bpyr:ABD05_12860	ko:K01872
bpyr:ABD05_12880	ko:K07107
bpyr:ABD05_12885	ko:K01997
bpyr:ABD05_12890	ko:K01998
bpyr:ABD05_12895	ko:K01995
bpyr:ABD05_12900	ko:K01996
bpyr:ABD05_12905	ko:K00059
bpyr:ABD05_12915	ko:K03337
bpyr:ABD05_12920	ko:K03335
bpyr:ABD05_12925	ko:K03336
bpyr:ABD05_12930	ko:K03338
bpyr:ABD05_12935	ko:K17213
bpyr:ABD05_12940	ko:K17215
bpyr:ABD05_12945	ko:K17214
bpyr:ABD05_12950	ko:K06605
bpyr:ABD05_12955	ko:K00010
bpyr:ABD05_12960	ko:K03335
bpyr:ABD05_12975	ko:K00140
bpyr:ABD05_12985	ko:K04085
bpyr:ABD05_13015	ko:K00963
bpyr:ABD05_13020	ko:K01873
bpyr:ABD05_13025	ko:K03657
bpyr:ABD05_13030	ko:K01243
bpyr:ABD05_13035	ko:K08223
bpyr:ABD05_13040	ko:K03406
bpyr:ABD05_13060	ko:K18139
bpyr:ABD05_13085	ko:K03809
bpyr:ABD05_13090	ko:K07058
bpyr:ABD05_13110	ko:K01736
bpyr:ABD05_13115	ko:K00311
bpyr:ABD05_13125	ko:K07107
bpyr:ABD05_13135	ko:K01028
bpyr:ABD05_13140	ko:K01029
bpyr:ABD05_13155	ko:K00951
bpyr:ABD05_13160	ko:K14237
bpyr:ABD05_13165	ko:K01868
bpyr:ABD05_13170	ko:K02520
bpyr:ABD05_13175	ko:K02916
bpyr:ABD05_13180	ko:K02887
bpyr:ABD05_13185	ko:K01889
bpyr:ABD05_13190	ko:K01890
bpyr:ABD05_13195	ko:K04764
bpyr:ABD05_13220	ko:K14232
bpyr:ABD05_13225	ko:K07287
bpyr:ABD05_13260	ko:K07492
bpyr:ABD05_13275	ko:K06024
bpyr:ABD05_13280	ko:K06178
bpyr:ABD05_13285	ko:K09748
bpyr:ABD05_13290	ko:K02600
bpyr:ABD05_13295	ko:K02519
bpyr:ABD05_13300	ko:K02834
bpyr:ABD05_13305	ko:K03177
bpyr:ABD05_13310	ko:K03446
bpyr:ABD05_13315	ko:K03543
bpyr:ABD05_13320	ko:K18139
bpyr:ABD05_13330	ko:K06207
bpyr:ABD05_13335	ko:K00164
bpyr:ABD05_13340	ko:K00658
bpyr:ABD05_13345	ko:K00382
bpyr:ABD05_13350	ko:K06916
bpyr:ABD05_13380	ko:K02651
bpyr:ABD05_13385	ko:K02278
bpyr:ABD05_13390	ko:K12513
bpyr:ABD05_13395	ko:K02279
bpyr:ABD05_13400	ko:K02280
bpyr:ABD05_13405	ko:K02282
bpyr:ABD05_13410	ko:K02283
bpyr:ABD05_13415	ko:K12510
bpyr:ABD05_13420	ko:K12511
bpyr:ABD05_13425	ko:K27079
bpyr:ABD05_13435	ko:K27080
bpyr:ABD05_13450	ko:K03666
bpyr:ABD05_13465	ko:K01897
bpyr:ABD05_13475	ko:K08178
bpyr:ABD05_13495	ko:K00847
bpyr:ABD05_13500	ko:K10439
bpyr:ABD05_13505	ko:K10440
bpyr:ABD05_13510	ko:K10441
bpyr:ABD05_13520	ko:K14228
bpyr:ABD05_13525	ko:K03809
bpyr:ABD05_13530	ko:K14228
bpyr:ABD05_13535	ko:K15553
bpyr:ABD05_13545	ko:K14228
bpyr:ABD05_13550	ko:K12573
bpyr:ABD05_13555	ko:K03218
bpyr:ABD05_13560	ko:K11066
bpyr:ABD05_13565	ko:K01807
bpyr:ABD05_13580	ko:K10009
bpyr:ABD05_13585	ko:K02424
bpyr:ABD05_13590	ko:K00254
bpyr:ABD05_13595	ko:K21420
bpyr:ABD05_13600	ko:K00684
bpyr:ABD05_13610	ko:K14230
bpyr:ABD05_13620	ko:K03297
bpyr:ABD05_13635	ko:K04091
bpyr:ABD05_13640	ko:K15554
bpyr:ABD05_13645	ko:K15555
bpyr:ABD05_13665	ko:K05539
bpyr:ABD05_13670	ko:K14226
bpyr:ABD05_13700	ko:K04750
bpyr:ABD05_13750	ko:K06917
bpyr:ABD05_13755	ko:K07089
bpyr:ABD05_13765	ko:K09694
bpyr:ABD05_13770	ko:K09695
bpyr:ABD05_13790	ko:K01356
bpyr:ABD05_13795	ko:K23163
bpyr:ABD05_13800	ko:K02046
bpyr:ABD05_13805	ko:K02047
bpyr:ABD05_13810	ko:K02045
bpyr:ABD05_13815	ko:K13635
bpyr:ABD05_13825	ko:K10439
bpyr:ABD05_13830	ko:K10441
bpyr:ABD05_13835	ko:K10440
bpyr:ABD05_13840	ko:K02529
bpyr:ABD05_13845	ko:K00852
bpyr:ABD05_13850	ko:K05874
bpyr:ABD05_13855	ko:K07180
bpyr:ABD05_13860	ko:K09786
bpyr:ABD05_13865	ko:K06415
bpyr:ABD05_13870	ko:K03761
bpyr:ABD05_13885	ko:K07497
bpyr:ABD05_13905	ko:K07345
bpyr:ABD05_13910	ko:K15540
bpyr:ABD05_13915	ko:K07347
bpyr:ABD05_13935	ko:K02030
bpyr:ABD05_13940	ko:K02029
bpyr:ABD05_13945	ko:K02029
bpyr:ABD05_13955	ko:K18129
bpyr:ABD05_13960	ko:K18094
bpyr:ABD05_13965	ko:K18095
bpyr:ABD05_13970	ko:K18139
bpyr:ABD05_13975	ko:K07345
bpyr:ABD05_13980	ko:K12518
bpyr:ABD05_13985	ko:K07346
bpyr:ABD05_14000	ko:K05375
bpyr:ABD05_14010	ko:K10829
bpyr:ABD05_14015	ko:K23228
bpyr:ABD05_14020	ko:K13255
bpyr:ABD05_14025	ko:K23227
bpyr:ABD05_14030	ko:K06160
bpyr:ABD05_14045	ko:K03896
bpyr:ABD05_14050	ko:K10531
bpyr:ABD05_14055	ko:K02014
bpyr:ABD05_14065	ko:K03896
bpyr:ABD05_14070	ko:K18829
bpyr:ABD05_14075	ko:K18828
bpyr:ABD05_14090	ko:K01451
bpyr:ABD05_14105	ko:K07746
bpyr:ABD05_14110	ko:K19092
bpyr:ABD05_14115	ko:K02224
bpyr:ABD05_14120	ko:K19221
bpyr:ABD05_14125	ko:K02189
bpyr:ABD05_14130	ko:K02303
bpyr:ABD05_14135	ko:K07241
bpyr:ABD05_14140	ko:K02234
bpyr:ABD05_14145	ko:K02230
bpyr:ABD05_14150	ko:K03405
bpyr:ABD05_14155	ko:K13580
bpyr:ABD05_14160	ko:K09768
bpyr:ABD05_14165	ko:K09983
bpyr:ABD05_14175	ko:K03574
bpyr:ABD05_14190	ko:K03300
bpyr:ABD05_14195	ko:K00249
bpyr:ABD05_14205	ko:K01183
bpyr:ABD05_14215	ko:K08224
bpyr:ABD05_14220	ko:K13541
bpyr:ABD05_14225	ko:K03394
bpyr:ABD05_14230	ko:K06042
bpyr:ABD05_14235	ko:K02229
bpyr:ABD05_14240	ko:K00595
bpyr:ABD05_14245	ko:K02188
bpyr:ABD05_14250	ko:K05895
bpyr:ABD05_14255	ko:K05936
bpyr:ABD05_14260	ko:K03449
bpyr:ABD05_14270	ko:K11209
bpyr:ABD05_14280	ko:K03556
bpyr:ABD05_14290	ko:K00344
bpyr:ABD05_14310	ko:K07002
bpyr:ABD05_14315	ko:K07341
bpyr:ABD05_14320	ko:K02055
bpyr:ABD05_14325	ko:K02052
bpyr:ABD05_14330	ko:K02054
bpyr:ABD05_14335	ko:K02053
bpyr:ABD05_14350	ko:K03288
bpyr:ABD05_14355	ko:K02020
bpyr:ABD05_14360	ko:K11103
bpyr:ABD05_14380	ko:K00018
bpyr:ABD05_14385	ko:K18313
bpyr:ABD05_14390	ko:K01640
bpyr:ABD05_14425	ko:K08369
bpyr:ABD05_14460	ko:K08161
bpyr:ABD05_14465	ko:K00459
bpyr:ABD05_14475	ko:K23775
bpyr:ABD05_14500	ko:K04063
bpyr:ABD05_14520	ko:K02517
bpyr:ABD05_14535	ko:K07232
bpyr:ABD05_14570	ko:K13896
bpyr:ABD05_14575	ko:K13895
bpyr:ABD05_14580	ko:K13894
bpyr:ABD05_14585	ko:K13893
bpyr:ABD05_14590	ko:K02014
bpyr:ABD05_14605	ko:K03559
bpyr:ABD05_14610	ko:K03559
bpyr:ABD05_14615	ko:K03561
bpyr:ABD05_14620	ko:K03832
bpyr:ABD05_14625	ko:K19055
bpyr:ABD05_14630	ko:K01738
bpyr:ABD05_14635	ko:K09129
bpyr:ABD05_14670	ko:K08651
bpyr:ABD05_14700	ko:K07714
bpyr:ABD05_14705	ko:K09780
bpyr:ABD05_14710	ko:K03284
bpyr:ABD05_14715	ko:K00424
bpyr:ABD05_14740	ko:K02483
bpyr:ABD05_14745	ko:K02484
bpyr:ABD05_14775	ko:K02525
bpyr:ABD05_14780	ko:K00090
bpyr:ABD05_14790	ko:K00874
bpyr:ABD05_14810	ko:K03281
bpyr:ABD05_14820	ko:K18302
bpyr:ABD05_14825	ko:K18303
bpyr:ABD05_14855	ko:K17218
bpyr:ABD05_14860	ko:K07090
bpyr:ABD05_14870	ko:K11074
bpyr:ABD05_14875	ko:K11075
bpyr:ABD05_14880	ko:K11076
bpyr:ABD05_14885	ko:K11073
bpyr:ABD05_14890	ko:K06938
bpyr:ABD05_14895	ko:K07275
bpyr:ABD05_14900	ko:K00459
bpyr:ABD05_14905	ko:K00128
bpyr:ABD05_14920	ko:K01626
bpyr:ABD05_14925	ko:K00216
bpyr:ABD05_14935	ko:K09956
bpyr:ABD05_14940	ko:K01252
bpyr:ABD05_14945	ko:K02363
bpyr:ABD05_14950	ko:K02361
bpyr:ABD05_14955	ko:K16089
bpyr:ABD05_14965	ko:K02016
bpyr:ABD05_14970	ko:K07017
bpyr:ABD05_14975	ko:K02015
bpyr:ABD05_14980	ko:K02013
bpyr:ABD05_14985	ko:K22278
bpyr:ABD05_15000	ko:K14596
bpyr:ABD05_15005	ko:K01953
bpyr:ABD05_15010	ko:K03639
bpyr:ABD05_15035	ko:K07290
bpyr:ABD05_15040	ko:K02068
bpyr:ABD05_15045	ko:K02069
bpyr:ABD05_15070	ko:K01079
bpyr:ABD05_15075	ko:K01760
bpyr:ABD05_15085	ko:K00626
bpyr:ABD05_15090	ko:K00874
bpyr:ABD05_15095	ko:K14441
bpyr:ABD05_15125	ko:K00023
bpyr:ABD05_15130	ko:K00626
bpyr:ABD05_15135	ko:K03821
bpyr:ABD05_15140	ko:K05810
bpyr:ABD05_15145	ko:K06180
bpyr:ABD05_15150	ko:K05807
bpyr:ABD05_15155	ko:K03722
bpyr:ABD05_15170	ko:K06959
bpyr:ABD05_15175	ko:K03549
bpyr:ABD05_15180	ko:K07101
bpyr:ABD05_15185	ko:K01939
bpyr:ABD05_15190	ko:K02502
bpyr:ABD05_15195	ko:K09937
bpyr:ABD05_15200	ko:K04087
bpyr:ABD05_15205	ko:K04088
bpyr:ABD05_15210	ko:K03665
bpyr:ABD05_15215	ko:K03666
bpyr:ABD05_15220	ko:K03977
bpyr:ABD05_15225	ko:K17713
bpyr:ABD05_15235	ko:K01892
bpyr:ABD05_15240	ko:K03526
bpyr:ABD05_15245	ko:K15539
bpyr:ABD05_15250	ko:K06941
bpyr:ABD05_15255	ko:K00940
bpyr:ABD05_15260	ko:K19416
bpyr:ABD05_15265	ko:K03215
bpyr:ABD05_15275	ko:K07501
bpyr:ABD05_15280	ko:K03087
bpyr:ABD05_15285	ko:K06194
bpyr:ABD05_15290	ko:K00573
bpyr:ABD05_15295	ko:K03787
bpyr:ABD05_15300	ko:K18313
bpyr:ABD05_15305	ko:K06187
bpyr:ABD05_15310	ko:K09747
bpyr:ABD05_15315	ko:K02343
bpyr:ABD05_15320	ko:K03671
bpyr:ABD05_15325	ko:K03628
bpyr:ABD05_15335	ko:K03446
bpyr:ABD05_15340	ko:K09933
bpyr:ABD05_15345	ko:K02909
bpyr:ABD05_15355	ko:K26939
bpyr:ABD05_15370	ko:K01607
bpyr:ABD05_15380	ko:K01607
bpyr:ABD05_15385	ko:K02237
bpyr:ABD05_15395	ko:K03695
bpyr:ABD05_15400	ko:K13771
bpyr:ABD05_15405	ko:K06886
bpyr:ABD05_15410	ko:K03635
bpyr:ABD05_15415	ko:K03636
bpyr:ABD05_15420	ko:K03750
bpyr:ABD05_15425	ko:K01733
bpyr:ABD05_15430	ko:K00003
bpyr:ABD05_15435	ko:K14260
bpyr:ABD05_15460	ko:K10012
bpyr:ABD05_15465	ko:K00604
bpyr:ABD05_15475	ko:K13014
bpyr:ABD05_15480	ko:K03564
bpyr:ABD05_15485	ko:K07175
bpyr:ABD05_15495	ko:K03306
bpyr:ABD05_15500	ko:K07220
bpyr:ABD05_15505	ko:K02314
bpyr:ABD05_15510	ko:K02939
bpyr:ABD05_15515	ko:K02963
bpyr:ABD05_15520	ko:K02686
bpyr:ABD05_15525	ko:K02990
bpyr:ABD05_15535	ko:K03088
bpyr:ABD05_15545	ko:K01608
bpyr:ABD05_15550	ko:K01816
bpyr:ABD05_15555	ko:K00042
bpyr:ABD05_15565	ko:K01424
bpyr:ABD05_15605	ko:K06867
bpyr:ABD05_15610	ko:K03424
bpyr:ABD05_15615	ko:K02341
bpyr:ABD05_15620	ko:K00943
bpyr:ABD05_15625	ko:K07082
bpyr:ABD05_15630	ko:K06980
bpyr:ABD05_15675	ko:K12513
bpyr:ABD05_15685	ko:K00799
bpyr:ABD05_15690	ko:K16137
bpyr:ABD05_15715	ko:K00632
bpyr:ABD05_15720	ko:K08281
bpyr:ABD05_15725	ko:K07516
bpyr:ABD05_15730	ko:K20034
bpyr:ABD05_15735	ko:K08997
bpyr:ABD05_15740	ko:K07305
bpyr:ABD05_15745	ko:K06190
bpyr:ABD05_15750	ko:K05527
bpyr:ABD05_15755	ko:K03769
bpyr:ABD05_15760	ko:K03824
bpyr:ABD05_15765	ko:K01952
bpyr:ABD05_15775	ko:K23997
bpyr:ABD05_15780	ko:K01810
bpyr:ABD05_15785	ko:K02003
bpyr:ABD05_15790	ko:K10804
bpyr:ABD05_15795	ko:K03770
bpyr:ABD05_15800	ko:K14221
bpyr:ABD05_15805	ko:K14237
bpyr:ABD05_15810	ko:K01338
bpyr:ABD05_15815	ko:K03544
bpyr:ABD05_15820	ko:K01358
bpyr:ABD05_15825	ko:K03545
bpyr:ABD05_15830	ko:K00865
bpyr:ABD05_15840	ko:K00077
bpyr:ABD05_15875	ko:K14228
bpyr:ABD05_15880	ko:K02291
bpyr:ABD05_15900	ko:K07659
bpyr:ABD05_15905	ko:K07638
bpyr:ABD05_15910	ko:K24126
bpyr:ABD05_15915	ko:K04756
bpyr:ABD05_15920	ko:K01770
bpyr:ABD05_15925	ko:K00991
bpyr:ABD05_15930	ko:K03723
bpyr:ABD05_15935	ko:K01438
bpyr:ABD05_15940	ko:K01754
bpyr:ABD05_15950	ko:K05366
bpyr:ABD05_15955	ko:K03969
bpyr:ABD05_15965	ko:K03282
bpyr:ABD05_15980	ko:K09165
bpyr:ABD05_15990	ko:K18456
bpyr:ABD05_15995	ko:K07127
bpyr:ABD05_16005	ko:K09964
bpyr:ABD05_16010	ko:K03566
bpyr:ABD05_16025	ko:K18900
bpyr:ABD05_16030	ko:K01483
bpyr:ABD05_16035	ko:K01477
bpyr:ABD05_16040	ko:K13485
bpyr:ABD05_16045	ko:K16842
bpyr:ABD05_16050	ko:K16841
bpyr:ABD05_16055	ko:K03457
bpyr:ABD05_16065	ko:K01297
bpyr:ABD05_16070	ko:K11991
bpyr:ABD05_16085	ko:K03710
bpyr:ABD05_16115	ko:K03826
bpyr:ABD05_16130	ko:K02342
bpyr:ABD05_16140	ko:K01951
bpyr:ABD05_16150	ko:K00088
bpyr:ABD05_16180	ko:K09801
bpyr:ABD05_16190	ko:K03664
bpyr:ABD05_16205	ko:K01007
bpyr:ABD05_16210	ko:K09773
bpyr:ABD05_16215	ko:K03437
bpyr:ABD05_16220	ko:K03470
bpyr:ABD05_16225	ko:K00748
bpyr:ABD05_16230	ko:K00677
bpyr:ABD05_16235	ko:K02372
bpyr:ABD05_16240	ko:K02536
bpyr:ABD05_16245	ko:K06142
bpyr:ABD05_16250	ko:K07277
bpyr:ABD05_16255	ko:K11749
bpyr:ABD05_16260	ko:K00099
bpyr:ABD05_16265	ko:K00981
bpyr:ABD05_16270	ko:K00806
bpyr:ABD05_16275	ko:K02838
bpyr:ABD05_16280	ko:K09903
bpyr:ABD05_16285	ko:K02357
bpyr:ABD05_16290	ko:K02967
bpyr:ABD05_16295	ko:K01265
bpyr:ABD05_16300	ko:K00990
bpyr:ABD05_16305	ko:K06182
bpyr:ABD05_16310	ko:K01462
bpyr:ABD05_16315	ko:K01972
bpyr:ABD05_16325	ko:K03529
bpyr:ABD05_16350	ko:K01978
bpyr:ABD05_16395	ko:K13491
bpyr:ABD05_16400	ko:K11444
bpyr:ABD05_16415	ko:K01560
bpyr:ABD05_16430	ko:K00140
bpyr:ABD05_16435	ko:K00020
bpyr:ABD05_16445	ko:K03457
bpyr:ABD05_16450	ko:K16841
bpyr:ABD05_16470	ko:K15553
bpyr:ABD05_16480	ko:K20534
bpyr:ABD05_16495	ko:K12513
bpyr:ABD05_16505	ko:K12511
bpyr:ABD05_16510	ko:K12510
bpyr:ABD05_16515	ko:K02283
bpyr:ABD05_16520	ko:K02282
bpyr:ABD05_16525	ko:K02281
bpyr:ABD05_16530	ko:K02280
bpyr:ABD05_16535	ko:K02279
bpyr:ABD05_16540	ko:K02278
bpyr:ABD05_16545	ko:K02651
bpyr:ABD05_16550	ko:K15553
bpyr:ABD05_16555	ko:K15554
bpyr:ABD05_16560	ko:K15554
bpyr:ABD05_16565	ko:K15555
bpyr:ABD05_16570	ko:K22303
bpyr:ABD05_16575	ko:K22303
bpyr:ABD05_16580	ko:K12368
bpyr:ABD05_16590	ko:K15553
bpyr:ABD05_16595	ko:K09957
bpyr:ABD05_16605	ko:K03756
bpyr:ABD05_16610	ko:K01584
bpyr:ABD05_16615	ko:K01581
bpyr:ABD05_16650	ko:K16345
bpyr:ABD05_16670	ko:K03574
bpyr:ABD05_16680	ko:K14238
bpyr:ABD05_16685	ko:K03833
bpyr:ABD05_16690	ko:K01042
bpyr:ABD05_16695	ko:K02380
bpyr:ABD05_16700	ko:K00127
bpyr:ABD05_16705	ko:K00124
bpyr:ABD05_16710	ko:K00123
bpyr:ABD05_16715	ko:K00123
bpyr:ABD05_16720	ko:K07058
bpyr:ABD05_16735	ko:K00984
bpyr:ABD05_16755	ko:K00963
bpyr:ABD05_16785	ko:K01711
bpyr:ABD05_16790	ko:K22252
bpyr:ABD05_16795	ko:K10764
bpyr:ABD05_16800	ko:K00764
bpyr:ABD05_16805	ko:K03558
bpyr:ABD05_16810	ko:K03749
bpyr:ABD05_16815	ko:K11754
bpyr:ABD05_16820	ko:K01963
bpyr:ABD05_16825	ko:K01695
bpyr:ABD05_16830	ko:K00571
bpyr:ABD05_16835	ko:K01696
bpyr:ABD05_16840	ko:K01817
bpyr:ABD05_16845	ko:K06173
bpyr:ABD05_16850	ko:K08086
bpyr:ABD05_16855	ko:K02390
bpyr:ABD05_16860	ko:K00133
bpyr:ABD05_16870	ko:K00052
bpyr:ABD05_16875	ko:K01704
bpyr:ABD05_16880	ko:K16347
bpyr:ABD05_16885	ko:K01703
bpyr:ABD05_16905	ko:K00799
bpyr:ABD05_16910	ko:K11733
bpyr:ABD05_16920	ko:K01482
bpyr:ABD05_16940	ko:K01647
bpyr:ABD05_16945	ko:K09159
bpyr:ABD05_16950	ko:K00240
bpyr:ABD05_16955	ko:K00239
bpyr:ABD05_16960	ko:K00242
bpyr:ABD05_16965	ko:K00241
bpyr:ABD05_16970	ko:K03710
bpyr:ABD05_16975	ko:K00024
bpyr:ABD05_16980	ko:K01644
bpyr:ABD05_16990	ko:K01720
bpyr:ABD05_16995	ko:K27802
bpyr:ABD05_17015	ko:K05998
bpyr:ABD05_17020	ko:K08169
bpyr:ABD05_17025	ko:K02053
bpyr:ABD05_17030	ko:K02054
bpyr:ABD05_17035	ko:K02055
bpyr:ABD05_17040	ko:K02052
bpyr:ABD05_17045	ko:K00375
bpyr:ABD05_17055	ko:K01046
bpyr:ABD05_17060	ko:K02014
bpyr:ABD05_17080	ko:K06194
bpyr:ABD05_17095	ko:K00033
bpyr:ABD05_17115	ko:K22044
bpyr:ABD05_17120	ko:K23777
bpyr:ABD05_17130	ko:K03446
bpyr:ABD05_17140	ko:K03781
bpyr:ABD05_17145	ko:K06867
bpyr:ABD05_17150	ko:K18145
bpyr:ABD05_17155	ko:K18146
bpyr:ABD05_17160	ko:K18139
bpyr:ABD05_17165	ko:K18144
bpyr:ABD05_17175	ko:K05998
bpyr:ABD05_17180	ko:K07005
bpyr:ABD05_17185	ko:K00375
bpyr:ABD05_17190	ko:K06132
bpyr:ABD05_17210	ko:K14230
bpyr:ABD05_17215	ko:K03086
bpyr:ABD05_17220	ko:K02316
bpyr:ABD05_17225	ko:K09117
bpyr:ABD05_17230	ko:K02970
bpyr:ABD05_17240	ko:K25706
bpyr:ABD05_17245	ko:K09007
bpyr:ABD05_17250	ko:K01662
bpyr:ABD05_17255	ko:K00795
bpyr:ABD05_17260	ko:K03602
bpyr:ABD05_17270	ko:K01011
bpyr:ABD05_17275	ko:K01061
bpyr:ABD05_17280	ko:K03885
bpyr:ABD05_17285	ko:K02335
bpyr:ABD05_17300	ko:K01241
bpyr:ABD05_17310	ko:K02204
bpyr:ABD05_17320	ko:K23775
bpyr:ABD05_17325	ko:K04063
bpyr:ABD05_17340	ko:K02020
bpyr:ABD05_17345	ko:K02018
bpyr:ABD05_17350	ko:K02017
bpyr:ABD05_17355	ko:K02019
bpyr:ABD05_17365	ko:K01821
bpyr:ABD05_17385	ko:K03699
bpyr:ABD05_17400	ko:K15256
bpyr:ABD05_17405	ko:K00799
bpyr:ABD05_17430	ko:K10013
bpyr:ABD05_17445	ko:K07044
bpyr:ABD05_17450	ko:K03772
bpyr:ABD05_17460	ko:K08166
bpyr:ABD05_17500	ko:K16692
bpyr:ABD05_17505	ko:K01991
bpyr:ABD05_17510	ko:K25307
bpyr:ABD05_17515	ko:K00012
bpyr:ABD05_17525	ko:K16011
bpyr:ABD05_17540	ko:K00113
bpyr:ABD05_17555	ko:K07032
bpyr:ABD05_17570	ko:K07004
bpyr:ABD05_17610	ko:K03322
bpyr:ABD05_17625	ko:K07397
bpyr:ABD05_17630	ko:K07223
bpyr:ABD05_17635	ko:K06147
bpyr:ABD05_17640	ko:K00793
bpyr:ABD05_17645	ko:K03281
bpyr:ABD05_17650	ko:K13491
bpyr:ABD05_17655	ko:K13490
bpyr:ABD05_17660	ko:K13489
bpyr:ABD05_17665	ko:K13486
bpyr:ABD05_17670	ko:K13488
bpyr:ABD05_17675	ko:K13487
bpyr:ABD05_17685	ko:K24163
bpyr:ABD05_17695	ko:K01652
bpyr:ABD05_17710	ko:K07334
bpyr:ABD05_17715	ko:K21498
bpyr:ABD05_17725	ko:K18249
bpyr:ABD05_17730	ko:K18248
bpyr:ABD05_17735	ko:K16320
bpyr:ABD05_17740	ko:K16319
bpyr:ABD05_17750	ko:K21757
bpyr:ABD05_17755	ko:K01856
bpyr:ABD05_17760	ko:K03381
bpyr:ABD05_17765	ko:K03464
bpyr:ABD05_17770	ko:K11906
bpyr:ABD05_17775	ko:K11895
bpyr:ABD05_17780	ko:K11896
bpyr:ABD05_17785	ko:K11910
bpyr:ABD05_17790	ko:K11891
bpyr:ABD05_17815	ko:K11904
bpyr:ABD05_17820	ko:K11900
bpyr:ABD05_17825	ko:K11901
bpyr:ABD05_17830	ko:K11893
bpyr:ABD05_17835	ko:K11892
bpyr:ABD05_17845	ko:K11903
bpyr:ABD05_17850	ko:K11907
bpyr:ABD05_17855	ko:K11905
bpyr:ABD05_17860	ko:K00355
bpyr:ABD05_17865	ko:K07496
bpyr:ABD05_17880	ko:K00219
bpyr:ABD05_17915	ko:K03543
bpyr:ABD05_17920	ko:K03446
bpyr:ABD05_17930	ko:K00799
bpyr:ABD05_17990	ko:K03829
bpyr:ABD05_18000	ko:K03406
bpyr:ABD05_18005	ko:K02557
bpyr:ABD05_18010	ko:K02556
bpyr:ABD05_18020	ko:K00799
bpyr:ABD05_18025	ko:K05973
bpyr:ABD05_18040	ko:K10017
bpyr:ABD05_18045	ko:K10015
bpyr:ABD05_18050	ko:K10016
bpyr:ABD05_18055	ko:K10013
bpyr:ABD05_18065	ko:K03285
bpyr:ABD05_18070	ko:K05836
bpyr:ABD05_18075	ko:K05841
bpyr:ABD05_18095	ko:K06192
bpyr:ABD05_18110	ko:K21757
bpyr:ABD05_18120	ko:K11733
bpyr:ABD05_18135	ko:K01940
bpyr:ABD05_18165	ko:K03769
bpyr:ABD05_18185	ko:K13021
bpyr:ABD05_18190	ko:K07246
bpyr:ABD05_18195	ko:K16135
bpyr:ABD05_18205	ko:K07154
bpyr:ABD05_18210	ko:K18900
bpyr:ABD05_18240	ko:K14414
bpyr:ABD05_18250	ko:K14415
bpyr:ABD05_18265	ko:K01740
bpyr:ABD05_18290	ko:K07644
bpyr:ABD05_18295	ko:K07665
bpyr:ABD05_18300	ko:K15726
bpyr:ABD05_18305	ko:K15727
bpyr:ABD05_18310	ko:K15725
bpyr:ABD05_18320	ko:K08646
bpyr:ABD05_18340	ko:K03811
bpyr:ABD05_18345	ko:K02014
bpyr:ABD05_18355	ko:K07006
bpyr:ABD05_18360	ko:K00799
bpyr:ABD05_18380	ko:K10215
bpyr:ABD05_18390	ko:K01607
bpyr:ABD05_18410	ko:K07496
bpyr:ABD05_18420	ko:K19784
bpyr:ABD05_18455	ko:K05835
bpyr:ABD05_18470	ko:K03449
bpyr:ABD05_18475	ko:K10013
bpyr:ABD05_18490	ko:K07156
bpyr:ABD05_18515	ko:K03307
bpyr:ABD05_18525	ko:K03285
bpyr:ABD05_18535	ko:K02052
bpyr:ABD05_18540	ko:K02054
bpyr:ABD05_18545	ko:K02053
bpyr:ABD05_18565	ko:K02055
bpyr:ABD05_18575	ko:K00074
bpyr:ABD05_18580	ko:K04940
bpyr:ABD05_18640	ko:K01821
bpyr:ABD05_18650	ko:K22027
bpyr:ABD05_18665	ko:K01426
bpyr:ABD05_18670	ko:K00059
bpyr:ABD05_18680	ko:K00484
bpyr:ABD05_18730	ko:K20201
bpyr:ABD05_18770	ko:K15553
bpyr:ABD05_18775	ko:K07774
bpyr:ABD05_18780	ko:K07649
bpyr:ABD05_18790	ko:K01750
bpyr:ABD05_18840	ko:K20862
bpyr:ABD05_18865	ko:K11904
bpyr:ABD05_18870	ko:K00799
bpyr:ABD05_18915	ko:K05275
bpyr:ABD05_18940	ko:K13816
bpyr:ABD05_18945	ko:K14051
bpyr:ABD05_18950	ko:K01469
bpyr:ABD05_18980	ko:K02073
bpyr:ABD05_18985	ko:K13444
bpyr:ABD05_18990	ko:K01130
bpyr:ABD05_19010	ko:K10014
bpyr:ABD05_19015	ko:K01451
bpyr:ABD05_19020	ko:K14057
bpyr:ABD05_19025	ko:K04078
bpyr:ABD05_19030	ko:K04077
bpyr:ABD05_19045	ko:K02806
bpyr:ABD05_19050	ko:K00930
bpyr:ABD05_19055	ko:K11717
bpyr:ABD05_19070	ko:K00640
bpyr:ABD05_19080	ko:K01426
bpyr:ABD05_19115	ko:K03566
bpyr:ABD05_19120	ko:K00275
bpyr:ABD05_19130	ko:K05825
bpyr:ABD05_19145	ko:K01426
bpyr:ABD05_19150	ko:K00029
bpyr:ABD05_19175	ko:K01999
bpyr:ABD05_19215	ko:K16090
bpyr:ABD05_19220	ko:K00131
bpyr:ABD05_19225	ko:K05835
bpyr:ABD05_19280	ko:K07126
bpyr:ABD05_19285	ko:K18981
bpyr:ABD05_19290	ko:K02529
bpyr:ABD05_19295	ko:K08191
bpyr:ABD05_19300	ko:K13529
bpyr:ABD05_19305	ko:K00567
bpyr:ABD05_19315	ko:K00606
bpyr:ABD05_19320	ko:K03719
bpyr:ABD05_19325	ko:K00820
bpyr:ABD05_19340	ko:K09780
bpyr:ABD05_19345	ko:K04098
bpyr:ABD05_19350	ko:K00217
bpyr:ABD05_19380	ko:K04487
bpyr:ABD05_19395	ko:K28029
bpyr:ABD05_19420	ko:K04033
bpyr:ABD05_19435	ko:K07004
bpyr:ABD05_19440	ko:K07245
bpyr:ABD05_19445	ko:K07156
bpyr:ABD05_19455	ko:K22348
bpyr:ABD05_19475	ko:K07665
bpyr:ABD05_19480	ko:K07644
bpyr:ABD05_19490	ko:K06938
bpyr:ABD05_19505	ko:K07301
bpyr:ABD05_19510	ko:K07810
bpyr:ABD05_19515	ko:K07787
bpyr:ABD05_19520	ko:K07798
bpyr:ABD05_19525	ko:K07796
bpyr:ABD05_19535	ko:K00799
bpyr:ABD05_19555	ko:K19200
bpyr:ABD05_19565	ko:K11073
bpyr:ABD05_19580	ko:K21699
bpyr:ABD05_19595	ko:K06995
bpyr:ABD05_19605	ko:K12255
bpyr:ABD05_19610	ko:K00130
bpyr:ABD05_19615	ko:K06893
bpyr:ABD05_19635	ko:K02019
bpyr:ABD05_19655	ko:K00598
bpyr:ABD05_19670	ko:K00344
bpyr:ABD05_19675	ko:K15977
bpyr:ABD05_19690	ko:K06988
bpyr:ABD05_19695	ko:K01118
bpyr:ABD05_19700	ko:K01725
bpyr:ABD05_19705	ko:K01673
bpyr:ABD05_19710	ko:K11921
bpyr:ABD05_19745	ko:K10713
bpyr:ABD05_19750	ko:K23107
bpyr:ABD05_19755	ko:K00135
bpyr:ABD05_19770	ko:K07746
bpyr:ABD05_19785	ko:K03566
bpyr:ABD05_19790	ko:K03566
bpyr:ABD05_19795	ko:K07248
bpyr:ABD05_19800	ko:K26602
bpyr:ABD05_19805	ko:K01684
bpyr:ABD05_19825	ko:K06992
bpyr:ABD05_19845	ko:K02001
bpyr:ABD05_19850	ko:K02002
bpyr:ABD05_19870	ko:K17838
bpyr:ABD05_19885	ko:K01077
bpyr:ABD05_19890	ko:K01077
bpyr:ABD05_19895	ko:K00570
bpyr:ABD05_19900	ko:K00156
bpyr:ABD05_19905	ko:K03719
bpyr:ABD05_19910	ko:K00163
bpyr:ABD05_19930	ko:K01505
bpyr:ABD05_19940	ko:K07126
bpyr:ABD05_19965	ko:K03671
bpyr:ABD05_19985	ko:K01991
bpyr:ABD05_19990	ko:K25307
bpyr:ABD05_19995	ko:K16692
bpyr:ABD05_20020	ko:K16568
bpyr:ABD05_20080	ko:K07345
bpyr:ABD05_20085	ko:K15540
bpyr:ABD05_20090	ko:K07347
bpyr:ABD05_20100	ko:K07677
bpyr:ABD05_20105	ko:K07687
bpyr:ABD05_20115	ko:K07677
bpyr:ABD05_20155	ko:K26601
bpyr:ABD05_20160	ko:K26605
bpyr:ABD05_20165	ko:K26606
bpyr:ABD05_20170	ko:K03787
bpyr:ABD05_20250	ko:K00619
bpyr:ABD05_20255	ko:K11811
bpyr:ABD05_20260	ko:K03325
bpyr:ABD05_20265	ko:K03741
bpyr:ABD05_20270	ko:K03892
bpyr:ABD05_20275	ko:K18301
bpyr:ABD05_20280	ko:K01607
bpyr:ABD05_20300	ko:K01649
bpyr:ABD05_20305	ko:K20277
bpyr:ABD05_20310	ko:K20277
bpyr:ABD05_20315	ko:K20277
bpyr:ABD05_20320	ko:K13653
bpyr:ABD05_20335	ko:K03442
bpyr:ABD05_20340	ko:K01999
bpyr:ABD05_20360	ko:K00116
bpyr:ABD05_20370	ko:K05591
bpyr:ABD05_20385	ko:K05845
bpyr:ABD05_20390	ko:K05846
bpyr:ABD05_20395	ko:K05847
bpyr:ABD05_20400	ko:K05846
bpyr:ABD05_20410	ko:K05782
bpyr:ABD05_20430	ko:K07506
bpyr:ABD05_20440	ko:K21703
bpyr:ABD05_20445	ko:K03885
bpyr:ABD05_20480	ko:K26148
bpyr:ABD05_20485	ko:K19333
bpyr:ABD05_20490	ko:K00065
bpyr:ABD05_20495	ko:K01815
bpyr:ABD05_20500	ko:K02526
bpyr:ABD05_20510	ko:K00059
bpyr:ABD05_20520	ko:K02336
bpyr:ABD05_20580	ko:K00249
bpyr:ABD05_20620	ko:K09471
bpyr:ABD05_20645	ko:K00274
bpyr:ABD05_20660	ko:K07003
bpyr:ABD05_20695	ko:K00274
bpyr:ABD05_20700	ko:K18144
bpyr:ABD05_20705	ko:K18143
bpyr:ABD05_20725	ko:K00097
bpyr:ABD05_20730	ko:K25260
bpyr:ABD05_20735	ko:K13876
bpyr:ABD05_20755	ko:K03928
bpyr:ABD05_20770	ko:K03769
bpyr:ABD05_20805	ko:K03704
bpyr:ABD05_20820	ko:K02970
bpyr:ABD05_20900	ko:K07126
bpyr:ABD05_20930	ko:K00615
bpyr:ABD05_20940	ko:K24160
bpyr:ABD05_20970	ko:K00507
bpyr:ABD05_20975	ko:K04062
bpyr:ABD05_20980	ko:K13688
bpyr:ABD05_20990	ko:K07497
bpyr:ABD05_20995	ko:K07497
bpyr:ABD05_21000	ko:K07483
bpyr:ABD05_21005	ko:K07486
bpyr:ABD05_21010	ko:K07497
bpyr:ABD05_21025	ko:K21898
bpyr:ABD05_21040	ko:K01921
bpyr:ABD05_21090	ko:K08195
bpyr:ABD05_21095	ko:K01607
bpyr:ABD05_21100	ko:K01055
bpyr:ABD05_21105	ko:K01857
bpyr:ABD05_21110	ko:K01032
bpyr:ABD05_21115	ko:K01031
bpyr:ABD05_21120	ko:K00481
bpyr:ABD05_21130	ko:K01495
bpyr:ABD05_21140	ko:K00640
bpyr:ABD05_21160	ko:K01420
bpyr:ABD05_21165	ko:K05596
bpyr:ABD05_21170	ko:K06895
bpyr:ABD05_21195	ko:K05913
bpyr:ABD05_21205	ko:K00004
bpyr:ABD05_21225	ko:K24411
bpyr:ABD05_21260	ko:K11896
bpyr:ABD05_21265	ko:K11904
bpyr:ABD05_21280	ko:K00647
bpyr:ABD05_21325	ko:K19302
bpyr:ABD05_21330	ko:K01574
bpyr:ABD05_21335	ko:K00019
bpyr:ABD05_21340	ko:K07001
bpyr:ABD05_21350	ko:K16135
bpyr:ABD05_21355	ko:K07246
bpyr:ABD05_21360	ko:K09958
bpyr:ABD05_21380	ko:K00060
bpyr:ABD05_21385	ko:K00639
bpyr:ABD05_21415	ko:K03497
bpyr:ABD05_21420	ko:K03496
bpyr:ABD05_21425	ko:K00537
bpyr:ABD05_21435	ko:K03088
bpyr:ABD05_21440	ko:K19784
bpyr:ABD05_21455	ko:K03410
bpyr:ABD05_21475	ko:K21678
bpyr:ABD05_21480	ko:K21677
bpyr:ABD05_21485	ko:K06045
bpyr:ABD05_21495	ko:K04754
bpyr:ABD05_21500	ko:K07003
bpyr:ABD05_21505	ko:K07323
bpyr:ABD05_21515	ko:K02480
bpyr:ABD05_21525	ko:K01638
bpyr:ABD05_21530	ko:K11477
bpyr:ABD05_21560	ko:K02026
bpyr:ABD05_21565	ko:K02025
bpyr:ABD05_21570	ko:K02027
bpyr:ABD05_21575	ko:K12308
bpyr:ABD05_21580	ko:K10111
bpyr:ABD05_21600	ko:K00799
bpyr:ABD05_21605	ko:K15125
bpyr:ABD05_21610	ko:K07326
bpyr:ABD05_21625	ko:K13875
bpyr:ABD05_21635	ko:K13876
bpyr:ABD05_21640	ko:K13873
bpyr:ABD05_21645	ko:K10537
bpyr:ABD05_21650	ko:K10539
bpyr:ABD05_21655	ko:K10538
bpyr:ABD05_21660	ko:K13874
bpyr:ABD05_21665	ko:K07045
bpyr:ABD05_21670	ko:K18383
bpyr:ABD05_21675	ko:K21802
bpyr:ABD05_21680	ko:K12508
bpyr:ABD05_21685	ko:K03863
bpyr:ABD05_21690	ko:K03862
bpyr:ABD05_21695	ko:K11475
bpyr:ABD05_21705	ko:K05819
bpyr:ABD05_21720	ko:K03719
bpyr:ABD05_21725	ko:K01751
bpyr:ABD05_21735	ko:K01845
bpyr:ABD05_21760	ko:K26064
bpyr:ABD05_21765	ko:K03293
bpyr:ABD05_21795	ko:K06867
bpyr:ABD05_21810	ko:K10014
bpyr:ABD05_21820	ko:K05836
bpyr:ABD05_21830	ko:K01628
bpyr:ABD05_21835	ko:K01714
bpyr:ABD05_21845	ko:K16216
bpyr:ABD05_21850	ko:K09915
bpyr:ABD05_21870	ko:K01626
bpyr:ABD05_21880	ko:K01778
bpyr:ABD05_21890	ko:K12262
bpyr:ABD05_21905	ko:K02456
bpyr:ABD05_21910	ko:K02456
bpyr:ABD05_21915	ko:K02453
bpyr:ABD05_21940	ko:K02454
bpyr:ABD05_21945	ko:K02455
bpyr:ABD05_21955	ko:K02456
bpyr:ABD05_21960	ko:K21712
bpyr:ABD05_21965	ko:K01183
bpyr:ABD05_21980	ko:K06200
bpyr:ABD05_21990	ko:K11068
bpyr:ABD05_21995	ko:K01822
bpyr:ABD05_22020	ko:K03527
bpyr:ABD05_22035	ko:K00091
bpyr:ABD05_22040	ko:K01512
bpyr:ABD05_22045	ko:K05786
bpyr:ABD05_22060	ko:K03305
bpyr:ABD05_22070	ko:K15580
bpyr:ABD05_22075	ko:K15581
bpyr:ABD05_22080	ko:K15582
bpyr:ABD05_22085	ko:K15583
bpyr:ABD05_22090	ko:K10823
bpyr:ABD05_22110	ko:K01114
bpyr:ABD05_22115	ko:K03825
bpyr:ABD05_22145	ko:K03746
bpyr:ABD05_22150	ko:K09181
bpyr:ABD05_22170	ko:K18336
bpyr:ABD05_22185	ko:K02688
bpyr:ABD05_22190	ko:K03417
bpyr:ABD05_22195	ko:K01659
bpyr:ABD05_22200	ko:K20455
bpyr:ABD05_22205	ko:K09788
bpyr:ABD05_22210	ko:K01796
bpyr:ABD05_22215	ko:K18923
bpyr:ABD05_22220	ko:K06218
bpyr:ABD05_22230	ko:K05874
bpyr:ABD05_22240	ko:K07507
bpyr:ABD05_22255	ko:K17686
bpyr:ABD05_22285	ko:K03566
bpyr:ABD05_22290	ko:K02053
bpyr:ABD05_22295	ko:K02052
bpyr:ABD05_22300	ko:K02055
bpyr:ABD05_22305	ko:K02053
bpyr:ABD05_22325	ko:K07154
bpyr:ABD05_22340	ko:K00426
bpyr:ABD05_22345	ko:K00425
bpyr:ABD05_22350	ko:K01620
bpyr:ABD05_22355	ko:K05596
bpyr:ABD05_22370	ko:K00799
bpyr:ABD05_22400	ko:K01640
bpyr:ABD05_22410	ko:K13021
bpyr:ABD05_22450	ko:K16137
bpyr:ABD05_22460	ko:K00209
bpyr:ABD05_22485	ko:K07071
bpyr:ABD05_22490	ko:K00799
bpyr:ABD05_22505	ko:K02503
bpyr:ABD05_22520	ko:K14977
bpyr:ABD05_22530	ko:K00128
bpyr:ABD05_22545	ko:K05366
bpyr:ABD05_22560	ko:K10834
bpyr:ABD05_22565	ko:K25133
bpyr:ABD05_22570	ko:K25132
bpyr:ABD05_22575	ko:K07225
bpyr:ABD05_22580	ko:K16087
bpyr:ABD05_22605	ko:K02073
bpyr:ABD05_22610	ko:K06987
bpyr:ABD05_22615	ko:K10013
bpyr:ABD05_22620	ko:K14057
bpyr:ABD05_22635	ko:K08973
bpyr:ABD05_22645	ko:K06901
bpyr:ABD05_22665	ko:K00064
bpyr:ABD05_22670	ko:K10680
bpyr:ABD05_22675	ko:K06222
bpyr:ABD05_22690	ko:K19577
bpyr:ABD05_22700	ko:K00036
bpyr:ABD05_22710	ko:K19745
bpyr:ABD05_22715	ko:K16137
bpyr:ABD05_22720	ko:K01451
bpyr:ABD05_22730	ko:K14057
bpyr:ABD05_22735	ko:K10013
bpyr:ABD05_22740	ko:K06987
bpyr:ABD05_22745	ko:K02624
bpyr:ABD05_22750	ko:K07823
bpyr:ABD05_22770	ko:K03776
bpyr:ABD05_22775	ko:K00135
bpyr:ABD05_22780	ko:K00823
bpyr:ABD05_22785	ko:K00375
bpyr:ABD05_22795	ko:K01008
bpyr:ABD05_22820	ko:K03746
bpyr:ABD05_22830	ko:K07486
bpyr:ABD05_22835	ko:K18900
bpyr:ABD05_22845	ko:K18901
bpyr:ABD05_22850	ko:K18902
bpyr:ABD05_22855	ko:K18903
bpyr:ABD05_22865	ko:K01607
bpyr:ABD05_22870	ko:K00135
bpyr:ABD05_22900	ko:K10126
bpyr:ABD05_22905	ko:K10125
bpyr:ABD05_22910	ko:K11616
bpyr:ABD05_22915	ko:K02073
bpyr:ABD05_22920	ko:K20938
bpyr:ABD05_22925	ko:K02071
bpyr:ABD05_22930	ko:K02072
bpyr:ABD05_22945	ko:K21449
bpyr:ABD05_22975	ko:K03535
bpyr:ABD05_22980	ko:K13877
bpyr:ABD05_22990	ko:K01707
bpyr:ABD05_22995	ko:K01708
bpyr:ABD05_23005	ko:K02431
bpyr:ABD05_23010	ko:K15977
bpyr:ABD05_23015	ko:K03762
bpyr:ABD05_23020	ko:K01999
bpyr:ABD05_23040	ko:K26400
bpyr:ABD05_23045	ko:K03786
bpyr:ABD05_23050	ko:K25901
bpyr:ABD05_23055	ko:K08194
bpyr:ABD05_23060	ko:K03430
bpyr:ABD05_23065	ko:K11081
bpyr:ABD05_23070	ko:K11084
bpyr:ABD05_23075	ko:K11083
bpyr:ABD05_23080	ko:K11082
bpyr:ABD05_23085	ko:K19670
bpyr:ABD05_23090	ko:K00206
bpyr:ABD05_23100	ko:K01977
bpyr:ABD05_23105	ko:K14227
bpyr:ABD05_23110	ko:K14218
bpyr:ABD05_23115	ko:K01980
bpyr:ABD05_23120	ko:K01985
bpyr:ABD05_23130	ko:K09990
bpyr:ABD05_23135	ko:K03306
bpyr:ABD05_23155	ko:K03576
bpyr:ABD05_23160	ko:K00549
bpyr:ABD05_23170	ko:K12255
bpyr:ABD05_23180	ko:K03719
bpyr:ABD05_23190	ko:K08677
bpyr:ABD05_23200	ko:K01916
bpyr:ABD05_23215	ko:K02444
bpyr:ABD05_23230	ko:K09471
bpyr:ABD05_23235	ko:K11733
bpyr:ABD05_23240	ko:K26061
bpyr:ABD05_23245	ko:K05802
bpyr:ABD05_23250	ko:K08369
bpyr:ABD05_23260	ko:K05366
bpyr:ABD05_23265	ko:K00375
bpyr:ABD05_23270	ko:K07734
bpyr:ABD05_23280	ko:K02483
bpyr:ABD05_23300	ko:K05834
bpyr:ABD05_23320	ko:K19713
bpyr:ABD05_23340	ko:K15977
bpyr:ABD05_23370	ko:K07552
bpyr:ABD05_23375	ko:K08191
bpyr:ABD05_23380	ko:K00040
bpyr:ABD05_23390	ko:K08323
bpyr:ABD05_23395	ko:K08322
bpyr:ABD05_23400	ko:K08092
bpyr:ABD05_23410	ko:K02014
bpyr:ABD05_23425	ko:K00253
bpyr:ABD05_23430	ko:K01969
bpyr:ABD05_23435	ko:K13766
bpyr:ABD05_23440	ko:K01968
bpyr:ABD05_23450	ko:K01114
bpyr:ABD05_23505	ko:K21449
bpyr:ABD05_23550	ko:K00299
bpyr:ABD05_23575	ko:K02000
bpyr:ABD05_23580	ko:K02001
bpyr:ABD05_23585	ko:K21826
bpyr:ABD05_23590	ko:K02002
bpyr:ABD05_23600	ko:K03566
bpyr:ABD05_23610	ko:K03636
bpyr:ABD05_23620	ko:K00476
bpyr:ABD05_23650	ko:K07027
bpyr:ABD05_23655	ko:K22025
bpyr:ABD05_23660	ko:K22131
bpyr:ABD05_23670	ko:K22130
bpyr:ABD05_23675	ko:K21948
bpyr:ABD05_23680	ko:K08319
bpyr:ABD05_23695	ko:K01752
bpyr:ABD05_23700	ko:K00303
bpyr:ABD05_23705	ko:K00304
bpyr:ABD05_23710	ko:K00302
bpyr:ABD05_23715	ko:K00305
bpyr:ABD05_23720	ko:K01633
bpyr:ABD05_23730	ko:K10680
bpyr:ABD05_23750	ko:K05846
bpyr:ABD05_23755	ko:K05847
bpyr:ABD05_23760	ko:K05846
bpyr:ABD05_23765	ko:K05845
bpyr:ABD05_23775	ko:K01281
bpyr:ABD05_23780	ko:K09808
bpyr:ABD05_23785	ko:K06894
bpyr:ABD05_23790	ko:K05367
bpyr:ABD05_23795	ko:K03406
bpyr:ABD05_23840	ko:K28762
bpyr:ABD05_23845	ko:K01992
bpyr:ABD05_23850	ko:K01990
bpyr:ABD05_23870	ko:K07275
bpyr:ABD05_23885	ko:K03429
bpyr:ABD05_23900	ko:K00108
bpyr:ABD05_23905	ko:K00130
bpyr:ABD05_23910	ko:K02167
bpyr:ABD05_23915	ko:K18100
bpyr:ABD05_23925	ko:K18101
bpyr:ABD05_23930	ko:K03446
bpyr:ABD05_23935	ko:K12990
bpyr:ABD05_23945	ko:K03543
bpyr:ABD05_23950	ko:K00148
bpyr:ABD05_23970	ko:K21826
bpyr:ABD05_23975	ko:K00600
bpyr:ABD05_23980	ko:K01273
bpyr:ABD05_23990	ko:K21833
bpyr:ABD05_23995	ko:K21834
bpyr:ABD05_24000	ko:K25960
bpyr:ABD05_24005	ko:K25961
bpyr:ABD05_24010	ko:K00479
bpyr:ABD05_24015	ko:K21832
bpyr:ABD05_24020	ko:K02002
bpyr:ABD05_24030	ko:K11904
bpyr:ABD05_24050	ko:K01433
bpyr:ABD05_24060	ko:K01133
bpyr:ABD05_24065	ko:K02002
bpyr:ABD05_24070	ko:K08720
bpyr:ABD05_24090	ko:K05994
bpyr:ABD05_24095	ko:K20274
bpyr:ABD05_24100	ko:K17736
bpyr:ABD05_24105	ko:K01637
bpyr:ABD05_24110	ko:K02002
bpyr:ABD05_24115	ko:K27837
bpyr:ABD05_24120	ko:K17735
bpyr:ABD05_24125	ko:K27492
bpyr:ABD05_24135	ko:K00471
bpyr:ABD05_24155	ko:K18335
bpyr:ABD05_24160	ko:K18336
bpyr:ABD05_24165	ko:K18334
bpyr:ABD05_24170	ko:K18333
bpyr:ABD05_24175	ko:K10441
bpyr:ABD05_24180	ko:K10440
bpyr:ABD05_24185	ko:K10439
bpyr:ABD05_24190	ko:K07046
bpyr:ABD05_24200	ko:K26064
bpyr:ABD05_24215	ko:K21021
bpyr:ABD05_24230	ko:K11904
bpyr:ABD05_24270	ko:K01999
bpyr:ABD05_24275	ko:K01997
bpyr:ABD05_24280	ko:K01998
bpyr:ABD05_24285	ko:K01995
bpyr:ABD05_24290	ko:K01996
bpyr:ABD05_24320	ko:K25156
bpyr:ABD05_24325	ko:K25155
bpyr:ABD05_24330	ko:K25154
bpyr:ABD05_24335	ko:K00596
bpyr:ABD05_24345	ko:K08224
bpyr:ABD05_24355	ko:K14228
bpyr:ABD05_24365	ko:K05834
bpyr:ABD05_24375	ko:K09796
bpyr:ABD05_24380	ko:K07156
bpyr:ABD05_24405	ko:K21405
bpyr:ABD05_24420	ko:K06901
bpyr:ABD05_24440	ko:K07044
bpyr:ABD05_24465	ko:K07403
bpyr:ABD05_24480	ko:K01895
bpyr:ABD05_24485	ko:K00140
bpyr:ABD05_24490	ko:K00020
bpyr:ABD05_24515	ko:K18139
bpyr:ABD05_24520	ko:K05685
bpyr:ABD05_24525	ko:K13888
bpyr:ABD05_24555	ko:K01166
bpyr:ABD05_24575	ko:K01425
bpyr:ABD05_24580	ko:K02483
bpyr:ABD05_24585	ko:K02484
bpyr:ABD05_24590	ko:K07001
bpyr:ABD05_24595	ko:K03569
bpyr:ABD05_24625	ko:K17850
bpyr:ABD05_24630	ko:K17836
bpyr:ABD05_24655	ko:K02483
bpyr:ABD05_24700	ko:K13633
bpyr:ABD05_24710	ko:K00459
bpyr:ABD05_24720	ko:K13574
bpyr:ABD05_24735	ko:K07090
bpyr:ABD05_24745	ko:K09017
bpyr:ABD05_24750	ko:K01485
bpyr:ABD05_24755	ko:K10974
bpyr:ABD05_24770	ko:K07107
bpyr:ABD05_24775	ko:K01626
bpyr:ABD05_24780	ko:K18242
bpyr:ABD05_24785	ko:K18243
bpyr:ABD05_24790	ko:K14578
bpyr:ABD05_24800	ko:K03446
bpyr:ABD05_24805	ko:K03543
bpyr:ABD05_24815	ko:K00891
bpyr:ABD05_24825	ko:K14170
bpyr:ABD05_24835	ko:K18700
bpyr:ABD05_24870	ko:K00615
bpyr:ABD05_24875	ko:K00615
bpyr:ABD05_24880	ko:K27108
bpyr:ABD05_24895	ko:K01821
bpyr:ABD05_24900	ko:K14155
bpyr:ABD05_24905	ko:K10680
bpyr:ABD05_24920	ko:K16137
bpyr:ABD05_24940	ko:K01426
bpyr:ABD05_24955	ko:K04033
bpyr:ABD05_24965	ko:K11735
bpyr:ABD05_25005	ko:K00135
bpyr:ABD05_25020	ko:K09684
bpyr:ABD05_25030	ko:K07250
bpyr:ABD05_25040	ko:K06878
bpyr:ABD05_25060	ko:K03566
bpyr:ABD05_25070	ko:K28762
bpyr:ABD05_25090	ko:K07483
bpyr:ABD05_25100	ko:K07497
bpyr:ABD05_25105	ko:K07497
bpyr:ABD05_25110	ko:K14657
bpyr:ABD05_25120	ko:K26184
bpyr:ABD05_25125	ko:K26181
bpyr:ABD05_25130	ko:K26179
bpyr:ABD05_25135	ko:K26180
bpyr:ABD05_25150	ko:K26182
bpyr:ABD05_25155	ko:K26185
bpyr:ABD05_25160	ko:K26183
bpyr:ABD05_25180	ko:K09471
bpyr:ABD05_25190	ko:K01915
bpyr:ABD05_25205	ko:K01448
bpyr:ABD05_25215	ko:K00797
bpyr:ABD05_25220	ko:K08989
bpyr:ABD05_25235	ko:K01611
bpyr:ABD05_25250	ko:K13522
bpyr:ABD05_25255	ko:K03462
bpyr:ABD05_25285	ko:K01760
bpyr:ABD05_25290	ko:K10010
bpyr:ABD05_25295	ko:K10009
bpyr:ABD05_25300	ko:K02424
bpyr:ABD05_25305	ko:K01586
bpyr:ABD05_25315	ko:K22479
bpyr:ABD05_25320	ko:K08995
bpyr:ABD05_25325	ko:K01091
bpyr:ABD05_25335	ko:K19158
bpyr:ABD05_25340	ko:K19159
bpyr:ABD05_25355	ko:K02114
bpyr:ABD05_25360	ko:K02115
bpyr:ABD05_25365	ko:K00625
bpyr:ABD05_25370	ko:K00925
bpyr:ABD05_25375	ko:K05973
bpyr:ABD05_25380	ko:K00208
bpyr:ABD05_25385	ko:K09927
bpyr:ABD05_25395	ko:K01194
bpyr:ABD05_25400	ko:K07267
bpyr:ABD05_25430	ko:K03230
bpyr:ABD05_25435	ko:K03227
bpyr:ABD05_25440	ko:K03219
bpyr:ABD05_25445	ko:K03220
bpyr:ABD05_25460	ko:K03222
bpyr:ABD05_25465	ko:K04054
bpyr:ABD05_25470	ko:K03223
bpyr:ABD05_25475	ko:K03224
bpyr:ABD05_25485	ko:K03228
bpyr:ABD05_25490	ko:K03229
bpyr:ABD05_25495	ko:K01953
bpyr:ABD05_25505	ko:K03194
bpyr:ABD05_25510	ko:K03226
bpyr:ABD05_25515	ko:K03225
bpyr:ABD05_25525	ko:K07303
bpyr:ABD05_25530	ko:K07302
bpyr:ABD05_25590	ko:K07687
bpyr:ABD05_25595	ko:K03406
bpyr:ABD05_25600	ko:K00077
bpyr:ABD05_25610	ko:K10439
bpyr:ABD05_25615	ko:K10441
bpyr:ABD05_25620	ko:K10440
bpyr:ABD05_25625	ko:K23271
bpyr:ABD05_25630	ko:K24707
bpyr:ABD05_25640	ko:K07141
bpyr:ABD05_25650	ko:K28279
bpyr:ABD05_25655	ko:K28280
bpyr:ABD05_25665	ko:K07336
bpyr:ABD05_25670	ko:K07126
bpyr:ABD05_25675	ko:K16090
bpyr:ABD05_25680	ko:K21495
bpyr:ABD05_25685	ko:K07062
bpyr:ABD05_25690	ko:K00609
bpyr:ABD05_25695	ko:K16348
bpyr:ABD05_25720	ko:K00059
bpyr:ABD05_25735	ko:K07638
bpyr:ABD05_25740	ko:K07659
bpyr:ABD05_25765	ko:K07663
bpyr:ABD05_25770	ko:K07641
bpyr:ABD05_25775	ko:K06143
bpyr:ABD05_25835	ko:K07054
bpyr:ABD05_25845	ko:K00146
bpyr:ABD05_25850	ko:K12256
bpyr:ABD05_25875	ko:K02027
bpyr:ABD05_25880	ko:K02025
bpyr:ABD05_25885	ko:K02026
bpyr:ABD05_25895	ko:K01771
bpyr:ABD05_25905	ko:K19166
bpyr:ABD05_25910	ko:K18831
bpyr:ABD05_25915	ko:K03549
bpyr:ABD05_25940	ko:K10027
bpyr:ABD05_25950	ko:K01091
bpyr:ABD05_25960	ko:K07001
bpyr:ABD05_25980	ko:K03306
bpyr:ABD05_25985	ko:K02050
bpyr:ABD05_25990	ko:K02049
bpyr:ABD05_26000	ko:K00681
bpyr:ABD05_26015	ko:K03885
bpyr:ABD05_26020	ko:K09017
bpyr:ABD05_26025	ko:K13639
bpyr:ABD05_26030	ko:K19586
bpyr:ABD05_26035	ko:K19585
bpyr:ABD05_26040	ko:K18300
bpyr:ABD05_26050	ko:K11209
bpyr:ABD05_26060	ko:K00038
bpyr:ABD05_26065	ko:K13928
bpyr:ABD05_26090	ko:K20330
bpyr:ABD05_26110	ko:K06140
bpyr:ABD05_26125	ko:K01497
bpyr:ABD05_26145	ko:K13061
bpyr:ABD05_26160	ko:K07507
bpyr:ABD05_26165	ko:K12340
bpyr:ABD05_26170	ko:K15547
bpyr:ABD05_26175	ko:K15549
bpyr:ABD05_26185	ko:K07098
bpyr:ABD05_26190	ko:K09019
bpyr:ABD05_26205	ko:K02458
bpyr:ABD05_26210	ko:K02459
bpyr:ABD05_26240	ko:K02455
bpyr:ABD05_26245	ko:K02452
bpyr:ABD05_26250	ko:K02457
bpyr:ABD05_26265	ko:K07165
bpyr:ABD05_26285	ko:K02460
bpyr:ABD05_26300	ko:K00860
bpyr:ABD05_26310	ko:K03561
bpyr:ABD05_26315	ko:K03559
bpyr:ABD05_26320	ko:K03832
bpyr:ABD05_26360	ko:K04771
bpyr:ABD05_26385	ko:K05710
bpyr:ABD05_26425	ko:K01652
bpyr:ABD05_26430	ko:K06989
bpyr:ABD05_26445	ko:K00529
bpyr:ABD05_26450	ko:K28762
bpyr:ABD05_26460	ko:K06934
bpyr:ABD05_26465	ko:K01682
bpyr:ABD05_26495	ko:K01426
bpyr:ABD05_26505	ko:K00675
bpyr:ABD05_26525	ko:K15371
bpyr:ABD05_26530	ko:K01821
bpyr:ABD05_26540	ko:K08717
bpyr:ABD05_26545	ko:K09957
bpyr:ABD05_26555	ko:K07044
bpyr:ABD05_26575	ko:K01480
bpyr:ABD05_26610	ko:K03554
bpyr:ABD05_26620	ko:K15553
bpyr:ABD05_26640	ko:K05548
bpyr:ABD05_26650	ko:K00344
bpyr:ABD05_26670	ko:K05874
bpyr:ABD05_26690	ko:K10716
bpyr:ABD05_26705	ko:K21006
bpyr:ABD05_26710	ko:K21007
bpyr:ABD05_26715	ko:K21008
bpyr:ABD05_26720	ko:K21009
bpyr:ABD05_26725	ko:K21010
bpyr:ABD05_26730	ko:K21011
bpyr:ABD05_26735	ko:K21012
bpyr:ABD05_26740	ko:K21006
bpyr:ABD05_26750	ko:K03406
bpyr:ABD05_26765	ko:K03408
bpyr:ABD05_26770	ko:K03406
bpyr:ABD05_26780	ko:K02484
bpyr:ABD05_26815	ko:K07124
bpyr:ABD05_26825	ko:K23514
bpyr:ABD05_26830	ko:K07165
bpyr:ABD05_26835	ko:K05800
bpyr:ABD05_26840	ko:K02014
bpyr:ABD05_26845	ko:K03832
bpyr:ABD05_26850	ko:K03561
bpyr:ABD05_26855	ko:K03559
bpyr:ABD05_26860	ko:K02471
bpyr:ABD05_26870	ko:K03592
bpyr:ABD05_26875	ko:K03568
bpyr:ABD05_26915	ko:K18900
bpyr:ABD05_26925	ko:K07090
bpyr:ABD05_26940	ko:K06194
bpyr:ABD05_26945	ko:K17836
bpyr:ABD05_26950	ko:K03566
bpyr:ABD05_26965	ko:K02032
bpyr:ABD05_26970	ko:K02031
bpyr:ABD05_26975	ko:K02034
bpyr:ABD05_26980	ko:K02033
bpyr:ABD05_26985	ko:K11904
bpyr:ABD05_27005	ko:K11891
bpyr:ABD05_27010	ko:K11896
bpyr:ABD05_27020	ko:K02035
bpyr:ABD05_27025	ko:K08641
bpyr:ABD05_27035	ko:K01569
bpyr:ABD05_27040	ko:K03322
bpyr:ABD05_27050	ko:K02035
bpyr:ABD05_27065	ko:K03446
bpyr:ABD05_27080	ko:K08994
bpyr:ABD05_27095	ko:K16053
bpyr:ABD05_27135	ko:K07262
bpyr:ABD05_27140	ko:K11904
bpyr:ABD05_27170	ko:K11896
bpyr:ABD05_27195	ko:K01531
bpyr:ABD05_27205	ko:K14645
bpyr:ABD05_27220	ko:K03790
bpyr:ABD05_27230	ko:K05367
bpyr:ABD05_27235	ko:K06894
bpyr:ABD05_27240	ko:K23274
bpyr:ABD05_27245	ko:K19813
bpyr:ABD05_27255	ko:K15977
bpyr:ABD05_27275	ko:K01451
bpyr:ABD05_27280	ko:K14057
bpyr:ABD05_27285	ko:K09913
bpyr:ABD05_27295	ko:K03281
bpyr:ABD05_27305	ko:K07168
bpyr:ABD05_27330	ko:K07300
bpyr:ABD05_27335	ko:K00074
bpyr:ABD05_27340	ko:K01912
bpyr:ABD05_27345	ko:K13766
bpyr:ABD05_27350	ko:K05595
bpyr:ABD05_27355	ko:K23107
bpyr:ABD05_27360	ko:K07052
bpyr:ABD05_27385	ko:K00375
bpyr:ABD05_27390	ko:K04771
bpyr:ABD05_27395	ko:K07552
bpyr:ABD05_27405	ko:K16165
bpyr:ABD05_27425	ko:K22067
bpyr:ABD05_27430	ko:K07183
bpyr:ABD05_27435	ko:K02303
bpyr:ABD05_27440	ko:K02575
bpyr:ABD05_27445	ko:K00362
bpyr:ABD05_27450	ko:K00363
bpyr:ABD05_27455	ko:K00380
bpyr:ABD05_27475	ko:K14205
bpyr:ABD05_27490	ko:K00381
bpyr:ABD05_27505	ko:K02055
bpyr:ABD05_27525	ko:K01753
bpyr:ABD05_27530	ko:K03566
bpyr:ABD05_27535	ko:K07090
bpyr:ABD05_27570	ko:K03088
bpyr:ABD05_27635	ko:K16047
bpyr:ABD05_27640	ko:K05898
bpyr:ABD05_27655	ko:K15983
bpyr:ABD05_27660	ko:K18687
bpyr:ABD05_27675	ko:K21495
bpyr:ABD05_27680	ko:K07062
bpyr:ABD05_27685	ko:K16049
bpyr:ABD05_27690	ko:K28228
bpyr:ABD05_27695	ko:K28229
bpyr:ABD05_27700	ko:K28232
bpyr:ABD05_27705	ko:K28226
bpyr:ABD05_27710	ko:K28227
bpyr:ABD05_27715	ko:K28230
bpyr:ABD05_27720	ko:K28231
bpyr:ABD05_27725	ko:K00632
bpyr:ABD05_27730	ko:K28225
bpyr:ABD05_27735	ko:K28221
bpyr:ABD05_27740	ko:K28222
bpyr:ABD05_27745	ko:K28220
bpyr:ABD05_27750	ko:K28224
bpyr:ABD05_27755	ko:K00632
bpyr:ABD05_27765	ko:K07003
bpyr:ABD05_27770	ko:K15982
bpyr:ABD05_27775	ko:K03704
bpyr:ABD05_27780	ko:K02518
bpyr:ABD05_27805	ko:K14057
bpyr:ABD05_27810	ko:K18365
bpyr:ABD05_27815	ko:K18366
bpyr:ABD05_27820	ko:K18364
bpyr:ABD05_27840	ko:K16050
bpyr:ABD05_27850	ko:K03521
bpyr:ABD05_27855	ko:K03522
bpyr:ABD05_27860	ko:K02617
bpyr:ABD05_27895	ko:K03719
bpyr:ABD05_27955	ko:K22589
bpyr:ABD05_27965	ko:K19055
bpyr:ABD05_28010	ko:K00038
bpyr:ABD05_28015	ko:K01596
bpyr:ABD05_28030	ko:K05296
bpyr:ABD05_28060	ko:K03798
bpyr:ABD05_28070	ko:K00697
bpyr:ABD05_28075	ko:K03406
bpyr:ABD05_28080	ko:K02014
bpyr:ABD05_28085	ko:K00794
bpyr:ABD05_28090	ko:K13953
bpyr:ABD05_28115	ko:K04095
bpyr:ABD05_28125	ko:K02030
bpyr:ABD05_28140	ko:K28525
bpyr:ABD05_28150	ko:K02030
bpyr:ABD05_28160	ko:K13655
bpyr:ABD05_28165	ko:K13651
bpyr:ABD05_28170	ko:K06987
bpyr:ABD05_28210	ko:K03640
bpyr:ABD05_28215	ko:K03285
bpyr:ABD05_28230	ko:K00141
bpyr:ABD05_28250	ko:K00041
bpyr:ABD05_28255	ko:K18334
bpyr:ABD05_28260	ko:K26580
bpyr:ABD05_28265	ko:K26399
bpyr:ABD05_28285	ko:K10680
bpyr:ABD05_28300	ko:K11921
bpyr:ABD05_28330	ko:K19577
bpyr:ABD05_28380	ko:K02002
bpyr:ABD05_28410	ko:K06871
bpyr:ABD05_28475	ko:K00135
bpyr:ABD05_28480	ko:K06150
bpyr:ABD05_28485	ko:K07303
bpyr:ABD05_28490	ko:K07302
bpyr:ABD05_28500	ko:K23256
bpyr:ABD05_28505	ko:K16137
bpyr:ABD05_28520	ko:K00626
bpyr:ABD05_28540	ko:K14652
bpyr:ABD05_28545	ko:K15773
bpyr:ABD05_28550	ko:K07154
bpyr:ABD05_28555	ko:K22347
bpyr:ABD05_28560	ko:K00457
bpyr:ABD05_28565	ko:K08172
bpyr:ABD05_28570	ko:K00790
bpyr:ABD05_28590	ko:K07172
bpyr:ABD05_28595	ko:K02624
bpyr:ABD05_28600	ko:K10844
bpyr:ABD05_28625	ko:K03406
bpyr:ABD05_28645	ko:K03293
bpyr:ABD05_28655	ko:K09705
bpyr:ABD05_28705	ko:K05366
bpyr:ABD05_28710	ko:K01777
bpyr:ABD05_28715	ko:K01999
bpyr:ABD05_28725	ko:K19743
bpyr:ABD05_28735	ko:K01420
bpyr:ABD05_28760	ko:K00832
bpyr:ABD05_28765	ko:K11734
bpyr:ABD05_28770	ko:K03719
bpyr:ABD05_28780	ko:K01114
bpyr:ABD05_28795	ko:K02028
bpyr:ABD05_28800	ko:K02029
bpyr:ABD05_28805	ko:K02030
bpyr:ABD05_28810	ko:K02624
bpyr:ABD05_28825	ko:K27838
bpyr:ABD05_28835	ko:K03281
bpyr:ABD05_28845	ko:K03285
bpyr:ABD05_28910	ko:K13936
bpyr:ABD05_28925	ko:K00140
bpyr:ABD05_28930	ko:K00822
bpyr:ABD05_28935	ko:K21699
bpyr:ABD05_28955	ko:K05913
bpyr:ABD05_28965	ko:K18897
bpyr:ABD05_29015	ko:K07124
bpyr:ABD05_29045	ko:K03719
bpyr:ABD05_29050	ko:K05834
bpyr:ABD05_29060	ko:K03406
bpyr:ABD05_29065	ko:K20034
bpyr:ABD05_29075	ko:K18138
bpyr:ABD05_29080	ko:K03585
bpyr:ABD05_29085	ko:K18903
bpyr:ABD05_29090	ko:K07665
bpyr:ABD05_29095	ko:K07644
bpyr:ABD05_29115	ko:K04064
bpyr:ABD05_29135	ko:K02529
bpyr:ABD05_29140	ko:K00692
bpyr:ABD05_29145	ko:K03332
bpyr:ABD05_29160	ko:K00375
bpyr:ABD05_29185	ko:K01993
bpyr:ABD05_29190	ko:K01990
bpyr:ABD05_29195	ko:K01992
bpyr:ABD05_29210	ko:K00801
bpyr:ABD05_29215	ko:K01126
bpyr:ABD05_29225	ko:K24700
bpyr:ABD05_29240	ko:K04091
bpyr:ABD05_29250	ko:K15553
bpyr:ABD05_29255	ko:K15554
bpyr:ABD05_29260	ko:K15555
bpyr:ABD05_29270	ko:K15553
bpyr:ABD05_29275	ko:K07140
bpyr:ABD05_29280	ko:K07649
bpyr:ABD05_29285	ko:K07774
bpyr:ABD05_29290	ko:K07552
bpyr:ABD05_29295	ko:K00375
bpyr:ABD05_29300	ko:K02012
bpyr:ABD05_29305	ko:K02011
bpyr:ABD05_29310	ko:K02010
bpyr:ABD05_29335	ko:K07496
bpyr:ABD05_29340	ko:K02510
bpyr:ABD05_29345	ko:K02509
bpyr:ABD05_29350	ko:K01826
bpyr:ABD05_29355	ko:K00455
bpyr:ABD05_29360	ko:K00151
bpyr:ABD05_29365	ko:K05921
bpyr:ABD05_29370	ko:K05921
bpyr:ABD05_29395	ko:K03587
bpyr:ABD05_29400	ko:K26735
bpyr:ABD05_29405	ko:K06150
bpyr:ABD05_29410	ko:K06151
bpyr:ABD05_29415	ko:K06152
bpyr:ABD05_29430	ko:K00259
bpyr:ABD05_29435	ko:K02347
bpyr:ABD05_29440	ko:K06204
bpyr:ABD05_29470	ko:K00249
bpyr:ABD05_29485	ko:K01192
bpyr:ABD05_29500	ko:K02348
bpyr:ABD05_29505	ko:K16011
bpyr:ABD05_29525	ko:K16692
bpyr:ABD05_29530	ko:K01991
bpyr:ABD05_29555	ko:K05349
bpyr:ABD05_29575	ko:K03746
bpyr:ABD05_29580	ko:K22468
bpyr:ABD05_29590	ko:K00681
bpyr:ABD05_29600	ko:K03724
bpyr:ABD05_29605	ko:K16263
bpyr:ABD05_29620	ko:K02623
bpyr:ABD05_29635	ko:K00449
bpyr:ABD05_29640	ko:K00448
bpyr:ABD05_29655	ko:K16203
bpyr:ABD05_29665	ko:K13891
bpyr:ABD05_29670	ko:K13890
bpyr:ABD05_29675	ko:K13889
bpyr:ABD05_29680	ko:K13892
bpyr:ABD05_29685	ko:K13051
bpyr:ABD05_29695	ko:K08191
bpyr:ABD05_29700	ko:K01187
bpyr:ABD05_29710	ko:K02168
bpyr:ABD05_29755	ko:K18304
bpyr:ABD05_29785	ko:K07112
bpyr:ABD05_29790	ko:K07112
bpyr:ABD05_29795	ko:K22042
bpyr:ABD05_29800	ko:K22549
bpyr:ABD05_29805	ko:K22550
bpyr:ABD05_29810	ko:K21061
bpyr:ABD05_29815	ko:K12658
bpyr:ABD05_29825	ko:K21062
bpyr:ABD05_29835	ko:K13877
bpyr:ABD05_29840	ko:K13609
bpyr:ABD05_29845	ko:K01687
bpyr:ABD05_29860	ko:K03086
bpyr:ABD05_29865	ko:K04477
bpyr:ABD05_29885	ko:K03446
bpyr:ABD05_29890	ko:K18118
bpyr:ABD05_29915	ko:K01841
bpyr:ABD05_29920	ko:K09459
bpyr:ABD05_29925	ko:K03430
bpyr:ABD05_29935	ko:K00145
bpyr:ABD05_29950	ko:K01259
bpyr:ABD05_29990	ko:K21645
bpyr:ABD05_30005	ko:K11935
bpyr:ABD05_30010	ko:K11931
bpyr:ABD05_30015	ko:K11936
bpyr:ABD05_30025	ko:K00820
bpyr:ABD05_30045	ko:K06016
bpyr:ABD05_30055	ko:K01999
bpyr:ABD05_30060	ko:K03566
bpyr:ABD05_30075	ko:K24119
bpyr:ABD05_30080	ko:K03387
bpyr:ABD05_30100	ko:K01607
bpyr:ABD05_30115	ko:K10038
bpyr:ABD05_30120	ko:K10037
bpyr:ABD05_30125	ko:K10036
bpyr:ABD05_30130	ko:K16014
bpyr:ABD05_30135	ko:K03566
bpyr:ABD05_30145	ko:K01775
bpyr:ABD05_30155	ko:K03413
bpyr:ABD05_30175	ko:K03407
bpyr:ABD05_30180	ko:K18828
bpyr:ABD05_30185	ko:K18829
bpyr:ABD05_30190	ko:K06999
bpyr:ABD05_30195	ko:K11738
bpyr:ABD05_30200	ko:K01744
bpyr:ABD05_30215	ko:K16090
bpyr:ABD05_30245	ko:K07497
bpyr:ABD05_30250	ko:K07483
bpyr:ABD05_30300	ko:K13491
bpyr:ABD05_30305	ko:K11444
bpyr:ABD05_30320	ko:K01560
bpyr:ABD05_30335	ko:K01985
bpyr:ABD05_30375	ko:K09017
bpyr:ABD05_30380	ko:K06016
bpyr:ABD05_30385	ko:K17722
bpyr:ABD05_30390	ko:K17723
bpyr:ABD05_30395	ko:K03457
bpyr:ABD05_30400	ko:K01464
bpyr:ABD05_30405	ko:K03317
bpyr:ABD05_30410	ko:K00758
bpyr:ABD05_30415	ko:K01489
bpyr:ABD05_30420	ko:K22895
bpyr:ABD05_30425	ko:K07304
bpyr:ABD05_30435	ko:K07305
bpyr:ABD05_30455	ko:K24084
bpyr:ABD05_30460	ko:K01897
bpyr:ABD05_30470	ko:K03333
bpyr:ABD05_30475	ko:K07275
bpyr:ABD05_30505	ko:K19745
bpyr:ABD05_30555	ko:K07001
bpyr:ABD05_30575	ko:K04063
bpyr:ABD05_30580	ko:K18139
bpyr:ABD05_30585	ko:K03543
bpyr:ABD05_30590	ko:K03446
bpyr:ABD05_30600	ko:K07001
bpyr:ABD05_30605	ko:K00019
bpyr:ABD05_30610	ko:K01574
bpyr:ABD05_30615	ko:K08994
bpyr:ABD05_30620	ko:K03885
bpyr:ABD05_30625	ko:K04063
bpyr:ABD05_30630	ko:K00375
bpyr:ABD05_30650	ko:K01768
bpyr:ABD05_30670	ko:K13953
bpyr:ABD05_30675	ko:K01420
bpyr:ABD05_30705	ko:K03566
bpyr:ABD05_30710	ko:K01755
bpyr:ABD05_30715	ko:K02029
bpyr:ABD05_30720	ko:K02028
bpyr:ABD05_30725	ko:K02030
bpyr:ABD05_30730	ko:K22278
bpyr:ABD05_30750	ko:K25307
bpyr:ABD05_30765	ko:K01991
bpyr:ABD05_30770	ko:K25307
bpyr:ABD05_30775	ko:K16692
bpyr:ABD05_30825	ko:K00012
bpyr:ABD05_30830	ko:K03746
bpyr:ABD05_30850	ko:K18058
bpyr:ABD05_30860	ko:K01586
bpyr:ABD05_30865	ko:K01697
bpyr:ABD05_30870	ko:K26939
bpyr:ABD05_30895	ko:K02003
bpyr:ABD05_30900	ko:K02004
bpyr:ABD05_30925	ko:K09022
bpyr:ABD05_30930	ko:K00428
bpyr:ABD05_30955	ko:K02078
bpyr:ABD05_30960	ko:K06137
bpyr:ABD05_30965	ko:K01897
bpyr:ABD05_30990	ko:K23514
bpyr:ABD05_30995	ko:K07165
bpyr:ABD05_31000	ko:K02014
bpyr:ABD05_31005	ko:K02015
bpyr:ABD05_31010	ko:K02015
bpyr:ABD05_31015	ko:K10829
bpyr:ABD05_31020	ko:K02016
bpyr:ABD05_31035	ko:K07290
bpyr:ABD05_31075	ko:K01897
bpyr:ABD05_31105	ko:K22294
bpyr:ABD05_31160	ko:K06889
bpyr:ABD05_31185	ko:K19784
bpyr:ABD05_31215	ko:K04063
bpyr:ABD05_31225	ko:K03449
bpyr:ABD05_31230	ko:K03088
bpyr:ABD05_31245	ko:K00077
bpyr:ABD05_31250	ko:K20035
bpyr:ABD05_31255	ko:K00311
bpyr:ABD05_31260	ko:K00626
bpyr:ABD05_31265	ko:K00074
bpyr:ABD05_31295	ko:K20257
bpyr:ABD05_31300	ko:K00648
bpyr:ABD05_31315	ko:K08295
bpyr:ABD05_31340	ko:K01619
bpyr:ABD05_31345	ko:K11534
bpyr:ABD05_31355	ko:K02429
bpyr:ABD05_31360	ko:K28747
bpyr:ABD05_31365	ko:K02030
bpyr:ABD05_31370	ko:K02029
bpyr:ABD05_31375	ko:K02029
bpyr:ABD05_31380	ko:K20938
bpyr:ABD05_31395	ko:K01991
bpyr:ABD05_31400	ko:K25307
bpyr:ABD05_31405	ko:K16692
bpyr:ABD05_31415	ko:K07265
bpyr:ABD05_31420	ko:K03819
bpyr:ABD05_31440	ko:K01627
bpyr:ABD05_31445	ko:K03270
bpyr:ABD05_31450	ko:K00979
bpyr:ABD05_31455	ko:K06041
bpyr:ABD05_31470	ko:K00963
bpyr:ABD05_31475	ko:K02403
bpyr:ABD05_31480	ko:K03746
bpyr:ABD05_31485	ko:K20938
bpyr:ABD05_31530	ko:K00433
bpyr:ABD05_31550	ko:K01710
bpyr:ABD05_31555	ko:K00067
bpyr:ABD05_31560	ko:K01790
bpyr:ABD05_31565	ko:K00973
bpyr:ABD05_31570	ko:K08166
bpyr:ABD05_31575	ko:K01996
bpyr:ABD05_31580	ko:K01995
bpyr:ABD05_31585	ko:K01998
bpyr:ABD05_31590	ko:K01997
bpyr:ABD05_31595	ko:K01999
bpyr:ABD05_31605	ko:K00285
bpyr:ABD05_31610	ko:K01799
bpyr:ABD05_31620	ko:K12990
bpyr:ABD05_31625	ko:K13876
bpyr:ABD05_31630	ko:K12661
bpyr:ABD05_31635	ko:K18337
bpyr:ABD05_31640	ko:K03534
bpyr:ABD05_31715	ko:K01999
bpyr:ABD05_31750	ko:K07497
bpyr:ABD05_31755	ko:K07483
bpyr:ABD05_31775	ko:K03636
bpyr:ABD05_31780	ko:K03635
bpyr:ABD05_31785	ko:K03639
bpyr:ABD05_31790	ko:K03750
bpyr:ABD05_31795	ko:K02379
bpyr:ABD05_31800	ko:K00425
bpyr:ABD05_31805	ko:K00426
bpyr:ABD05_31810	ko:K08994
bpyr:ABD05_31815	ko:K26731
bpyr:ABD05_31825	ko:K19982
bpyr:ABD05_31830	ko:K14257
bpyr:ABD05_31835	ko:K19981
bpyr:ABD05_31840	ko:K14266
bpyr:ABD05_31860	ko:K01867
bpyr:ABD05_31900	ko:K10914
bpyr:ABD05_31925	ko:K07222
bpyr:ABD05_31940	ko:K01438
bpyr:ABD05_31950	ko:K23467
bpyr:ABD05_31960	ko:K03696
bpyr:ABD05_31975	ko:K07223
bpyr:ABD05_31985	ko:K13256
bpyr:ABD05_32005	ko:K00122
bpyr:ABD05_32025	ko:K08159
bpyr:ABD05_32045	ko:K01856
bpyr:ABD05_32050	ko:K03381
bpyr:ABD05_32055	ko:K05549
bpyr:ABD05_32060	ko:K05550
bpyr:ABD05_32065	ko:K05784
bpyr:ABD05_32070	ko:K05783
bpyr:ABD05_32100	ko:K18991
bpyr:ABD05_32130	ko:K02784
bpyr:ABD05_32135	ko:K06193
bpyr:ABD05_32140	ko:K00797
bpyr:ABD05_32165	ko:K07154
bpyr:ABD05_32175	ko:K03285
bpyr:ABD05_32190	ko:K15553
bpyr:ABD05_32215	ko:K01561
bpyr:ABD05_32255	ko:K07506
bpyr:ABD05_32275	ko:K10680
bpyr:ABD05_32285	ko:K18900
bpyr:ABD05_32290	ko:K18030
bpyr:ABD05_32295	ko:K18029
bpyr:ABD05_32315	ko:K00384
bpyr:ABD05_32325	ko:K02483
bpyr:ABD05_32365	ko:K18903
bpyr:ABD05_32370	ko:K03543
bpyr:ABD05_32375	ko:K03446
bpyr:ABD05_32380	ko:K00433
bpyr:ABD05_32390	ko:K00433
bpyr:ABD05_32445	ko:K10018
bpyr:ABD05_32450	ko:K10020
bpyr:ABD05_32455	ko:K10019
bpyr:ABD05_32460	ko:K10021
bpyr:ABD05_32465	ko:K01745
bpyr:ABD05_32470	ko:K05836
bpyr:ABD05_32495	ko:K01644
bpyr:ABD05_32515	ko:K01720
bpyr:ABD05_32525	ko:K01644
bpyr:ABD05_32550	ko:K28789
bpyr:ABD05_32560	ko:K04087
bpyr:ABD05_32585	ko:K11004
bpyr:ABD05_32590	ko:K11003
bpyr:ABD05_32595	ko:K12340
bpyr:ABD05_32615	ko:K03746
bpyr:ABD05_32665	ko:K20276
bpyr:ABD05_32675	ko:K27862
bpyr:ABD05_32700	ko:K20273
bpyr:ABD05_32705	ko:K11738
bpyr:ABD05_32715	ko:K02049
bpyr:ABD05_32720	ko:K02050
bpyr:ABD05_32725	ko:K01457
bpyr:ABD05_32730	ko:K01941
bpyr:ABD05_32735	ko:K28693
bpyr:ABD05_32740	ko:K28692
bpyr:ABD05_32745	ko:K02051
bpyr:ABD05_32765	ko:K09118
bpyr:ABD05_32775	ko:K21449
bpyr:ABD05_32785	ko:K02014
bpyr:ABD05_32830	ko:K12511
bpyr:ABD05_32835	ko:K12510
bpyr:ABD05_32840	ko:K02283
bpyr:ABD05_32845	ko:K02282
bpyr:ABD05_32850	ko:K12513
bpyr:ABD05_32855	ko:K12513
bpyr:ABD05_32870	ko:K02280
bpyr:ABD05_32875	ko:K02279
bpyr:ABD05_32885	ko:K02278
bpyr:ABD05_32890	ko:K02651
bpyr:ABD05_32895	ko:K02651
bpyr:ABD05_32900	ko:K02651
bpyr:ABD05_32915	ko:K20534
bpyr:ABD05_32925	ko:K20275
bpyr:ABD05_32935	ko:K20277
bpyr:ABD05_32940	ko:K02030
bpyr:ABD05_32945	ko:K18058
bpyr:ABD05_32950	ko:K08166
bpyr:ABD05_32965	ko:K03453
bpyr:ABD05_32990	ko:K00077
bpyr:ABD05_33010	ko:K00014
bpyr:ABD05_33030	ko:K03809
bpyr:ABD05_33050	ko:K11927
bpyr:ABD05_33070	ko:K02040
bpyr:ABD05_33075	ko:K07506
bpyr:ABD05_33110	ko:K02030
bpyr:ABD05_33115	ko:K03701
bpyr:ABD05_33130	ko:K00059
bpyr:ABD05_33140	ko:K17865
bpyr:ABD05_33145	ko:K03286
bpyr:ABD05_33150	ko:K21449
bpyr:ABD05_33170	ko:K06145
bpyr:ABD05_33175	ko:K22186
bpyr:ABD05_33230	ko:K00128
bpyr:ABD05_33255	ko:K02031
bpyr:ABD05_33255	ko:K02032
bpyr:ABD05_33260	ko:K02034
bpyr:ABD05_33265	ko:K02033
bpyr:ABD05_33270	ko:K02035
bpyr:ABD05_33275	ko:K06995
bpyr:ABD05_33280	ko:K03406
bpyr:ABD05_33285	ko:K01560
bpyr:ABD05_33295	ko:K12972
bpyr:ABD05_33310	ko:K00135
bpyr:ABD05_33325	ko:K03406
bpyr:ABD05_33340	ko:K07046
bpyr:ABD05_33345	ko:K00064
bpyr:ABD05_33350	ko:K10439
bpyr:ABD05_33355	ko:K10440
bpyr:ABD05_33360	ko:K10441
bpyr:ABD05_33370	ko:K04033
bpyr:ABD05_33380	ko:K00146
bpyr:ABD05_33410	ko:K00135
bpyr:ABD05_33420	ko:K05712
bpyr:ABD05_33435	ko:K07104
bpyr:ABD05_33450	ko:K01652
bpyr:ABD05_33455	ko:K02014
bpyr:ABD05_33460	ko:K01729
bpyr:ABD05_33465	ko:K10544
bpyr:ABD05_33470	ko:K10545
bpyr:ABD05_33475	ko:K10543
bpyr:ABD05_33480	ko:K00854
bpyr:ABD05_33485	ko:K01805
bpyr:ABD05_33490	ko:K02529
bpyr:ABD05_33495	ko:K01785
bpyr:ABD05_33500	ko:K23509
bpyr:ABD05_33505	ko:K23509
bpyr:ABD05_33510	ko:K10820
bpyr:ABD05_33515	ko:K23508
bpyr:ABD05_33525	ko:K07497
bpyr:ABD05_33530	ko:K07483
bpyr:ABD05_33545	ko:K18138
bpyr:ABD05_33550	ko:K03585
bpyr:ABD05_33555	ko:K18139
bpyr:ABD05_33560	ko:K07644
bpyr:ABD05_33565	ko:K07665
bpyr:ABD05_33590	ko:K02275
bpyr:ABD05_33595	ko:K02274
bpyr:ABD05_33600	ko:K02276
bpyr:ABD05_33605	ko:K02276
bpyr:ABD05_33610	ko:K02277
bpyr:ABD05_33655	ko:K01118
bpyr:ABD05_33690	ko:K03762
bpyr:ABD05_33700	ko:K03566
bpyr:ABD05_33720	ko:K02003
bpyr:ABD05_33725	ko:K02004
bpyr:ABD05_33770	ko:K01586
bpyr:ABD05_33785	ko:K00249
bpyr:ABD05_33805	ko:K01990
bpyr:ABD05_33810	ko:K01992
bpyr:ABD05_33830	ko:K11690
bpyr:ABD05_33835	ko:K11689
bpyr:ABD05_33840	ko:K11688
bpyr:ABD05_33850	ko:K00817
bpyr:ABD05_33885	ko:K03746
bpyr:ABD05_33890	ko:K11312
bpyr:ABD05_33905	ko:K05835
bpyr:ABD05_33910	ko:K01118
bpyr:ABD05_33930	ko:K00799
bpyr:ABD05_33945	ko:K06950
bpyr:ABD05_33955	ko:K05874
bpyr:ABD05_33960	ko:K04750
bpyr:ABD05_33965	ko:K07124
bpyr:ABD05_33975	ko:K03704
bpyr:ABD05_34000	ko:K06045
bpyr:ABD05_34005	ko:K06995
bpyr:ABD05_34010	ko:K01467
bpyr:ABD05_34060	ko:K06016
bpyr:ABD05_34065	ko:K01996
bpyr:ABD05_34070	ko:K01995
bpyr:ABD05_34075	ko:K01998
bpyr:ABD05_34080	ko:K01997
bpyr:ABD05_34085	ko:K01999
bpyr:ABD05_34095	ko:K00128
bpyr:ABD05_34105	ko:K14052
bpyr:ABD05_34145	ko:K03746
bpyr:ABD05_34150	ko:K01744
bpyr:ABD05_34155	ko:K01779
bpyr:ABD05_34165	ko:K21645
bpyr:ABD05_34170	ko:K07258
bpyr:ABD05_34175	ko:K00986
bpyr:ABD05_34180	ko:K00067
bpyr:ABD05_34185	ko:K15977
bpyr:ABD05_34190	ko:K02407
bpyr:ABD05_34200	ko:K01714
bpyr:ABD05_34210	ko:K00852
bpyr:ABD05_34215	ko:K02529
bpyr:ABD05_34240	ko:K06911
bpyr:ABD05_34245	ko:K03809
bpyr:ABD05_34260	ko:K06518
bpyr:ABD05_34270	ko:K04063
bpyr:ABD05_34275	ko:K16137
bpyr:ABD05_34280	ko:K16138
bpyr:ABD05_34285	ko:K06889
bpyr:ABD05_34290	ko:K18893
bpyr:ABD05_34295	ko:K09472
bpyr:ABD05_34300	ko:K01426
bpyr:ABD05_34305	ko:K06995
bpyr:ABD05_34310	ko:K09471
bpyr:ABD05_34320	ko:K11074
bpyr:ABD05_34325	ko:K11075
bpyr:ABD05_34330	ko:K11076
bpyr:ABD05_34335	ko:K11073
bpyr:ABD05_34365	ko:K03566
bpyr:ABD05_34375	ko:K01999
bpyr:ABD05_34385	ko:K26063
bpyr:ABD05_34390	ko:K03566
bpyr:ABD05_34410	ko:K07090
bpyr:ABD05_34430	ko:K17228
bpyr:ABD05_34435	ko:K00299
bpyr:ABD05_34460	ko:K01644
bpyr:ABD05_34465	ko:K09709
bpyr:ABD05_34470	ko:K06075
bpyr:ABD05_34495	ko:K02019
bpyr:ABD05_34500	ko:K15790
bpyr:ABD05_34530	ko:K19736
bpyr:ABD05_34540	ko:K03496
bpyr:ABD05_34545	ko:K03497
bpyr:ABD05_34560	ko:K03566
bpyr:ABD05_34565	ko:K01939
bpyr:ABD05_34615	ko:K00681
bpyr:ABD05_34650	ko:K01139
bpyr:ABD05_34665	ko:K01977
bpyr:ABD05_34670	ko:K14227
bpyr:ABD05_34675	ko:K14218
bpyr:ABD05_34680	ko:K01980
bpyr:ABD05_34685	ko:K01985
bpyr:ABD05_34705	ko:K01895
bpyr:ABD05_34715	ko:K00626
bpyr:ABD05_34720	ko:K09017
bpyr:ABD05_34725	ko:K06016
bpyr:ABD05_34730	ko:K17722
bpyr:ABD05_34735	ko:K17723
bpyr:ABD05_34740	ko:K03457
bpyr:ABD05_34755	ko:K12056
bpyr:ABD05_34795	ko:K21449
bpyr:ABD05_34815	ko:K14160
bpyr:ABD05_34820	ko:K14161
bpyr:ABD05_34825	ko:K14162
bpyr:ABD05_34835	ko:K03497
bpyr:ABD05_34840	ko:K03496
bpyr:ABD05_34845	ko:K01971
bpyr:ABD05_34850	ko:K18829
bpyr:ABD05_34855	ko:K18828
bpyr:ABD05_34935	ko:K07326
bpyr:ABD05_34985	ko:K07319
bpyr:ABD05_35000	ko:K03497
bpyr:ABD05_35065	ko:K11688
bpyr:ABD05_35075	ko:K07160
bpyr:ABD05_35090	ko:K12069
bpyr:ABD05_35095	ko:K12068
bpyr:ABD05_35100	ko:K12067
bpyr:ABD05_35105	ko:K12066
bpyr:ABD05_35110	ko:K12065
bpyr:ABD05_35115	ko:K03981
bpyr:ABD05_35120	ko:K12064
bpyr:ABD05_35125	ko:K12063
bpyr:ABD05_35130	ko:K28223
bpyr:ABD05_35165	ko:K12062
bpyr:ABD05_35170	ko:K12061
bpyr:ABD05_35175	ko:K12060
bpyr:ABD05_35180	ko:K12059
bpyr:ABD05_35195	ko:K12058
bpyr:ABD05_35210	ko:K12057
bpyr:ABD05_35230	ko:K12072
bpyr:ABD05_35235	ko:K12056
