bstl:BBJ41_00030	ko:K01669
bstl:BBJ41_00040	ko:K03566
bstl:BBJ41_00050	ko:K06133
bstl:BBJ41_00055	ko:K10001
bstl:BBJ41_00060	ko:K01745
bstl:BBJ41_00065	ko:K05836
bstl:BBJ41_00070	ko:K01712
bstl:BBJ41_00075	ko:K09975
bstl:BBJ41_00080	ko:K01468
bstl:BBJ41_00085	ko:K05603
bstl:BBJ41_00090	ko:K01458
bstl:BBJ41_00095	ko:K07010
bstl:BBJ41_00100	ko:K01915
bstl:BBJ41_00105	ko:K12256
bstl:BBJ41_00110	ko:K00860
bstl:BBJ41_00115	ko:K07481
bstl:BBJ41_00155	ko:K02040
bstl:BBJ41_00210	ko:K00986
bstl:BBJ41_00225	ko:K14237
bstl:BBJ41_00255	ko:K14682
bstl:BBJ41_00260	ko:K03578
bstl:BBJ41_00290	ko:K01915
bstl:BBJ41_00295	ko:K07708
bstl:BBJ41_00300	ko:K07712
bstl:BBJ41_00305	ko:K01322
bstl:BBJ41_00310	ko:K01142
bstl:BBJ41_00315	ko:K14230
bstl:BBJ41_00325	ko:K25316
bstl:BBJ41_00330	ko:K02346
bstl:BBJ41_00335	ko:K01414
bstl:BBJ41_00340	ko:K01491
bstl:BBJ41_00355	ko:K00163
bstl:BBJ41_00360	ko:K00627
bstl:BBJ41_00365	ko:K00382
bstl:BBJ41_00375	ko:K07262
bstl:BBJ41_00380	ko:K19333
bstl:BBJ41_00385	ko:K18928
bstl:BBJ41_00390	ko:K18929
bstl:BBJ41_00400	ko:K25307
bstl:BBJ41_00405	ko:K13643
bstl:BBJ41_00410	ko:K04487
bstl:BBJ41_00415	ko:K04488
bstl:BBJ41_00420	ko:K13628
bstl:BBJ41_00425	ko:K04082
bstl:BBJ41_00430	ko:K04044
bstl:BBJ41_00435	ko:K04755
bstl:BBJ41_00450	ko:K04567
bstl:BBJ41_00455	ko:K02836
bstl:BBJ41_00460	ko:K07462
bstl:BBJ41_00470	ko:K09808
bstl:BBJ41_00475	ko:K09810
bstl:BBJ41_00480	ko:K03424
bstl:BBJ41_00485	ko:K02238
bstl:BBJ41_00495	ko:K01937
bstl:BBJ41_00500	ko:K01627
bstl:BBJ41_00505	ko:K01689
bstl:BBJ41_00510	ko:K05589
bstl:BBJ41_00520	ko:K04083
bstl:BBJ41_00525	ko:K28956
bstl:BBJ41_00540	ko:K07053
bstl:BBJ41_00555	ko:K01867
bstl:BBJ41_00565	ko:K01714
bstl:BBJ41_00570	ko:K07287
bstl:BBJ41_00580	ko:K18850
bstl:BBJ41_00585	ko:K03775
bstl:BBJ41_00600	ko:K03892
bstl:BBJ41_00610	ko:K03741
bstl:BBJ41_00615	ko:K03325
bstl:BBJ41_00620	ko:K00537
bstl:BBJ41_00625	ko:K10947
bstl:BBJ41_00630	ko:K07240
bstl:BBJ41_00635	ko:K07486
bstl:BBJ41_00660	ko:K21449
bstl:BBJ41_00765	ko:K06919
bstl:BBJ41_00790	ko:K07126
bstl:BBJ41_00795	ko:K06946
bstl:BBJ41_00835	ko:K03169
bstl:BBJ41_00950	ko:K03502
bstl:BBJ41_00955	ko:K03503
bstl:BBJ41_00990	ko:K06867
bstl:BBJ41_01025	ko:K06867
bstl:BBJ41_01105	ko:K06867
bstl:BBJ41_01285	ko:K16511
bstl:BBJ41_01315	ko:K07481
bstl:BBJ41_01355	ko:K03496
bstl:BBJ41_01470	ko:K01092
bstl:BBJ41_01475	ko:K02533
bstl:BBJ41_01480	ko:K00640
bstl:BBJ41_01485	ko:K03269
bstl:BBJ41_01490	ko:K03768
bstl:BBJ41_01495	ko:K03767
bstl:BBJ41_01505	ko:K01883
bstl:BBJ41_01510	ko:K01247
bstl:BBJ41_01515	ko:K01962
bstl:BBJ41_01520	ko:K04075
bstl:BBJ41_01525	ko:K00928
bstl:BBJ41_01530	ko:K14233
bstl:BBJ41_01535	ko:K07485
bstl:BBJ41_01540	ko:K00342
bstl:BBJ41_01545	ko:K02297
bstl:BBJ41_01550	ko:K02298
bstl:BBJ41_01555	ko:K02299
bstl:BBJ41_01560	ko:K02300
bstl:BBJ41_01570	ko:K13893
bstl:BBJ41_01575	ko:K13894
bstl:BBJ41_01580	ko:K13895
bstl:BBJ41_01585	ko:K13896
bstl:BBJ41_01595	ko:K07001
bstl:BBJ41_01600	ko:K01885
bstl:BBJ41_01605	ko:K14218
bstl:BBJ41_01610	ko:K14224
bstl:BBJ41_01615	ko:K14221
bstl:BBJ41_01620	ko:K14224
bstl:BBJ41_01625	ko:K14221
bstl:BBJ41_01630	ko:K14224
bstl:BBJ41_01635	ko:K14221
bstl:BBJ41_01655	ko:K01638
bstl:BBJ41_01660	ko:K01560
bstl:BBJ41_01675	ko:K01637
bstl:BBJ41_01690	ko:K14742
bstl:BBJ41_01695	ko:K03789
bstl:BBJ41_01700	ko:K21929
bstl:BBJ41_01705	ko:K09977
bstl:BBJ41_01710	ko:K00941
bstl:BBJ41_01715	ko:K08227
bstl:BBJ41_01720	ko:K01775
bstl:BBJ41_01725	ko:K04485
bstl:BBJ41_01735	ko:K06158
bstl:BBJ41_01740	ko:K00432
bstl:BBJ41_01745	ko:K06131
bstl:BBJ41_01750	ko:K07320
bstl:BBJ41_01755	ko:K01439
bstl:BBJ41_01765	ko:K00674
bstl:BBJ41_01770	ko:K14267
bstl:BBJ41_01780	ko:K03529
bstl:BBJ41_01790	ko:K01972
bstl:BBJ41_01795	ko:K01462
bstl:BBJ41_01800	ko:K06182
bstl:BBJ41_01805	ko:K00990
bstl:BBJ41_01810	ko:K01265
bstl:BBJ41_01815	ko:K02967
bstl:BBJ41_01820	ko:K02357
bstl:BBJ41_01825	ko:K09903
bstl:BBJ41_01830	ko:K02838
bstl:BBJ41_01835	ko:K00806
bstl:BBJ41_01840	ko:K00981
bstl:BBJ41_01845	ko:K00099
bstl:BBJ41_01850	ko:K11749
bstl:BBJ41_01855	ko:K07277
bstl:BBJ41_01860	ko:K06142
bstl:BBJ41_01865	ko:K02536
bstl:BBJ41_01870	ko:K02372
bstl:BBJ41_01875	ko:K00677
bstl:BBJ41_01880	ko:K00748
bstl:BBJ41_01885	ko:K03470
bstl:BBJ41_01890	ko:K03437
bstl:BBJ41_01895	ko:K09773
bstl:BBJ41_01900	ko:K01007
bstl:BBJ41_01915	ko:K03664
bstl:BBJ41_01925	ko:K09801
bstl:BBJ41_01955	ko:K00088
bstl:BBJ41_01965	ko:K01951
bstl:BBJ41_01985	ko:K02342
bstl:BBJ41_01990	ko:K01975
bstl:BBJ41_02005	ko:K03826
bstl:BBJ41_02010	ko:K03574
bstl:BBJ41_02015	ko:K00020
bstl:BBJ41_02030	ko:K15555
bstl:BBJ41_02035	ko:K15554
bstl:BBJ41_02040	ko:K15553
bstl:BBJ41_02055	ko:K03710
bstl:BBJ41_02070	ko:K11991
bstl:BBJ41_02075	ko:K01297
bstl:BBJ41_02085	ko:K03457
bstl:BBJ41_02090	ko:K16841
bstl:BBJ41_02095	ko:K16842
bstl:BBJ41_02100	ko:K13485
bstl:BBJ41_02105	ko:K01477
bstl:BBJ41_02110	ko:K01483
bstl:BBJ41_02115	ko:K18900
bstl:BBJ41_02130	ko:K03566
bstl:BBJ41_02135	ko:K09964
bstl:BBJ41_02145	ko:K07127
bstl:BBJ41_02150	ko:K18456
bstl:BBJ41_02160	ko:K09165
bstl:BBJ41_02175	ko:K03282
bstl:BBJ41_02185	ko:K03969
bstl:BBJ41_02190	ko:K05366
bstl:BBJ41_02200	ko:K01754
bstl:BBJ41_02205	ko:K01438
bstl:BBJ41_02210	ko:K03723
bstl:BBJ41_02215	ko:K00991
bstl:BBJ41_02220	ko:K01770
bstl:BBJ41_02225	ko:K04756
bstl:BBJ41_02230	ko:K24126
bstl:BBJ41_02235	ko:K07638
bstl:BBJ41_02240	ko:K07659
bstl:BBJ41_02260	ko:K02291
bstl:BBJ41_02265	ko:K14228
bstl:BBJ41_02300	ko:K00077
bstl:BBJ41_02310	ko:K00865
bstl:BBJ41_02315	ko:K03545
bstl:BBJ41_02320	ko:K01358
bstl:BBJ41_02325	ko:K03544
bstl:BBJ41_02330	ko:K01338
bstl:BBJ41_02335	ko:K14237
bstl:BBJ41_02340	ko:K14221
bstl:BBJ41_02350	ko:K07270
bstl:BBJ41_02355	ko:K10804
bstl:BBJ41_02360	ko:K02003
bstl:BBJ41_02365	ko:K01810
bstl:BBJ41_02370	ko:K23997
bstl:BBJ41_02380	ko:K01952
bstl:BBJ41_02385	ko:K03824
bstl:BBJ41_02390	ko:K03769
bstl:BBJ41_02395	ko:K05527
bstl:BBJ41_02400	ko:K06190
bstl:BBJ41_02405	ko:K07305
bstl:BBJ41_02410	ko:K08997
bstl:BBJ41_02415	ko:K20034
bstl:BBJ41_02420	ko:K07516
bstl:BBJ41_02425	ko:K08281
bstl:BBJ41_02430	ko:K00632
bstl:BBJ41_02515	ko:K06980
bstl:BBJ41_02520	ko:K07082
bstl:BBJ41_02525	ko:K00943
bstl:BBJ41_02530	ko:K02341
bstl:BBJ41_02535	ko:K03424
bstl:BBJ41_02540	ko:K06867
bstl:BBJ41_02580	ko:K01424
bstl:BBJ41_02590	ko:K07481
bstl:BBJ41_02595	ko:K00042
bstl:BBJ41_02600	ko:K01816
bstl:BBJ41_02605	ko:K01608
bstl:BBJ41_02615	ko:K03088
bstl:BBJ41_02625	ko:K02990
bstl:BBJ41_02630	ko:K02686
bstl:BBJ41_02635	ko:K02963
bstl:BBJ41_02640	ko:K02939
bstl:BBJ41_02645	ko:K02314
bstl:BBJ41_02650	ko:K07220
bstl:BBJ41_02655	ko:K03306
bstl:BBJ41_02665	ko:K07175
bstl:BBJ41_02670	ko:K03564
bstl:BBJ41_02675	ko:K13014
bstl:BBJ41_02685	ko:K00604
bstl:BBJ41_02690	ko:K10012
bstl:BBJ41_02715	ko:K14260
bstl:BBJ41_02720	ko:K00003
bstl:BBJ41_02725	ko:K01733
bstl:BBJ41_02730	ko:K03750
bstl:BBJ41_02735	ko:K03636
bstl:BBJ41_02740	ko:K03635
bstl:BBJ41_02745	ko:K06886
bstl:BBJ41_02750	ko:K13771
bstl:BBJ41_02755	ko:K03695
bstl:BBJ41_02765	ko:K02237
bstl:BBJ41_02775	ko:K01607
bstl:BBJ41_02780	ko:K21405
bstl:BBJ41_02790	ko:K03366
bstl:BBJ41_02795	ko:K21416
bstl:BBJ41_02800	ko:K21417
bstl:BBJ41_02805	ko:K00627
bstl:BBJ41_02810	ko:K03644
bstl:BBJ41_02815	ko:K26939
bstl:BBJ41_02825	ko:K02909
bstl:BBJ41_02830	ko:K09933
bstl:BBJ41_02835	ko:K03446
bstl:BBJ41_02845	ko:K03628
bstl:BBJ41_02850	ko:K03671
bstl:BBJ41_02855	ko:K01983
bstl:BBJ41_02860	ko:K02343
bstl:BBJ41_02865	ko:K09747
bstl:BBJ41_02870	ko:K06187
bstl:BBJ41_02875	ko:K18313
bstl:BBJ41_02880	ko:K03787
bstl:BBJ41_02885	ko:K00573
bstl:BBJ41_02890	ko:K06194
bstl:BBJ41_02895	ko:K03087
bstl:BBJ41_02900	ko:K07501
bstl:BBJ41_02910	ko:K03215
bstl:BBJ41_02915	ko:K19416
bstl:BBJ41_02920	ko:K00940
bstl:BBJ41_02925	ko:K06941
bstl:BBJ41_02930	ko:K15539
bstl:BBJ41_02935	ko:K03526
bstl:BBJ41_02940	ko:K01892
bstl:BBJ41_02950	ko:K17713
bstl:BBJ41_02955	ko:K03977
bstl:BBJ41_02960	ko:K03666
bstl:BBJ41_02965	ko:K03665
bstl:BBJ41_02970	ko:K04088
bstl:BBJ41_02975	ko:K04087
bstl:BBJ41_02980	ko:K09937
bstl:BBJ41_02985	ko:K02502
bstl:BBJ41_02990	ko:K01939
bstl:BBJ41_02995	ko:K07101
bstl:BBJ41_03000	ko:K03549
bstl:BBJ41_03005	ko:K06959
bstl:BBJ41_03020	ko:K03722
bstl:BBJ41_03025	ko:K05807
bstl:BBJ41_03030	ko:K06180
bstl:BBJ41_03035	ko:K05810
bstl:BBJ41_03040	ko:K03821
bstl:BBJ41_03045	ko:K00626
bstl:BBJ41_03050	ko:K00023
bstl:BBJ41_03070	ko:K14441
bstl:BBJ41_03075	ko:K00874
bstl:BBJ41_03080	ko:K00626
bstl:BBJ41_03090	ko:K01760
bstl:BBJ41_03095	ko:K01079
bstl:BBJ41_03120	ko:K02069
bstl:BBJ41_03125	ko:K02068
bstl:BBJ41_03130	ko:K07290
bstl:BBJ41_03155	ko:K03639
bstl:BBJ41_03180	ko:K22278
bstl:BBJ41_03200	ko:K00128
bstl:BBJ41_03205	ko:K00459
bstl:BBJ41_03210	ko:K07275
bstl:BBJ41_03230	ko:K06938
bstl:BBJ41_03235	ko:K11073
bstl:BBJ41_03240	ko:K11076
bstl:BBJ41_03245	ko:K11075
bstl:BBJ41_03250	ko:K11074
bstl:BBJ41_03255	ko:K07090
bstl:BBJ41_03285	ko:K07727
bstl:BBJ41_03300	ko:K18303
bstl:BBJ41_03305	ko:K18302
bstl:BBJ41_03315	ko:K03281
bstl:BBJ41_03335	ko:K00874
bstl:BBJ41_03345	ko:K00090
bstl:BBJ41_03350	ko:K02525
bstl:BBJ41_03390	ko:K00424
bstl:BBJ41_03395	ko:K03284
bstl:BBJ41_03400	ko:K09780
bstl:BBJ41_03405	ko:K19055
bstl:BBJ41_03415	ko:K22213
bstl:BBJ41_03445	ko:K04063
bstl:BBJ41_03470	ko:K23775
bstl:BBJ41_03495	ko:K18148
bstl:BBJ41_03500	ko:K02839
bstl:BBJ41_03505	ko:K08369
bstl:BBJ41_03545	ko:K01640
bstl:BBJ41_03550	ko:K18313
bstl:BBJ41_03555	ko:K00018
bstl:BBJ41_03565	ko:K07481
bstl:BBJ41_03580	ko:K02053
bstl:BBJ41_03585	ko:K02054
bstl:BBJ41_03590	ko:K02052
bstl:BBJ41_03595	ko:K02055
bstl:BBJ41_03600	ko:K07341
bstl:BBJ41_03605	ko:K07002
bstl:BBJ41_03625	ko:K00344
bstl:BBJ41_03635	ko:K03556
bstl:BBJ41_03645	ko:K11209
bstl:BBJ41_03655	ko:K03449
bstl:BBJ41_03660	ko:K05936
bstl:BBJ41_03665	ko:K05895
bstl:BBJ41_03670	ko:K02188
bstl:BBJ41_03675	ko:K00595
bstl:BBJ41_03680	ko:K02229
bstl:BBJ41_03685	ko:K06042
bstl:BBJ41_03690	ko:K03394
bstl:BBJ41_03695	ko:K13541
bstl:BBJ41_03700	ko:K08224
bstl:BBJ41_03710	ko:K01183
bstl:BBJ41_03720	ko:K00249
bstl:BBJ41_03725	ko:K03300
bstl:BBJ41_03740	ko:K03574
bstl:BBJ41_03750	ko:K09983
bstl:BBJ41_03755	ko:K09768
bstl:BBJ41_03760	ko:K13580
bstl:BBJ41_03765	ko:K03405
bstl:BBJ41_03770	ko:K02230
bstl:BBJ41_03775	ko:K02234
bstl:BBJ41_03780	ko:K02303
bstl:BBJ41_03785	ko:K02189
bstl:BBJ41_03790	ko:K19221
bstl:BBJ41_03795	ko:K02224
bstl:BBJ41_03805	ko:K01451
bstl:BBJ41_03820	ko:K18828
bstl:BBJ41_03825	ko:K18829
bstl:BBJ41_03830	ko:K03896
bstl:BBJ41_03840	ko:K02014
bstl:BBJ41_03845	ko:K10531
bstl:BBJ41_03850	ko:K03896
bstl:BBJ41_03865	ko:K06160
bstl:BBJ41_03870	ko:K23227
bstl:BBJ41_03875	ko:K13255
bstl:BBJ41_03880	ko:K23228
bstl:BBJ41_03885	ko:K10829
bstl:BBJ41_03915	ko:K07346
bstl:BBJ41_03920	ko:K12518
bstl:BBJ41_03925	ko:K07345
bstl:BBJ41_03930	ko:K18139
bstl:BBJ41_03935	ko:K18095
bstl:BBJ41_03940	ko:K18094
bstl:BBJ41_03945	ko:K18129
bstl:BBJ41_03955	ko:K02029
bstl:BBJ41_03960	ko:K02029
bstl:BBJ41_03965	ko:K02030
bstl:BBJ41_03975	ko:K10536
bstl:BBJ41_03980	ko:K10536
bstl:BBJ41_03985	ko:K02055
bstl:BBJ41_03990	ko:K12251
bstl:BBJ41_03995	ko:K10536
bstl:BBJ41_04000	ko:K03566
bstl:BBJ41_04005	ko:K03761
bstl:BBJ41_04010	ko:K06415
bstl:BBJ41_04015	ko:K09786
bstl:BBJ41_04020	ko:K07180
bstl:BBJ41_04025	ko:K05874
bstl:BBJ41_04030	ko:K00852
bstl:BBJ41_04035	ko:K02529
bstl:BBJ41_04040	ko:K10440
bstl:BBJ41_04045	ko:K10441
bstl:BBJ41_04050	ko:K10439
bstl:BBJ41_04060	ko:K13635
bstl:BBJ41_04065	ko:K02045
bstl:BBJ41_04070	ko:K02047
bstl:BBJ41_04075	ko:K02046
bstl:BBJ41_04080	ko:K23163
bstl:BBJ41_04085	ko:K01356
bstl:BBJ41_04105	ko:K09695
bstl:BBJ41_04110	ko:K09694
bstl:BBJ41_04120	ko:K07089
bstl:BBJ41_04125	ko:K06917
bstl:BBJ41_04175	ko:K04750
bstl:BBJ41_04225	ko:K14226
bstl:BBJ41_04230	ko:K05539
bstl:BBJ41_04250	ko:K15555
bstl:BBJ41_04255	ko:K15554
bstl:BBJ41_04260	ko:K04091
bstl:BBJ41_04265	ko:K07481
bstl:BBJ41_04280	ko:K03297
bstl:BBJ41_04290	ko:K14230
bstl:BBJ41_04300	ko:K00684
bstl:BBJ41_04305	ko:K21420
bstl:BBJ41_04310	ko:K00254
bstl:BBJ41_04315	ko:K02424
bstl:BBJ41_04320	ko:K10009
bstl:BBJ41_04335	ko:K01807
bstl:BBJ41_04340	ko:K11066
bstl:BBJ41_04345	ko:K03218
bstl:BBJ41_04350	ko:K12573
bstl:BBJ41_04355	ko:K14228
bstl:BBJ41_04365	ko:K03446
bstl:BBJ41_04370	ko:K15553
bstl:BBJ41_04375	ko:K14228
bstl:BBJ41_04380	ko:K03809
bstl:BBJ41_04385	ko:K14228
bstl:BBJ41_04395	ko:K10441
bstl:BBJ41_04400	ko:K10440
bstl:BBJ41_04405	ko:K10439
bstl:BBJ41_04410	ko:K00847
bstl:BBJ41_04430	ko:K08178
bstl:BBJ41_04440	ko:K01897
bstl:BBJ41_04455	ko:K03666
bstl:BBJ41_04470	ko:K27080
bstl:BBJ41_04480	ko:K27079
bstl:BBJ41_04485	ko:K12511
bstl:BBJ41_04490	ko:K12510
bstl:BBJ41_04495	ko:K02283
bstl:BBJ41_04500	ko:K02282
bstl:BBJ41_04505	ko:K02280
bstl:BBJ41_04510	ko:K02279
bstl:BBJ41_04515	ko:K12513
bstl:BBJ41_04525	ko:K02651
bstl:BBJ41_04555	ko:K06916
bstl:BBJ41_04560	ko:K00382
bstl:BBJ41_04565	ko:K00658
bstl:BBJ41_04570	ko:K00164
bstl:BBJ41_04575	ko:K06207
bstl:BBJ41_04585	ko:K18139
bstl:BBJ41_04590	ko:K03543
bstl:BBJ41_04595	ko:K03446
bstl:BBJ41_04600	ko:K03177
bstl:BBJ41_04605	ko:K02834
bstl:BBJ41_04610	ko:K02519
bstl:BBJ41_04615	ko:K02600
bstl:BBJ41_04620	ko:K09748
bstl:BBJ41_04625	ko:K06178
bstl:BBJ41_04630	ko:K06024
bstl:BBJ41_04645	ko:K07492
bstl:BBJ41_04680	ko:K07287
bstl:BBJ41_04685	ko:K14232
bstl:BBJ41_04710	ko:K04764
bstl:BBJ41_04715	ko:K01890
bstl:BBJ41_04720	ko:K01889
bstl:BBJ41_04725	ko:K02887
bstl:BBJ41_04730	ko:K02916
bstl:BBJ41_04735	ko:K02520
bstl:BBJ41_04740	ko:K01868
bstl:BBJ41_04745	ko:K14237
bstl:BBJ41_04750	ko:K00951
bstl:BBJ41_04765	ko:K01029
bstl:BBJ41_04770	ko:K01028
bstl:BBJ41_04780	ko:K07107
bstl:BBJ41_04790	ko:K00311
bstl:BBJ41_04795	ko:K01736
bstl:BBJ41_04815	ko:K07058
bstl:BBJ41_04820	ko:K03809
bstl:BBJ41_04845	ko:K18139
bstl:BBJ41_04865	ko:K03406
bstl:BBJ41_04870	ko:K08223
bstl:BBJ41_04875	ko:K01243
bstl:BBJ41_04880	ko:K03657
bstl:BBJ41_04885	ko:K01873
bstl:BBJ41_04890	ko:K00963
bstl:BBJ41_04920	ko:K04085
bstl:BBJ41_04930	ko:K00140
bstl:BBJ41_04945	ko:K03335
bstl:BBJ41_04950	ko:K00010
bstl:BBJ41_04955	ko:K06605
bstl:BBJ41_04960	ko:K17214
bstl:BBJ41_04965	ko:K17215
bstl:BBJ41_04970	ko:K17213
bstl:BBJ41_04975	ko:K03338
bstl:BBJ41_04980	ko:K03336
bstl:BBJ41_04985	ko:K03335
bstl:BBJ41_04990	ko:K03337
bstl:BBJ41_05000	ko:K00059
bstl:BBJ41_05005	ko:K01996
bstl:BBJ41_05010	ko:K01995
bstl:BBJ41_05015	ko:K01998
bstl:BBJ41_05020	ko:K01997
bstl:BBJ41_05025	ko:K07107
bstl:BBJ41_05045	ko:K01872
bstl:BBJ41_05050	ko:K01041
bstl:BBJ41_05055	ko:K07002
bstl:BBJ41_05060	ko:K04062
bstl:BBJ41_05065	ko:K01886
bstl:BBJ41_05135	ko:K24163
bstl:BBJ41_05160	ko:K00694
bstl:BBJ41_05180	ko:K20543
bstl:BBJ41_05185	ko:K20542
bstl:BBJ41_05190	ko:K20541
bstl:BBJ41_05225	ko:K00981
bstl:BBJ41_05250	ko:K08720
bstl:BBJ41_05260	ko:K18540
bstl:BBJ41_05275	ko:K03300
bstl:BBJ41_05290	ko:K06991
bstl:BBJ41_05305	ko:K02014
bstl:BBJ41_05310	ko:K07165
bstl:BBJ41_05315	ko:K23514
bstl:BBJ41_05345	ko:K02483
bstl:BBJ41_05350	ko:K02484
bstl:BBJ41_05355	ko:K02015
bstl:BBJ41_05360	ko:K02016
bstl:BBJ41_05365	ko:K02013
bstl:BBJ41_05370	ko:K02014
bstl:BBJ41_05385	ko:K04098
bstl:BBJ41_05395	ko:K00217
bstl:BBJ41_05400	ko:K05712
bstl:BBJ41_05415	ko:K00219
bstl:BBJ41_05425	ko:K15977
bstl:BBJ41_05430	ko:K06911
bstl:BBJ41_05440	ko:K00344
bstl:BBJ41_05455	ko:K07303
bstl:BBJ41_05460	ko:K07302
bstl:BBJ41_05475	ko:K00820
bstl:BBJ41_05495	ko:K07493
bstl:BBJ41_05505	ko:K14219
bstl:BBJ41_05510	ko:K06153
bstl:BBJ41_05525	ko:K01895
bstl:BBJ41_05535	ko:K26937
bstl:BBJ41_05540	ko:K22310
bstl:BBJ41_05545	ko:K08296
bstl:BBJ41_05550	ko:K14232
bstl:BBJ41_05560	ko:K01524
bstl:BBJ41_05565	ko:K00937
bstl:BBJ41_05570	ko:K07483
bstl:BBJ41_05575	ko:K07497
bstl:BBJ41_05580	ko:K07636
bstl:BBJ41_05585	ko:K07657
bstl:BBJ41_05590	ko:K02039
bstl:BBJ41_05595	ko:K02036
bstl:BBJ41_05600	ko:K02038
bstl:BBJ41_05605	ko:K02037
bstl:BBJ41_05610	ko:K02040
bstl:BBJ41_05615	ko:K03431
bstl:BBJ41_05620	ko:K00796
bstl:BBJ41_05625	ko:K03798
bstl:BBJ41_05630	ko:K02427
bstl:BBJ41_05635	ko:K07574
bstl:BBJ41_05645	ko:K03624
bstl:BBJ41_05650	ko:K01955
bstl:BBJ41_05655	ko:K11250
bstl:BBJ41_05660	ko:K01956
bstl:BBJ41_05670	ko:K08307
bstl:BBJ41_05675	ko:K01069
bstl:BBJ41_05685	ko:K03469
bstl:BBJ41_05690	ko:K02342
bstl:BBJ41_05695	ko:K09771
bstl:BBJ41_05700	ko:K03762
bstl:BBJ41_05715	ko:K07100
bstl:BBJ41_05725	ko:K00645
bstl:BBJ41_05730	ko:K13930
bstl:BBJ41_05735	ko:K13934
bstl:BBJ41_05740	ko:K13933
bstl:BBJ41_05745	ko:K13932
bstl:BBJ41_05750	ko:K13931
bstl:BBJ41_05755	ko:K13929
bstl:BBJ41_05780	ko:K17735
bstl:BBJ41_05785	ko:K13993
bstl:BBJ41_05790	ko:K13993
bstl:BBJ41_05795	ko:K09981
bstl:BBJ41_05805	ko:K03717
bstl:BBJ41_05815	ko:K17989
bstl:BBJ41_05825	ko:K19577
bstl:BBJ41_05830	ko:K27078
bstl:BBJ41_05835	ko:K07346
bstl:BBJ41_05840	ko:K07347
bstl:BBJ41_05845	ko:K27078
bstl:BBJ41_05860	ko:K06016
bstl:BBJ41_05880	ko:K03457
bstl:BBJ41_05890	ko:K01480
bstl:BBJ41_05905	ko:K21449
bstl:BBJ41_05910	ko:K00382
bstl:BBJ41_05915	ko:K09699
bstl:BBJ41_05920	ko:K00167
bstl:BBJ41_05925	ko:K00166
bstl:BBJ41_05950	ko:K02055
bstl:BBJ41_05955	ko:K02053
bstl:BBJ41_05960	ko:K02053
bstl:BBJ41_05965	ko:K02052
bstl:BBJ41_05970	ko:K03651
bstl:BBJ41_06010	ko:K03147
bstl:BBJ41_06015	ko:K04062
bstl:BBJ41_06035	ko:K15034
bstl:BBJ41_06040	ko:K03581
bstl:BBJ41_06045	ko:K03582
bstl:BBJ41_06050	ko:K03583
bstl:BBJ41_06060	ko:K16234
bstl:BBJ41_06065	ko:K02012
bstl:BBJ41_06070	ko:K02011
bstl:BBJ41_06075	ko:K02010
bstl:BBJ41_06080	ko:K05800
bstl:BBJ41_06085	ko:K07118
bstl:BBJ41_06105	ko:K03320
bstl:BBJ41_06110	ko:K07093
bstl:BBJ41_06115	ko:K20329
bstl:BBJ41_06120	ko:K07799
bstl:BBJ41_06125	ko:K07788
bstl:BBJ41_06130	ko:K07789
bstl:BBJ41_06150	ko:K03564
bstl:BBJ41_06165	ko:K10013
bstl:BBJ41_06170	ko:K05526
bstl:BBJ41_06175	ko:K01484
bstl:BBJ41_06180	ko:K06447
bstl:BBJ41_06185	ko:K00673
bstl:BBJ41_06190	ko:K00673
bstl:BBJ41_06195	ko:K00840
bstl:BBJ41_06200	ko:K21825
bstl:BBJ41_06205	ko:K10017
bstl:BBJ41_06210	ko:K10015
bstl:BBJ41_06215	ko:K10016
bstl:BBJ41_06255	ko:K00868
bstl:BBJ41_06260	ko:K01114
bstl:BBJ41_06265	ko:K01999
bstl:BBJ41_06275	ko:K01706
bstl:BBJ41_06280	ko:K08983
bstl:BBJ41_06295	ko:K06147
bstl:BBJ41_06300	ko:K00697
bstl:BBJ41_06305	ko:K01087
bstl:BBJ41_06310	ko:K07152
bstl:BBJ41_06315	ko:K09796
bstl:BBJ41_06320	ko:K02351
bstl:BBJ41_06325	ko:K02348
bstl:BBJ41_06330	ko:K06911
bstl:BBJ41_06340	ko:K08968
bstl:BBJ41_06345	ko:K01265
bstl:BBJ41_06360	ko:K24217
bstl:BBJ41_06365	ko:K03704
bstl:BBJ41_06370	ko:K02518
bstl:BBJ41_06400	ko:K14222
bstl:BBJ41_06405	ko:K14225
bstl:BBJ41_06410	ko:K14225
bstl:BBJ41_06415	ko:K14225
bstl:BBJ41_06420	ko:K00995
bstl:BBJ41_06425	ko:K03703
bstl:BBJ41_06435	ko:K02356
bstl:BBJ41_06445	ko:K01207
bstl:BBJ41_06450	ko:K00997
bstl:BBJ41_06455	ko:K03474
bstl:BBJ41_06460	ko:K03584
bstl:BBJ41_06465	ko:K03595
bstl:BBJ41_06470	ko:K03685
bstl:BBJ41_06475	ko:K03100
bstl:BBJ41_06480	ko:K03596
bstl:BBJ41_06490	ko:K04771
bstl:BBJ41_06495	ko:K03598
bstl:BBJ41_06500	ko:K03597
bstl:BBJ41_06505	ko:K03088
bstl:BBJ41_06515	ko:K09458
bstl:BBJ41_06520	ko:K02078
bstl:BBJ41_06525	ko:K00059
bstl:BBJ41_06530	ko:K00645
bstl:BBJ41_06535	ko:K00648
bstl:BBJ41_06540	ko:K03621
bstl:BBJ41_06545	ko:K02911
bstl:BBJ41_06550	ko:K07040
bstl:BBJ41_06555	ko:K25422
bstl:BBJ41_06560	ko:K07056
bstl:BBJ41_06565	ko:K04773
bstl:BBJ41_06575	ko:K01091
bstl:BBJ41_06580	ko:K06179
bstl:BBJ41_06585	ko:K08300
bstl:BBJ41_06590	ko:K03639
bstl:BBJ41_06595	ko:K03752
bstl:BBJ41_06600	ko:K03750
bstl:BBJ41_06615	ko:K09760
bstl:BBJ41_06620	ko:K00090
bstl:BBJ41_06630	ko:K00782
bstl:BBJ41_06635	ko:K00763
bstl:BBJ41_06640	ko:K05524
bstl:BBJ41_06645	ko:K14220
bstl:BBJ41_06650	ko:K14220
bstl:BBJ41_06655	ko:K05805
bstl:BBJ41_06665	ko:K26605
bstl:BBJ41_06670	ko:K26606
bstl:BBJ41_06685	ko:K14761
bstl:BBJ41_06690	ko:K26939
bstl:BBJ41_06695	ko:K01679
bstl:BBJ41_06715	ko:K00560
bstl:BBJ41_06730	ko:K00287
bstl:BBJ41_06735	ko:K03592
bstl:BBJ41_06740	ko:K09889
bstl:BBJ41_06745	ko:K03831
bstl:BBJ41_06750	ko:K13288
bstl:BBJ41_06755	ko:K06013
bstl:BBJ41_06760	ko:K06949
bstl:BBJ41_06770	ko:K02227
bstl:BBJ41_06780	ko:K07483
bstl:BBJ41_06785	ko:K07497
bstl:BBJ41_06790	ko:K02884
bstl:BBJ41_06795	ko:K00554
bstl:BBJ41_06800	ko:K02860
bstl:BBJ41_06805	ko:K02959
bstl:BBJ41_06825	ko:K03719
bstl:BBJ41_06830	ko:K00285
bstl:BBJ41_06835	ko:K20035
bstl:BBJ41_06840	ko:K03522
bstl:BBJ41_06845	ko:K03521
bstl:BBJ41_06850	ko:K02073
bstl:BBJ41_06855	ko:K02072
bstl:BBJ41_06860	ko:K02071
bstl:BBJ41_06865	ko:K01054
bstl:BBJ41_06875	ko:K08305
bstl:BBJ41_06880	ko:K12339
bstl:BBJ41_06885	ko:K02237
bstl:BBJ41_06890	ko:K03274
bstl:BBJ41_06895	ko:K21344
bstl:BBJ41_06900	ko:K00012
bstl:BBJ41_06905	ko:K19804
bstl:BBJ41_06910	ko:K08992
bstl:BBJ41_06915	ko:K05788
bstl:BBJ41_06920	ko:K02945
bstl:BBJ41_06925	ko:K00945
bstl:BBJ41_06930	ko:K00800
bstl:BBJ41_06935	ko:K04517
bstl:BBJ41_06945	ko:K00831
bstl:BBJ41_06950	ko:K09924
bstl:BBJ41_06955	ko:K02469
bstl:BBJ41_06960	ko:K03286
bstl:BBJ41_06965	ko:K00568
bstl:BBJ41_06970	ko:K22292
bstl:BBJ41_06975	ko:K15035
bstl:BBJ41_06995	ko:K00127
bstl:BBJ41_07000	ko:K00124
bstl:BBJ41_07005	ko:K00123
bstl:BBJ41_07010	ko:K00126
bstl:BBJ41_07050	ko:K02433
bstl:BBJ41_07055	ko:K03611
bstl:BBJ41_07060	ko:K07402
bstl:BBJ41_07065	ko:K21053
bstl:BBJ41_07075	ko:K01487
bstl:BBJ41_07080	ko:K23541
bstl:BBJ41_07090	ko:K01256
bstl:BBJ41_07095	ko:K03841
bstl:BBJ41_07100	ko:K14234
bstl:BBJ41_07110	ko:K05712
bstl:BBJ41_07135	ko:K02014
bstl:BBJ41_07145	ko:K04093
bstl:BBJ41_07150	ko:K02342
bstl:BBJ41_07155	ko:K03704
bstl:BBJ41_07165	ko:K03285
bstl:BBJ41_07170	ko:K04760
bstl:BBJ41_07175	ko:K14219
bstl:BBJ41_07180	ko:K14219
bstl:BBJ41_07185	ko:K14219
bstl:BBJ41_07190	ko:K01139
bstl:BBJ41_07195	ko:K03060
bstl:BBJ41_07200	ko:K00942
bstl:BBJ41_07210	ko:K00989
bstl:BBJ41_07215	ko:K01519
bstl:BBJ41_07225	ko:K14233
bstl:BBJ41_07240	ko:K03832
bstl:BBJ41_07255	ko:K02841
bstl:BBJ41_07260	ko:K03281
bstl:BBJ41_07270	ko:K03608
bstl:BBJ41_07275	ko:K03609
bstl:BBJ41_07280	ko:K03610
bstl:BBJ41_07290	ko:K00496
bstl:BBJ41_07295	ko:K03406
bstl:BBJ41_07305	ko:K14233
bstl:BBJ41_07310	ko:K01875
bstl:BBJ41_07320	ko:K07478
bstl:BBJ41_07325	ko:K03634
bstl:BBJ41_07330	ko:K03466
bstl:BBJ41_07335	ko:K00384
bstl:BBJ41_07350	ko:K10112
bstl:BBJ41_07355	ko:K17317
bstl:BBJ41_07360	ko:K17316
bstl:BBJ41_07365	ko:K17315
bstl:BBJ41_07370	ko:K00036
bstl:BBJ41_07375	ko:K01057
bstl:BBJ41_07380	ko:K00845
bstl:BBJ41_07395	ko:K01845
bstl:BBJ41_07400	ko:K11752
bstl:BBJ41_07405	ko:K00793
bstl:BBJ41_07420	ko:K09983
bstl:BBJ41_07425	ko:K14652
bstl:BBJ41_07430	ko:K00794
bstl:BBJ41_07435	ko:K03625
bstl:BBJ41_07450	ko:K03182
bstl:BBJ41_07470	ko:K02221
bstl:BBJ41_07475	ko:K09137
bstl:BBJ41_07480	ko:K06199
bstl:BBJ41_07510	ko:K07240
bstl:BBJ41_07515	ko:K07240
bstl:BBJ41_07520	ko:K11264
bstl:BBJ41_07535	ko:K19338
bstl:BBJ41_07545	ko:K06895
bstl:BBJ41_07550	ko:K22209
bstl:BBJ41_07555	ko:K06995
bstl:BBJ41_07560	ko:K14225
bstl:BBJ41_07565	ko:K03439
bstl:BBJ41_07570	ko:K06153
bstl:BBJ41_07580	ko:K06940
bstl:BBJ41_07585	ko:K02495
bstl:BBJ41_07595	ko:K00573
bstl:BBJ41_07605	ko:K11959
bstl:BBJ41_07610	ko:K11960
bstl:BBJ41_07615	ko:K11961
bstl:BBJ41_07620	ko:K11962
bstl:BBJ41_07625	ko:K11963
bstl:BBJ41_07630	ko:K03190
bstl:BBJ41_07635	ko:K01430
bstl:BBJ41_07640	ko:K01429
bstl:BBJ41_07645	ko:K01428
bstl:BBJ41_07650	ko:K03187
bstl:BBJ41_07655	ko:K03188
bstl:BBJ41_07660	ko:K03189
bstl:BBJ41_07665	ko:K02527
bstl:BBJ41_07675	ko:K02841
bstl:BBJ41_07680	ko:K15778
bstl:BBJ41_07700	ko:K01784
bstl:BBJ41_07745	ko:K24258
bstl:BBJ41_07750	ko:K15894
bstl:BBJ41_07755	ko:K00067
bstl:BBJ41_07760	ko:K09691
bstl:BBJ41_07765	ko:K09690
bstl:BBJ41_07785	ko:K00067
bstl:BBJ41_07790	ko:K01790
bstl:BBJ41_07795	ko:K00973
bstl:BBJ41_07800	ko:K01710
bstl:BBJ41_07805	ko:K01525
bstl:BBJ41_07810	ko:K00655
bstl:BBJ41_07815	ko:K01465
bstl:BBJ41_07820	ko:K00609
bstl:BBJ41_07825	ko:K02825
bstl:BBJ41_07830	ko:K07447
bstl:BBJ41_07835	ko:K07735
bstl:BBJ41_07850	ko:K00941
bstl:BBJ41_07855	ko:K04077
bstl:BBJ41_07860	ko:K04078
bstl:BBJ41_07865	ko:K07267
bstl:BBJ41_07875	ko:K16301
bstl:BBJ41_07880	ko:K02012
bstl:BBJ41_07885	ko:K02011
bstl:BBJ41_07890	ko:K02010
bstl:BBJ41_07915	ko:K03088
bstl:BBJ41_07930	ko:K26064
bstl:BBJ41_07935	ko:K10013
bstl:BBJ41_07945	ko:K21829
bstl:BBJ41_07960	ko:K07090
bstl:BBJ41_07970	ko:K07518
bstl:BBJ41_08000	ko:K07402
bstl:BBJ41_08005	ko:K13482
bstl:BBJ41_08010	ko:K13481
bstl:BBJ41_08020	ko:K07497
bstl:BBJ41_08025	ko:K07483
bstl:BBJ41_08035	ko:K07506
bstl:BBJ41_08050	ko:K03778
bstl:BBJ41_08055	ko:K04719
bstl:BBJ41_08060	ko:K19577
bstl:BBJ41_08070	ko:K01555
bstl:BBJ41_08075	ko:K00451
bstl:BBJ41_08080	ko:K08195
bstl:BBJ41_08090	ko:K05712
bstl:BBJ41_08110	ko:K00252
bstl:BBJ41_08115	ko:K24158
bstl:BBJ41_08135	ko:K02655
bstl:BBJ41_08145	ko:K02672
bstl:BBJ41_08155	ko:K07738
bstl:BBJ41_08160	ko:K00600
bstl:BBJ41_08165	ko:K16066
bstl:BBJ41_08170	ko:K07107
bstl:BBJ41_08175	ko:K03562
bstl:BBJ41_08180	ko:K03560
bstl:BBJ41_08185	ko:K03646
bstl:BBJ41_08190	ko:K03641
bstl:BBJ41_08195	ko:K03640
bstl:BBJ41_08205	ko:K14229
bstl:BBJ41_08260	ko:K18991
bstl:BBJ41_08285	ko:K02535
bstl:BBJ41_08320	ko:K07265
bstl:BBJ41_08325	ko:K03273
bstl:BBJ41_08330	ko:K15669
bstl:BBJ41_08335	ko:K03271
bstl:BBJ41_08340	ko:K07031
bstl:BBJ41_08345	ko:K15856
bstl:BBJ41_08380	ko:K09689
bstl:BBJ41_08385	ko:K09688
bstl:BBJ41_08390	ko:K10107
bstl:BBJ41_08395	ko:K01991
bstl:BBJ41_08410	ko:K16011
bstl:BBJ41_08415	ko:K03442
bstl:BBJ41_08420	ko:K03975
bstl:BBJ41_08425	ko:K03572
bstl:BBJ41_08430	ko:K00791
bstl:BBJ41_08435	ko:K18476
bstl:BBJ41_08440	ko:K08151
bstl:BBJ41_08450	ko:K01933
bstl:BBJ41_08455	ko:K10763
bstl:BBJ41_08460	ko:K28842
bstl:BBJ41_08465	ko:K00970
bstl:BBJ41_08470	ko:K00950
bstl:BBJ41_08480	ko:K00606
bstl:BBJ41_08485	ko:K03342
bstl:BBJ41_08490	ko:K03686
bstl:BBJ41_08495	ko:K04043
bstl:BBJ41_08505	ko:K03687
bstl:BBJ41_08510	ko:K04762
bstl:BBJ41_08515	ko:K01772
bstl:BBJ41_08520	ko:K03705
bstl:BBJ41_08525	ko:K00858
bstl:BBJ41_08530	ko:K03631
bstl:BBJ41_08535	ko:K00982
bstl:BBJ41_08545	ko:K11206
bstl:BBJ41_08550	ko:K03568
bstl:BBJ41_08555	ko:K01626
bstl:BBJ41_08560	ko:K05916
bstl:BBJ41_08565	ko:K00798
bstl:BBJ41_08570	ko:K00102
bstl:BBJ41_08575	ko:K00104
bstl:BBJ41_08580	ko:K11472
bstl:BBJ41_08585	ko:K11473
bstl:BBJ41_08590	ko:K06997
bstl:BBJ41_08595	ko:K00286
bstl:BBJ41_08600	ko:K03179
bstl:BBJ41_08605	ko:K07001
bstl:BBJ41_08610	ko:K03782
bstl:BBJ41_08615	ko:K04761
bstl:BBJ41_08620	ko:K03655
bstl:BBJ41_08625	ko:K07568
bstl:BBJ41_08630	ko:K00773
bstl:BBJ41_08635	ko:K03210
bstl:BBJ41_08640	ko:K03072
bstl:BBJ41_08645	ko:K03074
bstl:BBJ41_08650	ko:K03797
bstl:BBJ41_08675	ko:K03808
bstl:BBJ41_08680	ko:K03808
bstl:BBJ41_08685	ko:K06192
bstl:BBJ41_08690	ko:K09857
bstl:BBJ41_08700	ko:K25137
bstl:BBJ41_08715	ko:K06996
bstl:BBJ41_08725	ko:K01501
bstl:BBJ41_08735	ko:K00325
bstl:BBJ41_08740	ko:K00324
bstl:BBJ41_08745	ko:K00324
bstl:BBJ41_08755	ko:K00566
bstl:BBJ41_08770	ko:K01262
bstl:BBJ41_08775	ko:K03185
bstl:BBJ41_08780	ko:K05540
bstl:BBJ41_08785	ko:K03557
bstl:BBJ41_08790	ko:K00602
bstl:BBJ41_08795	ko:K01159
bstl:BBJ41_08800	ko:K03550
bstl:BBJ41_08805	ko:K03551
bstl:BBJ41_08820	ko:K15634
bstl:BBJ41_08825	ko:K07560
bstl:BBJ41_08830	ko:K01866
bstl:BBJ41_08835	ko:K09001
bstl:BBJ41_08840	ko:K15724
bstl:BBJ41_08845	ko:K02996
bstl:BBJ41_08850	ko:K02871
bstl:BBJ41_08860	ko:K07397
bstl:BBJ41_08865	ko:K01978
bstl:BBJ41_08870	ko:K01465
bstl:BBJ41_08885	ko:K10004
bstl:BBJ41_08890	ko:K10002
bstl:BBJ41_08895	ko:K10003
bstl:BBJ41_08900	ko:K10001
bstl:BBJ41_08905	ko:K00261
bstl:BBJ41_08910	ko:K21645
bstl:BBJ41_08920	ko:K01756
bstl:BBJ41_08925	ko:K09471
bstl:BBJ41_08935	ko:K00851
bstl:BBJ41_08940	ko:K03299
bstl:BBJ41_08950	ko:K01690
bstl:BBJ41_08955	ko:K19337
bstl:BBJ41_08960	ko:K08973
bstl:BBJ41_08965	ko:K00147
bstl:BBJ41_08970	ko:K02340
bstl:BBJ41_08975	ko:K03643
bstl:BBJ41_08980	ko:K01869
bstl:BBJ41_08985	ko:K03559
bstl:BBJ41_08990	ko:K03561
bstl:BBJ41_08995	ko:K00215
bstl:BBJ41_09000	ko:K06186
bstl:BBJ41_09005	ko:K03711
bstl:BBJ41_09010	ko:K01483
bstl:BBJ41_09015	ko:K01477
bstl:BBJ41_09020	ko:K11103
bstl:BBJ41_09030	ko:K11921
bstl:BBJ41_09040	ko:K00098
bstl:BBJ41_09050	ko:K08173
bstl:BBJ41_09055	ko:K00046
bstl:BBJ41_09065	ko:K00134
bstl:BBJ41_09070	ko:K00615
bstl:BBJ41_09075	ko:K00797
bstl:BBJ41_09085	ko:K09761
bstl:BBJ41_09100	ko:K01167
bstl:BBJ41_09105	ko:K00029
bstl:BBJ41_09110	ko:K00946
bstl:BBJ41_09115	ko:K01095
bstl:BBJ41_09120	ko:K03743
bstl:BBJ41_09125	ko:K21830
bstl:BBJ41_09130	ko:K01591
bstl:BBJ41_09135	ko:K01785
bstl:BBJ41_09140	ko:K22185
bstl:BBJ41_09145	ko:K10538
bstl:BBJ41_09150	ko:K10539
bstl:BBJ41_09155	ko:K10537
bstl:BBJ41_09165	ko:K01631
bstl:BBJ41_09170	ko:K00883
bstl:BBJ41_09190	ko:K03814
bstl:BBJ41_09195	ko:K00014
bstl:BBJ41_09200	ko:K01147
bstl:BBJ41_09205	ko:K07000
bstl:BBJ41_09210	ko:K02558
bstl:BBJ41_09225	ko:K03786
bstl:BBJ41_09230	ko:K02160
bstl:BBJ41_09235	ko:K01961
bstl:BBJ41_09240	ko:K02687
bstl:BBJ41_09250	ko:K11065
bstl:BBJ41_09255	ko:K00856
bstl:BBJ41_09260	ko:K06077
bstl:BBJ41_09270	ko:K00526
bstl:BBJ41_09275	ko:K00525
bstl:BBJ41_09280	ko:K03806
bstl:BBJ41_09285	ko:K06950
bstl:BBJ41_09295	ko:K03106
bstl:BBJ41_09300	ko:K00760
bstl:BBJ41_09310	ko:K01881
bstl:BBJ41_09315	ko:K08311
bstl:BBJ41_09325	ko:K00931
bstl:BBJ41_09330	ko:K03979
bstl:BBJ41_09335	ko:K02899
bstl:BBJ41_09340	ko:K02888
bstl:BBJ41_09345	ko:K02523
bstl:BBJ41_09350	ko:K14232
bstl:BBJ41_09435	ko:K03427
bstl:BBJ41_09445	ko:K01153
bstl:BBJ41_09450	ko:K03699
bstl:BBJ41_09455	ko:K02652
bstl:BBJ41_09460	ko:K02653
bstl:BBJ41_09465	ko:K02654
bstl:BBJ41_09470	ko:K00859
bstl:BBJ41_09475	ko:K18778
bstl:BBJ41_09480	ko:K09862
bstl:BBJ41_09485	ko:K03574
bstl:BBJ41_09490	ko:K06923
bstl:BBJ41_09495	ko:K00620
bstl:BBJ41_09500	ko:K03070
bstl:BBJ41_09510	ko:K02535
bstl:BBJ41_09515	ko:K24138
bstl:BBJ41_09520	ko:K03531
bstl:BBJ41_09525	ko:K03590
bstl:BBJ41_09530	ko:K03589
bstl:BBJ41_09535	ko:K01921
bstl:BBJ41_09540	ko:K01924
bstl:BBJ41_09545	ko:K02563
bstl:BBJ41_09550	ko:K03588
bstl:BBJ41_09555	ko:K01925
bstl:BBJ41_09560	ko:K01000
bstl:BBJ41_09565	ko:K01929
bstl:BBJ41_09570	ko:K01928
bstl:BBJ41_09575	ko:K03587
bstl:BBJ41_09580	ko:K03586
bstl:BBJ41_09585	ko:K03438
bstl:BBJ41_09590	ko:K03925
bstl:BBJ41_09595	ko:K06134
bstl:BBJ41_09605	ko:K01897
bstl:BBJ41_09610	ko:K07497
bstl:BBJ41_09615	ko:K07497
bstl:BBJ41_09625	ko:K01985
bstl:BBJ41_09630	ko:K01980
bstl:BBJ41_09635	ko:K14218
bstl:BBJ41_09640	ko:K14227
bstl:BBJ41_09645	ko:K01977
bstl:BBJ41_09655	ko:K03781
bstl:BBJ41_09660	ko:K03088
bstl:BBJ41_09685	ko:K14237
bstl:BBJ41_09695	ko:K03088
bstl:BBJ41_09710	ko:K18911
bstl:BBJ41_09730	ko:K01156
bstl:BBJ41_09735	ko:K07316
bstl:BBJ41_09745	ko:K07774
bstl:BBJ41_09750	ko:K07649
bstl:BBJ41_09755	ko:K15554
bstl:BBJ41_09760	ko:K15555
bstl:BBJ41_09765	ko:K15553
bstl:BBJ41_09775	ko:K02421
bstl:BBJ41_09780	ko:K02420
bstl:BBJ41_09785	ko:K02419
bstl:BBJ41_09790	ko:K02418
bstl:BBJ41_09795	ko:K02417
bstl:BBJ41_09800	ko:K02416
bstl:BBJ41_09805	ko:K02415
bstl:BBJ41_09815	ko:K06518
bstl:BBJ41_09825	ko:K03446
bstl:BBJ41_09840	ko:K18139
bstl:BBJ41_09850	ko:K02462
bstl:BBJ41_09855	ko:K02461
bstl:BBJ41_09860	ko:K02460
bstl:BBJ41_09865	ko:K02459
bstl:BBJ41_09870	ko:K02458
bstl:BBJ41_09875	ko:K02457
bstl:BBJ41_09880	ko:K02456
bstl:BBJ41_09885	ko:K02452
bstl:BBJ41_09895	ko:K02454
bstl:BBJ41_09900	ko:K02453
bstl:BBJ41_09915	ko:K03530
bstl:BBJ41_09920	ko:K15461
bstl:BBJ41_09930	ko:K06048
bstl:BBJ41_09940	ko:K01951
bstl:BBJ41_09950	ko:K07117
bstl:BBJ41_09960	ko:K02483
bstl:BBJ41_09970	ko:K01724
bstl:BBJ41_09975	ko:K00500
bstl:BBJ41_09980	ko:K03719
bstl:BBJ41_10000	ko:K01995
bstl:BBJ41_10005	ko:K01996
bstl:BBJ41_10010	ko:K01999
bstl:BBJ41_10015	ko:K01997
bstl:BBJ41_10020	ko:K01998
bstl:BBJ41_10025	ko:K01999
bstl:BBJ41_10030	ko:K01997
bstl:BBJ41_10035	ko:K01995
bstl:BBJ41_10035	ko:K01998
bstl:BBJ41_10040	ko:K01996
bstl:BBJ41_10045	ko:K03495
bstl:BBJ41_10050	ko:K03501
bstl:BBJ41_10055	ko:K03496
bstl:BBJ41_10060	ko:K03497
bstl:BBJ41_10070	ko:K02116
bstl:BBJ41_10075	ko:K02108
bstl:BBJ41_10080	ko:K02110
bstl:BBJ41_10085	ko:K02109
bstl:BBJ41_10090	ko:K02113
bstl:BBJ41_10095	ko:K02111
bstl:BBJ41_10100	ko:K02115
bstl:BBJ41_10105	ko:K02112
bstl:BBJ41_10110	ko:K02114
bstl:BBJ41_10115	ko:K00666
bstl:BBJ41_10120	ko:K01713
bstl:BBJ41_10125	ko:K01599
bstl:BBJ41_10130	ko:K04066
bstl:BBJ41_10135	ko:K13821
bstl:BBJ41_10140	ko:K01999
bstl:BBJ41_10150	ko:K09456
bstl:BBJ41_10160	ko:K14287
bstl:BBJ41_10165	ko:K10013
bstl:BBJ41_10185	ko:K01534
bstl:BBJ41_10195	ko:K13652
bstl:BBJ41_10205	ko:K16238
bstl:BBJ41_10210	ko:K03735
bstl:BBJ41_10215	ko:K03736
bstl:BBJ41_10235	ko:K07006
bstl:BBJ41_10240	ko:K00138
bstl:BBJ41_10245	ko:K07006
bstl:BBJ41_10250	ko:K04033
bstl:BBJ41_10260	ko:K01652
bstl:BBJ41_10265	ko:K18829
bstl:BBJ41_10270	ko:K18828
bstl:BBJ41_10275	ko:K01752
bstl:BBJ41_10285	ko:K00281
bstl:BBJ41_10290	ko:K02437
bstl:BBJ41_10295	ko:K00605
bstl:BBJ41_10315	ko:K03656
bstl:BBJ41_10325	ko:K14219
bstl:BBJ41_10335	ko:K18234
bstl:BBJ41_10350	ko:K20429
bstl:BBJ41_10365	ko:K20533
bstl:BBJ41_10370	ko:K20532
bstl:BBJ41_10375	ko:K20531
bstl:BBJ41_10380	ko:K07344
bstl:BBJ41_10390	ko:K20266
bstl:BBJ41_10395	ko:K20530
bstl:BBJ41_10400	ko:K20529
bstl:BBJ41_10405	ko:K20528
bstl:BBJ41_10410	ko:K20527
bstl:BBJ41_10440	ko:K00023
bstl:BBJ41_10460	ko:K16249
bstl:BBJ41_10465	ko:K16243
bstl:BBJ41_10470	ko:K16244
bstl:BBJ41_10475	ko:K16242
bstl:BBJ41_10480	ko:K16245
bstl:BBJ41_10485	ko:K16246
bstl:BBJ41_10490	ko:K02639
bstl:BBJ41_10495	ko:K00446
bstl:BBJ41_10505	ko:K10217
bstl:BBJ41_10510	ko:K18364
bstl:BBJ41_10515	ko:K18366
bstl:BBJ41_10520	ko:K18365
bstl:BBJ41_10525	ko:K01617
bstl:BBJ41_10530	ko:K01821
bstl:BBJ41_10535	ko:K15760
bstl:BBJ41_10540	ko:K15761
bstl:BBJ41_10545	ko:K15762
bstl:BBJ41_10550	ko:K15763
bstl:BBJ41_10555	ko:K15764
bstl:BBJ41_10565	ko:K07497
bstl:BBJ41_10570	ko:K07497
bstl:BBJ41_10580	ko:K00799
bstl:BBJ41_10590	ko:K06076
bstl:BBJ41_10595	ko:K10216
bstl:BBJ41_10615	ko:K07483
bstl:BBJ41_10620	ko:K07484
bstl:BBJ41_10625	ko:K07484
bstl:BBJ41_10650	ko:K07576
bstl:BBJ41_10670	ko:K09953
bstl:BBJ41_10675	ko:K07497
bstl:BBJ41_10680	ko:K07497
bstl:BBJ41_10710	ko:K03496
bstl:BBJ41_10745	ko:K03892
bstl:BBJ41_10755	ko:K03741
bstl:BBJ41_10760	ko:K03325
bstl:BBJ41_10765	ko:K00537
bstl:BBJ41_10770	ko:K10947
bstl:BBJ41_10775	ko:K07240
bstl:BBJ41_10780	ko:K07486
bstl:BBJ41_10790	ko:K03497
bstl:BBJ41_10815	ko:K07807
bstl:BBJ41_10835	ko:K02423
bstl:BBJ41_10840	ko:K02407
bstl:BBJ41_10845	ko:K02406
bstl:BBJ41_10850	ko:K02970
bstl:BBJ41_10855	ko:K02014
bstl:BBJ41_10865	ko:K01246
bstl:BBJ41_10870	ko:K18676
bstl:BBJ41_10875	ko:K28854
bstl:BBJ41_10880	ko:K06188
bstl:BBJ41_10885	ko:K03746
bstl:BBJ41_10895	ko:K02403
bstl:BBJ41_10900	ko:K02402
bstl:BBJ41_10905	ko:K02556
bstl:BBJ41_10910	ko:K02557
bstl:BBJ41_10915	ko:K03413
bstl:BBJ41_10920	ko:K03407
bstl:BBJ41_10925	ko:K03408
bstl:BBJ41_10930	ko:K05874
bstl:BBJ41_10935	ko:K00575
bstl:BBJ41_10940	ko:K03411
bstl:BBJ41_10945	ko:K03412
bstl:BBJ41_10950	ko:K03413
bstl:BBJ41_10955	ko:K03414
bstl:BBJ41_10985	ko:K02401
bstl:BBJ41_10990	ko:K02400
bstl:BBJ41_10995	ko:K02404
bstl:BBJ41_11000	ko:K04562
bstl:BBJ41_11005	ko:K02405
bstl:BBJ41_11010	ko:K01251
bstl:BBJ41_11015	ko:K08972
bstl:BBJ41_11020	ko:K00297
bstl:BBJ41_11025	ko:K01426
bstl:BBJ41_11035	ko:K00459
bstl:BBJ41_11040	ko:K01999
bstl:BBJ41_11050	ko:K07226
bstl:BBJ41_11055	ko:K03746
bstl:BBJ41_11065	ko:K03719
bstl:BBJ41_11075	ko:K01069
bstl:BBJ41_11080	ko:K03642
bstl:BBJ41_11085	ko:K07056
bstl:BBJ41_11090	ko:K07460
bstl:BBJ41_11095	ko:K03271
bstl:BBJ41_11100	ko:K28369
bstl:BBJ41_11105	ko:K08738
bstl:BBJ41_11110	ko:K14218
bstl:BBJ41_11140	ko:K01706
bstl:BBJ41_11145	ko:K03535
bstl:BBJ41_11155	ko:K00799
bstl:BBJ41_11160	ko:K09965
bstl:BBJ41_11170	ko:K02004
bstl:BBJ41_11175	ko:K02004
bstl:BBJ41_11180	ko:K02003
bstl:BBJ41_11195	ko:K09122
bstl:BBJ41_11205	ko:K05834
bstl:BBJ41_11220	ko:K07275
bstl:BBJ41_11235	ko:K00145
bstl:BBJ41_11240	ko:K03809
bstl:BBJ41_11250	ko:K00762
bstl:BBJ41_11255	ko:K00029
bstl:BBJ41_11260	ko:K04090
bstl:BBJ41_11270	ko:K00457
bstl:BBJ41_11275	ko:K03719
bstl:BBJ41_11295	ko:K02613
bstl:BBJ41_11300	ko:K02612
bstl:BBJ41_11305	ko:K02611
bstl:BBJ41_11310	ko:K02610
bstl:BBJ41_11315	ko:K02609
bstl:BBJ41_11325	ko:K01977
bstl:BBJ41_11330	ko:K14227
bstl:BBJ41_11335	ko:K14218
bstl:BBJ41_11340	ko:K01980
bstl:BBJ41_11345	ko:K01985
bstl:BBJ41_11350	ko:K07497
bstl:BBJ41_11355	ko:K07497
bstl:BBJ41_11370	ko:K14236
bstl:BBJ41_11375	ko:K14225
bstl:BBJ41_11380	ko:K14234
bstl:BBJ41_11385	ko:K02358
bstl:BBJ41_11390	ko:K14235
bstl:BBJ41_11395	ko:K03073
bstl:BBJ41_11400	ko:K02601
bstl:BBJ41_11405	ko:K02867
bstl:BBJ41_11410	ko:K02863
bstl:BBJ41_11415	ko:K02864
bstl:BBJ41_11420	ko:K02935
bstl:BBJ41_11425	ko:K03043
bstl:BBJ41_11430	ko:K03046
bstl:BBJ41_11435	ko:K03654
bstl:BBJ41_11440	ko:K02950
bstl:BBJ41_11445	ko:K02992
bstl:BBJ41_11450	ko:K02355
bstl:BBJ41_11455	ko:K02358
bstl:BBJ41_11460	ko:K02946
bstl:BBJ41_11465	ko:K02906
bstl:BBJ41_11470	ko:K02926
bstl:BBJ41_11475	ko:K02892
bstl:BBJ41_11480	ko:K02886
bstl:BBJ41_11485	ko:K02965
bstl:BBJ41_11490	ko:K02890
bstl:BBJ41_11495	ko:K02982
bstl:BBJ41_11500	ko:K02878
bstl:BBJ41_11505	ko:K02904
bstl:BBJ41_11510	ko:K02961
bstl:BBJ41_11515	ko:K02874
bstl:BBJ41_11520	ko:K02895
bstl:BBJ41_11525	ko:K02931
bstl:BBJ41_11530	ko:K02954
bstl:BBJ41_11535	ko:K02994
bstl:BBJ41_11540	ko:K02933
bstl:BBJ41_11545	ko:K02881
bstl:BBJ41_11550	ko:K02988
bstl:BBJ41_11555	ko:K02907
bstl:BBJ41_11560	ko:K02876
bstl:BBJ41_11565	ko:K03076
bstl:BBJ41_11570	ko:K02518
bstl:BBJ41_11575	ko:K02919
bstl:BBJ41_11580	ko:K02952
bstl:BBJ41_11585	ko:K02948
bstl:BBJ41_11590	ko:K02986
bstl:BBJ41_11595	ko:K03040
bstl:BBJ41_11600	ko:K02879
bstl:BBJ41_11605	ko:K03926
bstl:BBJ41_11610	ko:K04084
bstl:BBJ41_11615	ko:K01698
bstl:BBJ41_11620	ko:K03978
bstl:BBJ41_11630	ko:K07399
bstl:BBJ41_11640	ko:K07147
bstl:BBJ41_11645	ko:K17247
bstl:BBJ41_11655	ko:K06202
bstl:BBJ41_11660	ko:K05366
bstl:BBJ41_11675	ko:K02664
bstl:BBJ41_11680	ko:K02666
bstl:BBJ41_11685	ko:K00891
bstl:BBJ41_11690	ko:K01735
bstl:BBJ41_11695	ko:K01129
bstl:BBJ41_11700	ko:K05813
bstl:BBJ41_11705	ko:K05814
bstl:BBJ41_11710	ko:K05815
bstl:BBJ41_11715	ko:K05816
bstl:BBJ41_11720	ko:K01126
bstl:BBJ41_11725	ko:K07275
bstl:BBJ41_11730	ko:K07481
bstl:BBJ41_11735	ko:K07491
bstl:BBJ41_11740	ko:K00265
bstl:BBJ41_11745	ko:K00266
bstl:BBJ41_11750	ko:K03310
bstl:BBJ41_11755	ko:K01975
bstl:BBJ41_11760	ko:K00285
bstl:BBJ41_11775	ko:K02471
bstl:BBJ41_11780	ko:K03153
bstl:BBJ41_11785	ko:K03154
bstl:BBJ41_11790	ko:K03149
bstl:BBJ41_11795	ko:K00788
bstl:BBJ41_11800	ko:K02065
bstl:BBJ41_11805	ko:K02066
bstl:BBJ41_11810	ko:K02067
bstl:BBJ41_11815	ko:K04754
bstl:BBJ41_11820	ko:K07323
bstl:BBJ41_11825	ko:K07122
bstl:BBJ41_11830	ko:K01990
bstl:BBJ41_11835	ko:K01992
bstl:BBJ41_11845	ko:K00790
bstl:BBJ41_11850	ko:K00765
bstl:BBJ41_11855	ko:K00013
bstl:BBJ41_11860	ko:K00817
bstl:BBJ41_11865	ko:K01693
bstl:BBJ41_11875	ko:K02501
bstl:BBJ41_11880	ko:K01814
bstl:BBJ41_11885	ko:K02500
bstl:BBJ41_11890	ko:K01496
bstl:BBJ41_11895	ko:K01523
bstl:BBJ41_11905	ko:K02503
bstl:BBJ41_11910	ko:K03116
bstl:BBJ41_11915	ko:K03117
bstl:BBJ41_11920	ko:K03118
bstl:BBJ41_11925	ko:K04772
bstl:BBJ41_11935	ko:K00411
bstl:BBJ41_11940	ko:K00412
bstl:BBJ41_11945	ko:K00413
bstl:BBJ41_11950	ko:K03599
bstl:BBJ41_11955	ko:K03600
bstl:BBJ41_11960	ko:K14234
bstl:BBJ41_11970	ko:K06919
bstl:BBJ41_12000	ko:K14060
bstl:BBJ41_12005	ko:K07481
bstl:BBJ41_12040	ko:K02424
bstl:BBJ41_12045	ko:K11904
bstl:BBJ41_12055	ko:K07481
bstl:BBJ41_12095	ko:K11892
bstl:BBJ41_12105	ko:K07481
bstl:BBJ41_12110	ko:K11906
bstl:BBJ41_12120	ko:K11901
bstl:BBJ41_12125	ko:K11900
bstl:BBJ41_12130	ko:K11903
bstl:BBJ41_12135	ko:K11897
bstl:BBJ41_12140	ko:K11896
bstl:BBJ41_12145	ko:K11895
bstl:BBJ41_12150	ko:K11907
bstl:BBJ41_12155	ko:K11902
bstl:BBJ41_12160	ko:K11904
bstl:BBJ41_12190	ko:K03286
bstl:BBJ41_12195	ko:K11890
bstl:BBJ41_12200	ko:K11891
bstl:BBJ41_12205	ko:K17733
bstl:BBJ41_12240	ko:K01256
bstl:BBJ41_12250	ko:K09946
bstl:BBJ41_12265	ko:K09941
bstl:BBJ41_12285	ko:K04046
bstl:BBJ41_12290	ko:K03704
bstl:BBJ41_12300	ko:K15777
bstl:BBJ41_12305	ko:K03186
bstl:BBJ41_12310	ko:K07390
bstl:BBJ41_12315	ko:K02493
bstl:BBJ41_12320	ko:K02835
bstl:BBJ41_12325	ko:K02492
bstl:BBJ41_12330	ko:K02483
bstl:BBJ41_12340	ko:K01262
bstl:BBJ41_12355	ko:K06020
bstl:BBJ41_12365	ko:K03566
bstl:BBJ41_12375	ko:K11735
bstl:BBJ41_12380	ko:K06942
bstl:BBJ41_12385	ko:K18800
bstl:BBJ41_12390	ko:K03981
bstl:BBJ41_12400	ko:K01118
bstl:BBJ41_12405	ko:K03648
bstl:BBJ41_12415	ko:K01609
bstl:BBJ41_12420	ko:K00766
bstl:BBJ41_12425	ko:K01658
bstl:BBJ41_12430	ko:K01657
bstl:BBJ41_12435	ko:K01091
bstl:BBJ41_12440	ko:K01783
bstl:BBJ41_12445	ko:K06195
bstl:BBJ41_12450	ko:K08304
bstl:BBJ41_12455	ko:K01912
bstl:BBJ41_12460	ko:K02614
bstl:BBJ41_12465	ko:K15866
bstl:BBJ41_12470	ko:K07823
bstl:BBJ41_12480	ko:K01692
bstl:BBJ41_12485	ko:K01977
bstl:BBJ41_12490	ko:K07481
bstl:BBJ41_12495	ko:K01985
bstl:BBJ41_12515	ko:K03497
bstl:BBJ41_12565	ko:K07497
bstl:BBJ41_12610	ko:K07481
bstl:BBJ41_12625	ko:K06131
bstl:BBJ41_12635	ko:K02470
bstl:BBJ41_12640	ko:K02338
bstl:BBJ41_12645	ko:K02313
bstl:BBJ41_12650	ko:K02914
bstl:BBJ41_12655	ko:K03536
bstl:BBJ41_12660	ko:K08998
bstl:BBJ41_12665	ko:K03217
bstl:BBJ41_12675	ko:K03650
bstl:BBJ41_12695	ko:K00657
bstl:BBJ41_12715	ko:K10778
bstl:BBJ41_12720	ko:K01247
bstl:BBJ41_12725	ko:K01919
bstl:BBJ41_12740	ko:K01114
bstl:BBJ41_12755	ko:K03430
bstl:BBJ41_12760	ko:K02011
bstl:BBJ41_12765	ko:K02010
bstl:BBJ41_12770	ko:K02012
bstl:BBJ41_12775	ko:K19670
bstl:BBJ41_12780	ko:K00206
bstl:BBJ41_12785	ko:K02424
bstl:BBJ41_12790	ko:K10009
bstl:BBJ41_12795	ko:K10010
bstl:BBJ41_12905	ko:K14229
bstl:BBJ41_12920	ko:K00058
bstl:BBJ41_12930	ko:K03169
bstl:BBJ41_12940	ko:K04096
bstl:BBJ41_12945	ko:K01462
bstl:BBJ41_12950	ko:K00604
bstl:BBJ41_12960	ko:K03799
bstl:BBJ41_12965	ko:K03500
bstl:BBJ41_12975	ko:K13598
bstl:BBJ41_12980	ko:K13599
bstl:BBJ41_12985	ko:K14231
bstl:BBJ41_12990	ko:K06920
bstl:BBJ41_12995	ko:K10026
bstl:BBJ41_13000	ko:K01737
bstl:BBJ41_13005	ko:K01630
bstl:BBJ41_13015	ko:K05837
bstl:BBJ41_13020	ko:K05515
bstl:BBJ41_13025	ko:K03571
bstl:BBJ41_13030	ko:K03570
bstl:BBJ41_13035	ko:K03569
bstl:BBJ41_13040	ko:K02435
bstl:BBJ41_13045	ko:K02433
bstl:BBJ41_13050	ko:K02434
bstl:BBJ41_13060	ko:K01142
bstl:BBJ41_13065	ko:K13979
bstl:BBJ41_13080	ko:K08218
bstl:BBJ41_13090	ko:K00641
bstl:BBJ41_13100	ko:K05501
bstl:BBJ41_13110	ko:K00930
bstl:BBJ41_13120	ko:K15011
bstl:BBJ41_13125	ko:K15012
bstl:BBJ41_13130	ko:K03667
bstl:BBJ41_13135	ko:K01419
bstl:BBJ41_13140	ko:K06204
bstl:BBJ41_13150	ko:K06969
bstl:BBJ41_13155	ko:K03733
bstl:BBJ41_13160	ko:K09921
bstl:BBJ41_13165	ko:K01778
bstl:BBJ41_13170	ko:K07334
bstl:BBJ41_13175	ko:K21498
bstl:BBJ41_13180	ko:K02517
bstl:BBJ41_13185	ko:K00789
bstl:BBJ41_13205	ko:K19265
bstl:BBJ41_13230	ko:K00154
bstl:BBJ41_13245	ko:K02414
bstl:BBJ41_13250	ko:K02413
bstl:BBJ41_13255	ko:K02412
bstl:BBJ41_13260	ko:K02411
bstl:BBJ41_13265	ko:K02410
bstl:BBJ41_13270	ko:K02409
bstl:BBJ41_13275	ko:K02408
bstl:BBJ41_13280	ko:K02422
bstl:BBJ41_13285	ko:K02423
bstl:BBJ41_13295	ko:K04061
bstl:BBJ41_13300	ko:K09939
bstl:BBJ41_13305	ko:K07402
bstl:BBJ41_13310	ko:K03294
bstl:BBJ41_13315	ko:K07689
bstl:BBJ41_13325	ko:K00528
bstl:BBJ41_13330	ko:K05835
bstl:BBJ41_13345	ko:K28519
bstl:BBJ41_13370	ko:K12368
bstl:BBJ41_13375	ko:K12369
bstl:BBJ41_13380	ko:K12370
bstl:BBJ41_13385	ko:K12371
bstl:BBJ41_13390	ko:K12372
bstl:BBJ41_13395	ko:K09973
bstl:BBJ41_13400	ko:K07160
bstl:BBJ41_13405	ko:K23124
bstl:BBJ41_13410	ko:K23123
bstl:BBJ41_13420	ko:K01934
bstl:BBJ41_13425	ko:K08309
bstl:BBJ41_13435	ko:K00799
bstl:BBJ41_13440	ko:K00974
bstl:BBJ41_13450	ko:K01262
bstl:BBJ41_13460	ko:K02399
bstl:BBJ41_13465	ko:K02398
bstl:BBJ41_13470	ko:K02386
bstl:BBJ41_13475	ko:K02387
bstl:BBJ41_13480	ko:K02388
bstl:BBJ41_13485	ko:K02389
bstl:BBJ41_13490	ko:K02390
bstl:BBJ41_13495	ko:K02391
bstl:BBJ41_13500	ko:K02392
bstl:BBJ41_13505	ko:K02393
bstl:BBJ41_13510	ko:K02394
bstl:BBJ41_13515	ko:K02395
bstl:BBJ41_13520	ko:K21087
bstl:BBJ41_13525	ko:K02396
bstl:BBJ41_13530	ko:K02397
bstl:BBJ41_13535	ko:K09016
bstl:BBJ41_13540	ko:K03566
bstl:BBJ41_13545	ko:K07240
bstl:BBJ41_13550	ko:K07240
bstl:BBJ41_13575	ko:K00383
bstl:BBJ41_13595	ko:K09471
bstl:BBJ41_13610	ko:K11074
bstl:BBJ41_13615	ko:K11075
bstl:BBJ41_13620	ko:K11076
bstl:BBJ41_13625	ko:K11073
bstl:BBJ41_13630	ko:K12256
bstl:BBJ41_13635	ko:K01915
bstl:BBJ41_13640	ko:K07010
bstl:BBJ41_13655	ko:K09472
bstl:BBJ41_13660	ko:K07213
bstl:BBJ41_13670	ko:K07243
bstl:BBJ41_13685	ko:K07726
bstl:BBJ41_13695	ko:K00820
bstl:BBJ41_13700	ko:K04042
bstl:BBJ41_13705	ko:K14058
bstl:BBJ41_13710	ko:K01633
bstl:BBJ41_13735	ko:K00847
bstl:BBJ41_13740	ko:K29027
bstl:BBJ41_13755	ko:K14347
bstl:BBJ41_13775	ko:K07497
bstl:BBJ41_13780	ko:K07483
bstl:BBJ41_13785	ko:K00459
bstl:BBJ41_13790	ko:K01561
bstl:BBJ41_13795	ko:K03719
bstl:BBJ41_13810	ko:K06938
bstl:BBJ41_13820	ko:K01640
bstl:BBJ41_13825	ko:K12972
bstl:BBJ41_13830	ko:K07002
bstl:BBJ41_13835	ko:K01114
bstl:BBJ41_13845	ko:K03566
bstl:BBJ41_13850	ko:K00799
bstl:BBJ41_13870	ko:K28279
bstl:BBJ41_13875	ko:K01714
bstl:BBJ41_13885	ko:K02048
bstl:BBJ41_13895	ko:K08715
bstl:BBJ41_13900	ko:K00799
bstl:BBJ41_13910	ko:K04090
bstl:BBJ41_13915	ko:K24163
bstl:BBJ41_13935	ko:K06201
bstl:BBJ41_13940	ko:K06229
bstl:BBJ41_13960	ko:K01961
bstl:BBJ41_13965	ko:K02160
bstl:BBJ41_13970	ko:K07160
bstl:BBJ41_13980	ko:K01012
bstl:BBJ41_13985	ko:K01935
bstl:BBJ41_13990	ko:K00652
bstl:BBJ41_13995	ko:K00833
bstl:BBJ41_14005	ko:K09858
bstl:BBJ41_14015	ko:K01673
bstl:BBJ41_14020	ko:K00906
bstl:BBJ41_14035	ko:K12368
bstl:BBJ41_14045	ko:K03673
bstl:BBJ41_14055	ko:K01887
bstl:BBJ41_14065	ko:K00548
bstl:BBJ41_14070	ko:K00548
bstl:BBJ41_14090	ko:K16171
bstl:BBJ41_14105	ko:K07001
bstl:BBJ41_14115	ko:K21345
bstl:BBJ41_14125	ko:K03525
bstl:BBJ41_14130	ko:K03524
bstl:BBJ41_14145	ko:K01119
bstl:BBJ41_14150	ko:K02066
bstl:BBJ41_14155	ko:K02065
bstl:BBJ41_14160	ko:K02067
bstl:BBJ41_14165	ko:K18480
bstl:BBJ41_14180	ko:K07018
bstl:BBJ41_14185	ko:K07258
bstl:BBJ41_14190	ko:K00824
bstl:BBJ41_14195	ko:K09158
bstl:BBJ41_14200	ko:K03566
bstl:BBJ41_14210	ko:K03801
bstl:BBJ41_14215	ko:K03644
bstl:BBJ41_14220	ko:K15551
bstl:BBJ41_14225	ko:K10831
bstl:BBJ41_14230	ko:K15552
bstl:BBJ41_14235	ko:K00681
bstl:BBJ41_14245	ko:K07516
bstl:BBJ41_14255	ko:K28556
bstl:BBJ41_14270	ko:K14393
bstl:BBJ41_14275	ko:K11103
bstl:BBJ41_14280	ko:K10125
bstl:BBJ41_14285	ko:K10126
bstl:BBJ41_14300	ko:K07391
bstl:BBJ41_14305	ko:K09806
bstl:BBJ41_14310	ko:K04752
bstl:BBJ41_14315	ko:K03320
bstl:BBJ41_14320	ko:K01919
bstl:BBJ41_14325	ko:K01920
bstl:BBJ41_14330	ko:K02793
bstl:BBJ41_14335	ko:K02784
bstl:BBJ41_14340	ko:K08483
bstl:BBJ41_14350	ko:K03797
bstl:BBJ41_14355	ko:K01834
bstl:BBJ41_14365	ko:K03676
bstl:BBJ41_14370	ko:K03071
bstl:BBJ41_14375	ko:K00057
bstl:BBJ41_14380	ko:K23518
bstl:BBJ41_14385	ko:K03216
bstl:BBJ41_14395	ko:K02169
bstl:BBJ41_14405	ko:K02275
bstl:BBJ41_14410	ko:K02274
bstl:BBJ41_14415	ko:K02258
bstl:BBJ41_14425	ko:K02276
bstl:BBJ41_14435	ko:K14998
bstl:BBJ41_14445	ko:K02259
bstl:BBJ41_14450	ko:K02257
bstl:BBJ41_14455	ko:K07152
bstl:BBJ41_14465	ko:K03406
bstl:BBJ41_14470	ko:K02073
bstl:BBJ41_14480	ko:K01989
bstl:BBJ41_14485	ko:K05832
bstl:BBJ41_14490	ko:K05833
bstl:BBJ41_14495	ko:K14160
bstl:BBJ41_14500	ko:K14161
bstl:BBJ41_14510	ko:K14162
bstl:BBJ41_14530	ko:K07497
bstl:BBJ41_14535	ko:K07497
bstl:BBJ41_14560	ko:K07483
bstl:BBJ41_14575	ko:K07497
bstl:BBJ41_14580	ko:K07497
bstl:BBJ41_14590	ko:K02053
bstl:BBJ41_14595	ko:K02052
bstl:BBJ41_14600	ko:K02055
bstl:BBJ41_14605	ko:K02054
bstl:BBJ41_14635	ko:K24967
bstl:BBJ41_14640	ko:K01443
bstl:BBJ41_14645	ko:K00820
bstl:BBJ41_14650	ko:K23993
bstl:BBJ41_14655	ko:K02804
bstl:BBJ41_14660	ko:K12373
bstl:BBJ41_14665	ko:K00424
bstl:BBJ41_14670	ko:K00426
bstl:BBJ41_14675	ko:K00425
bstl:BBJ41_14685	ko:K03089
bstl:BBJ41_14690	ko:K12976
bstl:BBJ41_14700	ko:K01649
bstl:BBJ41_14710	ko:K01800
bstl:BBJ41_14715	ko:K03110
bstl:BBJ41_14720	ko:K08316
bstl:BBJ41_14725	ko:K00954
bstl:BBJ41_14735	ko:K00817
bstl:BBJ41_14740	ko:K01056
bstl:BBJ41_14745	ko:K02897
bstl:BBJ41_14750	ko:K00948
bstl:BBJ41_14755	ko:K14223
bstl:BBJ41_14760	ko:K00919
bstl:BBJ41_14765	ko:K02494
bstl:BBJ41_14775	ko:K10563
bstl:BBJ41_14780	ko:K03575
bstl:BBJ41_14785	ko:K07157
bstl:BBJ41_14790	ko:K06958
bstl:BBJ41_14795	ko:K06023
bstl:BBJ41_14800	ko:K02806
bstl:BBJ41_14805	ko:K05808
bstl:BBJ41_14810	ko:K03092
bstl:BBJ41_14815	ko:K06861
bstl:BBJ41_14820	ko:K09774
bstl:BBJ41_14825	ko:K11719
bstl:BBJ41_14830	ko:K03270
bstl:BBJ41_14835	ko:K06041
bstl:BBJ41_14840	ko:K03455
bstl:BBJ41_14845	ko:K00759
bstl:BBJ41_14860	ko:K01433
bstl:BBJ41_14870	ko:K03701
bstl:BBJ41_14880	ko:K03111
bstl:BBJ41_14885	ko:K03649
bstl:BBJ41_14890	ko:K03652
bstl:BBJ41_14895	ko:K03496
bstl:BBJ41_14910	ko:K00626
bstl:BBJ41_14915	ko:K00023
bstl:BBJ41_14940	ko:K00647
bstl:BBJ41_14975	ko:K02078
bstl:BBJ41_14980	ko:K00059
bstl:BBJ41_14985	ko:K18240
bstl:BBJ41_14995	ko:K07387
bstl:BBJ41_15000	ko:K03303
bstl:BBJ41_15005	ko:K18929
bstl:BBJ41_15010	ko:K00782
bstl:BBJ41_15015	ko:K18928
bstl:BBJ41_15025	ko:K06132
bstl:BBJ41_15060	ko:K05520
bstl:BBJ41_15075	ko:K06015
bstl:BBJ41_15090	ko:K06879
bstl:BBJ41_15095	ko:K01754
bstl:BBJ41_15115	ko:K03183
bstl:BBJ41_15125	ko:K03690
bstl:BBJ41_15130	ko:K03688
bstl:BBJ41_15150	ko:K01876
bstl:BBJ41_15155	ko:K08310
bstl:BBJ41_15160	ko:K06131
bstl:BBJ41_15170	ko:K20035
bstl:BBJ41_15175	ko:K07516
bstl:BBJ41_15180	ko:K00632
bstl:BBJ41_15190	ko:K02379
bstl:BBJ41_15200	ko:K10806
bstl:BBJ41_15205	ko:K24821
bstl:BBJ41_15210	ko:K00992
bstl:BBJ41_15215	ko:K07102
bstl:BBJ41_15220	ko:K04744
bstl:BBJ41_15225	ko:K03771
bstl:BBJ41_15230	ko:K00097
bstl:BBJ41_15235	ko:K02528
bstl:BBJ41_15245	ko:K01759
bstl:BBJ41_15255	ko:K00655
bstl:BBJ41_15260	ko:K03273
bstl:BBJ41_15265	ko:K01879
bstl:BBJ41_15280	ko:K03820
bstl:BBJ41_15285	ko:K06189
bstl:BBJ41_15290	ko:K07232
bstl:BBJ41_15295	ko:K07042
bstl:BBJ41_15300	ko:K06217
bstl:BBJ41_15305	ko:K06168
bstl:BBJ41_15315	ko:K19577
bstl:BBJ41_15325	ko:K02858
bstl:BBJ41_15335	ko:K06606
bstl:BBJ41_15340	ko:K02529
bstl:BBJ41_15345	ko:K02440
bstl:BBJ41_15350	ko:K00864
bstl:BBJ41_15355	ko:K00111
bstl:BBJ41_15370	ko:K02444
bstl:BBJ41_15375	ko:K00681
bstl:BBJ41_15390	ko:K11927
bstl:BBJ41_15405	ko:K07245
bstl:BBJ41_15410	ko:K01684
bstl:BBJ41_15420	ko:K09984
bstl:BBJ41_15435	ko:K07136
bstl:BBJ41_15440	ko:K14057
bstl:BBJ41_15450	ko:K01426
bstl:BBJ41_15470	ko:K18199
bstl:BBJ41_15480	ko:K18900
bstl:BBJ41_15505	ko:K14230
bstl:BBJ41_15520	ko:K02483
bstl:BBJ41_15525	ko:K03553
bstl:BBJ41_15530	ko:K03565
bstl:BBJ41_15540	ko:K01903
bstl:BBJ41_15545	ko:K01902
bstl:BBJ41_15555	ko:K02650
bstl:BBJ41_15565	ko:K03832
bstl:BBJ41_15585	ko:K11904
bstl:BBJ41_15615	ko:K03637
bstl:BBJ41_15620	ko:K01423
bstl:BBJ41_15630	ko:K07019
bstl:BBJ41_15640	ko:K02843
bstl:BBJ41_15650	ko:K00826
bstl:BBJ41_15655	ko:K26605
bstl:BBJ41_15660	ko:K26606
bstl:BBJ41_15665	ko:K00927
bstl:BBJ41_15670	ko:K00873
bstl:BBJ41_15675	ko:K01624
bstl:BBJ41_15680	ko:K01923
bstl:BBJ41_15685	ko:K01588
bstl:BBJ41_15690	ko:K01589
bstl:BBJ41_15695	ko:K07566
bstl:BBJ41_15710	ko:K07259
bstl:BBJ41_15715	ko:K02483
bstl:BBJ41_15720	ko:K02484
bstl:BBJ41_15725	ko:K04771
bstl:BBJ41_15740	ko:K09386
bstl:BBJ41_15755	ko:K03577
bstl:BBJ41_15760	ko:K03585
bstl:BBJ41_15765	ko:K18138
bstl:BBJ41_15770	ko:K18139
bstl:BBJ41_15775	ko:K24206
bstl:BBJ41_15780	ko:K00854
bstl:BBJ41_15785	ko:K00121
bstl:BBJ41_15790	ko:K01070
bstl:BBJ41_15795	ko:K02075
bstl:BBJ41_15800	ko:K02074
bstl:BBJ41_15805	ko:K02077
bstl:BBJ41_15810	ko:K09823
bstl:BBJ41_15815	ko:K21620
bstl:BBJ41_15820	ko:K00847
bstl:BBJ41_15825	ko:K16371
bstl:BBJ41_15830	ko:K10227
bstl:BBJ41_15835	ko:K10228
bstl:BBJ41_15840	ko:K10229
bstl:BBJ41_15850	ko:K10111
bstl:BBJ41_15875	ko:K00854
bstl:BBJ41_15880	ko:K00007
bstl:BBJ41_15890	ko:K01576
bstl:BBJ41_15895	ko:K00141
bstl:BBJ41_15900	ko:K00077
bstl:BBJ41_15905	ko:K08195
bstl:BBJ41_15910	ko:K00453
bstl:BBJ41_15915	ko:K01556
bstl:BBJ41_15920	ko:K07130
bstl:BBJ41_15925	ko:K03719
bstl:BBJ41_15940	ko:K17285
bstl:BBJ41_15950	ko:K07304
bstl:BBJ41_15960	ko:K00574
bstl:BBJ41_15965	ko:K00275
bstl:BBJ41_15970	ko:K22132
bstl:BBJ41_15975	ko:K05838
bstl:BBJ41_15985	ko:K15268
bstl:BBJ41_15990	ko:K01448
bstl:BBJ41_15995	ko:K06925
bstl:BBJ41_16000	ko:K18979
bstl:BBJ41_16005	ko:K00567
bstl:BBJ41_16010	ko:K04763
bstl:BBJ41_16015	ko:K01897
bstl:BBJ41_16025	ko:K08591
bstl:BBJ41_16030	ko:K09767
bstl:BBJ41_16035	ko:K00075
bstl:BBJ41_16040	ko:K00611
bstl:BBJ41_16050	ko:K02968
bstl:BBJ41_16055	ko:K03980
bstl:BBJ41_16070	ko:K00939
bstl:BBJ41_16075	ko:K00979
bstl:BBJ41_16080	ko:K09791
bstl:BBJ41_16085	ko:K00912
bstl:BBJ41_16090	ko:K03601
bstl:BBJ41_16095	ko:K04564
bstl:BBJ41_16100	ko:K07240
bstl:BBJ41_16105	ko:K10914
bstl:BBJ41_16115	ko:K00077
bstl:BBJ41_16140	ko:K01647
bstl:BBJ41_16150	ko:K24967
bstl:BBJ41_16160	ko:K07241
bstl:BBJ41_16165	ko:K02355
bstl:BBJ41_16170	ko:K09005
bstl:BBJ41_16175	ko:K06181
bstl:BBJ41_16180	ko:K00031
bstl:BBJ41_16185	ko:K00031
bstl:BBJ41_16200	ko:K03704
bstl:BBJ41_16205	ko:K06891
bstl:BBJ41_16210	ko:K03694
bstl:BBJ41_16215	ko:K03293
bstl:BBJ41_16225	ko:K01520
bstl:BBJ41_16230	ko:K13038
bstl:BBJ41_16235	ko:K03101
bstl:BBJ41_16240	ko:K01870
bstl:BBJ41_16245	ko:K11753
bstl:BBJ41_16250	ko:K11175
bstl:BBJ41_16255	ko:K03500
bstl:BBJ41_16265	ko:K00507
bstl:BBJ41_16270	ko:K03517
bstl:BBJ41_16275	ko:K00767
bstl:BBJ41_16280	ko:K00278
bstl:BBJ41_16285	ko:K02913
bstl:BBJ41_16290	ko:K02902
bstl:BBJ41_16295	ko:K03630
bstl:BBJ41_16300	ko:K03774
bstl:BBJ41_16305	ko:K03527
bstl:BBJ41_16315	ko:K01997
bstl:BBJ41_16320	ko:K01998
bstl:BBJ41_16325	ko:K01995
bstl:BBJ41_16330	ko:K01996
bstl:BBJ41_16345	ko:K00821
bstl:BBJ41_16350	ko:K00523
bstl:BBJ41_16365	ko:K06183
bstl:BBJ41_16370	ko:K07156
bstl:BBJ41_16400	ko:K14228
bstl:BBJ41_16405	ko:K01999
bstl:BBJ41_16415	ko:K00381
bstl:BBJ41_16425	ko:K00390
bstl:BBJ41_16430	ko:K00957
bstl:BBJ41_16435	ko:K00956
bstl:BBJ41_16440	ko:K02303
bstl:BBJ41_16445	ko:K03795
bstl:BBJ41_16450	ko:K11720
bstl:BBJ41_16455	ko:K07091
bstl:BBJ41_16460	ko:K01255
bstl:BBJ41_16465	ko:K02339
bstl:BBJ41_16475	ko:K08738
bstl:BBJ41_16480	ko:K01687
bstl:BBJ41_16490	ko:K13292
bstl:BBJ41_16505	ko:K28358
bstl:BBJ41_16510	ko:K09888
bstl:BBJ41_16525	ko:K02013
bstl:BBJ41_16530	ko:K00768
bstl:BBJ41_16535	ko:K02233
bstl:BBJ41_16540	ko:K02226
bstl:BBJ41_16545	ko:K02016
bstl:BBJ41_16550	ko:K02225
bstl:BBJ41_16555	ko:K02227
bstl:BBJ41_16560	ko:K02231
bstl:BBJ41_16565	ko:K02232
bstl:BBJ41_16570	ko:K15977
bstl:BBJ41_16575	ko:K03496
bstl:BBJ41_16580	ko:K01579
bstl:BBJ41_16585	ko:K01918
bstl:BBJ41_16590	ko:K05896
bstl:BBJ41_16600	ko:K07278
bstl:BBJ41_16605	ko:K09800
bstl:BBJ41_16610	ko:K01874
bstl:BBJ41_16620	ko:K03593
bstl:BBJ41_16625	ko:K04565
bstl:BBJ41_16630	ko:K01494
bstl:BBJ41_16635	ko:K01584
bstl:BBJ41_16650	ko:K01755
bstl:BBJ41_16665	ko:K01595
bstl:BBJ41_16670	ko:K01749
bstl:BBJ41_16675	ko:K13543
bstl:BBJ41_16680	ko:K02498
bstl:BBJ41_16700	ko:K00059
bstl:BBJ41_16705	ko:K00128
bstl:BBJ41_16710	ko:K01507
bstl:BBJ41_16715	ko:K07461
bstl:BBJ41_16720	ko:K09919
bstl:BBJ41_16725	ko:K01950
bstl:BBJ41_16730	ko:K04751
bstl:BBJ41_16750	ko:K10017
bstl:BBJ41_16755	ko:K10015
bstl:BBJ41_16760	ko:K10016
bstl:BBJ41_16765	ko:K10014
bstl:BBJ41_16770	ko:K06911
bstl:BBJ41_16780	ko:K07659
bstl:BBJ41_16785	ko:K07638
bstl:BBJ41_16795	ko:K02050
bstl:BBJ41_16800	ko:K02049
bstl:BBJ41_16820	ko:K00697
bstl:BBJ41_16830	ko:K08169
bstl:BBJ41_16850	ko:K08276
bstl:BBJ41_16860	ko:K00059
bstl:BBJ41_16880	ko:K14230
bstl:BBJ41_16885	ko:K14219
bstl:BBJ41_16895	ko:K06223
bstl:BBJ41_16950	ko:K06919
bstl:BBJ41_16960	ko:K07816
bstl:BBJ41_17025	ko:K06903
bstl:BBJ41_17050	ko:K06907
bstl:BBJ41_17055	ko:K06908
bstl:BBJ41_17070	ko:K06906
bstl:BBJ41_17080	ko:K06905
bstl:BBJ41_17100	ko:K06223
bstl:BBJ41_17145	ko:K15738
bstl:BBJ41_17150	ko:K02622
bstl:BBJ41_17155	ko:K02621
bstl:BBJ41_17175	ko:K07240
bstl:BBJ41_17195	ko:K05825
bstl:BBJ41_17215	ko:K04079
bstl:BBJ41_17220	ko:K03181
bstl:BBJ41_17255	ko:K03307
bstl:BBJ41_17265	ko:K04750
bstl:BBJ41_17270	ko:K00616
bstl:BBJ41_17275	ko:K05782
bstl:BBJ41_17280	ko:K09989
bstl:BBJ41_17310	ko:K10773
bstl:BBJ41_17315	ko:K03616
bstl:BBJ41_17325	ko:K05973
bstl:BBJ41_17335	ko:K07404
bstl:BBJ41_17340	ko:K03466
bstl:BBJ41_17350	ko:K08289
bstl:BBJ41_17365	ko:K11927
bstl:BBJ41_17370	ko:K01894
bstl:BBJ41_17375	ko:K07146
bstl:BBJ41_17390	ko:K02849
bstl:BBJ41_17410	ko:K11085
bstl:BBJ41_17440	ko:K09923
bstl:BBJ41_17445	ko:K08301
bstl:BBJ41_17450	ko:K06287
bstl:BBJ41_17455	ko:K00783
bstl:BBJ41_17460	ko:K09710
bstl:BBJ41_17465	ko:K00969
bstl:BBJ41_17470	ko:K00228
bstl:BBJ41_17475	ko:K01945
bstl:BBJ41_17485	ko:K00761
bstl:BBJ41_17490	ko:K00059
bstl:BBJ41_17495	ko:K01734
bstl:BBJ41_17500	ko:K00344
bstl:BBJ41_17510	ko:K01546
bstl:BBJ41_17515	ko:K01547
bstl:BBJ41_17520	ko:K01548
bstl:BBJ41_17525	ko:K07646
bstl:BBJ41_17530	ko:K07667
bstl:BBJ41_17535	ko:K09712
bstl:BBJ41_17540	ko:K11741
bstl:BBJ41_17550	ko:K02004
bstl:BBJ41_17555	ko:K06886
bstl:BBJ41_17590	ko:K00901
bstl:BBJ41_17595	ko:K27597
bstl:BBJ41_17620	ko:K03088
bstl:BBJ41_17625	ko:K01652
bstl:BBJ41_17630	ko:K01653
bstl:BBJ41_17635	ko:K00053
bstl:BBJ41_17640	ko:K01613
bstl:BBJ41_17645	ko:K17103
bstl:BBJ41_17650	ko:K01649
bstl:BBJ41_17660	ko:K01673
bstl:BBJ41_17670	ko:K01999
bstl:BBJ41_17675	ko:K02956
bstl:BBJ41_17680	ko:K00962
bstl:BBJ41_17690	ko:K01803
bstl:BBJ41_17695	ko:K03075
bstl:BBJ41_17700	ko:K14228
bstl:BBJ41_17705	ko:K00330
bstl:BBJ41_17710	ko:K00331
bstl:BBJ41_17715	ko:K00332
bstl:BBJ41_17720	ko:K00333
bstl:BBJ41_17725	ko:K00334
bstl:BBJ41_17730	ko:K00335
bstl:BBJ41_17735	ko:K00336
bstl:BBJ41_17740	ko:K00337
bstl:BBJ41_17745	ko:K00338
bstl:BBJ41_17750	ko:K00339
bstl:BBJ41_17755	ko:K00340
bstl:BBJ41_17760	ko:K00341
bstl:BBJ41_17765	ko:K00342
bstl:BBJ41_17770	ko:K00343
bstl:BBJ41_17780	ko:K01515
bstl:BBJ41_17790	ko:K04118
bstl:BBJ41_17795	ko:K28556
bstl:BBJ41_17810	ko:K11209
bstl:BBJ41_17825	ko:K00799
bstl:BBJ41_17830	ko:K14287
bstl:BBJ41_17835	ko:K07063
bstl:BBJ41_17840	ko:K09861
bstl:BBJ41_17870	ko:K01977
bstl:BBJ41_17875	ko:K14227
bstl:BBJ41_17880	ko:K14218
bstl:BBJ41_17885	ko:K01980
bstl:BBJ41_17890	ko:K01985
bstl:BBJ41_17895	ko:K07497
bstl:BBJ41_17900	ko:K07497
bstl:BBJ41_17905	ko:K19591
bstl:BBJ41_17915	ko:K07115
bstl:BBJ41_17925	ko:K00019
bstl:BBJ41_17930	ko:K00832
bstl:BBJ41_17935	ko:K03702
bstl:BBJ41_17940	ko:K07230
bstl:BBJ41_17950	ko:K07243
bstl:BBJ41_17970	ko:K06911
bstl:BBJ41_17980	ko:K03559
bstl:BBJ41_17985	ko:K03561
bstl:BBJ41_17990	ko:K03832
bstl:BBJ41_17995	ko:K02192
bstl:BBJ41_18000	ko:K01776
bstl:BBJ41_18005	ko:K03594
bstl:BBJ41_18010	ko:K01676
bstl:BBJ41_18025	ko:K01895
bstl:BBJ41_18035	ko:K14393
bstl:BBJ41_18060	ko:K11904
bstl:BBJ41_18065	ko:K14233
bstl:BBJ41_18070	ko:K02014
bstl:BBJ41_18075	ko:K05834
bstl:BBJ41_18095	ko:K09799
bstl:BBJ41_18100	ko:K05795
bstl:BBJ41_18125	ko:K07404
bstl:BBJ41_18140	ko:K00955
bstl:BBJ41_18145	ko:K00957
bstl:BBJ41_18175	ko:K00466
bstl:BBJ41_18180	ko:K00799
bstl:BBJ41_18200	ko:K01703
bstl:BBJ41_18205	ko:K16347
bstl:BBJ41_18210	ko:K01704
bstl:BBJ41_18215	ko:K00052
bstl:BBJ41_18225	ko:K00133
bstl:BBJ41_18230	ko:K02390
bstl:BBJ41_18235	ko:K08086
bstl:BBJ41_18240	ko:K06173
bstl:BBJ41_18245	ko:K01817
bstl:BBJ41_18250	ko:K01696
bstl:BBJ41_18255	ko:K00571
bstl:BBJ41_18260	ko:K01695
bstl:BBJ41_18265	ko:K01963
bstl:BBJ41_18270	ko:K11754
bstl:BBJ41_18275	ko:K03749
bstl:BBJ41_18280	ko:K03558
bstl:BBJ41_18285	ko:K00764
bstl:BBJ41_18290	ko:K10764
bstl:BBJ41_18295	ko:K22252
bstl:BBJ41_18300	ko:K01711
bstl:BBJ41_18330	ko:K00963
bstl:BBJ41_18345	ko:K00984
bstl:BBJ41_18360	ko:K07058
bstl:BBJ41_18365	ko:K00123
bstl:BBJ41_18370	ko:K00123
bstl:BBJ41_18375	ko:K00124
bstl:BBJ41_18380	ko:K00127
bstl:BBJ41_18385	ko:K02380
bstl:BBJ41_18390	ko:K01042
bstl:BBJ41_18395	ko:K03833
bstl:BBJ41_18400	ko:K14238
bstl:BBJ41_18435	ko:K29125
bstl:BBJ41_18440	ko:K01845
bstl:BBJ41_18445	ko:K02052
bstl:BBJ41_18450	ko:K02055
bstl:BBJ41_18455	ko:K02054
bstl:BBJ41_18460	ko:K02053
bstl:BBJ41_18480	ko:K00344
bstl:BBJ41_18485	ko:K15977
bstl:BBJ41_18490	ko:K10680
bstl:BBJ41_18505	ko:K03574
bstl:BBJ41_18520	ko:K16345
bstl:BBJ41_18550	ko:K00864
bstl:BBJ41_18555	ko:K00111
bstl:BBJ41_18560	ko:K00803
bstl:BBJ41_18565	ko:K02443
bstl:BBJ41_18585	ko:K18567
bstl:BBJ41_18595	ko:K01584
bstl:BBJ41_18600	ko:K03756
bstl:BBJ41_18610	ko:K09957
bstl:BBJ41_18615	ko:K15553
bstl:BBJ41_18625	ko:K12368
bstl:BBJ41_18630	ko:K22303
bstl:BBJ41_18635	ko:K22303
bstl:BBJ41_18640	ko:K15555
bstl:BBJ41_18645	ko:K15554
bstl:BBJ41_18650	ko:K15554
bstl:BBJ41_18655	ko:K15553
bstl:BBJ41_18660	ko:K13669
bstl:BBJ41_18665	ko:K20534
bstl:BBJ41_18675	ko:K15553
bstl:BBJ41_18690	ko:K13936
bstl:BBJ41_18700	ko:K16841
bstl:BBJ41_18705	ko:K03457
bstl:BBJ41_18725	ko:K00020
bstl:BBJ41_18730	ko:K00140
bstl:BBJ41_18755	ko:K01560
bstl:BBJ41_18785	ko:K11444
bstl:BBJ41_18790	ko:K13491
bstl:BBJ41_18840	ko:K07256
bstl:BBJ41_18850	ko:K21307
bstl:BBJ41_18855	ko:K21308
bstl:BBJ41_18860	ko:K21309
bstl:BBJ41_18870	ko:K09882
bstl:BBJ41_18875	ko:K09883
bstl:BBJ41_18880	ko:K07090
bstl:BBJ41_18885	ko:K00625
bstl:BBJ41_18890	ko:K03852
bstl:BBJ41_18895	ko:K07255
bstl:BBJ41_18905	ko:K00375
bstl:BBJ41_18915	ko:K00206
bstl:BBJ41_18920	ko:K16090
bstl:BBJ41_18935	ko:K11738
bstl:BBJ41_18940	ko:K06999
bstl:BBJ41_18945	ko:K18829
bstl:BBJ41_18950	ko:K18828
bstl:BBJ41_18975	ko:K03413
bstl:BBJ41_18980	ko:K09936
bstl:BBJ41_19005	ko:K01775
bstl:BBJ41_19015	ko:K03566
bstl:BBJ41_19020	ko:K16014
bstl:BBJ41_19035	ko:K01607
bstl:BBJ41_19045	ko:K03387
bstl:BBJ41_19050	ko:K24119
bstl:BBJ41_19065	ko:K03566
bstl:BBJ41_19070	ko:K01999
bstl:BBJ41_19080	ko:K06016
bstl:BBJ41_19100	ko:K00820
bstl:BBJ41_19110	ko:K11936
bstl:BBJ41_19115	ko:K11931
bstl:BBJ41_19120	ko:K11935
bstl:BBJ41_19135	ko:K21645
bstl:BBJ41_19180	ko:K01259
bstl:BBJ41_19200	ko:K06996
bstl:BBJ41_19205	ko:K03430
bstl:BBJ41_19210	ko:K09459
bstl:BBJ41_19240	ko:K18118
bstl:BBJ41_19245	ko:K03446
bstl:BBJ41_19255	ko:K07126
bstl:BBJ41_19270	ko:K04477
bstl:BBJ41_19275	ko:K03086
bstl:BBJ41_19290	ko:K01687
bstl:BBJ41_19295	ko:K13609
bstl:BBJ41_19300	ko:K13877
bstl:BBJ41_19310	ko:K21062
bstl:BBJ41_19320	ko:K12658
bstl:BBJ41_19325	ko:K21061
bstl:BBJ41_19330	ko:K22550
bstl:BBJ41_19335	ko:K22549
bstl:BBJ41_19345	ko:K00450
bstl:BBJ41_19350	ko:K16165
bstl:BBJ41_19355	ko:K01800
bstl:BBJ41_19360	ko:K22270
bstl:BBJ41_19365	ko:K08195
bstl:BBJ41_19370	ko:K22042
bstl:BBJ41_19375	ko:K07112
bstl:BBJ41_19380	ko:K07112
bstl:BBJ41_19420	ko:K02168
bstl:BBJ41_19430	ko:K13051
bstl:BBJ41_19435	ko:K13892
bstl:BBJ41_19440	ko:K13889
bstl:BBJ41_19445	ko:K13890
bstl:BBJ41_19450	ko:K13891
bstl:BBJ41_19460	ko:K16203
bstl:BBJ41_19475	ko:K00448
bstl:BBJ41_19480	ko:K00449
bstl:BBJ41_19495	ko:K02623
bstl:BBJ41_19515	ko:K03724
bstl:BBJ41_19525	ko:K00681
bstl:BBJ41_19530	ko:K22318
bstl:BBJ41_19545	ko:K01999
bstl:BBJ41_19550	ko:K02448
bstl:BBJ41_19555	ko:K04748
bstl:BBJ41_19560	ko:K22112
bstl:BBJ41_19565	ko:K01426
bstl:BBJ41_19570	ko:K07485
bstl:BBJ41_19575	ko:K12340
bstl:BBJ41_19590	ko:K13409
bstl:BBJ41_19600	ko:K13408
bstl:BBJ41_19610	ko:K22468
bstl:BBJ41_19615	ko:K03746
bstl:BBJ41_19640	ko:K05349
bstl:BBJ41_19660	ko:K01991
bstl:BBJ41_19665	ko:K16692
bstl:BBJ41_19705	ko:K16011
bstl:BBJ41_19710	ko:K02348
bstl:BBJ41_19720	ko:K01192
bstl:BBJ41_19735	ko:K00249
bstl:BBJ41_19765	ko:K02029
bstl:BBJ41_19770	ko:K02028
bstl:BBJ41_19780	ko:K01034
bstl:BBJ41_19785	ko:K01035
bstl:BBJ41_19790	ko:K00626
bstl:BBJ41_19795	ko:K02030
bstl:BBJ41_19800	ko:K06204
bstl:BBJ41_19805	ko:K02347
bstl:BBJ41_19810	ko:K00259
bstl:BBJ41_19820	ko:K06152
bstl:BBJ41_19825	ko:K06151
bstl:BBJ41_19830	ko:K06150
bstl:BBJ41_19835	ko:K26735
bstl:BBJ41_19845	ko:K02058
bstl:BBJ41_19850	ko:K03587
bstl:BBJ41_19870	ko:K05921
bstl:BBJ41_19875	ko:K05921
bstl:BBJ41_19880	ko:K00151
bstl:BBJ41_19885	ko:K00455
bstl:BBJ41_19890	ko:K01826
bstl:BBJ41_19895	ko:K02509
bstl:BBJ41_19900	ko:K02510
bstl:BBJ41_19940	ko:K02010
bstl:BBJ41_19945	ko:K02011
bstl:BBJ41_19950	ko:K02012
bstl:BBJ41_19955	ko:K00375
bstl:BBJ41_19960	ko:K07552
bstl:BBJ41_19965	ko:K07774
bstl:BBJ41_19970	ko:K07649
bstl:BBJ41_19975	ko:K07140
bstl:BBJ41_19980	ko:K15553
bstl:BBJ41_19990	ko:K15555
bstl:BBJ41_19995	ko:K15554
bstl:BBJ41_20000	ko:K15553
bstl:BBJ41_20010	ko:K04091
bstl:BBJ41_20025	ko:K24700
bstl:BBJ41_20035	ko:K01126
bstl:BBJ41_20040	ko:K00801
bstl:BBJ41_20050	ko:K09022
bstl:BBJ41_20060	ko:K01992
bstl:BBJ41_20065	ko:K01990
bstl:BBJ41_20070	ko:K01993
bstl:BBJ41_20090	ko:K00375
bstl:BBJ41_20120	ko:K04064
bstl:BBJ41_20155	ko:K07644
bstl:BBJ41_20160	ko:K07665
bstl:BBJ41_20165	ko:K18903
bstl:BBJ41_20170	ko:K03585
bstl:BBJ41_20175	ko:K18138
bstl:BBJ41_20185	ko:K20034
bstl:BBJ41_20195	ko:K10716
bstl:BBJ41_20200	ko:K05834
bstl:BBJ41_20205	ko:K03719
bstl:BBJ41_20250	ko:K14189
bstl:BBJ41_20255	ko:K07124
bstl:BBJ41_20270	ko:K05913
bstl:BBJ41_20290	ko:K21699
bstl:BBJ41_20295	ko:K00822
bstl:BBJ41_20300	ko:K00140
bstl:BBJ41_20315	ko:K13936
bstl:BBJ41_20385	ko:K03285
bstl:BBJ41_20395	ko:K03281
bstl:BBJ41_20400	ko:K02106
bstl:BBJ41_20410	ko:K27838
bstl:BBJ41_20430	ko:K01114
bstl:BBJ41_20445	ko:K03719
bstl:BBJ41_20450	ko:K11734
bstl:BBJ41_20455	ko:K00832
bstl:BBJ41_20480	ko:K01420
bstl:BBJ41_20490	ko:K19743
bstl:BBJ41_20500	ko:K01999
bstl:BBJ41_20505	ko:K01777
bstl:BBJ41_20510	ko:K05366
bstl:BBJ41_20560	ko:K09705
bstl:BBJ41_20570	ko:K03293
bstl:BBJ41_20595	ko:K03406
bstl:BBJ41_20640	ko:K10844
bstl:BBJ41_20645	ko:K02624
bstl:BBJ41_20650	ko:K00790
bstl:BBJ41_20655	ko:K07451
bstl:BBJ41_20660	ko:K08172
bstl:BBJ41_20665	ko:K00457
bstl:BBJ41_20670	ko:K22347
bstl:BBJ41_20675	ko:K07154
bstl:BBJ41_20680	ko:K15773
bstl:BBJ41_20685	ko:K14652
bstl:BBJ41_20740	ko:K16137
bstl:BBJ41_20745	ko:K23256
bstl:BBJ41_20760	ko:K07303
bstl:BBJ41_20765	ko:K06150
bstl:BBJ41_20770	ko:K00135
bstl:BBJ41_20790	ko:K01626
bstl:BBJ41_20805	ko:K06075
bstl:BBJ41_20810	ko:K01604
bstl:BBJ41_20815	ko:K00021
bstl:BBJ41_20835	ko:K04090
bstl:BBJ41_20845	ko:K05712
bstl:BBJ41_20865	ko:K03929
bstl:BBJ41_20885	ko:K01281
bstl:BBJ41_20895	ko:K07336
bstl:BBJ41_20900	ko:K16090
bstl:BBJ41_20905	ko:K02013
bstl:BBJ41_20910	ko:K02015
bstl:BBJ41_20915	ko:K02016
bstl:BBJ41_20920	ko:K02483
bstl:BBJ41_20935	ko:K03285
bstl:BBJ41_20940	ko:K03640
bstl:BBJ41_20975	ko:K06987
bstl:BBJ41_20980	ko:K13651
bstl:BBJ41_20985	ko:K13655
bstl:BBJ41_20995	ko:K02030
bstl:BBJ41_21005	ko:K28525
bstl:BBJ41_21020	ko:K02030
bstl:BBJ41_21025	ko:K04091
bstl:BBJ41_21030	ko:K15553
bstl:BBJ41_21045	ko:K13953
bstl:BBJ41_21055	ko:K02014
bstl:BBJ41_21060	ko:K03406
bstl:BBJ41_21070	ko:K00697
bstl:BBJ41_21080	ko:K03798
bstl:BBJ41_21110	ko:K05296
bstl:BBJ41_21125	ko:K01596
bstl:BBJ41_21130	ko:K00038
bstl:BBJ41_21165	ko:K02167
bstl:BBJ41_21170	ko:K02002
bstl:BBJ41_21175	ko:K01426
bstl:BBJ41_21180	ko:K19055
bstl:BBJ41_21190	ko:K22589
bstl:BBJ41_21230	ko:K16092
bstl:BBJ41_21255	ko:K03719
bstl:BBJ41_21275	ko:K01486
bstl:BBJ41_21280	ko:K07149
bstl:BBJ41_21300	ko:K02617
bstl:BBJ41_21305	ko:K03522
bstl:BBJ41_21310	ko:K03521
bstl:BBJ41_21320	ko:K16050
bstl:BBJ41_21340	ko:K18364
bstl:BBJ41_21345	ko:K18366
bstl:BBJ41_21350	ko:K18365
bstl:BBJ41_21360	ko:K01114
bstl:BBJ41_21380	ko:K02518
bstl:BBJ41_21385	ko:K03704
bstl:BBJ41_21390	ko:K15982
bstl:BBJ41_21395	ko:K07003
bstl:BBJ41_21405	ko:K00632
bstl:BBJ41_21410	ko:K28224
bstl:BBJ41_21415	ko:K28220
bstl:BBJ41_21420	ko:K28222
bstl:BBJ41_21425	ko:K28221
bstl:BBJ41_21430	ko:K28225
bstl:BBJ41_21435	ko:K00632
bstl:BBJ41_21440	ko:K28231
bstl:BBJ41_21445	ko:K28230
bstl:BBJ41_21450	ko:K28227
bstl:BBJ41_21455	ko:K28226
bstl:BBJ41_21460	ko:K28232
bstl:BBJ41_21465	ko:K28229
bstl:BBJ41_21470	ko:K28228
bstl:BBJ41_21475	ko:K16049
bstl:BBJ41_21485	ko:K07062
bstl:BBJ41_21490	ko:K21495
bstl:BBJ41_21505	ko:K18687
bstl:BBJ41_21510	ko:K15983
bstl:BBJ41_21525	ko:K05898
bstl:BBJ41_21530	ko:K16047
bstl:BBJ41_21590	ko:K03088
bstl:BBJ41_21630	ko:K07090
bstl:BBJ41_21635	ko:K03566
bstl:BBJ41_21640	ko:K01753
bstl:BBJ41_21660	ko:K02055
bstl:BBJ41_21665	ko:K13877
bstl:BBJ41_21670	ko:K13876
bstl:BBJ41_21675	ko:K26399
bstl:BBJ41_21680	ko:K08194
bstl:BBJ41_21690	ko:K13637
bstl:BBJ41_21695	ko:K01686
bstl:BBJ41_21715	ko:K00381
bstl:BBJ41_21730	ko:K14205
bstl:BBJ41_21740	ko:K03297
bstl:BBJ41_21780	ko:K00380
bstl:BBJ41_21785	ko:K00363
bstl:BBJ41_21790	ko:K00362
bstl:BBJ41_21795	ko:K02575
bstl:BBJ41_21800	ko:K02303
bstl:BBJ41_21805	ko:K07183
bstl:BBJ41_21810	ko:K22067
bstl:BBJ41_21830	ko:K16165
bstl:BBJ41_21835	ko:K04771
bstl:BBJ41_21845	ko:K07052
bstl:BBJ41_21855	ko:K00375
bstl:BBJ41_21875	ko:K00004
bstl:BBJ41_21890	ko:K07052
bstl:BBJ41_21895	ko:K23107
bstl:BBJ41_21900	ko:K05595
bstl:BBJ41_21905	ko:K13766
bstl:BBJ41_21910	ko:K01912
bstl:BBJ41_21915	ko:K00074
bstl:BBJ41_21920	ko:K07300
bstl:BBJ41_21935	ko:K18982
bstl:BBJ41_21940	ko:K00058
bstl:BBJ41_21950	ko:K21393
bstl:BBJ41_21955	ko:K11688
bstl:BBJ41_21965	ko:K23274
bstl:BBJ41_21970	ko:K19813
bstl:BBJ41_21985	ko:K03535
bstl:BBJ41_21995	ko:K03892
bstl:BBJ41_22005	ko:K03741
bstl:BBJ41_22010	ko:K03325
bstl:BBJ41_22015	ko:K00537
bstl:BBJ41_22020	ko:K10947
bstl:BBJ41_22025	ko:K07240
bstl:BBJ41_22030	ko:K07486
bstl:BBJ41_22035	ko:K07168
bstl:BBJ41_22045	ko:K03281
bstl:BBJ41_22055	ko:K09913
bstl:BBJ41_22060	ko:K14057
bstl:BBJ41_22065	ko:K01451
bstl:BBJ41_22085	ko:K15977
bstl:BBJ41_22095	ko:K19813
bstl:BBJ41_22100	ko:K23274
bstl:BBJ41_22105	ko:K06894
bstl:BBJ41_22120	ko:K03790
bstl:BBJ41_22135	ko:K14645
bstl:BBJ41_22140	ko:K01531
bstl:BBJ41_22160	ko:K07262
bstl:BBJ41_22180	ko:K03446
bstl:BBJ41_22200	ko:K16053
bstl:BBJ41_22215	ko:K08994
bstl:BBJ41_22230	ko:K03446
bstl:BBJ41_22245	ko:K02035
bstl:BBJ41_22250	ko:K03322
bstl:BBJ41_22255	ko:K01569
bstl:BBJ41_22265	ko:K08641
bstl:BBJ41_22270	ko:K02035
bstl:BBJ41_22275	ko:K02033
bstl:BBJ41_22280	ko:K02034
bstl:BBJ41_22285	ko:K02031
bstl:BBJ41_22290	ko:K02032
bstl:BBJ41_22305	ko:K03566
bstl:BBJ41_22310	ko:K17836
bstl:BBJ41_22315	ko:K06194
bstl:BBJ41_22345	ko:K18900
bstl:BBJ41_22395	ko:K03746
bstl:BBJ41_22405	ko:K24967
bstl:BBJ41_22410	ko:K07106
bstl:BBJ41_22415	ko:K02810
bstl:BBJ41_22435	ko:K06152
bstl:BBJ41_22440	ko:K06151
bstl:BBJ41_22445	ko:K06150
bstl:BBJ41_22470	ko:K13936
bstl:BBJ41_22480	ko:K23256
bstl:BBJ41_22495	ko:K14393
bstl:BBJ41_22510	ko:K01897
bstl:BBJ41_22520	ko:K07481
bstl:BBJ41_22555	ko:K05523
bstl:BBJ41_22565	ko:K11530
bstl:BBJ41_22570	ko:K01759
bstl:BBJ41_22575	ko:K10716
bstl:BBJ41_22595	ko:K05874
bstl:BBJ41_22605	ko:K00344
bstl:BBJ41_22615	ko:K05548
bstl:BBJ41_22635	ko:K15553
bstl:BBJ41_22650	ko:K11927
bstl:BBJ41_22655	ko:K01480
bstl:BBJ41_22675	ko:K07044
bstl:BBJ41_22685	ko:K09957
bstl:BBJ41_22690	ko:K08717
bstl:BBJ41_22700	ko:K01821
bstl:BBJ41_22705	ko:K15371
bstl:BBJ41_22725	ko:K00675
bstl:BBJ41_22735	ko:K01426
bstl:BBJ41_22740	ko:K07481
bstl:BBJ41_22770	ko:K01682
bstl:BBJ41_22775	ko:K06934
bstl:BBJ41_22795	ko:K28762
bstl:BBJ41_22800	ko:K00529
bstl:BBJ41_22815	ko:K06989
bstl:BBJ41_22820	ko:K01652
bstl:BBJ41_22860	ko:K07496
bstl:BBJ41_22865	ko:K05710
bstl:BBJ41_22885	ko:K04771
bstl:BBJ41_22920	ko:K03832
bstl:BBJ41_22925	ko:K03559
bstl:BBJ41_22930	ko:K03561
bstl:BBJ41_22945	ko:K02460
bstl:BBJ41_22965	ko:K07165
bstl:BBJ41_22980	ko:K02457
bstl:BBJ41_22985	ko:K02456
bstl:BBJ41_22990	ko:K02452
bstl:BBJ41_22995	ko:K02455
bstl:BBJ41_23030	ko:K02459
bstl:BBJ41_23035	ko:K02458
bstl:BBJ41_23050	ko:K09019
bstl:BBJ41_23055	ko:K07098
bstl:BBJ41_23065	ko:K15549
bstl:BBJ41_23070	ko:K15547
bstl:BBJ41_23075	ko:K12340
bstl:BBJ41_23080	ko:K07507
bstl:BBJ41_23085	ko:K19666
bstl:BBJ41_23095	ko:K13061
bstl:BBJ41_23115	ko:K01497
bstl:BBJ41_23130	ko:K06140
bstl:BBJ41_23155	ko:K20330
bstl:BBJ41_23180	ko:K13928
bstl:BBJ41_23190	ko:K00038
bstl:BBJ41_23200	ko:K11209
bstl:BBJ41_23215	ko:K00163
bstl:BBJ41_23220	ko:K18300
bstl:BBJ41_23225	ko:K19585
bstl:BBJ41_23230	ko:K19586
bstl:BBJ41_23235	ko:K13639
bstl:BBJ41_23255	ko:K03885
bstl:BBJ41_23270	ko:K00681
bstl:BBJ41_23280	ko:K11892
bstl:BBJ41_23290	ko:K11892
bstl:BBJ41_23320	ko:K11904
bstl:BBJ41_23325	ko:K11893
bstl:BBJ41_23330	ko:K11906
bstl:BBJ41_23335	ko:K11903
bstl:BBJ41_23340	ko:K11900
bstl:BBJ41_23345	ko:K11901
bstl:BBJ41_23350	ko:K11907
bstl:BBJ41_23360	ko:K11898
bstl:BBJ41_23365	ko:K11897
bstl:BBJ41_23370	ko:K11896
bstl:BBJ41_23375	ko:K11895
bstl:BBJ41_23380	ko:K11902
bstl:BBJ41_23385	ko:K02049
bstl:BBJ41_23390	ko:K02050
bstl:BBJ41_23395	ko:K03306
bstl:BBJ41_23420	ko:K07001
bstl:BBJ41_23425	ko:K00058
bstl:BBJ41_23440	ko:K03535
bstl:BBJ41_23445	ko:K01091
bstl:BBJ41_23465	ko:K07124
bstl:BBJ41_23505	ko:K01771
bstl:BBJ41_23515	ko:K02026
bstl:BBJ41_23520	ko:K02025
bstl:BBJ41_23525	ko:K02027
bstl:BBJ41_23550	ko:K12256
bstl:BBJ41_23555	ko:K00146
bstl:BBJ41_23565	ko:K07054
bstl:BBJ41_23625	ko:K09022
bstl:BBJ41_23630	ko:K06143
bstl:BBJ41_23635	ko:K07641
bstl:BBJ41_23640	ko:K07663
bstl:BBJ41_23665	ko:K07659
bstl:BBJ41_23670	ko:K07638
bstl:BBJ41_23680	ko:K00215
bstl:BBJ41_23685	ko:K00059
bstl:BBJ41_23710	ko:K16348
bstl:BBJ41_23715	ko:K00609
bstl:BBJ41_23720	ko:K07062
bstl:BBJ41_23725	ko:K21495
bstl:BBJ41_23730	ko:K16090
bstl:BBJ41_23735	ko:K07126
bstl:BBJ41_23740	ko:K07336
bstl:BBJ41_23745	ko:K28280
bstl:BBJ41_23750	ko:K28279
bstl:BBJ41_23755	ko:K07141
bstl:BBJ41_23765	ko:K24707
bstl:BBJ41_23770	ko:K23271
bstl:BBJ41_23775	ko:K10440
bstl:BBJ41_23780	ko:K10441
bstl:BBJ41_23785	ko:K10439
bstl:BBJ41_23795	ko:K00077
bstl:BBJ41_23800	ko:K03406
bstl:BBJ41_23805	ko:K07687
bstl:BBJ41_23850	ko:K08678
bstl:BBJ41_23855	ko:K12448
bstl:BBJ41_23860	ko:K00012
bstl:BBJ41_23875	ko:K07302
bstl:BBJ41_23880	ko:K07303
bstl:BBJ41_23890	ko:K03225
bstl:BBJ41_23895	ko:K03226
bstl:BBJ41_23900	ko:K03194
bstl:BBJ41_23910	ko:K01953
bstl:BBJ41_23915	ko:K03229
bstl:BBJ41_23920	ko:K03228
bstl:BBJ41_23930	ko:K03224
bstl:BBJ41_23935	ko:K03223
bstl:BBJ41_23940	ko:K04054
bstl:BBJ41_23945	ko:K03222
bstl:BBJ41_23960	ko:K03220
bstl:BBJ41_23965	ko:K03219
bstl:BBJ41_23970	ko:K03227
bstl:BBJ41_23975	ko:K03230
bstl:BBJ41_24000	ko:K07267
bstl:BBJ41_24005	ko:K01194
bstl:BBJ41_24015	ko:K09927
bstl:BBJ41_24030	ko:K19159
bstl:BBJ41_24035	ko:K19158
bstl:BBJ41_24040	ko:K02020
bstl:BBJ41_24045	ko:K01091
bstl:BBJ41_24050	ko:K08995
bstl:BBJ41_24055	ko:K22479
bstl:BBJ41_24065	ko:K01586
bstl:BBJ41_24070	ko:K02424
bstl:BBJ41_24075	ko:K10009
bstl:BBJ41_24080	ko:K10010
bstl:BBJ41_24085	ko:K01760
bstl:BBJ41_24115	ko:K03462
bstl:BBJ41_24120	ko:K13522
bstl:BBJ41_24140	ko:K01611
bstl:BBJ41_24155	ko:K08989
bstl:BBJ41_24160	ko:K00797
bstl:BBJ41_24170	ko:K01448
bstl:BBJ41_24205	ko:K01915
bstl:BBJ41_24215	ko:K09471
bstl:BBJ41_24225	ko:K10974
bstl:BBJ41_24230	ko:K01485
bstl:BBJ41_24235	ko:K09017
bstl:BBJ41_24250	ko:K05297
bstl:BBJ41_24265	ko:K07090
bstl:BBJ41_24270	ko:K11735
bstl:BBJ41_24285	ko:K13574
bstl:BBJ41_24295	ko:K00459
bstl:BBJ41_24310	ko:K13633
bstl:BBJ41_24360	ko:K02483
bstl:BBJ41_24385	ko:K17836
bstl:BBJ41_24390	ko:K17850
bstl:BBJ41_24415	ko:K03569
bstl:BBJ41_24425	ko:K01118
bstl:BBJ41_24430	ko:K02484
bstl:BBJ41_24435	ko:K02483
bstl:BBJ41_24440	ko:K01425
bstl:BBJ41_24520	ko:K07044
bstl:BBJ41_24545	ko:K01166
bstl:BBJ41_24580	ko:K13888
bstl:BBJ41_24585	ko:K05685
bstl:BBJ41_24590	ko:K18139
bstl:BBJ41_24615	ko:K00020
bstl:BBJ41_24620	ko:K00140
bstl:BBJ41_24625	ko:K01895
bstl:BBJ41_24640	ko:K07403
bstl:BBJ41_24665	ko:K07044
bstl:BBJ41_24690	ko:K06901
bstl:BBJ41_24695	ko:K07497
bstl:BBJ41_24700	ko:K07483
bstl:BBJ41_24720	ko:K21405
bstl:BBJ41_24745	ko:K07156
bstl:BBJ41_24750	ko:K09796
bstl:BBJ41_24755	ko:K05834
bstl:BBJ41_24765	ko:K14228
bstl:BBJ41_24775	ko:K08224
bstl:BBJ41_24780	ko:K03559
bstl:BBJ41_24785	ko:K03559
bstl:BBJ41_24790	ko:K03561
bstl:BBJ41_24795	ko:K03832
bstl:BBJ41_24800	ko:K02014
bstl:BBJ41_24830	ko:K12243
bstl:BBJ41_24850	ko:K16088
bstl:BBJ41_24855	ko:K06147
bstl:BBJ41_24865	ko:K12241
bstl:BBJ41_24870	ko:K12240
bstl:BBJ41_24875	ko:K12239
bstl:BBJ41_24880	ko:K12243
bstl:BBJ41_24885	ko:K12238
bstl:BBJ41_24890	ko:K12242
bstl:BBJ41_24895	ko:K04782
bstl:BBJ41_24900	ko:K01851
bstl:BBJ41_24910	ko:K00596
bstl:BBJ41_24950	ko:K01996
bstl:BBJ41_24955	ko:K01995
bstl:BBJ41_24960	ko:K01998
bstl:BBJ41_24965	ko:K01997
bstl:BBJ41_24970	ko:K01999
bstl:BBJ41_24975	ko:K19048
bstl:BBJ41_24990	ko:K07481
bstl:BBJ41_25005	ko:K21021
bstl:BBJ41_25045	ko:K07326
bstl:BBJ41_25050	ko:K07303
bstl:BBJ41_25055	ko:K07302
bstl:BBJ41_25060	ko:K03566
bstl:BBJ41_25070	ko:K07045
bstl:BBJ41_25075	ko:K07045
bstl:BBJ41_25085	ko:K03186
bstl:BBJ41_25095	ko:K24206
bstl:BBJ41_25105	ko:K01799
bstl:BBJ41_25115	ko:K28299
bstl:BBJ41_25130	ko:K11904
bstl:BBJ41_25135	ko:K26064
bstl:BBJ41_25145	ko:K07046
bstl:BBJ41_25150	ko:K10439
bstl:BBJ41_25155	ko:K10440
bstl:BBJ41_25160	ko:K10441
bstl:BBJ41_25165	ko:K18333
bstl:BBJ41_25170	ko:K18334
bstl:BBJ41_25175	ko:K18336
bstl:BBJ41_25180	ko:K18335
bstl:BBJ41_25200	ko:K00471
bstl:BBJ41_25210	ko:K27492
bstl:BBJ41_25215	ko:K17735
bstl:BBJ41_25220	ko:K27837
bstl:BBJ41_25225	ko:K02002
bstl:BBJ41_25230	ko:K07481
bstl:BBJ41_25240	ko:K01775
bstl:BBJ41_25255	ko:K07481
bstl:BBJ41_25265	ko:K02483
bstl:BBJ41_25270	ko:K18138
bstl:BBJ41_25275	ko:K03585
bstl:BBJ41_25280	ko:K18139
bstl:BBJ41_25285	ko:K03285
bstl:BBJ41_25295	ko:K02483
bstl:BBJ41_25305	ko:K02483
bstl:BBJ41_25325	ko:K09936
bstl:BBJ41_25340	ko:K04335
bstl:BBJ41_25345	ko:K06214
bstl:BBJ41_25350	ko:K04338
bstl:BBJ41_25355	ko:K04337
bstl:BBJ41_25360	ko:K00146
bstl:BBJ41_25375	ko:K15228
bstl:BBJ41_25390	ko:K15229
bstl:BBJ41_25395	ko:K04033
bstl:BBJ41_25400	ko:K17736
bstl:BBJ41_25405	ko:K20274
bstl:BBJ41_25410	ko:K05994
bstl:BBJ41_25425	ko:K08720
bstl:BBJ41_25430	ko:K02002
bstl:BBJ41_25435	ko:K01133
bstl:BBJ41_25445	ko:K01433
bstl:BBJ41_25465	ko:K02002
bstl:BBJ41_25470	ko:K21832
bstl:BBJ41_25475	ko:K00479
bstl:BBJ41_25480	ko:K25961
bstl:BBJ41_25485	ko:K25960
bstl:BBJ41_25490	ko:K21834
bstl:BBJ41_25495	ko:K21833
bstl:BBJ41_25505	ko:K01273
bstl:BBJ41_25510	ko:K00600
bstl:BBJ41_25515	ko:K21826
bstl:BBJ41_25535	ko:K00148
bstl:BBJ41_25540	ko:K00065
bstl:BBJ41_25545	ko:K03543
bstl:BBJ41_25555	ko:K12990
bstl:BBJ41_25560	ko:K03446
bstl:BBJ41_25565	ko:K18101
bstl:BBJ41_25575	ko:K18100
bstl:BBJ41_25580	ko:K02167
bstl:BBJ41_25585	ko:K00130
bstl:BBJ41_25590	ko:K00108
bstl:BBJ41_25605	ko:K03429
bstl:BBJ41_25625	ko:K07275
bstl:BBJ41_25645	ko:K01990
bstl:BBJ41_25650	ko:K01992
bstl:BBJ41_25655	ko:K28762
bstl:BBJ41_25700	ko:K01607
bstl:BBJ41_25735	ko:K17103
bstl:BBJ41_25745	ko:K05367
bstl:BBJ41_25750	ko:K06894
bstl:BBJ41_25755	ko:K09808
bstl:BBJ41_25765	ko:K01281
bstl:BBJ41_25770	ko:K03574
bstl:BBJ41_25780	ko:K05845
bstl:BBJ41_25785	ko:K05846
bstl:BBJ41_25790	ko:K05847
bstl:BBJ41_25795	ko:K05846
bstl:BBJ41_25820	ko:K10680
bstl:BBJ41_25825	ko:K01633
bstl:BBJ41_25830	ko:K00305
bstl:BBJ41_25835	ko:K00302
bstl:BBJ41_25840	ko:K00304
bstl:BBJ41_25845	ko:K00303
bstl:BBJ41_25850	ko:K01752
bstl:BBJ41_25865	ko:K08319
bstl:BBJ41_25870	ko:K21948
bstl:BBJ41_25875	ko:K22130
bstl:BBJ41_25885	ko:K22131
bstl:BBJ41_25890	ko:K22025
bstl:BBJ41_25895	ko:K07027
bstl:BBJ41_25910	ko:K07666
bstl:BBJ41_25915	ko:K07645
bstl:BBJ41_25940	ko:K00476
bstl:BBJ41_25950	ko:K03636
bstl:BBJ41_25960	ko:K03566
bstl:BBJ41_25970	ko:K02002
bstl:BBJ41_25975	ko:K21826
bstl:BBJ41_25980	ko:K02001
bstl:BBJ41_25985	ko:K02000
bstl:BBJ41_26010	ko:K00299
bstl:BBJ41_26025	ko:K21449
bstl:BBJ41_26075	ko:K01114
bstl:BBJ41_26085	ko:K01968
bstl:BBJ41_26090	ko:K13766
bstl:BBJ41_26095	ko:K01969
bstl:BBJ41_26100	ko:K00253
bstl:BBJ41_26115	ko:K03862
bstl:BBJ41_26120	ko:K03863
bstl:BBJ41_26130	ko:K26744
bstl:BBJ41_26145	ko:K02014
bstl:BBJ41_26165	ko:K19713
bstl:BBJ41_26185	ko:K05834
bstl:BBJ41_26210	ko:K02483
bstl:BBJ41_26220	ko:K07734
bstl:BBJ41_26225	ko:K00375
bstl:BBJ41_26230	ko:K05366
bstl:BBJ41_26250	ko:K06901
bstl:BBJ41_26265	ko:K03285
bstl:BBJ41_26275	ko:K08369
bstl:BBJ41_26280	ko:K05802
bstl:BBJ41_26285	ko:K26061
bstl:BBJ41_26290	ko:K11733
bstl:BBJ41_26295	ko:K09471
bstl:BBJ41_26310	ko:K02444
bstl:BBJ41_26325	ko:K01916
bstl:BBJ41_26335	ko:K08677
bstl:BBJ41_26345	ko:K03719
bstl:BBJ41_26355	ko:K12255
bstl:BBJ41_26365	ko:K00549
bstl:BBJ41_26370	ko:K03576
bstl:BBJ41_26390	ko:K03306
bstl:BBJ41_26395	ko:K09990
bstl:BBJ41_26405	ko:K07497
bstl:BBJ41_26410	ko:K07497
bstl:BBJ41_26415	ko:K01985
bstl:BBJ41_26420	ko:K01980
bstl:BBJ41_26425	ko:K14218
bstl:BBJ41_26430	ko:K14227
bstl:BBJ41_26435	ko:K01977
bstl:BBJ41_26445	ko:K00206
bstl:BBJ41_26450	ko:K19670
bstl:BBJ41_26455	ko:K11082
bstl:BBJ41_26460	ko:K11083
bstl:BBJ41_26470	ko:K11081
bstl:BBJ41_26475	ko:K03430
bstl:BBJ41_26480	ko:K08194
bstl:BBJ41_26485	ko:K25901
bstl:BBJ41_26490	ko:K03786
bstl:BBJ41_26495	ko:K26400
bstl:BBJ41_26520	ko:K03762
bstl:BBJ41_26525	ko:K15977
bstl:BBJ41_26530	ko:K02431
bstl:BBJ41_26545	ko:K01999
bstl:BBJ41_26550	ko:K03719
bstl:BBJ41_26555	ko:K01708
bstl:BBJ41_26560	ko:K01707
bstl:BBJ41_26580	ko:K13877
bstl:BBJ41_26585	ko:K03535
bstl:BBJ41_26615	ko:K01465
bstl:BBJ41_26625	ko:K01737
bstl:BBJ41_26630	ko:K09007
bstl:BBJ41_26655	ko:K02072
bstl:BBJ41_26660	ko:K02071
bstl:BBJ41_26665	ko:K20938
bstl:BBJ41_26670	ko:K02073
bstl:BBJ41_26675	ko:K11616
bstl:BBJ41_26680	ko:K10125
bstl:BBJ41_26685	ko:K10126
bstl:BBJ41_26705	ko:K01114
bstl:BBJ41_26725	ko:K16137
bstl:BBJ41_26730	ko:K18903
bstl:BBJ41_26735	ko:K18902
bstl:BBJ41_26740	ko:K18901
bstl:BBJ41_26750	ko:K18900
bstl:BBJ41_26755	ko:K07486
bstl:BBJ41_26760	ko:K03746
bstl:BBJ41_26795	ko:K03285
bstl:BBJ41_26800	ko:K07481
bstl:BBJ41_26820	ko:K00375
bstl:BBJ41_26825	ko:K00823
bstl:BBJ41_26830	ko:K00135
bstl:BBJ41_26840	ko:K03776
bstl:BBJ41_26860	ko:K07823
bstl:BBJ41_26865	ko:K02624
bstl:BBJ41_26885	ko:K06987
bstl:BBJ41_26890	ko:K10013
bstl:BBJ41_26895	ko:K14057
bstl:BBJ41_26905	ko:K01451
bstl:BBJ41_26915	ko:K00036
bstl:BBJ41_26925	ko:K19577
bstl:BBJ41_26940	ko:K06222
bstl:BBJ41_26945	ko:K10680
bstl:BBJ41_26965	ko:K06901
bstl:BBJ41_26975	ko:K14057
bstl:BBJ41_26980	ko:K10013
bstl:BBJ41_26985	ko:K06987
bstl:BBJ41_26990	ko:K02073
bstl:BBJ41_27015	ko:K16087
bstl:BBJ41_27020	ko:K07225
bstl:BBJ41_27025	ko:K25132
bstl:BBJ41_27030	ko:K25133
bstl:BBJ41_27035	ko:K10834
bstl:BBJ41_27050	ko:K05366
bstl:BBJ41_27055	ko:K04343
bstl:BBJ41_27060	ko:K00128
bstl:BBJ41_27070	ko:K14977
bstl:BBJ41_27085	ko:K02503
bstl:BBJ41_27100	ko:K00799
bstl:BBJ41_27105	ko:K07071
bstl:BBJ41_27130	ko:K00209
bstl:BBJ41_27195	ko:K00799
bstl:BBJ41_27210	ko:K05596
bstl:BBJ41_27215	ko:K01620
bstl:BBJ41_27230	ko:K00425
bstl:BBJ41_27235	ko:K00426
bstl:BBJ41_27250	ko:K03566
bstl:BBJ41_27285	ko:K17686
bstl:BBJ41_27300	ko:K07507
bstl:BBJ41_27310	ko:K05874
bstl:BBJ41_27320	ko:K06218
bstl:BBJ41_27325	ko:K18923
bstl:BBJ41_27330	ko:K01796
bstl:BBJ41_27345	ko:K09788
bstl:BBJ41_27350	ko:K20455
bstl:BBJ41_27355	ko:K01659
bstl:BBJ41_27360	ko:K03417
bstl:BBJ41_27365	ko:K02688
bstl:BBJ41_27380	ko:K18336
bstl:BBJ41_27400	ko:K09181
bstl:BBJ41_27405	ko:K03746
bstl:BBJ41_27440	ko:K03825
bstl:BBJ41_27445	ko:K01114
bstl:BBJ41_27465	ko:K10823
bstl:BBJ41_27470	ko:K15583
bstl:BBJ41_27475	ko:K15582
bstl:BBJ41_27480	ko:K15581
bstl:BBJ41_27485	ko:K15580
bstl:BBJ41_27495	ko:K03305
bstl:BBJ41_27510	ko:K05786
bstl:BBJ41_27515	ko:K01512
bstl:BBJ41_27520	ko:K00091
bstl:BBJ41_27535	ko:K03527
bstl:BBJ41_27575	ko:K01822
bstl:BBJ41_27580	ko:K08166
bstl:BBJ41_27585	ko:K11068
bstl:BBJ41_27595	ko:K06200
bstl:BBJ41_27600	ko:K01778
bstl:BBJ41_27610	ko:K01626
bstl:BBJ41_27630	ko:K09915
bstl:BBJ41_27640	ko:K16216
bstl:BBJ41_27650	ko:K01714
bstl:BBJ41_27655	ko:K01628
bstl:BBJ41_27665	ko:K05836
bstl:BBJ41_27675	ko:K10014
bstl:BBJ41_27680	ko:K06867
bstl:BBJ41_27715	ko:K03293
bstl:BBJ41_27720	ko:K26064
bstl:BBJ41_27740	ko:K01845
bstl:BBJ41_27750	ko:K01751
bstl:BBJ41_27755	ko:K03719
bstl:BBJ41_27770	ko:K05819
bstl:BBJ41_27775	ko:K12508
bstl:BBJ41_27780	ko:K21802
bstl:BBJ41_27785	ko:K18383
bstl:BBJ41_27795	ko:K13874
bstl:BBJ41_27800	ko:K00799
bstl:BBJ41_27820	ko:K02277
bstl:BBJ41_27825	ko:K02276
bstl:BBJ41_27830	ko:K02276
bstl:BBJ41_27835	ko:K02274
bstl:BBJ41_27840	ko:K02275
bstl:BBJ41_27855	ko:K11474
bstl:BBJ41_27860	ko:K00104
bstl:BBJ41_27865	ko:K11472
bstl:BBJ41_27870	ko:K11473
bstl:BBJ41_27875	ko:K11477
bstl:BBJ41_27880	ko:K01638
bstl:BBJ41_27890	ko:K02480
bstl:BBJ41_27900	ko:K08166
bstl:BBJ41_27910	ko:K07323
bstl:BBJ41_27915	ko:K07003
bstl:BBJ41_27920	ko:K04754
bstl:BBJ41_27930	ko:K06045
bstl:BBJ41_27935	ko:K21677
bstl:BBJ41_27940	ko:K21678
bstl:BBJ41_27960	ko:K03410
bstl:BBJ41_27980	ko:K19784
bstl:BBJ41_27985	ko:K03088
bstl:BBJ41_27995	ko:K00537
bstl:BBJ41_28000	ko:K03496
bstl:BBJ41_28005	ko:K03497
bstl:BBJ41_28035	ko:K00639
bstl:BBJ41_28040	ko:K00060
bstl:BBJ41_28060	ko:K09958
bstl:BBJ41_28065	ko:K07246
bstl:BBJ41_28070	ko:K16135
bstl:BBJ41_28075	ko:K00145
bstl:BBJ41_28090	ko:K07001
bstl:BBJ41_28095	ko:K00019
bstl:BBJ41_28100	ko:K01574
bstl:BBJ41_28105	ko:K19302
bstl:BBJ41_28155	ko:K00004
bstl:BBJ41_28165	ko:K05913
bstl:BBJ41_28210	ko:K06895
bstl:BBJ41_28215	ko:K05596
bstl:BBJ41_28220	ko:K01420
bstl:BBJ41_28245	ko:K00640
bstl:BBJ41_28255	ko:K01495
bstl:BBJ41_28265	ko:K00481
bstl:BBJ41_28270	ko:K01031
bstl:BBJ41_28275	ko:K01032
bstl:BBJ41_28280	ko:K01857
bstl:BBJ41_28285	ko:K01055
bstl:BBJ41_28290	ko:K01607
bstl:BBJ41_28295	ko:K08195
bstl:BBJ41_28380	ko:K03769
bstl:BBJ41_28400	ko:K03928
bstl:BBJ41_28405	ko:K00854
bstl:BBJ41_28415	ko:K10112
bstl:BBJ41_28420	ko:K05351
bstl:BBJ41_28425	ko:K02026
bstl:BBJ41_28430	ko:K02025
bstl:BBJ41_28435	ko:K02027
bstl:BBJ41_28445	ko:K18143
bstl:BBJ41_28450	ko:K18144
bstl:BBJ41_28480	ko:K00249
bstl:BBJ41_28505	ko:K00830
bstl:BBJ41_28525	ko:K01745
bstl:BBJ41_28535	ko:K01712
bstl:BBJ41_28540	ko:K09703
bstl:BBJ41_28550	ko:K01466
bstl:BBJ41_28555	ko:K06016
bstl:BBJ41_28605	ko:K02336
bstl:BBJ41_28620	ko:K07481
bstl:BBJ41_28625	ko:K07126
bstl:BBJ41_28640	ko:K02526
bstl:BBJ41_28645	ko:K01815
bstl:BBJ41_28650	ko:K00065
bstl:BBJ41_28655	ko:K19333
bstl:BBJ41_28660	ko:K26148
bstl:BBJ41_28700	ko:K03885
bstl:BBJ41_28705	ko:K21703
bstl:BBJ41_28715	ko:K07506
bstl:BBJ41_28730	ko:K05782
bstl:BBJ41_28745	ko:K05591
bstl:BBJ41_28755	ko:K00116
bstl:BBJ41_28775	ko:K01999
bstl:BBJ41_28780	ko:K03442
bstl:BBJ41_28795	ko:K13653
bstl:BBJ41_28805	ko:K03885
bstl:BBJ41_28810	ko:K20277
bstl:BBJ41_28815	ko:K20277
bstl:BBJ41_28820	ko:K01649
bstl:BBJ41_28845	ko:K03543
bstl:BBJ41_28850	ko:K03446
bstl:BBJ41_28855	ko:K03892
bstl:BBJ41_28860	ko:K03741
bstl:BBJ41_28865	ko:K03325
bstl:BBJ41_28870	ko:K11811
bstl:BBJ41_28895	ko:K00344
bstl:BBJ41_28905	ko:K06147
bstl:BBJ41_28960	ko:K04487
bstl:BBJ41_28970	ko:K03787
bstl:BBJ41_28975	ko:K26606
bstl:BBJ41_28980	ko:K26605
bstl:BBJ41_28985	ko:K26601
bstl:BBJ41_29015	ko:K07347
bstl:BBJ41_29020	ko:K15540
bstl:BBJ41_29025	ko:K07345
bstl:BBJ41_29040	ko:K07345
bstl:BBJ41_29045	ko:K15540
bstl:BBJ41_29050	ko:K07347
bstl:BBJ41_29055	ko:K07687
bstl:BBJ41_29060	ko:K07677
bstl:BBJ41_29075	ko:K08166
bstl:BBJ41_29090	ko:K03671
bstl:BBJ41_29115	ko:K07126
bstl:BBJ41_29140	ko:K07687
bstl:BBJ41_29150	ko:K01991
bstl:BBJ41_29155	ko:K25307
bstl:BBJ41_29160	ko:K16692
bstl:BBJ41_29165	ko:K01791
bstl:BBJ41_29170	ko:K02472
bstl:BBJ41_29190	ko:K05946
bstl:BBJ41_29200	ko:K01505
bstl:BBJ41_29210	ko:K00163
bstl:BBJ41_29215	ko:K03719
bstl:BBJ41_29220	ko:K00156
bstl:BBJ41_29225	ko:K03826
bstl:BBJ41_29240	ko:K00570
bstl:BBJ41_29245	ko:K01077
bstl:BBJ41_29250	ko:K01077
bstl:BBJ41_29265	ko:K17838
bstl:BBJ41_29275	ko:K02002
bstl:BBJ41_29280	ko:K02001
bstl:BBJ41_29285	ko:K02000
bstl:BBJ41_29320	ko:K01684
bstl:BBJ41_29325	ko:K26602
bstl:BBJ41_29330	ko:K07248
bstl:BBJ41_29335	ko:K03566
bstl:BBJ41_29340	ko:K03566
bstl:BBJ41_29360	ko:K07746
bstl:BBJ41_29370	ko:K08368
bstl:BBJ41_29375	ko:K00135
bstl:BBJ41_29380	ko:K23107
bstl:BBJ41_29385	ko:K10713
bstl:BBJ41_29420	ko:K11921
bstl:BBJ41_29425	ko:K01673
bstl:BBJ41_29430	ko:K01725
bstl:BBJ41_29440	ko:K11076
bstl:BBJ41_29445	ko:K11075
bstl:BBJ41_29450	ko:K11074
bstl:BBJ41_29470	ko:K10013
bstl:BBJ41_29480	ko:K00598
bstl:BBJ41_29500	ko:K01114
bstl:BBJ41_29510	ko:K28842
bstl:BBJ41_29515	ko:K02002
bstl:BBJ41_29520	ko:K07507
bstl:BBJ41_29535	ko:K02019
bstl:BBJ41_29560	ko:K00130
bstl:BBJ41_29565	ko:K12255
bstl:BBJ41_29575	ko:K06995
bstl:BBJ41_29590	ko:K21699
bstl:BBJ41_29605	ko:K11073
bstl:BBJ41_29620	ko:K19200
bstl:BBJ41_29625	ko:K08194
bstl:BBJ41_29645	ko:K00799
bstl:BBJ41_29655	ko:K07796
bstl:BBJ41_29660	ko:K07798
bstl:BBJ41_29665	ko:K07787
bstl:BBJ41_29670	ko:K07810
bstl:BBJ41_29675	ko:K07301
bstl:BBJ41_29690	ko:K06938
bstl:BBJ41_29695	ko:K07644
bstl:BBJ41_29700	ko:K07665
bstl:BBJ41_29720	ko:K22348
bstl:BBJ41_29730	ko:K07156
bstl:BBJ41_29735	ko:K07245
bstl:BBJ41_29740	ko:K07004
bstl:BBJ41_29755	ko:K00799
bstl:BBJ41_29765	ko:K04487
bstl:BBJ41_29775	ko:K10010
bstl:BBJ41_29780	ko:K10009
bstl:BBJ41_29785	ko:K02424
bstl:BBJ41_29790	ko:K01760
bstl:BBJ41_29840	ko:K00128
bstl:BBJ41_29845	ko:K00217
bstl:BBJ41_29850	ko:K09780
bstl:BBJ41_29885	ko:K00820
bstl:BBJ41_29890	ko:K03719
bstl:BBJ41_29895	ko:K00606
bstl:BBJ41_29905	ko:K00567
bstl:BBJ41_29910	ko:K13529
bstl:BBJ41_29915	ko:K08191
bstl:BBJ41_29920	ko:K02529
bstl:BBJ41_29925	ko:K18981
bstl:BBJ41_29960	ko:K07156
bstl:BBJ41_29965	ko:K02014
bstl:BBJ41_30000	ko:K05835
bstl:BBJ41_30005	ko:K00131
bstl:BBJ41_30010	ko:K16090
bstl:BBJ41_30050	ko:K01999
bstl:BBJ41_30075	ko:K21645
bstl:BBJ41_30085	ko:K01779
bstl:BBJ41_30095	ko:K07258
bstl:BBJ41_30105	ko:K01637
bstl:BBJ41_30115	ko:K00029
bstl:BBJ41_30130	ko:K11740
bstl:BBJ41_30155	ko:K05825
bstl:BBJ41_30165	ko:K00275
bstl:BBJ41_30180	ko:K03566
bstl:BBJ41_30190	ko:K03809
bstl:BBJ41_30210	ko:K00054
bstl:BBJ41_30220	ko:K07793
bstl:BBJ41_30245	ko:K01426
bstl:BBJ41_30275	ko:K07326
bstl:BBJ41_30290	ko:K00640
bstl:BBJ41_30305	ko:K11717
bstl:BBJ41_30310	ko:K00930
bstl:BBJ41_30315	ko:K02806
bstl:BBJ41_30335	ko:K05835
bstl:BBJ41_30340	ko:K04077
bstl:BBJ41_30345	ko:K04078
bstl:BBJ41_30355	ko:K03077
bstl:BBJ41_30365	ko:K15554
bstl:BBJ41_30370	ko:K15554
bstl:BBJ41_30375	ko:K15553
bstl:BBJ41_30390	ko:K04091
bstl:BBJ41_30400	ko:K03832
bstl:BBJ41_30405	ko:K03561
bstl:BBJ41_30410	ko:K03559
bstl:BBJ41_30425	ko:K02014
bstl:BBJ41_30435	ko:K13021
bstl:BBJ41_30440	ko:K00059
bstl:BBJ41_30445	ko:K01130
bstl:BBJ41_30450	ko:K13444
bstl:BBJ41_30455	ko:K02073
bstl:BBJ41_30490	ko:K01469
bstl:BBJ41_30495	ko:K14051
bstl:BBJ41_30500	ko:K13816
bstl:BBJ41_30575	ko:K00799
bstl:BBJ41_30580	ko:K20862
bstl:BBJ41_30645	ko:K01750
bstl:BBJ41_30665	ko:K22879
bstl:BBJ41_30680	ko:K01999
bstl:BBJ41_30685	ko:K01997
bstl:BBJ41_30685	ko:K01998
bstl:BBJ41_30690	ko:K01995
bstl:BBJ41_30695	ko:K01996
bstl:BBJ41_30720	ko:K07649
bstl:BBJ41_30725	ko:K07774
bstl:BBJ41_30730	ko:K15553
bstl:BBJ41_30780	ko:K20201
bstl:BBJ41_30810	ko:K03719
bstl:BBJ41_30815	ko:K07002
bstl:BBJ41_30825	ko:K00484
bstl:BBJ41_30835	ko:K00059
bstl:BBJ41_30840	ko:K01426
bstl:BBJ41_30855	ko:K22027
bstl:BBJ41_30865	ko:K01821
bstl:BBJ41_30935	ko:K03285
bstl:BBJ41_30945	ko:K03307
bstl:BBJ41_30965	ko:K03704
bstl:BBJ41_30975	ko:K10013
bstl:BBJ41_30980	ko:K03449
bstl:BBJ41_31000	ko:K18900
bstl:BBJ41_31020	ko:K05835
bstl:BBJ41_31055	ko:K19784
bstl:BBJ41_31080	ko:K01607
bstl:BBJ41_31090	ko:K10215
bstl:BBJ41_31110	ko:K00799
bstl:BBJ41_31125	ko:K02014
bstl:BBJ41_31130	ko:K03811
bstl:BBJ41_31140	ko:K15725
bstl:BBJ41_31145	ko:K15727
bstl:BBJ41_31150	ko:K15726
bstl:BBJ41_31155	ko:K07665
bstl:BBJ41_31160	ko:K07644
bstl:BBJ41_31180	ko:K03554
bstl:BBJ41_31205	ko:K07238
bstl:BBJ41_31210	ko:K01740
bstl:BBJ41_31225	ko:K07074
bstl:BBJ41_31230	ko:K14415
bstl:BBJ41_31245	ko:K14414
bstl:BBJ41_31265	ko:K04487
bstl:BBJ41_31275	ko:K00483
bstl:BBJ41_31305	ko:K18900
bstl:BBJ41_31310	ko:K16135
bstl:BBJ41_31315	ko:K07246
bstl:BBJ41_31320	ko:K13021
bstl:BBJ41_31335	ko:K01940
bstl:BBJ41_31350	ko:K11733
bstl:BBJ41_31360	ko:K21757
bstl:BBJ41_31380	ko:K05841
bstl:BBJ41_31385	ko:K05836
bstl:BBJ41_31390	ko:K03285
bstl:BBJ41_31405	ko:K01546
bstl:BBJ41_31410	ko:K01548
bstl:BBJ41_31415	ko:K01547
bstl:BBJ41_31420	ko:K07646
bstl:BBJ41_31425	ko:K07667
bstl:BBJ41_31430	ko:K10013
bstl:BBJ41_31435	ko:K10016
bstl:BBJ41_31440	ko:K10015
bstl:BBJ41_31445	ko:K10017
bstl:BBJ41_31455	ko:K02529
bstl:BBJ41_31460	ko:K01785
bstl:BBJ41_31465	ko:K23508
bstl:BBJ41_31470	ko:K10820
bstl:BBJ41_31475	ko:K23509
bstl:BBJ41_31480	ko:K23509
bstl:BBJ41_31495	ko:K05973
bstl:BBJ41_31505	ko:K00799
bstl:BBJ41_31515	ko:K02556
bstl:BBJ41_31520	ko:K02557
bstl:BBJ41_31525	ko:K03406
bstl:BBJ41_31550	ko:K07497
bstl:BBJ41_31555	ko:K07497
bstl:BBJ41_31590	ko:K01607
bstl:BBJ41_31605	ko:K03446
bstl:BBJ41_31610	ko:K03543
bstl:BBJ41_31655	ko:K00219
bstl:BBJ41_31670	ko:K00355
bstl:BBJ41_31675	ko:K03464
bstl:BBJ41_31680	ko:K03381
bstl:BBJ41_31685	ko:K01856
bstl:BBJ41_31690	ko:K21757
bstl:BBJ41_31700	ko:K16319
bstl:BBJ41_31705	ko:K16320
bstl:BBJ41_31710	ko:K18248
bstl:BBJ41_31715	ko:K18249
bstl:BBJ41_31730	ko:K05995
bstl:BBJ41_31735	ko:K11717
bstl:BBJ41_31740	ko:K28868
bstl:BBJ41_31745	ko:K13641
bstl:BBJ41_31765	ko:K01652
bstl:BBJ41_31775	ko:K24163
bstl:BBJ41_31785	ko:K13487
bstl:BBJ41_31790	ko:K13488
bstl:BBJ41_31795	ko:K13486
bstl:BBJ41_31800	ko:K13489
bstl:BBJ41_31805	ko:K13490
bstl:BBJ41_31810	ko:K13491
bstl:BBJ41_31815	ko:K03281
bstl:BBJ41_31830	ko:K00793
bstl:BBJ41_31835	ko:K06147
bstl:BBJ41_31840	ko:K07223
bstl:BBJ41_31845	ko:K07397
bstl:BBJ41_31860	ko:K03322
bstl:BBJ41_31900	ko:K07004
bstl:BBJ41_31915	ko:K07032
bstl:BBJ41_31925	ko:K07326
bstl:BBJ41_31945	ko:K00113
bstl:BBJ41_31960	ko:K16011
bstl:BBJ41_31970	ko:K00012
bstl:BBJ41_31975	ko:K25307
bstl:BBJ41_31980	ko:K01991
bstl:BBJ41_31985	ko:K16692
bstl:BBJ41_32030	ko:K08166
bstl:BBJ41_32040	ko:K03772
bstl:BBJ41_32045	ko:K07044
bstl:BBJ41_32060	ko:K10013
bstl:BBJ41_32085	ko:K00799
bstl:BBJ41_32090	ko:K15256
bstl:BBJ41_32105	ko:K03699
bstl:BBJ41_32125	ko:K01821
bstl:BBJ41_32135	ko:K02019
bstl:BBJ41_32140	ko:K02017
bstl:BBJ41_32145	ko:K02018
bstl:BBJ41_32150	ko:K02020
bstl:BBJ41_32170	ko:K04063
bstl:BBJ41_32175	ko:K23775
bstl:BBJ41_32185	ko:K02204
bstl:BBJ41_32195	ko:K01241
bstl:BBJ41_32225	ko:K02335
bstl:BBJ41_32230	ko:K03885
bstl:BBJ41_32235	ko:K01061
bstl:BBJ41_32240	ko:K01011
bstl:BBJ41_32250	ko:K03602
bstl:BBJ41_32255	ko:K00795
bstl:BBJ41_32260	ko:K01662
bstl:BBJ41_32265	ko:K09007
bstl:BBJ41_32270	ko:K25706
bstl:BBJ41_32280	ko:K02970
bstl:BBJ41_32285	ko:K09117
bstl:BBJ41_32290	ko:K02316
bstl:BBJ41_32300	ko:K03086
bstl:BBJ41_32305	ko:K14230
bstl:BBJ41_32330	ko:K27078
bstl:BBJ41_32335	ko:K27078
bstl:BBJ41_32340	ko:K07346
bstl:BBJ41_32345	ko:K07347
bstl:BBJ41_32350	ko:K27078
bstl:BBJ41_32355	ko:K03746
bstl:BBJ41_32360	ko:K06132
bstl:BBJ41_32365	ko:K00375
bstl:BBJ41_32370	ko:K07005
bstl:BBJ41_32380	ko:K05998
bstl:BBJ41_32390	ko:K18144
bstl:BBJ41_32400	ko:K19300
bstl:BBJ41_32410	ko:K06867
bstl:BBJ41_32415	ko:K03781
bstl:BBJ41_32425	ko:K03446
bstl:BBJ41_32430	ko:K03543
bstl:BBJ41_32435	ko:K23777
bstl:BBJ41_32440	ko:K22044
bstl:BBJ41_32465	ko:K00033
bstl:BBJ41_32480	ko:K06194
bstl:BBJ41_32500	ko:K02014
bstl:BBJ41_32505	ko:K01046
bstl:BBJ41_32515	ko:K00375
bstl:BBJ41_32520	ko:K02052
bstl:BBJ41_32525	ko:K02055
bstl:BBJ41_32530	ko:K02054
bstl:BBJ41_32535	ko:K02053
bstl:BBJ41_32540	ko:K08169
bstl:BBJ41_32545	ko:K05998
bstl:BBJ41_32550	ko:K11904
bstl:BBJ41_32585	ko:K27802
bstl:BBJ41_32590	ko:K01720
bstl:BBJ41_32600	ko:K01644
bstl:BBJ41_32605	ko:K00024
bstl:BBJ41_32610	ko:K03710
bstl:BBJ41_32615	ko:K00241
bstl:BBJ41_32620	ko:K00242
bstl:BBJ41_32625	ko:K00239
bstl:BBJ41_32630	ko:K00240
bstl:BBJ41_32635	ko:K09159
bstl:BBJ41_32640	ko:K01647
bstl:BBJ41_32660	ko:K01482
bstl:BBJ41_32670	ko:K11733
bstl:BBJ41_32675	ko:K21801
bstl:BBJ41_32695	ko:K01426
bstl:BBJ41_32750	ko:K03219
bstl:BBJ41_32760	ko:K03228
bstl:BBJ41_32770	ko:K03224
bstl:BBJ41_32775	ko:K03223
bstl:BBJ41_32790	ko:K18374
bstl:BBJ41_32795	ko:K18373
bstl:BBJ41_32800	ko:K03229
bstl:BBJ41_32805	ko:K03230
bstl:BBJ41_32810	ko:K18381
bstl:BBJ41_32815	ko:K03225
bstl:BBJ41_32820	ko:K03226
bstl:BBJ41_32825	ko:K03227
bstl:BBJ41_32830	ko:K18379
bstl:BBJ41_32835	ko:K03220
bstl:BBJ41_32845	ko:K18380
bstl:BBJ41_32850	ko:K00604
bstl:BBJ41_32875	ko:K07044
bstl:BBJ41_32880	ko:K07107
bstl:BBJ41_32925	ko:K18201
bstl:BBJ41_32935	ko:K01473
bstl:BBJ41_32955	ko:K00817
bstl:BBJ41_32965	ko:K00453
bstl:BBJ41_32970	ko:K00486
bstl:BBJ41_32975	ko:K21449
bstl:BBJ41_32985	ko:K02014
bstl:BBJ41_32995	ko:K12511
bstl:BBJ41_33000	ko:K12510
bstl:BBJ41_33005	ko:K02283
bstl:BBJ41_33010	ko:K02282
bstl:BBJ41_33015	ko:K12513
bstl:BBJ41_33020	ko:K12513
bstl:BBJ41_33035	ko:K02280
bstl:BBJ41_33040	ko:K02279
bstl:BBJ41_33050	ko:K02278
bstl:BBJ41_33055	ko:K02651
bstl:BBJ41_33060	ko:K02651
bstl:BBJ41_33065	ko:K02651
bstl:BBJ41_33080	ko:K20534
bstl:BBJ41_33090	ko:K20275
bstl:BBJ41_33100	ko:K20277
bstl:BBJ41_33105	ko:K02030
bstl:BBJ41_33110	ko:K18058
bstl:BBJ41_33115	ko:K07481
bstl:BBJ41_33120	ko:K08166
bstl:BBJ41_33135	ko:K03453
bstl:BBJ41_33155	ko:K09882
bstl:BBJ41_33160	ko:K09883
bstl:BBJ41_33170	ko:K07240
bstl:BBJ41_33200	ko:K00433
bstl:BBJ41_33220	ko:K02040
bstl:BBJ41_33230	ko:K03088
bstl:BBJ41_33270	ko:K02030
bstl:BBJ41_33275	ko:K03701
bstl:BBJ41_33280	ko:K09954
bstl:BBJ41_33290	ko:K06186
bstl:BBJ41_33315	ko:K01118
bstl:BBJ41_33330	ko:K08195
bstl:BBJ41_33345	ko:K18138
bstl:BBJ41_33350	ko:K03585
bstl:BBJ41_33355	ko:K18139
bstl:BBJ41_33360	ko:K07644
bstl:BBJ41_33365	ko:K07665
bstl:BBJ41_33415	ko:K11209
bstl:BBJ41_33425	ko:K03762
bstl:BBJ41_33430	ko:K11690
bstl:BBJ41_33435	ko:K11689
bstl:BBJ41_33440	ko:K11688
bstl:BBJ41_33450	ko:K00817
bstl:BBJ41_33475	ko:K03746
bstl:BBJ41_33480	ko:K11312
bstl:BBJ41_33500	ko:K05835
bstl:BBJ41_33505	ko:K01118
bstl:BBJ41_33520	ko:K00154
bstl:BBJ41_33555	ko:K00433
bstl:BBJ41_33560	ko:K00799
bstl:BBJ41_33580	ko:K06950
bstl:BBJ41_33590	ko:K05874
bstl:BBJ41_33595	ko:K04750
bstl:BBJ41_33625	ko:K06045
bstl:BBJ41_33640	ko:K00064
bstl:BBJ41_33655	ko:K11073
bstl:BBJ41_33660	ko:K06995
bstl:BBJ41_33675	ko:K01114
bstl:BBJ41_33690	ko:K01467
bstl:BBJ41_33740	ko:K00128
bstl:BBJ41_33750	ko:K14052
bstl:BBJ41_33800	ko:K11073
bstl:BBJ41_33815	ko:K03746
bstl:BBJ41_33840	ko:K21645
bstl:BBJ41_33850	ko:K00067
bstl:BBJ41_33855	ko:K15977
bstl:BBJ41_33860	ko:K02407
bstl:BBJ41_33885	ko:K03307
bstl:BBJ41_33905	ko:K06911
bstl:BBJ41_33910	ko:K03809
bstl:BBJ41_33930	ko:K03293
bstl:BBJ41_33935	ko:K01556
bstl:BBJ41_33940	ko:K03392
bstl:BBJ41_33945	ko:K00452
bstl:BBJ41_33950	ko:K15067
bstl:BBJ41_33955	ko:K01617
bstl:BBJ41_33960	ko:K01666
bstl:BBJ41_33970	ko:K02554
bstl:BBJ41_33975	ko:K10217
bstl:BBJ41_33985	ko:K02049
bstl:BBJ41_33990	ko:K02050
bstl:BBJ41_34000	ko:K02051
bstl:BBJ41_34015	ko:K01714
bstl:BBJ41_34050	ko:K08738
bstl:BBJ41_34060	ko:K07275
bstl:BBJ41_34065	ko:K22213
bstl:BBJ41_34070	ko:K01666
bstl:BBJ41_34075	ko:K04073
bstl:BBJ41_34080	ko:K02554
bstl:BBJ41_34085	ko:K05712
bstl:BBJ41_34095	ko:K16050
bstl:BBJ41_34105	ko:K22213
bstl:BBJ41_34115	ko:K05714
bstl:BBJ41_34120	ko:K05819
bstl:BBJ41_34125	ko:K01666
bstl:BBJ41_34130	ko:K04073
bstl:BBJ41_34135	ko:K02554
bstl:BBJ41_34140	ko:K05713
bstl:BBJ41_34145	ko:K05712
bstl:BBJ41_34150	ko:K05818
bstl:BBJ41_34155	ko:K16138
bstl:BBJ41_34160	ko:K06889
bstl:BBJ41_34165	ko:K18893
bstl:BBJ41_34175	ko:K00799
bstl:BBJ41_34205	ko:K01999
bstl:BBJ41_34215	ko:K26063
bstl:BBJ41_34245	ko:K17228
bstl:BBJ41_34250	ko:K00299
bstl:BBJ41_34280	ko:K13936
bstl:BBJ41_34295	ko:K18702
bstl:BBJ41_34300	ko:K01874
bstl:BBJ41_34310	ko:K03897
bstl:BBJ41_34315	ko:K09471
bstl:BBJ41_34325	ko:K03761
bstl:BBJ41_34355	ko:K00355
bstl:BBJ41_34360	ko:K08738
bstl:BBJ41_34375	ko:K09709
bstl:BBJ41_34380	ko:K06075
bstl:BBJ41_34405	ko:K02019
bstl:BBJ41_34425	ko:K03607
bstl:BBJ41_34440	ko:K19736
bstl:BBJ41_34455	ko:K03496
bstl:BBJ41_34460	ko:K03497
bstl:BBJ41_34480	ko:K03566
bstl:BBJ41_34485	ko:K01939
bstl:BBJ41_34495	ko:K15553
bstl:BBJ41_34500	ko:K12941
bstl:BBJ41_34515	ko:K14057
bstl:BBJ41_34535	ko:K03585
bstl:BBJ41_34540	ko:K18138
bstl:BBJ41_34545	ko:K18139
bstl:BBJ41_34610	ko:K00681
bstl:BBJ41_34625	ko:K07552
bstl:BBJ41_34635	ko:K16137
bstl:BBJ41_34650	ko:K01897
bstl:BBJ41_34655	ko:K15229
bstl:BBJ41_34670	ko:K15228
bstl:BBJ41_34685	ko:K04033
bstl:BBJ41_34700	ko:K09925
bstl:BBJ41_34715	ko:K01139
bstl:BBJ41_34730	ko:K01977
bstl:BBJ41_34735	ko:K14227
bstl:BBJ41_34740	ko:K14218
bstl:BBJ41_34745	ko:K01980
bstl:BBJ41_34750	ko:K01985
bstl:BBJ41_34755	ko:K07497
bstl:BBJ41_34760	ko:K07497
bstl:BBJ41_34780	ko:K09472
bstl:BBJ41_34785	ko:K12256
bstl:BBJ41_34790	ko:K03457
bstl:BBJ41_34800	ko:K01895
bstl:BBJ41_34810	ko:K00626
bstl:BBJ41_34815	ko:K09017
bstl:BBJ41_34820	ko:K06016
bstl:BBJ41_34825	ko:K17722
bstl:BBJ41_34830	ko:K17723
bstl:BBJ41_34835	ko:K03457
bstl:BBJ41_34840	ko:K01464
bstl:BBJ41_34845	ko:K03317
bstl:BBJ41_34850	ko:K00758
bstl:BBJ41_34855	ko:K01489
bstl:BBJ41_34860	ko:K22895
bstl:BBJ41_34865	ko:K07304
bstl:BBJ41_34875	ko:K07305
bstl:BBJ41_34885	ko:K09857
bstl:BBJ41_34890	ko:K06192
bstl:BBJ41_34895	ko:K03808
bstl:BBJ41_34900	ko:K03808
bstl:BBJ41_34910	ko:K18144
bstl:BBJ41_34915	ko:K18139
bstl:BBJ41_34920	ko:K18146
bstl:BBJ41_34925	ko:K18145
bstl:BBJ41_34930	ko:K18143
bstl:BBJ41_34945	ko:K00274
bstl:BBJ41_34965	ko:K00274
bstl:BBJ41_35000	ko:K07003
bstl:BBJ41_35015	ko:K09471
bstl:BBJ41_35030	ko:K10215
bstl:BBJ41_35040	ko:K00154
bstl:BBJ41_35050	ko:K00666
bstl:BBJ41_35070	ko:K00325
bstl:BBJ41_35080	ko:K23948
bstl:BBJ41_35090	ko:K02056
bstl:BBJ41_35095	ko:K02057
bstl:BBJ41_35100	ko:K02058
bstl:BBJ41_35110	ko:K20938
bstl:BBJ41_35155	ko:K00059
bstl:BBJ41_35160	ko:K07302
bstl:BBJ41_35165	ko:K07303
bstl:BBJ41_35180	ko:K03446
bstl:BBJ41_35185	ko:K03446
bstl:BBJ41_35200	ko:K02014
bstl:BBJ41_35205	ko:K03832
bstl:BBJ41_35210	ko:K03561
bstl:BBJ41_35215	ko:K03559
bstl:BBJ41_35220	ko:K03559
bstl:BBJ41_35235	ko:K13893
bstl:BBJ41_35240	ko:K13894
bstl:BBJ41_35245	ko:K13895
bstl:BBJ41_35250	ko:K13896
bstl:BBJ41_35265	ko:K11477
bstl:BBJ41_35270	ko:K23274
bstl:BBJ41_35275	ko:K23273
bstl:BBJ41_35280	ko:K23275
bstl:BBJ41_35285	ko:K07478
bstl:BBJ41_35300	ko:K21801
bstl:BBJ41_35305	ko:K19586
bstl:BBJ41_35310	ko:K19585
bstl:BBJ41_35315	ko:K18300
bstl:BBJ41_35325	ko:K06988
bstl:BBJ41_35340	ko:K00648
bstl:BBJ41_35345	ko:K01953
bstl:BBJ41_35375	ko:K06133
bstl:BBJ41_35380	ko:K21023
bstl:BBJ41_35425	ko:K15982
bstl:BBJ41_35430	ko:K05898
bstl:BBJ41_35445	ko:K03457
bstl:BBJ41_35480	ko:K01897
bstl:BBJ41_35500	ko:K18904
bstl:BBJ41_35510	ko:K21695
bstl:BBJ41_35540	ko:K18287
bstl:BBJ41_35550	ko:K17835
bstl:BBJ41_35565	ko:K02014
bstl:BBJ41_35570	ko:K20035
bstl:BBJ41_35575	ko:K00311
bstl:BBJ41_35580	ko:K00626
bstl:BBJ41_35585	ko:K00074
bstl:BBJ41_35615	ko:K06923
bstl:BBJ41_35625	ko:K11534
bstl:BBJ41_35635	ko:K02429
bstl:BBJ41_35640	ko:K28747
bstl:BBJ41_35665	ko:K00694
bstl:BBJ41_35670	ko:K20541
bstl:BBJ41_35675	ko:K20543
bstl:BBJ41_35680	ko:K06132
bstl:BBJ41_35695	ko:K23356
bstl:BBJ41_35710	ko:K02030
bstl:BBJ41_35715	ko:K03832
bstl:BBJ41_35720	ko:K03561
bstl:BBJ41_35725	ko:K03559
bstl:BBJ41_35730	ko:K03559
bstl:BBJ41_35735	ko:K02014
bstl:BBJ41_35745	ko:K15553
bstl:BBJ41_35750	ko:K15554
bstl:BBJ41_35755	ko:K15554
bstl:BBJ41_35760	ko:K15555
bstl:BBJ41_35770	ko:K08169
bstl:BBJ41_35785	ko:K00433
bstl:BBJ41_35790	ko:K03566
bstl:BBJ41_35845	ko:K10117
bstl:BBJ41_35850	ko:K10118
bstl:BBJ41_35855	ko:K10119
bstl:BBJ41_35865	ko:K01684
bstl:BBJ41_35870	ko:K10111
bstl:BBJ41_35880	ko:K05499
bstl:BBJ41_35895	ko:K00883
bstl:BBJ41_35925	ko:K03750
bstl:BBJ41_35940	ko:K01999
bstl:BBJ41_35985	ko:K03809
bstl:BBJ41_36000	ko:K00344
bstl:BBJ41_36010	ko:K16135
bstl:BBJ41_36015	ko:K01703
bstl:BBJ41_36020	ko:K01704
bstl:BBJ41_36025	ko:K11616
bstl:BBJ41_36040	ko:K03636
bstl:BBJ41_36045	ko:K03635
bstl:BBJ41_36050	ko:K03639
bstl:BBJ41_36055	ko:K03750
bstl:BBJ41_36060	ko:K02379
bstl:BBJ41_36065	ko:K00425
bstl:BBJ41_36070	ko:K00426
bstl:BBJ41_36075	ko:K08994
bstl:BBJ41_36115	ko:K01867
bstl:BBJ41_36135	ko:K02027
bstl:BBJ41_36140	ko:K09780
bstl:BBJ41_36155	ko:K04098
bstl:BBJ41_36165	ko:K00217
bstl:BBJ41_36185	ko:K11904
bstl:BBJ41_36195	ko:K07126
bstl:BBJ41_36210	ko:K01576
bstl:BBJ41_36220	ko:K07222
bstl:BBJ41_36235	ko:K01438
bstl:BBJ41_36245	ko:K23467
bstl:BBJ41_36255	ko:K03696
bstl:BBJ41_36270	ko:K07223
bstl:BBJ41_36280	ko:K01265
bstl:BBJ41_36285	ko:K03566
bstl:BBJ41_36290	ko:K02106
bstl:BBJ41_36330	ko:K00122
bstl:BBJ41_36350	ko:K05595
bstl:BBJ41_36370	ko:K03092
bstl:BBJ41_36410	ko:K06221
bstl:BBJ41_36415	ko:K08159
bstl:BBJ41_36430	ko:K07407
bstl:BBJ41_36440	ko:K01856
bstl:BBJ41_36445	ko:K03381
bstl:BBJ41_36450	ko:K05549
bstl:BBJ41_36455	ko:K05550
bstl:BBJ41_36460	ko:K05784
bstl:BBJ41_36465	ko:K05783
bstl:BBJ41_36495	ko:K02081
bstl:BBJ41_36505	ko:K02082
bstl:BBJ41_36510	ko:K16371
bstl:BBJ41_36520	ko:K07407
bstl:BBJ41_36540	ko:K02784
bstl:BBJ41_36545	ko:K06193
bstl:BBJ41_36550	ko:K00797
bstl:BBJ41_36585	ko:K07154
bstl:BBJ41_36610	ko:K16238
bstl:BBJ41_36620	ko:K15553
bstl:BBJ41_36625	ko:K15555
bstl:BBJ41_36630	ko:K15554
bstl:BBJ41_36645	ko:K22622
bstl:BBJ41_36650	ko:K17225
bstl:BBJ41_36655	ko:K03285
bstl:BBJ41_36670	ko:K06889
bstl:BBJ41_36715	ko:K02014
bstl:BBJ41_36735	ko:K19802
bstl:BBJ41_36745	ko:K03559
bstl:BBJ41_36750	ko:K03559
bstl:BBJ41_36755	ko:K03561
bstl:BBJ41_36760	ko:K03832
bstl:BBJ41_36765	ko:K02483
bstl:BBJ41_36775	ko:K00645
bstl:BBJ41_36780	ko:K05375
bstl:BBJ41_36800	ko:K00600
bstl:BBJ41_36815	ko:K00164
bstl:BBJ41_36825	ko:K01426
bstl:BBJ41_36840	ko:K01620
bstl:BBJ41_36875	ko:K07452
bstl:BBJ41_36880	ko:K19147
bstl:BBJ41_36885	ko:K10680
bstl:BBJ41_36900	ko:K18702
bstl:BBJ41_36925	ko:K13953
bstl:BBJ41_36940	ko:K00135
bstl:BBJ41_36965	ko:K08738
bstl:BBJ41_36970	ko:K01621
bstl:BBJ41_36980	ko:K07028
bstl:BBJ41_36990	ko:K13993
bstl:BBJ41_37025	ko:K08738
bstl:BBJ41_37035	ko:K13953
bstl:BBJ41_37040	ko:K01420
bstl:BBJ41_37065	ko:K00925
bstl:BBJ41_37080	ko:K00023
bstl:BBJ41_37085	ko:K03821
bstl:BBJ41_37090	ko:K18369
bstl:BBJ41_37095	ko:K07576
bstl:BBJ41_37110	ko:K02005
bstl:BBJ41_37115	ko:K02004
bstl:BBJ41_37135	ko:K01992
bstl:BBJ41_37140	ko:K13926
bstl:BBJ41_37145	ko:K01993
bstl:BBJ41_37150	ko:K18139
bstl:BBJ41_37165	ko:K07675
bstl:BBJ41_37170	ko:K03758
bstl:BBJ41_37175	ko:K01478
bstl:BBJ41_37180	ko:K00611
bstl:BBJ41_37185	ko:K00926
bstl:BBJ41_37205	ko:K03798
bstl:BBJ41_37240	ko:K03640
bstl:BBJ41_37250	ko:K03281
bstl:BBJ41_37260	ko:K00411
bstl:BBJ41_37270	ko:K04771
bstl:BBJ41_37275	ko:K03316
bstl:BBJ41_37280	ko:K02115
bstl:BBJ41_37285	ko:K02111
bstl:BBJ41_37290	ko:K02109
bstl:BBJ41_37295	ko:K02110
bstl:BBJ41_37300	ko:K02108
bstl:BBJ41_37310	ko:K02114
bstl:BBJ41_37315	ko:K02112
bstl:BBJ41_37330	ko:K15536
bstl:BBJ41_37335	ko:K07666
bstl:BBJ41_37340	ko:K07645
bstl:BBJ41_37375	ko:K00674
bstl:BBJ41_37400	ko:K07481
bstl:BBJ41_37410	ko:K07481
bstl:BBJ41_37475	ko:K07481
bstl:BBJ41_37480	ko:K07481
bstl:BBJ41_37515	ko:K20273
bstl:BBJ41_37525	ko:K21993
bstl:BBJ41_37530	ko:K02049
bstl:BBJ41_37535	ko:K02050
bstl:BBJ41_37540	ko:K01457
bstl:BBJ41_37545	ko:K01941
bstl:BBJ41_37550	ko:K28693
bstl:BBJ41_37555	ko:K28692
bstl:BBJ41_37560	ko:K02051
bstl:BBJ41_37595	ko:K05548
bstl:BBJ41_37650	ko:K01796
bstl:BBJ41_37670	ko:K03863
bstl:BBJ41_37680	ko:K23463
bstl:BBJ41_37690	ko:K06889
bstl:BBJ41_37705	ko:K03746
bstl:BBJ41_37710	ko:K02403
bstl:BBJ41_37715	ko:K00963
bstl:BBJ41_37735	ko:K06041
bstl:BBJ41_37740	ko:K00979
bstl:BBJ41_37745	ko:K03270
bstl:BBJ41_37750	ko:K01627
bstl:BBJ41_37765	ko:K03819
bstl:BBJ41_37770	ko:K07265
bstl:BBJ41_37780	ko:K16692
bstl:BBJ41_37785	ko:K25307
bstl:BBJ41_37790	ko:K01991
bstl:BBJ41_37810	ko:K21405
bstl:BBJ41_37820	ko:K00121
bstl:BBJ41_37825	ko:K05548
bstl:BBJ41_37840	ko:K07535
bstl:BBJ41_37850	ko:K00128
bstl:BBJ41_37860	ko:K03446
bstl:BBJ41_37880	ko:K01474
bstl:BBJ41_37885	ko:K01473
bstl:BBJ41_37890	ko:K21759
bstl:BBJ41_37895	ko:K06889
bstl:BBJ41_37920	ko:K06889
bstl:BBJ41_37925	ko:K22108
bstl:BBJ41_37930	ko:K01644
bstl:BBJ41_37940	ko:K00249
bstl:BBJ41_37950	ko:K01796
bstl:BBJ41_37965	ko:K13652
bstl:BBJ41_37970	ko:K19338
bstl:BBJ41_37975	ko:K00249
bstl:BBJ41_37980	ko:K03521
bstl:BBJ41_37985	ko:K03522
bstl:BBJ41_37990	ko:K09709
bstl:BBJ41_37995	ko:K18289
bstl:BBJ41_38000	ko:K01644
bstl:BBJ41_38010	ko:K13021
bstl:BBJ41_38020	ko:K00004
bstl:BBJ41_38025	ko:K00128
bstl:BBJ41_38050	ko:K00128
bstl:BBJ41_38090	ko:K20329
bstl:BBJ41_38100	ko:K01958
bstl:BBJ41_38115	ko:K06446
bstl:BBJ41_38125	ko:K00059
bstl:BBJ41_38130	ko:K00626
bstl:BBJ41_38135	ko:K01895
bstl:BBJ41_38165	ko:K00128
