bum:AXG89_00010	ko:K06911
bum:AXG89_00030	ko:K11477
bum:AXG89_00040	ko:K07243
bum:AXG89_00050	ko:K07230
bum:AXG89_00055	ko:K03702
bum:AXG89_00060	ko:K00832
bum:AXG89_00065	ko:K07001
bum:AXG89_00075	ko:K07115
bum:AXG89_00085	ko:K19591
bum:AXG89_00090	ko:K07213
bum:AXG89_00095	ko:K00067
bum:AXG89_00100	ko:K01985
bum:AXG89_00105	ko:K01980
bum:AXG89_00110	ko:K14218
bum:AXG89_00115	ko:K14227
bum:AXG89_00120	ko:K01977
bum:AXG89_00150	ko:K09861
bum:AXG89_00160	ko:K14287
bum:AXG89_00165	ko:K00799
bum:AXG89_00170	ko:K00074
bum:AXG89_00190	ko:K00249
bum:AXG89_00205	ko:K28556
bum:AXG89_00210	ko:K04118
bum:AXG89_00220	ko:K01515
bum:AXG89_00230	ko:K00343
bum:AXG89_00235	ko:K00342
bum:AXG89_00240	ko:K00341
bum:AXG89_00245	ko:K00340
bum:AXG89_00250	ko:K00339
bum:AXG89_00255	ko:K00338
bum:AXG89_00260	ko:K00337
bum:AXG89_00265	ko:K00336
bum:AXG89_00270	ko:K00335
bum:AXG89_00275	ko:K00334
bum:AXG89_00280	ko:K00333
bum:AXG89_00285	ko:K00332
bum:AXG89_00290	ko:K00331
bum:AXG89_00295	ko:K00330
bum:AXG89_00300	ko:K14228
bum:AXG89_00305	ko:K03075
bum:AXG89_00310	ko:K01803
bum:AXG89_00320	ko:K00962
bum:AXG89_00325	ko:K02956
bum:AXG89_00330	ko:K01999
bum:AXG89_00340	ko:K01673
bum:AXG89_00350	ko:K01649
bum:AXG89_00360	ko:K17103
bum:AXG89_00365	ko:K01613
bum:AXG89_00370	ko:K00053
bum:AXG89_00375	ko:K01653
bum:AXG89_00380	ko:K01652
bum:AXG89_00385	ko:K03088
bum:AXG89_00415	ko:K27597
bum:AXG89_00420	ko:K00901
bum:AXG89_00445	ko:K06886
bum:AXG89_00450	ko:K02004
bum:AXG89_00460	ko:K11741
bum:AXG89_00465	ko:K00425
bum:AXG89_00470	ko:K00426
bum:AXG89_00480	ko:K03564
bum:AXG89_00510	ko:K03406
bum:AXG89_00515	ko:K08223
bum:AXG89_00525	ko:K01908
bum:AXG89_00540	ko:K01243
bum:AXG89_00545	ko:K03657
bum:AXG89_00550	ko:K01873
bum:AXG89_00555	ko:K00963
bum:AXG89_00560	ko:K04085
bum:AXG89_00565	ko:K00010
bum:AXG89_00570	ko:K00010
bum:AXG89_00580	ko:K02058
bum:AXG89_00585	ko:K02057
bum:AXG89_00590	ko:K02056
bum:AXG89_00595	ko:K03338
bum:AXG89_00600	ko:K03336
bum:AXG89_00605	ko:K03335
bum:AXG89_00610	ko:K03337
bum:AXG89_00615	ko:K01996
bum:AXG89_00620	ko:K01995
bum:AXG89_00625	ko:K01998
bum:AXG89_00630	ko:K01997
bum:AXG89_00635	ko:K07107
bum:AXG89_00640	ko:K00043
bum:AXG89_00650	ko:K01620
bum:AXG89_00660	ko:K01872
bum:AXG89_00665	ko:K07345
bum:AXG89_00670	ko:K04062
bum:AXG89_00675	ko:K01886
bum:AXG89_00700	ko:K14219
bum:AXG89_00705	ko:K06153
bum:AXG89_00730	ko:K09823
bum:AXG89_00745	ko:K14232
bum:AXG89_00750	ko:K08296
bum:AXG89_00755	ko:K22310
bum:AXG89_00760	ko:K01524
bum:AXG89_00765	ko:K00937
bum:AXG89_00770	ko:K07636
bum:AXG89_00775	ko:K07657
bum:AXG89_00780	ko:K02039
bum:AXG89_00785	ko:K02036
bum:AXG89_00790	ko:K02038
bum:AXG89_00795	ko:K02037
bum:AXG89_00800	ko:K02040
bum:AXG89_00805	ko:K03431
bum:AXG89_00810	ko:K00796
bum:AXG89_00815	ko:K03798
bum:AXG89_00820	ko:K02427
bum:AXG89_00825	ko:K07574
bum:AXG89_00835	ko:K03624
bum:AXG89_00840	ko:K01955
bum:AXG89_00845	ko:K01956
bum:AXG89_00855	ko:K08307
bum:AXG89_00860	ko:K01069
bum:AXG89_00870	ko:K03469
bum:AXG89_00875	ko:K02342
bum:AXG89_00880	ko:K14237
bum:AXG89_00895	ko:K08983
bum:AXG89_00910	ko:K06147
bum:AXG89_00915	ko:K00697
bum:AXG89_00920	ko:K01087
bum:AXG89_00925	ko:K07152
bum:AXG89_00930	ko:K02348
bum:AXG89_00935	ko:K14222
bum:AXG89_00940	ko:K14225
bum:AXG89_00945	ko:K14225
bum:AXG89_00950	ko:K00995
bum:AXG89_00955	ko:K03703
bum:AXG89_00965	ko:K02356
bum:AXG89_00980	ko:K01207
bum:AXG89_00985	ko:K00997
bum:AXG89_00990	ko:K03474
bum:AXG89_00995	ko:K03584
bum:AXG89_01000	ko:K03595
bum:AXG89_01005	ko:K03685
bum:AXG89_01010	ko:K03100
bum:AXG89_01015	ko:K03596
bum:AXG89_01025	ko:K04771
bum:AXG89_01030	ko:K03598
bum:AXG89_01035	ko:K03597
bum:AXG89_01040	ko:K03088
bum:AXG89_01050	ko:K09458
bum:AXG89_01055	ko:K02078
bum:AXG89_01060	ko:K00059
bum:AXG89_01065	ko:K00645
bum:AXG89_01070	ko:K00648
bum:AXG89_01075	ko:K03621
bum:AXG89_01080	ko:K02911
bum:AXG89_01085	ko:K07040
bum:AXG89_01090	ko:K25422
bum:AXG89_01095	ko:K07056
bum:AXG89_01100	ko:K04773
bum:AXG89_01110	ko:K01091
bum:AXG89_01115	ko:K06179
bum:AXG89_01120	ko:K08300
bum:AXG89_01125	ko:K03639
bum:AXG89_01130	ko:K03752
bum:AXG89_01135	ko:K03750
bum:AXG89_01150	ko:K09760
bum:AXG89_01155	ko:K00090
bum:AXG89_01165	ko:K00763
bum:AXG89_01170	ko:K05524
bum:AXG89_01175	ko:K14220
bum:AXG89_01180	ko:K18829
bum:AXG89_01185	ko:K18828
bum:AXG89_01195	ko:K01707
bum:AXG89_01200	ko:K00782
bum:AXG89_01205	ko:K18929
bum:AXG89_01210	ko:K18928
bum:AXG89_01220	ko:K01785
bum:AXG89_01225	ko:K05805
bum:AXG89_01235	ko:K03657
bum:AXG89_01250	ko:K14761
bum:AXG89_01260	ko:K13979
bum:AXG89_01265	ko:K26939
bum:AXG89_01270	ko:K06132
bum:AXG89_01275	ko:K01679
bum:AXG89_01295	ko:K25227
bum:AXG89_01300	ko:K00560
bum:AXG89_01320	ko:K00287
bum:AXG89_01325	ko:K03592
bum:AXG89_01330	ko:K09889
bum:AXG89_01335	ko:K03831
bum:AXG89_01340	ko:K13288
bum:AXG89_01345	ko:K06013
bum:AXG89_01350	ko:K06949
bum:AXG89_01360	ko:K02227
bum:AXG89_01370	ko:K02884
bum:AXG89_01375	ko:K00554
bum:AXG89_01380	ko:K02860
bum:AXG89_01385	ko:K02959
bum:AXG89_01400	ko:K03719
bum:AXG89_01405	ko:K00285
bum:AXG89_01410	ko:K20035
bum:AXG89_01415	ko:K03522
bum:AXG89_01420	ko:K03521
bum:AXG89_01425	ko:K01054
bum:AXG89_01435	ko:K08305
bum:AXG89_01440	ko:K12339
bum:AXG89_01445	ko:K02237
bum:AXG89_01450	ko:K03274
bum:AXG89_01455	ko:K21344
bum:AXG89_01460	ko:K00012
bum:AXG89_01465	ko:K19804
bum:AXG89_01470	ko:K08992
bum:AXG89_01475	ko:K05788
bum:AXG89_01480	ko:K02945
bum:AXG89_01485	ko:K00945
bum:AXG89_01490	ko:K00800
bum:AXG89_01495	ko:K04517
bum:AXG89_01500	ko:K00817
bum:AXG89_01505	ko:K14170
bum:AXG89_01510	ko:K00831
bum:AXG89_01515	ko:K09924
bum:AXG89_01520	ko:K02469
bum:AXG89_01525	ko:K03286
bum:AXG89_01530	ko:K00568
bum:AXG89_01535	ko:K22292
bum:AXG89_01540	ko:K15035
bum:AXG89_01565	ko:K00127
bum:AXG89_01570	ko:K00124
bum:AXG89_01575	ko:K00123
bum:AXG89_01580	ko:K00126
bum:AXG89_01600	ko:K16264
bum:AXG89_01605	ko:K21903
bum:AXG89_01640	ko:K26735
bum:AXG89_01645	ko:K04751
bum:AXG89_01650	ko:K01950
bum:AXG89_01655	ko:K09919
bum:AXG89_01660	ko:K07461
bum:AXG89_01665	ko:K01507
bum:AXG89_01675	ko:K00128
bum:AXG89_01680	ko:K00059
bum:AXG89_01695	ko:K11959
bum:AXG89_01700	ko:K11960
bum:AXG89_01705	ko:K11961
bum:AXG89_01710	ko:K11962
bum:AXG89_01715	ko:K11963
bum:AXG89_01720	ko:K03190
bum:AXG89_01725	ko:K02030
bum:AXG89_01730	ko:K02029
bum:AXG89_01735	ko:K02029
bum:AXG89_01740	ko:K02028
bum:AXG89_01745	ko:K01430
bum:AXG89_01750	ko:K01429
bum:AXG89_01755	ko:K01428
bum:AXG89_01760	ko:K03187
bum:AXG89_01765	ko:K03188
bum:AXG89_01770	ko:K03189
bum:AXG89_01780	ko:K02527
bum:AXG89_01790	ko:K02841
bum:AXG89_01800	ko:K15778
bum:AXG89_01825	ko:K01784
bum:AXG89_01835	ko:K00433
bum:AXG89_01890	ko:K07483
bum:AXG89_01895	ko:K07497
bum:AXG89_01905	ko:K03818
bum:AXG89_01915	ko:K03208
bum:AXG89_01925	ko:K02377
bum:AXG89_01930	ko:K01711
bum:AXG89_01935	ko:K16692
bum:AXG89_01940	ko:K01991
bum:AXG89_01950	ko:K16011
bum:AXG89_01965	ko:K03207
bum:AXG89_01985	ko:K00963
bum:AXG89_02015	ko:K22252
bum:AXG89_02050	ko:K16692
bum:AXG89_02055	ko:K01991
bum:AXG89_02060	ko:K25307
bum:AXG89_02065	ko:K00012
bum:AXG89_02075	ko:K16011
bum:AXG89_02105	ko:K00387
bum:AXG89_02145	ko:K04763
bum:AXG89_02160	ko:K07483
bum:AXG89_02165	ko:K07497
bum:AXG89_02180	ko:K04763
bum:AXG89_02205	ko:K02406
bum:AXG89_02210	ko:K02407
bum:AXG89_02215	ko:K02423
bum:AXG89_02225	ko:K02403
bum:AXG89_02245	ko:K03412
bum:AXG89_02365	ko:K16011
bum:AXG89_02380	ko:K01709
bum:AXG89_02390	ko:K20534
bum:AXG89_02395	ko:K00978
bum:AXG89_02400	ko:K07027
bum:AXG89_02430	ko:K09691
bum:AXG89_02435	ko:K01711
bum:AXG89_02440	ko:K09690
bum:AXG89_02450	ko:K01525
bum:AXG89_02455	ko:K00067
bum:AXG89_02460	ko:K01790
bum:AXG89_02465	ko:K00973
bum:AXG89_02470	ko:K01710
bum:AXG89_02475	ko:K00655
bum:AXG89_02480	ko:K01465
bum:AXG89_02485	ko:K00609
bum:AXG89_02490	ko:K02825
bum:AXG89_02500	ko:K07735
bum:AXG89_02505	ko:K01669
bum:AXG89_02520	ko:K00941
bum:AXG89_02535	ko:K04077
bum:AXG89_02540	ko:K04078
bum:AXG89_02545	ko:K03892
bum:AXG89_02555	ko:K03741
bum:AXG89_02560	ko:K03325
bum:AXG89_02565	ko:K00537
bum:AXG89_02570	ko:K11811
bum:AXG89_02580	ko:K07483
bum:AXG89_02590	ko:K18918
bum:AXG89_02600	ko:K07518
bum:AXG89_02635	ko:K24967
bum:AXG89_02660	ko:K02535
bum:AXG89_02685	ko:K01991
bum:AXG89_02710	ko:K09689
bum:AXG89_02715	ko:K09688
bum:AXG89_02720	ko:K10107
bum:AXG89_02730	ko:K07266
bum:AXG89_02735	ko:K16011
bum:AXG89_02760	ko:K08482
bum:AXG89_02765	ko:K04564
bum:AXG89_02770	ko:K03601
bum:AXG89_02775	ko:K00912
bum:AXG89_02780	ko:K09791
bum:AXG89_02785	ko:K00979
bum:AXG89_02790	ko:K00939
bum:AXG89_02805	ko:K03980
bum:AXG89_02815	ko:K02968
bum:AXG89_02825	ko:K00611
bum:AXG89_02830	ko:K01940
bum:AXG89_02835	ko:K00075
bum:AXG89_02840	ko:K09767
bum:AXG89_02845	ko:K08591
bum:AXG89_02855	ko:K06446
bum:AXG89_02860	ko:K01897
bum:AXG89_02865	ko:K04763
bum:AXG89_02870	ko:K18979
bum:AXG89_02875	ko:K06925
bum:AXG89_02880	ko:K01448
bum:AXG89_02885	ko:K15268
bum:AXG89_02900	ko:K05838
bum:AXG89_02905	ko:K22132
bum:AXG89_02910	ko:K00275
bum:AXG89_02915	ko:K00574
bum:AXG89_02925	ko:K07304
bum:AXG89_02935	ko:K03719
bum:AXG89_02945	ko:K00252
bum:AXG89_02950	ko:K24158
bum:AXG89_02985	ko:K08084
bum:AXG89_02990	ko:K07738
bum:AXG89_02995	ko:K00600
bum:AXG89_03000	ko:K16066
bum:AXG89_03005	ko:K07107
bum:AXG89_03010	ko:K03562
bum:AXG89_03015	ko:K03560
bum:AXG89_03020	ko:K03646
bum:AXG89_03025	ko:K03641
bum:AXG89_03030	ko:K03640
bum:AXG89_03040	ko:K14229
bum:AXG89_03075	ko:K06194
bum:AXG89_03080	ko:K03975
bum:AXG89_03085	ko:K03572
bum:AXG89_03090	ko:K00791
bum:AXG89_03105	ko:K01591
bum:AXG89_03110	ko:K01785
bum:AXG89_03115	ko:K13874
bum:AXG89_03120	ko:K22185
bum:AXG89_03125	ko:K10538
bum:AXG89_03130	ko:K10539
bum:AXG89_03135	ko:K10537
bum:AXG89_03145	ko:K01631
bum:AXG89_03150	ko:K00883
bum:AXG89_03160	ko:K07154
bum:AXG89_03170	ko:K03814
bum:AXG89_03175	ko:K00014
bum:AXG89_03180	ko:K01147
bum:AXG89_03185	ko:K07000
bum:AXG89_03190	ko:K02558
bum:AXG89_03205	ko:K03786
bum:AXG89_03210	ko:K02160
bum:AXG89_03215	ko:K01961
bum:AXG89_03220	ko:K02687
bum:AXG89_03230	ko:K11065
bum:AXG89_03235	ko:K00856
bum:AXG89_03240	ko:K06077
bum:AXG89_03250	ko:K00526
bum:AXG89_03255	ko:K09954
bum:AXG89_03265	ko:K00525
bum:AXG89_03270	ko:K03806
bum:AXG89_03275	ko:K06950
bum:AXG89_03285	ko:K03106
bum:AXG89_03290	ko:K00760
bum:AXG89_03300	ko:K01881
bum:AXG89_03305	ko:K08311
bum:AXG89_03315	ko:K00931
bum:AXG89_03320	ko:K03979
bum:AXG89_03325	ko:K02899
bum:AXG89_03330	ko:K02888
bum:AXG89_03335	ko:K02523
bum:AXG89_03340	ko:K14232
bum:AXG89_03350	ko:K07043
bum:AXG89_03355	ko:K03446
bum:AXG89_03365	ko:K06131
bum:AXG89_03370	ko:K01041
bum:AXG89_03425	ko:K03699
bum:AXG89_03435	ko:K02653
bum:AXG89_03440	ko:K02654
bum:AXG89_03445	ko:K00859
bum:AXG89_03450	ko:K18778
bum:AXG89_03455	ko:K03574
bum:AXG89_03460	ko:K06923
bum:AXG89_03465	ko:K00620
bum:AXG89_03470	ko:K03070
bum:AXG89_03480	ko:K02535
bum:AXG89_03485	ko:K24138
bum:AXG89_03490	ko:K03531
bum:AXG89_03495	ko:K03590
bum:AXG89_03500	ko:K03589
bum:AXG89_03505	ko:K01921
bum:AXG89_03510	ko:K01924
bum:AXG89_03515	ko:K02563
bum:AXG89_03520	ko:K03588
bum:AXG89_03525	ko:K01925
bum:AXG89_03530	ko:K01000
bum:AXG89_03535	ko:K01929
bum:AXG89_03540	ko:K01928
bum:AXG89_03545	ko:K03587
bum:AXG89_03550	ko:K03586
bum:AXG89_03555	ko:K03438
bum:AXG89_03560	ko:K03925
bum:AXG89_03565	ko:K06134
bum:AXG89_03575	ko:K01897
bum:AXG89_03590	ko:K01985
bum:AXG89_03595	ko:K01980
bum:AXG89_03600	ko:K14218
bum:AXG89_03605	ko:K14227
bum:AXG89_03610	ko:K01977
bum:AXG89_03615	ko:K01692
bum:AXG89_03625	ko:K15866
bum:AXG89_03630	ko:K02614
bum:AXG89_03635	ko:K01912
bum:AXG89_03640	ko:K08304
bum:AXG89_03645	ko:K06195
bum:AXG89_03650	ko:K01783
bum:AXG89_03655	ko:K01091
bum:AXG89_03660	ko:K01657
bum:AXG89_03665	ko:K01658
bum:AXG89_03670	ko:K00766
bum:AXG89_03675	ko:K01609
bum:AXG89_03685	ko:K03648
bum:AXG89_03690	ko:K01118
bum:AXG89_03700	ko:K03981
bum:AXG89_03705	ko:K18800
bum:AXG89_03710	ko:K06942
bum:AXG89_03715	ko:K06020
bum:AXG89_03730	ko:K01262
bum:AXG89_03745	ko:K02492
bum:AXG89_03750	ko:K02835
bum:AXG89_03755	ko:K02493
bum:AXG89_03760	ko:K07390
bum:AXG89_03765	ko:K03186
bum:AXG89_03770	ko:K15777
bum:AXG89_03780	ko:K03704
bum:AXG89_03785	ko:K04046
bum:AXG89_03810	ko:K09941
bum:AXG89_03835	ko:K00041
bum:AXG89_03840	ko:K07137
bum:AXG89_03845	ko:K01985
bum:AXG89_03850	ko:K01980
bum:AXG89_03855	ko:K14218
bum:AXG89_03860	ko:K14227
bum:AXG89_03865	ko:K01977
bum:AXG89_03870	ko:K14234
bum:AXG89_03875	ko:K03600
bum:AXG89_03880	ko:K03599
bum:AXG89_03885	ko:K00413
bum:AXG89_03890	ko:K00412
bum:AXG89_03895	ko:K00411
bum:AXG89_03905	ko:K04772
bum:AXG89_03910	ko:K03118
bum:AXG89_03915	ko:K03117
bum:AXG89_03920	ko:K03116
bum:AXG89_03925	ko:K02503
bum:AXG89_03935	ko:K01523
bum:AXG89_03940	ko:K01496
bum:AXG89_03945	ko:K02500
bum:AXG89_03950	ko:K01814
bum:AXG89_03955	ko:K02501
bum:AXG89_03965	ko:K01693
bum:AXG89_03970	ko:K00817
bum:AXG89_03975	ko:K00013
bum:AXG89_03980	ko:K00765
bum:AXG89_03985	ko:K00790
bum:AXG89_03995	ko:K01992
bum:AXG89_04000	ko:K01990
bum:AXG89_04005	ko:K07122
bum:AXG89_04010	ko:K07323
bum:AXG89_04015	ko:K04754
bum:AXG89_04020	ko:K02067
bum:AXG89_04025	ko:K02066
bum:AXG89_04030	ko:K02065
bum:AXG89_04035	ko:K00788
bum:AXG89_04040	ko:K03149
bum:AXG89_04045	ko:K03154
bum:AXG89_04050	ko:K03153
bum:AXG89_04055	ko:K02471
bum:AXG89_04065	ko:K01674
bum:AXG89_04070	ko:K00266
bum:AXG89_04075	ko:K00265
bum:AXG89_04080	ko:K07491
bum:AXG89_04085	ko:K07275
bum:AXG89_04095	ko:K01126
bum:AXG89_04100	ko:K05816
bum:AXG89_04110	ko:K05815
bum:AXG89_04115	ko:K05814
bum:AXG89_04120	ko:K05813
bum:AXG89_04125	ko:K01129
bum:AXG89_04130	ko:K01735
bum:AXG89_04135	ko:K00891
bum:AXG89_04140	ko:K02666
bum:AXG89_04145	ko:K02664
bum:AXG89_04160	ko:K05366
bum:AXG89_04165	ko:K06202
bum:AXG89_04175	ko:K01586
bum:AXG89_04180	ko:K17247
bum:AXG89_04185	ko:K07147
bum:AXG89_04195	ko:K07399
bum:AXG89_04205	ko:K03978
bum:AXG89_04210	ko:K01698
bum:AXG89_04215	ko:K04084
bum:AXG89_04220	ko:K03926
bum:AXG89_04225	ko:K02879
bum:AXG89_04230	ko:K03040
bum:AXG89_04235	ko:K02986
bum:AXG89_04240	ko:K02948
bum:AXG89_04245	ko:K02952
bum:AXG89_04250	ko:K02919
bum:AXG89_04255	ko:K03076
bum:AXG89_04260	ko:K02876
bum:AXG89_04265	ko:K02907
bum:AXG89_04270	ko:K02988
bum:AXG89_04275	ko:K02881
bum:AXG89_04280	ko:K02933
bum:AXG89_04285	ko:K02994
bum:AXG89_04290	ko:K02954
bum:AXG89_04295	ko:K02931
bum:AXG89_04300	ko:K02895
bum:AXG89_04305	ko:K02874
bum:AXG89_04310	ko:K02961
bum:AXG89_04315	ko:K02904
bum:AXG89_04320	ko:K02878
bum:AXG89_04325	ko:K02982
bum:AXG89_04330	ko:K02890
bum:AXG89_04335	ko:K02965
bum:AXG89_04340	ko:K02886
bum:AXG89_04345	ko:K02892
bum:AXG89_04350	ko:K02926
bum:AXG89_04355	ko:K02906
bum:AXG89_04360	ko:K02946
bum:AXG89_04365	ko:K02358
bum:AXG89_04370	ko:K02355
bum:AXG89_04375	ko:K02992
bum:AXG89_04380	ko:K02950
bum:AXG89_04385	ko:K03654
bum:AXG89_04390	ko:K03046
bum:AXG89_04395	ko:K03043
bum:AXG89_04400	ko:K02935
bum:AXG89_04405	ko:K02864
bum:AXG89_04410	ko:K02863
bum:AXG89_04415	ko:K02867
bum:AXG89_04420	ko:K02601
bum:AXG89_04425	ko:K03073
bum:AXG89_04430	ko:K14235
bum:AXG89_04435	ko:K02358
bum:AXG89_04440	ko:K14234
bum:AXG89_04445	ko:K14225
bum:AXG89_04450	ko:K14236
bum:AXG89_04455	ko:K01985
bum:AXG89_04460	ko:K01980
bum:AXG89_04465	ko:K14218
bum:AXG89_04470	ko:K14227
bum:AXG89_04475	ko:K01977
bum:AXG89_04495	ko:K02609
bum:AXG89_04500	ko:K02610
bum:AXG89_04505	ko:K02611
bum:AXG89_04510	ko:K02612
bum:AXG89_04515	ko:K02613
bum:AXG89_04535	ko:K03719
bum:AXG89_04540	ko:K00457
bum:AXG89_04550	ko:K04090
bum:AXG89_04565	ko:K00029
bum:AXG89_04570	ko:K00762
bum:AXG89_04575	ko:K07687
bum:AXG89_04585	ko:K03809
bum:AXG89_04590	ko:K07275
bum:AXG89_04605	ko:K00145
bum:AXG89_04625	ko:K09122
bum:AXG89_04665	ko:K02483
bum:AXG89_04670	ko:K01785
bum:AXG89_04680	ko:K02529
bum:AXG89_04685	ko:K23508
bum:AXG89_04690	ko:K10820
bum:AXG89_04695	ko:K23509
bum:AXG89_04700	ko:K23509
bum:AXG89_04710	ko:K09022
bum:AXG89_04715	ko:K07507
bum:AXG89_04730	ko:K00681
bum:AXG89_04735	ko:K02034
bum:AXG89_04740	ko:K02033
bum:AXG89_04745	ko:K02035
bum:AXG89_04750	ko:K02032
bum:AXG89_04755	ko:K02031
bum:AXG89_04770	ko:K29028
bum:AXG89_04780	ko:K02026
bum:AXG89_04785	ko:K02025
bum:AXG89_04790	ko:K02027
bum:AXG89_04795	ko:K10112
bum:AXG89_04805	ko:K01607
bum:AXG89_04830	ko:K03746
bum:AXG89_04845	ko:K07810
bum:AXG89_04850	ko:K07787
bum:AXG89_04855	ko:K07798
bum:AXG89_04860	ko:K07796
bum:AXG89_04915	ko:K06188
bum:AXG89_04920	ko:K03704
bum:AXG89_04940	ko:K05596
bum:AXG89_04950	ko:K02484
bum:AXG89_04955	ko:K02483
bum:AXG89_04960	ko:K09824
bum:AXG89_05005	ko:K00820
bum:AXG89_05010	ko:K04042
bum:AXG89_05020	ko:K14058
bum:AXG89_05025	ko:K01633
bum:AXG89_05045	ko:K00974
bum:AXG89_05050	ko:K00799
bum:AXG89_05060	ko:K08309
bum:AXG89_05065	ko:K01934
bum:AXG89_05070	ko:K07482
bum:AXG89_05080	ko:K23123
bum:AXG89_05085	ko:K23124
bum:AXG89_05090	ko:K07160
bum:AXG89_05110	ko:K12372
bum:AXG89_05115	ko:K12371
bum:AXG89_05120	ko:K12370
bum:AXG89_05125	ko:K12369
bum:AXG89_05130	ko:K12368
bum:AXG89_05135	ko:K00297
bum:AXG89_05140	ko:K08972
bum:AXG89_05145	ko:K01251
bum:AXG89_05155	ko:K06518
bum:AXG89_05165	ko:K03286
bum:AXG89_05170	ko:K09456
bum:AXG89_05175	ko:K04061
bum:AXG89_05185	ko:K02423
bum:AXG89_05190	ko:K02422
bum:AXG89_05195	ko:K02408
bum:AXG89_05200	ko:K02409
bum:AXG89_05205	ko:K02410
bum:AXG89_05210	ko:K02411
bum:AXG89_05215	ko:K02412
bum:AXG89_05220	ko:K02413
bum:AXG89_05225	ko:K02414
bum:AXG89_05230	ko:K02415
bum:AXG89_05235	ko:K02416
bum:AXG89_05240	ko:K02417
bum:AXG89_05245	ko:K02418
bum:AXG89_05250	ko:K02419
bum:AXG89_05255	ko:K02420
bum:AXG89_05260	ko:K02421
bum:AXG89_05265	ko:K02397
bum:AXG89_05270	ko:K02396
bum:AXG89_05275	ko:K21087
bum:AXG89_05280	ko:K02395
bum:AXG89_05285	ko:K02394
bum:AXG89_05290	ko:K02393
bum:AXG89_05295	ko:K02392
bum:AXG89_05300	ko:K02391
bum:AXG89_05305	ko:K02390
bum:AXG89_05310	ko:K02389
bum:AXG89_05315	ko:K02388
bum:AXG89_05320	ko:K02387
bum:AXG89_05325	ko:K02386
bum:AXG89_05330	ko:K02398
bum:AXG89_05335	ko:K02399
bum:AXG89_05345	ko:K09803
bum:AXG89_05350	ko:K02401
bum:AXG89_05355	ko:K02400
bum:AXG89_05370	ko:K00926
bum:AXG89_05390	ko:K28691
bum:AXG89_05395	ko:K02404
bum:AXG89_05405	ko:K02405
bum:AXG89_05415	ko:K14219
bum:AXG89_05440	ko:K03656
bum:AXG89_05460	ko:K00605
bum:AXG89_05465	ko:K02437
bum:AXG89_05470	ko:K00281
bum:AXG89_05480	ko:K01752
bum:AXG89_05485	ko:K01652
bum:AXG89_05490	ko:K01895
bum:AXG89_05495	ko:K01999
bum:AXG89_05500	ko:K13821
bum:AXG89_05510	ko:K01599
bum:AXG89_05515	ko:K01713
bum:AXG89_05530	ko:K02114
bum:AXG89_05535	ko:K02112
bum:AXG89_05540	ko:K02115
bum:AXG89_05545	ko:K02111
bum:AXG89_05550	ko:K02113
bum:AXG89_05555	ko:K02109
bum:AXG89_05560	ko:K02110
bum:AXG89_05565	ko:K02108
bum:AXG89_05570	ko:K02116
bum:AXG89_05580	ko:K03497
bum:AXG89_05585	ko:K03496
bum:AXG89_05590	ko:K03501
bum:AXG89_05595	ko:K03495
bum:AXG89_05600	ko:K01996
bum:AXG89_05605	ko:K01995
bum:AXG89_05605	ko:K01998
bum:AXG89_05610	ko:K01997
bum:AXG89_05615	ko:K01999
bum:AXG89_05620	ko:K01999
bum:AXG89_05625	ko:K01998
bum:AXG89_05630	ko:K01997
bum:AXG89_05635	ko:K01999
bum:AXG89_05640	ko:K01996
bum:AXG89_05645	ko:K01995
bum:AXG89_05665	ko:K03719
bum:AXG89_05670	ko:K01724
bum:AXG89_05675	ko:K02483
bum:AXG89_05685	ko:K07117
bum:AXG89_05700	ko:K01951
bum:AXG89_05710	ko:K06048
bum:AXG89_05725	ko:K15461
bum:AXG89_05730	ko:K03530
bum:AXG89_05750	ko:K02454
bum:AXG89_05755	ko:K02455
bum:AXG89_05760	ko:K02452
bum:AXG89_05765	ko:K02456
bum:AXG89_05770	ko:K02457
bum:AXG89_05775	ko:K02458
bum:AXG89_05780	ko:K02459
bum:AXG89_05785	ko:K02460
bum:AXG89_05790	ko:K02461
bum:AXG89_05795	ko:K02462
bum:AXG89_05800	ko:K02463
bum:AXG89_05805	ko:K18139
bum:AXG89_05820	ko:K01919
bum:AXG89_05825	ko:K01247
bum:AXG89_05830	ko:K10778
bum:AXG89_05850	ko:K05834
bum:AXG89_05865	ko:K03650
bum:AXG89_05875	ko:K03217
bum:AXG89_05885	ko:K03536
bum:AXG89_05895	ko:K02313
bum:AXG89_05900	ko:K02338
bum:AXG89_05905	ko:K02470
bum:AXG89_05910	ko:K06876
bum:AXG89_05920	ko:K03546
bum:AXG89_05925	ko:K03547
bum:AXG89_05935	ko:K05591
bum:AXG89_05940	ko:K03098
bum:AXG89_05955	ko:K08169
bum:AXG89_05975	ko:K14229
bum:AXG89_05995	ko:K00058
bum:AXG89_06000	ko:K01596
bum:AXG89_06010	ko:K03169
bum:AXG89_06020	ko:K04096
bum:AXG89_06025	ko:K01462
bum:AXG89_06030	ko:K00604
bum:AXG89_06035	ko:K03799
bum:AXG89_06040	ko:K03500
bum:AXG89_06050	ko:K13598
bum:AXG89_06055	ko:K13599
bum:AXG89_06060	ko:K14231
bum:AXG89_06065	ko:K06920
bum:AXG89_06070	ko:K10026
bum:AXG89_06075	ko:K01737
bum:AXG89_06080	ko:K01630
bum:AXG89_06085	ko:K07126
bum:AXG89_06090	ko:K05837
bum:AXG89_06095	ko:K05515
bum:AXG89_06100	ko:K03571
bum:AXG89_06105	ko:K03570
bum:AXG89_06110	ko:K03569
bum:AXG89_06115	ko:K02435
bum:AXG89_06120	ko:K02433
bum:AXG89_06125	ko:K02434
bum:AXG89_06135	ko:K01142
bum:AXG89_06145	ko:K08218
bum:AXG89_06155	ko:K00641
bum:AXG89_06175	ko:K00930
bum:AXG89_06185	ko:K15011
bum:AXG89_06190	ko:K15012
bum:AXG89_06195	ko:K03667
bum:AXG89_06200	ko:K01419
bum:AXG89_06205	ko:K06204
bum:AXG89_06215	ko:K06969
bum:AXG89_06220	ko:K03733
bum:AXG89_06225	ko:K09921
bum:AXG89_06230	ko:K01778
bum:AXG89_06235	ko:K02517
bum:AXG89_06240	ko:K00789
bum:AXG89_06255	ko:K03442
bum:AXG89_06260	ko:K19265
bum:AXG89_06265	ko:K00528
bum:AXG89_06270	ko:K03294
bum:AXG89_06275	ko:K07402
bum:AXG89_06285	ko:K09951
bum:AXG89_06290	ko:K15342
bum:AXG89_06295	ko:K07464
bum:AXG89_06300	ko:K19118
bum:AXG89_06305	ko:K19117
bum:AXG89_06310	ko:K19119
bum:AXG89_06315	ko:K07012
bum:AXG89_06325	ko:K09939
bum:AXG89_06340	ko:K08224
bum:AXG89_06355	ko:K00574
bum:AXG89_06360	ko:K01426
bum:AXG89_06370	ko:K01999
bum:AXG89_06380	ko:K07226
bum:AXG89_06385	ko:K03746
bum:AXG89_06395	ko:K03719
bum:AXG89_06405	ko:K01069
bum:AXG89_06410	ko:K03642
bum:AXG89_06415	ko:K07056
bum:AXG89_06420	ko:K07460
bum:AXG89_06425	ko:K03271
bum:AXG89_06430	ko:K28369
bum:AXG89_06435	ko:K08738
bum:AXG89_06440	ko:K14218
bum:AXG89_06455	ko:K24163
bum:AXG89_06465	ko:K04090
bum:AXG89_06470	ko:K00799
bum:AXG89_06485	ko:K00847
bum:AXG89_06490	ko:K29027
bum:AXG89_06515	ko:K14347
bum:AXG89_06530	ko:K00459
bum:AXG89_06535	ko:K01561
bum:AXG89_06555	ko:K01640
bum:AXG89_06560	ko:K12972
bum:AXG89_06565	ko:K07002
bum:AXG89_06570	ko:K02048
bum:AXG89_06575	ko:K01012
bum:AXG89_06580	ko:K01935
bum:AXG89_06585	ko:K00652
bum:AXG89_06590	ko:K00833
bum:AXG89_06595	ko:K13766
bum:AXG89_06610	ko:K09858
bum:AXG89_06615	ko:K00799
bum:AXG89_06625	ko:K00626
bum:AXG89_06630	ko:K01673
bum:AXG89_06635	ko:K00906
bum:AXG89_06650	ko:K12368
bum:AXG89_06655	ko:K07301
bum:AXG89_06660	ko:K02423
bum:AXG89_06665	ko:K02407
bum:AXG89_06670	ko:K02406
bum:AXG89_06680	ko:K02970
bum:AXG89_06695	ko:K01246
bum:AXG89_06700	ko:K18676
bum:AXG89_06705	ko:K28854
bum:AXG89_06715	ko:K06188
bum:AXG89_06720	ko:K03746
bum:AXG89_06730	ko:K02556
bum:AXG89_06735	ko:K02557
bum:AXG89_06740	ko:K03413
bum:AXG89_06745	ko:K03407
bum:AXG89_06750	ko:K03408
bum:AXG89_06755	ko:K05874
bum:AXG89_06760	ko:K00575
bum:AXG89_06765	ko:K03411
bum:AXG89_06770	ko:K03412
bum:AXG89_06775	ko:K03413
bum:AXG89_06780	ko:K03414
bum:AXG89_06800	ko:K03673
bum:AXG89_06810	ko:K01887
bum:AXG89_06825	ko:K00548
bum:AXG89_06830	ko:K00548
bum:AXG89_06840	ko:K01055
bum:AXG89_06855	ko:K16171
bum:AXG89_06860	ko:K01999
bum:AXG89_06880	ko:K00574
bum:AXG89_06885	ko:K09701
bum:AXG89_06890	ko:K06954
bum:AXG89_06895	ko:K22491
bum:AXG89_06905	ko:K21345
bum:AXG89_06915	ko:K03525
bum:AXG89_06920	ko:K03524
bum:AXG89_06925	ko:K02066
bum:AXG89_06930	ko:K02065
bum:AXG89_06935	ko:K02067
bum:AXG89_06940	ko:K18480
bum:AXG89_06955	ko:K07018
bum:AXG89_06960	ko:K07258
bum:AXG89_06965	ko:K09158
bum:AXG89_06970	ko:K03566
bum:AXG89_06980	ko:K03801
bum:AXG89_06985	ko:K03644
bum:AXG89_06990	ko:K11103
bum:AXG89_06995	ko:K10125
bum:AXG89_07000	ko:K10126
bum:AXG89_07015	ko:K07391
bum:AXG89_07020	ko:K09806
bum:AXG89_07025	ko:K04752
bum:AXG89_07030	ko:K03320
bum:AXG89_07035	ko:K01919
bum:AXG89_07040	ko:K01920
bum:AXG89_07045	ko:K02793
bum:AXG89_07050	ko:K02784
bum:AXG89_07055	ko:K08483
bum:AXG89_07065	ko:K21029
bum:AXG89_07070	ko:K03797
bum:AXG89_07075	ko:K01834
bum:AXG89_07085	ko:K03676
bum:AXG89_07090	ko:K03071
bum:AXG89_07095	ko:K00057
bum:AXG89_07100	ko:K03216
bum:AXG89_07110	ko:K02169
bum:AXG89_07120	ko:K02275
bum:AXG89_07125	ko:K02274
bum:AXG89_07130	ko:K02258
bum:AXG89_07140	ko:K02276
bum:AXG89_07150	ko:K14998
bum:AXG89_07160	ko:K02259
bum:AXG89_07165	ko:K02257
bum:AXG89_07170	ko:K07152
bum:AXG89_07180	ko:K01443
bum:AXG89_07185	ko:K00820
bum:AXG89_07190	ko:K23993
bum:AXG89_07195	ko:K02804
bum:AXG89_07205	ko:K02297
bum:AXG89_07210	ko:K02298
bum:AXG89_07215	ko:K02299
bum:AXG89_07220	ko:K02300
bum:AXG89_07225	ko:K03089
bum:AXG89_07230	ko:K12976
bum:AXG89_07240	ko:K01649
bum:AXG89_07250	ko:K16165
bum:AXG89_07255	ko:K01800
bum:AXG89_07260	ko:K06895
bum:AXG89_07265	ko:K03110
bum:AXG89_07270	ko:K08316
bum:AXG89_07275	ko:K00954
bum:AXG89_07285	ko:K00817
bum:AXG89_07290	ko:K01056
bum:AXG89_07295	ko:K02897
bum:AXG89_07300	ko:K00948
bum:AXG89_07305	ko:K14223
bum:AXG89_07310	ko:K00919
bum:AXG89_07315	ko:K02494
bum:AXG89_07325	ko:K10563
bum:AXG89_07330	ko:K03575
bum:AXG89_07335	ko:K07157
bum:AXG89_07340	ko:K06958
bum:AXG89_07345	ko:K06023
bum:AXG89_07350	ko:K02806
bum:AXG89_07355	ko:K05808
bum:AXG89_07360	ko:K03092
bum:AXG89_07365	ko:K06861
bum:AXG89_07370	ko:K09774
bum:AXG89_07375	ko:K11719
bum:AXG89_07380	ko:K03270
bum:AXG89_07385	ko:K06041
bum:AXG89_07390	ko:K03455
bum:AXG89_07395	ko:K00759
bum:AXG89_07410	ko:K01433
bum:AXG89_07420	ko:K03701
bum:AXG89_07425	ko:K00986
bum:AXG89_07440	ko:K03111
bum:AXG89_07470	ko:K06899
bum:AXG89_07515	ko:K01857
bum:AXG89_07525	ko:K01439
bum:AXG89_07535	ko:K15785
bum:AXG89_07540	ko:K00128
bum:AXG89_07545	ko:K06016
bum:AXG89_07555	ko:K02030
bum:AXG89_07560	ko:K02028
bum:AXG89_07565	ko:K02029
bum:AXG89_07600	ko:K03549
bum:AXG89_07625	ko:K03741
bum:AXG89_07635	ko:K05874
bum:AXG89_07745	ko:K03424
bum:AXG89_07760	ko:K07687
bum:AXG89_07765	ko:K07687
bum:AXG89_07775	ko:K06188
bum:AXG89_07790	ko:K03285
bum:AXG89_07830	ko:K06015
bum:AXG89_07845	ko:K06879
bum:AXG89_07850	ko:K01081
bum:AXG89_07855	ko:K01754
bum:AXG89_07880	ko:K03183
bum:AXG89_07890	ko:K03690
bum:AXG89_07895	ko:K03688
bum:AXG89_07915	ko:K01876
bum:AXG89_07920	ko:K08310
bum:AXG89_07925	ko:K06131
bum:AXG89_07935	ko:K20035
bum:AXG89_07940	ko:K07516
bum:AXG89_07945	ko:K00632
bum:AXG89_07955	ko:K02379
bum:AXG89_07970	ko:K10806
bum:AXG89_07975	ko:K24821
bum:AXG89_07980	ko:K02575
bum:AXG89_07985	ko:K21645
bum:AXG89_07990	ko:K00261
bum:AXG89_07995	ko:K10001
bum:AXG89_08000	ko:K10003
bum:AXG89_08005	ko:K10002
bum:AXG89_08010	ko:K10004
bum:AXG89_08015	ko:K09946
bum:AXG89_08025	ko:K01465
bum:AXG89_08035	ko:K01978
bum:AXG89_08040	ko:K07397
bum:AXG89_08045	ko:K02871
bum:AXG89_08050	ko:K02996
bum:AXG89_08055	ko:K15724
bum:AXG89_08060	ko:K09001
bum:AXG89_08065	ko:K01866
bum:AXG89_08070	ko:K07560
bum:AXG89_08075	ko:K15634
bum:AXG89_08080	ko:K03551
bum:AXG89_08085	ko:K03550
bum:AXG89_08090	ko:K01159
bum:AXG89_08095	ko:K00602
bum:AXG89_08100	ko:K03557
bum:AXG89_08105	ko:K05540
bum:AXG89_08110	ko:K03185
bum:AXG89_08115	ko:K01262
bum:AXG89_08120	ko:K25137
bum:AXG89_08130	ko:K00325
bum:AXG89_08135	ko:K00324
bum:AXG89_08140	ko:K00324
bum:AXG89_08150	ko:K00566
bum:AXG89_08155	ko:K16137
bum:AXG89_08170	ko:K09857
bum:AXG89_08175	ko:K06192
bum:AXG89_08180	ko:K03808
bum:AXG89_08215	ko:K09803
bum:AXG89_08220	ko:K03074
bum:AXG89_08225	ko:K03072
bum:AXG89_08230	ko:K03210
bum:AXG89_08235	ko:K00773
bum:AXG89_08240	ko:K07568
bum:AXG89_08245	ko:K03655
bum:AXG89_08250	ko:K04761
bum:AXG89_08255	ko:K03781
bum:AXG89_08260	ko:K04047
bum:AXG89_08265	ko:K03179
bum:AXG89_08270	ko:K00286
bum:AXG89_08275	ko:K06997
bum:AXG89_08280	ko:K11473
bum:AXG89_08285	ko:K11472
bum:AXG89_08290	ko:K00104
bum:AXG89_08295	ko:K00102
bum:AXG89_08300	ko:K00798
bum:AXG89_08305	ko:K01626
bum:AXG89_08310	ko:K03568
bum:AXG89_08315	ko:K11206
bum:AXG89_08325	ko:K00982
bum:AXG89_08335	ko:K03631
bum:AXG89_08340	ko:K00858
bum:AXG89_08345	ko:K03705
bum:AXG89_08350	ko:K01772
bum:AXG89_08355	ko:K04762
bum:AXG89_08360	ko:K03687
bum:AXG89_08370	ko:K04043
bum:AXG89_08375	ko:K03686
bum:AXG89_08380	ko:K03342
bum:AXG89_08385	ko:K00606
bum:AXG89_08395	ko:K00950
bum:AXG89_08400	ko:K00970
bum:AXG89_08405	ko:K28842
bum:AXG89_08410	ko:K10763
bum:AXG89_08415	ko:K01933
bum:AXG89_08425	ko:K03743
bum:AXG89_08430	ko:K01095
bum:AXG89_08435	ko:K00946
bum:AXG89_08440	ko:K00029
bum:AXG89_08445	ko:K01167
bum:AXG89_08455	ko:K09761
bum:AXG89_08465	ko:K00615
bum:AXG89_08470	ko:K00134
bum:AXG89_08475	ko:K03711
bum:AXG89_08480	ko:K06186
bum:AXG89_08485	ko:K00215
bum:AXG89_08490	ko:K03561
bum:AXG89_08495	ko:K03559
bum:AXG89_08500	ko:K01869
bum:AXG89_08505	ko:K03643
bum:AXG89_08510	ko:K02340
bum:AXG89_08515	ko:K00147
bum:AXG89_08520	ko:K08973
bum:AXG89_08525	ko:K06201
bum:AXG89_08535	ko:K12541
bum:AXG89_08540	ko:K12542
bum:AXG89_08545	ko:K12543
bum:AXG89_08550	ko:K21449
bum:AXG89_08555	ko:K19337
bum:AXG89_08560	ko:K01690
bum:AXG89_08565	ko:K01625
bum:AXG89_08570	ko:K03299
bum:AXG89_08575	ko:K00851
bum:AXG89_08580	ko:K20276
bum:AXG89_08610	ko:K01756
bum:AXG89_08615	ko:K21495
bum:AXG89_08620	ko:K07062
bum:AXG89_08625	ko:K00992
bum:AXG89_08630	ko:K07102
bum:AXG89_08635	ko:K04744
bum:AXG89_08640	ko:K03771
bum:AXG89_08645	ko:K00097
bum:AXG89_08650	ko:K02528
bum:AXG89_08670	ko:K01759
bum:AXG89_08680	ko:K00655
bum:AXG89_08685	ko:K03273
bum:AXG89_08690	ko:K01879
bum:AXG89_08705	ko:K03820
bum:AXG89_08710	ko:K06189
bum:AXG89_08715	ko:K07232
bum:AXG89_08720	ko:K07042
bum:AXG89_08725	ko:K06217
bum:AXG89_08730	ko:K06168
bum:AXG89_08745	ko:K19577
bum:AXG89_08755	ko:K02858
bum:AXG89_08765	ko:K00111
bum:AXG89_08780	ko:K02444
bum:AXG89_08795	ko:K11927
bum:AXG89_08800	ko:K11068
bum:AXG89_08815	ko:K07245
bum:AXG89_08825	ko:K01684
bum:AXG89_08850	ko:K14230
bum:AXG89_08870	ko:K03553
bum:AXG89_08875	ko:K03565
bum:AXG89_08885	ko:K01903
bum:AXG89_08890	ko:K01902
bum:AXG89_08900	ko:K02650
bum:AXG89_08910	ko:K03637
bum:AXG89_08915	ko:K01423
bum:AXG89_08925	ko:K07019
bum:AXG89_08935	ko:K02843
bum:AXG89_08945	ko:K00826
bum:AXG89_08950	ko:K26605
bum:AXG89_08955	ko:K26606
bum:AXG89_08960	ko:K00927
bum:AXG89_08965	ko:K00873
bum:AXG89_08970	ko:K01624
bum:AXG89_08975	ko:K01923
bum:AXG89_08980	ko:K01588
bum:AXG89_08985	ko:K01589
bum:AXG89_08990	ko:K07566
bum:AXG89_09000	ko:K07259
bum:AXG89_09010	ko:K12373
bum:AXG89_09015	ko:K02483
bum:AXG89_09020	ko:K02484
bum:AXG89_09025	ko:K04771
bum:AXG89_09040	ko:K09386
bum:AXG89_09045	ko:K03577
bum:AXG89_09050	ko:K03585
bum:AXG89_09055	ko:K18138
bum:AXG89_09065	ko:K24206
bum:AXG89_09070	ko:K29027
bum:AXG89_09075	ko:K00121
bum:AXG89_09080	ko:K01070
bum:AXG89_09085	ko:K02075
bum:AXG89_09090	ko:K02074
bum:AXG89_09095	ko:K02077
bum:AXG89_09100	ko:K21620
bum:AXG89_09105	ko:K10227
bum:AXG89_09110	ko:K10228
bum:AXG89_09115	ko:K10229
bum:AXG89_09125	ko:K10111
bum:AXG89_09135	ko:K00854
bum:AXG89_09140	ko:K00007
bum:AXG89_09150	ko:K00451
bum:AXG89_09155	ko:K19577
bum:AXG89_09165	ko:K06953
bum:AXG89_09170	ko:K03724
bum:AXG89_09180	ko:K07577
bum:AXG89_09185	ko:K03778
bum:AXG89_09195	ko:K07085
bum:AXG89_09200	ko:K07085
bum:AXG89_09215	ko:K02031
bum:AXG89_09215	ko:K02032
bum:AXG89_09220	ko:K02034
bum:AXG89_09225	ko:K02033
bum:AXG89_09230	ko:K02035
bum:AXG89_09240	ko:K02355
bum:AXG89_09245	ko:K09005
bum:AXG89_09255	ko:K06181
bum:AXG89_09260	ko:K00031
bum:AXG89_09265	ko:K03704
bum:AXG89_09270	ko:K06891
bum:AXG89_09275	ko:K03694
bum:AXG89_09280	ko:K03293
bum:AXG89_09290	ko:K10439
bum:AXG89_09295	ko:K10441
bum:AXG89_09300	ko:K10440
bum:AXG89_09305	ko:K21621
bum:AXG89_09310	ko:K16371
bum:AXG89_09315	ko:K01520
bum:AXG89_09325	ko:K13038
bum:AXG89_09330	ko:K03101
bum:AXG89_09335	ko:K01870
bum:AXG89_09340	ko:K11753
bum:AXG89_09345	ko:K11175
bum:AXG89_09350	ko:K03500
bum:AXG89_09355	ko:K00507
bum:AXG89_09360	ko:K03517
bum:AXG89_09365	ko:K00767
bum:AXG89_09370	ko:K10018
bum:AXG89_09375	ko:K10020
bum:AXG89_09380	ko:K10019
bum:AXG89_09385	ko:K10021
bum:AXG89_09395	ko:K01712
bum:AXG89_09400	ko:K09975
bum:AXG89_09405	ko:K01468
bum:AXG89_09410	ko:K05603
bum:AXG89_09415	ko:K01458
bum:AXG89_09420	ko:K00278
bum:AXG89_09425	ko:K02913
bum:AXG89_09430	ko:K02902
bum:AXG89_09435	ko:K03630
bum:AXG89_09440	ko:K03774
bum:AXG89_09445	ko:K03527
bum:AXG89_09450	ko:K01999
bum:AXG89_09455	ko:K01997
bum:AXG89_09460	ko:K01998
bum:AXG89_09465	ko:K01995
bum:AXG89_09470	ko:K01996
bum:AXG89_09480	ko:K00821
bum:AXG89_09485	ko:K00523
bum:AXG89_09500	ko:K06183
bum:AXG89_09505	ko:K00156
bum:AXG89_09535	ko:K14228
bum:AXG89_09545	ko:K13634
bum:AXG89_09550	ko:K00381
bum:AXG89_09560	ko:K00390
bum:AXG89_09565	ko:K00957
bum:AXG89_09570	ko:K00956
bum:AXG89_09575	ko:K02303
bum:AXG89_09580	ko:K07154
bum:AXG89_09590	ko:K03795
bum:AXG89_09595	ko:K11720
bum:AXG89_09600	ko:K07091
bum:AXG89_09605	ko:K01255
bum:AXG89_09610	ko:K02339
bum:AXG89_09620	ko:K08738
bum:AXG89_09625	ko:K01687
bum:AXG89_09635	ko:K13292
bum:AXG89_09650	ko:K28358
bum:AXG89_09655	ko:K09888
bum:AXG89_09665	ko:K16092
bum:AXG89_09670	ko:K02015
bum:AXG89_09675	ko:K02013
bum:AXG89_09680	ko:K00768
bum:AXG89_09685	ko:K02233
bum:AXG89_09690	ko:K02226
bum:AXG89_09695	ko:K02016
bum:AXG89_09700	ko:K02225
bum:AXG89_09705	ko:K02227
bum:AXG89_09710	ko:K02231
bum:AXG89_09715	ko:K02232
bum:AXG89_09725	ko:K03496
bum:AXG89_09730	ko:K01579
bum:AXG89_09735	ko:K01918
bum:AXG89_09740	ko:K05896
bum:AXG89_09755	ko:K07278
bum:AXG89_09760	ko:K09800
bum:AXG89_09765	ko:K01874
bum:AXG89_09775	ko:K03593
bum:AXG89_09780	ko:K04565
bum:AXG89_09785	ko:K01494
bum:AXG89_09790	ko:K01584
bum:AXG89_09795	ko:K08994
bum:AXG89_09800	ko:K01755
bum:AXG89_09810	ko:K03088
bum:AXG89_09825	ko:K01595
bum:AXG89_09830	ko:K01749
bum:AXG89_09835	ko:K13543
bum:AXG89_09840	ko:K02498
bum:AXG89_09845	ko:K12340
bum:AXG89_09855	ko:K00573
bum:AXG89_09875	ko:K00384
bum:AXG89_09880	ko:K03466
bum:AXG89_09885	ko:K03634
bum:AXG89_09890	ko:K03457
bum:AXG89_09895	ko:K07478
bum:AXG89_09900	ko:K01875
bum:AXG89_09905	ko:K14233
bum:AXG89_09925	ko:K01265
bum:AXG89_09935	ko:K03610
bum:AXG89_09940	ko:K03609
bum:AXG89_09945	ko:K03608
bum:AXG89_09955	ko:K03281
bum:AXG89_09975	ko:K03832
bum:AXG89_09985	ko:K03566
bum:AXG89_09995	ko:K09667
bum:AXG89_10005	ko:K14233
bum:AXG89_10010	ko:K00986
bum:AXG89_10025	ko:K01519
bum:AXG89_10030	ko:K00989
bum:AXG89_10045	ko:K00942
bum:AXG89_10050	ko:K03060
bum:AXG89_10055	ko:K01139
bum:AXG89_10065	ko:K14219
bum:AXG89_10070	ko:K14219
bum:AXG89_10075	ko:K04760
bum:AXG89_10080	ko:K03285
bum:AXG89_10090	ko:K02342
bum:AXG89_10095	ko:K04093
bum:AXG89_10100	ko:K12340
bum:AXG89_10105	ko:K15547
bum:AXG89_10110	ko:K15549
bum:AXG89_10120	ko:K14234
bum:AXG89_10125	ko:K03841
bum:AXG89_10130	ko:K01256
bum:AXG89_10160	ko:K01841
bum:AXG89_10165	ko:K09459
bum:AXG89_10170	ko:K03430
bum:AXG89_10180	ko:K01487
bum:AXG89_10185	ko:K06901
bum:AXG89_10190	ko:K21053
bum:AXG89_10195	ko:K07402
bum:AXG89_10200	ko:K13482
bum:AXG89_10205	ko:K13481
bum:AXG89_10210	ko:K03611
bum:AXG89_10215	ko:K02433
bum:AXG89_10230	ko:K18138
bum:AXG89_10235	ko:K03585
bum:AXG89_10240	ko:K02495
bum:AXG89_10245	ko:K06940
bum:AXG89_10255	ko:K06153
bum:AXG89_10260	ko:K03439
bum:AXG89_10265	ko:K14225
bum:AXG89_10270	ko:K02221
bum:AXG89_10280	ko:K22589
bum:AXG89_10295	ko:K03182
bum:AXG89_10310	ko:K03625
bum:AXG89_10315	ko:K00794
bum:AXG89_10320	ko:K14652
bum:AXG89_10325	ko:K00793
bum:AXG89_10330	ko:K11752
bum:AXG89_10335	ko:K01845
bum:AXG89_10340	ko:K07552
bum:AXG89_10345	ko:K01322
bum:AXG89_10350	ko:K10112
bum:AXG89_10355	ko:K17317
bum:AXG89_10360	ko:K17316
bum:AXG89_10365	ko:K17315
bum:AXG89_10370	ko:K00036
bum:AXG89_10375	ko:K01057
bum:AXG89_10380	ko:K00845
bum:AXG89_10405	ko:K10017
bum:AXG89_10410	ko:K10015
bum:AXG89_10415	ko:K10016
bum:AXG89_10420	ko:K06911
bum:AXG89_10425	ko:K06006
bum:AXG89_10430	ko:K07659
bum:AXG89_10435	ko:K07638
bum:AXG89_10450	ko:K02050
bum:AXG89_10455	ko:K02049
bum:AXG89_10510	ko:K00697
bum:AXG89_10520	ko:K07058
bum:AXG89_10525	ko:K03092
bum:AXG89_10555	ko:K08995
bum:AXG89_10560	ko:K05520
bum:AXG89_10565	ko:K08169
bum:AXG89_10615	ko:K14219
bum:AXG89_10645	ko:K15738
bum:AXG89_10650	ko:K02622
bum:AXG89_10655	ko:K02621
bum:AXG89_10680	ko:K05825
bum:AXG89_10695	ko:K04079
bum:AXG89_10705	ko:K08194
bum:AXG89_10740	ko:K03307
bum:AXG89_10750	ko:K04750
bum:AXG89_10755	ko:K00616
bum:AXG89_10760	ko:K05782
bum:AXG89_10765	ko:K09989
bum:AXG89_10790	ko:K10773
bum:AXG89_10795	ko:K03616
bum:AXG89_10810	ko:K05973
bum:AXG89_10825	ko:K07404
bum:AXG89_10830	ko:K16074
bum:AXG89_10835	ko:K03466
bum:AXG89_10845	ko:K08289
bum:AXG89_10865	ko:K11927
bum:AXG89_10870	ko:K01894
bum:AXG89_10880	ko:K02337
bum:AXG89_10920	ko:K11085
bum:AXG89_10940	ko:K13924
bum:AXG89_10950	ko:K09803
bum:AXG89_10960	ko:K08301
bum:AXG89_10965	ko:K06287
bum:AXG89_10970	ko:K00783
bum:AXG89_10975	ko:K09710
bum:AXG89_10980	ko:K00969
bum:AXG89_10985	ko:K00228
bum:AXG89_10990	ko:K01945
bum:AXG89_11000	ko:K00761
bum:AXG89_11005	ko:K00059
bum:AXG89_11010	ko:K01734
bum:AXG89_11015	ko:K00344
bum:AXG89_11020	ko:K07646
bum:AXG89_11025	ko:K07667
bum:AXG89_11035	ko:K07789
bum:AXG89_11040	ko:K07788
bum:AXG89_11045	ko:K07799
bum:AXG89_11050	ko:K20329
bum:AXG89_11065	ko:K22044
bum:AXG89_11075	ko:K05800
bum:AXG89_11090	ko:K03583
bum:AXG89_11095	ko:K03582
bum:AXG89_11100	ko:K03581
bum:AXG89_11105	ko:K15034
bum:AXG89_11110	ko:K03303
bum:AXG89_11120	ko:K04062
bum:AXG89_11125	ko:K03147
bum:AXG89_11150	ko:K03594
bum:AXG89_11170	ko:K14228
bum:AXG89_11180	ko:K24915
bum:AXG89_11185	ko:K07095
bum:AXG89_11190	ko:K03762
bum:AXG89_11200	ko:K14682
bum:AXG89_11205	ko:K03578
bum:AXG89_11215	ko:K21449
bum:AXG89_11245	ko:K01915
bum:AXG89_11250	ko:K07708
bum:AXG89_11255	ko:K07712
bum:AXG89_11260	ko:K01142
bum:AXG89_11275	ko:K01485
bum:AXG89_11280	ko:K01414
bum:AXG89_11285	ko:K01491
bum:AXG89_11300	ko:K00163
bum:AXG89_11305	ko:K00627
bum:AXG89_11310	ko:K00382
bum:AXG89_11325	ko:K07262
bum:AXG89_11345	ko:K25307
bum:AXG89_11350	ko:K13643
bum:AXG89_11355	ko:K04487
bum:AXG89_11360	ko:K04488
bum:AXG89_11365	ko:K13628
bum:AXG89_11370	ko:K04082
bum:AXG89_11375	ko:K04044
bum:AXG89_11380	ko:K04755
bum:AXG89_11395	ko:K04567
bum:AXG89_11400	ko:K02836
bum:AXG89_11405	ko:K07462
bum:AXG89_11415	ko:K21498
bum:AXG89_11420	ko:K07334
bum:AXG89_11425	ko:K09808
bum:AXG89_11430	ko:K09810
bum:AXG89_11435	ko:K03424
bum:AXG89_11440	ko:K02238
bum:AXG89_11450	ko:K01937
bum:AXG89_11455	ko:K01627
bum:AXG89_11465	ko:K01689
bum:AXG89_11470	ko:K05589
bum:AXG89_11480	ko:K04083
bum:AXG89_11485	ko:K28956
bum:AXG89_11500	ko:K07053
bum:AXG89_11515	ko:K01867
bum:AXG89_11525	ko:K01714
bum:AXG89_11530	ko:K07287
bum:AXG89_11545	ko:K18850
bum:AXG89_11550	ko:K03775
bum:AXG89_11560	ko:K03555
bum:AXG89_11570	ko:K08227
bum:AXG89_11575	ko:K01092
bum:AXG89_11580	ko:K02533
bum:AXG89_11585	ko:K00640
bum:AXG89_11590	ko:K03269
bum:AXG89_11595	ko:K03768
bum:AXG89_11600	ko:K03767
bum:AXG89_11610	ko:K01883
bum:AXG89_11615	ko:K01247
bum:AXG89_11620	ko:K01962
bum:AXG89_11625	ko:K04075
bum:AXG89_11630	ko:K00928
bum:AXG89_11635	ko:K14233
bum:AXG89_11675	ko:K00208
bum:AXG89_11680	ko:K13893
bum:AXG89_11685	ko:K13894
bum:AXG89_11690	ko:K13895
bum:AXG89_11695	ko:K13896
bum:AXG89_11720	ko:K07001
bum:AXG89_11725	ko:K01885
bum:AXG89_11730	ko:K14218
bum:AXG89_11735	ko:K14224
bum:AXG89_11740	ko:K14221
bum:AXG89_11775	ko:K01637
bum:AXG89_11795	ko:K14742
bum:AXG89_11800	ko:K03789
bum:AXG89_11805	ko:K21929
bum:AXG89_11810	ko:K09977
bum:AXG89_11815	ko:K00941
bum:AXG89_11820	ko:K00788
bum:AXG89_11825	ko:K00878
bum:AXG89_11830	ko:K08227
bum:AXG89_11835	ko:K01775
bum:AXG89_11840	ko:K04485
bum:AXG89_11850	ko:K06158
bum:AXG89_11855	ko:K00432
bum:AXG89_11865	ko:K13875
bum:AXG89_11870	ko:K13876
bum:AXG89_11875	ko:K06131
bum:AXG89_11880	ko:K07320
bum:AXG89_11885	ko:K01439
bum:AXG89_11895	ko:K00674
bum:AXG89_11900	ko:K14267
bum:AXG89_11905	ko:K03529
bum:AXG89_11915	ko:K01972
bum:AXG89_11920	ko:K01462
bum:AXG89_11930	ko:K06182
bum:AXG89_11940	ko:K00990
bum:AXG89_11945	ko:K01265
bum:AXG89_11955	ko:K02967
bum:AXG89_11960	ko:K02357
bum:AXG89_11965	ko:K09903
bum:AXG89_11970	ko:K02838
bum:AXG89_11975	ko:K00806
bum:AXG89_11980	ko:K00981
bum:AXG89_11985	ko:K00099
bum:AXG89_11990	ko:K11749
bum:AXG89_11995	ko:K07277
bum:AXG89_12000	ko:K06142
bum:AXG89_12005	ko:K02536
bum:AXG89_12010	ko:K02372
bum:AXG89_12015	ko:K00677
bum:AXG89_12020	ko:K00748
bum:AXG89_12025	ko:K03470
bum:AXG89_12030	ko:K03437
bum:AXG89_12035	ko:K09773
bum:AXG89_12040	ko:K01007
bum:AXG89_12055	ko:K03664
bum:AXG89_12065	ko:K09801
bum:AXG89_12070	ko:K00088
bum:AXG89_12080	ko:K01951
bum:AXG89_12085	ko:K00117
bum:AXG89_12095	ko:K00384
bum:AXG89_12100	ko:K03832
bum:AXG89_12105	ko:K03559
bum:AXG89_12110	ko:K03561
bum:AXG89_12145	ko:K11209
bum:AXG89_12165	ko:K08641
bum:AXG89_12170	ko:K02035
bum:AXG89_12175	ko:K02033
bum:AXG89_12180	ko:K02034
bum:AXG89_12185	ko:K02031
bum:AXG89_12190	ko:K02032
bum:AXG89_12200	ko:K11991
bum:AXG89_12205	ko:K01297
bum:AXG89_12220	ko:K03457
bum:AXG89_12225	ko:K16841
bum:AXG89_12230	ko:K16842
bum:AXG89_12235	ko:K13485
bum:AXG89_12240	ko:K01477
bum:AXG89_12245	ko:K01483
bum:AXG89_12255	ko:K07127
bum:AXG89_12260	ko:K18456
bum:AXG89_12270	ko:K23537
bum:AXG89_12275	ko:K23535
bum:AXG89_12280	ko:K23536
bum:AXG89_12285	ko:K07335
bum:AXG89_12290	ko:K09165
bum:AXG89_12300	ko:K03282
bum:AXG89_12310	ko:K01214
bum:AXG89_12320	ko:K03969
bum:AXG89_12340	ko:K05366
bum:AXG89_12345	ko:K09796
bum:AXG89_12350	ko:K07156
bum:AXG89_12360	ko:K14230
bum:AXG89_12365	ko:K21449
bum:AXG89_12375	ko:K03297
bum:AXG89_12420	ko:K05539
bum:AXG89_12425	ko:K14226
bum:AXG89_12440	ko:K00615
bum:AXG89_12445	ko:K00033
bum:AXG89_12450	ko:K09694
bum:AXG89_12455	ko:K09695
bum:AXG89_12480	ko:K01356
bum:AXG89_12485	ko:K23163
bum:AXG89_12490	ko:K02046
bum:AXG89_12495	ko:K02047
bum:AXG89_12500	ko:K02045
bum:AXG89_12505	ko:K13635
bum:AXG89_12510	ko:K01424
bum:AXG89_12515	ko:K18234
bum:AXG89_12525	ko:K00042
bum:AXG89_12530	ko:K01816
bum:AXG89_12535	ko:K01608
bum:AXG89_12545	ko:K02990
bum:AXG89_12550	ko:K02686
bum:AXG89_12555	ko:K02963
bum:AXG89_12560	ko:K02939
bum:AXG89_12565	ko:K02314
bum:AXG89_12570	ko:K07220
bum:AXG89_12575	ko:K03306
bum:AXG89_12590	ko:K07175
bum:AXG89_12595	ko:K03564
bum:AXG89_12600	ko:K13014
bum:AXG89_12610	ko:K00604
bum:AXG89_12615	ko:K10012
bum:AXG89_12640	ko:K14260
bum:AXG89_12645	ko:K00003
bum:AXG89_12650	ko:K01733
bum:AXG89_12660	ko:K00459
bum:AXG89_12665	ko:K06938
bum:AXG89_12675	ko:K03322
bum:AXG89_12680	ko:K11073
bum:AXG89_12685	ko:K11076
bum:AXG89_12690	ko:K11075
bum:AXG89_12695	ko:K11074
bum:AXG89_12700	ko:K01754
bum:AXG89_12705	ko:K07075
bum:AXG89_12710	ko:K01438
bum:AXG89_12715	ko:K03723
bum:AXG89_12720	ko:K00991
bum:AXG89_12725	ko:K01770
bum:AXG89_12730	ko:K04756
bum:AXG89_12735	ko:K24126
bum:AXG89_12740	ko:K07638
bum:AXG89_12745	ko:K07659
bum:AXG89_12760	ko:K02291
bum:AXG89_12780	ko:K01358
bum:AXG89_12785	ko:K14228
bum:AXG89_12795	ko:K02014
bum:AXG89_12805	ko:K00865
bum:AXG89_12810	ko:K03545
bum:AXG89_12815	ko:K01358
bum:AXG89_12820	ko:K03544
bum:AXG89_12825	ko:K01338
bum:AXG89_12830	ko:K03530
bum:AXG89_12835	ko:K14237
bum:AXG89_12845	ko:K01999
bum:AXG89_12850	ko:K00285
bum:AXG89_12855	ko:K05597
bum:AXG89_12865	ko:K03762
bum:AXG89_12870	ko:K01501
bum:AXG89_12885	ko:K08161
bum:AXG89_12915	ko:K02049
bum:AXG89_12920	ko:K02051
bum:AXG89_12930	ko:K01703
bum:AXG89_12935	ko:K01704
bum:AXG89_12940	ko:K08369
bum:AXG89_12955	ko:K01644
bum:AXG89_12975	ko:K08194
bum:AXG89_12980	ko:K01703
bum:AXG89_12985	ko:K01704
bum:AXG89_13000	ko:K03412
bum:AXG89_13010	ko:K01644
bum:AXG89_13020	ko:K18982
bum:AXG89_13025	ko:K02106
bum:AXG89_13030	ko:K01720
bum:AXG89_13055	ko:K14221
bum:AXG89_13060	ko:K06145
bum:AXG89_13065	ko:K22186
bum:AXG89_13075	ko:K00042
bum:AXG89_13085	ko:K03770
bum:AXG89_13095	ko:K10804
bum:AXG89_13100	ko:K02003
bum:AXG89_13105	ko:K01810
bum:AXG89_13110	ko:K23997
bum:AXG89_13120	ko:K01952
bum:AXG89_13125	ko:K03769
bum:AXG89_13130	ko:K05527
bum:AXG89_13135	ko:K06190
bum:AXG89_13140	ko:K07305
bum:AXG89_13145	ko:K08997
bum:AXG89_13150	ko:K20034
bum:AXG89_13155	ko:K07516
bum:AXG89_13160	ko:K08281
bum:AXG89_13165	ko:K00632
bum:AXG89_13180	ko:K23256
bum:AXG89_13200	ko:K06980
bum:AXG89_13205	ko:K07082
bum:AXG89_13210	ko:K00943
bum:AXG89_13215	ko:K02341
bum:AXG89_13225	ko:K03424
bum:AXG89_13230	ko:K06867
bum:AXG89_13245	ko:K00697
bum:AXG89_13275	ko:K10439
bum:AXG89_13280	ko:K10441
bum:AXG89_13285	ko:K02529
bum:AXG89_13290	ko:K05874
bum:AXG89_13300	ko:K07180
bum:AXG89_13305	ko:K09786
bum:AXG89_13310	ko:K06415
bum:AXG89_13335	ko:K23107
bum:AXG89_13360	ko:K04047
bum:AXG89_13375	ko:K27838
bum:AXG89_13380	ko:K13075
bum:AXG89_13385	ko:K10439
bum:AXG89_13390	ko:K10441
bum:AXG89_13395	ko:K10440
bum:AXG89_13410	ko:K00043
bum:AXG89_13440	ko:K08161
bum:AXG89_13490	ko:K26399
bum:AXG89_13495	ko:K26580
bum:AXG89_13505	ko:K03786
bum:AXG89_13515	ko:K08194
bum:AXG89_13520	ko:K00457
bum:AXG89_13525	ko:K26400
bum:AXG89_13530	ko:K08172
bum:AXG89_13535	ko:K02624
bum:AXG89_13540	ko:K21757
bum:AXG89_13545	ko:K13021
bum:AXG89_13550	ko:K10220
bum:AXG89_13560	ko:K00817
bum:AXG89_13575	ko:K02030
bum:AXG89_13580	ko:K02029
bum:AXG89_13585	ko:K02029
bum:AXG89_13595	ko:K05836
bum:AXG89_13600	ko:K01745
bum:AXG89_13605	ko:K05835
bum:AXG89_13610	ko:K02030
bum:AXG89_13625	ko:K22278
bum:AXG89_13630	ko:K03566
bum:AXG89_13660	ko:K21620
bum:AXG89_13670	ko:K06859
bum:AXG89_13680	ko:K10439
bum:AXG89_13685	ko:K10441
bum:AXG89_13690	ko:K10440
bum:AXG89_13695	ko:K19337
bum:AXG89_13700	ko:K06998
bum:AXG89_13705	ko:K07684
bum:AXG89_13725	ko:K00005
bum:AXG89_13735	ko:K00854
bum:AXG89_13740	ko:K10439
bum:AXG89_13745	ko:K10440
bum:AXG89_13750	ko:K10441
bum:AXG89_13760	ko:K02014
bum:AXG89_13770	ko:K22895
bum:AXG89_13780	ko:K06867
bum:AXG89_13805	ko:K07248
bum:AXG89_13810	ko:K26602
bum:AXG89_13815	ko:K01684
bum:AXG89_13825	ko:K03566
bum:AXG89_13830	ko:K24160
bum:AXG89_13865	ko:K02525
bum:AXG89_13870	ko:K00090
bum:AXG89_13880	ko:K00874
bum:AXG89_13905	ko:K00799
bum:AXG89_13910	ko:K06222
bum:AXG89_13915	ko:K03281
bum:AXG89_13935	ko:K18302
bum:AXG89_13940	ko:K18303
bum:AXG89_13955	ko:K11444
bum:AXG89_13960	ko:K13491
bum:AXG89_13965	ko:K13490
bum:AXG89_13970	ko:K13489
bum:AXG89_13975	ko:K13486
bum:AXG89_13980	ko:K13488
bum:AXG89_13985	ko:K13487
bum:AXG89_13990	ko:K07154
bum:AXG89_14000	ko:K07290
bum:AXG89_14005	ko:K02068
bum:AXG89_14010	ko:K02069
bum:AXG89_14025	ko:K11354
bum:AXG89_14040	ko:K01971
bum:AXG89_14045	ko:K10979
bum:AXG89_14070	ko:K09803
bum:AXG89_14085	ko:K01079
bum:AXG89_14090	ko:K01760
bum:AXG89_14100	ko:K00626
bum:AXG89_14105	ko:K14441
bum:AXG89_14125	ko:K00023
bum:AXG89_14130	ko:K00626
bum:AXG89_14135	ko:K03821
bum:AXG89_14140	ko:K05810
bum:AXG89_14145	ko:K06180
bum:AXG89_14150	ko:K05807
bum:AXG89_14155	ko:K03722
bum:AXG89_14170	ko:K06959
bum:AXG89_14175	ko:K03549
bum:AXG89_14180	ko:K07101
bum:AXG89_14185	ko:K01939
bum:AXG89_14190	ko:K02502
bum:AXG89_14195	ko:K09937
bum:AXG89_14200	ko:K04087
bum:AXG89_14205	ko:K04088
bum:AXG89_14210	ko:K03665
bum:AXG89_14215	ko:K03666
bum:AXG89_14220	ko:K03977
bum:AXG89_14225	ko:K17713
bum:AXG89_14235	ko:K01892
bum:AXG89_14240	ko:K03526
bum:AXG89_14245	ko:K15539
bum:AXG89_14250	ko:K06941
bum:AXG89_14255	ko:K00940
bum:AXG89_14260	ko:K19416
bum:AXG89_14265	ko:K03215
bum:AXG89_14270	ko:K07501
bum:AXG89_14275	ko:K03087
bum:AXG89_14280	ko:K06194
bum:AXG89_14285	ko:K00573
bum:AXG89_14290	ko:K03787
bum:AXG89_14295	ko:K00344
bum:AXG89_14300	ko:K15554
bum:AXG89_14305	ko:K15555
bum:AXG89_14310	ko:K15553
bum:AXG89_14315	ko:K18313
bum:AXG89_14325	ko:K06187
bum:AXG89_14330	ko:K09747
bum:AXG89_14335	ko:K02343
bum:AXG89_14340	ko:K01983
bum:AXG89_14345	ko:K03671
bum:AXG89_14350	ko:K03628
bum:AXG89_14360	ko:K03446
bum:AXG89_14365	ko:K09933
bum:AXG89_14370	ko:K02909
bum:AXG89_14385	ko:K06894
bum:AXG89_14390	ko:K05367
bum:AXG89_14395	ko:K02237
bum:AXG89_14410	ko:K03695
bum:AXG89_14415	ko:K13771
bum:AXG89_14430	ko:K03635
bum:AXG89_14435	ko:K03636
bum:AXG89_14440	ko:K03750
bum:AXG89_14450	ko:K00684
bum:AXG89_14455	ko:K21420
bum:AXG89_14460	ko:K00254
bum:AXG89_14465	ko:K02424
bum:AXG89_14470	ko:K10009
bum:AXG89_14475	ko:K03100
bum:AXG89_14480	ko:K22230
bum:AXG89_14490	ko:K16011
bum:AXG89_14550	ko:K02348
bum:AXG89_14560	ko:K00249
bum:AXG89_14575	ko:K01192
bum:AXG89_14585	ko:K01991
bum:AXG89_14590	ko:K16692
bum:AXG89_14615	ko:K01807
bum:AXG89_14625	ko:K11066
bum:AXG89_14630	ko:K03218
bum:AXG89_14635	ko:K12573
bum:AXG89_14640	ko:K14228
bum:AXG89_14645	ko:K01775
bum:AXG89_14650	ko:K14228
bum:AXG89_14660	ko:K05874
bum:AXG89_14680	ko:K03642
bum:AXG89_14685	ko:K00163
bum:AXG89_14690	ko:K03719
bum:AXG89_14700	ko:K08178
bum:AXG89_14710	ko:K06445
bum:AXG89_14715	ko:K00059
bum:AXG89_14725	ko:K00626
bum:AXG89_14740	ko:K03787
bum:AXG89_14750	ko:K27080
bum:AXG89_14760	ko:K27079
bum:AXG89_14765	ko:K12511
bum:AXG89_14770	ko:K12510
bum:AXG89_14775	ko:K02283
bum:AXG89_14780	ko:K02282
bum:AXG89_14785	ko:K02280
bum:AXG89_14790	ko:K02279
bum:AXG89_14795	ko:K12513
bum:AXG89_14800	ko:K02278
bum:AXG89_14825	ko:K06916
bum:AXG89_14830	ko:K00382
bum:AXG89_14835	ko:K00658
bum:AXG89_14840	ko:K00164
bum:AXG89_14845	ko:K06207
bum:AXG89_14855	ko:K18139
bum:AXG89_14860	ko:K03543
bum:AXG89_14865	ko:K03446
bum:AXG89_14870	ko:K03177
bum:AXG89_14875	ko:K02834
bum:AXG89_14880	ko:K02519
bum:AXG89_14885	ko:K02600
bum:AXG89_14890	ko:K09748
bum:AXG89_14895	ko:K06178
bum:AXG89_14900	ko:K06024
bum:AXG89_14920	ko:K07492
bum:AXG89_14955	ko:K07287
bum:AXG89_14970	ko:K03286
bum:AXG89_14975	ko:K21449
bum:AXG89_14980	ko:K08195
bum:AXG89_14985	ko:K01607
bum:AXG89_14990	ko:K01055
bum:AXG89_14995	ko:K01857
bum:AXG89_15000	ko:K07823
bum:AXG89_15005	ko:K01032
bum:AXG89_15010	ko:K01031
bum:AXG89_15015	ko:K02624
bum:AXG89_15035	ko:K14232
bum:AXG89_15055	ko:K04750
bum:AXG89_15070	ko:K04764
bum:AXG89_15075	ko:K01890
bum:AXG89_15080	ko:K01889
bum:AXG89_15085	ko:K02887
bum:AXG89_15090	ko:K02916
bum:AXG89_15095	ko:K02520
bum:AXG89_15100	ko:K01868
bum:AXG89_15105	ko:K14237
bum:AXG89_15110	ko:K00951
bum:AXG89_15125	ko:K01029
bum:AXG89_15130	ko:K01028
bum:AXG89_15140	ko:K07107
bum:AXG89_15150	ko:K00311
bum:AXG89_15155	ko:K01736
bum:AXG89_15170	ko:K01740
bum:AXG89_15185	ko:K07058
bum:AXG89_15190	ko:K03809
bum:AXG89_15220	ko:K05526
bum:AXG89_15225	ko:K01484
bum:AXG89_15230	ko:K06447
bum:AXG89_15235	ko:K00673
bum:AXG89_15240	ko:K00673
bum:AXG89_15245	ko:K00840
bum:AXG89_15250	ko:K21825
bum:AXG89_15255	ko:K10017
bum:AXG89_15285	ko:K02970
bum:AXG89_15290	ko:K14230
bum:AXG89_15295	ko:K03305
bum:AXG89_15300	ko:K16216
bum:AXG89_15310	ko:K02200
bum:AXG89_15320	ko:K02199
bum:AXG89_15325	ko:K02198
bum:AXG89_15330	ko:K02197
bum:AXG89_15340	ko:K02195
bum:AXG89_15345	ko:K02194
bum:AXG89_15350	ko:K02193
bum:AXG89_15355	ko:K02569
bum:AXG89_15360	ko:K02568
bum:AXG89_15365	ko:K02567
bum:AXG89_15370	ko:K02570
bum:AXG89_15375	ko:K02571
bum:AXG89_15380	ko:K11209
bum:AXG89_15385	ko:K01638
bum:AXG89_15390	ko:K07172
bum:AXG89_15400	ko:K14233
bum:AXG89_15405	ko:K14393
bum:AXG89_15415	ko:K01895
bum:AXG89_15430	ko:K01676
bum:AXG89_15435	ko:K03594
bum:AXG89_15440	ko:K01776
bum:AXG89_15445	ko:K02192
bum:AXG89_15450	ko:K03832
bum:AXG89_15455	ko:K03561
bum:AXG89_15460	ko:K03559
bum:AXG89_15465	ko:K13893
bum:AXG89_15470	ko:K13894
bum:AXG89_15475	ko:K13895
bum:AXG89_15480	ko:K13896
bum:AXG89_15520	ko:K14057
bum:AXG89_15525	ko:K10013
bum:AXG89_15530	ko:K06987
bum:AXG89_15550	ko:K00799
bum:AXG89_15555	ko:K13985
bum:AXG89_15565	ko:K00453
bum:AXG89_15570	ko:K01556
bum:AXG89_15575	ko:K01439
bum:AXG89_15580	ko:K07304
bum:AXG89_15585	ko:K06150
bum:AXG89_15590	ko:K07303
bum:AXG89_15595	ko:K07302
bum:AXG89_15615	ko:K05916
bum:AXG89_15620	ko:K12266
bum:AXG89_15635	ko:K02275
bum:AXG89_15640	ko:K02274
bum:AXG89_15670	ko:K20543
bum:AXG89_15675	ko:K20542
bum:AXG89_15680	ko:K20541
bum:AXG89_15685	ko:K00694
bum:AXG89_15730	ko:K22024
bum:AXG89_15735	ko:K22129
bum:AXG89_15740	ko:K02526
bum:AXG89_15745	ko:K03724
bum:AXG89_15765	ko:K08481
bum:AXG89_15770	ko:K08481
bum:AXG89_15775	ko:K08482
bum:AXG89_15800	ko:K05350
bum:AXG89_15805	ko:K17315
bum:AXG89_15810	ko:K17316
bum:AXG89_15815	ko:K17317
bum:AXG89_15820	ko:K10112
bum:AXG89_15825	ko:K02529
bum:AXG89_15835	ko:K18981
bum:AXG89_15840	ko:K02029
bum:AXG89_15845	ko:K02029
bum:AXG89_15850	ko:K02028
bum:AXG89_15855	ko:K02030
bum:AXG89_15860	ko:K00042
bum:AXG89_15865	ko:K01630
bum:AXG89_15870	ko:K04719
bum:AXG89_15880	ko:K02041
bum:AXG89_15885	ko:K02044
bum:AXG89_15890	ko:K02042
bum:AXG89_15895	ko:K05774
bum:AXG89_15905	ko:K02043
bum:AXG89_15910	ko:K06166
bum:AXG89_15915	ko:K06165
bum:AXG89_15920	ko:K06164
bum:AXG89_15925	ko:K06163
bum:AXG89_15930	ko:K05781
bum:AXG89_15935	ko:K05780
bum:AXG89_15940	ko:K06162
bum:AXG89_15945	ko:K00275
bum:AXG89_15960	ko:K08369
bum:AXG89_16025	ko:K07223
bum:AXG89_16035	ko:K06204
bum:AXG89_16040	ko:K01684
bum:AXG89_16050	ko:K02529
bum:AXG89_16055	ko:K02517
bum:AXG89_16065	ko:K02030
bum:AXG89_16070	ko:K02028
bum:AXG89_16070	ko:K02029
bum:AXG89_16080	ko:K02049
bum:AXG89_16085	ko:K02050
bum:AXG89_16090	ko:K02051
bum:AXG89_16110	ko:K19707
bum:AXG89_16115	ko:K07486
bum:AXG89_16120	ko:K03651
bum:AXG89_16130	ko:K03893
bum:AXG89_16135	ko:K09936
bum:AXG89_16160	ko:K08369
bum:AXG89_16180	ko:K07274
bum:AXG89_16190	ko:K07659
bum:AXG89_16205	ko:K00860
bum:AXG89_16225	ko:K00344
bum:AXG89_16280	ko:K03929
bum:AXG89_16300	ko:K08195
bum:AXG89_16315	ko:K08369
bum:AXG89_16320	ko:K00052
bum:AXG89_16325	ko:K01703
bum:AXG89_16345	ko:K09983
bum:AXG89_16355	ko:K00059
bum:AXG89_16360	ko:K07483
bum:AXG89_16365	ko:K07484
bum:AXG89_16370	ko:K07484
bum:AXG89_16385	ko:K01273
bum:AXG89_16410	ko:K01118
bum:AXG89_16415	ko:K05783
bum:AXG89_16420	ko:K05784
bum:AXG89_16425	ko:K05550
bum:AXG89_16430	ko:K05549
bum:AXG89_16435	ko:K03381
bum:AXG89_16440	ko:K21757
bum:AXG89_16445	ko:K01856
bum:AXG89_16450	ko:K03464
bum:AXG89_16460	ko:K00799
bum:AXG89_16465	ko:K16137
bum:AXG89_16480	ko:K01673
bum:AXG89_16505	ko:K01999
bum:AXG89_16515	ko:K11963
bum:AXG89_16520	ko:K11962
bum:AXG89_16525	ko:K11961
bum:AXG89_16530	ko:K11960
bum:AXG89_16535	ko:K11959
bum:AXG89_16550	ko:K06016
bum:AXG89_16555	ko:K02444
bum:AXG89_16560	ko:K01426
bum:AXG89_16565	ko:K11963
bum:AXG89_16570	ko:K11962
bum:AXG89_16575	ko:K11961
bum:AXG89_16580	ko:K11960
bum:AXG89_16585	ko:K11959
bum:AXG89_16620	ko:K13688
bum:AXG89_16650	ko:K03535
bum:AXG89_16655	ko:K00758
bum:AXG89_16660	ko:K00767
bum:AXG89_16685	ko:K11354
bum:AXG89_16695	ko:K00639
bum:AXG89_16700	ko:K00060
bum:AXG89_16705	ko:K10544
bum:AXG89_16710	ko:K10545
bum:AXG89_16715	ko:K10543
bum:AXG89_16720	ko:K01805
bum:AXG89_16725	ko:K02529
bum:AXG89_16730	ko:K01785
bum:AXG89_16740	ko:K03651
bum:AXG89_16745	ko:K03088
bum:AXG89_16780	ko:K00762
bum:AXG89_16790	ko:K00029
bum:AXG89_16800	ko:K16135
bum:AXG89_16820	ko:K07749
bum:AXG89_16835	ko:K00077
bum:AXG89_16845	ko:K08177
bum:AXG89_16850	ko:K21703
bum:AXG89_16865	ko:K07749
bum:AXG89_16890	ko:K01620
bum:AXG89_16895	ko:K09882
bum:AXG89_16905	ko:K06075
bum:AXG89_16950	ko:K03762
bum:AXG89_16965	ko:K07345
bum:AXG89_16970	ko:K01640
bum:AXG89_16985	ko:K20975
bum:AXG89_17005	ko:K03406
bum:AXG89_17015	ko:K03704
bum:AXG89_17040	ko:K18313
bum:AXG89_17055	ko:K03446
bum:AXG89_17115	ko:K10823
bum:AXG89_17120	ko:K15583
bum:AXG89_17125	ko:K15582
bum:AXG89_17130	ko:K15581
bum:AXG89_17135	ko:K15580
bum:AXG89_17150	ko:K00681
bum:AXG89_17155	ko:K06901
bum:AXG89_17160	ko:K07300
bum:AXG89_17165	ko:K04063
bum:AXG89_17185	ko:K02841
bum:AXG89_17195	ko:K00425
bum:AXG89_17200	ko:K00426
bum:AXG89_17225	ko:K07089
bum:AXG89_17230	ko:K06917
bum:AXG89_17235	ko:K03735
bum:AXG89_17240	ko:K03736
bum:AXG89_17255	ko:K05936
bum:AXG89_17260	ko:K05895
bum:AXG89_17265	ko:K00595
bum:AXG89_17270	ko:K02229
bum:AXG89_17275	ko:K06042
bum:AXG89_17280	ko:K03394
bum:AXG89_17285	ko:K13541
bum:AXG89_17290	ko:K13580
bum:AXG89_17295	ko:K03405
bum:AXG89_17300	ko:K02230
bum:AXG89_17305	ko:K02234
bum:AXG89_17310	ko:K02189
bum:AXG89_17315	ko:K19221
bum:AXG89_17320	ko:K02224
bum:AXG89_17325	ko:K06938
bum:AXG89_17355	ko:K22468
bum:AXG89_17365	ko:K18903
bum:AXG89_17370	ko:K18902
bum:AXG89_17375	ko:K18901
bum:AXG89_17385	ko:K18900
bum:AXG89_17395	ko:K00525
bum:AXG89_17400	ko:K02575
bum:AXG89_17405	ko:K02575
bum:AXG89_17410	ko:K00370
bum:AXG89_17415	ko:K00371
bum:AXG89_17420	ko:K00373
bum:AXG89_17425	ko:K00374
bum:AXG89_17430	ko:K03769
bum:AXG89_17435	ko:K03753
bum:AXG89_17440	ko:K07673
bum:AXG89_17445	ko:K07684
bum:AXG89_17450	ko:K00703
bum:AXG89_17455	ko:K00975
bum:AXG89_17460	ko:K00868
bum:AXG89_17465	ko:K00034
bum:AXG89_17475	ko:K00382
bum:AXG89_17485	ko:K00020
bum:AXG89_17490	ko:K00140
bum:AXG89_17515	ko:K03284
bum:AXG89_17525	ko:K02518
bum:AXG89_17535	ko:K00886
bum:AXG89_17540	ko:K00036
bum:AXG89_17545	ko:K00675
bum:AXG89_17550	ko:K03587
bum:AXG89_17570	ko:K21990
bum:AXG89_17595	ko:K03746
bum:AXG89_17600	ko:K10559
bum:AXG89_17605	ko:K10561
bum:AXG89_17610	ko:K10560
bum:AXG89_17615	ko:K10562
bum:AXG89_17625	ko:K03534
bum:AXG89_17635	ko:K18337
bum:AXG89_17640	ko:K12661
bum:AXG89_17645	ko:K26580
bum:AXG89_17650	ko:K21883
bum:AXG89_17665	ko:K00128
bum:AXG89_17670	ko:K00020
bum:AXG89_17680	ko:K10439
bum:AXG89_17685	ko:K06988
bum:AXG89_17700	ko:K01708
bum:AXG89_17705	ko:K02053
bum:AXG89_17710	ko:K02054
bum:AXG89_17715	ko:K02052
bum:AXG89_17720	ko:K02055
bum:AXG89_17730	ko:K07665
bum:AXG89_17735	ko:K18903
bum:AXG89_17740	ko:K03585
bum:AXG89_17745	ko:K18138
bum:AXG89_17760	ko:K21084
bum:AXG89_17770	ko:K03566
bum:AXG89_17775	ko:K01755
bum:AXG89_17780	ko:K02029
bum:AXG89_17785	ko:K02028
bum:AXG89_17790	ko:K02030
bum:AXG89_17795	ko:K07734
bum:AXG89_17800	ko:K02055
bum:AXG89_17820	ko:K02053
bum:AXG89_17825	ko:K02054
bum:AXG89_17830	ko:K02052
bum:AXG89_17835	ko:K26061
bum:AXG89_17840	ko:K05825
bum:AXG89_17865	ko:K09788
bum:AXG89_17885	ko:K02346
bum:AXG89_17900	ko:K00537
bum:AXG89_17905	ko:K12972
bum:AXG89_17915	ko:K12255
bum:AXG89_17950	ko:K00799
bum:AXG89_17955	ko:K13584
bum:AXG89_17965	ko:K12658
bum:AXG89_17970	ko:K21062
bum:AXG89_17985	ko:K02019
bum:AXG89_17990	ko:K15790
bum:AXG89_18010	ko:K02019
bum:AXG89_18015	ko:K02020
bum:AXG89_18020	ko:K02017
bum:AXG89_18020	ko:K02018
bum:AXG89_18025	ko:K07657
bum:AXG89_18030	ko:K08166
bum:AXG89_18045	ko:K02556
bum:AXG89_18050	ko:K02557
bum:AXG89_18065	ko:K03701
bum:AXG89_18090	ko:K19338
bum:AXG89_18095	ko:K03762
bum:AXG89_18100	ko:K16873
bum:AXG89_18105	ko:K16880
bum:AXG89_18110	ko:K16876
bum:AXG89_18115	ko:K16879
bum:AXG89_18120	ko:K16878
bum:AXG89_18125	ko:K16877
bum:AXG89_18130	ko:K16875
bum:AXG89_18135	ko:K16874
bum:AXG89_18140	ko:K19338
bum:AXG89_18160	ko:K00688
bum:AXG89_18170	ko:K00206
bum:AXG89_18175	ko:K19670
bum:AXG89_18180	ko:K11082
bum:AXG89_18185	ko:K11083
bum:AXG89_18190	ko:K11084
bum:AXG89_18195	ko:K11081
bum:AXG89_18200	ko:K03430
bum:AXG89_18205	ko:K02444
bum:AXG89_18210	ko:K27877
bum:AXG89_18225	ko:K07679
bum:AXG89_18235	ko:K03781
bum:AXG89_18245	ko:K08677
bum:AXG89_18265	ko:K02030
bum:AXG89_18270	ko:K13655
bum:AXG89_18275	ko:K13651
bum:AXG89_18280	ko:K13483
bum:AXG89_18285	ko:K11178
bum:AXG89_18290	ko:K11177
bum:AXG89_18295	ko:K07141
bum:AXG89_18320	ko:K03291
bum:AXG89_18395	ko:K03406
bum:AXG89_18415	ko:K07217
bum:AXG89_18425	ko:K01626
bum:AXG89_18430	ko:K03294
bum:AXG89_18435	ko:K03704
bum:AXG89_18440	ko:K09017
bum:AXG89_18465	ko:K20807
bum:AXG89_18470	ko:K01721
bum:AXG89_18505	ko:K10013
bum:AXG89_18510	ko:K06987
bum:AXG89_18525	ko:K01495
bum:AXG89_18530	ko:K00640
bum:AXG89_18555	ko:K01053
bum:AXG89_18560	ko:K13877
bum:AXG89_18565	ko:K22131
bum:AXG89_18570	ko:K03671
bum:AXG89_18595	ko:K07240
bum:AXG89_18600	ko:K07240
bum:AXG89_18605	ko:K00077
bum:AXG89_18615	ko:K00033
bum:AXG89_18640	ko:K10439
bum:AXG89_18645	ko:K10440
bum:AXG89_18650	ko:K10441
bum:AXG89_18655	ko:K05499
bum:AXG89_18660	ko:K01706
bum:AXG89_18690	ko:K07305
bum:AXG89_18710	ko:K00626
bum:AXG89_18725	ko:K02010
bum:AXG89_18730	ko:K02011
bum:AXG89_18735	ko:K02012
bum:AXG89_18740	ko:K16301
bum:AXG89_18750	ko:K07267
bum:AXG89_18755	ko:K01999
bum:AXG89_18770	ko:K03566
bum:AXG89_18775	ko:K14287
bum:AXG89_18780	ko:K10013
bum:AXG89_18785	ko:K03446
bum:AXG89_18800	ko:K01420
bum:AXG89_18815	ko:K10441
bum:AXG89_18820	ko:K10440
bum:AXG89_18825	ko:K10439
bum:AXG89_18830	ko:K11534
bum:AXG89_18835	ko:K00681
bum:AXG89_18840	ko:K16137
bum:AXG89_18845	ko:K00799
bum:AXG89_18855	ko:K07130
bum:AXG89_18865	ko:K13652
bum:AXG89_18870	ko:K16135
bum:AXG89_18875	ko:K07246
bum:AXG89_18890	ko:K10441
bum:AXG89_18895	ko:K10439
bum:AXG89_18900	ko:K10440
bum:AXG89_18910	ko:K22025
bum:AXG89_18915	ko:K22131
bum:AXG89_18925	ko:K22130
bum:AXG89_18930	ko:K21948
bum:AXG89_18935	ko:K08319
bum:AXG89_18950	ko:K03406
bum:AXG89_18970	ko:K03554
bum:AXG89_18990	ko:K01996
bum:AXG89_18995	ko:K01995
bum:AXG89_19000	ko:K01998
bum:AXG89_19005	ko:K01997
bum:AXG89_19010	ko:K01999
bum:AXG89_19030	ko:K06136
bum:AXG89_19035	ko:K06137
bum:AXG89_19040	ko:K06138
bum:AXG89_19045	ko:K06139
bum:AXG89_19050	ko:K23242
bum:AXG89_19085	ko:K07659
bum:AXG89_19090	ko:K07659
bum:AXG89_19105	ko:K18911
bum:AXG89_19110	ko:K01512
bum:AXG89_19120	ko:K03412
bum:AXG89_19125	ko:K00575
bum:AXG89_19135	ko:K00091
bum:AXG89_19155	ko:K03527
bum:AXG89_19175	ko:K07323
bum:AXG89_19185	ko:K01895
bum:AXG89_19190	ko:K13774
bum:AXG89_19200	ko:K16090
bum:AXG89_19205	ko:K07336
bum:AXG89_19215	ko:K07003
bum:AXG89_19225	ko:K11103
bum:AXG89_19230	ko:K01704
bum:AXG89_19235	ko:K01703
bum:AXG89_19240	ko:K01561
bum:AXG89_19290	ko:K06045
bum:AXG89_19295	ko:K21677
bum:AXG89_19300	ko:K21678
bum:AXG89_19320	ko:K23529
bum:AXG89_19330	ko:K13936
bum:AXG89_19335	ko:K03098
bum:AXG89_19370	ko:K00019
bum:AXG89_19390	ko:K06938
bum:AXG89_19430	ko:K16165
bum:AXG89_19470	ko:K03497
bum:AXG89_19475	ko:K03496
bum:AXG89_19490	ko:K10713
bum:AXG89_19495	ko:K23107
bum:AXG89_19500	ko:K00135
bum:AXG89_19505	ko:K08368
bum:AXG89_19510	ko:K07345
bum:AXG89_19515	ko:K15540
bum:AXG89_19520	ko:K07347
bum:AXG89_19525	ko:K03566
bum:AXG89_19530	ko:K09181
bum:AXG89_19550	ko:K16850
bum:AXG89_19555	ko:K00064
bum:AXG89_19560	ko:K07046
bum:AXG89_19565	ko:K18336
bum:AXG89_19580	ko:K07507
bum:AXG89_19600	ko:K00074
bum:AXG89_19610	ko:K03406
bum:AXG89_19615	ko:K02000
bum:AXG89_19620	ko:K02001
bum:AXG89_19625	ko:K21826
bum:AXG89_19630	ko:K02002
bum:AXG89_19645	ko:K01752
bum:AXG89_19650	ko:K00303
bum:AXG89_19655	ko:K00304
bum:AXG89_19660	ko:K00302
bum:AXG89_19665	ko:K00305
bum:AXG89_19670	ko:K01633
bum:AXG89_19705	ko:K16692
bum:AXG89_19710	ko:K25307
bum:AXG89_19715	ko:K01991
bum:AXG89_19725	ko:K00108
bum:AXG89_19730	ko:K00130
bum:AXG89_19735	ko:K02167
bum:AXG89_19740	ko:K00148
bum:AXG89_19745	ko:K21826
bum:AXG89_19750	ko:K00600
bum:AXG89_19755	ko:K01273
bum:AXG89_19765	ko:K21833
bum:AXG89_19770	ko:K21834
bum:AXG89_19775	ko:K25960
bum:AXG89_19780	ko:K25961
bum:AXG89_19785	ko:K00479
bum:AXG89_19790	ko:K21832
bum:AXG89_19795	ko:K02002
bum:AXG89_19800	ko:K01433
bum:AXG89_19810	ko:K01133
bum:AXG89_19815	ko:K02002
bum:AXG89_19820	ko:K08720
bum:AXG89_19825	ko:K17736
bum:AXG89_19830	ko:K02002
bum:AXG89_19835	ko:K27837
bum:AXG89_19840	ko:K17735
bum:AXG89_19845	ko:K27492
bum:AXG89_19850	ko:K17686
bum:AXG89_19875	ko:K00384
bum:AXG89_19880	ko:K07644
bum:AXG89_19885	ko:K07665
bum:AXG89_19910	ko:K07483
bum:AXG89_19915	ko:K07497
bum:AXG89_19920	ko:K00135
bum:AXG89_19925	ko:K19159
bum:AXG89_19930	ko:K19158
bum:AXG89_19935	ko:K27802
bum:AXG89_19940	ko:K01720
bum:AXG89_19950	ko:K01659
bum:AXG89_19955	ko:K01644
bum:AXG89_19960	ko:K00024
bum:AXG89_19970	ko:K03710
bum:AXG89_19975	ko:K00241
bum:AXG89_19980	ko:K00242
bum:AXG89_19985	ko:K00239
bum:AXG89_19990	ko:K00240
bum:AXG89_19995	ko:K09159
bum:AXG89_20000	ko:K01647
bum:AXG89_20005	ko:K07126
bum:AXG89_20015	ko:K09794
bum:AXG89_20020	ko:K22468
bum:AXG89_20025	ko:K01703
bum:AXG89_20030	ko:K16347
bum:AXG89_20035	ko:K01704
bum:AXG89_20040	ko:K00052
bum:AXG89_20045	ko:K00133
bum:AXG89_20050	ko:K08086
bum:AXG89_20055	ko:K06173
bum:AXG89_20060	ko:K01817
bum:AXG89_20065	ko:K01696
bum:AXG89_20075	ko:K01695
bum:AXG89_20080	ko:K01963
bum:AXG89_20085	ko:K11754
bum:AXG89_20090	ko:K03749
bum:AXG89_20095	ko:K03558
bum:AXG89_20100	ko:K00764
bum:AXG89_20105	ko:K10764
bum:AXG89_20110	ko:K03772
bum:AXG89_20120	ko:K03699
bum:AXG89_20125	ko:K06044
bum:AXG89_20130	ko:K00705
bum:AXG89_20135	ko:K01236
bum:AXG89_20140	ko:K01214
bum:AXG89_20145	ko:K00700
bum:AXG89_20150	ko:K05343
bum:AXG89_20155	ko:K16147
bum:AXG89_20160	ko:K00703
bum:AXG89_20170	ko:K23274
bum:AXG89_20175	ko:K19813
bum:AXG89_20190	ko:K03168
bum:AXG89_20225	ko:K03306
bum:AXG89_20235	ko:K02019
bum:AXG89_20240	ko:K02017
bum:AXG89_20245	ko:K02018
bum:AXG89_20250	ko:K02020
bum:AXG89_20265	ko:K04063
bum:AXG89_20270	ko:K23775
bum:AXG89_20280	ko:K02204
bum:AXG89_20290	ko:K01241
bum:AXG89_20300	ko:K02335
bum:AXG89_20305	ko:K03885
bum:AXG89_20310	ko:K01061
bum:AXG89_20315	ko:K01011
bum:AXG89_20325	ko:K03602
bum:AXG89_20330	ko:K00795
bum:AXG89_20335	ko:K01662
bum:AXG89_20340	ko:K09007
bum:AXG89_20345	ko:K25706
bum:AXG89_20355	ko:K09117
bum:AXG89_20360	ko:K02316
bum:AXG89_20365	ko:K03086
bum:AXG89_20370	ko:K14230
bum:AXG89_20385	ko:K03566
bum:AXG89_20390	ko:K02053
bum:AXG89_20395	ko:K02052
bum:AXG89_20400	ko:K02055
bum:AXG89_20405	ko:K02053
bum:AXG89_20435	ko:K07497
bum:AXG89_20440	ko:K01684
bum:AXG89_20475	ko:K10708
bum:AXG89_20480	ko:K10710
bum:AXG89_20490	ko:K02052
bum:AXG89_20495	ko:K02055
bum:AXG89_20500	ko:K02053
bum:AXG89_20500	ko:K02054
bum:AXG89_20510	ko:K25952
bum:AXG89_20515	ko:K01425
bum:AXG89_20525	ko:K02055
bum:AXG89_20530	ko:K02529
bum:AXG89_20535	ko:K05596
bum:AXG89_20540	ko:K03307
bum:AXG89_20555	ko:K07733
bum:AXG89_20570	ko:K03194
bum:AXG89_20575	ko:K03197
bum:AXG89_20580	ko:K03198
bum:AXG89_20585	ko:K03199
bum:AXG89_20590	ko:K03201
bum:AXG89_20595	ko:K03200
bum:AXG89_20600	ko:K03203
bum:AXG89_20605	ko:K03204
bum:AXG89_20610	ko:K03195
bum:AXG89_20615	ko:K03196
bum:AXG89_20625	ko:K03205
bum:AXG89_20630	ko:K06919
bum:AXG89_20680	ko:K07497
bum:AXG89_20685	ko:K07483
bum:AXG89_20720	ko:K12132
bum:AXG89_20730	ko:K07483
bum:AXG89_20735	ko:K07484
bum:AXG89_20740	ko:K07484
bum:AXG89_20775	ko:K03427
bum:AXG89_20780	ko:K01154
bum:AXG89_20785	ko:K01153
bum:AXG89_20845	ko:K10680
bum:AXG89_20885	ko:K01487
bum:AXG89_20930	ko:K03688
bum:AXG89_20955	ko:K08482
bum:AXG89_20970	ko:K03286
bum:AXG89_20975	ko:K00567
bum:AXG89_20985	ko:K01173
bum:AXG89_21010	ko:K07395
bum:AXG89_21020	ko:K07058
bum:AXG89_21025	ko:K22067
bum:AXG89_21030	ko:K07183
bum:AXG89_21035	ko:K02303
bum:AXG89_21040	ko:K02575
bum:AXG89_21045	ko:K00362
bum:AXG89_21050	ko:K00363
bum:AXG89_21055	ko:K00380
bum:AXG89_21065	ko:K28762
bum:AXG89_21080	ko:K00249
bum:AXG89_21105	ko:K18335
bum:AXG89_21110	ko:K01008
bum:AXG89_21125	ko:K22044
bum:AXG89_21140	ko:K02403
bum:AXG89_21145	ko:K02402
bum:AXG89_21150	ko:K03652
bum:AXG89_21170	ko:K00822
bum:AXG89_21185	ko:K01115
bum:AXG89_21205	ko:K03446
bum:AXG89_21210	ko:K18904
bum:AXG89_21215	ko:K09771
bum:AXG89_21225	ko:K03761
bum:AXG89_21230	ko:K07154
bum:AXG89_21235	ko:K15773
bum:AXG89_21260	ko:K10680
bum:AXG89_21280	ko:K16137
bum:AXG89_21290	ko:K03666
bum:AXG89_21310	ko:K07098
bum:AXG89_21335	ko:K09981
bum:AXG89_21340	ko:K03717
bum:AXG89_21345	ko:K08177
bum:AXG89_21360	ko:K03453
bum:AXG89_21370	ko:K01990
bum:AXG89_21375	ko:K01992
bum:AXG89_21380	ko:K09705
bum:AXG89_21405	ko:K09958
bum:AXG89_21420	ko:K16074
bum:AXG89_21440	ko:K03415
bum:AXG89_21465	ko:K06934
bum:AXG89_21475	ko:K06999
bum:AXG89_21485	ko:K01489
bum:AXG89_21490	ko:K03317
bum:AXG89_21500	ko:K03324
bum:AXG89_21510	ko:K02055
bum:AXG89_21515	ko:K02054
bum:AXG89_21520	ko:K02053
bum:AXG89_21525	ko:K02052
bum:AXG89_21530	ko:K09803
bum:AXG89_21550	ko:K14205
bum:AXG89_21560	ko:K09983
bum:AXG89_21570	ko:K13574
bum:AXG89_21585	ko:K09022
bum:AXG89_21600	ko:K07090
bum:AXG89_21610	ko:K00481
bum:AXG89_21650	ko:K08369
bum:AXG89_21665	ko:K00253
bum:AXG89_21670	ko:K01969
bum:AXG89_21675	ko:K01968
bum:AXG89_21690	ko:K01720
bum:AXG89_21695	ko:K01659
bum:AXG89_21700	ko:K03417
bum:AXG89_21705	ko:K02688
bum:AXG89_21715	ko:K00448
bum:AXG89_21720	ko:K00449
bum:AXG89_21725	ko:K02623
bum:AXG89_21735	ko:K00655
bum:AXG89_21740	ko:K01259
bum:AXG89_21765	ko:K10552
bum:AXG89_21770	ko:K10553
bum:AXG89_21775	ko:K10554
bum:AXG89_21795	ko:K02517
bum:AXG89_21800	ko:K09780
bum:AXG89_21810	ko:K16053
bum:AXG89_21820	ko:K06199
bum:AXG89_21825	ko:K03830
bum:AXG89_21830	ko:K05836
bum:AXG89_21840	ko:K09017
bum:AXG89_21845	ko:K06016
bum:AXG89_21850	ko:K17722
bum:AXG89_21855	ko:K17723
bum:AXG89_21860	ko:K03457
bum:AXG89_21865	ko:K01464
bum:AXG89_21870	ko:K07222
bum:AXG89_21880	ko:K07123
bum:AXG89_21895	ko:K01501
bum:AXG89_21910	ko:K01521
bum:AXG89_21945	ko:K07326
bum:AXG89_21950	ko:K01779
bum:AXG89_21960	ko:K00609
bum:AXG89_21985	ko:K03088
bum:AXG89_22005	ko:K15553
bum:AXG89_22010	ko:K04091
bum:AXG89_22015	ko:K15554
bum:AXG89_22020	ko:K15555
bum:AXG89_22030	ko:K02073
bum:AXG89_22045	ko:K00299
bum:AXG89_22050	ko:K02071
bum:AXG89_22055	ko:K02072
bum:AXG89_22060	ko:K02073
bum:AXG89_22065	ko:K15553
bum:AXG89_22070	ko:K00344
bum:AXG89_22080	ko:K07774
bum:AXG89_22085	ko:K07649
bum:AXG89_22090	ko:K00036
bum:AXG89_22095	ko:K01560
bum:AXG89_22105	ko:K03299
bum:AXG89_22110	ko:K03285
bum:AXG89_22135	ko:K01457
bum:AXG89_22140	ko:K07335
bum:AXG89_22145	ko:K23535
bum:AXG89_22150	ko:K23536
bum:AXG89_22155	ko:K23359
bum:AXG89_22160	ko:K23537
bum:AXG89_22165	ko:K28761
bum:AXG89_22180	ko:K03701
bum:AXG89_22185	ko:K01725
bum:AXG89_22190	ko:K09964
bum:AXG89_22215	ko:K07080
bum:AXG89_22225	ko:K13877
bum:AXG89_22230	ko:K13876
bum:AXG89_22255	ko:K04091
bum:AXG89_22265	ko:K15553
bum:AXG89_22275	ko:K04091
bum:AXG89_22280	ko:K11904
bum:AXG89_22305	ko:K11891
bum:AXG89_22310	ko:K11896
bum:AXG89_22320	ko:K03387
bum:AXG89_22325	ko:K24119
bum:AXG89_22330	ko:K06988
bum:AXG89_22335	ko:K12368
bum:AXG89_22340	ko:K01497
bum:AXG89_22345	ko:K18843
bum:AXG89_22350	ko:K09990
bum:AXG89_22355	ko:K14060
bum:AXG89_22365	ko:K10844
bum:AXG89_22370	ko:K08995
bum:AXG89_22380	ko:K00156
bum:AXG89_22385	ko:K08678
bum:AXG89_22405	ko:K00612
bum:AXG89_22415	ko:K03273
bum:AXG89_22420	ko:K15521
bum:AXG89_22455	ko:K02276
bum:AXG89_22460	ko:K02274
bum:AXG89_22465	ko:K02275
bum:AXG89_22470	ko:K00925
bum:AXG89_22475	ko:K01621
bum:AXG89_22495	ko:K21929
bum:AXG89_22500	ko:K22747
bum:AXG89_22525	ko:K07178
bum:AXG89_22535	ko:K01114
bum:AXG89_22560	ko:K02300
bum:AXG89_22565	ko:K02299
bum:AXG89_22570	ko:K02298
bum:AXG89_22575	ko:K02297
bum:AXG89_22580	ko:K00342
bum:AXG89_22595	ko:K19577
bum:AXG89_22605	ko:K18199
bum:AXG89_22630	ko:K02014
bum:AXG89_22635	ko:K03561
bum:AXG89_22640	ko:K03559
bum:AXG89_22645	ko:K03832
bum:AXG89_22650	ko:K15580
bum:AXG89_22655	ko:K03832
bum:AXG89_22660	ko:K03205
bum:AXG89_22665	ko:K03196
bum:AXG89_22670	ko:K03195
bum:AXG89_22675	ko:K03204
bum:AXG89_22680	ko:K03203
bum:AXG89_22690	ko:K03200
bum:AXG89_22695	ko:K03201
bum:AXG89_22705	ko:K03198
bum:AXG89_22715	ko:K03194
bum:AXG89_22725	ko:K03169
bum:AXG89_22785	ko:K07126
bum:AXG89_22815	ko:K20455
bum:AXG89_22820	ko:K07404
bum:AXG89_22825	ko:K09788
bum:AXG89_22830	ko:K02030
bum:AXG89_22840	ko:K27802
bum:AXG89_22845	ko:K07404
bum:AXG89_22850	ko:K13021
bum:AXG89_22870	ko:K07497
bum:AXG89_22890	ko:K03406
bum:AXG89_22935	ko:K10013
bum:AXG89_22950	ko:K11178
bum:AXG89_22955	ko:K13483
bum:AXG89_23005	ko:K08151
bum:AXG89_23015	ko:K03284
bum:AXG89_23025	ko:K03406
bum:AXG89_23030	ko:K11924
bum:AXG89_23035	ko:K03322
bum:AXG89_23045	ko:K03088
bum:AXG89_23070	ko:K02403
bum:AXG89_23085	ko:K07481
bum:AXG89_23095	ko:K07497
bum:AXG89_23105	ko:K07497
bum:AXG89_23110	ko:K07483
bum:AXG89_23135	ko:K06886
bum:AXG89_23220	ko:K00782
bum:AXG89_23235	ko:K07484
bum:AXG89_23240	ko:K07484
bum:AXG89_23265	ko:K02398
bum:AXG89_23270	ko:K03406
bum:AXG89_23325	ko:K14189
bum:AXG89_23350	ko:K10680
bum:AXG89_23365	ko:K10680
bum:AXG89_23420	ko:K22083
bum:AXG89_23440	ko:K07486
bum:AXG89_23445	ko:K07486
bum:AXG89_23450	ko:K07486
bum:AXG89_23455	ko:K07486
bum:AXG89_23480	ko:K00135
bum:AXG89_23520	ko:K13483
bum:AXG89_23530	ko:K11177
bum:AXG89_23540	ko:K03285
bum:AXG89_23545	ko:K00059
bum:AXG89_23555	ko:K21393
bum:AXG89_23560	ko:K11688
bum:AXG89_23570	ko:K01644
bum:AXG89_23575	ko:K19338
bum:AXG89_23590	ko:K03805
bum:AXG89_23605	ko:K07483
bum:AXG89_23610	ko:K02055
bum:AXG89_23615	ko:K02054
bum:AXG89_23620	ko:K02053
bum:AXG89_23650	ko:K07241
bum:AXG89_23655	ko:K07079
bum:AXG89_23665	ko:K06864
bum:AXG89_23670	ko:K09121
bum:AXG89_23715	ko:K02483
bum:AXG89_23720	ko:K02484
bum:AXG89_23735	ko:K18139
bum:AXG89_23740	ko:K03585
bum:AXG89_23745	ko:K18138
bum:AXG89_23755	ko:K07665
bum:AXG89_23760	ko:K07644
bum:AXG89_23810	ko:K00344
bum:AXG89_23815	ko:K04093
bum:AXG89_23840	ko:K07124
bum:AXG89_23845	ko:K03781
bum:AXG89_23885	ko:K18289
bum:AXG89_23905	ko:K18292
bum:AXG89_23910	ko:K18290
bum:AXG89_23915	ko:K18288
bum:AXG89_23920	ko:K00156
bum:AXG89_23970	ko:K20762
bum:AXG89_23980	ko:K07241
bum:AXG89_23985	ko:K18991
bum:AXG89_23995	ko:K01725
bum:AXG89_24000	ko:K15578
bum:AXG89_24005	ko:K15577
bum:AXG89_24010	ko:K15576
bum:AXG89_24015	ko:K05297
bum:AXG89_24030	ko:K02584
bum:AXG89_24035	ko:K19092
bum:AXG89_24040	ko:K07746
bum:AXG89_24055	ko:K02398
bum:AXG89_24070	ko:K19164
bum:AXG89_24075	ko:K19163
bum:AXG89_24080	ko:K07303
bum:AXG89_24085	ko:K07302
bum:AXG89_24090	ko:K03566
bum:AXG89_24100	ko:K07045
bum:AXG89_24105	ko:K07045
bum:AXG89_24115	ko:K03186
bum:AXG89_24125	ko:K24206
bum:AXG89_24135	ko:K01799
bum:AXG89_24140	ko:K22278
bum:AXG89_24145	ko:K00059
bum:AXG89_24160	ko:K02055
bum:AXG89_24230	ko:K00036
bum:AXG89_24240	ko:K02398
bum:AXG89_24260	ko:K07044
bum:AXG89_24265	ko:K07497
bum:AXG89_24275	ko:K00626
bum:AXG89_24290	ko:K21801
bum:AXG89_24310	ko:K07484
bum:AXG89_24315	ko:K07483
bum:AXG89_24330	ko:K03446
bum:AXG89_24335	ko:K03543
bum:AXG89_24385	ko:K01501
bum:AXG89_24400	ko:K01673
bum:AXG89_24465	ko:K07497
bum:AXG89_24470	ko:K07483
bum:AXG89_24475	ko:K01721
bum:AXG89_24490	ko:K11209
bum:AXG89_24495	ko:K07124
bum:AXG89_24540	ko:K06897
bum:AXG89_24570	ko:K16137
bum:AXG89_24605	ko:K07482
bum:AXG89_24630	ko:K11616
bum:AXG89_24635	ko:K13021
bum:AXG89_24680	ko:K01563
bum:AXG89_24685	ko:K16137
bum:AXG89_24695	ko:K07493
bum:AXG89_24720	ko:K03285
bum:AXG89_24740	ko:K22213
bum:AXG89_24745	ko:K22213
bum:AXG89_24780	ko:K22297
bum:AXG89_24820	ko:K03566
bum:AXG89_24830	ko:K07240
bum:AXG89_24870	ko:K25135
bum:AXG89_24910	ko:K07481
bum:AXG89_24940	ko:K10439
bum:AXG89_24955	ko:K07486
bum:AXG89_24965	ko:K07483
bum:AXG89_24980	ko:K07486
bum:AXG89_24995	ko:K02403
bum:AXG89_25030	ko:K05874
bum:AXG89_25040	ko:K07117
bum:AXG89_25050	ko:K07497
bum:AXG89_25075	ko:K03497
bum:AXG89_25100	ko:K03574
bum:AXG89_25160	ko:K13655
bum:AXG89_25165	ko:K13651
bum:AXG89_25180	ko:K14160
bum:AXG89_25185	ko:K03746
bum:AXG89_25200	ko:K03503
bum:AXG89_25220	ko:K19707
bum:AXG89_25280	ko:K07483
bum:AXG89_25285	ko:K07484
bum:AXG89_25290	ko:K07484
bum:AXG89_25300	ko:K01286
bum:AXG89_25340	ko:K01907
bum:AXG89_25380	ko:K03412
bum:AXG89_25455	ko:K07117
bum:AXG89_25480	ko:K12308
bum:AXG89_25485	ko:K02026
bum:AXG89_25490	ko:K02025
bum:AXG89_25495	ko:K02027
bum:AXG89_25500	ko:K10111
bum:AXG89_25510	ko:K07259
bum:AXG89_25515	ko:K01286
bum:AXG89_25525	ko:K01286
bum:AXG89_25570	ko:K03530
bum:AXG89_25595	ko:K09159
bum:AXG89_25600	ko:K00240
bum:AXG89_25605	ko:K00239
bum:AXG89_25610	ko:K00242
bum:AXG89_25615	ko:K00241
bum:AXG89_25635	ko:K07484
bum:AXG89_25640	ko:K07484
bum:AXG89_25650	ko:K07484
bum:AXG89_25655	ko:K07484
bum:AXG89_25670	ko:K10680
bum:AXG89_25720	ko:K03530
bum:AXG89_25725	ko:K07117
bum:AXG89_25735	ko:K03496
bum:AXG89_25740	ko:K03497
bum:AXG89_25755	ko:K07484
bum:AXG89_25890	ko:K01607
bum:AXG89_25895	ko:K01607
bum:AXG89_25955	ko:K03530
bum:AXG89_25980	ko:K05275
bum:AXG89_26005	ko:K15977
bum:AXG89_26010	ko:K18910
bum:AXG89_26015	ko:K00641
bum:AXG89_26035	ko:K07497
bum:AXG89_26040	ko:K07483
bum:AXG89_26105	ko:K03746
bum:AXG89_26115	ko:K14160
bum:AXG89_26155	ko:K03497
bum:AXG89_26180	ko:K03497
bum:AXG89_26230	ko:K03111
bum:AXG89_26275	ko:K02030
bum:AXG89_26280	ko:K09788
bum:AXG89_26285	ko:K07404
bum:AXG89_26290	ko:K20455
bum:AXG89_26320	ko:K07126
bum:AXG89_26380	ko:K03169
bum:AXG89_26390	ko:K03194
bum:AXG89_26400	ko:K03198
bum:AXG89_26410	ko:K03201
bum:AXG89_26415	ko:K03200
bum:AXG89_26425	ko:K03203
bum:AXG89_26430	ko:K03204
bum:AXG89_26435	ko:K03195
bum:AXG89_26440	ko:K03196
bum:AXG89_26445	ko:K03205
bum:AXG89_26470	ko:K03111
bum:AXG89_26510	ko:K03497
bum:AXG89_26535	ko:K03497
bum:AXG89_26575	ko:K14160
bum:AXG89_26585	ko:K03746
bum:AXG89_26605	ko:K03503
bum:AXG89_26650	ko:K07483
bum:AXG89_26655	ko:K07497
bum:AXG89_26675	ko:K00641
bum:AXG89_26680	ko:K18910
bum:AXG89_26685	ko:K15977
bum:AXG89_26710	ko:K05275
bum:AXG89_26735	ko:K03530
bum:AXG89_26795	ko:K01607
bum:AXG89_26800	ko:K01607
bum:AXG89_26935	ko:K07484
bum:AXG89_26950	ko:K03497
bum:AXG89_26955	ko:K03496
bum:AXG89_26965	ko:K07117
bum:AXG89_26970	ko:K03530
bum:AXG89_27020	ko:K10680
bum:AXG89_27035	ko:K07484
bum:AXG89_27040	ko:K07484
bum:AXG89_27050	ko:K07484
bum:AXG89_27055	ko:K07484
bum:AXG89_27075	ko:K00241
bum:AXG89_27080	ko:K00242
bum:AXG89_27085	ko:K00239
bum:AXG89_27090	ko:K00240
bum:AXG89_27095	ko:K09159
bum:AXG89_27120	ko:K03530
bum:AXG89_27160	ko:K01286
bum:AXG89_27170	ko:K01286
bum:AXG89_27175	ko:K07259
bum:AXG89_27185	ko:K10111
bum:AXG89_27190	ko:K02027
bum:AXG89_27195	ko:K02025
bum:AXG89_27200	ko:K02026
bum:AXG89_27205	ko:K12308
bum:AXG89_27230	ko:K07117
bum:AXG89_27305	ko:K03412
bum:AXG89_27345	ko:K01907
bum:AXG89_27385	ko:K01286
bum:AXG89_27395	ko:K07484
bum:AXG89_27400	ko:K07484
bum:AXG89_27405	ko:K07483
bum:AXG89_27465	ko:K19707
bum:AXG89_27485	ko:K03503
bum:AXG89_27490	ko:K03502
bum:AXG89_27505	ko:K03746
bum:AXG89_27510	ko:K14160
bum:AXG89_27525	ko:K13651
bum:AXG89_27530	ko:K13655
bum:AXG89_27590	ko:K03574
bum:AXG89_27615	ko:K03497
bum:AXG89_27640	ko:K07497
bum:AXG89_27650	ko:K07117
bum:AXG89_27660	ko:K05874
bum:AXG89_27700	ko:K02403
bum:AXG89_27715	ko:K07486
bum:AXG89_27730	ko:K07483
bum:AXG89_27740	ko:K07486
bum:AXG89_27755	ko:K10439
bum:AXG89_27785	ko:K07481
bum:AXG89_27795	ko:K03408
bum:AXG89_27865	ko:K07240
bum:AXG89_27875	ko:K03566
bum:AXG89_27915	ko:K22297
bum:AXG89_27945	ko:K22213
bum:AXG89_27950	ko:K22213
bum:AXG89_27970	ko:K03285
bum:AXG89_27995	ko:K07493
bum:AXG89_28005	ko:K16137
bum:AXG89_28010	ko:K01563
bum:AXG89_28025	ko:K02030
bum:AXG89_28030	ko:K09788
bum:AXG89_28045	ko:K27802
bum:AXG89_28055	ko:K13021
bum:AXG89_28060	ko:K11616
bum:AXG89_28085	ko:K07482
bum:AXG89_28120	ko:K16137
bum:AXG89_28150	ko:K06897
bum:AXG89_28195	ko:K07124
bum:AXG89_28200	ko:K11209
bum:AXG89_28215	ko:K01721
bum:AXG89_28220	ko:K07483
bum:AXG89_28225	ko:K07497
bum:AXG89_28290	ko:K01673
bum:AXG89_28305	ko:K01501
bum:AXG89_28355	ko:K03543
bum:AXG89_28360	ko:K03446
bum:AXG89_28375	ko:K07483
bum:AXG89_28380	ko:K07484
bum:AXG89_28400	ko:K21801
bum:AXG89_28415	ko:K00626
bum:AXG89_28425	ko:K07497
bum:AXG89_28430	ko:K07044
bum:AXG89_28450	ko:K02398
bum:AXG89_28460	ko:K00036
bum:AXG89_28530	ko:K02055
bum:AXG89_28545	ko:K00059
bum:AXG89_28550	ko:K22278
bum:AXG89_28555	ko:K01799
bum:AXG89_28565	ko:K24206
bum:AXG89_28575	ko:K03186
bum:AXG89_28585	ko:K07045
bum:AXG89_28590	ko:K07045
bum:AXG89_28600	ko:K03566
bum:AXG89_28605	ko:K07302
bum:AXG89_28610	ko:K07303
bum:AXG89_28615	ko:K19163
bum:AXG89_28620	ko:K19164
bum:AXG89_28635	ko:K02398
bum:AXG89_28650	ko:K07746
bum:AXG89_28655	ko:K19092
bum:AXG89_28660	ko:K02584
bum:AXG89_28675	ko:K05297
bum:AXG89_28680	ko:K15576
bum:AXG89_28685	ko:K15577
bum:AXG89_28690	ko:K15578
bum:AXG89_28695	ko:K01725
bum:AXG89_28705	ko:K18991
bum:AXG89_28710	ko:K07241
bum:AXG89_28720	ko:K20762
bum:AXG89_28770	ko:K00156
bum:AXG89_28775	ko:K18288
bum:AXG89_28780	ko:K18290
bum:AXG89_28785	ko:K18292
bum:AXG89_28805	ko:K18289
bum:AXG89_28835	ko:K03304
bum:AXG89_28845	ko:K03781
bum:AXG89_28850	ko:K07124
bum:AXG89_28875	ko:K04093
bum:AXG89_28880	ko:K00344
bum:AXG89_28930	ko:K07644
bum:AXG89_28935	ko:K07665
bum:AXG89_28945	ko:K18138
bum:AXG89_28970	ko:K02484
bum:AXG89_28975	ko:K02483
bum:AXG89_29020	ko:K09121
bum:AXG89_29025	ko:K06864
bum:AXG89_29035	ko:K07079
bum:AXG89_29040	ko:K07241
bum:AXG89_29070	ko:K02053
bum:AXG89_29075	ko:K02054
bum:AXG89_29080	ko:K02055
bum:AXG89_29085	ko:K07483
bum:AXG89_29095	ko:K03805
bum:AXG89_29110	ko:K19338
bum:AXG89_29115	ko:K01644
bum:AXG89_29140	ko:K00059
bum:AXG89_29145	ko:K03285
bum:AXG89_29155	ko:K11177
bum:AXG89_29165	ko:K13483
bum:AXG89_29205	ko:K00135
bum:AXG89_29230	ko:K07486
bum:AXG89_29235	ko:K07486
bum:AXG89_29240	ko:K07486
bum:AXG89_29245	ko:K07486
bum:AXG89_29250	ko:K10440
bum:AXG89_29265	ko:K22083
bum:AXG89_29270	ko:K22082
bum:AXG89_29315	ko:K10680
bum:AXG89_29330	ko:K10680
bum:AXG89_29355	ko:K14189
bum:AXG89_29410	ko:K03406
bum:AXG89_29415	ko:K02398
bum:AXG89_29440	ko:K07484
bum:AXG89_29445	ko:K07484
bum:AXG89_29460	ko:K00782
bum:AXG89_29545	ko:K06886
bum:AXG89_29570	ko:K07483
bum:AXG89_29575	ko:K07497
bum:AXG89_29585	ko:K07497
bum:AXG89_29595	ko:K07481
bum:AXG89_29610	ko:K02403
bum:AXG89_29645	ko:K03322
bum:AXG89_29650	ko:K11924
bum:AXG89_29655	ko:K03406
bum:AXG89_29665	ko:K03284
bum:AXG89_29675	ko:K08151
bum:AXG89_29725	ko:K13483
bum:AXG89_29730	ko:K11178
bum:AXG89_29745	ko:K10013
bum:AXG89_29790	ko:K03406
bum:AXG89_29810	ko:K07497
bum:AXG89_29830	ko:K13021
bum:AXG89_29835	ko:K01996
bum:AXG89_29840	ko:K13028
bum:AXG89_29845	ko:K01501
bum:AXG89_29875	ko:K07486
bum:AXG89_29885	ko:K07484
bum:AXG89_29890	ko:K07483
bum:AXG89_29905	ko:K00523
bum:AXG89_29915	ko:K01426
bum:AXG89_29920	ko:K01951
bum:AXG89_29925	ko:K07483
bum:AXG89_29950	ko:K07483
bum:AXG89_29995	ko:K07483
bum:AXG89_30015	ko:K02049
bum:AXG89_30020	ko:K02050
bum:AXG89_30025	ko:K02051
bum:AXG89_30045	ko:K07485
bum:AXG89_30065	ko:K00799
bum:AXG89_30100	ko:K07497
bum:AXG89_30110	ko:K07483
bum:AXG89_30115	ko:K07497
bum:AXG89_30130	ko:K07483
bum:AXG89_30135	ko:K07497
bum:AXG89_30140	ko:K07497
bum:AXG89_30145	ko:K07483
bum:AXG89_30170	ko:K02483
bum:AXG89_30205	ko:K00615
bum:AXG89_30210	ko:K00615
bum:AXG89_30215	ko:K07486
bum:AXG89_30255	ko:K18139
bum:AXG89_30260	ko:K03543
bum:AXG89_30265	ko:K03446
bum:AXG89_30300	ko:K00986
bum:AXG89_30320	ko:K01118
bum:AXG89_30335	ko:K07497
bum:AXG89_30340	ko:K07483
bum:AXG89_30385	ko:K18831
bum:AXG89_30390	ko:K19166
bum:AXG89_30410	ko:K08995
bum:AXG89_30465	ko:K14160
bum:AXG89_30490	ko:K03502
bum:AXG89_30495	ko:K03503
bum:AXG89_30515	ko:K01971
bum:AXG89_30520	ko:K10979
bum:AXG89_30565	ko:K07039
bum:AXG89_30570	ko:K14230
bum:AXG89_30575	ko:K14228
bum:AXG89_30585	ko:K07484
bum:AXG89_30590	ko:K07484
bum:AXG89_30595	ko:K14981
bum:AXG89_30635	ko:K13924
bum:AXG89_30675	ko:K03497
bum:AXG89_30680	ko:K03496
bum:AXG89_30695	ko:K03530
bum:AXG89_30745	ko:K07497
bum:AXG89_30765	ko:K07117
bum:AXG89_30855	ko:K12513
bum:AXG89_30865	ko:K12511
bum:AXG89_30870	ko:K12510
bum:AXG89_30875	ko:K02283
bum:AXG89_30880	ko:K02282
bum:AXG89_30885	ko:K02281
bum:AXG89_30890	ko:K02280
bum:AXG89_30895	ko:K02279
bum:AXG89_30900	ko:K02278
bum:AXG89_30905	ko:K02651
bum:AXG89_30920	ko:K07497
bum:AXG89_30980	ko:K04763
bum:AXG89_30990	ko:K07497
bum:AXG89_31025	ko:K05343
bum:AXG89_31050	ko:K07451
bum:AXG89_31070	ko:K07052
bum:AXG89_31115	ko:K01055
bum:AXG89_31125	ko:K03518
bum:AXG89_31130	ko:K03519
bum:AXG89_31145	ko:K00135
bum:AXG89_31150	ko:K03566
bum:AXG89_31155	ko:K13796
bum:AXG89_31175	ko:K01997
bum:AXG89_31180	ko:K01998
bum:AXG89_31185	ko:K01995
bum:AXG89_31190	ko:K01996
bum:AXG89_31225	ko:K01999
bum:AXG89_31235	ko:K01652
bum:AXG89_31250	ko:K07482
bum:AXG89_31275	ko:K09461
bum:AXG89_31300	ko:K01075
bum:AXG89_31310	ko:K08295
bum:AXG89_31365	ko:K13021
bum:AXG89_31375	ko:K00052
bum:AXG89_31390	ko:K07486
bum:AXG89_31400	ko:K07482
bum:AXG89_31420	ko:K00986
bum:AXG89_31450	ko:K00059
bum:AXG89_31460	ko:K10680
bum:AXG89_31510	ko:K01451
bum:AXG89_31530	ko:K04750
bum:AXG89_31550	ko:K07497
bum:AXG89_31555	ko:K07483
bum:AXG89_31560	ko:K07486
bum:AXG89_31570	ko:K07483
bum:AXG89_31575	ko:K07497
bum:AXG89_31615	ko:K07172
bum:AXG89_31620	ko:K07171
bum:AXG89_31645	ko:K07483
bum:AXG89_31655	ko:K07482
bum:AXG89_31670	ko:K07497
bum:AXG89_31690	ko:K07483
bum:AXG89_31695	ko:K07497
bum:AXG89_31700	ko:K11741
bum:AXG89_31710	ko:K01563
bum:AXG89_31725	ko:K07497
bum:AXG89_31730	ko:K15054
bum:AXG89_31775	ko:K22027
bum:AXG89_31780	ko:K00484
bum:AXG89_31810	ko:K12369
bum:AXG89_31815	ko:K12370
bum:AXG89_31820	ko:K12371
bum:AXG89_31820	ko:K12372
bum:AXG89_31855	ko:K12368
bum:AXG89_31870	ko:K00059
bum:AXG89_31875	ko:K01426
bum:AXG89_31910	ko:K21757
bum:AXG89_31915	ko:K01856
bum:AXG89_31920	ko:K03381
bum:AXG89_31925	ko:K03464
bum:AXG89_31955	ko:K00986
bum:AXG89_31990	ko:K01424
bum:AXG89_32015	ko:K01998
bum:AXG89_32020	ko:K01995
bum:AXG89_32025	ko:K01996
bum:AXG89_32045	ko:K18249
bum:AXG89_32050	ko:K18248
bum:AXG89_32055	ko:K16320
bum:AXG89_32060	ko:K16319
bum:AXG89_32080	ko:K01745
bum:AXG89_32085	ko:K01997
bum:AXG89_32135	ko:K07497
bum:AXG89_32200	ko:K07497
bum:AXG89_32205	ko:K07483
bum:AXG89_32220	ko:K07497
bum:AXG89_32240	ko:K07486
bum:AXG89_32255	ko:K07486
bum:AXG89_32265	ko:K02030
bum:AXG89_32275	ko:K27802
bum:AXG89_32280	ko:K07404
bum:AXG89_32285	ko:K13021
bum:AXG89_32300	ko:K07482
bum:AXG89_32305	ko:K19166
bum:AXG89_32310	ko:K18831
bum:AXG89_32330	ko:K05836
bum:AXG89_32340	ko:K07484
bum:AXG89_32405	ko:K08195
bum:AXG89_32425	ko:K03929
bum:AXG89_32460	ko:K01799
bum:AXG89_32480	ko:K08344
bum:AXG89_32490	ko:K03671
bum:AXG89_32495	ko:K06196
bum:AXG89_32500	ko:K03885
bum:AXG89_32505	ko:K07497
bum:AXG89_32585	ko:K11209
bum:AXG89_32595	ko:K11209
bum:AXG89_32605	ko:K09930
bum:AXG89_32615	ko:K15977
bum:AXG89_32620	ko:K05874
bum:AXG89_32645	ko:K00059
bum:AXG89_32660	ko:K07483
bum:AXG89_32665	ko:K07497
bum:AXG89_32670	ko:K07498
bum:AXG89_32675	ko:K07485
bum:AXG89_32680	ko:K08166
bum:AXG89_32685	ko:K08177
bum:AXG89_32690	ko:K07484
bum:AXG89_32695	ko:K07484
bum:AXG89_32700	ko:K07483
bum:AXG89_32710	ko:K01999
bum:AXG89_32725	ko:K01995
bum:AXG89_32770	ko:K03111
bum:AXG89_32780	ko:K18988
bum:AXG89_32785	ko:K06919
bum:AXG89_32800	ko:K18640
bum:AXG89_32970	ko:K06077
bum:AXG89_33040	ko:K20529
bum:AXG89_33045	ko:K20530
bum:AXG89_33050	ko:K20266
bum:AXG89_33060	ko:K12070
bum:AXG89_33065	ko:K12071
bum:AXG89_33155	ko:K03547
bum:AXG89_33165	ko:K03546
bum:AXG89_33185	ko:K04763
bum:AXG89_33285	ko:K07497
bum:AXG89_33300	ko:K18829
bum:AXG89_33305	ko:K18828
bum:AXG89_33325	ko:K07493
bum:AXG89_33355	ko:K02456
bum:AXG89_33360	ko:K02455
bum:AXG89_33365	ko:K02454
bum:AXG89_33385	ko:K02453
bum:AXG89_33390	ko:K02456
bum:AXG89_33395	ko:K02456
bum:AXG89_33430	ko:K07445
bum:AXG89_33465	ko:K03530
bum:AXG89_33490	ko:K03496
bum:AXG89_33505	ko:K07483
bum:AXG89_33510	ko:K07484
bum:AXG89_33520	ko:K00986
bum:AXG89_33560	ko:K20531
bum:AXG89_33565	ko:K20532
bum:AXG89_33570	ko:K20533
bum:AXG89_33710	ko:K13924
bum:AXG89_33725	ko:K03704
bum:AXG89_33730	ko:K18831
bum:AXG89_33735	ko:K19166
bum:AXG89_33750	ko:K03496
bum:AXG89_33795	ko:K21498
bum:AXG89_34090	ko:K03781
bum:AXG89_34110	ko:K07507
bum:AXG89_34115	ko:K15553
bum:AXG89_34120	ko:K07407
bum:AXG89_34125	ko:K02030
bum:AXG89_34130	ko:K07275
bum:AXG89_34150	ko:K07052
bum:AXG89_34155	ko:K09957
bum:AXG89_34185	ko:K02030
bum:AXG89_34200	ko:K01990
bum:AXG89_34235	ko:K08369
bum:AXG89_34240	ko:K00052
bum:AXG89_34245	ko:K01704
bum:AXG89_34255	ko:K03566
bum:AXG89_34265	ko:K00355
bum:AXG89_34305	ko:K02624
bum:AXG89_34315	ko:K02182
bum:AXG89_34320	ko:K02053
bum:AXG89_34320	ko:K02054
bum:AXG89_34325	ko:K02052
bum:AXG89_34330	ko:K02055
bum:AXG89_34340	ko:K14160
bum:AXG89_34345	ko:K14161
bum:AXG89_34350	ko:K14162
bum:AXG89_34360	ko:K02050
bum:AXG89_34365	ko:K02049
bum:AXG89_34375	ko:K02051
bum:AXG89_34380	ko:K02529
bum:AXG89_34385	ko:K05275
bum:AXG89_34395	ko:K10680
bum:AXG89_34410	ko:K14189
bum:AXG89_34415	ko:K10439
bum:AXG89_34420	ko:K10441
bum:AXG89_34425	ko:K10440
bum:AXG89_34430	ko:K07048
bum:AXG89_34440	ko:K01434
bum:AXG89_34450	ko:K06147
bum:AXG89_34460	ko:K03088
bum:AXG89_34495	ko:K01620
bum:AXG89_34535	ko:K00375
bum:AXG89_34550	ko:K07222
bum:AXG89_34560	ko:K21405
bum:AXG89_34565	ko:K09959
bum:AXG89_34570	ko:K00138
bum:AXG89_34580	ko:K01185
bum:AXG89_34600	ko:K06145
bum:AXG89_34640	ko:K02407
bum:AXG89_34650	ko:K15553
bum:AXG89_34655	ko:K02073
bum:AXG89_34670	ko:K02050
bum:AXG89_34675	ko:K02049
bum:AXG89_34685	ko:K02051
bum:AXG89_34715	ko:K00596
bum:AXG89_34725	ko:K03892
bum:AXG89_34755	ko:K00677
bum:AXG89_34765	ko:K05834
bum:AXG89_34775	ko:K03786
bum:AXG89_34820	ko:K19736
bum:AXG89_34845	ko:K02030
bum:AXG89_34860	ko:K02028
bum:AXG89_34865	ko:K02029
bum:AXG89_34880	ko:K09136
bum:AXG89_34885	ko:K08717
bum:AXG89_34895	ko:K01167
bum:AXG89_34910	ko:K03426
bum:AXG89_34920	ko:K01991
bum:AXG89_34935	ko:K01791
bum:AXG89_34945	ko:K11740
bum:AXG89_34985	ko:K01623
bum:AXG89_35010	ko:K07090
bum:AXG89_35020	ko:K00433
bum:AXG89_35025	ko:K01561
bum:AXG89_35030	ko:K11177
bum:AXG89_35035	ko:K11178
bum:AXG89_35040	ko:K13483
bum:AXG89_35080	ko:K01755
bum:AXG89_35100	ko:K02026
bum:AXG89_35105	ko:K02025
bum:AXG89_35110	ko:K02027
bum:AXG89_35115	ko:K12308
bum:AXG89_35120	ko:K10111
bum:AXG89_35135	ko:K18991
bum:AXG89_35145	ko:K00140
bum:AXG89_35160	ko:K03885
bum:AXG89_35175	ko:K03719
bum:AXG89_35180	ko:K12252
bum:AXG89_35200	ko:K03781
bum:AXG89_35230	ko:K12132
bum:AXG89_35235	ko:K11890
bum:AXG89_35240	ko:K11891
bum:AXG89_35245	ko:K11892
bum:AXG89_35250	ko:K11893
bum:AXG89_35260	ko:K11904
bum:AXG89_35265	ko:K11907
bum:AXG89_35275	ko:K11896
bum:AXG89_35280	ko:K11897
bum:AXG89_35285	ko:K11903
bum:AXG89_35290	ko:K11900
bum:AXG89_35295	ko:K11901
bum:AXG89_35300	ko:K11902
bum:AXG89_35315	ko:K01505
bum:AXG89_35325	ko:K09913
bum:AXG89_35335	ko:K11895
bum:AXG89_35350	ko:K11905
bum:AXG89_35355	ko:K03651
bum:AXG89_35360	ko:K02052
bum:AXG89_35370	ko:K02053
bum:AXG89_35375	ko:K02055
bum:AXG89_35385	ko:K01114
bum:AXG89_35395	ko:K07093
bum:AXG89_35410	ko:K05351
bum:AXG89_35420	ko:K11531
bum:AXG89_35425	ko:K02026
bum:AXG89_35430	ko:K02025
bum:AXG89_35435	ko:K02027
bum:AXG89_35440	ko:K10111
bum:AXG89_35455	ko:K02030
bum:AXG89_35465	ko:K02029
bum:AXG89_35470	ko:K02028
bum:AXG89_35475	ko:K06016
bum:AXG89_35480	ko:K09967
bum:AXG89_35490	ko:K18459
bum:AXG89_35505	ko:K13929
bum:AXG89_35510	ko:K13930
bum:AXG89_35515	ko:K13931
bum:AXG89_35520	ko:K13932
bum:AXG89_35525	ko:K13933
bum:AXG89_35530	ko:K13934
bum:AXG89_35535	ko:K13935
bum:AXG89_35540	ko:K11534
bum:AXG89_35555	ko:K06988
bum:AXG89_35560	ko:K02057
bum:AXG89_35565	ko:K02056
bum:AXG89_35570	ko:K02058
bum:AXG89_35575	ko:K02057
bum:AXG89_35580	ko:K00852
bum:AXG89_35585	ko:K02431
bum:AXG89_35590	ko:K00128
bum:AXG89_35595	ko:K01619
bum:AXG89_35610	ko:K01796
bum:AXG89_35620	ko:K14057
bum:AXG89_35625	ko:K01451
bum:AXG89_35665	ko:K02020
bum:AXG89_35670	ko:K07006
bum:AXG89_35675	ko:K07394
bum:AXG89_35720	ko:K02050
bum:AXG89_35725	ko:K02049
bum:AXG89_35750	ko:K03497
bum:AXG89_35755	ko:K03496
bum:AXG89_35765	ko:K19267
bum:AXG89_35805	ko:K08369
bum:AXG89_35810	ko:K08738
bum:AXG89_35830	ko:K01759
bum:AXG89_35835	ko:K09983
bum:AXG89_35845	ko:K01577
bum:AXG89_35850	ko:K07749
bum:AXG89_35860	ko:K07749
bum:AXG89_35870	ko:K00324
bum:AXG89_35875	ko:K00325
bum:AXG89_35880	ko:K00077
bum:AXG89_35895	ko:K03406
bum:AXG89_35910	ko:K03594
bum:AXG89_35925	ko:K03772
bum:AXG89_35950	ko:K06901
bum:AXG89_35965	ko:K03285
bum:AXG89_35975	ko:K00830
bum:AXG89_35990	ko:K01715
bum:AXG89_36010	ko:K19159
bum:AXG89_36015	ko:K19158
bum:AXG89_36050	ko:K06193
bum:AXG89_36055	ko:K15054
bum:AXG89_36060	ko:K02624
bum:AXG89_36065	ko:K01714
bum:AXG89_36070	ko:K02053
bum:AXG89_36070	ko:K02054
bum:AXG89_36075	ko:K02052
bum:AXG89_36080	ko:K02055
bum:AXG89_36090	ko:K03086
bum:AXG89_36095	ko:K03549
bum:AXG89_36120	ko:K03719
bum:AXG89_36140	ko:K02055
bum:AXG89_36145	ko:K02052
bum:AXG89_36150	ko:K02054
bum:AXG89_36155	ko:K02053
bum:AXG89_36160	ko:K24955
bum:AXG89_36170	ko:K24954
bum:AXG89_36185	ko:K00801
bum:AXG89_36190	ko:K09915
bum:AXG89_36210	ko:K16692
bum:AXG89_36255	ko:K16011
bum:AXG89_36270	ko:K03321
bum:AXG89_36280	ko:K00657
bum:AXG89_36290	ko:K17285
bum:AXG89_36295	ko:K18900
bum:AXG89_36300	ko:K00059
bum:AXG89_36315	ko:K07326
bum:AXG89_36320	ko:K15125
bum:AXG89_36345	ko:K02433
bum:AXG89_36350	ko:K16137
bum:AXG89_36365	ko:K18301
bum:AXG89_36370	ko:K05874
bum:AXG89_36390	ko:K03446
bum:AXG89_36395	ko:K03543
bum:AXG89_36400	ko:K23777
bum:AXG89_36410	ko:K01451
bum:AXG89_36425	ko:K00459
bum:AXG89_36440	ko:K00344
bum:AXG89_36450	ko:K03746
bum:AXG89_36460	ko:K23775
bum:AXG89_36475	ko:K06133
bum:AXG89_36480	ko:K08968
bum:AXG89_36485	ko:K07241
bum:AXG89_36490	ko:K18334
bum:AXG89_36535	ko:K02351
bum:AXG89_36540	ko:K03307
bum:AXG89_36550	ko:K02480
bum:AXG89_36570	ko:K00122
bum:AXG89_36600	ko:K02030
bum:AXG89_36610	ko:K02029
bum:AXG89_36615	ko:K01480
bum:AXG89_36635	ko:K19577
bum:AXG89_36650	ko:K15553
bum:AXG89_36660	ko:K07006
bum:AXG89_36665	ko:K00799
bum:AXG89_36705	ko:K13979
bum:AXG89_36725	ko:K02035
bum:AXG89_36730	ko:K02032
bum:AXG89_36735	ko:K02031
bum:AXG89_36740	ko:K02034
bum:AXG89_36745	ko:K02033
bum:AXG89_36750	ko:K22879
bum:AXG89_36775	ko:K18997
bum:AXG89_36780	ko:K05516
bum:AXG89_36790	ko:K03543
bum:AXG89_36795	ko:K03446
bum:AXG89_36800	ko:K18904
bum:AXG89_36890	ko:K14189
bum:AXG89_36895	ko:K08177
bum:AXG89_36945	ko:K22296
bum:AXG89_36950	ko:K18030
bum:AXG89_36960	ko:K13995
bum:AXG89_36965	ko:K18028
bum:AXG89_36970	ko:K15357
bum:AXG89_36975	ko:K01799
bum:AXG89_36980	ko:K14974
bum:AXG89_36985	ko:K18029
bum:AXG89_36990	ko:K18030
bum:AXG89_36995	ko:K22296
bum:AXG89_37000	ko:K01997
bum:AXG89_37000	ko:K01998
bum:AXG89_37005	ko:K01995
bum:AXG89_37010	ko:K01996
bum:AXG89_37025	ko:K00301
bum:AXG89_37035	ko:K02228
bum:AXG89_37040	ko:K00549
bum:AXG89_37045	ko:K03576
bum:AXG89_37065	ko:K01265
bum:AXG89_37105	ko:K02336
bum:AXG89_37110	ko:K00799
bum:AXG89_37120	ko:K02035
bum:AXG89_37125	ko:K02033
bum:AXG89_37130	ko:K02034
bum:AXG89_37135	ko:K02031
bum:AXG89_37135	ko:K02032
bum:AXG89_37155	ko:K03704
bum:AXG89_37170	ko:K03530
bum:AXG89_37195	ko:K00077
bum:AXG89_37205	ko:K27078
bum:AXG89_37210	ko:K07346
bum:AXG89_37215	ko:K07347
bum:AXG89_37220	ko:K27078
bum:AXG89_37275	ko:K22477
bum:AXG89_37280	ko:K07112
bum:AXG89_37285	ko:K03322
bum:AXG89_37330	ko:K01546
bum:AXG89_37335	ko:K01547
bum:AXG89_37340	ko:K01548
bum:AXG89_37345	ko:K07646
bum:AXG89_37350	ko:K07667
bum:AXG89_37370	ko:K02030
bum:AXG89_37375	ko:K02029
bum:AXG89_37380	ko:K02028
bum:AXG89_37385	ko:K01479
bum:AXG89_37405	ko:K03406
bum:AXG89_37420	ko:K05846
bum:AXG89_37430	ko:K05846
bum:AXG89_37435	ko:K05845
bum:AXG89_37450	ko:K21832
bum:AXG89_37475	ko:K02027
bum:AXG89_37480	ko:K02025
bum:AXG89_37485	ko:K02026
bum:AXG89_37490	ko:K10112
bum:AXG89_37495	ko:K01714
bum:AXG89_37500	ko:K01586
bum:AXG89_37505	ko:K00059
bum:AXG89_37525	ko:K08720
bum:AXG89_37530	ko:K01714
bum:AXG89_37545	ko:K02028
bum:AXG89_37550	ko:K02029
bum:AXG89_37555	ko:K02029
bum:AXG89_37560	ko:K02030
bum:AXG89_37565	ko:K00059
bum:AXG89_37575	ko:K02624
bum:AXG89_37580	ko:K00135
bum:AXG89_37585	ko:K15785
bum:AXG89_37590	ko:K00283
bum:AXG89_37595	ko:K00282
bum:AXG89_37615	ko:K07404
bum:AXG89_37645	ko:K10439
bum:AXG89_37650	ko:K10441
bum:AXG89_37655	ko:K10440
bum:AXG89_37695	ko:K00852
bum:AXG89_37700	ko:K06971
bum:AXG89_37705	ko:K03707
bum:AXG89_37710	ko:K10440
bum:AXG89_37715	ko:K10441
bum:AXG89_37720	ko:K10439
bum:AXG89_37725	ko:K02529
bum:AXG89_37730	ko:K18139
bum:AXG89_37735	ko:K07789
bum:AXG89_37740	ko:K07788
bum:AXG89_37745	ko:K07799
bum:AXG89_37780	ko:K05366
bum:AXG89_37785	ko:K00077
bum:AXG89_37790	ko:K21023
bum:AXG89_37795	ko:K01142
bum:AXG89_37820	ko:K07552
bum:AXG89_37825	ko:K06147
bum:AXG89_37850	ko:K01426
bum:AXG89_37860	ko:K02053
bum:AXG89_37865	ko:K02054
bum:AXG89_37870	ko:K02055
bum:AXG89_37875	ko:K02052
bum:AXG89_37900	ko:K01420
bum:AXG89_37940	ko:K06160
bum:AXG89_37955	ko:K10531
bum:AXG89_37960	ko:K02014
bum:AXG89_37970	ko:K03896
bum:AXG89_37975	ko:K09936
bum:AXG89_38005	ko:K22303
bum:AXG89_38010	ko:K15555
bum:AXG89_38015	ko:K15554
bum:AXG89_38020	ko:K15554
bum:AXG89_38025	ko:K15553
bum:AXG89_38030	ko:K22303
bum:AXG89_38035	ko:K24116
bum:AXG89_38045	ko:K13924
bum:AXG89_38050	ko:K09712
bum:AXG89_38065	ko:K07156
bum:AXG89_38070	ko:K00040
bum:AXG89_38075	ko:K08323
bum:AXG89_38080	ko:K00098
bum:AXG89_38085	ko:K08191
bum:AXG89_38095	ko:K00031
bum:AXG89_38135	ko:K25494
bum:AXG89_38140	ko:K25495
bum:AXG89_38145	ko:K01821
bum:AXG89_38160	ko:K01114
bum:AXG89_38165	ko:K01868
bum:AXG89_38185	ko:K03710
bum:AXG89_38195	ko:K03457
bum:AXG89_38205	ko:K23256
bum:AXG89_38210	ko:K03790
bum:AXG89_38240	ko:K07552
bum:AXG89_38250	ko:K02837
bum:AXG89_38255	ko:K05349
bum:AXG89_38265	ko:K02030
bum:AXG89_38280	ko:K26605
bum:AXG89_38285	ko:K26606
bum:AXG89_38300	ko:K26064
bum:AXG89_38320	ko:K02029
bum:AXG89_38325	ko:K02030
bum:AXG89_38345	ko:K03300
bum:AXG89_38350	ko:K00249
bum:AXG89_38370	ko:K03892
bum:AXG89_38375	ko:K11811
bum:AXG89_38395	ko:K02004
bum:AXG89_38400	ko:K02003
bum:AXG89_38420	ko:K03285
bum:AXG89_38460	ko:K22479
bum:AXG89_38470	ko:K18900
bum:AXG89_38480	ko:K18901
bum:AXG89_38485	ko:K18902
bum:AXG89_38490	ko:K18903
bum:AXG89_38510	ko:K15785
bum:AXG89_38545	ko:K00794
bum:AXG89_38550	ko:K02029
bum:AXG89_38560	ko:K02028
bum:AXG89_38570	ko:K03285
bum:AXG89_38575	ko:K15554
bum:AXG89_38580	ko:K15555
bum:AXG89_38585	ko:K15553
bum:AXG89_38610	ko:K01118
bum:AXG89_38615	ko:K00375
bum:AXG89_38640	ko:K07506
bum:AXG89_38670	ko:K07507
bum:AXG89_38680	ko:K02440
bum:AXG89_38685	ko:K00864
bum:AXG89_38690	ko:K03281
bum:AXG89_38700	ko:K03710
bum:AXG89_38705	ko:K11103
bum:AXG89_38710	ko:K22209
bum:AXG89_38715	ko:K01857
bum:AXG89_38735	ko:K06991
bum:AXG89_38750	ko:K00852
bum:AXG89_38755	ko:K10440
bum:AXG89_38760	ko:K10441
bum:AXG89_38765	ko:K10439
bum:AXG89_38795	ko:K17836
bum:AXG89_38800	ko:K17850
bum:AXG89_38830	ko:K08191
bum:AXG89_38845	ko:K02053
bum:AXG89_38855	ko:K02055
bum:AXG89_38860	ko:K02052
bum:AXG89_38880	ko:K00483
bum:AXG89_38895	ko:K01438
bum:AXG89_38910	ko:K07246
bum:AXG89_38915	ko:K16135
bum:AXG89_38925	ko:K02030
bum:AXG89_38930	ko:K00790
bum:AXG89_38970	ko:K16090
bum:AXG89_39015	ko:K20938
bum:AXG89_39045	ko:K05520
bum:AXG89_39050	ko:K03288
bum:AXG89_39055	ko:K13795
bum:AXG89_39060	ko:K13796
bum:AXG89_39065	ko:K13794
bum:AXG89_39075	ko:K00380
bum:AXG89_39080	ko:K04564
bum:AXG89_39135	ko:K21883
bum:AXG89_39140	ko:K05913
bum:AXG89_39160	ko:K03435
bum:AXG89_39165	ko:K18910
bum:AXG89_39200	ko:K01560
bum:AXG89_39215	ko:K18138
bum:AXG89_39220	ko:K03585
bum:AXG89_39225	ko:K18139
bum:AXG89_39235	ko:K01999
bum:AXG89_39240	ko:K01777
bum:AXG89_39245	ko:K19743
bum:AXG89_39260	ko:K08191
bum:AXG89_39265	ko:K29125
bum:AXG89_39275	ko:K00121
bum:AXG89_39280	ko:K00641
bum:AXG89_39315	ko:K07126
bum:AXG89_39325	ko:K22278
bum:AXG89_39335	ko:K00059
bum:AXG89_39340	ko:K00059
bum:AXG89_39355	ko:K02055
bum:AXG89_39420	ko:K12508
bum:AXG89_39435	ko:K06911
bum:AXG89_39440	ko:K11927
bum:AXG89_39445	ko:K23107
bum:AXG89_39470	ko:K06158
bum:AXG89_39480	ko:K03782
bum:AXG89_39485	ko:K06995
bum:AXG89_39495	ko:K00135
bum:AXG89_39510	ko:K12972
bum:AXG89_39525	ko:K00128
bum:AXG89_39530	ko:K01560
bum:AXG89_39540	ko:K02035
bum:AXG89_39545	ko:K02033
bum:AXG89_39550	ko:K02034
bum:AXG89_39555	ko:K02031
bum:AXG89_39555	ko:K02032
bum:AXG89_39590	ko:K07025
bum:AXG89_39595	ko:K09471
bum:AXG89_39600	ko:K02054
bum:AXG89_39605	ko:K02053
bum:AXG89_39610	ko:K00128
bum:AXG89_39615	ko:K16873
bum:AXG89_39620	ko:K02055
bum:AXG89_39625	ko:K00145
bum:AXG89_39655	ko:K00573
bum:AXG89_39665	ko:K27042
bum:AXG89_39690	ko:K10014
bum:AXG89_39705	ko:K07497
bum:AXG89_39715	ko:K03566
bum:AXG89_39765	ko:K17752
bum:AXG89_39770	ko:K17762
bum:AXG89_39775	ko:K17763
bum:AXG89_39785	ko:K00433
bum:AXG89_39810	ko:K07659
bum:AXG89_39815	ko:K07638
bum:AXG89_39825	ko:K13993
bum:AXG89_39830	ko:K13993
bum:AXG89_39840	ko:K18029
bum:AXG89_39845	ko:K18030
bum:AXG89_39860	ko:K03778
bum:AXG89_39885	ko:K07482
bum:AXG89_39900	ko:K19302
bum:AXG89_39905	ko:K03928
bum:AXG89_39915	ko:K02484
bum:AXG89_39920	ko:K02483
bum:AXG89_39930	ko:K03585
bum:AXG89_39960	ko:K02483
bum:AXG89_39985	ko:K07402
bum:AXG89_39990	ko:K13482
bum:AXG89_39995	ko:K13481
bum:AXG89_40005	ko:K03307
bum:AXG89_40010	ko:K01647
bum:AXG89_40020	ko:K00020
bum:AXG89_40025	ko:K13936
bum:AXG89_40045	ko:K00799
bum:AXG89_40070	ko:K07090
bum:AXG89_40085	ko:K00097
bum:AXG89_40105	ko:K08194
bum:AXG89_40115	ko:K03299
bum:AXG89_40130	ko:K03566
bum:AXG89_40140	ko:K01999
bum:AXG89_40145	ko:K13796
bum:AXG89_40150	ko:K23463
bum:AXG89_40160	ko:K01439
bum:AXG89_40165	ko:K02028
bum:AXG89_40170	ko:K02029
bum:AXG89_40175	ko:K02029
bum:AXG89_40180	ko:K02030
bum:AXG89_40185	ko:K22550
bum:AXG89_40200	ko:K01714
bum:AXG89_40205	ko:K01464
bum:AXG89_40210	ko:K06889
bum:AXG89_40220	ko:K03928
bum:AXG89_40255	ko:K02651
bum:AXG89_40260	ko:K02278
bum:AXG89_40265	ko:K02279
bum:AXG89_40270	ko:K02280
bum:AXG89_40275	ko:K02281
bum:AXG89_40280	ko:K02282
bum:AXG89_40285	ko:K02283
bum:AXG89_40290	ko:K12510
bum:AXG89_40295	ko:K12511
bum:AXG89_40305	ko:K12513
bum:AXG89_40350	ko:K03566
bum:AXG89_40355	ko:K16014
bum:AXG89_40365	ko:K01644
bum:AXG89_40370	ko:K03710
bum:AXG89_40390	ko:K08369
bum:AXG89_40395	ko:K18290
bum:AXG89_40430	ko:K01534
bum:AXG89_40440	ko:K07644
bum:AXG89_40445	ko:K07665
bum:AXG89_40450	ko:K15726
bum:AXG89_40455	ko:K15727
bum:AXG89_40460	ko:K15725
bum:AXG89_40505	ko:K00604
bum:AXG89_40525	ko:K03607
bum:AXG89_40545	ko:K05879
bum:AXG89_40555	ko:K10440
bum:AXG89_40560	ko:K10441
bum:AXG89_40565	ko:K10439
bum:AXG89_40570	ko:K01628
bum:AXG89_40575	ko:K08963
bum:AXG89_40580	ko:K00899
bum:AXG89_40585	ko:K03710
bum:AXG89_40595	ko:K05275
bum:AXG89_40600	ko:K01467
bum:AXG89_40635	ko:K03566
bum:AXG89_40645	ko:K10439
bum:AXG89_40650	ko:K01053
bum:AXG89_40655	ko:K10440
bum:AXG89_40660	ko:K10440
bum:AXG89_40665	ko:K10441
bum:AXG89_40670	ko:K10439
bum:AXG89_40675	ko:K01686
bum:AXG89_40695	ko:K11209
bum:AXG89_40700	ko:K03566
bum:AXG89_40720	ko:K01687
bum:AXG89_40805	ko:K10550
bum:AXG89_40810	ko:K10551
bum:AXG89_40815	ko:K10549
bum:AXG89_40850	ko:K02510
bum:AXG89_40855	ko:K10112
bum:AXG89_40860	ko:K02026
bum:AXG89_40865	ko:K02025
bum:AXG89_40870	ko:K02027
bum:AXG89_40890	ko:K00875
bum:AXG89_40895	ko:K00039
bum:AXG89_40900	ko:K10544
bum:AXG89_40905	ko:K10545
bum:AXG89_40910	ko:K10543
bum:AXG89_40925	ko:K03761
bum:AXG89_40950	ko:K02049
bum:AXG89_40955	ko:K02050
bum:AXG89_40960	ko:K02030
bum:AXG89_40965	ko:K02529
bum:AXG89_40970	ko:K13021
bum:AXG89_40980	ko:K03811
bum:AXG89_40985	ko:K02014
bum:AXG89_41000	ko:K13816
bum:AXG89_41005	ko:K14051
bum:AXG89_41015	ko:K02055
bum:AXG89_41045	ko:K01807
bum:AXG89_41050	ko:K19337
bum:AXG89_41055	ko:K01091
bum:AXG89_41065	ko:K00135
bum:AXG89_41070	ko:K02057
bum:AXG89_41075	ko:K02056
bum:AXG89_41080	ko:K02058
bum:AXG89_41085	ko:K00046
bum:AXG89_41120	ko:K08715
bum:AXG89_41125	ko:K00059
bum:AXG89_41145	ko:K01714
bum:AXG89_41150	ko:K23227
bum:AXG89_41155	ko:K13255
bum:AXG89_41160	ko:K23228
bum:AXG89_41165	ko:K10829
bum:AXG89_41175	ko:K05375
bum:AXG89_41195	ko:K10537
bum:AXG89_41200	ko:K10539
bum:AXG89_41205	ko:K10538
bum:AXG89_41270	ko:K01652
bum:AXG89_41275	ko:K01026
bum:AXG89_41330	ko:K06152
bum:AXG89_41335	ko:K06151
bum:AXG89_41345	ko:K13873
bum:AXG89_41350	ko:K13875
bum:AXG89_41355	ko:K23509
bum:AXG89_41360	ko:K23509
bum:AXG89_41365	ko:K10820
bum:AXG89_41370	ko:K23508
bum:AXG89_41380	ko:K01534
bum:AXG89_41385	ko:K03724
bum:AXG89_41405	ko:K28156
bum:AXG89_41410	ko:K02403
bum:AXG89_41525	ko:K02403
