buo:BRPE64_ACDS00010	ko:K02313
buo:BRPE64_ACDS00020	ko:K02338
buo:BRPE64_ACDS00030	ko:K02470
buo:BRPE64_ACDS00090	ko:K13652
buo:BRPE64_ACDS00110	ko:K05591
buo:BRPE64_ACDS00120	ko:K08169
buo:BRPE64_ACDS00170	ko:K00058
buo:BRPE64_ACDS00190	ko:K01596
buo:BRPE64_ACDS00220	ko:K03169
buo:BRPE64_ACDS00240	ko:K04096
buo:BRPE64_ACDS00260	ko:K01462
buo:BRPE64_ACDS00270	ko:K00604
buo:BRPE64_ACDS00300	ko:K03799
buo:BRPE64_ACDS00310	ko:K03500
buo:BRPE64_ACDS00330	ko:K13598
buo:BRPE64_ACDS00340	ko:K13599
buo:BRPE64_ACDS00360	ko:K06920
buo:BRPE64_ACDS00370	ko:K10026
buo:BRPE64_ACDS00380	ko:K01737
buo:BRPE64_ACDS00390	ko:K01630
buo:BRPE64_ACDS00400	ko:K07126
buo:BRPE64_ACDS00410	ko:K05837
buo:BRPE64_ACDS00420	ko:K05515
buo:BRPE64_ACDS00430	ko:K03571
buo:BRPE64_ACDS00440	ko:K03570
buo:BRPE64_ACDS00450	ko:K03569
buo:BRPE64_ACDS00460	ko:K02435
buo:BRPE64_ACDS00470	ko:K02433
buo:BRPE64_ACDS00480	ko:K02434
buo:BRPE64_ACDS00500	ko:K01142
buo:BRPE64_ACDS00520	ko:K08218
buo:BRPE64_ACDS00540	ko:K00641
buo:BRPE64_ACDS00560	ko:K00930
buo:BRPE64_ACDS00580	ko:K15011
buo:BRPE64_ACDS00590	ko:K15012
buo:BRPE64_ACDS00600	ko:K03406
buo:BRPE64_ACDS00610	ko:K09016
buo:BRPE64_ACDS00620	ko:K21449
buo:BRPE64_ACDS00630	ko:K24163
buo:BRPE64_ACDS00650	ko:K04090
buo:BRPE64_ACDS00670	ko:K00799
buo:BRPE64_ACDS00700	ko:K00847
buo:BRPE64_ACDS00710	ko:K29027
buo:BRPE64_ACDS00760	ko:K14347
buo:BRPE64_ACDS00800	ko:K00459
buo:BRPE64_ACDS00820	ko:K01561
buo:BRPE64_ACDS00860	ko:K01640
buo:BRPE64_ACDS00870	ko:K12972
buo:BRPE64_ACDS00880	ko:K01012
buo:BRPE64_ACDS00890	ko:K01935
buo:BRPE64_ACDS00900	ko:K00652
buo:BRPE64_ACDS00910	ko:K00833
buo:BRPE64_ACDS00940	ko:K09858
buo:BRPE64_ACDS00950	ko:K00799
buo:BRPE64_ACDS00970	ko:K07062
buo:BRPE64_ACDS00980	ko:K00626
buo:BRPE64_ACDS00990	ko:K01673
buo:BRPE64_ACDS01000	ko:K00906
buo:BRPE64_ACDS01030	ko:K12368
buo:BRPE64_ACDS01040	ko:K07301
buo:BRPE64_ACDS01050	ko:K02423
buo:BRPE64_ACDS01060	ko:K02407
buo:BRPE64_ACDS01070	ko:K02406
buo:BRPE64_ACDS01100	ko:K02970
buo:BRPE64_ACDS01130	ko:K01246
buo:BRPE64_ACDS01150	ko:K18676
buo:BRPE64_ACDS01160	ko:K28854
buo:BRPE64_ACDS01180	ko:K06188
buo:BRPE64_ACDS01210	ko:K02403
buo:BRPE64_ACDS01220	ko:K02402
buo:BRPE64_ACDS01240	ko:K02556
buo:BRPE64_ACDS01250	ko:K02557
buo:BRPE64_ACDS01260	ko:K03413
buo:BRPE64_ACDS01270	ko:K03407
buo:BRPE64_ACDS01280	ko:K03408
buo:BRPE64_ACDS01290	ko:K05874
buo:BRPE64_ACDS01300	ko:K00575
buo:BRPE64_ACDS01310	ko:K03411
buo:BRPE64_ACDS01320	ko:K03412
buo:BRPE64_ACDS01330	ko:K03413
buo:BRPE64_ACDS01340	ko:K03414
buo:BRPE64_ACDS01380	ko:K03673
buo:BRPE64_ACDS01400	ko:K01887
buo:BRPE64_ACDS01440	ko:K00548
buo:BRPE64_ACDS01450	ko:K00548
buo:BRPE64_ACDS01470	ko:K01055
buo:BRPE64_ACDS01500	ko:K16171
buo:BRPE64_ACDS01510	ko:K01999
buo:BRPE64_ACDS01550	ko:K22491
buo:BRPE64_ACDS01580	ko:K21345
buo:BRPE64_ACDS01600	ko:K03525
buo:BRPE64_ACDS01610	ko:K03524
buo:BRPE64_ACDS01640	ko:K02066
buo:BRPE64_ACDS01650	ko:K02065
buo:BRPE64_ACDS01660	ko:K02067
buo:BRPE64_ACDS01670	ko:K18480
buo:BRPE64_ACDS01700	ko:K07018
buo:BRPE64_ACDS01710	ko:K07258
buo:BRPE64_ACDS01720	ko:K00824
buo:BRPE64_ACDS01730	ko:K09158
buo:BRPE64_ACDS01740	ko:K03566
buo:BRPE64_ACDS01760	ko:K03801
buo:BRPE64_ACDS01770	ko:K03644
buo:BRPE64_ACDS01790	ko:K11103
buo:BRPE64_ACDS01810	ko:K10125
buo:BRPE64_ACDS01820	ko:K10126
buo:BRPE64_ACDS01850	ko:K07391
buo:BRPE64_ACDS01860	ko:K09806
buo:BRPE64_ACDS01870	ko:K04752
buo:BRPE64_ACDS01880	ko:K03320
buo:BRPE64_ACDS01890	ko:K01919
buo:BRPE64_ACDS01900	ko:K01920
buo:BRPE64_ACDS01910	ko:K02793
buo:BRPE64_ACDS01920	ko:K02784
buo:BRPE64_ACDS01930	ko:K08483
buo:BRPE64_ACDS01940	ko:K21029
buo:BRPE64_ACDS01950	ko:K03797
buo:BRPE64_ACDS01960	ko:K01834
buo:BRPE64_ACDS01980	ko:K03676
buo:BRPE64_ACDS01990	ko:K03071
buo:BRPE64_ACDS02000	ko:K00057
buo:BRPE64_ACDS02010	ko:K23518
buo:BRPE64_ACDS02020	ko:K03216
buo:BRPE64_ACDS02040	ko:K02169
buo:BRPE64_ACDS02060	ko:K02275
buo:BRPE64_ACDS02070	ko:K02274
buo:BRPE64_ACDS02090	ko:K02258
buo:BRPE64_ACDS02110	ko:K02276
buo:BRPE64_ACDS02130	ko:K14998
buo:BRPE64_ACDS02150	ko:K02259
buo:BRPE64_ACDS02160	ko:K02257
buo:BRPE64_ACDS02170	ko:K07152
buo:BRPE64_ACDS02190	ko:K02073
buo:BRPE64_ACDS02220	ko:K24967
buo:BRPE64_ACDS02230	ko:K01443
buo:BRPE64_ACDS02240	ko:K00820
buo:BRPE64_ACDS02250	ko:K23993
buo:BRPE64_ACDS02260	ko:K02804
buo:BRPE64_ACDS02270	ko:K03089
buo:BRPE64_ACDS02280	ko:K12976
buo:BRPE64_ACDS02300	ko:K01649
buo:BRPE64_ACDS02320	ko:K16165
buo:BRPE64_ACDS02330	ko:K01800
buo:BRPE64_ACDS02340	ko:K06895
buo:BRPE64_ACDS02350	ko:K03110
buo:BRPE64_ACDS02360	ko:K08316
buo:BRPE64_ACDS02370	ko:K00954
buo:BRPE64_ACDS02390	ko:K00817
buo:BRPE64_ACDS02400	ko:K01056
buo:BRPE64_ACDS02410	ko:K02897
buo:BRPE64_ACDS02420	ko:K00948
buo:BRPE64_ACDS02430	ko:K00919
buo:BRPE64_ACDS02440	ko:K02494
buo:BRPE64_ACDS02460	ko:K10563
buo:BRPE64_ACDS02470	ko:K03575
buo:BRPE64_ACDS02480	ko:K07157
buo:BRPE64_ACDS02490	ko:K06958
buo:BRPE64_ACDS02500	ko:K06023
buo:BRPE64_ACDS02510	ko:K02806
buo:BRPE64_ACDS02530	ko:K05808
buo:BRPE64_ACDS02540	ko:K03092
buo:BRPE64_ACDS02550	ko:K06861
buo:BRPE64_ACDS02560	ko:K09774
buo:BRPE64_ACDS02570	ko:K11719
buo:BRPE64_ACDS02580	ko:K03270
buo:BRPE64_ACDS02590	ko:K06041
buo:BRPE64_ACDS02600	ko:K03455
buo:BRPE64_ACDS02610	ko:K00759
buo:BRPE64_ACDS02640	ko:K01433
buo:BRPE64_ACDS02660	ko:K03701
buo:BRPE64_ACDS02680	ko:K03111
buo:BRPE64_ACDS02700	ko:K07687
buo:BRPE64_ACDS02710	ko:K07687
buo:BRPE64_ACDS02720	ko:K07687
buo:BRPE64_ACDS02760	ko:K03285
buo:BRPE64_ACDS02840	ko:K06015
buo:BRPE64_ACDS02870	ko:K06879
buo:BRPE64_ACDS02880	ko:K01081
buo:BRPE64_ACDS02890	ko:K01754
buo:BRPE64_ACDS02950	ko:K03183
buo:BRPE64_ACDS02970	ko:K03690
buo:BRPE64_ACDS02980	ko:K03688
buo:BRPE64_ACDS03020	ko:K01876
buo:BRPE64_ACDS03030	ko:K08310
buo:BRPE64_ACDS03040	ko:K06131
buo:BRPE64_ACDS03060	ko:K20035
buo:BRPE64_ACDS03070	ko:K07516
buo:BRPE64_ACDS03080	ko:K00632
buo:BRPE64_ACDS03100	ko:K02379
buo:BRPE64_ACDS03130	ko:K10806
buo:BRPE64_ACDS03150	ko:K24821
buo:BRPE64_ACDS03170	ko:K02575
buo:BRPE64_ACDS03180	ko:K21645
buo:BRPE64_ACDS03190	ko:K00261
buo:BRPE64_ACDS03210	ko:K10001
buo:BRPE64_ACDS03220	ko:K10003
buo:BRPE64_ACDS03230	ko:K10002
buo:BRPE64_ACDS03240	ko:K10004
buo:BRPE64_ACDS03260	ko:K01465
buo:BRPE64_ACDS03280	ko:K07397
buo:BRPE64_ACDS03290	ko:K02871
buo:BRPE64_ACDS03300	ko:K02996
buo:BRPE64_ACDS03310	ko:K15724
buo:BRPE64_ACDS03320	ko:K09001
buo:BRPE64_ACDS03330	ko:K01866
buo:BRPE64_ACDS03340	ko:K07560
buo:BRPE64_ACDS03350	ko:K11900
buo:BRPE64_ACDS03360	ko:K11903
buo:BRPE64_ACDS03370	ko:K11906
buo:BRPE64_ACDS03380	ko:K11897
buo:BRPE64_ACDS03390	ko:K11896
buo:BRPE64_ACDS03400	ko:K11895
buo:BRPE64_ACDS03410	ko:K11902
buo:BRPE64_ACDS03420	ko:K03551
buo:BRPE64_ACDS03430	ko:K03550
buo:BRPE64_ACDS03440	ko:K01159
buo:BRPE64_ACDS03450	ko:K00602
buo:BRPE64_ACDS03460	ko:K03557
buo:BRPE64_ACDS03470	ko:K05540
buo:BRPE64_ACDS03490	ko:K03185
buo:BRPE64_ACDS03500	ko:K01262
buo:BRPE64_ACDS03510	ko:K25137
buo:BRPE64_ACDS03520	ko:K00325
buo:BRPE64_ACDS03530	ko:K00324
buo:BRPE64_ACDS03540	ko:K00324
buo:BRPE64_ACDS03570	ko:K00566
buo:BRPE64_ACDS03580	ko:K16137
buo:BRPE64_ACDS03610	ko:K09857
buo:BRPE64_ACDS03620	ko:K06192
buo:BRPE64_ACDS03630	ko:K03808
buo:BRPE64_ACDS03640	ko:K03808
buo:BRPE64_ACDS03690	ko:K03074
buo:BRPE64_ACDS03700	ko:K03072
buo:BRPE64_ACDS03710	ko:K03210
buo:BRPE64_ACDS03720	ko:K00773
buo:BRPE64_ACDS03730	ko:K07568
buo:BRPE64_ACDS03740	ko:K03655
buo:BRPE64_ACDS03750	ko:K04761
buo:BRPE64_ACDS03770	ko:K03781
buo:BRPE64_ACDS03790	ko:K04047
buo:BRPE64_ACDS03800	ko:K03179
buo:BRPE64_ACDS03820	ko:K00286
buo:BRPE64_ACDS03830	ko:K06997
buo:BRPE64_ACDS03840	ko:K11473
buo:BRPE64_ACDS03850	ko:K11472
buo:BRPE64_ACDS03860	ko:K00104
buo:BRPE64_ACDS03870	ko:K00102
buo:BRPE64_ACDS03890	ko:K00798
buo:BRPE64_ACDS03910	ko:K01626
buo:BRPE64_ACDS03920	ko:K03568
buo:BRPE64_ACDS03930	ko:K11206
buo:BRPE64_ACDS03950	ko:K00982
buo:BRPE64_ACDS03960	ko:K03631
buo:BRPE64_ACDS03970	ko:K00858
buo:BRPE64_ACDS03980	ko:K03705
buo:BRPE64_ACDS03990	ko:K01772
buo:BRPE64_ACDS04000	ko:K04762
buo:BRPE64_ACDS04020	ko:K03687
buo:BRPE64_ACDS04050	ko:K04043
buo:BRPE64_ACDS04060	ko:K03686
buo:BRPE64_ACDS04070	ko:K03342
buo:BRPE64_ACDS04080	ko:K01684
buo:BRPE64_ACDS04130	ko:K01759
buo:BRPE64_ACDS04150	ko:K00655
buo:BRPE64_ACDS04160	ko:K03273
buo:BRPE64_ACDS04170	ko:K01879
buo:BRPE64_ACDS04180	ko:K01878
buo:BRPE64_ACDS04190	ko:K03820
buo:BRPE64_ACDS04200	ko:K06189
buo:BRPE64_ACDS04210	ko:K07232
buo:BRPE64_ACDS04220	ko:K07042
buo:BRPE64_ACDS04230	ko:K06217
buo:BRPE64_ACDS04240	ko:K06168
buo:BRPE64_ACDS04270	ko:K19577
buo:BRPE64_ACDS04290	ko:K02858
buo:BRPE64_ACDS04310	ko:K00864
buo:BRPE64_ACDS04340	ko:K00681
buo:BRPE64_ACDS04380	ko:K11927
buo:BRPE64_ACDS04390	ko:K11068
buo:BRPE64_ACDS04420	ko:K07245
buo:BRPE64_ACDS04440	ko:K00606
buo:BRPE64_ACDS04460	ko:K00950
buo:BRPE64_ACDS04470	ko:K00970
buo:BRPE64_ACDS04480	ko:K28842
buo:BRPE64_ACDS04490	ko:K10763
buo:BRPE64_ACDS04500	ko:K01933
buo:BRPE64_ACDS04510	ko:K00791
buo:BRPE64_ACDS04520	ko:K03572
buo:BRPE64_ACDS04540	ko:K03975
buo:BRPE64_ACDS04560	ko:K06194
buo:BRPE64_ACDS04610	ko:K10001
buo:BRPE64_ACDS04620	ko:K01607
buo:BRPE64_ACDS04700	ko:K02483
buo:BRPE64_ACDS04710	ko:K03553
buo:BRPE64_ACDS04720	ko:K03565
buo:BRPE64_ACDS04740	ko:K01903
buo:BRPE64_ACDS04750	ko:K01902
buo:BRPE64_ACDS04770	ko:K02650
buo:BRPE64_ACDS04790	ko:K03637
buo:BRPE64_ACDS04820	ko:K07019
buo:BRPE64_ACDS04840	ko:K02843
buo:BRPE64_ACDS04870	ko:K00826
buo:BRPE64_ACDS04880	ko:K26605
buo:BRPE64_ACDS04890	ko:K26606
buo:BRPE64_ACDS04910	ko:K00927
buo:BRPE64_ACDS04920	ko:K00873
buo:BRPE64_ACDS04930	ko:K01624
buo:BRPE64_ACDS04940	ko:K01923
buo:BRPE64_ACDS04950	ko:K01588
buo:BRPE64_ACDS04960	ko:K01589
buo:BRPE64_ACDS04970	ko:K07566
buo:BRPE64_ACDS05000	ko:K07259
buo:BRPE64_ACDS05010	ko:K02483
buo:BRPE64_ACDS05020	ko:K02484
buo:BRPE64_ACDS05040	ko:K04771
buo:BRPE64_ACDS05070	ko:K09386
buo:BRPE64_ACDS05090	ko:K03577
buo:BRPE64_ACDS05100	ko:K03585
buo:BRPE64_ACDS05110	ko:K18138
buo:BRPE64_ACDS05120	ko:K18139
buo:BRPE64_ACDS05140	ko:K03585
buo:BRPE64_ACDS05150	ko:K18138
buo:BRPE64_ACDS05160	ko:K18139
buo:BRPE64_ACDS05170	ko:K24206
buo:BRPE64_ACDS05180	ko:K00854
buo:BRPE64_ACDS05210	ko:K29027
buo:BRPE64_ACDS05220	ko:K00121
buo:BRPE64_ACDS05230	ko:K01070
buo:BRPE64_ACDS05250	ko:K02075
buo:BRPE64_ACDS05260	ko:K02074
buo:BRPE64_ACDS05270	ko:K02077
buo:BRPE64_ACDS05280	ko:K09823
buo:BRPE64_ACDS05300	ko:K21620
buo:BRPE64_ACDS05310	ko:K10227
buo:BRPE64_ACDS05320	ko:K10228
buo:BRPE64_ACDS05330	ko:K10229
buo:BRPE64_ACDS05350	ko:K10111
buo:BRPE64_ACDS05360	ko:K07140
buo:BRPE64_ACDS05380	ko:K00854
buo:BRPE64_ACDS05390	ko:K00007
buo:BRPE64_ACDS05420	ko:K00451
buo:BRPE64_ACDS05430	ko:K01555
buo:BRPE64_ACDS05470	ko:K19577
buo:BRPE64_ACDS05490	ko:K06953
buo:BRPE64_ACDS05500	ko:K03724
buo:BRPE64_ACDS05520	ko:K07577
buo:BRPE64_ACDS05550	ko:K07085
buo:BRPE64_ACDS05560	ko:K07085
buo:BRPE64_ACDS05590	ko:K02031
buo:BRPE64_ACDS05590	ko:K02032
buo:BRPE64_ACDS05600	ko:K02034
buo:BRPE64_ACDS05610	ko:K02033
buo:BRPE64_ACDS05620	ko:K02035
buo:BRPE64_ACDS05650	ko:K02355
buo:BRPE64_ACDS05660	ko:K09005
buo:BRPE64_ACDS05680	ko:K06181
buo:BRPE64_ACDS05700	ko:K00031
buo:BRPE64_ACDS05710	ko:K03704
buo:BRPE64_ACDS05720	ko:K06891
buo:BRPE64_ACDS05730	ko:K03694
buo:BRPE64_ACDS05750	ko:K01520
buo:BRPE64_ACDS05770	ko:K13038
buo:BRPE64_ACDS05780	ko:K03101
buo:BRPE64_ACDS05790	ko:K01870
buo:BRPE64_ACDS05800	ko:K11753
buo:BRPE64_ACDS05810	ko:K11175
buo:BRPE64_ACDS05820	ko:K03500
buo:BRPE64_ACDS05840	ko:K00507
buo:BRPE64_ACDS05850	ko:K03517
buo:BRPE64_ACDS05860	ko:K00767
buo:BRPE64_ACDS05870	ko:K00278
buo:BRPE64_ACDS05890	ko:K02913
buo:BRPE64_ACDS05900	ko:K02902
buo:BRPE64_ACDS05910	ko:K03630
buo:BRPE64_ACDS05920	ko:K03774
buo:BRPE64_ACDS05930	ko:K03527
buo:BRPE64_ACDS05940	ko:K01999
buo:BRPE64_ACDS05950	ko:K01997
buo:BRPE64_ACDS05960	ko:K01998
buo:BRPE64_ACDS05970	ko:K01995
buo:BRPE64_ACDS05980	ko:K01996
buo:BRPE64_ACDS06000	ko:K00821
buo:BRPE64_ACDS06010	ko:K00523
buo:BRPE64_ACDS06060	ko:K06183
buo:BRPE64_ACDS06130	ko:K07733
buo:BRPE64_ACDS06240	ko:K01999
buo:BRPE64_ACDS06250	ko:K13634
buo:BRPE64_ACDS06260	ko:K00381
buo:BRPE64_ACDS06280	ko:K00390
buo:BRPE64_ACDS06290	ko:K00957
buo:BRPE64_ACDS06300	ko:K00956
buo:BRPE64_ACDS06310	ko:K02303
buo:BRPE64_ACDS06320	ko:K03795
buo:BRPE64_ACDS06330	ko:K11720
buo:BRPE64_ACDS06340	ko:K07091
buo:BRPE64_ACDS06360	ko:K01255
buo:BRPE64_ACDS06370	ko:K02339
buo:BRPE64_ACDS06390	ko:K08738
buo:BRPE64_ACDS06400	ko:K01687
buo:BRPE64_ACDS06420	ko:K13292
buo:BRPE64_ACDS06450	ko:K09888
buo:BRPE64_ACDS06470	ko:K16092
buo:BRPE64_ACDS06480	ko:K02015
buo:BRPE64_ACDS06490	ko:K02013
buo:BRPE64_ACDS06500	ko:K00768
buo:BRPE64_ACDS06510	ko:K02233
buo:BRPE64_ACDS06520	ko:K02226
buo:BRPE64_ACDS06530	ko:K02016
buo:BRPE64_ACDS06540	ko:K02225
buo:BRPE64_ACDS06550	ko:K02227
buo:BRPE64_ACDS06560	ko:K02231
buo:BRPE64_ACDS06570	ko:K02232
buo:BRPE64_ACDS06590	ko:K03496
buo:BRPE64_ACDS06600	ko:K01579
buo:BRPE64_ACDS06610	ko:K01918
buo:BRPE64_ACDS06620	ko:K05896
buo:BRPE64_ACDS06640	ko:K07278
buo:BRPE64_ACDS06650	ko:K09800
buo:BRPE64_ACDS06670	ko:K07345
buo:BRPE64_ACDS06680	ko:K15540
buo:BRPE64_ACDS06690	ko:K07347
buo:BRPE64_ACDS06700	ko:K07345
buo:BRPE64_ACDS06710	ko:K01874
buo:BRPE64_ACDS06730	ko:K03593
buo:BRPE64_ACDS06740	ko:K04565
buo:BRPE64_ACDS06760	ko:K01494
buo:BRPE64_ACDS06770	ko:K01584
buo:BRPE64_ACDS06780	ko:K00799
buo:BRPE64_ACDS06790	ko:K08994
buo:BRPE64_ACDS06800	ko:K01755
buo:BRPE64_ACDS06830	ko:K01595
buo:BRPE64_ACDS06850	ko:K01749
buo:BRPE64_ACDS06860	ko:K13543
buo:BRPE64_ACDS06870	ko:K02498
buo:BRPE64_ACDS06900	ko:K00573
buo:BRPE64_ACDS06930	ko:K00384
buo:BRPE64_ACDS06940	ko:K03466
buo:BRPE64_ACDS06950	ko:K03634
buo:BRPE64_ACDS06980	ko:K12255
buo:BRPE64_ACDS06990	ko:K03457
buo:BRPE64_ACDS07010	ko:K07478
buo:BRPE64_ACDS07020	ko:K01875
buo:BRPE64_ACDS07040	ko:K01265
buo:BRPE64_ACDS07060	ko:K03610
buo:BRPE64_ACDS07070	ko:K03609
buo:BRPE64_ACDS07080	ko:K03608
buo:BRPE64_ACDS07110	ko:K03281
buo:BRPE64_ACDS07150	ko:K03832
buo:BRPE64_ACDS07280	ko:K02274
buo:BRPE64_ACDS07310	ko:K03281
buo:BRPE64_ACDS07320	ko:K00387
buo:BRPE64_ACDS07420	ko:K07687
buo:BRPE64_ACDS07430	ko:K06919
buo:BRPE64_ACDS07500	ko:K01519
buo:BRPE64_ACDS07510	ko:K00989
buo:BRPE64_ACDS07540	ko:K00942
buo:BRPE64_ACDS07550	ko:K03060
buo:BRPE64_ACDS07560	ko:K01139
buo:BRPE64_ACDS07580	ko:K04760
buo:BRPE64_ACDS07590	ko:K03285
buo:BRPE64_ACDS07620	ko:K02342
buo:BRPE64_ACDS07630	ko:K04093
buo:BRPE64_ACDS07650	ko:K03841
buo:BRPE64_ACDS07660	ko:K01256
buo:BRPE64_ACDS07730	ko:K01841
buo:BRPE64_ACDS07740	ko:K09459
buo:BRPE64_ACDS07750	ko:K03430
buo:BRPE64_ACDS07770	ko:K01487
buo:BRPE64_ACDS07780	ko:K06901
buo:BRPE64_ACDS07790	ko:K21053
buo:BRPE64_ACDS07800	ko:K07402
buo:BRPE64_ACDS07810	ko:K13482
buo:BRPE64_ACDS07820	ko:K13481
buo:BRPE64_ACDS07830	ko:K03611
buo:BRPE64_ACDS07840	ko:K02433
buo:BRPE64_ACDS07850	ko:K02495
buo:BRPE64_ACDS07880	ko:K06153
buo:BRPE64_ACDS07890	ko:K03439
buo:BRPE64_ACDS07900	ko:K02221
buo:BRPE64_ACDS07940	ko:K22589
buo:BRPE64_ACDS07970	ko:K03182
buo:BRPE64_ACDS08000	ko:K03625
buo:BRPE64_ACDS08010	ko:K00794
buo:BRPE64_ACDS08020	ko:K14652
buo:BRPE64_ACDS08030	ko:K00793
buo:BRPE64_ACDS08040	ko:K11752
buo:BRPE64_ACDS08050	ko:K01845
buo:BRPE64_ACDS08070	ko:K07552
buo:BRPE64_ACDS08080	ko:K01322
buo:BRPE64_ACDS08090	ko:K10112
buo:BRPE64_ACDS08100	ko:K17317
buo:BRPE64_ACDS08110	ko:K17316
buo:BRPE64_ACDS08120	ko:K17315
buo:BRPE64_ACDS08130	ko:K00036
buo:BRPE64_ACDS08140	ko:K01057
buo:BRPE64_ACDS08150	ko:K00845
buo:BRPE64_ACDS08190	ko:K10017
buo:BRPE64_ACDS08200	ko:K10015
buo:BRPE64_ACDS08210	ko:K10016
buo:BRPE64_ACDS08230	ko:K06911
buo:BRPE64_ACDS08240	ko:K06006
buo:BRPE64_ACDS08250	ko:K07659
buo:BRPE64_ACDS08260	ko:K07638
buo:BRPE64_ACDS08290	ko:K02050
buo:BRPE64_ACDS08300	ko:K02049
buo:BRPE64_ACDS08420	ko:K00697
buo:BRPE64_ACDS08440	ko:K07058
buo:BRPE64_ACDS08450	ko:K03092
buo:BRPE64_ACDS08520	ko:K08995
buo:BRPE64_ACDS08530	ko:K05520
buo:BRPE64_ACDS08540	ko:K08169
buo:BRPE64_ACDS08590	ko:K25901
buo:BRPE64_ACDS08600	ko:K26400
buo:BRPE64_ACDS08670	ko:K15738
buo:BRPE64_ACDS08680	ko:K02622
buo:BRPE64_ACDS08690	ko:K02621
buo:BRPE64_ACDS08750	ko:K05825
buo:BRPE64_ACDS08810	ko:K04079
buo:BRPE64_ACDS08870	ko:K03181
buo:BRPE64_ACDS08910	ko:K03307
buo:BRPE64_ACDS08930	ko:K04750
buo:BRPE64_ACDS08940	ko:K00616
buo:BRPE64_ACDS08960	ko:K05782
buo:BRPE64_ACDS08970	ko:K09989
buo:BRPE64_ACDS08980	ko:K22479
buo:BRPE64_ACDS09030	ko:K10773
buo:BRPE64_ACDS09040	ko:K03616
buo:BRPE64_ACDS09060	ko:K05973
buo:BRPE64_ACDS09120	ko:K07404
buo:BRPE64_ACDS09140	ko:K16074
buo:BRPE64_ACDS09150	ko:K03466
buo:BRPE64_ACDS09180	ko:K08289
buo:BRPE64_ACDS09210	ko:K11927
buo:BRPE64_ACDS09220	ko:K01894
buo:BRPE64_ACDS09230	ko:K07146
buo:BRPE64_ACDS09240	ko:K02337
buo:BRPE64_ACDS09290	ko:K11085
buo:BRPE64_ACDS09310	ko:K08301
buo:BRPE64_ACDS09320	ko:K06287
buo:BRPE64_ACDS09330	ko:K00783
buo:BRPE64_ACDS09340	ko:K09710
buo:BRPE64_ACDS09350	ko:K00969
buo:BRPE64_ACDS09360	ko:K00228
buo:BRPE64_ACDS09370	ko:K01945
buo:BRPE64_ACDS09390	ko:K00761
buo:BRPE64_ACDS09410	ko:K00059
buo:BRPE64_ACDS09420	ko:K01734
buo:BRPE64_ACDS09430	ko:K00344
buo:BRPE64_ACDS09440	ko:K07667
buo:BRPE64_ACDS09460	ko:K07789
buo:BRPE64_ACDS09470	ko:K07788
buo:BRPE64_ACDS09480	ko:K07799
buo:BRPE64_ACDS09500	ko:K20329
buo:BRPE64_ACDS09530	ko:K22044
buo:BRPE64_ACDS09550	ko:K05800
buo:BRPE64_ACDS09580	ko:K03583
buo:BRPE64_ACDS09590	ko:K03582
buo:BRPE64_ACDS09600	ko:K03581
buo:BRPE64_ACDS09610	ko:K15034
buo:BRPE64_ACDS09640	ko:K03303
buo:BRPE64_ACDS09680	ko:K04062
buo:BRPE64_ACDS09690	ko:K03147
buo:BRPE64_ACDS09770	ko:K03594
buo:BRPE64_ACDS09800	ko:K03651
buo:BRPE64_ACDS09860	ko:K00640
buo:BRPE64_ACDS09870	ko:K07095
buo:BRPE64_ACDS09880	ko:K03762
buo:BRPE64_ACDS09920	ko:K14682
buo:BRPE64_ACDS09940	ko:K03578
buo:BRPE64_ACDS09990	ko:K06201
buo:BRPE64_ACDS10020	ko:K01915
buo:BRPE64_ACDS10040	ko:K07708
buo:BRPE64_ACDS10050	ko:K07712
buo:BRPE64_ACDS10060	ko:K01142
buo:BRPE64_ACDS10080	ko:K05303
buo:BRPE64_ACDS10110	ko:K22479
buo:BRPE64_ACDS10140	ko:K01485
buo:BRPE64_ACDS10150	ko:K01414
buo:BRPE64_ACDS10160	ko:K01491
buo:BRPE64_ACDS10210	ko:K00163
buo:BRPE64_ACDS10220	ko:K00627
buo:BRPE64_ACDS10230	ko:K00382
buo:BRPE64_ACDS10260	ko:K07262
buo:BRPE64_ACDS10280	ko:K18928
buo:BRPE64_ACDS10290	ko:K18929
buo:BRPE64_ACDS10320	ko:K00832
buo:BRPE64_ACDS10330	ko:K03702
buo:BRPE64_ACDS10340	ko:K07230
buo:BRPE64_ACDS10360	ko:K07243
buo:BRPE64_ACDS10380	ko:K11477
buo:BRPE64_ACDS10420	ko:K06911
buo:BRPE64_ACDS10440	ko:K03559
buo:BRPE64_ACDS10450	ko:K03561
buo:BRPE64_ACDS10460	ko:K03832
buo:BRPE64_ACDS10470	ko:K02192
buo:BRPE64_ACDS10480	ko:K01776
buo:BRPE64_ACDS10490	ko:K03594
buo:BRPE64_ACDS10500	ko:K01676
buo:BRPE64_ACDS10530	ko:K01895
buo:BRPE64_ACDS10550	ko:K14393
buo:BRPE64_ACDS10600	ko:K03306
buo:BRPE64_ACDS10690	ko:K03469
buo:BRPE64_ACDS10700	ko:K16216
buo:BRPE64_ACDS10710	ko:K03285
buo:BRPE64_ACDS10720	ko:K05834
buo:BRPE64_ACDS10730	ko:K02970
buo:BRPE64_ACDS10780	ko:K26148
buo:BRPE64_ACDS10800	ko:K10016
buo:BRPE64_ACDS10810	ko:K10015
buo:BRPE64_ACDS10820	ko:K10017
buo:BRPE64_ACDS10830	ko:K21825
buo:BRPE64_ACDS10840	ko:K00840
buo:BRPE64_ACDS10850	ko:K00673
buo:BRPE64_ACDS10860	ko:K00673
buo:BRPE64_ACDS10870	ko:K06447
buo:BRPE64_ACDS10880	ko:K01484
buo:BRPE64_ACDS10890	ko:K05526
buo:BRPE64_ACDS10900	ko:K10013
buo:BRPE64_ACDS10940	ko:K18139
buo:BRPE64_ACDS11010	ko:K03809
buo:BRPE64_ACDS11020	ko:K07058
buo:BRPE64_ACDS11050	ko:K01740
buo:BRPE64_ACDS11090	ko:K01736
buo:BRPE64_ACDS11100	ko:K00311
buo:BRPE64_ACDS11120	ko:K07107
buo:BRPE64_ACDS11140	ko:K01028
buo:BRPE64_ACDS11150	ko:K01029
buo:BRPE64_ACDS11180	ko:K00951
buo:BRPE64_ACDS11200	ko:K01868
buo:BRPE64_ACDS11210	ko:K02520
buo:BRPE64_ACDS11220	ko:K02916
buo:BRPE64_ACDS11230	ko:K02887
buo:BRPE64_ACDS11240	ko:K01889
buo:BRPE64_ACDS11250	ko:K01890
buo:BRPE64_ACDS11260	ko:K04764
buo:BRPE64_ACDS11340	ko:K15977
buo:BRPE64_ACDS11360	ko:K02624
buo:BRPE64_ACDS11370	ko:K01031
buo:BRPE64_ACDS11380	ko:K01032
buo:BRPE64_ACDS11390	ko:K07823
buo:BRPE64_ACDS11400	ko:K01857
buo:BRPE64_ACDS11410	ko:K01055
buo:BRPE64_ACDS11420	ko:K01607
buo:BRPE64_ACDS11470	ko:K07287
buo:BRPE64_ACDS11500	ko:K01638
buo:BRPE64_ACDS11510	ko:K01560
buo:BRPE64_ACDS11540	ko:K01637
buo:BRPE64_ACDS11580	ko:K14742
buo:BRPE64_ACDS11590	ko:K03789
buo:BRPE64_ACDS11600	ko:K21929
buo:BRPE64_ACDS11610	ko:K09977
buo:BRPE64_ACDS11620	ko:K00941
buo:BRPE64_ACDS11630	ko:K00788
buo:BRPE64_ACDS11640	ko:K00878
buo:BRPE64_ACDS11650	ko:K08227
buo:BRPE64_ACDS11660	ko:K01775
buo:BRPE64_ACDS11670	ko:K04485
buo:BRPE64_ACDS11690	ko:K01796
buo:BRPE64_ACDS11700	ko:K06158
buo:BRPE64_ACDS11720	ko:K00432
buo:BRPE64_ACDS11730	ko:K06131
buo:BRPE64_ACDS11740	ko:K07320
buo:BRPE64_ACDS11750	ko:K01439
buo:BRPE64_ACDS11770	ko:K00674
buo:BRPE64_ACDS11780	ko:K14267
buo:BRPE64_ACDS11800	ko:K03529
buo:BRPE64_ACDS11820	ko:K01972
buo:BRPE64_ACDS11830	ko:K01462
buo:BRPE64_ACDS11850	ko:K06182
buo:BRPE64_ACDS11870	ko:K00990
buo:BRPE64_ACDS11880	ko:K01265
buo:BRPE64_ACDS11890	ko:K02967
buo:BRPE64_ACDS11900	ko:K02357
buo:BRPE64_ACDS11910	ko:K09903
buo:BRPE64_ACDS11920	ko:K02838
buo:BRPE64_ACDS11930	ko:K00806
buo:BRPE64_ACDS11940	ko:K00981
buo:BRPE64_ACDS11950	ko:K00099
buo:BRPE64_ACDS11960	ko:K11749
buo:BRPE64_ACDS11970	ko:K07277
buo:BRPE64_ACDS11980	ko:K06142
buo:BRPE64_ACDS11990	ko:K02536
buo:BRPE64_ACDS12000	ko:K02372
buo:BRPE64_ACDS12010	ko:K00677
buo:BRPE64_ACDS12020	ko:K00748
buo:BRPE64_ACDS12030	ko:K03470
buo:BRPE64_ACDS12040	ko:K03437
buo:BRPE64_ACDS12050	ko:K09773
buo:BRPE64_ACDS12070	ko:K01007
buo:BRPE64_ACDS12100	ko:K03664
buo:BRPE64_ACDS12120	ko:K09801
buo:BRPE64_ACDS12140	ko:K00088
buo:BRPE64_ACDS12160	ko:K01951
buo:BRPE64_ACDS12180	ko:K01975
buo:BRPE64_ACDS12190	ko:K08641
buo:BRPE64_ACDS12200	ko:K02035
buo:BRPE64_ACDS12210	ko:K02033
buo:BRPE64_ACDS12220	ko:K02034
buo:BRPE64_ACDS12230	ko:K02031
buo:BRPE64_ACDS12240	ko:K02032
buo:BRPE64_ACDS12270	ko:K11991
buo:BRPE64_ACDS12280	ko:K01297
buo:BRPE64_ACDS12300	ko:K03457
buo:BRPE64_ACDS12310	ko:K16841
buo:BRPE64_ACDS12320	ko:K16842
buo:BRPE64_ACDS12330	ko:K13485
buo:BRPE64_ACDS12340	ko:K01477
buo:BRPE64_ACDS12350	ko:K01483
buo:BRPE64_ACDS12360	ko:K01620
buo:BRPE64_ACDS12380	ko:K07127
buo:BRPE64_ACDS12400	ko:K18456
buo:BRPE64_ACDS12420	ko:K23537
buo:BRPE64_ACDS12430	ko:K23535
buo:BRPE64_ACDS12440	ko:K23536
buo:BRPE64_ACDS12450	ko:K07335
buo:BRPE64_ACDS12460	ko:K09165
buo:BRPE64_ACDS12480	ko:K03282
buo:BRPE64_ACDS12500	ko:K01214
buo:BRPE64_ACDS12540	ko:K03969
buo:BRPE64_ACDS12560	ko:K05366
buo:BRPE64_ACDS12570	ko:K09796
buo:BRPE64_ACDS12580	ko:K07156
buo:BRPE64_ACDS12610	ko:K03297
buo:BRPE64_ACDS12700	ko:K05539
buo:BRPE64_ACDS12870	ko:K00615
buo:BRPE64_ACDS12880	ko:K00033
buo:BRPE64_ACDS12890	ko:K09694
buo:BRPE64_ACDS12900	ko:K09695
buo:BRPE64_ACDS12940	ko:K01356
buo:BRPE64_ACDS12950	ko:K23163
buo:BRPE64_ACDS12960	ko:K02046
buo:BRPE64_ACDS12970	ko:K02047
buo:BRPE64_ACDS12980	ko:K02045
buo:BRPE64_ACDS12990	ko:K13635
buo:BRPE64_ACDS13000	ko:K01424
buo:BRPE64_ACDS13020	ko:K00042
buo:BRPE64_ACDS13030	ko:K01816
buo:BRPE64_ACDS13040	ko:K01608
buo:BRPE64_ACDS13060	ko:K02990
buo:BRPE64_ACDS13070	ko:K02686
buo:BRPE64_ACDS13080	ko:K02963
buo:BRPE64_ACDS13090	ko:K02939
buo:BRPE64_ACDS13100	ko:K02314
buo:BRPE64_ACDS13110	ko:K07220
buo:BRPE64_ACDS13120	ko:K03306
buo:BRPE64_ACDS13150	ko:K07175
buo:BRPE64_ACDS13170	ko:K03564
buo:BRPE64_ACDS13180	ko:K13014
buo:BRPE64_ACDS13200	ko:K00604
buo:BRPE64_ACDS13210	ko:K10012
buo:BRPE64_ACDS13270	ko:K14260
buo:BRPE64_ACDS13280	ko:K00003
buo:BRPE64_ACDS13290	ko:K01733
buo:BRPE64_ACDS13310	ko:K06938
buo:BRPE64_ACDS13340	ko:K03322
buo:BRPE64_ACDS13370	ko:K11073
buo:BRPE64_ACDS13380	ko:K11076
buo:BRPE64_ACDS13390	ko:K11075
buo:BRPE64_ACDS13400	ko:K11074
buo:BRPE64_ACDS13410	ko:K01754
buo:BRPE64_ACDS13420	ko:K01438
buo:BRPE64_ACDS13430	ko:K03723
buo:BRPE64_ACDS13440	ko:K00991
buo:BRPE64_ACDS13450	ko:K01770
buo:BRPE64_ACDS13460	ko:K04756
buo:BRPE64_ACDS13470	ko:K24126
buo:BRPE64_ACDS13480	ko:K07638
buo:BRPE64_ACDS13490	ko:K07659
buo:BRPE64_ACDS13520	ko:K02291
buo:BRPE64_ACDS13580	ko:K00865
buo:BRPE64_ACDS13600	ko:K03545
buo:BRPE64_ACDS13610	ko:K01358
buo:BRPE64_ACDS13620	ko:K03544
buo:BRPE64_ACDS13630	ko:K01338
buo:BRPE64_ACDS13640	ko:K03530
buo:BRPE64_ACDS13650	ko:K03770
buo:BRPE64_ACDS13670	ko:K10804
buo:BRPE64_ACDS13680	ko:K02003
buo:BRPE64_ACDS13690	ko:K01810
buo:BRPE64_ACDS13700	ko:K23997
buo:BRPE64_ACDS13730	ko:K01952
buo:BRPE64_ACDS13740	ko:K12373
buo:BRPE64_ACDS13750	ko:K03769
buo:BRPE64_ACDS13760	ko:K05527
buo:BRPE64_ACDS13770	ko:K06190
buo:BRPE64_ACDS13780	ko:K07305
buo:BRPE64_ACDS13790	ko:K08997
buo:BRPE64_ACDS13800	ko:K20034
buo:BRPE64_ACDS13810	ko:K07516
buo:BRPE64_ACDS13820	ko:K08281
buo:BRPE64_ACDS13830	ko:K00632
buo:BRPE64_ACDS13860	ko:K23256
buo:BRPE64_ACDS13900	ko:K06980
buo:BRPE64_ACDS13910	ko:K07082
buo:BRPE64_ACDS13920	ko:K00943
buo:BRPE64_ACDS13930	ko:K02341
buo:BRPE64_ACDS13950	ko:K03424
buo:BRPE64_ACDS13960	ko:K06867
buo:BRPE64_ACDS13990	ko:K00697
buo:BRPE64_ACDS14060	ko:K10439
buo:BRPE64_ACDS14080	ko:K10441
buo:BRPE64_ACDS14090	ko:K10440
buo:BRPE64_ACDS14100	ko:K02529
buo:BRPE64_ACDS14110	ko:K00852
buo:BRPE64_ACDS14130	ko:K05874
buo:BRPE64_ACDS14160	ko:K07180
buo:BRPE64_ACDS14170	ko:K09786
buo:BRPE64_ACDS14180	ko:K06415
buo:BRPE64_ACDS14200	ko:K05786
buo:BRPE64_ACDS14210	ko:K23107
buo:BRPE64_ACDS14280	ko:K07032
buo:BRPE64_ACDS14310	ko:K16692
buo:BRPE64_ACDS14360	ko:K09981
buo:BRPE64_ACDS14370	ko:K01673
buo:BRPE64_ACDS14380	ko:K08995
buo:BRPE64_ACDS14520	ko:K03321
buo:BRPE64_ACDS14530	ko:K01768
buo:BRPE64_ACDS14550	ko:K03304
buo:BRPE64_ACDS14570	ko:K00901
buo:BRPE64_ACDS14600	ko:K03457
buo:BRPE64_ACDS14660	ko:K03554
buo:BRPE64_ACDS14680	ko:K03719
buo:BRPE64_ACDS14710	ko:K17285
buo:BRPE64_ACDS14750	ko:K03585
buo:BRPE64_ACDS14760	ko:K18138
buo:BRPE64_ACDS14770	ko:K01912
buo:BRPE64_ACDS14780	ko:K00074
buo:BRPE64_ACDS14790	ko:K07823
buo:BRPE64_ACDS14800	ko:K02613
buo:BRPE64_ACDS14810	ko:K02612
buo:BRPE64_ACDS14820	ko:K02611
buo:BRPE64_ACDS14830	ko:K02610
buo:BRPE64_ACDS14840	ko:K02609
buo:BRPE64_ACDS14860	ko:K07493
buo:BRPE64_ACDS14880	ko:K07493
buo:BRPE64_ACDS15040	ko:K22895
buo:BRPE64_ACDS15100	ko:K06867
buo:BRPE64_ACDS15150	ko:K24160
buo:BRPE64_ACDS15240	ko:K02525
buo:BRPE64_ACDS15250	ko:K00090
buo:BRPE64_ACDS15270	ko:K00874
buo:BRPE64_ACDS15310	ko:K21307
buo:BRPE64_ACDS15320	ko:K21308
buo:BRPE64_ACDS15330	ko:K21309
buo:BRPE64_ACDS15340	ko:K01740
buo:BRPE64_ACDS15350	ko:K00799
buo:BRPE64_ACDS15360	ko:K06222
buo:BRPE64_ACDS15380	ko:K03281
buo:BRPE64_ACDS15420	ko:K02014
buo:BRPE64_ACDS15430	ko:K07290
buo:BRPE64_ACDS15440	ko:K02068
buo:BRPE64_ACDS15450	ko:K02069
buo:BRPE64_ACDS15470	ko:K04750
buo:BRPE64_ACDS15500	ko:K11354
buo:BRPE64_ACDS15530	ko:K01971
buo:BRPE64_ACDS15540	ko:K10979
buo:BRPE64_ACDS15580	ko:K01079
buo:BRPE64_ACDS15590	ko:K01760
buo:BRPE64_ACDS15610	ko:K00626
buo:BRPE64_ACDS15620	ko:K00874
buo:BRPE64_ACDS15630	ko:K14441
buo:BRPE64_ACDS15650	ko:K00023
buo:BRPE64_ACDS15660	ko:K00626
buo:BRPE64_ACDS15670	ko:K03821
buo:BRPE64_ACDS15680	ko:K05810
buo:BRPE64_ACDS15690	ko:K06180
buo:BRPE64_ACDS15700	ko:K05807
buo:BRPE64_ACDS15710	ko:K03722
buo:BRPE64_ACDS15740	ko:K06959
buo:BRPE64_ACDS15750	ko:K03549
buo:BRPE64_ACDS15760	ko:K07101
buo:BRPE64_ACDS15770	ko:K01939
buo:BRPE64_ACDS15780	ko:K02502
buo:BRPE64_ACDS15790	ko:K09937
buo:BRPE64_ACDS15800	ko:K04087
buo:BRPE64_ACDS15810	ko:K04088
buo:BRPE64_ACDS15820	ko:K03665
buo:BRPE64_ACDS15830	ko:K03666
buo:BRPE64_ACDS15840	ko:K03977
buo:BRPE64_ACDS15850	ko:K17713
buo:BRPE64_ACDS15870	ko:K01892
buo:BRPE64_ACDS15880	ko:K03526
buo:BRPE64_ACDS15890	ko:K15539
buo:BRPE64_ACDS15900	ko:K06941
buo:BRPE64_ACDS15910	ko:K00940
buo:BRPE64_ACDS15920	ko:K19416
buo:BRPE64_ACDS15930	ko:K03215
buo:BRPE64_ACDS15940	ko:K07501
buo:BRPE64_ACDS15950	ko:K03087
buo:BRPE64_ACDS15960	ko:K06194
buo:BRPE64_ACDS15970	ko:K00573
buo:BRPE64_ACDS15980	ko:K03787
buo:BRPE64_ACDS15990	ko:K00344
buo:BRPE64_ACDS16010	ko:K15554
buo:BRPE64_ACDS16020	ko:K15555
buo:BRPE64_ACDS16030	ko:K15553
buo:BRPE64_ACDS16040	ko:K18313
buo:BRPE64_ACDS16060	ko:K06187
buo:BRPE64_ACDS16070	ko:K09747
buo:BRPE64_ACDS16080	ko:K02343
buo:BRPE64_ACDS16090	ko:K03671
buo:BRPE64_ACDS16100	ko:K03628
buo:BRPE64_ACDS16110	ko:K09933
buo:BRPE64_ACDS16120	ko:K02909
buo:BRPE64_ACDS16140	ko:K26939
buo:BRPE64_ACDS16150	ko:K06894
buo:BRPE64_ACDS16160	ko:K05367
buo:BRPE64_ACDS16170	ko:K02237
buo:BRPE64_ACDS16190	ko:K03695
buo:BRPE64_ACDS16210	ko:K13771
buo:BRPE64_ACDS16220	ko:K06886
buo:BRPE64_ACDS16230	ko:K03635
buo:BRPE64_ACDS16240	ko:K03636
buo:BRPE64_ACDS16250	ko:K03750
buo:BRPE64_ACDS16270	ko:K00684
buo:BRPE64_ACDS16280	ko:K21420
buo:BRPE64_ACDS16290	ko:K00254
buo:BRPE64_ACDS16300	ko:K02424
buo:BRPE64_ACDS16310	ko:K10009
buo:BRPE64_ACDS16350	ko:K02348
buo:BRPE64_ACDS16410	ko:K01807
buo:BRPE64_ACDS16420	ko:K07345
buo:BRPE64_ACDS16430	ko:K07345
buo:BRPE64_ACDS16450	ko:K07347
buo:BRPE64_ACDS16460	ko:K15540
buo:BRPE64_ACDS16480	ko:K11066
buo:BRPE64_ACDS16490	ko:K03218
buo:BRPE64_ACDS16500	ko:K12573
buo:BRPE64_ACDS16520	ko:K08178
buo:BRPE64_ACDS16530	ko:K06445
buo:BRPE64_ACDS16540	ko:K00059
buo:BRPE64_ACDS16560	ko:K00626
buo:BRPE64_ACDS16570	ko:K01897
buo:BRPE64_ACDS16600	ko:K03787
buo:BRPE64_ACDS16630	ko:K06916
buo:BRPE64_ACDS16640	ko:K00382
buo:BRPE64_ACDS16650	ko:K00658
buo:BRPE64_ACDS16660	ko:K00164
buo:BRPE64_ACDS16670	ko:K06207
buo:BRPE64_ACDS16710	ko:K18139
buo:BRPE64_ACDS16720	ko:K03543
buo:BRPE64_ACDS16730	ko:K03446
buo:BRPE64_ACDS16740	ko:K03177
buo:BRPE64_ACDS16750	ko:K02834
buo:BRPE64_ACDS16760	ko:K02519
buo:BRPE64_ACDS16770	ko:K02600
buo:BRPE64_ACDS16780	ko:K09748
buo:BRPE64_ACDS16790	ko:K06178
buo:BRPE64_ACDS16800	ko:K06024
buo:BRPE64_ACDS16830	ko:K07492
buo:BRPE64_ACDS16910	ko:K01885
buo:BRPE64_ACDS16930	ko:K07001
buo:BRPE64_ACDS16990	ko:K04755
buo:BRPE64_ACDS17000	ko:K04044
buo:BRPE64_ACDS17010	ko:K04082
buo:BRPE64_ACDS17020	ko:K13628
buo:BRPE64_ACDS17030	ko:K04488
buo:BRPE64_ACDS17040	ko:K04487
buo:BRPE64_ACDS17050	ko:K13643
buo:BRPE64_ACDS17060	ko:K25307
buo:BRPE64_ACDS17070	ko:K07001
buo:BRPE64_ACDS17080	ko:K00019
buo:BRPE64_ACDS17090	ko:K07115
buo:BRPE64_ACDS17130	ko:K19591
buo:BRPE64_ACDS17140	ko:K07213
buo:BRPE64_ACDS17150	ko:K00067
buo:BRPE64_ACDS17160	ko:K14162
buo:BRPE64_ACDS17170	ko:K14161
buo:BRPE64_ACDS17180	ko:K14160
buo:BRPE64_ACDS17240	ko:K09861
buo:BRPE64_ACDS17260	ko:K14287
buo:BRPE64_ACDS17270	ko:K00074
buo:BRPE64_ACDS17310	ko:K00249
buo:BRPE64_ACDS17360	ko:K01515
buo:BRPE64_ACDS17380	ko:K00343
buo:BRPE64_ACDS17390	ko:K00342
buo:BRPE64_ACDS17400	ko:K00341
buo:BRPE64_ACDS17410	ko:K00340
buo:BRPE64_ACDS17420	ko:K00339
buo:BRPE64_ACDS17440	ko:K00338
buo:BRPE64_ACDS17450	ko:K00337
buo:BRPE64_ACDS17460	ko:K00336
buo:BRPE64_ACDS17470	ko:K00335
buo:BRPE64_ACDS17480	ko:K00334
buo:BRPE64_ACDS17490	ko:K00333
buo:BRPE64_ACDS17500	ko:K00332
buo:BRPE64_ACDS17510	ko:K00331
buo:BRPE64_ACDS17520	ko:K00330
buo:BRPE64_ACDS17530	ko:K03075
buo:BRPE64_ACDS17540	ko:K01803
buo:BRPE64_ACDS17560	ko:K00962
buo:BRPE64_ACDS17580	ko:K02956
buo:BRPE64_ACDS17590	ko:K01999
buo:BRPE64_ACDS17610	ko:K01649
buo:BRPE64_ACDS17630	ko:K13896
buo:BRPE64_ACDS17640	ko:K13895
buo:BRPE64_ACDS17650	ko:K13894
buo:BRPE64_ACDS17660	ko:K13893
buo:BRPE64_ACDS17670	ko:K00208
buo:BRPE64_ACDS17720	ko:K13929
buo:BRPE64_ACDS17730	ko:K13930
buo:BRPE64_ACDS17740	ko:K13931
buo:BRPE64_ACDS17750	ko:K13932
buo:BRPE64_ACDS17760	ko:K13933
buo:BRPE64_ACDS17770	ko:K13934
buo:BRPE64_ACDS17780	ko:K13935
buo:BRPE64_ACDS17790	ko:K07387
buo:BRPE64_ACDS17800	ko:K16079
buo:BRPE64_ACDS17810	ko:K00928
buo:BRPE64_ACDS17820	ko:K04075
buo:BRPE64_ACDS17830	ko:K01962
buo:BRPE64_ACDS17840	ko:K01247
buo:BRPE64_ACDS17850	ko:K01883
buo:BRPE64_ACDS17880	ko:K03767
buo:BRPE64_ACDS17890	ko:K03768
buo:BRPE64_ACDS17900	ko:K03269
buo:BRPE64_ACDS17910	ko:K00640
buo:BRPE64_ACDS17920	ko:K02533
buo:BRPE64_ACDS17950	ko:K01092
buo:BRPE64_ACDS17960	ko:K08227
buo:BRPE64_ACDS17980	ko:K03555
buo:BRPE64_ACDS18000	ko:K03775
buo:BRPE64_ACDS18010	ko:K18850
buo:BRPE64_ACDS18040	ko:K07287
buo:BRPE64_ACDS18050	ko:K01714
buo:BRPE64_ACDS18070	ko:K01867
buo:BRPE64_ACDS18100	ko:K07053
buo:BRPE64_ACDS18130	ko:K28956
buo:BRPE64_ACDS18140	ko:K04083
buo:BRPE64_ACDS18160	ko:K05589
buo:BRPE64_ACDS18170	ko:K01689
buo:BRPE64_ACDS18180	ko:K01627
buo:BRPE64_ACDS18190	ko:K01937
buo:BRPE64_ACDS18210	ko:K02238
buo:BRPE64_ACDS18220	ko:K03424
buo:BRPE64_ACDS18230	ko:K09810
buo:BRPE64_ACDS18240	ko:K09808
buo:BRPE64_ACDS18270	ko:K07462
buo:BRPE64_ACDS18290	ko:K02836
buo:BRPE64_ACDS18300	ko:K04567
buo:BRPE64_ACDS18330	ko:K17103
buo:BRPE64_ACDS18340	ko:K01613
buo:BRPE64_ACDS18350	ko:K00053
buo:BRPE64_ACDS18360	ko:K01653
buo:BRPE64_ACDS18370	ko:K01652
buo:BRPE64_ACDS18380	ko:K03088
buo:BRPE64_ACDS18430	ko:K27597
buo:BRPE64_ACDS18440	ko:K00901
buo:BRPE64_ACDS18510	ko:K07050
buo:BRPE64_ACDS18520	ko:K06886
buo:BRPE64_ACDS18530	ko:K02004
buo:BRPE64_ACDS18560	ko:K11741
buo:BRPE64_ACDS18570	ko:K00425
buo:BRPE64_ACDS18580	ko:K00426
buo:BRPE64_ACDS18600	ko:K03564
buo:BRPE64_ACDS18670	ko:K03406
buo:BRPE64_ACDS18680	ko:K08223
buo:BRPE64_ACDS18690	ko:K01908
buo:BRPE64_ACDS18730	ko:K07345
buo:BRPE64_ACDS18740	ko:K01243
buo:BRPE64_ACDS18750	ko:K03657
buo:BRPE64_ACDS18760	ko:K01873
buo:BRPE64_ACDS18770	ko:K00963
buo:BRPE64_ACDS18780	ko:K04085
buo:BRPE64_ACDS18790	ko:K00010
buo:BRPE64_ACDS18800	ko:K00010
buo:BRPE64_ACDS18820	ko:K02058
buo:BRPE64_ACDS18830	ko:K02057
buo:BRPE64_ACDS18840	ko:K02056
buo:BRPE64_ACDS18850	ko:K03338
buo:BRPE64_ACDS18860	ko:K03336
buo:BRPE64_ACDS18870	ko:K03335
buo:BRPE64_ACDS18880	ko:K03337
buo:BRPE64_ACDS18890	ko:K01996
buo:BRPE64_ACDS18900	ko:K01995
buo:BRPE64_ACDS18910	ko:K01998
buo:BRPE64_ACDS18920	ko:K01997
buo:BRPE64_ACDS18930	ko:K07107
buo:BRPE64_ACDS18950	ko:K01620
buo:BRPE64_ACDS18970	ko:K01872
buo:BRPE64_ACDS18990	ko:K01041
buo:BRPE64_ACDS19000	ko:K04062
buo:BRPE64_ACDS19010	ko:K01886
buo:BRPE64_ACDS19090	ko:K03449
buo:BRPE64_ACDS19120	ko:K06153
buo:BRPE64_ACDS19190	ko:K08296
buo:BRPE64_ACDS19200	ko:K22310
buo:BRPE64_ACDS19210	ko:K01524
buo:BRPE64_ACDS19220	ko:K00937
buo:BRPE64_ACDS19230	ko:K07636
buo:BRPE64_ACDS19240	ko:K07657
buo:BRPE64_ACDS19250	ko:K02039
buo:BRPE64_ACDS19260	ko:K02036
buo:BRPE64_ACDS19270	ko:K02038
buo:BRPE64_ACDS19280	ko:K02037
buo:BRPE64_ACDS19290	ko:K02040
buo:BRPE64_ACDS19300	ko:K03431
buo:BRPE64_ACDS19310	ko:K00796
buo:BRPE64_ACDS19320	ko:K03798
buo:BRPE64_ACDS19330	ko:K02427
buo:BRPE64_ACDS19340	ko:K07574
buo:BRPE64_ACDS19360	ko:K03624
buo:BRPE64_ACDS19370	ko:K01955
buo:BRPE64_ACDS19380	ko:K01956
buo:BRPE64_ACDS19400	ko:K08307
buo:BRPE64_ACDS19410	ko:K01069
buo:BRPE64_ACDS19430	ko:K03469
buo:BRPE64_ACDS19440	ko:K02342
buo:BRPE64_ACDS19450	ko:K08983
buo:BRPE64_ACDS19480	ko:K06147
buo:BRPE64_ACDS19490	ko:K00697
buo:BRPE64_ACDS19500	ko:K01087
buo:BRPE64_ACDS19510	ko:K07152
buo:BRPE64_ACDS19520	ko:K02351
buo:BRPE64_ACDS19530	ko:K02348
buo:BRPE64_ACDS19550	ko:K00995
buo:BRPE64_ACDS19560	ko:K03703
buo:BRPE64_ACDS19580	ko:K02356
buo:BRPE64_ACDS19610	ko:K01207
buo:BRPE64_ACDS19620	ko:K00997
buo:BRPE64_ACDS19630	ko:K03474
buo:BRPE64_ACDS19640	ko:K03584
buo:BRPE64_ACDS19650	ko:K03595
buo:BRPE64_ACDS19660	ko:K03685
buo:BRPE64_ACDS19670	ko:K03100
buo:BRPE64_ACDS19680	ko:K03596
buo:BRPE64_ACDS19710	ko:K04771
buo:BRPE64_ACDS19720	ko:K03598
buo:BRPE64_ACDS19730	ko:K03597
buo:BRPE64_ACDS19740	ko:K03088
buo:BRPE64_ACDS19760	ko:K09458
buo:BRPE64_ACDS19770	ko:K02078
buo:BRPE64_ACDS19780	ko:K00059
buo:BRPE64_ACDS19790	ko:K00645
buo:BRPE64_ACDS19800	ko:K00648
buo:BRPE64_ACDS19810	ko:K03621
buo:BRPE64_ACDS19820	ko:K02911
buo:BRPE64_ACDS19830	ko:K07040
buo:BRPE64_ACDS19840	ko:K25422
buo:BRPE64_ACDS19850	ko:K07056
buo:BRPE64_ACDS19860	ko:K04773
buo:BRPE64_ACDS19880	ko:K01091
buo:BRPE64_ACDS19890	ko:K06179
buo:BRPE64_ACDS19910	ko:K08300
buo:BRPE64_ACDS19920	ko:K03639
buo:BRPE64_ACDS19930	ko:K03752
buo:BRPE64_ACDS19940	ko:K03750
buo:BRPE64_ACDS19970	ko:K09760
buo:BRPE64_ACDS19980	ko:K00090
buo:BRPE64_ACDS20000	ko:K00782
buo:BRPE64_ACDS20010	ko:K00763
buo:BRPE64_ACDS20020	ko:K05524
buo:BRPE64_ACDS20050	ko:K00782
buo:BRPE64_ACDS20060	ko:K18929
buo:BRPE64_ACDS20070	ko:K18928
buo:BRPE64_ACDS20090	ko:K05805
buo:BRPE64_ACDS20110	ko:K26605
buo:BRPE64_ACDS20120	ko:K26606
buo:BRPE64_ACDS20140	ko:K03657
buo:BRPE64_ACDS20170	ko:K14761
buo:BRPE64_ACDS20180	ko:K26939
buo:BRPE64_ACDS20190	ko:K06132
buo:BRPE64_ACDS20200	ko:K01679
buo:BRPE64_ACDS20250	ko:K00560
buo:BRPE64_ACDS20280	ko:K00287
buo:BRPE64_ACDS20290	ko:K03592
buo:BRPE64_ACDS20310	ko:K09889
buo:BRPE64_ACDS20320	ko:K03831
buo:BRPE64_ACDS20330	ko:K13288
buo:BRPE64_ACDS20350	ko:K06013
buo:BRPE64_ACDS20360	ko:K06949
buo:BRPE64_ACDS20380	ko:K02227
buo:BRPE64_ACDS20400	ko:K02884
buo:BRPE64_ACDS20410	ko:K00554
buo:BRPE64_ACDS20420	ko:K02860
buo:BRPE64_ACDS20430	ko:K02959
buo:BRPE64_ACDS20460	ko:K03719
buo:BRPE64_ACDS20470	ko:K00285
buo:BRPE64_ACDS20480	ko:K20035
buo:BRPE64_ACDS20490	ko:K03522
buo:BRPE64_ACDS20500	ko:K03521
buo:BRPE64_ACDS20510	ko:K02073
buo:BRPE64_ACDS20520	ko:K02072
buo:BRPE64_ACDS20530	ko:K02071
buo:BRPE64_ACDS20540	ko:K01054
buo:BRPE64_ACDS20570	ko:K08305
buo:BRPE64_ACDS20580	ko:K12339
buo:BRPE64_ACDS20590	ko:K02237
buo:BRPE64_ACDS20600	ko:K03274
buo:BRPE64_ACDS20610	ko:K21344
buo:BRPE64_ACDS20620	ko:K00012
buo:BRPE64_ACDS20630	ko:K19804
buo:BRPE64_ACDS20640	ko:K08992
buo:BRPE64_ACDS20650	ko:K05788
buo:BRPE64_ACDS20660	ko:K02945
buo:BRPE64_ACDS20670	ko:K00945
buo:BRPE64_ACDS20680	ko:K00800
buo:BRPE64_ACDS20690	ko:K04517
buo:BRPE64_ACDS20700	ko:K14170
buo:BRPE64_ACDS20710	ko:K00831
buo:BRPE64_ACDS20720	ko:K09924
buo:BRPE64_ACDS20730	ko:K02469
buo:BRPE64_ACDS20750	ko:K03286
buo:BRPE64_ACDS20760	ko:K00568
buo:BRPE64_ACDS20770	ko:K22292
buo:BRPE64_ACDS20840	ko:K00127
buo:BRPE64_ACDS20850	ko:K00124
buo:BRPE64_ACDS20860	ko:K00123
buo:BRPE64_ACDS20870	ko:K00126
buo:BRPE64_ACDS20890	ko:K16264
buo:BRPE64_ACDS20900	ko:K21903
buo:BRPE64_ACDS20920	ko:K10014
buo:BRPE64_ACDS21000	ko:K26735
buo:BRPE64_ACDS21020	ko:K04751
buo:BRPE64_ACDS21030	ko:K01950
buo:BRPE64_ACDS21040	ko:K09919
buo:BRPE64_ACDS21050	ko:K07461
buo:BRPE64_ACDS21060	ko:K01507
buo:BRPE64_ACDS21080	ko:K00128
buo:BRPE64_ACDS21090	ko:K00059
buo:BRPE64_ACDS21110	ko:K11959
buo:BRPE64_ACDS21120	ko:K11960
buo:BRPE64_ACDS21130	ko:K11961
buo:BRPE64_ACDS21140	ko:K11962
buo:BRPE64_ACDS21150	ko:K11963
buo:BRPE64_ACDS21160	ko:K03190
buo:BRPE64_ACDS21180	ko:K19813
buo:BRPE64_ACDS21190	ko:K23274
buo:BRPE64_ACDS21200	ko:K02030
buo:BRPE64_ACDS21210	ko:K02029
buo:BRPE64_ACDS21220	ko:K02029
buo:BRPE64_ACDS21230	ko:K02028
buo:BRPE64_ACDS21240	ko:K01430
buo:BRPE64_ACDS21250	ko:K01429
buo:BRPE64_ACDS21260	ko:K01428
buo:BRPE64_ACDS21270	ko:K03187
buo:BRPE64_ACDS21280	ko:K03188
buo:BRPE64_ACDS21290	ko:K03189
buo:BRPE64_ACDS21310	ko:K11904
buo:BRPE64_ACDS21360	ko:K02527
buo:BRPE64_ACDS21380	ko:K02841
buo:BRPE64_ACDS21390	ko:K15778
buo:BRPE64_ACDS21420	ko:K03328
buo:BRPE64_ACDS21450	ko:K01784
buo:BRPE64_ACDS21470	ko:K01061
buo:BRPE64_ACDS21480	ko:K00433
buo:BRPE64_ACDS21590	ko:K03818
buo:BRPE64_ACDS21610	ko:K03208
buo:BRPE64_ACDS21640	ko:K02377
buo:BRPE64_ACDS21650	ko:K01711
buo:BRPE64_ACDS21660	ko:K16692
buo:BRPE64_ACDS21670	ko:K01991
buo:BRPE64_ACDS21690	ko:K16011
buo:BRPE64_ACDS21730	ko:K03207
buo:BRPE64_ACDS21740	ko:K00963
buo:BRPE64_ACDS21770	ko:K18900
buo:BRPE64_ACDS21860	ko:K19294
buo:BRPE64_ACDS21940	ko:K09691
buo:BRPE64_ACDS21950	ko:K09690
buo:BRPE64_ACDS21980	ko:K12990
buo:BRPE64_ACDS21990	ko:K00067
buo:BRPE64_ACDS22000	ko:K01790
buo:BRPE64_ACDS22010	ko:K00973
buo:BRPE64_ACDS22020	ko:K01710
buo:BRPE64_ACDS22030	ko:K01525
buo:BRPE64_ACDS22040	ko:K00655
buo:BRPE64_ACDS22050	ko:K01465
buo:BRPE64_ACDS22060	ko:K00609
buo:BRPE64_ACDS22070	ko:K02825
buo:BRPE64_ACDS22080	ko:K07447
buo:BRPE64_ACDS22090	ko:K07735
buo:BRPE64_ACDS22100	ko:K01669
buo:BRPE64_ACDS22130	ko:K00941
buo:BRPE64_ACDS22160	ko:K04077
buo:BRPE64_ACDS22170	ko:K04078
buo:BRPE64_ACDS22210	ko:K07518
buo:BRPE64_ACDS22280	ko:K18991
buo:BRPE64_ACDS22290	ko:K07402
buo:BRPE64_ACDS22300	ko:K13482
buo:BRPE64_ACDS22310	ko:K13481
buo:BRPE64_ACDS22340	ko:K24967
buo:BRPE64_ACDS22390	ko:K13669
buo:BRPE64_ACDS22410	ko:K04564
buo:BRPE64_ACDS22420	ko:K03601
buo:BRPE64_ACDS22440	ko:K00912
buo:BRPE64_ACDS22450	ko:K09791
buo:BRPE64_ACDS22460	ko:K00979
buo:BRPE64_ACDS22470	ko:K00939
buo:BRPE64_ACDS22500	ko:K03980
buo:BRPE64_ACDS22510	ko:K02968
buo:BRPE64_ACDS22530	ko:K00611
buo:BRPE64_ACDS22540	ko:K01940
buo:BRPE64_ACDS22550	ko:K00075
buo:BRPE64_ACDS22560	ko:K09767
buo:BRPE64_ACDS22570	ko:K08591
buo:BRPE64_ACDS22590	ko:K04763
buo:BRPE64_ACDS22600	ko:K00567
buo:BRPE64_ACDS22610	ko:K18979
buo:BRPE64_ACDS22620	ko:K06925
buo:BRPE64_ACDS22630	ko:K01448
buo:BRPE64_ACDS22640	ko:K15268
buo:BRPE64_ACDS22670	ko:K05838
buo:BRPE64_ACDS22680	ko:K22132
buo:BRPE64_ACDS22690	ko:K00275
buo:BRPE64_ACDS22700	ko:K00574
buo:BRPE64_ACDS22720	ko:K07304
buo:BRPE64_ACDS22750	ko:K03719
buo:BRPE64_ACDS22760	ko:K07130
buo:BRPE64_ACDS22770	ko:K01556
buo:BRPE64_ACDS22780	ko:K00453
buo:BRPE64_ACDS22800	ko:K00252
buo:BRPE64_ACDS22840	ko:K02655
buo:BRPE64_ACDS22860	ko:K02672
buo:BRPE64_ACDS22880	ko:K08084
buo:BRPE64_ACDS22890	ko:K07738
buo:BRPE64_ACDS22900	ko:K00600
buo:BRPE64_ACDS22910	ko:K16066
buo:BRPE64_ACDS22920	ko:K07107
buo:BRPE64_ACDS22930	ko:K03562
buo:BRPE64_ACDS22940	ko:K03560
buo:BRPE64_ACDS22950	ko:K03646
buo:BRPE64_ACDS22960	ko:K03641
buo:BRPE64_ACDS22970	ko:K03640
buo:BRPE64_ACDS23040	ko:K02528
buo:BRPE64_ACDS23050	ko:K00097
buo:BRPE64_ACDS23060	ko:K03771
buo:BRPE64_ACDS23070	ko:K04744
buo:BRPE64_ACDS23080	ko:K07102
buo:BRPE64_ACDS23090	ko:K00992
buo:BRPE64_ACDS23100	ko:K01756
buo:BRPE64_ACDS23110	ko:K00851
buo:BRPE64_ACDS23120	ko:K03299
buo:BRPE64_ACDS23140	ko:K01625
buo:BRPE64_ACDS23150	ko:K01690
buo:BRPE64_ACDS23160	ko:K19337
buo:BRPE64_ACDS23170	ko:K08973
buo:BRPE64_ACDS23180	ko:K00147
buo:BRPE64_ACDS23190	ko:K02340
buo:BRPE64_ACDS23200	ko:K03643
buo:BRPE64_ACDS23210	ko:K01869
buo:BRPE64_ACDS23220	ko:K03559
buo:BRPE64_ACDS23230	ko:K03561
buo:BRPE64_ACDS23240	ko:K00215
buo:BRPE64_ACDS23250	ko:K06186
buo:BRPE64_ACDS23260	ko:K03711
buo:BRPE64_ACDS23270	ko:K01483
buo:BRPE64_ACDS23280	ko:K01477
buo:BRPE64_ACDS23290	ko:K11103
buo:BRPE64_ACDS23320	ko:K00134
buo:BRPE64_ACDS23330	ko:K00615
buo:BRPE64_ACDS23360	ko:K09761
buo:BRPE64_ACDS23380	ko:K01167
buo:BRPE64_ACDS23420	ko:K09667
buo:BRPE64_ACDS23430	ko:K00029
buo:BRPE64_ACDS23440	ko:K00946
buo:BRPE64_ACDS23450	ko:K01095
buo:BRPE64_ACDS23460	ko:K03743
buo:BRPE64_ACDS23470	ko:K01591
buo:BRPE64_ACDS23480	ko:K01785
buo:BRPE64_ACDS23490	ko:K13874
buo:BRPE64_ACDS23500	ko:K22185
buo:BRPE64_ACDS23510	ko:K10538
buo:BRPE64_ACDS23520	ko:K10539
buo:BRPE64_ACDS23530	ko:K10537
buo:BRPE64_ACDS23560	ko:K01631
buo:BRPE64_ACDS23570	ko:K00883
buo:BRPE64_ACDS23590	ko:K03814
buo:BRPE64_ACDS23600	ko:K00014
buo:BRPE64_ACDS23610	ko:K01147
buo:BRPE64_ACDS23620	ko:K07000
buo:BRPE64_ACDS23630	ko:K02558
buo:BRPE64_ACDS23680	ko:K02160
buo:BRPE64_ACDS23690	ko:K01961
buo:BRPE64_ACDS23700	ko:K02687
buo:BRPE64_ACDS23730	ko:K11065
buo:BRPE64_ACDS23740	ko:K00856
buo:BRPE64_ACDS23750	ko:K06077
buo:BRPE64_ACDS23770	ko:K00526
buo:BRPE64_ACDS23790	ko:K09954
buo:BRPE64_ACDS23810	ko:K00525
buo:BRPE64_ACDS23830	ko:K03806
buo:BRPE64_ACDS23840	ko:K06950
buo:BRPE64_ACDS23870	ko:K03106
buo:BRPE64_ACDS23880	ko:K00760
buo:BRPE64_ACDS23900	ko:K01881
buo:BRPE64_ACDS23910	ko:K08311
buo:BRPE64_ACDS23930	ko:K00931
buo:BRPE64_ACDS23940	ko:K03979
buo:BRPE64_ACDS23950	ko:K02899
buo:BRPE64_ACDS23960	ko:K02888
buo:BRPE64_ACDS23970	ko:K02523
buo:BRPE64_ACDS23980	ko:K03699
buo:BRPE64_ACDS23990	ko:K02652
buo:BRPE64_ACDS24000	ko:K02653
buo:BRPE64_ACDS24010	ko:K02654
buo:BRPE64_ACDS24020	ko:K00859
buo:BRPE64_ACDS24030	ko:K18778
buo:BRPE64_ACDS24040	ko:K09862
buo:BRPE64_ACDS24050	ko:K03574
buo:BRPE64_ACDS24060	ko:K06923
buo:BRPE64_ACDS24070	ko:K00620
buo:BRPE64_ACDS24080	ko:K03070
buo:BRPE64_ACDS24100	ko:K02535
buo:BRPE64_ACDS24110	ko:K24138
buo:BRPE64_ACDS24120	ko:K03531
buo:BRPE64_ACDS24130	ko:K03590
buo:BRPE64_ACDS24140	ko:K03589
buo:BRPE64_ACDS24150	ko:K01921
buo:BRPE64_ACDS24160	ko:K01924
buo:BRPE64_ACDS24170	ko:K02563
buo:BRPE64_ACDS24180	ko:K03588
buo:BRPE64_ACDS24190	ko:K01925
buo:BRPE64_ACDS24200	ko:K01000
buo:BRPE64_ACDS24210	ko:K01929
buo:BRPE64_ACDS24220	ko:K01928
buo:BRPE64_ACDS24230	ko:K03587
buo:BRPE64_ACDS24240	ko:K03586
buo:BRPE64_ACDS24250	ko:K03438
buo:BRPE64_ACDS24260	ko:K03925
buo:BRPE64_ACDS24270	ko:K06134
buo:BRPE64_ACDS24290	ko:K01897
buo:BRPE64_ACDS24330	ko:K01692
buo:BRPE64_ACDS24350	ko:K15866
buo:BRPE64_ACDS24360	ko:K02614
buo:BRPE64_ACDS24370	ko:K01912
buo:BRPE64_ACDS24380	ko:K08304
buo:BRPE64_ACDS24400	ko:K06195
buo:BRPE64_ACDS24410	ko:K01783
buo:BRPE64_ACDS24420	ko:K01091
buo:BRPE64_ACDS24440	ko:K01657
buo:BRPE64_ACDS24450	ko:K01658
buo:BRPE64_ACDS24460	ko:K00766
buo:BRPE64_ACDS24470	ko:K01609
buo:BRPE64_ACDS24490	ko:K03648
buo:BRPE64_ACDS24500	ko:K01118
buo:BRPE64_ACDS24520	ko:K03981
buo:BRPE64_ACDS24530	ko:K18800
buo:BRPE64_ACDS24550	ko:K06942
buo:BRPE64_ACDS24580	ko:K06020
buo:BRPE64_ACDS24630	ko:K01262
buo:BRPE64_ACDS24660	ko:K02492
buo:BRPE64_ACDS24670	ko:K02835
buo:BRPE64_ACDS24680	ko:K02493
buo:BRPE64_ACDS24690	ko:K07390
buo:BRPE64_ACDS24700	ko:K03186
buo:BRPE64_ACDS24710	ko:K15777
buo:BRPE64_ACDS24730	ko:K03704
buo:BRPE64_ACDS24740	ko:K04046
buo:BRPE64_ACDS24790	ko:K09941
buo:BRPE64_ACDS24830	ko:K00041
buo:BRPE64_ACDS24850	ko:K26399
buo:BRPE64_ACDS24860	ko:K07137
buo:BRPE64_ACDS24870	ko:K03600
buo:BRPE64_ACDS24880	ko:K03599
buo:BRPE64_ACDS24890	ko:K00413
buo:BRPE64_ACDS24900	ko:K00412
buo:BRPE64_ACDS24910	ko:K00411
buo:BRPE64_ACDS24930	ko:K04772
buo:BRPE64_ACDS24940	ko:K03118
buo:BRPE64_ACDS24950	ko:K03117
buo:BRPE64_ACDS24960	ko:K03116
buo:BRPE64_ACDS24970	ko:K02503
buo:BRPE64_ACDS24990	ko:K01523
buo:BRPE64_ACDS25000	ko:K01496
buo:BRPE64_ACDS25010	ko:K02500
buo:BRPE64_ACDS25020	ko:K01814
buo:BRPE64_ACDS25030	ko:K02501
buo:BRPE64_ACDS25050	ko:K01693
buo:BRPE64_ACDS25060	ko:K00817
buo:BRPE64_ACDS25070	ko:K00013
buo:BRPE64_ACDS25080	ko:K00765
buo:BRPE64_ACDS25090	ko:K00790
buo:BRPE64_ACDS25120	ko:K01992
buo:BRPE64_ACDS25130	ko:K01990
buo:BRPE64_ACDS25140	ko:K07122
buo:BRPE64_ACDS25150	ko:K07323
buo:BRPE64_ACDS25160	ko:K04754
buo:BRPE64_ACDS25170	ko:K02067
buo:BRPE64_ACDS25180	ko:K02066
buo:BRPE64_ACDS25190	ko:K02065
buo:BRPE64_ACDS25200	ko:K00788
buo:BRPE64_ACDS25210	ko:K03149
buo:BRPE64_ACDS25220	ko:K03154
buo:BRPE64_ACDS25230	ko:K03153
buo:BRPE64_ACDS25240	ko:K02471
buo:BRPE64_ACDS25250	ko:K00266
buo:BRPE64_ACDS25260	ko:K00265
buo:BRPE64_ACDS25270	ko:K07491
buo:BRPE64_ACDS25280	ko:K07275
buo:BRPE64_ACDS25300	ko:K01126
buo:BRPE64_ACDS25310	ko:K05816
buo:BRPE64_ACDS25330	ko:K05815
buo:BRPE64_ACDS25340	ko:K05814
buo:BRPE64_ACDS25350	ko:K05813
buo:BRPE64_ACDS25360	ko:K01129
buo:BRPE64_ACDS25370	ko:K01735
buo:BRPE64_ACDS25380	ko:K00891
buo:BRPE64_ACDS25390	ko:K02666
buo:BRPE64_ACDS25400	ko:K02664
buo:BRPE64_ACDS25430	ko:K05366
buo:BRPE64_ACDS25440	ko:K06202
buo:BRPE64_ACDS25460	ko:K01586
buo:BRPE64_ACDS25470	ko:K17247
buo:BRPE64_ACDS25480	ko:K07147
buo:BRPE64_ACDS25510	ko:K07399
buo:BRPE64_ACDS25540	ko:K03978
buo:BRPE64_ACDS25550	ko:K01698
buo:BRPE64_ACDS25560	ko:K04084
buo:BRPE64_ACDS25570	ko:K03926
buo:BRPE64_ACDS25580	ko:K02879
buo:BRPE64_ACDS25590	ko:K03040
buo:BRPE64_ACDS25610	ko:K02986
buo:BRPE64_ACDS25620	ko:K02948
buo:BRPE64_ACDS25630	ko:K02952
buo:BRPE64_ACDS25640	ko:K02919
buo:BRPE64_ACDS25650	ko:K03076
buo:BRPE64_ACDS25660	ko:K02876
buo:BRPE64_ACDS25670	ko:K02907
buo:BRPE64_ACDS25680	ko:K02988
buo:BRPE64_ACDS25690	ko:K02881
buo:BRPE64_ACDS25700	ko:K02933
buo:BRPE64_ACDS25710	ko:K02994
buo:BRPE64_ACDS25720	ko:K02954
buo:BRPE64_ACDS25730	ko:K02931
buo:BRPE64_ACDS25740	ko:K02895
buo:BRPE64_ACDS25750	ko:K02874
buo:BRPE64_ACDS25760	ko:K02961
buo:BRPE64_ACDS25770	ko:K02904
buo:BRPE64_ACDS25780	ko:K02878
buo:BRPE64_ACDS25790	ko:K02982
buo:BRPE64_ACDS25800	ko:K02890
buo:BRPE64_ACDS25810	ko:K02965
buo:BRPE64_ACDS25820	ko:K02886
buo:BRPE64_ACDS25830	ko:K02892
buo:BRPE64_ACDS25840	ko:K02926
buo:BRPE64_ACDS25850	ko:K02906
buo:BRPE64_ACDS25860	ko:K02946
buo:BRPE64_ACDS25870	ko:K02358
buo:BRPE64_ACDS25890	ko:K02355
buo:BRPE64_ACDS25900	ko:K02992
buo:BRPE64_ACDS25910	ko:K02950
buo:BRPE64_ACDS25920	ko:K03654
buo:BRPE64_ACDS25930	ko:K03046
buo:BRPE64_ACDS25940	ko:K03043
buo:BRPE64_ACDS25950	ko:K02935
buo:BRPE64_ACDS25960	ko:K02864
buo:BRPE64_ACDS25970	ko:K02863
buo:BRPE64_ACDS25980	ko:K02867
buo:BRPE64_ACDS26000	ko:K02601
buo:BRPE64_ACDS26010	ko:K02358
buo:BRPE64_ACDS26070	ko:K02609
buo:BRPE64_ACDS26080	ko:K02610
buo:BRPE64_ACDS26090	ko:K02611
buo:BRPE64_ACDS26100	ko:K02612
buo:BRPE64_ACDS26110	ko:K02613
buo:BRPE64_ACDS26150	ko:K03719
buo:BRPE64_ACDS26160	ko:K00457
buo:BRPE64_ACDS26180	ko:K04090
buo:BRPE64_ACDS26190	ko:K00029
buo:BRPE64_ACDS26200	ko:K00762
buo:BRPE64_ACDS26210	ko:K07687
buo:BRPE64_ACDS26240	ko:K03809
buo:BRPE64_ACDS26250	ko:K00145
buo:BRPE64_ACDS26280	ko:K05834
buo:BRPE64_ACDS26300	ko:K09122
buo:BRPE64_ACDS26420	ko:K09022
buo:BRPE64_ACDS26430	ko:K07507
buo:BRPE64_ACDS26450	ko:K00537
buo:BRPE64_ACDS26490	ko:K01706
buo:BRPE64_ACDS26510	ko:K00042
buo:BRPE64_ACDS26520	ko:K01630
buo:BRPE64_ACDS26540	ko:K00820
buo:BRPE64_ACDS26550	ko:K04042
buo:BRPE64_ACDS26560	ko:K14058
buo:BRPE64_ACDS26570	ko:K01633
buo:BRPE64_ACDS26620	ko:K00974
buo:BRPE64_ACDS26630	ko:K00799
buo:BRPE64_ACDS26650	ko:K08309
buo:BRPE64_ACDS26660	ko:K01934
buo:BRPE64_ACDS26680	ko:K23123
buo:BRPE64_ACDS26690	ko:K23124
buo:BRPE64_ACDS26700	ko:K07160
buo:BRPE64_ACDS26790	ko:K09973
buo:BRPE64_ACDS26800	ko:K12372
buo:BRPE64_ACDS26810	ko:K12371
buo:BRPE64_ACDS26820	ko:K12370
buo:BRPE64_ACDS26830	ko:K12369
buo:BRPE64_ACDS26840	ko:K12368
buo:BRPE64_ACDS26850	ko:K00297
buo:BRPE64_ACDS26860	ko:K08972
buo:BRPE64_ACDS26870	ko:K01251
buo:BRPE64_ACDS26900	ko:K06518
buo:BRPE64_ACDS26920	ko:K03286
buo:BRPE64_ACDS26940	ko:K09456
buo:BRPE64_ACDS26950	ko:K04061
buo:BRPE64_ACDS26970	ko:K02423
buo:BRPE64_ACDS26980	ko:K02422
buo:BRPE64_ACDS26990	ko:K02408
buo:BRPE64_ACDS27000	ko:K02409
buo:BRPE64_ACDS27010	ko:K02410
buo:BRPE64_ACDS27020	ko:K02411
buo:BRPE64_ACDS27030	ko:K02412
buo:BRPE64_ACDS27040	ko:K02413
buo:BRPE64_ACDS27050	ko:K02414
buo:BRPE64_ACDS27060	ko:K02415
buo:BRPE64_ACDS27070	ko:K02416
buo:BRPE64_ACDS27080	ko:K02417
buo:BRPE64_ACDS27090	ko:K02418
buo:BRPE64_ACDS27100	ko:K02419
buo:BRPE64_ACDS27110	ko:K02420
buo:BRPE64_ACDS27120	ko:K02421
buo:BRPE64_ACDS27140	ko:K02397
buo:BRPE64_ACDS27150	ko:K02396
buo:BRPE64_ACDS27160	ko:K21087
buo:BRPE64_ACDS27170	ko:K02395
buo:BRPE64_ACDS27180	ko:K02394
buo:BRPE64_ACDS27190	ko:K02393
buo:BRPE64_ACDS27200	ko:K02392
buo:BRPE64_ACDS27210	ko:K02391
buo:BRPE64_ACDS27220	ko:K02390
buo:BRPE64_ACDS27230	ko:K02389
buo:BRPE64_ACDS27240	ko:K02388
buo:BRPE64_ACDS27250	ko:K02387
buo:BRPE64_ACDS27260	ko:K02386
buo:BRPE64_ACDS27270	ko:K02398
buo:BRPE64_ACDS27280	ko:K02399
buo:BRPE64_ACDS27290	ko:K02401
buo:BRPE64_ACDS27300	ko:K02400
buo:BRPE64_ACDS27310	ko:K01752
buo:BRPE64_ACDS27340	ko:K00281
buo:BRPE64_ACDS27350	ko:K02437
buo:BRPE64_ACDS27360	ko:K00605
buo:BRPE64_ACDS27390	ko:K03656
buo:BRPE64_ACDS27430	ko:K02405
buo:BRPE64_ACDS27440	ko:K04562
buo:BRPE64_ACDS27450	ko:K02404
buo:BRPE64_ACDS27470	ko:K01652
buo:BRPE64_ACDS27500	ko:K01999
buo:BRPE64_ACDS27510	ko:K13821
buo:BRPE64_ACDS27530	ko:K04066
buo:BRPE64_ACDS27540	ko:K01599
buo:BRPE64_ACDS27550	ko:K01713
buo:BRPE64_ACDS27580	ko:K00666
buo:BRPE64_ACDS27590	ko:K02114
buo:BRPE64_ACDS27600	ko:K02112
buo:BRPE64_ACDS27610	ko:K02115
buo:BRPE64_ACDS27620	ko:K02111
buo:BRPE64_ACDS27630	ko:K02113
buo:BRPE64_ACDS27640	ko:K02109
buo:BRPE64_ACDS27650	ko:K02110
buo:BRPE64_ACDS27660	ko:K02108
buo:BRPE64_ACDS27670	ko:K02116
buo:BRPE64_ACDS27690	ko:K03497
buo:BRPE64_ACDS27700	ko:K03496
buo:BRPE64_ACDS27710	ko:K03501
buo:BRPE64_ACDS27720	ko:K03495
buo:BRPE64_ACDS27730	ko:K01996
buo:BRPE64_ACDS27740	ko:K01995
buo:BRPE64_ACDS27740	ko:K01998
buo:BRPE64_ACDS27750	ko:K01997
buo:BRPE64_ACDS27760	ko:K01999
buo:BRPE64_ACDS27780	ko:K01999
buo:BRPE64_ACDS27800	ko:K01998
buo:BRPE64_ACDS27810	ko:K01997
buo:BRPE64_ACDS27820	ko:K01999
buo:BRPE64_ACDS27830	ko:K01996
buo:BRPE64_ACDS27840	ko:K01995
buo:BRPE64_ACDS27890	ko:K03719
buo:BRPE64_ACDS27910	ko:K02483
buo:BRPE64_ACDS27930	ko:K07117
buo:BRPE64_ACDS27960	ko:K01951
buo:BRPE64_ACDS27980	ko:K06048
buo:BRPE64_ACDS28010	ko:K15461
buo:BRPE64_ACDS28030	ko:K03530
buo:BRPE64_ACDS28070	ko:K02453
buo:BRPE64_ACDS28080	ko:K02454
buo:BRPE64_ACDS28090	ko:K02455
buo:BRPE64_ACDS28100	ko:K02452
buo:BRPE64_ACDS28110	ko:K02456
buo:BRPE64_ACDS28120	ko:K02457
buo:BRPE64_ACDS28130	ko:K02458
buo:BRPE64_ACDS28140	ko:K02459
buo:BRPE64_ACDS28150	ko:K02460
buo:BRPE64_ACDS28160	ko:K02461
buo:BRPE64_ACDS28170	ko:K02462
buo:BRPE64_ACDS28180	ko:K02463
buo:BRPE64_ACDS28190	ko:K18139
buo:BRPE64_ACDS28240	ko:K03446
buo:BRPE64_ACDS28260	ko:K01919
buo:BRPE64_ACDS28270	ko:K10778
buo:BRPE64_ACDS28290	ko:K03667
buo:BRPE64_ACDS28300	ko:K01419
buo:BRPE64_ACDS28310	ko:K06204
buo:BRPE64_ACDS28330	ko:K06969
buo:BRPE64_ACDS28340	ko:K03733
buo:BRPE64_ACDS28350	ko:K09921
buo:BRPE64_ACDS28360	ko:K01778
buo:BRPE64_ACDS28370	ko:K02517
buo:BRPE64_ACDS28380	ko:K00789
buo:BRPE64_ACDS28390	ko:K10680
buo:BRPE64_ACDS28430	ko:K03442
buo:BRPE64_ACDS28440	ko:K19265
buo:BRPE64_ACDS28460	ko:K00528
buo:BRPE64_ACDS28480	ko:K07689
buo:BRPE64_ACDS28490	ko:K03294
buo:BRPE64_ACDS28500	ko:K03518
buo:BRPE64_ACDS28510	ko:K03520
buo:BRPE64_ACDS28520	ko:K03519
buo:BRPE64_ACDS28540	ko:K07161
buo:BRPE64_ACDS28550	ko:K09386
buo:BRPE64_ACDS28560	ko:K07402
buo:BRPE64_ACDS28580	ko:K14623
buo:BRPE64_ACDS28590	ko:K09939
buo:BRPE64_ACDS28620	ko:K08224
buo:BRPE64_ACDS28660	ko:K01999
buo:BRPE64_ACDS28680	ko:K07226
buo:BRPE64_ACDS28690	ko:K03746
buo:BRPE64_ACDS28710	ko:K03719
buo:BRPE64_ACDS28730	ko:K01069
buo:BRPE64_ACDS28740	ko:K03642
buo:BRPE64_ACDS28750	ko:K07056
buo:BRPE64_ACDS28760	ko:K07460
buo:BRPE64_ACDS28770	ko:K03271
buo:BRPE64_ACDS28780	ko:K28369
buo:BRPE64_ACDS28790	ko:K08738
buo:BRPE64_ACDS28840	ko:K05834
buo:BRPE64_ACDS29020	ko:K03650
buo:BRPE64_ACDS29040	ko:K03217
buo:BRPE64_ACDS29050	ko:K08998
buo:BRPE64_ACDS29060	ko:K03536
buo:BRPE64_ACDS29070	ko:K02914
buo:BRPE64_ArRNA00010	ko:K01985
buo:BRPE64_ArRNA00020	ko:K01980
buo:BRPE64_ArRNA00030	ko:K01977
buo:BRPE64_ArRNA00040	ko:K01985
buo:BRPE64_ArRNA00050	ko:K01980
buo:BRPE64_ArRNA00060	ko:K01977
buo:BRPE64_ArRNA00070	ko:K01985
buo:BRPE64_ArRNA00080	ko:K01980
buo:BRPE64_ArRNA00090	ko:K01977
buo:BRPE64_ArRNA00100	ko:K01985
buo:BRPE64_ArRNA00110	ko:K01980
buo:BRPE64_ArRNA00120	ko:K01977
buo:BRPE64_AtRNA00010	ko:K14229
buo:BRPE64_AtRNA00020	ko:K14231
buo:BRPE64_AtRNA00030	ko:K14223
buo:BRPE64_AtRNA00040	ko:K14223
buo:BRPE64_AtRNA00050	ko:K14230
buo:BRPE64_AtRNA00060	ko:K14228
buo:BRPE64_AtRNA00070	ko:K14233
buo:BRPE64_AtRNA00080	ko:K14233
buo:BRPE64_AtRNA00090	ko:K14219
buo:BRPE64_AtRNA00100	ko:K14219
buo:BRPE64_AtRNA00110	ko:K14234
buo:BRPE64_AtRNA00120	ko:K14225
buo:BRPE64_AtRNA00130	ko:K14219
buo:BRPE64_AtRNA00140	ko:K14228
buo:BRPE64_AtRNA00150	ko:K14233
buo:BRPE64_AtRNA00160	ko:K14230
buo:BRPE64_AtRNA00170	ko:K14237
buo:BRPE64_AtRNA00180	ko:K14232
buo:BRPE64_AtRNA00190	ko:K14230
buo:BRPE64_AtRNA00200	ko:K14226
buo:BRPE64_AtRNA00210	ko:K14228
buo:BRPE64_AtRNA00220	ko:K14237
buo:BRPE64_AtRNA00230	ko:K14221
buo:BRPE64_AtRNA00240	ko:K14228
buo:BRPE64_AtRNA00250	ko:K14228
buo:BRPE64_AtRNA00260	ko:K14221
buo:BRPE64_AtRNA00270	ko:K14224
buo:BRPE64_AtRNA00280	ko:K14221
buo:BRPE64_AtRNA00290	ko:K14224
buo:BRPE64_AtRNA00300	ko:K14218
buo:BRPE64_AtRNA00310	ko:K14218
buo:BRPE64_AtRNA00320	ko:K14227
buo:BRPE64_AtRNA00330	ko:K14228
buo:BRPE64_AtRNA00340	ko:K14233
buo:BRPE64_AtRNA00350	ko:K14219
buo:BRPE64_AtRNA00360	ko:K14232
buo:BRPE64_AtRNA00370	ko:K14237
buo:BRPE64_AtRNA00380	ko:K14222
buo:BRPE64_AtRNA00390	ko:K14225
buo:BRPE64_AtRNA00400	ko:K14225
buo:BRPE64_AtRNA00410	ko:K14220
buo:BRPE64_AtRNA00420	ko:K14220
buo:BRPE64_AtRNA00430	ko:K14229
buo:BRPE64_AtRNA00440	ko:K14232
buo:BRPE64_AtRNA00450	ko:K14218
buo:BRPE64_AtRNA00460	ko:K14227
buo:BRPE64_AtRNA00470	ko:K14218
buo:BRPE64_AtRNA00480	ko:K14227
buo:BRPE64_AtRNA00490	ko:K14234
buo:BRPE64_AtRNA00500	ko:K14235
buo:BRPE64_AtRNA00510	ko:K14234
buo:BRPE64_AtRNA00520	ko:K14225
buo:BRPE64_AtRNA00530	ko:K14236
buo:BRPE64_AtRNA00540	ko:K14218
buo:BRPE64_AtRNA00550	ko:K14227
buo:BRPE64_AtRNA00560	ko:K14219
buo:BRPE64_AtRNA00570	ko:K14218
buo:BRPE64_BCDS00010	ko:K03496
buo:BRPE64_BCDS00020	ko:K03497
buo:BRPE64_BCDS00100	ko:K00639
buo:BRPE64_BCDS00110	ko:K00060
buo:BRPE64_BCDS00150	ko:K00054
buo:BRPE64_BCDS00160	ko:K01640
buo:BRPE64_BCDS00180	ko:K07793
buo:BRPE64_BCDS00190	ko:K14057
buo:BRPE64_BCDS00200	ko:K01451
buo:BRPE64_BCDS00220	ko:K13875
buo:BRPE64_BCDS00230	ko:K13876
buo:BRPE64_BCDS00300	ko:K02483
buo:BRPE64_BCDS00310	ko:K02484
buo:BRPE64_BCDS00380	ko:K02624
buo:BRPE64_BCDS00460	ko:K01113
buo:BRPE64_BCDS00470	ko:K03809
buo:BRPE64_BCDS00480	ko:K05835
buo:BRPE64_BCDS00520	ko:K00036
buo:BRPE64_BCDS00540	ko:K07006
buo:BRPE64_BCDS00550	ko:K00799
buo:BRPE64_BCDS00570	ko:K06938
buo:BRPE64_BCDS00600	ko:K03776
buo:BRPE64_BCDS00610	ko:K00019
buo:BRPE64_BCDS00660	ko:K03098
buo:BRPE64_BCDS00670	ko:K13936
buo:BRPE64_BCDS00690	ko:K23529
buo:BRPE64_BCDS00760	ko:K03410
buo:BRPE64_BCDS00790	ko:K21678
buo:BRPE64_BCDS00800	ko:K21677
buo:BRPE64_BCDS00810	ko:K06045
buo:BRPE64_BCDS00840	ko:K04754
buo:BRPE64_BCDS00850	ko:K07003
buo:BRPE64_BCDS00860	ko:K07323
buo:BRPE64_BCDS00880	ko:K02480
buo:BRPE64_BCDS00890	ko:K06200
buo:BRPE64_BCDS00910	ko:K28280
buo:BRPE64_BCDS00940	ko:K03527
buo:BRPE64_BCDS00970	ko:K00031
buo:BRPE64_BCDS00980	ko:K00091
buo:BRPE64_BCDS01000	ko:K00575
buo:BRPE64_BCDS01010	ko:K03412
buo:BRPE64_BCDS01030	ko:K01512
buo:BRPE64_BCDS01040	ko:K18911
buo:BRPE64_BCDS01050	ko:K05786
buo:BRPE64_BCDS01170	ko:K03321
buo:BRPE64_BCDS01220	ko:K07675
buo:BRPE64_BCDS01230	ko:K06139
buo:BRPE64_BCDS01240	ko:K06138
buo:BRPE64_BCDS01250	ko:K06137
buo:BRPE64_BCDS01260	ko:K06136
buo:BRPE64_BCDS01280	ko:K00202
buo:BRPE64_BCDS01290	ko:K00672
buo:BRPE64_BCDS01300	ko:K00200
buo:BRPE64_BCDS01310	ko:K00201
buo:BRPE64_BCDS01330	ko:K01814
buo:BRPE64_BCDS01340	ko:K06914
buo:BRPE64_BCDS01380	ko:K09733
buo:BRPE64_BCDS01390	ko:K09154
buo:BRPE64_BCDS01400	ko:K01601
buo:BRPE64_BCDS01410	ko:K01602
buo:BRPE64_BCDS01430	ko:K01086
buo:BRPE64_BCDS01440	ko:K28462
buo:BRPE64_BCDS01450	ko:K00615
buo:BRPE64_BCDS01460	ko:K01624
buo:BRPE64_BCDS01520	ko:K21405
buo:BRPE64_BCDS01540	ko:K01633
buo:BRPE64_BCDS01560	ko:K10713
buo:BRPE64_BCDS01570	ko:K05966
buo:BRPE64_BCDS01580	ko:K15740
buo:BRPE64_BCDS01590	ko:K01499
buo:BRPE64_BCDS01600	ko:K06913
buo:BRPE64_BCDS01610	ko:K10714
buo:BRPE64_BCDS01620	ko:K06984
buo:BRPE64_BCDS01630	ko:K01724
buo:BRPE64_BCDS01640	ko:K23995
buo:BRPE64_BCDS01680	ko:K21703
buo:BRPE64_BCDS01700	ko:K17226
buo:BRPE64_BCDS01780	ko:K02474
buo:BRPE64_BCDS01810	ko:K01991
buo:BRPE64_BCDS01820	ko:K09688
buo:BRPE64_BCDS01830	ko:K09689
buo:BRPE64_BCDS01840	ko:K10107
buo:BRPE64_BCDS01850	ko:K22917
buo:BRPE64_BCDS01860	ko:K02473
buo:BRPE64_BCDS01870	ko:K01728
buo:BRPE64_BCDS01880	ko:K00382
buo:BRPE64_BCDS01900	ko:K02041
buo:BRPE64_BCDS01910	ko:K02044
buo:BRPE64_BCDS01920	ko:K02042
buo:BRPE64_BCDS01950	ko:K05774
buo:BRPE64_BCDS01970	ko:K02043
buo:BRPE64_BCDS01980	ko:K06166
buo:BRPE64_BCDS01990	ko:K06165
buo:BRPE64_BCDS02000	ko:K06164
buo:BRPE64_BCDS02010	ko:K06163
buo:BRPE64_BCDS02020	ko:K05781
buo:BRPE64_BCDS02030	ko:K05780
buo:BRPE64_BCDS02040	ko:K06162
buo:BRPE64_BCDS02050	ko:K08195
buo:BRPE64_BCDS02070	ko:K03406
buo:BRPE64_BCDS02100	ko:K06991
buo:BRPE64_BCDS02160	ko:K01113
buo:BRPE64_BCDS02200	ko:K02484
buo:BRPE64_BCDS02210	ko:K02483
buo:BRPE64_BCDS02240	ko:K02346
buo:BRPE64_BCDS02260	ko:K15553
buo:BRPE64_BCDS02280	ko:K15555
buo:BRPE64_BCDS02290	ko:K15554
buo:BRPE64_BCDS02330	ko:K08161
buo:BRPE64_BCDS02340	ko:K01142
buo:BRPE64_BCDS02350	ko:K06889
buo:BRPE64_BCDS02360	ko:K06193
buo:BRPE64_BCDS02370	ko:K00128
buo:BRPE64_BCDS02390	ko:K21703
buo:BRPE64_BCDS02410	ko:K08177
buo:BRPE64_BCDS02430	ko:K00077
buo:BRPE64_BCDS02470	ko:K01902
buo:BRPE64_BCDS02480	ko:K01903
buo:BRPE64_BCDS02510	ko:K07749
buo:BRPE64_BCDS02560	ko:K08482
buo:BRPE64_BCDS02590	ko:K00567
buo:BRPE64_BCDS02610	ko:K01173
buo:BRPE64_BCDS02640	ko:K26937
buo:BRPE64_BCDS02650	ko:K09771
buo:BRPE64_BCDS02670	ko:K03761
buo:BRPE64_BCDS02730	ko:K01895
buo:BRPE64_BCDS02790	ko:K00114
buo:BRPE64_BCDS02810	ko:K06867
buo:BRPE64_BCDS02860	ko:K03088
buo:BRPE64_BCDS02910	ko:K07393
buo:BRPE64_BCDS02920	ko:K00074
buo:BRPE64_BCDS02930	ko:K05913
buo:BRPE64_BCDS02940	ko:K01990
buo:BRPE64_BCDS02950	ko:K01992
buo:BRPE64_BCDS02960	ko:K07305
buo:BRPE64_BCDS02980	ko:K07001
buo:BRPE64_BCDS02990	ko:K07098
buo:BRPE64_BCDS03010	ko:K00135
buo:BRPE64_BCDS03020	ko:K00823
buo:BRPE64_BCDS03030	ko:K00375
buo:BRPE64_BCDS03050	ko:K01451
buo:BRPE64_BCDS03060	ko:K03406
buo:BRPE64_BCDS03100	ko:K21929
buo:BRPE64_BCDS03120	ko:K07141
buo:BRPE64_BCDS03130	ko:K11177
buo:BRPE64_BCDS03140	ko:K11178
buo:BRPE64_BCDS03150	ko:K13483
buo:BRPE64_BCDS03210	ko:K08677
buo:BRPE64_BCDS03230	ko:K03781
buo:BRPE64_BCDS03250	ko:K07679
buo:BRPE64_BCDS03330	ko:K02444
buo:BRPE64_BCDS03340	ko:K11081
buo:BRPE64_BCDS03350	ko:K11084
buo:BRPE64_BCDS03360	ko:K11083
buo:BRPE64_BCDS03370	ko:K11082
buo:BRPE64_BCDS03380	ko:K00688
buo:BRPE64_BCDS03450	ko:K07085
buo:BRPE64_BCDS03460	ko:K09758
buo:BRPE64_BCDS03490	ko:K06987
buo:BRPE64_BCDS03500	ko:K10013
buo:BRPE64_BCDS03530	ko:K09017
buo:BRPE64_BCDS03540	ko:K08369
buo:BRPE64_BCDS03570	ko:K00253
buo:BRPE64_BCDS03580	ko:K01969
buo:BRPE64_BCDS03590	ko:K01968
buo:BRPE64_BCDS03620	ko:K01720
buo:BRPE64_BCDS03630	ko:K01659
buo:BRPE64_BCDS03640	ko:K03417
buo:BRPE64_BCDS03650	ko:K02688
buo:BRPE64_BCDS03670	ko:K00448
buo:BRPE64_BCDS03680	ko:K00449
buo:BRPE64_BCDS03690	ko:K02623
buo:BRPE64_BCDS03710	ko:K00655
buo:BRPE64_BCDS03720	ko:K01259
buo:BRPE64_BCDS03820	ko:K03719
buo:BRPE64_BCDS03830	ko:K01712
buo:BRPE64_BCDS03840	ko:K01468
buo:BRPE64_BCDS03870	ko:K03286
buo:BRPE64_BCDS03890	ko:K09780
buo:BRPE64_BCDS03900	ko:K18900
buo:BRPE64_BCDS03910	ko:K16053
buo:BRPE64_BCDS03940	ko:K13051
buo:BRPE64_BCDS03950	ko:K13892
buo:BRPE64_BCDS03960	ko:K13889
buo:BRPE64_BCDS03970	ko:K13890
buo:BRPE64_BCDS03980	ko:K13891
buo:BRPE64_BCDS04000	ko:K16203
buo:BRPE64_BCDS04020	ko:K06199
buo:BRPE64_BCDS04030	ko:K03830
buo:BRPE64_BCDS04040	ko:K01745
buo:BRPE64_BCDS04050	ko:K05836
buo:BRPE64_BCDS04060	ko:K09975
buo:BRPE64_BCDS04070	ko:K05603
buo:BRPE64_BCDS04080	ko:K01458
buo:BRPE64_BCDS04110	ko:K09017
buo:BRPE64_BCDS04120	ko:K06016
buo:BRPE64_BCDS04140	ko:K17722
buo:BRPE64_BCDS04150	ko:K17723
buo:BRPE64_BCDS04160	ko:K03457
buo:BRPE64_BCDS04170	ko:K01464
buo:BRPE64_BCDS04180	ko:K01521
buo:BRPE64_BCDS04200	ko:K00609
buo:BRPE64_BCDS04230	ko:K07403
buo:BRPE64_BCDS04280	ko:K03543
buo:BRPE64_BCDS04290	ko:K03446
buo:BRPE64_BCDS04320	ko:K00822
buo:BRPE64_BCDS04380	ko:K22704
buo:BRPE64_BCDS04400	ko:K10013
buo:BRPE64_BCDS04410	ko:K13993
buo:BRPE64_BCDS04420	ko:K13993
buo:BRPE64_BCDS04440	ko:K00381
buo:BRPE64_BCDS04460	ko:K00077
buo:BRPE64_BCDS04470	ko:K03885
buo:BRPE64_BCDS04500	ko:K00249
buo:BRPE64_BCDS04570	ko:K01721
buo:BRPE64_BCDS04580	ko:K20807
buo:BRPE64_BCDS04600	ko:K01821
buo:BRPE64_BCDS04610	ko:K06133
buo:BRPE64_BCDS04620	ko:K07043
buo:BRPE64_BCDS04660	ko:K15371
buo:BRPE64_BCDS04740	ko:K07336
buo:BRPE64_BCDS04750	ko:K16090
buo:BRPE64_BCDS04780	ko:K16135
buo:BRPE64_BCDS04790	ko:K20543
buo:BRPE64_BCDS04800	ko:K20542
buo:BRPE64_BCDS04810	ko:K20541
buo:BRPE64_BCDS04820	ko:K00694
buo:BRPE64_BCDS04880	ko:K07118
buo:BRPE64_BCDS04900	ko:K02053
buo:BRPE64_BCDS04910	ko:K02054
buo:BRPE64_BCDS04920	ko:K02055
buo:BRPE64_BCDS04930	ko:K02052
buo:BRPE64_BCDS04940	ko:K00375
buo:BRPE64_BCDS04950	ko:K07345
buo:BRPE64_BCDS04960	ko:K15540
buo:BRPE64_BCDS04970	ko:K07347
buo:BRPE64_BCDS04980	ko:K13409
buo:BRPE64_BCDS04990	ko:K12340
buo:BRPE64_BCDS05010	ko:K09958
buo:BRPE64_BCDS05020	ko:K16074
buo:BRPE64_BCDS05070	ko:K03415
buo:BRPE64_BCDS05110	ko:K06934
buo:BRPE64_BCDS05130	ko:K06999
buo:BRPE64_BCDS05200	ko:K09129
buo:BRPE64_BCDS05210	ko:K22067
buo:BRPE64_BCDS05220	ko:K07183
buo:BRPE64_BCDS05230	ko:K02303
buo:BRPE64_BCDS05250	ko:K02575
buo:BRPE64_BCDS05260	ko:K00362
buo:BRPE64_BCDS05270	ko:K00363
buo:BRPE64_BCDS05280	ko:K26139
buo:BRPE64_BCDS05290	ko:K00372
buo:BRPE64_BCDS05350	ko:K07644
buo:BRPE64_BCDS05360	ko:K07665
buo:BRPE64_BCDS05370	ko:K18903
buo:BRPE64_BCDS05380	ko:K03585
buo:BRPE64_BCDS05390	ko:K18138
buo:BRPE64_BCDS05420	ko:K03322
buo:BRPE64_BCDS05450	ko:K02557
buo:BRPE64_BCDS05460	ko:K02556
buo:BRPE64_BCDS05500	ko:K08166
buo:BRPE64_BCDS05510	ko:K07657
buo:BRPE64_BCDS05520	ko:K21062
buo:BRPE64_BCDS05530	ko:K12658
buo:BRPE64_BCDS05540	ko:K21061
buo:BRPE64_BCDS05550	ko:K22550
buo:BRPE64_BCDS05560	ko:K22549
buo:BRPE64_BCDS05590	ko:K13584
buo:BRPE64_BCDS05610	ko:K00799
buo:BRPE64_BCDS05680	ko:K21883
buo:BRPE64_BCDS05690	ko:K26580
buo:BRPE64_BCDS05700	ko:K12661
buo:BRPE64_BCDS05710	ko:K18337
buo:BRPE64_BCDS05730	ko:K03534
buo:BRPE64_BCDS05750	ko:K10562
buo:BRPE64_BCDS05760	ko:K10560
buo:BRPE64_BCDS05770	ko:K10561
buo:BRPE64_BCDS05780	ko:K10559
buo:BRPE64_BCDS05810	ko:K03746
buo:BRPE64_BCDS05860	ko:K07241
buo:BRPE64_BCDS05870	ko:K21990
buo:BRPE64_BCDS05920	ko:K03587
buo:BRPE64_BCDS05930	ko:K00675
buo:BRPE64_BCDS05940	ko:K00036
buo:BRPE64_BCDS05950	ko:K00886
buo:BRPE64_BCDS05970	ko:K02518
buo:BRPE64_BCDS05980	ko:K03284
buo:BRPE64_BCDS06030	ko:K00140
buo:BRPE64_BCDS06040	ko:K00020
buo:BRPE64_BCDS06060	ko:K00382
buo:BRPE64_BCDS06070	ko:K00034
buo:BRPE64_BCDS06080	ko:K00703
buo:BRPE64_BCDS06090	ko:K00975
buo:BRPE64_BCDS06100	ko:K00868
buo:BRPE64_BCDS06170	ko:K00433
buo:BRPE64_BCDS06230	ko:K01784
buo:BRPE64_BCDS06330	ko:K26061
buo:BRPE64_BCDS06390	ko:K18313
buo:BRPE64_BCDS06400	ko:K01640
buo:BRPE64_BCDS06420	ko:K00925
buo:BRPE64_BCDS06430	ko:K01621
buo:BRPE64_BCDS06440	ko:K03724
buo:BRPE64_BCDS06540	ko:K01420
buo:BRPE64_BCDS06550	ko:K00799
buo:BRPE64_BCDS06570	ko:K05973
buo:BRPE64_BCDS06590	ko:K07638
buo:BRPE64_BCDS06600	ko:K07659
buo:BRPE64_BCDS06650	ko:K27848
buo:BRPE64_BCDS06680	ko:K02055
buo:BRPE64_BCDS06690	ko:K02052
buo:BRPE64_BCDS06700	ko:K02054
buo:BRPE64_BCDS06710	ko:K02053
buo:BRPE64_BCDS06720	ko:K01785
buo:BRPE64_BCDS06750	ko:K07684
buo:BRPE64_BCDS06790	ko:K14205
buo:BRPE64_BCDS06820	ko:K09983
buo:BRPE64_BCDS06840	ko:K07116
buo:BRPE64_BCDS06860	ko:K13574
buo:BRPE64_BCDS06880	ko:K09022
buo:BRPE64_BCDS06900	ko:K07090
buo:BRPE64_BCDS06920	ko:K00481
buo:BRPE64_BCDS07040	ko:K09957
buo:BRPE64_BCDS07050	ko:K01008
buo:BRPE64_BCDS07070	ko:K22044
buo:BRPE64_BCDS07100	ko:K02403
buo:BRPE64_BCDS07110	ko:K02402
buo:BRPE64_BCDS07120	ko:K02336
buo:BRPE64_BCDS07150	ko:K08195
buo:BRPE64_BCDS07170	ko:K08169
buo:BRPE64_BCDS07190	ko:K03717
buo:BRPE64_BCDS07220	ko:K24163
buo:BRPE64_BCDS07250	ko:K05879
buo:BRPE64_BCDS07260	ko:K05878
buo:BRPE64_BCDS07270	ko:K11903
buo:BRPE64_BCDS07310	ko:K01821
buo:BRPE64_BCDS07320	ko:K01781
buo:BRPE64_BCDS07380	ko:K02529
buo:BRPE64_BCDS07390	ko:K07124
buo:BRPE64_BCDS07440	ko:K03791
buo:BRPE64_BCDS07470	ko:K00128
buo:BRPE64_BCDS07480	ko:K00020
buo:BRPE64_BCDS07530	ko:K00146
buo:BRPE64_BCDS07560	ko:K15228
buo:BRPE64_BCDS07590	ko:K15229
buo:BRPE64_BCDS07600	ko:K04033
buo:BRPE64_BCDS07610	ko:K00484
buo:BRPE64_BCDS07630	ko:K13485
buo:BRPE64_BCDS07660	ko:K07127
buo:BRPE64_BCDS07670	ko:K07127
buo:BRPE64_BCDS07680	ko:K03746
buo:BRPE64_BCDS07700	ko:K04063
buo:BRPE64_BCDS07760	ko:K07305
buo:BRPE64_BCDS07780	ko:K07304
buo:BRPE64_BCDS07800	ko:K05596
buo:BRPE64_BCDS07830	ko:K00077
buo:BRPE64_BCDS07860	ko:K03594
buo:BRPE64_BCDS07870	ko:K24158
buo:BRPE64_BCDS07880	ko:K03294
buo:BRPE64_BCDS07900	ko:K00612
buo:BRPE64_BCDS07930	ko:K01026
buo:BRPE64_BCDS07940	ko:K03549
buo:BRPE64_BCDS07960	ko:K01996
buo:BRPE64_BCDS07970	ko:K01995
buo:BRPE64_BCDS07970	ko:K01998
buo:BRPE64_BCDS07980	ko:K01997
buo:BRPE64_BCDS07990	ko:K01999
buo:BRPE64_BCDS08020	ko:K03088
buo:BRPE64_BCDS08030	ko:K03651
buo:BRPE64_BCDS08050	ko:K00457
buo:BRPE64_BCDS08110	ko:K09803
buo:BRPE64_BCDS08130	ko:K11004
buo:BRPE64_BCDS08150	ko:K11003
buo:BRPE64_BCDS08170	ko:K18139
buo:BRPE64_BCDS08230	ko:K07168
buo:BRPE64_BCDS08250	ko:K03281
buo:BRPE64_BCDS08300	ko:K19745
buo:BRPE64_BCDS08310	ko:K03406
buo:BRPE64_BCDS08380	ko:K07275
buo:BRPE64_BCDS08450	ko:K00384
buo:BRPE64_BCDS08470	ko:K02274
buo:BRPE64_BCDS08480	ko:K02275
buo:BRPE64_BCDS08530	ko:K12266
buo:BRPE64_BCDS08540	ko:K05916
buo:BRPE64_BCDS08570	ko:K07234
buo:BRPE64_BCDS08600	ko:K08177
buo:BRPE64_BCDS08630	ko:K10823
buo:BRPE64_BCDS08640	ko:K15583
buo:BRPE64_BCDS08650	ko:K15582
buo:BRPE64_BCDS08660	ko:K15581
buo:BRPE64_BCDS08670	ko:K15580
buo:BRPE64_BCDS08690	ko:K04750
buo:BRPE64_BCDS08700	ko:K00059
buo:BRPE64_BCDS08710	ko:K00681
buo:BRPE64_BCDS08720	ko:K06901
buo:BRPE64_BCDS08760	ko:K02431
buo:BRPE64_BCDS08770	ko:K06987
buo:BRPE64_BCDS08790	ko:K10013
buo:BRPE64_BCDS08800	ko:K07300
buo:BRPE64_BCDS08830	ko:K21883
buo:BRPE64_BCDS08840	ko:K18336
buo:BRPE64_BCDS08860	ko:K04063
buo:BRPE64_BCDS08900	ko:K02841
buo:BRPE64_BCDS08910	ko:K07054
buo:BRPE64_BCDS08930	ko:K00425
buo:BRPE64_BCDS08940	ko:K00426
buo:BRPE64_BCDS08960	ko:K07089
buo:BRPE64_BCDS08970	ko:K06917
buo:BRPE64_BCDS08980	ko:K03735
buo:BRPE64_BCDS08990	ko:K21405
buo:BRPE64_BCDS09040	ko:K05936
buo:BRPE64_BCDS09050	ko:K05895
buo:BRPE64_BCDS09060	ko:K02188
buo:BRPE64_BCDS09070	ko:K00595
buo:BRPE64_BCDS09080	ko:K02229
buo:BRPE64_BCDS09090	ko:K06042
buo:BRPE64_BCDS09100	ko:K03394
buo:BRPE64_BCDS09110	ko:K13541
buo:BRPE64_BCDS09120	ko:K13580
buo:BRPE64_BCDS09130	ko:K03405
buo:BRPE64_BCDS09140	ko:K02230
buo:BRPE64_BCDS09150	ko:K02234
buo:BRPE64_BCDS09160	ko:K02189
buo:BRPE64_BCDS09190	ko:K19221
buo:BRPE64_BCDS09200	ko:K02224
buo:BRPE64_BCDS09210	ko:K06938
buo:BRPE64_BCDS09290	ko:K19743
buo:BRPE64_BCDS09300	ko:K22468
buo:BRPE64_BCDS09320	ko:K18903
buo:BRPE64_BCDS09330	ko:K18902
buo:BRPE64_BCDS09340	ko:K18901
buo:BRPE64_BCDS09360	ko:K18900
buo:BRPE64_BCDS09400	ko:K00525
buo:BRPE64_BCDS09410	ko:K03753
buo:BRPE64_BCDS09430	ko:K05712
buo:BRPE64_BCDS09450	ko:K09705
buo:BRPE64_BCDS09460	ko:K02030
buo:BRPE64_BCDS09480	ko:K18199
buo:BRPE64_BCDS09510	ko:K15785
buo:BRPE64_BCDS09520	ko:K15786
buo:BRPE64_BCDS09530	ko:K15782
buo:BRPE64_BCDS09540	ko:K15784
buo:BRPE64_BCDS09550	ko:K15783
buo:BRPE64_BCDS09570	ko:K01754
buo:BRPE64_BCDS09590	ko:K02030
buo:BRPE64_BCDS09600	ko:K02029
buo:BRPE64_BCDS09610	ko:K02029
buo:BRPE64_BCDS09620	ko:K02028
buo:BRPE64_BCDS09630	ko:K22747
buo:BRPE64_BCDS09700	ko:K03320
buo:BRPE64_BCDS09710	ko:K07100
buo:BRPE64_BCDS09720	ko:K00163
buo:BRPE64_BCDS09730	ko:K03719
buo:BRPE64_BCDS09740	ko:K03442
buo:BRPE64_BCDS09780	ko:K03496
buo:BRPE64_BCDS09800	ko:K10112
buo:BRPE64_BCDS09810	ko:K02026
buo:BRPE64_BCDS09820	ko:K02025
buo:BRPE64_BCDS09830	ko:K02027
buo:BRPE64_BCDS09850	ko:K18334
buo:BRPE64_BCDS09860	ko:K00988
buo:BRPE64_BCDS09980	ko:K05797
buo:BRPE64_BCDS10010	ko:K03427
buo:BRPE64_BCDS10020	ko:K01153
buo:BRPE64_BCDS10030	ko:K10844
buo:BRPE64_BCDS10050	ko:K09990
buo:BRPE64_BCDS10060	ko:K01497
buo:BRPE64_BCDS10070	ko:K06988
buo:BRPE64_BCDS10080	ko:K24119
buo:BRPE64_BCDS10090	ko:K03387
buo:BRPE64_BCDS10120	ko:K00598
buo:BRPE64_BCDS10140	ko:K13877
buo:BRPE64_BCDS10170	ko:K07080
buo:BRPE64_BCDS10180	ko:K00375
buo:BRPE64_BCDS10270	ko:K09964
buo:BRPE64_BCDS10280	ko:K03701
buo:BRPE64_BCDS10310	ko:K07246
buo:BRPE64_BCDS10320	ko:K06987
buo:BRPE64_BCDS10330	ko:K10013
buo:BRPE64_BCDS10340	ko:K14057
buo:BRPE64_BCDS10360	ko:K02651
buo:BRPE64_BCDS10370	ko:K02278
buo:BRPE64_BCDS10380	ko:K02279
buo:BRPE64_BCDS10390	ko:K02280
buo:BRPE64_BCDS10400	ko:K02281
buo:BRPE64_BCDS10410	ko:K02282
buo:BRPE64_BCDS10420	ko:K02283
buo:BRPE64_BCDS10430	ko:K12510
buo:BRPE64_BCDS10440	ko:K12511
buo:BRPE64_BCDS10460	ko:K12513
buo:BRPE64_BCDS10510	ko:K03652
buo:BRPE64_BCDS10520	ko:K01999
buo:BRPE64_BCDS10530	ko:K01996
buo:BRPE64_BCDS10540	ko:K01995
buo:BRPE64_BCDS10550	ko:K01997
buo:BRPE64_BCDS10550	ko:K01998
buo:BRPE64_BCDS10610	ko:K01915
buo:BRPE64_BCDS10620	ko:K12256
buo:BRPE64_BCDS10660	ko:K03535
buo:BRPE64_BCDS10690	ko:K04750
buo:BRPE64_BCDS10710	ko:K01495
buo:BRPE64_BCDS10720	ko:K00640
buo:BRPE64_BCDS10790	ko:K01053
buo:BRPE64_BCDS10800	ko:K13877
buo:BRPE64_BCDS10830	ko:K01420
buo:BRPE64_BCDS10850	ko:K02014
buo:BRPE64_BCDS10900	ko:K04564
buo:BRPE64_BCDS10920	ko:K00121
buo:BRPE64_BCDS10970	ko:K18302
buo:BRPE64_BCDS10980	ko:K18303
buo:BRPE64_BCDS11030	ko:K02048
buo:BRPE64_BCDS11040	ko:K07002
buo:BRPE64_BCDS11050	ko:K03710
buo:BRPE64_BCDS11080	ko:K15553
buo:BRPE64_BCDS11090	ko:K15554
buo:BRPE64_BCDS11100	ko:K15555
buo:BRPE64_BCDS11130	ko:K01687
buo:BRPE64_BCDS11150	ko:K01916
buo:BRPE64_BCDS11200	ko:K03833
buo:BRPE64_BCDS11210	ko:K01042
buo:BRPE64_BCDS11220	ko:K02380
buo:BRPE64_BCDS11230	ko:K00127
buo:BRPE64_BCDS11240	ko:K00124
buo:BRPE64_BCDS11250	ko:K00123
buo:BRPE64_BCDS11260	ko:K00123
buo:BRPE64_BCDS11290	ko:K07058
buo:BRPE64_BCDS11320	ko:K07395
buo:BRPE64_BCDS11360	ko:K02342
buo:BRPE64_BCDS11370	ko:K00059
buo:BRPE64_BCDS11380	ko:K18900
buo:BRPE64_BCDS11410	ko:K01115
buo:BRPE64_BCDS11420	ko:K03281
buo:BRPE64_BCDS11470	ko:K11444
buo:BRPE64_BCDS11480	ko:K13491
buo:BRPE64_BCDS11490	ko:K13490
buo:BRPE64_BCDS11500	ko:K13489
buo:BRPE64_BCDS11510	ko:K13486
buo:BRPE64_BCDS11520	ko:K13488
buo:BRPE64_BCDS11530	ko:K13487
buo:BRPE64_BCDS11540	ko:K13985
buo:BRPE64_BCDS11570	ko:K22185
buo:BRPE64_BCDS11580	ko:K22186
buo:BRPE64_BCDS11590	ko:K06145
buo:BRPE64_BCDS11620	ko:K01434
buo:BRPE64_BCDS11650	ko:K01114
buo:BRPE64_BCDS11660	ko:K01993
buo:BRPE64_BCDS11670	ko:K01990
buo:BRPE64_BCDS11680	ko:K01992
buo:BRPE64_BCDS11730	ko:K10440
buo:BRPE64_BCDS11740	ko:K10441
buo:BRPE64_BCDS11750	ko:K10439
buo:BRPE64_BCDS11760	ko:K13075
buo:BRPE64_BCDS11770	ko:K27838
buo:BRPE64_BCDS11830	ko:K17752
buo:BRPE64_BCDS11840	ko:K17762
buo:BRPE64_BCDS11850	ko:K17763
buo:BRPE64_BCDS11860	ko:K02483
buo:BRPE64_BCDS11880	ko:K24206
buo:BRPE64_BCDS11900	ko:K07493
buo:BRPE64_BCDS11920	ko:K07493
buo:BRPE64_BCDS11970	ko:K07345
buo:BRPE64_BCDS11980	ko:K11896
buo:BRPE64_BCDS12000	ko:K14059
buo:BRPE64_BCDS12030	ko:K03086
buo:BRPE64_BCDS12040	ko:K02316
buo:BRPE64_BCDS12050	ko:K09117
buo:BRPE64_BCDS12080	ko:K25706
buo:BRPE64_BCDS12120	ko:K09007
buo:BRPE64_BCDS12130	ko:K01662
buo:BRPE64_BCDS12140	ko:K00795
buo:BRPE64_BCDS12150	ko:K03602
buo:BRPE64_BCDS12170	ko:K01011
buo:BRPE64_BCDS12180	ko:K01061
buo:BRPE64_BCDS12200	ko:K03885
buo:BRPE64_BCDS12210	ko:K02335
buo:BRPE64_BCDS12240	ko:K01241
buo:BRPE64_BCDS12260	ko:K02204
buo:BRPE64_BCDS12280	ko:K23775
buo:BRPE64_BCDS12290	ko:K04063
buo:BRPE64_BCDS12340	ko:K02019
buo:BRPE64_BCDS12360	ko:K03306
buo:BRPE64_BCDS12430	ko:K03168
buo:BRPE64_BCDS12480	ko:K00703
buo:BRPE64_BCDS12490	ko:K16147
buo:BRPE64_BCDS12500	ko:K05343
buo:BRPE64_BCDS12510	ko:K00700
buo:BRPE64_BCDS12520	ko:K01214
buo:BRPE64_BCDS12530	ko:K01236
buo:BRPE64_BCDS12540	ko:K00705
buo:BRPE64_BCDS12550	ko:K06044
buo:BRPE64_BCDS12560	ko:K03699
buo:BRPE64_BCDS12680	ko:K16692
buo:BRPE64_BCDS12700	ko:K03772
buo:BRPE64_BCDS12720	ko:K10764
buo:BRPE64_BCDS12730	ko:K00764
buo:BRPE64_BCDS12750	ko:K03558
buo:BRPE64_BCDS12760	ko:K03749
buo:BRPE64_BCDS12770	ko:K11754
buo:BRPE64_BCDS12780	ko:K01963
buo:BRPE64_BCDS12790	ko:K01695
buo:BRPE64_BCDS12800	ko:K00571
buo:BRPE64_BCDS12810	ko:K01696
buo:BRPE64_BCDS12820	ko:K01817
buo:BRPE64_BCDS12830	ko:K06173
buo:BRPE64_BCDS12840	ko:K08086
buo:BRPE64_BCDS12850	ko:K00133
buo:BRPE64_BCDS12870	ko:K00052
buo:BRPE64_BCDS12880	ko:K01704
buo:BRPE64_BCDS12890	ko:K01703
buo:BRPE64_BCDS12910	ko:K07171
buo:BRPE64_BCDS12920	ko:K01647
buo:BRPE64_BCDS12930	ko:K09159
buo:BRPE64_BCDS12940	ko:K00240
buo:BRPE64_BCDS12950	ko:K00239
buo:BRPE64_BCDS12960	ko:K00242
buo:BRPE64_BCDS12970	ko:K00241
buo:BRPE64_BCDS12980	ko:K03710
buo:BRPE64_BCDS12990	ko:K00024
buo:BRPE64_BCDS13000	ko:K01644
buo:BRPE64_BCDS13010	ko:K01659
buo:BRPE64_BCDS13030	ko:K01720
buo:BRPE64_BCDS13040	ko:K27802
buo:BRPE64_BCDS13090	ko:K00135
buo:BRPE64_BCDS13140	ko:K07665
buo:BRPE64_BCDS13150	ko:K07644
buo:BRPE64_BCDS13160	ko:K00384
buo:BRPE64_BCDS13180	ko:K22025
buo:BRPE64_BCDS13190	ko:K22131
buo:BRPE64_BCDS13200	ko:K22130
buo:BRPE64_BCDS13210	ko:K21948
buo:BRPE64_BCDS13220	ko:K08319
buo:BRPE64_BCDS13240	ko:K03671
buo:BRPE64_BCDS13270	ko:K07240
buo:BRPE64_BCDS13280	ko:K07240
buo:BRPE64_BCDS13290	ko:K00077
buo:BRPE64_BCDS13310	ko:K00033
buo:BRPE64_BCDS13360	ko:K10439
buo:BRPE64_BCDS13370	ko:K10440
buo:BRPE64_BCDS13380	ko:K10441
buo:BRPE64_BCDS13390	ko:K05499
buo:BRPE64_BCDS13410	ko:K00626
buo:BRPE64_BCDS13450	ko:K01999
buo:BRPE64_BCDS13460	ko:K03566
buo:BRPE64_BCDS13470	ko:K14287
buo:BRPE64_BCDS13480	ko:K10013
buo:BRPE64_BCDS13490	ko:K07171
buo:BRPE64_BCDS13510	ko:K03446
buo:BRPE64_BCDS13520	ko:K07448
buo:BRPE64_BCDS13580	ko:K17686
buo:BRPE64_BCDS13590	ko:K17735
buo:BRPE64_BCDS13600	ko:K27837
buo:BRPE64_BCDS13610	ko:K02002
buo:BRPE64_BCDS13630	ko:K01907
buo:BRPE64_BCDS13640	ko:K17736
buo:BRPE64_BCDS13650	ko:K08720
buo:BRPE64_BCDS13670	ko:K02002
buo:BRPE64_BCDS13680	ko:K01133
buo:BRPE64_BCDS13700	ko:K01433
buo:BRPE64_BCDS13720	ko:K01046
buo:BRPE64_BCDS13730	ko:K02002
buo:BRPE64_BCDS13740	ko:K21832
buo:BRPE64_BCDS13750	ko:K00479
buo:BRPE64_BCDS13760	ko:K25961
buo:BRPE64_BCDS13770	ko:K25960
buo:BRPE64_BCDS13780	ko:K21834
buo:BRPE64_BCDS13790	ko:K21833
buo:BRPE64_BCDS13810	ko:K01273
buo:BRPE64_BCDS13820	ko:K00600
buo:BRPE64_BCDS13840	ko:K21826
buo:BRPE64_BCDS13860	ko:K00148
buo:BRPE64_BCDS13870	ko:K02167
buo:BRPE64_BCDS13880	ko:K00130
buo:BRPE64_BCDS13890	ko:K00108
buo:BRPE64_BCDS13910	ko:K28762
buo:BRPE64_BCDS13920	ko:K01633
buo:BRPE64_BCDS13930	ko:K00305
buo:BRPE64_BCDS13940	ko:K00302
buo:BRPE64_BCDS13950	ko:K00304
buo:BRPE64_BCDS13960	ko:K00303
buo:BRPE64_BCDS13970	ko:K01752
buo:BRPE64_BCDS14010	ko:K02002
buo:BRPE64_BCDS14020	ko:K21826
buo:BRPE64_BCDS14030	ko:K02001
buo:BRPE64_BCDS14040	ko:K02000
buo:BRPE64_BCDS14070	ko:K07507
buo:BRPE64_BCDS14090	ko:K05874
buo:BRPE64_BCDS14110	ko:K18336
buo:BRPE64_BCDS14120	ko:K18335
buo:BRPE64_BCDS14130	ko:K07046
buo:BRPE64_BCDS14140	ko:K00064
buo:BRPE64_BCDS14150	ko:K16850
buo:BRPE64_BCDS14170	ko:K02057
buo:BRPE64_BCDS14180	ko:K02056
buo:BRPE64_BCDS14190	ko:K10439
buo:BRPE64_BCDS14220	ko:K09181
buo:BRPE64_BrRNA00010	ko:K01985
buo:BRPE64_BrRNA00020	ko:K01980
buo:BRPE64_BrRNA00030	ko:K01977
buo:BRPE64_BtRNA00010	ko:K14237
buo:BRPE64_BtRNA00020	ko:K14218
buo:BRPE64_BtRNA00030	ko:K14227
buo:BRPE64_BtRNA00040	ko:K14230
buo:BRPE64_CCDS00040	ko:K03496
buo:BRPE64_CCDS00050	ko:K03497
buo:BRPE64_CCDS00060	ko:K02014
buo:BRPE64_CCDS00130	ko:K13936
buo:BRPE64_CCDS00150	ko:K07506
buo:BRPE64_CCDS00170	ko:K05898
buo:BRPE64_CCDS00180	ko:K08738
buo:BRPE64_CCDS00220	ko:K00128
buo:BRPE64_CCDS00230	ko:K00217
buo:BRPE64_CCDS00240	ko:K04098
buo:BRPE64_CCDS00270	ko:K02056
buo:BRPE64_CCDS00280	ko:K02057
buo:BRPE64_CCDS00290	ko:K02058
buo:BRPE64_CCDS00310	ko:K06194
buo:BRPE64_CCDS00320	ko:K03642
buo:BRPE64_CCDS00360	ko:K02444
buo:BRPE64_CCDS00370	ko:K00864
buo:BRPE64_CCDS00380	ko:K00111
buo:BRPE64_CCDS00420	ko:K01187
buo:BRPE64_CCDS00430	ko:K08191
buo:BRPE64_CCDS00440	ko:K01759
buo:BRPE64_CCDS00490	ko:K02051
buo:BRPE64_CCDS00500	ko:K02050
buo:BRPE64_CCDS00510	ko:K02049
buo:BRPE64_CCDS00520	ko:K28692
buo:BRPE64_CCDS00530	ko:K28693
buo:BRPE64_CCDS00550	ko:K01941
buo:BRPE64_CCDS00560	ko:K01457
buo:BRPE64_CCDS00570	ko:K26731
buo:BRPE64_CCDS00610	ko:K03781
buo:BRPE64_CCDS00630	ko:K00375
buo:BRPE64_CCDS00680	ko:K00625
buo:BRPE64_CCDS00690	ko:K03852
buo:BRPE64_CCDS00730	ko:K09882
buo:BRPE64_CCDS00740	ko:K09883
buo:BRPE64_CCDS00760	ko:K03307
buo:BRPE64_CCDS00780	ko:K07256
buo:BRPE64_CCDS00790	ko:K07255
buo:BRPE64_CCDS00800	ko:K11735
buo:BRPE64_CCDS00820	ko:K15515
buo:BRPE64_CCDS00830	ko:K26005
buo:BRPE64_CCDS00850	ko:K11907
buo:BRPE64_CCDS00910	ko:K11901
buo:BRPE64_CCDS00920	ko:K11900
buo:BRPE64_CCDS00940	ko:K28762
buo:BRPE64_CCDS00950	ko:K00529
buo:BRPE64_CCDS00980	ko:K06989
buo:BRPE64_CCDS00990	ko:K01652
buo:BRPE64_CCDS01070	ko:K05710
buo:BRPE64_CCDS01100	ko:K07090
buo:BRPE64_CCDS01140	ko:K00059
buo:BRPE64_CCDS01200	ko:K00799
buo:BRPE64_CCDS01240	ko:K14189
buo:BRPE64_CCDS01260	ko:K16137
buo:BRPE64_CCDS01270	ko:K03607
buo:BRPE64_CCDS01330	ko:K06987
buo:BRPE64_CCDS01350	ko:K11209
buo:BRPE64_CCDS01390	ko:K03446
buo:BRPE64_CCDS01400	ko:K03543
buo:BRPE64_CCDS01420	ko:K06204
buo:BRPE64_CCDS01440	ko:K03696
buo:BRPE64_CCDS01460	ko:K07223
buo:BRPE64_CCDS01480	ko:K08995
buo:BRPE64_CCDS01500	ko:K03704
buo:BRPE64_CCDS01510	ko:K03719
buo:BRPE64_CCDS01520	ko:K11734
buo:BRPE64_CCDS01540	ko:K03642
buo:BRPE64_CCDS01560	ko:K02483
buo:BRPE64_CCDS01590	ko:K02014
buo:BRPE64_CCDS01610	ko:K02051
buo:BRPE64_CCDS01620	ko:K22303
buo:BRPE64_CCDS01630	ko:K03310
buo:BRPE64_CCDS01640	ko:K01673
buo:BRPE64_CCDS01670	ko:K00241
buo:BRPE64_CCDS01680	ko:K00242
buo:BRPE64_CCDS01690	ko:K00239
buo:BRPE64_CCDS01700	ko:K00240
buo:BRPE64_CCDS01760	ko:K11475
buo:BRPE64_CCDS01770	ko:K02032
buo:BRPE64_CCDS01780	ko:K02031
buo:BRPE64_CCDS01790	ko:K02034
buo:BRPE64_CCDS01800	ko:K02033
buo:BRPE64_CCDS01810	ko:K02035
buo:BRPE64_CCDS01820	ko:K13995
buo:BRPE64_CCDS01900	ko:K08369
buo:BRPE64_CCDS01910	ko:K01644
buo:BRPE64_CCDS02000	ko:K00794
buo:BRPE64_CCDS02070	ko:K19338
buo:BRPE64_CCDS02140	ko:K03772
buo:BRPE64_CCDS02150	ko:K00799
buo:BRPE64_CCDS02160	ko:K01673
buo:BRPE64_CCDS02170	ko:K01725
buo:BRPE64_CCDS02180	ko:K11921
buo:BRPE64_CCDS02190	ko:K03281
buo:BRPE64_CCDS02200	ko:K00029
buo:BRPE64_CCDS02260	ko:K00301
buo:BRPE64_CCDS02280	ko:K16259
buo:BRPE64_CCDS02290	ko:K16258
buo:BRPE64_CCDS02300	ko:K16257
buo:BRPE64_CCDS02310	ko:K16256
buo:BRPE64_CCDS02360	ko:K03746
buo:BRPE64_CCDS02380	ko:K11959
buo:BRPE64_CCDS02390	ko:K11960
buo:BRPE64_CCDS02400	ko:K11961
buo:BRPE64_CCDS02410	ko:K11962
buo:BRPE64_CCDS02420	ko:K11963
buo:BRPE64_CCDS02440	ko:K01999
buo:BRPE64_CCDS02480	ko:K21621
buo:BRPE64_CCDS02490	ko:K16371
buo:BRPE64_CCDS02500	ko:K10440
buo:BRPE64_CCDS02510	ko:K10439
buo:BRPE64_CCDS02520	ko:K10441
buo:BRPE64_CCDS02530	ko:K18910
buo:BRPE64_CCDS02550	ko:K01768
buo:BRPE64_CCDS02590	ko:K03285
buo:BRPE64_CCDS02640	ko:K00059
buo:BRPE64_CCDS02670	ko:K07506
buo:BRPE64_CCDS02700	ko:K09780
buo:BRPE64_CCDS02760	ko:K14977
buo:BRPE64_CCDS02840	ko:K18991
buo:BRPE64_CCDS02870	ko:K03281
buo:BRPE64_CCDS02890	ko:K01703
buo:BRPE64_CCDS02900	ko:K01704
buo:BRPE64_CCDS02910	ko:K00052
buo:BRPE64_CCDS02920	ko:K15553
buo:BRPE64_CCDS02930	ko:K15555
buo:BRPE64_CCDS02940	ko:K15554
buo:BRPE64_CCDS02950	ko:K21883
buo:BRPE64_CCDS02960	ko:K18336
buo:BRPE64_CCDS02970	ko:K15553
buo:BRPE64_CCDS02980	ko:K01053
buo:BRPE64_CCDS03040	ko:K01639
buo:BRPE64_CCDS03050	ko:K00263
buo:BRPE64_CCDS03110	ko:K00355
buo:BRPE64_CCDS03130	ko:K05548
buo:BRPE64_CCDS03180	ko:K00626
buo:BRPE64_CCDS03220	ko:K00799
buo:BRPE64_CCDS03240	ko:K00077
buo:BRPE64_CCDS03250	ko:K11209
buo:BRPE64_CCDS03260	ko:K08137
buo:BRPE64_CCDS03280	ko:K03380
buo:BRPE64_CCDS03290	ko:K22489
buo:BRPE64_CCDS03310	ko:K10439
buo:BRPE64_CCDS03320	ko:K10441
buo:BRPE64_CCDS03330	ko:K10440
buo:BRPE64_CCDS03340	ko:K10440
buo:BRPE64_CCDS03350	ko:K01053
buo:BRPE64_CCDS03360	ko:K10439
buo:BRPE64_CCDS03380	ko:K13936
buo:BRPE64_CCDS03420	ko:K00156
buo:BRPE64_CCDS03490	ko:K02433
buo:BRPE64_CCDS03500	ko:K16137
buo:BRPE64_CCDS03530	ko:K00145
buo:BRPE64_CCDS03560	ko:K06147
buo:BRPE64_CCDS03580	ko:K15977
buo:BRPE64_CCDS03620	ko:K00875
buo:BRPE64_CCDS03630	ko:K00039
buo:BRPE64_CCDS03640	ko:K10544
buo:BRPE64_CCDS03650	ko:K10545
buo:BRPE64_CCDS03660	ko:K10543
buo:BRPE64_CCDS03680	ko:K03594
buo:BRPE64_CCDS03700	ko:K11103
buo:BRPE64_CCDS03710	ko:K02020
buo:BRPE64_CCDS03720	ko:K03288
buo:BRPE64_CCDS03760	ko:K02030
buo:BRPE64_CCDS03770	ko:K02029
buo:BRPE64_CCDS03780	ko:K02029
buo:BRPE64_CCDS03790	ko:K02028
buo:BRPE64_CCDS03830	ko:K00046
buo:BRPE64_CCDS03850	ko:K08323
buo:BRPE64_CCDS03860	ko:K01053
buo:BRPE64_CCDS03870	ko:K26399
buo:BRPE64_CCDS03880	ko:K08191
buo:BRPE64_CCDS03890	ko:K18981
buo:BRPE64_CCDS03930	ko:K01714
buo:BRPE64_CCDS04160	ko:K06221
buo:BRPE64_CCDS04300	ko:K01026
buo:BRPE64_CCDS04310	ko:K01652
buo:BRPE64_CCDS04340	ko:K11927
buo:BRPE64_CCDS04380	ko:K00681
buo:BRPE64_CCDS04390	ko:K28762
buo:BRPE64_CCDS04410	ko:K08196
buo:BRPE64_CCDS04430	ko:K03549
buo:BRPE64_CCDS04450	ko:K00615
buo:BRPE64_CCDS04460	ko:K00615
buo:BRPE64_CCDS04480	ko:K11688
buo:BRPE64_CCDS04490	ko:K21393
buo:BRPE64_CCDS04500	ko:K00615
buo:BRPE64_CCDS04510	ko:K00018
buo:BRPE64_CCDS04520	ko:K00020
buo:BRPE64_CCDS04570	ko:K11910
buo:BRPE64_CCDS04580	ko:K11891
buo:BRPE64_CCDS04590	ko:K11892
buo:BRPE64_CCDS04600	ko:K11893
buo:BRPE64_CCDS04640	ko:K11904
buo:BRPE64_CCDS04680	ko:K11907
buo:BRPE64_CCDS04690	ko:K11895
buo:BRPE64_CCDS04700	ko:K11896
buo:BRPE64_CCDS04710	ko:K11905
buo:BRPE64_CCDS04720	ko:K11903
buo:BRPE64_CCDS04730	ko:K11900
buo:BRPE64_CCDS04740	ko:K11901
buo:BRPE64_CCDS04760	ko:K06378
buo:BRPE64_CCDS04770	ko:K11903
buo:BRPE64_CCDS04780	ko:K04749
buo:BRPE64_CCDS04850	ko:K09667
buo:BRPE64_CCDS04860	ko:K01637
buo:BRPE64_CCDS04880	ko:K07002
buo:BRPE64_CCDS04910	ko:K20034
buo:BRPE64_CCDS04930	ko:K00344
buo:BRPE64_CCDS05050	ko:K01214
buo:BRPE64_CCDS05060	ko:K00688
buo:BRPE64_CCDS05080	ko:K22044
buo:BRPE64_CCDS05100	ko:K07152
buo:BRPE64_CCDS05110	ko:K04618
buo:BRPE64_CCDS05230	ko:K03666
buo:BRPE64_CCDS05280	ko:K01167
buo:BRPE64_CCDS05300	ko:K00325
buo:BRPE64_CCDS05310	ko:K00324
buo:BRPE64_CCDS05340	ko:K07749
buo:BRPE64_CCDS05350	ko:K01577
buo:BRPE64_CCDS05370	ko:K08177
buo:BRPE64_CCDS05420	ko:K07667
buo:BRPE64_CCDS05430	ko:K07646
buo:BRPE64_CCDS05440	ko:K01548
buo:BRPE64_CCDS05450	ko:K01547
buo:BRPE64_CCDS05460	ko:K01546
buo:BRPE64_CCDS05480	ko:K10441
buo:BRPE64_CCDS05490	ko:K10440
buo:BRPE64_CCDS05500	ko:K10439
buo:BRPE64_CCDS05510	ko:K13876
buo:BRPE64_CCDS05530	ko:K00097
buo:BRPE64_CCDS05540	ko:K08194
buo:BRPE64_CCDS05550	ko:K25260
buo:BRPE64_CCDS05600	ko:K21699
buo:BRPE64_CCDS05620	ko:K06995
buo:BRPE64_CCDS05640	ko:K12255
buo:BRPE64_CCDS05650	ko:K00130
buo:BRPE64_CCDS05660	ko:K21703
buo:BRPE64_CCDS05670	ko:K03885
buo:BRPE64_CCDS05690	ko:K02030
buo:BRPE64_CCDS05700	ko:K02029
buo:BRPE64_CCDS05710	ko:K02028
buo:BRPE64_CCDS05720	ko:K09975
buo:BRPE64_CCDS05730	ko:K05603
buo:BRPE64_CCDS05740	ko:K01458
buo:BRPE64_CCDS05760	ko:K07020
buo:BRPE64_CCDS05770	ko:K17324
buo:BRPE64_CCDS05780	ko:K17325
buo:BRPE64_CCDS05790	ko:K17322
buo:BRPE64_CCDS05800	ko:K17323
buo:BRPE64_CCDS05820	ko:K17321
buo:BRPE64_CCDS05860	ko:K24118
buo:BRPE64_CCDS05870	ko:K01130
buo:BRPE64_CCDS05930	ko:K16922
buo:BRPE64_CCDS05950	ko:K01857
buo:BRPE64_CCDS05960	ko:K11103
buo:BRPE64_CCDS05970	ko:K01679
buo:BRPE64_CCDS05990	ko:K11312
buo:BRPE64_CCDS06020	ko:K16137
buo:BRPE64_CCDS06170	ko:K00301
buo:BRPE64_CCDS06180	ko:K10823
buo:BRPE64_CCDS06190	ko:K15583
buo:BRPE64_CCDS06200	ko:K02035
buo:BRPE64_CCDS06210	ko:K02034
buo:BRPE64_CCDS06220	ko:K02033
buo:BRPE64_CCDS06270	ko:K12972
buo:BRPE64_CCDS06310	ko:K07246
buo:BRPE64_CCDS06320	ko:K00135
buo:BRPE64_CCDS06340	ko:K06995
buo:BRPE64_CCDS06380	ko:K22550
buo:BRPE64_CCDS06390	ko:K02031
buo:BRPE64_CCDS06390	ko:K02032
buo:BRPE64_CCDS06400	ko:K02034
buo:BRPE64_CCDS06410	ko:K02033
buo:BRPE64_CCDS06420	ko:K02035
buo:BRPE64_CCDS06440	ko:K01560
buo:BRPE64_CCDS06450	ko:K00128
buo:BRPE64_CCDS06470	ko:K02035
buo:BRPE64_CCDS06490	ko:K03566
buo:BRPE64_CCDS06520	ko:K02055
buo:BRPE64_CCDS06530	ko:K02052
buo:BRPE64_CCDS06540	ko:K02054
buo:BRPE64_CCDS06550	ko:K02053
buo:BRPE64_CCDS06560	ko:K24955
buo:BRPE64_CCDS06580	ko:K24954
buo:BRPE64_CCDS06610	ko:K03566
buo:BRPE64_CCDS06620	ko:K19670
buo:BRPE64_CCDS06630	ko:K07783
buo:BRPE64_CCDS06640	ko:K24116
buo:BRPE64_CCDS06680	ko:K02624
buo:BRPE64_CCDS06690	ko:K02182
buo:BRPE64_CCDS06700	ko:K02053
buo:BRPE64_CCDS06700	ko:K02054
buo:BRPE64_CCDS06710	ko:K02052
buo:BRPE64_CCDS06720	ko:K02055
buo:BRPE64_CCDS06750	ko:K00641
buo:BRPE64_CCDS06760	ko:K00121
buo:BRPE64_CCDS06780	ko:K29125
buo:BRPE64_CCDS06790	ko:K08191
buo:BRPE64_CCDS06810	ko:K02052
buo:BRPE64_CCDS06820	ko:K02053
buo:BRPE64_CCDS06830	ko:K02054
buo:BRPE64_CCDS06840	ko:K02055
buo:BRPE64_CCDS06860	ko:K03324
buo:BRPE64_CCDS06870	ko:K08482
buo:BRPE64_CCDS06940	ko:K03446
buo:BRPE64_CCDS06950	ko:K03543
buo:BRPE64_CCDS06960	ko:K18139
buo:BRPE64_CCDS07000	ko:K07303
buo:BRPE64_CCDS07010	ko:K07302
buo:BRPE64_CCDS07020	ko:K03566
buo:BRPE64_CCDS07040	ko:K07045
buo:BRPE64_CCDS07050	ko:K07045
buo:BRPE64_CCDS07070	ko:K03186
buo:BRPE64_CCDS07090	ko:K24206
buo:BRPE64_CCDS07110	ko:K01799
buo:BRPE64_CCDS07130	ko:K00799
buo:BRPE64_CCDS07140	ko:K11741
buo:BRPE64_CCDS07160	ko:K03798
buo:BRPE64_CCDS07210	ko:K28556
buo:BRPE64_CCDS07220	ko:K04118
buo:BRPE64_CCDS07230	ko:K07516
buo:BRPE64_CCDS07270	ko:K18240
buo:BRPE64_CCDS07280	ko:K18918
buo:BRPE64_CCDS07330	ko:K02052
buo:BRPE64_CCDS07340	ko:K02055
buo:BRPE64_CCDS07350	ko:K02054
buo:BRPE64_CCDS07360	ko:K02053
buo:BRPE64_CCDS07380	ko:K23536
buo:BRPE64_CCDS07390	ko:K23535
buo:BRPE64_CCDS07400	ko:K23537
buo:BRPE64_CCDS07410	ko:K07335
buo:BRPE64_CCDS07440	ko:K01426
buo:BRPE64_CCDS07460	ko:K19837
buo:BRPE64_CCDS07480	ko:K00128
buo:BRPE64_CCDS07540	ko:K23508
buo:BRPE64_CCDS07550	ko:K10820
buo:BRPE64_CCDS07560	ko:K23509
buo:BRPE64_CCDS07570	ko:K23509
buo:BRPE64_CCDS07600	ko:K06016
buo:BRPE64_CCDS07680	ko:K01779
buo:BRPE64_CCDS07690	ko:K01464
buo:BRPE64_CCDS07700	ko:K01459
buo:BRPE64_CCDS07810	ko:K01738
buo:BRPE64_CCDS07850	ko:K03574
buo:BRPE64_CCDS07930	ko:K01999
buo:BRPE64_CCDS07940	ko:K01777
buo:BRPE64_CCDS07990	ko:K00059
buo:BRPE64_CCDS08030	ko:K03566
buo:BRPE64_CCDS08130	ko:K23467
buo:BRPE64_CCDS08140	ko:K01438
buo:BRPE64_CCDS08170	ko:K07222
buo:BRPE64_CCDS08210	ko:K02052
buo:BRPE64_CCDS08220	ko:K02055
buo:BRPE64_CCDS08230	ko:K02054
buo:BRPE64_CCDS08240	ko:K02053
buo:BRPE64_CCDS08270	ko:K09913
buo:BRPE64_CCDS08300	ko:K01505
buo:BRPE64_CCDS08320	ko:K05366
buo:BRPE64_CCDS08380	ko:K21826
buo:BRPE64_CCDS08390	ko:K03980
buo:BRPE64_CCDS08460	ko:K16692
buo:BRPE64_CCDS08520	ko:K01114
buo:BRPE64_DCDS00010	ko:K03496
buo:BRPE64_DCDS00020	ko:K03497
buo:BRPE64_DCDS00040	ko:K03086
buo:BRPE64_DCDS00070	ko:K05874
buo:BRPE64_DCDS00080	ko:K11209
buo:BRPE64_DCDS00120	ko:K21405
buo:BRPE64_DCDS00140	ko:K21416
buo:BRPE64_DCDS00150	ko:K21417
buo:BRPE64_DCDS00160	ko:K00627
buo:BRPE64_DCDS00240	ko:K02017
buo:BRPE64_DCDS00250	ko:K02018
buo:BRPE64_DCDS00260	ko:K02020
buo:BRPE64_DCDS00270	ko:K13766
buo:BRPE64_DCDS00280	ko:K00799
buo:BRPE64_DCDS00340	ko:K06077
buo:BRPE64_DCDS00410	ko:K11688
buo:BRPE64_DCDS00420	ko:K21393
buo:BRPE64_DCDS00440	ko:K00058
buo:BRPE64_DCDS00450	ko:K18982
buo:BRPE64_DCDS00480	ko:K00574
buo:BRPE64_DCDS00490	ko:K09701
buo:BRPE64_DCDS00500	ko:K06954
buo:BRPE64_DCDS00510	ko:K03098
buo:BRPE64_DCDS00520	ko:K00574
buo:BRPE64_DCDS00550	ko:K03088
buo:BRPE64_DCDS00560	ko:K07117
buo:BRPE64_DCDS00640	ko:K01640
buo:BRPE64_DCDS00660	ko:K08369
buo:BRPE64_DCDS00710	ko:K03285
buo:BRPE64_DCDS00720	ko:K11354
buo:BRPE64_DCDS00780	ko:K07248
buo:BRPE64_DCDS00790	ko:K26602
buo:BRPE64_DCDS00800	ko:K01684
buo:BRPE64_DCDS00820	ko:K03566
buo:BRPE64_DCDS00830	ko:K03566
buo:BRPE64_DCDS00840	ko:K08368
buo:BRPE64_DCDS00850	ko:K00135
buo:BRPE64_DCDS00860	ko:K23107
buo:BRPE64_DCDS00870	ko:K10713
buo:BRPE64_DCDS00910	ko:K15554
buo:BRPE64_DCDS00920	ko:K15555
buo:BRPE64_DCDS00930	ko:K15553
buo:BRPE64_DCDS00940	ko:K07774
buo:BRPE64_DCDS00950	ko:K07649
buo:BRPE64_DCDS00970	ko:K02779
buo:BRPE64_DCDS00980	ko:K23993
buo:BRPE64_DCDS01050	ko:K21062
buo:BRPE64_DCDS01060	ko:K12658
buo:BRPE64_DCDS01160	ko:K00375
buo:BRPE64_DCDS01190	ko:K10713
buo:BRPE64_DCDS01200	ko:K03782
buo:BRPE64_DCDS01240	ko:K08369
buo:BRPE64_DCDS01290	ko:K03786
buo:BRPE64_DCDS01300	ko:K01895
buo:BRPE64_DCDS01310	ko:K03446
buo:BRPE64_DCDS01330	ko:K17103
buo:BRPE64_DCDS01450	ko:K03786
buo:BRPE64_DCDS01480	ko:K11734
buo:BRPE64_DCDS01490	ko:K00832
buo:BRPE64_DCDS01530	ko:K00117
buo:BRPE64_DCDS01590	ko:K23242
buo:BRPE64_DCDS01610	ko:K01775
buo:BRPE64_DCDS01630	ko:K07217
buo:BRPE64_DCDS01650	ko:K22024
buo:BRPE64_DCDS01660	ko:K22129
buo:BRPE64_DCDS01670	ko:K02526
buo:BRPE64_DCDS01680	ko:K03436
buo:BRPE64_DCDS01750	ko:K03710
buo:BRPE64_DCDS01760	ko:K00899
buo:BRPE64_DCDS01770	ko:K08963
buo:BRPE64_DCDS01780	ko:K01628
buo:BRPE64_DCDS01790	ko:K10439
buo:BRPE64_DCDS01800	ko:K10441
buo:BRPE64_DCDS01810	ko:K10440
buo:BRPE64_DCDS01820	ko:K05878
buo:BRPE64_DCDS01830	ko:K05879
buo:BRPE64_DCDS01870	ko:K27838
buo:BRPE64_DCDS01890	ko:K12368
buo:BRPE64_DCDS01900	ko:K08295
buo:BRPE64_DCDS01920	ko:K01075
buo:BRPE64_DCDS01970	ko:K09461
buo:BRPE64_DCDS01990	ko:K00384
buo:BRPE64_DCDS02050	ko:K09983
buo:BRPE64_DCDS02070	ko:K27838
buo:BRPE64_DCDS02100	ko:K02003
buo:BRPE64_DCDS02110	ko:K02004
buo:BRPE64_DCDS02160	ko:K05375
buo:BRPE64_DCDS02180	ko:K10829
buo:BRPE64_DCDS02190	ko:K23228
buo:BRPE64_DCDS02200	ko:K13255
buo:BRPE64_DCDS02210	ko:K23227
buo:BRPE64_DCDS02220	ko:K06160
buo:BRPE64_DCDS02260	ko:K10531
buo:BRPE64_DCDS02270	ko:K02014
buo:BRPE64_DCDS02290	ko:K03896
buo:BRPE64_DCDS02300	ko:K00043
buo:BRPE64_DCDS02320	ko:K08717
buo:BRPE64_DCDS02340	ko:K01821
buo:BRPE64_DCDS02350	ko:K01638
buo:BRPE64_DCDS02380	ko:K11177
buo:BRPE64_DCDS02390	ko:K11178
buo:BRPE64_DCDS02400	ko:K13483
buo:BRPE64_DCDS02550	ko:K00138
buo:BRPE64_DCDS02560	ko:K09959
buo:BRPE64_DCDS02580	ko:K20034
buo:BRPE64_DCDS02600	ko:K11209
buo:BRPE64_DCDS02610	ko:K00799
buo:BRPE64_DCDS02620	ko:K00355
buo:BRPE64_DCDS02640	ko:K01999
buo:BRPE64_DCDS02650	ko:K01997
buo:BRPE64_DCDS02660	ko:K01998
buo:BRPE64_DCDS02720	ko:K01785
buo:BRPE64_DCDS02740	ko:K01626
buo:BRPE64_DCDS02770	ko:K03762
buo:BRPE64_DCDS02790	ko:K23509
buo:BRPE64_DCDS02800	ko:K23509
buo:BRPE64_DCDS02810	ko:K10820
buo:BRPE64_DCDS02820	ko:K23508
buo:BRPE64_DCDS02830	ko:K02529
buo:BRPE64_DCDS02850	ko:K01785
buo:BRPE64_DCDS02910	ko:K21929
buo:BRPE64_DCDS02940	ko:K06131
buo:BRPE64_DCDS02950	ko:K21023
buo:BRPE64_DCDS02970	ko:K03446
buo:BRPE64_DCDS03040	ko:K02651
buo:BRPE64_DCDS03050	ko:K02278
buo:BRPE64_DCDS03060	ko:K12513
buo:BRPE64_DCDS03070	ko:K02279
buo:BRPE64_DCDS03080	ko:K02280
buo:BRPE64_DCDS03090	ko:K02282
buo:BRPE64_DCDS03100	ko:K02283
buo:BRPE64_DCDS03110	ko:K12510
buo:BRPE64_DCDS03120	ko:K12511
buo:BRPE64_DCDS03130	ko:K27079
buo:BRPE64_DCDS03150	ko:K27080
buo:BRPE64_DCDS03180	ko:K27078
buo:BRPE64_DCDS03190	ko:K07347
buo:BRPE64_DCDS03200	ko:K07346
buo:BRPE64_DCDS03210	ko:K27078
buo:BRPE64_DCDS03240	ko:K10111
buo:BRPE64_DCDS03250	ko:K02027
buo:BRPE64_DCDS03260	ko:K02025
buo:BRPE64_DCDS03270	ko:K02026
buo:BRPE64_DCDS03280	ko:K11531
buo:BRPE64_DCDS03300	ko:K05351
buo:BRPE64_DCDS03340	ko:K02012
buo:BRPE64_DCDS03360	ko:K15060
buo:BRPE64_DCDS03390	ko:K21607
buo:BRPE64_DCDS03430	ko:K18068
buo:BRPE64_DCDS03480	ko:K02049
buo:BRPE64_DCDS03490	ko:K02051
buo:BRPE64_DCDS03520	ko:K19333
buo:BRPE64_DCDS03530	ko:K15765
buo:BRPE64_DCDS03540	ko:K04102
buo:BRPE64_DCDS03550	ko:K22736
buo:BRPE64_DCDS03560	ko:K18069
buo:BRPE64_DCDS03570	ko:K18067
buo:BRPE64_DCDS03590	ko:K15060
buo:BRPE64_DCDS03610	ko:K07793
buo:BRPE64_DCDS03640	ko:K04102
buo:BRPE64_DCDS03650	ko:K07240
buo:BRPE64_DCDS03660	ko:K07240
buo:BRPE64_DCDS03670	ko:K00344
buo:BRPE64_DCDS03690	ko:K07302
buo:BRPE64_DCDS03700	ko:K07303
buo:BRPE64_DCDS03710	ko:K06150
buo:BRPE64_DCDS03750	ko:K03746
buo:BRPE64_DCDS03760	ko:K01426
buo:BRPE64_DCDS03780	ko:K03307
buo:BRPE64_DCDS03810	ko:K09915
buo:BRPE64_DCDS03880	ko:K23107
buo:BRPE64_DCDS03890	ko:K06132
buo:BRPE64_DCDS03970	ko:K01247
buo:BRPE64_DCDS04010	ko:K00830
buo:BRPE64_DCDS04060	ko:K01715
buo:BRPE64_DCDS04080	ko:K19967
buo:BRPE64_DCDS04110	ko:K02030
buo:BRPE64_DCDS04120	ko:K00114
buo:BRPE64_DCDS04140	ko:K06138
buo:BRPE64_DCDS04150	ko:K21405
buo:BRPE64_DCDS04160	ko:K05835
buo:BRPE64_DCDS04200	ko:K00040
buo:BRPE64_DCDS04210	ko:K08323
buo:BRPE64_DCDS04230	ko:K00098
buo:BRPE64_DCDS04240	ko:K08191
buo:BRPE64_DCDS04260	ko:K07246
buo:BRPE64_DCDS04280	ko:K02005
buo:BRPE64_DCDS04290	ko:K02003
buo:BRPE64_DCDS04300	ko:K02004
buo:BRPE64_DCDS04310	ko:K02004
buo:BRPE64_DCDS04340	ko:K01114
buo:BRPE64_DCDS04390	ko:K01130
buo:BRPE64_DCDS04410	ko:K13444
buo:BRPE64_DCDS04430	ko:K03924
buo:BRPE64_DCDS04460	ko:K07114
buo:BRPE64_DCDS04470	ko:K07114
buo:BRPE64_DCDS04540	ko:K00615
buo:BRPE64_DCDS04550	ko:K00615
buo:BRPE64_DCDS04620	ko:K03299
buo:BRPE64_DCDS04700	ko:K04063
buo:BRPE64_DCDS04710	ko:K08195
buo:BRPE64_DCDS04760	ko:K18954
buo:BRPE64_DCDS04770	ko:K01194
buo:BRPE64_DCDS04780	ko:K22622
buo:BRPE64_DCDS04790	ko:K17225
buo:BRPE64_DCDS04800	ko:K01821
buo:BRPE64_DCDS04820	ko:K01560
buo:BRPE64_DCDS04940	ko:K26937
buo:BRPE64_DCDS05040	ko:K07090
buo:BRPE64_DCDS05060	ko:K03704
buo:BRPE64_DCDS05080	ko:K02057
buo:BRPE64_DCDS05090	ko:K10441
buo:BRPE64_DCDS05100	ko:K10439
buo:BRPE64_DCDS05110	ko:K02529
buo:BRPE64_DCDS05120	ko:K09702
buo:BRPE64_DCDS05200	ko:K02529
buo:BRPE64_DCDS05220	ko:K05710
buo:BRPE64_DCDS05230	ko:K03406
buo:BRPE64_DCDS05250	ko:K08191
buo:BRPE64_DCDS05260	ko:K02529
buo:BRPE64_DCDS05270	ko:K18981
buo:BRPE64_DCDS05290	ko:K13021
buo:BRPE64_DCDS05310	ko:K18981
buo:BRPE64_DCDS05320	ko:K02029
buo:BRPE64_DCDS05330	ko:K02029
buo:BRPE64_DCDS05340	ko:K02028
buo:BRPE64_DCDS05350	ko:K02030
buo:BRPE64_DCDS05360	ko:K00156
buo:BRPE64_DCDS05430	ko:K03453
buo:BRPE64_DCDS05470	ko:K09768
buo:BRPE64_DCDS05490	ko:K01706
buo:BRPE64_DCDS05550	ko:K15553
buo:BRPE64_DCDS05560	ko:K04091
buo:BRPE64_DCDS05570	ko:K15554
buo:BRPE64_DCDS05580	ko:K15555
buo:BRPE64_DCDS05590	ko:K00299
buo:BRPE64_DCDS05620	ko:K06995
buo:BRPE64_DCDS05650	ko:K01619
buo:BRPE64_DCDS05660	ko:K00128
buo:BRPE64_DCDS05670	ko:K02431
buo:BRPE64_DCDS05680	ko:K00852
buo:BRPE64_DCDS05690	ko:K02057
buo:BRPE64_DCDS05700	ko:K02058
buo:BRPE64_DCDS05710	ko:K02056
buo:BRPE64_DCDS05720	ko:K02057
buo:BRPE64_DCDS05730	ko:K11534
buo:BRPE64_DCDS05750	ko:K12510
buo:BRPE64_DCDS05840	ko:K05710
buo:BRPE64_DCDS05850	ko:K00529
buo:BRPE64_DCDS05860	ko:K16319
buo:BRPE64_DCDS05870	ko:K16320
buo:BRPE64_DCDS05880	ko:K03520
buo:BRPE64_DCDS05890	ko:K03519
buo:BRPE64_DCDS05910	ko:K14333
buo:BRPE64_DCDS05920	ko:K01799
buo:BRPE64_DCDS05930	ko:K15357
buo:BRPE64_DCDS05940	ko:K18028
buo:BRPE64_DCDS05950	ko:K13995
buo:BRPE64_DCDS05990	ko:K05782
buo:BRPE64_DCDS06070	ko:K06016
buo:BRPE64_DCDS06090	ko:K02517
buo:BRPE64_DCDS06130	ko:K14986
buo:BRPE64_DCDS06220	ko:K00647
buo:BRPE64_DCDS06230	ko:K09458
buo:BRPE64_DCDS06240	ko:K00059
buo:BRPE64_DCDS06260	ko:K00647
buo:BRPE64_DCDS06290	ko:K07107
buo:BRPE64_DCDS06300	ko:K01745
buo:BRPE64_DCDS06340	ko:K02078
buo:BRPE64_DCDS06350	ko:K02078
buo:BRPE64_DCDS06430	ko:K26064
buo:BRPE64_DCDS06450	ko:K09936
buo:BRPE64_DCDS06460	ko:K03893
buo:BRPE64_DCDS06540	ko:K00311
buo:BRPE64_DCDS06590	ko:K00128
buo:BRPE64_DCDS06610	ko:K03285
buo:BRPE64_DCDS06660	ko:K12508
buo:BRPE64_DCDS06670	ko:K00255
buo:BRPE64_DCDS06710	ko:K00059
buo:BRPE64_DCDS06740	ko:K01796
buo:BRPE64_DCDS06780	ko:K00249
buo:BRPE64_DCDS06810	ko:K28225
buo:BRPE64_DCDS06830	ko:K00255
buo:BRPE64_DCDS06840	ko:K03556
buo:BRPE64_DCDS06870	ko:K00355
buo:BRPE64_DCDS06910	ko:K01647
buo:BRPE64_DCDS06920	ko:K08195
buo:BRPE64_DCDS06960	ko:K03885
buo:BRPE64_DCDS06990	ko:K02052
buo:BRPE64_DCDS07000	ko:K02054
buo:BRPE64_DCDS07010	ko:K02053
buo:BRPE64_DCDS07050	ko:K02055
buo:BRPE64_DCDS07090	ko:K04102
buo:BRPE64_DCDS07100	ko:K18067
buo:BRPE64_DCDS07110	ko:K18068
buo:BRPE64_DCDS07120	ko:K18069
buo:BRPE64_DCDS07130	ko:K18070
buo:BRPE64_DCDS07170	ko:K03566
buo:BRPE64_DCDS07190	ko:K07262
buo:BRPE64_DCDS07200	ko:K08161
buo:BRPE64_DCDS07230	ko:K04063
buo:BRPE64_DCDS07270	ko:K02483
buo:BRPE64_DCDS07320	ko:K07274
buo:BRPE64_DCDS07340	ko:K00059
buo:BRPE64_DCDS07350	ko:K02078
buo:BRPE64_DCDS07440	ko:K00647
buo:BRPE64_DCDS07470	ko:K03183
buo:BRPE64_DCDS07530	ko:K01704
buo:BRPE64_DCDS07540	ko:K01703
buo:BRPE64_DCDS07550	ko:K02050
buo:BRPE64_DCDS07570	ko:K02049
buo:BRPE64_DCDS07580	ko:K02051
buo:BRPE64_DCDS07620	ko:K16516
buo:BRPE64_DCDS07650	ko:K03088
buo:BRPE64_DCDS07680	ko:K01673
buo:BRPE64_DCDS07750	ko:K03701
buo:BRPE64_DCDS07780	ko:K00249
buo:BRPE64_DCDS07810	ko:K01192
buo:BRPE64_DCDS07820	ko:K13873
buo:BRPE64_DCDS07830	ko:K13876
buo:BRPE64_DCDS07850	ko:K13875
buo:BRPE64_DCDS07870	ko:K04090
buo:BRPE64_DCDS07900	ko:K18902
buo:BRPE64_DCDS07920	ko:K00799
buo:BRPE64_DCDS08010	ko:K18700
buo:BRPE64_DCDS08020	ko:K21393
buo:BRPE64_DCDS08030	ko:K11688
buo:BRPE64_DCDS08060	ko:K00043
buo:BRPE64_DCDS08080	ko:K06934
buo:BRPE64_DCDS08110	ko:K06222
buo:BRPE64_DCDS08170	ko:K00375
buo:BRPE64_DCDS08180	ko:K07734
buo:BRPE64_DCDS08190	ko:K21023
buo:BRPE64_DCDS08220	ko:K00596
buo:BRPE64_DCDS08230	ko:K01467
buo:BRPE64_DCDS08240	ko:K17850
buo:BRPE64_DCDS08260	ko:K06075
buo:BRPE64_DCDS08310	ko:K11474
buo:BRPE64_DCDS08320	ko:K00104
buo:BRPE64_DCDS08330	ko:K11472
buo:BRPE64_DCDS08340	ko:K11473
buo:BRPE64_DCDS08370	ko:K09958
buo:BRPE64_DCDS08380	ko:K00433
buo:BRPE64_DCDS08430	ko:K05548
buo:BRPE64_DCDS08440	ko:K03464
buo:BRPE64_DCDS08450	ko:K01856
buo:BRPE64_DCDS08460	ko:K21757
buo:BRPE64_DCDS08470	ko:K03381
buo:BRPE64_DCDS08480	ko:K05549
buo:BRPE64_DCDS08490	ko:K05550
buo:BRPE64_DCDS08500	ko:K05784
buo:BRPE64_DCDS08510	ko:K05783
buo:BRPE64_DCDS08520	ko:K19777
buo:BRPE64_DCDS08530	ko:K03576
buo:BRPE64_DCDS08540	ko:K00549
buo:BRPE64_DCDS08650	ko:K21405
buo:BRPE64_DCDS08660	ko:K01999
buo:BRPE64_DCDS08690	ko:K01912
buo:BRPE64_DCDS08730	ko:K18900
buo:BRPE64_DCDS08770	ko:K03639
buo:BRPE64_DCDS08790	ko:K00425
buo:BRPE64_DCDS08800	ko:K00426
buo:BRPE64_DCDS08810	ko:K02073
buo:BRPE64_DCDS08850	ko:K00002
buo:BRPE64_DCDS08950	ko:K01652
buo:BRPE64_DCDS08970	ko:K03649
buo:BRPE64_DCDS09000	ko:K03446
buo:BRPE64_DCDS09010	ko:K03543
buo:BRPE64_DCDS09020	ko:K18904
buo:BRPE64_DCDS09040	ko:K07506
buo:BRPE64_DCDS09050	ko:K18138
buo:BRPE64_DCDS09060	ko:K03585
buo:BRPE64_DCDS09070	ko:K18139
buo:BRPE64_DCDS09200	ko:K03566
buo:BRPE64_DCDS09210	ko:K23247
buo:BRPE64_DCDS09220	ko:K01559
buo:BRPE64_DCDS09230	ko:K23245
buo:BRPE64_DCDS09300	ko:K04750
buo:BRPE64_DCDS09310	ko:K07001
buo:BRPE64_DCDS09320	ko:K00019
buo:BRPE64_DCDS09330	ko:K01574
buo:BRPE64_DCDS09380	ko:K05846
buo:BRPE64_DCDS09390	ko:K05847
buo:BRPE64_DCDS09400	ko:K05846
buo:BRPE64_DCDS09410	ko:K05845
buo:BRPE64_DCDS09470	ko:K21826
buo:BRPE64_DCDS09510	ko:K19736
buo:BRPE64_DCDS09530	ko:K01560
buo:BRPE64_DCDS09560	ko:K00344
buo:BRPE64_DCDS09640	ko:K11209
buo:BRPE64_DCDS09650	ko:K16844
buo:BRPE64_DCDS09660	ko:K11103
buo:BRPE64_DCDS09670	ko:K16846
buo:BRPE64_DCDS09680	ko:K16845
buo:BRPE64_DCDS09690	ko:K03710
buo:BRPE64_DCDS09770	ko:K00135
buo:BRPE64_DCDS09780	ko:K14393
buo:BRPE64_DCDS09810	ko:K03585
buo:BRPE64_DCDS09820	ko:K18138
buo:BRPE64_DCDS09830	ko:K18139
buo:BRPE64_DCDS09840	ko:K03808
buo:BRPE64_DCDS09850	ko:K06192
buo:BRPE64_DCDS09860	ko:K09857
buo:BRPE64_DCDS09870	ko:K00925
buo:BRPE64_DCDS09880	ko:K00625
buo:BRPE64_DCDS09890	ko:K03321
buo:BRPE64_DCDS09900	ko:K22468
buo:BRPE64_DCDS09940	ko:K03778
buo:BRPE64_DCDS09950	ko:K07085
buo:BRPE64_DCDS09970	ko:K06016
buo:BRPE64_DCDS09990	ko:K07124
buo:BRPE64_DCDS10020	ko:K16053
buo:BRPE64_DCDS10030	ko:K00873
buo:BRPE64_DCDS10040	ko:K16135
buo:BRPE64_DCDS10050	ko:K16135
buo:BRPE64_DCDS10060	ko:K13021
buo:BRPE64_DCDS10070	ko:K01673
buo:BRPE64_DCDS10080	ko:K01501
buo:BRPE64_DCDS10120	ko:K05817
buo:BRPE64_DCDS10130	ko:K01708
buo:BRPE64_DCDS10140	ko:K01707
buo:BRPE64_DCDS10150	ko:K03535
buo:BRPE64_DCDS10190	ko:K01118
buo:BRPE64_DCDS10200	ko:K00375
buo:BRPE64_DCDS10230	ko:K01184
buo:BRPE64_DCDS10250	ko:K07093
buo:BRPE64_DCDS10390	ko:K05874
buo:BRPE64_DCDS10430	ko:K02020
buo:BRPE64_DCDS10440	ko:K10218
buo:BRPE64_DCDS10450	ko:K10220
buo:BRPE64_DCDS10460	ko:K08195
buo:BRPE64_DCDS10470	ko:K04099
buo:BRPE64_DCDS10500	ko:K15555
buo:BRPE64_DCDS10510	ko:K15554
buo:BRPE64_DCDS10520	ko:K15554
buo:BRPE64_DCDS10530	ko:K15553
buo:BRPE64_DCDS10540	ko:K22303
buo:BRPE64_DCDS10550	ko:K00459
buo:BRPE64_DCDS10570	ko:K00140
buo:BRPE64_DCDS10600	ko:K03885
buo:BRPE64_DCDS10610	ko:K01623
buo:BRPE64_DCDS10630	ko:K01286
buo:BRPE64_DCDS10660	ko:K00801
buo:BRPE64_DCDS10670	ko:K03642
buo:BRPE64_DCDS10680	ko:K00963
buo:BRPE64_DCDS10740	ko:K01711
buo:BRPE64_DCDS10750	ko:K22252
buo:BRPE64_DCDS10810	ko:K16692
buo:BRPE64_DCDS10820	ko:K01991
buo:BRPE64_DCDS10830	ko:K25307
buo:BRPE64_DCDS10840	ko:K00012
buo:BRPE64_DCDS10870	ko:K16011
buo:BRPE64_DCDS10920	ko:K22296
buo:BRPE64_DCDS10930	ko:K22296
buo:BRPE64_DCDS10940	ko:K18030
buo:BRPE64_DCDS10950	ko:K18029
buo:BRPE64_DCDS10960	ko:K14974
buo:BRPE64_DCDS10970	ko:K01799
buo:BRPE64_DCDS10980	ko:K15357
buo:BRPE64_DCDS10990	ko:K18028
buo:BRPE64_DCDS11000	ko:K13995
buo:BRPE64_DCDS11020	ko:K18030
buo:BRPE64_DCDS11040	ko:K00799
buo:BRPE64_DCDS11070	ko:K03426
buo:BRPE64_DCDS11090	ko:K06145
buo:BRPE64_DCDS11120	ko:K05595
buo:BRPE64_DCDS11140	ko:K21087
buo:BRPE64_DCDS11180	ko:K01847
buo:BRPE64_DCDS11200	ko:K07222
buo:BRPE64_DCDS11230	ko:K07123
buo:BRPE64_DCDS11260	ko:K01501
buo:BRPE64_DCDS11320	ko:K11740
buo:BRPE64_DCDS11340	ko:K01791
buo:BRPE64_DCDS11360	ko:K11811
buo:BRPE64_DCDS11370	ko:K00537
buo:BRPE64_DCDS11380	ko:K03325
buo:BRPE64_DCDS11390	ko:K03741
buo:BRPE64_DCDS11410	ko:K03892
buo:BRPE64_DCDS11490	ko:K03300
buo:BRPE64_DCDS11510	ko:K13979
buo:BRPE64_DCDS11570	ko:K02571
buo:BRPE64_DCDS11580	ko:K02570
buo:BRPE64_DCDS11590	ko:K02567
buo:BRPE64_DCDS11600	ko:K02568
buo:BRPE64_DCDS11610	ko:K02569
buo:BRPE64_DCDS11620	ko:K02193
buo:BRPE64_DCDS11630	ko:K02194
buo:BRPE64_DCDS11640	ko:K02195
buo:BRPE64_DCDS11660	ko:K02197
buo:BRPE64_DCDS11670	ko:K02198
buo:BRPE64_DCDS11680	ko:K02199
buo:BRPE64_DCDS11690	ko:K02200
buo:BRPE64_DCDS11700	ko:K02200
buo:BRPE64_DCDS11720	ko:K00459
buo:BRPE64_DCDS11750	ko:K02010
buo:BRPE64_DCDS11760	ko:K02011
buo:BRPE64_DCDS11770	ko:K08195
buo:BRPE64_DCDS11780	ko:K00523
buo:BRPE64_DCDS11800	ko:K16320
buo:BRPE64_DCDS11810	ko:K16319
buo:BRPE64_DCDS11820	ko:K02624
buo:BRPE64_DCDS11830	ko:K02297
buo:BRPE64_DCDS11840	ko:K02298
buo:BRPE64_DCDS11850	ko:K02299
buo:BRPE64_DCDS11860	ko:K02300
buo:BRPE64_DCDS11880	ko:K05913
buo:BRPE64_DCDS11910	ko:K19333
buo:BRPE64_DCDS11920	ko:K03688
buo:BRPE64_DCDS12000	ko:K10439
buo:BRPE64_DCDS12020	ko:K08968
buo:BRPE64_DCDS12040	ko:K10441
buo:BRPE64_DCDS12050	ko:K10440
buo:BRPE64_DCDS12060	ko:K10439
buo:BRPE64_DCDS12090	ko:K15790
buo:BRPE64_DCDS12100	ko:K02019
buo:BRPE64_DCDS12120	ko:K00382
buo:BRPE64_DCDS12170	ko:K00023
buo:BRPE64_DCDS12180	ko:K00626
buo:BRPE64_DCDS12210	ko:K03322
buo:BRPE64_ECDS00020	ko:K03496
buo:BRPE64_ECDS00030	ko:K03497
buo:BRPE64_ECDS00100	ko:K01999
buo:BRPE64_ECDS00110	ko:K01997
buo:BRPE64_ECDS00120	ko:K01998
buo:BRPE64_ECDS00130	ko:K01995
buo:BRPE64_ECDS00140	ko:K01996
buo:BRPE64_ECDS00160	ko:K11381
buo:BRPE64_ECDS00180	ko:K00627
buo:BRPE64_ECDS00190	ko:K00382
buo:BRPE64_ECDS00200	ko:K00059
buo:BRPE64_ECDS00330	ko:K09983
buo:BRPE64_ECDS00340	ko:K03671
buo:BRPE64_ECDS00360	ko:K07232
buo:BRPE64_ECDS00400	ko:K18900
buo:BRPE64_ECDS00420	ko:K00135
buo:BRPE64_ECDS00520	ko:K16137
buo:BRPE64_ECDS00560	ko:K05275
buo:BRPE64_ECDS00650	ko:K16137
buo:BRPE64_ECDS00680	ko:K00632
buo:BRPE64_ECDS00690	ko:K00384
buo:BRPE64_ECDS00710	ko:K16137
buo:BRPE64_ECDS00730	ko:K00059
buo:BRPE64_ECDS00750	ko:K01118
buo:BRPE64_ECDS00870	ko:K02433
buo:BRPE64_ECDS00880	ko:K01999
buo:BRPE64_ECDS01010	ko:K10680
buo:BRPE64_ECDS01030	ko:K03566
buo:BRPE64_ECDS01040	ko:K10004
buo:BRPE64_ECDS01050	ko:K02029
buo:BRPE64_ECDS01060	ko:K02029
buo:BRPE64_ECDS01070	ko:K02030
buo:BRPE64_ECDS01080	ko:K02052
buo:BRPE64_ECDS01090	ko:K02053
buo:BRPE64_ECDS01100	ko:K02054
buo:BRPE64_ECDS01110	ko:K02055
buo:BRPE64_ECDS01130	ko:K00130
buo:BRPE64_ECDS01140	ko:K01652
buo:BRPE64_ECDS01170	ko:K08173
buo:BRPE64_ECDS01180	ko:K00014
buo:BRPE64_ECDS01190	ko:K00032
buo:BRPE64_ECDS01210	ko:K00046
buo:BRPE64_ECDS01250	ko:K02030
buo:BRPE64_ECDS01260	ko:K02029
buo:BRPE64_ECDS01310	ko:K06158
buo:BRPE64_ECDS01370	ko:K03285
buo:BRPE64_ECDS01420	ko:K05337
buo:BRPE64_ECDS01430	ko:K00529
buo:BRPE64_ECDS01450	ko:K07048
buo:BRPE64_ECDS01490	ko:K06978
buo:BRPE64_ECDS01540	ko:K13021
buo:BRPE64_ECDS01550	ko:K01426
buo:BRPE64_ECDS01570	ko:K14057
buo:BRPE64_ECDS01580	ko:K03294
buo:BRPE64_ECDS01600	ko:K01951
buo:BRPE64_ECDS01630	ko:K20807
buo:BRPE64_ECDS01640	ko:K01721
buo:BRPE64_ECDS01700	ko:K10013
buo:BRPE64_ECDS01710	ko:K10017
buo:BRPE64_ECDS01720	ko:K10015
buo:BRPE64_ECDS01730	ko:K10016
buo:BRPE64_ECDS01740	ko:K06987
buo:BRPE64_ECDS01760	ko:K11717
buo:BRPE64_ECDS01770	ko:K09969
buo:BRPE64_ECDS01800	ko:K07483
buo:BRPE64_ECDS01920	ko:K02472
buo:BRPE64_ECDS01930	ko:K01791
buo:BRPE64_ECDS01950	ko:K10107
buo:BRPE64_ECDS01960	ko:K09689
buo:BRPE64_ECDS01970	ko:K09688
buo:BRPE64_ECDS01980	ko:K01991
buo:BRPE64_ECDS02000	ko:K02535
buo:BRPE64_ECDS02070	ko:K07484
buo:BRPE64_ECDS02080	ko:K07484
buo:BRPE64_ECDS02090	ko:K07483
buo:BRPE64_ECDS02130	ko:K00059
buo:BRPE64_ECDS02160	ko:K08195
buo:BRPE64_ECDS02290	ko:K28520
buo:BRPE64_ECDS02300	ko:K08195
buo:BRPE64_ECDS02330	ko:K07010
buo:BRPE64_ECDS02340	ko:K00529
buo:BRPE64_ECDS02350	ko:K04755
buo:BRPE64_ECDS02360	ko:K01915
buo:BRPE64_ECDS02380	ko:K11475
buo:BRPE64_ECDS02420	ko:K01745
buo:BRPE64_ECDS02470	ko:K06988
buo:BRPE64_ECDS02500	ko:K10007
buo:BRPE64_ECDS02510	ko:K10006
buo:BRPE64_ECDS02520	ko:K10005
buo:BRPE64_ECDS02530	ko:K10008
buo:BRPE64_ECDS02560	ko:K08369
buo:BRPE64_ECDS02570	ko:K13021
buo:BRPE64_ECDS02580	ko:K18982
buo:BRPE64_ECDS02600	ko:K00058
buo:BRPE64_ECDS02620	ko:K09983
buo:BRPE64_ECDS02720	ko:K14393
buo:BRPE64_ECDS02790	ko:K01714
buo:BRPE64_ECDS02800	ko:K01628
buo:BRPE64_ECDS02820	ko:K01996
buo:BRPE64_ECDS02830	ko:K00375
buo:BRPE64_ECDS02850	ko:K11209
buo:BRPE64_ECDS02910	ko:K26937
buo:BRPE64_ECDS03040	ko:K00567
buo:BRPE64_ECDS03050	ko:K00626
buo:BRPE64_ECDS03110	ko:K03671
buo:BRPE64_ECDS03120	ko:K03676
buo:BRPE64_ECDS03160	ko:K02106
buo:BRPE64_ECDS03170	ko:K00799
buo:BRPE64_ECDS03200	ko:K02336
buo:BRPE64_ECDS03210	ko:K18900
buo:BRPE64_ECDS03230	ko:K01246
