burk:DM992_00025	ko:K02535
burk:DM992_00045	ko:K07265
burk:DM992_00050	ko:K10107
burk:DM992_00055	ko:K09688
burk:DM992_00060	ko:K09689
burk:DM992_00120	ko:K01991
burk:DM992_00125	ko:K01710
burk:DM992_00130	ko:K00067
burk:DM992_00135	ko:K00973
burk:DM992_00145	ko:K01790
burk:DM992_00155	ko:K07266
burk:DM992_00160	ko:K03442
burk:DM992_00165	ko:K03975
burk:DM992_00170	ko:K03572
burk:DM992_00175	ko:K00791
burk:DM992_00180	ko:K18476
burk:DM992_00185	ko:K08151
burk:DM992_00195	ko:K01933
burk:DM992_00200	ko:K10763
burk:DM992_00205	ko:K28842
burk:DM992_00210	ko:K00970
burk:DM992_00215	ko:K00950
burk:DM992_00225	ko:K00606
burk:DM992_00230	ko:K03342
burk:DM992_00235	ko:K03686
burk:DM992_00245	ko:K04043
burk:DM992_00255	ko:K03687
burk:DM992_00265	ko:K04762
burk:DM992_00270	ko:K01772
burk:DM992_00275	ko:K03705
burk:DM992_00280	ko:K00858
burk:DM992_00285	ko:K03631
burk:DM992_00300	ko:K11206
burk:DM992_00305	ko:K03568
burk:DM992_00315	ko:K01626
burk:DM992_00320	ko:K05916
burk:DM992_00325	ko:K00798
burk:DM992_00330	ko:K00102
burk:DM992_00335	ko:K00104
burk:DM992_00340	ko:K11472
burk:DM992_00345	ko:K11473
burk:DM992_00350	ko:K06997
burk:DM992_00355	ko:K00286
burk:DM992_00360	ko:K03179
burk:DM992_00365	ko:K03782
burk:DM992_00370	ko:K04761
burk:DM992_00380	ko:K07568
burk:DM992_00385	ko:K00773
burk:DM992_00390	ko:K03210
burk:DM992_00395	ko:K03072
burk:DM992_00400	ko:K03074
burk:DM992_00405	ko:K03797
burk:DM992_00430	ko:K03808
burk:DM992_00435	ko:K03808
burk:DM992_00440	ko:K06192
burk:DM992_00445	ko:K09857
burk:DM992_00460	ko:K25137
burk:DM992_00475	ko:K06996
burk:DM992_00485	ko:K00325
burk:DM992_00490	ko:K00324
burk:DM992_00495	ko:K00324
burk:DM992_00505	ko:K00566
burk:DM992_00525	ko:K01262
burk:DM992_00530	ko:K03185
burk:DM992_00535	ko:K05540
burk:DM992_00540	ko:K03557
burk:DM992_00545	ko:K00602
burk:DM992_00550	ko:K01159
burk:DM992_00555	ko:K03550
burk:DM992_00560	ko:K03551
burk:DM992_00575	ko:K15634
burk:DM992_00580	ko:K07560
burk:DM992_00585	ko:K01866
burk:DM992_00590	ko:K09001
burk:DM992_00595	ko:K15724
burk:DM992_00600	ko:K02996
burk:DM992_00605	ko:K02871
burk:DM992_00615	ko:K07397
burk:DM992_00620	ko:K01978
burk:DM992_00630	ko:K01465
burk:DM992_00645	ko:K10004
burk:DM992_00650	ko:K10002
burk:DM992_00655	ko:K10003
burk:DM992_00660	ko:K10001
burk:DM992_00665	ko:K00261
burk:DM992_00670	ko:K21645
burk:DM992_00675	ko:K01756
burk:DM992_00680	ko:K09471
burk:DM992_00690	ko:K00851
burk:DM992_00695	ko:K03299
burk:DM992_00705	ko:K01625
burk:DM992_00710	ko:K01690
burk:DM992_00720	ko:K19337
burk:DM992_00725	ko:K08973
burk:DM992_00730	ko:K00147
burk:DM992_00735	ko:K02340
burk:DM992_00740	ko:K03643
burk:DM992_00745	ko:K01869
burk:DM992_00750	ko:K03559
burk:DM992_00755	ko:K03561
burk:DM992_00760	ko:K00215
burk:DM992_00765	ko:K06186
burk:DM992_00770	ko:K03711
burk:DM992_00775	ko:K01483
burk:DM992_00780	ko:K01477
burk:DM992_00785	ko:K11103
burk:DM992_00795	ko:K00098
burk:DM992_00800	ko:K00046
burk:DM992_00810	ko:K00134
burk:DM992_00815	ko:K00615
burk:DM992_00820	ko:K00797
burk:DM992_00830	ko:K09761
burk:DM992_00845	ko:K01167
burk:DM992_00850	ko:K00029
burk:DM992_00855	ko:K00946
burk:DM992_00860	ko:K01095
burk:DM992_00865	ko:K03743
burk:DM992_00870	ko:K01591
burk:DM992_00875	ko:K01785
burk:DM992_00880	ko:K22185
burk:DM992_00885	ko:K10538
burk:DM992_00890	ko:K10539
burk:DM992_00895	ko:K10537
burk:DM992_00905	ko:K01631
burk:DM992_00910	ko:K00883
burk:DM992_00935	ko:K03814
burk:DM992_00940	ko:K00014
burk:DM992_00945	ko:K01147
burk:DM992_00950	ko:K07000
burk:DM992_00955	ko:K02558
burk:DM992_00970	ko:K03786
burk:DM992_00975	ko:K02160
burk:DM992_00980	ko:K01961
burk:DM992_00985	ko:K02687
burk:DM992_00995	ko:K11065
burk:DM992_01000	ko:K00856
burk:DM992_01005	ko:K06077
burk:DM992_01020	ko:K00526
burk:DM992_01030	ko:K00525
burk:DM992_01040	ko:K03806
burk:DM992_01045	ko:K06950
burk:DM992_01055	ko:K03106
burk:DM992_01060	ko:K00760
burk:DM992_01070	ko:K01881
burk:DM992_01080	ko:K08311
burk:DM992_01090	ko:K07485
burk:DM992_01100	ko:K00931
burk:DM992_01105	ko:K03979
burk:DM992_01110	ko:K02899
burk:DM992_01115	ko:K02888
burk:DM992_01120	ko:K02523
burk:DM992_01125	ko:K14232
burk:DM992_01130	ko:K03699
burk:DM992_01135	ko:K02652
burk:DM992_01140	ko:K02653
burk:DM992_01145	ko:K02654
burk:DM992_01150	ko:K00859
burk:DM992_01155	ko:K18778
burk:DM992_01160	ko:K09862
burk:DM992_01165	ko:K03574
burk:DM992_01170	ko:K06923
burk:DM992_01175	ko:K00620
burk:DM992_01180	ko:K03070
burk:DM992_01190	ko:K02535
burk:DM992_01195	ko:K24138
burk:DM992_01200	ko:K03531
burk:DM992_01210	ko:K03590
burk:DM992_01215	ko:K03589
burk:DM992_01220	ko:K01921
burk:DM992_01225	ko:K01924
burk:DM992_01230	ko:K02563
burk:DM992_01235	ko:K03588
burk:DM992_01240	ko:K01925
burk:DM992_01245	ko:K01000
burk:DM992_01250	ko:K01929
burk:DM992_01255	ko:K01928
burk:DM992_01260	ko:K03587
burk:DM992_01265	ko:K03586
burk:DM992_01270	ko:K03438
burk:DM992_01275	ko:K03925
burk:DM992_01280	ko:K06134
burk:DM992_01290	ko:K01897
burk:DM992_01305	ko:K01985
burk:DM992_01310	ko:K01980
burk:DM992_01320	ko:K14218
burk:DM992_01325	ko:K14227
burk:DM992_01330	ko:K01977
burk:DM992_01340	ko:K01692
burk:DM992_01350	ko:K07823
burk:DM992_01355	ko:K15866
burk:DM992_01360	ko:K02614
burk:DM992_01365	ko:K01912
burk:DM992_01370	ko:K08304
burk:DM992_01375	ko:K06195
burk:DM992_01385	ko:K01783
burk:DM992_01390	ko:K01091
burk:DM992_01395	ko:K01657
burk:DM992_01400	ko:K01658
burk:DM992_01405	ko:K00766
burk:DM992_01410	ko:K01609
burk:DM992_01420	ko:K03648
burk:DM992_01425	ko:K01118
burk:DM992_01435	ko:K03981
burk:DM992_01440	ko:K18800
burk:DM992_01445	ko:K06942
burk:DM992_01450	ko:K11735
burk:DM992_01465	ko:K03566
burk:DM992_01475	ko:K06020
burk:DM992_01490	ko:K01262
burk:DM992_01500	ko:K02483
burk:DM992_01505	ko:K02492
burk:DM992_01510	ko:K02835
burk:DM992_01515	ko:K02493
burk:DM992_01520	ko:K07390
burk:DM992_01525	ko:K03186
burk:DM992_01530	ko:K15777
burk:DM992_01545	ko:K03704
burk:DM992_01550	ko:K04046
burk:DM992_01575	ko:K09941
burk:DM992_01590	ko:K09946
burk:DM992_01605	ko:K01256
burk:DM992_01625	ko:K16074
burk:DM992_01635	ko:K17733
burk:DM992_01640	ko:K11891
burk:DM992_01645	ko:K11890
burk:DM992_01650	ko:K03286
burk:DM992_01655	ko:K11902
burk:DM992_01660	ko:K11907
burk:DM992_01665	ko:K11895
burk:DM992_01670	ko:K11896
burk:DM992_01675	ko:K11897
burk:DM992_01680	ko:K11903
burk:DM992_01685	ko:K11900
burk:DM992_01690	ko:K11901
burk:DM992_01700	ko:K11906
burk:DM992_01705	ko:K11893
burk:DM992_01710	ko:K11892
burk:DM992_01745	ko:K02424
burk:DM992_01755	ko:K07493
burk:DM992_01765	ko:K07497
burk:DM992_01780	ko:K15125
burk:DM992_01790	ko:K07326
burk:DM992_01795	ko:K01153
burk:DM992_01800	ko:K01154
burk:DM992_01805	ko:K03427
burk:DM992_01810	ko:K03427
burk:DM992_01815	ko:K14060
burk:DM992_01835	ko:K07733
burk:DM992_01875	ko:K06919
burk:DM992_01890	ko:K14234
burk:DM992_01895	ko:K03600
burk:DM992_01900	ko:K03599
burk:DM992_01905	ko:K00413
burk:DM992_01910	ko:K00412
burk:DM992_01915	ko:K00411
burk:DM992_01925	ko:K04772
burk:DM992_01930	ko:K03118
burk:DM992_01935	ko:K03117
burk:DM992_01940	ko:K03116
burk:DM992_01945	ko:K02503
burk:DM992_01955	ko:K01523
burk:DM992_01960	ko:K01496
burk:DM992_01965	ko:K02500
burk:DM992_01970	ko:K01814
burk:DM992_01975	ko:K02501
burk:DM992_01985	ko:K01693
burk:DM992_01990	ko:K00817
burk:DM992_01995	ko:K00013
burk:DM992_02000	ko:K00765
burk:DM992_02005	ko:K00790
burk:DM992_02015	ko:K01992
burk:DM992_02020	ko:K01990
burk:DM992_02025	ko:K07122
burk:DM992_02030	ko:K07323
burk:DM992_02035	ko:K04754
burk:DM992_02040	ko:K02067
burk:DM992_02045	ko:K02066
burk:DM992_02050	ko:K02065
burk:DM992_02055	ko:K00788
burk:DM992_02060	ko:K03149
burk:DM992_02065	ko:K03154
burk:DM992_02070	ko:K03153
burk:DM992_02075	ko:K02471
burk:DM992_02090	ko:K00285
burk:DM992_02095	ko:K01975
burk:DM992_02100	ko:K03310
burk:DM992_02105	ko:K00266
burk:DM992_02110	ko:K00265
burk:DM992_02115	ko:K07491
burk:DM992_02120	ko:K07275
burk:DM992_02125	ko:K01126
burk:DM992_02130	ko:K05816
burk:DM992_02135	ko:K05815
burk:DM992_02140	ko:K05814
burk:DM992_02145	ko:K05813
burk:DM992_02150	ko:K01129
burk:DM992_02155	ko:K01735
burk:DM992_02160	ko:K00891
burk:DM992_02165	ko:K02666
burk:DM992_02170	ko:K02664
burk:DM992_02185	ko:K05366
burk:DM992_02190	ko:K06202
burk:DM992_02200	ko:K17247
burk:DM992_02205	ko:K07147
burk:DM992_02215	ko:K07399
burk:DM992_02225	ko:K03978
burk:DM992_02230	ko:K01698
burk:DM992_02235	ko:K04084
burk:DM992_02240	ko:K03926
burk:DM992_02245	ko:K02879
burk:DM992_02250	ko:K03040
burk:DM992_02255	ko:K02986
burk:DM992_02260	ko:K02948
burk:DM992_02265	ko:K02952
burk:DM992_02270	ko:K02919
burk:DM992_02275	ko:K02518
burk:DM992_02280	ko:K03076
burk:DM992_02285	ko:K02876
burk:DM992_02290	ko:K02907
burk:DM992_02295	ko:K02988
burk:DM992_02300	ko:K02881
burk:DM992_02305	ko:K02933
burk:DM992_02310	ko:K02994
burk:DM992_02315	ko:K02954
burk:DM992_02320	ko:K02931
burk:DM992_02325	ko:K02895
burk:DM992_02330	ko:K02874
burk:DM992_02335	ko:K02961
burk:DM992_02340	ko:K02904
burk:DM992_02345	ko:K02878
burk:DM992_02350	ko:K02982
burk:DM992_02355	ko:K02890
burk:DM992_02360	ko:K02965
burk:DM992_02365	ko:K02886
burk:DM992_02370	ko:K02892
burk:DM992_02375	ko:K02926
burk:DM992_02380	ko:K02906
burk:DM992_02385	ko:K02946
burk:DM992_02390	ko:K02358
burk:DM992_02395	ko:K02355
burk:DM992_02400	ko:K02992
burk:DM992_02405	ko:K02950
burk:DM992_02415	ko:K03654
burk:DM992_02420	ko:K03046
burk:DM992_02425	ko:K03043
burk:DM992_02430	ko:K02935
burk:DM992_02435	ko:K02864
burk:DM992_02440	ko:K02863
burk:DM992_02445	ko:K02867
burk:DM992_02450	ko:K02601
burk:DM992_02455	ko:K03073
burk:DM992_02460	ko:K14235
burk:DM992_02465	ko:K02358
burk:DM992_02470	ko:K14234
burk:DM992_02475	ko:K14225
burk:DM992_02480	ko:K14236
burk:DM992_02485	ko:K01985
burk:DM992_02490	ko:K01980
burk:DM992_02500	ko:K14218
burk:DM992_02505	ko:K14227
burk:DM992_02510	ko:K01977
burk:DM992_02525	ko:K02609
burk:DM992_02530	ko:K02610
burk:DM992_02535	ko:K02611
burk:DM992_02540	ko:K02612
burk:DM992_02545	ko:K02613
burk:DM992_02565	ko:K03719
burk:DM992_02570	ko:K00457
burk:DM992_02580	ko:K04090
burk:DM992_02585	ko:K00029
burk:DM992_02590	ko:K00762
burk:DM992_02600	ko:K03809
burk:DM992_02605	ko:K00145
burk:DM992_02620	ko:K07275
burk:DM992_02635	ko:K05834
burk:DM992_02645	ko:K09122
burk:DM992_02660	ko:K02003
burk:DM992_02665	ko:K02004
burk:DM992_02670	ko:K02004
burk:DM992_02680	ko:K09965
burk:DM992_02685	ko:K03535
burk:DM992_02690	ko:K01706
burk:DM992_02695	ko:K01476
burk:DM992_02710	ko:K07497
burk:DM992_02770	ko:K01501
burk:DM992_02775	ko:K00318
burk:DM992_02815	ko:K14218
burk:DM992_02820	ko:K08738
burk:DM992_02825	ko:K28369
burk:DM992_02830	ko:K03271
burk:DM992_02835	ko:K07460
burk:DM992_02840	ko:K07056
burk:DM992_02845	ko:K03642
burk:DM992_02850	ko:K01069
burk:DM992_02860	ko:K03719
burk:DM992_02870	ko:K03746
burk:DM992_02875	ko:K07226
burk:DM992_02885	ko:K01999
burk:DM992_02890	ko:K00459
burk:DM992_02900	ko:K01426
burk:DM992_02905	ko:K00297
burk:DM992_02910	ko:K08972
burk:DM992_02915	ko:K01251
burk:DM992_02920	ko:K02405
burk:DM992_02925	ko:K04562
burk:DM992_02930	ko:K02404
burk:DM992_02935	ko:K02400
burk:DM992_02940	ko:K02401
burk:DM992_02970	ko:K03414
burk:DM992_02975	ko:K03413
burk:DM992_02980	ko:K03412
burk:DM992_02985	ko:K03411
burk:DM992_02990	ko:K00575
burk:DM992_02995	ko:K05874
burk:DM992_03000	ko:K03408
burk:DM992_03005	ko:K03407
burk:DM992_03010	ko:K03413
burk:DM992_03015	ko:K02557
burk:DM992_03020	ko:K02556
burk:DM992_03025	ko:K02402
burk:DM992_03030	ko:K02403
burk:DM992_03045	ko:K03746
burk:DM992_03050	ko:K06188
burk:DM992_03055	ko:K28854
burk:DM992_03060	ko:K18676
burk:DM992_03065	ko:K01246
burk:DM992_03070	ko:K02970
burk:DM992_03075	ko:K02406
burk:DM992_03080	ko:K02407
burk:DM992_03085	ko:K02423
burk:DM992_03090	ko:K09667
burk:DM992_03095	ko:K09667
burk:DM992_03105	ko:K09667
burk:DM992_03115	ko:K03153
burk:DM992_03130	ko:K02805
burk:DM992_03150	ko:K14219
burk:DM992_03160	ko:K03656
burk:DM992_03180	ko:K00605
burk:DM992_03185	ko:K02437
burk:DM992_03190	ko:K00281
burk:DM992_03200	ko:K01752
burk:DM992_03210	ko:K01652
burk:DM992_03220	ko:K04033
burk:DM992_03225	ko:K07006
burk:DM992_03230	ko:K00138
burk:DM992_03235	ko:K07006
burk:DM992_03250	ko:K03736
burk:DM992_03255	ko:K03735
burk:DM992_03260	ko:K16238
burk:DM992_03270	ko:K13652
burk:DM992_03280	ko:K01534
burk:DM992_03300	ko:K10013
burk:DM992_03305	ko:K14287
burk:DM992_03315	ko:K09456
burk:DM992_03325	ko:K16137
burk:DM992_03330	ko:K00799
burk:DM992_03335	ko:K01999
burk:DM992_03340	ko:K13821
burk:DM992_03345	ko:K04066
burk:DM992_03355	ko:K01599
burk:DM992_03360	ko:K01713
burk:DM992_03375	ko:K00666
burk:DM992_03380	ko:K02114
burk:DM992_03385	ko:K02112
burk:DM992_03390	ko:K02115
burk:DM992_03395	ko:K02111
burk:DM992_03400	ko:K02113
burk:DM992_03405	ko:K02109
burk:DM992_03410	ko:K02110
burk:DM992_03415	ko:K02108
burk:DM992_03420	ko:K02116
burk:DM992_03435	ko:K03497
burk:DM992_03440	ko:K03496
burk:DM992_03445	ko:K03501
burk:DM992_03450	ko:K03495
burk:DM992_03455	ko:K01996
burk:DM992_03460	ko:K01995
burk:DM992_03460	ko:K01998
burk:DM992_03465	ko:K01997
burk:DM992_03470	ko:K01999
burk:DM992_03480	ko:K01998
burk:DM992_03485	ko:K01997
burk:DM992_03490	ko:K01999
burk:DM992_03495	ko:K01996
burk:DM992_03500	ko:K01995
burk:DM992_03520	ko:K03719
burk:DM992_03525	ko:K00500
burk:DM992_03530	ko:K01724
burk:DM992_03540	ko:K02483
burk:DM992_03550	ko:K07117
burk:DM992_03560	ko:K01951
burk:DM992_03570	ko:K06048
burk:DM992_03590	ko:K15461
burk:DM992_03595	ko:K03530
burk:DM992_03610	ko:K02453
burk:DM992_03615	ko:K02454
burk:DM992_03620	ko:K02455
burk:DM992_03625	ko:K02452
burk:DM992_03630	ko:K02456
burk:DM992_03635	ko:K02457
burk:DM992_03640	ko:K02458
burk:DM992_03645	ko:K02459
burk:DM992_03650	ko:K02460
burk:DM992_03655	ko:K02461
burk:DM992_03660	ko:K02462
burk:DM992_03665	ko:K02463
burk:DM992_03670	ko:K18139
burk:DM992_03685	ko:K03446
burk:DM992_03690	ko:K28280
burk:DM992_03695	ko:K28279
burk:DM992_03705	ko:K06518
burk:DM992_03715	ko:K02415
burk:DM992_03720	ko:K02416
burk:DM992_03725	ko:K02417
burk:DM992_03730	ko:K02418
burk:DM992_03735	ko:K02419
burk:DM992_03740	ko:K02420
burk:DM992_03745	ko:K02421
burk:DM992_03770	ko:K07687
burk:DM992_03775	ko:K15553
burk:DM992_03780	ko:K15555
burk:DM992_03785	ko:K15554
burk:DM992_03790	ko:K07649
burk:DM992_03795	ko:K07774
burk:DM992_03805	ko:K07316
burk:DM992_03810	ko:K01156
burk:DM992_03830	ko:K18911
burk:DM992_03845	ko:K03088
burk:DM992_03855	ko:K14237
burk:DM992_03880	ko:K03088
burk:DM992_03885	ko:K03781
burk:DM992_03900	ko:K01977
burk:DM992_03910	ko:K01980
burk:DM992_03915	ko:K01985
burk:DM992_03925	ko:K07497
burk:DM992_03930	ko:K02470
burk:DM992_03935	ko:K02338
burk:DM992_03940	ko:K02313
burk:DM992_03945	ko:K02914
burk:DM992_03950	ko:K03536
burk:DM992_03955	ko:K08998
burk:DM992_03960	ko:K03217
burk:DM992_03970	ko:K03650
burk:DM992_03995	ko:K00657
burk:DM992_04020	ko:K10778
burk:DM992_04025	ko:K01247
burk:DM992_04035	ko:K01919
burk:DM992_04045	ko:K03303
burk:DM992_04055	ko:K01114
burk:DM992_04075	ko:K19670
burk:DM992_04080	ko:K00206
burk:DM992_04090	ko:K02424
burk:DM992_04095	ko:K10009
burk:DM992_04100	ko:K10010
burk:DM992_04120	ko:K14229
burk:DM992_04135	ko:K00058
burk:DM992_04145	ko:K03169
burk:DM992_04155	ko:K04096
burk:DM992_04160	ko:K01462
burk:DM992_04165	ko:K00604
burk:DM992_04175	ko:K03799
burk:DM992_04180	ko:K03500
burk:DM992_04190	ko:K13598
burk:DM992_04195	ko:K13599
burk:DM992_04200	ko:K14231
burk:DM992_04205	ko:K06920
burk:DM992_04210	ko:K10026
burk:DM992_04215	ko:K01737
burk:DM992_04220	ko:K01630
burk:DM992_04230	ko:K05837
burk:DM992_04235	ko:K05515
burk:DM992_04240	ko:K03571
burk:DM992_04245	ko:K03570
burk:DM992_04250	ko:K03569
burk:DM992_04255	ko:K02435
burk:DM992_04260	ko:K02433
burk:DM992_04265	ko:K02434
burk:DM992_04275	ko:K01142
burk:DM992_04280	ko:K13979
burk:DM992_04295	ko:K08218
burk:DM992_04305	ko:K00641
burk:DM992_04315	ko:K05501
burk:DM992_04325	ko:K00930
burk:DM992_04340	ko:K15011
burk:DM992_04345	ko:K15012
burk:DM992_04360	ko:K03667
burk:DM992_04365	ko:K01419
burk:DM992_04370	ko:K06204
burk:DM992_04385	ko:K06969
burk:DM992_04390	ko:K03733
burk:DM992_04395	ko:K09921
burk:DM992_04400	ko:K01778
burk:DM992_04405	ko:K02517
burk:DM992_04410	ko:K00789
burk:DM992_04450	ko:K19265
burk:DM992_04480	ko:K00154
burk:DM992_04500	ko:K02414
burk:DM992_04505	ko:K02413
burk:DM992_04510	ko:K02412
burk:DM992_04515	ko:K02411
burk:DM992_04520	ko:K02410
burk:DM992_04525	ko:K02409
burk:DM992_04530	ko:K02408
burk:DM992_04535	ko:K02422
burk:DM992_04540	ko:K02423
burk:DM992_04550	ko:K04061
burk:DM992_04555	ko:K09939
burk:DM992_04560	ko:K07402
burk:DM992_04565	ko:K03294
burk:DM992_04570	ko:K07689
burk:DM992_04580	ko:K00528
burk:DM992_04600	ko:K28519
burk:DM992_04625	ko:K12368
burk:DM992_04630	ko:K12369
burk:DM992_04635	ko:K12370
burk:DM992_04640	ko:K12371
burk:DM992_04645	ko:K12372
burk:DM992_04650	ko:K09973
burk:DM992_04655	ko:K07160
burk:DM992_04660	ko:K23124
burk:DM992_04665	ko:K23123
burk:DM992_04675	ko:K01934
burk:DM992_04680	ko:K08309
burk:DM992_04690	ko:K00799
burk:DM992_04695	ko:K00974
burk:DM992_04710	ko:K01262
burk:DM992_04715	ko:K02399
burk:DM992_04720	ko:K02398
burk:DM992_04725	ko:K02386
burk:DM992_04730	ko:K02387
burk:DM992_04735	ko:K02388
burk:DM992_04740	ko:K02389
burk:DM992_04745	ko:K02390
burk:DM992_04750	ko:K02391
burk:DM992_04755	ko:K02392
burk:DM992_04760	ko:K02393
burk:DM992_04765	ko:K02394
burk:DM992_04770	ko:K02395
burk:DM992_04780	ko:K21087
burk:DM992_04785	ko:K02396
burk:DM992_04790	ko:K02397
burk:DM992_04795	ko:K09016
burk:DM992_04800	ko:K03566
burk:DM992_04805	ko:K07240
burk:DM992_04810	ko:K07240
burk:DM992_04830	ko:K00383
burk:DM992_04850	ko:K09471
burk:DM992_04865	ko:K11074
burk:DM992_04870	ko:K11075
burk:DM992_04875	ko:K11076
burk:DM992_04880	ko:K11073
burk:DM992_04885	ko:K12256
burk:DM992_04890	ko:K01915
burk:DM992_04895	ko:K07010
burk:DM992_04910	ko:K09472
burk:DM992_04915	ko:K07213
burk:DM992_04925	ko:K07243
burk:DM992_04940	ko:K00820
burk:DM992_04945	ko:K04042
burk:DM992_04950	ko:K14058
burk:DM992_04955	ko:K01633
burk:DM992_04980	ko:K00847
burk:DM992_04985	ko:K29027
burk:DM992_05000	ko:K14347
burk:DM992_05020	ko:K00459
burk:DM992_05025	ko:K01561
burk:DM992_05030	ko:K03719
burk:DM992_05040	ko:K06938
burk:DM992_05050	ko:K01640
burk:DM992_05055	ko:K12972
burk:DM992_05060	ko:K07002
burk:DM992_05075	ko:K03566
burk:DM992_05080	ko:K00799
burk:DM992_05095	ko:K01714
burk:DM992_05105	ko:K02048
burk:DM992_05110	ko:K08715
burk:DM992_05115	ko:K00799
burk:DM992_05125	ko:K04090
burk:DM992_05130	ko:K24163
burk:DM992_05150	ko:K06201
burk:DM992_05155	ko:K01012
burk:DM992_05160	ko:K01935
burk:DM992_05165	ko:K00652
burk:DM992_05170	ko:K00833
burk:DM992_05180	ko:K09858
burk:DM992_05190	ko:K01673
burk:DM992_05195	ko:K00906
burk:DM992_05215	ko:K12368
burk:DM992_05225	ko:K03673
burk:DM992_05235	ko:K01887
burk:DM992_05245	ko:K00548
burk:DM992_05250	ko:K00548
burk:DM992_05275	ko:K07496
burk:DM992_05280	ko:K16171
burk:DM992_05295	ko:K07001
burk:DM992_05310	ko:K21345
burk:DM992_05320	ko:K03525
burk:DM992_05325	ko:K03524
burk:DM992_05340	ko:K01119
burk:DM992_05345	ko:K02066
burk:DM992_05350	ko:K02065
burk:DM992_05355	ko:K02067
burk:DM992_05360	ko:K18480
burk:DM992_05375	ko:K07018
burk:DM992_05385	ko:K07258
burk:DM992_05390	ko:K00824
burk:DM992_05395	ko:K09158
burk:DM992_05400	ko:K03566
burk:DM992_05410	ko:K03801
burk:DM992_05415	ko:K03644
burk:DM992_05420	ko:K15551
burk:DM992_05425	ko:K10831
burk:DM992_05430	ko:K15552
burk:DM992_05435	ko:K01426
burk:DM992_05455	ko:K05834
burk:DM992_05465	ko:K00681
burk:DM992_05475	ko:K07516
burk:DM992_05485	ko:K28556
burk:DM992_05500	ko:K14393
burk:DM992_05505	ko:K11103
burk:DM992_05510	ko:K10125
burk:DM992_05515	ko:K10126
burk:DM992_05530	ko:K07391
burk:DM992_05535	ko:K09806
burk:DM992_05540	ko:K04752
burk:DM992_05545	ko:K03320
burk:DM992_05550	ko:K01919
burk:DM992_05555	ko:K01920
burk:DM992_05560	ko:K02793
burk:DM992_05565	ko:K02784
burk:DM992_05570	ko:K08483
burk:DM992_05575	ko:K21029
burk:DM992_05580	ko:K03797
burk:DM992_05585	ko:K01834
burk:DM992_05595	ko:K03676
burk:DM992_05600	ko:K03071
burk:DM992_05605	ko:K00057
burk:DM992_05610	ko:K23518
burk:DM992_05615	ko:K03216
burk:DM992_05625	ko:K02169
burk:DM992_05635	ko:K02275
burk:DM992_05640	ko:K02274
burk:DM992_05650	ko:K02258
burk:DM992_05660	ko:K02276
burk:DM992_05670	ko:K14998
burk:DM992_05680	ko:K02259
burk:DM992_05685	ko:K02257
burk:DM992_05690	ko:K07152
burk:DM992_05700	ko:K03406
burk:DM992_05710	ko:K02073
burk:DM992_05720	ko:K01989
burk:DM992_05725	ko:K05832
burk:DM992_05730	ko:K05833
burk:DM992_05735	ko:K14160
burk:DM992_05740	ko:K14161
burk:DM992_05745	ko:K14162
burk:DM992_05750	ko:K24967
burk:DM992_05755	ko:K01443
burk:DM992_05760	ko:K00820
burk:DM992_05765	ko:K23993
burk:DM992_05770	ko:K02804
burk:DM992_05775	ko:K12373
burk:DM992_05785	ko:K00424
burk:DM992_05790	ko:K00426
burk:DM992_05795	ko:K00425
burk:DM992_05805	ko:K03089
burk:DM992_05810	ko:K12976
burk:DM992_05820	ko:K01649
burk:DM992_05830	ko:K01800
burk:DM992_05835	ko:K03110
burk:DM992_05840	ko:K08316
burk:DM992_05845	ko:K00954
burk:DM992_05855	ko:K00817
burk:DM992_05860	ko:K01056
burk:DM992_05865	ko:K02897
burk:DM992_05870	ko:K00948
burk:DM992_05875	ko:K14223
burk:DM992_05880	ko:K00919
burk:DM992_05885	ko:K02494
burk:DM992_05895	ko:K10563
burk:DM992_05900	ko:K03575
burk:DM992_05905	ko:K07157
burk:DM992_05910	ko:K06958
burk:DM992_05915	ko:K06023
burk:DM992_05920	ko:K02806
burk:DM992_05925	ko:K05808
burk:DM992_05930	ko:K03092
burk:DM992_05935	ko:K06861
burk:DM992_05940	ko:K09774
burk:DM992_05945	ko:K11719
burk:DM992_05950	ko:K03270
burk:DM992_05955	ko:K06041
burk:DM992_05960	ko:K03455
burk:DM992_05965	ko:K00759
burk:DM992_05980	ko:K01433
burk:DM992_05990	ko:K03701
burk:DM992_06005	ko:K03111
burk:DM992_06060	ko:K03649
burk:DM992_06065	ko:K03652
burk:DM992_06070	ko:K03496
burk:DM992_06085	ko:K00626
burk:DM992_06090	ko:K00023
burk:DM992_06115	ko:K00647
burk:DM992_06150	ko:K02078
burk:DM992_06155	ko:K00059
burk:DM992_06160	ko:K18240
burk:DM992_06170	ko:K07387
burk:DM992_06175	ko:K03303
burk:DM992_06180	ko:K18929
burk:DM992_06185	ko:K00782
burk:DM992_06190	ko:K18928
burk:DM992_06200	ko:K06132
burk:DM992_06235	ko:K05520
burk:DM992_06250	ko:K06015
burk:DM992_06260	ko:K06879
burk:DM992_06265	ko:K01754
burk:DM992_06290	ko:K03183
burk:DM992_06300	ko:K03690
burk:DM992_06305	ko:K03688
burk:DM992_06325	ko:K01876
burk:DM992_06330	ko:K08310
burk:DM992_06335	ko:K06131
burk:DM992_06345	ko:K20035
burk:DM992_06350	ko:K07516
burk:DM992_06355	ko:K00632
burk:DM992_06365	ko:K02297
burk:DM992_06370	ko:K02298
burk:DM992_06375	ko:K02299
burk:DM992_06380	ko:K02300
burk:DM992_06385	ko:K10255
burk:DM992_06390	ko:K02379
burk:DM992_06400	ko:K10806
burk:DM992_06410	ko:K24821
burk:DM992_06415	ko:K00992
burk:DM992_06420	ko:K07102
burk:DM992_06425	ko:K04744
burk:DM992_06430	ko:K03771
burk:DM992_06435	ko:K00097
burk:DM992_06440	ko:K02528
burk:DM992_06450	ko:K01759
burk:DM992_06460	ko:K00655
burk:DM992_06465	ko:K03273
burk:DM992_06470	ko:K01879
burk:DM992_06475	ko:K01878
burk:DM992_06485	ko:K03820
burk:DM992_06490	ko:K06189
burk:DM992_06495	ko:K07232
burk:DM992_06500	ko:K07042
burk:DM992_06505	ko:K06217
burk:DM992_06510	ko:K06168
burk:DM992_06520	ko:K19577
burk:DM992_06530	ko:K02858
burk:DM992_06540	ko:K00010
burk:DM992_06545	ko:K06606
burk:DM992_06555	ko:K02529
burk:DM992_06565	ko:K05710
burk:DM992_06570	ko:K00529
burk:DM992_06575	ko:K02440
burk:DM992_06580	ko:K00864
burk:DM992_06585	ko:K00111
burk:DM992_06605	ko:K02444
burk:DM992_06610	ko:K00681
burk:DM992_06625	ko:K11927
burk:DM992_06640	ko:K07245
burk:DM992_06645	ko:K01684
burk:DM992_06655	ko:K09984
burk:DM992_06670	ko:K07136
burk:DM992_06690	ko:K18199
burk:DM992_06700	ko:K18900
burk:DM992_06705	ko:K14230
burk:DM992_06720	ko:K02483
burk:DM992_06725	ko:K03553
burk:DM992_06730	ko:K03565
burk:DM992_06740	ko:K01903
burk:DM992_06745	ko:K01902
burk:DM992_06755	ko:K02650
burk:DM992_06765	ko:K03832
burk:DM992_06780	ko:K03637
burk:DM992_06785	ko:K01423
burk:DM992_06795	ko:K07019
burk:DM992_06805	ko:K02843
burk:DM992_06815	ko:K00826
burk:DM992_06820	ko:K26605
burk:DM992_06825	ko:K26606
burk:DM992_06830	ko:K00927
burk:DM992_06835	ko:K00873
burk:DM992_06840	ko:K01624
burk:DM992_06845	ko:K01923
burk:DM992_06850	ko:K01588
burk:DM992_06855	ko:K01589
burk:DM992_06860	ko:K07566
burk:DM992_06875	ko:K07259
burk:DM992_06880	ko:K02483
burk:DM992_06885	ko:K02484
burk:DM992_06890	ko:K04771
burk:DM992_06905	ko:K09386
burk:DM992_06920	ko:K03577
burk:DM992_06925	ko:K03585
burk:DM992_06930	ko:K18138
burk:DM992_06935	ko:K18139
burk:DM992_06940	ko:K24206
burk:DM992_06945	ko:K00854
burk:DM992_06950	ko:K00121
burk:DM992_06955	ko:K01070
burk:DM992_06960	ko:K02075
burk:DM992_06965	ko:K02074
burk:DM992_06970	ko:K02077
burk:DM992_06975	ko:K09823
burk:DM992_06980	ko:K21620
burk:DM992_06985	ko:K00847
burk:DM992_06990	ko:K16371
burk:DM992_06995	ko:K10227
burk:DM992_07000	ko:K10228
burk:DM992_07005	ko:K10229
burk:DM992_07015	ko:K10111
burk:DM992_07040	ko:K00854
burk:DM992_07045	ko:K00007
burk:DM992_07060	ko:K00453
burk:DM992_07065	ko:K01556
burk:DM992_07070	ko:K07130
burk:DM992_07075	ko:K03719
burk:DM992_07090	ko:K17285
burk:DM992_07100	ko:K07304
burk:DM992_07110	ko:K00574
burk:DM992_07115	ko:K00275
burk:DM992_07120	ko:K22132
burk:DM992_07125	ko:K05838
burk:DM992_07135	ko:K15268
burk:DM992_07140	ko:K01448
burk:DM992_07145	ko:K06925
burk:DM992_07150	ko:K18979
burk:DM992_07155	ko:K00567
burk:DM992_07160	ko:K04763
burk:DM992_07165	ko:K01897
burk:DM992_07175	ko:K08591
burk:DM992_07180	ko:K09767
burk:DM992_07185	ko:K00075
burk:DM992_07190	ko:K00611
burk:DM992_07205	ko:K02968
burk:DM992_07210	ko:K03980
burk:DM992_07225	ko:K00939
burk:DM992_07230	ko:K00979
burk:DM992_07235	ko:K09791
burk:DM992_07240	ko:K00912
burk:DM992_07245	ko:K03601
burk:DM992_07250	ko:K04564
burk:DM992_07335	ko:K11904
burk:DM992_07380	ko:K07240
burk:DM992_07385	ko:K10914
burk:DM992_07420	ko:K01647
burk:DM992_07430	ko:K24967
burk:DM992_07445	ko:K07241
burk:DM992_07450	ko:K02355
burk:DM992_07455	ko:K09005
burk:DM992_07465	ko:K06181
burk:DM992_07470	ko:K00031
burk:DM992_07475	ko:K00031
burk:DM992_07495	ko:K03704
burk:DM992_07505	ko:K06891
burk:DM992_07510	ko:K03694
burk:DM992_07515	ko:K03293
burk:DM992_07525	ko:K01520
burk:DM992_07530	ko:K13038
burk:DM992_07535	ko:K03101
burk:DM992_07540	ko:K01870
burk:DM992_07545	ko:K11753
burk:DM992_07550	ko:K11175
burk:DM992_07555	ko:K03500
burk:DM992_07565	ko:K00507
burk:DM992_07570	ko:K03517
burk:DM992_07575	ko:K00767
burk:DM992_07580	ko:K00278
burk:DM992_07585	ko:K02913
burk:DM992_07590	ko:K02902
burk:DM992_07595	ko:K03630
burk:DM992_07600	ko:K03774
burk:DM992_07605	ko:K03527
burk:DM992_07615	ko:K01997
burk:DM992_07620	ko:K01998
burk:DM992_07625	ko:K01995
burk:DM992_07630	ko:K01996
burk:DM992_07645	ko:K00821
burk:DM992_07650	ko:K00523
burk:DM992_07665	ko:K06183
burk:DM992_07670	ko:K07156
burk:DM992_07705	ko:K00059
burk:DM992_07715	ko:K14228
burk:DM992_07720	ko:K01999
burk:DM992_07725	ko:K13634
burk:DM992_07730	ko:K00381
burk:DM992_07740	ko:K00390
burk:DM992_07745	ko:K00957
burk:DM992_07750	ko:K00956
burk:DM992_07755	ko:K02303
burk:DM992_07760	ko:K03795
burk:DM992_07765	ko:K11720
burk:DM992_07770	ko:K07091
burk:DM992_07775	ko:K01255
burk:DM992_07780	ko:K02339
burk:DM992_07790	ko:K08738
burk:DM992_07795	ko:K01687
burk:DM992_07805	ko:K13292
burk:DM992_07820	ko:K28358
burk:DM992_07825	ko:K09888
burk:DM992_07835	ko:K16092
burk:DM992_07840	ko:K02015
burk:DM992_07845	ko:K02013
burk:DM992_07850	ko:K00768
burk:DM992_07855	ko:K02233
burk:DM992_07860	ko:K02226
burk:DM992_07865	ko:K02016
burk:DM992_07870	ko:K02225
burk:DM992_07875	ko:K02227
burk:DM992_07880	ko:K02231
burk:DM992_07885	ko:K02232
burk:DM992_07890	ko:K15977
burk:DM992_07895	ko:K03496
burk:DM992_07900	ko:K01579
burk:DM992_07905	ko:K01918
burk:DM992_07910	ko:K05896
burk:DM992_07920	ko:K07278
burk:DM992_07925	ko:K09800
burk:DM992_07930	ko:K01874
burk:DM992_07945	ko:K03593
burk:DM992_07950	ko:K04565
burk:DM992_07955	ko:K01494
burk:DM992_07960	ko:K01584
burk:DM992_07975	ko:K01755
burk:DM992_07990	ko:K01595
burk:DM992_08000	ko:K01749
burk:DM992_08005	ko:K13543
burk:DM992_08010	ko:K02498
burk:DM992_08025	ko:K00059
burk:DM992_08030	ko:K00128
burk:DM992_08035	ko:K01507
burk:DM992_08050	ko:K05349
burk:DM992_08055	ko:K09919
burk:DM992_08060	ko:K01950
burk:DM992_08065	ko:K04751
burk:DM992_08085	ko:K10017
burk:DM992_08090	ko:K10015
burk:DM992_08095	ko:K10016
burk:DM992_08100	ko:K10014
burk:DM992_08115	ko:K07659
burk:DM992_08120	ko:K07638
burk:DM992_08130	ko:K02050
burk:DM992_08135	ko:K02049
burk:DM992_08155	ko:K00697
burk:DM992_08165	ko:K08169
burk:DM992_08185	ko:K08276
burk:DM992_08195	ko:K00059
burk:DM992_08210	ko:K07126
burk:DM992_08220	ko:K14219
burk:DM992_08240	ko:K15738
burk:DM992_08245	ko:K02622
burk:DM992_08250	ko:K02621
burk:DM992_08270	ko:K07240
burk:DM992_08290	ko:K05825
burk:DM992_08310	ko:K04079
burk:DM992_08315	ko:K03181
burk:DM992_08355	ko:K03307
burk:DM992_08360	ko:K04750
burk:DM992_08365	ko:K00616
burk:DM992_08370	ko:K05782
burk:DM992_08375	ko:K09989
burk:DM992_08405	ko:K10773
burk:DM992_08410	ko:K03616
burk:DM992_08420	ko:K05973
burk:DM992_08435	ko:K07404
burk:DM992_08440	ko:K03466
burk:DM992_08450	ko:K08289
burk:DM992_08470	ko:K11927
burk:DM992_08475	ko:K01894
burk:DM992_08480	ko:K07146
burk:DM992_08485	ko:K02337
burk:DM992_08495	ko:K02849
burk:DM992_08515	ko:K11085
burk:DM992_08540	ko:K09923
burk:DM992_08545	ko:K08301
burk:DM992_08550	ko:K06287
burk:DM992_08555	ko:K00783
burk:DM992_08560	ko:K09710
burk:DM992_08565	ko:K00969
burk:DM992_08570	ko:K00228
burk:DM992_08575	ko:K01945
burk:DM992_08585	ko:K00761
burk:DM992_08590	ko:K00059
burk:DM992_08595	ko:K01734
burk:DM992_08600	ko:K00344
burk:DM992_08610	ko:K01546
burk:DM992_08615	ko:K01547
burk:DM992_08620	ko:K01548
burk:DM992_08625	ko:K07646
burk:DM992_08630	ko:K07667
burk:DM992_08635	ko:K09712
burk:DM992_08640	ko:K11741
burk:DM992_08650	ko:K02004
burk:DM992_08655	ko:K06886
burk:DM992_08660	ko:K07050
burk:DM992_08690	ko:K00901
burk:DM992_08695	ko:K27597
burk:DM992_08720	ko:K03088
burk:DM992_08725	ko:K01652
burk:DM992_08730	ko:K01653
burk:DM992_08735	ko:K00053
burk:DM992_08740	ko:K01613
burk:DM992_08745	ko:K17103
burk:DM992_08755	ko:K01649
burk:DM992_08765	ko:K01673
burk:DM992_08775	ko:K01999
burk:DM992_08780	ko:K02956
burk:DM992_08790	ko:K00962
burk:DM992_08800	ko:K01803
burk:DM992_08805	ko:K03075
burk:DM992_08810	ko:K14228
burk:DM992_08815	ko:K00330
burk:DM992_08820	ko:K00331
burk:DM992_08825	ko:K00332
burk:DM992_08830	ko:K00333
burk:DM992_08835	ko:K00334
burk:DM992_08840	ko:K00335
burk:DM992_08845	ko:K00336
burk:DM992_08850	ko:K00337
burk:DM992_08855	ko:K00338
burk:DM992_08860	ko:K00339
burk:DM992_08865	ko:K00340
burk:DM992_08870	ko:K00341
burk:DM992_08875	ko:K00342
burk:DM992_08880	ko:K00343
burk:DM992_08890	ko:K01515
burk:DM992_08900	ko:K04118
burk:DM992_08905	ko:K28556
burk:DM992_08920	ko:K11209
burk:DM992_08930	ko:K00799
burk:DM992_08935	ko:K14287
burk:DM992_08945	ko:K09861
burk:DM992_08980	ko:K01977
burk:DM992_08985	ko:K14227
burk:DM992_08990	ko:K14218
burk:DM992_09000	ko:K01980
burk:DM992_09005	ko:K01985
burk:DM992_09010	ko:K19591
burk:DM992_09025	ko:K07115
burk:DM992_09035	ko:K00019
burk:DM992_09040	ko:K00832
burk:DM992_09050	ko:K03702
burk:DM992_09055	ko:K07230
burk:DM992_09065	ko:K07243
burk:DM992_09085	ko:K06911
burk:DM992_09100	ko:K03559
burk:DM992_09105	ko:K03561
burk:DM992_09110	ko:K03832
burk:DM992_09115	ko:K02192
burk:DM992_09120	ko:K01776
burk:DM992_09125	ko:K03594
burk:DM992_09130	ko:K01676
burk:DM992_09150	ko:K01895
burk:DM992_09160	ko:K14393
burk:DM992_09165	ko:K00375
burk:DM992_09170	ko:K03863
burk:DM992_09185	ko:K14233
burk:DM992_09205	ko:K09799
burk:DM992_09210	ko:K05795
burk:DM992_09235	ko:K07404
burk:DM992_09255	ko:K00955
burk:DM992_09260	ko:K00957
burk:DM992_09295	ko:K01669
burk:DM992_09305	ko:K03566
burk:DM992_09315	ko:K06133
burk:DM992_09320	ko:K10001
burk:DM992_09325	ko:K01745
burk:DM992_09330	ko:K05836
burk:DM992_09335	ko:K01712
burk:DM992_09340	ko:K09975
burk:DM992_09345	ko:K01468
burk:DM992_09350	ko:K05603
burk:DM992_09355	ko:K01458
burk:DM992_09365	ko:K07010
burk:DM992_09370	ko:K01915
burk:DM992_09375	ko:K12256
burk:DM992_09380	ko:K00860
burk:DM992_09395	ko:K14237
burk:DM992_09400	ko:K03719
burk:DM992_09405	ko:K00832
burk:DM992_09410	ko:K09022
burk:DM992_09450	ko:K14682
burk:DM992_09455	ko:K03578
burk:DM992_09485	ko:K01915
burk:DM992_09490	ko:K07708
burk:DM992_09495	ko:K07712
burk:DM992_09500	ko:K01322
burk:DM992_09505	ko:K01142
burk:DM992_09510	ko:K14230
burk:DM992_09515	ko:K25316
burk:DM992_09520	ko:K02346
burk:DM992_09525	ko:K01414
burk:DM992_09530	ko:K01491
burk:DM992_09545	ko:K00163
burk:DM992_09550	ko:K00627
burk:DM992_09560	ko:K00382
burk:DM992_09570	ko:K07262
burk:DM992_09575	ko:K19333
burk:DM992_09585	ko:K18928
burk:DM992_09590	ko:K18929
burk:DM992_09600	ko:K25307
burk:DM992_09605	ko:K13643
burk:DM992_09610	ko:K04487
burk:DM992_09615	ko:K04488
burk:DM992_09620	ko:K13628
burk:DM992_09625	ko:K04082
burk:DM992_09630	ko:K04044
burk:DM992_09635	ko:K04755
burk:DM992_09650	ko:K04567
burk:DM992_09655	ko:K02836
burk:DM992_09660	ko:K07462
burk:DM992_09670	ko:K09808
burk:DM992_09675	ko:K09810
burk:DM992_09680	ko:K03424
burk:DM992_09685	ko:K02238
burk:DM992_09695	ko:K01937
burk:DM992_09700	ko:K01627
burk:DM992_09705	ko:K01689
burk:DM992_09710	ko:K05589
burk:DM992_09720	ko:K04083
burk:DM992_09725	ko:K28956
burk:DM992_09740	ko:K07053
burk:DM992_09755	ko:K01867
burk:DM992_09765	ko:K01714
burk:DM992_09770	ko:K07287
burk:DM992_09790	ko:K18850
burk:DM992_09795	ko:K03775
burk:DM992_09805	ko:K03555
burk:DM992_09810	ko:K07493
burk:DM992_09820	ko:K07137
burk:DM992_09825	ko:K01092
burk:DM992_09830	ko:K02533
burk:DM992_09835	ko:K00640
burk:DM992_09840	ko:K03269
burk:DM992_09845	ko:K03768
burk:DM992_09850	ko:K03767
burk:DM992_09865	ko:K01883
burk:DM992_09870	ko:K01247
burk:DM992_09875	ko:K01962
burk:DM992_09880	ko:K04075
burk:DM992_09885	ko:K00928
burk:DM992_09890	ko:K14233
burk:DM992_09945	ko:K07326
burk:DM992_09950	ko:K00342
burk:DM992_09955	ko:K02297
burk:DM992_09960	ko:K02298
burk:DM992_09965	ko:K02299
burk:DM992_09970	ko:K02300
burk:DM992_09980	ko:K02483
burk:DM992_09990	ko:K02483
burk:DM992_10020	ko:K13893
burk:DM992_10025	ko:K13894
burk:DM992_10030	ko:K13895
burk:DM992_10035	ko:K13896
burk:DM992_10045	ko:K07001
burk:DM992_10050	ko:K01885
burk:DM992_10055	ko:K14218
burk:DM992_10060	ko:K14224
burk:DM992_10065	ko:K14221
burk:DM992_10070	ko:K14224
burk:DM992_10075	ko:K14221
burk:DM992_10080	ko:K14224
burk:DM992_10085	ko:K14221
burk:DM992_10105	ko:K01638
burk:DM992_10110	ko:K01560
burk:DM992_10125	ko:K01637
burk:DM992_10140	ko:K14742
burk:DM992_10145	ko:K03789
burk:DM992_10150	ko:K21929
burk:DM992_10155	ko:K09977
burk:DM992_10160	ko:K00941
burk:DM992_10165	ko:K08227
burk:DM992_10170	ko:K01775
burk:DM992_10175	ko:K04485
burk:DM992_10185	ko:K06158
burk:DM992_10190	ko:K00432
burk:DM992_10195	ko:K06131
burk:DM992_10200	ko:K07320
burk:DM992_10205	ko:K01439
burk:DM992_10215	ko:K00674
burk:DM992_10220	ko:K14267
burk:DM992_10230	ko:K03529
burk:DM992_10240	ko:K01972
burk:DM992_10245	ko:K01462
burk:DM992_10250	ko:K06182
burk:DM992_10255	ko:K00990
burk:DM992_10260	ko:K01265
burk:DM992_10270	ko:K02967
burk:DM992_10275	ko:K02357
burk:DM992_10280	ko:K09903
burk:DM992_10285	ko:K02838
burk:DM992_10290	ko:K00806
burk:DM992_10295	ko:K00981
burk:DM992_10300	ko:K00099
burk:DM992_10305	ko:K11749
burk:DM992_10310	ko:K07277
burk:DM992_10315	ko:K06142
burk:DM992_10320	ko:K02536
burk:DM992_10325	ko:K02372
burk:DM992_10330	ko:K00677
burk:DM992_10335	ko:K00748
burk:DM992_10340	ko:K03470
burk:DM992_10345	ko:K03437
burk:DM992_10350	ko:K09773
burk:DM992_10360	ko:K01007
burk:DM992_10375	ko:K03664
burk:DM992_10390	ko:K09801
burk:DM992_10420	ko:K00088
burk:DM992_10430	ko:K01951
burk:DM992_10450	ko:K11907
burk:DM992_10455	ko:K11901
burk:DM992_10460	ko:K11900
burk:DM992_10465	ko:K11903
burk:DM992_10470	ko:K11906
burk:DM992_10475	ko:K11893
burk:DM992_10480	ko:K11892
burk:DM992_10485	ko:K11891
burk:DM992_10490	ko:K11892
burk:DM992_10540	ko:K11904
burk:DM992_10580	ko:K07497
burk:DM992_10595	ko:K02342
burk:DM992_10605	ko:K03826
burk:DM992_10635	ko:K03710
burk:DM992_10650	ko:K11991
burk:DM992_10655	ko:K01297
burk:DM992_10665	ko:K03457
burk:DM992_10670	ko:K16841
burk:DM992_10675	ko:K16842
burk:DM992_10680	ko:K13485
burk:DM992_10685	ko:K01477
burk:DM992_10690	ko:K01483
burk:DM992_10695	ko:K18900
burk:DM992_10705	ko:K09964
burk:DM992_10715	ko:K07127
burk:DM992_10725	ko:K18456
burk:DM992_10735	ko:K09165
burk:DM992_10750	ko:K03282
burk:DM992_10760	ko:K03969
burk:DM992_10765	ko:K05366
burk:DM992_10775	ko:K01754
burk:DM992_10780	ko:K01438
burk:DM992_10785	ko:K03723
burk:DM992_10790	ko:K00991
burk:DM992_10795	ko:K01770
burk:DM992_10800	ko:K04756
burk:DM992_10805	ko:K24126
burk:DM992_10810	ko:K07638
burk:DM992_10815	ko:K07659
burk:DM992_10840	ko:K02291
burk:DM992_10845	ko:K14228
burk:DM992_10880	ko:K00077
burk:DM992_10890	ko:K00865
burk:DM992_10895	ko:K03545
burk:DM992_10900	ko:K01358
burk:DM992_10905	ko:K03544
burk:DM992_10910	ko:K01338
burk:DM992_10915	ko:K14237
burk:DM992_10920	ko:K14221
burk:DM992_10925	ko:K03770
burk:DM992_10930	ko:K10804
burk:DM992_10935	ko:K02003
burk:DM992_10940	ko:K01810
burk:DM992_10945	ko:K23997
burk:DM992_10955	ko:K01952
burk:DM992_10960	ko:K03824
burk:DM992_10965	ko:K03769
burk:DM992_10970	ko:K05527
burk:DM992_10975	ko:K06190
burk:DM992_10980	ko:K07305
burk:DM992_10985	ko:K08997
burk:DM992_10990	ko:K20034
burk:DM992_11000	ko:K07516
burk:DM992_11010	ko:K00632
burk:DM992_11030	ko:K09962
burk:DM992_11045	ko:K01551
burk:DM992_11065	ko:K00626
burk:DM992_11090	ko:K01607
burk:DM992_11095	ko:K00135
burk:DM992_11150	ko:K06980
burk:DM992_11155	ko:K07082
burk:DM992_11160	ko:K00943
burk:DM992_11165	ko:K02341
burk:DM992_11170	ko:K03424
burk:DM992_11175	ko:K06867
burk:DM992_11215	ko:K01424
burk:DM992_11225	ko:K00042
burk:DM992_11230	ko:K01816
burk:DM992_11235	ko:K01608
burk:DM992_11245	ko:K03088
burk:DM992_11255	ko:K02990
burk:DM992_11260	ko:K02686
burk:DM992_11265	ko:K02963
burk:DM992_11270	ko:K02939
burk:DM992_11275	ko:K02314
burk:DM992_11280	ko:K07220
burk:DM992_11285	ko:K03306
burk:DM992_11295	ko:K07175
burk:DM992_11305	ko:K03564
burk:DM992_11310	ko:K13014
burk:DM992_11320	ko:K00604
burk:DM992_11325	ko:K10012
burk:DM992_11350	ko:K14260
burk:DM992_11355	ko:K00003
burk:DM992_11360	ko:K01733
burk:DM992_11365	ko:K03750
burk:DM992_11370	ko:K03636
burk:DM992_11375	ko:K03635
burk:DM992_11380	ko:K06886
burk:DM992_11385	ko:K13771
burk:DM992_11390	ko:K03695
burk:DM992_11400	ko:K02237
burk:DM992_11410	ko:K01607
burk:DM992_11415	ko:K21405
burk:DM992_11425	ko:K03366
burk:DM992_11430	ko:K21416
burk:DM992_11435	ko:K21417
burk:DM992_11440	ko:K00627
burk:DM992_11445	ko:K03644
burk:DM992_11450	ko:K26939
burk:DM992_11465	ko:K02909
burk:DM992_11470	ko:K09933
burk:DM992_11475	ko:K03446
burk:DM992_11485	ko:K03628
burk:DM992_11490	ko:K03671
burk:DM992_11495	ko:K01983
burk:DM992_11500	ko:K02343
burk:DM992_11505	ko:K09747
burk:DM992_11510	ko:K06187
burk:DM992_11515	ko:K18313
burk:DM992_11520	ko:K03787
burk:DM992_11525	ko:K00573
burk:DM992_11530	ko:K06194
burk:DM992_11535	ko:K03087
burk:DM992_11540	ko:K07501
burk:DM992_11550	ko:K03215
burk:DM992_11555	ko:K19416
burk:DM992_11560	ko:K00940
burk:DM992_11565	ko:K06941
burk:DM992_11570	ko:K15539
burk:DM992_11575	ko:K03526
burk:DM992_11580	ko:K01892
burk:DM992_11590	ko:K17713
burk:DM992_11600	ko:K03977
burk:DM992_11605	ko:K03666
burk:DM992_11610	ko:K03665
burk:DM992_11615	ko:K04088
burk:DM992_11620	ko:K04087
burk:DM992_11625	ko:K09937
burk:DM992_11630	ko:K02502
burk:DM992_11635	ko:K01939
burk:DM992_11640	ko:K07101
burk:DM992_11650	ko:K03549
burk:DM992_11655	ko:K06959
burk:DM992_11670	ko:K03722
burk:DM992_11675	ko:K05807
burk:DM992_11680	ko:K06180
burk:DM992_11685	ko:K05810
burk:DM992_11690	ko:K03821
burk:DM992_11695	ko:K00626
burk:DM992_11700	ko:K00023
burk:DM992_11715	ko:K14441
burk:DM992_11720	ko:K00874
burk:DM992_11725	ko:K00626
burk:DM992_11735	ko:K01760
burk:DM992_11740	ko:K01079
burk:DM992_11765	ko:K02069
burk:DM992_11770	ko:K02068
burk:DM992_11775	ko:K07290
burk:DM992_11795	ko:K14060
burk:DM992_11805	ko:K07493
burk:DM992_11820	ko:K03639
burk:DM992_11825	ko:K01953
burk:DM992_11845	ko:K22278
burk:DM992_11850	ko:K02013
burk:DM992_11855	ko:K02015
burk:DM992_11860	ko:K07017
burk:DM992_11865	ko:K02016
burk:DM992_11875	ko:K16089
burk:DM992_11880	ko:K02361
burk:DM992_11885	ko:K02363
burk:DM992_11890	ko:K01252
burk:DM992_11895	ko:K09956
burk:DM992_11905	ko:K00216
burk:DM992_11930	ko:K00128
burk:DM992_11935	ko:K00459
burk:DM992_11940	ko:K07275
burk:DM992_11945	ko:K06938
burk:DM992_11950	ko:K11073
burk:DM992_11955	ko:K11076
burk:DM992_11960	ko:K11075
burk:DM992_11965	ko:K11074
burk:DM992_11995	ko:K07090
burk:DM992_12000	ko:K17218
burk:DM992_12020	ko:K07727
burk:DM992_12040	ko:K18303
burk:DM992_12045	ko:K18302
burk:DM992_12055	ko:K03281
burk:DM992_12080	ko:K00874
burk:DM992_12090	ko:K00090
burk:DM992_12095	ko:K02525
burk:DM992_12135	ko:K00424
burk:DM992_12140	ko:K03284
burk:DM992_12145	ko:K09780
burk:DM992_12150	ko:K09129
burk:DM992_12155	ko:K01738
burk:DM992_12160	ko:K19055
burk:DM992_12175	ko:K07493
burk:DM992_12190	ko:K07687
burk:DM992_12195	ko:K07345
burk:DM992_12200	ko:K07347
burk:DM992_12210	ko:K07345
burk:DM992_12215	ko:K07687
burk:DM992_12225	ko:K18997
burk:DM992_12230	ko:K05516
burk:DM992_12240	ko:K02050
burk:DM992_12245	ko:K02049
burk:DM992_12250	ko:K07028
burk:DM992_12265	ko:K00926
burk:DM992_12270	ko:K00611
burk:DM992_12275	ko:K01478
burk:DM992_12280	ko:K03758
burk:DM992_12285	ko:K07675
burk:DM992_12300	ko:K03744
burk:DM992_12305	ko:K18139
burk:DM992_12310	ko:K01993
burk:DM992_12315	ko:K13926
burk:DM992_12320	ko:K01992
burk:DM992_12345	ko:K07576
burk:DM992_12350	ko:K18369
burk:DM992_12355	ko:K03821
burk:DM992_12360	ko:K00023
burk:DM992_12395	ko:K01420
burk:DM992_12400	ko:K13953
burk:DM992_12410	ko:K08738
burk:DM992_12445	ko:K13993
burk:DM992_12465	ko:K02517
burk:DM992_12480	ko:K03446
burk:DM992_12485	ko:K03543
burk:DM992_12490	ko:K18139
burk:DM992_12525	ko:K07493
burk:DM992_12530	ko:K00799
burk:DM992_12545	ko:K07482
burk:DM992_12565	ko:K04063
burk:DM992_12580	ko:K23775
burk:DM992_12590	ko:K00459
burk:DM992_12595	ko:K08369
burk:DM992_12615	ko:K01640
burk:DM992_12620	ko:K18313
burk:DM992_12625	ko:K00018
burk:DM992_12655	ko:K02053
burk:DM992_12660	ko:K02054
burk:DM992_12665	ko:K02052
burk:DM992_12670	ko:K02055
burk:DM992_12675	ko:K07002
burk:DM992_12695	ko:K00344
burk:DM992_12705	ko:K03556
burk:DM992_12715	ko:K11209
burk:DM992_12725	ko:K03449
burk:DM992_12730	ko:K05936
burk:DM992_12735	ko:K05895
burk:DM992_12740	ko:K02188
burk:DM992_12745	ko:K00595
burk:DM992_12750	ko:K02229
burk:DM992_12755	ko:K06042
burk:DM992_12760	ko:K03394
burk:DM992_12765	ko:K13541
burk:DM992_12770	ko:K08224
burk:DM992_12790	ko:K01183
burk:DM992_12800	ko:K00249
burk:DM992_12805	ko:K03300
burk:DM992_12840	ko:K07493
burk:DM992_12855	ko:K03574
burk:DM992_12865	ko:K09983
burk:DM992_12870	ko:K09768
burk:DM992_12875	ko:K13580
burk:DM992_12885	ko:K02230
burk:DM992_12890	ko:K02234
burk:DM992_12895	ko:K07241
burk:DM992_12900	ko:K02303
burk:DM992_12905	ko:K02189
burk:DM992_12910	ko:K19221
burk:DM992_12915	ko:K02224
burk:DM992_12930	ko:K01451
burk:DM992_12945	ko:K18828
burk:DM992_12950	ko:K18829
burk:DM992_12955	ko:K03896
burk:DM992_12965	ko:K02014
burk:DM992_12970	ko:K10531
burk:DM992_12975	ko:K03896
burk:DM992_12995	ko:K06160
burk:DM992_13000	ko:K23227
burk:DM992_13005	ko:K13255
burk:DM992_13010	ko:K23228
burk:DM992_13015	ko:K10829
burk:DM992_13025	ko:K05375
burk:DM992_13040	ko:K07346
burk:DM992_13045	ko:K12518
burk:DM992_13050	ko:K07345
burk:DM992_13060	ko:K18139
burk:DM992_13065	ko:K18095
burk:DM992_13070	ko:K18094
burk:DM992_13075	ko:K18129
burk:DM992_13085	ko:K02029
burk:DM992_13090	ko:K02029
burk:DM992_13095	ko:K02030
burk:DM992_13105	ko:K03761
burk:DM992_13110	ko:K06415
burk:DM992_13115	ko:K09786
burk:DM992_13120	ko:K07180
burk:DM992_13130	ko:K05874
burk:DM992_13135	ko:K00852
burk:DM992_13140	ko:K02529
burk:DM992_13145	ko:K10440
burk:DM992_13150	ko:K10441
burk:DM992_13155	ko:K10439
burk:DM992_13165	ko:K13635
burk:DM992_13170	ko:K02045
burk:DM992_13175	ko:K02047
burk:DM992_13180	ko:K02046
burk:DM992_13185	ko:K23163
burk:DM992_13195	ko:K01356
burk:DM992_13215	ko:K09695
burk:DM992_13220	ko:K09694
burk:DM992_13230	ko:K07089
burk:DM992_13235	ko:K06917
burk:DM992_13285	ko:K04750
burk:DM992_13325	ko:K14226
burk:DM992_13330	ko:K05539
burk:DM992_13350	ko:K15555
burk:DM992_13355	ko:K15554
burk:DM992_13360	ko:K04091
burk:DM992_13375	ko:K03297
burk:DM992_13385	ko:K14230
burk:DM992_13395	ko:K00684
burk:DM992_13400	ko:K21420
burk:DM992_13405	ko:K00254
burk:DM992_13410	ko:K02424
burk:DM992_13415	ko:K10009
burk:DM992_13430	ko:K01807
burk:DM992_13435	ko:K11066
burk:DM992_13440	ko:K03218
burk:DM992_13445	ko:K12573
burk:DM992_13450	ko:K14228
burk:DM992_13455	ko:K15553
burk:DM992_13460	ko:K14228
burk:DM992_13470	ko:K14228
burk:DM992_13480	ko:K10441
burk:DM992_13485	ko:K10440
burk:DM992_13490	ko:K10439
burk:DM992_13495	ko:K00847
burk:DM992_13515	ko:K08178
burk:DM992_13525	ko:K01897
burk:DM992_13540	ko:K03666
burk:DM992_13555	ko:K27080
burk:DM992_13565	ko:K27079
burk:DM992_13570	ko:K12511
burk:DM992_13575	ko:K12510
burk:DM992_13580	ko:K02283
burk:DM992_13585	ko:K02282
burk:DM992_13590	ko:K02280
burk:DM992_13595	ko:K02279
burk:DM992_13600	ko:K12513
burk:DM992_13605	ko:K02278
burk:DM992_13610	ko:K02651
burk:DM992_13645	ko:K06916
burk:DM992_13650	ko:K00382
burk:DM992_13655	ko:K00658
burk:DM992_13660	ko:K00164
burk:DM992_13665	ko:K06207
burk:DM992_13680	ko:K18139
burk:DM992_13685	ko:K03543
burk:DM992_13690	ko:K03446
burk:DM992_13695	ko:K03177
burk:DM992_13700	ko:K02834
burk:DM992_13705	ko:K02519
burk:DM992_13710	ko:K02600
burk:DM992_13715	ko:K09748
burk:DM992_13720	ko:K06178
burk:DM992_13725	ko:K06024
burk:DM992_13740	ko:K07492
burk:DM992_13775	ko:K07287
burk:DM992_13790	ko:K11904
burk:DM992_13830	ko:K07645
burk:DM992_13835	ko:K07666
burk:DM992_13840	ko:K15536
burk:DM992_13850	ko:K03574
burk:DM992_13925	ko:K05805
burk:DM992_13935	ko:K02005
burk:DM992_13940	ko:K02004
burk:DM992_13945	ko:K02003
burk:DM992_13955	ko:K03585
burk:DM992_13960	ko:K18138
burk:DM992_13970	ko:K12340
burk:DM992_13975	ko:K17218
burk:DM992_13980	ko:K03672
burk:DM992_13985	ko:K02040
burk:DM992_13990	ko:K00626
burk:DM992_14010	ko:K01551
burk:DM992_14050	ko:K14232
burk:DM992_14080	ko:K04764
burk:DM992_14085	ko:K01890
burk:DM992_14090	ko:K01889
burk:DM992_14095	ko:K02887
burk:DM992_14100	ko:K02916
burk:DM992_14105	ko:K02520
burk:DM992_14110	ko:K01868
burk:DM992_14120	ko:K14237
burk:DM992_14125	ko:K00951
burk:DM992_14160	ko:K01029
burk:DM992_14165	ko:K01028
burk:DM992_14175	ko:K07107
burk:DM992_14185	ko:K00311
burk:DM992_14190	ko:K01736
burk:DM992_14210	ko:K07058
burk:DM992_14215	ko:K03809
burk:DM992_14245	ko:K18139
burk:DM992_14265	ko:K03406
burk:DM992_14270	ko:K08223
burk:DM992_14275	ko:K01243
burk:DM992_14280	ko:K03657
burk:DM992_14290	ko:K01873
burk:DM992_14295	ko:K00963
burk:DM992_14325	ko:K04085
burk:DM992_14335	ko:K00140
burk:DM992_14350	ko:K03335
burk:DM992_14355	ko:K00010
burk:DM992_14360	ko:K06605
burk:DM992_14365	ko:K17214
burk:DM992_14370	ko:K17215
burk:DM992_14375	ko:K17213
burk:DM992_14380	ko:K03338
burk:DM992_14385	ko:K03336
burk:DM992_14390	ko:K03335
burk:DM992_14395	ko:K03337
burk:DM992_14405	ko:K00059
burk:DM992_14410	ko:K01996
burk:DM992_14415	ko:K01995
burk:DM992_14420	ko:K01998
burk:DM992_14425	ko:K01997
burk:DM992_14430	ko:K07107
burk:DM992_14450	ko:K01872
burk:DM992_14460	ko:K01041
burk:DM992_14465	ko:K07002
burk:DM992_14470	ko:K04062
burk:DM992_14475	ko:K01886
burk:DM992_14480	ko:K07485
burk:DM992_14555	ko:K24163
burk:DM992_14580	ko:K00694
burk:DM992_14600	ko:K20543
burk:DM992_14605	ko:K20542
burk:DM992_14610	ko:K20541
burk:DM992_14650	ko:K00981
burk:DM992_14665	ko:K03406
burk:DM992_14685	ko:K03300
burk:DM992_14700	ko:K06991
burk:DM992_14755	ko:K11904
burk:DM992_14790	ko:K11896
burk:DM992_14805	ko:K02483
burk:DM992_14815	ko:K02015
burk:DM992_14820	ko:K02016
burk:DM992_14825	ko:K02013
burk:DM992_14830	ko:K02014
burk:DM992_14835	ko:K00344
burk:DM992_14850	ko:K07303
burk:DM992_14855	ko:K07302
burk:DM992_14860	ko:K01791
burk:DM992_14870	ko:K00820
burk:DM992_14890	ko:K14219
burk:DM992_14895	ko:K06153
burk:DM992_14910	ko:K01895
burk:DM992_14920	ko:K26937
burk:DM992_14930	ko:K22310
burk:DM992_14940	ko:K08296
burk:DM992_14945	ko:K14232
burk:DM992_14955	ko:K11209
burk:DM992_14965	ko:K19734
burk:DM992_14990	ko:K01714
burk:DM992_15005	ko:K01092
burk:DM992_15015	ko:K00163
burk:DM992_15020	ko:K01662
burk:DM992_15045	ko:K01524
burk:DM992_15050	ko:K00937
burk:DM992_15055	ko:K07636
burk:DM992_15060	ko:K07657
burk:DM992_15065	ko:K02039
burk:DM992_15070	ko:K02036
burk:DM992_15075	ko:K02038
burk:DM992_15080	ko:K02037
burk:DM992_15085	ko:K02040
burk:DM992_15095	ko:K03431
burk:DM992_15100	ko:K00796
burk:DM992_15105	ko:K03798
burk:DM992_15110	ko:K02427
burk:DM992_15115	ko:K07574
burk:DM992_15125	ko:K03624
burk:DM992_15130	ko:K01955
burk:DM992_15135	ko:K11250
burk:DM992_15140	ko:K01956
burk:DM992_15155	ko:K08307
burk:DM992_15160	ko:K01069
burk:DM992_15170	ko:K03469
burk:DM992_15175	ko:K02342
burk:DM992_15180	ko:K09771
burk:DM992_15190	ko:K03762
burk:DM992_15210	ko:K07100
burk:DM992_15220	ko:K00645
burk:DM992_15225	ko:K13930
burk:DM992_15230	ko:K13934
burk:DM992_15235	ko:K13933
burk:DM992_15240	ko:K13932
burk:DM992_15245	ko:K13931
burk:DM992_15250	ko:K13929
burk:DM992_15275	ko:K17735
burk:DM992_15280	ko:K13993
burk:DM992_15285	ko:K13993
burk:DM992_15290	ko:K09981
burk:DM992_15300	ko:K03717
burk:DM992_15310	ko:K17989
burk:DM992_15320	ko:K19577
burk:DM992_15330	ko:K06016
burk:DM992_15350	ko:K03457
burk:DM992_15360	ko:K00382
burk:DM992_15365	ko:K09699
burk:DM992_15370	ko:K00167
burk:DM992_15375	ko:K00166
burk:DM992_15390	ko:K02055
burk:DM992_15395	ko:K02053
burk:DM992_15400	ko:K02053
burk:DM992_15405	ko:K02052
burk:DM992_15410	ko:K03651
burk:DM992_15450	ko:K03147
burk:DM992_15455	ko:K04062
burk:DM992_15475	ko:K15034
burk:DM992_15480	ko:K03581
burk:DM992_15485	ko:K03582
burk:DM992_15490	ko:K03583
burk:DM992_15500	ko:K16234
burk:DM992_15510	ko:K02012
burk:DM992_15515	ko:K02011
burk:DM992_15520	ko:K02010
burk:DM992_15525	ko:K05800
burk:DM992_15530	ko:K07118
burk:DM992_15550	ko:K03320
burk:DM992_15555	ko:K07093
burk:DM992_15560	ko:K20329
burk:DM992_15565	ko:K07799
burk:DM992_15570	ko:K07788
burk:DM992_15575	ko:K07789
burk:DM992_15595	ko:K03564
burk:DM992_15610	ko:K10013
burk:DM992_15620	ko:K05526
burk:DM992_15625	ko:K01484
burk:DM992_15630	ko:K06447
burk:DM992_15635	ko:K00673
burk:DM992_15640	ko:K00673
burk:DM992_15645	ko:K00840
burk:DM992_15670	ko:K21825
burk:DM992_15675	ko:K10017
burk:DM992_15680	ko:K10015
burk:DM992_15685	ko:K10016
burk:DM992_15725	ko:K00868
burk:DM992_15730	ko:K01114
burk:DM992_15740	ko:K01999
burk:DM992_15755	ko:K01706
burk:DM992_15760	ko:K08983
burk:DM992_15780	ko:K06147
burk:DM992_15785	ko:K00697
burk:DM992_15790	ko:K01087
burk:DM992_15795	ko:K07152
burk:DM992_15800	ko:K09796
burk:DM992_15805	ko:K02351
burk:DM992_15810	ko:K02348
burk:DM992_15815	ko:K06911
burk:DM992_15825	ko:K08968
burk:DM992_15830	ko:K01265
burk:DM992_15845	ko:K24217
burk:DM992_15855	ko:K14222
burk:DM992_15860	ko:K14225
burk:DM992_15865	ko:K14225
burk:DM992_15870	ko:K14225
burk:DM992_15875	ko:K00995
burk:DM992_15880	ko:K03703
burk:DM992_15890	ko:K02356
burk:DM992_15900	ko:K01207
burk:DM992_15905	ko:K00997
burk:DM992_15910	ko:K03474
burk:DM992_15915	ko:K03584
burk:DM992_15920	ko:K03595
burk:DM992_15925	ko:K03685
burk:DM992_15930	ko:K03100
burk:DM992_15935	ko:K03596
burk:DM992_15945	ko:K04771
burk:DM992_15950	ko:K03598
burk:DM992_15955	ko:K03597
burk:DM992_15960	ko:K03088
burk:DM992_15970	ko:K09458
burk:DM992_15975	ko:K02078
burk:DM992_15980	ko:K00059
burk:DM992_15985	ko:K00645
burk:DM992_15990	ko:K00648
burk:DM992_15995	ko:K03621
burk:DM992_16000	ko:K02911
burk:DM992_16005	ko:K07040
burk:DM992_16010	ko:K25422
burk:DM992_16015	ko:K07056
burk:DM992_16020	ko:K04773
burk:DM992_16030	ko:K01091
burk:DM992_16035	ko:K06179
burk:DM992_16045	ko:K08300
burk:DM992_16050	ko:K03639
burk:DM992_16055	ko:K03752
burk:DM992_16060	ko:K03750
burk:DM992_16075	ko:K09760
burk:DM992_16080	ko:K00090
burk:DM992_16090	ko:K00782
burk:DM992_16095	ko:K00763
burk:DM992_16110	ko:K05524
burk:DM992_16115	ko:K14220
burk:DM992_16120	ko:K14220
burk:DM992_16125	ko:K05805
burk:DM992_16135	ko:K26605
burk:DM992_16140	ko:K26606
burk:DM992_16155	ko:K14761
burk:DM992_16160	ko:K26939
burk:DM992_16165	ko:K01679
burk:DM992_16185	ko:K00560
burk:DM992_16200	ko:K00287
burk:DM992_16205	ko:K03592
burk:DM992_16210	ko:K09889
burk:DM992_16215	ko:K03831
burk:DM992_16220	ko:K13288
burk:DM992_16225	ko:K06013
burk:DM992_16230	ko:K06949
burk:DM992_16240	ko:K02227
burk:DM992_16250	ko:K02884
burk:DM992_16255	ko:K00554
burk:DM992_16260	ko:K02860
burk:DM992_16265	ko:K02959
burk:DM992_16285	ko:K03719
burk:DM992_16290	ko:K00285
burk:DM992_16295	ko:K03522
burk:DM992_16300	ko:K03521
burk:DM992_16305	ko:K02073
burk:DM992_16310	ko:K02072
burk:DM992_16315	ko:K02071
burk:DM992_16320	ko:K01054
burk:DM992_16330	ko:K08305
burk:DM992_16335	ko:K12339
burk:DM992_16340	ko:K02237
burk:DM992_16345	ko:K03274
burk:DM992_16350	ko:K21344
burk:DM992_16355	ko:K00012
burk:DM992_16360	ko:K19804
burk:DM992_16365	ko:K08992
burk:DM992_16370	ko:K05788
burk:DM992_16375	ko:K02945
burk:DM992_16380	ko:K00945
burk:DM992_16385	ko:K00800
burk:DM992_16390	ko:K04517
burk:DM992_16395	ko:K14170
burk:DM992_16400	ko:K00831
burk:DM992_16405	ko:K09924
burk:DM992_16410	ko:K02469
burk:DM992_16415	ko:K03286
burk:DM992_16420	ko:K00568
burk:DM992_16425	ko:K22292
burk:DM992_16430	ko:K15035
burk:DM992_16450	ko:K00127
burk:DM992_16455	ko:K00124
burk:DM992_16460	ko:K00123
burk:DM992_16465	ko:K00126
burk:DM992_16510	ko:K02433
burk:DM992_16515	ko:K03611
burk:DM992_16520	ko:K07402
burk:DM992_16525	ko:K21053
burk:DM992_16535	ko:K01487
burk:DM992_16545	ko:K23541
burk:DM992_16560	ko:K01256
burk:DM992_16565	ko:K03841
burk:DM992_16570	ko:K14234
burk:DM992_16595	ko:K02014
burk:DM992_16605	ko:K04093
burk:DM992_16610	ko:K02342
burk:DM992_16615	ko:K03704
burk:DM992_16625	ko:K03285
burk:DM992_16630	ko:K04760
burk:DM992_16635	ko:K14219
burk:DM992_16640	ko:K14219
burk:DM992_16645	ko:K14219
burk:DM992_16650	ko:K01139
burk:DM992_16655	ko:K03060
burk:DM992_16660	ko:K00942
burk:DM992_16670	ko:K00989
burk:DM992_16675	ko:K01519
burk:DM992_16685	ko:K14233
burk:DM992_16700	ko:K03832
burk:DM992_16720	ko:K02841
burk:DM992_16725	ko:K03281
burk:DM992_16735	ko:K03608
burk:DM992_16740	ko:K03609
burk:DM992_16745	ko:K03610
burk:DM992_16755	ko:K00496
burk:DM992_16760	ko:K03406
burk:DM992_16765	ko:K14233
burk:DM992_16770	ko:K01875
burk:DM992_16780	ko:K07478
burk:DM992_16785	ko:K03634
burk:DM992_16790	ko:K03466
burk:DM992_16795	ko:K00384
burk:DM992_16810	ko:K10112
burk:DM992_16815	ko:K17317
burk:DM992_16820	ko:K17316
burk:DM992_16825	ko:K17315
burk:DM992_16830	ko:K00036
burk:DM992_16835	ko:K01057
burk:DM992_16840	ko:K00845
burk:DM992_16845	ko:K07552
burk:DM992_16860	ko:K01845
burk:DM992_16865	ko:K11752
burk:DM992_16870	ko:K00793
burk:DM992_16875	ko:K09983
burk:DM992_16880	ko:K14652
burk:DM992_16885	ko:K00794
burk:DM992_16890	ko:K03625
burk:DM992_16905	ko:K03182
burk:DM992_16930	ko:K02221
burk:DM992_16935	ko:K09137
burk:DM992_16940	ko:K06199
burk:DM992_16970	ko:K07240
burk:DM992_16975	ko:K07240
burk:DM992_16980	ko:K11264
burk:DM992_16995	ko:K19338
burk:DM992_17005	ko:K22209
burk:DM992_17010	ko:K06995
burk:DM992_17015	ko:K14225
burk:DM992_17020	ko:K03439
burk:DM992_17025	ko:K06153
burk:DM992_17035	ko:K06940
burk:DM992_17040	ko:K02495
burk:DM992_17050	ko:K00573
burk:DM992_17070	ko:K11959
burk:DM992_17075	ko:K11960
burk:DM992_17080	ko:K11961
burk:DM992_17085	ko:K11962
burk:DM992_17090	ko:K11963
burk:DM992_17095	ko:K03190
burk:DM992_17100	ko:K01430
burk:DM992_17105	ko:K01429
burk:DM992_17110	ko:K01428
burk:DM992_17115	ko:K03187
burk:DM992_17120	ko:K03188
burk:DM992_17125	ko:K03189
burk:DM992_17130	ko:K02527
burk:DM992_17140	ko:K02841
burk:DM992_17145	ko:K15778
burk:DM992_17155	ko:K03328
burk:DM992_17170	ko:K01784
burk:DM992_17205	ko:K22252
burk:DM992_17210	ko:K01711
burk:DM992_17225	ko:K09691
burk:DM992_17230	ko:K09690
burk:DM992_17235	ko:K16011
burk:DM992_17240	ko:K00067
burk:DM992_17245	ko:K01790
burk:DM992_17250	ko:K00973
burk:DM992_17255	ko:K01710
burk:DM992_17260	ko:K01525
burk:DM992_17265	ko:K00655
burk:DM992_17270	ko:K01465
burk:DM992_17275	ko:K00609
burk:DM992_17280	ko:K02825
burk:DM992_17285	ko:K07447
burk:DM992_17290	ko:K07735
burk:DM992_17305	ko:K00941
burk:DM992_17310	ko:K04077
burk:DM992_17315	ko:K04078
burk:DM992_17340	ko:K03088
burk:DM992_17360	ko:K26064
burk:DM992_17365	ko:K10013
burk:DM992_17375	ko:K21829
burk:DM992_17390	ko:K07090
burk:DM992_17405	ko:K07518
burk:DM992_17435	ko:K07402
burk:DM992_17440	ko:K13482
burk:DM992_17445	ko:K13481
burk:DM992_17460	ko:K07506
burk:DM992_17475	ko:K03778
burk:DM992_17480	ko:K04719
burk:DM992_17485	ko:K19577
burk:DM992_17495	ko:K01555
burk:DM992_17500	ko:K00451
burk:DM992_17505	ko:K08195
burk:DM992_17515	ko:K05712
burk:DM992_17540	ko:K00252
burk:DM992_17545	ko:K24158
burk:DM992_17565	ko:K02655
burk:DM992_17575	ko:K02672
burk:DM992_17585	ko:K08084
burk:DM992_17590	ko:K07738
burk:DM992_17595	ko:K00600
burk:DM992_17605	ko:K16066
burk:DM992_17610	ko:K07107
burk:DM992_17615	ko:K03562
burk:DM992_17620	ko:K03560
burk:DM992_17625	ko:K03646
burk:DM992_17630	ko:K03641
burk:DM992_17635	ko:K03640
burk:DM992_17645	ko:K14229
burk:DM992_17705	ko:K18991
burk:DM992_17740	ko:K01169
burk:DM992_17755	ko:K03791
burk:DM992_17765	ko:K01420
burk:DM992_17785	ko:K03798
burk:DM992_17795	ko:K16370
burk:DM992_17815	ko:K00311
burk:DM992_17820	ko:K09975
burk:DM992_17825	ko:K03522
burk:DM992_17830	ko:K03521
burk:DM992_17845	ko:K01458
burk:DM992_17855	ko:K01915
burk:DM992_17860	ko:K22081
burk:DM992_17865	ko:K22082
burk:DM992_17870	ko:K22083
burk:DM992_17875	ko:K03320
burk:DM992_17880	ko:K01607
burk:DM992_17885	ko:K23467
burk:DM992_17890	ko:K23463
burk:DM992_17895	ko:K23464
burk:DM992_17900	ko:K23462
burk:DM992_17905	ko:K23465
burk:DM992_17920	ko:K23466
burk:DM992_17925	ko:K23462
burk:DM992_17930	ko:K02055
burk:DM992_17935	ko:K02054
burk:DM992_17940	ko:K02053
burk:DM992_17945	ko:K02052
burk:DM992_17950	ko:K23466
burk:DM992_17955	ko:K00135
burk:DM992_17960	ko:K07493
burk:DM992_17985	ko:K11904
burk:DM992_17990	ko:K11907
burk:DM992_17995	ko:K11895
burk:DM992_18000	ko:K11896
burk:DM992_18005	ko:K11897
burk:DM992_18010	ko:K06887
burk:DM992_18015	ko:K11900
burk:DM992_18020	ko:K11901
burk:DM992_18025	ko:K11902
burk:DM992_18035	ko:K11890
burk:DM992_18040	ko:K11891
burk:DM992_18045	ko:K11892
burk:DM992_18050	ko:K11893
burk:DM992_18055	ko:K11906
burk:DM992_18065	ko:K07169
burk:DM992_18075	ko:K00135
burk:DM992_18080	ko:K06150
burk:DM992_18085	ko:K07303
burk:DM992_18100	ko:K23256
burk:DM992_18105	ko:K16137
burk:DM992_18130	ko:K23057
burk:DM992_18135	ko:K23056
burk:DM992_18140	ko:K23055
burk:DM992_18145	ko:K23058
burk:DM992_18155	ko:K00003
burk:DM992_18160	ko:K03719
burk:DM992_18185	ko:K11963
burk:DM992_18190	ko:K11961
burk:DM992_18190	ko:K11962
burk:DM992_18195	ko:K11960
burk:DM992_18200	ko:K11959
burk:DM992_18205	ko:K21801
burk:DM992_18215	ko:K01501
burk:DM992_18225	ko:K15054
burk:DM992_18230	ko:K00481
burk:DM992_18235	ko:K08195
burk:DM992_18240	ko:K00141
burk:DM992_18245	ko:K01576
burk:DM992_18265	ko:K14652
burk:DM992_18275	ko:K07154
burk:DM992_18285	ko:K22347
burk:DM992_18290	ko:K00457
burk:DM992_18300	ko:K08172
burk:DM992_18305	ko:K00790
burk:DM992_18320	ko:K07172
burk:DM992_18325	ko:K02624
burk:DM992_18330	ko:K10844
burk:DM992_18370	ko:K08995
burk:DM992_18385	ko:K03406
burk:DM992_18415	ko:K09705
burk:DM992_18450	ko:K05366
burk:DM992_18455	ko:K01777
burk:DM992_18460	ko:K01999
burk:DM992_18470	ko:K19743
burk:DM992_18480	ko:K01420
burk:DM992_18505	ko:K00832
burk:DM992_18510	ko:K11734
burk:DM992_18515	ko:K03719
burk:DM992_18525	ko:K01114
burk:DM992_18545	ko:K02028
burk:DM992_18550	ko:K02029
burk:DM992_18555	ko:K02030
burk:DM992_18560	ko:K02624
burk:DM992_18580	ko:K27838
burk:DM992_18590	ko:K03281
burk:DM992_18600	ko:K03285
burk:DM992_18665	ko:K13936
burk:DM992_18680	ko:K00140
burk:DM992_18685	ko:K00822
burk:DM992_18690	ko:K21699
burk:DM992_18695	ko:K05913
burk:DM992_18710	ko:K07124
burk:DM992_18715	ko:K14189
burk:DM992_18755	ko:K03719
burk:DM992_18760	ko:K05834
burk:DM992_18775	ko:K03406
burk:DM992_18780	ko:K20034
burk:DM992_18790	ko:K18138
burk:DM992_18795	ko:K03585
burk:DM992_18800	ko:K18903
burk:DM992_18805	ko:K07665
burk:DM992_18810	ko:K07644
burk:DM992_18830	ko:K04064
burk:DM992_18850	ko:K02529
burk:DM992_18855	ko:K00692
burk:DM992_18860	ko:K03332
burk:DM992_18895	ko:K00375
burk:DM992_18930	ko:K01993
burk:DM992_18935	ko:K01990
burk:DM992_18940	ko:K01992
burk:DM992_18960	ko:K00801
burk:DM992_18965	ko:K01126
burk:DM992_18975	ko:K24700
burk:DM992_18990	ko:K04091
burk:DM992_19000	ko:K15553
burk:DM992_19005	ko:K15554
burk:DM992_19010	ko:K15555
burk:DM992_19020	ko:K15553
burk:DM992_19025	ko:K07140
burk:DM992_19030	ko:K07649
burk:DM992_19035	ko:K07774
burk:DM992_19040	ko:K07552
burk:DM992_19045	ko:K00375
burk:DM992_19050	ko:K02012
burk:DM992_19055	ko:K02011
burk:DM992_19060	ko:K02010
burk:DM992_19085	ko:K02510
burk:DM992_19090	ko:K02509
burk:DM992_19095	ko:K01826
burk:DM992_19100	ko:K00455
burk:DM992_19105	ko:K00151
burk:DM992_19110	ko:K05921
burk:DM992_19115	ko:K05921
burk:DM992_19135	ko:K03587
burk:DM992_19140	ko:K26735
burk:DM992_19145	ko:K06150
burk:DM992_19150	ko:K06151
burk:DM992_19155	ko:K06152
burk:DM992_19170	ko:K00259
burk:DM992_19175	ko:K02347
burk:DM992_19180	ko:K06204
burk:DM992_19210	ko:K00249
burk:DM992_19225	ko:K01192
burk:DM992_19245	ko:K02348
burk:DM992_19250	ko:K16011
burk:DM992_19270	ko:K16692
burk:DM992_19275	ko:K01991
burk:DM992_19290	ko:K03328
burk:DM992_19300	ko:K05349
burk:DM992_19320	ko:K03746
burk:DM992_19325	ko:K22468
burk:DM992_19340	ko:K22318
burk:DM992_19345	ko:K00681
burk:DM992_19355	ko:K03724
burk:DM992_19360	ko:K16263
burk:DM992_19375	ko:K02623
burk:DM992_19390	ko:K00449
burk:DM992_19395	ko:K00448
burk:DM992_19410	ko:K16203
burk:DM992_19420	ko:K13891
burk:DM992_19425	ko:K13890
burk:DM992_19430	ko:K13889
burk:DM992_19435	ko:K13892
burk:DM992_19440	ko:K13051
burk:DM992_19450	ko:K08191
burk:DM992_19455	ko:K01187
burk:DM992_19465	ko:K02168
burk:DM992_19495	ko:K07112
burk:DM992_19500	ko:K07112
burk:DM992_19505	ko:K22042
burk:DM992_19510	ko:K22549
burk:DM992_19515	ko:K22550
burk:DM992_19520	ko:K21061
burk:DM992_19525	ko:K12658
burk:DM992_19530	ko:K21062
burk:DM992_19545	ko:K13877
burk:DM992_19550	ko:K13609
burk:DM992_19555	ko:K01687
burk:DM992_19570	ko:K03086
burk:DM992_19575	ko:K04477
burk:DM992_19590	ko:K18118
burk:DM992_19615	ko:K01841
burk:DM992_19620	ko:K09459
burk:DM992_19625	ko:K03430
burk:DM992_19655	ko:K02040
burk:DM992_19685	ko:K07497
burk:DM992_19715	ko:K01259
burk:DM992_19760	ko:K21645
burk:DM992_19775	ko:K11935
burk:DM992_19780	ko:K11931
burk:DM992_19785	ko:K11936
burk:DM992_19795	ko:K00820
burk:DM992_19810	ko:K06016
burk:DM992_19820	ko:K01999
burk:DM992_19825	ko:K03566
burk:DM992_19845	ko:K24119
burk:DM992_19850	ko:K03387
burk:DM992_19860	ko:K02483
burk:DM992_19865	ko:K02484
burk:DM992_19885	ko:K01607
burk:DM992_19900	ko:K16014
burk:DM992_19905	ko:K03566
burk:DM992_19915	ko:K01775
burk:DM992_19935	ko:K03413
burk:DM992_19955	ko:K03407
burk:DM992_19970	ko:K18829
burk:DM992_19975	ko:K06999
burk:DM992_19980	ko:K11738
burk:DM992_19985	ko:K01744
burk:DM992_20000	ko:K16090
burk:DM992_20030	ko:K13491
burk:DM992_20035	ko:K11444
burk:DM992_20050	ko:K01560
burk:DM992_20065	ko:K00140
burk:DM992_20070	ko:K00020
burk:DM992_20080	ko:K18030
burk:DM992_20085	ko:K18029
burk:DM992_20090	ko:K14974
burk:DM992_20095	ko:K01799
burk:DM992_20100	ko:K15357
burk:DM992_20105	ko:K18028
burk:DM992_20110	ko:K13995
burk:DM992_20115	ko:K18030
burk:DM992_20120	ko:K22296
burk:DM992_20150	ko:K03457
burk:DM992_20155	ko:K16841
burk:DM992_20185	ko:K15553
burk:DM992_20195	ko:K20534
burk:DM992_20210	ko:K12513
burk:DM992_20220	ko:K12511
burk:DM992_20225	ko:K12510
burk:DM992_20230	ko:K02283
burk:DM992_20235	ko:K02282
burk:DM992_20240	ko:K02281
burk:DM992_20245	ko:K02280
burk:DM992_20250	ko:K02279
burk:DM992_20255	ko:K02278
burk:DM992_20260	ko:K02651
burk:DM992_20265	ko:K15553
burk:DM992_20270	ko:K15554
burk:DM992_20275	ko:K15554
burk:DM992_20280	ko:K15555
burk:DM992_20285	ko:K22303
burk:DM992_20290	ko:K22303
burk:DM992_20295	ko:K12368
burk:DM992_20305	ko:K15553
burk:DM992_20310	ko:K09957
burk:DM992_20320	ko:K03756
burk:DM992_20325	ko:K01584
burk:DM992_20335	ko:K01581
burk:DM992_20365	ko:K16345
burk:DM992_20390	ko:K03574
burk:DM992_20435	ko:K10001
burk:DM992_20465	ko:K04077
burk:DM992_20475	ko:K05685
burk:DM992_20485	ko:K07100
burk:DM992_20505	ko:K00124
burk:DM992_20510	ko:K00123
burk:DM992_20535	ko:K13993
burk:DM992_20545	ko:K00948
burk:DM992_20550	ko:K07028
burk:DM992_20555	ko:K00763
burk:DM992_20590	ko:K05973
burk:DM992_20595	ko:K01007
burk:DM992_20605	ko:K07483
burk:DM992_20610	ko:K07484
burk:DM992_20615	ko:K07484
burk:DM992_20630	ko:K06890
burk:DM992_20645	ko:K22736
burk:DM992_20660	ko:K01876
burk:DM992_20685	ko:K08166
burk:DM992_20705	ko:K10441
burk:DM992_20710	ko:K10439
burk:DM992_20720	ko:K01426
burk:DM992_20730	ko:K01455
burk:DM992_20735	ko:K11963
burk:DM992_20740	ko:K11962
burk:DM992_20745	ko:K11961
burk:DM992_20750	ko:K11960
burk:DM992_20755	ko:K11959
burk:DM992_20780	ko:K02483
burk:DM992_20785	ko:K18138
burk:DM992_20790	ko:K03585
burk:DM992_20795	ko:K18139
burk:DM992_20800	ko:K03285
burk:DM992_20815	ko:K02483
burk:DM992_20825	ko:K02483
burk:DM992_20855	ko:K01497
burk:DM992_20870	ko:K06140
burk:DM992_20895	ko:K11209
burk:DM992_20905	ko:K18300
burk:DM992_20910	ko:K19585
burk:DM992_20915	ko:K19586
burk:DM992_20920	ko:K13639
burk:DM992_20945	ko:K00681
burk:DM992_20955	ko:K02049
burk:DM992_20960	ko:K02050
burk:DM992_20985	ko:K07001
burk:DM992_20995	ko:K01091
burk:DM992_21005	ko:K10027
burk:DM992_21065	ko:K06223
burk:DM992_21095	ko:K26977
burk:DM992_21100	ko:K26976
burk:DM992_21105	ko:K26975
burk:DM992_21110	ko:K26974
burk:DM992_21120	ko:K26973
burk:DM992_21190	ko:K07451
burk:DM992_21210	ko:K02314
burk:DM992_21315	ko:K01771
burk:DM992_21325	ko:K02026
burk:DM992_21330	ko:K02025
burk:DM992_21335	ko:K02027
burk:DM992_21365	ko:K00146
burk:DM992_21375	ko:K07054
burk:DM992_21380	ko:K21405
burk:DM992_21385	ko:K10856
burk:DM992_21390	ko:K10854
burk:DM992_21395	ko:K10855
burk:DM992_21460	ko:K09021
burk:DM992_21465	ko:K06143
burk:DM992_21470	ko:K07641
burk:DM992_21475	ko:K07663
burk:DM992_21490	ko:K00215
burk:DM992_21495	ko:K00059
burk:DM992_21520	ko:K16348
burk:DM992_21525	ko:K00609
burk:DM992_21530	ko:K07062
burk:DM992_21540	ko:K16090
burk:DM992_21545	ko:K07126
burk:DM992_21550	ko:K07336
burk:DM992_21560	ko:K28280
burk:DM992_21565	ko:K28279
burk:DM992_21570	ko:K08641
burk:DM992_21575	ko:K07141
burk:DM992_21590	ko:K24707
burk:DM992_21595	ko:K23271
burk:DM992_21600	ko:K10440
burk:DM992_21605	ko:K10441
burk:DM992_21610	ko:K10439
burk:DM992_21620	ko:K00077
burk:DM992_21625	ko:K03406
burk:DM992_21630	ko:K07687
burk:DM992_21695	ko:K07302
burk:DM992_21700	ko:K07303
burk:DM992_21710	ko:K03225
burk:DM992_21715	ko:K03226
burk:DM992_21720	ko:K03194
burk:DM992_21725	ko:K01953
burk:DM992_21730	ko:K03229
burk:DM992_21735	ko:K03228
burk:DM992_21745	ko:K03224
burk:DM992_21750	ko:K03223
burk:DM992_21755	ko:K04054
burk:DM992_21760	ko:K03222
burk:DM992_21775	ko:K03220
burk:DM992_21780	ko:K03219
burk:DM992_21785	ko:K03227
burk:DM992_21790	ko:K03230
burk:DM992_21820	ko:K07267
burk:DM992_21825	ko:K01194
burk:DM992_21845	ko:K09927
burk:DM992_21850	ko:K00208
burk:DM992_21860	ko:K00925
burk:DM992_21865	ko:K00625
burk:DM992_21870	ko:K02115
burk:DM992_21875	ko:K02114
burk:DM992_21895	ko:K01091
burk:DM992_21900	ko:K08995
burk:DM992_21905	ko:K22479
burk:DM992_21915	ko:K01586
burk:DM992_21920	ko:K02424
burk:DM992_21925	ko:K10009
burk:DM992_21930	ko:K10010
burk:DM992_21935	ko:K01760
burk:DM992_21965	ko:K03462
burk:DM992_21970	ko:K13522
burk:DM992_21990	ko:K01448
burk:DM992_22005	ko:K01915
burk:DM992_22015	ko:K09471
burk:DM992_22025	ko:K17735
burk:DM992_22030	ko:K05817
burk:DM992_22035	ko:K01574
burk:DM992_22055	ko:K03522
burk:DM992_22060	ko:K03521
burk:DM992_22065	ko:K00311
burk:DM992_22070	ko:K20035
burk:DM992_22085	ko:K01715
burk:DM992_22090	ko:K07497
burk:DM992_22110	ko:K18700
burk:DM992_22115	ko:K00459
burk:DM992_22120	ko:K14170
burk:DM992_22140	ko:K03543
burk:DM992_22145	ko:K03446
burk:DM992_22155	ko:K14578
burk:DM992_22160	ko:K18243
burk:DM992_22165	ko:K18242
burk:DM992_22170	ko:K01626
burk:DM992_22175	ko:K07107
burk:DM992_22190	ko:K10974
burk:DM992_22195	ko:K01485
burk:DM992_22200	ko:K09017
burk:DM992_22210	ko:K07090
burk:DM992_22225	ko:K13574
burk:DM992_22235	ko:K00459
burk:DM992_22245	ko:K13633
burk:DM992_22290	ko:K02483
burk:DM992_22315	ko:K17836
burk:DM992_22320	ko:K17850
burk:DM992_22345	ko:K03569
burk:DM992_22350	ko:K07001
burk:DM992_22355	ko:K02484
burk:DM992_22360	ko:K02483
burk:DM992_22365	ko:K01425
burk:DM992_22370	ko:K18139
burk:DM992_22375	ko:K18138
burk:DM992_22380	ko:K03585
burk:DM992_22385	ko:K02483
burk:DM992_22400	ko:K01166
burk:DM992_22430	ko:K13888
burk:DM992_22435	ko:K05685
burk:DM992_22440	ko:K18139
burk:DM992_22465	ko:K00020
burk:DM992_22470	ko:K00140
burk:DM992_22475	ko:K01895
burk:DM992_22495	ko:K07403
burk:DM992_22520	ko:K07044
burk:DM992_22550	ko:K06901
burk:DM992_22585	ko:K21405
burk:DM992_22605	ko:K07156
burk:DM992_22610	ko:K09796
burk:DM992_22620	ko:K05834
burk:DM992_22630	ko:K14228
burk:DM992_22660	ko:K11904
burk:DM992_22670	ko:K08224
burk:DM992_22680	ko:K00596
burk:DM992_22710	ko:K01996
burk:DM992_22715	ko:K01995
burk:DM992_22720	ko:K01998
burk:DM992_22725	ko:K01997
burk:DM992_22730	ko:K01999
burk:DM992_22745	ko:K07493
burk:DM992_22775	ko:K11904
burk:DM992_22795	ko:K21021
burk:DM992_22810	ko:K26064
burk:DM992_22820	ko:K07046
burk:DM992_22825	ko:K10439
burk:DM992_22830	ko:K10440
burk:DM992_22835	ko:K10441
burk:DM992_22840	ko:K18333
burk:DM992_22845	ko:K18334
burk:DM992_22850	ko:K18336
burk:DM992_22855	ko:K18335
burk:DM992_22875	ko:K00471
burk:DM992_22885	ko:K27492
burk:DM992_22890	ko:K17735
burk:DM992_22895	ko:K27837
burk:DM992_22900	ko:K02002
burk:DM992_22905	ko:K01637
burk:DM992_22935	ko:K07240
burk:DM992_22955	ko:K00146
burk:DM992_22970	ko:K15228
burk:DM992_22985	ko:K15229
burk:DM992_22990	ko:K04033
burk:DM992_22995	ko:K17736
burk:DM992_23000	ko:K20274
burk:DM992_23005	ko:K05994
burk:DM992_23020	ko:K13794
burk:DM992_23025	ko:K13796
burk:DM992_23030	ko:K13795
burk:DM992_23035	ko:K03288
burk:DM992_23055	ko:K08720
burk:DM992_23060	ko:K02002
burk:DM992_23065	ko:K01133
burk:DM992_23080	ko:K01433
burk:DM992_23090	ko:K02002
burk:DM992_23095	ko:K21832
burk:DM992_23100	ko:K00479
burk:DM992_23105	ko:K25961
burk:DM992_23110	ko:K25960
burk:DM992_23115	ko:K21834
burk:DM992_23120	ko:K21833
burk:DM992_23130	ko:K01273
burk:DM992_23135	ko:K00600
burk:DM992_23140	ko:K21826
burk:DM992_23160	ko:K00148
burk:DM992_23165	ko:K03543
burk:DM992_23175	ko:K12990
burk:DM992_23180	ko:K03446
burk:DM992_23185	ko:K18101
burk:DM992_23195	ko:K18100
burk:DM992_23200	ko:K02167
burk:DM992_23205	ko:K00130
burk:DM992_23210	ko:K00108
burk:DM992_23230	ko:K07275
burk:DM992_23255	ko:K01990
burk:DM992_23260	ko:K01992
burk:DM992_23265	ko:K28762
burk:DM992_23305	ko:K01607
burk:DM992_23330	ko:K06139
burk:DM992_23335	ko:K06138
burk:DM992_23340	ko:K06137
burk:DM992_23345	ko:K06136
burk:DM992_23350	ko:K06135
burk:DM992_23360	ko:K21405
burk:DM992_23365	ko:K01259
burk:DM992_23375	ko:K00114
burk:DM992_23380	ko:K02030
burk:DM992_23390	ko:K03086
burk:DM992_23395	ko:K01895
burk:DM992_23405	ko:K03406
burk:DM992_23410	ko:K05367
burk:DM992_23415	ko:K06894
burk:DM992_23420	ko:K09808
burk:DM992_23425	ko:K01281
burk:DM992_23435	ko:K05845
burk:DM992_23440	ko:K05846
burk:DM992_23445	ko:K05847
burk:DM992_23450	ko:K05846
burk:DM992_23470	ko:K01633
burk:DM992_23475	ko:K00305
burk:DM992_23480	ko:K00302
burk:DM992_23485	ko:K00304
burk:DM992_23490	ko:K00303
burk:DM992_23495	ko:K01752
burk:DM992_23510	ko:K08319
burk:DM992_23515	ko:K21948
burk:DM992_23520	ko:K22130
burk:DM992_23530	ko:K22131
burk:DM992_23535	ko:K22025
burk:DM992_23540	ko:K07027
burk:DM992_23555	ko:K07666
burk:DM992_23560	ko:K07645
burk:DM992_23580	ko:K00476
burk:DM992_23585	ko:K03636
burk:DM992_23595	ko:K03566
burk:DM992_23605	ko:K02002
burk:DM992_23610	ko:K21826
burk:DM992_23615	ko:K02001
burk:DM992_23620	ko:K02000
burk:DM992_23650	ko:K00299
burk:DM992_23665	ko:K21449
burk:DM992_23720	ko:K01114
burk:DM992_23730	ko:K01968
burk:DM992_23735	ko:K13766
burk:DM992_23740	ko:K01969
burk:DM992_23745	ko:K00253
burk:DM992_23755	ko:K22489
burk:DM992_23760	ko:K03862
burk:DM992_23765	ko:K03863
burk:DM992_23775	ko:K26744
burk:DM992_23790	ko:K02014
burk:DM992_23800	ko:K08092
burk:DM992_23805	ko:K08322
burk:DM992_23810	ko:K08323
burk:DM992_23820	ko:K00040
burk:DM992_23825	ko:K08191
burk:DM992_23845	ko:K19713
burk:DM992_23865	ko:K05834
burk:DM992_23890	ko:K02483
burk:DM992_23920	ko:K07734
burk:DM992_23925	ko:K00375
burk:DM992_23930	ko:K05366
burk:DM992_23940	ko:K06901
burk:DM992_23955	ko:K03285
burk:DM992_23965	ko:K08369
burk:DM992_23970	ko:K05802
burk:DM992_23975	ko:K26061
burk:DM992_23980	ko:K11733
burk:DM992_23985	ko:K09471
burk:DM992_24000	ko:K02444
burk:DM992_24020	ko:K01916
burk:DM992_24030	ko:K08677
burk:DM992_24040	ko:K03719
burk:DM992_24050	ko:K12255
burk:DM992_24060	ko:K00549
burk:DM992_24065	ko:K03576
burk:DM992_24085	ko:K03306
burk:DM992_24090	ko:K09990
burk:DM992_24105	ko:K01985
burk:DM992_24115	ko:K01980
burk:DM992_24125	ko:K14218
burk:DM992_24130	ko:K14227
burk:DM992_24135	ko:K01977
burk:DM992_24150	ko:K00206
burk:DM992_24155	ko:K19670
burk:DM992_24160	ko:K11083
burk:DM992_24165	ko:K11084
burk:DM992_24170	ko:K11081
burk:DM992_24180	ko:K03430
burk:DM992_24185	ko:K08194
burk:DM992_24190	ko:K25901
burk:DM992_24195	ko:K03786
burk:DM992_24200	ko:K26400
burk:DM992_24215	ko:K01999
burk:DM992_24220	ko:K03762
burk:DM992_24225	ko:K15977
burk:DM992_24230	ko:K02431
burk:DM992_24240	ko:K01708
burk:DM992_24245	ko:K01707
burk:DM992_24260	ko:K13877
burk:DM992_24265	ko:K03535
burk:DM992_24285	ko:K21449
burk:DM992_24305	ko:K02072
burk:DM992_24310	ko:K02071
burk:DM992_24315	ko:K20938
burk:DM992_24320	ko:K02073
burk:DM992_24330	ko:K11616
burk:DM992_24335	ko:K10125
burk:DM992_24340	ko:K10126
burk:DM992_24400	ko:K18903
burk:DM992_24405	ko:K18902
burk:DM992_24410	ko:K18901
burk:DM992_24420	ko:K18900
burk:DM992_24425	ko:K07486
burk:DM992_24450	ko:K01008
burk:DM992_24460	ko:K00375
burk:DM992_24465	ko:K00823
burk:DM992_24470	ko:K00135
burk:DM992_24475	ko:K03776
burk:DM992_24480	ko:K03776
burk:DM992_24500	ko:K07823
burk:DM992_24505	ko:K02624
burk:DM992_24525	ko:K06987
burk:DM992_24530	ko:K10013
burk:DM992_24535	ko:K14057
burk:DM992_24555	ko:K01451
burk:DM992_24570	ko:K00036
burk:DM992_24580	ko:K19577
burk:DM992_24595	ko:K06222
burk:DM992_24600	ko:K10680
burk:DM992_24605	ko:K00064
burk:DM992_24620	ko:K06901
burk:DM992_24630	ko:K08973
burk:DM992_24645	ko:K14057
burk:DM992_24650	ko:K10013
burk:DM992_24655	ko:K06987
burk:DM992_24660	ko:K02073
burk:DM992_24685	ko:K16087
burk:DM992_24690	ko:K07225
burk:DM992_24695	ko:K25132
burk:DM992_24700	ko:K25133
burk:DM992_24705	ko:K10834
burk:DM992_24720	ko:K05366
burk:DM992_24725	ko:K04343
burk:DM992_24730	ko:K14977
burk:DM992_24745	ko:K02503
burk:DM992_24760	ko:K00799
burk:DM992_24765	ko:K07071
burk:DM992_24790	ko:K00209
burk:DM992_24800	ko:K16137
burk:DM992_24865	ko:K00799
burk:DM992_24875	ko:K05596
burk:DM992_24880	ko:K01620
burk:DM992_24895	ko:K00425
burk:DM992_24900	ko:K00426
burk:DM992_24925	ko:K02053
burk:DM992_24930	ko:K02055
burk:DM992_24935	ko:K02052
burk:DM992_24940	ko:K02053
burk:DM992_24945	ko:K03566
burk:DM992_24970	ko:K17686
burk:DM992_24990	ko:K00891
burk:DM992_24995	ko:K07107
burk:DM992_25005	ko:K00252
burk:DM992_25010	ko:K01626
burk:DM992_25015	ko:K14170
burk:DM992_25020	ko:K01626
burk:DM992_25035	ko:K00375
burk:DM992_25040	ko:K04090
burk:DM992_25055	ko:K03577
burk:DM992_25060	ko:K18139
burk:DM992_25065	ko:K18138
burk:DM992_25070	ko:K03585
burk:DM992_25085	ko:K07507
burk:DM992_25095	ko:K05874
burk:DM992_25105	ko:K06218
burk:DM992_25110	ko:K18923
burk:DM992_25115	ko:K01796
burk:DM992_25125	ko:K09788
burk:DM992_25130	ko:K20455
burk:DM992_25135	ko:K01659
burk:DM992_25140	ko:K03417
burk:DM992_25145	ko:K02688
burk:DM992_25160	ko:K18336
burk:DM992_25180	ko:K09181
burk:DM992_25185	ko:K03746
burk:DM992_25230	ko:K03825
burk:DM992_25235	ko:K01114
burk:DM992_25260	ko:K10823
burk:DM992_25265	ko:K15583
burk:DM992_25270	ko:K15582
burk:DM992_25275	ko:K15581
burk:DM992_25280	ko:K15580
burk:DM992_25295	ko:K03305
burk:DM992_25310	ko:K05786
burk:DM992_25315	ko:K01512
burk:DM992_25330	ko:K00091
burk:DM992_25350	ko:K03527
burk:DM992_25380	ko:K01822
burk:DM992_25385	ko:K11068
burk:DM992_25395	ko:K06200
burk:DM992_25455	ko:K00800
burk:DM992_25460	ko:K00441
burk:DM992_25520	ko:K00612
burk:DM992_25550	ko:K01778
burk:DM992_25560	ko:K01626
burk:DM992_25580	ko:K09915
burk:DM992_25585	ko:K16216
burk:DM992_25595	ko:K01714
burk:DM992_25600	ko:K01628
burk:DM992_25610	ko:K05836
burk:DM992_25620	ko:K10014
burk:DM992_25670	ko:K01845
burk:DM992_25675	ko:K03293
burk:DM992_25685	ko:K01751
burk:DM992_25690	ko:K03719
burk:DM992_25705	ko:K05819
burk:DM992_25715	ko:K12508
burk:DM992_25720	ko:K21802
burk:DM992_25725	ko:K18383
burk:DM992_25730	ko:K07045
burk:DM992_25735	ko:K13874
burk:DM992_25740	ko:K10538
burk:DM992_25745	ko:K10539
burk:DM992_25750	ko:K10537
burk:DM992_25755	ko:K13873
burk:DM992_25760	ko:K13876
burk:DM992_25770	ko:K13875
burk:DM992_25815	ko:K10111
burk:DM992_25820	ko:K12308
burk:DM992_25825	ko:K02027
burk:DM992_25830	ko:K02025
burk:DM992_25835	ko:K02026
burk:DM992_25850	ko:K11474
burk:DM992_25855	ko:K00104
burk:DM992_25860	ko:K11472
burk:DM992_25865	ko:K11473
burk:DM992_25870	ko:K11477
burk:DM992_25880	ko:K01638
burk:DM992_25890	ko:K02480
burk:DM992_25900	ko:K07323
burk:DM992_25905	ko:K07003
burk:DM992_25910	ko:K04754
burk:DM992_25920	ko:K06045
burk:DM992_25925	ko:K21677
burk:DM992_25930	ko:K21678
burk:DM992_25955	ko:K03410
burk:DM992_25975	ko:K19784
burk:DM992_25980	ko:K03088
burk:DM992_25990	ko:K00537
burk:DM992_25995	ko:K03496
burk:DM992_26000	ko:K03497
burk:DM992_26035	ko:K00639
burk:DM992_26040	ko:K00060
burk:DM992_26060	ko:K09958
burk:DM992_26070	ko:K07246
burk:DM992_26075	ko:K16135
burk:DM992_26080	ko:K00145
burk:DM992_26095	ko:K07001
burk:DM992_26105	ko:K00019
burk:DM992_26110	ko:K01574
burk:DM992_26160	ko:K24411
burk:DM992_26180	ko:K06895
burk:DM992_26185	ko:K05596
burk:DM992_26190	ko:K01420
burk:DM992_26210	ko:K00640
burk:DM992_26225	ko:K01495
burk:DM992_26235	ko:K00481
burk:DM992_26240	ko:K01031
burk:DM992_26245	ko:K01032
burk:DM992_26250	ko:K01857
burk:DM992_26255	ko:K01055
burk:DM992_26260	ko:K01607
burk:DM992_26265	ko:K08195
burk:DM992_26280	ko:K06223
burk:DM992_26285	ko:K07318
burk:DM992_26345	ko:K07497
burk:DM992_26395	ko:K15977
burk:DM992_26400	ko:K06893
burk:DM992_26455	ko:K15977
burk:DM992_26460	ko:K06988
burk:DM992_26470	ko:K00612
burk:DM992_26475	ko:K07241
burk:DM992_26485	ko:K06282
burk:DM992_26490	ko:K06281
burk:DM992_26495	ko:K03620
burk:DM992_26500	ko:K03605
burk:DM992_26505	ko:K04653
burk:DM992_26510	ko:K03619
burk:DM992_26515	ko:K03618
burk:DM992_26535	ko:K04651
burk:DM992_26540	ko:K04652
burk:DM992_26545	ko:K04656
burk:DM992_26550	ko:K04653
burk:DM992_26555	ko:K04654
burk:DM992_26560	ko:K04655
burk:DM992_26565	ko:K19641
burk:DM992_26570	ko:K23548
burk:DM992_26575	ko:K23549
burk:DM992_26580	ko:K19661
burk:DM992_26585	ko:K07483
burk:DM992_26600	ko:K03777
burk:DM992_26605	ko:K18928
burk:DM992_26610	ko:K18929
burk:DM992_26615	ko:K00782
burk:DM992_26625	ko:K03285
burk:DM992_26645	ko:K05805
burk:DM992_26670	ko:K07666
burk:DM992_26675	ko:K07645
burk:DM992_26710	ko:K07126
burk:DM992_26775	ko:K02970
burk:DM992_26790	ko:K03704
burk:DM992_26820	ko:K06938
burk:DM992_26850	ko:K03769
burk:DM992_26865	ko:K03928
burk:DM992_26875	ko:K00854
burk:DM992_26885	ko:K10112
burk:DM992_26890	ko:K05351
burk:DM992_26895	ko:K02026
burk:DM992_26900	ko:K02025
burk:DM992_26905	ko:K02027
burk:DM992_26925	ko:K13876
burk:DM992_26930	ko:K25260
burk:DM992_26935	ko:K00097
burk:DM992_26975	ko:K00249
burk:DM992_26995	ko:K02336
burk:DM992_27005	ko:K00059
burk:DM992_27020	ko:K02526
burk:DM992_27025	ko:K01815
burk:DM992_27030	ko:K00065
burk:DM992_27035	ko:K19333
burk:DM992_27040	ko:K26148
burk:DM992_27060	ko:K03885
burk:DM992_27065	ko:K21703
burk:DM992_27075	ko:K07506
burk:DM992_27090	ko:K05782
burk:DM992_27110	ko:K05591
burk:DM992_27120	ko:K00116
burk:DM992_27140	ko:K01999
burk:DM992_27145	ko:K03442
burk:DM992_27155	ko:K13653
burk:DM992_27160	ko:K20277
burk:DM992_27165	ko:K20277
burk:DM992_27170	ko:K20277
burk:DM992_27175	ko:K01649
burk:DM992_27200	ko:K03543
burk:DM992_27205	ko:K03446
burk:DM992_27215	ko:K03892
burk:DM992_27220	ko:K03741
burk:DM992_27225	ko:K03325
burk:DM992_27230	ko:K11811
burk:DM992_27235	ko:K00619
burk:DM992_27245	ko:K19048
burk:DM992_27255	ko:K05595
burk:DM992_27335	ko:K03787
burk:DM992_27340	ko:K26606
burk:DM992_27345	ko:K26605
burk:DM992_27350	ko:K26601
burk:DM992_27375	ko:K07497
burk:DM992_27390	ko:K07497
burk:DM992_27395	ko:K11004
burk:DM992_27400	ko:K11003
burk:DM992_27405	ko:K12340
burk:DM992_27425	ko:K03671
burk:DM992_27450	ko:K07126
burk:DM992_27460	ko:K01505
burk:DM992_27470	ko:K00163
burk:DM992_27475	ko:K03719
burk:DM992_27480	ko:K00156
burk:DM992_27485	ko:K00570
burk:DM992_27490	ko:K07496
burk:DM992_27500	ko:K17838
burk:DM992_27520	ko:K06992
burk:DM992_27565	ko:K11921
burk:DM992_27570	ko:K01673
burk:DM992_27575	ko:K01725
burk:DM992_27595	ko:K00598
burk:DM992_27600	ko:K06893
burk:DM992_27635	ko:K00799
burk:DM992_27645	ko:K07796
burk:DM992_27650	ko:K07798
burk:DM992_27655	ko:K07787
burk:DM992_27660	ko:K07810
burk:DM992_27665	ko:K07301
burk:DM992_27670	ko:K03406
burk:DM992_27710	ko:K07644
burk:DM992_27715	ko:K07665
burk:DM992_27735	ko:K22348
burk:DM992_27745	ko:K07156
burk:DM992_27750	ko:K07245
burk:DM992_27755	ko:K07004
burk:DM992_27775	ko:K04033
burk:DM992_27790	ko:K00600
burk:DM992_27795	ko:K28029
burk:DM992_27810	ko:K04487
burk:DM992_27835	ko:K00146
burk:DM992_27840	ko:K00217
burk:DM992_27845	ko:K04098
burk:DM992_27850	ko:K09780
burk:DM992_27870	ko:K17686
burk:DM992_27885	ko:K03744
burk:DM992_27930	ko:K00820
burk:DM992_27935	ko:K03719
burk:DM992_27940	ko:K00606
burk:DM992_27950	ko:K00567
burk:DM992_27955	ko:K13529
burk:DM992_27960	ko:K08191
burk:DM992_27965	ko:K02529
burk:DM992_27970	ko:K18981
burk:DM992_27985	ko:K02014
burk:DM992_28010	ko:K05835
burk:DM992_28015	ko:K00131
burk:DM992_28020	ko:K16090
burk:DM992_28060	ko:K01999
burk:DM992_28100	ko:K00029
burk:DM992_28110	ko:K02277
burk:DM992_28115	ko:K02276
burk:DM992_28120	ko:K02276
burk:DM992_28125	ko:K02274
burk:DM992_28130	ko:K02275
burk:DM992_28165	ko:K11740
burk:DM992_28185	ko:K05825
burk:DM992_28195	ko:K00275
burk:DM992_28200	ko:K03566
burk:DM992_28220	ko:K00054
burk:DM992_28230	ko:K07793
burk:DM992_28260	ko:K01426
burk:DM992_28275	ko:K00640
burk:DM992_28290	ko:K11717
burk:DM992_28295	ko:K00930
burk:DM992_28300	ko:K02806
burk:DM992_28320	ko:K04077
burk:DM992_28325	ko:K04078
burk:DM992_28355	ko:K01130
burk:DM992_28360	ko:K13444
burk:DM992_28365	ko:K02073
burk:DM992_28400	ko:K01469
burk:DM992_28405	ko:K14051
burk:DM992_28410	ko:K13816
burk:DM992_28420	ko:K02483
burk:DM992_28430	ko:K10236
burk:DM992_28435	ko:K10237
burk:DM992_28440	ko:K10238
burk:DM992_28445	ko:K10111
burk:DM992_28460	ko:K02024
burk:DM992_28470	ko:K00845
burk:DM992_28495	ko:K05275
burk:DM992_28530	ko:K00799
burk:DM992_28550	ko:K20862
burk:DM992_28605	ko:K01750
burk:DM992_28625	ko:K22879
burk:DM992_28635	ko:K01999
burk:DM992_28640	ko:K01997
burk:DM992_28640	ko:K01998
burk:DM992_28645	ko:K01995
burk:DM992_28650	ko:K01996
burk:DM992_28655	ko:K07649
burk:DM992_28660	ko:K07774
burk:DM992_28665	ko:K15553
burk:DM992_28720	ko:K19689
burk:DM992_28725	ko:K00484
burk:DM992_28735	ko:K00059
burk:DM992_28740	ko:K01426
burk:DM992_28755	ko:K22027
burk:DM992_28765	ko:K01821
burk:DM992_28810	ko:K04940
burk:DM992_28815	ko:K00074
burk:DM992_28825	ko:K02055
burk:DM992_28845	ko:K02053
burk:DM992_28850	ko:K02054
burk:DM992_28855	ko:K02052
burk:DM992_28890	ko:K03449
burk:DM992_28915	ko:K05835
burk:DM992_28940	ko:K19784
burk:DM992_28950	ko:K15125
burk:DM992_28970	ko:K07493
burk:DM992_28975	ko:K07326
burk:DM992_29000	ko:K01607
burk:DM992_29010	ko:K10215
burk:DM992_29045	ko:K00799
burk:DM992_29050	ko:K07006
burk:DM992_29060	ko:K02014
burk:DM992_29065	ko:K03811
burk:DM992_29075	ko:K15725
burk:DM992_29080	ko:K15727
burk:DM992_29085	ko:K15726
burk:DM992_29090	ko:K07665
burk:DM992_29095	ko:K07644
burk:DM992_29120	ko:K01740
burk:DM992_29135	ko:K07074
burk:DM992_29140	ko:K14415
burk:DM992_29155	ko:K14414
burk:DM992_29180	ko:K07154
burk:DM992_29190	ko:K16135
burk:DM992_29195	ko:K07246
burk:DM992_29200	ko:K13021
burk:DM992_29215	ko:K01940
burk:DM992_29230	ko:K11733
burk:DM992_29240	ko:K21757
burk:DM992_29255	ko:K06192
burk:DM992_29275	ko:K05841
burk:DM992_29280	ko:K05836
burk:DM992_29285	ko:K03285
burk:DM992_29305	ko:K01546
burk:DM992_29310	ko:K01548
burk:DM992_29315	ko:K01547
burk:DM992_29320	ko:K07646
burk:DM992_29325	ko:K07667
burk:DM992_29330	ko:K10013
burk:DM992_29335	ko:K10016
burk:DM992_29340	ko:K10015
burk:DM992_29345	ko:K10017
burk:DM992_29360	ko:K05973
burk:DM992_29365	ko:K00799
burk:DM992_29375	ko:K02556
burk:DM992_29380	ko:K02557
burk:DM992_29410	ko:K07493
burk:DM992_29445	ko:K00799
burk:DM992_29450	ko:K05835
burk:DM992_29460	ko:K07493
burk:DM992_29470	ko:K03446
burk:DM992_29475	ko:K03543
burk:DM992_29520	ko:K00219
burk:DM992_29535	ko:K00355
burk:DM992_29540	ko:K11905
burk:DM992_29545	ko:K11907
burk:DM992_29550	ko:K11903
burk:DM992_29560	ko:K11892
burk:DM992_29565	ko:K11893
burk:DM992_29570	ko:K11901
burk:DM992_29575	ko:K11900
burk:DM992_29580	ko:K11904
burk:DM992_29620	ko:K11891
burk:DM992_29625	ko:K11910
burk:DM992_29630	ko:K11896
burk:DM992_29635	ko:K11895
burk:DM992_29640	ko:K11906
burk:DM992_29645	ko:K03464
burk:DM992_29650	ko:K03381
burk:DM992_29655	ko:K01856
burk:DM992_29660	ko:K21757
burk:DM992_29670	ko:K16319
burk:DM992_29675	ko:K16320
burk:DM992_29680	ko:K18248
burk:DM992_29685	ko:K18249
burk:DM992_29695	ko:K21498
burk:DM992_29700	ko:K07334
burk:DM992_29710	ko:K01652
burk:DM992_29720	ko:K24163
burk:DM992_29735	ko:K13487
burk:DM992_29740	ko:K13488
burk:DM992_29745	ko:K13486
burk:DM992_29750	ko:K13489
burk:DM992_29755	ko:K13490
burk:DM992_29760	ko:K13491
burk:DM992_29765	ko:K03281
burk:DM992_29770	ko:K00793
burk:DM992_29775	ko:K06147
burk:DM992_29785	ko:K07223
burk:DM992_29790	ko:K07397
burk:DM992_29805	ko:K03322
burk:DM992_29845	ko:K07004
burk:DM992_29860	ko:K07032
burk:DM992_29875	ko:K00113
burk:DM992_29895	ko:K16011
burk:DM992_29905	ko:K00012
burk:DM992_29910	ko:K25307
burk:DM992_29915	ko:K01991
burk:DM992_29920	ko:K16692
burk:DM992_29965	ko:K03772
burk:DM992_29975	ko:K07044
burk:DM992_30005	ko:K10013
burk:DM992_30030	ko:K15256
burk:DM992_30045	ko:K03699
burk:DM992_30065	ko:K01821
burk:DM992_30075	ko:K02019
burk:DM992_30080	ko:K02017
burk:DM992_30085	ko:K02018
burk:DM992_30090	ko:K02020
burk:DM992_30110	ko:K04063
burk:DM992_30115	ko:K23775
burk:DM992_30125	ko:K02204
burk:DM992_30135	ko:K01241
burk:DM992_30160	ko:K02335
burk:DM992_30165	ko:K03885
burk:DM992_30170	ko:K01061
burk:DM992_30175	ko:K01011
burk:DM992_30185	ko:K03602
burk:DM992_30190	ko:K00795
burk:DM992_30195	ko:K01662
burk:DM992_30200	ko:K09007
burk:DM992_30205	ko:K25706
burk:DM992_30215	ko:K02970
burk:DM992_30220	ko:K09117
burk:DM992_30225	ko:K02316
burk:DM992_30230	ko:K03086
burk:DM992_30235	ko:K14230
burk:DM992_30255	ko:K07493
burk:DM992_30260	ko:K09973
burk:DM992_30300	ko:K06132
burk:DM992_30305	ko:K00375
burk:DM992_30310	ko:K07005
burk:DM992_30315	ko:K05998
burk:DM992_30325	ko:K06867
burk:DM992_30330	ko:K03781
burk:DM992_30345	ko:K22044
burk:DM992_30380	ko:K00033
burk:DM992_30395	ko:K06194
burk:DM992_30420	ko:K02014
burk:DM992_30425	ko:K01046
burk:DM992_30435	ko:K00375
burk:DM992_30440	ko:K02052
burk:DM992_30445	ko:K02055
burk:DM992_30450	ko:K02054
burk:DM992_30455	ko:K02053
burk:DM992_30460	ko:K08169
burk:DM992_30465	ko:K05998
burk:DM992_30490	ko:K27802
burk:DM992_30495	ko:K01720
burk:DM992_30505	ko:K01644
burk:DM992_30510	ko:K00024
burk:DM992_30515	ko:K03710
burk:DM992_30520	ko:K00241
burk:DM992_30525	ko:K00242
burk:DM992_30530	ko:K00239
burk:DM992_30535	ko:K00240
burk:DM992_30540	ko:K09159
burk:DM992_30545	ko:K01647
burk:DM992_30565	ko:K01482
burk:DM992_30575	ko:K11733
burk:DM992_30605	ko:K00799
burk:DM992_30625	ko:K01703
burk:DM992_30630	ko:K16347
burk:DM992_30635	ko:K01704
burk:DM992_30640	ko:K00052
burk:DM992_30650	ko:K00133
burk:DM992_30660	ko:K08086
burk:DM992_30665	ko:K06173
burk:DM992_30670	ko:K01817
burk:DM992_30675	ko:K01696
burk:DM992_30680	ko:K00571
burk:DM992_30685	ko:K01695
burk:DM992_30690	ko:K01963
burk:DM992_30695	ko:K11754
burk:DM992_30700	ko:K03749
burk:DM992_30705	ko:K03558
burk:DM992_30710	ko:K00764
burk:DM992_30715	ko:K10764
burk:DM992_30720	ko:K22252
burk:DM992_30725	ko:K01711
burk:DM992_30755	ko:K00963
burk:DM992_30780	ko:K00984
burk:DM992_30800	ko:K07058
burk:DM992_30805	ko:K00123
burk:DM992_30810	ko:K00123
burk:DM992_30815	ko:K00124
burk:DM992_30820	ko:K00127
burk:DM992_30825	ko:K02380
burk:DM992_30830	ko:K01042
burk:DM992_30835	ko:K03833
burk:DM992_30840	ko:K14238
burk:DM992_30855	ko:K07552
burk:DM992_30865	ko:K03786
burk:DM992_30870	ko:K00014
burk:DM992_30890	ko:K00077
burk:DM992_30915	ko:K13061
burk:DM992_30925	ko:K19666
burk:DM992_30930	ko:K07507
burk:DM992_30940	ko:K12340
burk:DM992_30945	ko:K15547
burk:DM992_30950	ko:K15549
burk:DM992_30965	ko:K09019
burk:DM992_30980	ko:K02458
burk:DM992_30985	ko:K02459
burk:DM992_31020	ko:K02455
burk:DM992_31025	ko:K02452
burk:DM992_31030	ko:K02457
burk:DM992_31045	ko:K07165
burk:DM992_31065	ko:K02460
burk:DM992_31080	ko:K00860
burk:DM992_31090	ko:K03561
burk:DM992_31095	ko:K03559
burk:DM992_31100	ko:K03832
burk:DM992_31140	ko:K04771
burk:DM992_31165	ko:K05710
burk:DM992_31205	ko:K01652
burk:DM992_31210	ko:K06989
burk:DM992_31225	ko:K00529
burk:DM992_31230	ko:K28762
burk:DM992_31250	ko:K05601
burk:DM992_31260	ko:K06934
burk:DM992_31265	ko:K01682
burk:DM992_31285	ko:K01426
burk:DM992_31295	ko:K00675
burk:DM992_31315	ko:K15371
burk:DM992_31325	ko:K01821
burk:DM992_31335	ko:K08717
burk:DM992_31340	ko:K09957
burk:DM992_31350	ko:K07044
burk:DM992_31370	ko:K01480
burk:DM992_31380	ko:K07124
burk:DM992_31385	ko:K15553
burk:DM992_31415	ko:K00344
burk:DM992_31425	ko:K05874
burk:DM992_31445	ko:K10716
burk:DM992_31455	ko:K11902
burk:DM992_31460	ko:K11895
burk:DM992_31465	ko:K11896
burk:DM992_31470	ko:K11897
burk:DM992_31475	ko:K11898
burk:DM992_31485	ko:K11907
burk:DM992_31490	ko:K11901
burk:DM992_31495	ko:K11900
burk:DM992_31500	ko:K11903
burk:DM992_31505	ko:K11906
burk:DM992_31515	ko:K11893
burk:DM992_31520	ko:K11904
burk:DM992_31555	ko:K11892
burk:DM992_31560	ko:K11891
burk:DM992_31565	ko:K11892
burk:DM992_31580	ko:K03746
burk:DM992_31625	ko:K18900
burk:DM992_31635	ko:K07090
burk:DM992_31655	ko:K06194
burk:DM992_31660	ko:K17836
burk:DM992_31665	ko:K03566
burk:DM992_31680	ko:K02032
burk:DM992_31685	ko:K02031
burk:DM992_31690	ko:K02034
burk:DM992_31695	ko:K02033
burk:DM992_31700	ko:K02035
burk:DM992_31705	ko:K08641
burk:DM992_31715	ko:K15773
burk:DM992_31720	ko:K07154
burk:DM992_31725	ko:K01569
burk:DM992_31730	ko:K03322
burk:DM992_31740	ko:K02035
burk:DM992_31755	ko:K08994
burk:DM992_31775	ko:K16053
burk:DM992_31800	ko:K03446
burk:DM992_31820	ko:K07262
burk:DM992_31850	ko:K01531
burk:DM992_31865	ko:K14645
burk:DM992_31875	ko:K02030
burk:DM992_31880	ko:K02028
burk:DM992_31880	ko:K02029
burk:DM992_31885	ko:K02433
burk:DM992_31890	ko:K06720
burk:DM992_31900	ko:K09967
burk:DM992_31910	ko:K03790
burk:DM992_31920	ko:K06872
burk:DM992_31925	ko:K03744
burk:DM992_31930	ko:K05367
burk:DM992_31935	ko:K06894
burk:DM992_31945	ko:K23274
burk:DM992_31950	ko:K19813
burk:DM992_31960	ko:K15977
burk:DM992_31980	ko:K01451
burk:DM992_31985	ko:K14057
burk:DM992_31990	ko:K09913
burk:DM992_32000	ko:K03281
burk:DM992_32010	ko:K07168
burk:DM992_32020	ko:K03535
burk:DM992_32050	ko:K07300
burk:DM992_32055	ko:K00074
burk:DM992_32060	ko:K01912
burk:DM992_32065	ko:K13766
burk:DM992_32070	ko:K05595
burk:DM992_32075	ko:K23107
burk:DM992_32080	ko:K07052
burk:DM992_32095	ko:K00004
burk:DM992_32115	ko:K00375
burk:DM992_32120	ko:K04771
burk:DM992_32155	ko:K07482
burk:DM992_32160	ko:K18554
burk:DM992_32180	ko:K07552
burk:DM992_32190	ko:K16165
burk:DM992_32205	ko:K22067
burk:DM992_32210	ko:K07183
burk:DM992_32215	ko:K02303
burk:DM992_32225	ko:K02575
burk:DM992_32230	ko:K00362
burk:DM992_32235	ko:K00363
burk:DM992_32240	ko:K00380
burk:DM992_32265	ko:K15125
burk:DM992_32285	ko:K03297
burk:DM992_32290	ko:K07326
burk:DM992_32300	ko:K14205
burk:DM992_32315	ko:K00381
burk:DM992_32330	ko:K02055
burk:DM992_32385	ko:K03088
burk:DM992_32450	ko:K16047
burk:DM992_32455	ko:K05898
burk:DM992_32470	ko:K15983
burk:DM992_32475	ko:K18687
burk:DM992_32495	ko:K21495
burk:DM992_32500	ko:K07062
burk:DM992_32505	ko:K16049
burk:DM992_32510	ko:K28228
burk:DM992_32515	ko:K28229
burk:DM992_32520	ko:K28232
burk:DM992_32525	ko:K28226
burk:DM992_32530	ko:K28227
burk:DM992_32535	ko:K28230
burk:DM992_32540	ko:K28231
burk:DM992_32545	ko:K00632
burk:DM992_32550	ko:K28225
burk:DM992_32555	ko:K28221
burk:DM992_32560	ko:K28222
burk:DM992_32565	ko:K28220
burk:DM992_32570	ko:K28224
burk:DM992_32575	ko:K00632
burk:DM992_32585	ko:K07003
burk:DM992_32590	ko:K15982
burk:DM992_32595	ko:K03704
burk:DM992_32600	ko:K02518
burk:DM992_32605	ko:K01114
burk:DM992_32615	ko:K18365
burk:DM992_32620	ko:K18366
burk:DM992_32625	ko:K18364
burk:DM992_32645	ko:K16050
burk:DM992_32655	ko:K03521
burk:DM992_32660	ko:K03522
burk:DM992_32665	ko:K02617
burk:DM992_32695	ko:K03719
burk:DM992_32730	ko:K22589
burk:DM992_32740	ko:K19055
burk:DM992_32750	ko:K03566
burk:DM992_32785	ko:K00038
burk:DM992_32795	ko:K01596
burk:DM992_32810	ko:K05296
burk:DM992_32845	ko:K03798
burk:DM992_32855	ko:K00697
burk:DM992_32860	ko:K02014
burk:DM992_32870	ko:K13953
burk:DM992_32895	ko:K15553
burk:DM992_32900	ko:K04091
burk:DM992_32905	ko:K02030
burk:DM992_32915	ko:K28525
burk:DM992_32925	ko:K02030
burk:DM992_32935	ko:K13655
burk:DM992_32945	ko:K06987
burk:DM992_32985	ko:K03640
burk:DM992_32995	ko:K03285
burk:DM992_33035	ko:K15650
burk:DM992_33045	ko:K15329
burk:DM992_33050	ko:K15327
burk:DM992_33060	ko:K15311
burk:DM992_33065	ko:K06133
burk:DM992_33110	ko:K18904
burk:DM992_33115	ko:K03585
burk:DM992_33120	ko:K18138
burk:DM992_33130	ko:K03746
burk:DM992_33150	ko:K00128
burk:DM992_33155	ko:K00020
burk:DM992_33175	ko:K07497
burk:DM992_33220	ko:K01754
burk:DM992_33245	ko:K13936
burk:DM992_33260	ko:K18702
burk:DM992_33265	ko:K01874
burk:DM992_33275	ko:K03897
burk:DM992_33290	ko:K03761
burk:DM992_33330	ko:K08678
burk:DM992_33335	ko:K00836
burk:DM992_33395	ko:K06161
burk:DM992_33405	ko:K20330
burk:DM992_33410	ko:K20330
burk:DM992_33460	ko:K10915
burk:DM992_33475	ko:K20273
burk:DM992_33485	ko:K11738
burk:DM992_33500	ko:K21993
burk:DM992_33505	ko:K02049
burk:DM992_33510	ko:K02050
burk:DM992_33515	ko:K01457
burk:DM992_33520	ko:K01941
burk:DM992_33525	ko:K28693
burk:DM992_33530	ko:K28692
burk:DM992_33535	ko:K02051
burk:DM992_33565	ko:K00615
burk:DM992_33580	ko:K24160
burk:DM992_33625	ko:K00507
burk:DM992_33630	ko:K04062
burk:DM992_33635	ko:K13688
burk:DM992_33655	ko:K09118
burk:DM992_33665	ko:K21449
burk:DM992_33675	ko:K02014
burk:DM992_33690	ko:K02529
burk:DM992_33740	ko:K12511
burk:DM992_33745	ko:K12510
burk:DM992_33750	ko:K02283
burk:DM992_33755	ko:K02282
burk:DM992_33760	ko:K12513
burk:DM992_33765	ko:K12513
burk:DM992_33780	ko:K02280
burk:DM992_33785	ko:K02279
burk:DM992_33795	ko:K02278
burk:DM992_33800	ko:K02651
burk:DM992_33805	ko:K02651
burk:DM992_33810	ko:K02651
burk:DM992_33825	ko:K20534
burk:DM992_33835	ko:K20275
burk:DM992_33845	ko:K20277
burk:DM992_33850	ko:K02030
burk:DM992_33855	ko:K18058
burk:DM992_33860	ko:K08166
burk:DM992_33875	ko:K03453
burk:DM992_33910	ko:K03809
burk:DM992_33935	ko:K07506
burk:DM992_33960	ko:K03554
burk:DM992_33975	ko:K02030
burk:DM992_33980	ko:K03701
burk:DM992_33995	ko:K01779
burk:DM992_34005	ko:K21645
burk:DM992_34015	ko:K21449
burk:DM992_34040	ko:K06145
burk:DM992_34045	ko:K22186
burk:DM992_34100	ko:K00128
burk:DM992_34130	ko:K02031
burk:DM992_34130	ko:K02032
burk:DM992_34135	ko:K02034
burk:DM992_34140	ko:K02033
burk:DM992_34145	ko:K02035
burk:DM992_34155	ko:K06995
burk:DM992_34160	ko:K03406
burk:DM992_34165	ko:K01560
burk:DM992_34180	ko:K12972
burk:DM992_34195	ko:K00135
burk:DM992_34210	ko:K03406
burk:DM992_34225	ko:K26399
burk:DM992_34230	ko:K00041
burk:DM992_34240	ko:K07046
burk:DM992_34245	ko:K00064
burk:DM992_34250	ko:K10439
burk:DM992_34255	ko:K10440
burk:DM992_34260	ko:K10441
burk:DM992_34270	ko:K04033
burk:DM992_34280	ko:K00146
burk:DM992_34310	ko:K00135
burk:DM992_34320	ko:K05712
burk:DM992_34335	ko:K07104
burk:DM992_34350	ko:K01652
burk:DM992_34355	ko:K02014
burk:DM992_34370	ko:K10544
burk:DM992_34375	ko:K10545
burk:DM992_34380	ko:K10543
burk:DM992_34385	ko:K00854
burk:DM992_34390	ko:K01805
burk:DM992_34400	ko:K02529
burk:DM992_34405	ko:K01785
burk:DM992_34410	ko:K23509
burk:DM992_34415	ko:K23509
burk:DM992_34420	ko:K10820
burk:DM992_34425	ko:K23508
burk:DM992_34430	ko:K03168
burk:DM992_34445	ko:K18138
burk:DM992_34450	ko:K03585
burk:DM992_34455	ko:K18139
burk:DM992_34460	ko:K07644
burk:DM992_34465	ko:K07665
burk:DM992_34495	ko:K07404
burk:DM992_34500	ko:K11690
burk:DM992_34505	ko:K11689
burk:DM992_34510	ko:K11688
burk:DM992_34520	ko:K00817
burk:DM992_34540	ko:K00375
burk:DM992_34545	ko:K04063
burk:DM992_34550	ko:K03885
burk:DM992_34555	ko:K08994
burk:DM992_34560	ko:K01574
burk:DM992_34565	ko:K00019
burk:DM992_34570	ko:K07001
burk:DM992_34580	ko:K03446
burk:DM992_34585	ko:K03543
burk:DM992_34590	ko:K18139
burk:DM992_34595	ko:K04063
burk:DM992_34615	ko:K03746
burk:DM992_34620	ko:K11312
burk:DM992_34645	ko:K05835
burk:DM992_34650	ko:K01118
burk:DM992_34675	ko:K06950
burk:DM992_34685	ko:K05874
burk:DM992_34690	ko:K04750
burk:DM992_34695	ko:K11927
burk:DM992_34700	ko:K03704
burk:DM992_34725	ko:K06045
burk:DM992_34730	ko:K06995
burk:DM992_34785	ko:K06016
burk:DM992_34790	ko:K01996
burk:DM992_34795	ko:K01995
burk:DM992_34800	ko:K01998
burk:DM992_34805	ko:K01997
burk:DM992_34810	ko:K01999
burk:DM992_34820	ko:K00128
burk:DM992_34830	ko:K14052
burk:DM992_34885	ko:K03746
burk:DM992_34890	ko:K00986
burk:DM992_34895	ko:K00067
burk:DM992_34900	ko:K15977
burk:DM992_34905	ko:K01714
burk:DM992_34915	ko:K00852
burk:DM992_34920	ko:K02529
burk:DM992_34935	ko:K06911
burk:DM992_34940	ko:K03809
burk:DM992_34955	ko:K06518
burk:DM992_34965	ko:K04063
burk:DM992_34970	ko:K16137
burk:DM992_34975	ko:K18893
burk:DM992_35000	ko:K03566
burk:DM992_35010	ko:K01999
burk:DM992_35020	ko:K26063
burk:DM992_35040	ko:K17228
burk:DM992_35045	ko:K00299
burk:DM992_35065	ko:K09709
burk:DM992_35070	ko:K06075
burk:DM992_35095	ko:K02019
burk:DM992_35100	ko:K15790
burk:DM992_35115	ko:K03607
burk:DM992_35135	ko:K19736
burk:DM992_35150	ko:K03496
burk:DM992_35155	ko:K03497
burk:DM992_35170	ko:K03566
burk:DM992_35175	ko:K01939
burk:DM992_35225	ko:K00681
burk:DM992_35260	ko:K01139
burk:DM992_35280	ko:K01977
burk:DM992_35285	ko:K14227
burk:DM992_35290	ko:K14218
burk:DM992_35300	ko:K01980
burk:DM992_35305	ko:K01985
burk:DM992_35330	ko:K01895
burk:DM992_35340	ko:K00626
burk:DM992_35345	ko:K03644
burk:DM992_35350	ko:K00605
burk:DM992_35355	ko:K00600
burk:DM992_35360	ko:K00281
burk:DM992_35365	ko:K02437
burk:DM992_35375	ko:K01480
burk:DM992_35380	ko:K00146
burk:DM992_35385	ko:K03457
burk:DM992_35390	ko:K00108
burk:DM992_35395	ko:K09017
burk:DM992_35400	ko:K06016
burk:DM992_35405	ko:K17722
burk:DM992_35410	ko:K17723
burk:DM992_35415	ko:K03457
burk:DM992_35420	ko:K01464
burk:DM992_35425	ko:K03317
burk:DM992_35430	ko:K00758
burk:DM992_35435	ko:K01489
burk:DM992_35440	ko:K22895
burk:DM992_35445	ko:K07304
burk:DM992_35455	ko:K07305
burk:DM992_35465	ko:K03530
burk:DM992_35470	ko:K07493
burk:DM992_35490	ko:K03530
burk:DM992_35505	ko:K11904
burk:DM992_35560	ko:K07484
burk:DM992_35565	ko:K07484
burk:DM992_35570	ko:K07483
burk:DM992_35585	ko:K01547
burk:DM992_35590	ko:K01548
burk:DM992_35625	ko:K07100
burk:DM992_35665	ko:K00763
burk:DM992_35670	ko:K07028
burk:DM992_35680	ko:K07497
burk:DM992_35690	ko:K03704
burk:DM992_35695	ko:K03086
burk:DM992_35735	ko:K02005
burk:DM992_35745	ko:K02004
burk:DM992_35770	ko:K03798
burk:DM992_35780	ko:K16370
burk:DM992_35840	ko:K04077
burk:DM992_35845	ko:K13993
burk:DM992_35895	ko:K07677
burk:DM992_35905	ko:K10001
burk:DM992_35920	ko:K11904
burk:DM992_35945	ko:K03746
burk:DM992_35955	ko:K03746
burk:DM992_35965	ko:K20250
burk:DM992_35970	ko:K19731
burk:DM992_35995	ko:K01586
burk:DM992_36005	ko:K00648
burk:DM992_36020	ko:K00249
burk:DM992_36030	ko:K02433
burk:DM992_36045	ko:K11960
burk:DM992_36050	ko:K11961
burk:DM992_36055	ko:K11962
burk:DM992_36060	ko:K11963
burk:DM992_36065	ko:K11959
burk:DM992_36070	ko:K02433
burk:DM992_36090	ko:K07733
burk:DM992_36110	ko:K03194
burk:DM992_36115	ko:K03197
burk:DM992_36120	ko:K03198
burk:DM992_36125	ko:K03199
burk:DM992_36130	ko:K03201
burk:DM992_36135	ko:K03200
burk:DM992_36145	ko:K03203
burk:DM992_36150	ko:K03204
burk:DM992_36155	ko:K03195
burk:DM992_36160	ko:K03196
burk:DM992_36170	ko:K03205
burk:DM992_36175	ko:K06919
burk:DM992_36215	ko:K03497
burk:DM992_36260	ko:K07483
burk:DM992_36265	ko:K07484
burk:DM992_36275	ko:K07493
burk:DM992_36310	ko:K07568
burk:DM992_36330	ko:K01586
burk:DM992_36335	ko:K07052
burk:DM992_36345	ko:K07483
burk:DM992_36350	ko:K07484
burk:DM992_36355	ko:K07484
burk:DM992_36370	ko:K07497
burk:DM992_36385	ko:K07290
burk:DM992_36410	ko:K13993
burk:DM992_36415	ko:K13993
burk:DM992_36420	ko:K13993
burk:DM992_36455	ko:K03566
burk:DM992_36460	ko:K01755
burk:DM992_36465	ko:K02029
burk:DM992_36470	ko:K02028
burk:DM992_36475	ko:K02030
burk:DM992_36500	ko:K25307
burk:DM992_36510	ko:K01991
burk:DM992_36515	ko:K16692
burk:DM992_36560	ko:K07714
burk:DM992_36625	ko:K03288
burk:DM992_36630	ko:K02020
burk:DM992_36635	ko:K11103
burk:DM992_36660	ko:K01501
burk:DM992_36675	ko:K07123
burk:DM992_36690	ko:K07222
burk:DM992_36710	ko:K07290
burk:DM992_36750	ko:K00615
burk:DM992_36755	ko:K00615
burk:DM992_36775	ko:K01897
burk:DM992_36785	ko:K20035
burk:DM992_36790	ko:K00311
burk:DM992_36795	ko:K00626
burk:DM992_36800	ko:K00074
burk:DM992_36815	ko:K07001
burk:DM992_36840	ko:K03710
burk:DM992_36845	ko:K00873
burk:DM992_36850	ko:K07090
burk:DM992_36855	ko:K13936
burk:DM992_36890	ko:K02030
burk:DM992_36895	ko:K02029
burk:DM992_36900	ko:K02029
burk:DM992_36905	ko:K20938
burk:DM992_36910	ko:K02056
burk:DM992_36915	ko:K02057
burk:DM992_36920	ko:K02058
burk:DM992_36930	ko:K15555
burk:DM992_36935	ko:K15554
burk:DM992_36940	ko:K15553
burk:DM992_36950	ko:K20938
burk:DM992_36965	ko:K01619
burk:DM992_36970	ko:K11534
burk:DM992_36980	ko:K02429
burk:DM992_36985	ko:K28747
burk:DM992_36990	ko:K02030
burk:DM992_36995	ko:K02029
burk:DM992_37000	ko:K02029
burk:DM992_37005	ko:K02028
burk:DM992_37040	ko:K00433
burk:DM992_37070	ko:K01710
burk:DM992_37075	ko:K00067
burk:DM992_37080	ko:K01790
burk:DM992_37085	ko:K00973
burk:DM992_37090	ko:K08166
burk:DM992_37095	ko:K01996
burk:DM992_37100	ko:K01995
burk:DM992_37105	ko:K01998
burk:DM992_37110	ko:K01997
burk:DM992_37115	ko:K01999
burk:DM992_37125	ko:K00285
burk:DM992_37130	ko:K01799
burk:DM992_37140	ko:K12990
burk:DM992_37145	ko:K13876
burk:DM992_37150	ko:K12661
burk:DM992_37155	ko:K18337
burk:DM992_37160	ko:K03534
burk:DM992_37190	ko:K11102
burk:DM992_37200	ko:K11103
burk:DM992_37205	ko:K01857
burk:DM992_37235	ko:K00370
burk:DM992_37240	ko:K00371
burk:DM992_37245	ko:K00373
burk:DM992_37250	ko:K00374
burk:DM992_37255	ko:K03769
burk:DM992_37260	ko:K02575
burk:DM992_37280	ko:K01999
burk:DM992_37325	ko:K03651
burk:DM992_37335	ko:K01990
burk:DM992_37340	ko:K06911
burk:DM992_37370	ko:K07484
burk:DM992_37375	ko:K07484
burk:DM992_37380	ko:K07483
burk:DM992_37390	ko:K01620
burk:DM992_37395	ko:K00675
burk:DM992_37405	ko:K07493
burk:DM992_37425	ko:K09962
burk:DM992_37460	ko:K07025
burk:DM992_37495	ko:K03300
burk:DM992_37510	ko:K07482
burk:DM992_37520	ko:K03636
burk:DM992_37525	ko:K03635
burk:DM992_37530	ko:K03639
burk:DM992_37540	ko:K03750
burk:DM992_37545	ko:K02379
burk:DM992_37550	ko:K00425
burk:DM992_37555	ko:K00426
burk:DM992_37560	ko:K08994
burk:DM992_37575	ko:K07496
burk:DM992_37585	ko:K01867
burk:DM992_37595	ko:K07497
burk:DM992_37605	ko:K07222
burk:DM992_37620	ko:K01438
burk:DM992_37630	ko:K23467
burk:DM992_37640	ko:K03696
burk:DM992_37655	ko:K07223
burk:DM992_37665	ko:K13256
burk:DM992_37735	ko:K03092
burk:DM992_37780	ko:K05520
burk:DM992_37795	ko:K01613
burk:DM992_37805	ko:K06044
burk:DM992_37810	ko:K00705
burk:DM992_37815	ko:K01236
burk:DM992_37820	ko:K01214
burk:DM992_37825	ko:K00700
burk:DM992_37830	ko:K05343
burk:DM992_37835	ko:K16147
burk:DM992_37865	ko:K08159
burk:DM992_37885	ko:K01856
burk:DM992_37890	ko:K03381
burk:DM992_37895	ko:K05549
burk:DM992_37900	ko:K05550
burk:DM992_37905	ko:K05784
burk:DM992_37910	ko:K05783
burk:DM992_37955	ko:K16568
burk:DM992_37965	ko:K01991
burk:DM992_37975	ko:K16011
burk:DM992_37980	ko:K16692
burk:DM992_38035	ko:K00505
burk:DM992_38040	ko:K03116
burk:DM992_38070	ko:K07675
burk:DM992_38080	ko:K03408
burk:DM992_38085	ko:K00575
burk:DM992_38090	ko:K03408
burk:DM992_38100	ko:K03407
burk:DM992_38105	ko:K03412
burk:DM992_38115	ko:K07675
burk:DM992_38180	ko:K02784
burk:DM992_38190	ko:K06193
burk:DM992_38195	ko:K00797
burk:DM992_38210	ko:K12137
burk:DM992_38220	ko:K12140
burk:DM992_38225	ko:K12141
burk:DM992_38250	ko:K07154
burk:DM992_38270	ko:K01458
burk:DM992_38275	ko:K05603
burk:DM992_38280	ko:K09975
burk:DM992_38285	ko:K02028
burk:DM992_38290	ko:K02029
burk:DM992_38295	ko:K02030
burk:DM992_38310	ko:K02014
burk:DM992_38315	ko:K18306
burk:DM992_38320	ko:K18307
burk:DM992_38330	ko:K03711
burk:DM992_38355	ko:K02040
burk:DM992_38385	ko:K15553
burk:DM992_38390	ko:K15555
burk:DM992_38395	ko:K15554
burk:DM992_38405	ko:K24116
burk:DM992_38415	ko:K22622
burk:DM992_38420	ko:K17225
burk:DM992_38425	ko:K03285
burk:DM992_38440	ko:K15553
burk:DM992_38450	ko:K01561
burk:DM992_38455	ko:K00104
burk:DM992_38460	ko:K11472
burk:DM992_38465	ko:K11473
burk:DM992_38510	ko:K07506
burk:DM992_38530	ko:K10680
burk:DM992_38540	ko:K18900
burk:DM992_38545	ko:K18030
burk:DM992_38550	ko:K18029
burk:DM992_38565	ko:K03392
burk:DM992_38570	ko:K14393
burk:DM992_38595	ko:K00384
burk:DM992_38620	ko:K18903
burk:DM992_38625	ko:K03543
burk:DM992_38630	ko:K03446
burk:DM992_38635	ko:K00433
burk:DM992_38645	ko:K00433
burk:DM992_38695	ko:K10018
burk:DM992_38700	ko:K10020
burk:DM992_38705	ko:K10019
burk:DM992_38710	ko:K10021
burk:DM992_38715	ko:K01745
burk:DM992_38720	ko:K05836
burk:DM992_38745	ko:K01644
burk:DM992_38765	ko:K01720
burk:DM992_38775	ko:K01644
burk:DM992_38795	ko:K08369
burk:DM992_38820	ko:K19982
burk:DM992_38825	ko:K14257
burk:DM992_38835	ko:K14266
burk:DM992_38855	ko:K07486
burk:DM992_38910	ko:K15329
burk:DM992_38920	ko:K01953
burk:DM992_38945	ko:K07493
burk:DM992_38965	ko:K18302
burk:DM992_38970	ko:K18303
burk:DM992_38980	ko:K03808
burk:DM992_38985	ko:K06192
burk:DM992_38990	ko:K09857
burk:DM992_39020	ko:K00666
burk:DM992_39025	ko:K07275
burk:DM992_39030	ko:K00539
burk:DM992_39035	ko:K28789
burk:DM992_39065	ko:K03719
burk:DM992_39070	ko:K01999
burk:DM992_39075	ko:K01462
burk:DM992_39085	ko:K00639
burk:DM992_39090	ko:K01754
burk:DM992_39105	ko:K05835
burk:DM992_39125	ko:K02372
burk:DM992_39145	ko:K03309
burk:DM992_39185	ko:K01883
burk:DM992_39190	ko:K01847
burk:DM992_39195	ko:K01759
burk:DM992_39205	ko:K00646
burk:DM992_39210	ko:K15337
burk:DM992_39215	ko:K15311
burk:DM992_39220	ko:K02078
burk:DM992_39250	ko:K03496
burk:DM992_39335	ko:K19784
burk:DM992_39360	ko:K20034
burk:DM992_39380	ko:K07497
burk:DM992_39390	ko:K07481
burk:DM992_39395	ko:K07486
burk:DM992_39400	ko:K27078
burk:DM992_39405	ko:K07347
burk:DM992_39410	ko:K07346
burk:DM992_39415	ko:K27078
burk:DM992_39420	ko:K07497
burk:DM992_39425	ko:K07486
burk:DM992_39435	ko:K03746
burk:DM992_39455	ko:K07483
burk:DM992_39460	ko:K07484
burk:DM992_39465	ko:K07484
burk:DM992_39470	ko:K06929
burk:DM992_39475	ko:K07484
burk:DM992_39485	ko:K07483
burk:DM992_39510	ko:K07497
burk:DM992_39525	ko:K13028
burk:DM992_39535	ko:K01501
burk:DM992_39595	ko:K13993
burk:DM992_39615	ko:K07100
burk:DM992_39635	ko:K03798
burk:DM992_39655	ko:K02004
burk:DM992_39660	ko:K02003
burk:DM992_39665	ko:K02005
burk:DM992_39710	ko:K13993
burk:DM992_39760	ko:K07667
burk:DM992_39765	ko:K01548
burk:DM992_39770	ko:K01547
burk:DM992_39775	ko:K01546
burk:DM992_39785	ko:K01895
burk:DM992_39790	ko:K00161
burk:DM992_39795	ko:K00162
burk:DM992_39800	ko:K00627
burk:DM992_39815	ko:K07100
burk:DM992_39835	ko:K07028
burk:DM992_39840	ko:K00763
burk:DM992_39880	ko:K05973
burk:DM992_39905	ko:K07483
burk:DM992_39910	ko:K07484
burk:DM992_39915	ko:K07484
burk:DM992_39930	ko:K03325
burk:DM992_39935	ko:K03741
burk:DM992_39940	ko:K03741
burk:DM992_39950	ko:K03892
burk:DM992_39955	ko:K08356
burk:DM992_39960	ko:K08355
burk:DM992_39975	ko:K07493
burk:DM992_40025	ko:K07497
burk:DM992_40060	ko:K07241
burk:DM992_40085	ko:K07506
burk:DM992_40100	ko:K00986
burk:DM992_40125	ko:K01607
burk:DM992_40130	ko:K00135
burk:DM992_40135	ko:K03116
burk:DM992_40140	ko:K01679
burk:DM992_40180	ko:K18554
burk:DM992_40185	ko:K07484
burk:DM992_40190	ko:K07484
burk:DM992_40195	ko:K07483
burk:DM992_40205	ko:K07497
burk:DM992_40240	ko:K07497
burk:DM992_40265	ko:K01897
burk:DM992_40270	ko:K06902
burk:DM992_40275	ko:K00688
burk:DM992_40280	ko:K00703
burk:DM992_40285	ko:K00700
burk:DM992_40290	ko:K01214
burk:DM992_40320	ko:K01537
burk:DM992_40410	ko:K02347
burk:DM992_40425	ko:K00948
burk:DM992_40435	ko:K07483
burk:DM992_40440	ko:K07484
burk:DM992_40445	ko:K07484
burk:DM992_40510	ko:K07497
burk:DM992_40515	ko:K07497
burk:DM992_40550	ko:K08994
burk:DM992_40555	ko:K04063
burk:DM992_40575	ko:K07497
burk:DM992_40580	ko:K07486
burk:DM992_40585	ko:K07497
burk:DM992_40600	ko:K03746
burk:DM992_40620	ko:K03640
burk:DM992_40675	ko:K01546
burk:DM992_40680	ko:K01547
burk:DM992_40685	ko:K01548
burk:DM992_40690	ko:K07667
burk:DM992_40700	ko:K07486
burk:DM992_40710	ko:K07497
burk:DM992_40715	ko:K07497
burk:DM992_40760	ko:K15125
burk:DM992_40765	ko:K03746
burk:DM992_40785	ko:K19170
burk:DM992_40825	ko:K20531
burk:DM992_40840	ko:K03497
burk:DM992_40845	ko:K03496
burk:DM992_40930	ko:K11904
burk:DM992_40935	ko:K14162
burk:DM992_40940	ko:K14161
burk:DM992_40945	ko:K14160
burk:DM992_40980	ko:K10013
burk:DM992_40990	ko:K24955
burk:DM992_41000	ko:K24954
burk:DM992_41005	ko:K03746
burk:DM992_41010	ko:K04763
burk:DM992_41020	ko:K06940
burk:DM992_41040	ko:K03530
burk:DM992_41080	ko:K07497
burk:DM992_41095	ko:K07486
burk:DM992_41105	ko:K00038
burk:DM992_41125	ko:K05898
burk:DM992_41135	ko:K07485
burk:DM992_41140	ko:K00141
burk:DM992_41175	ko:K01799
burk:DM992_41180	ko:K07107
burk:DM992_41190	ko:K08195
burk:DM992_41230	ko:K00141
burk:DM992_41245	ko:K07484
burk:DM992_41250	ko:K07484
burk:DM992_41255	ko:K07483
burk:DM992_41295	ko:K02483
burk:DM992_41305	ko:K02483
burk:DM992_41320	ko:K03585
burk:DM992_41335	ko:K07497
burk:DM992_41375	ko:K01961
burk:DM992_41380	ko:K02160
burk:DM992_41385	ko:K07160
burk:DM992_41395	ko:K14657
