bxb:DR64_1	ko:K00865
bxb:DR64_10	ko:K07659
bxb:DR64_100	ko:K07220
bxb:DR64_1001	ko:K08289
bxb:DR64_1003	ko:K03466
bxb:DR64_1004	ko:K07404
bxb:DR64_1008	ko:K05973
bxb:DR64_1010	ko:K03616
bxb:DR64_1011	ko:K10773
bxb:DR64_1016	ko:K09989
bxb:DR64_1017	ko:K05782
bxb:DR64_1018	ko:K00616
bxb:DR64_1019	ko:K04750
bxb:DR64_102	ko:K07733
bxb:DR64_1021	ko:K03307
bxb:DR64_1025	ko:K03181
bxb:DR64_1029	ko:K04079
bxb:DR64_1032	ko:K05825
bxb:DR64_1036	ko:K07240
bxb:DR64_1038	ko:K02621
bxb:DR64_1039	ko:K02622
bxb:DR64_1040	ko:K15738
bxb:DR64_1043	ko:K14219
bxb:DR64_1051	ko:K11209
bxb:DR64_1055	ko:K00558
bxb:DR64_1056	ko:K00029
bxb:DR64_1057	ko:K11103
bxb:DR64_1058	ko:K22209
bxb:DR64_1059	ko:K16135
bxb:DR64_106	ko:K03776
bxb:DR64_1060	ko:K18138
bxb:DR64_1061	ko:K03585
bxb:DR64_1062	ko:K18139
bxb:DR64_1065	ko:K03762
bxb:DR64_1067	ko:K01574
bxb:DR64_1068	ko:K29125
bxb:DR64_1069	ko:K18336
bxb:DR64_1071	ko:K07458
bxb:DR64_1073	ko:K08169
bxb:DR64_1074	ko:K00697
bxb:DR64_1083	ko:K02049
bxb:DR64_1084	ko:K02050
bxb:DR64_1087	ko:K07638
bxb:DR64_1088	ko:K07659
bxb:DR64_1089	ko:K06006
bxb:DR64_1090	ko:K06911
bxb:DR64_1091	ko:K10016
bxb:DR64_1092	ko:K10015
bxb:DR64_1093	ko:K10017
bxb:DR64_1095	ko:K04751
bxb:DR64_1096	ko:K01950
bxb:DR64_1097	ko:K09919
bxb:DR64_1098	ko:K07461
bxb:DR64_11	ko:K07638
bxb:DR64_1100	ko:K01507
bxb:DR64_1101	ko:K00128
bxb:DR64_1102	ko:K00059
bxb:DR64_1109	ko:K02498
bxb:DR64_111	ko:K21379
bxb:DR64_1110	ko:K13543
bxb:DR64_1111	ko:K01749
bxb:DR64_1112	ko:K01595
bxb:DR64_1115	ko:K01755
bxb:DR64_1116	ko:K03832
bxb:DR64_1120	ko:K02841
bxb:DR64_1123	ko:K03608
bxb:DR64_1124	ko:K03609
bxb:DR64_1125	ko:K03610
bxb:DR64_1127	ko:K01265
bxb:DR64_113	ko:K07484
bxb:DR64_1131	ko:K00574
bxb:DR64_1132	ko:K09701
bxb:DR64_1133	ko:K06954
bxb:DR64_1135	ko:K14233
bxb:DR64_1136	ko:K01875
bxb:DR64_1137	ko:K07478
bxb:DR64_1138	ko:K03457
bxb:DR64_1139	ko:K12255
bxb:DR64_114	ko:K07484
bxb:DR64_1141	ko:K03634
bxb:DR64_1142	ko:K03466
bxb:DR64_1143	ko:K00384
bxb:DR64_1147	ko:K00799
bxb:DR64_1148	ko:K18900
bxb:DR64_1149	ko:K10112
bxb:DR64_115	ko:K07483
bxb:DR64_1150	ko:K17317
bxb:DR64_1151	ko:K17316
bxb:DR64_1152	ko:K17315
bxb:DR64_1153	ko:K00036
bxb:DR64_1154	ko:K01057
bxb:DR64_1155	ko:K00845
bxb:DR64_1157	ko:K02483
bxb:DR64_1158	ko:K02484
bxb:DR64_1159	ko:K03781
bxb:DR64_1161	ko:K03285
bxb:DR64_1164	ko:K01438
bxb:DR64_1167	ko:K07222
bxb:DR64_1171	ko:K02052
bxb:DR64_1172	ko:K02055
bxb:DR64_1173	ko:K02054
bxb:DR64_1174	ko:K02053
bxb:DR64_1175	ko:K03566
bxb:DR64_1177	ko:K08994
bxb:DR64_1179	ko:K01584
bxb:DR64_118	ko:K00799
bxb:DR64_1180	ko:K01494
bxb:DR64_1182	ko:K04565
bxb:DR64_1184	ko:K03593
bxb:DR64_1186	ko:K01874
bxb:DR64_1187	ko:K09800
bxb:DR64_1188	ko:K07278
bxb:DR64_1190	ko:K05896
bxb:DR64_1191	ko:K01918
bxb:DR64_1192	ko:K01579
bxb:DR64_1193	ko:K03496
bxb:DR64_1195	ko:K02232
bxb:DR64_1196	ko:K02231
bxb:DR64_1197	ko:K02227
bxb:DR64_1198	ko:K02225
bxb:DR64_1199	ko:K02016
bxb:DR64_12	ko:K24126
bxb:DR64_1200	ko:K02226
bxb:DR64_1201	ko:K02233
bxb:DR64_1202	ko:K00768
bxb:DR64_1203	ko:K02013
bxb:DR64_1204	ko:K02015
bxb:DR64_1205	ko:K16092
bxb:DR64_1207	ko:K09888
bxb:DR64_1218	ko:K07486
bxb:DR64_1219	ko:K07216
bxb:DR64_122	ko:K29125
bxb:DR64_1227	ko:K18068
bxb:DR64_1229	ko:K00059
bxb:DR64_123	ko:K10218
bxb:DR64_1235	ko:K18068
bxb:DR64_1237	ko:K13021
bxb:DR64_1238	ko:K01796
bxb:DR64_1243	ko:K16516
bxb:DR64_1245	ko:K01666
bxb:DR64_1246	ko:K04073
bxb:DR64_1247	ko:K02554
bxb:DR64_1248	ko:K10623
bxb:DR64_125	ko:K02028
bxb:DR64_1250	ko:K10622
bxb:DR64_1251	ko:K16304
bxb:DR64_1252	ko:K10620
bxb:DR64_1253	ko:K10621
bxb:DR64_1254	ko:K16303
bxb:DR64_1255	ko:K10619
bxb:DR64_1256	ko:K18227
bxb:DR64_1257	ko:K06076
bxb:DR64_1258	ko:K18293
bxb:DR64_126	ko:K02029
bxb:DR64_1260	ko:K10616
bxb:DR64_1261	ko:K10618
bxb:DR64_1262	ko:K10617
bxb:DR64_1264	ko:K07497
bxb:DR64_1265	ko:K07483
bxb:DR64_1267	ko:K01061
bxb:DR64_1268	ko:K03522
bxb:DR64_1269	ko:K03521
bxb:DR64_127	ko:K02029
bxb:DR64_1272	ko:K01895
bxb:DR64_1274	ko:K00020
bxb:DR64_1275	ko:K00140
bxb:DR64_1278	ko:K03446
bxb:DR64_1279	ko:K06075
bxb:DR64_128	ko:K02030
bxb:DR64_1280	ko:K18139
bxb:DR64_1281	ko:K03543
bxb:DR64_1282	ko:K03446
bxb:DR64_1288	ko:K00529
bxb:DR64_1289	ko:K04755
bxb:DR64_1296	ko:K00128
bxb:DR64_1298	ko:K00626
bxb:DR64_13	ko:K04756
bxb:DR64_1307	ko:K00059
bxb:DR64_1325	ko:K13292
bxb:DR64_1327	ko:K01687
bxb:DR64_1328	ko:K08738
bxb:DR64_1330	ko:K02339
bxb:DR64_1331	ko:K01255
bxb:DR64_1332	ko:K07091
bxb:DR64_1333	ko:K11720
bxb:DR64_1334	ko:K03795
bxb:DR64_1337	ko:K07326
bxb:DR64_1339	ko:K15125
bxb:DR64_1350	ko:K02303
bxb:DR64_1351	ko:K00956
bxb:DR64_1352	ko:K00957
bxb:DR64_1353	ko:K00390
bxb:DR64_1355	ko:K00381
bxb:DR64_1356	ko:K13634
bxb:DR64_1357	ko:K01999
bxb:DR64_1364	ko:K10439
bxb:DR64_1365	ko:K10440
bxb:DR64_1366	ko:K10441
bxb:DR64_1367	ko:K05499
bxb:DR64_1368	ko:K00573
bxb:DR64_137	ko:K07497
bxb:DR64_1375	ko:K11959
bxb:DR64_1376	ko:K11960
bxb:DR64_1377	ko:K11961
bxb:DR64_1378	ko:K11962
bxb:DR64_138	ko:K07483
bxb:DR64_1380	ko:K11963
bxb:DR64_1383	ko:K02030
bxb:DR64_1384	ko:K01430
bxb:DR64_1385	ko:K01429
bxb:DR64_1386	ko:K01428
bxb:DR64_1387	ko:K03187
bxb:DR64_1388	ko:K03188
bxb:DR64_1389	ko:K03189
bxb:DR64_1390	ko:K02527
bxb:DR64_1392	ko:K02841
bxb:DR64_1393	ko:K15778
bxb:DR64_1394	ko:K03328
bxb:DR64_1397	ko:K01784
bxb:DR64_1398	ko:K01999
bxb:DR64_1399	ko:K01997
bxb:DR64_14	ko:K01770
bxb:DR64_1400	ko:K01995
bxb:DR64_1400	ko:K01998
bxb:DR64_1401	ko:K01996
bxb:DR64_1405	ko:K21344
bxb:DR64_1407	ko:K20429
bxb:DR64_1409	ko:K17947
bxb:DR64_1413	ko:K00973
bxb:DR64_1414	ko:K01710
bxb:DR64_1418	ko:K05874
bxb:DR64_142	ko:K14232
bxb:DR64_1420	ko:K01791
bxb:DR64_1423	ko:K07484
bxb:DR64_1424	ko:K07484
bxb:DR64_1425	ko:K07483
bxb:DR64_1435	ko:K07481
bxb:DR64_1438	ko:K07483
bxb:DR64_1439	ko:K07486
bxb:DR64_144	ko:K02314
bxb:DR64_1443	ko:K07497
bxb:DR64_1445	ko:K07497
bxb:DR64_1446	ko:K07483
bxb:DR64_145	ko:K02939
bxb:DR64_1451	ko:K07483
bxb:DR64_1452	ko:K07484
bxb:DR64_1453	ko:K07484
bxb:DR64_146	ko:K02963
bxb:DR64_1469	ko:K07483
bxb:DR64_147	ko:K02686
bxb:DR64_1470	ko:K07484
bxb:DR64_1471	ko:K07484
bxb:DR64_1475	ko:K09691
bxb:DR64_1476	ko:K09690
bxb:DR64_1477	ko:K01790
bxb:DR64_1478	ko:K00973
bxb:DR64_1479	ko:K00067
bxb:DR64_148	ko:K02990
bxb:DR64_1480	ko:K01710
bxb:DR64_1481	ko:K22252
bxb:DR64_1482	ko:K01525
bxb:DR64_1483	ko:K00655
bxb:DR64_1484	ko:K01465
bxb:DR64_1485	ko:K00609
bxb:DR64_1486	ko:K02825
bxb:DR64_1487	ko:K07447
bxb:DR64_1488	ko:K07735
bxb:DR64_1491	ko:K00941
bxb:DR64_1492	ko:K04077
bxb:DR64_1493	ko:K04078
bxb:DR64_15	ko:K00991
bxb:DR64_150	ko:K03088
bxb:DR64_1502	ko:K20265
bxb:DR64_1503	ko:K01580
bxb:DR64_1506	ko:K01535
bxb:DR64_1510	ko:K07223
bxb:DR64_1514	ko:K03639
bxb:DR64_1515	ko:K08994
bxb:DR64_1516	ko:K00426
bxb:DR64_1517	ko:K00425
bxb:DR64_1519	ko:K06204
bxb:DR64_152	ko:K01608
bxb:DR64_1527	ko:K16692
bxb:DR64_153	ko:K01816
bxb:DR64_1534	ko:K03818
bxb:DR64_1536	ko:K03208
bxb:DR64_1538	ko:K02377
bxb:DR64_1539	ko:K01711
bxb:DR64_154	ko:K00042
bxb:DR64_1540	ko:K16692
bxb:DR64_1541	ko:K01991
bxb:DR64_1543	ko:K16011
bxb:DR64_1547	ko:K03207
bxb:DR64_1554	ko:K07090
bxb:DR64_156	ko:K01424
bxb:DR64_1561	ko:K13482
bxb:DR64_1562	ko:K13481
bxb:DR64_1567	ko:K09758
bxb:DR64_1568	ko:K07085
bxb:DR64_1569	ko:K07085
bxb:DR64_157	ko:K13635
bxb:DR64_1571	ko:K03778
bxb:DR64_1573	ko:K19577
bxb:DR64_1575	ko:K01555
bxb:DR64_1576	ko:K00451
bxb:DR64_1577	ko:K08195
bxb:DR64_158	ko:K02045
bxb:DR64_1580	ko:K00252
bxb:DR64_1581	ko:K24158
bxb:DR64_1585	ko:K02655
bxb:DR64_1586	ko:K02672
bxb:DR64_1588	ko:K08084
bxb:DR64_1589	ko:K07738
bxb:DR64_159	ko:K02047
bxb:DR64_1590	ko:K00600
bxb:DR64_1591	ko:K16066
bxb:DR64_1592	ko:K07107
bxb:DR64_1593	ko:K03562
bxb:DR64_1594	ko:K03560
bxb:DR64_1595	ko:K03646
bxb:DR64_1596	ko:K03641
bxb:DR64_1597	ko:K03640
bxb:DR64_1599	ko:K14229
bxb:DR64_16	ko:K03723
bxb:DR64_160	ko:K02046
bxb:DR64_1604	ko:K01420
bxb:DR64_1605	ko:K07168
bxb:DR64_1607	ko:K03281
bxb:DR64_1609	ko:K03442
bxb:DR64_161	ko:K23163
bxb:DR64_1610	ko:K03975
bxb:DR64_1611	ko:K03572
bxb:DR64_1612	ko:K00791
bxb:DR64_1613	ko:K01933
bxb:DR64_162	ko:K01356
bxb:DR64_1628	ko:K10763
bxb:DR64_1629	ko:K28842
bxb:DR64_1630	ko:K00970
bxb:DR64_1631	ko:K00950
bxb:DR64_1633	ko:K00606
bxb:DR64_1635	ko:K03342
bxb:DR64_1636	ko:K03686
bxb:DR64_1637	ko:K04043
bxb:DR64_1639	ko:K03687
bxb:DR64_1640	ko:K04762
bxb:DR64_1641	ko:K01772
bxb:DR64_1642	ko:K03705
bxb:DR64_1643	ko:K00858
bxb:DR64_1644	ko:K03631
bxb:DR64_1645	ko:K00982
bxb:DR64_1647	ko:K11206
bxb:DR64_1648	ko:K03568
bxb:DR64_1649	ko:K01626
bxb:DR64_1652	ko:K00798
bxb:DR64_1653	ko:K00102
bxb:DR64_1654	ko:K00104
bxb:DR64_1655	ko:K11472
bxb:DR64_1656	ko:K11473
bxb:DR64_1657	ko:K06997
bxb:DR64_1658	ko:K00286
bxb:DR64_1659	ko:K03179
bxb:DR64_166	ko:K09695
bxb:DR64_1660	ko:K04047
bxb:DR64_1662	ko:K03781
bxb:DR64_1664	ko:K04761
bxb:DR64_1665	ko:K03655
bxb:DR64_1666	ko:K07568
bxb:DR64_1667	ko:K00773
bxb:DR64_1668	ko:K03210
bxb:DR64_1669	ko:K03072
bxb:DR64_167	ko:K09694
bxb:DR64_1670	ko:K03074
bxb:DR64_1675	ko:K03808
bxb:DR64_1676	ko:K03808
bxb:DR64_1677	ko:K06192
bxb:DR64_1678	ko:K09857
bxb:DR64_1680	ko:K25137
bxb:DR64_1681	ko:K06996
bxb:DR64_1683	ko:K00325
bxb:DR64_1684	ko:K00324
bxb:DR64_1685	ko:K00324
bxb:DR64_1687	ko:K00566
bxb:DR64_1689	ko:K01878
bxb:DR64_1690	ko:K01879
bxb:DR64_1691	ko:K03273
bxb:DR64_1692	ko:K00655
bxb:DR64_1695	ko:K01759
bxb:DR64_1698	ko:K02528
bxb:DR64_1699	ko:K00097
bxb:DR64_17	ko:K01438
bxb:DR64_170	ko:K09954
bxb:DR64_1700	ko:K03771
bxb:DR64_1701	ko:K04744
bxb:DR64_1702	ko:K07102
bxb:DR64_1703	ko:K00992
bxb:DR64_1704	ko:K24821
bxb:DR64_1705	ko:K10806
bxb:DR64_1707	ko:K03566
bxb:DR64_1711	ko:K02379
bxb:DR64_1713	ko:K00632
bxb:DR64_1714	ko:K07516
bxb:DR64_1715	ko:K20035
bxb:DR64_1718	ko:K06131
bxb:DR64_1719	ko:K08310
bxb:DR64_172	ko:K00860
bxb:DR64_1720	ko:K01876
bxb:DR64_1724	ko:K03688
bxb:DR64_1725	ko:K03690
bxb:DR64_1727	ko:K03183
bxb:DR64_1731	ko:K01754
bxb:DR64_1732	ko:K01081
bxb:DR64_1733	ko:K06879
bxb:DR64_1735	ko:K06015
bxb:DR64_1744	ko:K06188
bxb:DR64_1745	ko:K07687
bxb:DR64_1747	ko:K07687
bxb:DR64_175	ko:K05539
bxb:DR64_1753	ko:K02275
bxb:DR64_1754	ko:K02274
bxb:DR64_1756	ko:K05874
bxb:DR64_1758	ko:K01644
bxb:DR64_176	ko:K14226
bxb:DR64_1763	ko:K08369
bxb:DR64_1764	ko:K18290
bxb:DR64_1766	ko:K08369
bxb:DR64_1769	ko:K11477
bxb:DR64_1770	ko:K06152
bxb:DR64_1771	ko:K06151
bxb:DR64_1772	ko:K06150
bxb:DR64_1774	ko:K00059
bxb:DR64_1782	ko:K03111
bxb:DR64_1784	ko:K03701
bxb:DR64_1788	ko:K01433
bxb:DR64_1791	ko:K00759
bxb:DR64_1792	ko:K03455
bxb:DR64_1793	ko:K06041
bxb:DR64_1794	ko:K03270
bxb:DR64_1795	ko:K11719
bxb:DR64_1796	ko:K09774
bxb:DR64_1797	ko:K06861
bxb:DR64_1798	ko:K03092
bxb:DR64_1799	ko:K05808
bxb:DR64_18	ko:K01754
bxb:DR64_1800	ko:K02806
bxb:DR64_1801	ko:K06023
bxb:DR64_1802	ko:K06958
bxb:DR64_1803	ko:K07157
bxb:DR64_1804	ko:K03575
bxb:DR64_1805	ko:K10563
bxb:DR64_1807	ko:K02494
bxb:DR64_1808	ko:K00919
bxb:DR64_1809	ko:K14223
bxb:DR64_1810	ko:K00948
bxb:DR64_1811	ko:K02897
bxb:DR64_1812	ko:K01056
bxb:DR64_1813	ko:K00817
bxb:DR64_1815	ko:K00954
bxb:DR64_1816	ko:K08316
bxb:DR64_1817	ko:K03110
bxb:DR64_1818	ko:K01800
bxb:DR64_1819	ko:K16165
bxb:DR64_1822	ko:K12976
bxb:DR64_1823	ko:K03089
bxb:DR64_1825	ko:K00425
bxb:DR64_1826	ko:K00426
bxb:DR64_1827	ko:K00424
bxb:DR64_1829	ko:K02804
bxb:DR64_1830	ko:K23993
bxb:DR64_1831	ko:K00820
bxb:DR64_1832	ko:K01443
bxb:DR64_1833	ko:K24967
bxb:DR64_1835	ko:K02073
bxb:DR64_1836	ko:K03406
bxb:DR64_1838	ko:K07152
bxb:DR64_1839	ko:K02257
bxb:DR64_184	ko:K15555
bxb:DR64_1840	ko:K02259
bxb:DR64_1842	ko:K14998
bxb:DR64_1844	ko:K02276
bxb:DR64_1846	ko:K02258
bxb:DR64_1848	ko:K02274
bxb:DR64_1849	ko:K02275
bxb:DR64_185	ko:K15554
bxb:DR64_1851	ko:K02169
bxb:DR64_1853	ko:K23518
bxb:DR64_1854	ko:K03216
bxb:DR64_1855	ko:K00057
bxb:DR64_1856	ko:K03071
bxb:DR64_1857	ko:K03676
bxb:DR64_1859	ko:K01834
bxb:DR64_186	ko:K04091
bxb:DR64_1860	ko:K03797
bxb:DR64_1861	ko:K21029
bxb:DR64_1862	ko:K08483
bxb:DR64_1863	ko:K02784
bxb:DR64_1864	ko:K02793
bxb:DR64_1865	ko:K01920
bxb:DR64_1866	ko:K01919
bxb:DR64_1867	ko:K03320
bxb:DR64_1868	ko:K04752
bxb:DR64_1869	ko:K09806
bxb:DR64_1870	ko:K07391
bxb:DR64_1873	ko:K10126
bxb:DR64_1874	ko:K10125
bxb:DR64_1875	ko:K11103
bxb:DR64_1876	ko:K02052
bxb:DR64_1877	ko:K02053
bxb:DR64_1878	ko:K02054
bxb:DR64_1879	ko:K02055
bxb:DR64_1880	ko:K01126
bxb:DR64_1882	ko:K03324
bxb:DR64_1883	ko:K28842
bxb:DR64_1884	ko:K15552
bxb:DR64_1885	ko:K10831
bxb:DR64_1886	ko:K15551
bxb:DR64_1889	ko:K03644
bxb:DR64_1890	ko:K03801
bxb:DR64_1892	ko:K03566
bxb:DR64_1893	ko:K09158
bxb:DR64_1894	ko:K00824
bxb:DR64_1895	ko:K07258
bxb:DR64_1896	ko:K07018
bxb:DR64_1899	ko:K18480
bxb:DR64_19	ko:K03282
bxb:DR64_1900	ko:K02067
bxb:DR64_1901	ko:K02065
bxb:DR64_1902	ko:K02066
bxb:DR64_1903	ko:K03524
bxb:DR64_1904	ko:K03525
bxb:DR64_1906	ko:K21345
bxb:DR64_1910	ko:K01999
bxb:DR64_1911	ko:K16171
bxb:DR64_1914	ko:K01055
bxb:DR64_1916	ko:K00548
bxb:DR64_1919	ko:K00548
bxb:DR64_1922	ko:K01887
bxb:DR64_1924	ko:K03673
bxb:DR64_1927	ko:K12368
bxb:DR64_1930	ko:K00906
bxb:DR64_1931	ko:K01673
bxb:DR64_1932	ko:K00626
bxb:DR64_1934	ko:K00248
bxb:DR64_1935	ko:K09858
bxb:DR64_1939	ko:K00833
bxb:DR64_1940	ko:K00652
bxb:DR64_1941	ko:K01935
bxb:DR64_1942	ko:K01012
bxb:DR64_1943	ko:K02048
bxb:DR64_1944	ko:K07002
bxb:DR64_1946	ko:K12972
bxb:DR64_1947	ko:K01640
bxb:DR64_1949	ko:K06938
bxb:DR64_195	ko:K03297
bxb:DR64_1953	ko:K01561
bxb:DR64_1954	ko:K00459
bxb:DR64_1955	ko:K11942
bxb:DR64_1959	ko:K14347
bxb:DR64_1962	ko:K29027
bxb:DR64_1963	ko:K00847
bxb:DR64_1966	ko:K08715
bxb:DR64_1967	ko:K04090
bxb:DR64_1968	ko:K06201
bxb:DR64_197	ko:K14230
bxb:DR64_1970	ko:K24163
bxb:DR64_1971	ko:K09016
bxb:DR64_1976	ko:K03406
bxb:DR64_1977	ko:K00375
bxb:DR64_1978	ko:K01628
bxb:DR64_1979	ko:K01714
bxb:DR64_1984	ko:K14218
bxb:DR64_1986	ko:K08738
bxb:DR64_1987	ko:K28369
bxb:DR64_1988	ko:K03271
bxb:DR64_1989	ko:K07460
bxb:DR64_199	ko:K00684
bxb:DR64_1990	ko:K07056
bxb:DR64_1991	ko:K03642
bxb:DR64_1992	ko:K01069
bxb:DR64_1994	ko:K03719
bxb:DR64_1996	ko:K03746
bxb:DR64_1999	ko:K07226
bxb:DR64_200	ko:K21420
bxb:DR64_2003	ko:K01999
bxb:DR64_2004	ko:K00459
bxb:DR64_2006	ko:K01426
bxb:DR64_201	ko:K00254
bxb:DR64_2013	ko:K01785
bxb:DR64_2014	ko:K02529
bxb:DR64_2015	ko:K23508
bxb:DR64_2016	ko:K10820
bxb:DR64_2017	ko:K23509
bxb:DR64_2018	ko:K23509
bxb:DR64_202	ko:K02424
bxb:DR64_2020	ko:K00528
bxb:DR64_2022	ko:K07689
bxb:DR64_2023	ko:K03294
bxb:DR64_2027	ko:K03518
bxb:DR64_2028	ko:K03520
bxb:DR64_2029	ko:K03519
bxb:DR64_203	ko:K10009
bxb:DR64_2031	ko:K07161
bxb:DR64_2032	ko:K09386
bxb:DR64_2033	ko:K07402
bxb:DR64_2034	ko:K09939
bxb:DR64_2038	ko:K18138
bxb:DR64_2039	ko:K03585
bxb:DR64_204	ko:K03100
bxb:DR64_2040	ko:K18139
bxb:DR64_2041	ko:K08224
bxb:DR64_2043	ko:K19265
bxb:DR64_2048	ko:K00789
bxb:DR64_2049	ko:K02517
bxb:DR64_2050	ko:K01778
bxb:DR64_2051	ko:K09921
bxb:DR64_2052	ko:K03733
bxb:DR64_2053	ko:K06969
bxb:DR64_2055	ko:K06204
bxb:DR64_2056	ko:K01419
bxb:DR64_2057	ko:K03667
bxb:DR64_2058	ko:K15012
bxb:DR64_2059	ko:K15011
bxb:DR64_2061	ko:K00930
bxb:DR64_2063	ko:K05501
bxb:DR64_2064	ko:K00641
bxb:DR64_2066	ko:K08218
bxb:DR64_2068	ko:K01142
bxb:DR64_2070	ko:K02434
bxb:DR64_2071	ko:K02433
bxb:DR64_2072	ko:K02435
bxb:DR64_2073	ko:K03569
bxb:DR64_2074	ko:K03570
bxb:DR64_2075	ko:K03571
bxb:DR64_2076	ko:K05515
bxb:DR64_2077	ko:K05837
bxb:DR64_2079	ko:K01630
bxb:DR64_208	ko:K16011
bxb:DR64_2080	ko:K01737
bxb:DR64_2081	ko:K10026
bxb:DR64_2082	ko:K06920
bxb:DR64_2083	ko:K14231
bxb:DR64_2084	ko:K13599
bxb:DR64_2085	ko:K13598
bxb:DR64_2087	ko:K03500
bxb:DR64_2088	ko:K03799
bxb:DR64_2090	ko:K00604
bxb:DR64_2091	ko:K01462
bxb:DR64_2092	ko:K04096
bxb:DR64_2094	ko:K03169
bxb:DR64_2096	ko:K01596
bxb:DR64_2097	ko:K00058
bxb:DR64_2100	ko:K14229
bxb:DR64_2104	ko:K11904
bxb:DR64_2106	ko:K11896
bxb:DR64_2107	ko:K11897
bxb:DR64_2109	ko:K10013
bxb:DR64_2110	ko:K14287
bxb:DR64_2111	ko:K05591
bxb:DR64_2114	ko:K01534
bxb:DR64_2115	ko:K04033
bxb:DR64_2116	ko:K00138
bxb:DR64_2117	ko:K09959
bxb:DR64_2118	ko:K03736
bxb:DR64_2119	ko:K03735
bxb:DR64_2120	ko:K16238
bxb:DR64_2121	ko:K13652
bxb:DR64_2123	ko:K26399
bxb:DR64_2125	ko:K08177
bxb:DR64_2132	ko:K02470
bxb:DR64_2133	ko:K02338
bxb:DR64_2134	ko:K02313
bxb:DR64_2135	ko:K02914
bxb:DR64_2136	ko:K03536
bxb:DR64_2137	ko:K03217
bxb:DR64_2140	ko:K03650
bxb:DR64_2145	ko:K00163
bxb:DR64_2146	ko:K03719
bxb:DR64_2147	ko:K07124
bxb:DR64_2149	ko:K02503
bxb:DR64_2150	ko:K00657
bxb:DR64_2153	ko:K13875
bxb:DR64_2157	ko:K10778
bxb:DR64_2158	ko:K01247
bxb:DR64_2159	ko:K01919
bxb:DR64_2161	ko:K03446
bxb:DR64_2164	ko:K18139
bxb:DR64_2165	ko:K02463
bxb:DR64_2166	ko:K02462
bxb:DR64_2167	ko:K02461
bxb:DR64_2168	ko:K02460
bxb:DR64_2169	ko:K02459
bxb:DR64_2170	ko:K02458
bxb:DR64_2171	ko:K02457
bxb:DR64_2172	ko:K02456
bxb:DR64_2173	ko:K02452
bxb:DR64_2174	ko:K02455
bxb:DR64_2175	ko:K02454
bxb:DR64_2176	ko:K02453
bxb:DR64_2179	ko:K03530
bxb:DR64_2180	ko:K15461
bxb:DR64_2182	ko:K06048
bxb:DR64_2184	ko:K01951
bxb:DR64_2186	ko:K07117
bxb:DR64_2188	ko:K02483
bxb:DR64_2190	ko:K01724
bxb:DR64_2191	ko:K00500
bxb:DR64_2192	ko:K03719
bxb:DR64_2195	ko:K00140
bxb:DR64_2197	ko:K01995
bxb:DR64_2198	ko:K01996
bxb:DR64_2199	ko:K01999
bxb:DR64_220	ko:K00249
bxb:DR64_2200	ko:K01997
bxb:DR64_2201	ko:K01998
bxb:DR64_2202	ko:K01999
bxb:DR64_2203	ko:K01999
bxb:DR64_2204	ko:K01997
bxb:DR64_2205	ko:K01995
bxb:DR64_2205	ko:K01998
bxb:DR64_2206	ko:K01996
bxb:DR64_2207	ko:K03495
bxb:DR64_2208	ko:K03501
bxb:DR64_2209	ko:K03496
bxb:DR64_2211	ko:K03497
bxb:DR64_2212	ko:K02116
bxb:DR64_2213	ko:K02108
bxb:DR64_2214	ko:K02110
bxb:DR64_2215	ko:K02109
bxb:DR64_2216	ko:K02113
bxb:DR64_2217	ko:K02111
bxb:DR64_2218	ko:K02115
bxb:DR64_2219	ko:K02112
bxb:DR64_2220	ko:K02114
bxb:DR64_2221	ko:K00666
bxb:DR64_2222	ko:K01713
bxb:DR64_2223	ko:K01599
bxb:DR64_2225	ko:K04066
bxb:DR64_2228	ko:K13821
bxb:DR64_2229	ko:K01999
bxb:DR64_223	ko:K01192
bxb:DR64_2230	ko:K01652
bxb:DR64_2231	ko:K01752
bxb:DR64_2233	ko:K00281
bxb:DR64_2234	ko:K02437
bxb:DR64_2235	ko:K00605
bxb:DR64_2239	ko:K03656
bxb:DR64_2241	ko:K14219
bxb:DR64_2243	ko:K07484
bxb:DR64_2244	ko:K07484
bxb:DR64_2251	ko:K07483
bxb:DR64_2252	ko:K07497
bxb:DR64_2254	ko:K07484
bxb:DR64_2255	ko:K07484
bxb:DR64_2256	ko:K07483
bxb:DR64_2265	ko:K07301
bxb:DR64_2271	ko:K00648
bxb:DR64_2272	ko:K02078
bxb:DR64_2273	ko:K00648
bxb:DR64_2274	ko:K20429
bxb:DR64_2276	ko:K02423
bxb:DR64_2277	ko:K02407
bxb:DR64_2278	ko:K02406
bxb:DR64_228	ko:K16692
bxb:DR64_2280	ko:K02970
bxb:DR64_2281	ko:K01246
bxb:DR64_2282	ko:K18676
bxb:DR64_2283	ko:K28854
bxb:DR64_2286	ko:K06188
bxb:DR64_2287	ko:K03746
bxb:DR64_2289	ko:K02403
bxb:DR64_229	ko:K18831
bxb:DR64_2290	ko:K02402
bxb:DR64_2291	ko:K02556
bxb:DR64_2292	ko:K02557
bxb:DR64_2293	ko:K03413
bxb:DR64_2294	ko:K03407
bxb:DR64_2295	ko:K03408
bxb:DR64_2296	ko:K05874
bxb:DR64_2297	ko:K00575
bxb:DR64_2298	ko:K03411
bxb:DR64_2299	ko:K03412
bxb:DR64_230	ko:K19166
bxb:DR64_2300	ko:K03413
bxb:DR64_2301	ko:K03414
bxb:DR64_2304	ko:K02401
bxb:DR64_2305	ko:K02400
bxb:DR64_2306	ko:K02404
bxb:DR64_2307	ko:K04562
bxb:DR64_2308	ko:K02405
bxb:DR64_2311	ko:K02399
bxb:DR64_2312	ko:K02398
bxb:DR64_2313	ko:K02386
bxb:DR64_2314	ko:K02387
bxb:DR64_2315	ko:K02388
bxb:DR64_2316	ko:K02389
bxb:DR64_2317	ko:K02390
bxb:DR64_2318	ko:K02391
bxb:DR64_2319	ko:K02392
bxb:DR64_2320	ko:K02393
bxb:DR64_2321	ko:K02394
bxb:DR64_2322	ko:K02395
bxb:DR64_2323	ko:K21087
bxb:DR64_2324	ko:K02396
bxb:DR64_2325	ko:K02397
bxb:DR64_2327	ko:K02421
bxb:DR64_2328	ko:K02420
bxb:DR64_2329	ko:K02419
bxb:DR64_233	ko:K01807
bxb:DR64_2330	ko:K02418
bxb:DR64_2331	ko:K02417
bxb:DR64_2332	ko:K02416
bxb:DR64_2333	ko:K02415
bxb:DR64_2334	ko:K02414
bxb:DR64_2335	ko:K02413
bxb:DR64_2336	ko:K02412
bxb:DR64_2337	ko:K02411
bxb:DR64_2338	ko:K02410
bxb:DR64_2339	ko:K02409
bxb:DR64_234	ko:K03218
bxb:DR64_2340	ko:K02408
bxb:DR64_2341	ko:K02422
bxb:DR64_2342	ko:K02423
bxb:DR64_2344	ko:K04061
bxb:DR64_2345	ko:K00154
bxb:DR64_2346	ko:K09456
bxb:DR64_235	ko:K12573
bxb:DR64_2351	ko:K01251
bxb:DR64_2352	ko:K08972
bxb:DR64_2353	ko:K00297
bxb:DR64_2354	ko:K12368
bxb:DR64_2355	ko:K12368
bxb:DR64_2356	ko:K12369
bxb:DR64_2357	ko:K12370
bxb:DR64_2358	ko:K12371
bxb:DR64_2359	ko:K12372
bxb:DR64_236	ko:K14228
bxb:DR64_2360	ko:K09973
bxb:DR64_2361	ko:K09803
bxb:DR64_2366	ko:K07160
bxb:DR64_2367	ko:K23124
bxb:DR64_2368	ko:K23123
bxb:DR64_237	ko:K14228
bxb:DR64_2370	ko:K01934
bxb:DR64_2371	ko:K08309
bxb:DR64_2373	ko:K00799
bxb:DR64_2374	ko:K00974
bxb:DR64_2378	ko:K01633
bxb:DR64_2379	ko:K14058
bxb:DR64_2380	ko:K04042
bxb:DR64_2381	ko:K00820
bxb:DR64_2386	ko:K18831
bxb:DR64_2387	ko:K00560
bxb:DR64_239	ko:K07493
bxb:DR64_2392	ko:K01153
bxb:DR64_2393	ko:K01154
bxb:DR64_2394	ko:K03427
bxb:DR64_2396	ko:K14160
bxb:DR64_240	ko:K07483
bxb:DR64_2400	ko:K00854
bxb:DR64_2401	ko:K00039
bxb:DR64_2405	ko:K08365
bxb:DR64_2406	ko:K08363
bxb:DR64_2407	ko:K08364
bxb:DR64_241	ko:K07497
bxb:DR64_2412	ko:K07559
bxb:DR64_2422	ko:K07484
bxb:DR64_2423	ko:K07484
bxb:DR64_243	ko:K07497
bxb:DR64_2430	ko:K02624
bxb:DR64_2433	ko:K09122
bxb:DR64_2435	ko:K05834
bxb:DR64_2436	ko:K07275
bxb:DR64_2439	ko:K00145
bxb:DR64_244	ko:K07483
bxb:DR64_2440	ko:K03809
bxb:DR64_2442	ko:K07687
bxb:DR64_2443	ko:K00762
bxb:DR64_2445	ko:K00029
bxb:DR64_2446	ko:K04090
bxb:DR64_2448	ko:K00457
bxb:DR64_2449	ko:K03719
bxb:DR64_245	ko:K07483
bxb:DR64_2453	ko:K02613
bxb:DR64_2454	ko:K02612
bxb:DR64_2455	ko:K02611
bxb:DR64_2456	ko:K02610
bxb:DR64_2457	ko:K02609
bxb:DR64_2458	ko:K07137
bxb:DR64_246	ko:K07484
bxb:DR64_2460	ko:K01977
bxb:DR64_2461	ko:K14227
bxb:DR64_2462	ko:K14218
bxb:DR64_2463	ko:K01980
bxb:DR64_2464	ko:K01985
bxb:DR64_2465	ko:K14236
bxb:DR64_2466	ko:K14225
bxb:DR64_2467	ko:K14234
bxb:DR64_2468	ko:K02358
bxb:DR64_2469	ko:K14235
bxb:DR64_247	ko:K07484
bxb:DR64_2470	ko:K03073
bxb:DR64_2471	ko:K02601
bxb:DR64_2472	ko:K02867
bxb:DR64_2473	ko:K02863
bxb:DR64_2474	ko:K02864
bxb:DR64_2475	ko:K02935
bxb:DR64_2476	ko:K03043
bxb:DR64_2477	ko:K03046
bxb:DR64_2478	ko:K03654
bxb:DR64_2479	ko:K02950
bxb:DR64_2480	ko:K02992
bxb:DR64_2481	ko:K02355
bxb:DR64_2482	ko:K02358
bxb:DR64_2483	ko:K02946
bxb:DR64_2484	ko:K02906
bxb:DR64_2485	ko:K02926
bxb:DR64_2486	ko:K02892
bxb:DR64_2487	ko:K02886
bxb:DR64_2488	ko:K02965
bxb:DR64_2489	ko:K02890
bxb:DR64_2490	ko:K02982
bxb:DR64_2491	ko:K02878
bxb:DR64_2492	ko:K02904
bxb:DR64_2493	ko:K02961
bxb:DR64_2494	ko:K02874
bxb:DR64_2495	ko:K02895
bxb:DR64_2496	ko:K02931
bxb:DR64_2497	ko:K02954
bxb:DR64_2498	ko:K02994
bxb:DR64_2499	ko:K02933
bxb:DR64_25	ko:K07290
bxb:DR64_2500	ko:K02881
bxb:DR64_2501	ko:K02988
bxb:DR64_2502	ko:K02907
bxb:DR64_2503	ko:K02876
bxb:DR64_2504	ko:K03076
bxb:DR64_2505	ko:K02518
bxb:DR64_2506	ko:K02919
bxb:DR64_2507	ko:K02952
bxb:DR64_2508	ko:K02948
bxb:DR64_2509	ko:K02986
bxb:DR64_2510	ko:K03040
bxb:DR64_2511	ko:K02879
bxb:DR64_2512	ko:K03926
bxb:DR64_2513	ko:K04084
bxb:DR64_2514	ko:K01698
bxb:DR64_2515	ko:K03978
bxb:DR64_2517	ko:K07399
bxb:DR64_2519	ko:K07147
bxb:DR64_2520	ko:K17247
bxb:DR64_2521	ko:K01586
bxb:DR64_2523	ko:K06202
bxb:DR64_2524	ko:K05366
bxb:DR64_2527	ko:K02664
bxb:DR64_2528	ko:K02666
bxb:DR64_2529	ko:K00891
bxb:DR64_2530	ko:K01735
bxb:DR64_2531	ko:K01129
bxb:DR64_2533	ko:K07275
bxb:DR64_2534	ko:K07491
bxb:DR64_2535	ko:K00265
bxb:DR64_2536	ko:K00266
bxb:DR64_2539	ko:K00285
bxb:DR64_254	ko:K03656
bxb:DR64_2542	ko:K07638
bxb:DR64_2543	ko:K07659
bxb:DR64_2547	ko:K02393
bxb:DR64_2548	ko:K07659
bxb:DR64_255	ko:K07459
bxb:DR64_2552	ko:K02471
bxb:DR64_2553	ko:K03153
bxb:DR64_2554	ko:K03154
bxb:DR64_2555	ko:K03149
bxb:DR64_2556	ko:K00788
bxb:DR64_2557	ko:K02065
bxb:DR64_2558	ko:K02066
bxb:DR64_2559	ko:K02067
bxb:DR64_2560	ko:K04754
bxb:DR64_2561	ko:K07323
bxb:DR64_2562	ko:K07122
bxb:DR64_2563	ko:K01990
bxb:DR64_2564	ko:K01992
bxb:DR64_2566	ko:K00790
bxb:DR64_2567	ko:K00765
bxb:DR64_2568	ko:K00013
bxb:DR64_2569	ko:K00817
bxb:DR64_2570	ko:K01693
bxb:DR64_2572	ko:K02501
bxb:DR64_2573	ko:K01814
bxb:DR64_2574	ko:K02500
bxb:DR64_2575	ko:K01496
bxb:DR64_2576	ko:K01523
bxb:DR64_2578	ko:K02503
bxb:DR64_2579	ko:K03116
bxb:DR64_2580	ko:K03117
bxb:DR64_2581	ko:K03118
bxb:DR64_2582	ko:K04772
bxb:DR64_2584	ko:K00411
bxb:DR64_2585	ko:K00412
bxb:DR64_2586	ko:K00413
bxb:DR64_2587	ko:K03599
bxb:DR64_2588	ko:K03600
bxb:DR64_2589	ko:K14234
bxb:DR64_2595	ko:K09941
bxb:DR64_26	ko:K02068
bxb:DR64_2600	ko:K04046
bxb:DR64_2601	ko:K03704
bxb:DR64_2603	ko:K15777
bxb:DR64_2604	ko:K03186
bxb:DR64_2605	ko:K07390
bxb:DR64_2606	ko:K02493
bxb:DR64_2607	ko:K02835
bxb:DR64_2608	ko:K02492
bxb:DR64_2609	ko:K02483
bxb:DR64_2611	ko:K01262
bxb:DR64_2614	ko:K06020
bxb:DR64_2616	ko:K05816
bxb:DR64_2617	ko:K05815
bxb:DR64_2618	ko:K05814
bxb:DR64_2619	ko:K05813
bxb:DR64_2621	ko:K06942
bxb:DR64_2622	ko:K18800
bxb:DR64_2623	ko:K03981
bxb:DR64_2625	ko:K01118
bxb:DR64_2626	ko:K03648
bxb:DR64_2628	ko:K01609
bxb:DR64_2629	ko:K00766
bxb:DR64_2630	ko:K01658
bxb:DR64_2631	ko:K01657
bxb:DR64_2632	ko:K01091
bxb:DR64_2633	ko:K01783
bxb:DR64_2634	ko:K06195
bxb:DR64_2636	ko:K08304
bxb:DR64_2637	ko:K01912
bxb:DR64_2638	ko:K02614
bxb:DR64_2639	ko:K15866
bxb:DR64_2640	ko:K07823
bxb:DR64_2642	ko:K01692
bxb:DR64_2643	ko:K01977
bxb:DR64_2644	ko:K14227
bxb:DR64_2645	ko:K14218
bxb:DR64_2646	ko:K01980
bxb:DR64_2647	ko:K01985
bxb:DR64_265	ko:K03497
bxb:DR64_2650	ko:K01897
bxb:DR64_2652	ko:K06134
bxb:DR64_2653	ko:K03925
bxb:DR64_2654	ko:K03438
bxb:DR64_2655	ko:K03586
bxb:DR64_2656	ko:K03587
bxb:DR64_2657	ko:K01928
bxb:DR64_2658	ko:K01929
bxb:DR64_2659	ko:K01000
bxb:DR64_2660	ko:K01925
bxb:DR64_2661	ko:K03588
bxb:DR64_2662	ko:K02563
bxb:DR64_2663	ko:K01924
bxb:DR64_2664	ko:K01921
bxb:DR64_2665	ko:K03589
bxb:DR64_2666	ko:K03590
bxb:DR64_2667	ko:K03531
bxb:DR64_2668	ko:K24138
bxb:DR64_2669	ko:K02535
bxb:DR64_2671	ko:K03070
bxb:DR64_2672	ko:K00620
bxb:DR64_2673	ko:K06923
bxb:DR64_2674	ko:K03574
bxb:DR64_2675	ko:K09862
bxb:DR64_2676	ko:K18778
bxb:DR64_2677	ko:K00859
bxb:DR64_2678	ko:K02654
bxb:DR64_2679	ko:K02653
bxb:DR64_2680	ko:K02652
bxb:DR64_2681	ko:K03699
bxb:DR64_2682	ko:K14232
bxb:DR64_2683	ko:K02523
bxb:DR64_2684	ko:K02888
bxb:DR64_2685	ko:K02899
bxb:DR64_2686	ko:K03979
bxb:DR64_2687	ko:K00931
bxb:DR64_2689	ko:K08311
bxb:DR64_2690	ko:K01881
bxb:DR64_2692	ko:K00760
bxb:DR64_2693	ko:K03106
bxb:DR64_2695	ko:K06950
bxb:DR64_2696	ko:K03806
bxb:DR64_2697	ko:K00525
bxb:DR64_2698	ko:K00526
bxb:DR64_27	ko:K02069
bxb:DR64_2701	ko:K06077
bxb:DR64_2702	ko:K00856
bxb:DR64_2703	ko:K11065
bxb:DR64_2705	ko:K02687
bxb:DR64_2706	ko:K01961
bxb:DR64_2707	ko:K02160
bxb:DR64_2708	ko:K03786
bxb:DR64_271	ko:K13993
bxb:DR64_2711	ko:K02558
bxb:DR64_2712	ko:K07000
bxb:DR64_2713	ko:K01147
bxb:DR64_2714	ko:K00014
bxb:DR64_2715	ko:K03814
bxb:DR64_2718	ko:K00883
bxb:DR64_2719	ko:K01631
bxb:DR64_272	ko:K13993
bxb:DR64_2721	ko:K10537
bxb:DR64_2722	ko:K10539
bxb:DR64_2723	ko:K10538
bxb:DR64_2724	ko:K22185
bxb:DR64_2725	ko:K13874
bxb:DR64_2726	ko:K01785
bxb:DR64_2727	ko:K01591
bxb:DR64_2728	ko:K09705
bxb:DR64_2729	ko:K03743
bxb:DR64_273	ko:K13993
bxb:DR64_2730	ko:K01095
bxb:DR64_2731	ko:K00946
bxb:DR64_2732	ko:K00029
bxb:DR64_2733	ko:K01167
bxb:DR64_2735	ko:K09761
bxb:DR64_2737	ko:K00797
bxb:DR64_2738	ko:K00615
bxb:DR64_2739	ko:K00134
bxb:DR64_2741	ko:K11103
bxb:DR64_2742	ko:K01477
bxb:DR64_2743	ko:K01483
bxb:DR64_2744	ko:K03711
bxb:DR64_2745	ko:K06186
bxb:DR64_2746	ko:K00215
bxb:DR64_2747	ko:K03561
bxb:DR64_2748	ko:K03559
bxb:DR64_2749	ko:K01869
bxb:DR64_2750	ko:K03643
bxb:DR64_2751	ko:K02340
bxb:DR64_2752	ko:K00147
bxb:DR64_2753	ko:K08973
bxb:DR64_2756	ko:K21449
bxb:DR64_2758	ko:K19337
bxb:DR64_2759	ko:K01690
bxb:DR64_2760	ko:K01625
bxb:DR64_2761	ko:K03299
bxb:DR64_2762	ko:K00851
bxb:DR64_2763	ko:K01756
bxb:DR64_2765	ko:K21645
bxb:DR64_2766	ko:K00261
bxb:DR64_2767	ko:K10001
bxb:DR64_2768	ko:K10003
bxb:DR64_2769	ko:K10002
bxb:DR64_2770	ko:K10004
bxb:DR64_2772	ko:K01465
bxb:DR64_2774	ko:K07397
bxb:DR64_2775	ko:K02871
bxb:DR64_2776	ko:K02996
bxb:DR64_2777	ko:K15724
bxb:DR64_2778	ko:K09001
bxb:DR64_2779	ko:K01866
bxb:DR64_2780	ko:K07560
bxb:DR64_2781	ko:K15634
bxb:DR64_2783	ko:K03551
bxb:DR64_2784	ko:K03550
bxb:DR64_2785	ko:K01159
bxb:DR64_2787	ko:K00602
bxb:DR64_2788	ko:K03557
bxb:DR64_2789	ko:K05540
bxb:DR64_2790	ko:K03185
bxb:DR64_2791	ko:K01262
bxb:DR64_2793	ko:K03820
bxb:DR64_2794	ko:K06189
bxb:DR64_2795	ko:K07232
bxb:DR64_2796	ko:K07042
bxb:DR64_2797	ko:K06217
bxb:DR64_2798	ko:K06168
bxb:DR64_2801	ko:K19577
bxb:DR64_2803	ko:K02858
bxb:DR64_2805	ko:K02440
bxb:DR64_2806	ko:K00864
bxb:DR64_2807	ko:K00111
bxb:DR64_281	ko:K07483
bxb:DR64_2811	ko:K02444
bxb:DR64_2812	ko:K00681
bxb:DR64_2816	ko:K11927
bxb:DR64_2817	ko:K11068
bxb:DR64_282	ko:K07484
bxb:DR64_2820	ko:K07156
bxb:DR64_2821	ko:K07245
bxb:DR64_2824	ko:K01684
bxb:DR64_2826	ko:K03446
bxb:DR64_283	ko:K07484
bxb:DR64_2831	ko:K01114
bxb:DR64_2835	ko:K14230
bxb:DR64_2838	ko:K02483
bxb:DR64_2839	ko:K03553
bxb:DR64_284	ko:K03746
bxb:DR64_2840	ko:K03565
bxb:DR64_2842	ko:K01903
bxb:DR64_2843	ko:K01902
bxb:DR64_2845	ko:K02650
bxb:DR64_2847	ko:K03637
bxb:DR64_2848	ko:K01423
bxb:DR64_2850	ko:K07019
bxb:DR64_2852	ko:K02843
bxb:DR64_2854	ko:K00826
bxb:DR64_2855	ko:K26605
bxb:DR64_2856	ko:K26606
bxb:DR64_2857	ko:K00927
bxb:DR64_2858	ko:K00873
bxb:DR64_2859	ko:K01624
bxb:DR64_2860	ko:K01923
bxb:DR64_2861	ko:K01588
bxb:DR64_2862	ko:K01589
bxb:DR64_2863	ko:K07566
bxb:DR64_2866	ko:K07259
bxb:DR64_2867	ko:K02483
bxb:DR64_2868	ko:K02484
bxb:DR64_2869	ko:K04771
bxb:DR64_2875	ko:K03577
bxb:DR64_2876	ko:K03585
bxb:DR64_2877	ko:K18138
bxb:DR64_2878	ko:K18139
bxb:DR64_2879	ko:K24206
bxb:DR64_288	ko:K03704
bxb:DR64_2880	ko:K00854
bxb:DR64_2881	ko:K00121
bxb:DR64_2882	ko:K01070
bxb:DR64_2883	ko:K02075
bxb:DR64_2884	ko:K02074
bxb:DR64_2885	ko:K02077
bxb:DR64_2886	ko:K09823
bxb:DR64_2887	ko:K21620
bxb:DR64_2888	ko:K10227
bxb:DR64_2889	ko:K10228
bxb:DR64_2890	ko:K10229
bxb:DR64_2892	ko:K10111
bxb:DR64_2897	ko:K00854
bxb:DR64_2898	ko:K00007
bxb:DR64_2901	ko:K00453
bxb:DR64_2902	ko:K01556
bxb:DR64_2903	ko:K07130
bxb:DR64_2904	ko:K03719
bxb:DR64_2906	ko:K07304
bxb:DR64_2908	ko:K00574
bxb:DR64_2909	ko:K00275
bxb:DR64_291	ko:K05524
bxb:DR64_2910	ko:K22132
bxb:DR64_2911	ko:K05838
bxb:DR64_2913	ko:K15268
bxb:DR64_2914	ko:K01448
bxb:DR64_2915	ko:K06925
bxb:DR64_2916	ko:K18979
bxb:DR64_2917	ko:K00567
bxb:DR64_2918	ko:K04763
bxb:DR64_292	ko:K14229
bxb:DR64_2921	ko:K08591
bxb:DR64_2922	ko:K09767
bxb:DR64_2923	ko:K00075
bxb:DR64_2924	ko:K01940
bxb:DR64_2925	ko:K00611
bxb:DR64_2927	ko:K02968
bxb:DR64_2928	ko:K03980
bxb:DR64_293	ko:K13993
bxb:DR64_2931	ko:K00939
bxb:DR64_2932	ko:K00979
bxb:DR64_2933	ko:K09791
bxb:DR64_2934	ko:K00912
bxb:DR64_2935	ko:K03601
bxb:DR64_2936	ko:K04564
bxb:DR64_2939	ko:K03782
bxb:DR64_2943	ko:K01358
bxb:DR64_2948	ko:K01647
bxb:DR64_295	ko:K13993
bxb:DR64_2950	ko:K24967
bxb:DR64_2954	ko:K02031
bxb:DR64_2954	ko:K02032
bxb:DR64_2955	ko:K02034
bxb:DR64_2956	ko:K02033
bxb:DR64_2957	ko:K02035
bxb:DR64_2958	ko:K07241
bxb:DR64_2960	ko:K02355
bxb:DR64_2961	ko:K09005
bxb:DR64_2962	ko:K06181
bxb:DR64_2963	ko:K00031
bxb:DR64_2964	ko:K03704
bxb:DR64_2965	ko:K06891
bxb:DR64_2966	ko:K03694
bxb:DR64_2968	ko:K01520
bxb:DR64_2970	ko:K13038
bxb:DR64_2971	ko:K03101
bxb:DR64_2972	ko:K01870
bxb:DR64_2973	ko:K11753
bxb:DR64_2974	ko:K11175
bxb:DR64_2975	ko:K03500
bxb:DR64_2977	ko:K00507
bxb:DR64_2978	ko:K03517
bxb:DR64_2979	ko:K00767
bxb:DR64_2980	ko:K00278
bxb:DR64_2981	ko:K02913
bxb:DR64_2982	ko:K02902
bxb:DR64_2983	ko:K03630
bxb:DR64_2984	ko:K03774
bxb:DR64_2985	ko:K03527
bxb:DR64_2986	ko:K01999
bxb:DR64_2987	ko:K01997
bxb:DR64_2988	ko:K01998
bxb:DR64_2989	ko:K01995
bxb:DR64_2990	ko:K01996
bxb:DR64_2992	ko:K00821
bxb:DR64_2993	ko:K00523
bxb:DR64_2996	ko:K06183
bxb:DR64_2998	ko:K13051
bxb:DR64_2999	ko:K13892
bxb:DR64_3000	ko:K13889
bxb:DR64_3001	ko:K13890
bxb:DR64_3002	ko:K13891
bxb:DR64_3004	ko:K16203
bxb:DR64_3006	ko:K11734
bxb:DR64_3019	ko:K14228
bxb:DR64_3020	ko:K02495
bxb:DR64_3021	ko:K06940
bxb:DR64_3023	ko:K06153
bxb:DR64_3024	ko:K03439
bxb:DR64_303	ko:K04077
bxb:DR64_3035	ko:K07493
bxb:DR64_304	ko:K04078
bxb:DR64_3040	ko:K14225
bxb:DR64_3042	ko:K02221
bxb:DR64_3047	ko:K22589
bxb:DR64_3049	ko:K03182
bxb:DR64_3052	ko:K03625
bxb:DR64_3053	ko:K00794
bxb:DR64_3054	ko:K14652
bxb:DR64_3055	ko:K00793
bxb:DR64_3056	ko:K11752
bxb:DR64_3057	ko:K01845
bxb:DR64_3059	ko:K07552
bxb:DR64_306	ko:K13993
bxb:DR64_3061	ko:K09022
bxb:DR64_3062	ko:K14233
bxb:DR64_3064	ko:K01519
bxb:DR64_3065	ko:K00989
bxb:DR64_3067	ko:K00942
bxb:DR64_3068	ko:K03060
bxb:DR64_3069	ko:K01139
bxb:DR64_307	ko:K13993
bxb:DR64_3071	ko:K14219
bxb:DR64_3072	ko:K14219
bxb:DR64_3073	ko:K04760
bxb:DR64_3074	ko:K03285
bxb:DR64_3076	ko:K03704
bxb:DR64_3077	ko:K02342
bxb:DR64_3078	ko:K04093
bxb:DR64_3080	ko:K03701
bxb:DR64_3082	ko:K14234
bxb:DR64_3083	ko:K03841
bxb:DR64_3084	ko:K21498
bxb:DR64_3085	ko:K01256
bxb:DR64_3087	ko:K23541
bxb:DR64_3090	ko:K02078
bxb:DR64_3091	ko:K02078
bxb:DR64_3095	ko:K01745
bxb:DR64_3096	ko:K07107
bxb:DR64_3099	ko:K00647
bxb:DR64_3101	ko:K00059
bxb:DR64_3102	ko:K09458
bxb:DR64_3103	ko:K00647
bxb:DR64_3108	ko:K01487
bxb:DR64_3109	ko:K21053
bxb:DR64_3110	ko:K07402
bxb:DR64_3111	ko:K13482
bxb:DR64_3112	ko:K13481
bxb:DR64_3113	ko:K03611
bxb:DR64_3114	ko:K02433
bxb:DR64_3115	ko:K26735
bxb:DR64_3116	ko:K07010
bxb:DR64_3122	ko:K21903
bxb:DR64_3123	ko:K16264
bxb:DR64_3125	ko:K00126
bxb:DR64_3126	ko:K00123
bxb:DR64_3127	ko:K00124
bxb:DR64_3128	ko:K00127
bxb:DR64_3132	ko:K22292
bxb:DR64_3133	ko:K00568
bxb:DR64_3134	ko:K03286
bxb:DR64_3135	ko:K02469
bxb:DR64_3136	ko:K09924
bxb:DR64_3137	ko:K00831
bxb:DR64_3138	ko:K14170
bxb:DR64_3139	ko:K00817
bxb:DR64_314	ko:K23775
bxb:DR64_3140	ko:K04517
bxb:DR64_3141	ko:K00800
bxb:DR64_3142	ko:K00945
bxb:DR64_3143	ko:K02945
bxb:DR64_3144	ko:K05788
bxb:DR64_3145	ko:K08992
bxb:DR64_3146	ko:K19804
bxb:DR64_3147	ko:K00012
bxb:DR64_3148	ko:K21344
bxb:DR64_3149	ko:K03274
bxb:DR64_315	ko:K08195
bxb:DR64_3150	ko:K02237
bxb:DR64_3151	ko:K12339
bxb:DR64_3152	ko:K08305
bxb:DR64_3155	ko:K01054
bxb:DR64_3156	ko:K02071
bxb:DR64_3157	ko:K02072
bxb:DR64_3158	ko:K02073
bxb:DR64_3159	ko:K03521
bxb:DR64_3160	ko:K03522
bxb:DR64_3161	ko:K20035
bxb:DR64_3162	ko:K00285
bxb:DR64_3163	ko:K03719
bxb:DR64_3167	ko:K02959
bxb:DR64_3169	ko:K02860
bxb:DR64_317	ko:K00450
bxb:DR64_3170	ko:K00554
bxb:DR64_3171	ko:K02884
bxb:DR64_3173	ko:K02227
bxb:DR64_3176	ko:K06949
bxb:DR64_3177	ko:K06013
bxb:DR64_3178	ko:K13288
bxb:DR64_3179	ko:K03831
bxb:DR64_318	ko:K16165
bxb:DR64_3180	ko:K09889
bxb:DR64_3181	ko:K03592
bxb:DR64_3182	ko:K00287
bxb:DR64_3186	ko:K06992
bxb:DR64_319	ko:K01800
bxb:DR64_3192	ko:K00560
bxb:DR64_3199	ko:K01679
bxb:DR64_32	ko:K01971
bxb:DR64_3200	ko:K06132
bxb:DR64_3201	ko:K03453
bxb:DR64_3202	ko:K26939
bxb:DR64_3203	ko:K14761
bxb:DR64_3206	ko:K03657
bxb:DR64_3208	ko:K26606
bxb:DR64_3209	ko:K26605
bxb:DR64_3211	ko:K05805
bxb:DR64_3212	ko:K14220
bxb:DR64_3213	ko:K14220
bxb:DR64_3214	ko:K05524
bxb:DR64_3215	ko:K00763
bxb:DR64_3216	ko:K00782
bxb:DR64_3218	ko:K00090
bxb:DR64_3219	ko:K09760
bxb:DR64_322	ko:K14189
bxb:DR64_3222	ko:K03750
bxb:DR64_3223	ko:K03752
bxb:DR64_3224	ko:K03639
bxb:DR64_3225	ko:K08300
bxb:DR64_3226	ko:K06179
bxb:DR64_3227	ko:K01091
bxb:DR64_3229	ko:K04773
bxb:DR64_323	ko:K07497
bxb:DR64_3230	ko:K07056
bxb:DR64_3231	ko:K25422
bxb:DR64_3232	ko:K07040
bxb:DR64_3233	ko:K02911
bxb:DR64_3234	ko:K03621
bxb:DR64_3235	ko:K00648
bxb:DR64_3236	ko:K00645
bxb:DR64_3237	ko:K00059
bxb:DR64_3238	ko:K02078
bxb:DR64_3239	ko:K09458
bxb:DR64_324	ko:K07497
bxb:DR64_3241	ko:K03088
bxb:DR64_3242	ko:K03597
bxb:DR64_3243	ko:K03598
bxb:DR64_3244	ko:K04771
bxb:DR64_3246	ko:K03596
bxb:DR64_3247	ko:K03100
bxb:DR64_3248	ko:K03685
bxb:DR64_3249	ko:K03595
bxb:DR64_3250	ko:K03584
bxb:DR64_3251	ko:K03474
bxb:DR64_3252	ko:K00997
bxb:DR64_3253	ko:K01207
bxb:DR64_3256	ko:K02356
bxb:DR64_3258	ko:K03703
bxb:DR64_3259	ko:K00995
bxb:DR64_3260	ko:K14225
bxb:DR64_3262	ko:K09780
bxb:DR64_3263	ko:K05548
bxb:DR64_3264	ko:K03863
bxb:DR64_3265	ko:K16320
bxb:DR64_3266	ko:K16319
bxb:DR64_3269	ko:K03101
bxb:DR64_3271	ko:K16319
bxb:DR64_3272	ko:K16320
bxb:DR64_3276	ko:K09780
bxb:DR64_3279	ko:K00020
bxb:DR64_3283	ko:K03101
bxb:DR64_3286	ko:K00217
bxb:DR64_3287	ko:K01061
bxb:DR64_3289	ko:K01860
bxb:DR64_3290	ko:K15253
bxb:DR64_3298	ko:K19267
bxb:DR64_3299	ko:K18305
bxb:DR64_33	ko:K10979
bxb:DR64_3300	ko:K18301
bxb:DR64_3303	ko:K09022
bxb:DR64_3304	ko:K15059
bxb:DR64_3305	ko:K15058
bxb:DR64_3306	ko:K10217
bxb:DR64_3307	ko:K15067
bxb:DR64_3308	ko:K02554
bxb:DR64_3309	ko:K01617
bxb:DR64_3310	ko:K04073
bxb:DR64_3311	ko:K01666
bxb:DR64_3314	ko:K18904
bxb:DR64_3315	ko:K03446
bxb:DR64_3316	ko:K03543
bxb:DR64_3318	ko:K12976
bxb:DR64_3319	ko:K07001
bxb:DR64_3321	ko:K01501
bxb:DR64_3328	ko:K03449
bxb:DR64_333	ko:K06919
bxb:DR64_3330	ko:K12070
bxb:DR64_3331	ko:K19156
bxb:DR64_3332	ko:K19155
bxb:DR64_3339	ko:K03630
bxb:DR64_334	ko:K03205
bxb:DR64_3352	ko:K12071
bxb:DR64_336	ko:K03196
bxb:DR64_3369	ko:K00986
bxb:DR64_337	ko:K03195
bxb:DR64_3378	ko:K00558
bxb:DR64_3379	ko:K03169
bxb:DR64_338	ko:K03204
bxb:DR64_3380	ko:K03111
bxb:DR64_3387	ko:K12055
bxb:DR64_3388	ko:K07733
bxb:DR64_339	ko:K03203
bxb:DR64_3390	ko:K14225
bxb:DR64_3391	ko:K14222
bxb:DR64_3395	ko:K09973
bxb:DR64_3396	ko:K02348
bxb:DR64_3397	ko:K02351
bxb:DR64_3398	ko:K09796
bxb:DR64_3399	ko:K07152
bxb:DR64_3400	ko:K01087
bxb:DR64_3401	ko:K00697
bxb:DR64_3402	ko:K06147
bxb:DR64_3405	ko:K08983
bxb:DR64_3406	ko:K06147
bxb:DR64_3407	ko:K14237
bxb:DR64_3408	ko:K02342
bxb:DR64_3409	ko:K03469
bxb:DR64_341	ko:K03200
bxb:DR64_3411	ko:K01069
bxb:DR64_3412	ko:K08307
bxb:DR64_3414	ko:K01956
bxb:DR64_3415	ko:K01955
bxb:DR64_3416	ko:K03624
bxb:DR64_3418	ko:K07574
bxb:DR64_3419	ko:K02427
bxb:DR64_342	ko:K03201
bxb:DR64_3420	ko:K03798
bxb:DR64_3421	ko:K00796
bxb:DR64_3423	ko:K03431
bxb:DR64_3424	ko:K02040
bxb:DR64_3425	ko:K02037
bxb:DR64_3426	ko:K02038
bxb:DR64_3427	ko:K02036
bxb:DR64_3428	ko:K02039
bxb:DR64_3429	ko:K07657
bxb:DR64_343	ko:K03199
bxb:DR64_3430	ko:K07636
bxb:DR64_3431	ko:K00937
bxb:DR64_3432	ko:K01524
bxb:DR64_3433	ko:K22310
bxb:DR64_3434	ko:K08296
bxb:DR64_3435	ko:K14232
bxb:DR64_3439	ko:K07497
bxb:DR64_344	ko:K03198
bxb:DR64_3449	ko:K14232
bxb:DR64_345	ko:K03197
bxb:DR64_3453	ko:K26937
bxb:DR64_3459	ko:K06153
bxb:DR64_346	ko:K03194
bxb:DR64_3460	ko:K14219
bxb:DR64_3468	ko:K01886
bxb:DR64_3469	ko:K00681
bxb:DR64_3470	ko:K07002
bxb:DR64_3471	ko:K01041
bxb:DR64_3472	ko:K01872
bxb:DR64_3475	ko:K01620
bxb:DR64_3477	ko:K00043
bxb:DR64_3478	ko:K07107
bxb:DR64_3479	ko:K01997
bxb:DR64_348	ko:K00986
bxb:DR64_3480	ko:K01998
bxb:DR64_3481	ko:K01995
bxb:DR64_3482	ko:K01996
bxb:DR64_3484	ko:K03337
bxb:DR64_3485	ko:K03335
bxb:DR64_3486	ko:K03336
bxb:DR64_3487	ko:K03338
bxb:DR64_3488	ko:K02056
bxb:DR64_3489	ko:K02057
bxb:DR64_3490	ko:K02058
bxb:DR64_3492	ko:K00010
bxb:DR64_3493	ko:K00010
bxb:DR64_3494	ko:K04085
bxb:DR64_3495	ko:K00963
bxb:DR64_3496	ko:K01873
bxb:DR64_3498	ko:K03657
bxb:DR64_3499	ko:K01243
bxb:DR64_35	ko:K01079
bxb:DR64_350	ko:K07733
bxb:DR64_3500	ko:K01908
bxb:DR64_3501	ko:K08223
bxb:DR64_3502	ko:K03406
bxb:DR64_3506	ko:K18139
bxb:DR64_3513	ko:K03809
bxb:DR64_3514	ko:K07058
bxb:DR64_3518	ko:K01740
bxb:DR64_352	ko:K09964
bxb:DR64_3521	ko:K01736
bxb:DR64_3523	ko:K00311
bxb:DR64_3525	ko:K07107
bxb:DR64_3527	ko:K01028
bxb:DR64_3528	ko:K01029
bxb:DR64_3531	ko:K00951
bxb:DR64_3532	ko:K14237
bxb:DR64_3533	ko:K01868
bxb:DR64_3534	ko:K02520
bxb:DR64_3535	ko:K02916
bxb:DR64_3536	ko:K02887
bxb:DR64_3537	ko:K01889
bxb:DR64_3538	ko:K01890
bxb:DR64_3539	ko:K04764
bxb:DR64_3541	ko:K14232
bxb:DR64_3542	ko:K02030
bxb:DR64_3545	ko:K02028
bxb:DR64_3546	ko:K02029
bxb:DR64_3552	ko:K28556
bxb:DR64_3554	ko:K07516
bxb:DR64_3557	ko:K13774
bxb:DR64_3558	ko:K01895
bxb:DR64_3559	ko:K03719
bxb:DR64_3562	ko:K01759
bxb:DR64_3567	ko:K03406
bxb:DR64_3568	ko:K03406
bxb:DR64_357	ko:K05596
bxb:DR64_3571	ko:K01501
bxb:DR64_3574	ko:K07123
bxb:DR64_3577	ko:K07222
bxb:DR64_3578	ko:K01114
bxb:DR64_3582	ko:K04110
bxb:DR64_3583	ko:K15514
bxb:DR64_3585	ko:K15546
bxb:DR64_3586	ko:K15513
bxb:DR64_3587	ko:K15512
bxb:DR64_3588	ko:K15511
bxb:DR64_359	ko:K09780
bxb:DR64_3590	ko:K09017
bxb:DR64_3591	ko:K06016
bxb:DR64_3592	ko:K17722
bxb:DR64_3593	ko:K17723
bxb:DR64_3594	ko:K03457
bxb:DR64_3596	ko:K01464
bxb:DR64_3597	ko:K02424
bxb:DR64_3598	ko:K10009
bxb:DR64_3599	ko:K10010
bxb:DR64_3600	ko:K01649
bxb:DR64_3608	ko:K07287
bxb:DR64_3611	ko:K03303
bxb:DR64_3613	ko:K04062
bxb:DR64_3614	ko:K03147
bxb:DR64_3615	ko:K06140
bxb:DR64_3617	ko:K00219
bxb:DR64_3623	ko:K03594
bxb:DR64_3628	ko:K03651
bxb:DR64_3629	ko:K02052
bxb:DR64_3630	ko:K02053
bxb:DR64_3631	ko:K02053
bxb:DR64_3632	ko:K02055
bxb:DR64_3634	ko:K14228
bxb:DR64_3635	ko:K08720
bxb:DR64_3637	ko:K01473
bxb:DR64_3638	ko:K01474
bxb:DR64_3639	ko:K11688
bxb:DR64_3640	ko:K11689
bxb:DR64_3641	ko:K11690
bxb:DR64_3642	ko:K02030
bxb:DR64_3646	ko:K01745
bxb:DR64_3649	ko:K07043
bxb:DR64_3654	ko:K07335
bxb:DR64_3661	ko:K11312
bxb:DR64_3662	ko:K24915
bxb:DR64_3664	ko:K02030
bxb:DR64_3665	ko:K02029
bxb:DR64_3666	ko:K02028
bxb:DR64_3668	ko:K00117
bxb:DR64_367	ko:K06518
bxb:DR64_3671	ko:K07095
bxb:DR64_3672	ko:K03762
bxb:DR64_3674	ko:K14682
bxb:DR64_3675	ko:K03578
bxb:DR64_3682	ko:K01915
bxb:DR64_3683	ko:K07708
bxb:DR64_3684	ko:K07712
bxb:DR64_3685	ko:K01322
bxb:DR64_3686	ko:K01142
bxb:DR64_3688	ko:K14230
bxb:DR64_369	ko:K10679
bxb:DR64_3691	ko:K25316
bxb:DR64_3694	ko:K01485
bxb:DR64_3695	ko:K01414
bxb:DR64_3697	ko:K01491
bxb:DR64_3702	ko:K00163
bxb:DR64_3703	ko:K00627
bxb:DR64_3704	ko:K00382
bxb:DR64_3706	ko:K07262
bxb:DR64_3708	ko:K18928
bxb:DR64_3709	ko:K18929
bxb:DR64_3712	ko:K25307
bxb:DR64_3713	ko:K13643
bxb:DR64_3714	ko:K04487
bxb:DR64_3715	ko:K04488
bxb:DR64_3716	ko:K13628
bxb:DR64_3717	ko:K04082
bxb:DR64_3718	ko:K04044
bxb:DR64_3719	ko:K04755
bxb:DR64_3722	ko:K04567
bxb:DR64_3723	ko:K02836
bxb:DR64_3724	ko:K07462
bxb:DR64_3727	ko:K09808
bxb:DR64_3728	ko:K09810
bxb:DR64_3729	ko:K03424
bxb:DR64_373	ko:K02002
bxb:DR64_3730	ko:K02238
bxb:DR64_3732	ko:K01937
bxb:DR64_3733	ko:K01627
bxb:DR64_3734	ko:K01689
bxb:DR64_3735	ko:K05589
bxb:DR64_3737	ko:K04083
bxb:DR64_3738	ko:K28956
bxb:DR64_374	ko:K00263
bxb:DR64_3741	ko:K07053
bxb:DR64_3744	ko:K01867
bxb:DR64_3746	ko:K01714
bxb:DR64_3747	ko:K07287
bxb:DR64_3749	ko:K00986
bxb:DR64_375	ko:K18900
bxb:DR64_3750	ko:K19416
bxb:DR64_3751	ko:K00940
bxb:DR64_3752	ko:K06941
bxb:DR64_3753	ko:K15539
bxb:DR64_3754	ko:K03526
bxb:DR64_3755	ko:K01892
bxb:DR64_3757	ko:K17713
bxb:DR64_3758	ko:K03977
bxb:DR64_3759	ko:K03666
bxb:DR64_376	ko:K00059
bxb:DR64_3760	ko:K03665
bxb:DR64_3761	ko:K04088
bxb:DR64_3762	ko:K04087
bxb:DR64_3763	ko:K09937
bxb:DR64_3764	ko:K02502
bxb:DR64_3765	ko:K01939
bxb:DR64_3766	ko:K07101
bxb:DR64_3767	ko:K03549
bxb:DR64_3768	ko:K06959
bxb:DR64_3771	ko:K03722
bxb:DR64_3772	ko:K18850
bxb:DR64_3774	ko:K03775
bxb:DR64_3775	ko:K03555
bxb:DR64_3776	ko:K08227
bxb:DR64_3777	ko:K01092
bxb:DR64_3778	ko:K02533
bxb:DR64_3779	ko:K00640
bxb:DR64_378	ko:K01821
bxb:DR64_3780	ko:K03269
bxb:DR64_3781	ko:K03768
bxb:DR64_3782	ko:K03767
bxb:DR64_3784	ko:K01883
bxb:DR64_3785	ko:K01247
bxb:DR64_3786	ko:K01962
bxb:DR64_3787	ko:K04075
bxb:DR64_3788	ko:K00928
bxb:DR64_3790	ko:K14233
bxb:DR64_3795	ko:K00208
bxb:DR64_3796	ko:K13893
bxb:DR64_3797	ko:K13894
bxb:DR64_3798	ko:K13895
bxb:DR64_3799	ko:K13896
bxb:DR64_38	ko:K01760
bxb:DR64_3801	ko:K07001
bxb:DR64_3802	ko:K01885
bxb:DR64_3803	ko:K14218
bxb:DR64_3804	ko:K14224
bxb:DR64_3805	ko:K14221
bxb:DR64_3806	ko:K14224
bxb:DR64_3807	ko:K14221
bxb:DR64_3810	ko:K02553
bxb:DR64_3812	ko:K01638
bxb:DR64_3813	ko:K01560
bxb:DR64_3816	ko:K01637
bxb:DR64_3819	ko:K14742
bxb:DR64_3820	ko:K03789
bxb:DR64_3821	ko:K21929
bxb:DR64_3822	ko:K09977
bxb:DR64_3823	ko:K00941
bxb:DR64_3824	ko:K08227
bxb:DR64_3825	ko:K01775
bxb:DR64_3826	ko:K04485
bxb:DR64_3829	ko:K06158
bxb:DR64_3830	ko:K00432
bxb:DR64_3831	ko:K06131
bxb:DR64_3832	ko:K07320
bxb:DR64_3833	ko:K01439
bxb:DR64_3835	ko:K00674
bxb:DR64_3836	ko:K14267
bxb:DR64_3839	ko:K03529
bxb:DR64_3841	ko:K01972
bxb:DR64_3842	ko:K01462
bxb:DR64_3843	ko:K06182
bxb:DR64_3845	ko:K00990
bxb:DR64_3846	ko:K01265
bxb:DR64_3847	ko:K02967
bxb:DR64_3848	ko:K02357
bxb:DR64_3849	ko:K09903
bxb:DR64_3850	ko:K02838
bxb:DR64_3851	ko:K00806
bxb:DR64_3852	ko:K00981
bxb:DR64_3853	ko:K00099
bxb:DR64_3854	ko:K11749
bxb:DR64_3855	ko:K07277
bxb:DR64_3856	ko:K06142
bxb:DR64_3857	ko:K02536
bxb:DR64_3858	ko:K02372
bxb:DR64_3859	ko:K00677
bxb:DR64_3860	ko:K00748
bxb:DR64_3861	ko:K03470
bxb:DR64_3862	ko:K03437
bxb:DR64_3863	ko:K09773
bxb:DR64_3864	ko:K01007
bxb:DR64_3867	ko:K03664
bxb:DR64_3869	ko:K09801
bxb:DR64_3871	ko:K00088
bxb:DR64_3873	ko:K01951
bxb:DR64_3875	ko:K03446
bxb:DR64_3882	ko:K08369
bxb:DR64_3885	ko:K01647
bxb:DR64_3887	ko:K07274
bxb:DR64_3891	ko:K07484
bxb:DR64_3892	ko:K07484
bxb:DR64_3896	ko:K14189
bxb:DR64_3898	ko:K07638
bxb:DR64_3899	ko:K07659
bxb:DR64_3900	ko:K07483
bxb:DR64_3902	ko:K07497
bxb:DR64_3903	ko:K07659
bxb:DR64_3906	ko:K03585
bxb:DR64_3907	ko:K18138
bxb:DR64_3910	ko:K05596
bxb:DR64_3911	ko:K03307
bxb:DR64_3913	ko:K09964
bxb:DR64_3915	ko:K07733
bxb:DR64_3918	ko:K03194
bxb:DR64_3919	ko:K03197
bxb:DR64_3920	ko:K03198
bxb:DR64_3921	ko:K03199
bxb:DR64_3922	ko:K03201
bxb:DR64_3923	ko:K03200
bxb:DR64_3925	ko:K03203
bxb:DR64_3926	ko:K03204
bxb:DR64_3927	ko:K03195
bxb:DR64_3928	ko:K03196
bxb:DR64_3930	ko:K03205
bxb:DR64_3931	ko:K06919
bxb:DR64_3938	ko:K06978
bxb:DR64_3941	ko:K01118
bxb:DR64_3946	ko:K03497
bxb:DR64_3964	ko:K03657
bxb:DR64_3975	ko:K07274
bxb:DR64_3982	ko:K03406
bxb:DR64_3987	ko:K06137
bxb:DR64_3988	ko:K22187
bxb:DR64_3990	ko:K00523
bxb:DR64_3993	ko:K15067
bxb:DR64_3995	ko:K11209
bxb:DR64_3997	ko:K00156
bxb:DR64_3998	ko:K03574
bxb:DR64_40	ko:K00626
bxb:DR64_400	ko:K01647
bxb:DR64_4003	ko:K08738
bxb:DR64_4005	ko:K13953
bxb:DR64_4009	ko:K07483
bxb:DR64_4010	ko:K01420
bxb:DR64_4018	ko:K10254
bxb:DR64_4019	ko:K07240
bxb:DR64_402	ko:K08195
bxb:DR64_4022	ko:K18369
bxb:DR64_4023	ko:K07034
bxb:DR64_4024	ko:K01895
bxb:DR64_4029	ko:K10716
bxb:DR64_403	ko:K21883
bxb:DR64_4030	ko:K07028
bxb:DR64_4031	ko:K13993
bxb:DR64_4034	ko:K13953
bxb:DR64_4037	ko:K00926
bxb:DR64_4038	ko:K00611
bxb:DR64_4039	ko:K01478
bxb:DR64_404	ko:K23463
bxb:DR64_4040	ko:K03758
bxb:DR64_4041	ko:K02112
bxb:DR64_4042	ko:K02114
bxb:DR64_4043	ko:K02116
bxb:DR64_4045	ko:K02108
bxb:DR64_4046	ko:K02110
bxb:DR64_4047	ko:K02109
bxb:DR64_4048	ko:K02111
bxb:DR64_4049	ko:K02115
bxb:DR64_405	ko:K22213
bxb:DR64_4050	ko:K03696
bxb:DR64_4056	ko:K03098
bxb:DR64_4059	ko:K07100
bxb:DR64_406	ko:K01800
bxb:DR64_4062	ko:K03798
bxb:DR64_4063	ko:K03744
bxb:DR64_4064	ko:K06872
bxb:DR64_4067	ko:K16074
bxb:DR64_4068	ko:K00424
bxb:DR64_4069	ko:K00426
bxb:DR64_407	ko:K01555
bxb:DR64_4070	ko:K00425
bxb:DR64_4072	ko:K25180
bxb:DR64_4073	ko:K25181
bxb:DR64_4074	ko:K25182
bxb:DR64_4075	ko:K25182
bxb:DR64_4076	ko:K25183
bxb:DR64_4079	ko:K00355
bxb:DR64_408	ko:K00451
bxb:DR64_4080	ko:K01975
bxb:DR64_4082	ko:K11991
bxb:DR64_4083	ko:K01297
bxb:DR64_4085	ko:K03457
bxb:DR64_4086	ko:K16841
bxb:DR64_4087	ko:K16842
bxb:DR64_4088	ko:K13485
bxb:DR64_4089	ko:K01477
bxb:DR64_4090	ko:K01483
bxb:DR64_4091	ko:K07154
bxb:DR64_4094	ko:K07127
bxb:DR64_4095	ko:K18456
bxb:DR64_4097	ko:K23537
bxb:DR64_4098	ko:K23535
bxb:DR64_4099	ko:K23536
bxb:DR64_41	ko:K00874
bxb:DR64_410	ko:K05712
bxb:DR64_4100	ko:K07335
bxb:DR64_4101	ko:K09165
bxb:DR64_4103	ko:K00128
bxb:DR64_4104	ko:K00459
bxb:DR64_4105	ko:K07275
bxb:DR64_4106	ko:K06938
bxb:DR64_4108	ko:K03322
bxb:DR64_4109	ko:K11073
bxb:DR64_4110	ko:K11076
bxb:DR64_4111	ko:K11075
bxb:DR64_4112	ko:K11074
bxb:DR64_4113	ko:K03406
bxb:DR64_4116	ko:K22105
bxb:DR64_4118	ko:K03969
bxb:DR64_412	ko:K01640
bxb:DR64_4120	ko:K05366
bxb:DR64_4121	ko:K02517
bxb:DR64_4126	ko:K18303
bxb:DR64_4127	ko:K18302
bxb:DR64_413	ko:K18313
bxb:DR64_4134	ko:K03281
bxb:DR64_4135	ko:K00799
bxb:DR64_4139	ko:K00874
bxb:DR64_414	ko:K01704
bxb:DR64_4141	ko:K00090
bxb:DR64_4142	ko:K02525
bxb:DR64_4146	ko:K03761
bxb:DR64_415	ko:K01703
bxb:DR64_4153	ko:K00424
bxb:DR64_4155	ko:K03284
bxb:DR64_4156	ko:K10439
bxb:DR64_4157	ko:K10441
bxb:DR64_4158	ko:K10440
bxb:DR64_4159	ko:K02529
bxb:DR64_4160	ko:K05874
bxb:DR64_4162	ko:K07180
bxb:DR64_4163	ko:K09786
bxb:DR64_4164	ko:K06415
bxb:DR64_4165	ko:K03761
bxb:DR64_4169	ko:K02051
bxb:DR64_417	ko:K07483
bxb:DR64_4171	ko:K02049
bxb:DR64_4172	ko:K02050
bxb:DR64_418	ko:K07497
bxb:DR64_4180	ko:K05874
bxb:DR64_4181	ko:K00384
bxb:DR64_4190	ko:K14205
bxb:DR64_4195	ko:K01754
bxb:DR64_4196	ko:K00481
bxb:DR64_4198	ko:K03496
bxb:DR64_42	ko:K14441
bxb:DR64_4202	ko:K04102
bxb:DR64_4203	ko:K07795
bxb:DR64_4204	ko:K01759
bxb:DR64_4205	ko:K07794
bxb:DR64_4206	ko:K07793
bxb:DR64_4207	ko:K07240
bxb:DR64_4208	ko:K07240
bxb:DR64_4209	ko:K00799
bxb:DR64_421	ko:K14393
bxb:DR64_4210	ko:K12979
bxb:DR64_4215	ko:K00135
bxb:DR64_4216	ko:K03704
bxb:DR64_4220	ko:K07645
bxb:DR64_4221	ko:K07666
bxb:DR64_4225	ko:K19338
bxb:DR64_4226	ko:K16874
bxb:DR64_4227	ko:K16875
bxb:DR64_4228	ko:K16877
bxb:DR64_4229	ko:K16878
bxb:DR64_4230	ko:K16879
bxb:DR64_4231	ko:K16876
bxb:DR64_4232	ko:K16880
bxb:DR64_4233	ko:K03762
bxb:DR64_4234	ko:K19338
bxb:DR64_4235	ko:K03607
bxb:DR64_4239	ko:K07156
bxb:DR64_424	ko:K07107
bxb:DR64_4240	ko:K11891
bxb:DR64_4241	ko:K07483
bxb:DR64_4242	ko:K07497
bxb:DR64_4243	ko:K11892
bxb:DR64_4244	ko:K11893
bxb:DR64_4245	ko:K11906
bxb:DR64_4246	ko:K11903
bxb:DR64_4249	ko:K11900
bxb:DR64_4250	ko:K11901
bxb:DR64_4251	ko:K11907
bxb:DR64_4253	ko:K11902
bxb:DR64_4254	ko:K00059
bxb:DR64_4255	ko:K01426
bxb:DR64_4262	ko:K21757
bxb:DR64_4263	ko:K01856
bxb:DR64_4264	ko:K03381
bxb:DR64_4265	ko:K03464
bxb:DR64_4268	ko:K07090
bxb:DR64_4269	ko:K00059
bxb:DR64_4271	ko:K03430
bxb:DR64_4272	ko:K05306
bxb:DR64_4281	ko:K09857
bxb:DR64_4282	ko:K06192
bxb:DR64_4287	ko:K01130
bxb:DR64_4289	ko:K13444
bxb:DR64_429	ko:K00666
bxb:DR64_4290	ko:K03924
bxb:DR64_4293	ko:K07114
bxb:DR64_4294	ko:K07114
bxb:DR64_4297	ko:K21696
bxb:DR64_4298	ko:K03519
bxb:DR64_4299	ko:K03518
bxb:DR64_43	ko:K05541
bxb:DR64_4300	ko:K03520
bxb:DR64_4308	ko:K06132
bxb:DR64_4309	ko:K22303
bxb:DR64_4310	ko:K24116
bxb:DR64_4311	ko:K15555
bxb:DR64_4312	ko:K15554
bxb:DR64_4313	ko:K15554
bxb:DR64_4314	ko:K15553
bxb:DR64_4316	ko:K22879
bxb:DR64_4317	ko:K15554
bxb:DR64_4318	ko:K15555
bxb:DR64_4319	ko:K15553
bxb:DR64_4320	ko:K17225
bxb:DR64_4321	ko:K22622
bxb:DR64_4324	ko:K15553
bxb:DR64_4325	ko:K15555
bxb:DR64_4326	ko:K15554
bxb:DR64_4327	ko:K17285
bxb:DR64_4329	ko:K24116
bxb:DR64_433	ko:K01999
bxb:DR64_4337	ko:K02275
bxb:DR64_4338	ko:K02274
bxb:DR64_4339	ko:K02276
bxb:DR64_434	ko:K01039
bxb:DR64_4342	ko:K03426
bxb:DR64_4343	ko:K11927
bxb:DR64_4344	ko:K00064
bxb:DR64_4345	ko:K17315
bxb:DR64_435	ko:K01040
bxb:DR64_4350	ko:K05366
bxb:DR64_4351	ko:K00209
bxb:DR64_4353	ko:K00799
bxb:DR64_4356	ko:K00598
bxb:DR64_436	ko:K01997
bxb:DR64_4360	ko:K07507
bxb:DR64_4362	ko:K02575
bxb:DR64_4363	ko:K00380
bxb:DR64_4364	ko:K00363
bxb:DR64_4365	ko:K00362
bxb:DR64_4367	ko:K02303
bxb:DR64_4369	ko:K07140
bxb:DR64_437	ko:K01998
bxb:DR64_4370	ko:K11474
bxb:DR64_4371	ko:K00104
bxb:DR64_4372	ko:K11472
bxb:DR64_4373	ko:K11473
bxb:DR64_4374	ko:K11477
bxb:DR64_4375	ko:K01638
bxb:DR64_4377	ko:K00963
bxb:DR64_438	ko:K01995
bxb:DR64_4385	ko:K01711
bxb:DR64_439	ko:K01996
bxb:DR64_4392	ko:K16692
bxb:DR64_4393	ko:K01991
bxb:DR64_4394	ko:K25307
bxb:DR64_4395	ko:K00012
bxb:DR64_4397	ko:K16011
bxb:DR64_440	ko:K02182
bxb:DR64_4405	ko:K00697
bxb:DR64_4408	ko:K06867
bxb:DR64_4409	ko:K03424
bxb:DR64_441	ko:K01644
bxb:DR64_4411	ko:K02341
bxb:DR64_4412	ko:K00943
bxb:DR64_4413	ko:K07082
bxb:DR64_4414	ko:K06980
bxb:DR64_4418	ko:K23256
bxb:DR64_4422	ko:K00632
bxb:DR64_4423	ko:K07516
bxb:DR64_4424	ko:K20034
bxb:DR64_4425	ko:K08997
bxb:DR64_4426	ko:K07305
bxb:DR64_4427	ko:K06190
bxb:DR64_4428	ko:K05527
bxb:DR64_4429	ko:K03769
bxb:DR64_443	ko:K01968
bxb:DR64_4430	ko:K07154
bxb:DR64_4432	ko:K01952
bxb:DR64_4435	ko:K23997
bxb:DR64_4436	ko:K01810
bxb:DR64_4437	ko:K02003
bxb:DR64_4438	ko:K10804
bxb:DR64_444	ko:K01969
bxb:DR64_4440	ko:K03770
bxb:DR64_4441	ko:K14221
bxb:DR64_4442	ko:K14237
bxb:DR64_4443	ko:K03530
bxb:DR64_4444	ko:K01338
bxb:DR64_4445	ko:K03544
bxb:DR64_4446	ko:K01358
bxb:DR64_4447	ko:K03545
bxb:DR64_4449	ko:K15547
bxb:DR64_4450	ko:K12340
bxb:DR64_4459	ko:K00020
bxb:DR64_446	ko:K00626
bxb:DR64_4470	ko:K06912
bxb:DR64_4476	ko:K01003
bxb:DR64_4478	ko:K00128
bxb:DR64_4480	ko:K03566
bxb:DR64_4481	ko:K06912
bxb:DR64_4482	ko:K01053
bxb:DR64_4484	ko:K06912
bxb:DR64_4486	ko:K00059
bxb:DR64_4487	ko:K06912
bxb:DR64_4489	ko:K03777
bxb:DR64_4492	ko:K16137
bxb:DR64_4496	ko:K07823
bxb:DR64_4497	ko:K22025
bxb:DR64_4498	ko:K22131
bxb:DR64_4500	ko:K22130
bxb:DR64_4501	ko:K21948
bxb:DR64_4502	ko:K08319
bxb:DR64_4504	ko:K02624
bxb:DR64_4505	ko:K01451
bxb:DR64_4506	ko:K05774
bxb:DR64_4508	ko:K02043
bxb:DR64_4509	ko:K06166
bxb:DR64_451	ko:K00249
bxb:DR64_4510	ko:K06165
bxb:DR64_4511	ko:K06164
bxb:DR64_4512	ko:K06163
bxb:DR64_4513	ko:K05781
bxb:DR64_4514	ko:K05780
bxb:DR64_4515	ko:K06162
bxb:DR64_4517	ko:K02055
bxb:DR64_4519	ko:K10013
bxb:DR64_452	ko:K01895
bxb:DR64_4520	ko:K06987
bxb:DR64_4521	ko:K02073
bxb:DR64_4524	ko:K16137
bxb:DR64_4525	ko:K04063
bxb:DR64_4527	ko:K06999
bxb:DR64_453	ko:K03281
bxb:DR64_4531	ko:K00688
bxb:DR64_4533	ko:K08169
bxb:DR64_4534	ko:K01620
bxb:DR64_4535	ko:K06194
bxb:DR64_4540	ko:K00033
bxb:DR64_4542	ko:K07006
bxb:DR64_4549	ko:K02557
bxb:DR64_455	ko:K08178
bxb:DR64_4552	ko:K01142
bxb:DR64_4554	ko:K07518
bxb:DR64_4555	ko:K13483
bxb:DR64_4556	ko:K11178
bxb:DR64_4557	ko:K11177
bxb:DR64_4558	ko:K07141
bxb:DR64_4559	ko:K21929
bxb:DR64_4560	ko:K07154
bxb:DR64_4564	ko:K03430
bxb:DR64_4565	ko:K09459
bxb:DR64_4566	ko:K01841
bxb:DR64_4567	ko:K03406
bxb:DR64_4569	ko:K03587
bxb:DR64_457	ko:K06445
bxb:DR64_4577	ko:K05834
bxb:DR64_4578	ko:K00640
bxb:DR64_4579	ko:K05946
bxb:DR64_458	ko:K00059
bxb:DR64_4583	ko:K07270
bxb:DR64_4585	ko:K02472
bxb:DR64_4586	ko:K16692
bxb:DR64_4587	ko:K25307
bxb:DR64_4588	ko:K01991
bxb:DR64_4590	ko:K00077
bxb:DR64_4591	ko:K00128
bxb:DR64_4593	ko:K08177
bxb:DR64_4594	ko:K21703
bxb:DR64_4596	ko:K00325
bxb:DR64_4598	ko:K07749
bxb:DR64_46	ko:K00023
bxb:DR64_460	ko:K00626
bxb:DR64_4601	ko:K08172
bxb:DR64_4607	ko:K07506
bxb:DR64_4609	ko:K01992
bxb:DR64_461	ko:K01897
bxb:DR64_4610	ko:K01990
bxb:DR64_4616	ko:K07090
bxb:DR64_4618	ko:K03798
bxb:DR64_4621	ko:K01990
bxb:DR64_4626	ko:K22348
bxb:DR64_4630	ko:K07213
bxb:DR64_4632	ko:K09788
bxb:DR64_4633	ko:K20455
bxb:DR64_4634	ko:K01659
bxb:DR64_4635	ko:K02688
bxb:DR64_4636	ko:K08195
bxb:DR64_464	ko:K05797
bxb:DR64_4640	ko:K22027
bxb:DR64_4641	ko:K00484
bxb:DR64_4644	ko:K21757
bxb:DR64_4645	ko:K13021
bxb:DR64_4646	ko:K10220
bxb:DR64_4650	ko:K07050
bxb:DR64_4652	ko:K16137
bxb:DR64_4655	ko:K05714
bxb:DR64_4656	ko:K05819
bxb:DR64_4657	ko:K01666
bxb:DR64_4658	ko:K04073
bxb:DR64_4659	ko:K02554
bxb:DR64_4660	ko:K05713
bxb:DR64_4661	ko:K05712
bxb:DR64_4663	ko:K05818
bxb:DR64_4665	ko:K12266
bxb:DR64_4666	ko:K05916
bxb:DR64_467	ko:K03088
bxb:DR64_4670	ko:K18139
bxb:DR64_4671	ko:K01993
bxb:DR64_4672	ko:K13926
bxb:DR64_4673	ko:K01992
bxb:DR64_4676	ko:K18997
bxb:DR64_4677	ko:K05516
bxb:DR64_4679	ko:K16320
bxb:DR64_4680	ko:K16319
bxb:DR64_4683	ko:K03186
bxb:DR64_4684	ko:K02051
bxb:DR64_469	ko:K03666
bxb:DR64_4690	ko:K02050
bxb:DR64_4695	ko:K00135
bxb:DR64_47	ko:K00626
bxb:DR64_4701	ko:K21607
bxb:DR64_4702	ko:K18068
bxb:DR64_4703	ko:K13021
bxb:DR64_4704	ko:K01796
bxb:DR64_4706	ko:K00156
bxb:DR64_4712	ko:K00433
bxb:DR64_4714	ko:K00384
bxb:DR64_4729	ko:K13993
bxb:DR64_4731	ko:K03285
bxb:DR64_4735	ko:K15553
bxb:DR64_4736	ko:K15555
bxb:DR64_4737	ko:K15554
bxb:DR64_474	ko:K27080
bxb:DR64_4742	ko:K06867
bxb:DR64_4744	ko:K00114
bxb:DR64_4745	ko:K16259
bxb:DR64_4746	ko:K16258
bxb:DR64_4747	ko:K16257
bxb:DR64_4748	ko:K16256
bxb:DR64_4752	ko:K21703
bxb:DR64_4756	ko:K23995
bxb:DR64_4757	ko:K01724
bxb:DR64_4759	ko:K10714
bxb:DR64_476	ko:K27079
bxb:DR64_4761	ko:K01499
bxb:DR64_4763	ko:K05966
bxb:DR64_4764	ko:K10713
bxb:DR64_4766	ko:K01633
bxb:DR64_4767	ko:K21405
bxb:DR64_477	ko:K12511
bxb:DR64_4771	ko:K26605
bxb:DR64_4772	ko:K26606
bxb:DR64_4774	ko:K01783
bxb:DR64_4775	ko:K01624
bxb:DR64_4776	ko:K00615
bxb:DR64_4777	ko:K28462
bxb:DR64_4778	ko:K01086
bxb:DR64_478	ko:K12510
bxb:DR64_4780	ko:K01602
bxb:DR64_4781	ko:K01601
bxb:DR64_4782	ko:K09154
bxb:DR64_4787	ko:K01814
bxb:DR64_4788	ko:K00201
bxb:DR64_4789	ko:K00200
bxb:DR64_479	ko:K02283
bxb:DR64_4790	ko:K00672
bxb:DR64_4791	ko:K00202
bxb:DR64_4793	ko:K01259
bxb:DR64_4794	ko:K06136
bxb:DR64_4795	ko:K06137
bxb:DR64_4796	ko:K06138
bxb:DR64_4797	ko:K06139
bxb:DR64_4798	ko:K07675
bxb:DR64_4799	ko:K07689
bxb:DR64_48	ko:K03821
bxb:DR64_480	ko:K02282
bxb:DR64_4800	ko:K02014
bxb:DR64_4802	ko:K03832
bxb:DR64_4803	ko:K03561
bxb:DR64_4804	ko:K03559
bxb:DR64_4806	ko:K01091
bxb:DR64_4808	ko:K07058
bxb:DR64_481	ko:K02280
bxb:DR64_4813	ko:K17763
bxb:DR64_4814	ko:K17762
bxb:DR64_4815	ko:K17752
bxb:DR64_4819	ko:K05597
bxb:DR64_482	ko:K02279
bxb:DR64_4821	ko:K05874
bxb:DR64_4823	ko:K01474
bxb:DR64_4824	ko:K01473
bxb:DR64_4828	ko:K13794
bxb:DR64_4829	ko:K13796
bxb:DR64_483	ko:K12513
bxb:DR64_4830	ko:K13795
bxb:DR64_4831	ko:K06150
bxb:DR64_4832	ko:K18030
bxb:DR64_4833	ko:K07302
bxb:DR64_4837	ko:K07402
bxb:DR64_484	ko:K02278
bxb:DR64_4840	ko:K04102
bxb:DR64_4844	ko:K01897
bxb:DR64_4846	ko:K08195
bxb:DR64_4847	ko:K05874
bxb:DR64_4848	ko:K01704
bxb:DR64_4849	ko:K01703
bxb:DR64_485	ko:K02651
bxb:DR64_4850	ko:K08195
bxb:DR64_4852	ko:K03186
bxb:DR64_4855	ko:K01555
bxb:DR64_4857	ko:K03519
bxb:DR64_4858	ko:K09386
bxb:DR64_4859	ko:K03518
bxb:DR64_4860	ko:K03520
bxb:DR64_4864	ko:K07045
bxb:DR64_4865	ko:K01897
bxb:DR64_4866	ko:K02052
bxb:DR64_4868	ko:K02053
bxb:DR64_4869	ko:K02054
bxb:DR64_4870	ko:K02055
bxb:DR64_4871	ko:K09472
bxb:DR64_4873	ko:K08169
bxb:DR64_4874	ko:K03833
bxb:DR64_4875	ko:K01042
bxb:DR64_4876	ko:K02380
bxb:DR64_4877	ko:K00127
bxb:DR64_4878	ko:K00124
bxb:DR64_4879	ko:K00123
bxb:DR64_4880	ko:K00123
bxb:DR64_4882	ko:K01008
bxb:DR64_4883	ko:K06917
bxb:DR64_4884	ko:K07089
bxb:DR64_4886	ko:K14237
bxb:DR64_4888	ko:K06016
bxb:DR64_4889	ko:K01996
bxb:DR64_4890	ko:K01995
bxb:DR64_4891	ko:K01998
bxb:DR64_4892	ko:K01997
bxb:DR64_4893	ko:K01999
bxb:DR64_4896	ko:K01985
bxb:DR64_4897	ko:K01980
bxb:DR64_4898	ko:K14218
bxb:DR64_4899	ko:K14227
bxb:DR64_49	ko:K05810
bxb:DR64_4900	ko:K01977
bxb:DR64_4901	ko:K03086
bxb:DR64_4905	ko:K06894
bxb:DR64_4906	ko:K09934
bxb:DR64_4908	ko:K05825
bxb:DR64_491	ko:K06916
bxb:DR64_4911	ko:K26061
bxb:DR64_4914	ko:K01644
bxb:DR64_4916	ko:K18289
bxb:DR64_4917	ko:K00249
bxb:DR64_4918	ko:K09709
bxb:DR64_4919	ko:K09990
bxb:DR64_492	ko:K00382
bxb:DR64_4921	ko:K11895
bxb:DR64_4923	ko:K07126
bxb:DR64_4928	ko:K11904
bxb:DR64_4929	ko:K11896
bxb:DR64_493	ko:K00658
bxb:DR64_494	ko:K00164
bxb:DR64_4941	ko:K08482
bxb:DR64_4943	ko:K06075
bxb:DR64_4949	ko:K07302
bxb:DR64_495	ko:K06207
bxb:DR64_4950	ko:K07303
bxb:DR64_4952	ko:K10544
bxb:DR64_4953	ko:K10545
bxb:DR64_4954	ko:K10543
bxb:DR64_4955	ko:K01805
bxb:DR64_4956	ko:K02529
bxb:DR64_4957	ko:K01785
bxb:DR64_4961	ko:K03406
bxb:DR64_4967	ko:K04091
bxb:DR64_4969	ko:K15553
bxb:DR64_497	ko:K18139
bxb:DR64_4970	ko:K15555
bxb:DR64_4971	ko:K15554
bxb:DR64_4974	ko:K00507
bxb:DR64_4976	ko:K01531
bxb:DR64_4978	ko:K01006
bxb:DR64_4979	ko:K09794
bxb:DR64_498	ko:K03543
bxb:DR64_4980	ko:K05275
bxb:DR64_4984	ko:K19736
bxb:DR64_4985	ko:K01477
bxb:DR64_4986	ko:K09967
bxb:DR64_4987	ko:K02028
bxb:DR64_4988	ko:K02029
bxb:DR64_4989	ko:K02029
bxb:DR64_499	ko:K03446
bxb:DR64_4990	ko:K09967
bxb:DR64_4991	ko:K09967
bxb:DR64_4992	ko:K02030
bxb:DR64_4994	ko:K06934
bxb:DR64_4995	ko:K01687
bxb:DR64_4997	ko:K03892
bxb:DR64_4998	ko:K00059
bxb:DR64_50	ko:K06180
bxb:DR64_500	ko:K03177
bxb:DR64_5001	ko:K03281
bxb:DR64_5004	ko:K06988
bxb:DR64_5009	ko:K00596
bxb:DR64_501	ko:K02834
bxb:DR64_5016	ko:K03406
bxb:DR64_502	ko:K02519
bxb:DR64_5020	ko:K07126
bxb:DR64_5023	ko:K19623
bxb:DR64_5024	ko:K19622
bxb:DR64_5025	ko:K19622
bxb:DR64_5026	ko:K19621
bxb:DR64_5027	ko:K19620
bxb:DR64_5028	ko:K00059
bxb:DR64_503	ko:K02600
bxb:DR64_5033	ko:K00615
bxb:DR64_5034	ko:K03566
bxb:DR64_5036	ko:K02055
bxb:DR64_5037	ko:K02052
bxb:DR64_5038	ko:K02054
bxb:DR64_5039	ko:K02053
bxb:DR64_504	ko:K09748
bxb:DR64_5040	ko:K24955
bxb:DR64_5041	ko:K22550
bxb:DR64_5042	ko:K24954
bxb:DR64_5047	ko:K00311
bxb:DR64_505	ko:K06178
bxb:DR64_5051	ko:K00128
bxb:DR64_5056	ko:K12508
bxb:DR64_5057	ko:K00249
bxb:DR64_506	ko:K06024
bxb:DR64_5061	ko:K00059
bxb:DR64_5062	ko:K03522
bxb:DR64_5063	ko:K03521
bxb:DR64_5064	ko:K01796
bxb:DR64_5067	ko:K23948
bxb:DR64_5069	ko:K00249
bxb:DR64_5072	ko:K28225
bxb:DR64_5074	ko:K00255
bxb:DR64_5075	ko:K03556
bxb:DR64_5081	ko:K08195
bxb:DR64_5082	ko:K00523
bxb:DR64_5084	ko:K16320
bxb:DR64_5085	ko:K16319
bxb:DR64_5086	ko:K02624
bxb:DR64_509	ko:K07492
bxb:DR64_5091	ko:K08177
bxb:DR64_5092	ko:K01577
bxb:DR64_5093	ko:K07749
bxb:DR64_5095	ko:K02040
bxb:DR64_5098	ko:K16074
bxb:DR64_5099	ko:K02040
bxb:DR64_51	ko:K05807
bxb:DR64_5106	ko:K00457
bxb:DR64_5107	ko:K02623
bxb:DR64_5108	ko:K00449
bxb:DR64_5109	ko:K00448
bxb:DR64_5110	ko:K03746
bxb:DR64_5111	ko:K05835
bxb:DR64_5112	ko:K03704
bxb:DR64_5114	ko:K20034
bxb:DR64_5116	ko:K03406
bxb:DR64_5133	ko:K01995
bxb:DR64_5134	ko:K01996
bxb:DR64_5135	ko:K01998
bxb:DR64_5136	ko:K01997
bxb:DR64_5137	ko:K01999
bxb:DR64_5142	ko:K01714
bxb:DR64_5143	ko:K03386
bxb:DR64_5149	ko:K03086
bxb:DR64_5150	ko:K02316
bxb:DR64_5151	ko:K09117
bxb:DR64_5152	ko:K02970
bxb:DR64_5154	ko:K25706
bxb:DR64_5155	ko:K09007
bxb:DR64_5156	ko:K01662
bxb:DR64_5157	ko:K00795
bxb:DR64_5158	ko:K03602
bxb:DR64_516	ko:K15034
bxb:DR64_5160	ko:K01011
bxb:DR64_5161	ko:K01061
bxb:DR64_5162	ko:K03885
bxb:DR64_5163	ko:K02335
bxb:DR64_5165	ko:K07240
bxb:DR64_5166	ko:K07240
bxb:DR64_5167	ko:K01241
bxb:DR64_5169	ko:K02204
bxb:DR64_5171	ko:K23775
bxb:DR64_5172	ko:K04063
bxb:DR64_5173	ko:K01669
bxb:DR64_5177	ko:K02020
bxb:DR64_5178	ko:K02018
bxb:DR64_5179	ko:K02017
bxb:DR64_5180	ko:K02019
bxb:DR64_519	ko:K03581
bxb:DR64_5190	ko:K16147
bxb:DR64_5191	ko:K05343
bxb:DR64_5192	ko:K00700
bxb:DR64_5193	ko:K01214
bxb:DR64_5194	ko:K01236
bxb:DR64_5195	ko:K00705
bxb:DR64_5196	ko:K06044
bxb:DR64_5197	ko:K07090
bxb:DR64_5199	ko:K03699
bxb:DR64_52	ko:K03215
bxb:DR64_520	ko:K03582
bxb:DR64_5201	ko:K03772
bxb:DR64_5203	ko:K10764
bxb:DR64_5204	ko:K00764
bxb:DR64_5205	ko:K03558
bxb:DR64_5206	ko:K03749
bxb:DR64_5207	ko:K11754
bxb:DR64_5208	ko:K01963
bxb:DR64_5209	ko:K01695
bxb:DR64_521	ko:K03583
bxb:DR64_5210	ko:K00571
bxb:DR64_5211	ko:K01696
bxb:DR64_5212	ko:K01817
bxb:DR64_5213	ko:K06173
bxb:DR64_5214	ko:K08086
bxb:DR64_5215	ko:K00133
bxb:DR64_5216	ko:K00052
bxb:DR64_5217	ko:K01704
bxb:DR64_5218	ko:K16347
bxb:DR64_5219	ko:K01703
bxb:DR64_5220	ko:K01647
bxb:DR64_5221	ko:K09159
bxb:DR64_5222	ko:K00240
bxb:DR64_5223	ko:K00239
bxb:DR64_5224	ko:K00242
bxb:DR64_5225	ko:K00241
bxb:DR64_5226	ko:K03710
bxb:DR64_5227	ko:K00024
bxb:DR64_5228	ko:K01644
bxb:DR64_5230	ko:K01659
bxb:DR64_5232	ko:K01720
bxb:DR64_5233	ko:K27802
bxb:DR64_5236	ko:K07688
bxb:DR64_5238	ko:K21449
bxb:DR64_524	ko:K07326
bxb:DR64_5241	ko:K03101
bxb:DR64_5245	ko:K02651
bxb:DR64_5249	ko:K02651
bxb:DR64_5250	ko:K02279
bxb:DR64_5251	ko:K02280
bxb:DR64_5252	ko:K02283
bxb:DR64_5253	ko:K12510
bxb:DR64_5254	ko:K12511
bxb:DR64_5255	ko:K09005
bxb:DR64_5259	ko:K07690
bxb:DR64_5261	ko:K02053
bxb:DR64_5262	ko:K02054
bxb:DR64_5263	ko:K02055
bxb:DR64_5264	ko:K02052
bxb:DR64_5265	ko:K00375
bxb:DR64_5268	ko:K07734
bxb:DR64_5269	ko:K17686
bxb:DR64_5270	ko:K03406
bxb:DR64_5271	ko:K00799
bxb:DR64_5272	ko:K05973
bxb:DR64_5275	ko:K00074
bxb:DR64_5279	ko:K07507
bxb:DR64_5282	ko:K03704
bxb:DR64_5283	ko:K05874
bxb:DR64_5287	ko:K18336
bxb:DR64_5288	ko:K18335
bxb:DR64_5289	ko:K07046
bxb:DR64_529	ko:K15125
bxb:DR64_5290	ko:K00064
bxb:DR64_5291	ko:K16850
bxb:DR64_5293	ko:K02057
bxb:DR64_5294	ko:K02056
bxb:DR64_5295	ko:K10439
bxb:DR64_5298	ko:K09181
bxb:DR64_5299	ko:K02837
bxb:DR64_53	ko:K07501
bxb:DR64_5300	ko:K07345
bxb:DR64_5301	ko:K07347
bxb:DR64_5302	ko:K15540
bxb:DR64_5303	ko:K07345
bxb:DR64_5304	ko:K03746
bxb:DR64_5312	ko:K09022
bxb:DR64_5313	ko:K07677
bxb:DR64_5314	ko:K03776
bxb:DR64_5317	ko:K00384
bxb:DR64_5319	ko:K09927
bxb:DR64_5322	ko:K05847
bxb:DR64_5323	ko:K05846
bxb:DR64_5324	ko:K05845
bxb:DR64_5325	ko:K05846
bxb:DR64_5326	ko:K11264
bxb:DR64_5329	ko:K19338
bxb:DR64_5330	ko:K00830
bxb:DR64_5334	ko:K16216
bxb:DR64_5335	ko:K07659
bxb:DR64_5336	ko:K03413
bxb:DR64_5340	ko:K03407
bxb:DR64_5346	ko:K09958
bxb:DR64_5349	ko:K00060
bxb:DR64_5350	ko:K00639
bxb:DR64_5356	ko:K03497
bxb:DR64_5357	ko:K03496
bxb:DR64_5359	ko:K00537
bxb:DR64_5360	ko:K15553
bxb:DR64_5361	ko:K03299
bxb:DR64_5362	ko:K09984
bxb:DR64_5368	ko:K19784
bxb:DR64_5372	ko:K03410
bxb:DR64_5374	ko:K21678
bxb:DR64_5375	ko:K21677
bxb:DR64_5376	ko:K06045
bxb:DR64_5378	ko:K04754
bxb:DR64_5379	ko:K07003
bxb:DR64_5380	ko:K07323
bxb:DR64_5382	ko:K03527
bxb:DR64_5386	ko:K00091
bxb:DR64_5387	ko:K01512
bxb:DR64_5388	ko:K18911
bxb:DR64_5389	ko:K05786
bxb:DR64_5391	ko:K10914
bxb:DR64_5393	ko:K01714
bxb:DR64_5397	ko:K01173
bxb:DR64_54	ko:K03087
bxb:DR64_540	ko:K15125
bxb:DR64_541	ko:K05800
bxb:DR64_5411	ko:K07482
bxb:DR64_5412	ko:K07240
bxb:DR64_5414	ko:K19302
bxb:DR64_5415	ko:K13633
bxb:DR64_5416	ko:K03863
bxb:DR64_5417	ko:K01745
bxb:DR64_542	ko:K22044
bxb:DR64_5420	ko:K02035
bxb:DR64_5421	ko:K02033
bxb:DR64_5422	ko:K02034
bxb:DR64_5423	ko:K02031
bxb:DR64_5424	ko:K02032
bxb:DR64_5429	ko:K09386
bxb:DR64_5431	ko:K03520
bxb:DR64_5432	ko:K03518
bxb:DR64_5433	ko:K03519
bxb:DR64_5434	ko:K10112
bxb:DR64_5435	ko:K02026
bxb:DR64_5436	ko:K02025
bxb:DR64_5437	ko:K02027
bxb:DR64_5439	ko:K01752
bxb:DR64_544	ko:K07118
bxb:DR64_5441	ko:K07402
bxb:DR64_5442	ko:K16137
bxb:DR64_5444	ko:K19267
bxb:DR64_5447	ko:K02408
bxb:DR64_5448	ko:K07240
bxb:DR64_5457	ko:K29125
bxb:DR64_5458	ko:K00146
bxb:DR64_547	ko:K05520
bxb:DR64_5482	ko:K07497
bxb:DR64_5483	ko:K07483
bxb:DR64_5485	ko:K01781
bxb:DR64_5486	ko:K15054
bxb:DR64_5487	ko:K01576
bxb:DR64_5491	ko:K03724
bxb:DR64_55	ko:K06194
bxb:DR64_550	ko:K03320
bxb:DR64_5505	ko:K15125
bxb:DR64_5506	ko:K15125
bxb:DR64_5509	ko:K07484
bxb:DR64_551	ko:K06199
bxb:DR64_5519	ko:K05710
bxb:DR64_552	ko:K01114
bxb:DR64_5527	ko:K01652
bxb:DR64_5528	ko:K06989
bxb:DR64_5531	ko:K00529
bxb:DR64_5532	ko:K28762
bxb:DR64_5537	ko:K04045
bxb:DR64_5542	ko:K03098
bxb:DR64_5544	ko:K00574
bxb:DR64_5548	ko:K22895
bxb:DR64_5551	ko:K14057
bxb:DR64_5552	ko:K10013
bxb:DR64_5553	ko:K06987
bxb:DR64_5555	ko:K01114
bxb:DR64_5559	ko:K00036
bxb:DR64_5560	ko:K00886
bxb:DR64_5562	ko:K16090
bxb:DR64_5563	ko:K07336
bxb:DR64_5564	ko:K09939
bxb:DR64_5566	ko:K28519
bxb:DR64_557	ko:K20148
bxb:DR64_5575	ko:K07032
bxb:DR64_5583	ko:K13936
bxb:DR64_5589	ko:K00375
bxb:DR64_5594	ko:K01868
bxb:DR64_56	ko:K00573
bxb:DR64_5601	ko:K13653
bxb:DR64_5606	ko:K00059
bxb:DR64_5609	ko:K01265
bxb:DR64_5614	ko:K00799
bxb:DR64_5616	ko:K08295
bxb:DR64_5618	ko:K01075
bxb:DR64_5623	ko:K09461
bxb:DR64_5624	ko:K13796
bxb:DR64_5626	ko:K08369
bxb:DR64_5630	ko:K00344
bxb:DR64_5633	ko:K18118
bxb:DR64_5635	ko:K07493
bxb:DR64_5638	ko:K06926
bxb:DR64_564	ko:K07506
bxb:DR64_5640	ko:K06158
bxb:DR64_5641	ko:K11811
bxb:DR64_5642	ko:K00537
bxb:DR64_5643	ko:K03325
bxb:DR64_5645	ko:K03892
bxb:DR64_5646	ko:K00138
bxb:DR64_5647	ko:K00114
bxb:DR64_5648	ko:K02030
bxb:DR64_5649	ko:K06138
bxb:DR64_5650	ko:K21405
bxb:DR64_5651	ko:K21405
bxb:DR64_5653	ko:K21416
bxb:DR64_5654	ko:K21417
bxb:DR64_5655	ko:K00627
bxb:DR64_5656	ko:K03644
bxb:DR64_5658	ko:K07217
bxb:DR64_5662	ko:K01560
bxb:DR64_5666	ko:K12141
bxb:DR64_5667	ko:K12140
bxb:DR64_5669	ko:K12137
bxb:DR64_5670	ko:K00797
bxb:DR64_5673	ko:K02784
bxb:DR64_5674	ko:K00797
bxb:DR64_5676	ko:K00797
bxb:DR64_5677	ko:K03086
bxb:DR64_5678	ko:K02372
bxb:DR64_5681	ko:K27078
bxb:DR64_5682	ko:K07347
bxb:DR64_5683	ko:K07346
bxb:DR64_5684	ko:K27078
bxb:DR64_5688	ko:K00472
bxb:DR64_5694	ko:K00023
bxb:DR64_5695	ko:K00208
bxb:DR64_5696	ko:K00925
bxb:DR64_5697	ko:K00625
bxb:DR64_5698	ko:K03821
bxb:DR64_5699	ko:K10806
bxb:DR64_57	ko:K03787
bxb:DR64_570	ko:K07232
bxb:DR64_5700	ko:K00826
bxb:DR64_5701	ko:K04090
bxb:DR64_5703	ko:K02529
bxb:DR64_5705	ko:K02035
bxb:DR64_5706	ko:K02033
bxb:DR64_5707	ko:K02034
bxb:DR64_5708	ko:K02031
bxb:DR64_571	ko:K18900
bxb:DR64_5711	ko:K01473
bxb:DR64_5712	ko:K01474
bxb:DR64_5713	ko:K01775
bxb:DR64_5715	ko:K00074
bxb:DR64_5716	ko:K00626
bxb:DR64_5717	ko:K00311
bxb:DR64_5718	ko:K20035
bxb:DR64_5719	ko:K20034
bxb:DR64_5726	ko:K03285
bxb:DR64_573	ko:K18901
bxb:DR64_5730	ko:K03086
bxb:DR64_5733	ko:K18118
bxb:DR64_574	ko:K18902
bxb:DR64_5740	ko:K21929
bxb:DR64_5742	ko:K01867
bxb:DR64_575	ko:K18903
bxb:DR64_5750	ko:K03285
bxb:DR64_5753	ko:K02026
bxb:DR64_5755	ko:K02025
bxb:DR64_5756	ko:K02027
bxb:DR64_5758	ko:K10112
bxb:DR64_5759	ko:K19337
bxb:DR64_5764	ko:K05712
bxb:DR64_5767	ko:K06133
bxb:DR64_5771	ko:K03719
bxb:DR64_5772	ko:K02529
bxb:DR64_5773	ko:K11688
bxb:DR64_5774	ko:K21393
bxb:DR64_5776	ko:K01559
bxb:DR64_5777	ko:K00034
bxb:DR64_5778	ko:K23247
bxb:DR64_5789	ko:K02051
bxb:DR64_5790	ko:K02049
bxb:DR64_5792	ko:K02050
bxb:DR64_5794	ko:K01703
bxb:DR64_5795	ko:K01704
bxb:DR64_58	ko:K00344
bxb:DR64_5806	ko:K18139
bxb:DR64_5808	ko:K11003
bxb:DR64_5810	ko:K11004
bxb:DR64_5816	ko:K17850
bxb:DR64_5817	ko:K03304
bxb:DR64_5819	ko:K08482
bxb:DR64_582	ko:K00799
bxb:DR64_5820	ko:K00801
bxb:DR64_5827	ko:K15554
bxb:DR64_5828	ko:K15555
bxb:DR64_5829	ko:K15553
bxb:DR64_5830	ko:K07774
bxb:DR64_5831	ko:K07649
bxb:DR64_5834	ko:K05946
bxb:DR64_5835	ko:K20948
bxb:DR64_5840	ko:K02472
bxb:DR64_5841	ko:K16692
bxb:DR64_5842	ko:K25307
bxb:DR64_5843	ko:K01991
bxb:DR64_5851	ko:K05375
bxb:DR64_5853	ko:K10829
bxb:DR64_5854	ko:K23228
bxb:DR64_5855	ko:K13255
bxb:DR64_5856	ko:K23227
bxb:DR64_5857	ko:K06160
bxb:DR64_586	ko:K03101
bxb:DR64_5860	ko:K10531
bxb:DR64_5863	ko:K02014
bxb:DR64_5865	ko:K00031
bxb:DR64_5870	ko:K01706
bxb:DR64_5878	ko:K01725
bxb:DR64_588	ko:K20329
bxb:DR64_5882	ko:K05817
bxb:DR64_5884	ko:K06016
bxb:DR64_5886	ko:K00567
bxb:DR64_5888	ko:K10439
bxb:DR64_589	ko:K07799
bxb:DR64_5892	ko:K07304
bxb:DR64_5894	ko:K07001
bxb:DR64_5895	ko:K03585
bxb:DR64_59	ko:K15554
bxb:DR64_590	ko:K07788
bxb:DR64_5903	ko:K10439
bxb:DR64_5904	ko:K10441
bxb:DR64_5905	ko:K10440
bxb:DR64_5906	ko:K00852
bxb:DR64_591	ko:K07789
bxb:DR64_5911	ko:K07117
bxb:DR64_5912	ko:K00382
bxb:DR64_5913	ko:K07506
bxb:DR64_5914	ko:K15977
bxb:DR64_5917	ko:K09930
bxb:DR64_5920	ko:K10439
bxb:DR64_5921	ko:K10440
bxb:DR64_5922	ko:K10440
bxb:DR64_5923	ko:K10441
bxb:DR64_5925	ko:K01055
bxb:DR64_5928	ko:K00641
bxb:DR64_5929	ko:K02028
bxb:DR64_5929	ko:K02029
bxb:DR64_593	ko:K03564
bxb:DR64_5930	ko:K02030
bxb:DR64_5936	ko:K01420
bxb:DR64_5938	ko:K13060
bxb:DR64_5939	ko:K18304
bxb:DR64_5942	ko:K01053
bxb:DR64_5947	ko:K00640
bxb:DR64_5951	ko:K03285
bxb:DR64_5953	ko:K07093
bxb:DR64_5960	ko:K00681
bxb:DR64_5963	ko:K22468
bxb:DR64_5965	ko:K07497
bxb:DR64_5966	ko:K07483
bxb:DR64_5967	ko:K03306
bxb:DR64_5972	ko:K01495
bxb:DR64_5974	ko:K01031
bxb:DR64_5975	ko:K01032
bxb:DR64_5976	ko:K01857
bxb:DR64_5977	ko:K01055
bxb:DR64_5978	ko:K01607
bxb:DR64_5979	ko:K01791
bxb:DR64_598	ko:K01574
bxb:DR64_5981	ko:K09690
bxb:DR64_5982	ko:K09691
bxb:DR64_5984	ko:K22294
bxb:DR64_5985	ko:K20449
bxb:DR64_5986	ko:K09740
bxb:DR64_5989	ko:K01997
bxb:DR64_5989	ko:K01998
bxb:DR64_599	ko:K10013
bxb:DR64_5990	ko:K01995
bxb:DR64_5991	ko:K01996
bxb:DR64_5992	ko:K15358
bxb:DR64_5993	ko:K18029
bxb:DR64_5994	ko:K18030
bxb:DR64_5995	ko:K01999
bxb:DR64_5996	ko:K11903
bxb:DR64_6	ko:K14228
bxb:DR64_60	ko:K15555
bxb:DR64_600	ko:K05526
bxb:DR64_6001	ko:K00822
bxb:DR64_6004	ko:K07090
bxb:DR64_6005	ko:K17218
bxb:DR64_601	ko:K01484
bxb:DR64_6011	ko:K00875
bxb:DR64_6015	ko:K07255
bxb:DR64_6016	ko:K07256
bxb:DR64_6017	ko:K11735
bxb:DR64_6018	ko:K09882
bxb:DR64_6019	ko:K09883
bxb:DR64_602	ko:K06447
bxb:DR64_6021	ko:K00625
bxb:DR64_6022	ko:K03852
bxb:DR64_6023	ko:K15552
bxb:DR64_6024	ko:K10831
bxb:DR64_6025	ko:K15551
bxb:DR64_6026	ko:K00375
bxb:DR64_603	ko:K00673
bxb:DR64_6032	ko:K15515
bxb:DR64_6033	ko:K26005
bxb:DR64_6036	ko:K15725
bxb:DR64_6037	ko:K15727
bxb:DR64_6038	ko:K15726
bxb:DR64_6039	ko:K07665
bxb:DR64_604	ko:K00673
bxb:DR64_6040	ko:K07644
bxb:DR64_605	ko:K00840
bxb:DR64_6058	ko:K07347
bxb:DR64_606	ko:K21825
bxb:DR64_6060	ko:K13408
bxb:DR64_6061	ko:K13409
bxb:DR64_6062	ko:K12340
bxb:DR64_6065	ko:K03543
bxb:DR64_6066	ko:K03446
bxb:DR64_6068	ko:K00626
bxb:DR64_6069	ko:K03317
bxb:DR64_607	ko:K10017
bxb:DR64_6070	ko:K01489
bxb:DR64_6072	ko:K00077
bxb:DR64_6074	ko:K02055
bxb:DR64_6078	ko:K02053
bxb:DR64_6079	ko:K02054
bxb:DR64_608	ko:K10015
bxb:DR64_6080	ko:K02052
bxb:DR64_6083	ko:K10823
bxb:DR64_6084	ko:K15583
bxb:DR64_6085	ko:K15582
bxb:DR64_6086	ko:K15581
bxb:DR64_6087	ko:K15580
bxb:DR64_6089	ko:K03305
bxb:DR64_609	ko:K10016
bxb:DR64_6090	ko:K00375
bxb:DR64_6095	ko:K07395
bxb:DR64_6097	ko:K07058
bxb:DR64_6099	ko:K03406
bxb:DR64_61	ko:K15553
bxb:DR64_610	ko:K07001
bxb:DR64_6104	ko:K03724
bxb:DR64_6105	ko:K03772
bxb:DR64_6111	ko:K06131
bxb:DR64_6114	ko:K02480
bxb:DR64_6116	ko:K03307
bxb:DR64_6117	ko:K07336
bxb:DR64_6118	ko:K07126
bxb:DR64_6119	ko:K16090
bxb:DR64_6120	ko:K14057
bxb:DR64_6123	ko:K26064
bxb:DR64_6125	ko:K18900
bxb:DR64_6131	ko:K09981
bxb:DR64_6134	ko:K03717
bxb:DR64_6136	ko:K01768
bxb:DR64_6141	ko:K07304
bxb:DR64_6148	ko:K27492
bxb:DR64_6149	ko:K17735
bxb:DR64_615	ko:K00975
bxb:DR64_6150	ko:K27837
bxb:DR64_6151	ko:K02002
bxb:DR64_6152	ko:K17736
bxb:DR64_6155	ko:K00135
bxb:DR64_6156	ko:K00823
bxb:DR64_6157	ko:K00375
bxb:DR64_6159	ko:K02042
bxb:DR64_616	ko:K00703
bxb:DR64_6160	ko:K02044
bxb:DR64_6161	ko:K02041
bxb:DR64_6164	ko:K15371
bxb:DR64_6166	ko:K23107
bxb:DR64_6169	ko:K18900
bxb:DR64_617	ko:K00868
bxb:DR64_6171	ko:K18901
bxb:DR64_6172	ko:K18902
bxb:DR64_6173	ko:K18903
bxb:DR64_6174	ko:K02073
bxb:DR64_6175	ko:K02071
bxb:DR64_6176	ko:K02072
bxb:DR64_6178	ko:K03322
bxb:DR64_6179	ko:K02402
bxb:DR64_6180	ko:K02403
bxb:DR64_6187	ko:K02431
bxb:DR64_6189	ko:K15977
bxb:DR64_619	ko:K01999
bxb:DR64_6192	ko:K03762
bxb:DR64_6194	ko:K21062
bxb:DR64_6195	ko:K12658
bxb:DR64_6196	ko:K21061
bxb:DR64_6197	ko:K22550
bxb:DR64_6198	ko:K22549
bxb:DR64_62	ko:K18313
bxb:DR64_6203	ko:K26400
bxb:DR64_6204	ko:K03786
bxb:DR64_6205	ko:K25901
bxb:DR64_6206	ko:K08194
bxb:DR64_6208	ko:K09471
bxb:DR64_6210	ko:K03088
bxb:DR64_6213	ko:K10554
bxb:DR64_6214	ko:K10553
bxb:DR64_6215	ko:K10552
bxb:DR64_6216	ko:K21087
bxb:DR64_6217	ko:K03832
bxb:DR64_6218	ko:K03559
bxb:DR64_6219	ko:K03561
bxb:DR64_6225	ko:K00384
bxb:DR64_623	ko:K01458
bxb:DR64_6230	ko:K02014
bxb:DR64_6233	ko:K05783
bxb:DR64_6234	ko:K05784
bxb:DR64_6235	ko:K05550
bxb:DR64_6236	ko:K05549
bxb:DR64_6237	ko:K21757
bxb:DR64_624	ko:K05603
bxb:DR64_6241	ko:K08369
bxb:DR64_6243	ko:K00381
bxb:DR64_6246	ko:K00799
bxb:DR64_6247	ko:K07006
bxb:DR64_625	ko:K01468
bxb:DR64_6250	ko:K02336
bxb:DR64_6256	ko:K09471
bxb:DR64_6258	ko:K11074
bxb:DR64_6259	ko:K11075
bxb:DR64_626	ko:K09975
bxb:DR64_6260	ko:K11076
bxb:DR64_6261	ko:K11073
bxb:DR64_6262	ko:K12256
bxb:DR64_6263	ko:K01915
bxb:DR64_6264	ko:K07010
bxb:DR64_6266	ko:K09472
bxb:DR64_6267	ko:K01480
bxb:DR64_627	ko:K01712
bxb:DR64_6273	ko:K03566
bxb:DR64_6277	ko:K03530
bxb:DR64_6278	ko:K01626
bxb:DR64_628	ko:K05836
bxb:DR64_6281	ko:K00253
bxb:DR64_6282	ko:K01969
bxb:DR64_6283	ko:K13766
bxb:DR64_6284	ko:K01968
bxb:DR64_6289	ko:K06145
bxb:DR64_629	ko:K01745
bxb:DR64_6290	ko:K00019
bxb:DR64_6291	ko:K08369
bxb:DR64_6296	ko:K00128
bxb:DR64_6297	ko:K01607
bxb:DR64_6299	ko:K00020
bxb:DR64_63	ko:K06187
bxb:DR64_6303	ko:K01834
bxb:DR64_6305	ko:K00018
bxb:DR64_6309	ko:K08369
bxb:DR64_6311	ko:K01644
bxb:DR64_6316	ko:K01684
bxb:DR64_6317	ko:K03710
bxb:DR64_6318	ko:K01999
bxb:DR64_6319	ko:K01997
bxb:DR64_6320	ko:K01998
bxb:DR64_6321	ko:K01995
bxb:DR64_6322	ko:K01996
bxb:DR64_6324	ko:K13796
bxb:DR64_6326	ko:K03566
bxb:DR64_6327	ko:K23463
bxb:DR64_633	ko:K06901
bxb:DR64_6331	ko:K01521
bxb:DR64_6332	ko:K21801
bxb:DR64_6335	ko:K00299
bxb:DR64_6338	ko:K03741
bxb:DR64_6339	ko:K03746
bxb:DR64_6343	ko:K00655
bxb:DR64_6344	ko:K01999
bxb:DR64_6345	ko:K01777
bxb:DR64_6347	ko:K07112
bxb:DR64_6348	ko:K07112
bxb:DR64_6349	ko:K21883
bxb:DR64_6350	ko:K26580
bxb:DR64_6351	ko:K12661
bxb:DR64_6352	ko:K18337
bxb:DR64_6354	ko:K03534
bxb:DR64_6356	ko:K10562
bxb:DR64_6357	ko:K10560
bxb:DR64_6358	ko:K10561
bxb:DR64_6359	ko:K10559
bxb:DR64_6362	ko:K02010
bxb:DR64_6363	ko:K02011
bxb:DR64_6364	ko:K02012
bxb:DR64_6365	ko:K07774
bxb:DR64_6366	ko:K07649
bxb:DR64_6367	ko:K22067
bxb:DR64_6368	ko:K07183
bxb:DR64_6369	ko:K09939
bxb:DR64_637	ko:K01451
bxb:DR64_6370	ko:K22602
bxb:DR64_6372	ko:K01465
bxb:DR64_6373	ko:K03520
bxb:DR64_6374	ko:K03519
bxb:DR64_6375	ko:K03518
bxb:DR64_6379	ko:K01426
bxb:DR64_638	ko:K14057
bxb:DR64_6381	ko:K02028
bxb:DR64_6382	ko:K02029
bxb:DR64_6384	ko:K02030
bxb:DR64_6385	ko:K22296
bxb:DR64_6387	ko:K02518
bxb:DR64_639	ko:K21703
bxb:DR64_6390	ko:K21829
bxb:DR64_6393	ko:K02639
bxb:DR64_6394	ko:K21405
bxb:DR64_6397	ko:K06901
bxb:DR64_6398	ko:K09768
bxb:DR64_64	ko:K09747
bxb:DR64_640	ko:K03885
bxb:DR64_6401	ko:K07403
bxb:DR64_6404	ko:K01895
bxb:DR64_6405	ko:K00140
bxb:DR64_6406	ko:K00020
bxb:DR64_6409	ko:K19577
bxb:DR64_6412	ko:K06893
bxb:DR64_6413	ko:K06988
bxb:DR64_6416	ko:K06988
bxb:DR64_642	ko:K07665
bxb:DR64_6421	ko:K02517
bxb:DR64_6422	ko:K01473
bxb:DR64_6423	ko:K01474
bxb:DR64_6426	ko:K16319
bxb:DR64_6427	ko:K16320
bxb:DR64_6428	ko:K18248
bxb:DR64_6429	ko:K18249
bxb:DR64_643	ko:K07644
bxb:DR64_6431	ko:K01989
bxb:DR64_6434	ko:K01652
bxb:DR64_6435	ko:K00231
bxb:DR64_6436	ko:K01989
bxb:DR64_6437	ko:K05833
bxb:DR64_6438	ko:K05832
bxb:DR64_644	ko:K05596
bxb:DR64_6443	ko:K03285
bxb:DR64_6445	ko:K01425
bxb:DR64_6447	ko:K03446
bxb:DR64_6448	ko:K06999
bxb:DR64_6449	ko:K03569
bxb:DR64_645	ko:K06895
bxb:DR64_6452	ko:K01647
bxb:DR64_646	ko:K01533
bxb:DR64_6461	ko:K01607
bxb:DR64_6463	ko:K04063
bxb:DR64_6469	ko:K13816
bxb:DR64_6470	ko:K14051
bxb:DR64_6471	ko:K03724
bxb:DR64_6475	ko:K18991
bxb:DR64_6476	ko:K24160
bxb:DR64_648	ko:K21006
bxb:DR64_6480	ko:K03168
bxb:DR64_6482	ko:K05520
bxb:DR64_6483	ko:K08995
bxb:DR64_6489	ko:K03092
bxb:DR64_649	ko:K01884
bxb:DR64_6490	ko:K12252
bxb:DR64_6493	ko:K18928
bxb:DR64_6494	ko:K18929
bxb:DR64_6495	ko:K00782
bxb:DR64_6497	ko:K10844
bxb:DR64_6498	ko:K22044
bxb:DR64_65	ko:K02343
bxb:DR64_650	ko:K21012
bxb:DR64_6503	ko:K02282
bxb:DR64_6504	ko:K02017
bxb:DR64_6504	ko:K02018
bxb:DR64_6505	ko:K03462
bxb:DR64_6506	ko:K02020
bxb:DR64_6509	ko:K02019
bxb:DR64_651	ko:K21011
bxb:DR64_6515	ko:K00472
bxb:DR64_652	ko:K21010
bxb:DR64_6520	ko:K02688
bxb:DR64_6521	ko:K24119
bxb:DR64_6522	ko:K03387
bxb:DR64_6524	ko:K00496
bxb:DR64_6525	ko:K15977
bxb:DR64_6526	ko:K06911
bxb:DR64_6528	ko:K01505
bxb:DR64_653	ko:K21009
bxb:DR64_6530	ko:K03781
bxb:DR64_6532	ko:K00575
bxb:DR64_6533	ko:K03412
bxb:DR64_6537	ko:K00832
bxb:DR64_6539	ko:K00077
bxb:DR64_654	ko:K21008
bxb:DR64_6541	ko:K05712
bxb:DR64_6544	ko:K03585
bxb:DR64_6545	ko:K18138
bxb:DR64_6546	ko:K18139
bxb:DR64_655	ko:K21007
bxb:DR64_6552	ko:K11903
bxb:DR64_6557	ko:K13541
bxb:DR64_6558	ko:K03394
bxb:DR64_6559	ko:K06042
bxb:DR64_656	ko:K21006
bxb:DR64_6560	ko:K02229
bxb:DR64_6561	ko:K00595
bxb:DR64_6562	ko:K02188
bxb:DR64_6563	ko:K05895
bxb:DR64_6564	ko:K05936
bxb:DR64_6565	ko:K00549
bxb:DR64_6566	ko:K03576
bxb:DR64_6569	ko:K03285
bxb:DR64_6571	ko:K01673
bxb:DR64_6572	ko:K01673
bxb:DR64_6573	ko:K10680
bxb:DR64_6576	ko:K06518
bxb:DR64_6580	ko:K20866
bxb:DR64_6583	ko:K00799
bxb:DR64_6584	ko:K10680
bxb:DR64_6591	ko:K25587
bxb:DR64_6592	ko:K00703
bxb:DR64_6593	ko:K11896
bxb:DR64_6594	ko:K11904
bxb:DR64_66	ko:K03671
bxb:DR64_660	ko:K11939
bxb:DR64_6600	ko:K03307
bxb:DR64_6602	ko:K05595
bxb:DR64_6606	ko:K09882
bxb:DR64_661	ko:K01790
bxb:DR64_6616	ko:K00615
bxb:DR64_6619	ko:K19707
bxb:DR64_6621	ko:K07577
bxb:DR64_6625	ko:K13483
bxb:DR64_6626	ko:K11178
bxb:DR64_6627	ko:K11177
bxb:DR64_6629	ko:K01214
bxb:DR64_663	ko:K03296
bxb:DR64_6632	ko:K18904
bxb:DR64_6633	ko:K03446
bxb:DR64_6634	ko:K03543
bxb:DR64_664	ko:K03825
bxb:DR64_6640	ko:K11895
bxb:DR64_6642	ko:K01623
bxb:DR64_6644	ko:K03671
bxb:DR64_6647	ko:K03291
bxb:DR64_6648	ko:K00033
bxb:DR64_665	ko:K03825
bxb:DR64_6650	ko:K06867
bxb:DR64_6652	ko:K01621
bxb:DR64_6653	ko:K00925
bxb:DR64_6655	ko:K00285
bxb:DR64_6657	ko:K08161
bxb:DR64_6661	ko:K03098
bxb:DR64_6663	ko:K09915
bxb:DR64_6665	ko:K02053
bxb:DR64_6666	ko:K02054
bxb:DR64_6667	ko:K02055
bxb:DR64_6668	ko:K02052
bxb:DR64_6673	ko:K01457
bxb:DR64_6674	ko:K07335
bxb:DR64_6675	ko:K23535
bxb:DR64_6676	ko:K23536
bxb:DR64_6677	ko:K23359
bxb:DR64_6678	ko:K23537
bxb:DR64_6679	ko:K28691
bxb:DR64_668	ko:K13896
bxb:DR64_6682	ko:K03569
bxb:DR64_6683	ko:K02051
bxb:DR64_6687	ko:K28692
bxb:DR64_6688	ko:K28693
bxb:DR64_6689	ko:K01941
bxb:DR64_669	ko:K13895
bxb:DR64_6690	ko:K01457
bxb:DR64_6691	ko:K02050
bxb:DR64_6692	ko:K02049
bxb:DR64_6694	ko:K07665
bxb:DR64_6695	ko:K07644
bxb:DR64_6696	ko:K18139
bxb:DR64_6697	ko:K03585
bxb:DR64_6698	ko:K18138
bxb:DR64_67	ko:K03628
bxb:DR64_670	ko:K13894
bxb:DR64_6701	ko:K10439
bxb:DR64_6702	ko:K10440
bxb:DR64_6703	ko:K10441
bxb:DR64_6704	ko:K01619
bxb:DR64_6705	ko:K00128
bxb:DR64_6706	ko:K00852
bxb:DR64_6707	ko:K02057
bxb:DR64_6708	ko:K02058
bxb:DR64_6709	ko:K02056
bxb:DR64_671	ko:K13893
bxb:DR64_6710	ko:K02057
bxb:DR64_6711	ko:K11534
bxb:DR64_6717	ko:K28762
bxb:DR64_672	ko:K02014
bxb:DR64_6720	ko:K21062
bxb:DR64_6721	ko:K22187
bxb:DR64_6722	ko:K12658
bxb:DR64_6725	ko:K00286
bxb:DR64_6730	ko:K01118
bxb:DR64_6739	ko:K03855
bxb:DR64_6740	ko:K00313
bxb:DR64_6741	ko:K03522
bxb:DR64_6742	ko:K03521
bxb:DR64_6743	ko:K02595
bxb:DR64_6744	ko:K02594
bxb:DR64_6745	ko:K04755
bxb:DR64_6746	ko:K04044
bxb:DR64_6747	ko:K13628
bxb:DR64_6748	ko:K15724
bxb:DR64_6749	ko:K04488
bxb:DR64_675	ko:K03559
bxb:DR64_6750	ko:K04487
bxb:DR64_6751	ko:K02584
bxb:DR64_6752	ko:K02585
bxb:DR64_6757	ko:K02597
bxb:DR64_6758	ko:K02597
bxb:DR64_676	ko:K03559
bxb:DR64_6760	ko:K04487
bxb:DR64_6761	ko:K02593
bxb:DR64_6765	ko:K04755
bxb:DR64_6769	ko:K06867
bxb:DR64_677	ko:K03561
bxb:DR64_6771	ko:K06886
bxb:DR64_6772	ko:K02588
bxb:DR64_6773	ko:K02586
bxb:DR64_6774	ko:K02591
bxb:DR64_6777	ko:K02587
bxb:DR64_6778	ko:K02592
bxb:DR64_6779	ko:K02596
bxb:DR64_678	ko:K03832
bxb:DR64_6783	ko:K15790
bxb:DR64_6786	ko:K02018
bxb:DR64_6787	ko:K02020
bxb:DR64_6788	ko:K02017
bxb:DR64_6789	ko:K02019
bxb:DR64_679	ko:K03701
bxb:DR64_6790	ko:K06995
bxb:DR64_6792	ko:K00135
bxb:DR64_6793	ko:K07246
bxb:DR64_6794	ko:K16135
bxb:DR64_6797	ko:K12972
bxb:DR64_6799	ko:K00128
bxb:DR64_680	ko:K01779
bxb:DR64_6800	ko:K01560
bxb:DR64_6802	ko:K02035
bxb:DR64_6803	ko:K02033
bxb:DR64_6804	ko:K02034
bxb:DR64_6805	ko:K02031
bxb:DR64_6805	ko:K02032
bxb:DR64_6810	ko:K02055
bxb:DR64_6811	ko:K16873
bxb:DR64_6812	ko:K15773
bxb:DR64_6813	ko:K07154
bxb:DR64_6814	ko:K02053
bxb:DR64_6815	ko:K02054
bxb:DR64_6816	ko:K09471
bxb:DR64_6817	ko:K07025
bxb:DR64_6818	ko:K02052
bxb:DR64_6820	ko:K09181
bxb:DR64_6822	ko:K01535
bxb:DR64_6823	ko:K24163
bxb:DR64_6824	ko:K13688
bxb:DR64_6826	ko:K01835
bxb:DR64_6828	ko:K13924
bxb:DR64_6830	ko:K03762
bxb:DR64_6832	ko:K01687
bxb:DR64_6839	ko:K01167
bxb:DR64_6840	ko:K01682
bxb:DR64_6842	ko:K00274
bxb:DR64_6846	ko:K02049
bxb:DR64_6847	ko:K02051
bxb:DR64_6848	ko:K02050
bxb:DR64_6849	ko:K04091
bxb:DR64_6850	ko:K20938
bxb:DR64_6853	ko:K02029
bxb:DR64_6854	ko:K02029
bxb:DR64_6855	ko:K02030
bxb:DR64_6858	ko:K02073
bxb:DR64_6859	ko:K11717
bxb:DR64_6862	ko:K00640
bxb:DR64_6865	ko:K02073
bxb:DR64_6866	ko:K02031
bxb:DR64_6866	ko:K02032
bxb:DR64_6867	ko:K02034
bxb:DR64_6868	ko:K02033
bxb:DR64_6869	ko:K02035
bxb:DR64_687	ko:K07393
bxb:DR64_6871	ko:K04078
bxb:DR64_6872	ko:K04077
bxb:DR64_6874	ko:K08720
bxb:DR64_6875	ko:K02002
bxb:DR64_6876	ko:K01133
bxb:DR64_6878	ko:K01433
bxb:DR64_6879	ko:K02002
bxb:DR64_688	ko:K18900
bxb:DR64_6880	ko:K21832
bxb:DR64_6881	ko:K00479
bxb:DR64_6882	ko:K25961
bxb:DR64_6883	ko:K25960
bxb:DR64_6884	ko:K21834
bxb:DR64_6885	ko:K21833
bxb:DR64_6887	ko:K01273
bxb:DR64_6888	ko:K00600
bxb:DR64_6889	ko:K21826
bxb:DR64_689	ko:K00059
bxb:DR64_6892	ko:K00148
bxb:DR64_6893	ko:K02167
bxb:DR64_6894	ko:K00130
bxb:DR64_6895	ko:K00108
bxb:DR64_6896	ko:K01467
bxb:DR64_6898	ko:K28762
bxb:DR64_69	ko:K03446
bxb:DR64_6900	ko:K00305
bxb:DR64_6901	ko:K00302
bxb:DR64_6902	ko:K00304
bxb:DR64_6903	ko:K00303
bxb:DR64_6904	ko:K01752
bxb:DR64_6909	ko:K03101
bxb:DR64_6915	ko:K02002
bxb:DR64_6916	ko:K21826
bxb:DR64_6917	ko:K02001
bxb:DR64_6918	ko:K02000
bxb:DR64_6920	ko:K05782
bxb:DR64_6921	ko:K22736
bxb:DR64_6922	ko:K13021
bxb:DR64_6923	ko:K07246
bxb:DR64_6924	ko:K16135
bxb:DR64_6932	ko:K03088
bxb:DR64_6938	ko:K02300
bxb:DR64_6939	ko:K02299
bxb:DR64_694	ko:K08995
bxb:DR64_6940	ko:K02298
bxb:DR64_6941	ko:K02297
bxb:DR64_6942	ko:K00342
bxb:DR64_6943	ko:K02003
bxb:DR64_6944	ko:K02004
bxb:DR64_6946	ko:K01985
bxb:DR64_6947	ko:K01980
bxb:DR64_6948	ko:K14218
bxb:DR64_6949	ko:K14227
bxb:DR64_695	ko:K03415
bxb:DR64_6950	ko:K01977
bxb:DR64_6952	ko:K13580
bxb:DR64_6953	ko:K03405
bxb:DR64_6954	ko:K02230
bxb:DR64_6955	ko:K02234
bxb:DR64_6956	ko:K02303
bxb:DR64_6957	ko:K02189
bxb:DR64_6963	ko:K19221
bxb:DR64_6964	ko:K02224
bxb:DR64_6965	ko:K04719
bxb:DR64_6970	ko:K06194
bxb:DR64_6972	ko:K02444
bxb:DR64_6975	ko:K03781
bxb:DR64_6978	ko:K03088
bxb:DR64_6980	ko:K07506
bxb:DR64_6983	ko:K01497
bxb:DR64_6986	ko:K03652
bxb:DR64_6988	ko:K07300
bxb:DR64_6989	ko:K03566
bxb:DR64_6990	ko:K02055
bxb:DR64_6991	ko:K02054
bxb:DR64_6992	ko:K02053
bxb:DR64_6993	ko:K02052
bxb:DR64_6994	ko:K02030
bxb:DR64_6995	ko:K02029
bxb:DR64_6996	ko:K02029
bxb:DR64_6997	ko:K06150
bxb:DR64_6998	ko:K07303
bxb:DR64_6999	ko:K07302
bxb:DR64_7	ko:K02291
bxb:DR64_70	ko:K09933
bxb:DR64_7002	ko:K06194
bxb:DR64_701	ko:K11904
bxb:DR64_7012	ko:K00525
bxb:DR64_7014	ko:K01455
bxb:DR64_7015	ko:K11963
bxb:DR64_7016	ko:K11962
bxb:DR64_7017	ko:K11961
bxb:DR64_7018	ko:K11960
bxb:DR64_7019	ko:K11959
bxb:DR64_7022	ko:K01710
bxb:DR64_7023	ko:K00973
bxb:DR64_7033	ko:K16692
bxb:DR64_7034	ko:K25307
bxb:DR64_7035	ko:K01991
bxb:DR64_7037	ko:K16011
bxb:DR64_7041	ko:K01790
bxb:DR64_7043	ko:K00963
bxb:DR64_7046	ko:K21309
bxb:DR64_7047	ko:K21308
bxb:DR64_7048	ko:K21307
bxb:DR64_7052	ko:K06193
bxb:DR64_7053	ko:K07644
bxb:DR64_7054	ko:K07665
bxb:DR64_7059	ko:K13979
bxb:DR64_7060	ko:K18900
bxb:DR64_7062	ko:K01785
bxb:DR64_7064	ko:K02012
bxb:DR64_7068	ko:K00036
bxb:DR64_7069	ko:K19743
bxb:DR64_7076	ko:K20974
bxb:DR64_7080	ko:K00799
bxb:DR64_7081	ko:K09823
bxb:DR64_7086	ko:K07080
bxb:DR64_7091	ko:K08641
bxb:DR64_7097	ko:K07044
bxb:DR64_7098	ko:K09957
bxb:DR64_71	ko:K02909
bxb:DR64_7100	ko:K08717
bxb:DR64_7102	ko:K11690
bxb:DR64_7103	ko:K11689
bxb:DR64_7104	ko:K11688
bxb:DR64_7106	ko:K18981
bxb:DR64_7107	ko:K01708
bxb:DR64_7108	ko:K01707
bxb:DR64_7109	ko:K03535
bxb:DR64_7111	ko:K13877
bxb:DR64_7112	ko:K08191
bxb:DR64_7113	ko:K18981
bxb:DR64_7115	ko:K00433
bxb:DR64_7116	ko:K00425
bxb:DR64_7117	ko:K00426
bxb:DR64_712	ko:K02030
bxb:DR64_7122	ko:K03333
bxb:DR64_7125	ko:K02030
bxb:DR64_7126	ko:K02029
bxb:DR64_7127	ko:K02029
bxb:DR64_7128	ko:K02028
bxb:DR64_7129	ko:K05836
bxb:DR64_713	ko:K07001
bxb:DR64_7130	ko:K05836
bxb:DR64_7131	ko:K01745
bxb:DR64_7132	ko:K10021
bxb:DR64_7133	ko:K10019
bxb:DR64_7134	ko:K10020
bxb:DR64_7135	ko:K10018
bxb:DR64_7136	ko:K00675
bxb:DR64_7139	ko:K07267
bxb:DR64_7141	ko:K16301
bxb:DR64_7142	ko:K02012
bxb:DR64_7143	ko:K02011
bxb:DR64_7145	ko:K02010
bxb:DR64_7147	ko:K19158
bxb:DR64_7148	ko:K19159
bxb:DR64_7151	ko:K13929
bxb:DR64_7152	ko:K13930
bxb:DR64_7153	ko:K13931
bxb:DR64_7154	ko:K13932
bxb:DR64_7155	ko:K13933
bxb:DR64_7156	ko:K13934
bxb:DR64_7157	ko:K13935
bxb:DR64_7160	ko:K09019
bxb:DR64_7162	ko:K07098
bxb:DR64_7164	ko:K07507
bxb:DR64_7166	ko:K18118
bxb:DR64_7170	ko:K07484
bxb:DR64_7171	ko:K07484
bxb:DR64_7172	ko:K07483
bxb:DR64_7173	ko:K01985
bxb:DR64_7174	ko:K01980
bxb:DR64_7175	ko:K14218
bxb:DR64_7176	ko:K14227
bxb:DR64_7177	ko:K01977
bxb:DR64_7179	ko:K00206
bxb:DR64_718	ko:K03791
bxb:DR64_7180	ko:K19670
bxb:DR64_7182	ko:K11082
bxb:DR64_7183	ko:K11083
bxb:DR64_7184	ko:K11084
bxb:DR64_7185	ko:K11081
bxb:DR64_7186	ko:K03430
bxb:DR64_7187	ko:K02444
bxb:DR64_7189	ko:K07062
bxb:DR64_7190	ko:K21495
bxb:DR64_7194	ko:K19333
bxb:DR64_7197	ko:K01039
bxb:DR64_7198	ko:K01040
bxb:DR64_7202	ko:K19745
bxb:DR64_7203	ko:K01897
bxb:DR64_7205	ko:K16843
bxb:DR64_7210	ko:K19966
bxb:DR64_7215	ko:K01857
bxb:DR64_7217	ko:K07793
bxb:DR64_7221	ko:K19333
bxb:DR64_7223	ko:K24700
bxb:DR64_7231	ko:K00287
bxb:DR64_7232	ko:K06160
bxb:DR64_7233	ko:K10829
bxb:DR64_7240	ko:K08369
bxb:DR64_7245	ko:K11178
bxb:DR64_7256	ko:K06889
bxb:DR64_7261	ko:K02035
bxb:DR64_7265	ko:K01607
bxb:DR64_7269	ko:K23107
bxb:DR64_7270	ko:K23463
bxb:DR64_7271	ko:K02033
bxb:DR64_7272	ko:K02034
bxb:DR64_7273	ko:K02031
bxb:DR64_7274	ko:K02032
bxb:DR64_7276	ko:K00135
bxb:DR64_7278	ko:K00823
bxb:DR64_7279	ko:K12972
bxb:DR64_7289	ko:K01916
bxb:DR64_7295	ko:K08677
bxb:DR64_7296	ko:K09983
bxb:DR64_7297	ko:K09771
bxb:DR64_73	ko:K26939
bxb:DR64_7300	ko:K03719
bxb:DR64_7308	ko:K19622
bxb:DR64_7309	ko:K07799
bxb:DR64_7310	ko:K07788
bxb:DR64_7311	ko:K07789
bxb:DR64_7313	ko:K18139
bxb:DR64_7324	ko:K00140
bxb:DR64_7330	ko:K05921
bxb:DR64_7331	ko:K05921
bxb:DR64_7332	ko:K00151
bxb:DR64_7333	ko:K00455
bxb:DR64_7334	ko:K01826
bxb:DR64_7335	ko:K02509
bxb:DR64_7336	ko:K02510
bxb:DR64_7342	ko:K00694
bxb:DR64_7343	ko:K20541
bxb:DR64_7344	ko:K20542
bxb:DR64_7345	ko:K20543
bxb:DR64_7348	ko:K01479
bxb:DR64_7351	ko:K02029
bxb:DR64_7352	ko:K02030
bxb:DR64_7359	ko:K07638
bxb:DR64_7360	ko:K07659
bxb:DR64_7363	ko:K03893
bxb:DR64_7368	ko:K07644
bxb:DR64_7369	ko:K02346
bxb:DR64_7370	ko:K07665
bxb:DR64_7371	ko:K18903
bxb:DR64_7372	ko:K03585
bxb:DR64_7373	ko:K18138
bxb:DR64_7374	ko:K06991
bxb:DR64_7376	ko:K05835
bxb:DR64_7379	ko:K07178
bxb:DR64_7380	ko:K02529
bxb:DR64_7381	ko:K10112
bxb:DR64_7382	ko:K17317
bxb:DR64_7383	ko:K17316
bxb:DR64_7384	ko:K17315
bxb:DR64_7385	ko:K05350
bxb:DR64_7388	ko:K13633
bxb:DR64_7394	ko:K03717
bxb:DR64_7397	ko:K01537
bxb:DR64_74	ko:K01607
bxb:DR64_7402	ko:K21023
bxb:DR64_7407	ko:K01714
bxb:DR64_7409	ko:K00609
bxb:DR64_7411	ko:K00355
bxb:DR64_7413	ko:K05275
bxb:DR64_7421	ko:K00074
bxb:DR64_7423	ko:K08195
bxb:DR64_7427	ko:K00451
bxb:DR64_7435	ko:K07794
bxb:DR64_7437	ko:K07793
bxb:DR64_7446	ko:K23107
bxb:DR64_7448	ko:K01999
bxb:DR64_7453	ko:K01996
bxb:DR64_7454	ko:K01995
bxb:DR64_7454	ko:K01998
bxb:DR64_7455	ko:K01997
bxb:DR64_7456	ko:K01555
bxb:DR64_7457	ko:K00451
bxb:DR64_7461	ko:K05712
bxb:DR64_7462	ko:K03762
bxb:DR64_7465	ko:K01647
bxb:DR64_7466	ko:K04091
bxb:DR64_7468	ko:K15553
bxb:DR64_7469	ko:K15555
bxb:DR64_7470	ko:K15554
bxb:DR64_7478	ko:K08369
bxb:DR64_7483	ko:K01053
bxb:DR64_7485	ko:K08369
bxb:DR64_7486	ko:K27838
bxb:DR64_7490	ko:K07216
bxb:DR64_7493	ko:K01816
bxb:DR64_7494	ko:K00042
bxb:DR64_7495	ko:K27838
bxb:DR64_7498	ko:K02858
bxb:DR64_7499	ko:K00529
bxb:DR64_7500	ko:K09024
bxb:DR64_7501	ko:K01999
bxb:DR64_7508	ko:K16320
bxb:DR64_7509	ko:K16319
bxb:DR64_7510	ko:K14578
bxb:DR64_7512	ko:K01995
bxb:DR64_7513	ko:K01996
bxb:DR64_7514	ko:K01997
bxb:DR64_7514	ko:K01998
bxb:DR64_7517	ko:K07172
bxb:DR64_7519	ko:K01011
bxb:DR64_7521	ko:K02051
bxb:DR64_7522	ko:K02050
bxb:DR64_7523	ko:K02049
bxb:DR64_7525	ko:K15546
bxb:DR64_7526	ko:K20036
bxb:DR64_7527	ko:K17735
bxb:DR64_7528	ko:K18013
bxb:DR64_7530	ko:K01912
bxb:DR64_7531	ko:K07045
bxb:DR64_7532	ko:K02617
bxb:DR64_7534	ko:K00626
bxb:DR64_7535	ko:K08369
bxb:DR64_7540	ko:K28762
bxb:DR64_7544	ko:K26184
bxb:DR64_7545	ko:K16171
bxb:DR64_7546	ko:K26183
bxb:DR64_7549	ko:K01687
bxb:DR64_7550	ko:K00059
bxb:DR64_7554	ko:K04110
bxb:DR64_7555	ko:K15514
bxb:DR64_7557	ko:K15546
bxb:DR64_7558	ko:K15513
bxb:DR64_7559	ko:K15512
bxb:DR64_7560	ko:K15511
bxb:DR64_7561	ko:K13766
bxb:DR64_7562	ko:K00074
bxb:DR64_7565	ko:K03101
bxb:DR64_7568	ko:K08195
bxb:DR64_7575	ko:K03566
bxb:DR64_7579	ko:K00666
bxb:DR64_7581	ko:K01996
bxb:DR64_7582	ko:K01995
bxb:DR64_7583	ko:K01998
bxb:DR64_7584	ko:K01997
bxb:DR64_7585	ko:K01999
bxb:DR64_7590	ko:K21416
bxb:DR64_7591	ko:K21417
bxb:DR64_7592	ko:K01715
bxb:DR64_7593	ko:K00627
bxb:DR64_7594	ko:K00382
bxb:DR64_7595	ko:K00249
bxb:DR64_7599	ko:K05874
bxb:DR64_76	ko:K02237
bxb:DR64_7601	ko:K00697
bxb:DR64_7605	ko:K07486
bxb:DR64_7607	ko:K03710
bxb:DR64_7613	ko:K01644
bxb:DR64_7615	ko:K08369
bxb:DR64_7619	ko:K00674
bxb:DR64_7620	ko:K04763
bxb:DR64_7624	ko:K02030
bxb:DR64_7637	ko:K07484
bxb:DR64_7640	ko:K01485
bxb:DR64_7641	ko:K02050
bxb:DR64_7642	ko:K02049
bxb:DR64_7643	ko:K02051
bxb:DR64_7660	ko:K25775
bxb:DR64_7667	ko:K19333
bxb:DR64_7671	ko:K01821
bxb:DR64_7676	ko:K05835
bxb:DR64_7678	ko:K16090
bxb:DR64_7683	ko:K12960
bxb:DR64_7684	ko:K02433
bxb:DR64_7686	ko:K01464
bxb:DR64_7687	ko:K01799
bxb:DR64_7688	ko:K02049
bxb:DR64_7689	ko:K02050
bxb:DR64_7692	ko:K16841
bxb:DR64_7695	ko:K07482
bxb:DR64_7696	ko:K07483
bxb:DR64_7699	ko:K03758
bxb:DR64_7700	ko:K01581
bxb:DR64_7701	ko:K01478
bxb:DR64_7702	ko:K00611
bxb:DR64_7703	ko:K00926
bxb:DR64_7704	ko:K01420
bxb:DR64_7714	ko:K03446
bxb:DR64_7720	ko:K06995
bxb:DR64_7722	ko:K00135
bxb:DR64_7723	ko:K07246
bxb:DR64_7724	ko:K12972
bxb:DR64_7727	ko:K00128
bxb:DR64_7728	ko:K01560
bxb:DR64_7730	ko:K02030
bxb:DR64_7731	ko:K02029
bxb:DR64_7732	ko:K02028
bxb:DR64_7740	ko:K02035
bxb:DR64_7741	ko:K02033
bxb:DR64_7742	ko:K02034
bxb:DR64_7743	ko:K02031
bxb:DR64_7743	ko:K02032
bxb:DR64_7744	ko:K01473
bxb:DR64_7745	ko:K01474
bxb:DR64_7752	ko:K21495
bxb:DR64_7755	ko:K02028
bxb:DR64_7756	ko:K02029
bxb:DR64_7770	ko:K07483
bxb:DR64_7771	ko:K07497
bxb:DR64_7776	ko:K01644
bxb:DR64_7779	ko:K00135
bxb:DR64_7780	ko:K00030
bxb:DR64_7781	ko:K01652
bxb:DR64_7782	ko:K19338
bxb:DR64_7787	ko:K19338
bxb:DR64_7788	ko:K18289
bxb:DR64_7789	ko:K09709
bxb:DR64_7790	ko:K00249
bxb:DR64_7791	ko:K07267
bxb:DR64_7799	ko:K07003
bxb:DR64_78	ko:K03695
bxb:DR64_7806	ko:K05337
bxb:DR64_7825	ko:K03392
bxb:DR64_7829	ko:K00249
bxb:DR64_7830	ko:K00059
bxb:DR64_7832	ko:K04090
bxb:DR64_7834	ko:K05874
bxb:DR64_7842	ko:K00249
bxb:DR64_7844	ko:K00255
bxb:DR64_7845	ko:K04755
bxb:DR64_7849	ko:K00632
bxb:DR64_7850	ko:K00074
bxb:DR64_7854	ko:K02182
bxb:DR64_7855	ko:K00059
bxb:DR64_7857	ko:K00059
bxb:DR64_7862	ko:K07216
bxb:DR64_7867	ko:K00529
bxb:DR64_7868	ko:K03577
bxb:DR64_7871	ko:K09709
bxb:DR64_7872	ko:K00626
bxb:DR64_7873	ko:K01029
bxb:DR64_7874	ko:K01028
bxb:DR64_7881	ko:K01996
bxb:DR64_7882	ko:K01995
bxb:DR64_7883	ko:K01998
bxb:DR64_7884	ko:K01997
bxb:DR64_7885	ko:K01999
bxb:DR64_7886	ko:K01644
bxb:DR64_7894	ko:K20265
bxb:DR64_7895	ko:K01580
bxb:DR64_79	ko:K13771
bxb:DR64_7902	ko:K01835
bxb:DR64_7906	ko:K24915
bxb:DR64_7908	ko:K01057
bxb:DR64_7909	ko:K04655
bxb:DR64_7910	ko:K04654
bxb:DR64_7911	ko:K04653
bxb:DR64_7912	ko:K04656
bxb:DR64_7913	ko:K04652
bxb:DR64_7914	ko:K04651
bxb:DR64_7916	ko:K00436
bxb:DR64_7917	ko:K18007
bxb:DR64_7918	ko:K18006
bxb:DR64_7919	ko:K18005
bxb:DR64_7920	ko:K13953
bxb:DR64_7921	ko:K00325
bxb:DR64_7922	ko:K00324
bxb:DR64_7923	ko:K00324
bxb:DR64_7924	ko:K00135
bxb:DR64_7925	ko:K13924
bxb:DR64_7932	ko:K01999
bxb:DR64_7935	ko:K25623
bxb:DR64_7936	ko:K25621
bxb:DR64_7942	ko:K01607
bxb:DR64_7943	ko:K19338
bxb:DR64_7944	ko:K01996
bxb:DR64_7945	ko:K01995
bxb:DR64_7946	ko:K01998
bxb:DR64_7947	ko:K01997
bxb:DR64_7948	ko:K01999
bxb:DR64_7950	ko:K01689
bxb:DR64_7953	ko:K07486
bxb:DR64_7955	ko:K07486
bxb:DR64_7958	ko:K07486
bxb:DR64_7964	ko:K03497
bxb:DR64_7971	ko:K07483
bxb:DR64_7972	ko:K07484
bxb:DR64_7976	ko:K01725
bxb:DR64_7979	ko:K06223
bxb:DR64_7983	ko:K06919
bxb:DR64_7984	ko:K03205
bxb:DR64_7986	ko:K03196
bxb:DR64_7987	ko:K03195
bxb:DR64_7988	ko:K03204
bxb:DR64_7989	ko:K03203
bxb:DR64_799	ko:K14233
bxb:DR64_7991	ko:K03200
bxb:DR64_7992	ko:K03201
bxb:DR64_7993	ko:K03199
bxb:DR64_7994	ko:K03198
bxb:DR64_7995	ko:K03197
bxb:DR64_7996	ko:K03194
bxb:DR64_80	ko:K06886
bxb:DR64_800	ko:K14393
bxb:DR64_8000	ko:K18829
bxb:DR64_8001	ko:K18828
bxb:DR64_8003	ko:K07733
bxb:DR64_8007	ko:K02433
bxb:DR64_8008	ko:K11959
bxb:DR64_8009	ko:K11963
bxb:DR64_8010	ko:K11962
bxb:DR64_8011	ko:K11961
bxb:DR64_8012	ko:K11960
bxb:DR64_8015	ko:K02433
bxb:DR64_8017	ko:K00249
bxb:DR64_802	ko:K01895
bxb:DR64_8020	ko:K00648
bxb:DR64_8022	ko:K01586
bxb:DR64_8027	ko:K19731
bxb:DR64_8028	ko:K20250
bxb:DR64_8030	ko:K07733
bxb:DR64_8038	ko:K00285
bxb:DR64_8043	ko:K02014
bxb:DR64_8045	ko:K02030
bxb:DR64_8046	ko:K02028
bxb:DR64_8046	ko:K02029
bxb:DR64_8047	ko:K28525
bxb:DR64_8049	ko:K02014
bxb:DR64_8052	ko:K03101
bxb:DR64_8054	ko:K02030
bxb:DR64_8056	ko:K06987
bxb:DR64_8058	ko:K03559
bxb:DR64_8059	ko:K03559
bxb:DR64_8060	ko:K03561
bxb:DR64_8061	ko:K03832
bxb:DR64_8063	ko:K02200
bxb:DR64_8064	ko:K02200
bxb:DR64_8065	ko:K02199
bxb:DR64_8066	ko:K02198
bxb:DR64_8067	ko:K02197
bxb:DR64_8069	ko:K02195
bxb:DR64_807	ko:K03224
bxb:DR64_8070	ko:K02194
bxb:DR64_8071	ko:K02193
bxb:DR64_8072	ko:K02569
bxb:DR64_8073	ko:K02568
bxb:DR64_8074	ko:K02567
bxb:DR64_8075	ko:K02570
bxb:DR64_8076	ko:K02571
bxb:DR64_808	ko:K03230
bxb:DR64_8082	ko:K00666
bxb:DR64_8083	ko:K08195
bxb:DR64_8089	ko:K12979
bxb:DR64_809	ko:K03229
bxb:DR64_8090	ko:K12976
bxb:DR64_8094	ko:K03710
bxb:DR64_8097	ko:K07493
bxb:DR64_8098	ko:K21730
bxb:DR64_81	ko:K03635
bxb:DR64_810	ko:K03228
bxb:DR64_8102	ko:K00626
bxb:DR64_8103	ko:K00074
bxb:DR64_8104	ko:K15866
bxb:DR64_8105	ko:K03762
bxb:DR64_811	ko:K03227
bxb:DR64_8110	ko:K02182
bxb:DR64_8116	ko:K00666
bxb:DR64_8118	ko:K14520
bxb:DR64_812	ko:K03226
bxb:DR64_813	ko:K03225
bxb:DR64_8131	ko:K00141
bxb:DR64_8133	ko:K00135
bxb:DR64_8135	ko:K03761
bxb:DR64_8137	ko:K21883
bxb:DR64_8139	ko:K01652
bxb:DR64_814	ko:K03223
bxb:DR64_8141	ko:K07493
bxb:DR64_8145	ko:K00076
bxb:DR64_8151	ko:K01796
bxb:DR64_8152	ko:K00626
bxb:DR64_8153	ko:K01782
bxb:DR64_8154	ko:K00255
bxb:DR64_8155	ko:K15866
bxb:DR64_8156	ko:K00074
bxb:DR64_816	ko:K03222
bxb:DR64_8162	ko:K27838
bxb:DR64_8163	ko:K08369
bxb:DR64_8164	ko:K15866
bxb:DR64_8165	ko:K01644
bxb:DR64_8169	ko:K03885
bxb:DR64_8170	ko:K22704
bxb:DR64_8179	ko:K03522
bxb:DR64_8180	ko:K03521
bxb:DR64_8185	ko:K00020
bxb:DR64_8187	ko:K00140
bxb:DR64_8190	ko:K01738
bxb:DR64_8191	ko:K08738
bxb:DR64_8192	ko:K07002
bxb:DR64_8193	ko:K15555
bxb:DR64_8194	ko:K15554
bxb:DR64_8195	ko:K15554
bxb:DR64_8197	ko:K15553
bxb:DR64_8199	ko:K28525
bxb:DR64_82	ko:K03636
bxb:DR64_820	ko:K03220
bxb:DR64_8200	ko:K02014
bxb:DR64_8201	ko:K06151
bxb:DR64_8202	ko:K06152
bxb:DR64_8203	ko:K29125
bxb:DR64_8204	ko:K03832
bxb:DR64_8205	ko:K03561
bxb:DR64_8207	ko:K03559
bxb:DR64_8208	ko:K01996
bxb:DR64_8209	ko:K01995
bxb:DR64_8210	ko:K01998
bxb:DR64_8211	ko:K01997
bxb:DR64_8212	ko:K01999
bxb:DR64_8214	ko:K13995
bxb:DR64_8215	ko:K18028
bxb:DR64_8216	ko:K15357
bxb:DR64_8217	ko:K01799
bxb:DR64_822	ko:K03219
bxb:DR64_8222	ko:K00249
bxb:DR64_8225	ko:K03761
bxb:DR64_8226	ko:K01041
bxb:DR64_8229	ko:K08641
bxb:DR64_8230	ko:K02035
bxb:DR64_8231	ko:K02033
bxb:DR64_8232	ko:K02034
bxb:DR64_8233	ko:K02031
bxb:DR64_8234	ko:K02032
bxb:DR64_8245	ko:K24163
bxb:DR64_8248	ko:K00797
bxb:DR64_8249	ko:K12137
bxb:DR64_8251	ko:K12140
bxb:DR64_8252	ko:K12141
bxb:DR64_8255	ko:K00117
bxb:DR64_8257	ko:K24160
bxb:DR64_8259	ko:K02351
bxb:DR64_826	ko:K01676
bxb:DR64_8261	ko:K15408
bxb:DR64_8262	ko:K02275
bxb:DR64_8265	ko:K03743
bxb:DR64_8266	ko:K01916
bxb:DR64_8268	ko:K02035
bxb:DR64_827	ko:K03594
bxb:DR64_8270	ko:K15553
bxb:DR64_8272	ko:K02073
bxb:DR64_8273	ko:K15554
bxb:DR64_8274	ko:K15555
bxb:DR64_8275	ko:K15553
bxb:DR64_8277	ko:K22622
bxb:DR64_8278	ko:K17225
bxb:DR64_8279	ko:K24116
bxb:DR64_828	ko:K01776
bxb:DR64_8282	ko:K02035
bxb:DR64_8284	ko:K02073
bxb:DR64_8285	ko:K02031
bxb:DR64_8285	ko:K02032
bxb:DR64_8286	ko:K02034
bxb:DR64_8287	ko:K02033
bxb:DR64_8288	ko:K02035
bxb:DR64_829	ko:K02192
bxb:DR64_8291	ko:K04078
bxb:DR64_8292	ko:K04077
bxb:DR64_8293	ko:K15553
bxb:DR64_8294	ko:K15554
bxb:DR64_8295	ko:K15554
bxb:DR64_8296	ko:K15555
bxb:DR64_8298	ko:K02029
bxb:DR64_8299	ko:K02029
bxb:DR64_83	ko:K03750
bxb:DR64_830	ko:K03832
bxb:DR64_8300	ko:K02030
bxb:DR64_8303	ko:K11717
bxb:DR64_8306	ko:K00640
bxb:DR64_831	ko:K03561
bxb:DR64_8310	ko:K15553
bxb:DR64_8311	ko:K15555
bxb:DR64_8312	ko:K15554
bxb:DR64_8313	ko:K22879
bxb:DR64_8315	ko:K22303
bxb:DR64_832	ko:K03559
bxb:DR64_8320	ko:K02030
bxb:DR64_8322	ko:K15553
bxb:DR64_8326	ko:K02049
bxb:DR64_8327	ko:K02051
bxb:DR64_8328	ko:K02050
bxb:DR64_8329	ko:K01996
bxb:DR64_8330	ko:K01995
bxb:DR64_8331	ko:K01997
bxb:DR64_8331	ko:K01998
bxb:DR64_8332	ko:K01999
bxb:DR64_8334	ko:K22879
bxb:DR64_8337	ko:K01999
bxb:DR64_8339	ko:K17285
bxb:DR64_8340	ko:K15551
bxb:DR64_8341	ko:K10831
bxb:DR64_8342	ko:K15552
bxb:DR64_8346	ko:K02276
bxb:DR64_8347	ko:K02274
bxb:DR64_8348	ko:K02275
bxb:DR64_835	ko:K06911
bxb:DR64_8350	ko:K00148
bxb:DR64_8351	ko:K01613
bxb:DR64_8355	ko:K07090
bxb:DR64_8356	ko:K03762
bxb:DR64_8357	ko:K01799
bxb:DR64_8358	ko:K02029
bxb:DR64_8359	ko:K02029
bxb:DR64_8360	ko:K02030
bxb:DR64_8361	ko:K02028
bxb:DR64_8362	ko:K15783
bxb:DR64_8364	ko:K15785
bxb:DR64_8365	ko:K15786
bxb:DR64_8366	ko:K15782
bxb:DR64_8367	ko:K15784
bxb:DR64_8369	ko:K01754
bxb:DR64_8371	ko:K03821
bxb:DR64_8372	ko:K00625
bxb:DR64_8373	ko:K00925
bxb:DR64_8374	ko:K00208
bxb:DR64_8375	ko:K02112
bxb:DR64_8376	ko:K02114
bxb:DR64_8377	ko:K02116
bxb:DR64_8379	ko:K02108
bxb:DR64_8380	ko:K02110
bxb:DR64_8381	ko:K02109
bxb:DR64_8382	ko:K02111
bxb:DR64_8383	ko:K02115
bxb:DR64_8384	ko:K02014
bxb:DR64_8386	ko:K07722
bxb:DR64_8387	ko:K07241
bxb:DR64_8390	ko:K07402
bxb:DR64_8394	ko:K03520
bxb:DR64_8395	ko:K03518
bxb:DR64_8396	ko:K03519
bxb:DR64_8397	ko:K21696
bxb:DR64_84	ko:K01733
bxb:DR64_840	ko:K07243
bxb:DR64_8406	ko:K07481
bxb:DR64_8409	ko:K10915
bxb:DR64_8414	ko:K03566
bxb:DR64_8415	ko:K03406
bxb:DR64_842	ko:K07230
bxb:DR64_8420	ko:K01469
bxb:DR64_8421	ko:K09190
bxb:DR64_8427	ko:K15553
bxb:DR64_843	ko:K03702
bxb:DR64_8433	ko:K07665
bxb:DR64_8434	ko:K07644
bxb:DR64_8437	ko:K02556
bxb:DR64_8438	ko:K02557
bxb:DR64_844	ko:K00832
bxb:DR64_8440	ko:K09913
bxb:DR64_8441	ko:K03497
bxb:DR64_8442	ko:K03496
bxb:DR64_8445	ko:K07154
bxb:DR64_8446	ko:K15773
bxb:DR64_8447	ko:K22185
bxb:DR64_8448	ko:K14274
bxb:DR64_8449	ko:K22186
bxb:DR64_845	ko:K07001
bxb:DR64_8452	ko:K22187
bxb:DR64_8453	ko:K28615
bxb:DR64_8454	ko:K00573
bxb:DR64_8457	ko:K03316
bxb:DR64_8459	ko:K10441
bxb:DR64_846	ko:K00019
bxb:DR64_8460	ko:K10440
bxb:DR64_8461	ko:K10439
bxb:DR64_8463	ko:K18334
bxb:DR64_8464	ko:K13688
bxb:DR64_8472	ko:K14578
bxb:DR64_8479	ko:K07050
bxb:DR64_848	ko:K07115
bxb:DR64_8481	ko:K07497
bxb:DR64_8485	ko:K02030
bxb:DR64_8486	ko:K09967
bxb:DR64_8487	ko:K09967
bxb:DR64_8488	ko:K02029
bxb:DR64_8489	ko:K02029
bxb:DR64_849	ko:K15553
bxb:DR64_8490	ko:K02028
bxb:DR64_8491	ko:K09967
bxb:DR64_8492	ko:K01477
bxb:DR64_8494	ko:K05520
bxb:DR64_8495	ko:K07048
bxb:DR64_8496	ko:K05520
bxb:DR64_8497	ko:K02029
bxb:DR64_8498	ko:K02030
bxb:DR64_8499	ko:K02028
bxb:DR64_85	ko:K00003
bxb:DR64_8502	ko:K01438
bxb:DR64_8504	ko:K11959
bxb:DR64_8505	ko:K11960
bxb:DR64_8506	ko:K11961
bxb:DR64_8506	ko:K11962
bxb:DR64_8507	ko:K11963
bxb:DR64_8509	ko:K01999
bxb:DR64_8517	ko:K02424
bxb:DR64_8521	ko:K07058
bxb:DR64_8529	ko:K00156
bxb:DR64_8531	ko:K00852
bxb:DR64_8538	ko:K01619
bxb:DR64_8539	ko:K00128
bxb:DR64_854	ko:K03101
bxb:DR64_8540	ko:K02431
bxb:DR64_8541	ko:K00852
bxb:DR64_8542	ko:K02057
bxb:DR64_8543	ko:K02058
bxb:DR64_8544	ko:K02056
bxb:DR64_8545	ko:K02057
bxb:DR64_8546	ko:K11534
bxb:DR64_8549	ko:K03574
bxb:DR64_8552	ko:K07552
bxb:DR64_8557	ko:K11960
bxb:DR64_8558	ko:K11959
bxb:DR64_8559	ko:K11961
bxb:DR64_856	ko:K19591
bxb:DR64_8560	ko:K11962
bxb:DR64_8561	ko:K11963
bxb:DR64_8562	ko:K01426
bxb:DR64_8563	ko:K03285
bxb:DR64_8566	ko:K00466
bxb:DR64_857	ko:K07213
bxb:DR64_8571	ko:K02054
bxb:DR64_8572	ko:K02053
bxb:DR64_8573	ko:K02055
bxb:DR64_8574	ko:K02052
bxb:DR64_8579	ko:K16135
bxb:DR64_858	ko:K00067
bxb:DR64_8580	ko:K07246
bxb:DR64_8581	ko:K13021
bxb:DR64_8583	ko:K11177
bxb:DR64_8584	ko:K11178
bxb:DR64_8585	ko:K13483
bxb:DR64_8586	ko:K19736
bxb:DR64_8588	ko:K07117
bxb:DR64_859	ko:K14162
bxb:DR64_8590	ko:K08365
bxb:DR64_8591	ko:K08363
bxb:DR64_8592	ko:K08364
bxb:DR64_8593	ko:K19058
bxb:DR64_8594	ko:K00520
bxb:DR64_8595	ko:K19057
bxb:DR64_8596	ko:K19059
bxb:DR64_86	ko:K14260
bxb:DR64_860	ko:K14161
bxb:DR64_8600	ko:K07240
bxb:DR64_8601	ko:K04564
bxb:DR64_8605	ko:K07497
bxb:DR64_8608	ko:K08689
bxb:DR64_8609	ko:K15750
bxb:DR64_861	ko:K14160
bxb:DR64_8611	ko:K18087
bxb:DR64_8612	ko:K18088
bxb:DR64_8613	ko:K08690
bxb:DR64_8614	ko:K00462
bxb:DR64_8615	ko:K00799
bxb:DR64_8616	ko:K18364
bxb:DR64_8617	ko:K18366
bxb:DR64_8618	ko:K18365
bxb:DR64_8619	ko:K10222
bxb:DR64_862	ko:K07484
bxb:DR64_8621	ko:K07275
bxb:DR64_8625	ko:K02012
bxb:DR64_8626	ko:K07001
bxb:DR64_8632	ko:K07497
bxb:DR64_8635	ko:K24955
bxb:DR64_8637	ko:K03186
bxb:DR64_8639	ko:K05836
bxb:DR64_864	ko:K07484
bxb:DR64_8640	ko:K23463
bxb:DR64_8641	ko:K01652
bxb:DR64_8642	ko:K02030
bxb:DR64_8643	ko:K02029
bxb:DR64_8644	ko:K02028
bxb:DR64_8646	ko:K07687
bxb:DR64_8647	ko:K07497
bxb:DR64_8649	ko:K07345
bxb:DR64_8650	ko:K15540
bxb:DR64_8651	ko:K07347
bxb:DR64_8652	ko:K07345
bxb:DR64_8653	ko:K07345
bxb:DR64_8655	ko:K12340
bxb:DR64_8656	ko:K13408
bxb:DR64_8657	ko:K13409
bxb:DR64_8658	ko:K18139
bxb:DR64_8659	ko:K03585
bxb:DR64_8660	ko:K18138
bxb:DR64_8661	ko:K03406
bxb:DR64_8663	ko:K02029
bxb:DR64_8664	ko:K02029
bxb:DR64_8665	ko:K02030
bxb:DR64_8666	ko:K02028
bxb:DR64_8668	ko:K01760
bxb:DR64_8670	ko:K02030
bxb:DR64_8675	ko:K01473
bxb:DR64_8676	ko:K01474
bxb:DR64_8679	ko:K16319
bxb:DR64_8680	ko:K16320
bxb:DR64_8681	ko:K18248
bxb:DR64_8682	ko:K18249
bxb:DR64_8684	ko:K01989
bxb:DR64_8686	ko:K01652
bxb:DR64_8687	ko:K00231
bxb:DR64_8688	ko:K01989
bxb:DR64_8689	ko:K05833
bxb:DR64_869	ko:K01985
bxb:DR64_8690	ko:K05832
bxb:DR64_870	ko:K01980
bxb:DR64_8705	ko:K00963
bxb:DR64_8708	ko:K01790
bxb:DR64_871	ko:K14218
bxb:DR64_8710	ko:K16011
bxb:DR64_8712	ko:K01991
bxb:DR64_8713	ko:K25307
bxb:DR64_8714	ko:K16692
bxb:DR64_8715	ko:K01711
bxb:DR64_8716	ko:K02377
bxb:DR64_872	ko:K14227
bxb:DR64_8722	ko:K03818
bxb:DR64_8724	ko:K03208
bxb:DR64_8728	ko:K00012
bxb:DR64_8729	ko:K03207
bxb:DR64_873	ko:K01977
bxb:DR64_8734	ko:K03406
bxb:DR64_8737	ko:K03719
bxb:DR64_8738	ko:K00163
bxb:DR64_8740	ko:K01473
bxb:DR64_8741	ko:K01474
bxb:DR64_8744	ko:K27838
bxb:DR64_8747	ko:K03832
bxb:DR64_8748	ko:K03561
bxb:DR64_8749	ko:K03559
bxb:DR64_8750	ko:K23514
bxb:DR64_8751	ko:K07165
bxb:DR64_8752	ko:K02014
bxb:DR64_8753	ko:K02471
bxb:DR64_8758	ko:K19333
bxb:DR64_8759	ko:K19802
bxb:DR64_8760	ko:K01039
bxb:DR64_8761	ko:K01040
bxb:DR64_8763	ko:K03762
bxb:DR64_8765	ko:K01661
bxb:DR64_8766	ko:K01715
bxb:DR64_8767	ko:K00074
bxb:DR64_8768	ko:K00074
bxb:DR64_881	ko:K09861
bxb:DR64_883	ko:K14287
bxb:DR64_884	ko:K00799
bxb:DR64_885	ko:K00074
bxb:DR64_889	ko:K00249
bxb:DR64_892	ko:K28556
bxb:DR64_893	ko:K04118
bxb:DR64_898	ko:K01183
bxb:DR64_901	ko:K01515
bxb:DR64_903	ko:K00343
bxb:DR64_904	ko:K00342
bxb:DR64_905	ko:K00341
bxb:DR64_906	ko:K00340
bxb:DR64_907	ko:K00339
bxb:DR64_908	ko:K00338
bxb:DR64_909	ko:K00337
bxb:DR64_91	ko:K10012
bxb:DR64_910	ko:K00336
bxb:DR64_911	ko:K00335
bxb:DR64_912	ko:K00334
bxb:DR64_913	ko:K00333
bxb:DR64_914	ko:K00332
bxb:DR64_915	ko:K00331
bxb:DR64_916	ko:K00330
bxb:DR64_917	ko:K14228
bxb:DR64_918	ko:K03075
bxb:DR64_919	ko:K01803
bxb:DR64_92	ko:K00604
bxb:DR64_921	ko:K00962
bxb:DR64_922	ko:K02956
bxb:DR64_923	ko:K01999
bxb:DR64_926	ko:K01673
bxb:DR64_928	ko:K01649
bxb:DR64_929	ko:K17103
bxb:DR64_930	ko:K01613
bxb:DR64_931	ko:K00053
bxb:DR64_932	ko:K01653
bxb:DR64_933	ko:K01652
bxb:DR64_934	ko:K03088
bxb:DR64_939	ko:K27597
bxb:DR64_94	ko:K13014
bxb:DR64_940	ko:K00901
bxb:DR64_946	ko:K06886
bxb:DR64_947	ko:K02004
bxb:DR64_949	ko:K11741
bxb:DR64_95	ko:K03564
bxb:DR64_950	ko:K07667
bxb:DR64_951	ko:K07646
bxb:DR64_952	ko:K01548
bxb:DR64_953	ko:K01547
bxb:DR64_954	ko:K01546
bxb:DR64_957	ko:K00344
bxb:DR64_958	ko:K01734
bxb:DR64_959	ko:K00059
bxb:DR64_96	ko:K07175
bxb:DR64_960	ko:K00761
bxb:DR64_963	ko:K01945
bxb:DR64_964	ko:K00228
bxb:DR64_965	ko:K00969
bxb:DR64_966	ko:K09710
bxb:DR64_967	ko:K00783
bxb:DR64_968	ko:K06287
bxb:DR64_969	ko:K08301
bxb:DR64_972	ko:K03442
bxb:DR64_975	ko:K08968
bxb:DR64_976	ko:K02019
bxb:DR64_978	ko:K04750
bxb:DR64_984	ko:K03554
bxb:DR64_99	ko:K03306
bxb:DR64_991	ko:K11085
bxb:DR64_993	ko:K02337
bxb:DR64_994	ko:K07146
bxb:DR64_995	ko:K01894
bxb:DR64_996	ko:K11927
bxb:DR64_998	ko:K01652
