cfar:CI104_00005	ko:K02313
cfar:CI104_00010	ko:K02338
cfar:CI104_00015	ko:K03629
cfar:CI104_00020	ko:K02470
cfar:CI104_00030	ko:K19776
cfar:CI104_00035	ko:K00883
cfar:CI104_00040	ko:K01631
cfar:CI104_00045	ko:K01684
cfar:CI104_00050	ko:K08194
cfar:CI104_00075	ko:K04080
cfar:CI104_00080	ko:K04081
cfar:CI104_00085	ko:K07085
cfar:CI104_00090	ko:K03482
cfar:CI104_00095	ko:K02750
cfar:CI104_00100	ko:K01232
cfar:CI104_00105	ko:K00389
cfar:CI104_00115	ko:K06871
cfar:CI104_00120	ko:K01753
cfar:CI104_00125	ko:K13629
cfar:CI104_00130	ko:K13636
cfar:CI104_00140	ko:K08154
cfar:CI104_00150	ko:K19148
cfar:CI104_00165	ko:K01652
cfar:CI104_00170	ko:K01653
cfar:CI104_00175	ko:K11534
cfar:CI104_00180	ko:K28747
cfar:CI104_00185	ko:K02429
cfar:CI104_00195	ko:K07686
cfar:CI104_00200	ko:K07675
cfar:CI104_00205	ko:K07783
cfar:CI104_00210	ko:K07784
cfar:CI104_00215	ko:K01486
cfar:CI104_00220	ko:K06901
cfar:CI104_00230	ko:K07726
cfar:CI104_00240	ko:K03445
cfar:CI104_00245	ko:K02024
cfar:CI104_00250	ko:K02759
cfar:CI104_00255	ko:K01223
cfar:CI104_00260	ko:K02761
cfar:CI104_00265	ko:K02760
cfar:CI104_00285	ko:K17473
cfar:CI104_00295	ko:K17464
cfar:CI104_00300	ko:K17465
cfar:CI104_00305	ko:K17466
cfar:CI104_00310	ko:K17467
cfar:CI104_00315	ko:K17468
cfar:CI104_00320	ko:K17463
cfar:CI104_00325	ko:K02073
cfar:CI104_00345	ko:K00064
cfar:CI104_00360	ko:K21740
cfar:CI104_00365	ko:K10680
cfar:CI104_00375	ko:K03710
cfar:CI104_00385	ko:K10710
cfar:CI104_00390	ko:K07792
cfar:CI104_00395	ko:K14238
cfar:CI104_00400	ko:K03292
cfar:CI104_00405	ko:K01811
cfar:CI104_00410	ko:K02429
cfar:CI104_00425	ko:K02750
cfar:CI104_00435	ko:K16345
cfar:CI104_00440	ko:K03312
cfar:CI104_00445	ko:K03655
cfar:CI104_00450	ko:K00556
cfar:CI104_00455	ko:K01139
cfar:CI104_00460	ko:K03060
cfar:CI104_00465	ko:K00942
cfar:CI104_00470	ko:K01972
cfar:CI104_00490	ko:K00989
cfar:CI104_00495	ko:K00762
cfar:CI104_00500	ko:K05501
cfar:CI104_00505	ko:K01520
cfar:CI104_00510	ko:K13038
cfar:CI104_00515	ko:K03630
cfar:CI104_00520	ko:K02902
cfar:CI104_00525	ko:K02913
cfar:CI104_00530	ko:K10563
cfar:CI104_00535	ko:K00954
cfar:CI104_00540	ko:K02527
cfar:CI104_00545	ko:K02849
cfar:CI104_00550	ko:K02844
cfar:CI104_00555	ko:K02848
cfar:CI104_00560	ko:K24623
cfar:CI104_00565	ko:K02840
cfar:CI104_00570	ko:K03278
cfar:CI104_00575	ko:K03279
cfar:CI104_00580	ko:K02850
cfar:CI104_00585	ko:K12981
cfar:CI104_00590	ko:K03277
cfar:CI104_00595	ko:K02847
cfar:CI104_00600	ko:K02841
cfar:CI104_00605	ko:K02843
cfar:CI104_00610	ko:K03274
cfar:CI104_00615	ko:K00639
cfar:CI104_00620	ko:K00060
cfar:CI104_00625	ko:K19354
cfar:CI104_00630	ko:K09798
cfar:CI104_00635	ko:K22719
cfar:CI104_00640	ko:K15633
cfar:CI104_00655	ko:K03676
cfar:CI104_00660	ko:K03071
cfar:CI104_00665	ko:K00057
cfar:CI104_00670	ko:K00640
cfar:CI104_00675	ko:K03216
cfar:CI104_00680	ko:K08195
cfar:CI104_00685	ko:K29125
cfar:CI104_00690	ko:K14348
cfar:CI104_00695	ko:K00427
cfar:CI104_00700	ko:K14762
cfar:CI104_00710	ko:K02562
cfar:CI104_00715	ko:K00009
cfar:CI104_00720	ko:K02800
cfar:CI104_00740	ko:K01042
cfar:CI104_00745	ko:K03833
cfar:CI104_00750	ko:K13954
cfar:CI104_00755	ko:K00138
cfar:CI104_00780	ko:K07274
cfar:CI104_00795	ko:K00835
cfar:CI104_00800	ko:K01176
cfar:CI104_00810	ko:K03796
cfar:CI104_00815	ko:K02529
cfar:CI104_00820	ko:K10544
cfar:CI104_00825	ko:K10545
cfar:CI104_00830	ko:K10543
cfar:CI104_00835	ko:K01805
cfar:CI104_00840	ko:K00854
cfar:CI104_00860	ko:K01878
cfar:CI104_00865	ko:K01879
cfar:CI104_00875	ko:K03704
cfar:CI104_00880	ko:K07726
cfar:CI104_00885	ko:K08195
cfar:CI104_00895	ko:K00090
cfar:CI104_00905	ko:K00874
cfar:CI104_00915	ko:K02525
cfar:CI104_00925	ko:K08351
cfar:CI104_00930	ko:K03826
cfar:CI104_00935	ko:K01246
cfar:CI104_00945	ko:K08177
cfar:CI104_00950	ko:K12975
cfar:CI104_00955	ko:K14232
cfar:CI104_00985	ko:K12368
cfar:CI104_00995	ko:K12369
cfar:CI104_01000	ko:K12370
cfar:CI104_01005	ko:K12371
cfar:CI104_01010	ko:K12372
cfar:CI104_01015	ko:K26603
cfar:CI104_01020	ko:K18862
cfar:CI104_01050	ko:K00694
cfar:CI104_01055	ko:K20541
cfar:CI104_01060	ko:K20542
cfar:CI104_01065	ko:K20543
cfar:CI104_01070	ko:K26149
cfar:CI104_01080	ko:K11103
cfar:CI104_01090	ko:K00874
cfar:CI104_01095	ko:K21086
cfar:CI104_01100	ko:K07290
cfar:CI104_01115	ko:K07058
cfar:CI104_01145	ko:K01194
cfar:CI104_01150	ko:K00428
cfar:CI104_01155	ko:K00383
cfar:CI104_01160	ko:K07115
cfar:CI104_01165	ko:K01414
cfar:CI104_01170	ko:K15984
cfar:CI104_01175	ko:K03305
cfar:CI104_01180	ko:K06149
cfar:CI104_01185	ko:K06144
cfar:CI104_01190	ko:K16322
cfar:CI104_01200	ko:K01993
cfar:CI104_01205	ko:K13926
cfar:CI104_01210	ko:K01992
cfar:CI104_01230	ko:K15587
cfar:CI104_01235	ko:K15586
cfar:CI104_01240	ko:K15585
cfar:CI104_01245	ko:K15584
cfar:CI104_01255	ko:K06133
cfar:CI104_01260	ko:K09458
cfar:CI104_01265	ko:K00059
cfar:CI104_01275	ko:K00647
cfar:CI104_01295	ko:K07107
cfar:CI104_01320	ko:K02078
cfar:CI104_01325	ko:K02078
cfar:CI104_01360	ko:K27311
cfar:CI104_01365	ko:K09125
cfar:CI104_01370	ko:K04085
cfar:CI104_01375	ko:K01534
cfar:CI104_01390	ko:K08993
cfar:CI104_01395	ko:K08316
cfar:CI104_01400	ko:K03110
cfar:CI104_01405	ko:K09812
cfar:CI104_01410	ko:K09811
cfar:CI104_01415	ko:K03089
cfar:CI104_01420	ko:K00823
cfar:CI104_01425	ko:K01999
cfar:CI104_01435	ko:K03744
cfar:CI104_01445	ko:K01999
cfar:CI104_01450	ko:K01997
cfar:CI104_01455	ko:K01998
cfar:CI104_01460	ko:K01995
cfar:CI104_01465	ko:K01996
cfar:CI104_01470	ko:K05813
cfar:CI104_01475	ko:K05814
cfar:CI104_01480	ko:K05815
cfar:CI104_01485	ko:K05816
cfar:CI104_01490	ko:K01126
cfar:CI104_01500	ko:K00681
cfar:CI104_01505	ko:K03825
cfar:CI104_01515	ko:K06911
cfar:CI104_01520	ko:K06145
cfar:CI104_01525	ko:K00851
cfar:CI104_01530	ko:K06156
cfar:CI104_01540	ko:K00133
cfar:CI104_01545	ko:K00700
cfar:CI104_01550	ko:K02438
cfar:CI104_01555	ko:K00975
cfar:CI104_01560	ko:K00703
cfar:CI104_01565	ko:K00688
cfar:CI104_01575	ko:K22397
cfar:CI104_01580	ko:K01687
cfar:CI104_01590	ko:K00005
cfar:CI104_01595	ko:K00111
cfar:CI104_01600	ko:K02439
cfar:CI104_01605	ko:K02441
cfar:CI104_01610	ko:K02444
cfar:CI104_01615	ko:K00626
cfar:CI104_01620	ko:K01035
cfar:CI104_01625	ko:K01034
cfar:CI104_01640	ko:K03300
cfar:CI104_01650	ko:K03556
cfar:CI104_01655	ko:K00688
cfar:CI104_01660	ko:K00705
cfar:CI104_01665	ko:K06155
cfar:CI104_01670	ko:K07400
cfar:CI104_01680	ko:K02170
cfar:CI104_01690	ko:K07490
cfar:CI104_01695	ko:K04759
cfar:CI104_01700	ko:K04758
cfar:CI104_01710	ko:K06959
cfar:CI104_01715	ko:K04760
cfar:CI104_01720	ko:K07659
cfar:CI104_01725	ko:K07638
cfar:CI104_01730	ko:K01610
cfar:CI104_01735	ko:K04083
cfar:CI104_01740	ko:K04762
cfar:CI104_01745	ko:K20881
cfar:CI104_01755	ko:K08312
cfar:CI104_01760	ko:K05366
cfar:CI104_01765	ko:K12288
cfar:CI104_01770	ko:K12289
cfar:CI104_01775	ko:K12290
cfar:CI104_01780	ko:K12291
cfar:CI104_01785	ko:K02507
cfar:CI104_01790	ko:K00891
cfar:CI104_01795	ko:K01735
cfar:CI104_01800	ko:K03112
cfar:CI104_01805	ko:K06223
cfar:CI104_01810	ko:K01783
cfar:CI104_01815	ko:K01091
cfar:CI104_01820	ko:K01867
cfar:CI104_01825	ko:K10711
cfar:CI104_01830	ko:K10710
cfar:CI104_01835	ko:K10709
cfar:CI104_01840	ko:K10708
cfar:CI104_01845	ko:K19540
cfar:CI104_01855	ko:K02302
cfar:CI104_01860	ko:K02598
cfar:CI104_01865	ko:K00363
cfar:CI104_01870	ko:K00362
cfar:CI104_01875	ko:K06141
cfar:CI104_01880	ko:K03767
cfar:CI104_01890	ko:K04095
cfar:CI104_01895	ko:K01664
cfar:CI104_01900	ko:K00821
cfar:CI104_01910	ko:K10914
cfar:CI104_01920	ko:K07397
cfar:CI104_01925	ko:K28462
cfar:CI104_01930	ko:K09898
cfar:CI104_01935	ko:K07019
cfar:CI104_01940	ko:K06158
cfar:CI104_01950	ko:K11748
cfar:CI104_01955	ko:K11747
cfar:CI104_01960	ko:K07070
cfar:CI104_01965	ko:K03775
cfar:CI104_01970	ko:K03745
cfar:CI104_01975	ko:K03772
cfar:CI104_01985	ko:K07235
cfar:CI104_01990	ko:K07236
cfar:CI104_01995	ko:K07237
cfar:CI104_02000	ko:K02950
cfar:CI104_02005	ko:K02992
cfar:CI104_02010	ko:K02355
cfar:CI104_02015	ko:K02358
cfar:CI104_02025	ko:K02192
cfar:CI104_02030	ko:K03594
cfar:CI104_02035	ko:K02506
cfar:CI104_02040	ko:K02946
cfar:CI104_02045	ko:K02906
cfar:CI104_02050	ko:K02926
cfar:CI104_02055	ko:K02892
cfar:CI104_02060	ko:K02886
cfar:CI104_02065	ko:K02965
cfar:CI104_02070	ko:K02890
cfar:CI104_02075	ko:K02982
cfar:CI104_02080	ko:K02878
cfar:CI104_02085	ko:K02904
cfar:CI104_02090	ko:K02961
cfar:CI104_02095	ko:K02874
cfar:CI104_02100	ko:K02895
cfar:CI104_02105	ko:K02931
cfar:CI104_02110	ko:K02954
cfar:CI104_02115	ko:K02994
cfar:CI104_02120	ko:K02933
cfar:CI104_02125	ko:K02881
cfar:CI104_02130	ko:K02988
cfar:CI104_02135	ko:K02907
cfar:CI104_02140	ko:K02876
cfar:CI104_02145	ko:K03076
cfar:CI104_02150	ko:K02919
cfar:CI104_02155	ko:K02952
cfar:CI104_02160	ko:K02948
cfar:CI104_02165	ko:K02986
cfar:CI104_02170	ko:K03040
cfar:CI104_02175	ko:K02879
cfar:CI104_02185	ko:K13638
cfar:CI104_02190	ko:K09890
cfar:CI104_02195	ko:K03282
cfar:CI104_02200	ko:K03499
cfar:CI104_02205	ko:K03500
cfar:CI104_02210	ko:K00604
cfar:CI104_02215	ko:K01462
cfar:CI104_02220	ko:K04096
cfar:CI104_02225	ko:K03747
cfar:CI104_02230	ko:K07479
cfar:CI104_02235	ko:K07566
cfar:CI104_02240	ko:K00014
cfar:CI104_02255	ko:K01977
cfar:CI104_02260	ko:K14227
cfar:CI104_02265	ko:K14218
cfar:CI104_02270	ko:K01980
cfar:CI104_02275	ko:K01985
cfar:CI104_02280	ko:K14234
cfar:CI104_02285	ko:K01985
cfar:CI104_02290	ko:K09972
cfar:CI104_02295	ko:K09971
cfar:CI104_02300	ko:K09970
cfar:CI104_02305	ko:K09969
cfar:CI104_02320	ko:K18142
cfar:CI104_02325	ko:K18141
cfar:CI104_02345	ko:K07319
cfar:CI104_02350	ko:K03557
cfar:CI104_02355	ko:K05540
cfar:CI104_02360	ko:K01674
cfar:CI104_02365	ko:K02687
cfar:CI104_02370	ko:K14392
cfar:CI104_02380	ko:K21621
cfar:CI104_02390	ko:K08302
cfar:CI104_02395	ko:K10439
cfar:CI104_02400	ko:K10441
cfar:CI104_02405	ko:K10440
cfar:CI104_02410	ko:K21621
cfar:CI104_02420	ko:K01961
cfar:CI104_02425	ko:K02160
cfar:CI104_02435	ko:K17247
cfar:CI104_02440	ko:K07147
cfar:CI104_02445	ko:K19745
cfar:CI104_02450	ko:K18765
cfar:CI104_02465	ko:K03569
cfar:CI104_02470	ko:K03570
cfar:CI104_02475	ko:K03571
cfar:CI104_02480	ko:K06287
cfar:CI104_02485	ko:K08301
cfar:CI104_02495	ko:K03568
cfar:CI104_02500	ko:K21698
cfar:CI104_02505	ko:K21695
cfar:CI104_02510	ko:K15548
cfar:CI104_02515	ko:K03468
cfar:CI104_02520	ko:K00135
cfar:CI104_02525	ko:K03623
cfar:CI104_02535	ko:K03402
cfar:CI104_02540	ko:K00024
cfar:CI104_02545	ko:K04691
cfar:CI104_02550	ko:K04772
cfar:CI104_02555	ko:K09908
cfar:CI104_02560	ko:K06916
cfar:CI104_02565	ko:K02871
cfar:CI104_02570	ko:K02996
cfar:CI104_02585	ko:K03599
cfar:CI104_02590	ko:K03600
cfar:CI104_02595	ko:K22104
cfar:CI104_02600	ko:K01639
cfar:CI104_02605	ko:K03290
cfar:CI104_02610	ko:K01788
cfar:CI104_02615	ko:K00885
cfar:CI104_02630	ko:K00266
cfar:CI104_02635	ko:K00265
cfar:CI104_02650	ko:K07139
cfar:CI104_02655	ko:K07648
cfar:CI104_02665	ko:K03814
cfar:CI104_02675	ko:K08485
cfar:CI104_02680	ko:K06958
cfar:CI104_02685	ko:K02806
cfar:CI104_02690	ko:K05808
cfar:CI104_02695	ko:K03092
cfar:CI104_02700	ko:K06861
cfar:CI104_02705	ko:K09774
cfar:CI104_02710	ko:K11719
cfar:CI104_02715	ko:K03270
cfar:CI104_02720	ko:K06041
cfar:CI104_02725	ko:K07301
cfar:CI104_02730	ko:K02065
cfar:CI104_02735	ko:K02066
cfar:CI104_02740	ko:K02067
cfar:CI104_02745	ko:K07323
cfar:CI104_02750	ko:K07122
cfar:CI104_02760	ko:K00790
cfar:CI104_02765	ko:K07724
cfar:CI104_02770	ko:K02523
cfar:CI104_02775	ko:K02888
cfar:CI104_02780	ko:K02899
cfar:CI104_02790	ko:K03979
cfar:CI104_02795	ko:K07259
cfar:CI104_02800	ko:K03624
cfar:CI104_02805	ko:K07574
cfar:CI104_02810	ko:K02427
cfar:CI104_02815	ko:K03798
cfar:CI104_02820	ko:K00796
cfar:CI104_02825	ko:K03431
cfar:CI104_02830	ko:K03075
cfar:CI104_02835	ko:K14228
cfar:CI104_02840	ko:K19338
cfar:CI104_02845	ko:K16514
cfar:CI104_02850	ko:K16515
cfar:CI104_02855	ko:K10221
cfar:CI104_02860	ko:K11103
cfar:CI104_02870	ko:K22110
cfar:CI104_02875	ko:K01940
cfar:CI104_02880	ko:K14230
cfar:CI104_02885	ko:K09748
cfar:CI104_02890	ko:K02600
cfar:CI104_02895	ko:K02519
cfar:CI104_02900	ko:K02834
cfar:CI104_02905	ko:K03177
cfar:CI104_02910	ko:K02956
cfar:CI104_02915	ko:K00962
cfar:CI104_02920	ko:K05803
cfar:CI104_02925	ko:K05592
cfar:CI104_02930	ko:K03835
cfar:CI104_02940	ko:K24845
cfar:CI104_02945	ko:K24844
cfar:CI104_02950	ko:K24843
cfar:CI104_02955	ko:K03824
cfar:CI104_02960	ko:K07461
cfar:CI104_02965	ko:K09979
cfar:CI104_02970	ko:K05520
cfar:CI104_02980	ko:K07089
cfar:CI104_02985	ko:K28369
cfar:CI104_02990	ko:K12961
cfar:CI104_02995	ko:K07460
cfar:CI104_03000	ko:K07121
cfar:CI104_03005	ko:K07056
cfar:CI104_03010	ko:K02080
cfar:CI104_03015	ko:K10986
cfar:CI104_03020	ko:K10985
cfar:CI104_03025	ko:K10984
cfar:CI104_03030	ko:K08302
cfar:CI104_03035	ko:K02082
cfar:CI104_03040	ko:K02079
cfar:CI104_03045	ko:K02744
cfar:CI104_03050	ko:K02747
cfar:CI104_03055	ko:K02746
cfar:CI104_03060	ko:K02745
cfar:CI104_03065	ko:K16371
cfar:CI104_03075	ko:K02081
cfar:CI104_03080	ko:K02081
cfar:CI104_03085	ko:K28207
cfar:CI104_03095	ko:K10112
cfar:CI104_03100	ko:K02026
cfar:CI104_03105	ko:K02025
cfar:CI104_03110	ko:K02027
cfar:CI104_03115	ko:K01708
cfar:CI104_03120	ko:K12299
cfar:CI104_03125	ko:K01630
cfar:CI104_03130	ko:K00042
cfar:CI104_03135	ko:K00865
cfar:CI104_03140	ko:K01978
cfar:CI104_03145	ko:K07592
cfar:CI104_03150	ko:K01754
cfar:CI104_03155	ko:K03838
cfar:CI104_03160	ko:K00932
cfar:CI104_03165	ko:K00656
cfar:CI104_03170	ko:K01752
cfar:CI104_03175	ko:K26604
cfar:CI104_03180	ko:K26607
cfar:CI104_03205	ko:K07393
cfar:CI104_03210	ko:K15977
cfar:CI104_03235	ko:K25864
cfar:CI104_03245	ko:K19775
cfar:CI104_03250	ko:K08191
cfar:CI104_03255	ko:K01812
cfar:CI104_03260	ko:K01685
cfar:CI104_03270	ko:K07862
cfar:CI104_03285	ko:K07043
cfar:CI104_03290	ko:K11391
cfar:CI104_03300	ko:K19166
cfar:CI104_03305	ko:K18831
cfar:CI104_03310	ko:K00219
cfar:CI104_03315	ko:K10111
cfar:CI104_03320	ko:K01840
cfar:CI104_03330	ko:K02027
cfar:CI104_03335	ko:K02025
cfar:CI104_03340	ko:K02026
cfar:CI104_03345	ko:K01226
cfar:CI104_03350	ko:K20885
cfar:CI104_03360	ko:K09251
cfar:CI104_03365	ko:K03776
cfar:CI104_03370	ko:K05875
cfar:CI104_03380	ko:K07229
cfar:CI104_03390	ko:K11903
cfar:CI104_03460	ko:K06223
cfar:CI104_03535	ko:K01185
cfar:CI104_03570	ko:K06903
cfar:CI104_03600	ko:K06907
cfar:CI104_03605	ko:K06908
cfar:CI104_03625	ko:K06906
cfar:CI104_03630	ko:K06905
cfar:CI104_03640	ko:K14230
cfar:CI104_03645	ko:K03649
cfar:CI104_03650	ko:K16089
cfar:CI104_03660	ko:K03086
cfar:CI104_03665	ko:K02316
cfar:CI104_03670	ko:K02970
cfar:CI104_03680	ko:K25706
cfar:CI104_03685	ko:K03189
cfar:CI104_03690	ko:K03188
cfar:CI104_03695	ko:K03187
cfar:CI104_03700	ko:K01428
cfar:CI104_03705	ko:K01429
cfar:CI104_03710	ko:K01430
cfar:CI104_03715	ko:K03190
cfar:CI104_03720	ko:K11106
cfar:CI104_03725	ko:K03780
cfar:CI104_03730	ko:K03779
cfar:CI104_03735	ko:K21742
cfar:CI104_03740	ko:K08591
cfar:CI104_03745	ko:K01633
cfar:CI104_03750	ko:K06153
cfar:CI104_03755	ko:K00974
cfar:CI104_03760	ko:K07184
cfar:CI104_03770	ko:K18446
cfar:CI104_03775	ko:K00982
cfar:CI104_03780	ko:K03272
cfar:CI104_03785	ko:K22720
cfar:CI104_03790	ko:K09806
cfar:CI104_03795	ko:K02858
cfar:CI104_03805	ko:K07238
cfar:CI104_03810	ko:K15777
cfar:CI104_03830	ko:K12340
cfar:CI104_03835	ko:K01515
cfar:CI104_03840	ko:K09920
cfar:CI104_03845	ko:K03651
cfar:CI104_03850	ko:K07000
cfar:CI104_03855	ko:K02622
cfar:CI104_03870	ko:K02532
cfar:CI104_03875	ko:K18581
cfar:CI104_03890	ko:K03923
cfar:CI104_03895	ko:K07645
cfar:CI104_03900	ko:K07666
cfar:CI104_03910	ko:K02621
cfar:CI104_03915	ko:K00655
cfar:CI104_03920	ko:K04753
cfar:CI104_03935	ko:K06221
cfar:CI104_03940	ko:K08325
cfar:CI104_03960	ko:K01760
cfar:CI104_03970	ko:K03561
cfar:CI104_03975	ko:K03559
cfar:CI104_04000	ko:K19265
cfar:CI104_04010	ko:K03406
cfar:CI104_04020	ko:K06282
cfar:CI104_04035	ko:K06281
cfar:CI104_04040	ko:K03605
cfar:CI104_04050	ko:K04651
cfar:CI104_04055	ko:K04653
cfar:CI104_04060	ko:K11209
cfar:CI104_04065	ko:K01460
cfar:CI104_04080	ko:K01628
cfar:CI104_04085	ko:K08963
cfar:CI104_04090	ko:K00899
cfar:CI104_04095	ko:K13735
cfar:CI104_04105	ko:K12519
cfar:CI104_04110	ko:K14231
cfar:CI104_04115	ko:K07150
cfar:CI104_04125	ko:K01581
cfar:CI104_04130	ko:K03289
cfar:CI104_04135	ko:K08306
cfar:CI104_04145	ko:K03575
cfar:CI104_04155	ko:K03439
cfar:CI104_04160	ko:K09923
cfar:CI104_04170	ko:K01424
cfar:CI104_04180	ko:K01519
cfar:CI104_04185	ko:K09131
cfar:CI104_04190	ko:K02221
cfar:CI104_04195	ko:K06997
cfar:CI104_04200	ko:K02669
cfar:CI104_04205	ko:K07447
cfar:CI104_04210	ko:K07735
cfar:CI104_04215	ko:K01920
cfar:CI104_04220	ko:K09761
cfar:CI104_04225	ko:K01150
cfar:CI104_04230	ko:K02742
cfar:CI104_04235	ko:K08137
cfar:CI104_04240	ko:K00789
cfar:CI104_04260	ko:K01585
cfar:CI104_04265	ko:K01480
cfar:CI104_04270	ko:K07387
cfar:CI104_04275	ko:K00615
cfar:CI104_04280	ko:K02798
cfar:CI104_04285	ko:K02800
cfar:CI104_04290	ko:K19956
cfar:CI104_04295	ko:K02446
cfar:CI104_04300	ko:K01774
cfar:CI104_04305	ko:K02173
cfar:CI104_04310	ko:K16787
cfar:CI104_04315	ko:K16786
cfar:CI104_04320	ko:K16785
cfar:CI104_04325	ko:K16923
cfar:CI104_04330	ko:K06934
cfar:CI104_04335	ko:K03472
cfar:CI104_04340	ko:K00927
cfar:CI104_04345	ko:K01624
cfar:CI104_04350	ko:K00926
cfar:CI104_04360	ko:K02381
cfar:CI104_04365	ko:K28794
cfar:CI104_04370	ko:K28795
cfar:CI104_04375	ko:K10972
cfar:CI104_04380	ko:K03442
cfar:CI104_04385	ko:K06895
cfar:CI104_04390	ko:K09807
cfar:CI104_04395	ko:K06020
cfar:CI104_04400	ko:K08309
cfar:CI104_04405	ko:K03720
cfar:CI104_04410	ko:K01529
cfar:CI104_04415	ko:K15634
cfar:CI104_04420	ko:K05804
cfar:CI104_04425	ko:K05805
cfar:CI104_04430	ko:K07663
cfar:CI104_04435	ko:K07641
cfar:CI104_04440	ko:K06143
cfar:CI104_04445	ko:K07773
cfar:CI104_04455	ko:K02533
cfar:CI104_04460	ko:K08278
cfar:CI104_04465	ko:K12524
cfar:CI104_04470	ko:K00872
cfar:CI104_04475	ko:K01733
cfar:CI104_04480	ko:K09861
cfar:CI104_04485	ko:K03310
cfar:CI104_04490	ko:K00616
cfar:CI104_04495	ko:K03831
cfar:CI104_04500	ko:K03762
cfar:CI104_04505	ko:K07034
cfar:CI104_04510	ko:K04043
cfar:CI104_04515	ko:K03686
cfar:CI104_04520	ko:K03313
cfar:CI104_04525	ko:K03717
cfar:CI104_04530	ko:K02968
cfar:CI104_04540	ko:K11753
cfar:CI104_04545	ko:K01870
cfar:CI104_04550	ko:K03101
cfar:CI104_04555	ko:K03774
cfar:CI104_04560	ko:K03527
cfar:CI104_04565	ko:K12700
cfar:CI104_04570	ko:K06859
cfar:CI104_04575	ko:K06859
cfar:CI104_04585	ko:K02795
cfar:CI104_04595	ko:K02793
cfar:CI104_04605	ko:K02529
cfar:CI104_04610	ko:K00215
cfar:CI104_04615	ko:K01956
cfar:CI104_04620	ko:K01955
cfar:CI104_04625	ko:K08277
cfar:CI104_04630	ko:K08279
cfar:CI104_04635	ko:K08299
cfar:CI104_04640	ko:K02182
cfar:CI104_04645	ko:K08298
cfar:CI104_04650	ko:K08297
cfar:CI104_04655	ko:K05245
cfar:CI104_04660	ko:K03521
cfar:CI104_04665	ko:K03522
cfar:CI104_04670	ko:K00313
cfar:CI104_04675	ko:K03855
cfar:CI104_04680	ko:K08368
cfar:CI104_04690	ko:K11746
cfar:CI104_04695	ko:K11745
cfar:CI104_04705	ko:K00287
cfar:CI104_04710	ko:K01525
cfar:CI104_04715	ko:K06195
cfar:CI104_04720	ko:K02528
cfar:CI104_04725	ko:K00097
cfar:CI104_04730	ko:K03771
cfar:CI104_04735	ko:K04744
cfar:CI104_04740	ko:K05801
cfar:CI104_04745	ko:K06177
cfar:CI104_04750	ko:K03580
cfar:CI104_04755	ko:K02336
cfar:CI104_04760	ko:K03077
cfar:CI104_04765	ko:K01804
cfar:CI104_04770	ko:K00853
cfar:CI104_04775	ko:K02099
cfar:CI104_04785	ko:K02062
cfar:CI104_04790	ko:K02063
cfar:CI104_04795	ko:K02064
cfar:CI104_04800	ko:K11925
cfar:CI104_04810	ko:K03291
cfar:CI104_04815	ko:K01704
cfar:CI104_04820	ko:K01703
cfar:CI104_04825	ko:K00052
cfar:CI104_04830	ko:K01649
cfar:CI104_04835	ko:K05798
cfar:CI104_04840	ko:K01652
cfar:CI104_04845	ko:K01653
cfar:CI104_04850	ko:K03435
cfar:CI104_04855	ko:K03925
cfar:CI104_04860	ko:K03438
cfar:CI104_04865	ko:K03586
cfar:CI104_04870	ko:K03587
cfar:CI104_04875	ko:K01928
cfar:CI104_04880	ko:K01929
cfar:CI104_04885	ko:K01000
cfar:CI104_04890	ko:K01925
cfar:CI104_04895	ko:K03588
cfar:CI104_04900	ko:K02563
cfar:CI104_04905	ko:K01924
cfar:CI104_04910	ko:K01921
cfar:CI104_04915	ko:K03589
cfar:CI104_04920	ko:K03590
cfar:CI104_04925	ko:K03531
cfar:CI104_04930	ko:K02535
cfar:CI104_04935	ko:K13301
cfar:CI104_04940	ko:K03070
cfar:CI104_04945	ko:K03574
cfar:CI104_04950	ko:K09862
cfar:CI104_04955	ko:K18778
cfar:CI104_04960	ko:K00859
cfar:CI104_04965	ko:K00364
cfar:CI104_04970	ko:K02505
cfar:CI104_04975	ko:K02504
cfar:CI104_04980	ko:K02682
cfar:CI104_04985	ko:K00767
cfar:CI104_04990	ko:K03806
cfar:CI104_04995	ko:K03807
cfar:CI104_05000	ko:K11734
cfar:CI104_05005	ko:K05799
cfar:CI104_05010	ko:K00163
cfar:CI104_05015	ko:K00627
cfar:CI104_05020	ko:K00382
cfar:CI104_05035	ko:K01682
cfar:CI104_05040	ko:K09910
cfar:CI104_05045	ko:K02526
cfar:CI104_05050	ko:K22129
cfar:CI104_05055	ko:K22024
cfar:CI104_05070	ko:K01611
cfar:CI104_05075	ko:K00797
cfar:CI104_05085	ko:K14588
cfar:CI104_05100	ko:K00117
cfar:CI104_05115	ko:K00760
cfar:CI104_05120	ko:K01673
cfar:CI104_05125	ko:K01990
cfar:CI104_05130	ko:K01992
cfar:CI104_05145	ko:K01579
cfar:CI104_05150	ko:K01918
cfar:CI104_05155	ko:K00606
cfar:CI104_05160	ko:K00950
cfar:CI104_05165	ko:K00970
cfar:CI104_05170	ko:K01894
cfar:CI104_05175	ko:K06204
cfar:CI104_05180	ko:K06206
cfar:CI104_05185	ko:K01975
cfar:CI104_05190	ko:K03579
cfar:CI104_05195	ko:K05365
cfar:CI104_05200	ko:K02014
cfar:CI104_05205	ko:K10829
cfar:CI104_05210	ko:K23227
cfar:CI104_05215	ko:K23228
cfar:CI104_05220	ko:K01845
cfar:CI104_05225	ko:K03281
cfar:CI104_05230	ko:K15724
cfar:CI104_05240	ko:K06858
cfar:CI104_05245	ko:K01243
cfar:CI104_05250	ko:K01129
cfar:CI104_05255	ko:K04771
cfar:CI104_05260	ko:K02647
cfar:CI104_05270	ko:K00674
cfar:CI104_05275	ko:K00990
cfar:CI104_05280	ko:K01265
cfar:CI104_05290	ko:K02967
cfar:CI104_05300	ko:K02357
cfar:CI104_05305	ko:K09903
cfar:CI104_05310	ko:K02838
cfar:CI104_05315	ko:K00099
cfar:CI104_05320	ko:K00806
cfar:CI104_05325	ko:K00981
cfar:CI104_05330	ko:K11749
cfar:CI104_05335	ko:K07277
cfar:CI104_05340	ko:K06142
cfar:CI104_05345	ko:K02536
cfar:CI104_05350	ko:K02372
cfar:CI104_05355	ko:K00677
cfar:CI104_05360	ko:K00748
cfar:CI104_05365	ko:K03470
cfar:CI104_05370	ko:K02337
cfar:CI104_05375	ko:K01962
cfar:CI104_05380	ko:K01582
cfar:CI104_05385	ko:K08234
cfar:CI104_05390	ko:K04075
cfar:CI104_05395	ko:K19000
cfar:CI104_05410	ko:K15034
cfar:CI104_05415	ko:K06079
cfar:CI104_05425	ko:K01881
cfar:CI104_05430	ko:K22900
cfar:CI104_05435	ko:K06080
cfar:CI104_05440	ko:K02073
cfar:CI104_05445	ko:K02072
cfar:CI104_05450	ko:K02071
cfar:CI104_05455	ko:K03273
cfar:CI104_05460	ko:K01977
cfar:CI104_05465	ko:K14224
cfar:CI104_05470	ko:K01980
cfar:CI104_05475	ko:K01985
cfar:CI104_05480	ko:K14221
cfar:CI104_05485	ko:K06222
cfar:CI104_05495	ko:K19577
cfar:CI104_05510	ko:K08307
cfar:CI104_05515	ko:K01069
cfar:CI104_05525	ko:K03469
cfar:CI104_05530	ko:K02342
cfar:CI104_05535	ko:K14221
cfar:CI104_05540	ko:K11902
cfar:CI104_05545	ko:K11895
cfar:CI104_05550	ko:K11896
cfar:CI104_05555	ko:K11897
cfar:CI104_05560	ko:K11898
cfar:CI104_05570	ko:K11907
cfar:CI104_05575	ko:K11901
cfar:CI104_05580	ko:K11900
cfar:CI104_05610	ko:K11903
cfar:CI104_05615	ko:K11906
cfar:CI104_05620	ko:K11893
cfar:CI104_05625	ko:K11892
cfar:CI104_05640	ko:K11891
cfar:CI104_05645	ko:K11890
cfar:CI104_05675	ko:K11904
cfar:CI104_05705	ko:K13566
cfar:CI104_05710	ko:K06445
cfar:CI104_05715	ko:K03271
cfar:CI104_05725	ko:K28919
cfar:CI104_05740	ko:K02400
cfar:CI104_05745	ko:K02557
cfar:CI104_05750	ko:K02346
cfar:CI104_05755	ko:K01270
cfar:CI104_05760	ko:K00769
cfar:CI104_05765	ko:K11750
cfar:CI104_05770	ko:K11926
cfar:CI104_05775	ko:K11929
cfar:CI104_05780	ko:K00931
cfar:CI104_05785	ko:K00147
cfar:CI104_05790	ko:K14234
cfar:CI104_05820	ko:K02760
cfar:CI104_05835	ko:K16326
cfar:CI104_05855	ko:K03305
cfar:CI104_05865	ko:K03329
cfar:CI104_05870	ko:K12678
cfar:CI104_05875	ko:K12678
cfar:CI104_05885	ko:K02688
cfar:CI104_05890	ko:K03417
cfar:CI104_05895	ko:K01659
cfar:CI104_05900	ko:K01720
cfar:CI104_05905	ko:K01908
cfar:CI104_05920	ko:K01190
cfar:CI104_05940	ko:K02010
cfar:CI104_05945	ko:K02011
cfar:CI104_05950	ko:K02012
cfar:CI104_05955	ko:K07783
cfar:CI104_05960	ko:K20263
cfar:CI104_05965	ko:K20264
cfar:CI104_05975	ko:K15551
cfar:CI104_05980	ko:K10831
cfar:CI104_05985	ko:K15552
cfar:CI104_05990	ko:K03119
cfar:CI104_06000	ko:K01698
cfar:CI104_06015	ko:K18988
cfar:CI104_06025	ko:K17938
cfar:CI104_06045	ko:K01921
cfar:CI104_06055	ko:K08161
cfar:CI104_06065	ko:K01077
cfar:CI104_06075	ko:K18968
cfar:CI104_06080	ko:K00286
cfar:CI104_06085	ko:K09768
cfar:CI104_06090	ko:K00891
cfar:CI104_06100	ko:K14591
cfar:CI104_06105	ko:K09913
cfar:CI104_06110	ko:K03554
cfar:CI104_06115	ko:K00847
cfar:CI104_06120	ko:K03546
cfar:CI104_06125	ko:K03547
cfar:CI104_06130	ko:K07657
cfar:CI104_06135	ko:K07636
cfar:CI104_06140	ko:K03311
cfar:CI104_06145	ko:K11736
cfar:CI104_06150	ko:K01187
cfar:CI104_06165	ko:K09932
cfar:CI104_06185	ko:K01624
cfar:CI104_06195	ko:K03475
cfar:CI104_06200	ko:K02822
cfar:CI104_06205	ko:K02821
cfar:CI104_06210	ko:K03386
cfar:CI104_06215	ko:K08682
cfar:CI104_06220	ko:K07568
cfar:CI104_06225	ko:K00773
cfar:CI104_06230	ko:K03210
cfar:CI104_06235	ko:K03072
cfar:CI104_06240	ko:K03074
cfar:CI104_06245	ko:K06996
cfar:CI104_06255	ko:K05517
cfar:CI104_06265	ko:K07738
cfar:CI104_06270	ko:K11752
cfar:CI104_06275	ko:K00794
cfar:CI104_06280	ko:K03625
cfar:CI104_06285	ko:K00946
cfar:CI104_06290	ko:K01095
cfar:CI104_06295	ko:K23107
cfar:CI104_06300	ko:K01662
cfar:CI104_06305	ko:K00795
cfar:CI104_06310	ko:K03602
cfar:CI104_06315	ko:K03151
cfar:CI104_06340	ko:K03152
cfar:CI104_06345	ko:K00077
cfar:CI104_06350	ko:K09767
cfar:CI104_06370	ko:K02257
cfar:CI104_06375	ko:K02300
cfar:CI104_06380	ko:K02299
cfar:CI104_06385	ko:K02298
cfar:CI104_06390	ko:K02297
cfar:CI104_06395	ko:K08218
cfar:CI104_06400	ko:K07286
cfar:CI104_06405	ko:K05527
cfar:CI104_06415	ko:K03545
cfar:CI104_06420	ko:K01358
cfar:CI104_06425	ko:K03544
cfar:CI104_06430	ko:K01338
cfar:CI104_06435	ko:K03530
cfar:CI104_06440	ko:K03770
cfar:CI104_06445	ko:K02237
cfar:CI104_06450	ko:K12500
cfar:CI104_06455	ko:K06920
cfar:CI104_06465	ko:K11938
cfar:CI104_06470	ko:K28981
cfar:CI104_06475	ko:K05800
cfar:CI104_06480	ko:K18889
cfar:CI104_06485	ko:K18890
cfar:CI104_06490	ko:K04752
cfar:CI104_06495	ko:K03320
cfar:CI104_06500	ko:K10805
cfar:CI104_06505	ko:K09914
cfar:CI104_06510	ko:K07443
cfar:CI104_06515	ko:K01983
cfar:CI104_06545	ko:K26148
cfar:CI104_06550	ko:K02919
cfar:CI104_06560	ko:K00661
cfar:CI104_06565	ko:K05839
cfar:CI104_06570	ko:K19162
cfar:CI104_06575	ko:K18138
cfar:CI104_06580	ko:K03585
cfar:CI104_06585	ko:K03577
cfar:CI104_06595	ko:K05802
cfar:CI104_06605	ko:K04067
cfar:CI104_06610	ko:K09790
cfar:CI104_06615	ko:K00759
cfar:CI104_06620	ko:K02343
cfar:CI104_06625	ko:K09747
cfar:CI104_06630	ko:K06187
cfar:CI104_06635	ko:K04079
cfar:CI104_06645	ko:K00939
cfar:CI104_06655	ko:K01772
cfar:CI104_06660	ko:K01066
cfar:CI104_06665	ko:K00892
cfar:CI104_06670	ko:K26735
cfar:CI104_06675	ko:K08223
cfar:CI104_06680	ko:K11751
cfar:CI104_06685	ko:K03976
cfar:CI104_06690	ko:K09973
cfar:CI104_06695	ko:K17686
cfar:CI104_06845	ko:K06223
cfar:CI104_06875	ko:K07507
cfar:CI104_06885	ko:K02529
cfar:CI104_06890	ko:K08173
cfar:CI104_06895	ko:K19591
cfar:CI104_06910	ko:K07340
cfar:CI104_06920	ko:K02068
cfar:CI104_06925	ko:K02069
cfar:CI104_06930	ko:K05838
cfar:CI104_06940	ko:K10804
cfar:CI104_06945	ko:K02003
cfar:CI104_06950	ko:K02004
cfar:CI104_06960	ko:K06917
cfar:CI104_06965	ko:K01589
cfar:CI104_06970	ko:K01588
cfar:CI104_06980	ko:K03269
cfar:CI104_06985	ko:K03768
cfar:CI104_06990	ko:K01883
cfar:CI104_06995	ko:K07038
cfar:CI104_07015	ko:K16136
cfar:CI104_07020	ko:K20118
cfar:CI104_07025	ko:K14761
cfar:CI104_07030	ko:K01491
cfar:CI104_07035	ko:K14219
cfar:CI104_07050	ko:K07644
cfar:CI104_07055	ko:K07665
cfar:CI104_07060	ko:K07796
cfar:CI104_07065	ko:K07810
cfar:CI104_07070	ko:K07798
cfar:CI104_07075	ko:K07787
cfar:CI104_07080	ko:K21087
cfar:CI104_07110	ko:K02014
cfar:CI104_07115	ko:K11732
cfar:CI104_07135	ko:K05499
cfar:CI104_07140	ko:K16053
cfar:CI104_07145	ko:K10679
cfar:CI104_07165	ko:K18325
cfar:CI104_07175	ko:K06048
cfar:CI104_07185	ko:K00108
cfar:CI104_07190	ko:K00130
cfar:CI104_07195	ko:K02167
cfar:CI104_07205	ko:K02168
cfar:CI104_07210	ko:K07497
cfar:CI104_07215	ko:K18922
cfar:CI104_07225	ko:K03366
cfar:CI104_07230	ko:K17203
cfar:CI104_07235	ko:K17204
cfar:CI104_07245	ko:K17202
cfar:CI104_07250	ko:K00864
cfar:CI104_07260	ko:K00615
cfar:CI104_07265	ko:K00615
cfar:CI104_07270	ko:K02362
cfar:CI104_07275	ko:K19611
cfar:CI104_07285	ko:K07214
cfar:CI104_07295	ko:K02364
cfar:CI104_07305	ko:K23188
cfar:CI104_07310	ko:K23187
cfar:CI104_07315	ko:K23186
cfar:CI104_07320	ko:K08225
cfar:CI104_07325	ko:K23185
cfar:CI104_07330	ko:K02361
cfar:CI104_07335	ko:K02363
cfar:CI104_07340	ko:K01252
cfar:CI104_07345	ko:K00216
cfar:CI104_07350	ko:K24147
cfar:CI104_07355	ko:K06200
cfar:CI104_07375	ko:K03805
cfar:CI104_07380	ko:K24119
cfar:CI104_07385	ko:K03387
cfar:CI104_07390	ko:K11932
cfar:CI104_07400	ko:K06140
cfar:CI104_07405	ko:K00433
cfar:CI104_07415	ko:K01169
cfar:CI104_07420	ko:K09477
cfar:CI104_07425	ko:K05966
cfar:CI104_07430	ko:K05964
cfar:CI104_07435	ko:K01643
cfar:CI104_07440	ko:K01644
cfar:CI104_07445	ko:K01646
cfar:CI104_07450	ko:K01910
cfar:CI104_07455	ko:K07700
cfar:CI104_07460	ko:K07702
cfar:CI104_07465	ko:K03326
cfar:CI104_07470	ko:K12973
cfar:CI104_07475	ko:K03704
cfar:CI104_07480	ko:K06199
cfar:CI104_07485	ko:K11206
cfar:CI104_07490	ko:K03425
cfar:CI104_07495	ko:K03644
cfar:CI104_07505	ko:K03801
cfar:CI104_07510	ko:K09158
cfar:CI104_07515	ko:K07258
cfar:CI104_07520	ko:K03642
cfar:CI104_07525	ko:K05837
cfar:CI104_07530	ko:K05515
cfar:CI104_07535	ko:K00783
cfar:CI104_07540	ko:K09710
cfar:CI104_07545	ko:K02226
cfar:CI104_07550	ko:K04720
cfar:CI104_07555	ko:K00969
cfar:CI104_07560	ko:K02340
cfar:CI104_07565	ko:K03643
cfar:CI104_07570	ko:K01869
cfar:CI104_07580	ko:K01250
cfar:CI104_07585	ko:K10004
cfar:CI104_07590	ko:K10002
cfar:CI104_07595	ko:K10003
cfar:CI104_07600	ko:K10001
cfar:CI104_07605	ko:K03820
cfar:CI104_07610	ko:K06189
cfar:CI104_07615	ko:K07042
cfar:CI104_07620	ko:K06217
cfar:CI104_07625	ko:K06168
cfar:CI104_07630	ko:K03184
cfar:CI104_07635	ko:K14223
cfar:CI104_07640	ko:K14223
cfar:CI104_07645	ko:K14230
cfar:CI104_07650	ko:K14223
cfar:CI104_07655	ko:K14223
cfar:CI104_07660	ko:K14228
cfar:CI104_07665	ko:K14230
cfar:CI104_07670	ko:K01953
cfar:CI104_07680	ko:K02566
cfar:CI104_07685	ko:K02565
cfar:CI104_07690	ko:K01443
cfar:CI104_07695	ko:K02564
cfar:CI104_07705	ko:K02804
cfar:CI104_07710	ko:K01886
cfar:CI104_07725	ko:K03288
cfar:CI104_07730	ko:K13795
cfar:CI104_07735	ko:K13796
cfar:CI104_07740	ko:K13794
cfar:CI104_07745	ko:K03711
cfar:CI104_07750	ko:K03839
cfar:CI104_07760	ko:K01175
cfar:CI104_07765	ko:K03645
cfar:CI104_07770	ko:K01835
cfar:CI104_07775	ko:K03756
cfar:CI104_07780	ko:K01581
cfar:CI104_07785	ko:K07667
cfar:CI104_07790	ko:K07646
cfar:CI104_07795	ko:K01548
cfar:CI104_07800	ko:K01547
cfar:CI104_07805	ko:K01546
cfar:CI104_07810	ko:K01545
cfar:CI104_07825	ko:K01669
cfar:CI104_07835	ko:K23123
cfar:CI104_07840	ko:K23124
cfar:CI104_07845	ko:K07160
cfar:CI104_07860	ko:K01304
cfar:CI104_07865	ko:K05522
cfar:CI104_07870	ko:K07120
cfar:CI104_07875	ko:K01647
cfar:CI104_07890	ko:K00241
cfar:CI104_07895	ko:K00242
cfar:CI104_07900	ko:K00239
cfar:CI104_07905	ko:K00240
cfar:CI104_07910	ko:K00164
cfar:CI104_07915	ko:K00658
cfar:CI104_07920	ko:K01903
cfar:CI104_07925	ko:K01902
cfar:CI104_07935	ko:K11477
cfar:CI104_07940	ko:K03453
cfar:CI104_07945	ko:K18013
cfar:CI104_07950	ko:K22131
cfar:CI104_07960	ko:K22130
cfar:CI104_07965	ko:K21948
cfar:CI104_07975	ko:K02303
cfar:CI104_07985	ko:K19221
cfar:CI104_07990	ko:K01676
cfar:CI104_07995	ko:K01425
cfar:CI104_08015	ko:K04835
cfar:CI104_08020	ko:K19268
cfar:CI104_08030	ko:K01846
cfar:CI104_08035	ko:K00425
cfar:CI104_08040	ko:K00426
cfar:CI104_08045	ko:K00424
cfar:CI104_08055	ko:K07107
cfar:CI104_08060	ko:K03562
cfar:CI104_08065	ko:K03560
cfar:CI104_08070	ko:K03646
cfar:CI104_08075	ko:K03641
cfar:CI104_08080	ko:K03640
cfar:CI104_08090	ko:K14229
cfar:CI104_08095	ko:K14237
cfar:CI104_08100	ko:K14229
cfar:CI104_08105	ko:K14229
cfar:CI104_08110	ko:K14229
cfar:CI104_08125	ko:K03517
cfar:CI104_08130	ko:K03811
cfar:CI104_08135	ko:K16264
cfar:CI104_08145	ko:K01626
cfar:CI104_08150	ko:K02015
cfar:CI104_08155	ko:K02013
cfar:CI104_08160	ko:K01834
cfar:CI104_08170	ko:K01785
cfar:CI104_08175	ko:K00849
cfar:CI104_08180	ko:K00965
cfar:CI104_08185	ko:K01784
cfar:CI104_08190	ko:K05776
cfar:CI104_08195	ko:K02019
cfar:CI104_08200	ko:K25859
cfar:CI104_08205	ko:K02020
cfar:CI104_08210	ko:K02018
cfar:CI104_08215	ko:K02017
cfar:CI104_08220	ko:K28853
cfar:CI104_08225	ko:K07404
cfar:CI104_08230	ko:K01051
cfar:CI104_08235	ko:K01468
cfar:CI104_08240	ko:K01479
cfar:CI104_08245	ko:K05836
cfar:CI104_08250	ko:K01712
cfar:CI104_08255	ko:K01745
cfar:CI104_08265	ko:K00833
cfar:CI104_08270	ko:K01012
cfar:CI104_08275	ko:K00652
cfar:CI104_08280	ko:K02169
cfar:CI104_08285	ko:K01935
cfar:CI104_08295	ko:K03702
cfar:CI104_08305	ko:K03639
cfar:CI104_08310	ko:K03638
cfar:CI104_08315	ko:K03637
cfar:CI104_08320	ko:K03636
cfar:CI104_08325	ko:K03635
cfar:CI104_08330	ko:K06890
cfar:CI104_08335	ko:K07027
cfar:CI104_08340	ko:K06131
cfar:CI104_08355	ko:K25180
cfar:CI104_08360	ko:K25181
cfar:CI104_08365	ko:K25182
cfar:CI104_08370	ko:K25183
cfar:CI104_08375	ko:K23777
cfar:CI104_08380	ko:K11927
cfar:CI104_08400	ko:K01857
cfar:CI104_08405	ko:K03319
cfar:CI104_08410	ko:K03722
cfar:CI104_08435	ko:K13650
cfar:CI104_08440	ko:K06970
cfar:CI104_08445	ko:K22044
cfar:CI104_08450	ko:K10038
cfar:CI104_08455	ko:K10037
cfar:CI104_08460	ko:K10036
cfar:CI104_08465	ko:K04047
cfar:CI104_08470	ko:K11939
cfar:CI104_08475	ko:K11934
cfar:CI104_08495	ko:K11924
cfar:CI104_08505	ko:K18138
cfar:CI104_08515	ko:K19236
cfar:CI104_08530	ko:K08256
cfar:CI104_08535	ko:K12678
cfar:CI104_08540	ko:K07757
cfar:CI104_08550	ko:K04069
cfar:CI104_08555	ko:K08313
cfar:CI104_08560	ko:K21029
cfar:CI104_08565	ko:K03750
cfar:CI104_08570	ko:K13051
cfar:CI104_08575	ko:K13892
cfar:CI104_08580	ko:K13889
cfar:CI104_08585	ko:K13890
cfar:CI104_08590	ko:K13891
cfar:CI104_08595	ko:K14441
cfar:CI104_08600	ko:K19688
cfar:CI104_08605	ko:K21430
cfar:CI104_08615	ko:K00799
cfar:CI104_08620	ko:K07258
cfar:CI104_08625	ko:K11534
cfar:CI104_08630	ko:K19302
cfar:CI104_08635	ko:K08160
cfar:CI104_08640	ko:K20861
cfar:CI104_08650	ko:K23778
cfar:CI104_08655	ko:K11903
cfar:CI104_08670	ko:K07085
cfar:CI104_08685	ko:K03674
cfar:CI104_08695	ko:K10678
cfar:CI104_08700	ko:K05844
cfar:CI104_08710	ko:K11073
cfar:CI104_08715	ko:K11076
cfar:CI104_08720	ko:K11075
cfar:CI104_08725	ko:K11074
cfar:CI104_08735	ko:K03212
cfar:CI104_08740	ko:K09996
cfar:CI104_08745	ko:K09998
cfar:CI104_08750	ko:K09999
cfar:CI104_08755	ko:K09997
cfar:CI104_08760	ko:K10000
cfar:CI104_08775	ko:K11066
cfar:CI104_08790	ko:K01620
cfar:CI104_08795	ko:K00156
cfar:CI104_08800	ko:K15977
cfar:CI104_08805	ko:K11933
cfar:CI104_08810	ko:K05601
cfar:CI104_08815	ko:K28370
cfar:CI104_08820	ko:K06188
cfar:CI104_08825	ko:K07459
cfar:CI104_08830	ko:K09824
cfar:CI104_08835	ko:K13888
cfar:CI104_08840	ko:K05685
cfar:CI104_08845	ko:K03704
cfar:CI104_08850	ko:K06891
cfar:CI104_08855	ko:K03694
cfar:CI104_08870	ko:K14233
cfar:CI104_08880	ko:K02518
cfar:CI104_08890	ko:K00684
cfar:CI104_08895	ko:K16012
cfar:CI104_08900	ko:K16013
cfar:CI104_08905	ko:K00384
cfar:CI104_08915	ko:K03719
cfar:CI104_08920	ko:K03466
cfar:CI104_08925	ko:K03634
cfar:CI104_08930	ko:K07478
cfar:CI104_08935	ko:K01875
cfar:CI104_08940	ko:K07306
cfar:CI104_08945	ko:K07307
cfar:CI104_08950	ko:K07308
cfar:CI104_08965	ko:K08219
cfar:CI104_08970	ko:K02821
cfar:CI104_08975	ko:K00615
cfar:CI104_08980	ko:K00615
cfar:CI104_08985	ko:K03475
cfar:CI104_08990	ko:K02822
cfar:CI104_09000	ko:K04069
cfar:CI104_09005	ko:K00656
cfar:CI104_09010	ko:K06212
cfar:CI104_09015	ko:K09136
cfar:CI104_09025	ko:K00831
cfar:CI104_09030	ko:K00800
cfar:CI104_09040	ko:K00945
cfar:CI104_09045	ko:K02945
cfar:CI104_09050	ko:K05788
cfar:CI104_09055	ko:K02238
cfar:CI104_09060	ko:K11085
cfar:CI104_09065	ko:K00912
cfar:CI104_09070	ko:K09927
cfar:CI104_09075	ko:K09791
cfar:CI104_09080	ko:K00979
cfar:CI104_09105	ko:K03633
cfar:CI104_09110	ko:K03804
cfar:CI104_09115	ko:K03632
cfar:CI104_09120	ko:K21470
cfar:CI104_09130	ko:K01069
cfar:CI104_09135	ko:K00813
cfar:CI104_09150	ko:K01893
cfar:CI104_09155	ko:K00763
cfar:CI104_09160	ko:K01256
cfar:CI104_09165	ko:K15555
cfar:CI104_09170	ko:K15554
cfar:CI104_09175	ko:K04091
cfar:CI104_09180	ko:K15553
cfar:CI104_09185	ko:K00299
cfar:CI104_09190	ko:K00254
cfar:CI104_09195	ko:K18657
cfar:CI104_09200	ko:K07140
cfar:CI104_09205	ko:K12297
cfar:CI104_09210	ko:K15738
cfar:CI104_09215	ko:K03808
cfar:CI104_09220	ko:K06192
cfar:CI104_09225	ko:K09857
cfar:CI104_09230	ko:K03812
cfar:CI104_09235	ko:K01716
cfar:CI104_09240	ko:K04770
cfar:CI104_09245	ko:K09911
cfar:CI104_09250	ko:K03286
cfar:CI104_09255	ko:K13053
cfar:CI104_09260	ko:K07343
cfar:CI104_09275	ko:K03658
cfar:CI104_09280	ko:K01734
cfar:CI104_09285	ko:K09909
cfar:CI104_09290	ko:K06929
cfar:CI104_09295	ko:K11940
cfar:CI104_09300	ko:K06969
cfar:CI104_09305	ko:K01512
cfar:CI104_09310	ko:K11179
cfar:CI104_09315	ko:K19416
cfar:CI104_09320	ko:K14233
cfar:CI104_09335	ko:K10906
cfar:CI104_09340	ko:K13643
cfar:CI104_09400	ko:K06223
cfar:CI104_09420	ko:K12149
cfar:CI104_09460	ko:K03791
cfar:CI104_09630	ko:K03503
cfar:CI104_09645	ko:K12678
cfar:CI104_09665	ko:K11901
cfar:CI104_09670	ko:K11900
cfar:CI104_09675	ko:K11893
cfar:CI104_09680	ko:K11892
cfar:CI104_09690	ko:K11903
cfar:CI104_09695	ko:K11907
cfar:CI104_09700	ko:K11904
cfar:CI104_09755	ko:K11891
cfar:CI104_09760	ko:K11910
cfar:CI104_09765	ko:K11896
cfar:CI104_09770	ko:K11895
cfar:CI104_09775	ko:K11906
cfar:CI104_09780	ko:K11905
cfar:CI104_09785	ko:K11911
cfar:CI104_09800	ko:K03299
cfar:CI104_09805	ko:K22396
cfar:CI104_09810	ko:K22397
cfar:CI104_09825	ko:K19055
cfar:CI104_09835	ko:K01696
cfar:CI104_09840	ko:K01695
cfar:CI104_09845	ko:K09982
cfar:CI104_09865	ko:K01624
cfar:CI104_09870	ko:K02770
cfar:CI104_09875	ko:K02768
cfar:CI104_09890	ko:K16077
cfar:CI104_09895	ko:K03534
cfar:CI104_09900	ko:K22397
cfar:CI104_09905	ko:K00048
cfar:CI104_09930	ko:K13953
cfar:CI104_09935	ko:K02057
cfar:CI104_09940	ko:K00852
cfar:CI104_09945	ko:K01619
cfar:CI104_09950	ko:K28560
cfar:CI104_09955	ko:K00666
cfar:CI104_09960	ko:K28561
cfar:CI104_09965	ko:K02078
cfar:CI104_09970	ko:K00654
cfar:CI104_09975	ko:K11720
cfar:CI104_09980	ko:K07091
cfar:CI104_09985	ko:K07109
cfar:CI104_10020	ko:K13641
cfar:CI104_10025	ko:K01625
cfar:CI104_10030	ko:K08194
cfar:CI104_10035	ko:K00883
cfar:CI104_10040	ko:K00883
cfar:CI104_10060	ko:K18997
cfar:CI104_10065	ko:K05516
cfar:CI104_10075	ko:K08344
cfar:CI104_10090	ko:K00348
cfar:CI104_10095	ko:K07243
cfar:CI104_10100	ko:K07230
cfar:CI104_10110	ko:K02004
cfar:CI104_10115	ko:K02004
cfar:CI104_10120	ko:K02003
cfar:CI104_10135	ko:K07090
cfar:CI104_10145	ko:K01085
cfar:CI104_10155	ko:K03809
cfar:CI104_10160	ko:K06884
cfar:CI104_10165	ko:K09017
cfar:CI104_10175	ko:K13821
cfar:CI104_10185	ko:K11928
cfar:CI104_10190	ko:K07243
cfar:CI104_10195	ko:K07224
cfar:CI104_10200	ko:K16301
cfar:CI104_10205	ko:K06217
cfar:CI104_10210	ko:K14233
cfar:CI104_10215	ko:K12972
cfar:CI104_10220	ko:K04477
cfar:CI104_10235	ko:K06214
cfar:CI104_10240	ko:K04338
cfar:CI104_10245	ko:K04337
cfar:CI104_10250	ko:K04333
cfar:CI104_10255	ko:K04335
cfar:CI104_10260	ko:K04334
cfar:CI104_10265	ko:K04336
cfar:CI104_10275	ko:K23518
cfar:CI104_10280	ko:K06132
cfar:CI104_10285	ko:K11941
cfar:CI104_10295	ko:K03670
cfar:CI104_10300	ko:K03669
cfar:CI104_10310	ko:K12147
cfar:CI104_10315	ko:K08161
cfar:CI104_10325	ko:K02517
cfar:CI104_10330	ko:K07146
cfar:CI104_10350	ko:K02846
cfar:CI104_10355	ko:K12148
cfar:CI104_10360	ko:K12149
cfar:CI104_10365	ko:K01465
cfar:CI104_10375	ko:K03675
cfar:CI104_10380	ko:K08162
cfar:CI104_10385	ko:K03790
cfar:CI104_10390	ko:K09915
cfar:CI104_10395	ko:K03810
cfar:CI104_10400	ko:K03980
cfar:CI104_10405	ko:K02399
cfar:CI104_10410	ko:K02398
cfar:CI104_10415	ko:K02386
cfar:CI104_10425	ko:K02387
cfar:CI104_10430	ko:K02388
cfar:CI104_10435	ko:K02389
cfar:CI104_10440	ko:K02390
cfar:CI104_10445	ko:K02391
cfar:CI104_10450	ko:K02392
cfar:CI104_10455	ko:K02393
cfar:CI104_10460	ko:K02394
cfar:CI104_10465	ko:K02395
cfar:CI104_10470	ko:K02396
cfar:CI104_10475	ko:K02397
cfar:CI104_10490	ko:K08300
cfar:CI104_10500	ko:K06179
cfar:CI104_10505	ko:K25422
cfar:CI104_10510	ko:K07040
cfar:CI104_10515	ko:K02911
cfar:CI104_10520	ko:K03621
cfar:CI104_10525	ko:K00648
cfar:CI104_10530	ko:K00645
cfar:CI104_10535	ko:K00059
cfar:CI104_10540	ko:K02078
cfar:CI104_10545	ko:K09458
cfar:CI104_10550	ko:K02619
cfar:CI104_10555	ko:K07082
cfar:CI104_10560	ko:K00943
cfar:CI104_10565	ko:K02341
cfar:CI104_10570	ko:K03424
cfar:CI104_10575	ko:K02779
cfar:CI104_10580	ko:K16088
cfar:CI104_10585	ko:K02503
cfar:CI104_10595	ko:K07337
cfar:CI104_10600	ko:K07251
cfar:CI104_10605	ko:K01207
cfar:CI104_10610	ko:K07000
cfar:CI104_10615	ko:K03885
cfar:CI104_10710	ko:K06223
cfar:CI104_10795	ko:K06907
cfar:CI104_10800	ko:K06908
cfar:CI104_10835	ko:K06905
cfar:CI104_10845	ko:K06903
cfar:CI104_10890	ko:K22041
cfar:CI104_10895	ko:K12151
cfar:CI104_10900	ko:K19236
cfar:CI104_10905	ko:K03723
cfar:CI104_10915	ko:K09808
cfar:CI104_10920	ko:K09810
cfar:CI104_10925	ko:K09808
cfar:CI104_10930	ko:K28207
cfar:CI104_10935	ko:K12410
cfar:CI104_10940	ko:K11069
cfar:CI104_10945	ko:K11070
cfar:CI104_10950	ko:K11071
cfar:CI104_10955	ko:K11072
cfar:CI104_10965	ko:K01258
cfar:CI104_10970	ko:K18850
cfar:CI104_10975	ko:K07637
cfar:CI104_10980	ko:K07660
cfar:CI104_10985	ko:K01756
cfar:CI104_10990	ko:K07153
cfar:CI104_10995	ko:K00566
cfar:CI104_11000	ko:K12152
cfar:CI104_11005	ko:K06181
cfar:CI104_11010	ko:K00031
cfar:CI104_11050	ko:K22302
cfar:CI104_11075	ko:K00558
cfar:CI104_11080	ko:K01356
cfar:CI104_11085	ko:K01160
cfar:CI104_11115	ko:K07319
cfar:CI104_11125	ko:K01185
cfar:CI104_11135	ko:K12678
cfar:CI104_11150	ko:K21512
cfar:CI104_11155	ko:K26964
cfar:CI104_11160	ko:K26963
cfar:CI104_11165	ko:K21511
cfar:CI104_11170	ko:K26962
cfar:CI104_11185	ko:K07733
cfar:CI104_11240	ko:K07733
cfar:CI104_11270	ko:K26965
cfar:CI104_11275	ko:K26966
cfar:CI104_11280	ko:K26967
cfar:CI104_11285	ko:K26968
cfar:CI104_11290	ko:K26969
cfar:CI104_11295	ko:K26970
cfar:CI104_11305	ko:K26972
cfar:CI104_11310	ko:K26973
cfar:CI104_11315	ko:K26974
cfar:CI104_11320	ko:K26975
cfar:CI104_11330	ko:K26976
cfar:CI104_11335	ko:K26977
cfar:CI104_11365	ko:K03503
cfar:CI104_11400	ko:K07347
cfar:CI104_11405	ko:K07345
cfar:CI104_11430	ko:K21972
cfar:CI104_11435	ko:K21973
cfar:CI104_11440	ko:K21974
cfar:CI104_11445	ko:K21975
cfar:CI104_11450	ko:K21976
cfar:CI104_11480	ko:K06884
cfar:CI104_11510	ko:K03704
cfar:CI104_11530	ko:K22015
cfar:CI104_11570	ko:K25494
cfar:CI104_11575	ko:K25495
cfar:CI104_11590	ko:K19055
cfar:CI104_11600	ko:K09786
cfar:CI104_11605	ko:K07180
cfar:CI104_11610	ko:K07274
cfar:CI104_11620	ko:K01792
cfar:CI104_11625	ko:K00134
cfar:CI104_11630	ko:K07305
cfar:CI104_11635	ko:K09916
cfar:CI104_11645	ko:K01183
cfar:CI104_11655	ko:K08369
cfar:CI104_11660	ko:K00008
cfar:CI104_11675	ko:K18471
cfar:CI104_11685	ko:K08369
cfar:CI104_11690	ko:K08281
cfar:CI104_11695	ko:K01424
cfar:CI104_11700	ko:K04773
cfar:CI104_11715	ko:K01008
cfar:CI104_11720	ko:K03169
cfar:CI104_11725	ko:K00262
cfar:CI104_11735	ko:K08320
cfar:CI104_11750	ko:K21028
cfar:CI104_11755	ko:K05779
cfar:CI104_11760	ko:K05778
cfar:CI104_11765	ko:K05777
cfar:CI104_11775	ko:K01142
cfar:CI104_11780	ko:K00840
cfar:CI104_11785	ko:K00673
cfar:CI104_11790	ko:K06447
cfar:CI104_11795	ko:K01484
cfar:CI104_11800	ko:K05526
cfar:CI104_11805	ko:K06006
cfar:CI104_11810	ko:K09975
cfar:CI104_11815	ko:K05984
cfar:CI104_11820	ko:K01916
cfar:CI104_11825	ko:K04064
cfar:CI104_11835	ko:K02760
cfar:CI104_11840	ko:K02761
cfar:CI104_11845	ko:K02759
cfar:CI104_11850	ko:K03490
cfar:CI104_11855	ko:K01222
cfar:CI104_11860	ko:K03478
cfar:CI104_11865	ko:K03781
cfar:CI104_11870	ko:K15722
cfar:CI104_11875	ko:K06956
cfar:CI104_11880	ko:K07038
cfar:CI104_11885	ko:K00065
cfar:CI104_11890	ko:K24204
cfar:CI104_11910	ko:K16370
cfar:CI104_11915	ko:K07283
cfar:CI104_11935	ko:K01868
cfar:CI104_11940	ko:K02520
cfar:CI104_11945	ko:K02916
cfar:CI104_11950	ko:K02887
cfar:CI104_11955	ko:K01889
cfar:CI104_11960	ko:K01890
cfar:CI104_11965	ko:K04764
cfar:CI104_11970	ko:K06073
cfar:CI104_11975	ko:K00432
cfar:CI104_11980	ko:K06074
cfar:CI104_11985	ko:K13695
cfar:CI104_11995	ko:K08997
cfar:CI104_12005	ko:K01626
cfar:CI104_12010	ko:K09773
cfar:CI104_12015	ko:K01007
cfar:CI104_12020	ko:K12507
cfar:CI104_12025	ko:K03855
cfar:CI104_12030	ko:K00313
cfar:CI104_12055	ko:K19709
cfar:CI104_12060	ko:K03785
cfar:CI104_12065	ko:K05887
cfar:CI104_12070	ko:K26745
cfar:CI104_12075	ko:K26745
cfar:CI104_12095	ko:K18518
cfar:CI104_12105	ko:K26063
cfar:CI104_12110	ko:K19222
cfar:CI104_12130	ko:K05997
cfar:CI104_12135	ko:K09014
cfar:CI104_12140	ko:K09013
cfar:CI104_12145	ko:K09015
cfar:CI104_12150	ko:K11717
cfar:CI104_12155	ko:K02426
cfar:CI104_12160	ko:K19236
cfar:CI104_12165	ko:K06078
cfar:CI104_12170	ko:K00873
cfar:CI104_12180	ko:K02071
cfar:CI104_12185	ko:K02072
cfar:CI104_12190	ko:K02073
cfar:CI104_12205	ko:K08357
cfar:CI104_12210	ko:K08359
cfar:CI104_12215	ko:K08358
cfar:CI104_12220	ko:K13040
cfar:CI104_12225	ko:K13041
cfar:CI104_12230	ko:K01675
cfar:CI104_12250	ko:K04014
cfar:CI104_12255	ko:K08354
cfar:CI104_12265	ko:K02029
cfar:CI104_12270	ko:K02029
cfar:CI104_12275	ko:K02028
cfar:CI104_12280	ko:K02030
cfar:CI104_12320	ko:K14237
cfar:CI104_12325	ko:K14237
cfar:CI104_12330	ko:K26939
cfar:CI104_12335	ko:K00793
cfar:CI104_12340	ko:K00574
cfar:CI104_12345	ko:K28371
cfar:CI104_12355	ko:K03604
cfar:CI104_12370	ko:K19577
cfar:CI104_12375	ko:K04564
cfar:CI104_12380	ko:K19303
cfar:CI104_12385	ko:K07390
cfar:CI104_12390	ko:K03724
cfar:CI104_12395	ko:K03683
cfar:CI104_12400	ko:K01759
cfar:CI104_12405	ko:K10680
cfar:CI104_12410	ko:K16137
cfar:CI104_12415	ko:K06938
cfar:CI104_12425	ko:K04565
cfar:CI104_12445	ko:K06075
cfar:CI104_12450	ko:K06077
cfar:CI104_12455	ko:K09001
cfar:CI104_12465	ko:K00275
cfar:CI104_12470	ko:K01866
cfar:CI104_12475	ko:K00868
cfar:CI104_12480	ko:K00799
cfar:CI104_12485	ko:K03305
cfar:CI104_12490	ko:K10773
cfar:CI104_12495	ko:K03613
cfar:CI104_12500	ko:K03612
cfar:CI104_12505	ko:K03614
cfar:CI104_12510	ko:K03615
cfar:CI104_12515	ko:K03616
cfar:CI104_12520	ko:K03617
cfar:CI104_12535	ko:K22718
cfar:CI104_12545	ko:K01488
cfar:CI104_12550	ko:K14155
cfar:CI104_12555	ko:K02791
cfar:CI104_12560	ko:K16136
cfar:CI104_12570	ko:K01809
cfar:CI104_12575	ko:K01676
cfar:CI104_12580	ko:K01679
cfar:CI104_12585	ko:K10748
cfar:CI104_12590	ko:K07639
cfar:CI104_12595	ko:K07661
cfar:CI104_12605	ko:K13938
cfar:CI104_12610	ko:K03758
cfar:CI104_12620	ko:K00324
cfar:CI104_12625	ko:K00325
cfar:CI104_12630	ko:K11744
cfar:CI104_12640	ko:K11743
cfar:CI104_12645	ko:K11742
cfar:CI104_12650	ko:K04775
cfar:CI104_12660	ko:K01299
cfar:CI104_12665	ko:K08224
cfar:CI104_12675	ko:K15545
cfar:CI104_12680	ko:K01935
cfar:CI104_12685	ko:K05847
cfar:CI104_12690	ko:K05846
cfar:CI104_12695	ko:K05845
cfar:CI104_12700	ko:K05846
cfar:CI104_12705	ko:K23349
cfar:CI104_12710	ko:K07312
cfar:CI104_12715	ko:K07307
cfar:CI104_12720	ko:K07310
cfar:CI104_12730	ko:K12678
cfar:CI104_12740	ko:K00657
cfar:CI104_12750	ko:K09771
cfar:CI104_12755	ko:K08322
cfar:CI104_12760	ko:K08173
cfar:CI104_12765	ko:K08323
cfar:CI104_12775	ko:K00040
cfar:CI104_12785	ko:K22293
cfar:CI104_12790	ko:K16066
cfar:CI104_12795	ko:K01284
cfar:CI104_12810	ko:K13633
cfar:CI104_12835	ko:K11959
cfar:CI104_12840	ko:K11960
cfar:CI104_12845	ko:K11961
cfar:CI104_12850	ko:K11962
cfar:CI104_12855	ko:K11963
cfar:CI104_12865	ko:K15268
cfar:CI104_12870	ko:K13630
cfar:CI104_12875	ko:K13632
cfar:CI104_12880	ko:K03712
cfar:CI104_12885	ko:K05595
cfar:CI104_12890	ko:K08159
cfar:CI104_12900	ko:K08324
cfar:CI104_12905	ko:K05874
cfar:CI104_12910	ko:K01425
cfar:CI104_12930	ko:K00041
cfar:CI104_12935	ko:K08994
cfar:CI104_12940	ko:K12678
cfar:CI104_12950	ko:K00598
cfar:CI104_12970	ko:K08323
cfar:CI104_12975	ko:K00046
cfar:CI104_12980	ko:K08194
cfar:CI104_12985	ko:K00098
cfar:CI104_13000	ko:K15773
cfar:CI104_13005	ko:K07154
cfar:CI104_13050	ko:K13069
cfar:CI104_13055	ko:K13243
cfar:CI104_13060	ko:K03406
cfar:CI104_13065	ko:K19778
cfar:CI104_13075	ko:K08641
cfar:CI104_13080	ko:K02035
cfar:CI104_13085	ko:K02033
cfar:CI104_13090	ko:K02034
cfar:CI104_13095	ko:K02031
cfar:CI104_13100	ko:K02032
cfar:CI104_13105	ko:K04063
cfar:CI104_13110	ko:K02972
cfar:CI104_13115	ko:K00027
cfar:CI104_13125	ko:K07334
cfar:CI104_13130	ko:K21498
cfar:CI104_13135	ko:K08350
cfar:CI104_13140	ko:K08349
cfar:CI104_13145	ko:K08348
cfar:CI104_13160	ko:K16076
cfar:CI104_13170	ko:K08167
cfar:CI104_13175	ko:K05783
cfar:CI104_13180	ko:K05784
cfar:CI104_13185	ko:K05550
cfar:CI104_13190	ko:K05549
cfar:CI104_13195	ko:K03381
cfar:CI104_13200	ko:K03464
cfar:CI104_13205	ko:K01856
cfar:CI104_13210	ko:K02624
cfar:CI104_13220	ko:K02575
cfar:CI104_13225	ko:K00370
cfar:CI104_13230	ko:K00371
cfar:CI104_13235	ko:K00373
cfar:CI104_13240	ko:K00374
cfar:CI104_13250	ko:K12678
cfar:CI104_13255	ko:K00675
cfar:CI104_13275	ko:K25227
cfar:CI104_13280	ko:K01821
cfar:CI104_13285	ko:K06145
cfar:CI104_13290	ko:K20023
cfar:CI104_13295	ko:K03535
cfar:CI104_13300	ko:K11208
cfar:CI104_13305	ko:K03776
cfar:CI104_13310	ko:K11738
cfar:CI104_13320	ko:K02014
cfar:CI104_13325	ko:K13654
cfar:CI104_13330	ko:K23256
cfar:CI104_13340	ko:K24217
cfar:CI104_13345	ko:K09936
cfar:CI104_13355	ko:K12368
cfar:CI104_13375	ko:K28274
cfar:CI104_13390	ko:K00137
cfar:CI104_13395	ko:K02053
cfar:CI104_13400	ko:K02054
cfar:CI104_13405	ko:K02052
cfar:CI104_13410	ko:K02055
cfar:CI104_13420	ko:K18843
cfar:CI104_13425	ko:K07339
cfar:CI104_13430	ko:K00425
cfar:CI104_13435	ko:K00426
cfar:CI104_13445	ko:K24847
cfar:CI104_13450	ko:K23779
cfar:CI104_13455	ko:K05782
cfar:CI104_13460	ko:K07506
cfar:CI104_13475	ko:K16868
cfar:CI104_13480	ko:K03304
cfar:CI104_13490	ko:K03817
cfar:CI104_13495	ko:K20609
cfar:CI104_13500	ko:K02774
cfar:CI104_13505	ko:K02775
cfar:CI104_13510	ko:K06971
cfar:CI104_13515	ko:K02773
cfar:CI104_13520	ko:K14587
cfar:CI104_13530	ko:K09794
cfar:CI104_13540	ko:K03929
cfar:CI104_13545	ko:K25986
cfar:CI104_13550	ko:K00449
cfar:CI104_13555	ko:K00448
cfar:CI104_13560	ko:K15986
cfar:CI104_13570	ko:K05876
cfar:CI104_13580	ko:K00121
cfar:CI104_13585	ko:K23239
cfar:CI104_13595	ko:K12262
cfar:CI104_13600	ko:K00134
cfar:CI104_13605	ko:K07248
cfar:CI104_13630	ko:K18139
cfar:CI104_13635	ko:K03578
cfar:CI104_13640	ko:K01118
cfar:CI104_13650	ko:K05275
cfar:CI104_13655	ko:K09978
cfar:CI104_13685	ko:K07347
cfar:CI104_13690	ko:K07345
cfar:CI104_13705	ko:K03778
cfar:CI104_13710	ko:K03668
cfar:CI104_13720	ko:K13694
cfar:CI104_13725	ko:K03737
cfar:CI104_13730	ko:K14062
cfar:CI104_13740	ko:K14061
cfar:CI104_13745	ko:K14058
cfar:CI104_13750	ko:K05591
cfar:CI104_13760	ko:K16074
cfar:CI104_13770	ko:K21023
cfar:CI104_13780	ko:K01607
cfar:CI104_13785	ko:K01055
cfar:CI104_13790	ko:K01857
cfar:CI104_13795	ko:K07823
cfar:CI104_13800	ko:K01032
cfar:CI104_13805	ko:K01031
cfar:CI104_13810	ko:K02624
cfar:CI104_13820	ko:K00567
cfar:CI104_13825	ko:K01420
cfar:CI104_13830	ko:K14055
cfar:CI104_13840	ko:K16052
cfar:CI104_13845	ko:K01759
cfar:CI104_13855	ko:K15580
cfar:CI104_13860	ko:K14054
cfar:CI104_13865	ko:K19802
cfar:CI104_13870	ko:K11065
cfar:CI104_13875	ko:K03721
cfar:CI104_13880	ko:K08990
cfar:CI104_13885	ko:K06918
cfar:CI104_13890	ko:K02016
cfar:CI104_13895	ko:K02015
cfar:CI104_13900	ko:K02013
cfar:CI104_13905	ko:K08162
cfar:CI104_13920	ko:K14053
cfar:CI104_13925	ko:K10112
cfar:CI104_13930	ko:K01838
cfar:CI104_13935	ko:K10231
cfar:CI104_13955	ko:K02026
cfar:CI104_13960	ko:K02025
cfar:CI104_13965	ko:K02027
cfar:CI104_13970	ko:K22597
cfar:CI104_13975	ko:K03971
cfar:CI104_13980	ko:K03973
cfar:CI104_13985	ko:K03970
cfar:CI104_13990	ko:K03969
cfar:CI104_13995	ko:K03974
cfar:CI104_14000	ko:K19226
cfar:CI104_14005	ko:K19227
cfar:CI104_14010	ko:K19228
cfar:CI104_14015	ko:K19229
cfar:CI104_14020	ko:K19230
cfar:CI104_14025	ko:K00208
cfar:CI104_14035	ko:K01147
cfar:CI104_14040	ko:K14051
cfar:CI104_14055	ko:K04062
cfar:CI104_14060	ko:K03113
cfar:CI104_14065	ko:K01591
cfar:CI104_14070	ko:K19804
cfar:CI104_14075	ko:K08992
cfar:CI104_14080	ko:K01096
cfar:CI104_14085	ko:K01497
cfar:CI104_14090	ko:K27802
cfar:CI104_14100	ko:K13634
cfar:CI104_14105	ko:K03168
cfar:CI104_14115	ko:K04774
cfar:CI104_14125	ko:K19221
cfar:CI104_14130	ko:K06178
cfar:CI104_14135	ko:K12678
cfar:CI104_14165	ko:K07053
cfar:CI104_14170	ko:K01657
cfar:CI104_14175	ko:K13497
cfar:CI104_14180	ko:K13498
cfar:CI104_14185	ko:K01696
cfar:CI104_14190	ko:K01695
cfar:CI104_14200	ko:K07275
cfar:CI104_14215	ko:K06190
cfar:CI104_14220	ko:K19611
cfar:CI104_14225	ko:K10806
cfar:CI104_14230	ko:K03832
cfar:CI104_14235	ko:K09780
cfar:CI104_14245	ko:K06131
cfar:CI104_14250	ko:K09901
cfar:CI104_14255	ko:K10716
cfar:CI104_14260	ko:K10823
cfar:CI104_14265	ko:K15583
cfar:CI104_14270	ko:K15582
cfar:CI104_14275	ko:K15581
cfar:CI104_14280	ko:K15580
cfar:CI104_14295	ko:K04072
cfar:CI104_14300	ko:K00857
cfar:CI104_14305	ko:K03746
cfar:CI104_14310	ko:K00963
cfar:CI104_14315	ko:K02485
cfar:CI104_14320	ko:K07001
cfar:CI104_14325	ko:K09858
cfar:CI104_14330	ko:K01433
cfar:CI104_14335	ko:K14236
cfar:CI104_14340	ko:K14236
cfar:CI104_14345	ko:K00374
cfar:CI104_14350	ko:K00373
cfar:CI104_14355	ko:K00371
cfar:CI104_14360	ko:K00370
cfar:CI104_14365	ko:K02575
cfar:CI104_14375	ko:K07673
cfar:CI104_14380	ko:K07684
cfar:CI104_14390	ko:K06039
cfar:CI104_14400	ko:K07232
cfar:CI104_14405	ko:K06197
cfar:CI104_14410	ko:K07300
cfar:CI104_14415	ko:K01627
cfar:CI104_14430	ko:K02493
cfar:CI104_14435	ko:K02835
cfar:CI104_14440	ko:K02492
cfar:CI104_14445	ko:K02494
cfar:CI104_14450	ko:K00919
cfar:CI104_14460	ko:K00948
cfar:CI104_14465	ko:K03321
cfar:CI104_14475	ko:K02016
cfar:CI104_14480	ko:K02015
cfar:CI104_14485	ko:K02013
cfar:CI104_14495	ko:K00411
cfar:CI104_14500	ko:K00412
cfar:CI104_14505	ko:K00413
cfar:CI104_14515	ko:K01056
cfar:CI104_14520	ko:K06942
cfar:CI104_14525	ko:K03406
cfar:CI104_14530	ko:K19587
cfar:CI104_14535	ko:K19585
cfar:CI104_14540	ko:K19586
cfar:CI104_14545	ko:K13632
cfar:CI104_14550	ko:K03710
cfar:CI104_14555	ko:K01619
cfar:CI104_14570	ko:K05880
cfar:CI104_14575	ko:K05878
cfar:CI104_14580	ko:K05879
cfar:CI104_14585	ko:K05881
cfar:CI104_14590	ko:K01194
cfar:CI104_14595	ko:K02014
cfar:CI104_14605	ko:K21087
cfar:CI104_14610	ko:K08308
cfar:CI104_14615	ko:K01297
cfar:CI104_14620	ko:K11105
cfar:CI104_14625	ko:K01775
cfar:CI104_14630	ko:K00285
cfar:CI104_14635	ko:K06415
cfar:CI104_14640	ko:K03603
cfar:CI104_14645	ko:K03314
cfar:CI104_14650	ko:K03611
cfar:CI104_14655	ko:K09160
cfar:CI104_14660	ko:K29029
cfar:CI104_14665	ko:K09902
cfar:CI104_14670	ko:K03610
cfar:CI104_14675	ko:K03609
cfar:CI104_14680	ko:K03608
cfar:CI104_14695	ko:K14061
cfar:CI104_14700	ko:K17850
cfar:CI104_14705	ko:K17836
cfar:CI104_14715	ko:K21528
cfar:CI104_14950	ko:K07497
cfar:CI104_14955	ko:K07724
cfar:CI104_14965	ko:K28156
cfar:CI104_14975	ko:K22589
cfar:CI104_14980	ko:K09022
cfar:CI104_14985	ko:K06897
cfar:CI104_14990	ko:K03502
cfar:CI104_15000	ko:K01808
cfar:CI104_15005	ko:K00042
cfar:CI104_15010	ko:K02029
cfar:CI104_15015	ko:K02029
cfar:CI104_15020	ko:K02028
cfar:CI104_15025	ko:K02030
cfar:CI104_15030	ko:K03503
cfar:CI104_15045	ko:K11250
cfar:CI104_15050	ko:K16135
cfar:CI104_15055	ko:K07246
cfar:CI104_15060	ko:K03684
cfar:CI104_15065	ko:K01897
cfar:CI104_15070	ko:K07285
cfar:CI104_15075	ko:K14742
cfar:CI104_15080	ko:K03722
cfar:CI104_15090	ko:K09917
cfar:CI104_15095	ko:K01665
cfar:CI104_15105	ko:K01752
cfar:CI104_15110	ko:K21090
cfar:CI104_15125	ko:K02794
cfar:CI104_15130	ko:K02795
cfar:CI104_15135	ko:K02796
cfar:CI104_15150	ko:K23242
cfar:CI104_15155	ko:K00563
cfar:CI104_15160	ko:K03587
cfar:CI104_15165	ko:K03704
cfar:CI104_15195	ko:K19333
cfar:CI104_15200	ko:K08169
cfar:CI104_15205	ko:K03799
cfar:CI104_15210	ko:K03797
cfar:CI104_15215	ko:K03607
cfar:CI104_15220	ko:K08968
cfar:CI104_15225	ko:K03808
cfar:CI104_15230	ko:K06192
cfar:CI104_15235	ko:K11392
cfar:CI104_15250	ko:K07313
cfar:CI104_15260	ko:K07245
cfar:CI104_15265	ko:K07156
cfar:CI104_15270	ko:K02345
cfar:CI104_15280	ko:K10857
cfar:CI104_15285	ko:K01354
cfar:CI104_15300	ko:K09918
cfar:CI104_15305	ko:K08289
cfar:CI104_15310	ko:K01625
cfar:CI104_15315	ko:K01690
cfar:CI104_15320	ko:K00036
cfar:CI104_15325	ko:K19337
cfar:CI104_15330	ko:K00873
cfar:CI104_15335	ko:K02560
cfar:CI104_15340	ko:K19304
cfar:CI104_15345	ko:K09815
cfar:CI104_15350	ko:K09817
cfar:CI104_15355	ko:K09816
cfar:CI104_15360	ko:K03551
cfar:CI104_15365	ko:K03550
cfar:CI104_15370	ko:K01159
cfar:CI104_15380	ko:K08310
cfar:CI104_15385	ko:K01876
cfar:CI104_15400	ko:K07136
cfar:CI104_15405	ko:K15256
cfar:CI104_15410	ko:K15257
cfar:CI104_15415	ko:K06201
cfar:CI104_15420	ko:K09907
cfar:CI104_15425	ko:K01887
cfar:CI104_15430	ko:K15532
cfar:CI104_15435	ko:K16210
cfar:CI104_15440	ko:K03516
cfar:CI104_15445	ko:K02400
cfar:CI104_15450	ko:K02401
cfar:CI104_15455	ko:K07345
cfar:CI104_15460	ko:K07346
cfar:CI104_15465	ko:K07347
cfar:CI104_15475	ko:K03414
cfar:CI104_15480	ko:K03413
cfar:CI104_15485	ko:K03412
cfar:CI104_15490	ko:K00575
cfar:CI104_15495	ko:K05877
cfar:CI104_15500	ko:K05875
cfar:CI104_15505	ko:K27078
cfar:CI104_15510	ko:K07347
cfar:CI104_15515	ko:K07346
cfar:CI104_15520	ko:K27078
cfar:CI104_15525	ko:K27078
cfar:CI104_15535	ko:K03408
cfar:CI104_15545	ko:K02557
cfar:CI104_15550	ko:K02556
cfar:CI104_15555	ko:K02402
cfar:CI104_15560	ko:K02403
cfar:CI104_15565	ko:K14064
cfar:CI104_15570	ko:K00697
cfar:CI104_15575	ko:K01087
cfar:CI104_15580	ko:K10538
cfar:CI104_15585	ko:K10539
cfar:CI104_15590	ko:K10537
cfar:CI104_15605	ko:K02255
cfar:CI104_15635	ko:K02217
cfar:CI104_15645	ko:K03834
cfar:CI104_15650	ko:K07039
cfar:CI104_15670	ko:K09022
cfar:CI104_15680	ko:K12678
cfar:CI104_15700	ko:K07274
cfar:CI104_15730	ko:K14228
cfar:CI104_15735	ko:K14222
cfar:CI104_15740	ko:K14225
cfar:CI104_15745	ko:K00995
cfar:CI104_15750	ko:K03703
cfar:CI104_15755	ko:K07689
cfar:CI104_15765	ko:K07782
cfar:CI104_15770	ko:K10010
cfar:CI104_15775	ko:K10009
cfar:CI104_15780	ko:K05396
cfar:CI104_15785	ko:K02424
cfar:CI104_15790	ko:K02425
cfar:CI104_15795	ko:K02405
cfar:CI104_15800	ko:K02406
cfar:CI104_15805	ko:K02407
cfar:CI104_15810	ko:K02422
cfar:CI104_15815	ko:K02423
cfar:CI104_15820	ko:K01176
cfar:CI104_15830	ko:K07112
cfar:CI104_15840	ko:K02408
cfar:CI104_15845	ko:K02409
cfar:CI104_15850	ko:K02410
cfar:CI104_15855	ko:K02411
cfar:CI104_15860	ko:K02412
cfar:CI104_15865	ko:K02413
cfar:CI104_15870	ko:K02414
cfar:CI104_15875	ko:K02415
cfar:CI104_15880	ko:K02416
cfar:CI104_15885	ko:K02417
cfar:CI104_15890	ko:K02418
cfar:CI104_15895	ko:K02419
cfar:CI104_15900	ko:K02420
cfar:CI104_15905	ko:K02421
cfar:CI104_15910	ko:K07781
cfar:CI104_15925	ko:K07026
cfar:CI104_15930	ko:K21085
cfar:CI104_15940	ko:K09781
cfar:CI104_15950	ko:K07458
cfar:CI104_15955	ko:K00558
cfar:CI104_15960	ko:K06950
cfar:CI104_15970	ko:K14062
cfar:CI104_15980	ko:K14233
cfar:CI104_15985	ko:K09933
cfar:CI104_15990	ko:K14220
cfar:CI104_15995	ko:K13635
cfar:CI104_16000	ko:K19338
cfar:CI104_16005	ko:K14220
cfar:CI104_16010	ko:K08172
cfar:CI104_16015	ko:K01241
cfar:CI104_16020	ko:K03657
cfar:CI104_16045	ko:K18842
cfar:CI104_16050	ko:K18841
cfar:CI104_16055	ko:K14220
cfar:CI104_16060	ko:K26937
cfar:CI104_16065	ko:K14220
cfar:CI104_16070	ko:K19236
cfar:CI104_16075	ko:K00768
cfar:CI104_16080	ko:K02233
cfar:CI104_16085	ko:K02231
cfar:CI104_16090	ko:K02232
cfar:CI104_16095	ko:K02006
cfar:CI104_16100	ko:K02008
cfar:CI104_16105	ko:K02009
cfar:CI104_16110	ko:K02007
cfar:CI104_16115	ko:K03394
cfar:CI104_16120	ko:K02190
cfar:CI104_16125	ko:K05895
cfar:CI104_16130	ko:K05934
cfar:CI104_16135	ko:K02189
cfar:CI104_16140	ko:K05936
cfar:CI104_16145	ko:K02191
cfar:CI104_16150	ko:K03399
cfar:CI104_16155	ko:K02188
cfar:CI104_16160	ko:K06042
cfar:CI104_16165	ko:K02227
cfar:CI104_16170	ko:K02224
cfar:CI104_16175	ko:K27259
cfar:CI104_16180	ko:K27261
cfar:CI104_16185	ko:K27260
cfar:CI104_16190	ko:K27263
cfar:CI104_16195	ko:K01699
cfar:CI104_16200	ko:K13919
cfar:CI104_16205	ko:K13920
cfar:CI104_16210	ko:K27264
cfar:CI104_16215	ko:K27265
cfar:CI104_16220	ko:K27266
cfar:CI104_16225	ko:K27267
cfar:CI104_16230	ko:K13923
cfar:CI104_16235	ko:K27268
cfar:CI104_16240	ko:K27269
cfar:CI104_16245	ko:K27270
cfar:CI104_16250	ko:K13922
cfar:CI104_16255	ko:K13921
cfar:CI104_16260	ko:K27271
cfar:CI104_16265	ko:K27272
cfar:CI104_16270	ko:K04031
cfar:CI104_16275	ko:K04029
cfar:CI104_16280	ko:K19697
cfar:CI104_16285	ko:K16651
cfar:CI104_16290	ko:K09802
cfar:CI104_16300	ko:K07470
cfar:CI104_16305	ko:K07258
cfar:CI104_16310	ko:K01141
cfar:CI104_16320	ko:K07112
cfar:CI104_16345	ko:K00765
cfar:CI104_16350	ko:K00013
cfar:CI104_16355	ko:K00817
cfar:CI104_16360	ko:K01089
cfar:CI104_16365	ko:K02501
cfar:CI104_16370	ko:K01814
cfar:CI104_16375	ko:K02500
cfar:CI104_16380	ko:K11755
cfar:CI104_16385	ko:K05789
cfar:CI104_16390	ko:K00012
cfar:CI104_16395	ko:K00033
cfar:CI104_16400	ko:K24300
cfar:CI104_16410	ko:K07025
cfar:CI104_16415	ko:K01955
cfar:CI104_16430	ko:K24258
cfar:CI104_16435	ko:K19068
cfar:CI104_16440	ko:K15894
cfar:CI104_16460	ko:K00963
cfar:CI104_16465	ko:K16711
cfar:CI104_16470	ko:K16703
cfar:CI104_16475	ko:K16710
cfar:CI104_16480	ko:K16695
cfar:CI104_16485	ko:K03606
cfar:CI104_16490	ko:K01840
cfar:CI104_16495	ko:K00971
cfar:CI104_16500	ko:K03208
cfar:CI104_16505	ko:K03207
cfar:CI104_16510	ko:K02377
cfar:CI104_16515	ko:K01711
cfar:CI104_16520	ko:K03818
cfar:CI104_16525	ko:K13683
cfar:CI104_16530	ko:K13620
cfar:CI104_16535	ko:K13684
cfar:CI104_16540	ko:K03819
cfar:CI104_16545	ko:K25875
cfar:CI104_16550	ko:K16692
cfar:CI104_16555	ko:K25307
cfar:CI104_16560	ko:K01991
cfar:CI104_16575	ko:K07289
cfar:CI104_16580	ko:K01494
cfar:CI104_16585	ko:K00876
cfar:CI104_16590	ko:K21084
cfar:CI104_16595	ko:K01247
cfar:CI104_16600	ko:K04046
cfar:CI104_16605	ko:K07799
cfar:CI104_16610	ko:K07788
cfar:CI104_16615	ko:K07789
cfar:CI104_16620	ko:K18326
cfar:CI104_16625	ko:K07642
cfar:CI104_16630	ko:K07664
cfar:CI104_16635	ko:K08303
cfar:CI104_16645	ko:K11645
cfar:CI104_16675	ko:K00941
cfar:CI104_16680	ko:K00878
cfar:CI104_16685	ko:K19233
cfar:CI104_16695	ko:K23243
cfar:CI104_16700	ko:K03593
cfar:CI104_16705	ko:K01874
cfar:CI104_16720	ko:K27883
cfar:CI104_16725	ko:K27882
cfar:CI104_16730	ko:K21089
cfar:CI104_16740	ko:K05846
cfar:CI104_16745	ko:K05847
cfar:CI104_16750	ko:K05846
cfar:CI104_16755	ko:K05845
cfar:CI104_16760	ko:K05349
cfar:CI104_16765	ko:K03777
cfar:CI104_16775	ko:K07262
cfar:CI104_16800	ko:K05541
cfar:CI104_16805	ko:K22270
cfar:CI104_16810	ko:K01800
cfar:CI104_16815	ko:K16165
cfar:CI104_16820	ko:K00450
cfar:CI104_16825	ko:K08195
cfar:CI104_16835	ko:K06518
cfar:CI104_16845	ko:K01489
cfar:CI104_16850	ko:K03748
cfar:CI104_16860	ko:K10541
cfar:CI104_16865	ko:K10542
cfar:CI104_16870	ko:K10540
cfar:CI104_16875	ko:K02529
cfar:CI104_16885	ko:K07148
cfar:CI104_16890	ko:K01495
cfar:CI104_16900	ko:K01070
cfar:CI104_16905	ko:K16089
cfar:CI104_16910	ko:K11733
cfar:CI104_16930	ko:K01151
cfar:CI104_16940	ko:K16324
cfar:CI104_16945	ko:K16329
cfar:CI104_16950	ko:K16328
cfar:CI104_16955	ko:K02770
cfar:CI104_16960	ko:K00882
cfar:CI104_16965	ko:K11183
cfar:CI104_16970	ko:K03291
cfar:CI104_16975	ko:K06940
cfar:CI104_16980	ko:K02356
cfar:CI104_16985	ko:K01686
cfar:CI104_17000	ko:K19803
cfar:CI104_17010	ko:K13694
cfar:CI104_17015	ko:K26148
cfar:CI104_17020	ko:K13893
cfar:CI104_17025	ko:K13894
cfar:CI104_17030	ko:K13895
cfar:CI104_17035	ko:K13896
cfar:CI104_17050	ko:K07552
cfar:CI104_17055	ko:K06183
cfar:CI104_17060	ko:K19789
cfar:CI104_17065	ko:K02897
cfar:CI104_17070	ko:K06899
cfar:CI104_17075	ko:K09904
cfar:CI104_17080	ko:K07014
cfar:CI104_17085	ko:K14232
cfar:CI104_17095	ko:K20534
cfar:CI104_17105	ko:K07685
cfar:CI104_17110	ko:K02200
cfar:CI104_17115	ko:K02199
cfar:CI104_17120	ko:K02198
cfar:CI104_17125	ko:K02197
cfar:CI104_17130	ko:K02196
cfar:CI104_17135	ko:K02195
cfar:CI104_17140	ko:K02194
cfar:CI104_17145	ko:K02193
cfar:CI104_17150	ko:K02569
cfar:CI104_17155	ko:K02568
cfar:CI104_17160	ko:K02574
cfar:CI104_17165	ko:K02573
cfar:CI104_17170	ko:K02567
cfar:CI104_17175	ko:K02570
cfar:CI104_17180	ko:K02572
cfar:CI104_17185	ko:K08276
cfar:CI104_17190	ko:K00116
cfar:CI104_17195	ko:K03321
cfar:CI104_17200	ko:K06213
cfar:CI104_17205	ko:K06159
cfar:CI104_17210	ko:K03919
cfar:CI104_17215	ko:K10778
cfar:CI104_17220	ko:K03734
cfar:CI104_17225	ko:K09475
cfar:CI104_17230	ko:K07676
cfar:CI104_17235	ko:K07687
cfar:CI104_17240	ko:K07677
cfar:CI104_17245	ko:K07710
cfar:CI104_17250	ko:K07714
cfar:CI104_17255	ko:K01034
cfar:CI104_17260	ko:K01035
cfar:CI104_17265	ko:K02106
cfar:CI104_17270	ko:K00626
cfar:CI104_17285	ko:K02782
cfar:CI104_17290	ko:K02781
cfar:CI104_17295	ko:K02783
cfar:CI104_17300	ko:K02469
cfar:CI104_17305	ko:K00568
cfar:CI104_17310	ko:K00525
cfar:CI104_17315	ko:K00526
cfar:CI104_17320	ko:K11107
cfar:CI104_17330	ko:K01126
cfar:CI104_17335	ko:K02445
cfar:CI104_17340	ko:K00111
cfar:CI104_17345	ko:K00112
cfar:CI104_17350	ko:K00113
cfar:CI104_17355	ko:K24090
cfar:CI104_17360	ko:K12660
cfar:CI104_17365	ko:K26580
cfar:CI104_17370	ko:K12661
cfar:CI104_17390	ko:K12944
cfar:CI104_17400	ko:K07806
cfar:CI104_17405	ko:K10012
cfar:CI104_17410	ko:K10011
cfar:CI104_17415	ko:K13014
cfar:CI104_17420	ko:K07264
cfar:CI104_17425	ko:K12962
cfar:CI104_17430	ko:K12963
cfar:CI104_17435	ko:K19238
cfar:CI104_17440	ko:K01911
cfar:CI104_17445	ko:K02549
cfar:CI104_17450	ko:K01661
cfar:CI104_17455	ko:K08680
cfar:CI104_17460	ko:K02551
cfar:CI104_17465	ko:K02552
cfar:CI104_17470	ko:K05594
cfar:CI104_17475	ko:K02348
cfar:CI104_17480	ko:K00784
cfar:CI104_17485	ko:K03415
cfar:CI104_17490	ko:K00343
cfar:CI104_17495	ko:K00342
cfar:CI104_17500	ko:K00341
cfar:CI104_17505	ko:K00340
cfar:CI104_17510	ko:K00339
cfar:CI104_17515	ko:K00338
cfar:CI104_17520	ko:K00337
cfar:CI104_17525	ko:K00336
cfar:CI104_17530	ko:K00335
cfar:CI104_17535	ko:K00334
cfar:CI104_17540	ko:K13378
cfar:CI104_17545	ko:K00331
cfar:CI104_17550	ko:K00330
cfar:CI104_17560	ko:K14260
cfar:CI104_17565	ko:K08722
cfar:CI104_17575	ko:K19270
cfar:CI104_17580	ko:K09161
cfar:CI104_17585	ko:K09899
cfar:CI104_17590	ko:K00925
cfar:CI104_17595	ko:K13788
cfar:CI104_17605	ko:K00615
cfar:CI104_17610	ko:K00615
cfar:CI104_17615	ko:K03475
cfar:CI104_17620	ko:K02822
cfar:CI104_17625	ko:K02821
cfar:CI104_17640	ko:K07095
cfar:CI104_17645	ko:K00799
cfar:CI104_17650	ko:K11209
cfar:CI104_17655	ko:K07589
cfar:CI104_17660	ko:K07071
cfar:CI104_17670	ko:K10017
cfar:CI104_17675	ko:K10015
cfar:CI104_17680	ko:K10016
cfar:CI104_17685	ko:K10014
cfar:CI104_17690	ko:K10013
cfar:CI104_17700	ko:K03186
cfar:CI104_17705	ko:K00764
cfar:CI104_17710	ko:K03558
cfar:CI104_17715	ko:K03749
cfar:CI104_17720	ko:K11754
cfar:CI104_17725	ko:K01963
cfar:CI104_17730	ko:K03975
cfar:CI104_17735	ko:K06173
cfar:CI104_17745	ko:K03473
cfar:CI104_17765	ko:K07724
cfar:CI104_17780	ko:K00647
cfar:CI104_17785	ko:K15461
cfar:CI104_17795	ko:K09906
cfar:CI104_17800	ko:K07090
cfar:CI104_17805	ko:K07261
cfar:CI104_17810	ko:K01736
cfar:CI104_17815	ko:K07320
cfar:CI104_17825	ko:K08296
cfar:CI104_17830	ko:K01782
cfar:CI104_17835	ko:K00632
cfar:CI104_17845	ko:K06076
cfar:CI104_17850	ko:K04754
cfar:CI104_17855	ko:K21990
cfar:CI104_17860	ko:K14219
cfar:CI104_17890	ko:K09946
cfar:CI104_17895	ko:K02028
cfar:CI104_17900	ko:K02029
cfar:CI104_17905	ko:K02030
cfar:CI104_17910	ko:K11921
cfar:CI104_17915	ko:K01673
cfar:CI104_17920	ko:K01725
cfar:CI104_17925	ko:K01487
cfar:CI104_17930	ko:K03449
cfar:CI104_17940	ko:K12974
cfar:CI104_17945	ko:K14261
cfar:CI104_17950	ko:K27884
cfar:CI104_17955	ko:K27885
cfar:CI104_17965	ko:K06177
cfar:CI104_17970	ko:K09912
cfar:CI104_17975	ko:K00845
cfar:CI104_17985	ko:K03281
cfar:CI104_17990	ko:K04103
cfar:CI104_17995	ko:K19265
cfar:CI104_18005	ko:K03322
cfar:CI104_18010	ko:K11535
cfar:CI104_18015	ko:K26149
cfar:CI104_18020	ko:K14218
cfar:CI104_18025	ko:K14218
cfar:CI104_18040	ko:K01885
cfar:CI104_18045	ko:K14237
cfar:CI104_18050	ko:K14237
cfar:CI104_18055	ko:K14237
cfar:CI104_18060	ko:K14229
cfar:CI104_18075	ko:K11537
cfar:CI104_18080	ko:K03783
cfar:CI104_18095	ko:K14347
cfar:CI104_18100	ko:K09954
cfar:CI104_18105	ko:K01972
cfar:CI104_18110	ko:K03528
cfar:CI104_18115	ko:K06203
cfar:CI104_18120	ko:K01738
cfar:CI104_18130	ko:K02784
cfar:CI104_18135	ko:K08483
cfar:CI104_18140	ko:K02777
cfar:CI104_18150	ko:K00868
cfar:CI104_18160	ko:K01951
cfar:CI104_18165	ko:K12339
cfar:CI104_18170	ko:K02045
cfar:CI104_18175	ko:K02047
cfar:CI104_18180	ko:K02046
cfar:CI104_18185	ko:K02048
cfar:CI104_18195	ko:K07223
cfar:CI104_18215	ko:K01448
cfar:CI104_18220	ko:K00228
cfar:CI104_18225	ko:K04033
cfar:CI104_18230	ko:K04025
cfar:CI104_18235	ko:K04026
cfar:CI104_18240	ko:K03736
cfar:CI104_18245	ko:K03735
cfar:CI104_18250	ko:K04019
cfar:CI104_18255	ko:K04023
cfar:CI104_18260	ko:K04022
cfar:CI104_18265	ko:K04024
cfar:CI104_18270	ko:K04021
cfar:CI104_18275	ko:K04028
cfar:CI104_18280	ko:K04027
cfar:CI104_18285	ko:K04020
cfar:CI104_18290	ko:K04032
cfar:CI104_18295	ko:K04030
cfar:CI104_18300	ko:K04029
cfar:CI104_18305	ko:K04031
cfar:CI104_18315	ko:K00029
cfar:CI104_18325	ko:K00616
cfar:CI104_18330	ko:K00615
cfar:CI104_18340	ko:K12945
cfar:CI104_18350	ko:K07674
cfar:CI104_18355	ko:K18324
cfar:CI104_18365	ko:K01439
cfar:CI104_18375	ko:K06999
cfar:CI104_18380	ko:K06957
cfar:CI104_18385	ko:K07054
cfar:CI104_18390	ko:K01923
cfar:CI104_18395	ko:K07287
cfar:CI104_18400	ko:K01714
cfar:CI104_18405	ko:K03567
cfar:CI104_18410	ko:K03564
cfar:CI104_18415	ko:K03548
cfar:CI104_18420	ko:K01423
cfar:CI104_18425	ko:K00537
cfar:CI104_18435	ko:K02761
cfar:CI104_18440	ko:K01444
cfar:CI104_18445	ko:K01255
cfar:CI104_18450	ko:K10763
cfar:CI104_18455	ko:K02824
cfar:CI104_18460	ko:K00761
cfar:CI104_18465	ko:K01223
cfar:CI104_18470	ko:K01933
cfar:CI104_18475	ko:K11175
cfar:CI104_18480	ko:K00937
cfar:CI104_18485	ko:K01524
cfar:CI104_18490	ko:K26149
cfar:CI104_18500	ko:K01951
cfar:CI104_18505	ko:K00088
cfar:CI104_18510	ko:K03601
cfar:CI104_18525	ko:K03977
cfar:CI104_18530	ko:K17713
cfar:CI104_18540	ko:K01892
cfar:CI104_18545	ko:K03526
cfar:CI104_18550	ko:K15539
cfar:CI104_18555	ko:K06941
cfar:CI104_18560	ko:K00940
cfar:CI104_18565	ko:K05367
cfar:CI104_18570	ko:K06894
cfar:CI104_18575	ko:K01011
cfar:CI104_18585	ko:K07751
cfar:CI104_18595	ko:K04755
cfar:CI104_18600	ko:K04044
cfar:CI104_18605	ko:K04082
cfar:CI104_18610	ko:K13628
cfar:CI104_18615	ko:K04488
cfar:CI104_18620	ko:K04487
cfar:CI104_18625	ko:K13643
cfar:CI104_18630	ko:K15396
cfar:CI104_18635	ko:K01092
cfar:CI104_18640	ko:K08970
cfar:CI104_18650	ko:K02058
cfar:CI104_18655	ko:K02056
cfar:CI104_18660	ko:K02057
cfar:CI104_18665	ko:K02057
cfar:CI104_18670	ko:K00875
cfar:CI104_18685	ko:K05820
cfar:CI104_18690	ko:K01785
cfar:CI104_18710	ko:K15977
cfar:CI104_18715	ko:K00600
cfar:CI104_18725	ko:K05916
cfar:CI104_18730	ko:K04751
cfar:CI104_18735	ko:K07715
cfar:CI104_18745	ko:K07711
cfar:CI104_18750	ko:K01952
cfar:CI104_18760	ko:K18691
cfar:CI104_18765	ko:K11991
cfar:CI104_18770	ko:K18697
cfar:CI104_18775	ko:K02810
cfar:CI104_18780	ko:K07106
cfar:CI104_18795	ko:K00997
cfar:CI104_18800	ko:K03474
cfar:CI104_18805	ko:K03584
cfar:CI104_18810	ko:K03595
cfar:CI104_18815	ko:K03685
cfar:CI104_18825	ko:K03100
cfar:CI104_18830	ko:K03596
cfar:CI104_18835	ko:K03803
cfar:CI104_18840	ko:K03598
cfar:CI104_18845	ko:K03597
cfar:CI104_18850	ko:K03088
cfar:CI104_18855	ko:K00278
cfar:CI104_18860	ko:K15460
cfar:CI104_18865	ko:K05590
cfar:CI104_18870	ko:K06866
cfar:CI104_18875	ko:K03648
cfar:CI104_18880	ko:K03214
cfar:CI104_18890	ko:K03672
cfar:CI104_18895	ko:K05812
cfar:CI104_18900	ko:K09181
cfar:CI104_18905	ko:K00998
cfar:CI104_18910	ko:K05811
cfar:CI104_18915	ko:K03761
cfar:CI104_18920	ko:K01985
cfar:CI104_18925	ko:K01980
cfar:CI104_18930	ko:K14224
cfar:CI104_18935	ko:K01977
cfar:CI104_18940	ko:K03695
cfar:CI104_18945	ko:K05810
cfar:CI104_18950	ko:K06180
cfar:CI104_18960	ko:K05807
cfar:CI104_18965	ko:K05809
cfar:CI104_18970	ko:K14170
cfar:CI104_18975	ko:K14187
cfar:CI104_18980	ko:K01626
cfar:CI104_18995	ko:K21021
cfar:CI104_19015	ko:K02884
cfar:CI104_19020	ko:K00554
cfar:CI104_19025	ko:K02860
cfar:CI104_19030	ko:K02959
cfar:CI104_19035	ko:K03106
cfar:CI104_19045	ko:K03699
cfar:CI104_19050	ko:K03687
cfar:CI104_19060	ko:K00858
cfar:CI104_19065	ko:K03631
cfar:CI104_19070	ko:K06186
cfar:CI104_19075	ko:K09801
cfar:CI104_19085	ko:K03664
cfar:CI104_19100	ko:K18320
cfar:CI104_19120	ko:K19278
cfar:CI104_19135	ko:K19275
cfar:CI104_19155	ko:K18975
cfar:CI104_19160	ko:K18974
cfar:CI104_19175	ko:K18320
cfar:CI104_19180	ko:K22130
cfar:CI104_19190	ko:K08319
cfar:CI104_19205	ko:K18699
cfar:CI104_19215	ko:K18320
cfar:CI104_19225	ko:K20276
cfar:CI104_19230	ko:K12543
cfar:CI104_19235	ko:K12541
cfar:CI104_19240	ko:K12542
cfar:CI104_19245	ko:K15035
cfar:CI104_19280	ko:K07733
cfar:CI104_19320	ko:K06946
cfar:CI104_19350	ko:K03630
cfar:CI104_19360	ko:K18838
cfar:CI104_19365	ko:K18837
cfar:CI104_19370	ko:K03319
cfar:CI104_19375	ko:K01682
cfar:CI104_19380	ko:K07002
cfar:CI104_19385	ko:K05966
cfar:CI104_19390	ko:K05964
cfar:CI104_19395	ko:K01643
cfar:CI104_19400	ko:K01644
cfar:CI104_19405	ko:K01646
cfar:CI104_19410	ko:K01910
cfar:CI104_19420	ko:K08224
cfar:CI104_19460	ko:K03086
cfar:CI104_19465	ko:K26148
cfar:CI104_19485	ko:K15737
cfar:CI104_19490	ko:K15736
cfar:CI104_19495	ko:K00135
cfar:CI104_19500	ko:K07250
cfar:CI104_19505	ko:K11735
cfar:CI104_19510	ko:K15735
cfar:CI104_19535	ko:K11685
cfar:CI104_19540	ko:K28156
cfar:CI104_19555	ko:K00375
cfar:CI104_19565	ko:K06191
cfar:CI104_19570	ko:K03647
cfar:CI104_19575	ko:K00525
cfar:CI104_19580	ko:K00526
cfar:CI104_19590	ko:K02000
cfar:CI104_19595	ko:K02001
cfar:CI104_19600	ko:K02002
cfar:CI104_19610	ko:K26605
cfar:CI104_19615	ko:K26606
cfar:CI104_19620	ko:K15974
cfar:CI104_19625	ko:K03543
cfar:CI104_19630	ko:K03446
cfar:CI104_19635	ko:K07173
cfar:CI104_19640	ko:K01919
cfar:CI104_19655	ko:K14219
cfar:CI104_19660	ko:K14219
cfar:CI104_19665	ko:K14219
cfar:CI104_19670	ko:K14219
cfar:CI104_19675	ko:K14233
cfar:CI104_19685	ko:K03563
cfar:CI104_19690	ko:K01872
cfar:CI104_19695	ko:K03565
cfar:CI104_19700	ko:K03553
cfar:CI104_19705	ko:K03743
cfar:CI104_19710	ko:K08305
cfar:CI104_19715	ko:K02783
cfar:CI104_19720	ko:K02782
cfar:CI104_19725	ko:K02781
cfar:CI104_19730	ko:K00068
cfar:CI104_19735	ko:K02466
cfar:CI104_19740	ko:K02468
cfar:CI104_19745	ko:K02467
cfar:CI104_19750	ko:K12266
cfar:CI104_19755	ko:K12264
cfar:CI104_19760	ko:K12265
cfar:CI104_19765	ko:K04656
cfar:CI104_19770	ko:K05796
cfar:CI104_19775	ko:K03487
cfar:CI104_19780	ko:K02753
cfar:CI104_19785	ko:K01223
cfar:CI104_19790	ko:K19048
cfar:CI104_19795	ko:K08315
cfar:CI104_19800	ko:K15834
cfar:CI104_19805	ko:K15832
cfar:CI104_19810	ko:K15831
cfar:CI104_19815	ko:K15830
cfar:CI104_19820	ko:K15829
cfar:CI104_19825	ko:K15828
cfar:CI104_19830	ko:K15827
cfar:CI104_19835	ko:K15833
cfar:CI104_19840	ko:K04651
cfar:CI104_19845	ko:K04652
cfar:CI104_19850	ko:K04653
cfar:CI104_19855	ko:K04654
cfar:CI104_19860	ko:K04655
cfar:CI104_19865	ko:K15836
cfar:CI104_19875	ko:K11604
cfar:CI104_19880	ko:K11607
cfar:CI104_19885	ko:K11605
cfar:CI104_19890	ko:K11606
cfar:CI104_19895	ko:K03555
cfar:CI104_19900	ko:K21759
cfar:CI104_19905	ko:K01612
cfar:CI104_19910	ko:K03186
cfar:CI104_19915	ko:K22489
cfar:CI104_19920	ko:K03087
cfar:CI104_19925	ko:K06194
cfar:CI104_19930	ko:K00573
cfar:CI104_19935	ko:K03787
cfar:CI104_19940	ko:K06176
cfar:CI104_19945	ko:K01770
cfar:CI104_19950	ko:K00991
cfar:CI104_19955	ko:K05589
cfar:CI104_19965	ko:K00860
cfar:CI104_19970	ko:K00956
cfar:CI104_19975	ko:K00957
cfar:CI104_19980	ko:K09612
cfar:CI104_19990	ko:K00390
cfar:CI104_19995	ko:K00381
cfar:CI104_20000	ko:K00380
cfar:CI104_20010	ko:K01737
cfar:CI104_20015	ko:K10026
cfar:CI104_20020	ko:K01788
cfar:CI104_20025	ko:K02791
cfar:CI104_20035	ko:K01689
cfar:CI104_20040	ko:K01937
cfar:CI104_20045	ko:K04765
cfar:CI104_20050	ko:K00951
cfar:CI104_20055	ko:K03215
cfar:CI104_20060	ko:K07678
cfar:CI104_20065	ko:K00865
cfar:CI104_20070	ko:K01706
cfar:CI104_20075	ko:K13918
cfar:CI104_20080	ko:K03535
cfar:CI104_20095	ko:K06175
cfar:CI104_20105	ko:K15723
cfar:CI104_20110	ko:K06879
cfar:CI104_20115	ko:K06966
cfar:CI104_20120	ko:K03837
cfar:CI104_20125	ko:K01752
cfar:CI104_20130	ko:K01146
cfar:CI104_20135	ko:K01628
cfar:CI104_20140	ko:K03484
cfar:CI104_20145	ko:K10439
cfar:CI104_20150	ko:K10440
cfar:CI104_20155	ko:K10441
cfar:CI104_20160	ko:K01818
cfar:CI104_20165	ko:K00879
cfar:CI104_20170	ko:K02431
cfar:CI104_20175	ko:K02430
cfar:CI104_20230	ko:K07666
cfar:CI104_20240	ko:K06968
cfar:CI104_20250	ko:K03566
cfar:CI104_20260	ko:K01766
cfar:CI104_20265	ko:K02426
cfar:CI104_20270	ko:K22132
cfar:CI104_20275	ko:K08304
cfar:CI104_20280	ko:K14230
cfar:CI104_20285	ko:K14230
cfar:CI104_20290	ko:K14230
cfar:CI104_20295	ko:K01448
cfar:CI104_20305	ko:K14682
cfar:CI104_20310	ko:K03581
cfar:CI104_20315	ko:K03582
cfar:CI104_20320	ko:K01407
cfar:CI104_20325	ko:K03583
cfar:CI104_20330	ko:K02681
cfar:CI104_20340	ko:K02680
cfar:CI104_20345	ko:K02679
cfar:CI104_20350	ko:K00560
cfar:CI104_20355	ko:K13292
cfar:CI104_20360	ko:K08484
cfar:CI104_20365	ko:K08311
cfar:CI104_20375	ko:K03573
cfar:CI104_20395	ko:K08227
cfar:CI104_20400	ko:K05939
cfar:CI104_20415	ko:K02529
cfar:CI104_20425	ko:K01586
cfar:CI104_20435	ko:K25316
cfar:CI104_20440	ko:K26933
cfar:CI104_20445	ko:K00065
cfar:CI104_20450	ko:K01815
cfar:CI104_20455	ko:K00626
cfar:CI104_20495	ko:K23240
cfar:CI104_20500	ko:K08970
cfar:CI104_20505	ko:K07345
cfar:CI104_20510	ko:K15540
cfar:CI104_20515	ko:K07347
cfar:CI104_20535	ko:K00926
cfar:CI104_20555	ko:K06867
cfar:CI104_20575	ko:K06975
cfar:CI104_20605	ko:K06952
cfar:CI104_20615	ko:K07357
cfar:CI104_20620	ko:K07358
cfar:CI104_20625	ko:K07345
cfar:CI104_20630	ko:K07351
cfar:CI104_20635	ko:K07346
cfar:CI104_20640	ko:K07347
cfar:CI104_20645	ko:K07348
cfar:CI104_20650	ko:K07349
cfar:CI104_20655	ko:K07350
cfar:CI104_20665	ko:K19734
cfar:CI104_20670	ko:K22956
cfar:CI104_20685	ko:K01744
cfar:CI104_20690	ko:K07791
cfar:CI104_20695	ko:K07345
cfar:CI104_20700	ko:K07347
cfar:CI104_20705	ko:K07346
cfar:CI104_20710	ko:K07345
cfar:CI104_20720	ko:K07679
cfar:CI104_20725	ko:K07690
cfar:CI104_20740	ko:K01305
cfar:CI104_20745	ko:K21645
cfar:CI104_20750	ko:K01779
cfar:CI104_20755	ko:K11688
cfar:CI104_20760	ko:K21393
cfar:CI104_20765	ko:K00059
cfar:CI104_20770	ko:K02431
cfar:CI104_20800	ko:K02031
cfar:CI104_20805	ko:K02034
cfar:CI104_20810	ko:K02033
cfar:CI104_20815	ko:K02035
cfar:CI104_20825	ko:K02049
cfar:CI104_20830	ko:K15552
cfar:CI104_20835	ko:K15551
cfar:CI104_20840	ko:K01779
cfar:CI104_20845	ko:K17950
cfar:CI104_20850	ko:K00537
cfar:CI104_20855	ko:K03893
cfar:CI104_20860	ko:K01551
cfar:CI104_20870	ko:K03892
cfar:CI104_20875	ko:K14225
cfar:CI104_20880	ko:K12943
cfar:CI104_20885	ko:K00087
cfar:CI104_20890	ko:K13479
cfar:CI104_20895	ko:K13480
cfar:CI104_20910	ko:K01751
cfar:CI104_20920	ko:K01464
cfar:CI104_20925	ko:K00926
cfar:CI104_20930	ko:K07402
cfar:CI104_20940	ko:K07141
cfar:CI104_20945	ko:K12527
cfar:CI104_20955	ko:K12529
cfar:CI104_20960	ko:K12528
cfar:CI104_20965	ko:K16346
cfar:CI104_20970	ko:K01487
cfar:CI104_20975	ko:K06901
cfar:CI104_20980	ko:K24206
cfar:CI104_20990	ko:K01823
cfar:CI104_20995	ko:K04567
cfar:CI104_21005	ko:K07462
cfar:CI104_21010	ko:K03981
cfar:CI104_21015	ko:K04763
cfar:CI104_21020	ko:K03840
cfar:CI104_21025	ko:K19168
cfar:CI104_21030	ko:K09159
cfar:CI104_21035	ko:K06980
cfar:CI104_21040	ko:K11068
cfar:CI104_21045	ko:K09900
cfar:CI104_21055	ko:K01223
cfar:CI104_21065	ko:K00281
cfar:CI104_21070	ko:K02437
cfar:CI104_21075	ko:K00605
cfar:CI104_21080	ko:K18800
cfar:CI104_21085	ko:K03185
cfar:CI104_21090	ko:K01262
cfar:CI104_21095	ko:K09895
cfar:CI104_21105	ko:K09888
cfar:CI104_21110	ko:K28358
cfar:CI104_21115	ko:K01934
cfar:CI104_21120	ko:K00058
cfar:CI104_21125	ko:K01807
cfar:CI104_21130	ko:K05596
cfar:CI104_21140	ko:K06211
cfar:CI104_21145	ko:K04485
cfar:CI104_21150	ko:K01079
cfar:CI104_21155	ko:K07186
cfar:CI104_21160	ko:K03800
cfar:CI104_21165	ko:K03784
cfar:CI104_21170	ko:K01839
cfar:CI104_21175	ko:K00758
cfar:CI104_21180	ko:K01619
cfar:CI104_21195	ko:K03424
cfar:CI104_21210	ko:K04065
cfar:CI104_21215	ko:K02837
cfar:CI104_21220	ko:K08723
cfar:CI104_21225	ko:K03789
cfar:CI104_21230	ko:K02344
cfar:CI104_21235	ko:K00564
cfar:CI104_21240	ko:K14228
cfar:CI104_21245	ko:K14228
cfar:CI104_21250	ko:K14228
cfar:CI104_21265	ko:K13255
cfar:CI104_21270	ko:K02761
cfar:CI104_21280	ko:K22650
cfar:CI104_21290	ko:K18954
cfar:CI104_21295	ko:K00481
cfar:CI104_21315	ko:K02317
cfar:CI104_21320	ko:K02315
cfar:CI104_21330	ko:K01002
cfar:CI104_21335	ko:K23007
cfar:CI104_21340	ko:K23015
cfar:CI104_21345	ko:K11688
cfar:CI104_21350	ko:K11689
cfar:CI104_21355	ko:K11690
cfar:CI104_21365	ko:K05874
cfar:CI104_21370	ko:K13609
cfar:CI104_21375	ko:K23676
cfar:CI104_21395	ko:K09803
cfar:CI104_21400	ko:K03427
cfar:CI104_21405	ko:K01154
cfar:CI104_21410	ko:K01153
cfar:CI104_21430	ko:K06075
cfar:CI104_21450	ko:K00034
cfar:CI104_21460	ko:K08191
cfar:CI104_21470	ko:K01792
cfar:CI104_21480	ko:K06889
cfar:CI104_21490	ko:K01687
cfar:CI104_21500	ko:K00042
cfar:CI104_21505	ko:K12660
cfar:CI104_21510	ko:K03535
cfar:CI104_21515	ko:K26399
cfar:CI104_21525	ko:K05835
cfar:CI104_21530	ko:K23241
cfar:CI104_21535	ko:K01760
cfar:CI104_21600	ko:K11904
cfar:CI104_21605	ko:K11907
cfar:CI104_21610	ko:K11895
cfar:CI104_21615	ko:K11896
cfar:CI104_21625	ko:K11902
cfar:CI104_21635	ko:K03535
cfar:CI104_21640	ko:K01640
cfar:CI104_21645	ko:K18702
cfar:CI104_21655	ko:K19333
cfar:CI104_21660	ko:K01198
cfar:CI104_21665	ko:K03292
cfar:CI104_21670	ko:K22396
cfar:CI104_21680	ko:K11216
cfar:CI104_21685	ko:K11531
cfar:CI104_21690	ko:K10558
cfar:CI104_21695	ko:K10556
cfar:CI104_21700	ko:K10557
cfar:CI104_21705	ko:K10555
cfar:CI104_21710	ko:K08321
cfar:CI104_21715	ko:K11530
cfar:CI104_21720	ko:K01783
cfar:CI104_21730	ko:K18837
cfar:CI104_21735	ko:K18838
cfar:CI104_21745	ko:K03630
cfar:CI104_21775	ko:K06946
cfar:CI104_21795	ko:K07733
cfar:CI104_21800	ko:K19055
cfar:CI104_21810	ko:K01696
cfar:CI104_21815	ko:K01695
cfar:CI104_21825	ko:K07727
cfar:CI104_21835	ko:K09982
cfar:CI104_21860	ko:K01737
cfar:CI104_21865	ko:K03580
cfar:CI104_21870	ko:K03654
cfar:CI104_21890	ko:K03724
cfar:CI104_21905	ko:K19169
cfar:CI104_21930	ko:K14228
cfar:CI104_21935	ko:K12957
cfar:CI104_21940	ko:K00851
cfar:CI104_21945	ko:K00098
cfar:CI104_21950	ko:K00046
cfar:CI104_21955	ko:K06157
cfar:CI104_21960	ko:K06146
cfar:CI104_21965	ko:K06915
cfar:CI104_21970	ko:K11720
cfar:CI104_21975	ko:K07091
cfar:CI104_21985	ko:K01255
cfar:CI104_21990	ko:K02339
cfar:CI104_21995	ko:K01873
cfar:CI104_22005	ko:K03828
cfar:CI104_22015	ko:K06169
cfar:CI104_22020	ko:K09893
cfar:CI104_22025	ko:K00611
cfar:CI104_22030	ko:K07812
cfar:CI104_22035	ko:K07821
cfar:CI104_22040	ko:K19334
cfar:CI104_22045	ko:K01478
cfar:CI104_22050	ko:K00926
cfar:CI104_22055	ko:K00611
cfar:CI104_22060	ko:K21898
cfar:CI104_22065	ko:K03758
cfar:CI104_22070	ko:K03402
cfar:CI104_22085	ko:K00609
cfar:CI104_22090	ko:K00610
cfar:CI104_22095	ko:K09022
cfar:CI104_22100	ko:K11690
cfar:CI104_22105	ko:K11689
cfar:CI104_22110	ko:K11688
cfar:CI104_22115	ko:K01531
cfar:CI104_22120	ko:K03485
cfar:CI104_22125	ko:K02819
cfar:CI104_22130	ko:K01226
cfar:CI104_22135	ko:K21636
cfar:CI104_22140	ko:K04068
cfar:CI104_22155	ko:K01042
cfar:CI104_22160	ko:K01465
cfar:CI104_22205	ko:K06889
cfar:CI104_22210	ko:K15536
cfar:CI104_22215	ko:K03592
cfar:CI104_22220	ko:K09889
cfar:CI104_22230	ko:K03841
cfar:CI104_22235	ko:K05874
cfar:CI104_22240	ko:K02532
cfar:CI104_22245	ko:K00847
cfar:CI104_22250	ko:K01193
cfar:CI104_22260	ko:K23509
cfar:CI104_22265	ko:K23509
cfar:CI104_22270	ko:K10820
cfar:CI104_22275	ko:K23508
cfar:CI104_22280	ko:K01507
cfar:CI104_22290	ko:K09800
cfar:CI104_22295	ko:K07278
cfar:CI104_22300	ko:K07304
cfar:CI104_22330	ko:K16210
cfar:CI104_22335	ko:K03699
cfar:CI104_22350	ko:K07109
cfar:CI104_22355	ko:K01082
cfar:CI104_22360	ko:K01119
cfar:CI104_22370	ko:K19267
cfar:CI104_22385	ko:K07322
cfar:CI104_22390	ko:K11737
cfar:CI104_22395	ko:K03773
cfar:CI104_22400	ko:K07269
cfar:CI104_22410	ko:K02939
cfar:CI104_22415	ko:K02963
cfar:CI104_22420	ko:K02686
cfar:CI104_22425	ko:K02990
cfar:CI104_22430	ko:K07090
cfar:CI104_22440	ko:K03079
cfar:CI104_22445	ko:K03078
cfar:CI104_22450	ko:K02821
cfar:CI104_22455	ko:K02822
cfar:CI104_22460	ko:K03475
cfar:CI104_22465	ko:K03476
cfar:CI104_22470	ko:K03477
cfar:CI104_22475	ko:K06889
cfar:CI104_22490	ko:K09456
cfar:CI104_22495	ko:K03218
cfar:CI104_22500	ko:K12573
cfar:CI104_22505	ko:K13771
cfar:CI104_22510	ko:K01939
cfar:CI104_22515	ko:K09937
cfar:CI104_22520	ko:K04087
cfar:CI104_22525	ko:K04088
cfar:CI104_22530	ko:K03665
cfar:CI104_22535	ko:K03666
cfar:CI104_22540	ko:K00791
cfar:CI104_22545	ko:K03572
cfar:CI104_22550	ko:K01448
cfar:CI104_22555	ko:K06925
cfar:CI104_22560	ko:K23997
cfar:CI104_22565	ko:K18979
cfar:CI104_22570	ko:K14225
cfar:CI104_22575	ko:K14225
cfar:CI104_22580	ko:K14225
cfar:CI104_22585	ko:K13288
cfar:CI104_22590	ko:K06949
cfar:CI104_22595	ko:K01613
cfar:CI104_22600	ko:K22051
cfar:CI104_22610	ko:K04568
cfar:CI104_22615	ko:K00244
cfar:CI104_22620	ko:K00245
cfar:CI104_22625	ko:K00246
cfar:CI104_22630	ko:K00247
cfar:CI104_22635	ko:K03098
cfar:CI104_22640	ko:K11741
cfar:CI104_22650	ko:K16348
cfar:CI104_22655	ko:K16347
cfar:CI104_22660	ko:K02356
cfar:CI104_22665	ko:K19810
cfar:CI104_22685	ko:K04077
cfar:CI104_22690	ko:K04078
cfar:CI104_22695	ko:K16263
cfar:CI104_22700	ko:K07113
cfar:CI104_22705	ko:K01744
cfar:CI104_22710	ko:K07791
cfar:CI104_22715	ko:K03926
cfar:CI104_22720	ko:K04084
cfar:CI104_22730	ko:K14231
cfar:CI104_22780	ko:K12519
cfar:CI104_22785	ko:K12518
cfar:CI104_22825	ko:K00059
cfar:CI104_22830	ko:K02078
cfar:CI104_22840	ko:K09458
cfar:CI104_22845	ko:K18139
cfar:CI104_22850	ko:K05685
cfar:CI104_22855	ko:K13888
cfar:CI104_22870	ko:K03673
cfar:CI104_22900	ko:K12519
cfar:CI104_22905	ko:K12518
cfar:CI104_22925	ko:K23349
cfar:CI104_22930	ko:K07308
cfar:CI104_22935	ko:K07307
cfar:CI104_22940	ko:K07306
cfar:CI104_22945	ko:K08970
cfar:CI104_22950	ko:K07701
cfar:CI104_22955	ko:K07703
cfar:CI104_22960	ko:K07792
cfar:CI104_22965	ko:K01676
cfar:CI104_22970	ko:K08984
cfar:CI104_22975	ko:K15383
cfar:CI104_22980	ko:K11104
cfar:CI104_22985	ko:K07406
cfar:CI104_22990	ko:K23237
cfar:CI104_22995	ko:K01584
cfar:CI104_23005	ko:K03755
cfar:CI104_23010	ko:K03759
cfar:CI104_23015	ko:K03760
cfar:CI104_23020	ko:K07771
cfar:CI104_23025	ko:K07643
cfar:CI104_23035	ko:K03762
cfar:CI104_23040	ko:K02526
cfar:CI104_23055	ko:K06193
cfar:CI104_23060	ko:K04750
cfar:CI104_23065	ko:K02041
cfar:CI104_23070	ko:K02044
cfar:CI104_23075	ko:K02042
cfar:CI104_23080	ko:K02043
cfar:CI104_23085	ko:K06166
cfar:CI104_23090	ko:K06165
cfar:CI104_23095	ko:K06164
cfar:CI104_23100	ko:K06163
cfar:CI104_23105	ko:K05781
cfar:CI104_23110	ko:K05780
cfar:CI104_23115	ko:K06162
cfar:CI104_23120	ko:K05774
cfar:CI104_23125	ko:K09994
cfar:CI104_23130	ko:K06167
cfar:CI104_23140	ko:K22015
cfar:CI104_23145	ko:K07126
cfar:CI104_23150	ko:K11102
cfar:CI104_23160	ko:K04018
cfar:CI104_23165	ko:K04017
cfar:CI104_23170	ko:K04016
cfar:CI104_23175	ko:K04015
cfar:CI104_23180	ko:K04014
cfar:CI104_23185	ko:K04013
cfar:CI104_23190	ko:K03385
cfar:CI104_23215	ko:K01895
cfar:CI104_23225	ko:K14393
cfar:CI104_23235	ko:K06518
cfar:CI104_23245	ko:K24163
cfar:CI104_23255	ko:K06901
cfar:CI104_23270	ko:K00799
cfar:CI104_23280	ko:K13639
cfar:CI104_23285	ko:K13631
cfar:CI104_23290	ko:K26148
cfar:CI104_23305	ko:K11932
cfar:CI104_23310	ko:K03111
cfar:CI104_23315	ko:K03701
cfar:CI104_23325	ko:K03788
cfar:CI104_23330	ko:K00832
cfar:CI104_23335	ko:K01775
cfar:CI104_23340	ko:K02314
cfar:CI104_23345	ko:K00344
cfar:CI104_23355	ko:K05539
cfar:CI104_23365	ko:K09823
cfar:CI104_23375	ko:K26937
cfar:CI104_23380	ko:K01356
cfar:CI104_23385	ko:K00901
cfar:CI104_23390	ko:K00631
cfar:CI104_23395	ko:K03179
cfar:CI104_23400	ko:K03181
cfar:CI104_23410	ko:K05775
cfar:CI104_23415	ko:K02024
cfar:CI104_23420	ko:K10111
cfar:CI104_23425	ko:K10108
cfar:CI104_23430	ko:K10109
cfar:CI104_23435	ko:K10110
cfar:CI104_23440	ko:K13256
cfar:CI104_23465	ko:K01810
cfar:CI104_23470	ko:K00928
cfar:CI104_23475	ko:K07074
cfar:CI104_23480	ko:K14415
cfar:CI104_23495	ko:K14414
cfar:CI104_23500	ko:K03453
cfar:CI104_23530	ko:K06182
cfar:CI104_23540	ko:K00068
cfar:CI104_23545	ko:K02812
cfar:CI104_23550	ko:K02813
cfar:CI104_23555	ko:K02814
cfar:CI104_23560	ko:K02815
cfar:CI104_23565	ko:K19956
cfar:CI104_23570	ko:K00014
cfar:CI104_23590	ko:K05995
cfar:CI104_23595	ko:K03324
cfar:CI104_23600	ko:K00548
cfar:CI104_23605	ko:K13641
cfar:CI104_23610	ko:K00906
cfar:CI104_23615	ko:K01637
cfar:CI104_23620	ko:K01638
cfar:CI104_23625	ko:K00651
cfar:CI104_23630	ko:K03826
cfar:CI104_23635	ko:K01985
cfar:CI104_23640	ko:K01980
cfar:CI104_23645	ko:K14224
cfar:CI104_23650	ko:K01977
cfar:CI104_23655	ko:K00602
cfar:CI104_23660	ko:K01945
cfar:CI104_23665	ko:K07713
cfar:CI104_23670	ko:K07709
cfar:CI104_23675	ko:K07803
cfar:CI104_23685	ko:K05787
cfar:CI104_23690	ko:K09891
cfar:CI104_23695	ko:K05982
cfar:CI104_23700	ko:K01599
cfar:CI104_23705	ko:K03426
cfar:CI104_23710	ko:K07740
cfar:CI104_23715	ko:K03147
cfar:CI104_23720	ko:K00788
cfar:CI104_23725	ko:K03148
cfar:CI104_23730	ko:K03154
cfar:CI104_23735	ko:K03149
cfar:CI104_23740	ko:K03150
cfar:CI104_23750	ko:K02760
cfar:CI104_23755	ko:K02759
cfar:CI104_23760	ko:K03046
cfar:CI104_23765	ko:K03043
cfar:CI104_23770	ko:K02935
cfar:CI104_23775	ko:K02864
cfar:CI104_23785	ko:K02863
cfar:CI104_23790	ko:K02867
cfar:CI104_23795	ko:K02601
cfar:CI104_23800	ko:K03073
cfar:CI104_23805	ko:K02358
cfar:CI104_23810	ko:K14234
cfar:CI104_23815	ko:K14225
cfar:CI104_23820	ko:K14236
cfar:CI104_23825	ko:K14234
cfar:CI104_23840	ko:K00867
cfar:CI104_23845	ko:K03524
cfar:CI104_23850	ko:K00075
cfar:CI104_23855	ko:K01985
cfar:CI104_23860	ko:K01980
cfar:CI104_23865	ko:K14218
cfar:CI104_23870	ko:K14227
cfar:CI104_23875	ko:K01977
cfar:CI104_23880	ko:K01776
cfar:CI104_23885	ko:K16092
cfar:CI104_23890	ko:K00557
cfar:CI104_23900	ko:K22105
cfar:CI104_23905	ko:K00322
cfar:CI104_23910	ko:K04761
cfar:CI104_23915	ko:K00880
cfar:CI104_23920	ko:K03079
cfar:CI104_23925	ko:K02057
cfar:CI104_23930	ko:K02057
cfar:CI104_23935	ko:K02056
cfar:CI104_23940	ko:K02058
cfar:CI104_23945	ko:K02430
cfar:CI104_23950	ko:K03077
cfar:CI104_23955	ko:K01755
cfar:CI104_23960	ko:K00930
cfar:CI104_23965	ko:K00145
cfar:CI104_23970	ko:K01438
cfar:CI104_23975	ko:K01595
cfar:CI104_23980	ko:K19353
cfar:CI104_23990	ko:K11202
cfar:CI104_23995	ko:K04069
cfar:CI104_24005	ko:K11202
cfar:CI104_24010	ko:K11203
cfar:CI104_24015	ko:K23991
cfar:CI104_24020	ko:K08314
cfar:CI104_24025	ko:K00005
cfar:CI104_24035	ko:K03782
cfar:CI104_24040	ko:K00297
cfar:CI104_24050	ko:K01607
cfar:CI104_24055	ko:K12525
cfar:CI104_24060	ko:K01739
cfar:CI104_24065	ko:K03764
cfar:CI104_24075	ko:K03292
cfar:CI104_24080	ko:K22110
cfar:CI104_24085	ko:K02909
cfar:CI104_24090	ko:K04066
cfar:CI104_24095	ko:K05499
cfar:CI104_24100	ko:K03591
cfar:CI104_24105	ko:K01419
cfar:CI104_24110	ko:K03667
cfar:CI104_24115	ko:K02548
cfar:CI104_24120	ko:K02553
cfar:CI104_24130	ko:K09892
cfar:CI104_24135	ko:K02440
cfar:CI104_24140	ko:K00864
cfar:CI104_24145	ko:K02446
cfar:CI104_24150	ko:K00528
cfar:CI104_24165	ko:K01803
cfar:CI104_24170	ko:K03319
cfar:CI104_24190	ko:K23147
cfar:CI104_24195	ko:K03292
cfar:CI104_24200	ko:K01521
cfar:CI104_24205	ko:K23163
cfar:CI104_24210	ko:K00850
cfar:CI104_24215	ko:K13283
cfar:CI104_24220	ko:K06006
cfar:CI104_24225	ko:K07662
cfar:CI104_24230	ko:K07640
cfar:CI104_24240	ko:K22397
cfar:CI104_24245	ko:K02526
cfar:CI104_24250	ko:K04564
cfar:CI104_24255	ko:K02856
cfar:CI104_24260	ko:K02854
cfar:CI104_24265	ko:K02855
cfar:CI104_24270	ko:K00848
cfar:CI104_24275	ko:K01813
cfar:CI104_24280	ko:K01629
cfar:CI104_24285	ko:K10559
cfar:CI104_24290	ko:K10562
cfar:CI104_24295	ko:K10560
cfar:CI104_24300	ko:K10561
cfar:CI104_24305	ko:K13954
cfar:CI104_24310	ko:K03534
cfar:CI104_24325	ko:K26605
cfar:CI104_24330	ko:K26606
cfar:CI104_24340	ko:K02821
cfar:CI104_24350	ko:K01624
cfar:CI104_24355	ko:K03475
cfar:CI104_24360	ko:K02822
cfar:CI104_24365	ko:K00850
cfar:CI104_24380	ko:K02379
cfar:CI104_24385	ko:K00123
cfar:CI104_24390	ko:K00123
cfar:CI104_24395	ko:K00124
cfar:CI104_24400	ko:K00127
cfar:CI104_24405	ko:K07114
cfar:CI104_24410	ko:K07636
cfar:CI104_24415	ko:K07658
cfar:CI104_24420	ko:K02380
cfar:CI104_24445	ko:K07560
cfar:CI104_24450	ko:K07058
cfar:CI104_24455	ko:K20866
cfar:CI104_24460	ko:K12678
cfar:CI104_24465	ko:K27243
cfar:CI104_24470	ko:K18478
cfar:CI104_24475	ko:K08318
cfar:CI104_24480	ko:K01671
cfar:CI104_24485	ko:K18479
cfar:CI104_24490	ko:K28636
cfar:CI104_24495	ko:K07090
cfar:CI104_24500	ko:K15922
cfar:CI104_24505	ko:K03292
cfar:CI104_24510	ko:K03292
cfar:CI104_24515	ko:K22110
cfar:CI104_24520	ko:K06207
cfar:CI104_24530	ko:K01915
cfar:CI104_24535	ko:K07708
cfar:CI104_24540	ko:K07712
cfar:CI104_24550	ko:K02495
cfar:CI104_24555	ko:K09894
cfar:CI104_24565	ko:K03978
cfar:CI104_24570	ko:K02335
cfar:CI104_24580	ko:K03673
cfar:CI104_24590	ko:K09896
cfar:CI104_24595	ko:K03752
cfar:CI104_24600	ko:K03753
cfar:CI104_24605	ko:K01985
cfar:CI104_24610	ko:K01980
cfar:CI104_24615	ko:K14218
cfar:CI104_24620	ko:K14227
cfar:CI104_24625	ko:K01977
cfar:CI104_24630	ko:K00230
cfar:CI104_24635	ko:K03498
cfar:CI104_24645	ko:K01271
cfar:CI104_24650	ko:K01825
cfar:CI104_24655	ko:K00632
cfar:CI104_24660	ko:K05368
cfar:CI104_24665	ko:K03182
cfar:CI104_24670	ko:K05785
cfar:CI104_24675	ko:K03424
cfar:CI104_24680	ko:K03118
cfar:CI104_24685	ko:K03117
cfar:CI104_24690	ko:K03116
cfar:CI104_24695	ko:K03688
cfar:CI104_24700	ko:K03690
cfar:CI104_24705	ko:K03183
cfar:CI104_24710	ko:K09760
cfar:CI104_24715	ko:K00757
cfar:CI104_24720	ko:K01061
cfar:CI104_24725	ko:K00549
cfar:CI104_24730	ko:K03576
cfar:CI104_24740	ko:K28854
cfar:CI104_24745	ko:K01048
cfar:CI104_24750	ko:K05834
cfar:CI104_24755	ko:K05835
cfar:CI104_24760	ko:K03654
cfar:CI104_24765	ko:K01058
cfar:CI104_24770	ko:K01073
cfar:CI104_24775	ko:K05786
cfar:CI104_24780	ko:K03284
cfar:CI104_24785	ko:K03657
cfar:CI104_24790	ko:K20862
cfar:CI104_24795	ko:K03733
cfar:CI104_24800	ko:K09921
cfar:CI104_24805	ko:K01778
cfar:CI104_24815	ko:K06202
cfar:CI104_24820	ko:K05851
cfar:CI104_24825	ko:K01749
cfar:CI104_24830	ko:K01719
cfar:CI104_24835	ko:K02496
cfar:CI104_24840	ko:K02498
cfar:CI104_24845	ko:K14232
cfar:CI104_24850	ko:K14228
cfar:CI104_24855	ko:K14226
cfar:CI104_24860	ko:K14219
cfar:CI104_24865	ko:K03293
cfar:CI104_24870	ko:K02852
cfar:CI104_24875	ko:K02853
cfar:CI104_24880	ko:K12582
cfar:CI104_24885	ko:K16693
cfar:CI104_24890	ko:K02805
cfar:CI104_24895	ko:K16704
cfar:CI104_24900	ko:K00973
cfar:CI104_24905	ko:K01710
cfar:CI104_24910	ko:K02472
cfar:CI104_24915	ko:K01791
cfar:CI104_24920	ko:K05790
cfar:CI104_24925	ko:K02851
cfar:CI104_24930	ko:K03628
cfar:CI104_24940	ko:K03671
cfar:CI104_24945	ko:K03732
cfar:CI104_24950	ko:K01524
cfar:CI104_24955	ko:K03656
cfar:CI104_24960	ko:K03811
cfar:CI104_24965	ko:K00757
cfar:CI104_24970	ko:K10914
cfar:CI104_24975	ko:K03769
cfar:CI104_24980	ko:K00053
cfar:CI104_24985	ko:K02521
cfar:CI104_24995	ko:K01754
cfar:CI104_25000	ko:K01687
cfar:CI104_25005	ko:K00826
cfar:CI104_25010	ko:K11258
cfar:CI104_25015	ko:K01652
cfar:CI104_25025	ko:K07391
cfar:CI104_25030	ko:K09897
cfar:CI104_25035	ko:K23773
cfar:CI104_25040	ko:K14235
cfar:CI104_25045	ko:K14221
cfar:CI104_25050	ko:K01985
cfar:CI104_25055	ko:K01980
cfar:CI104_25060	ko:K14224
cfar:CI104_25065	ko:K01977
cfar:CI104_25080	ko:K02529
cfar:CI104_25085	ko:K00852
cfar:CI104_25090	ko:K10439
cfar:CI104_25095	ko:K10440
cfar:CI104_25100	ko:K10441
cfar:CI104_25105	ko:K06726
cfar:CI104_25110	ko:K03549
cfar:CI104_25115	ko:K03924
cfar:CI104_25125	ko:K01914
cfar:CI104_25130	ko:K03718
cfar:CI104_25135	ko:K06205
cfar:CI104_25140	ko:K03495
cfar:CI104_25145	ko:K03501
cfar:CI104_25150	ko:K02116
cfar:CI104_25155	ko:K02108
cfar:CI104_25160	ko:K02110
cfar:CI104_25165	ko:K02109
cfar:CI104_25170	ko:K02113
cfar:CI104_25175	ko:K02111
cfar:CI104_25180	ko:K02115
cfar:CI104_25185	ko:K02112
cfar:CI104_25190	ko:K02114
cfar:CI104_25195	ko:K04042
cfar:CI104_25200	ko:K00820
cfar:CI104_25205	ko:K02040
cfar:CI104_25210	ko:K02037
cfar:CI104_25215	ko:K02038
cfar:CI104_25220	ko:K02036
cfar:CI104_25225	ko:K02039
cfar:CI104_25235	ko:K06901
cfar:CI104_25240	ko:K19784
cfar:CI104_25250	ko:K03836
cfar:CI104_25255	ko:K01667
cfar:CI104_25265	ko:K03650
cfar:CI104_25270	ko:K03217
cfar:CI104_25275	ko:K08998
cfar:CI104_25280	ko:K03536
cfar:CI104_25285	ko:K02914
cfar:CI104_25305	ko:K12068
cfar:CI104_25310	ko:K12067
cfar:CI104_25315	ko:K12066
cfar:CI104_25325	ko:K12065
cfar:CI104_25340	ko:K12064
cfar:CI104_25345	ko:K12063
cfar:CI104_25350	ko:K03496
cfar:CI104_25355	ko:K03497
cfar:CI104_25380	ko:K18640
cfar:CI104_25415	ko:K12062
cfar:CI104_25420	ko:K12061
cfar:CI104_25425	ko:K12060
cfar:CI104_25430	ko:K12058
cfar:CI104_25460	ko:K09882
cfar:CI104_25540	ko:K10748
cfar:CI104_25560	ko:K05839
cfar:CI104_25575	ko:K18320
cfar:CI104_25585	ko:K19278
cfar:CI104_25600	ko:K18320
cfar:CI104_25605	ko:K19157
cfar:CI104_25625	ko:K00984
cfar:CI104_25630	ko:K18975
cfar:CI104_25635	ko:K18974
cfar:CI104_25655	ko:K18320
cfar:CI104_25665	ko:K18555
cfar:CI104_25670	ko:K17850
cfar:CI104_25675	ko:K04651
cfar:CI104_25680	ko:K18975
cfar:CI104_25685	ko:K18974
cfar:CI104_25695	ko:K18555
cfar:CI104_25700	ko:K17850
cfar:CI104_25705	ko:K04651
cfar:CI104_25710	ko:K18975
cfar:CI104_25715	ko:K18974
cfar:CI104_25730	ko:K19644
cfar:CI104_25745	ko:K10673
cfar:CI104_25750	ko:K04343
cfar:CI104_25770	ko:K18320
cfar:CI104_25775	ko:K18476
cfar:CI104_25780	ko:K08151
cfar:CI104_25785	ko:K00121
cfar:CI104_25795	ko:K18320
cfar:CI104_25870	ko:K07497
cfar:CI104_25905	ko:K18918
cfar:CI104_25910	ko:K06218
cfar:CI104_25915	ko:K18921
cfar:CI104_26005	ko:K04773
cfar:CI104_26020	ko:K12071
cfar:CI104_26025	ko:K12070
cfar:CI104_26050	ko:K12057
cfar:CI104_26055	ko:K12072
cfar:CI104_26060	ko:K12056
cfar:CI104_26085	ko:K03981
cfar:CI104_26110	ko:K03502
cfar:CI104_26115	ko:K03503
cfar:CI104_26185	ko:K11811
cfar:CI104_26190	ko:K03892
cfar:CI104_26195	ko:K03893
cfar:CI104_26200	ko:K00537
cfar:CI104_26210	ko:K03321
cfar:CI104_26260	ko:K00558
cfar:CI104_26290	ko:K23240
cfar:CI104_26295	ko:K08970
cfar:CI104_26305	ko:K07644
cfar:CI104_26315	ko:K03760
cfar:CI104_26325	ko:K18320
cfar:CI104_26340	ko:K00426
cfar:CI104_26350	ko:K13954
cfar:CI104_26355	ko:K23239
cfar:CI104_26365	ko:K03701
cfar:CI104_26370	ko:K03885
cfar:CI104_26375	ko:K01070
cfar:CI104_26390	ko:K00121
cfar:CI104_26395	ko:K23239
cfar:CI104_26400	ko:K03702
cfar:CI104_26405	ko:K02403
cfar:CI104_26420	ko:K18829
cfar:CI104_26450	ko:K03496
cfar:CI104_26490	ko:K18320
cfar:CI104_26520	ko:K18698
cfar:CI104_26550	ko:K11685
cfar:CI104_26585	ko:K08365
cfar:CI104_26590	ko:K08363
cfar:CI104_26595	ko:K08364
cfar:CI104_26600	ko:K19058
cfar:CI104_26605	ko:K00520
cfar:CI104_26610	ko:K19057
cfar:CI104_26615	ko:K19059
cfar:CI104_26630	ko:K03101
cfar:CI104_26635	ko:K01534
cfar:CI104_26665	ko:K07154
cfar:CI104_26670	ko:K15773
cfar:CI104_26710	ko:K18320
cfar:CI104_26720	ko:K18320
cfar:CI104_26730	ko:K19060
cfar:CI104_26735	ko:K19061
cfar:CI104_26740	ko:K06979
cfar:CI104_26750	ko:K18320
cfar:CI104_26755	ko:K19275
cfar:CI104_26785	ko:K18698
cfar:CI104_26810	ko:K18320
cfar:CI104_26820	ko:K10947
cfar:CI104_26825	ko:K07240
cfar:CI104_26840	ko:K18974
cfar:CI104_26845	ko:K18975
cfar:CI104_26850	ko:K21288
cfar:CI104_26855	ko:K00638
cfar:CI104_26860	ko:K18790
cfar:CI104_26865	ko:K19278
cfar:CI104_26880	ko:K18320
cfar:CI104_26890	ko:K18699
cfar:CI104_26905	ko:K08319
cfar:CI104_26915	ko:K22130
cfar:CI104_26920	ko:K18320
cfar:CI104_26930	ko:K19271
cfar:CI104_26940	ko:K18320
cfar:CI104_27035	ko:K07334
cfar:CI104_27145	ko:K06223
cfar:CI104_27190	ko:K07486
cfar:CI104_27195	ko:K03321
cfar:CI104_27220	ko:K03088
cfar:CI104_27240	ko:K02003
cfar:CI104_27245	ko:K02004
cfar:CI104_27275	ko:K07481
cfar:CI104_27280	ko:K16138
cfar:CI104_27285	ko:K01195
cfar:CI104_27290	ko:K16139
cfar:CI104_27295	ko:K16140
cfar:CI104_27300	ko:K01686
cfar:CI104_27305	ko:K00040
cfar:CI104_27310	ko:K01812
cfar:CI104_27315	ko:K13637
cfar:CI104_27335	ko:K18320
cfar:CI104_27365	ko:K18824
cfar:CI104_27370	ko:K03431
cfar:CI104_27400	ko:K18320
cfar:CI104_27410	ko:K19271
cfar:CI104_27420	ko:K18320
cfar:CI104_27425	ko:K18476
cfar:CI104_27430	ko:K08151
cfar:CI104_27435	ko:K00121
cfar:CI104_27445	ko:K18320
cfar:CI104_27455	ko:K13409
cfar:CI104_27460	ko:K13408
cfar:CI104_27465	ko:K07052
cfar:CI104_27485	ko:K18698
cfar:CI104_27525	ko:K07481
cfar:CI104_27550	ko:K18320
cfar:CI104_27565	ko:K07484
cfar:CI104_27570	ko:K07483
cfar:CI104_27575	ko:K03406
cfar:CI104_27585	ko:K07483
cfar:CI104_27600	ko:K07483
cfar:CI104_27605	ko:K18320
cfar:CI104_27675	ko:K12056
cfar:CI104_27680	ko:K12072
cfar:CI104_27700	ko:K12057
cfar:CI104_27710	ko:K12058
cfar:CI104_27715	ko:K12059
cfar:CI104_27720	ko:K12060
cfar:CI104_27725	ko:K12061
cfar:CI104_27730	ko:K28223
cfar:CI104_27735	ko:K12063
cfar:CI104_27760	ko:K12064
cfar:CI104_27765	ko:K12065
cfar:CI104_27770	ko:K12066
cfar:CI104_27775	ko:K12067
cfar:CI104_27780	ko:K12068
cfar:CI104_27860	ko:K03497
cfar:CI104_27880	ko:K02345
cfar:CI104_27910	ko:K07319
cfar:CI104_27920	ko:K03503
cfar:CI104_27945	ko:K00558
cfar:CI104_27965	ko:K03497
cfar:CI104_27970	ko:K03496
cfar:CI104_27980	ko:K07486
cfar:CI104_27985	ko:K07484
cfar:CI104_27990	ko:K07484
cfar:CI104_27995	ko:K07483
cfar:CI104_28000	ko:K07482
cfar:CI104_28005	ko:K07483
cfar:CI104_28015	ko:K07481
cfar:CI104_28045	ko:K03496
cfar:CI104_28050	ko:K03497
cfar:CI104_28055	ko:K03502
cfar:CI104_28060	ko:K03503
cfar:CI104_28065	ko:K18640
cfar:CI104_28085	ko:K07319
cfar:CI104_28120	ko:K02345
cfar:CI104_28175	ko:K03111
cfar:CI104_28185	ko:K03497
cfar:CI104_28300	ko:K12068
cfar:CI104_28305	ko:K12067
cfar:CI104_28310	ko:K12066
cfar:CI104_28315	ko:K12065
cfar:CI104_28320	ko:K12064
cfar:CI104_28355	ko:K12063
cfar:CI104_28360	ko:K28223
cfar:CI104_28365	ko:K12061
cfar:CI104_28375	ko:K12060
cfar:CI104_28380	ko:K12059
cfar:CI104_28385	ko:K12058
cfar:CI104_28405	ko:K12057
cfar:CI104_28425	ko:K12072
cfar:CI104_28430	ko:K12056
cfar:CI104_28445	ko:K07497
cfar:CI104_28570	ko:K18768
cfar:CI104_28610	ko:K18320
cfar:CI104_28625	ko:K18698
cfar:CI104_28635	ko:K07497
cfar:CI104_28650	ko:K19059
cfar:CI104_28655	ko:K19057
cfar:CI104_28660	ko:K00520
cfar:CI104_28665	ko:K19058
cfar:CI104_28685	ko:K18828
cfar:CI104_28690	ko:K18829
