cie:AN232_00005	ko:K02182
cie:AN232_00010	ko:K08299
cie:AN232_00015	ko:K08279
cie:AN232_00020	ko:K08277
cie:AN232_00025	ko:K01955
cie:AN232_00030	ko:K01956
cie:AN232_00035	ko:K00215
cie:AN232_00050	ko:K12700
cie:AN232_00055	ko:K03527
cie:AN232_00060	ko:K03774
cie:AN232_00065	ko:K03101
cie:AN232_00070	ko:K01870
cie:AN232_00075	ko:K11753
cie:AN232_00085	ko:K02968
cie:AN232_00090	ko:K03717
cie:AN232_00095	ko:K03313
cie:AN232_00100	ko:K03686
cie:AN232_00105	ko:K04043
cie:AN232_00125	ko:K07034
cie:AN232_00130	ko:K03762
cie:AN232_00135	ko:K03831
cie:AN232_00140	ko:K00616
cie:AN232_00145	ko:K03310
cie:AN232_00150	ko:K09861
cie:AN232_00155	ko:K01733
cie:AN232_00160	ko:K00872
cie:AN232_00165	ko:K12524
cie:AN232_00170	ko:K08278
cie:AN232_00175	ko:K02533
cie:AN232_00185	ko:K07773
cie:AN232_00190	ko:K06143
cie:AN232_00195	ko:K07641
cie:AN232_00200	ko:K07663
cie:AN232_00205	ko:K05805
cie:AN232_00210	ko:K05804
cie:AN232_00215	ko:K15634
cie:AN232_00220	ko:K01529
cie:AN232_00225	ko:K03720
cie:AN232_00230	ko:K08309
cie:AN232_00240	ko:K06020
cie:AN232_00245	ko:K06211
cie:AN232_00250	ko:K04485
cie:AN232_00255	ko:K01079
cie:AN232_00260	ko:K07186
cie:AN232_00265	ko:K03800
cie:AN232_00270	ko:K03784
cie:AN232_00275	ko:K01839
cie:AN232_00280	ko:K00758
cie:AN232_00285	ko:K01619
cie:AN232_00300	ko:K03424
cie:AN232_00315	ko:K04065
cie:AN232_00320	ko:K02837
cie:AN232_00325	ko:K08723
cie:AN232_00330	ko:K03789
cie:AN232_00335	ko:K02344
cie:AN232_00340	ko:K00564
cie:AN232_00345	ko:K14228
cie:AN232_00350	ko:K14228
cie:AN232_00355	ko:K14228
cie:AN232_00370	ko:K13255
cie:AN232_00375	ko:K02761
cie:AN232_00385	ko:K22650
cie:AN232_00405	ko:K02317
cie:AN232_00410	ko:K02315
cie:AN232_00420	ko:K01002
cie:AN232_00425	ko:K19510
cie:AN232_00430	ko:K19504
cie:AN232_00435	ko:K19509
cie:AN232_00440	ko:K19508
cie:AN232_00445	ko:K19507
cie:AN232_00450	ko:K19506
cie:AN232_00455	ko:K19505
cie:AN232_00460	ko:K00041
cie:AN232_00465	ko:K23007
cie:AN232_00470	ko:K23015
cie:AN232_00475	ko:K23016
cie:AN232_00485	ko:K05874
cie:AN232_00495	ko:K23676
cie:AN232_00515	ko:K07448
cie:AN232_00520	ko:K03427
cie:AN232_00525	ko:K01154
cie:AN232_00530	ko:K01153
cie:AN232_00535	ko:K19048
cie:AN232_00555	ko:K06075
cie:AN232_00575	ko:K07497
cie:AN232_00595	ko:K05835
cie:AN232_00600	ko:K23241
cie:AN232_00605	ko:K08996
cie:AN232_00610	ko:K01760
cie:AN232_00635	ko:K16076
cie:AN232_00645	ko:K13637
cie:AN232_00650	ko:K00040
cie:AN232_00655	ko:K01686
cie:AN232_00660	ko:K16321
cie:AN232_00665	ko:K00782
cie:AN232_00670	ko:K18929
cie:AN232_00675	ko:K18928
cie:AN232_00680	ko:K03303
cie:AN232_00685	ko:K00868
cie:AN232_00690	ko:K03318
cie:AN232_00695	ko:K01668
cie:AN232_00700	ko:K19048
cie:AN232_00705	ko:K07451
cie:AN232_00710	ko:K07454
cie:AN232_00715	ko:K07448
cie:AN232_00720	ko:K18837
cie:AN232_00725	ko:K18838
cie:AN232_00730	ko:K03630
cie:AN232_00760	ko:K06946
cie:AN232_00785	ko:K07733
cie:AN232_00790	ko:K19055
cie:AN232_00815	ko:K09702
cie:AN232_00820	ko:K23241
cie:AN232_00840	ko:K09982
cie:AN232_00880	ko:K01153
cie:AN232_00900	ko:K03427
cie:AN232_00915	ko:K14228
cie:AN232_00920	ko:K12957
cie:AN232_00925	ko:K00851
cie:AN232_00930	ko:K00098
cie:AN232_00935	ko:K00046
cie:AN232_00940	ko:K06157
cie:AN232_00945	ko:K06146
cie:AN232_00950	ko:K06915
cie:AN232_00955	ko:K11720
cie:AN232_00960	ko:K07091
cie:AN232_00970	ko:K01255
cie:AN232_00975	ko:K02339
cie:AN232_00980	ko:K01873
cie:AN232_00985	ko:K03828
cie:AN232_00995	ko:K06169
cie:AN232_01000	ko:K09893
cie:AN232_01005	ko:K00611
cie:AN232_01010	ko:K19334
cie:AN232_01020	ko:K01478
cie:AN232_01025	ko:K00926
cie:AN232_01030	ko:K00611
cie:AN232_01040	ko:K03402
cie:AN232_01060	ko:K00609
cie:AN232_01065	ko:K00610
cie:AN232_01070	ko:K09022
cie:AN232_01075	ko:K11690
cie:AN232_01080	ko:K11689
cie:AN232_01085	ko:K11688
cie:AN232_01090	ko:K01531
cie:AN232_01100	ko:K03485
cie:AN232_01105	ko:K02819
cie:AN232_01110	ko:K01226
cie:AN232_01115	ko:K21636
cie:AN232_01120	ko:K04068
cie:AN232_01130	ko:K11904
cie:AN232_01135	ko:K06218
cie:AN232_01140	ko:K18923
cie:AN232_01150	ko:K11907
cie:AN232_01155	ko:K11895
cie:AN232_01160	ko:K11896
cie:AN232_01165	ko:K21637
cie:AN232_01170	ko:K11903
cie:AN232_01180	ko:K11901
cie:AN232_01185	ko:K11918
cie:AN232_01190	ko:K11893
cie:AN232_01195	ko:K11892
cie:AN232_01200	ko:K11891
cie:AN232_01205	ko:K11902
cie:AN232_01225	ko:K01042
cie:AN232_01230	ko:K01465
cie:AN232_01260	ko:K15536
cie:AN232_01265	ko:K03592
cie:AN232_01270	ko:K09889
cie:AN232_01275	ko:K06605
cie:AN232_01280	ko:K06606
cie:AN232_01290	ko:K00010
cie:AN232_01295	ko:K03336
cie:AN232_01300	ko:K03338
cie:AN232_01310	ko:K06606
cie:AN232_01315	ko:K01201
cie:AN232_01320	ko:K00010
cie:AN232_01325	ko:K03335
cie:AN232_01340	ko:K00140
cie:AN232_01345	ko:K03337
cie:AN232_01350	ko:K08138
cie:AN232_01360	ko:K08138
cie:AN232_01375	ko:K02558
cie:AN232_01385	ko:K03841
cie:AN232_01390	ko:K05874
cie:AN232_01395	ko:K23509
cie:AN232_01400	ko:K23509
cie:AN232_01405	ko:K10820
cie:AN232_01410	ko:K23508
cie:AN232_01415	ko:K01507
cie:AN232_01425	ko:K09800
cie:AN232_01430	ko:K07278
cie:AN232_01435	ko:K07304
cie:AN232_01440	ko:K03699
cie:AN232_01455	ko:K07109
cie:AN232_01460	ko:K01082
cie:AN232_01465	ko:K01119
cie:AN232_01475	ko:K19267
cie:AN232_01490	ko:K05874
cie:AN232_01495	ko:K07322
cie:AN232_01500	ko:K11737
cie:AN232_01505	ko:K03773
cie:AN232_01515	ko:K07269
cie:AN232_01525	ko:K02939
cie:AN232_01530	ko:K02963
cie:AN232_01535	ko:K02686
cie:AN232_01540	ko:K02990
cie:AN232_01545	ko:K07090
cie:AN232_01560	ko:K03077
cie:AN232_01565	ko:K03079
cie:AN232_01570	ko:K03078
cie:AN232_01575	ko:K02821
cie:AN232_01580	ko:K02822
cie:AN232_01585	ko:K03475
cie:AN232_01590	ko:K03476
cie:AN232_01595	ko:K03477
cie:AN232_01600	ko:K06889
cie:AN232_01615	ko:K09456
cie:AN232_01620	ko:K03218
cie:AN232_01625	ko:K12573
cie:AN232_01630	ko:K13771
cie:AN232_01640	ko:K01939
cie:AN232_01645	ko:K09937
cie:AN232_01650	ko:K04087
cie:AN232_01655	ko:K04088
cie:AN232_01660	ko:K03665
cie:AN232_01665	ko:K03666
cie:AN232_01670	ko:K00791
cie:AN232_01675	ko:K03572
cie:AN232_01680	ko:K01448
cie:AN232_01685	ko:K06925
cie:AN232_01690	ko:K23997
cie:AN232_01695	ko:K18979
cie:AN232_01700	ko:K14225
cie:AN232_01705	ko:K14225
cie:AN232_01710	ko:K14225
cie:AN232_01715	ko:K13288
cie:AN232_01720	ko:K06949
cie:AN232_01725	ko:K01613
cie:AN232_01730	ko:K22051
cie:AN232_01740	ko:K04568
cie:AN232_01745	ko:K00244
cie:AN232_01750	ko:K00245
cie:AN232_01755	ko:K00246
cie:AN232_01760	ko:K00247
cie:AN232_01765	ko:K17850
cie:AN232_01770	ko:K19096
cie:AN232_01775	ko:K03098
cie:AN232_01780	ko:K11741
cie:AN232_01790	ko:K16348
cie:AN232_01795	ko:K16347
cie:AN232_01800	ko:K02356
cie:AN232_01805	ko:K19810
cie:AN232_01820	ko:K04077
cie:AN232_01825	ko:K04078
cie:AN232_01830	ko:K16263
cie:AN232_01835	ko:K07113
cie:AN232_01840	ko:K01744
cie:AN232_01845	ko:K07791
cie:AN232_01850	ko:K03926
cie:AN232_01855	ko:K04084
cie:AN232_01870	ko:K14231
cie:AN232_01885	ko:K07483
cie:AN232_01890	ko:K07484
cie:AN232_01905	ko:K18837
cie:AN232_01955	ko:K18320
cie:AN232_01970	ko:K02003
cie:AN232_01975	ko:K02004
cie:AN232_02000	ko:K07644
cie:AN232_02005	ko:K07665
cie:AN232_02010	ko:K07245
cie:AN232_02015	ko:K07156
cie:AN232_02020	ko:K07233
cie:AN232_02045	ko:K23254
cie:AN232_02055	ko:K07787
cie:AN232_02060	ko:K07798
cie:AN232_02065	ko:K07810
cie:AN232_02070	ko:K07796
cie:AN232_02080	ko:K07665
cie:AN232_02085	ko:K07644
cie:AN232_02095	ko:K07497
cie:AN232_02105	ko:K07733
cie:AN232_02120	ko:K06946
cie:AN232_02155	ko:K03630
cie:AN232_02165	ko:K18838
cie:AN232_02170	ko:K18837
cie:AN232_02190	ko:K01985
cie:AN232_02195	ko:K01980
cie:AN232_02200	ko:K14224
cie:AN232_02205	ko:K01977
cie:AN232_02210	ko:K07701
cie:AN232_02215	ko:K07703
cie:AN232_02220	ko:K07792
cie:AN232_02225	ko:K01676
cie:AN232_02230	ko:K08984
cie:AN232_02235	ko:K01584
cie:AN232_02240	ko:K03755
cie:AN232_02245	ko:K03759
cie:AN232_02250	ko:K03760
cie:AN232_02255	ko:K07771
cie:AN232_02260	ko:K07643
cie:AN232_02270	ko:K03762
cie:AN232_02275	ko:K02526
cie:AN232_02290	ko:K06193
cie:AN232_02295	ko:K04750
cie:AN232_02300	ko:K02041
cie:AN232_02305	ko:K02044
cie:AN232_02310	ko:K02042
cie:AN232_02315	ko:K02043
cie:AN232_02320	ko:K06166
cie:AN232_02325	ko:K06165
cie:AN232_02330	ko:K06164
cie:AN232_02335	ko:K06163
cie:AN232_02340	ko:K05781
cie:AN232_02345	ko:K05780
cie:AN232_02350	ko:K06162
cie:AN232_02355	ko:K05774
cie:AN232_02360	ko:K09994
cie:AN232_02365	ko:K06167
cie:AN232_02370	ko:K21498
cie:AN232_02375	ko:K07334
cie:AN232_02395	ko:K10441
cie:AN232_02400	ko:K10440
cie:AN232_02405	ko:K10439
cie:AN232_02410	ko:K09988
cie:AN232_02415	ko:K01624
cie:AN232_02430	ko:K22015
cie:AN232_02435	ko:K07126
cie:AN232_02440	ko:K11102
cie:AN232_02445	ko:K04018
cie:AN232_02450	ko:K04016
cie:AN232_02455	ko:K04015
cie:AN232_02460	ko:K04014
cie:AN232_02465	ko:K04013
cie:AN232_02470	ko:K03385
cie:AN232_02480	ko:K01895
cie:AN232_02495	ko:K14393
cie:AN232_02505	ko:K06518
cie:AN232_02515	ko:K24163
cie:AN232_02520	ko:K06901
cie:AN232_02530	ko:K13639
cie:AN232_02535	ko:K13631
cie:AN232_02540	ko:K26148
cie:AN232_02555	ko:K03111
cie:AN232_02565	ko:K03701
cie:AN232_02575	ko:K03788
cie:AN232_02580	ko:K00832
cie:AN232_02585	ko:K01775
cie:AN232_02590	ko:K02314
cie:AN232_02595	ko:K00344
cie:AN232_02605	ko:K05539
cie:AN232_02615	ko:K09823
cie:AN232_02625	ko:K26937
cie:AN232_02630	ko:K01356
cie:AN232_02635	ko:K00901
cie:AN232_02640	ko:K00631
cie:AN232_02645	ko:K03179
cie:AN232_02650	ko:K03181
cie:AN232_02655	ko:K05775
cie:AN232_02660	ko:K02024
cie:AN232_02665	ko:K10111
cie:AN232_02670	ko:K10108
cie:AN232_02675	ko:K10109
cie:AN232_02680	ko:K10110
cie:AN232_02685	ko:K08138
cie:AN232_02690	ko:K13256
cie:AN232_02730	ko:K01810
cie:AN232_02740	ko:K00928
cie:AN232_02745	ko:K03453
cie:AN232_02755	ko:K06182
cie:AN232_02780	ko:K07497
cie:AN232_02785	ko:K22479
cie:AN232_02790	ko:K00537
cie:AN232_02795	ko:K03893
cie:AN232_02800	ko:K03892
cie:AN232_02805	ko:K11811
cie:AN232_02815	ko:K01744
cie:AN232_02820	ko:K07791
cie:AN232_02835	ko:K05995
cie:AN232_02840	ko:K03324
cie:AN232_02845	ko:K00548
cie:AN232_02850	ko:K13641
cie:AN232_02855	ko:K00906
cie:AN232_02860	ko:K01637
cie:AN232_02865	ko:K01638
cie:AN232_02870	ko:K00651
cie:AN232_02875	ko:K03826
cie:AN232_02880	ko:K01985
cie:AN232_02885	ko:K01980
cie:AN232_02890	ko:K01977
cie:AN232_02900	ko:K00602
cie:AN232_02905	ko:K01945
cie:AN232_02910	ko:K07713
cie:AN232_02915	ko:K07709
cie:AN232_02920	ko:K07803
cie:AN232_02930	ko:K05787
cie:AN232_02935	ko:K09891
cie:AN232_02940	ko:K05982
cie:AN232_02945	ko:K01599
cie:AN232_02950	ko:K03426
cie:AN232_02955	ko:K07740
cie:AN232_02960	ko:K03147
cie:AN232_02965	ko:K00788
cie:AN232_02970	ko:K03148
cie:AN232_02975	ko:K03154
cie:AN232_02980	ko:K03149
cie:AN232_02985	ko:K03150
cie:AN232_02990	ko:K02760
cie:AN232_02995	ko:K02759
cie:AN232_03000	ko:K03046
cie:AN232_03005	ko:K03043
cie:AN232_03010	ko:K02935
cie:AN232_03015	ko:K02864
cie:AN232_03025	ko:K02863
cie:AN232_03030	ko:K02867
cie:AN232_03035	ko:K02601
cie:AN232_03040	ko:K03073
cie:AN232_03045	ko:K02358
cie:AN232_03050	ko:K14234
cie:AN232_03055	ko:K14225
cie:AN232_03060	ko:K14236
cie:AN232_03065	ko:K14234
cie:AN232_03075	ko:K00867
cie:AN232_03080	ko:K03524
cie:AN232_03085	ko:K00075
cie:AN232_03090	ko:K01985
cie:AN232_03095	ko:K01980
cie:AN232_03100	ko:K14218
cie:AN232_03105	ko:K14227
cie:AN232_03110	ko:K01977
cie:AN232_03115	ko:K01776
cie:AN232_03120	ko:K16092
cie:AN232_03125	ko:K00557
cie:AN232_03135	ko:K22105
cie:AN232_03140	ko:K00322
cie:AN232_03145	ko:K04761
cie:AN232_03155	ko:K01755
cie:AN232_03165	ko:K00930
cie:AN232_03170	ko:K00145
cie:AN232_03175	ko:K01438
cie:AN232_03180	ko:K01595
cie:AN232_03185	ko:K19353
cie:AN232_03200	ko:K08314
cie:AN232_03205	ko:K00005
cie:AN232_03210	ko:K03782
cie:AN232_03215	ko:K00297
cie:AN232_03230	ko:K01607
cie:AN232_03245	ko:K12525
cie:AN232_03250	ko:K01739
cie:AN232_03255	ko:K03764
cie:AN232_03260	ko:K03292
cie:AN232_03265	ko:K22110
cie:AN232_03270	ko:K02909
cie:AN232_03275	ko:K04066
cie:AN232_03280	ko:K05499
cie:AN232_03290	ko:K03591
cie:AN232_03295	ko:K01419
cie:AN232_03300	ko:K03667
cie:AN232_03305	ko:K02548
cie:AN232_03310	ko:K02553
cie:AN232_03315	ko:K16849
cie:AN232_03320	ko:K16850
cie:AN232_03325	ko:K02526
cie:AN232_03335	ko:K09892
cie:AN232_03340	ko:K02440
cie:AN232_03345	ko:K00864
cie:AN232_03350	ko:K02446
cie:AN232_03355	ko:K00528
cie:AN232_03370	ko:K01803
cie:AN232_03375	ko:K03319
cie:AN232_03385	ko:K01521
cie:AN232_03390	ko:K23163
cie:AN232_03395	ko:K00850
cie:AN232_03400	ko:K13283
cie:AN232_03410	ko:K06006
cie:AN232_03415	ko:K07662
cie:AN232_03420	ko:K07640
cie:AN232_03425	ko:K26602
cie:AN232_03445	ko:K22397
cie:AN232_03450	ko:K02526
cie:AN232_03455	ko:K04564
cie:AN232_03460	ko:K02856
cie:AN232_03475	ko:K02854
cie:AN232_03480	ko:K02855
cie:AN232_03485	ko:K00848
cie:AN232_03490	ko:K01813
cie:AN232_03500	ko:K01629
cie:AN232_03505	ko:K13954
cie:AN232_03510	ko:K03534
cie:AN232_03520	ko:K26605
cie:AN232_03525	ko:K26606
cie:AN232_03545	ko:K02379
cie:AN232_03550	ko:K00123
cie:AN232_03555	ko:K00123
cie:AN232_03560	ko:K00124
cie:AN232_03565	ko:K00127
cie:AN232_03570	ko:K02380
cie:AN232_03575	ko:K07726
cie:AN232_03590	ko:K07746
cie:AN232_03595	ko:K19092
cie:AN232_03605	ko:K07560
cie:AN232_03610	ko:K07058
cie:AN232_03615	ko:K20866
cie:AN232_03620	ko:K27243
cie:AN232_03625	ko:K18478
cie:AN232_03630	ko:K08318
cie:AN232_03635	ko:K01671
cie:AN232_03640	ko:K18479
cie:AN232_03645	ko:K28636
cie:AN232_03650	ko:K15922
cie:AN232_03660	ko:K03292
cie:AN232_03665	ko:K22110
cie:AN232_03670	ko:K06207
cie:AN232_03680	ko:K01915
cie:AN232_03685	ko:K07708
cie:AN232_03690	ko:K07712
cie:AN232_03700	ko:K02495
cie:AN232_03705	ko:K09894
cie:AN232_03715	ko:K03978
cie:AN232_03720	ko:K02335
cie:AN232_03730	ko:K03673
cie:AN232_03740	ko:K09896
cie:AN232_03745	ko:K03752
cie:AN232_03750	ko:K03753
cie:AN232_03755	ko:K01985
cie:AN232_03760	ko:K01980
cie:AN232_03765	ko:K14218
cie:AN232_03770	ko:K14227
cie:AN232_03775	ko:K01977
cie:AN232_03780	ko:K00230
cie:AN232_03785	ko:K03498
cie:AN232_03795	ko:K01271
cie:AN232_03800	ko:K01825
cie:AN232_03805	ko:K00632
cie:AN232_03815	ko:K00847
cie:AN232_03820	ko:K05368
cie:AN232_03825	ko:K03182
cie:AN232_03830	ko:K05785
cie:AN232_03835	ko:K03424
cie:AN232_03840	ko:K03118
cie:AN232_03845	ko:K03117
cie:AN232_03850	ko:K03116
cie:AN232_03855	ko:K03688
cie:AN232_03860	ko:K03690
cie:AN232_03865	ko:K03183
cie:AN232_03870	ko:K09760
cie:AN232_03875	ko:K00757
cie:AN232_03880	ko:K01061
cie:AN232_03885	ko:K00549
cie:AN232_03890	ko:K03576
cie:AN232_03900	ko:K28854
cie:AN232_03905	ko:K01048
cie:AN232_03910	ko:K05834
cie:AN232_03915	ko:K05835
cie:AN232_03920	ko:K03654
cie:AN232_03925	ko:K01058
cie:AN232_03930	ko:K01073
cie:AN232_03935	ko:K05786
cie:AN232_03940	ko:K03284
cie:AN232_03950	ko:K03657
cie:AN232_03955	ko:K20862
cie:AN232_03960	ko:K03733
cie:AN232_03965	ko:K09921
cie:AN232_03970	ko:K01778
cie:AN232_03980	ko:K06202
cie:AN232_03985	ko:K05851
cie:AN232_03990	ko:K01749
cie:AN232_03995	ko:K01719
cie:AN232_04000	ko:K02496
cie:AN232_04005	ko:K02498
cie:AN232_04010	ko:K14232
cie:AN232_04015	ko:K14228
cie:AN232_04020	ko:K14226
cie:AN232_04025	ko:K14219
cie:AN232_04030	ko:K03293
cie:AN232_04035	ko:K02852
cie:AN232_04040	ko:K02853
cie:AN232_04045	ko:K12582
cie:AN232_04050	ko:K16693
cie:AN232_04055	ko:K02805
cie:AN232_04060	ko:K16704
cie:AN232_04065	ko:K02472
cie:AN232_04070	ko:K01791
cie:AN232_04075	ko:K05790
cie:AN232_04080	ko:K02851
cie:AN232_04085	ko:K03628
cie:AN232_04095	ko:K03671
cie:AN232_04100	ko:K03732
cie:AN232_04105	ko:K01524
cie:AN232_04110	ko:K03656
cie:AN232_04115	ko:K03811
cie:AN232_04120	ko:K00757
cie:AN232_04125	ko:K10914
cie:AN232_04130	ko:K03769
cie:AN232_04135	ko:K03769
cie:AN232_04140	ko:K00053
cie:AN232_04145	ko:K02521
cie:AN232_04150	ko:K00209
cie:AN232_04155	ko:K01754
cie:AN232_04160	ko:K01687
cie:AN232_04165	ko:K00826
cie:AN232_04170	ko:K11258
cie:AN232_04175	ko:K01652
cie:AN232_04185	ko:K07391
cie:AN232_04190	ko:K09897
cie:AN232_04195	ko:K23773
cie:AN232_04200	ko:K14235
cie:AN232_04205	ko:K14221
cie:AN232_04210	ko:K01985
cie:AN232_04215	ko:K01980
cie:AN232_04220	ko:K14224
cie:AN232_04225	ko:K01977
cie:AN232_04240	ko:K02529
cie:AN232_04245	ko:K00852
cie:AN232_04250	ko:K10439
cie:AN232_04255	ko:K10440
cie:AN232_04260	ko:K10441
cie:AN232_04265	ko:K06726
cie:AN232_04270	ko:K03549
cie:AN232_04275	ko:K03924
cie:AN232_04285	ko:K01914
cie:AN232_04290	ko:K03718
cie:AN232_04295	ko:K06205
cie:AN232_04300	ko:K03495
cie:AN232_04305	ko:K03501
cie:AN232_04310	ko:K02116
cie:AN232_04315	ko:K02108
cie:AN232_04320	ko:K02110
cie:AN232_04325	ko:K02109
cie:AN232_04330	ko:K02113
cie:AN232_04335	ko:K02111
cie:AN232_04340	ko:K02115
cie:AN232_04345	ko:K02112
cie:AN232_04350	ko:K02114
cie:AN232_04355	ko:K04042
cie:AN232_04360	ko:K00820
cie:AN232_04365	ko:K02040
cie:AN232_04370	ko:K02037
cie:AN232_04375	ko:K02038
cie:AN232_04380	ko:K02036
cie:AN232_04385	ko:K02039
cie:AN232_04395	ko:K06901
cie:AN232_04400	ko:K19784
cie:AN232_04415	ko:K08163
cie:AN232_04420	ko:K03650
cie:AN232_04425	ko:K03217
cie:AN232_04430	ko:K08998
cie:AN232_04435	ko:K03536
cie:AN232_04440	ko:K02914
cie:AN232_04450	ko:K02313
cie:AN232_04455	ko:K02338
cie:AN232_04460	ko:K03629
cie:AN232_04465	ko:K02470
cie:AN232_04500	ko:K04080
cie:AN232_04505	ko:K04081
cie:AN232_04515	ko:K07085
cie:AN232_04520	ko:K00389
cie:AN232_04530	ko:K06871
cie:AN232_04535	ko:K01753
cie:AN232_04540	ko:K13629
cie:AN232_04545	ko:K13636
cie:AN232_04555	ko:K08154
cie:AN232_04565	ko:K19148
cie:AN232_04580	ko:K01652
cie:AN232_04585	ko:K01653
cie:AN232_04590	ko:K11534
cie:AN232_04595	ko:K28747
cie:AN232_04600	ko:K02429
cie:AN232_04610	ko:K07686
cie:AN232_04615	ko:K07675
cie:AN232_04620	ko:K07783
cie:AN232_04625	ko:K07784
cie:AN232_04635	ko:K03445
cie:AN232_04640	ko:K01223
cie:AN232_04655	ko:K17473
cie:AN232_04660	ko:K17464
cie:AN232_04665	ko:K17465
cie:AN232_04670	ko:K17466
cie:AN232_04675	ko:K17467
cie:AN232_04680	ko:K17468
cie:AN232_04685	ko:K17463
cie:AN232_04695	ko:K02073
cie:AN232_04705	ko:K03566
cie:AN232_04735	ko:K08659
cie:AN232_04755	ko:K12678
cie:AN232_04795	ko:K14238
cie:AN232_04800	ko:K03292
cie:AN232_04805	ko:K01811
cie:AN232_04815	ko:K02768
cie:AN232_04820	ko:K02769
cie:AN232_04825	ko:K02770
cie:AN232_04830	ko:K01624
cie:AN232_04835	ko:K01624
cie:AN232_04840	ko:K09988
cie:AN232_04850	ko:K16345
cie:AN232_04855	ko:K03312
cie:AN232_04860	ko:K03655
cie:AN232_04865	ko:K00556
cie:AN232_04870	ko:K01139
cie:AN232_04875	ko:K03060
cie:AN232_04880	ko:K00942
cie:AN232_04890	ko:K01972
cie:AN232_04920	ko:K03111
cie:AN232_04925	ko:K06919
cie:AN232_04960	ko:K07741
cie:AN232_04970	ko:K07733
cie:AN232_04995	ko:K00989
cie:AN232_05000	ko:K00762
cie:AN232_05005	ko:K05501
cie:AN232_05015	ko:K01520
cie:AN232_05020	ko:K13038
cie:AN232_05025	ko:K03630
cie:AN232_05030	ko:K02902
cie:AN232_05035	ko:K02913
cie:AN232_05040	ko:K10563
cie:AN232_05045	ko:K00954
cie:AN232_05050	ko:K02527
cie:AN232_05055	ko:K02844
cie:AN232_05060	ko:K02848
cie:AN232_05070	ko:K03279
cie:AN232_05080	ko:K02849
cie:AN232_05090	ko:K02847
cie:AN232_05095	ko:K02841
cie:AN232_05100	ko:K02843
cie:AN232_05105	ko:K03274
cie:AN232_05110	ko:K00639
cie:AN232_05115	ko:K00060
cie:AN232_05120	ko:K19354
cie:AN232_05125	ko:K09798
cie:AN232_05130	ko:K22719
cie:AN232_05135	ko:K15633
cie:AN232_05150	ko:K03676
cie:AN232_05155	ko:K03071
cie:AN232_05160	ko:K00057
cie:AN232_05165	ko:K00640
cie:AN232_05170	ko:K03216
cie:AN232_05175	ko:K08195
cie:AN232_05180	ko:K29125
cie:AN232_05185	ko:K14348
cie:AN232_05190	ko:K00427
cie:AN232_05195	ko:K14762
cie:AN232_05205	ko:K02562
cie:AN232_05210	ko:K00009
cie:AN232_05215	ko:K02800
cie:AN232_05240	ko:K01042
cie:AN232_05245	ko:K03833
cie:AN232_05250	ko:K13954
cie:AN232_05255	ko:K00138
cie:AN232_05275	ko:K07274
cie:AN232_05280	ko:K03077
cie:AN232_05285	ko:K03079
cie:AN232_05290	ko:K03078
cie:AN232_05295	ko:K00880
cie:AN232_05315	ko:K08092
cie:AN232_05325	ko:K21602
cie:AN232_05335	ko:K00835
cie:AN232_05340	ko:K01176
cie:AN232_05350	ko:K03796
cie:AN232_05355	ko:K02529
cie:AN232_05360	ko:K01805
cie:AN232_05365	ko:K00854
cie:AN232_05385	ko:K01878
cie:AN232_05390	ko:K01879
cie:AN232_05400	ko:K03704
cie:AN232_05405	ko:K07726
cie:AN232_05415	ko:K00090
cie:AN232_05425	ko:K00874
cie:AN232_05435	ko:K02525
cie:AN232_05445	ko:K08351
cie:AN232_05450	ko:K03826
cie:AN232_05455	ko:K01246
cie:AN232_05465	ko:K08177
cie:AN232_05470	ko:K12975
cie:AN232_05475	ko:K14232
cie:AN232_05495	ko:K12368
cie:AN232_05505	ko:K12369
cie:AN232_05510	ko:K12370
cie:AN232_05515	ko:K12371
cie:AN232_05520	ko:K12372
cie:AN232_05525	ko:K07714
cie:AN232_05530	ko:K26603
cie:AN232_05535	ko:K01761
cie:AN232_05540	ko:K18862
cie:AN232_05545	ko:K26149
cie:AN232_05555	ko:K11103
cie:AN232_05570	ko:K00874
cie:AN232_05575	ko:K21086
cie:AN232_05580	ko:K07290
cie:AN232_05595	ko:K07058
cie:AN232_05615	ko:K01185
cie:AN232_05630	ko:K01194
cie:AN232_05635	ko:K00428
cie:AN232_05640	ko:K03710
cie:AN232_05650	ko:K10710
cie:AN232_05655	ko:K07792
cie:AN232_05660	ko:K01424
cie:AN232_05665	ko:K21645
cie:AN232_05670	ko:K22209
cie:AN232_05675	ko:K00383
cie:AN232_05680	ko:K07115
cie:AN232_05685	ko:K01414
cie:AN232_05690	ko:K15984
cie:AN232_05695	ko:K03885
cie:AN232_05705	ko:K07726
cie:AN232_05715	ko:K03305
cie:AN232_05720	ko:K06149
cie:AN232_05725	ko:K06144
cie:AN232_05740	ko:K13637
cie:AN232_05745	ko:K00040
cie:AN232_05750	ko:K01686
cie:AN232_05760	ko:K08191
cie:AN232_05765	ko:K08368
cie:AN232_05775	ko:K00111
cie:AN232_05780	ko:K00803
cie:AN232_05785	ko:K02443
cie:AN232_05800	ko:K01993
cie:AN232_05805	ko:K13926
cie:AN232_05810	ko:K01992
cie:AN232_05825	ko:K07722
cie:AN232_05835	ko:K13727
cie:AN232_05840	ko:K06133
cie:AN232_05855	ko:K27311
cie:AN232_05860	ko:K09125
cie:AN232_05865	ko:K04085
cie:AN232_05870	ko:K01534
cie:AN232_05885	ko:K08993
cie:AN232_05890	ko:K08316
cie:AN232_05895	ko:K03110
cie:AN232_05900	ko:K09812
cie:AN232_05905	ko:K09811
cie:AN232_05910	ko:K03089
cie:AN232_05915	ko:K01999
cie:AN232_05925	ko:K01999
cie:AN232_05930	ko:K01997
cie:AN232_05935	ko:K01998
cie:AN232_05940	ko:K01995
cie:AN232_05945	ko:K01996
cie:AN232_05960	ko:K05813
cie:AN232_05965	ko:K05814
cie:AN232_05970	ko:K05815
cie:AN232_05975	ko:K05816
cie:AN232_05980	ko:K01126
cie:AN232_05990	ko:K00681
cie:AN232_06000	ko:K03825
cie:AN232_06010	ko:K06911
cie:AN232_06015	ko:K06145
cie:AN232_06020	ko:K00851
cie:AN232_06025	ko:K06156
cie:AN232_06060	ko:K00133
cie:AN232_06065	ko:K00700
cie:AN232_06070	ko:K02438
cie:AN232_06075	ko:K00975
cie:AN232_06080	ko:K00703
cie:AN232_06085	ko:K00688
cie:AN232_06090	ko:K00111
cie:AN232_06100	ko:K02439
cie:AN232_06105	ko:K02441
cie:AN232_06110	ko:K02444
cie:AN232_06115	ko:K03556
cie:AN232_06120	ko:K00688
cie:AN232_06125	ko:K00705
cie:AN232_06130	ko:K06155
cie:AN232_06135	ko:K07400
cie:AN232_06145	ko:K02170
cie:AN232_06155	ko:K07490
cie:AN232_06160	ko:K04759
cie:AN232_06165	ko:K04758
cie:AN232_06175	ko:K06959
cie:AN232_06180	ko:K04760
cie:AN232_06185	ko:K07659
cie:AN232_06190	ko:K07638
cie:AN232_06195	ko:K01610
cie:AN232_06200	ko:K04083
cie:AN232_06205	ko:K04762
cie:AN232_06210	ko:K20881
cie:AN232_06220	ko:K08312
cie:AN232_06225	ko:K05366
cie:AN232_06230	ko:K12288
cie:AN232_06235	ko:K12289
cie:AN232_06240	ko:K12290
cie:AN232_06245	ko:K12291
cie:AN232_06250	ko:K02507
cie:AN232_06260	ko:K00891
cie:AN232_06265	ko:K01735
cie:AN232_06270	ko:K03112
cie:AN232_06275	ko:K06223
cie:AN232_06280	ko:K01783
cie:AN232_06285	ko:K01091
cie:AN232_06290	ko:K01867
cie:AN232_06300	ko:K02302
cie:AN232_06305	ko:K02598
cie:AN232_06310	ko:K00363
cie:AN232_06315	ko:K00362
cie:AN232_06320	ko:K06141
cie:AN232_06325	ko:K03767
cie:AN232_06335	ko:K04095
cie:AN232_06340	ko:K01664
cie:AN232_06345	ko:K00821
cie:AN232_06355	ko:K10914
cie:AN232_06370	ko:K07397
cie:AN232_06375	ko:K28462
cie:AN232_06380	ko:K09898
cie:AN232_06385	ko:K07019
cie:AN232_06395	ko:K00948
cie:AN232_06400	ko:K03462
cie:AN232_06405	ko:K13929
cie:AN232_06410	ko:K13930
cie:AN232_06415	ko:K13931
cie:AN232_06420	ko:K13932
cie:AN232_06425	ko:K13933
cie:AN232_06430	ko:K13936
cie:AN232_06435	ko:K13934
cie:AN232_06440	ko:K13935
cie:AN232_06445	ko:K13928
cie:AN232_06450	ko:K06158
cie:AN232_06460	ko:K11748
cie:AN232_06465	ko:K11747
cie:AN232_06470	ko:K07070
cie:AN232_06475	ko:K03775
cie:AN232_06480	ko:K03745
cie:AN232_06485	ko:K03772
cie:AN232_06495	ko:K07235
cie:AN232_06500	ko:K07236
cie:AN232_06505	ko:K07237
cie:AN232_06510	ko:K02950
cie:AN232_06515	ko:K02992
cie:AN232_06520	ko:K02355
cie:AN232_06525	ko:K02358
cie:AN232_06535	ko:K02192
cie:AN232_06540	ko:K03594
cie:AN232_06550	ko:K02462
cie:AN232_06555	ko:K02461
cie:AN232_06560	ko:K02460
cie:AN232_06565	ko:K02459
cie:AN232_06570	ko:K02458
cie:AN232_06575	ko:K02457
cie:AN232_06580	ko:K02456
cie:AN232_06585	ko:K02455
cie:AN232_06590	ko:K02454
cie:AN232_06595	ko:K02453
cie:AN232_06600	ko:K02452
cie:AN232_06605	ko:K02450
cie:AN232_06610	ko:K02451
cie:AN232_06615	ko:K02946
cie:AN232_06620	ko:K02906
cie:AN232_06625	ko:K02926
cie:AN232_06630	ko:K02892
cie:AN232_06635	ko:K02886
cie:AN232_06640	ko:K02965
cie:AN232_06645	ko:K02890
cie:AN232_06650	ko:K02982
cie:AN232_06655	ko:K02878
cie:AN232_06660	ko:K02904
cie:AN232_06665	ko:K02961
cie:AN232_06670	ko:K02874
cie:AN232_06675	ko:K02895
cie:AN232_06680	ko:K02931
cie:AN232_06685	ko:K02954
cie:AN232_06690	ko:K02994
cie:AN232_06695	ko:K02933
cie:AN232_06700	ko:K02881
cie:AN232_06705	ko:K02988
cie:AN232_06710	ko:K02907
cie:AN232_06715	ko:K02876
cie:AN232_06720	ko:K03076
cie:AN232_06725	ko:K02919
cie:AN232_06730	ko:K02952
cie:AN232_06735	ko:K02948
cie:AN232_06740	ko:K02986
cie:AN232_06745	ko:K03040
cie:AN232_06750	ko:K02879
cie:AN232_06760	ko:K13638
cie:AN232_06765	ko:K09890
cie:AN232_06770	ko:K03282
cie:AN232_06775	ko:K03499
cie:AN232_06780	ko:K03500
cie:AN232_06785	ko:K00604
cie:AN232_06790	ko:K01462
cie:AN232_06795	ko:K04096
cie:AN232_06800	ko:K03747
cie:AN232_06805	ko:K07479
cie:AN232_06810	ko:K07566
cie:AN232_06815	ko:K00014
cie:AN232_06830	ko:K01977
cie:AN232_06835	ko:K14227
cie:AN232_06840	ko:K14218
cie:AN232_06845	ko:K01980
cie:AN232_06850	ko:K01985
cie:AN232_06855	ko:K14234
cie:AN232_06860	ko:K01985
cie:AN232_06865	ko:K09972
cie:AN232_06870	ko:K09971
cie:AN232_06875	ko:K09970
cie:AN232_06880	ko:K09969
cie:AN232_06890	ko:K18142
cie:AN232_06895	ko:K18141
cie:AN232_06905	ko:K18140
cie:AN232_06915	ko:K07319
cie:AN232_06920	ko:K03557
cie:AN232_06925	ko:K05540
cie:AN232_06930	ko:K01674
cie:AN232_06935	ko:K02687
cie:AN232_06940	ko:K14392
cie:AN232_06950	ko:K01961
cie:AN232_06955	ko:K02160
cie:AN232_06965	ko:K17247
cie:AN232_06970	ko:K07147
cie:AN232_06975	ko:K19745
cie:AN232_06980	ko:K18765
cie:AN232_06990	ko:K03569
cie:AN232_06995	ko:K03570
cie:AN232_07000	ko:K03571
cie:AN232_07005	ko:K06287
cie:AN232_07010	ko:K08301
cie:AN232_07020	ko:K03568
cie:AN232_07025	ko:K21698
cie:AN232_07030	ko:K21695
cie:AN232_07035	ko:K15548
cie:AN232_07040	ko:K03468
cie:AN232_07045	ko:K03623
cie:AN232_07055	ko:K03402
cie:AN232_07065	ko:K00024
cie:AN232_07070	ko:K04691
cie:AN232_07075	ko:K04772
cie:AN232_07080	ko:K09908
cie:AN232_07085	ko:K06916
cie:AN232_07090	ko:K02871
cie:AN232_07095	ko:K02996
cie:AN232_07110	ko:K03599
cie:AN232_07115	ko:K03600
cie:AN232_07120	ko:K03326
cie:AN232_07125	ko:K22104
cie:AN232_07130	ko:K01639
cie:AN232_07135	ko:K03290
cie:AN232_07140	ko:K00885
cie:AN232_07150	ko:K01485
cie:AN232_07155	ko:K10974
cie:AN232_07160	ko:K00266
cie:AN232_07165	ko:K00265
cie:AN232_07170	ko:K07139
cie:AN232_07175	ko:K07648
cie:AN232_07185	ko:K03814
cie:AN232_07190	ko:K08485
cie:AN232_07195	ko:K06958
cie:AN232_07200	ko:K02806
cie:AN232_07205	ko:K05808
cie:AN232_07210	ko:K03092
cie:AN232_07215	ko:K06861
cie:AN232_07220	ko:K09774
cie:AN232_07225	ko:K11719
cie:AN232_07230	ko:K03270
cie:AN232_07235	ko:K06041
cie:AN232_07240	ko:K07301
cie:AN232_07245	ko:K02065
cie:AN232_07250	ko:K02066
cie:AN232_07255	ko:K02067
cie:AN232_07260	ko:K07323
cie:AN232_07265	ko:K07122
cie:AN232_07275	ko:K00790
cie:AN232_07280	ko:K07724
cie:AN232_07285	ko:K02523
cie:AN232_07290	ko:K02888
cie:AN232_07295	ko:K02899
cie:AN232_07305	ko:K03979
cie:AN232_07310	ko:K01002
cie:AN232_07315	ko:K07259
cie:AN232_07320	ko:K03624
cie:AN232_07330	ko:K07574
cie:AN232_07335	ko:K02427
cie:AN232_07340	ko:K03798
cie:AN232_07345	ko:K00796
cie:AN232_07350	ko:K03431
cie:AN232_07355	ko:K10930
cie:AN232_07360	ko:K10931
cie:AN232_07365	ko:K10962
cie:AN232_07370	ko:K10932
cie:AN232_07380	ko:K10933
cie:AN232_07390	ko:K10965
cie:AN232_07395	ko:K10934
cie:AN232_07405	ko:K02654
cie:AN232_07410	ko:K19304
cie:AN232_07415	ko:K03075
cie:AN232_07420	ko:K14228
cie:AN232_07430	ko:K01940
cie:AN232_07435	ko:K14230
cie:AN232_07440	ko:K09748
cie:AN232_07445	ko:K02600
cie:AN232_07450	ko:K02519
cie:AN232_07455	ko:K02834
cie:AN232_07460	ko:K03177
cie:AN232_07465	ko:K02956
cie:AN232_07470	ko:K00962
cie:AN232_07475	ko:K05803
cie:AN232_07480	ko:K05592
cie:AN232_07485	ko:K03835
cie:AN232_07495	ko:K24845
cie:AN232_07500	ko:K24844
cie:AN232_07505	ko:K24843
cie:AN232_07510	ko:K03824
cie:AN232_07515	ko:K07461
cie:AN232_07520	ko:K09979
cie:AN232_07525	ko:K05520
cie:AN232_07535	ko:K28369
cie:AN232_07540	ko:K12961
cie:AN232_07545	ko:K07460
cie:AN232_07550	ko:K07121
cie:AN232_07555	ko:K07056
cie:AN232_07565	ko:K08302
cie:AN232_07570	ko:K02082
cie:AN232_07575	ko:K02079
cie:AN232_07580	ko:K02744
cie:AN232_07585	ko:K02747
cie:AN232_07590	ko:K02746
cie:AN232_07595	ko:K02745
cie:AN232_07600	ko:K16371
cie:AN232_07610	ko:K02081
cie:AN232_07615	ko:K01708
cie:AN232_07625	ko:K12299
cie:AN232_07630	ko:K01630
cie:AN232_07635	ko:K00042
cie:AN232_07640	ko:K00865
cie:AN232_07645	ko:K01978
cie:AN232_07650	ko:K07592
cie:AN232_07660	ko:K03838
cie:AN232_07665	ko:K00932
cie:AN232_07670	ko:K00656
cie:AN232_07675	ko:K09022
cie:AN232_07680	ko:K01752
cie:AN232_07690	ko:K26604
cie:AN232_07695	ko:K26607
cie:AN232_07720	ko:K07393
cie:AN232_07725	ko:K15977
cie:AN232_07750	ko:K25864
cie:AN232_07760	ko:K19775
cie:AN232_07765	ko:K08191
cie:AN232_07770	ko:K01812
cie:AN232_07775	ko:K01685
cie:AN232_07785	ko:K07862
cie:AN232_07800	ko:K07043
cie:AN232_07805	ko:K11391
cie:AN232_07810	ko:K00219
cie:AN232_07815	ko:K09251
cie:AN232_07820	ko:K03776
cie:AN232_07830	ko:K07229
cie:AN232_07840	ko:K00574
cie:AN232_07845	ko:K28825
cie:AN232_07855	ko:K00005
cie:AN232_07860	ko:K05880
cie:AN232_07865	ko:K00798
cie:AN232_07875	ko:K00086
cie:AN232_07885	ko:K06120
cie:AN232_07890	ko:K06121
cie:AN232_07895	ko:K06122
cie:AN232_07910	ko:K07267
cie:AN232_07915	ko:K28762
cie:AN232_07920	ko:K02529
cie:AN232_07925	ko:K01714
cie:AN232_07935	ko:K07791
cie:AN232_07940	ko:K14230
cie:AN232_07945	ko:K03649
cie:AN232_07950	ko:K03086
cie:AN232_07955	ko:K02316
cie:AN232_07960	ko:K02970
cie:AN232_07970	ko:K25706
cie:AN232_07975	ko:K03189
cie:AN232_07980	ko:K03188
cie:AN232_07985	ko:K03187
cie:AN232_07990	ko:K01428
cie:AN232_07995	ko:K01429
cie:AN232_08000	ko:K01430
cie:AN232_08005	ko:K03190
cie:AN232_08010	ko:K11106
cie:AN232_08015	ko:K03780
cie:AN232_08020	ko:K03779
cie:AN232_08025	ko:K21742
cie:AN232_08030	ko:K08591
cie:AN232_08035	ko:K01633
cie:AN232_08040	ko:K06153
cie:AN232_08045	ko:K01183
cie:AN232_08050	ko:K00974
cie:AN232_08055	ko:K07184
cie:AN232_08060	ko:K18446
cie:AN232_08065	ko:K00982
cie:AN232_08070	ko:K03272
cie:AN232_08075	ko:K22720
cie:AN232_08080	ko:K09806
cie:AN232_08085	ko:K02858
cie:AN232_08095	ko:K07238
cie:AN232_08100	ko:K15777
cie:AN232_08120	ko:K12340
cie:AN232_08125	ko:K01515
cie:AN232_08130	ko:K09920
cie:AN232_08135	ko:K03651
cie:AN232_08140	ko:K07000
cie:AN232_08145	ko:K02622
cie:AN232_08155	ko:K03923
cie:AN232_08160	ko:K07645
cie:AN232_08165	ko:K07666
cie:AN232_08175	ko:K02621
cie:AN232_08180	ko:K00655
cie:AN232_08185	ko:K04753
cie:AN232_08190	ko:K03498
cie:AN232_08205	ko:K03319
cie:AN232_08210	ko:K06221
cie:AN232_08215	ko:K08325
cie:AN232_08230	ko:K01760
cie:AN232_08240	ko:K03561
cie:AN232_08245	ko:K03559
cie:AN232_08265	ko:K19265
cie:AN232_08275	ko:K03406
cie:AN232_08290	ko:K06282
cie:AN232_08305	ko:K06281
cie:AN232_08310	ko:K03605
cie:AN232_08320	ko:K04651
cie:AN232_08325	ko:K04653
cie:AN232_08330	ko:K11209
cie:AN232_08340	ko:K01460
cie:AN232_08345	ko:K11901
cie:AN232_08350	ko:K11900
cie:AN232_08355	ko:K11893
cie:AN232_08360	ko:K11892
cie:AN232_08370	ko:K11903
cie:AN232_08375	ko:K11907
cie:AN232_08390	ko:K11904
cie:AN232_08455	ko:K11891
cie:AN232_08460	ko:K11910
cie:AN232_08465	ko:K11896
cie:AN232_08470	ko:K11895
cie:AN232_08475	ko:K11906
cie:AN232_08480	ko:K11905
cie:AN232_08485	ko:K11911
cie:AN232_08495	ko:K14231
cie:AN232_08500	ko:K07150
cie:AN232_08510	ko:K01581
cie:AN232_08515	ko:K03289
cie:AN232_08520	ko:K08306
cie:AN232_08530	ko:K03575
cie:AN232_08535	ko:K03439
cie:AN232_08540	ko:K09923
cie:AN232_08550	ko:K01424
cie:AN232_08560	ko:K01519
cie:AN232_08565	ko:K09131
cie:AN232_08570	ko:K02221
cie:AN232_08575	ko:K06997
cie:AN232_08580	ko:K02669
cie:AN232_08585	ko:K07447
cie:AN232_08590	ko:K07735
cie:AN232_08595	ko:K01920
cie:AN232_08600	ko:K09761
cie:AN232_08605	ko:K01150
cie:AN232_08610	ko:K02742
cie:AN232_08615	ko:K08137
cie:AN232_08620	ko:K00789
cie:AN232_08640	ko:K01585
cie:AN232_08645	ko:K01480
cie:AN232_08655	ko:K07387
cie:AN232_08660	ko:K00615
cie:AN232_08665	ko:K02798
cie:AN232_08670	ko:K02800
cie:AN232_08675	ko:K19956
cie:AN232_08680	ko:K02446
cie:AN232_08685	ko:K01774
cie:AN232_08690	ko:K02173
cie:AN232_08700	ko:K01183
cie:AN232_08710	ko:K03472
cie:AN232_08715	ko:K00927
cie:AN232_08720	ko:K01624
cie:AN232_08725	ko:K03442
cie:AN232_08730	ko:K06895
cie:AN232_08735	ko:K09807
cie:AN232_08745	ko:K22214
cie:AN232_08750	ko:K11264
cie:AN232_08755	ko:K07588
cie:AN232_08760	ko:K01847
cie:AN232_08765	ko:K05596
cie:AN232_08770	ko:K01807
cie:AN232_08775	ko:K00058
cie:AN232_08780	ko:K01934
cie:AN232_08785	ko:K28358
cie:AN232_08790	ko:K09888
cie:AN232_08800	ko:K09895
cie:AN232_08805	ko:K01262
cie:AN232_08810	ko:K03185
cie:AN232_08815	ko:K18800
cie:AN232_08820	ko:K00605
cie:AN232_08825	ko:K02437
cie:AN232_08830	ko:K00281
cie:AN232_08840	ko:K01223
cie:AN232_08850	ko:K09900
cie:AN232_08855	ko:K11068
cie:AN232_08860	ko:K06980
cie:AN232_08870	ko:K09159
cie:AN232_08875	ko:K19168
cie:AN232_08880	ko:K03840
cie:AN232_08885	ko:K04763
cie:AN232_08890	ko:K03981
cie:AN232_08895	ko:K07462
cie:AN232_08900	ko:K02836
cie:AN232_08905	ko:K04567
cie:AN232_08910	ko:K01823
cie:AN232_08915	ko:K07150
cie:AN232_08920	ko:K03186
cie:AN232_08925	ko:K22958
cie:AN232_08935	ko:K12943
cie:AN232_08940	ko:K14225
cie:AN232_08960	ko:K04333
cie:AN232_08965	ko:K07345
cie:AN232_08970	ko:K15540
cie:AN232_08975	ko:K07347
cie:AN232_09005	ko:K08224
cie:AN232_09015	ko:K01910
cie:AN232_09020	ko:K01646
cie:AN232_09025	ko:K01644
cie:AN232_09035	ko:K05964
cie:AN232_09040	ko:K05966
cie:AN232_09045	ko:K07002
cie:AN232_09050	ko:K01682
cie:AN232_09055	ko:K03319
cie:AN232_09065	ko:K11935
cie:AN232_09070	ko:K11931
cie:AN232_09075	ko:K11936
cie:AN232_09080	ko:K11937
cie:AN232_09090	ko:K06975
cie:AN232_09100	ko:K06867
cie:AN232_09120	ko:K06901
cie:AN232_09125	ko:K00926
cie:AN232_09135	ko:K08970
cie:AN232_09140	ko:K23240
cie:AN232_09160	ko:K00626
cie:AN232_09165	ko:K01815
cie:AN232_09170	ko:K00065
cie:AN232_09175	ko:K02100
cie:AN232_09180	ko:K26933
cie:AN232_09185	ko:K25316
cie:AN232_09195	ko:K01586
cie:AN232_09205	ko:K02529
cie:AN232_09215	ko:K05939
cie:AN232_09220	ko:K08227
cie:AN232_09240	ko:K03573
cie:AN232_09245	ko:K08311
cie:AN232_09250	ko:K08484
cie:AN232_09255	ko:K13292
cie:AN232_09260	ko:K00560
cie:AN232_09270	ko:K02679
cie:AN232_09275	ko:K02680
cie:AN232_09285	ko:K02681
cie:AN232_09290	ko:K03583
cie:AN232_09295	ko:K01407
cie:AN232_09300	ko:K03582
cie:AN232_09305	ko:K03581
cie:AN232_09310	ko:K14682
cie:AN232_09315	ko:K01448
cie:AN232_09320	ko:K14230
cie:AN232_09325	ko:K14230
cie:AN232_09330	ko:K14230
cie:AN232_09335	ko:K08304
cie:AN232_09340	ko:K22132
cie:AN232_09345	ko:K02426
cie:AN232_09350	ko:K01766
cie:AN232_09360	ko:K03566
cie:AN232_09370	ko:K06968
cie:AN232_09375	ko:K02430
cie:AN232_09380	ko:K02431
cie:AN232_09385	ko:K00879
cie:AN232_09390	ko:K01818
cie:AN232_09395	ko:K10441
cie:AN232_09400	ko:K10440
cie:AN232_09405	ko:K10439
cie:AN232_09410	ko:K00875
cie:AN232_09415	ko:K03484
cie:AN232_09420	ko:K01628
cie:AN232_09425	ko:K00048
cie:AN232_09430	ko:K01146
cie:AN232_09435	ko:K01752
cie:AN232_09440	ko:K03837
cie:AN232_09445	ko:K06966
cie:AN232_09450	ko:K06879
cie:AN232_09455	ko:K15723
cie:AN232_09465	ko:K06175
cie:AN232_09480	ko:K03535
cie:AN232_09485	ko:K13918
cie:AN232_09490	ko:K01706
cie:AN232_09495	ko:K00865
cie:AN232_09500	ko:K07678
cie:AN232_09505	ko:K03215
cie:AN232_09510	ko:K00951
cie:AN232_09515	ko:K04765
cie:AN232_09520	ko:K01937
cie:AN232_09525	ko:K01689
cie:AN232_09535	ko:K02791
cie:AN232_09540	ko:K01788
cie:AN232_09545	ko:K10026
cie:AN232_09550	ko:K01737
cie:AN232_09555	ko:K00380
cie:AN232_09560	ko:K00381
cie:AN232_09565	ko:K00390
cie:AN232_09570	ko:K09612
cie:AN232_09575	ko:K00957
cie:AN232_09580	ko:K00956
cie:AN232_09585	ko:K00860
cie:AN232_09595	ko:K05589
cie:AN232_09600	ko:K00991
cie:AN232_09605	ko:K01770
cie:AN232_09615	ko:K03787
cie:AN232_09620	ko:K00573
cie:AN232_09625	ko:K06194
cie:AN232_09630	ko:K03087
cie:AN232_09635	ko:K22489
cie:AN232_09640	ko:K03186
cie:AN232_09645	ko:K01612
cie:AN232_09650	ko:K21759
cie:AN232_09655	ko:K03555
cie:AN232_09675	ko:K12542
cie:AN232_09680	ko:K12541
cie:AN232_09685	ko:K12543
cie:AN232_09730	ko:K03406
cie:AN232_09735	ko:K03412
cie:AN232_09740	ko:K00575
cie:AN232_09745	ko:K03407
cie:AN232_09760	ko:K03408
cie:AN232_09775	ko:K11606
cie:AN232_09780	ko:K11605
cie:AN232_09785	ko:K11607
cie:AN232_09790	ko:K11604
cie:AN232_09800	ko:K15836
cie:AN232_09805	ko:K04655
cie:AN232_09810	ko:K04654
cie:AN232_09815	ko:K04653
cie:AN232_09820	ko:K04652
cie:AN232_09825	ko:K04651
cie:AN232_09830	ko:K15833
cie:AN232_09840	ko:K15827
cie:AN232_09845	ko:K15828
cie:AN232_09850	ko:K15829
cie:AN232_09855	ko:K15830
cie:AN232_09860	ko:K15831
cie:AN232_09865	ko:K15832
cie:AN232_09870	ko:K15834
cie:AN232_09875	ko:K08315
cie:AN232_09880	ko:K19048
cie:AN232_09885	ko:K01223
cie:AN232_09890	ko:K02753
cie:AN232_09895	ko:K03487
cie:AN232_09900	ko:K05796
cie:AN232_09905	ko:K04656
cie:AN232_09910	ko:K12265
cie:AN232_09915	ko:K12264
cie:AN232_09920	ko:K12266
cie:AN232_09925	ko:K02467
cie:AN232_09930	ko:K02468
cie:AN232_09935	ko:K02466
cie:AN232_09940	ko:K00068
cie:AN232_09945	ko:K02781
cie:AN232_09950	ko:K02782
cie:AN232_09955	ko:K02783
cie:AN232_09960	ko:K08305
cie:AN232_09965	ko:K03743
cie:AN232_09970	ko:K03553
cie:AN232_09975	ko:K03565
cie:AN232_09980	ko:K01872
cie:AN232_09985	ko:K03563
cie:AN232_09990	ko:K14233
cie:AN232_09995	ko:K14219
cie:AN232_10000	ko:K14219
cie:AN232_10005	ko:K14219
cie:AN232_10010	ko:K14219
cie:AN232_10025	ko:K01919
cie:AN232_10030	ko:K07173
cie:AN232_10035	ko:K03446
cie:AN232_10040	ko:K03543
cie:AN232_10045	ko:K15974
cie:AN232_10050	ko:K26606
cie:AN232_10055	ko:K26605
cie:AN232_10065	ko:K02002
cie:AN232_10070	ko:K02001
cie:AN232_10075	ko:K02000
cie:AN232_10085	ko:K00526
cie:AN232_10090	ko:K00525
cie:AN232_10095	ko:K03647
cie:AN232_10100	ko:K06191
cie:AN232_10110	ko:K00375
cie:AN232_10120	ko:K28156
cie:AN232_10125	ko:K11685
cie:AN232_10155	ko:K15735
cie:AN232_10160	ko:K11735
cie:AN232_10165	ko:K07250
cie:AN232_10170	ko:K00135
cie:AN232_10175	ko:K15736
cie:AN232_10180	ko:K15737
cie:AN232_10185	ko:K07507
cie:AN232_10195	ko:K06167
cie:AN232_10200	ko:K02027
cie:AN232_10215	ko:K07793
cie:AN232_10220	ko:K07794
cie:AN232_10225	ko:K07795
cie:AN232_10230	ko:K07774
cie:AN232_10235	ko:K07649
cie:AN232_10260	ko:K20988
cie:AN232_10265	ko:K16554
cie:AN232_10305	ko:K01784
cie:AN232_10315	ko:K01673
cie:AN232_10330	ko:K01751
cie:AN232_10340	ko:K06015
cie:AN232_10350	ko:K07690
cie:AN232_10355	ko:K07679
cie:AN232_10365	ko:K21908
cie:AN232_10370	ko:K19778
cie:AN232_10375	ko:K07497
cie:AN232_10380	ko:K18899
cie:AN232_10385	ko:K18898
cie:AN232_10390	ko:K07285
cie:AN232_10400	ko:K09984
cie:AN232_10405	ko:K01476
cie:AN232_10440	ko:K15035
cie:AN232_10445	ko:K12542
cie:AN232_10450	ko:K12541
cie:AN232_10455	ko:K12543
cie:AN232_10460	ko:K20276
cie:AN232_10465	ko:K03664
cie:AN232_10475	ko:K09801
cie:AN232_10480	ko:K06186
cie:AN232_10485	ko:K03631
cie:AN232_10490	ko:K00858
cie:AN232_10500	ko:K03687
cie:AN232_10505	ko:K03699
cie:AN232_10515	ko:K03106
cie:AN232_10520	ko:K02959
cie:AN232_10525	ko:K02860
cie:AN232_10530	ko:K00554
cie:AN232_10535	ko:K02884
cie:AN232_10545	ko:K21021
cie:AN232_10560	ko:K01626
cie:AN232_10565	ko:K14187
cie:AN232_10570	ko:K14170
cie:AN232_10580	ko:K05809
cie:AN232_10585	ko:K05807
cie:AN232_10590	ko:K06180
cie:AN232_10595	ko:K05810
cie:AN232_10600	ko:K03695
cie:AN232_10605	ko:K01977
cie:AN232_10610	ko:K14224
cie:AN232_10615	ko:K01980
cie:AN232_10620	ko:K01985
cie:AN232_10625	ko:K03761
cie:AN232_10630	ko:K05811
cie:AN232_10635	ko:K00998
cie:AN232_10640	ko:K09181
cie:AN232_10645	ko:K05812
cie:AN232_10650	ko:K03672
cie:AN232_10660	ko:K03214
cie:AN232_10665	ko:K03648
cie:AN232_10670	ko:K06866
cie:AN232_10675	ko:K11249
cie:AN232_10685	ko:K05590
cie:AN232_10690	ko:K15460
cie:AN232_10695	ko:K00278
cie:AN232_10700	ko:K03088
cie:AN232_10705	ko:K03597
cie:AN232_10710	ko:K03598
cie:AN232_10715	ko:K03803
cie:AN232_10720	ko:K03596
cie:AN232_10725	ko:K03100
cie:AN232_10735	ko:K03685
cie:AN232_10740	ko:K03595
cie:AN232_10745	ko:K03584
cie:AN232_10750	ko:K03474
cie:AN232_10755	ko:K00997
cie:AN232_10770	ko:K07106
cie:AN232_10775	ko:K02810
cie:AN232_10780	ko:K18697
cie:AN232_10785	ko:K11991
cie:AN232_10790	ko:K18691
cie:AN232_10800	ko:K01952
cie:AN232_10805	ko:K07711
cie:AN232_10815	ko:K07715
cie:AN232_10820	ko:K04751
cie:AN232_10825	ko:K05916
cie:AN232_10830	ko:K00600
cie:AN232_10835	ko:K00529
cie:AN232_10840	ko:K05711
cie:AN232_10845	ko:K05710
cie:AN232_10850	ko:K05709
cie:AN232_10855	ko:K05708
cie:AN232_10860	ko:K05817
cie:AN232_10880	ko:K01785
cie:AN232_10885	ko:K05820
cie:AN232_10900	ko:K00875
cie:AN232_10905	ko:K02057
cie:AN232_10910	ko:K02057
cie:AN232_10915	ko:K02056
cie:AN232_10920	ko:K02058
cie:AN232_10930	ko:K08970
cie:AN232_10935	ko:K01092
cie:AN232_10940	ko:K15396
cie:AN232_10945	ko:K13643
cie:AN232_10950	ko:K04487
cie:AN232_10955	ko:K04488
cie:AN232_10960	ko:K13628
cie:AN232_10965	ko:K04082
cie:AN232_10970	ko:K04044
cie:AN232_10975	ko:K04755
cie:AN232_10985	ko:K07751
cie:AN232_10995	ko:K01011
cie:AN232_11000	ko:K06894
cie:AN232_11005	ko:K05367
cie:AN232_11010	ko:K00940
cie:AN232_11015	ko:K06941
cie:AN232_11020	ko:K15539
cie:AN232_11025	ko:K03526
cie:AN232_11030	ko:K01892
cie:AN232_11040	ko:K17713
cie:AN232_11045	ko:K03977
cie:AN232_11060	ko:K07733
cie:AN232_11070	ko:K07741
cie:AN232_11090	ko:K06919
cie:AN232_11095	ko:K03111
cie:AN232_11120	ko:K03305
cie:AN232_11130	ko:K03601
cie:AN232_11135	ko:K00088
cie:AN232_11140	ko:K01951
cie:AN232_11170	ko:K07733
cie:AN232_11190	ko:K20266
cie:AN232_11195	ko:K07344
cie:AN232_11200	ko:K21498
cie:AN232_11240	ko:K26149
cie:AN232_11245	ko:K01524
cie:AN232_11250	ko:K00937
cie:AN232_11255	ko:K11175
cie:AN232_11260	ko:K01933
cie:AN232_11265	ko:K01223
cie:AN232_11270	ko:K00761
cie:AN232_11275	ko:K02824
cie:AN232_11280	ko:K10763
cie:AN232_11285	ko:K00537
cie:AN232_11290	ko:K01423
cie:AN232_11295	ko:K03548
cie:AN232_11310	ko:K01305
cie:AN232_11315	ko:K03564
cie:AN232_11320	ko:K03567
cie:AN232_11325	ko:K01714
cie:AN232_11330	ko:K07287
cie:AN232_11335	ko:K01923
cie:AN232_11340	ko:K07054
cie:AN232_11345	ko:K06957
cie:AN232_11350	ko:K06999
cie:AN232_11360	ko:K01439
cie:AN232_11375	ko:K18324
cie:AN232_11380	ko:K07674
cie:AN232_11390	ko:K12945
cie:AN232_11400	ko:K00615
cie:AN232_11405	ko:K00029
cie:AN232_11410	ko:K04031
cie:AN232_11415	ko:K04029
cie:AN232_11420	ko:K04030
cie:AN232_11425	ko:K04032
cie:AN232_11430	ko:K04020
cie:AN232_11435	ko:K04027
cie:AN232_11440	ko:K04028
cie:AN232_11445	ko:K04021
cie:AN232_11450	ko:K04024
cie:AN232_11455	ko:K04022
cie:AN232_11460	ko:K04023
cie:AN232_11465	ko:K04019
cie:AN232_11470	ko:K03735
cie:AN232_11475	ko:K03736
cie:AN232_11480	ko:K04026
cie:AN232_11485	ko:K04025
cie:AN232_11490	ko:K04033
cie:AN232_11495	ko:K00228
cie:AN232_11500	ko:K01448
cie:AN232_11520	ko:K07223
cie:AN232_11535	ko:K12543
cie:AN232_11540	ko:K12542
cie:AN232_11550	ko:K12541
cie:AN232_11560	ko:K02048
cie:AN232_11565	ko:K02046
cie:AN232_11570	ko:K02047
cie:AN232_11575	ko:K02045
cie:AN232_11580	ko:K12339
cie:AN232_11585	ko:K01951
cie:AN232_11595	ko:K00868
cie:AN232_11605	ko:K02777
cie:AN232_11610	ko:K08483
cie:AN232_11615	ko:K02784
cie:AN232_11620	ko:K01738
cie:AN232_11625	ko:K06203
cie:AN232_11630	ko:K03528
cie:AN232_11635	ko:K01972
cie:AN232_11640	ko:K09954
cie:AN232_11645	ko:K14347
cie:AN232_11655	ko:K03783
cie:AN232_11660	ko:K11537
cie:AN232_11680	ko:K14229
cie:AN232_11685	ko:K14237
cie:AN232_11690	ko:K14237
cie:AN232_11695	ko:K14237
cie:AN232_11700	ko:K01885
cie:AN232_11715	ko:K14218
cie:AN232_11720	ko:K14218
cie:AN232_11725	ko:K11535
cie:AN232_11730	ko:K03322
cie:AN232_11740	ko:K19265
cie:AN232_11750	ko:K03281
cie:AN232_11755	ko:K00845
cie:AN232_11765	ko:K11202
cie:AN232_11770	ko:K11203
cie:AN232_11775	ko:K08326
cie:AN232_11785	ko:K23991
cie:AN232_11800	ko:K27885
cie:AN232_11805	ko:K27884
cie:AN232_11810	ko:K14261
cie:AN232_11825	ko:K12974
cie:AN232_11835	ko:K11382
cie:AN232_11860	ko:K08475
cie:AN232_11865	ko:K08476
cie:AN232_11870	ko:K09912
cie:AN232_11880	ko:K21901
cie:AN232_11885	ko:K07507
cie:AN232_11890	ko:K08717
cie:AN232_11895	ko:K03190
cie:AN232_11900	ko:K03189
cie:AN232_11905	ko:K03188
cie:AN232_11910	ko:K03187
cie:AN232_11915	ko:K01428
cie:AN232_11920	ko:K01429
cie:AN232_11925	ko:K01430
cie:AN232_11930	ko:K03320
cie:AN232_11935	ko:K19778
cie:AN232_11940	ko:K19777
cie:AN232_11945	ko:K21908
cie:AN232_11950	ko:K18899
cie:AN232_11955	ko:K18898
cie:AN232_11960	ko:K06199
cie:AN232_11965	ko:K21907
cie:AN232_11975	ko:K07285
cie:AN232_11985	ko:K03406
cie:AN232_12005	ko:K11901
cie:AN232_12010	ko:K11893
cie:AN232_12015	ko:K11892
cie:AN232_12035	ko:K11904
cie:AN232_12080	ko:K11891
cie:AN232_12085	ko:K11896
cie:AN232_12090	ko:K11895
cie:AN232_12095	ko:K11906
cie:AN232_12110	ko:K14219
cie:AN232_12115	ko:K21990
cie:AN232_12120	ko:K04754
cie:AN232_12125	ko:K06076
cie:AN232_12140	ko:K00632
cie:AN232_12145	ko:K01782
cie:AN232_12150	ko:K08296
cie:AN232_12160	ko:K07320
cie:AN232_12165	ko:K01736
cie:AN232_12170	ko:K07261
cie:AN232_12175	ko:K07090
cie:AN232_12180	ko:K09906
cie:AN232_12190	ko:K15461
cie:AN232_12195	ko:K00647
cie:AN232_12215	ko:K03473
cie:AN232_12225	ko:K06173
cie:AN232_12230	ko:K03975
cie:AN232_12235	ko:K01963
cie:AN232_12240	ko:K11754
cie:AN232_12245	ko:K03749
cie:AN232_12250	ko:K03558
cie:AN232_12255	ko:K00764
cie:AN232_12260	ko:K03186
cie:AN232_12265	ko:K10013
cie:AN232_12270	ko:K10014
cie:AN232_12275	ko:K10016
cie:AN232_12280	ko:K10015
cie:AN232_12285	ko:K10017
cie:AN232_12295	ko:K07071
cie:AN232_12300	ko:K07589
cie:AN232_12305	ko:K11209
cie:AN232_12310	ko:K00799
cie:AN232_12315	ko:K07095
cie:AN232_12330	ko:K13788
cie:AN232_12335	ko:K00925
cie:AN232_12340	ko:K09899
cie:AN232_12345	ko:K09161
cie:AN232_12350	ko:K19270
cie:AN232_12360	ko:K08722
cie:AN232_12365	ko:K14260
cie:AN232_12375	ko:K00330
cie:AN232_12380	ko:K00331
cie:AN232_12385	ko:K13378
cie:AN232_12390	ko:K00334
cie:AN232_12395	ko:K00335
cie:AN232_12400	ko:K00336
cie:AN232_12405	ko:K00337
cie:AN232_12410	ko:K00338
cie:AN232_12415	ko:K00339
cie:AN232_12420	ko:K00340
cie:AN232_12425	ko:K00341
cie:AN232_12430	ko:K00342
cie:AN232_12435	ko:K00343
cie:AN232_12445	ko:K03415
cie:AN232_12450	ko:K00784
cie:AN232_12455	ko:K02348
cie:AN232_12460	ko:K05594
cie:AN232_12465	ko:K02552
cie:AN232_12470	ko:K02551
cie:AN232_12475	ko:K08680
cie:AN232_12480	ko:K01661
cie:AN232_12485	ko:K02549
cie:AN232_12490	ko:K01911
cie:AN232_12495	ko:K19238
cie:AN232_12500	ko:K12963
cie:AN232_12505	ko:K12962
cie:AN232_12510	ko:K07264
cie:AN232_12515	ko:K13014
cie:AN232_12520	ko:K10011
cie:AN232_12525	ko:K10012
cie:AN232_12530	ko:K07806
cie:AN232_12535	ko:K12944
cie:AN232_12550	ko:K24090
cie:AN232_12555	ko:K00113
cie:AN232_12560	ko:K00112
cie:AN232_12565	ko:K00111
cie:AN232_12570	ko:K02445
cie:AN232_12575	ko:K01126
cie:AN232_12590	ko:K11107
cie:AN232_12595	ko:K00526
cie:AN232_12600	ko:K00525
cie:AN232_12605	ko:K00568
cie:AN232_12610	ko:K02469
cie:AN232_12615	ko:K00626
cie:AN232_12620	ko:K02106
cie:AN232_12625	ko:K01035
cie:AN232_12630	ko:K01034
cie:AN232_12635	ko:K07714
cie:AN232_12640	ko:K07710
cie:AN232_12645	ko:K07677
cie:AN232_12650	ko:K07687
cie:AN232_12655	ko:K07676
cie:AN232_12660	ko:K09475
cie:AN232_12670	ko:K03734
cie:AN232_12675	ko:K10778
cie:AN232_12680	ko:K03919
cie:AN232_12685	ko:K06159
cie:AN232_12690	ko:K06213
cie:AN232_12695	ko:K03321
cie:AN232_12700	ko:K00116
cie:AN232_12705	ko:K08276
cie:AN232_12710	ko:K02572
cie:AN232_12715	ko:K02570
cie:AN232_12720	ko:K02567
cie:AN232_12725	ko:K02573
cie:AN232_12730	ko:K02574
cie:AN232_12735	ko:K02568
cie:AN232_12740	ko:K02569
cie:AN232_12745	ko:K02193
cie:AN232_12750	ko:K02194
cie:AN232_12755	ko:K02195
cie:AN232_12760	ko:K02196
cie:AN232_12765	ko:K02197
cie:AN232_12770	ko:K02198
cie:AN232_12775	ko:K02199
cie:AN232_12780	ko:K02200
cie:AN232_12785	ko:K07685
cie:AN232_12795	ko:K11903
cie:AN232_12805	ko:K07497
cie:AN232_12820	ko:K14232
cie:AN232_12825	ko:K07014
cie:AN232_12830	ko:K09904
cie:AN232_12835	ko:K06899
cie:AN232_12840	ko:K02897
cie:AN232_12845	ko:K19789
cie:AN232_12850	ko:K06183
cie:AN232_12855	ko:K07552
cie:AN232_12870	ko:K13896
cie:AN232_12875	ko:K13895
cie:AN232_12880	ko:K13894
cie:AN232_12885	ko:K13893
cie:AN232_12890	ko:K26148
cie:AN232_12895	ko:K13694
cie:AN232_12905	ko:K19803
cie:AN232_12920	ko:K01686
cie:AN232_12925	ko:K00375
cie:AN232_12930	ko:K03532
cie:AN232_12935	ko:K07811
cie:AN232_12940	ko:K03533
cie:AN232_12950	ko:K02356
cie:AN232_12955	ko:K06940
cie:AN232_12960	ko:K03291
cie:AN232_12965	ko:K11183
cie:AN232_12970	ko:K00882
cie:AN232_12975	ko:K02770
cie:AN232_12985	ko:K07791
cie:AN232_12990	ko:K01779
cie:AN232_12995	ko:K21645
cie:AN232_13000	ko:K16328
cie:AN232_13005	ko:K16329
cie:AN232_13010	ko:K16324
cie:AN232_13020	ko:K01151
cie:AN232_13035	ko:K11733
cie:AN232_13040	ko:K16089
cie:AN232_13045	ko:K01070
cie:AN232_13055	ko:K01495
cie:AN232_13060	ko:K07148
cie:AN232_13065	ko:K02529
cie:AN232_13070	ko:K10540
cie:AN232_13075	ko:K10542
cie:AN232_13080	ko:K10541
cie:AN232_13085	ko:K17723
cie:AN232_13090	ko:K17722
cie:AN232_13100	ko:K03748
cie:AN232_13105	ko:K01489
cie:AN232_13115	ko:K06518
cie:AN232_13125	ko:K08195
cie:AN232_13130	ko:K00450
cie:AN232_13135	ko:K16165
cie:AN232_13140	ko:K01800
cie:AN232_13145	ko:K22270
cie:AN232_13150	ko:K05541
cie:AN232_13160	ko:K18139
cie:AN232_13180	ko:K07262
cie:AN232_13185	ko:K03777
cie:AN232_13190	ko:K05349
cie:AN232_13195	ko:K05845
cie:AN232_13200	ko:K05846
cie:AN232_13205	ko:K05847
cie:AN232_13210	ko:K05846
cie:AN232_13220	ko:K21089
cie:AN232_13225	ko:K27882
cie:AN232_13230	ko:K27883
cie:AN232_13245	ko:K01874
cie:AN232_13250	ko:K03593
cie:AN232_13270	ko:K07347
cie:AN232_13280	ko:K23243
cie:AN232_13305	ko:K00558
cie:AN232_13345	ko:K00878
cie:AN232_13350	ko:K00941
cie:AN232_13375	ko:K11645
cie:AN232_13385	ko:K09996
cie:AN232_13390	ko:K09998
cie:AN232_13395	ko:K09999
cie:AN232_13400	ko:K09997
cie:AN232_13405	ko:K10000
cie:AN232_13420	ko:K11066
cie:AN232_13435	ko:K01620
cie:AN232_13440	ko:K00156
cie:AN232_13445	ko:K15977
cie:AN232_13450	ko:K11933
cie:AN232_13455	ko:K05601
cie:AN232_13460	ko:K28370
cie:AN232_13465	ko:K06188
cie:AN232_13470	ko:K07459
cie:AN232_13475	ko:K09824
cie:AN232_13480	ko:K13888
cie:AN232_13485	ko:K05685
cie:AN232_13495	ko:K03704
cie:AN232_13500	ko:K06891
cie:AN232_13505	ko:K03694
cie:AN232_13510	ko:K08303
cie:AN232_13515	ko:K07664
cie:AN232_13520	ko:K07642
cie:AN232_13525	ko:K18326
cie:AN232_13530	ko:K07789
cie:AN232_13535	ko:K07788
cie:AN232_13540	ko:K07799
cie:AN232_13550	ko:K04046
cie:AN232_13555	ko:K01247
cie:AN232_13560	ko:K21084
cie:AN232_13565	ko:K00876
cie:AN232_13570	ko:K01494
cie:AN232_13575	ko:K07289
cie:AN232_13585	ko:K01991
cie:AN232_13590	ko:K25307
cie:AN232_13595	ko:K16692
cie:AN232_13600	ko:K25875
cie:AN232_13605	ko:K03819
cie:AN232_13610	ko:K13684
cie:AN232_13615	ko:K13620
cie:AN232_13620	ko:K13683
cie:AN232_13625	ko:K03818
cie:AN232_13630	ko:K01711
cie:AN232_13635	ko:K02377
cie:AN232_13640	ko:K03207
cie:AN232_13645	ko:K03208
cie:AN232_13650	ko:K00971
cie:AN232_13655	ko:K01840
cie:AN232_13660	ko:K03606
cie:AN232_13665	ko:K16695
cie:AN232_13670	ko:K16710
cie:AN232_13675	ko:K16703
cie:AN232_13680	ko:K16711
cie:AN232_13690	ko:K00963
cie:AN232_13695	ko:K01710
cie:AN232_13700	ko:K00067
cie:AN232_13705	ko:K00973
cie:AN232_13710	ko:K01790
cie:AN232_13730	ko:K15894
cie:AN232_13735	ko:K19068
cie:AN232_13740	ko:K24258
cie:AN232_13760	ko:K24300
cie:AN232_13765	ko:K00033
cie:AN232_13770	ko:K00012
cie:AN232_13775	ko:K17939
cie:AN232_13780	ko:K17865
cie:AN232_13785	ko:K08679
cie:AN232_13790	ko:K05789
cie:AN232_13795	ko:K11755
cie:AN232_13800	ko:K02500
cie:AN232_13805	ko:K01814
cie:AN232_13810	ko:K02501
cie:AN232_13815	ko:K01089
cie:AN232_13820	ko:K00817
cie:AN232_13825	ko:K00013
cie:AN232_13830	ko:K00765
cie:AN232_13860	ko:K01141
cie:AN232_13865	ko:K08352
cie:AN232_13870	ko:K08353
cie:AN232_13875	ko:K08354
cie:AN232_13880	ko:K07258
cie:AN232_13885	ko:K07485
cie:AN232_13890	ko:K07470
cie:AN232_13900	ko:K09802
cie:AN232_13905	ko:K16651
cie:AN232_13910	ko:K19697
cie:AN232_13915	ko:K04029
cie:AN232_13920	ko:K04031
cie:AN232_13925	ko:K27272
cie:AN232_13930	ko:K27271
cie:AN232_13935	ko:K13921
cie:AN232_13940	ko:K13922
cie:AN232_13945	ko:K27270
cie:AN232_13950	ko:K27269
cie:AN232_13955	ko:K27268
cie:AN232_13960	ko:K13923
cie:AN232_13965	ko:K27267
cie:AN232_13970	ko:K27266
cie:AN232_13975	ko:K27265
cie:AN232_13980	ko:K27264
cie:AN232_13985	ko:K13920
cie:AN232_13990	ko:K13919
cie:AN232_13995	ko:K01699
cie:AN232_14000	ko:K27263
cie:AN232_14005	ko:K27260
cie:AN232_14010	ko:K27261
cie:AN232_14015	ko:K27259
cie:AN232_14020	ko:K02224
cie:AN232_14025	ko:K02227
cie:AN232_14030	ko:K06042
cie:AN232_14035	ko:K02188
cie:AN232_14040	ko:K03399
cie:AN232_14045	ko:K02191
cie:AN232_14050	ko:K05936
cie:AN232_14055	ko:K02189
cie:AN232_14060	ko:K05934
cie:AN232_14065	ko:K05895
cie:AN232_14070	ko:K02190
cie:AN232_14075	ko:K03394
cie:AN232_14080	ko:K02007
cie:AN232_14085	ko:K02009
cie:AN232_14090	ko:K02008
cie:AN232_14095	ko:K02006
cie:AN232_14100	ko:K02232
cie:AN232_14105	ko:K02231
cie:AN232_14110	ko:K02233
cie:AN232_14115	ko:K00768
cie:AN232_14120	ko:K19236
cie:AN232_14125	ko:K02010
cie:AN232_14130	ko:K02011
cie:AN232_14135	ko:K02012
cie:AN232_14160	ko:K06900
cie:AN232_14165	ko:K25555
cie:AN232_14205	ko:K07497
cie:AN232_14260	ko:K03196
cie:AN232_14265	ko:K03195
cie:AN232_14270	ko:K03204
cie:AN232_14275	ko:K03203
cie:AN232_14280	ko:K03201
cie:AN232_14290	ko:K03200
cie:AN232_14295	ko:K03199
cie:AN232_14300	ko:K03197
cie:AN232_14305	ko:K03194
cie:AN232_14315	ko:K05839
cie:AN232_14335	ko:K07733
cie:AN232_14345	ko:K15721
cie:AN232_14350	ko:K04783
cie:AN232_14355	ko:K05374
cie:AN232_14360	ko:K04785
cie:AN232_14365	ko:K04786
cie:AN232_14370	ko:K04784
cie:AN232_14375	ko:K05372
cie:AN232_14380	ko:K14698
cie:AN232_14385	ko:K14699
cie:AN232_14390	ko:K05373
cie:AN232_14395	ko:K04781
cie:AN232_14405	ko:K14220
cie:AN232_14410	ko:K09933
cie:AN232_14415	ko:K14233
cie:AN232_14455	ko:K03297
cie:AN232_14460	ko:K14062
cie:AN232_14465	ko:K06950
cie:AN232_14470	ko:K00558
cie:AN232_14475	ko:K07458
cie:AN232_14485	ko:K09781
cie:AN232_14505	ko:K07781
cie:AN232_14510	ko:K02421
cie:AN232_14515	ko:K02420
cie:AN232_14520	ko:K02419
cie:AN232_14525	ko:K02418
cie:AN232_14530	ko:K02417
cie:AN232_14535	ko:K02416
cie:AN232_14540	ko:K02415
cie:AN232_14545	ko:K02414
cie:AN232_14550	ko:K02413
cie:AN232_14555	ko:K02412
cie:AN232_14560	ko:K02411
cie:AN232_14565	ko:K02410
cie:AN232_14570	ko:K02409
cie:AN232_14575	ko:K02408
cie:AN232_14585	ko:K07112
cie:AN232_14595	ko:K01176
cie:AN232_14600	ko:K02423
cie:AN232_14605	ko:K02422
cie:AN232_14610	ko:K02407
cie:AN232_14620	ko:K02406
cie:AN232_14625	ko:K02405
cie:AN232_14630	ko:K02425
cie:AN232_14640	ko:K02424
cie:AN232_14645	ko:K05396
cie:AN232_14650	ko:K10009
cie:AN232_14655	ko:K10010
cie:AN232_14660	ko:K07782
cie:AN232_14670	ko:K07689
cie:AN232_14675	ko:K03703
cie:AN232_14680	ko:K00995
cie:AN232_14685	ko:K14225
cie:AN232_14690	ko:K14222
cie:AN232_14695	ko:K14228
cie:AN232_14725	ko:K08363
cie:AN232_14730	ko:K08364
cie:AN232_14735	ko:K07039
cie:AN232_14740	ko:K03834
cie:AN232_14750	ko:K02217
cie:AN232_14775	ko:K02255
cie:AN232_14790	ko:K10537
cie:AN232_14795	ko:K10539
cie:AN232_14800	ko:K10538
cie:AN232_14805	ko:K01087
cie:AN232_14810	ko:K00697
cie:AN232_14815	ko:K14064
cie:AN232_14825	ko:K02403
cie:AN232_14830	ko:K02402
cie:AN232_14835	ko:K02556
cie:AN232_14840	ko:K02557
cie:AN232_14850	ko:K03408
cie:AN232_14860	ko:K05875
cie:AN232_14865	ko:K05877
cie:AN232_14870	ko:K00575
cie:AN232_14875	ko:K03412
cie:AN232_14880	ko:K03413
cie:AN232_14885	ko:K03414
cie:AN232_14895	ko:K07347
cie:AN232_14900	ko:K07346
cie:AN232_14905	ko:K07345
cie:AN232_14910	ko:K02401
cie:AN232_14915	ko:K02400
cie:AN232_14920	ko:K03516
cie:AN232_14925	ko:K16210
cie:AN232_14930	ko:K15532
cie:AN232_14935	ko:K05515
cie:AN232_14940	ko:K01887
cie:AN232_14945	ko:K09907
cie:AN232_14950	ko:K06201
cie:AN232_14955	ko:K15257
cie:AN232_14960	ko:K15256
cie:AN232_14965	ko:K07136
cie:AN232_14975	ko:K14059
cie:AN232_15015	ko:K06952
cie:AN232_15060	ko:K01160
cie:AN232_15090	ko:K03791
cie:AN232_15115	ko:K22014
cie:AN232_15120	ko:K21512
cie:AN232_15125	ko:K26964
cie:AN232_15135	ko:K21511
cie:AN232_15140	ko:K26962
cie:AN232_15145	ko:K26961
cie:AN232_15150	ko:K26965
cie:AN232_15155	ko:K26966
cie:AN232_15160	ko:K26967
cie:AN232_15165	ko:K26968
cie:AN232_15170	ko:K26969
cie:AN232_15175	ko:K26970
cie:AN232_15185	ko:K26972
cie:AN232_15190	ko:K26973
cie:AN232_15195	ko:K26974
cie:AN232_15200	ko:K26975
cie:AN232_15230	ko:K26976
cie:AN232_15235	ko:K26977
cie:AN232_15280	ko:K01876
cie:AN232_15285	ko:K08310
cie:AN232_15295	ko:K01159
cie:AN232_15300	ko:K03550
cie:AN232_15305	ko:K03551
cie:AN232_15310	ko:K09816
cie:AN232_15315	ko:K09817
cie:AN232_15320	ko:K09815
cie:AN232_15325	ko:K19304
cie:AN232_15330	ko:K02560
cie:AN232_15335	ko:K00873
cie:AN232_15340	ko:K19337
cie:AN232_15350	ko:K00036
cie:AN232_15355	ko:K01690
cie:AN232_15360	ko:K01625
cie:AN232_15365	ko:K08289
cie:AN232_15370	ko:K09918
cie:AN232_15385	ko:K01354
cie:AN232_15390	ko:K10857
cie:AN232_15400	ko:K02345
cie:AN232_15405	ko:K07156
cie:AN232_15410	ko:K07245
cie:AN232_15450	ko:K10906
cie:AN232_15460	ko:K07504
cie:AN232_15680	ko:K26972
cie:AN232_15690	ko:K26973
cie:AN232_15695	ko:K26974
cie:AN232_15700	ko:K26975
cie:AN232_15705	ko:K26976
cie:AN232_15725	ko:K03503
cie:AN232_15770	ko:K10906
cie:AN232_15830	ko:K10762
cie:AN232_15905	ko:K01185
cie:AN232_16075	ko:K07313
cie:AN232_16090	ko:K11392
cie:AN232_16095	ko:K06192
cie:AN232_16100	ko:K03808
cie:AN232_16105	ko:K08968
cie:AN232_16110	ko:K03607
cie:AN232_16115	ko:K03797
cie:AN232_16120	ko:K03799
cie:AN232_16125	ko:K08169
cie:AN232_16130	ko:K19333
cie:AN232_16160	ko:K03704
cie:AN232_16165	ko:K03587
cie:AN232_16170	ko:K00563
cie:AN232_16175	ko:K23242
cie:AN232_16190	ko:K02796
cie:AN232_16195	ko:K02795
cie:AN232_16200	ko:K02794
cie:AN232_16215	ko:K21090
cie:AN232_16220	ko:K01752
cie:AN232_16260	ko:K11903
cie:AN232_16275	ko:K01665
cie:AN232_16280	ko:K09917
cie:AN232_16290	ko:K03722
cie:AN232_16295	ko:K14742
cie:AN232_16300	ko:K07285
cie:AN232_16310	ko:K01897
cie:AN232_16315	ko:K03684
cie:AN232_16320	ko:K07246
cie:AN232_16325	ko:K16135
cie:AN232_16330	ko:K03608
cie:AN232_16335	ko:K03609
cie:AN232_16340	ko:K03610
cie:AN232_16345	ko:K09902
cie:AN232_16350	ko:K29029
cie:AN232_16355	ko:K09160
cie:AN232_16365	ko:K03611
cie:AN232_16370	ko:K03314
cie:AN232_16375	ko:K03603
cie:AN232_16380	ko:K06415
cie:AN232_16385	ko:K00285
cie:AN232_16390	ko:K01775
cie:AN232_16395	ko:K11105
cie:AN232_16400	ko:K01297
cie:AN232_16405	ko:K08308
cie:AN232_16410	ko:K21087
cie:AN232_16420	ko:K01194
cie:AN232_16425	ko:K05881
cie:AN232_16430	ko:K05879
cie:AN232_16435	ko:K05878
cie:AN232_16450	ko:K07345
cie:AN232_16455	ko:K07346
cie:AN232_16460	ko:K07347
cie:AN232_16465	ko:K07345
cie:AN232_16470	ko:K07349
cie:AN232_16480	ko:K00261
cie:AN232_16485	ko:K27078
cie:AN232_16490	ko:K07347
cie:AN232_16495	ko:K07346
cie:AN232_16500	ko:K27078
cie:AN232_16505	ko:K21972
cie:AN232_16510	ko:K21973
cie:AN232_16515	ko:K21974
cie:AN232_16520	ko:K21975
cie:AN232_16525	ko:K21976
cie:AN232_16565	ko:K06942
cie:AN232_16570	ko:K01056
cie:AN232_16580	ko:K00928
cie:AN232_16585	ko:K00836
cie:AN232_16590	ko:K13745
cie:AN232_16595	ko:K03321
cie:AN232_16600	ko:K00948
cie:AN232_16605	ko:K00919
cie:AN232_16610	ko:K02494
cie:AN232_16615	ko:K02492
cie:AN232_16620	ko:K02835
cie:AN232_16625	ko:K02493
cie:AN232_16640	ko:K01627
cie:AN232_16645	ko:K19336
cie:AN232_16650	ko:K19335
cie:AN232_16660	ko:K07300
cie:AN232_16665	ko:K06197
cie:AN232_16670	ko:K07232
cie:AN232_16680	ko:K06039
cie:AN232_16690	ko:K07684
cie:AN232_16695	ko:K07673
cie:AN232_16700	ko:K02575
cie:AN232_16705	ko:K00370
cie:AN232_16710	ko:K00371
cie:AN232_16715	ko:K00373
cie:AN232_16720	ko:K00374
cie:AN232_16735	ko:K14236
cie:AN232_16740	ko:K14236
cie:AN232_16750	ko:K01433
cie:AN232_16755	ko:K09858
cie:AN232_16760	ko:K07001
cie:AN232_16765	ko:K02485
cie:AN232_16770	ko:K00963
cie:AN232_16775	ko:K03746
cie:AN232_16780	ko:K00857
cie:AN232_16785	ko:K04072
cie:AN232_16800	ko:K15580
cie:AN232_16805	ko:K15581
cie:AN232_16810	ko:K15582
cie:AN232_16815	ko:K15583
cie:AN232_16820	ko:K10823
cie:AN232_16825	ko:K10716
cie:AN232_16830	ko:K09901
cie:AN232_16835	ko:K06131
cie:AN232_16840	ko:K09780
cie:AN232_16845	ko:K03832
cie:AN232_16850	ko:K10806
cie:AN232_16855	ko:K06190
cie:AN232_16865	ko:K07275
cie:AN232_16885	ko:K01695
cie:AN232_16890	ko:K01696
cie:AN232_16895	ko:K13498
cie:AN232_16900	ko:K13497
cie:AN232_16905	ko:K01657
cie:AN232_16915	ko:K07053
cie:AN232_16925	ko:K06178
cie:AN232_16930	ko:K19221
cie:AN232_16940	ko:K04774
cie:AN232_16950	ko:K03168
cie:AN232_16955	ko:K13634
cie:AN232_16965	ko:K27802
cie:AN232_16970	ko:K01497
cie:AN232_16975	ko:K01096
cie:AN232_16980	ko:K08992
cie:AN232_16985	ko:K19804
cie:AN232_16990	ko:K01591
cie:AN232_16995	ko:K03113
cie:AN232_17000	ko:K04062
cie:AN232_17020	ko:K14051
cie:AN232_17025	ko:K01147
cie:AN232_17035	ko:K00208
cie:AN232_17045	ko:K19230
cie:AN232_17050	ko:K19229
cie:AN232_17055	ko:K19228
cie:AN232_17060	ko:K19227
cie:AN232_17065	ko:K19226
cie:AN232_17095	ko:K18555
cie:AN232_17100	ko:K03974
cie:AN232_17105	ko:K03969
cie:AN232_17110	ko:K03970
cie:AN232_17115	ko:K03973
cie:AN232_17120	ko:K03971
cie:AN232_17125	ko:K22597
cie:AN232_17130	ko:K02027
cie:AN232_17135	ko:K02025
cie:AN232_17140	ko:K02026
cie:AN232_17160	ko:K10231
cie:AN232_17165	ko:K01838
cie:AN232_17170	ko:K10112
cie:AN232_17175	ko:K14053
cie:AN232_17185	ko:K03972
cie:AN232_17190	ko:K06918
cie:AN232_17195	ko:K08990
cie:AN232_17200	ko:K03721
cie:AN232_17205	ko:K13381
cie:AN232_17210	ko:K11065
cie:AN232_17215	ko:K19802
cie:AN232_17220	ko:K14054
cie:AN232_17225	ko:K15580
cie:AN232_17235	ko:K23775
cie:AN232_17245	ko:K19000
cie:AN232_17255	ko:K01759
cie:AN232_17260	ko:K01607
cie:AN232_17265	ko:K13979
cie:AN232_17270	ko:K16052
cie:AN232_17280	ko:K14055
cie:AN232_17285	ko:K01420
cie:AN232_17290	ko:K00567
cie:AN232_17300	ko:K21088
cie:AN232_17315	ko:K16074
cie:AN232_17325	ko:K05591
cie:AN232_17330	ko:K14058
cie:AN232_17335	ko:K14061
cie:AN232_17345	ko:K14062
cie:AN232_17350	ko:K03737
cie:AN232_17360	ko:K03668
cie:AN232_17365	ko:K03778
cie:AN232_17385	ko:K09978
cie:AN232_17395	ko:K01118
cie:AN232_17400	ko:K03578
cie:AN232_17410	ko:K07248
cie:AN232_17415	ko:K00134
cie:AN232_17420	ko:K12262
cie:AN232_17425	ko:K03503
cie:AN232_17430	ko:K03502
cie:AN232_17440	ko:K06889
cie:AN232_17465	ko:K23239
cie:AN232_17470	ko:K00121
cie:AN232_17480	ko:K05876
cie:AN232_17490	ko:K15986
cie:AN232_17495	ko:K25986
cie:AN232_17515	ko:K09794
cie:AN232_17520	ko:K03817
cie:AN232_17530	ko:K03304
cie:AN232_17535	ko:K16868
cie:AN232_17550	ko:K07506
cie:AN232_17555	ko:K05782
cie:AN232_17560	ko:K23779
cie:AN232_17565	ko:K24847
cie:AN232_17580	ko:K00426
cie:AN232_17585	ko:K00425
cie:AN232_17590	ko:K07339
cie:AN232_17595	ko:K18843
cie:AN232_17605	ko:K02055
cie:AN232_17610	ko:K02052
cie:AN232_17615	ko:K02054
cie:AN232_17620	ko:K02053
cie:AN232_17625	ko:K00137
cie:AN232_17645	ko:K28274
cie:AN232_17665	ko:K12368
cie:AN232_17675	ko:K09936
cie:AN232_17680	ko:K24217
cie:AN232_17695	ko:K23256
cie:AN232_17700	ko:K02014
cie:AN232_17715	ko:K11738
cie:AN232_17720	ko:K03776
cie:AN232_17735	ko:K28525
cie:AN232_17740	ko:K02030
cie:AN232_17750	ko:K02029
cie:AN232_17755	ko:K02028
cie:AN232_17780	ko:K11208
cie:AN232_17785	ko:K01821
cie:AN232_17790	ko:K25227
cie:AN232_17800	ko:K00675
cie:AN232_17810	ko:K00374
cie:AN232_17815	ko:K00373
cie:AN232_17820	ko:K00371
cie:AN232_17825	ko:K00370
cie:AN232_17830	ko:K02575
cie:AN232_17840	ko:K08167
cie:AN232_17850	ko:K16076
cie:AN232_17855	ko:K07481
cie:AN232_17870	ko:K08348
cie:AN232_17875	ko:K08348
cie:AN232_17880	ko:K08349
cie:AN232_17885	ko:K08350
cie:AN232_17890	ko:K01507
cie:AN232_17905	ko:K00027
cie:AN232_17910	ko:K02972
cie:AN232_17915	ko:K04063
cie:AN232_17920	ko:K00019
cie:AN232_17930	ko:K00074
cie:AN232_17935	ko:K00626
cie:AN232_17940	ko:K01029
cie:AN232_17945	ko:K01028
cie:AN232_17950	ko:K17737
cie:AN232_17955	ko:K02032
cie:AN232_17960	ko:K02031
cie:AN232_17965	ko:K02034
cie:AN232_17970	ko:K02033
cie:AN232_17975	ko:K02035
cie:AN232_17980	ko:K08641
cie:AN232_17990	ko:K19778
cie:AN232_17995	ko:K03406
cie:AN232_18025	ko:K07154
cie:AN232_18070	ko:K02453
cie:AN232_18080	ko:K00598
cie:AN232_18090	ko:K08994
cie:AN232_18095	ko:K00041
cie:AN232_18110	ko:K01425
cie:AN232_18115	ko:K08324
cie:AN232_18125	ko:K08159
cie:AN232_18130	ko:K05595
cie:AN232_18135	ko:K03712
cie:AN232_18140	ko:K13632
cie:AN232_18145	ko:K13630
cie:AN232_18150	ko:K15268
cie:AN232_18160	ko:K11963
cie:AN232_18165	ko:K11962
cie:AN232_18170	ko:K11961
cie:AN232_18175	ko:K11960
cie:AN232_18180	ko:K11959
cie:AN232_18195	ko:K13069
cie:AN232_18200	ko:K01284
cie:AN232_18205	ko:K16066
cie:AN232_18210	ko:K22293
cie:AN232_18220	ko:K00040
cie:AN232_18225	ko:K08173
cie:AN232_18230	ko:K08322
cie:AN232_18235	ko:K08323
cie:AN232_18240	ko:K09771
cie:AN232_18250	ko:K00657
cie:AN232_18265	ko:K07309
cie:AN232_18270	ko:K07307
cie:AN232_18275	ko:K07312
cie:AN232_18280	ko:K23349
cie:AN232_18285	ko:K03281
cie:AN232_18290	ko:K01935
cie:AN232_18295	ko:K15545
cie:AN232_18305	ko:K08224
cie:AN232_18310	ko:K07052
cie:AN232_18325	ko:K07147
cie:AN232_18330	ko:K17247
cie:AN232_18335	ko:K01299
cie:AN232_18345	ko:K04775
cie:AN232_18350	ko:K11742
cie:AN232_18355	ko:K11743
cie:AN232_18365	ko:K11744
cie:AN232_18375	ko:K06221
cie:AN232_18380	ko:K00325
cie:AN232_18385	ko:K00324
cie:AN232_18395	ko:K03758
cie:AN232_18400	ko:K13938
cie:AN232_18410	ko:K07661
cie:AN232_18415	ko:K06956
cie:AN232_18420	ko:K07241
cie:AN232_18435	ko:K07639
cie:AN232_18440	ko:K10748
cie:AN232_18445	ko:K01679
cie:AN232_18450	ko:K01676
cie:AN232_18455	ko:K01809
cie:AN232_18465	ko:K16136
cie:AN232_18470	ko:K02791
cie:AN232_18475	ko:K14155
cie:AN232_18485	ko:K06884
cie:AN232_18500	ko:K00425
cie:AN232_18505	ko:K00426
cie:AN232_18510	ko:K01488
cie:AN232_18520	ko:K22718
cie:AN232_18535	ko:K03617
cie:AN232_18540	ko:K03616
cie:AN232_18545	ko:K03615
cie:AN232_18550	ko:K03614
cie:AN232_18555	ko:K03612
cie:AN232_18560	ko:K03613
cie:AN232_18565	ko:K10773
cie:AN232_18575	ko:K03305
cie:AN232_18580	ko:K00799
cie:AN232_18585	ko:K00868
cie:AN232_18590	ko:K01866
cie:AN232_18595	ko:K00275
cie:AN232_18605	ko:K09001
cie:AN232_18610	ko:K06077
cie:AN232_18615	ko:K06075
cie:AN232_18635	ko:K04565
cie:AN232_18645	ko:K06938
cie:AN232_18650	ko:K16137
cie:AN232_18655	ko:K10680
cie:AN232_18660	ko:K01759
cie:AN232_18665	ko:K03683
cie:AN232_18670	ko:K07390
cie:AN232_18675	ko:K19303
cie:AN232_18680	ko:K04564
cie:AN232_18685	ko:K19577
cie:AN232_18700	ko:K03604
cie:AN232_18710	ko:K28371
cie:AN232_18715	ko:K00574
cie:AN232_18720	ko:K00793
cie:AN232_18725	ko:K26939
cie:AN232_18735	ko:K06177
cie:AN232_18750	ko:K09022
cie:AN232_18755	ko:K22589
cie:AN232_18785	ko:K01867
cie:AN232_18790	ko:K14237
cie:AN232_18795	ko:K14237
cie:AN232_18805	ko:K02020
cie:AN232_18810	ko:K02013
cie:AN232_18815	ko:K02015
cie:AN232_18820	ko:K02016
cie:AN232_18825	ko:K00823
cie:AN232_18830	ko:K00375
cie:AN232_18840	ko:K00316
cie:AN232_18850	ko:K00130
cie:AN232_18865	ko:K28029
cie:AN232_18880	ko:K02030
cie:AN232_18885	ko:K02028
cie:AN232_18890	ko:K02029
cie:AN232_18895	ko:K02029
cie:AN232_18905	ko:K08354
cie:AN232_18910	ko:K04014
cie:AN232_18930	ko:K01675
cie:AN232_18935	ko:K13041
cie:AN232_18940	ko:K13040
cie:AN232_18945	ko:K08358
cie:AN232_18950	ko:K08359
cie:AN232_18955	ko:K08357
cie:AN232_18960	ko:K02073
cie:AN232_18965	ko:K02072
cie:AN232_18970	ko:K02071
cie:AN232_18975	ko:K00873
cie:AN232_18980	ko:K06078
cie:AN232_18985	ko:K19236
cie:AN232_18990	ko:K02426
cie:AN232_18995	ko:K11717
cie:AN232_19000	ko:K09015
cie:AN232_19005	ko:K09013
cie:AN232_19010	ko:K09014
cie:AN232_19015	ko:K05997
cie:AN232_19045	ko:K19222
cie:AN232_19050	ko:K26063
cie:AN232_19065	ko:K18518
cie:AN232_19075	ko:K26745
cie:AN232_19080	ko:K26745
cie:AN232_19085	ko:K05887
cie:AN232_19090	ko:K03785
cie:AN232_19095	ko:K19709
cie:AN232_19120	ko:K00313
cie:AN232_19125	ko:K03855
cie:AN232_19130	ko:K12507
cie:AN232_19135	ko:K01007
cie:AN232_19140	ko:K09773
cie:AN232_19145	ko:K01626
cie:AN232_19155	ko:K16087
cie:AN232_19160	ko:K07225
cie:AN232_19165	ko:K25132
cie:AN232_19170	ko:K25133
cie:AN232_19175	ko:K10834
cie:AN232_19180	ko:K08997
cie:AN232_19190	ko:K13695
cie:AN232_19195	ko:K06074
cie:AN232_19200	ko:K00432
cie:AN232_19205	ko:K06073
cie:AN232_19210	ko:K04764
cie:AN232_19215	ko:K01890
cie:AN232_19220	ko:K01889
cie:AN232_19235	ko:K02887
cie:AN232_19240	ko:K02916
cie:AN232_19245	ko:K02520
cie:AN232_19250	ko:K01868
cie:AN232_19260	ko:K07283
cie:AN232_19265	ko:K16370
cie:AN232_19280	ko:K24204
cie:AN232_19285	ko:K00065
cie:AN232_19290	ko:K07038
cie:AN232_19295	ko:K06956
cie:AN232_19300	ko:K15722
cie:AN232_19305	ko:K03781
cie:AN232_19310	ko:K03478
cie:AN232_19315	ko:K01222
cie:AN232_19320	ko:K03490
cie:AN232_19325	ko:K02759
cie:AN232_19330	ko:K02761
cie:AN232_19335	ko:K02760
cie:AN232_19340	ko:K04064
cie:AN232_19345	ko:K01916
cie:AN232_19350	ko:K05984
cie:AN232_19355	ko:K09975
cie:AN232_19360	ko:K06006
cie:AN232_19365	ko:K05526
cie:AN232_19370	ko:K01484
cie:AN232_19375	ko:K06447
cie:AN232_19380	ko:K00673
cie:AN232_19385	ko:K00840
cie:AN232_19400	ko:K01142
cie:AN232_19415	ko:K05777
cie:AN232_19420	ko:K05778
cie:AN232_19425	ko:K05779
cie:AN232_19430	ko:K21028
cie:AN232_19445	ko:K08320
cie:AN232_19455	ko:K00262
cie:AN232_19460	ko:K03169
cie:AN232_19465	ko:K01008
cie:AN232_19475	ko:K04773
cie:AN232_19480	ko:K01424
cie:AN232_19485	ko:K08281
cie:AN232_19490	ko:K08369
cie:AN232_19500	ko:K18471
cie:AN232_19515	ko:K00008
cie:AN232_19520	ko:K08369
cie:AN232_19530	ko:K01183
cie:AN232_19540	ko:K09916
cie:AN232_19545	ko:K07305
cie:AN232_19550	ko:K00134
cie:AN232_19555	ko:K01792
cie:AN232_19575	ko:K07274
cie:AN232_19580	ko:K07180
cie:AN232_19585	ko:K09786
cie:AN232_19595	ko:K19055
cie:AN232_19605	ko:K25495
cie:AN232_19610	ko:K25494
cie:AN232_19625	ko:K09712
cie:AN232_19630	ko:K13069
cie:AN232_19650	ko:K22015
cie:AN232_19670	ko:K11250
cie:AN232_19680	ko:K02032
cie:AN232_19685	ko:K02031
cie:AN232_19690	ko:K02034
cie:AN232_19695	ko:K02033
cie:AN232_19700	ko:K02035
cie:AN232_19705	ko:K16089
cie:AN232_19735	ko:K07485
cie:AN232_19770	ko:K00574
cie:AN232_19775	ko:K09701
cie:AN232_19780	ko:K06954
cie:AN232_19805	ko:K00031
cie:AN232_19810	ko:K06181
cie:AN232_19815	ko:K12152
cie:AN232_19820	ko:K00566
cie:AN232_19825	ko:K07153
cie:AN232_19830	ko:K01756
cie:AN232_19850	ko:K07497
cie:AN232_19905	ko:K12149
cie:AN232_19920	ko:K07660
cie:AN232_19925	ko:K07637
cie:AN232_19930	ko:K18850
cie:AN232_19935	ko:K01258
cie:AN232_19940	ko:K11072
cie:AN232_19945	ko:K11071
cie:AN232_19950	ko:K11070
cie:AN232_19955	ko:K11069
cie:AN232_19960	ko:K12410
cie:AN232_19965	ko:K28207
cie:AN232_19970	ko:K09808
cie:AN232_19975	ko:K09810
cie:AN232_19980	ko:K09808
cie:AN232_19990	ko:K03723
cie:AN232_19995	ko:K19236
cie:AN232_20000	ko:K12151
cie:AN232_20005	ko:K22041
cie:AN232_20010	ko:K02014
cie:AN232_20020	ko:K03885
cie:AN232_20025	ko:K07000
cie:AN232_20030	ko:K01207
cie:AN232_20035	ko:K07251
cie:AN232_20040	ko:K07337
cie:AN232_20050	ko:K02503
cie:AN232_20055	ko:K14220
cie:AN232_20060	ko:K26937
cie:AN232_20065	ko:K14220
cie:AN232_20075	ko:K07120
cie:AN232_20090	ko:K01821
cie:AN232_20115	ko:K13635
cie:AN232_20120	ko:K19338
cie:AN232_20125	ko:K14220
cie:AN232_20130	ko:K08172
cie:AN232_20135	ko:K01241
cie:AN232_20140	ko:K01262
cie:AN232_20145	ko:K02779
cie:AN232_20150	ko:K03424
cie:AN232_20155	ko:K02341
cie:AN232_20160	ko:K00943
cie:AN232_20165	ko:K07082
cie:AN232_20170	ko:K02619
cie:AN232_20175	ko:K09458
cie:AN232_20180	ko:K02078
cie:AN232_20185	ko:K00059
cie:AN232_20190	ko:K00645
cie:AN232_20195	ko:K00648
cie:AN232_20200	ko:K03621
cie:AN232_20205	ko:K02911
cie:AN232_20210	ko:K07040
cie:AN232_20215	ko:K25422
cie:AN232_20220	ko:K06179
cie:AN232_20230	ko:K08300
cie:AN232_20245	ko:K02397
cie:AN232_20250	ko:K02396
cie:AN232_20255	ko:K02395
cie:AN232_20260	ko:K02394
cie:AN232_20265	ko:K02393
cie:AN232_20270	ko:K02392
cie:AN232_20275	ko:K02391
cie:AN232_20280	ko:K02390
cie:AN232_20285	ko:K02389
cie:AN232_20290	ko:K02388
cie:AN232_20295	ko:K02387
cie:AN232_20300	ko:K02386
cie:AN232_20305	ko:K02398
cie:AN232_20310	ko:K02399
cie:AN232_20315	ko:K03980
cie:AN232_20320	ko:K03810
cie:AN232_20325	ko:K09915
cie:AN232_20330	ko:K03790
cie:AN232_20335	ko:K08162
cie:AN232_20345	ko:K01465
cie:AN232_20350	ko:K12149
cie:AN232_20355	ko:K12148
cie:AN232_20360	ko:K02846
cie:AN232_20380	ko:K07146
cie:AN232_20385	ko:K02517
cie:AN232_20390	ko:K08161
cie:AN232_20400	ko:K12147
cie:AN232_20410	ko:K03669
cie:AN232_20415	ko:K03670
cie:AN232_20425	ko:K11941
cie:AN232_20430	ko:K06132
cie:AN232_20435	ko:K23518
cie:AN232_20445	ko:K04336
cie:AN232_20450	ko:K04334
cie:AN232_20455	ko:K04335
cie:AN232_20460	ko:K04333
cie:AN232_20465	ko:K04337
cie:AN232_20470	ko:K04338
cie:AN232_20475	ko:K06214
cie:AN232_20490	ko:K04477
cie:AN232_20495	ko:K12972
cie:AN232_20500	ko:K14233
cie:AN232_20520	ko:K07812
cie:AN232_20525	ko:K03532
cie:AN232_20535	ko:K02200
cie:AN232_20540	ko:K02199
cie:AN232_20545	ko:K02198
cie:AN232_20550	ko:K02197
cie:AN232_20555	ko:K02196
cie:AN232_20560	ko:K02195
cie:AN232_20565	ko:K02194
cie:AN232_20570	ko:K02193
cie:AN232_20580	ko:K06217
cie:AN232_20585	ko:K16301
cie:AN232_20590	ko:K07224
cie:AN232_20595	ko:K07243
cie:AN232_20610	ko:K11928
cie:AN232_20620	ko:K13821
cie:AN232_20630	ko:K09017
cie:AN232_20640	ko:K06884
cie:AN232_20650	ko:K03809
cie:AN232_20660	ko:K01085
cie:AN232_20670	ko:K07090
cie:AN232_20685	ko:K08344
cie:AN232_20695	ko:K03673
cie:AN232_20700	ko:K05516
cie:AN232_20705	ko:K18997
cie:AN232_20715	ko:K05517
cie:AN232_20720	ko:K06141
cie:AN232_20725	ko:K03784
cie:AN232_20735	ko:K20534
cie:AN232_20785	ko:K03746
cie:AN232_20905	ko:K03746
cie:AN232_20930	ko:K07733
cie:AN232_20945	ko:K21528
cie:AN232_21070	ko:K07474
cie:AN232_21365	ko:K07474
cie:AN232_21460	ko:K02314
cie:AN232_21530	ko:K14233
cie:AN232_21535	ko:K15580
cie:AN232_21540	ko:K19416
cie:AN232_21580	ko:K11179
cie:AN232_21585	ko:K01512
cie:AN232_21600	ko:K06969
cie:AN232_21605	ko:K11940
cie:AN232_21610	ko:K06929
cie:AN232_21615	ko:K09909
cie:AN232_21620	ko:K01734
cie:AN232_21625	ko:K03658
cie:AN232_21640	ko:K07343
cie:AN232_21645	ko:K13053
cie:AN232_21650	ko:K03286
cie:AN232_21655	ko:K09911
cie:AN232_21660	ko:K04770
cie:AN232_21665	ko:K01716
cie:AN232_21670	ko:K03812
cie:AN232_21675	ko:K09857
cie:AN232_21680	ko:K06192
cie:AN232_21685	ko:K03808
cie:AN232_21690	ko:K15738
cie:AN232_21695	ko:K12297
cie:AN232_21700	ko:K07140
cie:AN232_21705	ko:K18657
cie:AN232_21710	ko:K00254
cie:AN232_21715	ko:K00299
cie:AN232_21720	ko:K15553
cie:AN232_21725	ko:K04091
cie:AN232_21730	ko:K15554
cie:AN232_21735	ko:K15555
cie:AN232_21740	ko:K01256
cie:AN232_21745	ko:K00763
cie:AN232_21750	ko:K01893
cie:AN232_21760	ko:K00813
cie:AN232_21765	ko:K01069
cie:AN232_21780	ko:K21470
cie:AN232_21785	ko:K03632
cie:AN232_21790	ko:K03804
cie:AN232_21795	ko:K03633
cie:AN232_21800	ko:K06219
cie:AN232_21815	ko:K00979
cie:AN232_21820	ko:K09791
cie:AN232_21825	ko:K09927
cie:AN232_21830	ko:K00912
cie:AN232_21835	ko:K11085
cie:AN232_21840	ko:K02238
cie:AN232_21845	ko:K05788
cie:AN232_21850	ko:K02945
cie:AN232_21855	ko:K00945
cie:AN232_21860	ko:K00800
cie:AN232_21865	ko:K00831
cie:AN232_21875	ko:K09136
cie:AN232_21880	ko:K06212
cie:AN232_21885	ko:K00656
cie:AN232_21890	ko:K04069
cie:AN232_21895	ko:K08219
cie:AN232_21905	ko:K07308
cie:AN232_21910	ko:K07307
cie:AN232_21915	ko:K07306
cie:AN232_21920	ko:K01875
cie:AN232_21925	ko:K07478
cie:AN232_21930	ko:K03634
cie:AN232_21935	ko:K03466
cie:AN232_21940	ko:K03719
cie:AN232_21950	ko:K00384
cie:AN232_21955	ko:K16013
cie:AN232_21960	ko:K16012
cie:AN232_21965	ko:K00684
cie:AN232_21975	ko:K02518
cie:AN232_21985	ko:K06911
cie:AN232_21995	ko:K14233
cie:AN232_22005	ko:K03212
cie:AN232_22015	ko:K11074
cie:AN232_22020	ko:K11075
cie:AN232_22025	ko:K11076
cie:AN232_22030	ko:K11073
cie:AN232_22040	ko:K05844
cie:AN232_22045	ko:K10678
cie:AN232_22055	ko:K03674
cie:AN232_22065	ko:K07085
cie:AN232_22085	ko:K23778
cie:AN232_22095	ko:K20861
cie:AN232_22105	ko:K08160
cie:AN232_22110	ko:K19302
cie:AN232_22115	ko:K11534
cie:AN232_22120	ko:K07258
cie:AN232_22125	ko:K00799
cie:AN232_22130	ko:K21430
cie:AN232_22135	ko:K19688
cie:AN232_22140	ko:K14441
cie:AN232_22145	ko:K13891
cie:AN232_22150	ko:K13890
cie:AN232_22155	ko:K13889
cie:AN232_22160	ko:K13892
cie:AN232_22165	ko:K13051
cie:AN232_22170	ko:K00984
cie:AN232_22175	ko:K03750
cie:AN232_22180	ko:K21029
cie:AN232_22190	ko:K08313
cie:AN232_22195	ko:K04069
cie:AN232_22205	ko:K07757
cie:AN232_22220	ko:K08191
cie:AN232_22225	ko:K01187
cie:AN232_22240	ko:K19236
cie:AN232_22250	ko:K11924
cie:AN232_22265	ko:K11934
cie:AN232_22270	ko:K11939
cie:AN232_22275	ko:K04047
cie:AN232_22280	ko:K10036
cie:AN232_22285	ko:K10037
cie:AN232_22290	ko:K10038
cie:AN232_22295	ko:K22044
cie:AN232_22300	ko:K06970
cie:AN232_22310	ko:K13650
cie:AN232_22325	ko:K13574
cie:AN232_22335	ko:K03722
cie:AN232_22340	ko:K11927
cie:AN232_22345	ko:K23777
cie:AN232_22350	ko:K25183
cie:AN232_22355	ko:K25182
cie:AN232_22360	ko:K25181
cie:AN232_22365	ko:K25180
cie:AN232_22380	ko:K06131
cie:AN232_22385	ko:K07027
cie:AN232_22390	ko:K06890
cie:AN232_22395	ko:K03635
cie:AN232_22400	ko:K03636
cie:AN232_22405	ko:K03637
cie:AN232_22410	ko:K03638
cie:AN232_22415	ko:K03639
cie:AN232_22430	ko:K03702
cie:AN232_22445	ko:K01935
cie:AN232_22450	ko:K02169
cie:AN232_22455	ko:K00652
cie:AN232_22460	ko:K01012
cie:AN232_22465	ko:K00833
cie:AN232_22475	ko:K01745
cie:AN232_22480	ko:K01712
cie:AN232_22485	ko:K05836
cie:AN232_22490	ko:K01479
cie:AN232_22495	ko:K01468
cie:AN232_22500	ko:K01051
cie:AN232_22505	ko:K07404
cie:AN232_22510	ko:K28853
cie:AN232_22515	ko:K02017
cie:AN232_22520	ko:K02018
cie:AN232_22525	ko:K02020
cie:AN232_22535	ko:K25859
cie:AN232_22540	ko:K02019
cie:AN232_22545	ko:K05776
cie:AN232_22550	ko:K01784
cie:AN232_22555	ko:K00965
cie:AN232_22560	ko:K00849
cie:AN232_22565	ko:K01785
cie:AN232_22570	ko:K01834
cie:AN232_22575	ko:K01626
cie:AN232_22585	ko:K16264
cie:AN232_22590	ko:K03811
cie:AN232_22595	ko:K03517
cie:AN232_22605	ko:K14229
cie:AN232_22610	ko:K14229
cie:AN232_22615	ko:K14229
cie:AN232_22620	ko:K14237
cie:AN232_22625	ko:K14229
cie:AN232_22635	ko:K03640
cie:AN232_22640	ko:K03641
cie:AN232_22645	ko:K03646
cie:AN232_22650	ko:K03560
cie:AN232_22655	ko:K03562
cie:AN232_22660	ko:K07107
cie:AN232_22675	ko:K00424
cie:AN232_22680	ko:K00426
cie:AN232_22685	ko:K00425
cie:AN232_22690	ko:K01846
cie:AN232_22700	ko:K19268
cie:AN232_22705	ko:K04835
cie:AN232_22725	ko:K01425
cie:AN232_22730	ko:K01676
cie:AN232_22735	ko:K19221
cie:AN232_22745	ko:K02303
cie:AN232_22755	ko:K01902
cie:AN232_22760	ko:K01903
cie:AN232_22765	ko:K00658
cie:AN232_22770	ko:K00164
cie:AN232_22775	ko:K00240
cie:AN232_22780	ko:K00239
cie:AN232_22785	ko:K00242
cie:AN232_22790	ko:K00241
cie:AN232_22800	ko:K01647
cie:AN232_22810	ko:K05522
cie:AN232_22815	ko:K01304
cie:AN232_22830	ko:K07160
cie:AN232_22835	ko:K23124
cie:AN232_22840	ko:K23123
cie:AN232_22850	ko:K03305
cie:AN232_22855	ko:K24087
cie:AN232_22860	ko:K01669
cie:AN232_22875	ko:K01545
cie:AN232_22880	ko:K01546
cie:AN232_22885	ko:K01547
cie:AN232_22890	ko:K01548
cie:AN232_22895	ko:K07646
cie:AN232_22900	ko:K07667
cie:AN232_22905	ko:K01835
cie:AN232_22910	ko:K03645
cie:AN232_22915	ko:K01175
cie:AN232_22925	ko:K03839
cie:AN232_22935	ko:K03711
cie:AN232_22940	ko:K13794
cie:AN232_22945	ko:K13796
cie:AN232_22950	ko:K13795
cie:AN232_22955	ko:K03288
cie:AN232_22975	ko:K01886
cie:AN232_22980	ko:K02804
cie:AN232_22985	ko:K02564
cie:AN232_22990	ko:K01443
cie:AN232_22995	ko:K02565
cie:AN232_23000	ko:K02566
cie:AN232_23010	ko:K01953
cie:AN232_23015	ko:K14230
cie:AN232_23020	ko:K14228
cie:AN232_23025	ko:K14223
cie:AN232_23030	ko:K14223
cie:AN232_23035	ko:K14230
cie:AN232_23040	ko:K14223
cie:AN232_23045	ko:K14223
cie:AN232_23050	ko:K03184
cie:AN232_23055	ko:K06168
cie:AN232_23060	ko:K06217
cie:AN232_23065	ko:K07042
cie:AN232_23070	ko:K06189
cie:AN232_23075	ko:K03820
cie:AN232_23080	ko:K10001
cie:AN232_23085	ko:K10003
cie:AN232_23090	ko:K10002
cie:AN232_23095	ko:K10004
cie:AN232_23100	ko:K01250
cie:AN232_23110	ko:K01869
cie:AN232_23115	ko:K03643
cie:AN232_23120	ko:K02340
cie:AN232_23125	ko:K00969
cie:AN232_23130	ko:K04720
cie:AN232_23135	ko:K02226
cie:AN232_23140	ko:K09710
cie:AN232_23145	ko:K00783
cie:AN232_23150	ko:K05515
cie:AN232_23155	ko:K05837
cie:AN232_23160	ko:K03642
cie:AN232_23165	ko:K07258
cie:AN232_23170	ko:K09158
cie:AN232_23175	ko:K03801
cie:AN232_23180	ko:K03644
cie:AN232_23185	ko:K03425
cie:AN232_23190	ko:K11206
cie:AN232_23195	ko:K06199
cie:AN232_23200	ko:K03704
cie:AN232_23205	ko:K12973
cie:AN232_23210	ko:K03326
cie:AN232_23215	ko:K07702
cie:AN232_23220	ko:K07700
cie:AN232_23225	ko:K01910
cie:AN232_23230	ko:K01646
cie:AN232_23235	ko:K01644
cie:AN232_23240	ko:K01643
cie:AN232_23245	ko:K05964
cie:AN232_23250	ko:K05966
cie:AN232_23255	ko:K09477
cie:AN232_23260	ko:K01169
cie:AN232_23270	ko:K00433
cie:AN232_23275	ko:K06140
cie:AN232_23280	ko:K11932
cie:AN232_23285	ko:K03387
cie:AN232_23290	ko:K24119
cie:AN232_23295	ko:K03805
cie:AN232_23315	ko:K14287
cie:AN232_23320	ko:K08317
cie:AN232_23335	ko:K06200
cie:AN232_23340	ko:K24147
cie:AN232_23345	ko:K00216
cie:AN232_23350	ko:K01252
cie:AN232_23355	ko:K02363
cie:AN232_23360	ko:K02361
cie:AN232_23365	ko:K23185
cie:AN232_23370	ko:K08225
cie:AN232_23375	ko:K23186
cie:AN232_23380	ko:K23187
cie:AN232_23385	ko:K23188
cie:AN232_23395	ko:K02364
cie:AN232_23405	ko:K07214
cie:AN232_23410	ko:K19611
cie:AN232_23415	ko:K02362
cie:AN232_23425	ko:K06048
cie:AN232_23435	ko:K18325
cie:AN232_23455	ko:K10679
cie:AN232_23470	ko:K16053
cie:AN232_23475	ko:K11732
cie:AN232_23500	ko:K22650
cie:AN232_23505	ko:K21087
cie:AN232_23510	ko:K21741
cie:AN232_23515	ko:K21740
cie:AN232_23520	ko:K21739
cie:AN232_23525	ko:K21746
cie:AN232_23530	ko:K07787
cie:AN232_23535	ko:K07798
cie:AN232_23540	ko:K07810
cie:AN232_23545	ko:K07796
cie:AN232_23550	ko:K07665
cie:AN232_23555	ko:K07644
cie:AN232_23565	ko:K06897
cie:AN232_23570	ko:K14061
cie:AN232_23575	ko:K14219
cie:AN232_23585	ko:K08087
cie:AN232_23590	ko:K08088
cie:AN232_23595	ko:K07688
cie:AN232_23600	ko:K07355
cie:AN232_23605	ko:K07356
cie:AN232_23610	ko:K07354
cie:AN232_23615	ko:K07353
cie:AN232_23620	ko:K07351
cie:AN232_23625	ko:K07352
cie:AN232_23630	ko:K01491
cie:AN232_23635	ko:K14761
cie:AN232_23640	ko:K07038
cie:AN232_23645	ko:K01883
cie:AN232_23650	ko:K03768
cie:AN232_23655	ko:K03269
cie:AN232_23670	ko:K01588
cie:AN232_23675	ko:K01589
cie:AN232_23680	ko:K00926
cie:AN232_23685	ko:K28795
cie:AN232_23690	ko:K28794
cie:AN232_23695	ko:K02381
cie:AN232_23700	ko:K00073
cie:AN232_23705	ko:K02083
cie:AN232_23710	ko:K14977
cie:AN232_23715	ko:K00865
cie:AN232_23725	ko:K01466
cie:AN232_23730	ko:K10975
cie:AN232_23740	ko:K00042
cie:AN232_23745	ko:K01816
cie:AN232_23750	ko:K01608
cie:AN232_23755	ko:K10973
cie:AN232_23760	ko:K01483
cie:AN232_23765	ko:K10972
cie:AN232_23770	ko:K06917
cie:AN232_23775	ko:K02072
cie:AN232_23780	ko:K02071
cie:AN232_23785	ko:K02073
cie:AN232_23795	ko:K02004
cie:AN232_23800	ko:K02003
cie:AN232_23805	ko:K10804
cie:AN232_23815	ko:K05838
cie:AN232_23820	ko:K02069
cie:AN232_23825	ko:K02068
cie:AN232_23835	ko:K07340
cie:AN232_23850	ko:K19591
cie:AN232_23855	ko:K17686
cie:AN232_23860	ko:K09973
cie:AN232_23865	ko:K03976
cie:AN232_23870	ko:K11751
cie:AN232_23875	ko:K08223
cie:AN232_23880	ko:K26735
cie:AN232_23885	ko:K00892
cie:AN232_23890	ko:K01066
cie:AN232_23895	ko:K01772
cie:AN232_23900	ko:K00939
cie:AN232_23910	ko:K04079
cie:AN232_23915	ko:K06187
cie:AN232_23920	ko:K09747
cie:AN232_23925	ko:K02343
cie:AN232_23930	ko:K00759
cie:AN232_23940	ko:K09790
cie:AN232_23945	ko:K04067
cie:AN232_23960	ko:K05802
cie:AN232_23965	ko:K03577
cie:AN232_23970	ko:K03585
cie:AN232_23975	ko:K18138
cie:AN232_23980	ko:K19162
cie:AN232_23985	ko:K05839
cie:AN232_23990	ko:K00661
cie:AN232_24000	ko:K02919
cie:AN232_24005	ko:K02909
cie:AN232_24010	ko:K26148
cie:AN232_24040	ko:K01983
cie:AN232_24045	ko:K07443
cie:AN232_24050	ko:K09914
cie:AN232_24055	ko:K10805
cie:AN232_24060	ko:K03320
cie:AN232_24065	ko:K04752
cie:AN232_24070	ko:K18890
cie:AN232_24075	ko:K18889
cie:AN232_24080	ko:K05800
cie:AN232_24085	ko:K28981
cie:AN232_24090	ko:K11938
cie:AN232_24105	ko:K06920
cie:AN232_24110	ko:K12500
cie:AN232_24115	ko:K02237
cie:AN232_24120	ko:K03770
cie:AN232_24125	ko:K03530
cie:AN232_24130	ko:K01338
cie:AN232_24135	ko:K03544
cie:AN232_24140	ko:K01358
cie:AN232_24145	ko:K03545
cie:AN232_24150	ko:K05527
cie:AN232_24155	ko:K07286
cie:AN232_24160	ko:K08218
cie:AN232_24165	ko:K02297
cie:AN232_24170	ko:K02298
cie:AN232_24175	ko:K02299
cie:AN232_24180	ko:K02300
cie:AN232_24185	ko:K02257
cie:AN232_24200	ko:K11903
cie:AN232_24210	ko:K09767
cie:AN232_24215	ko:K00077
cie:AN232_24220	ko:K03152
cie:AN232_24245	ko:K03151
cie:AN232_24250	ko:K03602
cie:AN232_24255	ko:K00795
cie:AN232_24260	ko:K01662
cie:AN232_24265	ko:K23107
cie:AN232_24270	ko:K01095
cie:AN232_24275	ko:K00946
cie:AN232_24280	ko:K03625
cie:AN232_24285	ko:K00794
cie:AN232_24290	ko:K11752
cie:AN232_24295	ko:K07738
cie:AN232_24305	ko:K05517
cie:AN232_24315	ko:K06996
cie:AN232_24320	ko:K03074
cie:AN232_24325	ko:K03072
cie:AN232_24330	ko:K03210
cie:AN232_24335	ko:K00773
cie:AN232_24340	ko:K07568
cie:AN232_24345	ko:K08682
cie:AN232_24350	ko:K03386
cie:AN232_24370	ko:K09932
cie:AN232_24385	ko:K01187
cie:AN232_24390	ko:K11736
cie:AN232_24395	ko:K03311
cie:AN232_24405	ko:K07636
cie:AN232_24410	ko:K07657
cie:AN232_24415	ko:K03547
cie:AN232_24420	ko:K03546
cie:AN232_24425	ko:K08156
cie:AN232_24430	ko:K00847
cie:AN232_24435	ko:K03554
cie:AN232_24440	ko:K09913
cie:AN232_24445	ko:K14591
cie:AN232_24455	ko:K00891
cie:AN232_24460	ko:K09768
cie:AN232_24465	ko:K00286
cie:AN232_24470	ko:K18968
cie:AN232_24480	ko:K01077
cie:AN232_24490	ko:K08161
cie:AN232_24495	ko:K01921
cie:AN232_24515	ko:K17938
cie:AN232_24520	ko:K18988
cie:AN232_24535	ko:K01698
cie:AN232_24540	ko:K03119
cie:AN232_24545	ko:K15552
cie:AN232_24550	ko:K10831
cie:AN232_24555	ko:K15551
cie:AN232_24565	ko:K20264
cie:AN232_24570	ko:K20263
cie:AN232_24575	ko:K07783
cie:AN232_24580	ko:K02012
cie:AN232_24585	ko:K02011
cie:AN232_24590	ko:K02010
cie:AN232_24595	ko:K00547
cie:AN232_24600	ko:K05819
cie:AN232_24605	ko:K01666
cie:AN232_24610	ko:K04073
cie:AN232_24615	ko:K02554
cie:AN232_24620	ko:K05714
cie:AN232_24625	ko:K05713
cie:AN232_24635	ko:K05818
cie:AN232_24675	ko:K27069
cie:AN232_24680	ko:K01190
cie:AN232_24685	ko:K02532
cie:AN232_24695	ko:K01908
cie:AN232_24700	ko:K01720
cie:AN232_24705	ko:K01659
cie:AN232_24710	ko:K03417
cie:AN232_24715	ko:K02688
cie:AN232_24725	ko:K03329
cie:AN232_24730	ko:K13069
cie:AN232_24745	ko:K02014
cie:AN232_24755	ko:K05877
cie:AN232_24770	ko:K03326
cie:AN232_24775	ko:K01258
cie:AN232_24785	ko:K09982
cie:AN232_24795	ko:K05520
cie:AN232_24805	ko:K14052
cie:AN232_24810	ko:K09470
cie:AN232_24815	ko:K09473
cie:AN232_24820	ko:K14056
cie:AN232_24825	ko:K09472
cie:AN232_24830	ko:K09471
cie:AN232_24835	ko:K06282
cie:AN232_24840	ko:K06281
cie:AN232_24845	ko:K03620
cie:AN232_24850	ko:K03605
cie:AN232_24855	ko:K03619
cie:AN232_24860	ko:K03618
cie:AN232_24865	ko:K00425
cie:AN232_24870	ko:K00426
cie:AN232_24875	ko:K22501
cie:AN232_24885	ko:K00375
cie:AN232_24905	ko:K02529
cie:AN232_24910	ko:K03315
cie:AN232_24915	ko:K14155
cie:AN232_24920	ko:K00847
cie:AN232_24930	ko:K01193
cie:AN232_24940	ko:K01193
cie:AN232_24945	ko:K02532
cie:AN232_24960	ko:K14234
cie:AN232_24975	ko:K21968
cie:AN232_24980	ko:K21967
cie:AN232_24985	ko:K21966
cie:AN232_24990	ko:K21965
cie:AN232_24995	ko:K21964
cie:AN232_25000	ko:K01420
cie:AN232_25005	ko:K00147
cie:AN232_25010	ko:K00931
cie:AN232_25015	ko:K11929
cie:AN232_25020	ko:K11926
cie:AN232_25025	ko:K11750
cie:AN232_25030	ko:K00769
cie:AN232_25035	ko:K01270
cie:AN232_25040	ko:K02346
cie:AN232_25050	ko:K02557
cie:AN232_25055	ko:K02556
cie:AN232_25060	ko:K02405
cie:AN232_25065	ko:K02415
cie:AN232_25070	ko:K02414
cie:AN232_25080	ko:K02422
cie:AN232_25085	ko:K02407
cie:AN232_25090	ko:K02406
cie:AN232_25110	ko:K02397
cie:AN232_25115	ko:K02396
cie:AN232_25120	ko:K02395
cie:AN232_25125	ko:K02394
cie:AN232_25130	ko:K02393
cie:AN232_25135	ko:K02392
cie:AN232_25140	ko:K02391
cie:AN232_25145	ko:K02390
cie:AN232_25150	ko:K02389
cie:AN232_25155	ko:K02388
cie:AN232_25160	ko:K02387
cie:AN232_25165	ko:K02386
cie:AN232_25170	ko:K02398
cie:AN232_25175	ko:K02399
cie:AN232_25180	ko:K18475
cie:AN232_25200	ko:K01955
cie:AN232_25210	ko:K00968
cie:AN232_25220	ko:K02412
cie:AN232_25225	ko:K02411
cie:AN232_25230	ko:K02410
cie:AN232_25235	ko:K02409
cie:AN232_25240	ko:K02408
cie:AN232_25250	ko:K02416
cie:AN232_25255	ko:K02417
cie:AN232_25260	ko:K02419
cie:AN232_25265	ko:K02420
cie:AN232_25270	ko:K02421
cie:AN232_25275	ko:K02401
cie:AN232_25280	ko:K02400
cie:AN232_25290	ko:K28919
cie:AN232_25300	ko:K03271
cie:AN232_25305	ko:K06445
cie:AN232_25320	ko:K13566
cie:AN232_25355	ko:K12519
cie:AN232_25360	ko:K12518
cie:AN232_25385	ko:K14221
cie:AN232_25390	ko:K02342
cie:AN232_25395	ko:K03469
cie:AN232_25405	ko:K01069
cie:AN232_25410	ko:K08307
cie:AN232_25425	ko:K19577
cie:AN232_25435	ko:K06222
cie:AN232_25440	ko:K14221
cie:AN232_25445	ko:K01985
cie:AN232_25450	ko:K01980
cie:AN232_25455	ko:K14224
cie:AN232_25460	ko:K01977
cie:AN232_25470	ko:K03273
cie:AN232_25475	ko:K02071
cie:AN232_25480	ko:K02072
cie:AN232_25485	ko:K02073
cie:AN232_25490	ko:K06080
cie:AN232_25495	ko:K22900
cie:AN232_25500	ko:K01881
cie:AN232_25505	ko:K06079
cie:AN232_25510	ko:K15034
cie:AN232_25525	ko:K19000
cie:AN232_25530	ko:K04075
cie:AN232_25535	ko:K08234
cie:AN232_25540	ko:K01582
cie:AN232_25545	ko:K01962
cie:AN232_25550	ko:K02337
cie:AN232_25555	ko:K03470
cie:AN232_25560	ko:K00748
cie:AN232_25565	ko:K00677
cie:AN232_25570	ko:K02372
cie:AN232_25575	ko:K02536
cie:AN232_25580	ko:K06142
cie:AN232_25585	ko:K07277
cie:AN232_25590	ko:K11749
cie:AN232_25595	ko:K00981
cie:AN232_25600	ko:K00806
cie:AN232_25605	ko:K00099
cie:AN232_25610	ko:K02838
cie:AN232_25615	ko:K09903
cie:AN232_25620	ko:K02357
cie:AN232_25625	ko:K02967
cie:AN232_25630	ko:K01265
cie:AN232_25635	ko:K00990
cie:AN232_25640	ko:K00674
cie:AN232_25650	ko:K02647
cie:AN232_25655	ko:K04771
cie:AN232_25665	ko:K01129
cie:AN232_25670	ko:K01243
cie:AN232_25675	ko:K06858
cie:AN232_25685	ko:K15724
cie:AN232_25690	ko:K03281
cie:AN232_25695	ko:K01845
cie:AN232_25700	ko:K23228
cie:AN232_25705	ko:K23227
cie:AN232_25710	ko:K10829
cie:AN232_25715	ko:K02014
cie:AN232_25720	ko:K05365
cie:AN232_25725	ko:K03579
cie:AN232_25730	ko:K01975
cie:AN232_25735	ko:K06206
cie:AN232_25740	ko:K06204
cie:AN232_25745	ko:K01894
cie:AN232_25750	ko:K00970
cie:AN232_25760	ko:K00950
cie:AN232_25765	ko:K00606
cie:AN232_25770	ko:K01918
cie:AN232_25775	ko:K01579
cie:AN232_25790	ko:K01992
cie:AN232_25795	ko:K01990
cie:AN232_25800	ko:K01673
cie:AN232_25805	ko:K00760
cie:AN232_25810	ko:K00117
cie:AN232_25815	ko:K14588
cie:AN232_25830	ko:K22024
cie:AN232_25835	ko:K22129
cie:AN232_25840	ko:K02526
cie:AN232_25845	ko:K09910
cie:AN232_25850	ko:K01682
cie:AN232_25885	ko:K00382
cie:AN232_25890	ko:K00627
cie:AN232_25895	ko:K00163
cie:AN232_25900	ko:K05799
cie:AN232_25905	ko:K11734
cie:AN232_25915	ko:K03292
cie:AN232_25925	ko:K03807
cie:AN232_25930	ko:K03806
cie:AN232_25935	ko:K00767
cie:AN232_25940	ko:K02682
cie:AN232_25945	ko:K02504
cie:AN232_25950	ko:K02505
cie:AN232_25955	ko:K00364
cie:AN232_25960	ko:K00859
cie:AN232_25965	ko:K18778
cie:AN232_25970	ko:K09862
cie:AN232_25975	ko:K03574
cie:AN232_25980	ko:K03070
cie:AN232_25985	ko:K13301
cie:AN232_25990	ko:K02535
cie:AN232_25995	ko:K03531
cie:AN232_26000	ko:K03590
cie:AN232_26005	ko:K03589
cie:AN232_26010	ko:K01921
cie:AN232_26015	ko:K01924
cie:AN232_26020	ko:K02563
cie:AN232_26025	ko:K03588
cie:AN232_26030	ko:K01925
cie:AN232_26035	ko:K01000
cie:AN232_26040	ko:K01929
cie:AN232_26045	ko:K01928
cie:AN232_26050	ko:K03587
cie:AN232_26055	ko:K03586
cie:AN232_26060	ko:K03438
cie:AN232_26065	ko:K03925
cie:AN232_26075	ko:K03435
cie:AN232_26080	ko:K01653
cie:AN232_26085	ko:K01652
cie:AN232_26090	ko:K05798
cie:AN232_26095	ko:K05806
cie:AN232_26100	ko:K01649
cie:AN232_26105	ko:K00052
cie:AN232_26110	ko:K01703
cie:AN232_26115	ko:K01704
cie:AN232_26120	ko:K03291
cie:AN232_26130	ko:K11925
cie:AN232_26135	ko:K02064
cie:AN232_26140	ko:K02063
cie:AN232_26145	ko:K02062
cie:AN232_26155	ko:K02099
cie:AN232_26160	ko:K00853
cie:AN232_26165	ko:K01804
cie:AN232_26170	ko:K03077
cie:AN232_26180	ko:K02336
cie:AN232_26185	ko:K03580
cie:AN232_26190	ko:K06177
cie:AN232_26195	ko:K05801
cie:AN232_26200	ko:K04744
cie:AN232_26205	ko:K03771
cie:AN232_26210	ko:K00097
cie:AN232_26215	ko:K02528
cie:AN232_26220	ko:K06195
cie:AN232_26225	ko:K01525
cie:AN232_26230	ko:K00287
cie:AN232_26240	ko:K11745
cie:AN232_26245	ko:K11746
cie:AN232_26255	ko:K08368
cie:AN232_26260	ko:K03855
cie:AN232_26265	ko:K00313
cie:AN232_26270	ko:K03522
cie:AN232_26275	ko:K03521
cie:AN232_26280	ko:K05245
cie:AN232_26285	ko:K08297
cie:AN232_26290	ko:K08298
cie:AN232_26295	ko:K03205
cie:AN232_26300	ko:K03196
cie:AN232_26305	ko:K03195
cie:AN232_26310	ko:K03204
cie:AN232_26315	ko:K03203
cie:AN232_26335	ko:K03201
cie:AN232_26340	ko:K03200
cie:AN232_26345	ko:K03199
cie:AN232_26350	ko:K03197
cie:AN232_26355	ko:K03194
cie:AN232_26465	ko:K03496
cie:AN232_26480	ko:K03746
cie:AN232_26485	ko:K05839
cie:AN232_26490	ko:K03169
cie:AN232_26505	ko:K01174
cie:AN232_26530	ko:K07481
cie:AN232_26605	ko:K00558
cie:AN232_26610	ko:K01174
cie:AN232_26655	ko:K07127
cie:AN232_26670	ko:K18320
cie:AN232_26675	ko:K03313
cie:AN232_26685	ko:K07486
cie:AN232_26695	ko:K18767
cie:AN232_26705	ko:K07486
cie:AN232_26720	ko:K03503
cie:AN232_26725	ko:K03502
cie:AN232_26750	ko:K03981
cie:AN232_26765	ko:K12056
cie:AN232_26770	ko:K12072
cie:AN232_26775	ko:K12057
cie:AN232_26800	ko:K12070
cie:AN232_26805	ko:K12071
cie:AN232_26820	ko:K04773
cie:AN232_26995	ko:K07334
cie:AN232_27055	ko:K07497
cie:AN232_27100	ko:K07485
cie:AN232_27115	ko:K07483
cie:AN232_27120	ko:K07484
cie:AN232_27125	ko:K07484
cie:AN232_27135	ko:K06223
cie:AN232_27165	ko:K07497
cie:AN232_27180	ko:K12068
cie:AN232_27185	ko:K12067
cie:AN232_27190	ko:K12066
cie:AN232_27200	ko:K12065
cie:AN232_27215	ko:K12064
cie:AN232_27220	ko:K12063
cie:AN232_27255	ko:K03496
cie:AN232_27260	ko:K03497
cie:AN232_27285	ko:K18640
cie:AN232_27315	ko:K07497
cie:AN232_27325	ko:K12062
cie:AN232_27330	ko:K12061
cie:AN232_27335	ko:K12060
cie:AN232_27340	ko:K12058
cie:AN232_27350	ko:K03657
cie:AN232_27370	ko:K09882
cie:AN232_27465	ko:K10748
cie:AN232_27490	ko:K18320
cie:AN232_27500	ko:K02066
cie:AN232_27505	ko:K02065
cie:AN232_27510	ko:K02067
cie:AN232_27515	ko:K18480
cie:AN232_27545	ko:K05839
cie:AN232_27570	ko:K18320
cie:AN232_27585	ko:K06979
cie:AN232_27590	ko:K18231
cie:AN232_27610	ko:K18845
cie:AN232_27630	ko:K18974
cie:AN232_27635	ko:K18975
cie:AN232_27640	ko:K00984
cie:AN232_27650	ko:K18590
cie:AN232_27665	ko:K18320
cie:AN232_27680	ko:K19278
cie:AN232_27685	ko:K00984
cie:AN232_27690	ko:K19098
cie:AN232_27700	ko:K18698
cie:AN232_27720	ko:K07497
cie:AN232_27795	ko:K03892
cie:AN232_27890	ko:K05791
cie:AN232_27895	ko:K05792
cie:AN232_27900	ko:K05793
cie:AN232_27905	ko:K05794
cie:AN232_27910	ko:K05795
cie:AN232_27915	ko:K05795
cie:AN232_28025	ko:K03497
cie:AN232_28045	ko:K03530
cie:AN232_28065	ko:K21498
cie:AN232_28105	ko:K03497
cie:AN232_28170	ko:K03496
cie:AN232_28210	ko:K03885
cie:AN232_28230	ko:K11741
cie:AN232_28235	ko:K18294
cie:AN232_28240	ko:K18295
cie:AN232_28245	ko:K18296
cie:AN232_28250	ko:K08721
cie:AN232_28275	ko:K20527
cie:AN232_28280	ko:K20528
cie:AN232_28285	ko:K20529
cie:AN232_28290	ko:K20530
cie:AN232_28295	ko:K20266
cie:AN232_28305	ko:K07344
cie:AN232_28310	ko:K20531
cie:AN232_28315	ko:K20532
cie:AN232_28320	ko:K20533
cie:AN232_28370	ko:K04773
cie:AN232_28440	ko:K18640
cie:AN232_28450	ko:K03746
cie:AN232_28455	ko:K02402
cie:AN232_28470	ko:K07724
cie:AN232_28480	ko:K12056
cie:AN232_28485	ko:K12072
cie:AN232_28490	ko:K12057
cie:AN232_28510	ko:K10748
cie:AN232_28525	ko:K04763
cie:AN232_28595	ko:K10439
cie:AN232_28600	ko:K10441
cie:AN232_28605	ko:K10440
cie:AN232_28615	ko:K00847
cie:AN232_28625	ko:K18320
cie:AN232_28630	ko:K15773
cie:AN232_28640	ko:K18320
cie:AN232_28650	ko:K12070
cie:AN232_28665	ko:K03169
cie:AN232_28695	ko:K00558
cie:AN232_28740	ko:K03497
cie:AN232_28745	ko:K03496
cie:AN232_28785	ko:K03497
cie:AN232_28820	ko:K03496
cie:AN232_28825	ko:K03497
cie:AN232_28835	ko:K03502
cie:AN232_28840	ko:K03503
cie:AN232_28845	ko:K07485
cie:AN232_28855	ko:K07319
cie:AN232_28885	ko:K02345
cie:AN232_28900	ko:K03497
cie:AN232_28980	ko:K12068
cie:AN232_28985	ko:K12067
cie:AN232_28990	ko:K12066
cie:AN232_28995	ko:K12065
cie:AN232_29000	ko:K12064
cie:AN232_29025	ko:K12063
cie:AN232_29030	ko:K28223
cie:AN232_29035	ko:K12061
cie:AN232_29040	ko:K12060
cie:AN232_29045	ko:K12059
cie:AN232_29050	ko:K12058
cie:AN232_29060	ko:K12057
cie:AN232_29080	ko:K12072
cie:AN232_29085	ko:K12056
cie:AN232_29205	ko:K07481
cie:AN232_29220	ko:K10773
cie:AN232_29255	ko:K18974
cie:AN232_29275	ko:K07497
cie:AN232_29280	ko:K07497
cie:AN232_29300	ko:K18845
cie:AN232_29315	ko:K07481
cie:AN232_29355	ko:K07497
cie:AN232_29370	ko:K03299
cie:AN232_29385	ko:K19163
cie:AN232_29390	ko:K19164
cie:AN232_29410	ko:K18780
cie:AN232_29420	ko:K01817
cie:AN232_29430	ko:K03926
cie:AN232_29435	ko:K04078
cie:AN232_29440	ko:K04077
cie:AN232_29500	ko:K07481
cie:AN232_29525	ko:K02342
cie:AN232_29575	ko:K03496
cie:AN232_29595	ko:K07319
cie:AN232_29625	ko:K02345
cie:AN232_29640	ko:K03111
cie:AN232_29650	ko:K03497
cie:AN232_29735	ko:K12068
cie:AN232_29740	ko:K12067
cie:AN232_29745	ko:K12066
cie:AN232_29750	ko:K12065
cie:AN232_29780	ko:K12064
cie:AN232_29785	ko:K12063
cie:AN232_29790	ko:K28223
cie:AN232_29795	ko:K12061
cie:AN232_29800	ko:K12060
cie:AN232_29810	ko:K12059
cie:AN232_29815	ko:K12058
cie:AN232_29820	ko:K12057
cie:AN232_29830	ko:K12072
cie:AN232_29835	ko:K12056
cie:AN232_30000	ko:K12205
cie:AN232_30005	ko:K12204
cie:AN232_30010	ko:K12203
cie:AN232_30015	ko:K12222
cie:AN232_30020	ko:K06919
cie:AN232_30025	ko:K12227
cie:AN232_30030	ko:K12214
cie:AN232_30035	ko:K12213
cie:AN232_30040	ko:K12209
cie:AN232_30045	ko:K12211
cie:AN232_30065	ko:K12206
cie:AN232_30090	ko:K12218
cie:AN232_30095	ko:K12228
cie:AN232_30100	ko:K07496
cie:AN232_30105	ko:K12217
cie:AN232_30120	ko:K04095
cie:AN232_30185	ko:K18921
cie:AN232_30205	ko:K03497
cie:AN232_30250	ko:K03503
cie:AN232_30255	ko:K03502
cie:AN232_30265	ko:K18640
cie:AN232_30270	ko:K03496
cie:AN232_30320	ko:K01174
cie:AN232_30335	ko:K18923
cie:AN232_30375	ko:K12065
cie:AN232_30380	ko:K12066
cie:AN232_30385	ko:K12067
cie:AN232_30390	ko:K12068
cie:AN232_30465	ko:K03497
cie:AN232_30475	ko:K03111
cie:AN232_30560	ko:K07319
cie:AN232_30570	ko:K18640
cie:AN232_30605	ko:K18320
cie:AN232_30620	ko:K18698
cie:AN232_30635	ko:K18320
cie:AN232_30650	ko:K19060
cie:AN232_30655	ko:K19061
cie:AN232_30660	ko:K06979
cie:AN232_30670	ko:K18320
cie:AN232_30680	ko:K00561
cie:AN232_30705	ko:K18320
cie:AN232_30730	ko:K18841
cie:AN232_30735	ko:K07052
cie:AN232_30770	ko:K05839
cie:AN232_30775	ko:K01174
cie:AN232_30825	ko:K12056
cie:AN232_30830	ko:K12072
cie:AN232_30860	ko:K12057
cie:AN232_30870	ko:K12058
cie:AN232_30875	ko:K12059
cie:AN232_30885	ko:K12060
cie:AN232_30890	ko:K12061
cie:AN232_30895	ko:K28223
cie:AN232_30900	ko:K12063
cie:AN232_30925	ko:K12064
cie:AN232_31030	ko:K07481
cie:AN232_31045	ko:K12990
cie:AN232_31055	ko:K15894
cie:AN232_31060	ko:K19068
cie:AN232_31065	ko:K24258
cie:AN232_31080	ko:K07483
cie:AN232_31085	ko:K07486
cie:AN232_31095	ko:K00033
cie:AN232_31100	ko:K01002
cie:AN232_31105	ko:K07481
cie:AN232_31115	ko:K01790
cie:AN232_31125	ko:K00973
cie:AN232_31130	ko:K00067
cie:AN232_31135	ko:K01710
cie:AN232_31145	ko:K19271
cie:AN232_31175	ko:K03496
cie:AN232_31185	ko:K07485
cie:AN232_31195	ko:K03503
cie:AN232_31240	ko:K07497
cie:AN232_31250	ko:K11685
cie:AN232_31255	ko:K03169
cie:AN232_31265	ko:K01174
cie:AN232_31285	ko:K03205
cie:AN232_31290	ko:K03196
cie:AN232_31300	ko:K03195
cie:AN232_31305	ko:K03204
cie:AN232_31310	ko:K03203
cie:AN232_31315	ko:K03201
cie:AN232_31325	ko:K03200
cie:AN232_31330	ko:K03199
cie:AN232_31340	ko:K03194
cie:AN232_31350	ko:K05785
