ctel:GBC03_00005	ko:K00005
ctel:GBC03_00020	ko:K00005
ctel:GBC03_00025	ko:K05880
ctel:GBC03_00030	ko:K00798
ctel:GBC03_00040	ko:K00086
ctel:GBC03_00050	ko:K06120
ctel:GBC03_00055	ko:K06121
ctel:GBC03_00060	ko:K06122
ctel:GBC03_00070	ko:K02440
ctel:GBC03_00075	ko:K19778
ctel:GBC03_00090	ko:K18640
ctel:GBC03_00115	ko:K07497
ctel:GBC03_00120	ko:K07481
ctel:GBC03_00165	ko:K03100
ctel:GBC03_00180	ko:K07448
ctel:GBC03_00200	ko:K12069
ctel:GBC03_00225	ko:K12070
ctel:GBC03_00230	ko:K12071
ctel:GBC03_00255	ko:K12068
ctel:GBC03_00260	ko:K12067
ctel:GBC03_00265	ko:K12066
ctel:GBC03_00270	ko:K12065
ctel:GBC03_00275	ko:K12064
ctel:GBC03_00285	ko:K03981
ctel:GBC03_00290	ko:K12063
ctel:GBC03_00300	ko:K12062
ctel:GBC03_00305	ko:K12061
ctel:GBC03_00310	ko:K12060
ctel:GBC03_00335	ko:K07455
ctel:GBC03_00350	ko:K09882
ctel:GBC03_00405	ko:K12057
ctel:GBC03_00410	ko:K12072
ctel:GBC03_00415	ko:K12056
ctel:GBC03_00420	ko:K12058
ctel:GBC03_00430	ko:K02402
ctel:GBC03_00450	ko:K18640
ctel:GBC03_00555	ko:K03722
ctel:GBC03_00585	ko:K19779
ctel:GBC03_00610	ko:K19164
ctel:GBC03_00615	ko:K19163
ctel:GBC03_00730	ko:K03496
ctel:GBC03_00735	ko:K03497
ctel:GBC03_00785	ko:K02314
ctel:GBC03_00820	ko:K00986
ctel:GBC03_00905	ko:K08365
ctel:GBC03_00910	ko:K08363
ctel:GBC03_00915	ko:K08364
ctel:GBC03_00955	ko:K08167
ctel:GBC03_01005	ko:K02411
ctel:GBC03_01025	ko:K18320
ctel:GBC03_01035	ko:K03671
ctel:GBC03_01040	ko:K16137
ctel:GBC03_01085	ko:K03101
ctel:GBC03_01090	ko:K18320
ctel:GBC03_01105	ko:K08365
ctel:GBC03_01120	ko:K03101
ctel:GBC03_01130	ko:K06949
ctel:GBC03_01140	ko:K18320
ctel:GBC03_01170	ko:K07486
ctel:GBC03_01180	ko:K03503
ctel:GBC03_01185	ko:K03502
ctel:GBC03_01190	ko:K10748
ctel:GBC03_01200	ko:K07724
ctel:GBC03_01305	ko:K03111
ctel:GBC03_01350	ko:K02338
ctel:GBC03_01355	ko:K06223
ctel:GBC03_01365	ko:K03554
ctel:GBC03_01375	ko:K22205
ctel:GBC03_01415	ko:K07481
ctel:GBC03_01430	ko:K07229
ctel:GBC03_01435	ko:K28825
ctel:GBC03_01440	ko:K05881
ctel:GBC03_01445	ko:K05879
ctel:GBC03_01450	ko:K05878
ctel:GBC03_01460	ko:K12212
ctel:GBC03_01480	ko:K12211
ctel:GBC03_01485	ko:K12209
ctel:GBC03_01490	ko:K12213
ctel:GBC03_01495	ko:K12214
ctel:GBC03_01500	ko:K12227
ctel:GBC03_01520	ko:K12222
ctel:GBC03_01525	ko:K12203
ctel:GBC03_01530	ko:K12204
ctel:GBC03_01535	ko:K12205
ctel:GBC03_01655	ko:K07340
ctel:GBC03_01680	ko:K18923
ctel:GBC03_01720	ko:K01174
ctel:GBC03_01760	ko:K02342
ctel:GBC03_01825	ko:K03496
ctel:GBC03_01830	ko:K03497
ctel:GBC03_01835	ko:K03502
ctel:GBC03_01840	ko:K03503
ctel:GBC03_01845	ko:K18640
ctel:GBC03_01880	ko:K07319
ctel:GBC03_01920	ko:K02345
ctel:GBC03_01960	ko:K07484
ctel:GBC03_01965	ko:K07484
ctel:GBC03_01970	ko:K07483
ctel:GBC03_01985	ko:K03111
ctel:GBC03_01995	ko:K03497
ctel:GBC03_02085	ko:K12217
ctel:GBC03_02090	ko:K12228
ctel:GBC03_02095	ko:K12218
ctel:GBC03_02110	ko:K24087
ctel:GBC03_02135	ko:K01985
ctel:GBC03_02140	ko:K01980
ctel:GBC03_02145	ko:K14218
ctel:GBC03_02150	ko:K14227
ctel:GBC03_02155	ko:K01977
ctel:GBC03_02170	ko:K00014
ctel:GBC03_02175	ko:K07566
ctel:GBC03_02180	ko:K07479
ctel:GBC03_02185	ko:K03747
ctel:GBC03_02190	ko:K04096
ctel:GBC03_02195	ko:K01462
ctel:GBC03_02200	ko:K00604
ctel:GBC03_02205	ko:K03500
ctel:GBC03_02210	ko:K03499
ctel:GBC03_02215	ko:K03282
ctel:GBC03_02220	ko:K09890
ctel:GBC03_02225	ko:K13638
ctel:GBC03_02235	ko:K02879
ctel:GBC03_02240	ko:K03040
ctel:GBC03_02245	ko:K02986
ctel:GBC03_02250	ko:K02948
ctel:GBC03_02255	ko:K02952
ctel:GBC03_02260	ko:K02919
ctel:GBC03_02265	ko:K03076
ctel:GBC03_02270	ko:K02876
ctel:GBC03_02275	ko:K02907
ctel:GBC03_02280	ko:K02988
ctel:GBC03_02285	ko:K02881
ctel:GBC03_02290	ko:K02933
ctel:GBC03_02295	ko:K02994
ctel:GBC03_02300	ko:K02954
ctel:GBC03_02305	ko:K02931
ctel:GBC03_02310	ko:K02895
ctel:GBC03_02315	ko:K02874
ctel:GBC03_02320	ko:K02961
ctel:GBC03_02325	ko:K02904
ctel:GBC03_02330	ko:K02878
ctel:GBC03_02335	ko:K02982
ctel:GBC03_02340	ko:K02890
ctel:GBC03_02345	ko:K02965
ctel:GBC03_02350	ko:K02886
ctel:GBC03_02355	ko:K02892
ctel:GBC03_02360	ko:K02926
ctel:GBC03_02365	ko:K02906
ctel:GBC03_02370	ko:K02946
ctel:GBC03_02375	ko:K02506
ctel:GBC03_02380	ko:K03594
ctel:GBC03_02385	ko:K02192
ctel:GBC03_02390	ko:K02358
ctel:GBC03_02395	ko:K02355
ctel:GBC03_02400	ko:K02992
ctel:GBC03_02405	ko:K02950
ctel:GBC03_02410	ko:K07237
ctel:GBC03_02415	ko:K07236
ctel:GBC03_02420	ko:K07235
ctel:GBC03_02430	ko:K03772
ctel:GBC03_02435	ko:K03745
ctel:GBC03_02440	ko:K03775
ctel:GBC03_02445	ko:K07070
ctel:GBC03_02450	ko:K11747
ctel:GBC03_02455	ko:K11748
ctel:GBC03_02460	ko:K06158
ctel:GBC03_02465	ko:K07019
ctel:GBC03_02470	ko:K09898
ctel:GBC03_02475	ko:K28462
ctel:GBC03_02480	ko:K07397
ctel:GBC03_02485	ko:K10914
ctel:GBC03_02495	ko:K00821
ctel:GBC03_02500	ko:K01664
ctel:GBC03_02505	ko:K04095
ctel:GBC03_02515	ko:K03767
ctel:GBC03_02520	ko:K06141
ctel:GBC03_02530	ko:K00362
ctel:GBC03_02535	ko:K00363
ctel:GBC03_02540	ko:K02598
ctel:GBC03_02545	ko:K02302
ctel:GBC03_02550	ko:K01867
ctel:GBC03_02555	ko:K01091
ctel:GBC03_02560	ko:K01783
ctel:GBC03_02565	ko:K06223
ctel:GBC03_02570	ko:K03112
ctel:GBC03_02575	ko:K01735
ctel:GBC03_02580	ko:K00891
ctel:GBC03_02585	ko:K02507
ctel:GBC03_02590	ko:K12291
ctel:GBC03_02595	ko:K12290
ctel:GBC03_02600	ko:K12289
ctel:GBC03_02605	ko:K12288
ctel:GBC03_02610	ko:K05366
ctel:GBC03_02615	ko:K08312
ctel:GBC03_02625	ko:K20881
ctel:GBC03_02630	ko:K04762
ctel:GBC03_02635	ko:K04083
ctel:GBC03_02640	ko:K01610
ctel:GBC03_02645	ko:K07638
ctel:GBC03_02650	ko:K07659
ctel:GBC03_02655	ko:K04760
ctel:GBC03_02660	ko:K06959
ctel:GBC03_02665	ko:K04758
ctel:GBC03_02670	ko:K04759
ctel:GBC03_02675	ko:K07490
ctel:GBC03_02685	ko:K02170
ctel:GBC03_02695	ko:K07400
ctel:GBC03_02700	ko:K06155
ctel:GBC03_02705	ko:K00705
ctel:GBC03_02710	ko:K00688
ctel:GBC03_02715	ko:K03556
ctel:GBC03_02725	ko:K03300
ctel:GBC03_02740	ko:K01034
ctel:GBC03_02745	ko:K01035
ctel:GBC03_02750	ko:K00626
ctel:GBC03_02755	ko:K02444
ctel:GBC03_02760	ko:K02441
ctel:GBC03_02765	ko:K02439
ctel:GBC03_02770	ko:K00111
ctel:GBC03_02775	ko:K00005
ctel:GBC03_02785	ko:K01687
ctel:GBC03_02790	ko:K22397
ctel:GBC03_02800	ko:K00688
ctel:GBC03_02805	ko:K00703
ctel:GBC03_02810	ko:K00975
ctel:GBC03_02815	ko:K02438
ctel:GBC03_02820	ko:K00700
ctel:GBC03_02825	ko:K00133
ctel:GBC03_02835	ko:K06156
ctel:GBC03_02840	ko:K00851
ctel:GBC03_02845	ko:K06145
ctel:GBC03_02850	ko:K06911
ctel:GBC03_02865	ko:K00681
ctel:GBC03_02875	ko:K01126
ctel:GBC03_02880	ko:K05816
ctel:GBC03_02885	ko:K05815
ctel:GBC03_02890	ko:K05814
ctel:GBC03_02895	ko:K05813
ctel:GBC03_02900	ko:K01996
ctel:GBC03_02905	ko:K01995
ctel:GBC03_02910	ko:K01998
ctel:GBC03_02915	ko:K01997
ctel:GBC03_02920	ko:K01999
ctel:GBC03_02930	ko:K01999
ctel:GBC03_02935	ko:K00823
ctel:GBC03_02940	ko:K03089
ctel:GBC03_02945	ko:K09811
ctel:GBC03_02950	ko:K09812
ctel:GBC03_02955	ko:K03110
ctel:GBC03_02960	ko:K08316
ctel:GBC03_02965	ko:K08993
ctel:GBC03_02980	ko:K01534
ctel:GBC03_02985	ko:K04085
ctel:GBC03_02990	ko:K09125
ctel:GBC03_02995	ko:K27311
ctel:GBC03_03030	ko:K02078
ctel:GBC03_03035	ko:K02078
ctel:GBC03_03060	ko:K07107
ctel:GBC03_03080	ko:K00647
ctel:GBC03_03090	ko:K00059
ctel:GBC03_03095	ko:K09458
ctel:GBC03_03100	ko:K06133
ctel:GBC03_03105	ko:K15584
ctel:GBC03_03110	ko:K15585
ctel:GBC03_03115	ko:K15586
ctel:GBC03_03120	ko:K15587
ctel:GBC03_03125	ko:K10824
ctel:GBC03_03130	ko:K07722
ctel:GBC03_03135	ko:K01992
ctel:GBC03_03140	ko:K13926
ctel:GBC03_03145	ko:K01993
ctel:GBC03_03155	ko:K16322
ctel:GBC03_03160	ko:K06144
ctel:GBC03_03165	ko:K06149
ctel:GBC03_03170	ko:K03305
ctel:GBC03_03180	ko:K03885
ctel:GBC03_03185	ko:K15984
ctel:GBC03_03190	ko:K01414
ctel:GBC03_03195	ko:K07115
ctel:GBC03_03200	ko:K00383
ctel:GBC03_03205	ko:K00428
ctel:GBC03_03210	ko:K01194
ctel:GBC03_03240	ko:K07058
ctel:GBC03_03255	ko:K07290
ctel:GBC03_03260	ko:K21086
ctel:GBC03_03265	ko:K00874
ctel:GBC03_03275	ko:K11103
ctel:GBC03_03280	ko:K26149
ctel:GBC03_03285	ko:K20543
ctel:GBC03_03290	ko:K20542
ctel:GBC03_03295	ko:K20541
ctel:GBC03_03300	ko:K00694
ctel:GBC03_03330	ko:K18862
ctel:GBC03_03335	ko:K26603
ctel:GBC03_03340	ko:K12372
ctel:GBC03_03345	ko:K12371
ctel:GBC03_03350	ko:K12370
ctel:GBC03_03355	ko:K12369
ctel:GBC03_03360	ko:K12368
ctel:GBC03_03390	ko:K14232
ctel:GBC03_03395	ko:K12975
ctel:GBC03_03400	ko:K08177
ctel:GBC03_03410	ko:K01246
ctel:GBC03_03415	ko:K03826
ctel:GBC03_03420	ko:K08351
ctel:GBC03_03430	ko:K02525
ctel:GBC03_03440	ko:K00874
ctel:GBC03_03450	ko:K00090
ctel:GBC03_03460	ko:K08195
ctel:GBC03_03465	ko:K07726
ctel:GBC03_03470	ko:K03704
ctel:GBC03_03480	ko:K01879
ctel:GBC03_03485	ko:K01878
ctel:GBC03_03505	ko:K00854
ctel:GBC03_03510	ko:K01805
ctel:GBC03_03515	ko:K10543
ctel:GBC03_03520	ko:K10545
ctel:GBC03_03525	ko:K10544
ctel:GBC03_03530	ko:K02529
ctel:GBC03_03535	ko:K03796
ctel:GBC03_03540	ko:K01176
ctel:GBC03_03545	ko:K00835
ctel:GBC03_03560	ko:K07274
ctel:GBC03_03585	ko:K07504
ctel:GBC03_03590	ko:K00138
ctel:GBC03_03595	ko:K13954
ctel:GBC03_03600	ko:K03833
ctel:GBC03_03605	ko:K01042
ctel:GBC03_03625	ko:K02800
ctel:GBC03_03630	ko:K00009
ctel:GBC03_03635	ko:K02562
ctel:GBC03_03645	ko:K14762
ctel:GBC03_03650	ko:K00427
ctel:GBC03_03655	ko:K14348
ctel:GBC03_03660	ko:K29125
ctel:GBC03_03665	ko:K08195
ctel:GBC03_03670	ko:K03216
ctel:GBC03_03675	ko:K00640
ctel:GBC03_03680	ko:K00057
ctel:GBC03_03685	ko:K03071
ctel:GBC03_03690	ko:K03676
ctel:GBC03_03700	ko:K15633
ctel:GBC03_03705	ko:K22719
ctel:GBC03_03710	ko:K09798
ctel:GBC03_03715	ko:K19354
ctel:GBC03_03720	ko:K00060
ctel:GBC03_03725	ko:K00639
ctel:GBC03_03730	ko:K03274
ctel:GBC03_03735	ko:K02843
ctel:GBC03_03740	ko:K02841
ctel:GBC03_03745	ko:K02847
ctel:GBC03_03750	ko:K03277
ctel:GBC03_03755	ko:K12981
ctel:GBC03_03760	ko:K02850
ctel:GBC03_03765	ko:K03279
ctel:GBC03_03770	ko:K03278
ctel:GBC03_03775	ko:K02840
ctel:GBC03_03785	ko:K02848
ctel:GBC03_03790	ko:K02844
ctel:GBC03_03795	ko:K02849
ctel:GBC03_03800	ko:K02527
ctel:GBC03_03805	ko:K00954
ctel:GBC03_03810	ko:K10563
ctel:GBC03_03815	ko:K02913
ctel:GBC03_03820	ko:K02902
ctel:GBC03_03825	ko:K03630
ctel:GBC03_03830	ko:K13038
ctel:GBC03_03835	ko:K01520
ctel:GBC03_03840	ko:K05501
ctel:GBC03_03845	ko:K00762
ctel:GBC03_03850	ko:K00989
ctel:GBC03_03865	ko:K01972
ctel:GBC03_03870	ko:K00942
ctel:GBC03_03875	ko:K03060
ctel:GBC03_03880	ko:K01139
ctel:GBC03_03885	ko:K00556
ctel:GBC03_03890	ko:K03655
ctel:GBC03_03895	ko:K03312
ctel:GBC03_03900	ko:K16345
ctel:GBC03_03910	ko:K02750
ctel:GBC03_03925	ko:K02429
ctel:GBC03_03930	ko:K01811
ctel:GBC03_03935	ko:K03292
ctel:GBC03_03940	ko:K14238
ctel:GBC03_03955	ko:K12678
ctel:GBC03_03970	ko:K10680
ctel:GBC03_03975	ko:K21740
ctel:GBC03_03990	ko:K00064
ctel:GBC03_04015	ko:K15540
ctel:GBC03_04020	ko:K07345
ctel:GBC03_04025	ko:K07347
ctel:GBC03_04030	ko:K15540
ctel:GBC03_04035	ko:K07345
ctel:GBC03_04040	ko:K02073
ctel:GBC03_04045	ko:K17463
ctel:GBC03_04050	ko:K17468
ctel:GBC03_04055	ko:K17467
ctel:GBC03_04060	ko:K17466
ctel:GBC03_04065	ko:K17465
ctel:GBC03_04070	ko:K17464
ctel:GBC03_04080	ko:K17473
ctel:GBC03_04100	ko:K02760
ctel:GBC03_04105	ko:K02761
ctel:GBC03_04110	ko:K01223
ctel:GBC03_04115	ko:K02759
ctel:GBC03_04120	ko:K02024
ctel:GBC03_04125	ko:K03445
ctel:GBC03_04135	ko:K07726
ctel:GBC03_04145	ko:K06901
ctel:GBC03_04150	ko:K01486
ctel:GBC03_04155	ko:K07784
ctel:GBC03_04160	ko:K07783
ctel:GBC03_04165	ko:K07675
ctel:GBC03_04170	ko:K07686
ctel:GBC03_04180	ko:K02429
ctel:GBC03_04185	ko:K28747
ctel:GBC03_04190	ko:K11534
ctel:GBC03_04195	ko:K01653
ctel:GBC03_04200	ko:K01652
ctel:GBC03_04210	ko:K19148
ctel:GBC03_04220	ko:K08154
ctel:GBC03_04230	ko:K13636
ctel:GBC03_04235	ko:K13629
ctel:GBC03_04240	ko:K01753
ctel:GBC03_04245	ko:K24118
ctel:GBC03_04255	ko:K00389
ctel:GBC03_04260	ko:K01232
ctel:GBC03_04265	ko:K02750
ctel:GBC03_04270	ko:K03482
ctel:GBC03_04275	ko:K07085
ctel:GBC03_04280	ko:K04081
ctel:GBC03_04285	ko:K04080
ctel:GBC03_04305	ko:K08194
ctel:GBC03_04310	ko:K01684
ctel:GBC03_04315	ko:K01631
ctel:GBC03_04320	ko:K00883
ctel:GBC03_04325	ko:K19776
ctel:GBC03_04335	ko:K02470
ctel:GBC03_04340	ko:K03629
ctel:GBC03_04345	ko:K02338
ctel:GBC03_04350	ko:K02313
ctel:GBC03_04355	ko:K02914
ctel:GBC03_04360	ko:K03536
ctel:GBC03_04365	ko:K08998
ctel:GBC03_04370	ko:K03217
ctel:GBC03_04375	ko:K03650
ctel:GBC03_04390	ko:K01667
ctel:GBC03_04395	ko:K03836
ctel:GBC03_04405	ko:K19784
ctel:GBC03_04410	ko:K06901
ctel:GBC03_04420	ko:K02039
ctel:GBC03_04425	ko:K02036
ctel:GBC03_04430	ko:K02038
ctel:GBC03_04435	ko:K02037
ctel:GBC03_04440	ko:K02040
ctel:GBC03_04445	ko:K00820
ctel:GBC03_04450	ko:K04042
ctel:GBC03_04455	ko:K02114
ctel:GBC03_04460	ko:K02112
ctel:GBC03_04465	ko:K02115
ctel:GBC03_04470	ko:K02111
ctel:GBC03_04475	ko:K02113
ctel:GBC03_04480	ko:K02109
ctel:GBC03_04485	ko:K02110
ctel:GBC03_04490	ko:K02108
ctel:GBC03_04495	ko:K02116
ctel:GBC03_04500	ko:K03501
ctel:GBC03_04505	ko:K03495
ctel:GBC03_04510	ko:K06205
ctel:GBC03_04515	ko:K03718
ctel:GBC03_04520	ko:K01914
ctel:GBC03_04530	ko:K03924
ctel:GBC03_04535	ko:K03549
ctel:GBC03_04540	ko:K06726
ctel:GBC03_04545	ko:K10441
ctel:GBC03_04550	ko:K10440
ctel:GBC03_04555	ko:K10439
ctel:GBC03_04560	ko:K00852
ctel:GBC03_04565	ko:K02529
ctel:GBC03_04580	ko:K01977
ctel:GBC03_04585	ko:K14224
ctel:GBC03_04590	ko:K01980
ctel:GBC03_04595	ko:K01985
ctel:GBC03_04600	ko:K14221
ctel:GBC03_04605	ko:K14235
ctel:GBC03_04610	ko:K23773
ctel:GBC03_04615	ko:K09897
ctel:GBC03_04620	ko:K07391
ctel:GBC03_04630	ko:K01652
ctel:GBC03_04635	ko:K11258
ctel:GBC03_04640	ko:K00826
ctel:GBC03_04645	ko:K01687
ctel:GBC03_04650	ko:K01754
ctel:GBC03_04655	ko:K02773
ctel:GBC03_04660	ko:K02774
ctel:GBC03_04665	ko:K02775
ctel:GBC03_04675	ko:K03077
ctel:GBC03_04680	ko:K05878
ctel:GBC03_04685	ko:K05879
ctel:GBC03_04690	ko:K02784
ctel:GBC03_04695	ko:K05879
ctel:GBC03_04700	ko:K05878
ctel:GBC03_04710	ko:K02521
ctel:GBC03_04715	ko:K00053
ctel:GBC03_04720	ko:K03769
ctel:GBC03_04725	ko:K10914
ctel:GBC03_04730	ko:K00757
ctel:GBC03_04735	ko:K03811
ctel:GBC03_04740	ko:K03656
ctel:GBC03_04745	ko:K01524
ctel:GBC03_04750	ko:K03732
ctel:GBC03_04755	ko:K03671
ctel:GBC03_04765	ko:K03628
ctel:GBC03_04770	ko:K02851
ctel:GBC03_04775	ko:K05790
ctel:GBC03_04780	ko:K01791
ctel:GBC03_04785	ko:K02472
ctel:GBC03_04790	ko:K01710
ctel:GBC03_04795	ko:K00973
ctel:GBC03_04800	ko:K16704
ctel:GBC03_04805	ko:K02805
ctel:GBC03_04810	ko:K16693
ctel:GBC03_04815	ko:K12582
ctel:GBC03_04820	ko:K02853
ctel:GBC03_04825	ko:K02852
ctel:GBC03_04835	ko:K03293
ctel:GBC03_04840	ko:K14219
ctel:GBC03_04845	ko:K14226
ctel:GBC03_04850	ko:K14228
ctel:GBC03_04855	ko:K14232
ctel:GBC03_04860	ko:K02498
ctel:GBC03_04865	ko:K02496
ctel:GBC03_04870	ko:K01719
ctel:GBC03_04875	ko:K01749
ctel:GBC03_04880	ko:K05851
ctel:GBC03_04885	ko:K06202
ctel:GBC03_04895	ko:K01778
ctel:GBC03_04900	ko:K09921
ctel:GBC03_04905	ko:K03733
ctel:GBC03_04910	ko:K20862
ctel:GBC03_04915	ko:K03657
ctel:GBC03_04920	ko:K03284
ctel:GBC03_04930	ko:K05786
ctel:GBC03_04935	ko:K01073
ctel:GBC03_04940	ko:K01058
ctel:GBC03_04945	ko:K03654
ctel:GBC03_04950	ko:K05835
ctel:GBC03_04955	ko:K05834
ctel:GBC03_04960	ko:K01048
ctel:GBC03_04965	ko:K28854
ctel:GBC03_04975	ko:K03576
ctel:GBC03_04980	ko:K00549
ctel:GBC03_04985	ko:K01061
ctel:GBC03_04990	ko:K00757
ctel:GBC03_04995	ko:K09760
ctel:GBC03_05000	ko:K03183
ctel:GBC03_05005	ko:K03690
ctel:GBC03_05010	ko:K03688
ctel:GBC03_05015	ko:K03116
ctel:GBC03_05020	ko:K03117
ctel:GBC03_05025	ko:K03118
ctel:GBC03_05030	ko:K03424
ctel:GBC03_05035	ko:K05785
ctel:GBC03_05040	ko:K03182
ctel:GBC03_05045	ko:K05368
ctel:GBC03_05050	ko:K00632
ctel:GBC03_05055	ko:K01825
ctel:GBC03_05060	ko:K01271
ctel:GBC03_05070	ko:K03498
ctel:GBC03_05075	ko:K00230
ctel:GBC03_05080	ko:K01977
ctel:GBC03_05085	ko:K14227
ctel:GBC03_05090	ko:K14218
ctel:GBC03_05095	ko:K01980
ctel:GBC03_05100	ko:K01985
ctel:GBC03_05105	ko:K03753
ctel:GBC03_05110	ko:K03752
ctel:GBC03_05115	ko:K09896
ctel:GBC03_05125	ko:K03673
ctel:GBC03_05135	ko:K02335
ctel:GBC03_05140	ko:K03978
ctel:GBC03_05150	ko:K09894
ctel:GBC03_05155	ko:K02495
ctel:GBC03_05165	ko:K07712
ctel:GBC03_05170	ko:K07708
ctel:GBC03_05180	ko:K01915
ctel:GBC03_05185	ko:K06207
ctel:GBC03_05190	ko:K22110
ctel:GBC03_05195	ko:K03292
ctel:GBC03_05200	ko:K03292
ctel:GBC03_05205	ko:K15922
ctel:GBC03_05210	ko:K07090
ctel:GBC03_05215	ko:K28636
ctel:GBC03_05220	ko:K18479
ctel:GBC03_05225	ko:K01671
ctel:GBC03_05230	ko:K08318
ctel:GBC03_05235	ko:K18478
ctel:GBC03_05240	ko:K27243
ctel:GBC03_05245	ko:K12678
ctel:GBC03_05250	ko:K20866
ctel:GBC03_05255	ko:K07058
ctel:GBC03_05260	ko:K07560
ctel:GBC03_05290	ko:K02380
ctel:GBC03_05295	ko:K07658
ctel:GBC03_05300	ko:K07636
ctel:GBC03_05305	ko:K07114
ctel:GBC03_05310	ko:K00127
ctel:GBC03_05315	ko:K00124
ctel:GBC03_05320	ko:K00123
ctel:GBC03_05325	ko:K02379
ctel:GBC03_05335	ko:K18531
ctel:GBC03_05340	ko:K18530
ctel:GBC03_05345	ko:K11203
ctel:GBC03_05350	ko:K11201
ctel:GBC03_05355	ko:K00850
ctel:GBC03_05360	ko:K02822
ctel:GBC03_05365	ko:K03475
ctel:GBC03_05370	ko:K01624
ctel:GBC03_05380	ko:K02821
ctel:GBC03_05390	ko:K26606
ctel:GBC03_05395	ko:K26605
ctel:GBC03_05410	ko:K03534
ctel:GBC03_05415	ko:K13954
ctel:GBC03_05420	ko:K10561
ctel:GBC03_05425	ko:K10560
ctel:GBC03_05430	ko:K10562
ctel:GBC03_05435	ko:K10559
ctel:GBC03_05440	ko:K01629
ctel:GBC03_05445	ko:K01813
ctel:GBC03_05450	ko:K00848
ctel:GBC03_05455	ko:K02855
ctel:GBC03_05460	ko:K02854
ctel:GBC03_05465	ko:K02856
ctel:GBC03_05470	ko:K04564
ctel:GBC03_05475	ko:K02526
ctel:GBC03_05480	ko:K22397
ctel:GBC03_05490	ko:K07640
ctel:GBC03_05495	ko:K07662
ctel:GBC03_05500	ko:K06006
ctel:GBC03_05540	ko:K06223
ctel:GBC03_05555	ko:K07341
ctel:GBC03_05610	ko:K17733
ctel:GBC03_05635	ko:K06903
ctel:GBC03_05665	ko:K06906
ctel:GBC03_05685	ko:K06908
ctel:GBC03_05690	ko:K06907
ctel:GBC03_05695	ko:K06905
ctel:GBC03_05710	ko:K13283
ctel:GBC03_05715	ko:K00850
ctel:GBC03_05720	ko:K23163
ctel:GBC03_05725	ko:K01521
ctel:GBC03_05730	ko:K03292
ctel:GBC03_05735	ko:K23147
ctel:GBC03_05755	ko:K03319
ctel:GBC03_05760	ko:K01803
ctel:GBC03_05775	ko:K00528
ctel:GBC03_05780	ko:K02446
ctel:GBC03_05785	ko:K00864
ctel:GBC03_05790	ko:K02440
ctel:GBC03_05795	ko:K09892
ctel:GBC03_05805	ko:K02553
ctel:GBC03_05810	ko:K02548
ctel:GBC03_05815	ko:K03667
ctel:GBC03_05820	ko:K01419
ctel:GBC03_05825	ko:K03591
ctel:GBC03_05830	ko:K05499
ctel:GBC03_05835	ko:K04066
ctel:GBC03_05840	ko:K02909
ctel:GBC03_05845	ko:K22110
ctel:GBC03_05850	ko:K03292
ctel:GBC03_05860	ko:K03764
ctel:GBC03_05865	ko:K01739
ctel:GBC03_05870	ko:K12525
ctel:GBC03_05875	ko:K01607
ctel:GBC03_05885	ko:K00297
ctel:GBC03_05890	ko:K03782
ctel:GBC03_05900	ko:K00005
ctel:GBC03_05905	ko:K08314
ctel:GBC03_05910	ko:K23991
ctel:GBC03_05915	ko:K11203
ctel:GBC03_05920	ko:K11202
ctel:GBC03_05930	ko:K04069
ctel:GBC03_05935	ko:K11202
ctel:GBC03_05945	ko:K19353
ctel:GBC03_05950	ko:K01595
ctel:GBC03_05955	ko:K01438
ctel:GBC03_05960	ko:K00145
ctel:GBC03_05965	ko:K00930
ctel:GBC03_05970	ko:K01755
ctel:GBC03_05975	ko:K03077
ctel:GBC03_05980	ko:K02430
ctel:GBC03_05985	ko:K02058
ctel:GBC03_05990	ko:K02056
ctel:GBC03_05995	ko:K02057
ctel:GBC03_06000	ko:K02057
ctel:GBC03_06005	ko:K03079
ctel:GBC03_06010	ko:K00880
ctel:GBC03_06015	ko:K04761
ctel:GBC03_06020	ko:K00322
ctel:GBC03_06025	ko:K22105
ctel:GBC03_06035	ko:K00557
ctel:GBC03_06040	ko:K16092
ctel:GBC03_06045	ko:K01776
ctel:GBC03_06050	ko:K01977
ctel:GBC03_06055	ko:K14227
ctel:GBC03_06060	ko:K14218
ctel:GBC03_06065	ko:K01980
ctel:GBC03_06070	ko:K01985
ctel:GBC03_06075	ko:K00075
ctel:GBC03_06080	ko:K03524
ctel:GBC03_06085	ko:K00867
ctel:GBC03_06090	ko:K14234
ctel:GBC03_06095	ko:K14236
ctel:GBC03_06100	ko:K14225
ctel:GBC03_06105	ko:K14234
ctel:GBC03_06110	ko:K02358
ctel:GBC03_06115	ko:K03073
ctel:GBC03_06120	ko:K02601
ctel:GBC03_06125	ko:K02867
ctel:GBC03_06130	ko:K02863
ctel:GBC03_06135	ko:K02864
ctel:GBC03_06140	ko:K02935
ctel:GBC03_06145	ko:K03043
ctel:GBC03_06150	ko:K03046
ctel:GBC03_06155	ko:K02759
ctel:GBC03_06160	ko:K02760
ctel:GBC03_06175	ko:K03150
ctel:GBC03_06180	ko:K03149
ctel:GBC03_06185	ko:K03154
ctel:GBC03_06190	ko:K03148
ctel:GBC03_06195	ko:K00788
ctel:GBC03_06200	ko:K03147
ctel:GBC03_06205	ko:K07740
ctel:GBC03_06210	ko:K03426
ctel:GBC03_06215	ko:K01599
ctel:GBC03_06220	ko:K05982
ctel:GBC03_06225	ko:K09891
ctel:GBC03_06230	ko:K05787
ctel:GBC03_06240	ko:K07803
ctel:GBC03_06245	ko:K07709
ctel:GBC03_06250	ko:K07713
ctel:GBC03_06255	ko:K01945
ctel:GBC03_06260	ko:K00602
ctel:GBC03_06265	ko:K01977
ctel:GBC03_06270	ko:K14224
ctel:GBC03_06275	ko:K01980
ctel:GBC03_06280	ko:K01985
ctel:GBC03_06285	ko:K03826
ctel:GBC03_06290	ko:K00651
ctel:GBC03_06295	ko:K01638
ctel:GBC03_06300	ko:K01637
ctel:GBC03_06305	ko:K00906
ctel:GBC03_06310	ko:K13641
ctel:GBC03_06315	ko:K00548
ctel:GBC03_06325	ko:K03324
ctel:GBC03_06330	ko:K05995
ctel:GBC03_06335	ko:K22914
ctel:GBC03_06345	ko:K00014
ctel:GBC03_06350	ko:K19956
ctel:GBC03_06355	ko:K02815
ctel:GBC03_06360	ko:K02814
ctel:GBC03_06365	ko:K02813
ctel:GBC03_06370	ko:K02812
ctel:GBC03_06375	ko:K00068
ctel:GBC03_06385	ko:K06182
ctel:GBC03_06425	ko:K03453
ctel:GBC03_06430	ko:K14414
ctel:GBC03_06445	ko:K14415
ctel:GBC03_06450	ko:K07074
ctel:GBC03_06455	ko:K00928
ctel:GBC03_06460	ko:K01810
ctel:GBC03_06485	ko:K13256
ctel:GBC03_06495	ko:K10110
ctel:GBC03_06500	ko:K10109
ctel:GBC03_06505	ko:K10108
ctel:GBC03_06510	ko:K10111
ctel:GBC03_06515	ko:K02024
ctel:GBC03_06520	ko:K05775
ctel:GBC03_06525	ko:K03181
ctel:GBC03_06530	ko:K03179
ctel:GBC03_06535	ko:K00631
ctel:GBC03_06540	ko:K00901
ctel:GBC03_06545	ko:K01356
ctel:GBC03_06550	ko:K26937
ctel:GBC03_06560	ko:K09823
ctel:GBC03_06580	ko:K05539
ctel:GBC03_06590	ko:K00344
ctel:GBC03_06595	ko:K02314
ctel:GBC03_06600	ko:K01775
ctel:GBC03_06610	ko:K00832
ctel:GBC03_06615	ko:K03788
ctel:GBC03_06625	ko:K03701
ctel:GBC03_06630	ko:K03111
ctel:GBC03_06635	ko:K11932
ctel:GBC03_06650	ko:K26148
ctel:GBC03_06655	ko:K13631
ctel:GBC03_06660	ko:K13639
ctel:GBC03_06665	ko:K00799
ctel:GBC03_06670	ko:K06901
ctel:GBC03_06675	ko:K24163
ctel:GBC03_06685	ko:K07491
ctel:GBC03_06695	ko:K06518
ctel:GBC03_06710	ko:K14393
ctel:GBC03_06720	ko:K01895
ctel:GBC03_06725	ko:K03385
ctel:GBC03_06730	ko:K04013
ctel:GBC03_06735	ko:K04014
ctel:GBC03_06740	ko:K04015
ctel:GBC03_06745	ko:K04016
ctel:GBC03_06750	ko:K04017
ctel:GBC03_06755	ko:K04018
ctel:GBC03_06760	ko:K11102
ctel:GBC03_06765	ko:K07126
ctel:GBC03_06770	ko:K22015
ctel:GBC03_06780	ko:K06167
ctel:GBC03_06785	ko:K09994
ctel:GBC03_06790	ko:K05774
ctel:GBC03_06795	ko:K06162
ctel:GBC03_06800	ko:K05780
ctel:GBC03_06805	ko:K05781
ctel:GBC03_06810	ko:K06163
ctel:GBC03_06815	ko:K06164
ctel:GBC03_06820	ko:K06165
ctel:GBC03_06825	ko:K06166
ctel:GBC03_06830	ko:K02043
ctel:GBC03_06835	ko:K02042
ctel:GBC03_06840	ko:K02044
ctel:GBC03_06845	ko:K02041
ctel:GBC03_06850	ko:K04750
ctel:GBC03_06855	ko:K06193
ctel:GBC03_06870	ko:K02526
ctel:GBC03_06875	ko:K03762
ctel:GBC03_06885	ko:K07643
ctel:GBC03_06890	ko:K07771
ctel:GBC03_06895	ko:K03760
ctel:GBC03_06900	ko:K03759
ctel:GBC03_06905	ko:K03755
ctel:GBC03_06910	ko:K01584
ctel:GBC03_06915	ko:K23237
ctel:GBC03_06920	ko:K07406
ctel:GBC03_06925	ko:K11104
ctel:GBC03_06930	ko:K15383
ctel:GBC03_06935	ko:K08984
ctel:GBC03_06940	ko:K01676
ctel:GBC03_06945	ko:K07792
ctel:GBC03_06950	ko:K07703
ctel:GBC03_06955	ko:K07701
ctel:GBC03_06960	ko:K08970
ctel:GBC03_06965	ko:K22015
ctel:GBC03_06980	ko:K07307
ctel:GBC03_06985	ko:K07308
ctel:GBC03_06990	ko:K23349
ctel:GBC03_07010	ko:K12518
ctel:GBC03_07015	ko:K12519
ctel:GBC03_07045	ko:K03673
ctel:GBC03_07060	ko:K13888
ctel:GBC03_07065	ko:K05685
ctel:GBC03_07070	ko:K18139
ctel:GBC03_07075	ko:K09458
ctel:GBC03_07085	ko:K02078
ctel:GBC03_07090	ko:K00059
ctel:GBC03_07130	ko:K14231
ctel:GBC03_07150	ko:K04084
ctel:GBC03_07155	ko:K03926
ctel:GBC03_07160	ko:K07791
ctel:GBC03_07165	ko:K01744
ctel:GBC03_07170	ko:K07113
ctel:GBC03_07175	ko:K16263
ctel:GBC03_07180	ko:K04078
ctel:GBC03_07185	ko:K04077
ctel:GBC03_07205	ko:K19810
ctel:GBC03_07210	ko:K02356
ctel:GBC03_07215	ko:K16347
ctel:GBC03_07220	ko:K16348
ctel:GBC03_07230	ko:K11741
ctel:GBC03_07235	ko:K03098
ctel:GBC03_07240	ko:K00247
ctel:GBC03_07245	ko:K00246
ctel:GBC03_07250	ko:K00245
ctel:GBC03_07255	ko:K00244
ctel:GBC03_07260	ko:K04568
ctel:GBC03_07265	ko:K22051
ctel:GBC03_07270	ko:K01613
ctel:GBC03_07275	ko:K06949
ctel:GBC03_07280	ko:K13288
ctel:GBC03_07285	ko:K14225
ctel:GBC03_07290	ko:K14225
ctel:GBC03_07295	ko:K14225
ctel:GBC03_07300	ko:K18979
ctel:GBC03_07305	ko:K23997
ctel:GBC03_07310	ko:K06925
ctel:GBC03_07315	ko:K01448
ctel:GBC03_07320	ko:K03572
ctel:GBC03_07325	ko:K00791
ctel:GBC03_07330	ko:K03666
ctel:GBC03_07335	ko:K03665
ctel:GBC03_07340	ko:K04088
ctel:GBC03_07345	ko:K04087
ctel:GBC03_07350	ko:K09937
ctel:GBC03_07355	ko:K01939
ctel:GBC03_07360	ko:K13771
ctel:GBC03_07365	ko:K12573
ctel:GBC03_07370	ko:K03218
ctel:GBC03_07375	ko:K09456
ctel:GBC03_07390	ko:K06889
ctel:GBC03_07400	ko:K07090
ctel:GBC03_07405	ko:K02990
ctel:GBC03_07410	ko:K02686
ctel:GBC03_07415	ko:K02963
ctel:GBC03_07420	ko:K02939
ctel:GBC03_07430	ko:K07269
ctel:GBC03_07440	ko:K03773
ctel:GBC03_07445	ko:K11737
ctel:GBC03_07450	ko:K07322
ctel:GBC03_07465	ko:K19267
ctel:GBC03_07475	ko:K01119
ctel:GBC03_07480	ko:K01082
ctel:GBC03_07485	ko:K07109
ctel:GBC03_07495	ko:K03699
ctel:GBC03_07500	ko:K16210
ctel:GBC03_07530	ko:K07304
ctel:GBC03_07535	ko:K07278
ctel:GBC03_07540	ko:K09800
ctel:GBC03_07550	ko:K01507
ctel:GBC03_07555	ko:K23508
ctel:GBC03_07560	ko:K10820
ctel:GBC03_07565	ko:K23509
ctel:GBC03_07570	ko:K23509
ctel:GBC03_07580	ko:K01193
ctel:GBC03_07585	ko:K00847
ctel:GBC03_07590	ko:K02532
ctel:GBC03_07595	ko:K05874
ctel:GBC03_07600	ko:K03841
ctel:GBC03_07605	ko:K02558
ctel:GBC03_07610	ko:K09889
ctel:GBC03_07615	ko:K03592
ctel:GBC03_07620	ko:K15536
ctel:GBC03_07625	ko:K06889
ctel:GBC03_07665	ko:K01465
ctel:GBC03_07670	ko:K01042
ctel:GBC03_07685	ko:K18918
ctel:GBC03_07690	ko:K06218
ctel:GBC03_07695	ko:K04068
ctel:GBC03_07700	ko:K21636
ctel:GBC03_07705	ko:K01226
ctel:GBC03_07710	ko:K02819
ctel:GBC03_07715	ko:K03485
ctel:GBC03_07725	ko:K01531
ctel:GBC03_07730	ko:K11688
ctel:GBC03_07735	ko:K11689
ctel:GBC03_07740	ko:K11690
ctel:GBC03_07745	ko:K09022
ctel:GBC03_07750	ko:K00610
ctel:GBC03_07755	ko:K00609
ctel:GBC03_07770	ko:K03402
ctel:GBC03_07775	ko:K03758
ctel:GBC03_07780	ko:K21898
ctel:GBC03_07785	ko:K00611
ctel:GBC03_07790	ko:K00926
ctel:GBC03_07795	ko:K01478
ctel:GBC03_07800	ko:K19334
ctel:GBC03_07805	ko:K07821
ctel:GBC03_07810	ko:K07812
ctel:GBC03_07815	ko:K00611
ctel:GBC03_07820	ko:K09893
ctel:GBC03_07825	ko:K06169
ctel:GBC03_07835	ko:K03828
ctel:GBC03_07845	ko:K01873
ctel:GBC03_07850	ko:K02339
ctel:GBC03_07855	ko:K01255
ctel:GBC03_07860	ko:K07091
ctel:GBC03_07865	ko:K11720
ctel:GBC03_07870	ko:K06915
ctel:GBC03_07875	ko:K06146
ctel:GBC03_07880	ko:K06157
ctel:GBC03_07885	ko:K00046
ctel:GBC03_07890	ko:K00098
ctel:GBC03_07895	ko:K00851
ctel:GBC03_07900	ko:K12957
ctel:GBC03_07905	ko:K14228
ctel:GBC03_07915	ko:K00986
ctel:GBC03_07935	ko:K01153
ctel:GBC03_07945	ko:K01154
ctel:GBC03_07955	ko:K03427
ctel:GBC03_07965	ko:K07733
ctel:GBC03_07980	ko:K06946
ctel:GBC03_08015	ko:K03630
ctel:GBC03_08025	ko:K18838
ctel:GBC03_08030	ko:K18837
ctel:GBC03_08040	ko:K07448
ctel:GBC03_08045	ko:K01783
ctel:GBC03_08050	ko:K11530
ctel:GBC03_08055	ko:K08321
ctel:GBC03_08060	ko:K10555
ctel:GBC03_08065	ko:K10557
ctel:GBC03_08070	ko:K10556
ctel:GBC03_08075	ko:K10558
ctel:GBC03_08080	ko:K11531
ctel:GBC03_08085	ko:K11216
ctel:GBC03_08095	ko:K22396
ctel:GBC03_08100	ko:K03292
ctel:GBC03_08105	ko:K01198
ctel:GBC03_08110	ko:K19333
ctel:GBC03_08120	ko:K18702
ctel:GBC03_08125	ko:K01640
ctel:GBC03_08130	ko:K03535
ctel:GBC03_08140	ko:K11902
ctel:GBC03_08145	ko:K11891
ctel:GBC03_08150	ko:K11892
ctel:GBC03_08155	ko:K11893
ctel:GBC03_08160	ko:K11918
ctel:GBC03_08165	ko:K11901
ctel:GBC03_08170	ko:K11900
ctel:GBC03_08175	ko:K11903
ctel:GBC03_08180	ko:K21637
ctel:GBC03_08185	ko:K11896
ctel:GBC03_08190	ko:K11895
ctel:GBC03_08195	ko:K11907
ctel:GBC03_08205	ko:K18923
ctel:GBC03_08210	ko:K11904
ctel:GBC03_08225	ko:K12543
ctel:GBC03_08230	ko:K20276
ctel:GBC03_08235	ko:K12541
ctel:GBC03_08240	ko:K12542
ctel:GBC03_08300	ko:K01760
ctel:GBC03_08305	ko:K23241
ctel:GBC03_08310	ko:K05835
ctel:GBC03_08320	ko:K26399
ctel:GBC03_08325	ko:K01686
ctel:GBC03_08330	ko:K03535
ctel:GBC03_08335	ko:K12660
ctel:GBC03_08340	ko:K00042
ctel:GBC03_08350	ko:K01687
ctel:GBC03_08360	ko:K06889
ctel:GBC03_08370	ko:K01792
ctel:GBC03_08380	ko:K08191
ctel:GBC03_08410	ko:K06075
ctel:GBC03_08425	ko:K09803
ctel:GBC03_08445	ko:K23676
ctel:GBC03_08450	ko:K13609
ctel:GBC03_08455	ko:K05874
ctel:GBC03_08465	ko:K11690
ctel:GBC03_08470	ko:K11689
ctel:GBC03_08475	ko:K11688
ctel:GBC03_08480	ko:K23015
ctel:GBC03_08485	ko:K23007
ctel:GBC03_08490	ko:K01002
ctel:GBC03_08500	ko:K02315
ctel:GBC03_08505	ko:K02317
ctel:GBC03_08520	ko:K00481
ctel:GBC03_08525	ko:K18954
ctel:GBC03_08535	ko:K22650
ctel:GBC03_08545	ko:K02761
ctel:GBC03_08550	ko:K13255
ctel:GBC03_08565	ko:K14228
ctel:GBC03_08570	ko:K14228
ctel:GBC03_08575	ko:K14228
ctel:GBC03_08580	ko:K00564
ctel:GBC03_08585	ko:K02344
ctel:GBC03_08590	ko:K03789
ctel:GBC03_08595	ko:K08723
ctel:GBC03_08600	ko:K02837
ctel:GBC03_08605	ko:K04065
ctel:GBC03_08620	ko:K03424
ctel:GBC03_08635	ko:K01619
ctel:GBC03_08640	ko:K00758
ctel:GBC03_08645	ko:K01839
ctel:GBC03_08650	ko:K03784
ctel:GBC03_08655	ko:K03800
ctel:GBC03_08660	ko:K07186
ctel:GBC03_08665	ko:K01079
ctel:GBC03_08670	ko:K04485
ctel:GBC03_08675	ko:K06211
ctel:GBC03_08685	ko:K05596
ctel:GBC03_08690	ko:K01807
ctel:GBC03_08695	ko:K00058
ctel:GBC03_08700	ko:K01934
ctel:GBC03_08705	ko:K28358
ctel:GBC03_08710	ko:K09888
ctel:GBC03_08715	ko:K09895
ctel:GBC03_08720	ko:K01262
ctel:GBC03_08725	ko:K03185
ctel:GBC03_08730	ko:K18800
ctel:GBC03_08735	ko:K00605
ctel:GBC03_08740	ko:K02437
ctel:GBC03_08745	ko:K00281
ctel:GBC03_08755	ko:K01223
ctel:GBC03_08765	ko:K09900
ctel:GBC03_08770	ko:K11068
ctel:GBC03_08775	ko:K06980
ctel:GBC03_08780	ko:K09159
ctel:GBC03_08785	ko:K19168
ctel:GBC03_08790	ko:K03840
ctel:GBC03_08795	ko:K04763
ctel:GBC03_08800	ko:K03981
ctel:GBC03_08805	ko:K07462
ctel:GBC03_08810	ko:K02836
ctel:GBC03_08815	ko:K04567
ctel:GBC03_08820	ko:K01823
ctel:GBC03_08825	ko:K24206
ctel:GBC03_08830	ko:K06901
ctel:GBC03_08835	ko:K01487
ctel:GBC03_08840	ko:K16346
ctel:GBC03_08845	ko:K12528
ctel:GBC03_08850	ko:K12529
ctel:GBC03_08860	ko:K12527
ctel:GBC03_08865	ko:K07141
ctel:GBC03_08880	ko:K07402
ctel:GBC03_08885	ko:K00926
ctel:GBC03_08890	ko:K01464
ctel:GBC03_08900	ko:K01751
ctel:GBC03_08915	ko:K13480
ctel:GBC03_08920	ko:K13479
ctel:GBC03_08925	ko:K00087
ctel:GBC03_08930	ko:K12943
ctel:GBC03_08935	ko:K14225
ctel:GBC03_08950	ko:K03892
ctel:GBC03_08960	ko:K03893
ctel:GBC03_08965	ko:K00537
ctel:GBC03_08970	ko:K17950
ctel:GBC03_08975	ko:K01779
ctel:GBC03_08980	ko:K15551
ctel:GBC03_08985	ko:K15552
ctel:GBC03_08990	ko:K02049
ctel:GBC03_09000	ko:K02035
ctel:GBC03_09005	ko:K02033
ctel:GBC03_09010	ko:K02034
ctel:GBC03_09015	ko:K02031
ctel:GBC03_09030	ko:K02431
ctel:GBC03_09035	ko:K00059
ctel:GBC03_09040	ko:K21393
ctel:GBC03_09045	ko:K11688
ctel:GBC03_09050	ko:K01779
ctel:GBC03_09055	ko:K21645
ctel:GBC03_09060	ko:K01305
ctel:GBC03_09075	ko:K07690
ctel:GBC03_09080	ko:K07679
ctel:GBC03_09090	ko:K07345
ctel:GBC03_09095	ko:K07346
ctel:GBC03_09105	ko:K07345
ctel:GBC03_09110	ko:K07791
ctel:GBC03_09115	ko:K01744
ctel:GBC03_09140	ko:K02027
ctel:GBC03_09160	ko:K22956
ctel:GBC03_09165	ko:K19734
ctel:GBC03_09175	ko:K07350
ctel:GBC03_09180	ko:K07349
ctel:GBC03_09185	ko:K07348
ctel:GBC03_09190	ko:K07347
ctel:GBC03_09195	ko:K07346
ctel:GBC03_09200	ko:K07351
ctel:GBC03_09205	ko:K07345
ctel:GBC03_09210	ko:K07358
ctel:GBC03_09215	ko:K07357
ctel:GBC03_09225	ko:K06952
ctel:GBC03_09255	ko:K06975
ctel:GBC03_09270	ko:K06867
ctel:GBC03_09290	ko:K00926
ctel:GBC03_09310	ko:K07347
ctel:GBC03_09315	ko:K15540
ctel:GBC03_09320	ko:K07345
ctel:GBC03_09325	ko:K08970
ctel:GBC03_09330	ko:K23240
ctel:GBC03_09370	ko:K00626
ctel:GBC03_09375	ko:K01815
ctel:GBC03_09380	ko:K00065
ctel:GBC03_09385	ko:K26933
ctel:GBC03_09390	ko:K25316
ctel:GBC03_09400	ko:K01586
ctel:GBC03_09410	ko:K02529
ctel:GBC03_09420	ko:K05939
ctel:GBC03_09425	ko:K08227
ctel:GBC03_09445	ko:K03573
ctel:GBC03_09455	ko:K08311
ctel:GBC03_09460	ko:K08484
ctel:GBC03_09465	ko:K13292
ctel:GBC03_09470	ko:K00560
ctel:GBC03_09475	ko:K02679
ctel:GBC03_09480	ko:K02680
ctel:GBC03_09490	ko:K02681
ctel:GBC03_09495	ko:K03583
ctel:GBC03_09500	ko:K01407
ctel:GBC03_09505	ko:K03582
ctel:GBC03_09510	ko:K03581
ctel:GBC03_09515	ko:K14682
ctel:GBC03_09520	ko:K01448
ctel:GBC03_09525	ko:K14230
ctel:GBC03_09530	ko:K14230
ctel:GBC03_09535	ko:K14230
ctel:GBC03_09540	ko:K08304
ctel:GBC03_09545	ko:K22132
ctel:GBC03_09550	ko:K02426
ctel:GBC03_09555	ko:K01766
ctel:GBC03_09565	ko:K03566
ctel:GBC03_09575	ko:K06968
ctel:GBC03_09585	ko:K02430
ctel:GBC03_09590	ko:K02431
ctel:GBC03_09595	ko:K00879
ctel:GBC03_09600	ko:K01818
ctel:GBC03_09605	ko:K10441
ctel:GBC03_09610	ko:K10440
ctel:GBC03_09615	ko:K10439
ctel:GBC03_09620	ko:K03484
ctel:GBC03_09625	ko:K01628
ctel:GBC03_09630	ko:K01146
ctel:GBC03_09635	ko:K01752
ctel:GBC03_09640	ko:K03837
ctel:GBC03_09645	ko:K06966
ctel:GBC03_09650	ko:K06879
ctel:GBC03_09655	ko:K15723
ctel:GBC03_09665	ko:K06175
ctel:GBC03_09675	ko:K03535
ctel:GBC03_09680	ko:K13918
ctel:GBC03_09685	ko:K01706
ctel:GBC03_09690	ko:K00865
ctel:GBC03_09695	ko:K07678
ctel:GBC03_09700	ko:K03215
ctel:GBC03_09705	ko:K00951
ctel:GBC03_09720	ko:K04765
ctel:GBC03_09725	ko:K01937
ctel:GBC03_09730	ko:K01689
ctel:GBC03_09735	ko:K10026
ctel:GBC03_09740	ko:K01737
ctel:GBC03_09745	ko:K00380
ctel:GBC03_09750	ko:K00381
ctel:GBC03_09755	ko:K00390
ctel:GBC03_09765	ko:K09612
ctel:GBC03_09770	ko:K00957
ctel:GBC03_09775	ko:K00956
ctel:GBC03_09780	ko:K00860
ctel:GBC03_09790	ko:K05589
ctel:GBC03_09795	ko:K00991
ctel:GBC03_09800	ko:K01770
ctel:GBC03_09805	ko:K06176
ctel:GBC03_09810	ko:K03787
ctel:GBC03_09815	ko:K00573
ctel:GBC03_09820	ko:K06194
ctel:GBC03_09825	ko:K03087
ctel:GBC03_09830	ko:K22489
ctel:GBC03_09835	ko:K03186
ctel:GBC03_09840	ko:K01612
ctel:GBC03_09845	ko:K21759
ctel:GBC03_09850	ko:K03555
ctel:GBC03_09855	ko:K13735
ctel:GBC03_09870	ko:K11606
ctel:GBC03_09875	ko:K11605
ctel:GBC03_09880	ko:K11607
ctel:GBC03_09885	ko:K11604
ctel:GBC03_09895	ko:K02019
ctel:GBC03_09900	ko:K15836
ctel:GBC03_09905	ko:K04655
ctel:GBC03_09910	ko:K04654
ctel:GBC03_09915	ko:K04653
ctel:GBC03_09920	ko:K04652
ctel:GBC03_09925	ko:K04651
ctel:GBC03_09930	ko:K15833
ctel:GBC03_09935	ko:K15827
ctel:GBC03_09940	ko:K15828
ctel:GBC03_09945	ko:K15829
ctel:GBC03_09950	ko:K15830
ctel:GBC03_09955	ko:K15831
ctel:GBC03_09960	ko:K15832
ctel:GBC03_09965	ko:K15834
ctel:GBC03_09970	ko:K08315
ctel:GBC03_09975	ko:K19048
ctel:GBC03_09980	ko:K01223
ctel:GBC03_09985	ko:K02753
ctel:GBC03_09990	ko:K03487
ctel:GBC03_09995	ko:K05796
ctel:GBC03_10000	ko:K04656
ctel:GBC03_10005	ko:K12265
ctel:GBC03_10010	ko:K12264
ctel:GBC03_10015	ko:K12266
ctel:GBC03_10020	ko:K02467
ctel:GBC03_10025	ko:K02468
ctel:GBC03_10030	ko:K02466
ctel:GBC03_10035	ko:K00068
ctel:GBC03_10040	ko:K02781
ctel:GBC03_10045	ko:K02782
ctel:GBC03_10050	ko:K02783
ctel:GBC03_10055	ko:K08305
ctel:GBC03_10065	ko:K03743
ctel:GBC03_10070	ko:K03553
ctel:GBC03_10075	ko:K03565
ctel:GBC03_10085	ko:K01872
ctel:GBC03_10090	ko:K03563
ctel:GBC03_10095	ko:K14233
ctel:GBC03_10100	ko:K14219
ctel:GBC03_10105	ko:K14219
ctel:GBC03_10110	ko:K14219
ctel:GBC03_10115	ko:K14219
ctel:GBC03_10130	ko:K01919
ctel:GBC03_10135	ko:K07173
ctel:GBC03_10140	ko:K03446
ctel:GBC03_10145	ko:K03543
ctel:GBC03_10150	ko:K15974
ctel:GBC03_10155	ko:K26606
ctel:GBC03_10160	ko:K26605
ctel:GBC03_10170	ko:K02002
ctel:GBC03_10175	ko:K02001
ctel:GBC03_10180	ko:K02000
ctel:GBC03_10185	ko:K00526
ctel:GBC03_10190	ko:K00525
ctel:GBC03_10195	ko:K03647
ctel:GBC03_10200	ko:K06191
ctel:GBC03_10210	ko:K00375
ctel:GBC03_10225	ko:K28156
ctel:GBC03_10230	ko:K11685
ctel:GBC03_10255	ko:K15735
ctel:GBC03_10260	ko:K11735
ctel:GBC03_10265	ko:K07250
ctel:GBC03_10270	ko:K00135
ctel:GBC03_10275	ko:K15736
ctel:GBC03_10280	ko:K15737
ctel:GBC03_10295	ko:K26148
ctel:GBC03_10320	ko:K07347
ctel:GBC03_10325	ko:K07345
ctel:GBC03_10350	ko:K03315
ctel:GBC03_10430	ko:K06223
ctel:GBC03_10500	ko:K01185
ctel:GBC03_10535	ko:K06903
ctel:GBC03_10565	ko:K06907
ctel:GBC03_10570	ko:K06908
ctel:GBC03_10590	ko:K06906
ctel:GBC03_10595	ko:K06905
ctel:GBC03_10605	ko:K15035
ctel:GBC03_10610	ko:K12542
ctel:GBC03_10615	ko:K12541
ctel:GBC03_10620	ko:K12543
ctel:GBC03_10625	ko:K20276
ctel:GBC03_10630	ko:K03664
ctel:GBC03_10640	ko:K09801
ctel:GBC03_10645	ko:K06186
ctel:GBC03_10650	ko:K03631
ctel:GBC03_10655	ko:K00858
ctel:GBC03_10660	ko:K03687
ctel:GBC03_10665	ko:K03699
ctel:GBC03_10680	ko:K03106
ctel:GBC03_10685	ko:K02959
ctel:GBC03_10690	ko:K02860
ctel:GBC03_10695	ko:K00554
ctel:GBC03_10700	ko:K02884
ctel:GBC03_10720	ko:K21021
ctel:GBC03_10735	ko:K01626
ctel:GBC03_10740	ko:K14187
ctel:GBC03_10745	ko:K14170
ctel:GBC03_10755	ko:K05809
ctel:GBC03_10760	ko:K05807
ctel:GBC03_10770	ko:K06180
ctel:GBC03_10775	ko:K05810
ctel:GBC03_10780	ko:K03695
ctel:GBC03_10785	ko:K01977
ctel:GBC03_10790	ko:K14224
ctel:GBC03_10795	ko:K01980
ctel:GBC03_10800	ko:K01985
ctel:GBC03_10805	ko:K03761
ctel:GBC03_10810	ko:K05811
ctel:GBC03_10815	ko:K00998
ctel:GBC03_10820	ko:K09181
ctel:GBC03_10825	ko:K05812
ctel:GBC03_10830	ko:K03672
ctel:GBC03_10835	ko:K03214
ctel:GBC03_10840	ko:K03648
ctel:GBC03_10845	ko:K06866
ctel:GBC03_10850	ko:K05590
ctel:GBC03_10855	ko:K15460
ctel:GBC03_10860	ko:K00278
ctel:GBC03_10875	ko:K03088
ctel:GBC03_10880	ko:K03597
ctel:GBC03_10885	ko:K03598
ctel:GBC03_10890	ko:K03803
ctel:GBC03_10915	ko:K10906
ctel:GBC03_10990	ko:K00558
ctel:GBC03_10995	ko:K12149
ctel:GBC03_11175	ko:K03503
ctel:GBC03_11180	ko:K03596
ctel:GBC03_11185	ko:K03100
ctel:GBC03_11190	ko:K03685
ctel:GBC03_11195	ko:K03595
ctel:GBC03_11200	ko:K03584
ctel:GBC03_11205	ko:K03474
ctel:GBC03_11210	ko:K00997
ctel:GBC03_11225	ko:K07106
ctel:GBC03_11230	ko:K02810
ctel:GBC03_11235	ko:K18697
ctel:GBC03_11240	ko:K11991
ctel:GBC03_11245	ko:K18691
ctel:GBC03_11250	ko:K01952
ctel:GBC03_11255	ko:K07711
ctel:GBC03_11265	ko:K07715
ctel:GBC03_11270	ko:K04751
ctel:GBC03_11275	ko:K05916
ctel:GBC03_11280	ko:K00600
ctel:GBC03_11285	ko:K15977
ctel:GBC03_11305	ko:K01785
ctel:GBC03_11310	ko:K05820
ctel:GBC03_11325	ko:K07491
ctel:GBC03_11335	ko:K00875
ctel:GBC03_11340	ko:K02057
ctel:GBC03_11345	ko:K02057
ctel:GBC03_11350	ko:K02056
ctel:GBC03_11355	ko:K02058
ctel:GBC03_11365	ko:K08970
ctel:GBC03_11370	ko:K01092
ctel:GBC03_11375	ko:K15396
ctel:GBC03_11380	ko:K13643
ctel:GBC03_11385	ko:K04487
ctel:GBC03_11390	ko:K04488
ctel:GBC03_11395	ko:K13628
ctel:GBC03_11400	ko:K04082
ctel:GBC03_11405	ko:K04044
ctel:GBC03_11410	ko:K04755
ctel:GBC03_11420	ko:K07751
ctel:GBC03_11430	ko:K01011
ctel:GBC03_11435	ko:K06894
ctel:GBC03_11440	ko:K05367
ctel:GBC03_11445	ko:K00940
ctel:GBC03_11450	ko:K06941
ctel:GBC03_11455	ko:K15539
ctel:GBC03_11460	ko:K03526
ctel:GBC03_11465	ko:K01892
ctel:GBC03_11475	ko:K17713
ctel:GBC03_11480	ko:K03977
ctel:GBC03_11490	ko:K03601
ctel:GBC03_11495	ko:K00088
ctel:GBC03_11500	ko:K01951
ctel:GBC03_11510	ko:K26149
ctel:GBC03_11515	ko:K01524
ctel:GBC03_11520	ko:K00937
ctel:GBC03_11525	ko:K11175
ctel:GBC03_11530	ko:K01933
ctel:GBC03_11540	ko:K01223
ctel:GBC03_11545	ko:K00761
ctel:GBC03_11550	ko:K02824
ctel:GBC03_11555	ko:K10763
ctel:GBC03_11560	ko:K01255
ctel:GBC03_11565	ko:K01444
ctel:GBC03_11570	ko:K02761
ctel:GBC03_11580	ko:K00537
ctel:GBC03_11585	ko:K01423
ctel:GBC03_11590	ko:K03548
ctel:GBC03_11595	ko:K03564
ctel:GBC03_11600	ko:K03567
ctel:GBC03_11605	ko:K01714
ctel:GBC03_11610	ko:K07287
ctel:GBC03_11615	ko:K01923
ctel:GBC03_11620	ko:K07054
ctel:GBC03_11625	ko:K06957
ctel:GBC03_11630	ko:K06999
ctel:GBC03_11640	ko:K01439
ctel:GBC03_11655	ko:K18324
ctel:GBC03_11660	ko:K07674
ctel:GBC03_11670	ko:K12945
ctel:GBC03_11680	ko:K00615
ctel:GBC03_11685	ko:K00616
ctel:GBC03_11690	ko:K00029
ctel:GBC03_11695	ko:K04031
ctel:GBC03_11700	ko:K04029
ctel:GBC03_11705	ko:K04030
ctel:GBC03_11710	ko:K04032
ctel:GBC03_11715	ko:K04020
ctel:GBC03_11720	ko:K04027
ctel:GBC03_11725	ko:K04028
ctel:GBC03_11730	ko:K04021
ctel:GBC03_11735	ko:K04024
ctel:GBC03_11740	ko:K04022
ctel:GBC03_11745	ko:K04023
ctel:GBC03_11750	ko:K04019
ctel:GBC03_11755	ko:K03735
ctel:GBC03_11760	ko:K03736
ctel:GBC03_11765	ko:K04026
ctel:GBC03_11770	ko:K04025
ctel:GBC03_11775	ko:K04033
ctel:GBC03_11780	ko:K00228
ctel:GBC03_11785	ko:K01448
ctel:GBC03_11815	ko:K07223
ctel:GBC03_11825	ko:K02048
ctel:GBC03_11830	ko:K02046
ctel:GBC03_11835	ko:K02047
ctel:GBC03_11840	ko:K02045
ctel:GBC03_11850	ko:K06610
ctel:GBC03_11855	ko:K05989
ctel:GBC03_11860	ko:K12339
ctel:GBC03_11865	ko:K01951
ctel:GBC03_11875	ko:K00868
ctel:GBC03_11885	ko:K02777
ctel:GBC03_11890	ko:K08483
ctel:GBC03_11895	ko:K02784
ctel:GBC03_11900	ko:K01738
ctel:GBC03_11905	ko:K06203
ctel:GBC03_11910	ko:K03528
ctel:GBC03_11915	ko:K01972
ctel:GBC03_11920	ko:K09954
ctel:GBC03_11925	ko:K14347
ctel:GBC03_11940	ko:K03783
ctel:GBC03_11945	ko:K11537
ctel:GBC03_11955	ko:K14229
ctel:GBC03_11960	ko:K14237
ctel:GBC03_11965	ko:K14237
ctel:GBC03_11970	ko:K14237
ctel:GBC03_11975	ko:K01885
ctel:GBC03_11990	ko:K14218
ctel:GBC03_11995	ko:K14218
ctel:GBC03_12000	ko:K26149
ctel:GBC03_12005	ko:K11535
ctel:GBC03_12010	ko:K03322
ctel:GBC03_12020	ko:K19265
ctel:GBC03_12025	ko:K04103
ctel:GBC03_12030	ko:K03281
ctel:GBC03_12040	ko:K00845
ctel:GBC03_12045	ko:K09022
ctel:GBC03_12050	ko:K09912
ctel:GBC03_12055	ko:K06177
ctel:GBC03_12065	ko:K27885
ctel:GBC03_12070	ko:K27884
ctel:GBC03_12075	ko:K14261
ctel:GBC03_12085	ko:K12974
ctel:GBC03_12095	ko:K03449
ctel:GBC03_12100	ko:K01487
ctel:GBC03_12105	ko:K01725
ctel:GBC03_12110	ko:K01673
ctel:GBC03_12115	ko:K11921
ctel:GBC03_12120	ko:K02030
ctel:GBC03_12125	ko:K02029
ctel:GBC03_12130	ko:K02028
ctel:GBC03_12135	ko:K09946
ctel:GBC03_12170	ko:K12678
ctel:GBC03_12175	ko:K19270
ctel:GBC03_12185	ko:K01153
ctel:GBC03_12190	ko:K03427
ctel:GBC03_12200	ko:K07481
ctel:GBC03_12220	ko:K11755
ctel:GBC03_12260	ko:K06919
ctel:GBC03_12395	ko:K02314
ctel:GBC03_12445	ko:K14220
ctel:GBC03_12600	ko:K07485
ctel:GBC03_12610	ko:K03503
ctel:GBC03_12620	ko:K14219
ctel:GBC03_12625	ko:K21990
ctel:GBC03_12630	ko:K04754
ctel:GBC03_12635	ko:K06076
ctel:GBC03_12645	ko:K00632
ctel:GBC03_12650	ko:K01782
ctel:GBC03_12655	ko:K08296
ctel:GBC03_12665	ko:K07320
ctel:GBC03_12670	ko:K01736
ctel:GBC03_12675	ko:K07261
ctel:GBC03_12680	ko:K07090
ctel:GBC03_12685	ko:K09906
ctel:GBC03_12695	ko:K15461
ctel:GBC03_12700	ko:K00647
ctel:GBC03_12715	ko:K03473
ctel:GBC03_12725	ko:K06173
ctel:GBC03_12730	ko:K03975
ctel:GBC03_12735	ko:K01963
ctel:GBC03_12740	ko:K11754
ctel:GBC03_12745	ko:K03749
ctel:GBC03_12750	ko:K03558
ctel:GBC03_12755	ko:K00764
ctel:GBC03_12760	ko:K03186
ctel:GBC03_12765	ko:K10013
ctel:GBC03_12770	ko:K10014
ctel:GBC03_12780	ko:K10016
ctel:GBC03_12785	ko:K10015
ctel:GBC03_12790	ko:K10017
ctel:GBC03_12800	ko:K07071
ctel:GBC03_12805	ko:K07589
ctel:GBC03_12810	ko:K11209
ctel:GBC03_12815	ko:K00799
ctel:GBC03_12820	ko:K07095
ctel:GBC03_12835	ko:K02821
ctel:GBC03_12840	ko:K02822
ctel:GBC03_12845	ko:K03475
ctel:GBC03_12850	ko:K00615
ctel:GBC03_12855	ko:K00615
ctel:GBC03_12865	ko:K13788
ctel:GBC03_12870	ko:K00925
ctel:GBC03_12875	ko:K09899
ctel:GBC03_12880	ko:K09161
ctel:GBC03_12885	ko:K19270
ctel:GBC03_12895	ko:K08722
ctel:GBC03_12900	ko:K14260
ctel:GBC03_12910	ko:K00330
ctel:GBC03_12915	ko:K00331
ctel:GBC03_12920	ko:K13378
ctel:GBC03_12925	ko:K00334
ctel:GBC03_12930	ko:K00335
ctel:GBC03_12935	ko:K00336
ctel:GBC03_12940	ko:K00337
ctel:GBC03_12945	ko:K00338
ctel:GBC03_12950	ko:K00339
ctel:GBC03_12955	ko:K00340
ctel:GBC03_12960	ko:K00341
ctel:GBC03_12965	ko:K00342
ctel:GBC03_12970	ko:K00343
ctel:GBC03_12980	ko:K03415
ctel:GBC03_12985	ko:K00784
ctel:GBC03_12990	ko:K02348
ctel:GBC03_12995	ko:K05594
ctel:GBC03_13000	ko:K02552
ctel:GBC03_13005	ko:K02551
ctel:GBC03_13010	ko:K08680
ctel:GBC03_13015	ko:K01661
ctel:GBC03_13020	ko:K02549
ctel:GBC03_13025	ko:K01911
ctel:GBC03_13030	ko:K19238
ctel:GBC03_13035	ko:K12963
ctel:GBC03_13040	ko:K12962
ctel:GBC03_13045	ko:K07264
ctel:GBC03_13050	ko:K13014
ctel:GBC03_13055	ko:K10011
ctel:GBC03_13060	ko:K10012
ctel:GBC03_13065	ko:K07806
ctel:GBC03_13075	ko:K12944
ctel:GBC03_13095	ko:K12661
ctel:GBC03_13100	ko:K26580
ctel:GBC03_13105	ko:K12660
ctel:GBC03_13110	ko:K24090
ctel:GBC03_13115	ko:K00113
ctel:GBC03_13120	ko:K00112
ctel:GBC03_13125	ko:K00111
ctel:GBC03_13130	ko:K02445
ctel:GBC03_13135	ko:K01126
ctel:GBC03_13145	ko:K11107
ctel:GBC03_13150	ko:K00526
ctel:GBC03_13155	ko:K00525
ctel:GBC03_13160	ko:K00568
ctel:GBC03_13165	ko:K02469
ctel:GBC03_13170	ko:K02783
ctel:GBC03_13175	ko:K02781
ctel:GBC03_13180	ko:K02782
ctel:GBC03_13195	ko:K00626
ctel:GBC03_13200	ko:K02106
ctel:GBC03_13205	ko:K01035
ctel:GBC03_13210	ko:K01034
ctel:GBC03_13215	ko:K07714
ctel:GBC03_13220	ko:K07710
ctel:GBC03_13225	ko:K07677
ctel:GBC03_13230	ko:K07687
ctel:GBC03_13235	ko:K07676
ctel:GBC03_13240	ko:K09475
ctel:GBC03_13245	ko:K03734
ctel:GBC03_13250	ko:K10778
ctel:GBC03_13255	ko:K03919
ctel:GBC03_13260	ko:K06159
ctel:GBC03_13265	ko:K06213
ctel:GBC03_13270	ko:K03321
ctel:GBC03_13275	ko:K00116
ctel:GBC03_13280	ko:K08276
ctel:GBC03_13285	ko:K02572
ctel:GBC03_13290	ko:K02570
ctel:GBC03_13295	ko:K02567
ctel:GBC03_13300	ko:K02573
ctel:GBC03_13305	ko:K02574
ctel:GBC03_13310	ko:K02568
ctel:GBC03_13315	ko:K02569
ctel:GBC03_13320	ko:K02193
ctel:GBC03_13325	ko:K02194
ctel:GBC03_13330	ko:K02195
ctel:GBC03_13335	ko:K02196
ctel:GBC03_13340	ko:K02197
ctel:GBC03_13345	ko:K02198
ctel:GBC03_13350	ko:K02199
ctel:GBC03_13355	ko:K02200
ctel:GBC03_13360	ko:K07685
ctel:GBC03_13370	ko:K20534
ctel:GBC03_13390	ko:K08350
ctel:GBC03_13395	ko:K08349
ctel:GBC03_13400	ko:K08348
ctel:GBC03_13405	ko:K14232
ctel:GBC03_13410	ko:K07014
ctel:GBC03_13415	ko:K09904
ctel:GBC03_13420	ko:K06899
ctel:GBC03_13425	ko:K02897
ctel:GBC03_13430	ko:K19789
ctel:GBC03_13435	ko:K06183
ctel:GBC03_13440	ko:K07552
ctel:GBC03_13455	ko:K13896
ctel:GBC03_13460	ko:K13895
ctel:GBC03_13465	ko:K13894
ctel:GBC03_13470	ko:K13893
ctel:GBC03_13475	ko:K26148
ctel:GBC03_13480	ko:K13694
ctel:GBC03_13485	ko:K19803
ctel:GBC03_13500	ko:K01686
ctel:GBC03_13505	ko:K02356
ctel:GBC03_13510	ko:K06940
ctel:GBC03_13515	ko:K03291
ctel:GBC03_13520	ko:K11183
ctel:GBC03_13525	ko:K00882
ctel:GBC03_13530	ko:K02770
ctel:GBC03_13535	ko:K16328
ctel:GBC03_13540	ko:K16329
ctel:GBC03_13545	ko:K16324
ctel:GBC03_13555	ko:K01151
ctel:GBC03_13570	ko:K11733
ctel:GBC03_13575	ko:K16089
ctel:GBC03_13580	ko:K01070
ctel:GBC03_13585	ko:K01495
ctel:GBC03_13590	ko:K07148
ctel:GBC03_13595	ko:K02529
ctel:GBC03_13600	ko:K10540
ctel:GBC03_13605	ko:K10542
ctel:GBC03_13610	ko:K10541
ctel:GBC03_13620	ko:K03748
ctel:GBC03_13625	ko:K01489
ctel:GBC03_13635	ko:K06518
ctel:GBC03_13645	ko:K08195
ctel:GBC03_13650	ko:K00450
ctel:GBC03_13655	ko:K16165
ctel:GBC03_13660	ko:K01800
ctel:GBC03_13665	ko:K22270
ctel:GBC03_13670	ko:K05541
ctel:GBC03_13675	ko:K18139
ctel:GBC03_13690	ko:K07262
ctel:GBC03_13700	ko:K03777
ctel:GBC03_13705	ko:K05349
ctel:GBC03_13710	ko:K05845
ctel:GBC03_13715	ko:K05846
ctel:GBC03_13720	ko:K05847
ctel:GBC03_13725	ko:K05846
ctel:GBC03_13735	ko:K21089
ctel:GBC03_13740	ko:K27882
ctel:GBC03_13745	ko:K27883
ctel:GBC03_13760	ko:K01874
ctel:GBC03_13765	ko:K03593
ctel:GBC03_13785	ko:K23243
ctel:GBC03_13795	ko:K19233
ctel:GBC03_13800	ko:K00878
ctel:GBC03_13805	ko:K00941
ctel:GBC03_13830	ko:K11645
ctel:GBC03_13840	ko:K08303
ctel:GBC03_13845	ko:K07664
ctel:GBC03_13850	ko:K07642
ctel:GBC03_13855	ko:K18326
ctel:GBC03_13860	ko:K07789
ctel:GBC03_13865	ko:K07788
ctel:GBC03_13870	ko:K07799
ctel:GBC03_13880	ko:K04046
ctel:GBC03_13885	ko:K01247
ctel:GBC03_13890	ko:K21084
ctel:GBC03_13895	ko:K00876
ctel:GBC03_13900	ko:K01494
ctel:GBC03_13905	ko:K07289
ctel:GBC03_13915	ko:K01991
ctel:GBC03_13920	ko:K25307
ctel:GBC03_13925	ko:K16692
ctel:GBC03_13930	ko:K25875
ctel:GBC03_13935	ko:K03819
ctel:GBC03_13940	ko:K13684
ctel:GBC03_13945	ko:K13620
ctel:GBC03_13950	ko:K13683
ctel:GBC03_13955	ko:K03818
ctel:GBC03_13960	ko:K01711
ctel:GBC03_13965	ko:K02377
ctel:GBC03_13970	ko:K03207
ctel:GBC03_13975	ko:K03208
ctel:GBC03_13980	ko:K00971
ctel:GBC03_13985	ko:K01840
ctel:GBC03_13990	ko:K03606
ctel:GBC03_13995	ko:K16695
ctel:GBC03_14000	ko:K16710
ctel:GBC03_14005	ko:K16703
ctel:GBC03_14010	ko:K16711
ctel:GBC03_14015	ko:K00963
ctel:GBC03_14045	ko:K01711
ctel:GBC03_14050	ko:K02377
ctel:GBC03_14055	ko:K03207
ctel:GBC03_14060	ko:K00971
ctel:GBC03_14065	ko:K13002
ctel:GBC03_14070	ko:K01840
ctel:GBC03_14075	ko:K07497
ctel:GBC03_14080	ko:K00033
ctel:GBC03_14085	ko:K00012
ctel:GBC03_14090	ko:K05789
ctel:GBC03_14095	ko:K11755
ctel:GBC03_14100	ko:K02500
ctel:GBC03_14105	ko:K01814
ctel:GBC03_14110	ko:K02501
ctel:GBC03_14115	ko:K01089
ctel:GBC03_14120	ko:K00817
ctel:GBC03_14125	ko:K00013
ctel:GBC03_14130	ko:K00765
ctel:GBC03_14160	ko:K07112
ctel:GBC03_14170	ko:K01141
ctel:GBC03_14175	ko:K07258
ctel:GBC03_14180	ko:K07470
ctel:GBC03_14190	ko:K09802
ctel:GBC03_14195	ko:K16651
ctel:GBC03_14200	ko:K19697
ctel:GBC03_14205	ko:K04029
ctel:GBC03_14210	ko:K04031
ctel:GBC03_14215	ko:K27272
ctel:GBC03_14220	ko:K27271
ctel:GBC03_14225	ko:K13921
ctel:GBC03_14230	ko:K13922
ctel:GBC03_14235	ko:K27270
ctel:GBC03_14240	ko:K27269
ctel:GBC03_14245	ko:K27268
ctel:GBC03_14250	ko:K13923
ctel:GBC03_14255	ko:K27267
ctel:GBC03_14260	ko:K27266
ctel:GBC03_14265	ko:K27265
ctel:GBC03_14270	ko:K27264
ctel:GBC03_14275	ko:K13920
ctel:GBC03_14280	ko:K13919
ctel:GBC03_14285	ko:K01699
ctel:GBC03_14290	ko:K27263
ctel:GBC03_14295	ko:K27260
ctel:GBC03_14300	ko:K27261
ctel:GBC03_14305	ko:K27259
ctel:GBC03_14310	ko:K02224
ctel:GBC03_14315	ko:K02227
ctel:GBC03_14320	ko:K06042
ctel:GBC03_14325	ko:K02188
ctel:GBC03_14330	ko:K03399
ctel:GBC03_14335	ko:K02191
ctel:GBC03_14340	ko:K05936
ctel:GBC03_14345	ko:K02189
ctel:GBC03_14350	ko:K05934
ctel:GBC03_14355	ko:K05895
ctel:GBC03_14360	ko:K02190
ctel:GBC03_14365	ko:K03394
ctel:GBC03_14370	ko:K02007
ctel:GBC03_14375	ko:K02009
ctel:GBC03_14380	ko:K02008
ctel:GBC03_14385	ko:K02006
ctel:GBC03_14390	ko:K02232
ctel:GBC03_14395	ko:K02231
ctel:GBC03_14400	ko:K02233
ctel:GBC03_14405	ko:K00768
ctel:GBC03_14410	ko:K19236
ctel:GBC03_14415	ko:K14220
ctel:GBC03_14420	ko:K26937
ctel:GBC03_14425	ko:K14220
ctel:GBC03_14430	ko:K01241
ctel:GBC03_14435	ko:K08172
ctel:GBC03_14450	ko:K00344
ctel:GBC03_14480	ko:K00558
ctel:GBC03_14545	ko:K03196
ctel:GBC03_14550	ko:K03195
ctel:GBC03_14555	ko:K03204
ctel:GBC03_14560	ko:K03203
ctel:GBC03_14565	ko:K03201
ctel:GBC03_14575	ko:K03200
ctel:GBC03_14580	ko:K03199
ctel:GBC03_14585	ko:K03197
ctel:GBC03_14590	ko:K03194
ctel:GBC03_14610	ko:K07733
ctel:GBC03_14625	ko:K01953
ctel:GBC03_14640	ko:K00643
ctel:GBC03_14655	ko:K14220
ctel:GBC03_14660	ko:K19338
ctel:GBC03_14665	ko:K13635
ctel:GBC03_14670	ko:K00558
ctel:GBC03_14715	ko:K03196
ctel:GBC03_14720	ko:K03195
ctel:GBC03_14725	ko:K03204
ctel:GBC03_14730	ko:K03203
ctel:GBC03_14735	ko:K03201
ctel:GBC03_14745	ko:K03200
ctel:GBC03_14750	ko:K03199
ctel:GBC03_14755	ko:K03197
ctel:GBC03_14760	ko:K03194
ctel:GBC03_14780	ko:K07733
ctel:GBC03_14790	ko:K18301
ctel:GBC03_14795	ko:K18139
ctel:GBC03_14800	ko:K03543
ctel:GBC03_14805	ko:K03446
ctel:GBC03_14810	ko:K02297
ctel:GBC03_14815	ko:K02298
ctel:GBC03_14820	ko:K02299
ctel:GBC03_14825	ko:K02300
ctel:GBC03_14830	ko:K18325
ctel:GBC03_14840	ko:K14220
ctel:GBC03_14845	ko:K09933
ctel:GBC03_14850	ko:K14233
ctel:GBC03_14860	ko:K14062
ctel:GBC03_14870	ko:K06950
ctel:GBC03_14875	ko:K00558
ctel:GBC03_14880	ko:K07458
ctel:GBC03_14890	ko:K09781
ctel:GBC03_14900	ko:K21085
ctel:GBC03_14905	ko:K07026
ctel:GBC03_14920	ko:K07781
ctel:GBC03_14925	ko:K02421
ctel:GBC03_14930	ko:K02420
ctel:GBC03_14935	ko:K02419
ctel:GBC03_14940	ko:K02418
ctel:GBC03_14945	ko:K02417
ctel:GBC03_14950	ko:K02416
ctel:GBC03_14955	ko:K02415
ctel:GBC03_14960	ko:K02414
ctel:GBC03_14965	ko:K02413
ctel:GBC03_14970	ko:K02412
ctel:GBC03_14975	ko:K02411
ctel:GBC03_14980	ko:K02410
ctel:GBC03_14985	ko:K02409
ctel:GBC03_14990	ko:K02408
ctel:GBC03_15000	ko:K07112
ctel:GBC03_15010	ko:K01176
ctel:GBC03_15015	ko:K02423
ctel:GBC03_15020	ko:K02422
ctel:GBC03_15025	ko:K02407
ctel:GBC03_15030	ko:K02406
ctel:GBC03_15035	ko:K02405
ctel:GBC03_15040	ko:K02425
ctel:GBC03_15045	ko:K02424
ctel:GBC03_15050	ko:K05396
ctel:GBC03_15055	ko:K10009
ctel:GBC03_15060	ko:K10010
ctel:GBC03_15065	ko:K07782
ctel:GBC03_15080	ko:K07689
ctel:GBC03_15085	ko:K03703
ctel:GBC03_15090	ko:K00995
ctel:GBC03_15095	ko:K14225
ctel:GBC03_15100	ko:K14222
ctel:GBC03_15105	ko:K14228
ctel:GBC03_15120	ko:K12678
ctel:GBC03_15135	ko:K09022
ctel:GBC03_15165	ko:K07039
ctel:GBC03_15170	ko:K03834
ctel:GBC03_15180	ko:K02217
ctel:GBC03_15210	ko:K02255
ctel:GBC03_15220	ko:K10537
ctel:GBC03_15225	ko:K10539
ctel:GBC03_15230	ko:K10538
ctel:GBC03_15235	ko:K01087
ctel:GBC03_15240	ko:K00697
ctel:GBC03_15245	ko:K14064
ctel:GBC03_15250	ko:K02403
ctel:GBC03_15255	ko:K02402
ctel:GBC03_15260	ko:K02556
ctel:GBC03_15265	ko:K02557
ctel:GBC03_15270	ko:K03407
ctel:GBC03_15275	ko:K03408
ctel:GBC03_15285	ko:K27078
ctel:GBC03_15290	ko:K27078
ctel:GBC03_15295	ko:K07346
ctel:GBC03_15300	ko:K07347
ctel:GBC03_15305	ko:K27078
ctel:GBC03_15310	ko:K05875
ctel:GBC03_15315	ko:K05877
ctel:GBC03_15320	ko:K00575
ctel:GBC03_15325	ko:K03412
ctel:GBC03_15330	ko:K03413
ctel:GBC03_15335	ko:K03414
ctel:GBC03_15340	ko:K02401
ctel:GBC03_15345	ko:K02400
ctel:GBC03_15350	ko:K03516
ctel:GBC03_15355	ko:K16210
ctel:GBC03_15360	ko:K15532
ctel:GBC03_15365	ko:K03436
ctel:GBC03_15375	ko:K01619
ctel:GBC03_15380	ko:K02429
ctel:GBC03_15385	ko:K01759
ctel:GBC03_15390	ko:K01887
ctel:GBC03_15395	ko:K09907
ctel:GBC03_15400	ko:K06201
ctel:GBC03_15405	ko:K15257
ctel:GBC03_15410	ko:K15256
ctel:GBC03_15415	ko:K07136
ctel:GBC03_15430	ko:K01876
ctel:GBC03_15435	ko:K08310
ctel:GBC03_15445	ko:K01159
ctel:GBC03_15450	ko:K03550
ctel:GBC03_15455	ko:K03551
ctel:GBC03_15460	ko:K09816
ctel:GBC03_15465	ko:K09817
ctel:GBC03_15470	ko:K09815
ctel:GBC03_15475	ko:K19304
ctel:GBC03_15480	ko:K02560
ctel:GBC03_15485	ko:K00873
ctel:GBC03_15490	ko:K19337
ctel:GBC03_15495	ko:K00036
ctel:GBC03_15500	ko:K01690
ctel:GBC03_15505	ko:K01625
ctel:GBC03_15510	ko:K08289
ctel:GBC03_15515	ko:K09918
ctel:GBC03_15535	ko:K10857
ctel:GBC03_15545	ko:K02345
ctel:GBC03_15550	ko:K07156
ctel:GBC03_15555	ko:K07245
ctel:GBC03_15565	ko:K07313
ctel:GBC03_15580	ko:K11392
ctel:GBC03_15585	ko:K06192
ctel:GBC03_15590	ko:K03808
ctel:GBC03_15595	ko:K08968
ctel:GBC03_15600	ko:K03607
ctel:GBC03_15605	ko:K03797
ctel:GBC03_15610	ko:K03799
ctel:GBC03_15615	ko:K08169
ctel:GBC03_15620	ko:K19333
ctel:GBC03_15645	ko:K03704
ctel:GBC03_15650	ko:K03587
ctel:GBC03_15655	ko:K00563
ctel:GBC03_15660	ko:K23242
ctel:GBC03_15670	ko:K02796
ctel:GBC03_15675	ko:K02795
ctel:GBC03_15680	ko:K02794
ctel:GBC03_15690	ko:K21090
ctel:GBC03_15695	ko:K01752
ctel:GBC03_15705	ko:K01665
ctel:GBC03_15710	ko:K09917
ctel:GBC03_15720	ko:K03722
ctel:GBC03_15725	ko:K14742
ctel:GBC03_15730	ko:K07285
ctel:GBC03_15735	ko:K01897
ctel:GBC03_15740	ko:K03684
ctel:GBC03_15745	ko:K07246
ctel:GBC03_15750	ko:K16135
ctel:GBC03_15755	ko:K11250
ctel:GBC03_15770	ko:K03503
ctel:GBC03_15775	ko:K02030
ctel:GBC03_15780	ko:K02028
ctel:GBC03_15785	ko:K02029
ctel:GBC03_15790	ko:K02029
ctel:GBC03_15795	ko:K00042
ctel:GBC03_15800	ko:K01808
ctel:GBC03_15810	ko:K03502
ctel:GBC03_15815	ko:K06897
ctel:GBC03_15820	ko:K09022
ctel:GBC03_15825	ko:K22589
ctel:GBC03_15835	ko:K28156
ctel:GBC03_15855	ko:K17836
ctel:GBC03_15860	ko:K17850
ctel:GBC03_15865	ko:K14061
ctel:GBC03_15875	ko:K00984
ctel:GBC03_15880	ko:K03608
ctel:GBC03_15885	ko:K03609
ctel:GBC03_15890	ko:K03610
ctel:GBC03_15895	ko:K09902
ctel:GBC03_15900	ko:K29029
ctel:GBC03_15905	ko:K09160
ctel:GBC03_15915	ko:K03611
ctel:GBC03_15920	ko:K03314
ctel:GBC03_15925	ko:K03603
ctel:GBC03_15930	ko:K06415
ctel:GBC03_15935	ko:K00285
ctel:GBC03_15940	ko:K01775
ctel:GBC03_15945	ko:K11105
ctel:GBC03_15950	ko:K01297
ctel:GBC03_15955	ko:K08308
ctel:GBC03_15960	ko:K21087
ctel:GBC03_15970	ko:K02014
ctel:GBC03_15975	ko:K01194
ctel:GBC03_15980	ko:K05881
ctel:GBC03_15985	ko:K05879
ctel:GBC03_15990	ko:K05878
ctel:GBC03_15995	ko:K05880
ctel:GBC03_16000	ko:K00134
ctel:GBC03_16015	ko:K01619
ctel:GBC03_16020	ko:K03710
ctel:GBC03_16025	ko:K05804
ctel:GBC03_16030	ko:K19586
ctel:GBC03_16035	ko:K19585
ctel:GBC03_16040	ko:K19587
ctel:GBC03_16050	ko:K03406
ctel:GBC03_16055	ko:K14155
ctel:GBC03_16060	ko:K03315
ctel:GBC03_16065	ko:K23237
ctel:GBC03_16070	ko:K06942
ctel:GBC03_16075	ko:K01056
ctel:GBC03_16085	ko:K00413
ctel:GBC03_16090	ko:K00412
ctel:GBC03_16095	ko:K00411
ctel:GBC03_16105	ko:K02013
ctel:GBC03_16110	ko:K02015
ctel:GBC03_16115	ko:K02016
ctel:GBC03_16125	ko:K03321
ctel:GBC03_16130	ko:K00948
ctel:GBC03_16135	ko:K00919
ctel:GBC03_16140	ko:K02494
ctel:GBC03_16145	ko:K02492
ctel:GBC03_16150	ko:K02835
ctel:GBC03_16155	ko:K02493
ctel:GBC03_16170	ko:K01627
ctel:GBC03_16175	ko:K07300
ctel:GBC03_16180	ko:K06197
ctel:GBC03_16185	ko:K07232
ctel:GBC03_16195	ko:K06039
ctel:GBC03_16205	ko:K07684
ctel:GBC03_16210	ko:K07673
ctel:GBC03_16215	ko:K02575
ctel:GBC03_16220	ko:K00370
ctel:GBC03_16225	ko:K00371
ctel:GBC03_16230	ko:K00373
ctel:GBC03_16235	ko:K00374
ctel:GBC03_16245	ko:K14236
ctel:GBC03_16250	ko:K14236
ctel:GBC03_16255	ko:K01433
ctel:GBC03_16260	ko:K09858
ctel:GBC03_16265	ko:K07001
ctel:GBC03_16270	ko:K02485
ctel:GBC03_16275	ko:K00963
ctel:GBC03_16280	ko:K03746
ctel:GBC03_16285	ko:K00857
ctel:GBC03_16290	ko:K04072
ctel:GBC03_16300	ko:K15580
ctel:GBC03_16305	ko:K15581
ctel:GBC03_16310	ko:K15582
ctel:GBC03_16315	ko:K15583
ctel:GBC03_16320	ko:K10823
ctel:GBC03_16325	ko:K10716
ctel:GBC03_16330	ko:K09901
ctel:GBC03_16335	ko:K06131
ctel:GBC03_16345	ko:K09780
ctel:GBC03_16350	ko:K03832
ctel:GBC03_16355	ko:K10806
ctel:GBC03_16360	ko:K19611
ctel:GBC03_16365	ko:K06190
ctel:GBC03_16380	ko:K07275
ctel:GBC03_16390	ko:K01695
ctel:GBC03_16395	ko:K01696
ctel:GBC03_16400	ko:K13498
ctel:GBC03_16405	ko:K13497
ctel:GBC03_16410	ko:K01657
ctel:GBC03_16415	ko:K07053
ctel:GBC03_16425	ko:K06178
ctel:GBC03_16430	ko:K19221
ctel:GBC03_16440	ko:K04774
ctel:GBC03_16450	ko:K03168
ctel:GBC03_16455	ko:K13634
ctel:GBC03_16465	ko:K27802
ctel:GBC03_16470	ko:K01497
ctel:GBC03_16475	ko:K01096
ctel:GBC03_16480	ko:K08992
ctel:GBC03_16485	ko:K19804
ctel:GBC03_16490	ko:K01591
ctel:GBC03_16495	ko:K03113
ctel:GBC03_16500	ko:K04062
ctel:GBC03_16515	ko:K14051
ctel:GBC03_16520	ko:K01147
ctel:GBC03_16530	ko:K00208
ctel:GBC03_16545	ko:K07345
ctel:GBC03_16550	ko:K15540
ctel:GBC03_16555	ko:K07347
ctel:GBC03_16560	ko:K07345
ctel:GBC03_16565	ko:K19230
ctel:GBC03_16570	ko:K19229
ctel:GBC03_16575	ko:K19228
ctel:GBC03_16580	ko:K19227
ctel:GBC03_16585	ko:K19226
ctel:GBC03_16590	ko:K03974
ctel:GBC03_16595	ko:K03969
ctel:GBC03_16600	ko:K03970
ctel:GBC03_16605	ko:K03973
ctel:GBC03_16610	ko:K03971
ctel:GBC03_16620	ko:K08162
ctel:GBC03_16625	ko:K02013
ctel:GBC03_16630	ko:K02015
ctel:GBC03_16635	ko:K02016
ctel:GBC03_16640	ko:K06918
ctel:GBC03_16645	ko:K08990
ctel:GBC03_16650	ko:K03721
ctel:GBC03_16655	ko:K11065
ctel:GBC03_16660	ko:K19802
ctel:GBC03_16665	ko:K14054
ctel:GBC03_16670	ko:K15580
ctel:GBC03_16680	ko:K01759
ctel:GBC03_16685	ko:K16052
ctel:GBC03_16695	ko:K14055
ctel:GBC03_16700	ko:K01420
ctel:GBC03_16705	ko:K00567
ctel:GBC03_16715	ko:K02624
ctel:GBC03_16720	ko:K01031
ctel:GBC03_16725	ko:K01032
ctel:GBC03_16730	ko:K07823
ctel:GBC03_16735	ko:K01857
ctel:GBC03_16740	ko:K01055
ctel:GBC03_16745	ko:K01607
ctel:GBC03_16750	ko:K21088
ctel:GBC03_16755	ko:K21023
ctel:GBC03_16765	ko:K16074
ctel:GBC03_16775	ko:K05591
ctel:GBC03_16780	ko:K14058
ctel:GBC03_16790	ko:K14061
ctel:GBC03_16800	ko:K14062
ctel:GBC03_16805	ko:K03737
ctel:GBC03_16810	ko:K13694
ctel:GBC03_16820	ko:K03668
ctel:GBC03_16825	ko:K03778
ctel:GBC03_16835	ko:K00799
ctel:GBC03_16850	ko:K09978
ctel:GBC03_16855	ko:K05275
ctel:GBC03_16865	ko:K01118
ctel:GBC03_16870	ko:K03578
ctel:GBC03_16875	ko:K18139
ctel:GBC03_16900	ko:K07248
ctel:GBC03_16905	ko:K00134
ctel:GBC03_16910	ko:K12262
ctel:GBC03_16915	ko:K03704
ctel:GBC03_16920	ko:K03704
ctel:GBC03_16925	ko:K23239
ctel:GBC03_16930	ko:K00121
ctel:GBC03_16935	ko:K05876
ctel:GBC03_16945	ko:K15986
ctel:GBC03_16950	ko:K00448
ctel:GBC03_16955	ko:K00449
ctel:GBC03_16960	ko:K25986
ctel:GBC03_16965	ko:K03929
ctel:GBC03_16975	ko:K09794
ctel:GBC03_16985	ko:K14587
ctel:GBC03_16990	ko:K02773
ctel:GBC03_16995	ko:K06971
ctel:GBC03_17000	ko:K02775
ctel:GBC03_17005	ko:K02774
ctel:GBC03_17010	ko:K20609
ctel:GBC03_17015	ko:K03817
ctel:GBC03_17025	ko:K03304
ctel:GBC03_17030	ko:K16868
ctel:GBC03_17045	ko:K07506
ctel:GBC03_17050	ko:K05782
ctel:GBC03_17055	ko:K23779
ctel:GBC03_17060	ko:K24847
ctel:GBC03_17070	ko:K00426
ctel:GBC03_17075	ko:K00425
ctel:GBC03_17085	ko:K02055
ctel:GBC03_17090	ko:K02052
ctel:GBC03_17095	ko:K02054
ctel:GBC03_17100	ko:K02053
ctel:GBC03_17105	ko:K00137
ctel:GBC03_17120	ko:K28274
ctel:GBC03_17140	ko:K12368
ctel:GBC03_17150	ko:K09936
ctel:GBC03_17155	ko:K24217
ctel:GBC03_17165	ko:K23256
ctel:GBC03_17175	ko:K13654
ctel:GBC03_17180	ko:K02014
ctel:GBC03_17195	ko:K11738
ctel:GBC03_17200	ko:K03776
ctel:GBC03_17205	ko:K11208
ctel:GBC03_17210	ko:K03535
ctel:GBC03_17215	ko:K20023
ctel:GBC03_17220	ko:K06145
ctel:GBC03_17225	ko:K01821
ctel:GBC03_17235	ko:K00675
ctel:GBC03_17240	ko:K12678
ctel:GBC03_17250	ko:K00374
ctel:GBC03_17255	ko:K00373
ctel:GBC03_17260	ko:K00371
ctel:GBC03_17265	ko:K00370
ctel:GBC03_17270	ko:K02575
ctel:GBC03_17280	ko:K02624
ctel:GBC03_17285	ko:K01856
ctel:GBC03_17290	ko:K03464
ctel:GBC03_17295	ko:K03381
ctel:GBC03_17300	ko:K05549
ctel:GBC03_17305	ko:K05550
ctel:GBC03_17310	ko:K05784
ctel:GBC03_17315	ko:K05783
ctel:GBC03_17320	ko:K08167
ctel:GBC03_17330	ko:K16076
ctel:GBC03_17345	ko:K08348
ctel:GBC03_17350	ko:K08349
ctel:GBC03_17355	ko:K08350
ctel:GBC03_17360	ko:K01507
ctel:GBC03_17365	ko:K21498
ctel:GBC03_17370	ko:K07334
ctel:GBC03_17380	ko:K00027
ctel:GBC03_17385	ko:K02972
ctel:GBC03_17390	ko:K04063
ctel:GBC03_17395	ko:K02032
ctel:GBC03_17400	ko:K02031
ctel:GBC03_17405	ko:K02034
ctel:GBC03_17410	ko:K02033
ctel:GBC03_17415	ko:K02035
ctel:GBC03_17420	ko:K08641
ctel:GBC03_17430	ko:K19778
ctel:GBC03_17435	ko:K03406
ctel:GBC03_17440	ko:K13243
ctel:GBC03_17445	ko:K13069
ctel:GBC03_17475	ko:K07497
ctel:GBC03_17480	ko:K00558
ctel:GBC03_17515	ko:K12678
ctel:GBC03_17520	ko:K07497
ctel:GBC03_17525	ko:K23240
ctel:GBC03_17530	ko:K08970
ctel:GBC03_17540	ko:K07644
ctel:GBC03_17550	ko:K03760
ctel:GBC03_17560	ko:K02484
ctel:GBC03_17565	ko:K02483
ctel:GBC03_17585	ko:K18320
ctel:GBC03_17590	ko:K07486
ctel:GBC03_17595	ko:K18320
ctel:GBC03_17600	ko:K08323
ctel:GBC03_17610	ko:K00598
ctel:GBC03_17615	ko:K08994
ctel:GBC03_17620	ko:K00041
ctel:GBC03_17640	ko:K01425
ctel:GBC03_17645	ko:K05874
ctel:GBC03_17650	ko:K08324
ctel:GBC03_17660	ko:K08159
ctel:GBC03_17665	ko:K05595
ctel:GBC03_17670	ko:K03712
ctel:GBC03_17675	ko:K13632
ctel:GBC03_17680	ko:K13630
ctel:GBC03_17685	ko:K15268
ctel:GBC03_17695	ko:K11963
ctel:GBC03_17700	ko:K11962
ctel:GBC03_17705	ko:K11961
ctel:GBC03_17710	ko:K11960
ctel:GBC03_17715	ko:K11959
ctel:GBC03_17730	ko:K13633
ctel:GBC03_17740	ko:K13069
ctel:GBC03_17750	ko:K01284
ctel:GBC03_17755	ko:K16066
ctel:GBC03_17760	ko:K22293
ctel:GBC03_17770	ko:K00040
ctel:GBC03_17775	ko:K16210
ctel:GBC03_17780	ko:K01812
ctel:GBC03_17785	ko:K08323
ctel:GBC03_17790	ko:K08173
ctel:GBC03_17795	ko:K08322
ctel:GBC03_17800	ko:K09771
ctel:GBC03_17810	ko:K00657
ctel:GBC03_17820	ko:K12678
ctel:GBC03_17830	ko:K07310
ctel:GBC03_17835	ko:K07307
ctel:GBC03_17840	ko:K07312
ctel:GBC03_17845	ko:K23349
ctel:GBC03_17850	ko:K05846
ctel:GBC03_17855	ko:K05845
ctel:GBC03_17860	ko:K05846
ctel:GBC03_17865	ko:K05847
ctel:GBC03_17870	ko:K01935
ctel:GBC03_17875	ko:K15545
ctel:GBC03_17885	ko:K08224
ctel:GBC03_17890	ko:K01299
ctel:GBC03_17905	ko:K04775
ctel:GBC03_17910	ko:K11742
ctel:GBC03_17915	ko:K11743
ctel:GBC03_17925	ko:K11744
ctel:GBC03_17930	ko:K00325
ctel:GBC03_17935	ko:K00324
ctel:GBC03_17945	ko:K03758
ctel:GBC03_17950	ko:K13938
ctel:GBC03_17960	ko:K07661
ctel:GBC03_17975	ko:K07639
ctel:GBC03_17980	ko:K10748
ctel:GBC03_17985	ko:K01679
ctel:GBC03_17990	ko:K01676
ctel:GBC03_17995	ko:K01809
ctel:GBC03_18005	ko:K16136
ctel:GBC03_18010	ko:K02791
ctel:GBC03_18015	ko:K14155
ctel:GBC03_18020	ko:K01488
ctel:GBC03_18030	ko:K22718
ctel:GBC03_18045	ko:K03617
ctel:GBC03_18050	ko:K03616
ctel:GBC03_18055	ko:K03615
ctel:GBC03_18060	ko:K03614
ctel:GBC03_18065	ko:K03612
ctel:GBC03_18070	ko:K03613
ctel:GBC03_18075	ko:K10773
ctel:GBC03_18080	ko:K03305
ctel:GBC03_18085	ko:K00799
ctel:GBC03_18090	ko:K00868
ctel:GBC03_18095	ko:K01866
ctel:GBC03_18100	ko:K00275
ctel:GBC03_18110	ko:K09001
ctel:GBC03_18115	ko:K06077
ctel:GBC03_18120	ko:K06075
ctel:GBC03_18140	ko:K04565
ctel:GBC03_18150	ko:K06938
ctel:GBC03_18155	ko:K16137
ctel:GBC03_18160	ko:K10680
ctel:GBC03_18165	ko:K01759
ctel:GBC03_18170	ko:K07345
ctel:GBC03_18175	ko:K07347
ctel:GBC03_18180	ko:K15540
ctel:GBC03_18185	ko:K07345
ctel:GBC03_18190	ko:K03683
ctel:GBC03_18195	ko:K03724
ctel:GBC03_18200	ko:K07390
ctel:GBC03_18205	ko:K19303
ctel:GBC03_18210	ko:K04564
ctel:GBC03_18215	ko:K19577
ctel:GBC03_18230	ko:K03604
ctel:GBC03_18240	ko:K28371
ctel:GBC03_18245	ko:K00574
ctel:GBC03_18250	ko:K00793
ctel:GBC03_18255	ko:K26939
ctel:GBC03_18260	ko:K14237
ctel:GBC03_18265	ko:K14237
ctel:GBC03_18315	ko:K02030
ctel:GBC03_18320	ko:K02028
ctel:GBC03_18325	ko:K02029
ctel:GBC03_18330	ko:K02029
ctel:GBC03_18340	ko:K08354
ctel:GBC03_18365	ko:K01675
ctel:GBC03_18370	ko:K13041
ctel:GBC03_18375	ko:K13040
ctel:GBC03_18380	ko:K08358
ctel:GBC03_18385	ko:K08359
ctel:GBC03_18390	ko:K08357
ctel:GBC03_18395	ko:K02073
ctel:GBC03_18400	ko:K02072
ctel:GBC03_18405	ko:K02071
ctel:GBC03_18410	ko:K00873
ctel:GBC03_18415	ko:K06078
ctel:GBC03_18425	ko:K19236
ctel:GBC03_18430	ko:K02426
ctel:GBC03_18435	ko:K11717
ctel:GBC03_18440	ko:K09015
ctel:GBC03_18445	ko:K09013
ctel:GBC03_18450	ko:K09014
ctel:GBC03_18455	ko:K05997
ctel:GBC03_18480	ko:K19222
ctel:GBC03_18485	ko:K26063
ctel:GBC03_18495	ko:K18518
ctel:GBC03_18505	ko:K26745
ctel:GBC03_18510	ko:K26745
ctel:GBC03_18520	ko:K05887
ctel:GBC03_18525	ko:K03785
ctel:GBC03_18530	ko:K19709
ctel:GBC03_18555	ko:K00313
ctel:GBC03_18560	ko:K03855
ctel:GBC03_18565	ko:K12507
ctel:GBC03_18570	ko:K01007
ctel:GBC03_18575	ko:K09773
ctel:GBC03_18580	ko:K01626
ctel:GBC03_18590	ko:K08997
ctel:GBC03_18600	ko:K13695
ctel:GBC03_18605	ko:K06074
ctel:GBC03_18610	ko:K00432
ctel:GBC03_18615	ko:K06073
ctel:GBC03_18620	ko:K04764
ctel:GBC03_18625	ko:K01890
ctel:GBC03_18630	ko:K01889
ctel:GBC03_18640	ko:K02887
ctel:GBC03_18645	ko:K02916
ctel:GBC03_18650	ko:K02520
ctel:GBC03_18655	ko:K01868
ctel:GBC03_18675	ko:K07283
ctel:GBC03_18680	ko:K16370
ctel:GBC03_18700	ko:K24204
ctel:GBC03_18705	ko:K00065
ctel:GBC03_18710	ko:K07038
ctel:GBC03_18715	ko:K06956
ctel:GBC03_18720	ko:K15722
ctel:GBC03_18725	ko:K03478
ctel:GBC03_18730	ko:K01222
ctel:GBC03_18735	ko:K03490
ctel:GBC03_18740	ko:K02759
ctel:GBC03_18745	ko:K02761
ctel:GBC03_18750	ko:K02760
ctel:GBC03_18755	ko:K04064
ctel:GBC03_18760	ko:K01916
ctel:GBC03_18765	ko:K09975
ctel:GBC03_18770	ko:K06006
ctel:GBC03_18775	ko:K05526
ctel:GBC03_18780	ko:K01484
ctel:GBC03_18785	ko:K06447
ctel:GBC03_18790	ko:K00673
ctel:GBC03_18795	ko:K00840
ctel:GBC03_18800	ko:K01142
ctel:GBC03_18810	ko:K05777
ctel:GBC03_18815	ko:K05778
ctel:GBC03_18820	ko:K05779
ctel:GBC03_18825	ko:K21028
ctel:GBC03_18840	ko:K08320
ctel:GBC03_18850	ko:K00262
ctel:GBC03_18855	ko:K03169
ctel:GBC03_18860	ko:K01008
ctel:GBC03_18870	ko:K00389
ctel:GBC03_18890	ko:K02791
ctel:GBC03_18895	ko:K24118
ctel:GBC03_18905	ko:K04773
ctel:GBC03_18910	ko:K01424
ctel:GBC03_18915	ko:K08281
ctel:GBC03_18920	ko:K08369
ctel:GBC03_18940	ko:K18471
ctel:GBC03_18955	ko:K00008
ctel:GBC03_18960	ko:K08369
ctel:GBC03_18970	ko:K01183
ctel:GBC03_18980	ko:K09916
ctel:GBC03_18985	ko:K07305
ctel:GBC03_18990	ko:K00134
ctel:GBC03_18995	ko:K01792
ctel:GBC03_19005	ko:K07274
ctel:GBC03_19010	ko:K07180
ctel:GBC03_19015	ko:K09786
ctel:GBC03_19025	ko:K19055
ctel:GBC03_19040	ko:K25495
ctel:GBC03_19045	ko:K25494
ctel:GBC03_19085	ko:K22015
ctel:GBC03_19105	ko:K03704
ctel:GBC03_19135	ko:K00031
ctel:GBC03_19140	ko:K06181
ctel:GBC03_19145	ko:K12152
ctel:GBC03_19150	ko:K00566
ctel:GBC03_19155	ko:K07153
ctel:GBC03_19160	ko:K01756
ctel:GBC03_19165	ko:K12974
ctel:GBC03_19180	ko:K13688
ctel:GBC03_19185	ko:K03704
ctel:GBC03_19320	ko:K07474
ctel:GBC03_19360	ko:K03791
ctel:GBC03_19375	ko:K07491
ctel:GBC03_19445	ko:K02345
ctel:GBC03_19450	ko:K02014
ctel:GBC03_19540	ko:K10906
ctel:GBC03_19560	ko:K14059
ctel:GBC03_19565	ko:K07660
ctel:GBC03_19570	ko:K07637
ctel:GBC03_19575	ko:K18850
ctel:GBC03_19580	ko:K01258
ctel:GBC03_19585	ko:K11072
ctel:GBC03_19590	ko:K11071
ctel:GBC03_19595	ko:K11070
ctel:GBC03_19600	ko:K11069
ctel:GBC03_19605	ko:K12410
ctel:GBC03_19610	ko:K28207
ctel:GBC03_19615	ko:K09808
ctel:GBC03_19620	ko:K09810
ctel:GBC03_19625	ko:K09808
ctel:GBC03_19635	ko:K03723
ctel:GBC03_19640	ko:K19236
ctel:GBC03_19645	ko:K12151
ctel:GBC03_19650	ko:K22041
ctel:GBC03_19655	ko:K02014
ctel:GBC03_19665	ko:K03885
ctel:GBC03_19670	ko:K07000
ctel:GBC03_19675	ko:K01207
ctel:GBC03_19680	ko:K07251
ctel:GBC03_19685	ko:K07337
ctel:GBC03_19695	ko:K02503
ctel:GBC03_19700	ko:K16088
ctel:GBC03_19705	ko:K02779
ctel:GBC03_19710	ko:K03424
ctel:GBC03_19715	ko:K02341
ctel:GBC03_19720	ko:K00943
ctel:GBC03_19725	ko:K07082
ctel:GBC03_19730	ko:K02619
ctel:GBC03_19735	ko:K09458
ctel:GBC03_19740	ko:K02078
ctel:GBC03_19745	ko:K00059
ctel:GBC03_19750	ko:K00645
ctel:GBC03_19755	ko:K00648
ctel:GBC03_19760	ko:K03621
ctel:GBC03_19765	ko:K02911
ctel:GBC03_19770	ko:K07040
ctel:GBC03_19775	ko:K25422
ctel:GBC03_19780	ko:K06179
ctel:GBC03_19785	ko:K08300
ctel:GBC03_19800	ko:K02397
ctel:GBC03_19805	ko:K02396
ctel:GBC03_19810	ko:K02395
ctel:GBC03_19815	ko:K02394
ctel:GBC03_19820	ko:K02393
ctel:GBC03_19825	ko:K02392
ctel:GBC03_19830	ko:K02391
ctel:GBC03_19835	ko:K02390
ctel:GBC03_19840	ko:K02389
ctel:GBC03_19845	ko:K02388
ctel:GBC03_19850	ko:K02387
ctel:GBC03_19855	ko:K02386
ctel:GBC03_19860	ko:K02398
ctel:GBC03_19865	ko:K02399
ctel:GBC03_19870	ko:K03980
ctel:GBC03_19875	ko:K03810
ctel:GBC03_19880	ko:K09915
ctel:GBC03_19885	ko:K03790
ctel:GBC03_19890	ko:K08162
ctel:GBC03_19895	ko:K03675
ctel:GBC03_19905	ko:K01465
ctel:GBC03_19910	ko:K12149
ctel:GBC03_19915	ko:K12148
ctel:GBC03_19920	ko:K02846
ctel:GBC03_19940	ko:K07146
ctel:GBC03_19945	ko:K02517
ctel:GBC03_19950	ko:K08161
ctel:GBC03_19955	ko:K12147
ctel:GBC03_19965	ko:K03669
ctel:GBC03_19970	ko:K03670
ctel:GBC03_19975	ko:K11941
ctel:GBC03_19980	ko:K06132
ctel:GBC03_19985	ko:K23518
ctel:GBC03_19995	ko:K04336
ctel:GBC03_20000	ko:K04334
ctel:GBC03_20005	ko:K04335
ctel:GBC03_20010	ko:K04333
ctel:GBC03_20015	ko:K04337
ctel:GBC03_20020	ko:K04338
ctel:GBC03_20025	ko:K06214
ctel:GBC03_20040	ko:K04477
ctel:GBC03_20045	ko:K12972
ctel:GBC03_20050	ko:K14233
ctel:GBC03_20070	ko:K06217
ctel:GBC03_20075	ko:K16301
ctel:GBC03_20080	ko:K07224
ctel:GBC03_20085	ko:K07243
ctel:GBC03_20090	ko:K11928
ctel:GBC03_20095	ko:K13821
ctel:GBC03_20105	ko:K09017
ctel:GBC03_20110	ko:K06884
ctel:GBC03_20115	ko:K03809
ctel:GBC03_20125	ko:K01085
ctel:GBC03_20135	ko:K07090
ctel:GBC03_20150	ko:K02003
ctel:GBC03_20155	ko:K02004
ctel:GBC03_20160	ko:K02004
ctel:GBC03_20170	ko:K07230
ctel:GBC03_20175	ko:K07243
ctel:GBC03_20180	ko:K00348
ctel:GBC03_20195	ko:K08344
ctel:GBC03_20205	ko:K05516
ctel:GBC03_20210	ko:K18997
ctel:GBC03_20230	ko:K00883
ctel:GBC03_20235	ko:K00883
ctel:GBC03_20240	ko:K08194
ctel:GBC03_20245	ko:K01625
ctel:GBC03_20250	ko:K13641
ctel:GBC03_20255	ko:K16322
ctel:GBC03_20285	ko:K07109
ctel:GBC03_20290	ko:K07091
ctel:GBC03_20295	ko:K11720
ctel:GBC03_20300	ko:K00654
ctel:GBC03_20305	ko:K02078
ctel:GBC03_20310	ko:K28561
ctel:GBC03_20315	ko:K00666
ctel:GBC03_20320	ko:K28560
ctel:GBC03_20325	ko:K01619
ctel:GBC03_20330	ko:K00852
ctel:GBC03_20335	ko:K02057
ctel:GBC03_20340	ko:K13953
ctel:GBC03_20365	ko:K00048
ctel:GBC03_20370	ko:K22397
ctel:GBC03_20375	ko:K03534
ctel:GBC03_20380	ko:K16077
ctel:GBC03_20400	ko:K03824
ctel:GBC03_20405	ko:K09982
ctel:GBC03_20415	ko:K07727
ctel:GBC03_20425	ko:K01695
ctel:GBC03_20430	ko:K01696
ctel:GBC03_20440	ko:K19055
ctel:GBC03_20445	ko:K06889
ctel:GBC03_20455	ko:K07665
ctel:GBC03_20460	ko:K07644
ctel:GBC03_20495	ko:K22397
ctel:GBC03_20500	ko:K22396
ctel:GBC03_20505	ko:K03299
ctel:GBC03_20520	ko:K05814
ctel:GBC03_20525	ko:K05815
ctel:GBC03_20530	ko:K03651
ctel:GBC03_20535	ko:K05816
ctel:GBC03_20540	ko:K05813
ctel:GBC03_20615	ko:K07497
ctel:GBC03_20625	ko:K07497
ctel:GBC03_20660	ko:K06221
ctel:GBC03_20675	ko:K14233
ctel:GBC03_20680	ko:K19416
ctel:GBC03_20685	ko:K11179
ctel:GBC03_20690	ko:K01512
ctel:GBC03_20705	ko:K06969
ctel:GBC03_20710	ko:K11940
ctel:GBC03_20715	ko:K06929
ctel:GBC03_20720	ko:K09909
ctel:GBC03_20725	ko:K01734
ctel:GBC03_20730	ko:K03658
ctel:GBC03_20745	ko:K07343
ctel:GBC03_20750	ko:K13053
ctel:GBC03_20755	ko:K03286
ctel:GBC03_20760	ko:K09911
ctel:GBC03_20765	ko:K04770
ctel:GBC03_20770	ko:K01716
ctel:GBC03_20775	ko:K03812
ctel:GBC03_20780	ko:K09857
ctel:GBC03_20785	ko:K06192
ctel:GBC03_20790	ko:K03808
ctel:GBC03_20795	ko:K15738
ctel:GBC03_20800	ko:K12297
ctel:GBC03_20805	ko:K07140
ctel:GBC03_20810	ko:K18657
ctel:GBC03_20815	ko:K00254
ctel:GBC03_20820	ko:K00299
ctel:GBC03_20825	ko:K15553
ctel:GBC03_20830	ko:K04091
ctel:GBC03_20835	ko:K15554
ctel:GBC03_20840	ko:K15555
ctel:GBC03_20845	ko:K01256
ctel:GBC03_20850	ko:K00763
ctel:GBC03_20855	ko:K01893
ctel:GBC03_20860	ko:K09476
ctel:GBC03_20865	ko:K00813
ctel:GBC03_20870	ko:K01069
ctel:GBC03_20880	ko:K21470
ctel:GBC03_20885	ko:K03632
ctel:GBC03_20890	ko:K03804
ctel:GBC03_20895	ko:K03633
ctel:GBC03_20900	ko:K06219
ctel:GBC03_20915	ko:K00979
ctel:GBC03_20920	ko:K09791
ctel:GBC03_20925	ko:K09927
ctel:GBC03_20930	ko:K00912
ctel:GBC03_20935	ko:K11085
ctel:GBC03_20940	ko:K02238
ctel:GBC03_20945	ko:K05788
ctel:GBC03_20950	ko:K02945
ctel:GBC03_20955	ko:K00945
ctel:GBC03_20960	ko:K00800
ctel:GBC03_20965	ko:K00831
ctel:GBC03_20975	ko:K09136
ctel:GBC03_20980	ko:K06212
ctel:GBC03_20985	ko:K00656
ctel:GBC03_20990	ko:K04069
ctel:GBC03_21000	ko:K02822
ctel:GBC03_21005	ko:K03475
ctel:GBC03_21010	ko:K00615
ctel:GBC03_21015	ko:K00615
ctel:GBC03_21020	ko:K02821
ctel:GBC03_21030	ko:K08219
ctel:GBC03_21040	ko:K07308
ctel:GBC03_21045	ko:K07307
ctel:GBC03_21050	ko:K07306
ctel:GBC03_21055	ko:K01875
ctel:GBC03_21060	ko:K07478
ctel:GBC03_21065	ko:K03634
ctel:GBC03_21070	ko:K03466
ctel:GBC03_21075	ko:K03719
ctel:GBC03_21080	ko:K00384
ctel:GBC03_21085	ko:K16013
ctel:GBC03_21090	ko:K16012
ctel:GBC03_21095	ko:K00684
ctel:GBC03_21105	ko:K02518
ctel:GBC03_21115	ko:K06911
ctel:GBC03_21120	ko:K14233
ctel:GBC03_21140	ko:K03694
ctel:GBC03_21145	ko:K06891
ctel:GBC03_21150	ko:K03704
ctel:GBC03_21155	ko:K05685
ctel:GBC03_21160	ko:K13888
ctel:GBC03_21165	ko:K09824
ctel:GBC03_21170	ko:K07459
ctel:GBC03_21175	ko:K06188
ctel:GBC03_21180	ko:K28370
ctel:GBC03_21185	ko:K05601
ctel:GBC03_21190	ko:K11933
ctel:GBC03_21195	ko:K15977
ctel:GBC03_21200	ko:K00156
ctel:GBC03_21205	ko:K01620
ctel:GBC03_21220	ko:K11066
ctel:GBC03_21235	ko:K10000
ctel:GBC03_21240	ko:K09997
ctel:GBC03_21245	ko:K09999
ctel:GBC03_21250	ko:K09998
ctel:GBC03_21255	ko:K09996
ctel:GBC03_21260	ko:K03212
ctel:GBC03_21270	ko:K11074
ctel:GBC03_21275	ko:K11075
ctel:GBC03_21280	ko:K11076
ctel:GBC03_21285	ko:K11073
ctel:GBC03_21295	ko:K05844
ctel:GBC03_21300	ko:K10678
ctel:GBC03_21310	ko:K03674
ctel:GBC03_21320	ko:K07085
ctel:GBC03_21325	ko:K00059
ctel:GBC03_21330	ko:K23778
ctel:GBC03_21340	ko:K20861
ctel:GBC03_21345	ko:K08160
ctel:GBC03_21350	ko:K19302
ctel:GBC03_21355	ko:K11534
ctel:GBC03_21360	ko:K07258
ctel:GBC03_21365	ko:K00799
ctel:GBC03_21375	ko:K21430
ctel:GBC03_21380	ko:K19688
ctel:GBC03_21385	ko:K14441
ctel:GBC03_21390	ko:K03292
ctel:GBC03_21395	ko:K01811
ctel:GBC03_21405	ko:K13891
ctel:GBC03_21410	ko:K13890
ctel:GBC03_21415	ko:K13889
ctel:GBC03_21420	ko:K13892
ctel:GBC03_21425	ko:K13051
ctel:GBC03_21430	ko:K03750
ctel:GBC03_21435	ko:K21029
ctel:GBC03_21440	ko:K08313
ctel:GBC03_21445	ko:K04069
ctel:GBC03_21455	ko:K07757
ctel:GBC03_21460	ko:K12678
ctel:GBC03_21465	ko:K08256
ctel:GBC03_21480	ko:K19236
ctel:GBC03_21490	ko:K18138
ctel:GBC03_21500	ko:K11924
ctel:GBC03_21515	ko:K11934
ctel:GBC03_21520	ko:K11939
ctel:GBC03_21525	ko:K04047
ctel:GBC03_21530	ko:K10036
ctel:GBC03_21535	ko:K10037
ctel:GBC03_21540	ko:K10038
ctel:GBC03_21545	ko:K22044
ctel:GBC03_21550	ko:K06970
ctel:GBC03_21555	ko:K13650
ctel:GBC03_21580	ko:K03722
ctel:GBC03_21585	ko:K03319
ctel:GBC03_21590	ko:K01857
ctel:GBC03_21610	ko:K11927
ctel:GBC03_21615	ko:K23777
ctel:GBC03_21620	ko:K25183
ctel:GBC03_21625	ko:K25182
ctel:GBC03_21630	ko:K25181
ctel:GBC03_21635	ko:K25180
ctel:GBC03_21650	ko:K06131
ctel:GBC03_21655	ko:K07027
ctel:GBC03_21660	ko:K06890
ctel:GBC03_21665	ko:K03635
ctel:GBC03_21670	ko:K03636
ctel:GBC03_21675	ko:K03637
ctel:GBC03_21680	ko:K03638
ctel:GBC03_21685	ko:K03639
ctel:GBC03_21695	ko:K03702
ctel:GBC03_21700	ko:K01935
ctel:GBC03_21705	ko:K02169
ctel:GBC03_21710	ko:K00652
ctel:GBC03_21715	ko:K01012
ctel:GBC03_21720	ko:K00833
ctel:GBC03_21730	ko:K01745
ctel:GBC03_21735	ko:K01712
ctel:GBC03_21740	ko:K05836
ctel:GBC03_21745	ko:K01479
ctel:GBC03_21750	ko:K01468
ctel:GBC03_21755	ko:K01051
ctel:GBC03_21760	ko:K07404
ctel:GBC03_21765	ko:K28853
ctel:GBC03_21770	ko:K02017
ctel:GBC03_21775	ko:K02018
ctel:GBC03_21780	ko:K02020
ctel:GBC03_21785	ko:K25859
ctel:GBC03_21790	ko:K02019
ctel:GBC03_21795	ko:K01847
ctel:GBC03_21800	ko:K07588
ctel:GBC03_21805	ko:K11264
ctel:GBC03_21810	ko:K22214
ctel:GBC03_21820	ko:K05776
ctel:GBC03_21825	ko:K01784
ctel:GBC03_21830	ko:K00965
ctel:GBC03_21835	ko:K00849
ctel:GBC03_21840	ko:K01785
ctel:GBC03_21845	ko:K01834
ctel:GBC03_21850	ko:K02013
ctel:GBC03_21855	ko:K02015
ctel:GBC03_21860	ko:K01626
ctel:GBC03_21870	ko:K16264
ctel:GBC03_21875	ko:K03811
ctel:GBC03_21880	ko:K03517
ctel:GBC03_21890	ko:K14229
ctel:GBC03_21895	ko:K14229
ctel:GBC03_21900	ko:K14229
ctel:GBC03_21905	ko:K14237
ctel:GBC03_21910	ko:K14229
ctel:GBC03_21920	ko:K03640
ctel:GBC03_21925	ko:K03641
ctel:GBC03_21930	ko:K03646
ctel:GBC03_21935	ko:K03560
ctel:GBC03_21940	ko:K03562
ctel:GBC03_21945	ko:K07107
ctel:GBC03_21955	ko:K00424
ctel:GBC03_21960	ko:K00426
ctel:GBC03_21965	ko:K00425
ctel:GBC03_21970	ko:K01846
ctel:GBC03_21980	ko:K19268
ctel:GBC03_21985	ko:K04835
ctel:GBC03_22005	ko:K01425
ctel:GBC03_22010	ko:K01676
ctel:GBC03_22015	ko:K19221
ctel:GBC03_22025	ko:K02303
ctel:GBC03_22035	ko:K21948
ctel:GBC03_22260	ko:K07497
ctel:GBC03_22265	ko:K07724
ctel:GBC03_22285	ko:K22131
ctel:GBC03_22290	ko:K18013
ctel:GBC03_22295	ko:K03453
ctel:GBC03_22300	ko:K11477
ctel:GBC03_22310	ko:K00008
ctel:GBC03_22315	ko:K02784
ctel:GBC03_22330	ko:K00008
ctel:GBC03_22340	ko:K02775
ctel:GBC03_22345	ko:K02774
ctel:GBC03_22350	ko:K20112
ctel:GBC03_22355	ko:K01902
ctel:GBC03_22360	ko:K01903
ctel:GBC03_22365	ko:K00658
ctel:GBC03_22370	ko:K00164
ctel:GBC03_22375	ko:K00240
ctel:GBC03_22380	ko:K00239
ctel:GBC03_22385	ko:K00242
ctel:GBC03_22390	ko:K00241
ctel:GBC03_22395	ko:K01647
ctel:GBC03_22400	ko:K07120
ctel:GBC03_22405	ko:K05522
ctel:GBC03_22410	ko:K01304
ctel:GBC03_22425	ko:K07160
ctel:GBC03_22430	ko:K23124
ctel:GBC03_22435	ko:K23123
ctel:GBC03_22445	ko:K01669
ctel:GBC03_22460	ko:K01545
ctel:GBC03_22465	ko:K01546
ctel:GBC03_22470	ko:K01547
ctel:GBC03_22475	ko:K01548
ctel:GBC03_22480	ko:K07646
ctel:GBC03_22485	ko:K07667
ctel:GBC03_22495	ko:K01581
ctel:GBC03_22500	ko:K03756
ctel:GBC03_22510	ko:K01835
ctel:GBC03_22515	ko:K03645
ctel:GBC03_22520	ko:K01175
ctel:GBC03_22530	ko:K03839
ctel:GBC03_22535	ko:K03711
ctel:GBC03_22540	ko:K13794
ctel:GBC03_22545	ko:K13796
ctel:GBC03_22550	ko:K13795
ctel:GBC03_22555	ko:K03288
ctel:GBC03_22570	ko:K01886
ctel:GBC03_22575	ko:K02804
ctel:GBC03_22580	ko:K02564
ctel:GBC03_22585	ko:K01443
ctel:GBC03_22590	ko:K02565
ctel:GBC03_22595	ko:K02566
ctel:GBC03_22605	ko:K01953
ctel:GBC03_22615	ko:K14230
ctel:GBC03_22620	ko:K14228
ctel:GBC03_22625	ko:K14223
ctel:GBC03_22630	ko:K14223
ctel:GBC03_22635	ko:K14230
ctel:GBC03_22640	ko:K14223
ctel:GBC03_22645	ko:K14223
ctel:GBC03_22650	ko:K03184
ctel:GBC03_22655	ko:K06168
ctel:GBC03_22660	ko:K06217
ctel:GBC03_22665	ko:K07042
ctel:GBC03_22670	ko:K06189
ctel:GBC03_22675	ko:K03820
ctel:GBC03_22680	ko:K10001
ctel:GBC03_22685	ko:K10003
ctel:GBC03_22690	ko:K10002
ctel:GBC03_22695	ko:K10004
ctel:GBC03_22700	ko:K01250
ctel:GBC03_22710	ko:K01869
ctel:GBC03_22715	ko:K03643
ctel:GBC03_22720	ko:K02340
ctel:GBC03_22725	ko:K00969
ctel:GBC03_22730	ko:K04720
ctel:GBC03_22735	ko:K02226
ctel:GBC03_22740	ko:K09710
ctel:GBC03_22745	ko:K00783
ctel:GBC03_22750	ko:K05515
ctel:GBC03_22755	ko:K05837
ctel:GBC03_22760	ko:K03642
ctel:GBC03_22765	ko:K07258
ctel:GBC03_22770	ko:K09158
ctel:GBC03_22775	ko:K03801
ctel:GBC03_22785	ko:K03644
ctel:GBC03_22790	ko:K03425
ctel:GBC03_22795	ko:K11206
ctel:GBC03_22800	ko:K06199
ctel:GBC03_22805	ko:K03704
ctel:GBC03_22810	ko:K12973
ctel:GBC03_22815	ko:K03326
ctel:GBC03_22820	ko:K07702
ctel:GBC03_22825	ko:K07700
ctel:GBC03_22830	ko:K01910
ctel:GBC03_22835	ko:K01646
ctel:GBC03_22840	ko:K01644
ctel:GBC03_22845	ko:K01643
ctel:GBC03_22850	ko:K05964
ctel:GBC03_22855	ko:K05966
ctel:GBC03_22860	ko:K09477
ctel:GBC03_22865	ko:K01169
ctel:GBC03_22875	ko:K00433
ctel:GBC03_22880	ko:K06140
ctel:GBC03_22885	ko:K11932
ctel:GBC03_22905	ko:K23349
ctel:GBC03_22910	ko:K03387
ctel:GBC03_22915	ko:K24119
ctel:GBC03_22920	ko:K03805
ctel:GBC03_22940	ko:K06200
ctel:GBC03_22945	ko:K24147
ctel:GBC03_22950	ko:K00216
ctel:GBC03_22955	ko:K01252
ctel:GBC03_22960	ko:K02363
ctel:GBC03_22965	ko:K02361
ctel:GBC03_22970	ko:K23185
ctel:GBC03_22975	ko:K08225
ctel:GBC03_22980	ko:K23186
ctel:GBC03_22985	ko:K23187
ctel:GBC03_22990	ko:K23188
ctel:GBC03_23000	ko:K02364
ctel:GBC03_23010	ko:K07214
ctel:GBC03_23015	ko:K19611
ctel:GBC03_23020	ko:K02362
ctel:GBC03_23025	ko:K00615
ctel:GBC03_23030	ko:K00615
ctel:GBC03_23040	ko:K00864
ctel:GBC03_23045	ko:K17202
ctel:GBC03_23055	ko:K17204
ctel:GBC03_23060	ko:K17203
ctel:GBC03_23065	ko:K03366
ctel:GBC03_23075	ko:K18922
ctel:GBC03_23085	ko:K02168
ctel:GBC03_23090	ko:K02167
ctel:GBC03_23095	ko:K00130
ctel:GBC03_23100	ko:K00108
ctel:GBC03_23110	ko:K06048
ctel:GBC03_23145	ko:K10679
ctel:GBC03_23150	ko:K16053
ctel:GBC03_23155	ko:K05499
ctel:GBC03_23175	ko:K11732
ctel:GBC03_23180	ko:K02014
ctel:GBC03_23210	ko:K21087
ctel:GBC03_23220	ko:K07787
ctel:GBC03_23225	ko:K07798
ctel:GBC03_23230	ko:K07810
ctel:GBC03_23235	ko:K07796
ctel:GBC03_23240	ko:K07665
ctel:GBC03_23245	ko:K07644
ctel:GBC03_23280	ko:K07345
ctel:GBC03_23285	ko:K07347
ctel:GBC03_23305	ko:K14219
ctel:GBC03_23310	ko:K01491
ctel:GBC03_23315	ko:K14761
ctel:GBC03_23320	ko:K20118
ctel:GBC03_23325	ko:K16136
ctel:GBC03_23330	ko:K07038
ctel:GBC03_23335	ko:K01883
ctel:GBC03_23340	ko:K03768
ctel:GBC03_23345	ko:K03269
ctel:GBC03_23360	ko:K01588
ctel:GBC03_23365	ko:K01589
ctel:GBC03_23370	ko:K06917
ctel:GBC03_23380	ko:K07497
ctel:GBC03_23390	ko:K02004
ctel:GBC03_23395	ko:K02003
ctel:GBC03_23400	ko:K10804
ctel:GBC03_23410	ko:K05838
ctel:GBC03_23415	ko:K02069
ctel:GBC03_23420	ko:K02068
ctel:GBC03_23430	ko:K07340
ctel:GBC03_23445	ko:K19591
ctel:GBC03_23450	ko:K08173
ctel:GBC03_23455	ko:K02529
ctel:GBC03_23465	ko:K07507
ctel:GBC03_23470	ko:K17686
ctel:GBC03_23475	ko:K09973
ctel:GBC03_23480	ko:K03976
ctel:GBC03_23485	ko:K11751
ctel:GBC03_23490	ko:K08223
ctel:GBC03_23495	ko:K26735
ctel:GBC03_23500	ko:K00892
ctel:GBC03_23505	ko:K01066
ctel:GBC03_23510	ko:K01772
ctel:GBC03_23520	ko:K00939
ctel:GBC03_23530	ko:K04079
ctel:GBC03_23535	ko:K06187
ctel:GBC03_23540	ko:K09747
ctel:GBC03_23545	ko:K02343
ctel:GBC03_23550	ko:K00759
ctel:GBC03_23555	ko:K09790
ctel:GBC03_23560	ko:K04067
ctel:GBC03_23570	ko:K05802
ctel:GBC03_23580	ko:K03585
ctel:GBC03_23585	ko:K18138
ctel:GBC03_23590	ko:K19162
ctel:GBC03_23595	ko:K05839
ctel:GBC03_23600	ko:K00661
ctel:GBC03_23610	ko:K02919
ctel:GBC03_23615	ko:K26148
ctel:GBC03_23645	ko:K01983
ctel:GBC03_23650	ko:K07443
ctel:GBC03_23655	ko:K09914
ctel:GBC03_23660	ko:K10805
ctel:GBC03_23665	ko:K03320
ctel:GBC03_23670	ko:K04752
ctel:GBC03_23675	ko:K18890
ctel:GBC03_23680	ko:K18889
ctel:GBC03_23685	ko:K05800
ctel:GBC03_23690	ko:K28981
ctel:GBC03_23695	ko:K11938
ctel:GBC03_23705	ko:K06920
ctel:GBC03_23710	ko:K12500
ctel:GBC03_23715	ko:K02237
ctel:GBC03_23720	ko:K03770
ctel:GBC03_23725	ko:K03530
ctel:GBC03_23730	ko:K01338
ctel:GBC03_23735	ko:K03544
ctel:GBC03_23740	ko:K01358
ctel:GBC03_23745	ko:K03545
ctel:GBC03_23750	ko:K05527
ctel:GBC03_23755	ko:K07286
ctel:GBC03_23760	ko:K08218
ctel:GBC03_23765	ko:K02297
ctel:GBC03_23770	ko:K02298
ctel:GBC03_23775	ko:K02299
ctel:GBC03_23780	ko:K02300
ctel:GBC03_23785	ko:K02257
ctel:GBC03_23795	ko:K09767
ctel:GBC03_23800	ko:K00077
ctel:GBC03_23805	ko:K03152
ctel:GBC03_23835	ko:K03151
ctel:GBC03_23840	ko:K03602
ctel:GBC03_23845	ko:K00795
ctel:GBC03_23850	ko:K01662
ctel:GBC03_23855	ko:K23107
ctel:GBC03_23860	ko:K01095
ctel:GBC03_23865	ko:K00946
ctel:GBC03_23870	ko:K03625
ctel:GBC03_23875	ko:K00794
ctel:GBC03_23880	ko:K11752
ctel:GBC03_23885	ko:K07738
ctel:GBC03_23895	ko:K05517
ctel:GBC03_23905	ko:K06996
ctel:GBC03_23910	ko:K03074
ctel:GBC03_23915	ko:K03072
ctel:GBC03_23920	ko:K03210
ctel:GBC03_23925	ko:K00773
ctel:GBC03_23930	ko:K07568
ctel:GBC03_23935	ko:K08682
ctel:GBC03_23940	ko:K03386
ctel:GBC03_23945	ko:K02821
ctel:GBC03_23950	ko:K02822
ctel:GBC03_23955	ko:K03475
ctel:GBC03_23965	ko:K01624
ctel:GBC03_23985	ko:K09932
ctel:GBC03_24000	ko:K01187
ctel:GBC03_24005	ko:K11736
ctel:GBC03_24010	ko:K03311
ctel:GBC03_24015	ko:K07636
ctel:GBC03_24020	ko:K07657
ctel:GBC03_24025	ko:K03547
ctel:GBC03_24030	ko:K03546
ctel:GBC03_24035	ko:K00847
ctel:GBC03_24040	ko:K03554
ctel:GBC03_24045	ko:K09913
ctel:GBC03_24050	ko:K14591
ctel:GBC03_24060	ko:K00891
ctel:GBC03_24065	ko:K09768
ctel:GBC03_24070	ko:K00286
ctel:GBC03_24075	ko:K18968
ctel:GBC03_24085	ko:K01077
ctel:GBC03_24095	ko:K08161
ctel:GBC03_24105	ko:K01921
ctel:GBC03_24125	ko:K17938
ctel:GBC03_24135	ko:K18988
ctel:GBC03_24150	ko:K01698
ctel:GBC03_24160	ko:K03119
ctel:GBC03_24165	ko:K15552
ctel:GBC03_24170	ko:K10831
ctel:GBC03_24175	ko:K15551
ctel:GBC03_24190	ko:K20264
ctel:GBC03_24195	ko:K20263
ctel:GBC03_24200	ko:K07783
ctel:GBC03_24205	ko:K02012
ctel:GBC03_24210	ko:K02011
ctel:GBC03_24215	ko:K02010
ctel:GBC03_24250	ko:K27069
ctel:GBC03_24255	ko:K01190
ctel:GBC03_24260	ko:K02532
ctel:GBC03_24265	ko:K00633
ctel:GBC03_24270	ko:K01908
ctel:GBC03_24275	ko:K01720
ctel:GBC03_24280	ko:K01659
ctel:GBC03_24285	ko:K03417
ctel:GBC03_24290	ko:K02688
ctel:GBC03_24300	ko:K12678
ctel:GBC03_24305	ko:K03329
ctel:GBC03_24315	ko:K12678
ctel:GBC03_24320	ko:K03305
ctel:GBC03_24340	ko:K16326
ctel:GBC03_24355	ko:K13979
ctel:GBC03_24360	ko:K02760
ctel:GBC03_24370	ko:K01198
ctel:GBC03_24375	ko:K03292
ctel:GBC03_24395	ko:K18581
ctel:GBC03_24405	ko:K02794
ctel:GBC03_24410	ko:K02796
ctel:GBC03_24415	ko:K02795
ctel:GBC03_24425	ko:K03710
ctel:GBC03_24435	ko:K18837
ctel:GBC03_24440	ko:K18838
ctel:GBC03_24450	ko:K03630
ctel:GBC03_24475	ko:K06946
ctel:GBC03_24490	ko:K07733
ctel:GBC03_24515	ko:K11811
ctel:GBC03_24520	ko:K03088
ctel:GBC03_24530	ko:K01551
ctel:GBC03_24535	ko:K02019
ctel:GBC03_24540	ko:K07090
ctel:GBC03_24545	ko:K00537
ctel:GBC03_24550	ko:K03893
ctel:GBC03_24555	ko:K01551
ctel:GBC03_24565	ko:K03892
ctel:GBC03_24585	ko:K14234
ctel:GBC03_24590	ko:K00147
ctel:GBC03_24595	ko:K00931
ctel:GBC03_24600	ko:K11929
ctel:GBC03_24605	ko:K11926
ctel:GBC03_24610	ko:K11750
ctel:GBC03_24615	ko:K00769
ctel:GBC03_24620	ko:K01270
ctel:GBC03_24625	ko:K02839
ctel:GBC03_24630	ko:K18148
ctel:GBC03_24635	ko:K03830
ctel:GBC03_24640	ko:K02346
ctel:GBC03_24645	ko:K28919
ctel:GBC03_24655	ko:K03271
ctel:GBC03_24660	ko:K06445
ctel:GBC03_24665	ko:K13566
ctel:GBC03_24675	ko:K13928
ctel:GBC03_24680	ko:K05966
ctel:GBC03_24685	ko:K20509
ctel:GBC03_24690	ko:K13929
ctel:GBC03_24695	ko:K20510
ctel:GBC03_24700	ko:K20511
ctel:GBC03_24705	ko:K20415
ctel:GBC03_24715	ko:K01426
ctel:GBC03_24735	ko:K13934
ctel:GBC03_24740	ko:K14221
ctel:GBC03_24745	ko:K02342
ctel:GBC03_24750	ko:K03469
ctel:GBC03_24760	ko:K01069
ctel:GBC03_24765	ko:K08307
ctel:GBC03_24780	ko:K19577
ctel:GBC03_24790	ko:K06222
ctel:GBC03_24795	ko:K14221
ctel:GBC03_24800	ko:K01985
ctel:GBC03_24805	ko:K01980
ctel:GBC03_24810	ko:K14224
ctel:GBC03_24815	ko:K01977
ctel:GBC03_24820	ko:K03273
ctel:GBC03_24825	ko:K02071
ctel:GBC03_24830	ko:K02072
ctel:GBC03_24835	ko:K02073
ctel:GBC03_24840	ko:K06080
ctel:GBC03_24845	ko:K22900
ctel:GBC03_24850	ko:K01881
ctel:GBC03_24860	ko:K06079
ctel:GBC03_24865	ko:K15034
ctel:GBC03_24880	ko:K19000
ctel:GBC03_24885	ko:K04075
ctel:GBC03_24890	ko:K08234
ctel:GBC03_24895	ko:K01582
ctel:GBC03_24900	ko:K01962
ctel:GBC03_24905	ko:K02337
ctel:GBC03_24910	ko:K03470
ctel:GBC03_24915	ko:K00748
ctel:GBC03_24920	ko:K00677
ctel:GBC03_24925	ko:K02372
ctel:GBC03_24930	ko:K02536
ctel:GBC03_24935	ko:K06142
ctel:GBC03_24940	ko:K07277
ctel:GBC03_24945	ko:K11749
ctel:GBC03_24950	ko:K00981
ctel:GBC03_24955	ko:K00806
ctel:GBC03_24960	ko:K00099
ctel:GBC03_24965	ko:K02838
ctel:GBC03_24970	ko:K09903
ctel:GBC03_24975	ko:K02357
ctel:GBC03_24980	ko:K02967
ctel:GBC03_24985	ko:K01265
ctel:GBC03_24990	ko:K00990
ctel:GBC03_24995	ko:K00674
ctel:GBC03_25005	ko:K02647
ctel:GBC03_25010	ko:K04771
ctel:GBC03_25015	ko:K01129
ctel:GBC03_25020	ko:K01243
ctel:GBC03_25025	ko:K06858
ctel:GBC03_25035	ko:K15724
ctel:GBC03_25040	ko:K03281
ctel:GBC03_25045	ko:K01845
ctel:GBC03_25050	ko:K23228
ctel:GBC03_25055	ko:K23227
ctel:GBC03_25060	ko:K10829
ctel:GBC03_25065	ko:K02014
ctel:GBC03_25070	ko:K05365
ctel:GBC03_25075	ko:K03579
ctel:GBC03_25080	ko:K01975
ctel:GBC03_25085	ko:K06206
ctel:GBC03_25090	ko:K06204
ctel:GBC03_25095	ko:K01894
ctel:GBC03_25100	ko:K00970
ctel:GBC03_25105	ko:K00950
ctel:GBC03_25110	ko:K00606
ctel:GBC03_25115	ko:K01918
ctel:GBC03_25120	ko:K01579
ctel:GBC03_25135	ko:K01992
ctel:GBC03_25140	ko:K01990
ctel:GBC03_25145	ko:K01673
ctel:GBC03_25150	ko:K00760
ctel:GBC03_25155	ko:K00117
ctel:GBC03_25170	ko:K14588
ctel:GBC03_25180	ko:K00797
ctel:GBC03_25185	ko:K01611
ctel:GBC03_25215	ko:K22024
ctel:GBC03_25220	ko:K22129
ctel:GBC03_25225	ko:K02526
ctel:GBC03_25230	ko:K09910
ctel:GBC03_25235	ko:K01682
ctel:GBC03_25250	ko:K00382
ctel:GBC03_25255	ko:K00627
ctel:GBC03_25260	ko:K00163
ctel:GBC03_25265	ko:K05799
ctel:GBC03_25275	ko:K11734
ctel:GBC03_25280	ko:K03292
ctel:GBC03_25290	ko:K03807
ctel:GBC03_25295	ko:K03806
ctel:GBC03_25300	ko:K00767
ctel:GBC03_25305	ko:K02682
ctel:GBC03_25310	ko:K02504
ctel:GBC03_25315	ko:K02505
ctel:GBC03_25320	ko:K00364
ctel:GBC03_25325	ko:K00859
ctel:GBC03_25330	ko:K18778
ctel:GBC03_25335	ko:K09862
ctel:GBC03_25340	ko:K03574
ctel:GBC03_25345	ko:K03070
ctel:GBC03_25350	ko:K13301
ctel:GBC03_25355	ko:K02535
ctel:GBC03_25360	ko:K03531
ctel:GBC03_25365	ko:K03590
ctel:GBC03_25370	ko:K03589
ctel:GBC03_25375	ko:K01921
ctel:GBC03_25380	ko:K01924
ctel:GBC03_25385	ko:K02563
ctel:GBC03_25390	ko:K03588
ctel:GBC03_25395	ko:K01925
ctel:GBC03_25400	ko:K01000
ctel:GBC03_25405	ko:K01929
ctel:GBC03_25410	ko:K01928
ctel:GBC03_25415	ko:K03587
ctel:GBC03_25420	ko:K03586
ctel:GBC03_25425	ko:K03438
ctel:GBC03_25430	ko:K03925
ctel:GBC03_25440	ko:K03435
ctel:GBC03_25445	ko:K01653
ctel:GBC03_25450	ko:K01652
ctel:GBC03_25455	ko:K05798
ctel:GBC03_25460	ko:K05806
ctel:GBC03_25465	ko:K01649
ctel:GBC03_25470	ko:K00052
ctel:GBC03_25475	ko:K01703
ctel:GBC03_25480	ko:K01704
ctel:GBC03_25485	ko:K03291
ctel:GBC03_25495	ko:K11925
ctel:GBC03_25500	ko:K02064
ctel:GBC03_25505	ko:K02063
ctel:GBC03_25510	ko:K02062
ctel:GBC03_25520	ko:K02099
ctel:GBC03_25525	ko:K00853
ctel:GBC03_25530	ko:K01804
ctel:GBC03_25535	ko:K03077
ctel:GBC03_25545	ko:K02336
ctel:GBC03_25550	ko:K03580
ctel:GBC03_25555	ko:K06177
ctel:GBC03_25560	ko:K05801
ctel:GBC03_25565	ko:K04744
ctel:GBC03_25570	ko:K03771
ctel:GBC03_25575	ko:K00097
ctel:GBC03_25580	ko:K02528
ctel:GBC03_25585	ko:K06195
ctel:GBC03_25590	ko:K01525
ctel:GBC03_25595	ko:K00287
ctel:GBC03_25600	ko:K11745
ctel:GBC03_25605	ko:K11746
ctel:GBC03_25615	ko:K08368
ctel:GBC03_25620	ko:K03855
ctel:GBC03_25625	ko:K00313
ctel:GBC03_25630	ko:K03522
ctel:GBC03_25635	ko:K03521
ctel:GBC03_25640	ko:K05245
ctel:GBC03_25645	ko:K08297
ctel:GBC03_25650	ko:K08298
ctel:GBC03_25655	ko:K02182
ctel:GBC03_25660	ko:K08299
ctel:GBC03_25665	ko:K08279
ctel:GBC03_25670	ko:K08277
ctel:GBC03_25675	ko:K01955
ctel:GBC03_25680	ko:K01956
ctel:GBC03_25685	ko:K00215
ctel:GBC03_25690	ko:K02529
ctel:GBC03_25700	ko:K02793
ctel:GBC03_25710	ko:K02795
ctel:GBC03_25720	ko:K06859
ctel:GBC03_25725	ko:K06859
ctel:GBC03_25730	ko:K12700
ctel:GBC03_25735	ko:K03527
ctel:GBC03_25740	ko:K03774
ctel:GBC03_25745	ko:K03101
ctel:GBC03_25750	ko:K01870
ctel:GBC03_25755	ko:K11753
ctel:GBC03_25765	ko:K02968
ctel:GBC03_25770	ko:K03717
ctel:GBC03_25775	ko:K03313
ctel:GBC03_25780	ko:K03686
ctel:GBC03_25785	ko:K04043
ctel:GBC03_25800	ko:K07034
ctel:GBC03_25805	ko:K03762
ctel:GBC03_25810	ko:K03831
ctel:GBC03_25815	ko:K00616
ctel:GBC03_25820	ko:K03310
ctel:GBC03_25825	ko:K09861
ctel:GBC03_25835	ko:K01733
ctel:GBC03_25840	ko:K00872
ctel:GBC03_25845	ko:K12524
ctel:GBC03_25850	ko:K08278
ctel:GBC03_25855	ko:K02533
ctel:GBC03_25865	ko:K07773
ctel:GBC03_25870	ko:K06143
ctel:GBC03_25875	ko:K07641
ctel:GBC03_25880	ko:K07663
ctel:GBC03_25885	ko:K05805
ctel:GBC03_25890	ko:K05804
ctel:GBC03_25895	ko:K15634
ctel:GBC03_25900	ko:K01529
ctel:GBC03_25905	ko:K03720
ctel:GBC03_25910	ko:K08309
ctel:GBC03_25915	ko:K06020
ctel:GBC03_25920	ko:K09807
ctel:GBC03_25925	ko:K06895
ctel:GBC03_25930	ko:K03442
ctel:GBC03_25935	ko:K10972
ctel:GBC03_25940	ko:K28795
ctel:GBC03_25945	ko:K28794
ctel:GBC03_25950	ko:K02381
ctel:GBC03_25960	ko:K00926
ctel:GBC03_25965	ko:K01624
ctel:GBC03_25970	ko:K00927
ctel:GBC03_25975	ko:K03472
ctel:GBC03_25980	ko:K06934
ctel:GBC03_25985	ko:K16923
ctel:GBC03_25990	ko:K16785
ctel:GBC03_25995	ko:K16786
ctel:GBC03_26000	ko:K16787
ctel:GBC03_26005	ko:K02173
ctel:GBC03_26010	ko:K01774
ctel:GBC03_26015	ko:K02446
ctel:GBC03_26020	ko:K19956
ctel:GBC03_26025	ko:K02800
ctel:GBC03_26030	ko:K02798
ctel:GBC03_26035	ko:K00615
ctel:GBC03_26040	ko:K07387
ctel:GBC03_26045	ko:K01480
ctel:GBC03_26050	ko:K01585
ctel:GBC03_26060	ko:K00789
ctel:GBC03_26065	ko:K08137
ctel:GBC03_26070	ko:K02742
ctel:GBC03_26075	ko:K01150
ctel:GBC03_26080	ko:K09761
ctel:GBC03_26085	ko:K01920
ctel:GBC03_26090	ko:K07735
ctel:GBC03_26095	ko:K07447
ctel:GBC03_26100	ko:K02669
ctel:GBC03_26105	ko:K06997
ctel:GBC03_26110	ko:K02221
ctel:GBC03_26115	ko:K09131
ctel:GBC03_26120	ko:K01519
ctel:GBC03_26130	ko:K01424
ctel:GBC03_26140	ko:K09923
ctel:GBC03_26145	ko:K03439
ctel:GBC03_26150	ko:K03575
ctel:GBC03_26160	ko:K08306
ctel:GBC03_26165	ko:K03289
ctel:GBC03_26170	ko:K01581
ctel:GBC03_26175	ko:K07150
ctel:GBC03_26180	ko:K14231
ctel:GBC03_26220	ko:K07497
ctel:GBC03_26295	ko:K23349
ctel:GBC03_26310	ko:K08358
ctel:GBC03_26315	ko:K03892
ctel:GBC03_26325	ko:K01551
ctel:GBC03_26330	ko:K03893
ctel:GBC03_26335	ko:K00537
ctel:GBC03_26340	ko:K03741
ctel:GBC03_26355	ko:K01551
ctel:GBC03_26365	ko:K03088
ctel:GBC03_26370	ko:K11811
ctel:GBC03_26405	ko:K07451
ctel:GBC03_26420	ko:K07644
ctel:GBC03_26425	ko:K07665
ctel:GBC03_26430	ko:K07796
ctel:GBC03_26435	ko:K07810
ctel:GBC03_26440	ko:K07798
ctel:GBC03_26445	ko:K07787
ctel:GBC03_26455	ko:K23254
ctel:GBC03_26480	ko:K07233
ctel:GBC03_26485	ko:K07156
ctel:GBC03_26490	ko:K07245
ctel:GBC03_26495	ko:K07665
ctel:GBC03_26500	ko:K07644
ctel:GBC03_26510	ko:K07483
ctel:GBC03_26515	ko:K07484
ctel:GBC03_26520	ko:K07484
ctel:GBC03_26525	ko:K07746
ctel:GBC03_26645	ko:K12071
ctel:GBC03_26650	ko:K07448
ctel:GBC03_26760	ko:K03111
ctel:GBC03_26775	ko:K03169
ctel:GBC03_26815	ko:K02314
ctel:GBC03_26820	ko:K12055
ctel:GBC03_26830	ko:K00375
ctel:GBC03_26840	ko:K01460
ctel:GBC03_26845	ko:K11209
ctel:GBC03_26850	ko:K02020
ctel:GBC03_26855	ko:K02016
ctel:GBC03_26860	ko:K04653
ctel:GBC03_26865	ko:K04651
ctel:GBC03_26875	ko:K03605
ctel:GBC03_26880	ko:K06281
ctel:GBC03_26895	ko:K06282
ctel:GBC03_26910	ko:K03406
ctel:GBC03_26920	ko:K19265
ctel:GBC03_26945	ko:K03559
ctel:GBC03_26950	ko:K03561
ctel:GBC03_26955	ko:K01760
ctel:GBC03_26975	ko:K06221
ctel:GBC03_26990	ko:K04753
ctel:GBC03_26995	ko:K00655
ctel:GBC03_27000	ko:K02621
ctel:GBC03_27010	ko:K07666
ctel:GBC03_27015	ko:K07645
ctel:GBC03_27020	ko:K03923
ctel:GBC03_27030	ko:K05825
ctel:GBC03_27035	ko:K18581
ctel:GBC03_27040	ko:K02532
ctel:GBC03_27055	ko:K02622
ctel:GBC03_27060	ko:K07000
ctel:GBC03_27065	ko:K03651
ctel:GBC03_27070	ko:K09920
ctel:GBC03_27075	ko:K01515
ctel:GBC03_27080	ko:K12340
ctel:GBC03_27095	ko:K15777
ctel:GBC03_27100	ko:K07238
ctel:GBC03_27105	ko:K02858
ctel:GBC03_27110	ko:K09806
ctel:GBC03_27115	ko:K22720
ctel:GBC03_27120	ko:K03272
ctel:GBC03_27125	ko:K00982
ctel:GBC03_27130	ko:K18446
ctel:GBC03_27135	ko:K07184
ctel:GBC03_27140	ko:K00974
ctel:GBC03_27145	ko:K06153
ctel:GBC03_27150	ko:K01633
ctel:GBC03_27155	ko:K08591
ctel:GBC03_27160	ko:K21742
ctel:GBC03_27165	ko:K03779
ctel:GBC03_27170	ko:K03780
ctel:GBC03_27175	ko:K11106
ctel:GBC03_27180	ko:K03190
ctel:GBC03_27185	ko:K01430
ctel:GBC03_27190	ko:K01429
ctel:GBC03_27195	ko:K01428
ctel:GBC03_27200	ko:K03187
ctel:GBC03_27205	ko:K03188
ctel:GBC03_27210	ko:K03189
ctel:GBC03_27215	ko:K25706
ctel:GBC03_27220	ko:K02970
ctel:GBC03_27225	ko:K02316
ctel:GBC03_27230	ko:K03086
ctel:GBC03_27235	ko:K03649
ctel:GBC03_27240	ko:K14230
ctel:GBC03_27260	ko:K18837
ctel:GBC03_27265	ko:K18838
ctel:GBC03_27275	ko:K03630
ctel:GBC03_27320	ko:K06946
ctel:GBC03_27325	ko:K07483
ctel:GBC03_27355	ko:K07481
ctel:GBC03_27360	ko:K19778
ctel:GBC03_27365	ko:K02440
ctel:GBC03_27375	ko:K06122
ctel:GBC03_27380	ko:K06121
ctel:GBC03_27385	ko:K06120
ctel:GBC03_27395	ko:K00086
ctel:GBC03_27405	ko:K00798
ctel:GBC03_27410	ko:K05880
ctel:GBC03_27415	ko:K00005
ctel:GBC03_27435	ko:K02010
ctel:GBC03_27440	ko:K02011
ctel:GBC03_27445	ko:K02012
ctel:GBC03_27455	ko:K07481
ctel:GBC03_27465	ko:K05878
ctel:GBC03_27470	ko:K05879
ctel:GBC03_27475	ko:K05881
ctel:GBC03_27480	ko:K28825
ctel:GBC03_27505	ko:K03101
ctel:GBC03_27525	ko:K01156
ctel:GBC03_27540	ko:K07733
ctel:GBC03_27550	ko:K07497
ctel:GBC03_27565	ko:K07229
ctel:GBC03_27575	ko:K05875
ctel:GBC03_27580	ko:K03776
ctel:GBC03_27585	ko:K09251
ctel:GBC03_27590	ko:K00219
ctel:GBC03_27595	ko:K11391
ctel:GBC03_27600	ko:K07043
ctel:GBC03_27615	ko:K07862
ctel:GBC03_27625	ko:K01685
ctel:GBC03_27630	ko:K01812
ctel:GBC03_27635	ko:K08191
ctel:GBC03_27640	ko:K19775
ctel:GBC03_27650	ko:K25864
ctel:GBC03_27675	ko:K15977
ctel:GBC03_27680	ko:K07393
ctel:GBC03_27700	ko:K26607
ctel:GBC03_27705	ko:K26604
ctel:GBC03_27710	ko:K01752
ctel:GBC03_27715	ko:K00656
ctel:GBC03_27720	ko:K00932
ctel:GBC03_27725	ko:K03838
ctel:GBC03_27730	ko:K01754
ctel:GBC03_27735	ko:K07592
ctel:GBC03_27740	ko:K01978
ctel:GBC03_27745	ko:K00865
ctel:GBC03_27750	ko:K00042
ctel:GBC03_27755	ko:K01630
ctel:GBC03_27760	ko:K12299
ctel:GBC03_27765	ko:K01708
ctel:GBC03_27770	ko:K21621
ctel:GBC03_27780	ko:K08302
ctel:GBC03_27800	ko:K02770
ctel:GBC03_27805	ko:K02784
ctel:GBC03_27810	ko:K02027
ctel:GBC03_27815	ko:K02025
ctel:GBC03_27820	ko:K02026
ctel:GBC03_27825	ko:K10112
ctel:GBC03_27835	ko:K28207
ctel:GBC03_27840	ko:K02081
ctel:GBC03_27845	ko:K02081
ctel:GBC03_27850	ko:K16371
ctel:GBC03_27855	ko:K02745
ctel:GBC03_27860	ko:K02746
ctel:GBC03_27865	ko:K02747
ctel:GBC03_27870	ko:K02744
ctel:GBC03_27875	ko:K02079
ctel:GBC03_27880	ko:K02082
ctel:GBC03_27885	ko:K08302
ctel:GBC03_27890	ko:K10984
ctel:GBC03_27895	ko:K10985
ctel:GBC03_27900	ko:K10986
ctel:GBC03_27905	ko:K02080
ctel:GBC03_27910	ko:K07056
ctel:GBC03_27915	ko:K07121
ctel:GBC03_27920	ko:K07460
ctel:GBC03_27925	ko:K12961
ctel:GBC03_27930	ko:K28369
ctel:GBC03_27935	ko:K07089
ctel:GBC03_27945	ko:K09979
ctel:GBC03_27950	ko:K07461
ctel:GBC03_27955	ko:K03824
ctel:GBC03_27960	ko:K24843
ctel:GBC03_27965	ko:K24844
ctel:GBC03_27970	ko:K24845
ctel:GBC03_27980	ko:K03835
ctel:GBC03_27985	ko:K05592
ctel:GBC03_27995	ko:K05803
ctel:GBC03_28000	ko:K00962
ctel:GBC03_28005	ko:K02956
ctel:GBC03_28010	ko:K03177
ctel:GBC03_28015	ko:K02834
ctel:GBC03_28020	ko:K02519
ctel:GBC03_28025	ko:K02600
ctel:GBC03_28030	ko:K09748
ctel:GBC03_28035	ko:K14230
ctel:GBC03_28040	ko:K01940
ctel:GBC03_28045	ko:K22110
ctel:GBC03_28055	ko:K11103
ctel:GBC03_28060	ko:K10221
ctel:GBC03_28065	ko:K16515
ctel:GBC03_28070	ko:K16514
ctel:GBC03_28075	ko:K19338
ctel:GBC03_28080	ko:K02525
ctel:GBC03_28085	ko:K18983
ctel:GBC03_28095	ko:K14228
ctel:GBC03_28100	ko:K03075
ctel:GBC03_28105	ko:K03431
ctel:GBC03_28110	ko:K00796
ctel:GBC03_28115	ko:K03798
ctel:GBC03_28120	ko:K02427
ctel:GBC03_28125	ko:K07574
ctel:GBC03_28130	ko:K03624
ctel:GBC03_28135	ko:K07259
ctel:GBC03_28140	ko:K03979
ctel:GBC03_28150	ko:K02899
ctel:GBC03_28155	ko:K02888
ctel:GBC03_28160	ko:K02523
ctel:GBC03_28165	ko:K07724
ctel:GBC03_28170	ko:K00790
ctel:GBC03_28180	ko:K07122
ctel:GBC03_28185	ko:K07323
ctel:GBC03_28190	ko:K02067
ctel:GBC03_28195	ko:K02066
ctel:GBC03_28200	ko:K02065
ctel:GBC03_28205	ko:K07301
ctel:GBC03_28210	ko:K06041
ctel:GBC03_28215	ko:K03270
ctel:GBC03_28220	ko:K11719
ctel:GBC03_28225	ko:K09774
ctel:GBC03_28230	ko:K06861
ctel:GBC03_28235	ko:K03092
ctel:GBC03_28240	ko:K05808
ctel:GBC03_28245	ko:K02806
ctel:GBC03_28250	ko:K06958
ctel:GBC03_28255	ko:K08485
ctel:GBC03_28265	ko:K03814
ctel:GBC03_28275	ko:K07648
ctel:GBC03_28280	ko:K07139
ctel:GBC03_28285	ko:K00265
ctel:GBC03_28290	ko:K00266
ctel:GBC03_28305	ko:K00885
ctel:GBC03_28310	ko:K01788
ctel:GBC03_28315	ko:K03290
ctel:GBC03_28320	ko:K01639
ctel:GBC03_28325	ko:K22104
ctel:GBC03_28330	ko:K03600
ctel:GBC03_28335	ko:K03599
ctel:GBC03_28340	ko:K02996
ctel:GBC03_28345	ko:K02871
ctel:GBC03_28355	ko:K06916
ctel:GBC03_28360	ko:K09908
ctel:GBC03_28365	ko:K04772
ctel:GBC03_28370	ko:K04691
ctel:GBC03_28375	ko:K00024
ctel:GBC03_28380	ko:K03402
ctel:GBC03_28390	ko:K03623
ctel:GBC03_28395	ko:K00135
ctel:GBC03_28400	ko:K03468
ctel:GBC03_28405	ko:K15548
ctel:GBC03_28410	ko:K21695
ctel:GBC03_28415	ko:K21698
ctel:GBC03_28420	ko:K09955
ctel:GBC03_28425	ko:K03292
ctel:GBC03_28435	ko:K03568
ctel:GBC03_28445	ko:K08301
ctel:GBC03_28450	ko:K06287
ctel:GBC03_28455	ko:K03571
ctel:GBC03_28460	ko:K03570
ctel:GBC03_28465	ko:K03569
ctel:GBC03_28470	ko:K18765
ctel:GBC03_28475	ko:K19745
ctel:GBC03_28480	ko:K07147
ctel:GBC03_28485	ko:K17247
ctel:GBC03_28490	ko:K02160
ctel:GBC03_28495	ko:K01961
ctel:GBC03_28505	ko:K14392
ctel:GBC03_28510	ko:K02687
ctel:GBC03_28515	ko:K01674
ctel:GBC03_28520	ko:K05540
ctel:GBC03_28525	ko:K03557
ctel:GBC03_28530	ko:K07319
ctel:GBC03_28540	ko:K18140
ctel:GBC03_28545	ko:K18141
ctel:GBC03_28550	ko:K18142
ctel:GBC03_28560	ko:K09969
ctel:GBC03_28565	ko:K09970
ctel:GBC03_28570	ko:K09971
ctel:GBC03_28575	ko:K09972
ctel:GBC03_28580	ko:K01985
ctel:GBC03_28585	ko:K14234
