cupp:CTP10_R00010	ko:K02313
cupp:CTP10_R00020	ko:K02338
cupp:CTP10_R00030	ko:K02470
cupp:CTP10_R00090	ko:K00558
cupp:CTP10_R00100	ko:K07458
cupp:CTP10_R00140	ko:K07497
cupp:CTP10_R00160	ko:K08989
cupp:CTP10_R00190	ko:K00808
cupp:CTP10_R00330	ko:K05591
cupp:CTP10_R00360	ko:K00432
cupp:CTP10_R00370	ko:K00799
cupp:CTP10_R00380	ko:K01799
cupp:CTP10_R00390	ko:K08194
cupp:CTP10_R00410	ko:K18336
cupp:CTP10_R00420	ko:K01451
cupp:CTP10_R00440	ko:K08223
cupp:CTP10_R00510	ko:K03608
cupp:CTP10_R00520	ko:K03609
cupp:CTP10_R00530	ko:K03610
cupp:CTP10_R00540	ko:K03284
cupp:CTP10_R00550	ko:K07126
cupp:CTP10_R00560	ko:K02434
cupp:CTP10_R00590	ko:K02433
cupp:CTP10_R00600	ko:K02435
cupp:CTP10_R00610	ko:K03569
cupp:CTP10_R00620	ko:K03570
cupp:CTP10_R00630	ko:K03571
cupp:CTP10_R00640	ko:K05515
cupp:CTP10_R00650	ko:K05837
cupp:CTP10_R00660	ko:K09921
cupp:CTP10_R00670	ko:K03733
cupp:CTP10_R00680	ko:K03566
cupp:CTP10_R00700	ko:K03801
cupp:CTP10_R00710	ko:K03644
cupp:CTP10_R00720	ko:K23123
cupp:CTP10_R00730	ko:K23124
cupp:CTP10_R00740	ko:K07160
cupp:CTP10_R00760	ko:K18480
cupp:CTP10_R00770	ko:K02067
cupp:CTP10_R00780	ko:K02065
cupp:CTP10_R00790	ko:K02066
cupp:CTP10_R00800	ko:K03524
cupp:CTP10_R00810	ko:K03525
cupp:CTP10_R00830	ko:K21345
cupp:CTP10_R00860	ko:K07001
cupp:CTP10_R00890	ko:K16171
cupp:CTP10_R00930	ko:K01055
cupp:CTP10_R00960	ko:K00548
cupp:CTP10_R00970	ko:K00548
cupp:CTP10_R01050	ko:K01887
cupp:CTP10_R01070	ko:K03673
cupp:CTP10_R01130	ko:K00253
cupp:CTP10_R01140	ko:K00906
cupp:CTP10_R01150	ko:K01673
cupp:CTP10_R01160	ko:K00626
cupp:CTP10_R01180	ko:K00248
cupp:CTP10_R01210	ko:K09858
cupp:CTP10_R01220	ko:K01969
cupp:CTP10_R01240	ko:K13766
cupp:CTP10_R01250	ko:K00833
cupp:CTP10_R01260	ko:K00652
cupp:CTP10_R01270	ko:K01935
cupp:CTP10_R01280	ko:K01012
cupp:CTP10_R01290	ko:K01968
cupp:CTP10_R01300	ko:K12972
cupp:CTP10_R01310	ko:K01640
cupp:CTP10_R01330	ko:K18700
cupp:CTP10_R01340	ko:K06938
cupp:CTP10_R01360	ko:K02014
cupp:CTP10_R01390	ko:K06204
cupp:CTP10_R01410	ko:K03711
cupp:CTP10_R01420	ko:K01561
cupp:CTP10_R01440	ko:K01419
cupp:CTP10_R01450	ko:K03667
cupp:CTP10_R01470	ko:K15012
cupp:CTP10_R01480	ko:K15011
cupp:CTP10_R01490	ko:K09796
cupp:CTP10_R01510	ko:K09936
cupp:CTP10_R01530	ko:K00930
cupp:CTP10_R01540	ko:K07025
cupp:CTP10_R01550	ko:K05501
cupp:CTP10_R01560	ko:K00641
cupp:CTP10_R01630	ko:K08218
cupp:CTP10_R01660	ko:K00145
cupp:CTP10_R01670	ko:K01142
cupp:CTP10_R01680	ko:K00762
cupp:CTP10_R01690	ko:K07001
cupp:CTP10_R01710	ko:K01778
cupp:CTP10_R01720	ko:K02517
cupp:CTP10_R01730	ko:K02517
cupp:CTP10_R01740	ko:K00789
cupp:CTP10_R01770	ko:K09456
cupp:CTP10_R01780	ko:K03147
cupp:CTP10_R01790	ko:K03153
cupp:CTP10_R01800	ko:K03154
cupp:CTP10_R01810	ko:K03149
cupp:CTP10_R01820	ko:K00788
cupp:CTP10_R01860	ko:K00941
cupp:CTP10_R01870	ko:K01251
cupp:CTP10_R01880	ko:K08972
cupp:CTP10_R01890	ko:K00297
cupp:CTP10_R01900	ko:K09122
cupp:CTP10_R01910	ko:K01934
cupp:CTP10_R01920	ko:K08309
cupp:CTP10_R01940	ko:K00799
cupp:CTP10_R01950	ko:K00974
cupp:CTP10_R01990	ko:K01633
cupp:CTP10_R02000	ko:K14058
cupp:CTP10_R02020	ko:K04042
cupp:CTP10_R02030	ko:K00820
cupp:CTP10_R02050	ko:K07337
cupp:CTP10_R02070	ko:K09859
cupp:CTP10_R02100	ko:K03594
cupp:CTP10_R02110	ko:K14222
cupp:CTP10_R02120	ko:K00619
cupp:CTP10_R02140	ko:K01561
cupp:CTP10_R02170	ko:K00822
cupp:CTP10_R02180	ko:K00140
cupp:CTP10_R02220	ko:K03294
cupp:CTP10_R02250	ko:K11942
cupp:CTP10_R02260	ko:K02503
cupp:CTP10_R02270	ko:K00074
cupp:CTP10_R02300	ko:K10914
cupp:CTP10_R02310	ko:K01897
cupp:CTP10_R02320	ko:K01995
cupp:CTP10_R02330	ko:K01997
cupp:CTP10_R02340	ko:K01998
cupp:CTP10_R02350	ko:K01999
cupp:CTP10_R02360	ko:K01996
cupp:CTP10_R02380	ko:K09790
cupp:CTP10_R02390	ko:K00459
cupp:CTP10_R02400	ko:K07641
cupp:CTP10_R02410	ko:K07663
cupp:CTP10_R02430	ko:K10126
cupp:CTP10_R02440	ko:K10125
cupp:CTP10_R02450	ko:K11103
cupp:CTP10_R02470	ko:K07018
cupp:CTP10_R02480	ko:K07258
cupp:CTP10_R02490	ko:K09158
cupp:CTP10_R02500	ko:K06969
cupp:CTP10_R02510	ko:K03657
cupp:CTP10_R02550	ko:K05834
cupp:CTP10_R02570	ko:K01443
cupp:CTP10_R02580	ko:K00036
cupp:CTP10_R02590	ko:K07391
cupp:CTP10_R02600	ko:K09806
cupp:CTP10_R02620	ko:K04752
cupp:CTP10_R02630	ko:K03320
cupp:CTP10_R02640	ko:K01919
cupp:CTP10_R02650	ko:K01920
cupp:CTP10_R02660	ko:K02793
cupp:CTP10_R02670	ko:K02784
cupp:CTP10_R02680	ko:K08483
cupp:CTP10_R02690	ko:K02192
cupp:CTP10_R02700	ko:K03594
cupp:CTP10_R02710	ko:K01008
cupp:CTP10_R02720	ko:K06917
cupp:CTP10_R02730	ko:K21029
cupp:CTP10_R02740	ko:K03797
cupp:CTP10_R02750	ko:K01834
cupp:CTP10_R02770	ko:K03676
cupp:CTP10_R02780	ko:K00986
cupp:CTP10_R02790	ko:K03071
cupp:CTP10_R02800	ko:K00057
cupp:CTP10_R02820	ko:K03216
cupp:CTP10_R02840	ko:K02169
cupp:CTP10_R02860	ko:K02275
cupp:CTP10_R02870	ko:K02274
cupp:CTP10_R02890	ko:K02258
cupp:CTP10_R02910	ko:K02276
cupp:CTP10_R02930	ko:K14998
cupp:CTP10_R02950	ko:K02259
cupp:CTP10_R02960	ko:K02257
cupp:CTP10_R02970	ko:K07152
cupp:CTP10_R02980	ko:K03089
cupp:CTP10_R03010	ko:K15578
cupp:CTP10_R03020	ko:K15577
cupp:CTP10_R03030	ko:K15576
cupp:CTP10_R03040	ko:K07183
cupp:CTP10_R03050	ko:K16165
cupp:CTP10_R03060	ko:K01800
cupp:CTP10_R03070	ko:K03110
cupp:CTP10_R03080	ko:K07263
cupp:CTP10_R03090	ko:K07263
cupp:CTP10_R03100	ko:K08316
cupp:CTP10_R03110	ko:K00954
cupp:CTP10_R03130	ko:K07093
cupp:CTP10_R03140	ko:K01056
cupp:CTP10_R03150	ko:K02897
cupp:CTP10_R03160	ko:K00948
cupp:CTP10_R03170	ko:K14223
cupp:CTP10_R03180	ko:K00919
cupp:CTP10_R03190	ko:K02494
cupp:CTP10_R03210	ko:K10563
cupp:CTP10_R03230	ko:K03575
cupp:CTP10_R03240	ko:K07157
cupp:CTP10_R03250	ko:K06958
cupp:CTP10_R03270	ko:K06023
cupp:CTP10_R03280	ko:K02806
cupp:CTP10_R03290	ko:K05808
cupp:CTP10_R03300	ko:K03092
cupp:CTP10_R03310	ko:K06861
cupp:CTP10_R03320	ko:K09774
cupp:CTP10_R03330	ko:K11719
cupp:CTP10_R03340	ko:K06041
cupp:CTP10_R03350	ko:K03455
cupp:CTP10_R03370	ko:K05520
cupp:CTP10_R03380	ko:K00759
cupp:CTP10_R03400	ko:K03324
cupp:CTP10_R03410	ko:K09129
cupp:CTP10_R03430	ko:K03701
cupp:CTP10_R03450	ko:K03111
cupp:CTP10_R03460	ko:K03892
cupp:CTP10_R03470	ko:K07646
cupp:CTP10_R03480	ko:K07667
cupp:CTP10_R03490	ko:K16135
cupp:CTP10_R03510	ko:K01703
cupp:CTP10_R03520	ko:K01704
cupp:CTP10_R03550	ko:K07335
cupp:CTP10_R03580	ko:K23243
cupp:CTP10_R03630	ko:K10001
cupp:CTP10_R03650	ko:K02655
cupp:CTP10_R03660	ko:K08084
cupp:CTP10_R03670	ko:K02671
cupp:CTP10_R03680	ko:K02672
cupp:CTP10_R03690	ko:K02673
cupp:CTP10_R03700	ko:K02674
cupp:CTP10_R03720	ko:K01992
cupp:CTP10_R03730	ko:K01990
cupp:CTP10_R03740	ko:K01993
cupp:CTP10_R03760	ko:K16080
cupp:CTP10_R03770	ko:K06879
cupp:CTP10_R03780	ko:K01754
cupp:CTP10_R03790	ko:K01087
cupp:CTP10_R03810	ko:K00697
cupp:CTP10_R03820	ko:K01724
cupp:CTP10_R03830	ko:K07141
cupp:CTP10_R03840	ko:K07402
cupp:CTP10_R03850	ko:K09386
cupp:CTP10_R03860	ko:K07161
cupp:CTP10_R03880	ko:K03519
cupp:CTP10_R03890	ko:K03520
cupp:CTP10_R03900	ko:K03518
cupp:CTP10_R03940	ko:K02471
cupp:CTP10_R03960	ko:K03183
cupp:CTP10_R03980	ko:K03690
cupp:CTP10_R03990	ko:K03688
cupp:CTP10_R04010	ko:K03307
cupp:CTP10_R04040	ko:K01876
cupp:CTP10_R04060	ko:K08310
cupp:CTP10_R04080	ko:K03753
cupp:CTP10_R04090	ko:K06131
cupp:CTP10_R04110	ko:K20035
cupp:CTP10_R04120	ko:K07516
cupp:CTP10_R04130	ko:K00632
cupp:CTP10_R04160	ko:K10806
cupp:CTP10_R04170	ko:K24821
cupp:CTP10_R04190	ko:K21645
cupp:CTP10_R04200	ko:K00261
cupp:CTP10_R04210	ko:K10001
cupp:CTP10_R04220	ko:K10003
cupp:CTP10_R04230	ko:K10002
cupp:CTP10_R04240	ko:K10004
cupp:CTP10_R04260	ko:K07246
cupp:CTP10_R04270	ko:K11529
cupp:CTP10_R04280	ko:K01465
cupp:CTP10_R04300	ko:K07397
cupp:CTP10_R04310	ko:K02871
cupp:CTP10_R04320	ko:K02996
cupp:CTP10_R04340	ko:K00986
cupp:CTP10_R04350	ko:K15724
cupp:CTP10_R04380	ko:K09001
cupp:CTP10_R04400	ko:K01866
cupp:CTP10_R04410	ko:K07560
cupp:CTP10_R04430	ko:K15634
cupp:CTP10_R04440	ko:K09125
cupp:CTP10_R04470	ko:K03551
cupp:CTP10_R04480	ko:K03550
cupp:CTP10_R04490	ko:K01126
cupp:CTP10_R04500	ko:K01159
cupp:CTP10_R04510	ko:K00602
cupp:CTP10_R04520	ko:K03557
cupp:CTP10_R04530	ko:K05540
cupp:CTP10_R04540	ko:K03185
cupp:CTP10_R04560	ko:K01262
cupp:CTP10_R04570	ko:K00992
cupp:CTP10_R04580	ko:K26606
cupp:CTP10_R04590	ko:K26605
cupp:CTP10_R04600	ko:K07102
cupp:CTP10_R04610	ko:K04744
cupp:CTP10_R04620	ko:K03771
cupp:CTP10_R04630	ko:K00097
cupp:CTP10_R04640	ko:K02528
cupp:CTP10_R04650	ko:K01867
cupp:CTP10_R04670	ko:K01759
cupp:CTP10_R04690	ko:K00655
cupp:CTP10_R04700	ko:K03273
cupp:CTP10_R04710	ko:K01879
cupp:CTP10_R04730	ko:K01878
cupp:CTP10_R04750	ko:K03820
cupp:CTP10_R04760	ko:K06189
cupp:CTP10_R04770	ko:K07042
cupp:CTP10_R04780	ko:K06217
cupp:CTP10_R04790	ko:K06168
cupp:CTP10_R04810	ko:K03281
cupp:CTP10_R04820	ko:K11927
cupp:CTP10_R04850	ko:K01796
cupp:CTP10_R04860	ko:K01607
cupp:CTP10_R04870	ko:K07688
cupp:CTP10_R04880	ko:K07347
cupp:CTP10_R04890	ko:K15540
cupp:CTP10_R04900	ko:K07345
cupp:CTP10_R04910	ko:K21470
cupp:CTP10_R04930	ko:K16845
cupp:CTP10_R04940	ko:K16846
cupp:CTP10_R04950	ko:K16843
cupp:CTP10_R04960	ko:K16844
cupp:CTP10_R04980	ko:K03710
cupp:CTP10_R04990	ko:K14230
cupp:CTP10_R05030	ko:K02483
cupp:CTP10_R05040	ko:K03553
cupp:CTP10_R05050	ko:K03565
cupp:CTP10_R05070	ko:K01903
cupp:CTP10_R05080	ko:K01902
cupp:CTP10_R05140	ko:K05916
cupp:CTP10_R05150	ko:K03637
cupp:CTP10_R05160	ko:K01423
cupp:CTP10_R05180	ko:K07019
cupp:CTP10_R05200	ko:K02843
cupp:CTP10_R05220	ko:K00826
cupp:CTP10_R05270	ko:K00927
cupp:CTP10_R05280	ko:K00873
cupp:CTP10_R05290	ko:K01624
cupp:CTP10_R05300	ko:K01923
cupp:CTP10_R05310	ko:K01588
cupp:CTP10_R05320	ko:K01589
cupp:CTP10_R05330	ko:K07566
cupp:CTP10_R05340	ko:K26606
cupp:CTP10_R05350	ko:K26605
cupp:CTP10_R05360	ko:K07259
cupp:CTP10_R05380	ko:K01999
cupp:CTP10_R05390	ko:K20940
cupp:CTP10_R05420	ko:K18139
cupp:CTP10_R05430	ko:K07789
cupp:CTP10_R05440	ko:K07788
cupp:CTP10_R05450	ko:K07799
cupp:CTP10_R05460	ko:K07659
cupp:CTP10_R05470	ko:K07638
cupp:CTP10_R05490	ko:K02433
cupp:CTP10_R05500	ko:K08591
cupp:CTP10_R05520	ko:K04763
cupp:CTP10_R05530	ko:K00567
cupp:CTP10_R05570	ko:K13936
cupp:CTP10_R05580	ko:K18979
cupp:CTP10_R05590	ko:K06925
cupp:CTP10_R05600	ko:K01448
cupp:CTP10_R05610	ko:K14347
cupp:CTP10_R05660	ko:K00939
cupp:CTP10_R05670	ko:K00979
cupp:CTP10_R05680	ko:K09791
cupp:CTP10_R05690	ko:K00912
cupp:CTP10_R05700	ko:K03559
cupp:CTP10_R05710	ko:K03561
cupp:CTP10_R05720	ko:K03601
cupp:CTP10_R05730	ko:K04564
cupp:CTP10_R05740	ko:K21929
cupp:CTP10_R05770	ko:K13924
cupp:CTP10_R05780	ko:K14060
cupp:CTP10_R05810	ko:K05524
cupp:CTP10_R05830	ko:K00127
cupp:CTP10_R05840	ko:K00124
cupp:CTP10_R05850	ko:K00123
cupp:CTP10_R05860	ko:K02379
cupp:CTP10_R05870	ko:K00126
cupp:CTP10_R05900	ko:K00016
cupp:CTP10_R05930	ko:K01104
cupp:CTP10_R05970	ko:K02019
cupp:CTP10_R05980	ko:K02017
cupp:CTP10_R05990	ko:K02018
cupp:CTP10_R06000	ko:K02020
cupp:CTP10_R06040	ko:K09857
cupp:CTP10_R06050	ko:K06192
cupp:CTP10_R06060	ko:K03808
cupp:CTP10_R06070	ko:K03808
cupp:CTP10_R06090	ko:K07168
cupp:CTP10_R06100	ko:K03281
cupp:CTP10_R06120	ko:K27545
cupp:CTP10_R06130	ko:K01750
cupp:CTP10_R06150	ko:K17061
cupp:CTP10_R06160	ko:K17060
cupp:CTP10_R06180	ko:K01479
cupp:CTP10_R06200	ko:K01712
cupp:CTP10_R06210	ko:K05836
cupp:CTP10_R06220	ko:K21084
cupp:CTP10_R06260	ko:K07302
cupp:CTP10_R06270	ko:K07303
cupp:CTP10_R06310	ko:K21703
cupp:CTP10_R06330	ko:K02445
cupp:CTP10_R06340	ko:K00206
cupp:CTP10_R06380	ko:K03324
cupp:CTP10_R06390	ko:K19670
cupp:CTP10_R06400	ko:K03566
cupp:CTP10_R06450	ko:K19338
cupp:CTP10_R06560	ko:K01546
cupp:CTP10_R06570	ko:K01547
cupp:CTP10_R06580	ko:K01548
cupp:CTP10_R06600	ko:K04078
cupp:CTP10_R06610	ko:K04077
cupp:CTP10_R06630	ko:K12511
cupp:CTP10_R06640	ko:K12510
cupp:CTP10_R06650	ko:K02283
cupp:CTP10_R06660	ko:K02282
cupp:CTP10_R06670	ko:K12513
cupp:CTP10_R06680	ko:K12513
cupp:CTP10_R06710	ko:K02280
cupp:CTP10_R06720	ko:K02279
cupp:CTP10_R06740	ko:K02278
cupp:CTP10_R06750	ko:K02651
cupp:CTP10_R06760	ko:K02651
cupp:CTP10_R06770	ko:K20534
cupp:CTP10_R06840	ko:K06872
cupp:CTP10_R06850	ko:K03744
cupp:CTP10_R06860	ko:K01845
cupp:CTP10_R06880	ko:K02657
cupp:CTP10_R06890	ko:K02658
cupp:CTP10_R06900	ko:K02659
cupp:CTP10_R06910	ko:K02660
cupp:CTP10_R06920	ko:K06596
cupp:CTP10_R06950	ko:K00059
cupp:CTP10_R06970	ko:K00128
cupp:CTP10_R06980	ko:K01507
cupp:CTP10_R07000	ko:K09919
cupp:CTP10_R07010	ko:K01950
cupp:CTP10_R07020	ko:K11741
cupp:CTP10_R07030	ko:K03304
cupp:CTP10_R07060	ko:K04751
cupp:CTP10_R07090	ko:K00384
cupp:CTP10_R07100	ko:K03466
cupp:CTP10_R07120	ko:K03634
cupp:CTP10_R07150	ko:K02012
cupp:CTP10_R07170	ko:K02011
cupp:CTP10_R07180	ko:K02010
cupp:CTP10_R07190	ko:K07478
cupp:CTP10_R07200	ko:K01875
cupp:CTP10_R07210	ko:K14233
cupp:CTP10_R07240	ko:K03699
cupp:CTP10_R07260	ko:K00285
cupp:CTP10_R07270	ko:K10001
cupp:CTP10_R07280	ko:K02424
cupp:CTP10_R07290	ko:K10009
cupp:CTP10_R07300	ko:K03802
cupp:CTP10_R07310	ko:K03802
cupp:CTP10_R07320	ko:K06147
cupp:CTP10_R07340	ko:K07345
cupp:CTP10_R07360	ko:K07345
cupp:CTP10_R07380	ko:K22292
cupp:CTP10_R07390	ko:K00568
cupp:CTP10_R07400	ko:K03286
cupp:CTP10_R07410	ko:K02469
cupp:CTP10_R07420	ko:K09924
cupp:CTP10_R07430	ko:K00831
cupp:CTP10_R07440	ko:K14170
cupp:CTP10_R07450	ko:K00817
cupp:CTP10_R07460	ko:K04517
cupp:CTP10_R07470	ko:K00800
cupp:CTP10_R07490	ko:K00945
cupp:CTP10_R07500	ko:K02945
cupp:CTP10_R07510	ko:K05788
cupp:CTP10_R07520	ko:K08992
cupp:CTP10_R07530	ko:K19804
cupp:CTP10_R07540	ko:K00012
cupp:CTP10_R07550	ko:K21344
cupp:CTP10_R07560	ko:K03274
cupp:CTP10_R07570	ko:K02237
cupp:CTP10_R07590	ko:K09016
cupp:CTP10_R07600	ko:K12339
cupp:CTP10_R07610	ko:K08305
cupp:CTP10_R07640	ko:K02071
cupp:CTP10_R07650	ko:K02072
cupp:CTP10_R07660	ko:K02073
cupp:CTP10_R07670	ko:K03521
cupp:CTP10_R07680	ko:K03522
cupp:CTP10_R07690	ko:K00285
cupp:CTP10_R07700	ko:K03719
cupp:CTP10_R07770	ko:K02959
cupp:CTP10_R07780	ko:K02860
cupp:CTP10_R07790	ko:K00554
cupp:CTP10_R07800	ko:K02884
cupp:CTP10_R07820	ko:K07146
cupp:CTP10_R07830	ko:K02337
cupp:CTP10_R07880	ko:K11085
cupp:CTP10_R07890	ko:K02841
cupp:CTP10_R07920	ko:K08301
cupp:CTP10_R07930	ko:K06287
cupp:CTP10_R07940	ko:K00783
cupp:CTP10_R07950	ko:K09710
cupp:CTP10_R07960	ko:K00969
cupp:CTP10_R07970	ko:K00228
cupp:CTP10_R07980	ko:K01945
cupp:CTP10_R08000	ko:K06915
cupp:CTP10_R08020	ko:K00761
cupp:CTP10_R08030	ko:K28762
cupp:CTP10_R08040	ko:K06134
cupp:CTP10_R08050	ko:K18030
cupp:CTP10_R08060	ko:K18029
cupp:CTP10_R08070	ko:K14974
cupp:CTP10_R08080	ko:K01799
cupp:CTP10_R08090	ko:K15357
cupp:CTP10_R08100	ko:K18028
cupp:CTP10_R08110	ko:K13995
cupp:CTP10_R08120	ko:K22294
cupp:CTP10_R08130	ko:K18030
cupp:CTP10_R08140	ko:K22296
cupp:CTP10_R08170	ko:K00059
cupp:CTP10_R08180	ko:K01734
cupp:CTP10_R08190	ko:K00344
cupp:CTP10_R08210	ko:K07335
cupp:CTP10_R08220	ko:K23536
cupp:CTP10_R08230	ko:K23535
cupp:CTP10_R08240	ko:K23537
cupp:CTP10_R08250	ko:K06911
cupp:CTP10_R08270	ko:K05846
cupp:CTP10_R08280	ko:K05845
cupp:CTP10_R08290	ko:K05846
cupp:CTP10_R08300	ko:K05847
cupp:CTP10_R08320	ko:K14233
cupp:CTP10_R08330	ko:K06077
cupp:CTP10_R08350	ko:K01519
cupp:CTP10_R08360	ko:K00989
cupp:CTP10_R08370	ko:K20074
cupp:CTP10_R08400	ko:K00942
cupp:CTP10_R08410	ko:K03060
cupp:CTP10_R08420	ko:K01139
cupp:CTP10_R08430	ko:K04760
cupp:CTP10_R08440	ko:K14219
cupp:CTP10_R08470	ko:K14230
cupp:CTP10_R08490	ko:K07336
cupp:CTP10_R08510	ko:K00375
cupp:CTP10_R08550	ko:K12979
cupp:CTP10_R08600	ko:K07137
cupp:CTP10_R08620	ko:K09941
cupp:CTP10_R08640	ko:K09749
cupp:CTP10_R08680	ko:K22468
cupp:CTP10_R08690	ko:K14234
cupp:CTP10_R08700	ko:K03841
cupp:CTP10_R08710	ko:K01256
cupp:CTP10_R08730	ko:K00029
cupp:CTP10_R08760	ko:K13485
cupp:CTP10_R08770	ko:K16842
cupp:CTP10_R08780	ko:K24206
cupp:CTP10_R08800	ko:K07127
cupp:CTP10_R08830	ko:K23541
cupp:CTP10_R08840	ko:K10255
cupp:CTP10_R08850	ko:K01487
cupp:CTP10_R08860	ko:K21053
cupp:CTP10_R08870	ko:K07402
cupp:CTP10_R08880	ko:K13482
cupp:CTP10_R08890	ko:K13481
cupp:CTP10_R08910	ko:K05772
cupp:CTP10_R08940	ko:K02004
cupp:CTP10_R08950	ko:K06886
cupp:CTP10_R08990	ko:K00901
cupp:CTP10_R09000	ko:K27597
cupp:CTP10_R09060	ko:K03088
cupp:CTP10_R09070	ko:K01652
cupp:CTP10_R09080	ko:K01653
cupp:CTP10_R09090	ko:K00053
cupp:CTP10_R09100	ko:K01613
cupp:CTP10_R09110	ko:K17103
cupp:CTP10_R09130	ko:K01649
cupp:CTP10_R09150	ko:K01999
cupp:CTP10_R09160	ko:K02956
cupp:CTP10_R09170	ko:K00962
cupp:CTP10_R09190	ko:K01803
cupp:CTP10_R09200	ko:K03075
cupp:CTP10_R09210	ko:K14228
cupp:CTP10_R09220	ko:K00330
cupp:CTP10_R09230	ko:K00331
cupp:CTP10_R09240	ko:K00332
cupp:CTP10_R09250	ko:K00333
cupp:CTP10_R09260	ko:K00334
cupp:CTP10_R09270	ko:K00335
cupp:CTP10_R09280	ko:K00336
cupp:CTP10_R09290	ko:K00337
cupp:CTP10_R09300	ko:K00338
cupp:CTP10_R09310	ko:K00339
cupp:CTP10_R09320	ko:K00340
cupp:CTP10_R09330	ko:K00341
cupp:CTP10_R09340	ko:K00342
cupp:CTP10_R09350	ko:K00343
cupp:CTP10_R09370	ko:K01515
cupp:CTP10_R09390	ko:K04118
cupp:CTP10_R09420	ko:K28224
cupp:CTP10_R09430	ko:K02297
cupp:CTP10_R09440	ko:K02298
cupp:CTP10_R09450	ko:K02299
cupp:CTP10_R09460	ko:K02300
cupp:CTP10_R09470	ko:K00681
cupp:CTP10_R09480	ko:K11959
cupp:CTP10_R09490	ko:K11960
cupp:CTP10_R09500	ko:K11961
cupp:CTP10_R09510	ko:K11962
cupp:CTP10_R09520	ko:K11963
cupp:CTP10_R09530	ko:K03190
cupp:CTP10_R09540	ko:K01430
cupp:CTP10_R09550	ko:K03192
cupp:CTP10_R09560	ko:K01429
cupp:CTP10_R09570	ko:K01428
cupp:CTP10_R09580	ko:K03187
cupp:CTP10_R09600	ko:K03188
cupp:CTP10_R09610	ko:K03189
cupp:CTP10_R09640	ko:K11209
cupp:CTP10_R09650	ko:K00249
cupp:CTP10_R09690	ko:K03088
cupp:CTP10_R09700	ko:K07114
cupp:CTP10_R09710	ko:K00681
cupp:CTP10_R09750	ko:K00074
cupp:CTP10_R09760	ko:K00799
cupp:CTP10_R09770	ko:K14287
cupp:CTP10_R09790	ko:K09861
cupp:CTP10_R09840	ko:K03566
cupp:CTP10_R09850	ko:K09989
cupp:CTP10_R09860	ko:K22479
cupp:CTP10_R09900	ko:K03734
cupp:CTP10_R09910	ko:K00376
cupp:CTP10_R09920	ko:K19339
cupp:CTP10_R09930	ko:K07218
cupp:CTP10_R09940	ko:K19340
cupp:CTP10_R09950	ko:K19341
cupp:CTP10_R09960	ko:K19342
cupp:CTP10_R09970	ko:K01626
cupp:CTP10_R09990	ko:K03568
cupp:CTP10_R10000	ko:K11206
cupp:CTP10_R10020	ko:K00982
cupp:CTP10_R10030	ko:K28165
cupp:CTP10_R10040	ko:K14645
cupp:CTP10_R10060	ko:K03631
cupp:CTP10_R10070	ko:K00858
cupp:CTP10_R10080	ko:K03705
cupp:CTP10_R10090	ko:K01772
cupp:CTP10_R10100	ko:K04762
cupp:CTP10_R10120	ko:K03687
cupp:CTP10_R10170	ko:K09019
cupp:CTP10_R10200	ko:K10215
cupp:CTP10_R10220	ko:K10773
cupp:CTP10_R10230	ko:K03616
cupp:CTP10_R10250	ko:K05973
cupp:CTP10_R10260	ko:K00832
cupp:CTP10_R10270	ko:K03702
cupp:CTP10_R10310	ko:K25307
cupp:CTP10_R10320	ko:K13643
cupp:CTP10_R10330	ko:K04487
cupp:CTP10_R10340	ko:K04488
cupp:CTP10_R10350	ko:K13628
cupp:CTP10_R10370	ko:K04082
cupp:CTP10_R10380	ko:K04044
cupp:CTP10_R10390	ko:K04755
cupp:CTP10_R10420	ko:K04567
cupp:CTP10_R10430	ko:K16216
cupp:CTP10_R10440	ko:K02836
cupp:CTP10_R10460	ko:K07462
cupp:CTP10_R10480	ko:K09808
cupp:CTP10_R10490	ko:K09810
cupp:CTP10_R10500	ko:K03424
cupp:CTP10_R10510	ko:K02238
cupp:CTP10_R10520	ko:K19337
cupp:CTP10_R10530	ko:K01690
cupp:CTP10_R10540	ko:K00851
cupp:CTP10_R10590	ko:K07395
cupp:CTP10_R10610	ko:K01937
cupp:CTP10_R10620	ko:K01627
cupp:CTP10_R10640	ko:K01689
cupp:CTP10_R10650	ko:K05589
cupp:CTP10_R10670	ko:K04083
cupp:CTP10_R10700	ko:K01895
cupp:CTP10_R10720	ko:K00384
cupp:CTP10_R10730	ko:K07053
cupp:CTP10_R10770	ko:K01714
cupp:CTP10_R10780	ko:K07287
cupp:CTP10_R10800	ko:K18850
cupp:CTP10_R10810	ko:K03775
cupp:CTP10_R10830	ko:K03555
cupp:CTP10_R10850	ko:K22468
cupp:CTP10_R10860	ko:K09794
cupp:CTP10_R10870	ko:K01092
cupp:CTP10_R10880	ko:K02533
cupp:CTP10_R10890	ko:K00640
cupp:CTP10_R10900	ko:K03269
cupp:CTP10_R10910	ko:K03768
cupp:CTP10_R10920	ko:K03767
cupp:CTP10_R10940	ko:K01883
cupp:CTP10_R10950	ko:K01247
cupp:CTP10_R10960	ko:K01962
cupp:CTP10_R10970	ko:K04075
cupp:CTP10_R10980	ko:K00928
cupp:CTP10_R10990	ko:K14233
cupp:CTP10_R11020	ko:K00528
cupp:CTP10_R11040	ko:K01958
cupp:CTP10_R11070	ko:K00059
cupp:CTP10_R11110	ko:K00255
cupp:CTP10_R11150	ko:K01796
cupp:CTP10_R11190	ko:K02035
cupp:CTP10_R11200	ko:K02034
cupp:CTP10_R11210	ko:K02031
cupp:CTP10_R11220	ko:K02032
cupp:CTP10_R11270	ko:K03809
cupp:CTP10_R11280	ko:K07058
cupp:CTP10_R11310	ko:K01740
cupp:CTP10_R11350	ko:K01736
cupp:CTP10_R11360	ko:K05820
cupp:CTP10_R11400	ko:K00311
cupp:CTP10_R11420	ko:K11689
cupp:CTP10_R11430	ko:K11690
cupp:CTP10_R11440	ko:K11688
cupp:CTP10_R11450	ko:K07107
cupp:CTP10_R11470	ko:K01028
cupp:CTP10_R11480	ko:K01029
cupp:CTP10_R11510	ko:K00019
cupp:CTP10_R11540	ko:K00951
cupp:CTP10_R11550	ko:K14237
cupp:CTP10_R11560	ko:K01868
cupp:CTP10_R11570	ko:K02520
cupp:CTP10_R11580	ko:K02916
cupp:CTP10_R11590	ko:K02887
cupp:CTP10_R11600	ko:K01889
cupp:CTP10_R11610	ko:K01890
cupp:CTP10_R11620	ko:K04764
cupp:CTP10_R11640	ko:K14232
cupp:CTP10_R11700	ko:K09705
cupp:CTP10_R11750	ko:K15371
cupp:CTP10_R11770	ko:K18118
cupp:CTP10_R11800	ko:K14229
cupp:CTP10_R11820	ko:K18456
cupp:CTP10_R11830	ko:K14229
cupp:CTP10_R11850	ko:K03321
cupp:CTP10_R11860	ko:K01142
cupp:CTP10_R11870	ko:K01414
cupp:CTP10_R11880	ko:K01491
cupp:CTP10_R11920	ko:K00163
cupp:CTP10_R11930	ko:K00627
cupp:CTP10_R11940	ko:K01419
cupp:CTP10_R11950	ko:K00382
cupp:CTP10_R11990	ko:K07107
cupp:CTP10_R12000	ko:K28519
cupp:CTP10_R12020	ko:K07262
cupp:CTP10_R12060	ko:K18928
cupp:CTP10_R12070	ko:K18929
cupp:CTP10_R12130	ko:K05833
cupp:CTP10_R12140	ko:K05832
cupp:CTP10_R12150	ko:K01989
cupp:CTP10_R12170	ko:K00254
cupp:CTP10_R12180	ko:K21420
cupp:CTP10_R12190	ko:K00684
cupp:CTP10_R12210	ko:K14230
cupp:CTP10_R12240	ko:K15511
cupp:CTP10_R12250	ko:K15512
cupp:CTP10_R12260	ko:K15513
cupp:CTP10_R12270	ko:K15546
cupp:CTP10_R12280	ko:K04110
cupp:CTP10_R12300	ko:K01999
cupp:CTP10_R12310	ko:K01997
cupp:CTP10_R12320	ko:K01998
cupp:CTP10_R12330	ko:K01995
cupp:CTP10_R12340	ko:K01996
cupp:CTP10_R12350	ko:K03549
cupp:CTP10_R12420	ko:K07666
cupp:CTP10_R12430	ko:K07645
cupp:CTP10_R12440	ko:K06959
cupp:CTP10_R12470	ko:K03722
cupp:CTP10_R12480	ko:K05807
cupp:CTP10_R12490	ko:K06180
cupp:CTP10_R12500	ko:K05810
cupp:CTP10_R12520	ko:K03821
cupp:CTP10_R12530	ko:K00626
cupp:CTP10_R12540	ko:K00023
cupp:CTP10_R12560	ko:K05541
cupp:CTP10_R12570	ko:K14441
cupp:CTP10_R12580	ko:K00626
cupp:CTP10_R12600	ko:K01760
cupp:CTP10_R12650	ko:K01079
cupp:CTP10_R12670	ko:K01438
cupp:CTP10_R12680	ko:K03723
cupp:CTP10_R12690	ko:K00991
cupp:CTP10_R12700	ko:K01770
cupp:CTP10_R12720	ko:K04756
cupp:CTP10_R12730	ko:K24126
cupp:CTP10_R12740	ko:K07638
cupp:CTP10_R12750	ko:K07659
cupp:CTP10_R12770	ko:K06016
cupp:CTP10_R12780	ko:K02291
cupp:CTP10_R12790	ko:K18302
cupp:CTP10_R12800	ko:K18303
cupp:CTP10_R12810	ko:K23948
cupp:CTP10_R12820	ko:K00249
cupp:CTP10_R12850	ko:K28225
cupp:CTP10_R12880	ko:K00255
cupp:CTP10_R12900	ko:K01426
cupp:CTP10_R12910	ko:K02031
cupp:CTP10_R12920	ko:K02032
cupp:CTP10_R12930	ko:K02034
cupp:CTP10_R12940	ko:K02033
cupp:CTP10_R12950	ko:K02035
cupp:CTP10_R12960	ko:K06016
cupp:CTP10_R12990	ko:K14228
cupp:CTP10_R13010	ko:K07115
cupp:CTP10_R13020	ko:K15461
cupp:CTP10_R13030	ko:K03545
cupp:CTP10_R13040	ko:K01358
cupp:CTP10_R13050	ko:K03544
cupp:CTP10_R13060	ko:K01338
cupp:CTP10_R13070	ko:K14237
cupp:CTP10_R13080	ko:K14221
cupp:CTP10_R13090	ko:K03770
cupp:CTP10_R13100	ko:K10804
cupp:CTP10_R13110	ko:K02003
cupp:CTP10_R13120	ko:K01810
cupp:CTP10_R13140	ko:K23997
cupp:CTP10_R13150	ko:K00285
cupp:CTP10_R13160	ko:K11690
cupp:CTP10_R13170	ko:K11689
cupp:CTP10_R13180	ko:K11688
cupp:CTP10_R13190	ko:K02433
cupp:CTP10_R13200	ko:K01952
cupp:CTP10_R13210	ko:K03769
cupp:CTP10_R13220	ko:K05527
cupp:CTP10_R13230	ko:K06190
cupp:CTP10_R13240	ko:K07305
cupp:CTP10_R13250	ko:K08997
cupp:CTP10_R13260	ko:K20034
cupp:CTP10_R13270	ko:K01999
cupp:CTP10_R13280	ko:K01997
cupp:CTP10_R13290	ko:K01998
cupp:CTP10_R13300	ko:K01995
cupp:CTP10_R13310	ko:K01996
cupp:CTP10_R13320	ko:K16090
cupp:CTP10_R13330	ko:K07516
cupp:CTP10_R13340	ko:K08281
cupp:CTP10_R13350	ko:K00632
cupp:CTP10_R13390	ko:K23256
cupp:CTP10_R13410	ko:K00799
cupp:CTP10_R13440	ko:K23518
cupp:CTP10_R13450	ko:K00043
cupp:CTP10_R13480	ko:K07107
cupp:CTP10_R13520	ko:K22025
cupp:CTP10_R13530	ko:K22131
cupp:CTP10_R13550	ko:K22130
cupp:CTP10_R13560	ko:K21948
cupp:CTP10_R13570	ko:K08319
cupp:CTP10_R13620	ko:K06980
cupp:CTP10_R13630	ko:K07082
cupp:CTP10_R13640	ko:K00943
cupp:CTP10_R13650	ko:K02341
cupp:CTP10_R13660	ko:K02676
cupp:CTP10_R13680	ko:K03424
cupp:CTP10_R13690	ko:K06867
cupp:CTP10_R13720	ko:K01118
cupp:CTP10_R13740	ko:K15977
cupp:CTP10_R13770	ko:K03466
cupp:CTP10_R13780	ko:K11312
cupp:CTP10_R13810	ko:K22879
cupp:CTP10_R13830	ko:K05845
cupp:CTP10_R13830	ko:K05846
cupp:CTP10_R13870	ko:K00316
cupp:CTP10_R13900	ko:K06162
cupp:CTP10_R13910	ko:K05780
cupp:CTP10_R13920	ko:K05781
cupp:CTP10_R13930	ko:K06163
cupp:CTP10_R13940	ko:K06164
cupp:CTP10_R13950	ko:K06165
cupp:CTP10_R13960	ko:K06166
cupp:CTP10_R13970	ko:K02043
cupp:CTP10_R13980	ko:K06162
cupp:CTP10_R14000	ko:K05774
cupp:CTP10_R14020	ko:K02042
cupp:CTP10_R14030	ko:K02044
cupp:CTP10_R14040	ko:K02041
cupp:CTP10_R14100	ko:K05973
cupp:CTP10_R14110	ko:K19338
cupp:CTP10_R14140	ko:K23463
cupp:CTP10_R14160	ko:K18289
cupp:CTP10_R14170	ko:K01644
cupp:CTP10_R14180	ko:K09709
cupp:CTP10_R14190	ko:K00249
cupp:CTP10_R14210	ko:K01961
cupp:CTP10_R14230	ko:K07160
cupp:CTP10_R14240	ko:K23124
cupp:CTP10_R14280	ko:K00812
cupp:CTP10_R14340	ko:K07675
cupp:CTP10_R14360	ko:K01990
cupp:CTP10_R14390	ko:K01992
cupp:CTP10_R14400	ko:K00114
cupp:CTP10_R14410	ko:K08738
cupp:CTP10_R14420	ko:K06139
cupp:CTP10_R14430	ko:K06138
cupp:CTP10_R14440	ko:K06137
cupp:CTP10_R14450	ko:K06136
cupp:CTP10_R14460	ko:K06135
cupp:CTP10_R14470	ko:K01259
cupp:CTP10_R14480	ko:K21405
cupp:CTP10_R14500	ko:K02030
cupp:CTP10_R14520	ko:K00573
cupp:CTP10_R14530	ko:K01977
cupp:CTP10_R14540	ko:K01980
cupp:CTP10_R14550	ko:K01985
cupp:CTP10_R14560	ko:K07493
cupp:CTP10_R14620	ko:K03086
cupp:CTP10_R14640	ko:K16329
cupp:CTP10_R14650	ko:K19338
cupp:CTP10_R14660	ko:K01630
cupp:CTP10_R14670	ko:K13574
cupp:CTP10_R14680	ko:K01652
cupp:CTP10_R14760	ko:K02019
cupp:CTP10_R14790	ko:K03607
cupp:CTP10_R14830	ko:K07160
cupp:CTP10_R14860	ko:K11263
cupp:CTP10_R14880	ko:K07793
cupp:CTP10_R14890	ko:K07794
cupp:CTP10_R14900	ko:K07795
cupp:CTP10_R14910	ko:K02030
cupp:CTP10_R14920	ko:K27802
cupp:CTP10_R14930	ko:K07404
cupp:CTP10_R14940	ko:K01113
cupp:CTP10_R14960	ko:K01895
cupp:CTP10_R14970	ko:K13928
cupp:CTP10_R14980	ko:K13929
cupp:CTP10_R14990	ko:K13930
cupp:CTP10_R15000	ko:K13931
cupp:CTP10_R15010	ko:K13932
cupp:CTP10_R15020	ko:K13933
cupp:CTP10_R15030	ko:K13934
cupp:CTP10_R15040	ko:K13935
cupp:CTP10_R15060	ko:K16137
cupp:CTP10_R15100	ko:K07516
cupp:CTP10_R15110	ko:K00626
cupp:CTP10_R15160	ko:K00666
cupp:CTP10_R15180	ko:K20035
cupp:CTP10_R15190	ko:K23948
cupp:CTP10_R15210	ko:K11178
cupp:CTP10_R15220	ko:K13483
cupp:CTP10_R15230	ko:K11177
cupp:CTP10_R15310	ko:K00619
cupp:CTP10_R15360	ko:K04063
cupp:CTP10_R15390	ko:K07001
cupp:CTP10_R15430	ko:K07124
cupp:CTP10_R15440	ko:K02483
cupp:CTP10_R15480	ko:K03543
cupp:CTP10_R15490	ko:K03446
cupp:CTP10_R15530	ko:K00077
cupp:CTP10_R15560	ko:K00666
cupp:CTP10_R15580	ko:K00626
cupp:CTP10_R15590	ko:K09386
cupp:CTP10_R15600	ko:K03518
cupp:CTP10_R15610	ko:K03520
cupp:CTP10_R15620	ko:K03519
cupp:CTP10_R15650	ko:K16137
cupp:CTP10_R15660	ko:K08195
cupp:CTP10_R15710	ko:K00240
cupp:CTP10_R15720	ko:K00239
cupp:CTP10_R15730	ko:K00242
cupp:CTP10_R15740	ko:K00241
cupp:CTP10_R15780	ko:K01473
cupp:CTP10_R15790	ko:K01474
cupp:CTP10_R15800	ko:K03566
cupp:CTP10_R15880	ko:K01470
cupp:CTP10_R15920	ko:K01686
cupp:CTP10_R15930	ko:K13637
cupp:CTP10_R15950	ko:K18139
cupp:CTP10_R15960	ko:K03543
cupp:CTP10_R15970	ko:K03446
cupp:CTP10_R16000	ko:K01505
cupp:CTP10_R16070	ko:K01426
cupp:CTP10_R16100	ko:K26064
cupp:CTP10_R16110	ko:K01977
cupp:CTP10_R16120	ko:K01980
cupp:CTP10_R16130	ko:K01985
cupp:CTP10_R16180	ko:K00128
cupp:CTP10_R16230	ko:K11103
cupp:CTP10_R16320	ko:K00014
cupp:CTP10_R16330	ko:K00032
cupp:CTP10_R16340	ko:K00874
cupp:CTP10_R16360	ko:K02028
cupp:CTP10_R16370	ko:K02029
cupp:CTP10_R16380	ko:K02029
cupp:CTP10_R16390	ko:K02030
cupp:CTP10_R16400	ko:K02525
cupp:CTP10_R16440	ko:K16165
cupp:CTP10_R16460	ko:K01647
cupp:CTP10_R16540	ko:K09023
cupp:CTP10_R16550	ko:K05366
cupp:CTP10_R16560	ko:K03496
cupp:CTP10_R16590	ko:K08994
cupp:CTP10_R16610	ko:K03710
cupp:CTP10_R16630	ko:K01704
cupp:CTP10_R16640	ko:K01703
cupp:CTP10_R16660	ko:K15773
cupp:CTP10_R16670	ko:K07154
cupp:CTP10_R16710	ko:K07001
cupp:CTP10_R16740	ko:K05564
cupp:CTP10_R16750	ko:K05563
cupp:CTP10_R16760	ko:K05562
cupp:CTP10_R16770	ko:K05561
cupp:CTP10_R16780	ko:K05560
cupp:CTP10_R16790	ko:K05559
cupp:CTP10_R16820	ko:K03928
cupp:CTP10_R16850	ko:K00632
cupp:CTP10_R16900	ko:K09771
cupp:CTP10_R16950	ko:K08289
cupp:CTP10_R16960	ko:K16053
cupp:CTP10_R16970	ko:K11741
cupp:CTP10_R16990	ko:K25135
cupp:CTP10_R17010	ko:K01738
cupp:CTP10_R17020	ko:K02688
cupp:CTP10_R17030	ko:K03417
cupp:CTP10_R17040	ko:K01659
cupp:CTP10_R17050	ko:K20455
cupp:CTP10_R17060	ko:K09788
cupp:CTP10_R17070	ko:K05597
cupp:CTP10_R17110	ko:K03566
cupp:CTP10_R17120	ko:K18700
cupp:CTP10_R17140	ko:K07795
cupp:CTP10_R17170	ko:K00043
cupp:CTP10_R17200	ko:K11688
cupp:CTP10_R17220	ko:K11689
cupp:CTP10_R17230	ko:K11690
cupp:CTP10_R17240	ko:K29125
cupp:CTP10_R17250	ko:K06934
cupp:CTP10_R17260	ko:K06938
cupp:CTP10_R17280	ko:K01951
cupp:CTP10_R17290	ko:K01434
cupp:CTP10_R17300	ko:K00128
cupp:CTP10_R17330	ko:K01297
cupp:CTP10_R17340	ko:K11991
cupp:CTP10_R17350	ko:K01737
cupp:CTP10_R17360	ko:K10026
cupp:CTP10_R17370	ko:K09983
cupp:CTP10_R17400	ko:K19577
cupp:CTP10_R17410	ko:K06222
cupp:CTP10_R17420	ko:K10680
cupp:CTP10_R17430	ko:K07038
cupp:CTP10_R17480	ko:K04063
cupp:CTP10_R17490	ko:K01951
cupp:CTP10_R17510	ko:K00088
cupp:CTP10_R17540	ko:K09801
cupp:CTP10_R17560	ko:K03664
cupp:CTP10_R17590	ko:K01007
cupp:CTP10_R17600	ko:K09773
cupp:CTP10_R17610	ko:K03437
cupp:CTP10_R17620	ko:K03470
cupp:CTP10_R17630	ko:K00748
cupp:CTP10_R17640	ko:K00677
cupp:CTP10_R17650	ko:K02372
cupp:CTP10_R17660	ko:K02536
cupp:CTP10_R17670	ko:K06142
cupp:CTP10_R17680	ko:K07277
cupp:CTP10_R17690	ko:K11749
cupp:CTP10_R17700	ko:K00099
cupp:CTP10_R17710	ko:K00981
cupp:CTP10_R17720	ko:K00806
cupp:CTP10_R17730	ko:K02838
cupp:CTP10_R17740	ko:K09903
cupp:CTP10_R17750	ko:K02357
cupp:CTP10_R17760	ko:K02967
cupp:CTP10_R17770	ko:K01265
cupp:CTP10_R17780	ko:K00990
cupp:CTP10_R17790	ko:K06182
cupp:CTP10_R17800	ko:K01462
cupp:CTP10_R17810	ko:K01972
cupp:CTP10_R17830	ko:K03529
cupp:CTP10_R17870	ko:K00404
cupp:CTP10_R17880	ko:K15862
cupp:CTP10_R17930	ko:K09792
cupp:CTP10_R17940	ko:K12956
cupp:CTP10_R17950	ko:K07152
cupp:CTP10_R17970	ko:K14267
cupp:CTP10_R17980	ko:K00674
cupp:CTP10_R18010	ko:K01439
cupp:CTP10_R18020	ko:K07320
cupp:CTP10_R18060	ko:K14237
cupp:CTP10_R18080	ko:K00344
cupp:CTP10_R18110	ko:K02035
cupp:CTP10_R18120	ko:K02033
cupp:CTP10_R18130	ko:K02034
cupp:CTP10_R18140	ko:K02031
cupp:CTP10_R18140	ko:K02032
cupp:CTP10_R18150	ko:K02433
cupp:CTP10_R18170	ko:K00981
cupp:CTP10_R18250	ko:K16203
cupp:CTP10_R18270	ko:K13891
cupp:CTP10_R18280	ko:K13890
cupp:CTP10_R18290	ko:K13889
cupp:CTP10_R18300	ko:K13892
cupp:CTP10_R18310	ko:K13051
cupp:CTP10_R18330	ko:K06158
cupp:CTP10_R18340	ko:K03611
cupp:CTP10_R18360	ko:K04485
cupp:CTP10_R18370	ko:K01775
cupp:CTP10_R18380	ko:K08227
cupp:CTP10_R18390	ko:K09977
cupp:CTP10_R18400	ko:K21929
cupp:CTP10_R18410	ko:K03789
cupp:CTP10_R18420	ko:K14742
cupp:CTP10_R18440	ko:K03446
cupp:CTP10_R18480	ko:K07172
cupp:CTP10_R18490	ko:K07171
cupp:CTP10_R18500	ko:K02073
cupp:CTP10_R18510	ko:K14228
cupp:CTP10_R18520	ko:K02020
cupp:CTP10_R18540	ko:K14228
cupp:CTP10_R18580	ko:K20862
cupp:CTP10_R18630	ko:K07795
cupp:CTP10_R18650	ko:K03337
cupp:CTP10_R18660	ko:K03338
cupp:CTP10_R18690	ko:K00925
cupp:CTP10_R18700	ko:K00625
cupp:CTP10_R18720	ko:K03778
cupp:CTP10_R18730	ko:K07085
cupp:CTP10_R18750	ko:K00023
cupp:CTP10_R18770	ko:K00988
cupp:CTP10_R18790	ko:K13924
cupp:CTP10_R18800	ko:K09768
cupp:CTP10_R18830	ko:K00375
cupp:CTP10_R18850	ko:K01857
cupp:CTP10_R18870	ko:K01679
cupp:CTP10_R18940	ko:K01856
cupp:CTP10_R18950	ko:K03464
cupp:CTP10_R18960	ko:K01055
cupp:CTP10_R18980	ko:K02297
cupp:CTP10_R18990	ko:K02298
cupp:CTP10_R19000	ko:K02299
cupp:CTP10_R19010	ko:K02300
cupp:CTP10_R19020	ko:K00381
cupp:CTP10_R19040	ko:K07793
cupp:CTP10_R19050	ko:K07794
cupp:CTP10_R19060	ko:K07795
cupp:CTP10_R19070	ko:K19967
cupp:CTP10_R19090	ko:K00830
cupp:CTP10_R19130	ko:K01992
cupp:CTP10_R19140	ko:K01992
cupp:CTP10_R19150	ko:K01990
cupp:CTP10_R19160	ko:K18900
cupp:CTP10_R19170	ko:K02471
cupp:CTP10_R19230	ko:K01638
cupp:CTP10_R19240	ko:K01560
cupp:CTP10_R19270	ko:K07387
cupp:CTP10_R19290	ko:K01637
cupp:CTP10_R19310	ko:K02553
cupp:CTP10_R19320	ko:K01652
cupp:CTP10_R19370	ko:K13635
cupp:CTP10_R19380	ko:K02045
cupp:CTP10_R19390	ko:K02047
cupp:CTP10_R19400	ko:K02046
cupp:CTP10_R19410	ko:K07002
cupp:CTP10_R19430	ko:K15555
cupp:CTP10_R19440	ko:K15554
cupp:CTP10_R19450	ko:K04091
cupp:CTP10_R19460	ko:K15553
cupp:CTP10_R19470	ko:K00299
cupp:CTP10_R19480	ko:K23163
cupp:CTP10_R19490	ko:K03594
cupp:CTP10_R19500	ko:K03695
cupp:CTP10_R19520	ko:K07518
cupp:CTP10_R19530	ko:K12508
cupp:CTP10_R19540	ko:K01998
cupp:CTP10_R19550	ko:K01997
cupp:CTP10_R19560	ko:K01996
cupp:CTP10_R19570	ko:K01995
cupp:CTP10_R19580	ko:K01999
cupp:CTP10_R19620	ko:K06199
cupp:CTP10_R19630	ko:K03635
cupp:CTP10_R19640	ko:K03636
cupp:CTP10_R19650	ko:K03750
cupp:CTP10_R19660	ko:K01733
cupp:CTP10_R19670	ko:K00003
cupp:CTP10_R19680	ko:K14260
cupp:CTP10_R19700	ko:K03564
cupp:CTP10_R19710	ko:K07175
cupp:CTP10_R19740	ko:K03306
cupp:CTP10_R19750	ko:K07220
cupp:CTP10_R19760	ko:K02314
cupp:CTP10_R19770	ko:K02939
cupp:CTP10_R19780	ko:K02963
cupp:CTP10_R19790	ko:K02686
cupp:CTP10_R19800	ko:K02990
cupp:CTP10_R19810	ko:K01424
cupp:CTP10_R19820	ko:K01356
cupp:CTP10_R19850	ko:K14226
cupp:CTP10_R19870	ko:K05539
cupp:CTP10_R19880	ko:K19784
cupp:CTP10_R19900	ko:K05874
cupp:CTP10_R19920	ko:K06207
cupp:CTP10_R19940	ko:K18139
cupp:CTP10_R19950	ko:K03543
cupp:CTP10_R19960	ko:K03446
cupp:CTP10_R19980	ko:K05995
cupp:CTP10_R20000	ko:K14591
cupp:CTP10_R20020	ko:K03177
cupp:CTP10_R20030	ko:K02834
cupp:CTP10_R20040	ko:K02519
cupp:CTP10_R20050	ko:K02600
cupp:CTP10_R20060	ko:K09748
cupp:CTP10_R20070	ko:K06178
cupp:CTP10_R20080	ko:K06024
cupp:CTP10_R20090	ko:K09792
cupp:CTP10_R20100	ko:K01420
cupp:CTP10_R20140	ko:K00406
cupp:CTP10_R20150	ko:K00407
cupp:CTP10_R20160	ko:K00405
cupp:CTP10_R20170	ko:K00404
cupp:CTP10_R20190	ko:K01533
cupp:CTP10_R20200	ko:K06916
cupp:CTP10_R20210	ko:K00382
cupp:CTP10_R20220	ko:K00658
cupp:CTP10_R20230	ko:K00164
cupp:CTP10_R20240	ko:K01126
cupp:CTP10_R20250	ko:K05816
cupp:CTP10_R20260	ko:K05815
cupp:CTP10_R20270	ko:K05814
cupp:CTP10_R20280	ko:K05813
cupp:CTP10_R20300	ko:K07712
cupp:CTP10_R20310	ko:K07708
cupp:CTP10_R20330	ko:K20712
cupp:CTP10_R20400	ko:K03578
cupp:CTP10_R20410	ko:K14682
cupp:CTP10_R20430	ko:K01807
cupp:CTP10_R20440	ko:K00986
cupp:CTP10_R20450	ko:K00616
cupp:CTP10_R20460	ko:K12410
cupp:CTP10_R20470	ko:K03218
cupp:CTP10_R20480	ko:K12573
cupp:CTP10_R20490	ko:K14228
cupp:CTP10_R20510	ko:K07118
cupp:CTP10_R20520	ko:K07101
cupp:CTP10_R20530	ko:K01939
cupp:CTP10_R20540	ko:K02502
cupp:CTP10_R20550	ko:K04087
cupp:CTP10_R20560	ko:K04088
cupp:CTP10_R20570	ko:K03665
cupp:CTP10_R20580	ko:K03666
cupp:CTP10_R20590	ko:K03977
cupp:CTP10_R20600	ko:K17713
cupp:CTP10_R20620	ko:K01892
cupp:CTP10_R20630	ko:K03526
cupp:CTP10_R20640	ko:K15539
cupp:CTP10_R20650	ko:K02656
cupp:CTP10_R20660	ko:K06941
cupp:CTP10_R20670	ko:K00940
cupp:CTP10_R20680	ko:K19416
cupp:CTP10_R20690	ko:K03215
cupp:CTP10_R20710	ko:K07501
cupp:CTP10_R20720	ko:K03087
cupp:CTP10_R20730	ko:K06194
cupp:CTP10_R20740	ko:K00573
cupp:CTP10_R20750	ko:K03787
cupp:CTP10_R20760	ko:K00344
cupp:CTP10_R20770	ko:K15554
cupp:CTP10_R20780	ko:K15555
cupp:CTP10_R20790	ko:K15553
cupp:CTP10_R20820	ko:K01640
cupp:CTP10_R20830	ko:K18313
cupp:CTP10_R20850	ko:K06187
cupp:CTP10_R20860	ko:K09747
cupp:CTP10_R20870	ko:K02343
cupp:CTP10_R20880	ko:K00525
cupp:CTP10_R20890	ko:K16898
cupp:CTP10_R20900	ko:K16899
cupp:CTP10_R20920	ko:K03671
cupp:CTP10_R20930	ko:K03628
cupp:CTP10_R20940	ko:K09933
cupp:CTP10_R20950	ko:K02909
cupp:CTP10_R20970	ko:K26939
cupp:CTP10_R20980	ko:K14221
cupp:CTP10_R20990	ko:K14224
cupp:CTP10_R21000	ko:K14218
cupp:CTP10_R21010	ko:K14221
cupp:CTP10_R21020	ko:K14224
cupp:CTP10_R21030	ko:K14218
cupp:CTP10_R21040	ko:K01885
cupp:CTP10_R21050	ko:K07001
cupp:CTP10_R21070	ko:K13896
cupp:CTP10_R21080	ko:K13895
cupp:CTP10_R21090	ko:K13894
cupp:CTP10_R21100	ko:K13893
cupp:CTP10_R21110	ko:K00208
cupp:CTP10_R21120	ko:K19577
cupp:CTP10_R21160	ko:K00135
cupp:CTP10_R21190	ko:K03300
cupp:CTP10_R21220	ko:K00052
cupp:CTP10_R21250	ko:K01487
cupp:CTP10_R21290	ko:K03741
cupp:CTP10_R21300	ko:K28614
cupp:CTP10_R21310	ko:K00537
cupp:CTP10_R21320	ko:K11811
cupp:CTP10_R21340	ko:K14219
cupp:CTP10_R21360	ko:K14232
cupp:CTP10_R21370	ko:K02342
cupp:CTP10_R21400	ko:K02518
cupp:CTP10_R21410	ko:K08296
cupp:CTP10_R21420	ko:K22310
cupp:CTP10_R21430	ko:K01524
cupp:CTP10_R21440	ko:K00937
cupp:CTP10_R21450	ko:K07636
cupp:CTP10_R21460	ko:K07657
cupp:CTP10_R21470	ko:K02039
cupp:CTP10_R21480	ko:K02036
cupp:CTP10_R21490	ko:K02038
cupp:CTP10_R21500	ko:K02037
cupp:CTP10_R21510	ko:K02040
cupp:CTP10_R21520	ko:K03431
cupp:CTP10_R21530	ko:K00796
cupp:CTP10_R21540	ko:K03798
cupp:CTP10_R21550	ko:K02427
cupp:CTP10_R21560	ko:K07574
cupp:CTP10_R21580	ko:K03624
cupp:CTP10_R21590	ko:K01955
cupp:CTP10_R21600	ko:K11250
cupp:CTP10_R21610	ko:K01956
cupp:CTP10_R21630	ko:K01075
cupp:CTP10_R21640	ko:K08295
cupp:CTP10_R21680	ko:K09461
cupp:CTP10_R21690	ko:K01908
cupp:CTP10_R21700	ko:K08307
cupp:CTP10_R21710	ko:K01069
cupp:CTP10_R21730	ko:K03469
cupp:CTP10_R21740	ko:K02342
cupp:CTP10_R21750	ko:K14237
cupp:CTP10_R21770	ko:K17321
cupp:CTP10_R21790	ko:K17323
cupp:CTP10_R21800	ko:K17322
cupp:CTP10_R21810	ko:K17325
cupp:CTP10_R21820	ko:K17324
cupp:CTP10_R21830	ko:K02444
cupp:CTP10_R21840	ko:K01433
cupp:CTP10_R21860	ko:K00864
cupp:CTP10_R21870	ko:K00111
cupp:CTP10_R21960	ko:K21021
cupp:CTP10_R21980	ko:K00824
cupp:CTP10_R22010	ko:K14233
cupp:CTP10_R22020	ko:K14393
cupp:CTP10_R22030	ko:K01895
cupp:CTP10_R22040	ko:K00986
cupp:CTP10_R22070	ko:K01676
cupp:CTP10_R22080	ko:K01776
cupp:CTP10_R22100	ko:K03832
cupp:CTP10_R22110	ko:K03561
cupp:CTP10_R22120	ko:K03559
cupp:CTP10_R22140	ko:K11477
cupp:CTP10_R22170	ko:K14228
cupp:CTP10_R22200	ko:K26735
cupp:CTP10_R22210	ko:K14222
cupp:CTP10_R22220	ko:K14225
cupp:CTP10_R22230	ko:K14225
cupp:CTP10_R22240	ko:K00995
cupp:CTP10_R22250	ko:K03703
cupp:CTP10_R22270	ko:K02356
cupp:CTP10_R22280	ko:K01207
cupp:CTP10_R22290	ko:K00997
cupp:CTP10_R22300	ko:K03474
cupp:CTP10_R22310	ko:K03584
cupp:CTP10_R22320	ko:K03595
cupp:CTP10_R22330	ko:K03685
cupp:CTP10_R22350	ko:K03100
cupp:CTP10_R22360	ko:K03596
cupp:CTP10_R22380	ko:K04771
cupp:CTP10_R22390	ko:K03598
cupp:CTP10_R22400	ko:K03597
cupp:CTP10_R22410	ko:K03088
cupp:CTP10_R22430	ko:K09458
cupp:CTP10_R22440	ko:K02078
cupp:CTP10_R22450	ko:K00059
cupp:CTP10_R22460	ko:K00645
cupp:CTP10_R22470	ko:K00648
cupp:CTP10_R22480	ko:K03621
cupp:CTP10_R22490	ko:K02911
cupp:CTP10_R22500	ko:K07040
cupp:CTP10_R22510	ko:K25422
cupp:CTP10_R22520	ko:K07056
cupp:CTP10_R22530	ko:K04773
cupp:CTP10_R22550	ko:K01091
cupp:CTP10_R22560	ko:K06179
cupp:CTP10_R22570	ko:K08300
cupp:CTP10_R22580	ko:K03639
cupp:CTP10_R22590	ko:K03752
cupp:CTP10_R22600	ko:K03750
cupp:CTP10_R22620	ko:K09760
cupp:CTP10_R22630	ko:K00090
cupp:CTP10_R22650	ko:K00782
cupp:CTP10_R22660	ko:K00763
cupp:CTP10_R22680	ko:K05524
cupp:CTP10_R22690	ko:K00384
cupp:CTP10_R22700	ko:K14220
cupp:CTP10_R22730	ko:K00249
cupp:CTP10_R22760	ko:K02970
cupp:CTP10_R22770	ko:K09695
cupp:CTP10_R22780	ko:K09694
cupp:CTP10_R22790	ko:K11741
cupp:CTP10_R22810	ko:K10764
cupp:CTP10_R22820	ko:K00764
cupp:CTP10_R22830	ko:K03558
cupp:CTP10_R22840	ko:K03749
cupp:CTP10_R22850	ko:K11754
cupp:CTP10_R22860	ko:K01963
cupp:CTP10_R22870	ko:K01695
cupp:CTP10_R22880	ko:K00571
cupp:CTP10_R22890	ko:K01696
cupp:CTP10_R22900	ko:K01817
cupp:CTP10_R22910	ko:K06173
cupp:CTP10_R22920	ko:K08086
cupp:CTP10_R22930	ko:K00133
cupp:CTP10_R22950	ko:K00052
cupp:CTP10_R22960	ko:K01704
cupp:CTP10_R22980	ko:K01703
cupp:CTP10_R22990	ko:K01996
cupp:CTP10_R23000	ko:K01995
cupp:CTP10_R23010	ko:K01998
cupp:CTP10_R23020	ko:K01997
cupp:CTP10_R23030	ko:K01999
cupp:CTP10_R23040	ko:K01647
cupp:CTP10_R23050	ko:K09159
cupp:CTP10_R23060	ko:K00240
cupp:CTP10_R23070	ko:K00239
cupp:CTP10_R23080	ko:K00242
cupp:CTP10_R23090	ko:K00241
cupp:CTP10_R23100	ko:K03710
cupp:CTP10_R23110	ko:K00024
cupp:CTP10_R23120	ko:K01644
cupp:CTP10_R23130	ko:K01659
cupp:CTP10_R23150	ko:K27802
cupp:CTP10_R23180	ko:K03439
cupp:CTP10_R23190	ko:K02035
cupp:CTP10_R23200	ko:K00797
cupp:CTP10_R23220	ko:K28981
cupp:CTP10_R23250	ko:K04079
cupp:CTP10_R23270	ko:K07050
cupp:CTP10_R23320	ko:K05825
cupp:CTP10_R23330	ko:K00799
cupp:CTP10_R23350	ko:K03303
cupp:CTP10_R23360	ko:K18893
cupp:CTP10_R23370	ko:K02621
cupp:CTP10_R23390	ko:K02622
cupp:CTP10_R23410	ko:K07486
cupp:CTP10_R23420	ko:K15738
cupp:CTP10_R23430	ko:K05782
cupp:CTP10_R23450	ko:K03297
cupp:CTP10_R23460	ko:K14219
cupp:CTP10_R23510	ko:K11004
cupp:CTP10_R23530	ko:K11003
cupp:CTP10_R23550	ko:K18139
cupp:CTP10_R23680	ko:K18911
cupp:CTP10_R23700	ko:K00560
cupp:CTP10_R23710	ko:K00287
cupp:CTP10_R23720	ko:K01754
cupp:CTP10_R23730	ko:K03592
cupp:CTP10_R23740	ko:K09889
cupp:CTP10_R23750	ko:K03831
cupp:CTP10_R23760	ko:K24180
cupp:CTP10_R23770	ko:K13288
cupp:CTP10_R23780	ko:K06013
cupp:CTP10_R23790	ko:K06949
cupp:CTP10_R23810	ko:K02227
cupp:CTP10_R23820	ko:K06911
cupp:CTP10_R23840	ko:K01894
cupp:CTP10_R23850	ko:K11927
cupp:CTP10_R23870	ko:K01026
cupp:CTP10_R23900	ko:K14230
cupp:CTP10_R23910	ko:K03086
cupp:CTP10_R23930	ko:K02316
cupp:CTP10_R23940	ko:K09117
cupp:CTP10_R23960	ko:K25706
cupp:CTP10_R23970	ko:K09007
cupp:CTP10_R23980	ko:K01662
cupp:CTP10_R23990	ko:K00795
cupp:CTP10_R24000	ko:K03602
cupp:CTP10_R24030	ko:K01011
cupp:CTP10_R24040	ko:K16267
cupp:CTP10_R24050	ko:K01061
cupp:CTP10_R24060	ko:K03885
cupp:CTP10_R24070	ko:K02335
cupp:CTP10_R24100	ko:K02204
cupp:CTP10_R24130	ko:K15515
cupp:CTP10_R24140	ko:K26005
cupp:CTP10_R24160	ko:K03657
cupp:CTP10_R24170	ko:K01873
cupp:CTP10_R24180	ko:K00963
cupp:CTP10_R24190	ko:K04085
cupp:CTP10_R24210	ko:K01620
cupp:CTP10_R24220	ko:K01821
cupp:CTP10_R24260	ko:K07403
cupp:CTP10_R24280	ko:K01872
cupp:CTP10_R24290	ko:K01041
cupp:CTP10_R24300	ko:K08983
cupp:CTP10_R24320	ko:K11105
cupp:CTP10_R24340	ko:K07793
cupp:CTP10_R24350	ko:K19055
cupp:CTP10_R24360	ko:K03782
cupp:CTP10_R24390	ko:K00681
cupp:CTP10_R24410	ko:K07006
cupp:CTP10_R24430	ko:K01886
cupp:CTP10_R24440	ko:K14761
cupp:CTP10_R24490	ko:K03772
cupp:CTP10_R24510	ko:K07232
cupp:CTP10_R24520	ko:K06867
cupp:CTP10_R24530	ko:K00666
cupp:CTP10_R24540	ko:K05838
cupp:CTP10_R24550	ko:K06995
cupp:CTP10_R24560	ko:K07216
cupp:CTP10_R24580	ko:K22132
cupp:CTP10_R24590	ko:K07290
cupp:CTP10_R24610	ko:K00275
cupp:CTP10_R24620	ko:K00574
cupp:CTP10_R24640	ko:K07304
cupp:CTP10_R24650	ko:K00666
cupp:CTP10_R24680	ko:K18028
cupp:CTP10_R24710	ko:K03719
cupp:CTP10_R24720	ko:K07130
cupp:CTP10_R24730	ko:K01556
cupp:CTP10_R24740	ko:K00453
cupp:CTP10_R24760	ko:K00252
cupp:CTP10_R24770	ko:K24158
cupp:CTP10_R24820	ko:K14229
cupp:CTP10_R24830	ko:K07112
cupp:CTP10_R24840	ko:K06920
cupp:CTP10_R24860	ko:K03640
cupp:CTP10_R24870	ko:K03641
cupp:CTP10_R24880	ko:K03646
cupp:CTP10_R24890	ko:K03560
cupp:CTP10_R24900	ko:K03562
cupp:CTP10_R24910	ko:K07107
cupp:CTP10_R24920	ko:K00600
cupp:CTP10_R24930	ko:K07738
cupp:CTP10_R24940	ko:K02655
cupp:CTP10_R24950	ko:K02674
cupp:CTP10_R24960	ko:K02673
cupp:CTP10_R24970	ko:K02672
cupp:CTP10_R24980	ko:K02671
cupp:CTP10_R24990	ko:K08084
cupp:CTP10_R25030	ko:K02674
cupp:CTP10_R25040	ko:K02655
cupp:CTP10_R25050	ko:K08084
cupp:CTP10_R25060	ko:K11752
cupp:CTP10_R25070	ko:K00793
cupp:CTP10_R25080	ko:K14652
cupp:CTP10_R25090	ko:K00794
cupp:CTP10_R25100	ko:K03625
cupp:CTP10_R25130	ko:K03182
cupp:CTP10_R25140	ko:K01907
cupp:CTP10_R25150	ko:K00799
cupp:CTP10_R25160	ko:K05973
cupp:CTP10_R25270	ko:K14225
cupp:CTP10_R25280	ko:K03439
cupp:CTP10_R25290	ko:K07497
cupp:CTP10_R25300	ko:K00986
cupp:CTP10_R25330	ko:K06153
cupp:CTP10_R25350	ko:K06940
cupp:CTP10_R25370	ko:K03585
cupp:CTP10_R25380	ko:K18138
cupp:CTP10_R25390	ko:K00573
cupp:CTP10_R25410	ko:K12340
cupp:CTP10_R25440	ko:K02527
cupp:CTP10_R25450	ko:K02841
cupp:CTP10_R25460	ko:K15778
cupp:CTP10_R25630	ko:K02851
cupp:CTP10_R25690	ko:K09691
cupp:CTP10_R25700	ko:K09690
cupp:CTP10_R25710	ko:K01790
cupp:CTP10_R25720	ko:K00973
cupp:CTP10_R25730	ko:K00067
cupp:CTP10_R25740	ko:K01710
cupp:CTP10_R25750	ko:K01525
cupp:CTP10_R25760	ko:K00655
cupp:CTP10_R25770	ko:K01465
cupp:CTP10_R25780	ko:K00609
cupp:CTP10_R25790	ko:K02825
cupp:CTP10_R25800	ko:K07447
cupp:CTP10_R25810	ko:K07735
cupp:CTP10_R25820	ko:K06183
cupp:CTP10_R25830	ko:K01669
cupp:CTP10_R25840	ko:K02498
cupp:CTP10_R25850	ko:K13543
cupp:CTP10_R25860	ko:K01749
cupp:CTP10_R25870	ko:K01595
cupp:CTP10_R25890	ko:K03088
cupp:CTP10_R25910	ko:K01755
cupp:CTP10_R25920	ko:K11689
cupp:CTP10_R25930	ko:K11690
cupp:CTP10_R25940	ko:K01584
cupp:CTP10_R25950	ko:K01494
cupp:CTP10_R25960	ko:K02379
cupp:CTP10_R25980	ko:K00127
cupp:CTP10_R26000	ko:K00124
cupp:CTP10_R26010	ko:K00123
cupp:CTP10_R26070	ko:K03593
cupp:CTP10_R26080	ko:K07496
cupp:CTP10_R26100	ko:K01874
cupp:CTP10_R26120	ko:K09800
cupp:CTP10_R26130	ko:K07278
cupp:CTP10_R26150	ko:K05896
cupp:CTP10_R26160	ko:K01918
cupp:CTP10_R26180	ko:K02232
cupp:CTP10_R26190	ko:K02231
cupp:CTP10_R26200	ko:K02227
cupp:CTP10_R26210	ko:K02225
cupp:CTP10_R26220	ko:K02016
cupp:CTP10_R26230	ko:K02226
cupp:CTP10_R26240	ko:K02233
cupp:CTP10_R26250	ko:K00768
cupp:CTP10_R26260	ko:K19221
cupp:CTP10_R26270	ko:K02013
cupp:CTP10_R26280	ko:K02015
cupp:CTP10_R26290	ko:K16092
cupp:CTP10_R26310	ko:K09888
cupp:CTP10_R26330	ko:K07090
cupp:CTP10_R26360	ko:K18661
cupp:CTP10_R26390	ko:K01578
cupp:CTP10_R26430	ko:K13292
cupp:CTP10_R26450	ko:K01687
cupp:CTP10_R26470	ko:K02339
cupp:CTP10_R26480	ko:K01255
cupp:CTP10_R26490	ko:K07091
cupp:CTP10_R26500	ko:K11720
cupp:CTP10_R26510	ko:K03795
cupp:CTP10_R26520	ko:K02303
cupp:CTP10_R26530	ko:K00956
cupp:CTP10_R26540	ko:K00957
cupp:CTP10_R26550	ko:K00390
cupp:CTP10_R26570	ko:K00381
cupp:CTP10_R26580	ko:K07090
cupp:CTP10_R26590	ko:K13634
cupp:CTP10_R26610	ko:K01999
cupp:CTP10_R26620	ko:K00042
cupp:CTP10_R26640	ko:K14228
cupp:CTP10_R26660	ko:K09803
cupp:CTP10_R26670	ko:K07387
cupp:CTP10_R26680	ko:K07085
cupp:CTP10_R26690	ko:K07085
cupp:CTP10_R26700	ko:K09758
cupp:CTP10_R26710	ko:K01458
cupp:CTP10_R26720	ko:K05603
cupp:CTP10_R26730	ko:K01468
cupp:CTP10_R26740	ko:K09975
cupp:CTP10_R26750	ko:K01712
cupp:CTP10_R26760	ko:K01745
cupp:CTP10_R26770	ko:K05836
cupp:CTP10_R26780	ko:K02049
cupp:CTP10_R26790	ko:K02050
cupp:CTP10_R26800	ko:K02051
cupp:CTP10_R26820	ko:K00523
cupp:CTP10_R26830	ko:K00821
cupp:CTP10_R26840	ko:K01996
cupp:CTP10_R26850	ko:K01995
cupp:CTP10_R26860	ko:K01998
cupp:CTP10_R26870	ko:K01997
cupp:CTP10_R26880	ko:K01999
cupp:CTP10_R26890	ko:K03527
cupp:CTP10_R26900	ko:K03774
cupp:CTP10_R26910	ko:K00986
cupp:CTP10_R26920	ko:K03630
cupp:CTP10_R26930	ko:K02902
cupp:CTP10_R26940	ko:K02913
cupp:CTP10_R26950	ko:K00278
cupp:CTP10_R26960	ko:K00767
cupp:CTP10_R26970	ko:K03517
cupp:CTP10_R26980	ko:K00507
cupp:CTP10_R27000	ko:K03500
cupp:CTP10_R27010	ko:K11175
cupp:CTP10_R27040	ko:K11753
cupp:CTP10_R27050	ko:K01870
cupp:CTP10_R27060	ko:K03101
cupp:CTP10_R27070	ko:K13038
cupp:CTP10_R27090	ko:K01520
cupp:CTP10_R27120	ko:K03694
cupp:CTP10_R27130	ko:K06891
cupp:CTP10_R27140	ko:K03704
cupp:CTP10_R27160	ko:K00031
cupp:CTP10_R27170	ko:K06181
cupp:CTP10_R27190	ko:K09005
cupp:CTP10_R27200	ko:K09767
cupp:CTP10_R27210	ko:K00075
cupp:CTP10_R27220	ko:K09913
cupp:CTP10_R27230	ko:K00611
cupp:CTP10_R27250	ko:K02968
cupp:CTP10_R27260	ko:K03980
cupp:CTP10_R27280	ko:K03975
cupp:CTP10_R27290	ko:K03572
cupp:CTP10_R27300	ko:K00791
cupp:CTP10_R27330	ko:K16841
cupp:CTP10_R27340	ko:K02433
cupp:CTP10_R27350	ko:K01464
cupp:CTP10_R27370	ko:K01933
cupp:CTP10_R27390	ko:K10763
cupp:CTP10_R27400	ko:K28842
cupp:CTP10_R27410	ko:K00970
cupp:CTP10_R27420	ko:K00950
cupp:CTP10_R27440	ko:K00606
cupp:CTP10_R27450	ko:K05773
cupp:CTP10_R27460	ko:K06857
cupp:CTP10_R27470	ko:K03342
cupp:CTP10_R27480	ko:K03686
cupp:CTP10_R27490	ko:K04043
cupp:CTP10_R27500	ko:K00798
cupp:CTP10_R27510	ko:K00102
cupp:CTP10_R27520	ko:K03566
cupp:CTP10_R27540	ko:K00104
cupp:CTP10_R27550	ko:K10716
cupp:CTP10_R27560	ko:K11472
cupp:CTP10_R27570	ko:K11473
cupp:CTP10_R27580	ko:K06518
cupp:CTP10_R27600	ko:K06996
cupp:CTP10_R27620	ko:K00432
cupp:CTP10_R27630	ko:K02670
cupp:CTP10_R27640	ko:K02669
cupp:CTP10_R27650	ko:K06997
cupp:CTP10_R27660	ko:K00286
cupp:CTP10_R27670	ko:K03179
cupp:CTP10_R27680	ko:K04047
cupp:CTP10_R27700	ko:K03781
cupp:CTP10_R27720	ko:K04761
cupp:CTP10_R27730	ko:K03655
cupp:CTP10_R27740	ko:K07568
cupp:CTP10_R27750	ko:K00773
cupp:CTP10_R27760	ko:K03210
cupp:CTP10_R27770	ko:K03072
cupp:CTP10_R27780	ko:K03074
cupp:CTP10_R27790	ko:K19623
cupp:CTP10_R27800	ko:K19622
cupp:CTP10_R27810	ko:K19621
cupp:CTP10_R27820	ko:K19620
cupp:CTP10_R27860	ko:K01756
cupp:CTP10_R27880	ko:K00566
cupp:CTP10_R27900	ko:K00324
cupp:CTP10_R27910	ko:K00324
cupp:CTP10_R27920	ko:K00325
cupp:CTP10_R27940	ko:K25137
cupp:CTP10_R27960	ko:K08973
cupp:CTP10_R27970	ko:K00147
cupp:CTP10_R27980	ko:K02340
cupp:CTP10_R27990	ko:K03643
cupp:CTP10_R28000	ko:K01869
cupp:CTP10_R28010	ko:K00215
cupp:CTP10_R28020	ko:K06186
cupp:CTP10_R28030	ko:K03711
cupp:CTP10_R28040	ko:K19624
cupp:CTP10_R28060	ko:K00134
cupp:CTP10_R28070	ko:K00615
cupp:CTP10_R28090	ko:K09761
cupp:CTP10_R28120	ko:K01167
cupp:CTP10_R28130	ko:K00029
cupp:CTP10_R28140	ko:K00946
cupp:CTP10_R28150	ko:K01095
cupp:CTP10_R28160	ko:K03743
cupp:CTP10_R28170	ko:K01591
cupp:CTP10_R28190	ko:K03284
cupp:CTP10_R28200	ko:K03814
cupp:CTP10_R28210	ko:K00014
cupp:CTP10_R28220	ko:K03832
cupp:CTP10_R28230	ko:K01147
cupp:CTP10_R28240	ko:K00059
cupp:CTP10_R28250	ko:K03181
cupp:CTP10_R28260	ko:K07000
cupp:CTP10_R28270	ko:K02558
cupp:CTP10_R28300	ko:K03786
cupp:CTP10_R28310	ko:K02160
cupp:CTP10_R28320	ko:K01961
cupp:CTP10_R28330	ko:K02687
cupp:CTP10_R28350	ko:K11065
cupp:CTP10_R28360	ko:K00856
cupp:CTP10_R28370	ko:K06077
cupp:CTP10_R28400	ko:K16090
cupp:CTP10_R28420	ko:K01821
cupp:CTP10_R28460	ko:K03554
cupp:CTP10_R28490	ko:K07114
cupp:CTP10_R28500	ko:K07114
cupp:CTP10_R28530	ko:K03924
cupp:CTP10_R28550	ko:K01130
cupp:CTP10_R28570	ko:K13444
cupp:CTP10_R28610	ko:K01483
cupp:CTP10_R28650	ko:K06446
cupp:CTP10_R28740	ko:K15977
cupp:CTP10_R28750	ko:K09019
cupp:CTP10_R28760	ko:K07001
cupp:CTP10_R28790	ko:K03566
cupp:CTP10_R28800	ko:K01753
cupp:CTP10_R28850	ko:K00526
cupp:CTP10_R28860	ko:K00525
cupp:CTP10_R28870	ko:K03806
cupp:CTP10_R28880	ko:K02667
cupp:CTP10_R28890	ko:K02668
cupp:CTP10_R28900	ko:K06950
cupp:CTP10_R28920	ko:K03106
cupp:CTP10_R28930	ko:K00760
cupp:CTP10_R28950	ko:K00472
cupp:CTP10_R28970	ko:K01881
cupp:CTP10_R28980	ko:K08311
cupp:CTP10_R29000	ko:K00931
cupp:CTP10_R29010	ko:K03979
cupp:CTP10_R29020	ko:K02899
cupp:CTP10_R29030	ko:K02888
cupp:CTP10_R29050	ko:K02523
cupp:CTP10_R29060	ko:K14232
cupp:CTP10_R29070	ko:K02652
cupp:CTP10_R29080	ko:K02653
cupp:CTP10_R29090	ko:K02654
cupp:CTP10_R29100	ko:K00859
cupp:CTP10_R29110	ko:K18778
cupp:CTP10_R29120	ko:K09862
cupp:CTP10_R29150	ko:K03574
cupp:CTP10_R29160	ko:K06923
cupp:CTP10_R29170	ko:K00620
cupp:CTP10_R29180	ko:K03070
cupp:CTP10_R29200	ko:K02535
cupp:CTP10_R29210	ko:K24138
cupp:CTP10_R29220	ko:K03531
cupp:CTP10_R29230	ko:K03590
cupp:CTP10_R29240	ko:K03589
cupp:CTP10_R29250	ko:K01921
cupp:CTP10_R29260	ko:K01924
cupp:CTP10_R29270	ko:K02563
cupp:CTP10_R29290	ko:K03588
cupp:CTP10_R29300	ko:K01925
cupp:CTP10_R29310	ko:K01000
cupp:CTP10_R29320	ko:K01929
cupp:CTP10_R29330	ko:K01928
cupp:CTP10_R29340	ko:K03587
cupp:CTP10_R29350	ko:K03586
cupp:CTP10_R29360	ko:K03438
cupp:CTP10_R29370	ko:K03925
cupp:CTP10_R29380	ko:K06134
cupp:CTP10_R29430	ko:K01897
cupp:CTP10_R29480	ko:K02032
cupp:CTP10_R29490	ko:K02031
cupp:CTP10_R29500	ko:K02034
cupp:CTP10_R29510	ko:K02033
cupp:CTP10_R29520	ko:K02035
cupp:CTP10_R29570	ko:K01985
cupp:CTP10_R29580	ko:K01980
cupp:CTP10_R29590	ko:K14218
cupp:CTP10_R29600	ko:K14227
cupp:CTP10_R29610	ko:K01977
cupp:CTP10_R29620	ko:K01692
cupp:CTP10_R29630	ko:K02028
cupp:CTP10_R29640	ko:K02029
cupp:CTP10_R29650	ko:K02030
cupp:CTP10_R29660	ko:K15866
cupp:CTP10_R29670	ko:K02614
cupp:CTP10_R29680	ko:K01912
cupp:CTP10_R29690	ko:K08304
cupp:CTP10_R29710	ko:K06195
cupp:CTP10_R29720	ko:K01783
cupp:CTP10_R29730	ko:K01091
cupp:CTP10_R29740	ko:K01657
cupp:CTP10_R29750	ko:K01658
cupp:CTP10_R29760	ko:K00766
cupp:CTP10_R29770	ko:K01609
cupp:CTP10_R29790	ko:K03648
cupp:CTP10_R29800	ko:K01512
cupp:CTP10_R29810	ko:K02050
cupp:CTP10_R29820	ko:K02049
cupp:CTP10_R29850	ko:K19745
cupp:CTP10_R29860	ko:K03981
cupp:CTP10_R29890	ko:K06942
cupp:CTP10_R29940	ko:K16692
cupp:CTP10_R29960	ko:K01991
cupp:CTP10_R30010	ko:K03208
cupp:CTP10_R30030	ko:K02377
cupp:CTP10_R30040	ko:K01711
cupp:CTP10_R30050	ko:K16692
cupp:CTP10_R30070	ko:K16011
cupp:CTP10_R30130	ko:K03818
cupp:CTP10_R30160	ko:K00963
cupp:CTP10_R30170	ko:K03207
cupp:CTP10_R30180	ko:K01243
cupp:CTP10_R30200	ko:K02492
cupp:CTP10_R30210	ko:K02835
cupp:CTP10_R30230	ko:K02493
cupp:CTP10_R30240	ko:K07390
cupp:CTP10_R30250	ko:K03186
cupp:CTP10_R30270	ko:K26061
cupp:CTP10_R30300	ko:K00215
cupp:CTP10_R30320	ko:K03281
cupp:CTP10_R30340	ko:K01897
cupp:CTP10_R30370	ko:K26937
cupp:CTP10_R30380	ko:K18139
cupp:CTP10_R30390	ko:K18138
cupp:CTP10_R30400	ko:K03585
cupp:CTP10_R30420	ko:K07098
cupp:CTP10_R30430	ko:K06020
cupp:CTP10_R30450	ko:K07043
cupp:CTP10_R30460	ko:K07045
cupp:CTP10_R30470	ko:K07045
cupp:CTP10_R30490	ko:K24206
cupp:CTP10_R30510	ko:K03519
cupp:CTP10_R30520	ko:K03518
cupp:CTP10_R30530	ko:K00087
cupp:CTP10_R30540	ko:K16875
cupp:CTP10_R30570	ko:K24206
cupp:CTP10_R30600	ko:K21393
cupp:CTP10_R30610	ko:K11688
cupp:CTP10_R30620	ko:K00040
cupp:CTP10_R30630	ko:K08323
cupp:CTP10_R30640	ko:K08322
cupp:CTP10_R30690	ko:K14234
cupp:CTP10_R30700	ko:K03600
cupp:CTP10_R30710	ko:K03599
cupp:CTP10_R30720	ko:K00413
cupp:CTP10_R30730	ko:K00412
cupp:CTP10_R30740	ko:K00411
cupp:CTP10_R30750	ko:K03282
cupp:CTP10_R30770	ko:K04772
cupp:CTP10_R30790	ko:K03118
cupp:CTP10_R30800	ko:K03117
cupp:CTP10_R30810	ko:K03116
cupp:CTP10_R30820	ko:K02503
cupp:CTP10_R30840	ko:K01523
cupp:CTP10_R30850	ko:K01496
cupp:CTP10_R30860	ko:K02500
cupp:CTP10_R30870	ko:K01814
cupp:CTP10_R30880	ko:K02501
cupp:CTP10_R30900	ko:K01693
cupp:CTP10_R30910	ko:K00817
cupp:CTP10_R30920	ko:K00013
cupp:CTP10_R30930	ko:K00765
cupp:CTP10_R30940	ko:K00790
cupp:CTP10_R30960	ko:K01992
cupp:CTP10_R30970	ko:K01990
cupp:CTP10_R30980	ko:K07122
cupp:CTP10_R30990	ko:K07323
cupp:CTP10_R31000	ko:K04754
cupp:CTP10_R31010	ko:K02067
cupp:CTP10_R31020	ko:K02066
cupp:CTP10_R31030	ko:K02065
cupp:CTP10_R31060	ko:K00266
cupp:CTP10_R31070	ko:K00265
cupp:CTP10_R31080	ko:K07491
cupp:CTP10_R31090	ko:K01129
cupp:CTP10_R31100	ko:K01735
cupp:CTP10_R31110	ko:K00891
cupp:CTP10_R31120	ko:K02666
cupp:CTP10_R31130	ko:K02665
cupp:CTP10_R31140	ko:K02664
cupp:CTP10_R31150	ko:K02663
cupp:CTP10_R31160	ko:K02662
cupp:CTP10_R31170	ko:K05366
cupp:CTP10_R31180	ko:K06202
cupp:CTP10_R31200	ko:K01586
cupp:CTP10_R31210	ko:K17247
cupp:CTP10_R31220	ko:K07147
cupp:CTP10_R31240	ko:K03088
cupp:CTP10_R31270	ko:K07399
cupp:CTP10_R31290	ko:K03978
cupp:CTP10_R31300	ko:K01698
cupp:CTP10_R31320	ko:K04084
cupp:CTP10_R31330	ko:K03926
cupp:CTP10_R31340	ko:K02879
cupp:CTP10_R31350	ko:K03040
cupp:CTP10_R31360	ko:K02986
cupp:CTP10_R31370	ko:K02948
cupp:CTP10_R31380	ko:K02952
cupp:CTP10_R31390	ko:K02919
cupp:CTP10_R31400	ko:K02518
cupp:CTP10_R31410	ko:K03076
cupp:CTP10_R31420	ko:K02876
cupp:CTP10_R31430	ko:K02907
cupp:CTP10_R31440	ko:K02988
cupp:CTP10_R31450	ko:K02881
cupp:CTP10_R31460	ko:K02933
cupp:CTP10_R31470	ko:K02994
cupp:CTP10_R31480	ko:K02954
cupp:CTP10_R31490	ko:K02931
cupp:CTP10_R31500	ko:K02895
cupp:CTP10_R31510	ko:K02874
cupp:CTP10_R31520	ko:K02961
cupp:CTP10_R31530	ko:K02904
cupp:CTP10_R31540	ko:K02878
cupp:CTP10_R31550	ko:K02982
cupp:CTP10_R31560	ko:K02890
cupp:CTP10_R31570	ko:K02965
cupp:CTP10_R31580	ko:K02886
cupp:CTP10_R31590	ko:K02892
cupp:CTP10_R31600	ko:K02926
cupp:CTP10_R31610	ko:K02906
cupp:CTP10_R31670	ko:K02946
cupp:CTP10_R31680	ko:K02358
cupp:CTP10_R31690	ko:K02355
cupp:CTP10_R31700	ko:K02992
cupp:CTP10_R31710	ko:K02950
cupp:CTP10_R31720	ko:K03654
cupp:CTP10_R31730	ko:K03046
cupp:CTP10_R31740	ko:K03043
cupp:CTP10_R31750	ko:K02935
cupp:CTP10_R31760	ko:K02864
cupp:CTP10_R31770	ko:K02863
cupp:CTP10_R31780	ko:K02867
cupp:CTP10_R31790	ko:K02601
cupp:CTP10_R31800	ko:K03073
cupp:CTP10_R31810	ko:K14235
cupp:CTP10_R31820	ko:K02358
cupp:CTP10_R31830	ko:K14234
cupp:CTP10_R31840	ko:K14225
cupp:CTP10_R31850	ko:K14236
cupp:CTP10_R31860	ko:K01985
cupp:CTP10_R31870	ko:K01980
cupp:CTP10_R31880	ko:K14218
cupp:CTP10_R31890	ko:K14227
cupp:CTP10_R31900	ko:K01977
cupp:CTP10_R31960	ko:K02609
cupp:CTP10_R31970	ko:K02610
cupp:CTP10_R31980	ko:K02611
cupp:CTP10_R31990	ko:K02612
cupp:CTP10_R32000	ko:K02613
cupp:CTP10_R32030	ko:K11745
cupp:CTP10_R32040	ko:K11746
cupp:CTP10_R32060	ko:K03719
cupp:CTP10_R32080	ko:K02452
cupp:CTP10_R32090	ko:K05916
cupp:CTP10_R32100	ko:K13771
cupp:CTP10_R32110	ko:K02456
cupp:CTP10_R32120	ko:K02457
cupp:CTP10_R32130	ko:K02458
cupp:CTP10_R32140	ko:K02459
cupp:CTP10_R32150	ko:K02460
cupp:CTP10_R32160	ko:K02461
cupp:CTP10_R32170	ko:K02462
cupp:CTP10_R32180	ko:K02463
cupp:CTP10_R32190	ko:K02453
cupp:CTP10_R32200	ko:K02454
cupp:CTP10_R32210	ko:K02455
cupp:CTP10_R32230	ko:K04090
cupp:CTP10_R32300	ko:K15777
cupp:CTP10_R32340	ko:K01246
cupp:CTP10_R32390	ko:K14218
cupp:CTP10_R32400	ko:K17224
cupp:CTP10_R32420	ko:K17223
cupp:CTP10_R32430	ko:K17222
cupp:CTP10_R32440	ko:K09004
cupp:CTP10_R32450	ko:K17227
cupp:CTP10_R32460	ko:K17226
cupp:CTP10_R32470	ko:K08738
cupp:CTP10_R32480	ko:K22622
cupp:CTP10_R32490	ko:K17225
cupp:CTP10_R32510	ko:K15268
cupp:CTP10_R32520	ko:K17229
cupp:CTP10_R32530	ko:K17230
cupp:CTP10_R32540	ko:K28369
cupp:CTP10_R32550	ko:K03271
cupp:CTP10_R32560	ko:K07460
cupp:CTP10_R32570	ko:K07056
cupp:CTP10_R32580	ko:K03642
cupp:CTP10_R32590	ko:K01069
cupp:CTP10_R32620	ko:K00537
cupp:CTP10_R32650	ko:K02083
cupp:CTP10_R32660	ko:K11103
cupp:CTP10_R32690	ko:K15866
cupp:CTP10_R32730	ko:K14057
cupp:CTP10_R32750	ko:K01451
cupp:CTP10_R32770	ko:K01608
cupp:CTP10_R32780	ko:K01816
cupp:CTP10_R32790	ko:K00042
cupp:CTP10_R32800	ko:K11529
cupp:CTP10_R32810	ko:K00873
cupp:CTP10_R32820	ko:K07054
cupp:CTP10_R32840	ko:K18095
cupp:CTP10_R32860	ko:K06140
cupp:CTP10_R32890	ko:K03799
cupp:CTP10_R32900	ko:K15034
cupp:CTP10_R32920	ko:K21085
cupp:CTP10_R32930	ko:K14219
cupp:CTP10_R32950	ko:K02495
cupp:CTP10_R32980	ko:K02483
cupp:CTP10_R33000	ko:K03656
cupp:CTP10_R33010	ko:K04062
cupp:CTP10_R33020	ko:K00605
cupp:CTP10_R33030	ko:K02437
cupp:CTP10_R33040	ko:K00281
cupp:CTP10_R33050	ko:K01752
cupp:CTP10_R33080	ko:K06889
cupp:CTP10_R33090	ko:K06048
cupp:CTP10_R33120	ko:K01999
cupp:CTP10_R33130	ko:K13821
cupp:CTP10_R33140	ko:K04066
cupp:CTP10_R33150	ko:K01599
cupp:CTP10_R33170	ko:K06929
cupp:CTP10_R33180	ko:K02114
cupp:CTP10_R33190	ko:K02112
cupp:CTP10_R33200	ko:K02115
cupp:CTP10_R33210	ko:K02111
cupp:CTP10_R33220	ko:K02113
cupp:CTP10_R33230	ko:K02109
cupp:CTP10_R33240	ko:K02110
cupp:CTP10_R33250	ko:K02108
cupp:CTP10_R33260	ko:K02116
cupp:CTP10_R33270	ko:K03497
cupp:CTP10_R33280	ko:K03496
cupp:CTP10_R33290	ko:K03501
cupp:CTP10_R33300	ko:K03495
cupp:CTP10_R33330	ko:K03566
cupp:CTP10_R33340	ko:K01996
cupp:CTP10_R33350	ko:K01995
cupp:CTP10_R33350	ko:K01998
cupp:CTP10_R33360	ko:K01997
cupp:CTP10_R33370	ko:K01999
cupp:CTP10_R33380	ko:K07090
cupp:CTP10_R33400	ko:K01998
cupp:CTP10_R33410	ko:K01997
cupp:CTP10_R33420	ko:K01999
cupp:CTP10_R33430	ko:K01996
cupp:CTP10_R33440	ko:K01995
cupp:CTP10_R33460	ko:K00140
cupp:CTP10_R33490	ko:K19591
cupp:CTP10_R33500	ko:K17686
cupp:CTP10_R33510	ko:K07213
cupp:CTP10_R33520	ko:K07275
cupp:CTP10_R33530	ko:K25227
cupp:CTP10_R33550	ko:K19743
cupp:CTP10_R33560	ko:K05367
cupp:CTP10_R33580	ko:K06894
cupp:CTP10_R33590	ko:K03719
cupp:CTP10_R33600	ko:K00500
cupp:CTP10_R33610	ko:K01724
cupp:CTP10_R33620	ko:K02483
cupp:CTP10_R33640	ko:K07117
cupp:CTP10_R33650	ko:K03530
cupp:CTP10_R33670	ko:K02346
cupp:CTP10_R33680	ko:K05786
cupp:CTP10_R33690	ko:K11688
cupp:CTP10_R33700	ko:K00986
cupp:CTP10_R33720	ko:K28614
cupp:CTP10_R33730	ko:K21085
cupp:CTP10_R33750	ko:K14231
cupp:CTP10_R33760	ko:K13599
cupp:CTP10_R33770	ko:K13598
cupp:CTP10_R33790	ko:K03500
cupp:CTP10_R33800	ko:K03799
cupp:CTP10_R33810	ko:K00604
cupp:CTP10_R33820	ko:K01462
cupp:CTP10_R33840	ko:K04096
cupp:CTP10_R33860	ko:K03169
cupp:CTP10_R33910	ko:K06200
cupp:CTP10_R33920	ko:K02480
cupp:CTP10_R33940	ko:K01596
cupp:CTP10_R33950	ko:K00058
cupp:CTP10_R33980	ko:K07799
cupp:CTP10_R33990	ko:K07788
cupp:CTP10_R34010	ko:K06218
cupp:CTP10_R34020	ko:K16087
cupp:CTP10_R34030	ko:K02230
cupp:CTP10_R34070	ko:K07795
cupp:CTP10_R34080	ko:K07794
cupp:CTP10_R34090	ko:K07793
cupp:CTP10_R34100	ko:K07120
cupp:CTP10_R34130	ko:K00383
cupp:CTP10_R34140	ko:K07649
cupp:CTP10_R34150	ko:K07774
cupp:CTP10_R34160	ko:K02012
cupp:CTP10_R34170	ko:K03577
cupp:CTP10_R34180	ko:K03585
cupp:CTP10_R34190	ko:K18138
cupp:CTP10_R34200	ko:K18139
cupp:CTP10_R34230	ko:K21645
cupp:CTP10_R34290	ko:K05841
cupp:CTP10_R34300	ko:K03650
cupp:CTP10_R34340	ko:K00598
cupp:CTP10_R34350	ko:K03217
cupp:CTP10_R34360	ko:K08998
cupp:CTP10_R34370	ko:K03536
cupp:CTP10_R34380	ko:K02914
cupp:CTP10_R34400	ko:K03704
cupp:CTP10_R34410	ko:K03496
cupp:CTP10_R34420	ko:K03497
cupp:CTP10_R34500	ko:K16692
cupp:CTP10_R34520	ko:K16692
cupp:CTP10_R34530	ko:K25307
cupp:CTP10_R34540	ko:K01991
cupp:CTP10_R34620	ko:K01953
cupp:CTP10_R34630	ko:K02473
cupp:CTP10_R34640	ko:K02474
cupp:CTP10_R34790	ko:K01725
cupp:CTP10_R34800	ko:K03449
cupp:CTP10_R34840	ko:K07100
cupp:CTP10_R34850	ko:K01704
cupp:CTP10_R34860	ko:K01703
cupp:CTP10_R34880	ko:K03710
cupp:CTP10_R34910	ko:K06992
cupp:CTP10_R34960	ko:K00046
cupp:CTP10_R34970	ko:K17737
cupp:CTP10_R35030	ko:K01241
cupp:CTP10_R35040	ko:K07275
cupp:CTP10_R35050	ko:K01649
cupp:CTP10_R35080	ko:K04759
cupp:CTP10_R35090	ko:K04758
cupp:CTP10_R35150	ko:K03303
cupp:CTP10_R35160	ko:K18929
cupp:CTP10_R35170	ko:K00782
cupp:CTP10_R35180	ko:K18928
cupp:CTP10_R35210	ko:K03735
cupp:CTP10_R35220	ko:K03736
cupp:CTP10_R35230	ko:K19055
cupp:CTP10_R35250	ko:K02625
cupp:CTP10_R35270	ko:K00059
cupp:CTP10_R35370	ko:K03711
cupp:CTP10_R35470	ko:K11904
cupp:CTP10_R35490	ko:K00986
cupp:CTP10_R35530	ko:K02355
cupp:CTP10_R35540	ko:K07690
cupp:CTP10_R35560	ko:K01706
cupp:CTP10_R35590	ko:K13877
cupp:CTP10_R35600	ko:K01707
cupp:CTP10_R35640	ko:K05995
cupp:CTP10_R35660	ko:K28868
cupp:CTP10_R35710	ko:K21405
cupp:CTP10_R35730	ko:K21416
cupp:CTP10_R35740	ko:K21417
cupp:CTP10_R35750	ko:K00627
cupp:CTP10_R35800	ko:K07397
cupp:CTP10_R35810	ko:K01977
cupp:CTP10_R35820	ko:K14227
cupp:CTP10_R35830	ko:K14218
cupp:CTP10_R35840	ko:K01980
cupp:CTP10_R35850	ko:K01985
cupp:CTP10_R35860	ko:K07461
cupp:CTP10_R35870	ko:K04063
cupp:CTP10_R35880	ko:K23775
cupp:CTP10_R35890	ko:K04771
cupp:CTP10_R35930	ko:K22452
cupp:CTP10_R35950	ko:K03924
cupp:CTP10_R35970	ko:K02624
cupp:CTP10_R35980	ko:K03446
cupp:CTP10_R36010	ko:K02221
cupp:CTP10_R36040	ko:K00666
cupp:CTP10_R36070	ko:K09165
cupp:CTP10_R36090	ko:K03547
cupp:CTP10_R36100	ko:K03546
cupp:CTP10_R36120	ko:K01031
cupp:CTP10_R36130	ko:K01032
cupp:CTP10_R36140	ko:K07823
cupp:CTP10_R36190	ko:K13795
cupp:CTP10_R36200	ko:K13796
cupp:CTP10_R36210	ko:K13794
cupp:CTP10_R36240	ko:K00801
cupp:CTP10_R36260	ko:K08296
cupp:CTP10_R36280	ko:K13877
cupp:CTP10_R36290	ko:K13876
cupp:CTP10_R36320	ko:K00097
cupp:CTP10_R36330	ko:K25260
cupp:CTP10_R36360	ko:K13875
cupp:CTP10_R36430	ko:K00459
cupp:CTP10_R36460	ko:K01784
cupp:CTP10_R36470	ko:K03746
cupp:CTP10_R36480	ko:K05874
cupp:CTP10_R36500	ko:K03413
cupp:CTP10_R36510	ko:K03408
cupp:CTP10_R36520	ko:K03776
cupp:CTP10_R36530	ko:K03406
cupp:CTP10_R36550	ko:K02403
cupp:CTP10_R36560	ko:K02402
cupp:CTP10_R36570	ko:K02556
cupp:CTP10_R36580	ko:K02557
cupp:CTP10_R36590	ko:K03407
cupp:CTP10_R36600	ko:K03408
cupp:CTP10_R36610	ko:K00575
cupp:CTP10_R36620	ko:K03411
cupp:CTP10_R36630	ko:K03412
cupp:CTP10_R36640	ko:K03413
cupp:CTP10_R36650	ko:K03414
cupp:CTP10_R36670	ko:K03654
cupp:CTP10_R36680	ko:K02401
cupp:CTP10_R36690	ko:K02400
cupp:CTP10_R36700	ko:K02404
cupp:CTP10_R36710	ko:K04562
cupp:CTP10_R36720	ko:K02405
cupp:CTP10_R36730	ko:K03516
cupp:CTP10_R36740	ko:K02399
cupp:CTP10_R36750	ko:K02398
cupp:CTP10_R36760	ko:K02386
cupp:CTP10_R36770	ko:K02387
cupp:CTP10_R36780	ko:K02388
cupp:CTP10_R36790	ko:K02389
cupp:CTP10_R36800	ko:K02390
cupp:CTP10_R36810	ko:K02391
cupp:CTP10_R36820	ko:K02392
cupp:CTP10_R36830	ko:K02393
cupp:CTP10_R36840	ko:K02394
cupp:CTP10_R36850	ko:K02395
cupp:CTP10_R36860	ko:K02396
cupp:CTP10_R36870	ko:K02397
cupp:CTP10_R37000	ko:K00059
cupp:CTP10_R37010	ko:K05712
cupp:CTP10_R37040	ko:K03392
cupp:CTP10_R37180	ko:K08365
cupp:CTP10_R37190	ko:K00163
cupp:CTP10_R37200	ko:K03719
cupp:CTP10_R37230	ko:K00626
cupp:CTP10_R37250	ko:K00285
cupp:CTP10_R37260	ko:K02014
cupp:CTP10_R37300	ko:K16135
cupp:CTP10_R37310	ko:K07246
cupp:CTP10_R37320	ko:K11103
cupp:CTP10_R37330	ko:K11529
cupp:CTP10_R37340	ko:K00873
cupp:CTP10_R37350	ko:K01689
cupp:CTP10_R37390	ko:K03710
cupp:CTP10_R37450	ko:K00794
cupp:CTP10_R37480	ko:K00681
cupp:CTP10_R37520	ko:K01666
cupp:CTP10_R37530	ko:K04073
cupp:CTP10_R37550	ko:K02554
cupp:CTP10_R37560	ko:K05713
cupp:CTP10_R37570	ko:K05712
cupp:CTP10_R37580	ko:K05714
cupp:CTP10_R37590	ko:K05818
cupp:CTP10_R37650	ko:K01799
cupp:CTP10_R37690	ko:K01113
cupp:CTP10_R37760	ko:K15553
cupp:CTP10_R37770	ko:K07794
cupp:CTP10_R37780	ko:K07793
cupp:CTP10_R37820	ko:K06015
cupp:CTP10_R37850	ko:K03781
cupp:CTP10_R37870	ko:K16249
cupp:CTP10_R37880	ko:K16243
cupp:CTP10_R37890	ko:K16244
cupp:CTP10_R37900	ko:K16242
cupp:CTP10_R37910	ko:K16245
cupp:CTP10_R37920	ko:K16246
cupp:CTP10_R37940	ko:K00446
cupp:CTP10_R37950	ko:K10217
cupp:CTP10_R37960	ko:K18364
cupp:CTP10_R37970	ko:K01617
cupp:CTP10_R37980	ko:K01821
cupp:CTP10_R37990	ko:K04073
cupp:CTP10_R38000	ko:K01666
cupp:CTP10_R38030	ko:K22589
cupp:CTP10_R38040	ko:K14415
cupp:CTP10_R38060	ko:K00758
cupp:CTP10_R38080	ko:K00767
cupp:CTP10_R38090	ko:K02421
cupp:CTP10_R38100	ko:K02420
cupp:CTP10_R38110	ko:K02419
cupp:CTP10_R38120	ko:K02418
cupp:CTP10_R38130	ko:K02417
cupp:CTP10_R38140	ko:K02416
cupp:CTP10_R38150	ko:K02415
cupp:CTP10_R38160	ko:K01682
cupp:CTP10_R38170	ko:K11209
cupp:CTP10_R38230	ko:K23773
cupp:CTP10_R38250	ko:K00255
cupp:CTP10_R38260	ko:K15725
cupp:CTP10_R38270	ko:K15727
cupp:CTP10_R38280	ko:K15726
cupp:CTP10_R38330	ko:K01652
cupp:CTP10_R38360	ko:K00694
cupp:CTP10_R38400	ko:K20543
cupp:CTP10_R38410	ko:K20542
cupp:CTP10_R38420	ko:K20541
cupp:CTP10_R38440	ko:K03787
cupp:CTP10_R38450	ko:K18365
cupp:CTP10_R38460	ko:K18366
cupp:CTP10_R38470	ko:K18364
cupp:CTP10_R38500	ko:K16050
cupp:CTP10_R38520	ko:K01822
cupp:CTP10_R38530	ko:K03577
cupp:CTP10_R38570	ko:K00955
cupp:CTP10_R38580	ko:K00957
cupp:CTP10_R38630	ko:K14652
cupp:CTP10_R38690	ko:K16047
cupp:CTP10_R38700	ko:K05898
cupp:CTP10_R38720	ko:K16051
cupp:CTP10_R38730	ko:K05296
cupp:CTP10_R38740	ko:K15983
cupp:CTP10_R38750	ko:K18687
cupp:CTP10_R38800	ko:K05296
cupp:CTP10_R38850	ko:K16049
cupp:CTP10_R38860	ko:K28228
cupp:CTP10_R38870	ko:K28229
cupp:CTP10_R38880	ko:K28232
cupp:CTP10_R38890	ko:K28226
cupp:CTP10_R38900	ko:K28227
cupp:CTP10_R38910	ko:K28230
cupp:CTP10_R38920	ko:K28231
cupp:CTP10_R38930	ko:K00632
cupp:CTP10_R38940	ko:K28225
cupp:CTP10_R38950	ko:K28221
cupp:CTP10_R38960	ko:K28222
cupp:CTP10_R38970	ko:K28220
cupp:CTP10_R38980	ko:K28224
cupp:CTP10_R38990	ko:K00632
cupp:CTP10_R39010	ko:K07003
cupp:CTP10_R39020	ko:K22347
cupp:CTP10_R39030	ko:K15982
cupp:CTP10_R39090	ko:K01114
cupp:CTP10_R39100	ko:K28556
cupp:CTP10_R39110	ko:K04118
cupp:CTP10_R39120	ko:K01897
cupp:CTP10_R39140	ko:K09709
cupp:CTP10_R39150	ko:K01644
cupp:CTP10_R39170	ko:K18289
cupp:CTP10_R39180	ko:K00249
cupp:CTP10_R39190	ko:K07507
cupp:CTP10_R39300	ko:K00255
cupp:CTP10_R39310	ko:K07180
cupp:CTP10_R39320	ko:K09786
cupp:CTP10_R39330	ko:K06415
cupp:CTP10_R39340	ko:K00249
cupp:CTP10_R39370	ko:K22044
cupp:CTP10_R39500	ko:K01652
cupp:CTP10_R39510	ko:K06989
cupp:CTP10_R39540	ko:K21607
cupp:CTP10_R39550	ko:K28762
cupp:CTP10_R39620	ko:K03519
cupp:CTP10_R39630	ko:K03518
cupp:CTP10_R39690	ko:K02433
cupp:CTP10_R39710	ko:K00483
cupp:CTP10_R39730	ko:K04487
cupp:CTP10_R39770	ko:K28556
cupp:CTP10_R39820	ko:K23948
cupp:CTP10_R39840	ko:K00632
cupp:CTP10_R39880	ko:K00799
cupp:CTP10_R39890	ko:K07006
cupp:CTP10_R39910	ko:K02342
cupp:CTP10_R39920	ko:K01977
cupp:CTP10_R39930	ko:K14227
cupp:CTP10_R39940	ko:K14218
cupp:CTP10_R39950	ko:K01980
cupp:CTP10_R39960	ko:K01985
cupp:CTP10_R39970	ko:K00372
cupp:CTP10_R39980	ko:K26139
cupp:CTP10_R39990	ko:K00363
cupp:CTP10_R40000	ko:K00362
cupp:CTP10_R40010	ko:K02575
cupp:CTP10_R40040	ko:K11939
cupp:CTP10_R40050	ko:K03711
cupp:CTP10_R40060	ko:K02014
cupp:CTP10_R40070	ko:K18139
cupp:CTP10_R40120	ko:K11690
cupp:CTP10_R40130	ko:K11689
cupp:CTP10_R40140	ko:K11688
cupp:CTP10_R40170	ko:K06867
cupp:CTP10_R40190	ko:K16320
cupp:CTP10_R40200	ko:K16319
cupp:CTP10_R40210	ko:K00529
cupp:CTP10_R40220	ko:K05710
cupp:CTP10_R40230	ko:K01998
cupp:CTP10_R40240	ko:K01997
cupp:CTP10_R40250	ko:K01996
cupp:CTP10_R40260	ko:K01995
cupp:CTP10_R40270	ko:K01999
cupp:CTP10_R40290	ko:K14333
cupp:CTP10_R40300	ko:K01799
cupp:CTP10_R40310	ko:K15357
cupp:CTP10_R40320	ko:K18028
cupp:CTP10_R40330	ko:K13995
cupp:CTP10_R40340	ko:K03520
cupp:CTP10_R40350	ko:K03519
cupp:CTP10_R40380	ko:K00639
cupp:CTP10_R40400	ko:K02200
cupp:CTP10_R40410	ko:K02200
cupp:CTP10_R40420	ko:K02199
cupp:CTP10_R40430	ko:K02198
cupp:CTP10_R40440	ko:K02197
cupp:CTP10_R40450	ko:K02196
cupp:CTP10_R40460	ko:K02195
cupp:CTP10_R40470	ko:K02194
cupp:CTP10_R40480	ko:K02193
cupp:CTP10_R40490	ko:K02569
cupp:CTP10_R40500	ko:K02568
cupp:CTP10_R40510	ko:K02567
cupp:CTP10_R40520	ko:K02570
cupp:CTP10_R40530	ko:K02571
cupp:CTP10_R40570	ko:K00058
cupp:CTP10_R40620	ko:K02510
cupp:CTP10_R40630	ko:K00042
cupp:CTP10_R40640	ko:K20023
cupp:CTP10_R40660	ko:K10914
cupp:CTP10_R40680	ko:K12972
cupp:CTP10_R40720	ko:K01451
cupp:CTP10_R40750	ko:K07302
cupp:CTP10_R40760	ko:K07303
cupp:CTP10_R40770	ko:K02040
cupp:CTP10_R40780	ko:K00937
cupp:CTP10_R40830	ko:K02297
cupp:CTP10_R40840	ko:K02298
cupp:CTP10_R40850	ko:K02299
cupp:CTP10_R40860	ko:K02300
cupp:CTP10_R40870	ko:K22105
cupp:CTP10_R40880	ko:K14338
cupp:CTP10_R40900	ko:K01915
cupp:CTP10_R40910	ko:K01779
cupp:CTP10_R40940	ko:K21645
cupp:CTP10_R40980	ko:K04063
cupp:CTP10_R41040	ko:K03885
cupp:CTP10_R41090	ko:K00058
cupp:CTP10_R41110	ko:K11745
cupp:CTP10_R41150	ko:K01459
cupp:CTP10_R41160	ko:K06016
cupp:CTP10_R41170	ko:K01751
cupp:CTP10_R41190	ko:K02336
cupp:CTP10_R41230	ko:K03498
cupp:CTP10_R41240	ko:K03499
cupp:CTP10_R41310	ko:K17749
cupp:CTP10_R41370	ko:K07796
cupp:CTP10_R41380	ko:K07798
cupp:CTP10_R41390	ko:K07787
cupp:CTP10_R41400	ko:K07810
cupp:CTP10_R41440	ko:K00615
cupp:CTP10_R41450	ko:K00615
cupp:CTP10_R41460	ko:K06895
cupp:CTP10_R41470	ko:K05596
cupp:CTP10_R41500	ko:K01451
cupp:CTP10_R41510	ko:K03566
cupp:CTP10_R41560	ko:K00666
cupp:CTP10_R41570	ko:K00459
cupp:CTP10_R41580	ko:K07114
cupp:CTP10_R41600	ko:K03924
cupp:CTP10_R41620	ko:K07114
cupp:CTP10_R41630	ko:K00790
cupp:CTP10_R41640	ko:K24116
cupp:CTP10_R41680	ko:K00453
cupp:CTP10_R41690	ko:K02433
cupp:CTP10_R41720	ko:K15057
cupp:CTP10_R41730	ko:K15975
cupp:CTP10_R41740	ko:K03809
cupp:CTP10_R41780	ko:K04090
cupp:CTP10_R41810	ko:K16074
cupp:CTP10_R41840	ko:K01897
cupp:CTP10_R41850	ko:K00249
cupp:CTP10_R41880	ko:K14449
cupp:CTP10_R41890	ko:K01644
cupp:CTP10_R41920	ko:K23775
cupp:CTP10_R41930	ko:K04063
cupp:CTP10_R41940	ko:K01768
cupp:CTP10_R41950	ko:K03594
cupp:CTP10_R41970	ko:K18904
cupp:CTP10_R42020	ko:K18702
cupp:CTP10_R42070	ko:K01485
cupp:CTP10_R42090	ko:K22602
cupp:CTP10_R42100	ko:K09954
cupp:CTP10_R42120	ko:K09022
cupp:CTP10_R42200	ko:K05301
cupp:CTP10_R42230	ko:K07090
cupp:CTP10_R42280	ko:K00450
cupp:CTP10_R42290	ko:K16165
cupp:CTP10_R42300	ko:K01800
cupp:CTP10_R42310	ko:K22270
cupp:CTP10_R42320	ko:K08195
cupp:CTP10_R42330	ko:K21023
cupp:CTP10_R42340	ko:K20543
cupp:CTP10_R42350	ko:K20542
cupp:CTP10_R42360	ko:K20541
cupp:CTP10_R42370	ko:K00694
cupp:CTP10_R42420	ko:K00375
cupp:CTP10_R42430	ko:K01438
cupp:CTP10_R42440	ko:K02035
cupp:CTP10_R42450	ko:K02033
cupp:CTP10_R42460	ko:K02034
cupp:CTP10_R42470	ko:K02031
cupp:CTP10_R42470	ko:K02032
cupp:CTP10_R42480	ko:K00823
cupp:CTP10_R42490	ko:K00135
cupp:CTP10_R42500	ko:K21700
cupp:CTP10_R42510	ko:K01652
cupp:CTP10_R42530	ko:K06016
cupp:CTP10_R42550	ko:K09472
cupp:CTP10_R42580	ko:K25316
cupp:CTP10_R42690	ko:K20329
cupp:CTP10_R42700	ko:K02517
cupp:CTP10_R42720	ko:K02402
cupp:CTP10_R42800	ko:K01115
cupp:CTP10_R42830	ko:K16348
cupp:CTP10_R42880	ko:K00042
cupp:CTP10_R42900	ko:K03319
cupp:CTP10_R42950	ko:K00335
cupp:CTP10_R42980	ko:K07687
cupp:CTP10_R42990	ko:K07677
cupp:CTP10_R43050	ko:K18139
cupp:CTP10_R43110	ko:K25517
cupp:CTP10_R43120	ko:K09128
cupp:CTP10_R43170	ko:K10218
cupp:CTP10_R43290	ko:K01999
cupp:CTP10_R43330	ko:K01708
cupp:CTP10_R43370	ko:K17285
cupp:CTP10_R43410	ko:K00059
cupp:CTP10_R43440	ko:K00666
cupp:CTP10_R43450	ko:K00253
cupp:CTP10_R43460	ko:K01969
cupp:CTP10_R43470	ko:K01968
cupp:CTP10_R43480	ko:K01640
cupp:CTP10_R43490	ko:K21405
cupp:CTP10_R43520	ko:K17760
cupp:CTP10_R43540	ko:K14160
cupp:CTP10_R43550	ko:K14161
cupp:CTP10_R43560	ko:K14162
cupp:CTP10_R43570	ko:K11177
cupp:CTP10_R43580	ko:K11178
cupp:CTP10_R43590	ko:K13483
cupp:CTP10_R43600	ko:K00832
cupp:CTP10_R43610	ko:K11734
cupp:CTP10_R43620	ko:K00457
cupp:CTP10_R43630	ko:K03719
cupp:CTP10_R43640	ko:K07679
cupp:CTP10_R43650	ko:K07486
cupp:CTP10_R43660	ko:K07690
cupp:CTP10_R43690	ko:K07001
cupp:CTP10_R43700	ko:K09915
cupp:CTP10_R43710	ko:K00384
cupp:CTP10_R43720	ko:K10778
cupp:CTP10_R43730	ko:K09990
cupp:CTP10_R43740	ko:K09958
cupp:CTP10_R43760	ko:K24136
cupp:CTP10_R43770	ko:K00382
cupp:CTP10_R43800	ko:K09803
cupp:CTP10_R43810	ko:K02014
cupp:CTP10_R43830	ko:K07300
cupp:CTP10_R43860	ko:K01895
cupp:CTP10_R43890	ko:K01295
cupp:CTP10_R43910	ko:K06132
cupp:CTP10_R43920	ko:K04565
cupp:CTP10_R43930	ko:K18900
cupp:CTP10_R43950	ko:K18901
cupp:CTP10_R43960	ko:K18902
cupp:CTP10_R43970	ko:K18903
cupp:CTP10_R44010	ko:K07004
cupp:CTP10_R44030	ko:K17103
cupp:CTP10_R44050	ko:K16137
cupp:CTP10_R44170	ko:K00762
cupp:CTP10_R44180	ko:K01744
cupp:CTP10_R44190	ko:K01465
cupp:CTP10_R44200	ko:K06016
cupp:CTP10_R44210	ko:K17828
cupp:CTP10_R44220	ko:K02823
cupp:CTP10_R44260	ko:K00784
cupp:CTP10_R44300	ko:K14393
cupp:CTP10_R44360	ko:K00459
cupp:CTP10_R44390	ko:K19000
cupp:CTP10_R44470	ko:K15555
cupp:CTP10_R44480	ko:K15554
cupp:CTP10_R44490	ko:K15553
cupp:CTP10_R44510	ko:K24116
cupp:CTP10_R44520	ko:K08169
cupp:CTP10_R44560	ko:K07496
cupp:CTP10_R44570	ko:K07032
cupp:CTP10_R44590	ko:K20975
cupp:CTP10_R44630	ko:K20034
cupp:CTP10_R44700	ko:K06999
cupp:CTP10_R44720	ko:K06889
cupp:CTP10_R44750	ko:K16137
cupp:CTP10_R44770	ko:K16137
cupp:CTP10_R44820	ko:K01114
cupp:CTP10_R44860	ko:K00426
cupp:CTP10_R44870	ko:K00425
cupp:CTP10_R44890	ko:K07496
cupp:CTP10_R44930	ko:K26399
cupp:CTP10_R44940	ko:K00135
cupp:CTP10_R44950	ko:K02510
cupp:CTP10_R44980	ko:K09688
cupp:CTP10_R44990	ko:K09689
cupp:CTP10_R45000	ko:K10107
cupp:CTP10_R45020	ko:K16011
cupp:CTP10_R45070	ko:K01627
cupp:CTP10_R45080	ko:K00979
cupp:CTP10_R45080	ko:K03270
cupp:CTP10_R45090	ko:K06041
cupp:CTP10_R45100	ko:K07266
cupp:CTP10_R45110	ko:K07265
cupp:CTP10_R45260	ko:K07496
cupp:CTP10_R45270	ko:K14261
cupp:CTP10_R45300	ko:K00020
cupp:CTP10_R45310	ko:K00140
cupp:CTP10_R45360	ko:K01070
cupp:CTP10_R45370	ko:K00121
cupp:CTP10_R45380	ko:K03301
cupp:CTP10_R45400	ko:K03299
cupp:CTP10_R45420	ko:K06015
cupp:CTP10_R45450	ko:K00874
cupp:CTP10_R45460	ko:K01625
cupp:CTP10_R45490	ko:K03699
cupp:CTP10_R45510	ko:K12976
cupp:CTP10_R45560	ko:K03670
cupp:CTP10_R45570	ko:K03669
cupp:CTP10_R45590	ko:K07552
cupp:CTP10_R45600	ko:K03442
cupp:CTP10_R45610	ko:K03320
cupp:CTP10_R45620	ko:K03530
cupp:CTP10_R45640	ko:K05805
cupp:CTP10_R45650	ko:K09474
cupp:CTP10_R45660	ko:K25775
cupp:CTP10_R45680	ko:K00675
cupp:CTP10_R45690	ko:K10914
cupp:CTP10_R45720	ko:K02483
cupp:CTP10_R45760	ko:K01826
cupp:CTP10_R45810	ko:K06131
cupp:CTP10_R45840	ko:K03824
cupp:CTP10_R45880	ko:K00666
cupp:CTP10_R45890	ko:K10844
cupp:CTP10_R45900	ko:K03671
cupp:CTP10_R45910	ko:K07814
cupp:CTP10_R46050	ko:K01467
cupp:CTP10_R46060	ko:K20035
cupp:CTP10_R46110	ko:K05548
cupp:CTP10_R46130	ko:K13485
cupp:CTP10_R46160	ko:K07127
cupp:CTP10_R46170	ko:K07127
cupp:CTP10_R46250	ko:K06131
cupp:CTP10_R46400	ko:K07098
cupp:CTP10_R46430	ko:K19577
cupp:CTP10_R46440	ko:K23107
cupp:CTP10_R46460	ko:K22104
cupp:CTP10_R46510	ko:K00873
cupp:CTP10_R46520	ko:K00131
cupp:CTP10_R46530	ko:K01595
cupp:CTP10_R46540	ko:K01689
cupp:CTP10_R46550	ko:K21948
cupp:CTP10_R46560	ko:K22130
cupp:CTP10_R46570	ko:K27042
cupp:CTP10_R46600	ko:K01559
cupp:CTP10_R46610	ko:K23247
cupp:CTP10_R46620	ko:K21393
cupp:CTP10_R46630	ko:K11688
cupp:CTP10_R46640	ko:K07566
cupp:CTP10_R46690	ko:K07154
cupp:CTP10_R46710	ko:K23245
cupp:CTP10_R46720	ko:K01689
cupp:CTP10_R46730	ko:K00873
cupp:CTP10_R46750	ko:K11529
cupp:CTP10_R46790	ko:K00128
cupp:CTP10_R46810	ko:K01996
cupp:CTP10_R46820	ko:K01995
cupp:CTP10_R46820	ko:K01998
cupp:CTP10_R46830	ko:K01997
cupp:CTP10_R46840	ko:K01999
cupp:CTP10_R46860	ko:K11690
cupp:CTP10_R46870	ko:K11689
cupp:CTP10_R46880	ko:K11688
cupp:CTP10_R46900	ko:K01834
cupp:CTP10_R46910	ko:K01803
cupp:CTP10_R46930	ko:K18289
cupp:CTP10_R46940	ko:K08691
cupp:CTP10_R46960	ko:K00018
cupp:CTP10_R46970	ko:K00873
cupp:CTP10_R46980	ko:K00865
cupp:CTP10_R46990	ko:K01640
cupp:CTP10_R47010	ko:K18313
cupp:CTP10_R47030	ko:K07506
cupp:CTP10_R47050	ko:K03658
cupp:CTP10_R47140	ko:K03746
cupp:CTP10_R47240	ko:K07459
cupp:CTP10_R47400	ko:K07002
cupp:CTP10_R47550	ko:K14393
cupp:CTP10_R47590	ko:K01644
cupp:CTP10_R47700	ko:K17752
cupp:CTP10_R47710	ko:K17762
cupp:CTP10_R47720	ko:K17763
cupp:CTP10_R47730	ko:K07516
cupp:CTP10_R47770	ko:K02033
cupp:CTP10_R47780	ko:K02034
cupp:CTP10_R47790	ko:K02035
cupp:CTP10_R47800	ko:K02031
cupp:CTP10_R47810	ko:K02032
cupp:CTP10_R47850	ko:K27838
cupp:CTP10_R47890	ko:K00433
cupp:CTP10_R47940	ko:K10680
cupp:CTP10_R47950	ko:K16137
cupp:CTP10_R47960	ko:K03646
cupp:CTP10_R47970	ko:K14234
cupp:CTP10_R47980	ko:K14225
cupp:CTP10_R47990	ko:K14220
cupp:CTP10_R48010	ko:K24012
cupp:CTP10_R48030	ko:K13774
cupp:CTP10_R48040	ko:K00249
cupp:CTP10_R48070	ko:K13777
cupp:CTP10_R48080	ko:K13779
cupp:CTP10_R48090	ko:K11731
cupp:CTP10_R48100	ko:K13778
cupp:CTP10_R48120	ko:K15553
cupp:CTP10_R48140	ko:K06889
cupp:CTP10_R48150	ko:K06889
cupp:CTP10_R48180	ko:K00249
cupp:CTP10_R48210	ko:K00626
cupp:CTP10_R48230	ko:K06446
cupp:CTP10_R48240	ko:K01041
cupp:CTP10_R48260	ko:K01897
cupp:CTP10_R48320	ko:K01895
cupp:CTP10_R48370	ko:K01687
cupp:CTP10_R48380	ko:K01971
cupp:CTP10_R48390	ko:K10979
cupp:CTP10_R48440	ko:K22468
cupp:CTP10_R48480	ko:K07002
cupp:CTP10_R48520	ko:K03821
cupp:CTP10_R48560	ko:K06938
cupp:CTP10_R48610	ko:K07497
cupp:CTP10_R48670	ko:K00344
cupp:CTP10_R48700	ko:K15125
cupp:CTP10_R48740	ko:K07326
cupp:CTP10_R48780	ko:K06015
cupp:CTP10_R48790	ko:K01424
cupp:CTP10_R48810	ko:K03566
cupp:CTP10_R48850	ko:K19338
cupp:CTP10_R48940	ko:K00059
cupp:CTP10_R48970	ko:K24012
cupp:CTP10_R48980	ko:K01647
cupp:CTP10_R49020	ko:K01796
cupp:CTP10_R49040	ko:K00059
cupp:CTP10_R49080	ko:K00626
cupp:CTP10_R49090	ko:K00626
cupp:CTP10_R49130	ko:K07485
cupp:CTP10_R49170	ko:K28224
cupp:CTP10_R49270	ko:K00626
cupp:CTP10_R49290	ko:K24012
cupp:CTP10_R49310	ko:K06934
cupp:CTP10_R49330	ko:K08195
cupp:CTP10_R49340	ko:K22270
cupp:CTP10_R49350	ko:K16165
cupp:CTP10_R49360	ko:K01800
cupp:CTP10_R49370	ko:K00450
cupp:CTP10_R49380	ko:K01676
cupp:CTP10_R49420	ko:K00375
cupp:CTP10_R49430	ko:K07734
cupp:CTP10_R49450	ko:K01623
cupp:CTP10_R49480	ko:K01624
cupp:CTP10_R49490	ko:K00927
cupp:CTP10_R49500	ko:K01091
cupp:CTP10_R49510	ko:K00615
cupp:CTP10_R49520	ko:K28462
cupp:CTP10_R49530	ko:K01086
cupp:CTP10_R49540	ko:K01783
cupp:CTP10_R49570	ko:K01602
cupp:CTP10_R49580	ko:K01601
cupp:CTP10_R49590	ko:K21703
cupp:CTP10_R49600	ko:K06158
cupp:CTP10_R49620	ko:K01637
cupp:CTP10_R49640	ko:K02482
cupp:CTP10_R49680	ko:K00425
cupp:CTP10_R49690	ko:K00426
cupp:CTP10_R49740	ko:K03639
cupp:CTP10_R49770	ko:K02379
cupp:CTP10_R49800	ko:K12508
cupp:CTP10_R49820	ko:K21029
cupp:CTP10_R49870	ko:K08177
cupp:CTP10_R49900	ko:K11937
cupp:CTP10_R49910	ko:K11936
cupp:CTP10_R49920	ko:K11931
cupp:CTP10_R49930	ko:K11935
cupp:CTP10_R49960	ko:K07345
cupp:CTP10_R49970	ko:K15540
cupp:CTP10_R49980	ko:K07347
cupp:CTP10_R50010	ko:K07687
cupp:CTP10_R50020	ko:K21472
cupp:CTP10_R50030	ko:K09981
cupp:CTP10_R50050	ko:K17838
cupp:CTP10_R50080	ko:K10441
cupp:CTP10_R50090	ko:K10440
cupp:CTP10_R50100	ko:K10439
cupp:CTP10_R50110	ko:K00036
cupp:CTP10_R50120	ko:K01810
cupp:CTP10_R50130	ko:K00847
cupp:CTP10_R50170	ko:K02055
cupp:CTP10_R50180	ko:K02052
cupp:CTP10_R50190	ko:K02054
cupp:CTP10_R50200	ko:K02053
cupp:CTP10_R50210	ko:K01777
cupp:CTP10_R50240	ko:K01451
cupp:CTP10_R50250	ko:K14057
cupp:CTP10_R50270	ko:K01755
cupp:CTP10_R50330	ko:K01476
cupp:CTP10_R50360	ko:K03710
cupp:CTP10_R50390	ko:K00128
cupp:CTP10_R50440	ko:K00135
cupp:CTP10_R50460	ko:K02403
cupp:CTP10_R50470	ko:K01420
cupp:CTP10_R50530	ko:K05712
cupp:CTP10_R50630	ko:K03743
cupp:CTP10_R50680	ko:K16147
cupp:CTP10_R50690	ko:K05343
cupp:CTP10_R50700	ko:K00700
cupp:CTP10_R50710	ko:K01214
cupp:CTP10_R50720	ko:K00705
cupp:CTP10_R50730	ko:K00688
cupp:CTP10_R50740	ko:K01236
cupp:CTP10_R50750	ko:K06044
cupp:CTP10_R50830	ko:K03701
cupp:CTP10_R50840	ko:K21498
cupp:CTP10_R50850	ko:K01497
cupp:CTP10_R50880	ko:K03719
cupp:CTP10_R50900	ko:K03576
cupp:CTP10_R50910	ko:K00549
cupp:CTP10_R50950	ko:K14219
cupp:CTP10_R50990	ko:K14228
cupp:CTP10_R51000	ko:K01485
cupp:CTP10_R51010	ko:K09017
cupp:CTP10_R51020	ko:K00761
cupp:CTP10_R51120	ko:K10012
cupp:CTP10_R51130	ko:K00604
cupp:CTP10_R51150	ko:K13014
cupp:CTP10_R51170	ko:K01534
cupp:CTP10_R51180	ko:K04750
cupp:CTP10_R51190	ko:K07644
cupp:CTP10_R51200	ko:K07665
cupp:CTP10_R51250	ko:K00074
cupp:CTP10_R51260	ko:K17737
cupp:CTP10_R51270	ko:K03316
cupp:CTP10_R51320	ko:K04062
cupp:CTP10_R51340	ko:K02078
cupp:CTP10_R51410	ko:K00647
cupp:CTP10_R51440	ko:K01555
cupp:CTP10_R51450	ko:K00451
cupp:CTP10_R51460	ko:K05712
cupp:CTP10_R51540	ko:K16088
cupp:CTP10_R51550	ko:K10531
cupp:CTP10_R51560	ko:K03896
cupp:CTP10_R51570	ko:K06159
cupp:CTP10_R51590	ko:K13255
cupp:CTP10_R51650	ko:K05375
cupp:CTP10_R51670	ko:K06133
cupp:CTP10_R51680	ko:K00836
cupp:CTP10_R51690	ko:K04116
cupp:CTP10_R51700	ko:K04117
cupp:CTP10_R51710	ko:K07536
cupp:CTP10_R51720	ko:K07535
cupp:CTP10_R51760	ko:K00123
cupp:CTP10_R51770	ko:K22515
cupp:CTP10_R51780	ko:K08177
cupp:CTP10_R51810	ko:K08177
cupp:CTP10_R51820	ko:K21703
cupp:CTP10_R51870	ko:K00666
cupp:CTP10_R51890	ko:K07749
cupp:CTP10_R51900	ko:K01577
cupp:CTP10_R51910	ko:K00325
cupp:CTP10_R51920	ko:K00324
cupp:CTP10_R51940	ko:K07749
cupp:CTP10_R51960	ko:K00077
cupp:CTP10_R51980	ko:K03670
cupp:CTP10_R52120	ko:K07459
cupp:CTP10_R52160	ko:K07154
cupp:CTP10_R52170	ko:K07483
cupp:CTP10_R52180	ko:K07484
cupp:CTP10_R52270	ko:K00128
cupp:CTP10_R52330	ko:K18275
cupp:CTP10_R52390	ko:K07486
cupp:CTP10_R52400	ko:K07483
cupp:CTP10_R52420	ko:K22131
cupp:CTP10_R52430	ko:K00135
cupp:CTP10_R52470	ko:K07120
cupp:CTP10_R52500	ko:K16873
cupp:CTP10_R52520	ko:K27837
cupp:CTP10_R52530	ko:K11206
cupp:CTP10_R52540	ko:K01607
cupp:CTP10_R52600	ko:K23463
cupp:CTP10_R52700	ko:K06889
cupp:CTP10_R52750	ko:K07303
cupp:CTP10_R52760	ko:K07302
cupp:CTP10_R52770	ko:K07483
cupp:CTP10_R52780	ko:K07484
cupp:CTP10_R52790	ko:K07484
cupp:CTP10_R52900	ko:K14219
cupp:CTP10_R52930	ko:K01715
cupp:CTP10_R52940	ko:K07536
cupp:CTP10_R52960	ko:K00219
cupp:CTP10_R52980	ko:K02030
cupp:CTP10_R53000	ko:K02029
cupp:CTP10_R53010	ko:K02029
cupp:CTP10_R53020	ko:K02028
cupp:CTP10_R53040	ko:K01760
cupp:CTP10_R53050	ko:K22879
cupp:CTP10_R53100	ko:K15553
cupp:CTP10_R53130	ko:K03566
cupp:CTP10_R53260	ko:K24012
cupp:CTP10_R53290	ko:K14057
cupp:CTP10_R53310	ko:K07058
cupp:CTP10_R53320	ko:K02529
cupp:CTP10_R53370	ko:K27837
cupp:CTP10_R53400	ko:K10915
cupp:CTP10_R53410	ko:K10916
cupp:CTP10_R53460	ko:K19967
cupp:CTP10_R53480	ko:K07018
cupp:CTP10_R53490	ko:K05802
cupp:CTP10_R53500	ko:K07497
cupp:CTP10_R53510	ko:K00986
cupp:CTP10_R53560	ko:K15726
cupp:CTP10_R53570	ko:K15727
cupp:CTP10_R53580	ko:K15725
cupp:CTP10_R53620	ko:K00053
cupp:CTP10_R53680	ko:K24700
cupp:CTP10_R53700	ko:K04091
cupp:CTP10_R53710	ko:K15553
cupp:CTP10_R53720	ko:K15554
cupp:CTP10_R53730	ko:K15555
cupp:CTP10_R53770	ko:K02624
cupp:CTP10_R53780	ko:K16135
cupp:CTP10_R53790	ko:K03786
cupp:CTP10_R53810	ko:K08191
cupp:CTP10_R53830	ko:K00457
cupp:CTP10_R53840	ko:K03852
cupp:CTP10_R53850	ko:K00625
cupp:CTP10_R53880	ko:K01426
cupp:CTP10_R53910	ko:K00523
cupp:CTP10_R53930	ko:K22187
cupp:CTP10_R53940	ko:K06137
cupp:CTP10_R53960	ko:K07090
cupp:CTP10_R54010	ko:K09883
cupp:CTP10_R54020	ko:K09882
cupp:CTP10_R54040	ko:K11735
cupp:CTP10_R54050	ko:K00375
cupp:CTP10_R54060	ko:K07255
cupp:CTP10_R54070	ko:K07256
cupp:CTP10_R54080	ko:K07577
cupp:CTP10_R54100	ko:K03724
cupp:CTP10_R54110	ko:K06953
cupp:CTP10_R54130	ko:K15551
cupp:CTP10_R54140	ko:K10831
cupp:CTP10_R54150	ko:K15552
cupp:CTP10_R54260	ko:K03566
cupp:CTP10_R54280	ko:K02355
cupp:CTP10_R54290	ko:K14393
cupp:CTP10_R54310	ko:K01912
cupp:CTP10_R54330	ko:K02613
cupp:CTP10_R54340	ko:K02612
cupp:CTP10_R54350	ko:K02611
cupp:CTP10_R54360	ko:K02610
cupp:CTP10_R54370	ko:K02609
cupp:CTP10_R54380	ko:K02616
cupp:CTP10_R54390	ko:K15511
cupp:CTP10_R54400	ko:K15512
cupp:CTP10_R54410	ko:K15513
cupp:CTP10_R54420	ko:K15546
cupp:CTP10_R54440	ko:K15514
cupp:CTP10_R54450	ko:K04110
cupp:CTP10_R54460	ko:K05548
cupp:CTP10_R54470	ko:K19338
cupp:CTP10_R54490	ko:K00102
cupp:CTP10_R54540	ko:K02518
cupp:CTP10_R54580	ko:K03704
cupp:CTP10_R54600	ko:K00031
cupp:CTP10_R54620	ko:K03406
cupp:CTP10_R54650	ko:K00262
cupp:CTP10_R54660	ko:K02444
cupp:CTP10_R54670	ko:K00206
cupp:CTP10_R54680	ko:K19670
cupp:CTP10_R54700	ko:K02012
cupp:CTP10_R54710	ko:K02010
cupp:CTP10_R54720	ko:K02011
cupp:CTP10_R54730	ko:K03430
cupp:CTP10_R54760	ko:K00138
cupp:CTP10_R54770	ko:K13953
cupp:CTP10_R54780	ko:K09959
cupp:CTP10_R54790	ko:K21405
cupp:CTP10_R54810	ko:K06889
cupp:CTP10_R54820	ko:K05366
cupp:CTP10_R54830	ko:K03893
cupp:CTP10_R54850	ko:K01495
cupp:CTP10_R54890	ko:K07687
cupp:CTP10_R54900	ko:K07677
cupp:CTP10_R54910	ko:K08169
cupp:CTP10_R54940	ko:K04069
cupp:CTP10_R54980	ko:K01997
cupp:CTP10_R54990	ko:K01998
cupp:CTP10_R55000	ko:K01995
cupp:CTP10_R55010	ko:K01996
cupp:CTP10_R55020	ko:K01999
cupp:CTP10_R55070	ko:K13487
cupp:CTP10_R55080	ko:K13488
cupp:CTP10_R55090	ko:K13486
cupp:CTP10_R55100	ko:K13489
cupp:CTP10_R55110	ko:K13490
cupp:CTP10_R55120	ko:K13491
cupp:CTP10_R55130	ko:K11444
cupp:CTP10_R55170	ko:K07793
cupp:CTP10_R55180	ko:K07794
cupp:CTP10_R55190	ko:K26937
cupp:CTP10_R55210	ko:K00135
cupp:CTP10_R55220	ko:K02277
cupp:CTP10_R55230	ko:K02276
cupp:CTP10_R55240	ko:K02276
cupp:CTP10_R55250	ko:K02274
cupp:CTP10_R55260	ko:K02275
cupp:CTP10_R55320	ko:K03762
cupp:CTP10_R55340	ko:K01420
cupp:CTP10_R55360	ko:K07497
cupp:CTP10_R55380	ko:K07687
cupp:CTP10_R55420	ko:K00154
cupp:CTP10_R55440	ko:K25227
cupp:CTP10_R55450	ko:K01194
cupp:CTP10_R55470	ko:K07640
cupp:CTP10_R55480	ko:K07662
cupp:CTP10_R55500	ko:K16089
cupp:CTP10_R55510	ko:K25282
cupp:CTP10_R55530	ko:K02014
cupp:CTP10_R55540	ko:K03809
cupp:CTP10_R55550	ko:K21636
cupp:CTP10_R55580	ko:K03406
cupp:CTP10_R55630	ko:K02003
cupp:CTP10_R55640	ko:K02004
cupp:CTP10_R55650	ko:K02004
cupp:CTP10_R55660	ko:K03312
cupp:CTP10_R55680	ko:K01521
cupp:CTP10_R55720	ko:K05366
cupp:CTP10_R55770	ko:K06988
cupp:CTP10_R55790	ko:K03293
cupp:CTP10_R55820	ko:K00091
cupp:CTP10_R55830	ko:K03527
cupp:CTP10_R55860	ko:K07323
cupp:CTP10_R55870	ko:K07003
cupp:CTP10_R55880	ko:K04754
cupp:CTP10_R55890	ko:K03772
cupp:CTP10_R55930	ko:K07245
cupp:CTP10_R55940	ko:K07156
cupp:CTP10_R55950	ko:K07233
cupp:CTP10_R55970	ko:K07665
cupp:CTP10_R55980	ko:K07644
cupp:CTP10_R56020	ko:K03704
cupp:CTP10_R56030	ko:K21678
cupp:CTP10_R56040	ko:K06045
cupp:CTP10_R56060	ko:K04046
cupp:CTP10_R56110	ko:K15554
cupp:CTP10_R56120	ko:K15555
cupp:CTP10_R56130	ko:K15553
cupp:CTP10_R56150	ko:K22622
cupp:CTP10_R56160	ko:K17225
cupp:CTP10_R56170	ko:K15553
cupp:CTP10_R56180	ko:K15554
cupp:CTP10_R56190	ko:K15554
cupp:CTP10_R56200	ko:K15555
cupp:CTP10_R56210	ko:K22303
cupp:CTP10_R56220	ko:K01740
cupp:CTP10_R56230	ko:K07027
cupp:CTP10_R56260	ko:K02073
cupp:CTP10_R56270	ko:K00166
cupp:CTP10_R56280	ko:K00167
cupp:CTP10_R56290	ko:K09699
cupp:CTP10_R56310	ko:K03321
cupp:CTP10_R56330	ko:K24158
cupp:CTP10_R56340	ko:K03415
cupp:CTP10_R56350	ko:K03710
cupp:CTP10_R56380	ko:K15553
cupp:CTP10_R56390	ko:K15554
cupp:CTP10_R56400	ko:K15555
cupp:CTP10_R56430	ko:K11891
cupp:CTP10_R56480	ko:K11904
cupp:CTP10_R56500	ko:K03636
cupp:CTP10_R56560	ko:K06901
cupp:CTP10_R56570	ko:K07032
cupp:CTP10_R56580	ko:K03746
cupp:CTP10_R56620	ko:K19577
cupp:CTP10_R56630	ko:K07234
cupp:CTP10_R56640	ko:K02575
cupp:CTP10_R56650	ko:K02575
cupp:CTP10_R56660	ko:K00370
cupp:CTP10_R56670	ko:K00371
cupp:CTP10_R56680	ko:K00373
cupp:CTP10_R56690	ko:K00374
cupp:CTP10_R56700	ko:K03769
cupp:CTP10_R56710	ko:K01673
cupp:CTP10_R56720	ko:K03753
cupp:CTP10_R56760	ko:K15864
cupp:CTP10_R56770	ko:K08738
cupp:CTP10_R56780	ko:K19344
cupp:CTP10_R56790	ko:K19345
cupp:CTP10_R56800	ko:K22225
cupp:CTP10_R56810	ko:K22225
cupp:CTP10_R56820	ko:K22225
cupp:CTP10_R56830	ko:K24868
cupp:CTP10_R56840	ko:K24867
cupp:CTP10_R56850	ko:K02303
cupp:CTP10_R56920	ko:K07638
cupp:CTP10_R56930	ko:K07659
cupp:CTP10_R56960	ko:K00481
cupp:CTP10_R56970	ko:K18954
cupp:CTP10_R56980	ko:K14727
cupp:CTP10_R56990	ko:K01857
cupp:CTP10_R57000	ko:K00448
cupp:CTP10_R57010	ko:K00449
cupp:CTP10_R57030	ko:K08195
cupp:CTP10_R57050	ko:K03406
cupp:CTP10_R57110	ko:K01142
cupp:CTP10_R57130	ko:K01426
cupp:CTP10_R57150	ko:K00355
cupp:CTP10_R57190	ko:K13639
cupp:CTP10_R57200	ko:K08738
cupp:CTP10_R57230	ko:K01626
cupp:CTP10_R57280	ko:K00249
cupp:CTP10_R57320	ko:K01755
cupp:CTP10_R57340	ko:K06991
cupp:CTP10_R57370	ko:K22209
cupp:CTP10_R57380	ko:K16135
cupp:CTP10_R57430	ko:K07497
cupp:CTP10_R57470	ko:K06991
cupp:CTP10_R57480	ko:K01968
cupp:CTP10_R57490	ko:K06351
cupp:CTP10_R57500	ko:K06350
cupp:CTP10_R57510	ko:K07160
cupp:CTP10_R57520	ko:K02160
cupp:CTP10_R57530	ko:K03762
cupp:CTP10_R57560	ko:K00054
cupp:CTP10_R57580	ko:K07793
cupp:CTP10_R57610	ko:K02529
cupp:CTP10_R57650	ko:K03776
cupp:CTP10_R57690	ko:K18323
cupp:CTP10_R57700	ko:K18322
cupp:CTP10_R57710	ko:K18321
cupp:CTP10_R57720	ko:K07642
cupp:CTP10_R57730	ko:K07664
cupp:CTP10_R57790	ko:K02529
cupp:CTP10_R57830	ko:K03701
cupp:CTP10_R57870	ko:K07240
cupp:CTP10_R57890	ko:K11177
cupp:CTP10_R57900	ko:K11178
cupp:CTP10_R57910	ko:K13483
cupp:CTP10_R57930	ko:K00384
cupp:CTP10_R57960	ko:K00325
cupp:CTP10_R57970	ko:K00324
cupp:CTP10_R57980	ko:K00324
cupp:CTP10_R58030	ko:K16849
cupp:CTP10_R58040	ko:K16850
cupp:CTP10_R58070	ko:K04090
cupp:CTP10_R58100	ko:K10680
cupp:CTP10_R58120	ko:K18242
cupp:CTP10_R58130	ko:K18243
cupp:CTP10_R58140	ko:K14578
cupp:CTP10_R58150	ko:K00529
cupp:CTP10_R58160	ko:K05548
cupp:CTP10_R58190	ko:K00383
cupp:CTP10_R58210	ko:K11209
cupp:CTP10_R58220	ko:K19338
cupp:CTP10_R58250	ko:K07114
cupp:CTP10_R58360	ko:K04561
cupp:CTP10_R58370	ko:K07322
cupp:CTP10_R58380	ko:K12266
cupp:CTP10_R58410	ko:K24843
cupp:CTP10_R58420	ko:K24845
cupp:CTP10_R58430	ko:K24844
cupp:CTP10_R58440	ko:K00459
cupp:CTP10_R58450	ko:K21563
cupp:CTP10_R58480	ko:K07673
cupp:CTP10_R58490	ko:K07684
cupp:CTP10_R58570	ko:K03168
cupp:CTP10_R58580	ko:K06889
cupp:CTP10_R58700	ko:K01971
cupp:CTP10_R58730	ko:K10979
cupp:CTP10_R58780	ko:K03406
cupp:CTP10_R58790	ko:K03666
cupp:CTP10_R58800	ko:K02406
cupp:CTP10_R58810	ko:K06603
cupp:CTP10_R58820	ko:K02407
cupp:CTP10_R58830	ko:K02422
cupp:CTP10_R58840	ko:K02423
cupp:CTP10_R58860	ko:K04061
cupp:CTP10_R58870	ko:K02408
cupp:CTP10_R58890	ko:K02409
cupp:CTP10_R58900	ko:K02410
cupp:CTP10_R58910	ko:K02411
cupp:CTP10_R58920	ko:K02412
cupp:CTP10_R58930	ko:K02413
cupp:CTP10_R58940	ko:K02414
cupp:CTP10_R58950	ko:K18843
cupp:CTP10_R58960	ko:K03919
cupp:CTP10_R58980	ko:K01738
cupp:CTP10_R58990	ko:K07090
cupp:CTP10_R59020	ko:K07093
cupp:CTP10_R59070	ko:K01674
cupp:CTP10_R59080	ko:K07090
cupp:CTP10_R59110	ko:K15726
cupp:CTP10_R59120	ko:K15727
cupp:CTP10_R59130	ko:K15725
cupp:CTP10_R59170	ko:K03088
cupp:CTP10_R59190	ko:K06999
cupp:CTP10_R59230	ko:K02031
cupp:CTP10_R59230	ko:K02032
cupp:CTP10_R59250	ko:K02034
cupp:CTP10_R59260	ko:K02033
cupp:CTP10_R59270	ko:K02035
cupp:CTP10_R59410	ko:K00121
cupp:CTP10_R59420	ko:K06132
cupp:CTP10_R59430	ko:K11733
cupp:CTP10_R59450	ko:K19157
cupp:CTP10_R59460	ko:K07473
cupp:CTP10_R59470	ko:K02014
cupp:CTP10_R59480	ko:K03457
cupp:CTP10_R59490	ko:K16841
cupp:CTP10_R59500	ko:K16842
cupp:CTP10_R59560	ko:K01434
cupp:CTP10_R59570	ko:K00380
cupp:CTP10_R59580	ko:K03734
cupp:CTP10_R59610	ko:K09939
cupp:CTP10_R59620	ko:K07240
cupp:CTP10_R59630	ko:K03406
cupp:CTP10_R59680	ko:K00059
cupp:CTP10_R59690	ko:K26731
cupp:CTP10_R59710	ko:K10218
cupp:CTP10_R59720	ko:K10220
cupp:CTP10_R59730	ko:K16514
cupp:CTP10_R59740	ko:K16516
cupp:CTP10_R59750	ko:K08195
cupp:CTP10_R59760	ko:K04099
cupp:CTP10_R59770	ko:K00799
cupp:CTP10_R59780	ko:K01259
cupp:CTP10_R59790	ko:K01940
cupp:CTP10_R59840	ko:K04750
cupp:CTP10_R59850	ko:K03745
cupp:CTP10_R59920	ko:K07001
cupp:CTP10_R59930	ko:K07112
cupp:CTP10_R59940	ko:K07112
cupp:CTP10_R59950	ko:K02624
cupp:CTP10_R59980	ko:K05835
cupp:CTP10_R59990	ko:K01975
cupp:CTP10_R60000	ko:K00567
cupp:CTP10_R60010	ko:K13529
cupp:CTP10_R60020	ko:K07263
cupp:CTP10_R60050	ko:K06446
cupp:CTP10_R60060	ko:K28868
cupp:CTP10_R60070	ko:K05712
cupp:CTP10_R60120	ko:K02484
cupp:CTP10_R60130	ko:K02483
cupp:CTP10_R60140	ko:K00845
cupp:CTP10_R60150	ko:K01057
cupp:CTP10_R60160	ko:K00036
cupp:CTP10_R60170	ko:K01690
cupp:CTP10_R60180	ko:K03442
cupp:CTP10_R60210	ko:K16091
cupp:CTP10_R60220	ko:K02837
cupp:CTP10_R60230	ko:K07058
cupp:CTP10_R60270	ko:K06901
cupp:CTP10_R60280	ko:K03704
cupp:CTP10_R60350	ko:K21883
cupp:CTP10_R60360	ko:K05913
cupp:CTP10_R60370	ko:K01631
cupp:CTP10_R60380	ko:K00883
cupp:CTP10_R60400	ko:K07795
cupp:CTP10_R60440	ko:K02106
cupp:CTP10_R60460	ko:K11735
cupp:CTP10_R60480	ko:K06995
cupp:CTP10_R60500	ko:K00140
cupp:CTP10_R60520	ko:K00245
cupp:CTP10_R60530	ko:K00246
cupp:CTP10_R60540	ko:K00247
cupp:CTP10_R60550	ko:K00244
cupp:CTP10_R60560	ko:K03779
cupp:CTP10_R60570	ko:K03780
cupp:CTP10_R60580	ko:K07045
cupp:CTP10_R60610	ko:K07090
cupp:CTP10_R60670	ko:K01607
cupp:CTP10_R60700	ko:K10221
cupp:CTP10_R60710	ko:K01053
cupp:CTP10_R60810	ko:K03762
cupp:CTP10_R60850	ko:K27838
cupp:CTP10_R60860	ko:K22213
cupp:CTP10_R60910	ko:K14057
cupp:CTP10_R60970	ko:K00163
cupp:CTP10_R60980	ko:K00627
cupp:CTP10_R61050	ko:K07001
cupp:CTP10_R61100	ko:K27838
cupp:CTP10_R61120	ko:K00344
cupp:CTP10_R61130	ko:K07002
cupp:CTP10_R61190	ko:K00344
cupp:CTP10_R61210	ko:K00387
cupp:CTP10_R61240	ko:K07715
cupp:CTP10_R61260	ko:K06907
cupp:CTP10_R61380	ko:K06903
cupp:CTP10_R61450	ko:K05973
cupp:CTP10_R61480	ko:K09781
cupp:CTP10_R61500	ko:K11177
cupp:CTP10_R61510	ko:K11178
cupp:CTP10_R61520	ko:K13483
cupp:CTP10_R61530	ko:K03574
cupp:CTP10_R61540	ko:K03746
cupp:CTP10_R61550	ko:K14228
cupp:CTP10_R61560	ko:K02342
cupp:CTP10_R61570	ko:K00799
cupp:CTP10_R61590	ko:K03086
cupp:CTP10_R61670	ko:K00375
cupp:CTP10_R61690	ko:K07552
cupp:CTP10_R61720	ko:K06140
cupp:CTP10_R61790	ko:K02053
cupp:CTP10_R61800	ko:K02054
cupp:CTP10_R61810	ko:K02055
cupp:CTP10_R61850	ko:K01438
cupp:CTP10_R61860	ko:K29125
cupp:CTP10_R61870	ko:K07222
cupp:CTP10_R61880	ko:K02052
cupp:CTP10_R61910	ko:K03786
cupp:CTP10_R61920	ko:K12972
cupp:CTP10_R61980	ko:K00344
cupp:CTP10_R62100	ko:K01791
cupp:CTP10_R62150	ko:K01640
cupp:CTP10_R62200	ko:K19338
cupp:CTP10_R62240	ko:K15054
cupp:CTP10_R62250	ko:K03300
cupp:CTP10_R62300	ko:K15725
cupp:CTP10_R62310	ko:K15727
cupp:CTP10_R62320	ko:K15727
cupp:CTP10_R62330	ko:K15726
cupp:CTP10_R62410	ko:K14230
cupp:CTP10_R62420	ko:K03746
cupp:CTP10_R62430	ko:K03746
cupp:CTP10_R62480	ko:K00163
cupp:CTP10_R62490	ko:K07303
cupp:CTP10_R62500	ko:K07302
cupp:CTP10_R62520	ko:K03333
cupp:CTP10_R62580	ko:K13954
cupp:CTP10_R62630	ko:K18901
cupp:CTP10_R62640	ko:K18902
cupp:CTP10_R62650	ko:K18903
cupp:CTP10_R62730	ko:K08995
cupp:CTP10_R62800	ko:K01130
cupp:CTP10_R62890	ko:K06893
cupp:CTP10_R62910	ko:K21801
cupp:CTP10_R62930	ko:K16137
cupp:CTP10_R62960	ko:K01501
cupp:CTP10_R63070	ko:K07001
cupp:CTP10_R63100	ko:K01782
cupp:CTP10_R63110	ko:K00626
cupp:CTP10_R63130	ko:K01897
cupp:CTP10_R63140	ko:K00255
cupp:CTP10_R63150	ko:K00249
cupp:CTP10_R63290	ko:K00325
cupp:CTP10_R63300	ko:K00324
cupp:CTP10_R63310	ko:K00324
cupp:CTP10_R63330	ko:K00285
cupp:CTP10_R63350	ko:K00059
cupp:CTP10_R63360	ko:K01714
cupp:CTP10_R63370	ko:K01760
cupp:CTP10_R63380	ko:K08351
cupp:CTP10_R63390	ko:K13633
cupp:CTP10_R63400	ko:K05800
cupp:CTP10_R63420	ko:K07448
cupp:CTP10_R63430	ko:K25227
cupp:CTP10_R63470	ko:K07002
cupp:CTP10_R63480	ko:K00059
cupp:CTP10_R63500	ko:K00344
cupp:CTP10_R63530	ko:K03556
cupp:CTP10_R63660	ko:K01841
cupp:CTP10_R63670	ko:K09459
cupp:CTP10_R63680	ko:K03430
cupp:CTP10_R63740	ko:K00986
cupp:CTP10_R63760	ko:K01524
cupp:CTP10_R63780	ko:K12541
cupp:CTP10_R63790	ko:K12542
cupp:CTP10_R63810	ko:K12543
cupp:CTP10_R63820	ko:K11106
cupp:CTP10_R63850	ko:K00335
cupp:CTP10_R63860	ko:K01679
cupp:CTP10_R63950	ko:K00483
cupp:CTP10_R63970	ko:K00145
cupp:CTP10_R64020	ko:K01714
cupp:CTP10_R64080	ko:K00344
cupp:CTP10_R64160	ko:K02275
cupp:CTP10_R64170	ko:K02274
cupp:CTP10_R64190	ko:K07300
cupp:CTP10_R64240	ko:K00625
cupp:CTP10_R64250	ko:K00925
cupp:CTP10_R64260	ko:K00208
cupp:CTP10_R64280	ko:K07154
cupp:CTP10_R64300	ko:K28280
cupp:CTP10_R64330	ko:K07498
cupp:CTP10_R64390	ko:K02053
cupp:CTP10_R64400	ko:K02054
cupp:CTP10_R64410	ko:K02055
cupp:CTP10_R64420	ko:K02052
cupp:CTP10_R64490	ko:K01652
cupp:CTP10_R64500	ko:K00128
cupp:CTP10_R64570	ko:K00285
cupp:CTP10_R64650	ko:K00459
cupp:CTP10_R64740	ko:K01791
cupp:CTP10_R64790	ko:K03746
cupp:CTP10_R64850	ko:K07485
cupp:CTP10_R64860	ko:K07497
cupp:CTP10_R64870	ko:K07484
cupp:CTP10_R64880	ko:K07484
cupp:CTP10_R64890	ko:K07483
cupp:CTP10_R64900	ko:K07486
cupp:CTP10_R64910	ko:K07154
cupp:CTP10_R64920	ko:K15773
cupp:CTP10_R65010	ko:K12071
cupp:CTP10_R65120	ko:K07002
cupp:CTP10_R65300	ko:K00344
cupp:CTP10_R65310	ko:K29125
cupp:CTP10_R65320	ko:K15737
cupp:CTP10_R65370	ko:K07002
cupp:CTP10_R65400	ko:K06921
cupp:CTP10_R65540	ko:K07485
cupp:CTP10_R65640	ko:K01534
cupp:CTP10_R65660	ko:K07507
cupp:CTP10_R65690	ko:K15725
cupp:CTP10_R65700	ko:K15727
cupp:CTP10_R65710	ko:K15726
cupp:CTP10_R65720	ko:K16264
cupp:CTP10_R65730	ko:K07665
cupp:CTP10_R65740	ko:K07644
cupp:CTP10_R65790	ko:K02387
cupp:CTP10_R65820	ko:K20534
cupp:CTP10_R65850	ko:K04751
cupp:CTP10_R65870	ko:K15725
cupp:CTP10_R65880	ko:K15727
cupp:CTP10_R65890	ko:K15726
cupp:CTP10_R65900	ko:K04751
cupp:CTP10_R65970	ko:K07644
cupp:CTP10_R66020	ko:K08365
cupp:CTP10_R66030	ko:K08363
cupp:CTP10_R66040	ko:K08364
cupp:CTP10_R66050	ko:K19058
cupp:CTP10_R66060	ko:K00520
cupp:CTP10_R66080	ko:K07243
cupp:CTP10_R66090	ko:K19302
cupp:CTP10_R66110	ko:K07486
cupp:CTP10_R66120	ko:K00986
cupp:CTP10_R66140	ko:K00382
cupp:CTP10_R66180	ko:K06196
cupp:CTP10_R66220	ko:K03101
cupp:CTP10_R66230	ko:K01534
cupp:CTP10_R66260	ko:K07810
cupp:CTP10_R66270	ko:K07787
cupp:CTP10_R66280	ko:K07798
cupp:CTP10_R66290	ko:K07796
cupp:CTP10_R66350	ko:K17686
cupp:CTP10_R66390	ko:K07459
cupp:CTP10_R66500	ko:K00344
cupp:CTP10_R66550	ko:K03746
cupp:CTP10_R66620	ko:K00986
cupp:CTP10_R66630	ko:K07486
cupp:CTP10_R66680	ko:K03686
cupp:CTP10_R66720	ko:K03746
cupp:CTP10_R66740	ko:K05973
cupp:CTP10_R67060	ko:K07483
cupp:CTP10_R67110	ko:K11068
cupp:CTP10_R67190	ko:K13993
cupp:CTP10_R67210	ko:K07497
cupp:CTP10_R67220	ko:K07483
cupp:CTP10_R67240	ko:K06872
cupp:CTP10_R67250	ko:K00789
cupp:CTP10_R67260	ko:K17686
cupp:CTP10_R67310	ko:K03798
cupp:CTP10_R67320	ko:K22468
cupp:CTP10_R67330	ko:K07303
cupp:CTP10_R67340	ko:K07302
cupp:CTP10_R67390	ko:K22042
cupp:CTP10_R67400	ko:K07112
cupp:CTP10_R67410	ko:K07112
cupp:CTP10_R67430	ko:K07483
cupp:CTP10_R67470	ko:K02005
cupp:CTP10_R67480	ko:K02004
cupp:CTP10_R67490	ko:K02003
cupp:CTP10_R67530	ko:K07028
cupp:CTP10_R67560	ko:K06204
cupp:CTP10_R67570	ko:K00948
cupp:CTP10_R67670	ko:K00758
cupp:CTP10_R67680	ko:K01420
cupp:CTP10_R67690	ko:K13993
cupp:CTP10_R67740	ko:K09181
cupp:CTP10_R67810	ko:K07576
cupp:CTP10_R67830	ko:K13953
cupp:CTP10_R67870	ko:K15977
cupp:CTP10_R67890	ko:K07486
cupp:CTP10_R67940	ko:K07486
cupp:CTP10_R68000	ko:K25227
cupp:CTP10_R68050	ko:K01679
cupp:CTP10_R68060	ko:K00335
cupp:CTP10_R68090	ko:K11106
cupp:CTP10_R68120	ko:K03319
cupp:CTP10_R68150	ko:K07300
cupp:CTP10_R68210	ko:K13487
cupp:CTP10_R68220	ko:K03549
cupp:CTP10_R68290	ko:K01996
cupp:CTP10_R68300	ko:K01995
cupp:CTP10_R68310	ko:K01999
cupp:CTP10_R68320	ko:K01998
cupp:CTP10_R68330	ko:K01997
cupp:CTP10_R68360	ko:K29029
cupp:CTP10_R68650	ko:K00986
cupp:CTP10_R68680	ko:K04763
cupp:CTP10_R68690	ko:K04763
cupp:CTP10_R68710	ko:K07483
cupp:CTP10_R68730	ko:K13993
cupp:CTP10_R68750	ko:K13993
cupp:CTP10_R68770	ko:K04078
cupp:CTP10_R68780	ko:K04077
cupp:CTP10_R68790	ko:K04043
cupp:CTP10_R68800	ko:K13993
cupp:CTP10_R68810	ko:K14229
cupp:CTP10_R68910	ko:K00135
cupp:CTP10_R68930	ko:K07246
cupp:CTP10_R68940	ko:K00058
cupp:CTP10_R68980	ko:K01687
cupp:CTP10_R69000	ko:K02529
cupp:CTP10_R69020	ko:K01995
cupp:CTP10_R69030	ko:K01996
cupp:CTP10_R69040	ko:K01997
cupp:CTP10_R69050	ko:K01998
cupp:CTP10_R69060	ko:K01999
cupp:CTP10_R69080	ko:K18581
cupp:CTP10_R69090	ko:K17865
cupp:CTP10_R69100	ko:K01026
cupp:CTP10_R69110	ko:K00043
cupp:CTP10_R69120	ko:K11410
cupp:CTP10_R69130	ko:K20034
cupp:CTP10_R69150	ko:K19147
cupp:CTP10_R69160	ko:K07452
cupp:CTP10_R69180	ko:K03746
cupp:CTP10_R69260	ko:K07497
cupp:CTP10_R69290	ko:K03746
cupp:CTP10_R69360	ko:K03746
cupp:CTP10_R69450	ko:K27603
cupp:CTP10_R69520	ko:K03746
cupp:CTP10_R69650	ko:K00939
cupp:CTP10_R69660	ko:K16137
cupp:CTP10_R69700	ko:K02106
cupp:CTP10_R69740	ko:K19745
cupp:CTP10_R69810	ko:K14652
cupp:CTP10_R69820	ko:K00135
cupp:CTP10_R69830	ko:K03761
cupp:CTP10_R69840	ko:K20938
cupp:CTP10_R69900	ko:K02106
cupp:CTP10_R69930	ko:K00121
cupp:CTP10_R69940	ko:K01070
cupp:CTP10_R69970	ko:K03746
cupp:CTP10_R70020	ko:K16165
cupp:CTP10_R70030	ko:K26399
cupp:CTP10_R70050	ko:K01714
cupp:CTP10_R70090	ko:K01628
cupp:CTP10_R70110	ko:K18954
cupp:CTP10_R70140	ko:K01595
cupp:CTP10_R70150	ko:K02030
cupp:CTP10_R70200	ko:K00058
cupp:CTP10_R70280	ko:K19784
cupp:CTP10_R70290	ko:K01689
cupp:CTP10_R70350	ko:K01821
cupp:CTP10_R70380	ko:K00058
cupp:CTP10_R70400	ko:K23356
cupp:CTP10_R70450	ko:K02554
cupp:CTP10_R70460	ko:K01617
cupp:CTP10_R70470	ko:K04073
cupp:CTP10_R70480	ko:K01666
cupp:CTP10_R70490	ko:K18029
cupp:CTP10_R70500	ko:K18030
cupp:CTP10_R70530	ko:K08319
cupp:CTP10_R70550	ko:K21948
cupp:CTP10_R70560	ko:K01803
cupp:CTP10_R70570	ko:K00131
cupp:CTP10_R70580	ko:K00873
cupp:CTP10_R70590	ko:K01689
cupp:CTP10_R70600	ko:K01834
cupp:CTP10_R70620	ko:K01595
cupp:CTP10_R70650	ko:K01053
cupp:CTP10_R70710	ko:K00217
cupp:CTP10_R70720	ko:K04098
cupp:CTP10_R70750	ko:K01996
cupp:CTP10_R70760	ko:K01995
cupp:CTP10_R70770	ko:K01998
cupp:CTP10_R70780	ko:K01997
cupp:CTP10_R70790	ko:K03809
cupp:CTP10_R70810	ko:K15977
cupp:CTP10_R70850	ko:K01999
cupp:CTP10_R70890	ko:K00020
cupp:CTP10_R70910	ko:K03711
cupp:CTP10_R70940	ko:K16048
cupp:CTP10_R70950	ko:K00549
cupp:CTP10_R70970	ko:K09765
cupp:CTP10_R70980	ko:K03576
cupp:CTP10_R71000	ko:K07497
cupp:CTP10_R71070	ko:K03704
cupp:CTP10_R71090	ko:K13771
cupp:CTP10_R71130	ko:K26735
cupp:CTP10_R71140	ko:K07486
cupp:CTP10_R71160	ko:K07497
cupp:CTP10_R71170	ko:K07483
cupp:CTP10_R71280	ko:K03088
cupp:CTP10_R71320	ko:K14347
cupp:CTP10_R71380	ko:K06140
cupp:CTP10_R71450	ko:K09007
cupp:CTP10_R71490	ko:K08995
cupp:CTP10_R71510	ko:K00023
cupp:CTP10_R71540	ko:K00986
cupp:CTP10_R71570	ko:K07486
cupp:CTP10_R71580	ko:K07484
cupp:CTP10_R71590	ko:K07484
cupp:CTP10_R71640	ko:K13995
cupp:CTP10_R71660	ko:K01799
cupp:CTP10_R71670	ko:K20454
cupp:CTP10_R71680	ko:K01703
cupp:CTP10_R71690	ko:K01704
cupp:CTP10_R71870	ko:K10218
cupp:CTP10_R71890	ko:K03761
cupp:CTP10_R71900	ko:K05913
cupp:CTP10_R71930	ko:K01999
cupp:CTP10_R71950	ko:K00249
cupp:CTP10_R71980	ko:K01895
cupp:CTP10_R71990	ko:K00217
cupp:CTP10_R72020	ko:K02035
cupp:CTP10_R72030	ko:K07025
cupp:CTP10_R72040	ko:K06995
cupp:CTP10_R72060	ko:K07025
cupp:CTP10_R72070	ko:K06995
cupp:CTP10_R72090	ko:K12972
cupp:CTP10_R72120	ko:K02035
cupp:CTP10_R72130	ko:K02033
cupp:CTP10_R72140	ko:K02034
cupp:CTP10_R72150	ko:K02031
cupp:CTP10_R72150	ko:K02032
cupp:CTP10_R72160	ko:K00135
cupp:CTP10_R72180	ko:K07250
cupp:CTP10_R72210	ko:K27848
cupp:CTP10_R72220	ko:K05548
cupp:CTP10_R72230	ko:K05783
cupp:CTP10_R72240	ko:K05784
cupp:CTP10_R72250	ko:K05550
cupp:CTP10_R72260	ko:K05549
cupp:CTP10_R72270	ko:K03381
cupp:CTP10_R72280	ko:K21757
cupp:CTP10_R72290	ko:K21757
cupp:CTP10_R72300	ko:K01856
cupp:CTP10_R72310	ko:K03464
cupp:CTP10_R72350	ko:K01031
cupp:CTP10_R72360	ko:K01032
cupp:CTP10_R72380	ko:K29042
cupp:CTP10_R72390	ko:K03464
cupp:CTP10_R72440	ko:K28280
cupp:CTP10_R72450	ko:K28279
cupp:CTP10_R72460	ko:K01768
cupp:CTP10_R72470	ko:K00826
cupp:CTP10_R72480	ko:K07497
cupp:CTP10_R72510	ko:K01999
cupp:CTP10_R72520	ko:K21826
cupp:CTP10_R72530	ko:K02001
cupp:CTP10_R72540	ko:K02000
cupp:CTP10_R72550	ko:K01433
cupp:CTP10_R72560	ko:K02002
cupp:CTP10_R72570	ko:K21832
cupp:CTP10_R72580	ko:K00479
cupp:CTP10_R72590	ko:K25961
cupp:CTP10_R72600	ko:K25960
cupp:CTP10_R72610	ko:K21834
cupp:CTP10_R72620	ko:K21833
cupp:CTP10_R72640	ko:K01273
cupp:CTP10_R72650	ko:K00600
cupp:CTP10_R72660	ko:K21826
cupp:CTP10_R72670	ko:K00148
cupp:CTP10_R72690	ko:K01633
cupp:CTP10_R72700	ko:K00305
cupp:CTP10_R72710	ko:K00302
cupp:CTP10_R72720	ko:K00304
cupp:CTP10_R72730	ko:K00303
cupp:CTP10_R72740	ko:K01752
cupp:CTP10_R72760	ko:K00121
cupp:CTP10_R72790	ko:K00605
cupp:CTP10_R72850	ko:K21703
cupp:CTP10_R72870	ko:K03885
cupp:CTP10_R72910	ko:K01996
cupp:CTP10_R72920	ko:K01995
cupp:CTP10_R72930	ko:K01998
cupp:CTP10_R72940	ko:K01997
cupp:CTP10_R72950	ko:K01999
cupp:CTP10_R72960	ko:K00615
cupp:CTP10_R72970	ko:K00615
cupp:CTP10_R72980	ko:K00135
cupp:CTP10_R72990	ko:K00005
cupp:CTP10_R73040	ko:K06204
cupp:CTP10_R73060	ko:K03381
cupp:CTP10_R73080	ko:K00059
cupp:CTP10_R73110	ko:K01426
cupp:CTP10_R73140	ko:K22027
cupp:CTP10_R73170	ko:K00484
cupp:CTP10_R73180	ko:K01821
cupp:CTP10_R73190	ko:K02511
cupp:CTP10_R73360	ko:K14657
cupp:CTP10_R73390	ko:K00064
cupp:CTP10_R73450	ko:K14393
cupp:CTP10_R73490	ko:K05523
cupp:CTP10_R73530	ko:K00217
cupp:CTP10_R73550	ko:K16842
cupp:CTP10_R73600	ko:K01796
cupp:CTP10_R73690	ko:K07535
cupp:CTP10_R73700	ko:K18702
cupp:CTP10_R73730	ko:K01053
cupp:CTP10_R73750	ko:K00058
cupp:CTP10_R73760	ko:K10218
cupp:CTP10_R73810	ko:K05548
cupp:CTP10_R73830	ko:K00483
cupp:CTP10_R73850	ko:K02433
cupp:CTP10_R73880	ko:K05714
cupp:CTP10_R73890	ko:K03863
cupp:CTP10_R73940	ko:K09472
cupp:CTP10_R73950	ko:K01714
cupp:CTP10_R73960	ko:K08368
cupp:CTP10_R73990	ko:K19338
cupp:CTP10_R74030	ko:K02553
cupp:CTP10_R74060	ko:K19338
cupp:CTP10_R74070	ko:K16877
cupp:CTP10_R74080	ko:K16878
cupp:CTP10_R74090	ko:K16879
cupp:CTP10_R74100	ko:K16876
cupp:CTP10_R74110	ko:K16880
cupp:CTP10_R74130	ko:K06886
cupp:CTP10_R74180	ko:K21495
cupp:CTP10_R74190	ko:K07062
cupp:CTP10_R74200	ko:K01580
cupp:CTP10_R74230	ko:K28762
cupp:CTP10_R74270	ko:K00645
cupp:CTP10_R74280	ko:K13930
cupp:CTP10_R74290	ko:K13934
cupp:CTP10_R74300	ko:K13933
cupp:CTP10_R74310	ko:K13932
cupp:CTP10_R74320	ko:K13931
cupp:CTP10_R74330	ko:K13929
cupp:CTP10_R74370	ko:K11902
cupp:CTP10_R74380	ko:K11891
cupp:CTP10_R74390	ko:K11892
cupp:CTP10_R74400	ko:K11893
cupp:CTP10_R74410	ko:K11918
cupp:CTP10_R74430	ko:K01779
cupp:CTP10_R74490	ko:K11904
cupp:CTP10_R74500	ko:K11907
cupp:CTP10_R74510	ko:K11895
cupp:CTP10_R74520	ko:K11896
cupp:CTP10_R74530	ko:K11897
cupp:CTP10_R74540	ko:K11903
cupp:CTP10_R74550	ko:K11900
cupp:CTP10_R74560	ko:K11901
cupp:CTP10_R74590	ko:K19667
cupp:CTP10_R74620	ko:K19667
cupp:CTP10_R74690	ko:K16692
cupp:CTP10_R74700	ko:K25307
cupp:CTP10_R74710	ko:K01991
cupp:CTP10_R74720	ko:K00963
cupp:CTP10_R74740	ko:K06153
cupp:CTP10_R74770	ko:K03497
cupp:CTP10_R74780	ko:K03496
cupp:CTP10_R74860	ko:K12071
cupp:CTP10_R74870	ko:K12070
cupp:CTP10_R74890	ko:K20266
cupp:CTP10_R74900	ko:K20530
cupp:CTP10_R74910	ko:K20529
cupp:CTP10_R74940	ko:K20531
cupp:CTP10_R74950	ko:K20532
cupp:CTP10_R74960	ko:K20533
cupp:CTP10_R75160	ko:K03111
cupp:CTP10_R75170	ko:K06919
cupp:CTP10_R75190	ko:K07485
cupp:CTP10_R75240	ko:K00986
cupp:CTP10_R75270	ko:K18640
cupp:CTP10_R75520	ko:K06077
cupp:CTP10_R75660	ko:K03547
cupp:CTP10_R75680	ko:K03546
cupp:CTP10_R75890	ko:K14160
cupp:CTP10_R75900	ko:K14161
cupp:CTP10_R75910	ko:K14162
cupp:CTP10_R75980	ko:K01580
cupp:CTP10_R76000	ko:K01714
cupp:CTP10_R76010	ko:K28762
cupp:CTP10_R76080	ko:K01971
cupp:CTP10_R76090	ko:K10979
cupp:CTP10_R76110	ko:K03746
cupp:CTP10_R76160	ko:K03086
cupp:CTP10_R76170	ko:K03704
cupp:CTP10_R76190	ko:K00799
cupp:CTP10_R76240	ko:K07483
cupp:CTP10_R76250	ko:K07497
cupp:CTP10_R76330	ko:K03746
cupp:CTP10_R76400	ko:K03746
cupp:CTP10_R76470	ko:K07484
cupp:CTP10_R76480	ko:K07484
cupp:CTP10_R76490	ko:K07483
cupp:CTP10_R76540	ko:K01029
cupp:CTP10_R76550	ko:K01028
cupp:CTP10_R76610	ko:K19577
cupp:CTP10_R76640	ko:K11209
cupp:CTP10_R76650	ko:K00799
cupp:CTP10_R76680	ko:K03566
cupp:CTP10_R76700	ko:K07396
cupp:CTP10_R76730	ko:K10680
cupp:CTP10_R76750	ko:K07232
cupp:CTP10_R76760	ko:K00382
cupp:CTP10_R76770	ko:K01886
cupp:CTP10_R76830	ko:K00074
cupp:CTP10_R76840	ko:K07483
cupp:CTP10_R76850	ko:K07484
cupp:CTP10_R76890	ko:K00666
cupp:CTP10_R76910	ko:K07402
cupp:CTP10_R76920	ko:K09386
cupp:CTP10_R76930	ko:K24716
cupp:CTP10_R76940	ko:K24718
cupp:CTP10_R76950	ko:K03519
cupp:CTP10_R77000	ko:K15737
cupp:CTP10_R77010	ko:K29125
cupp:CTP10_R77020	ko:K22187
cupp:CTP10_R77060	ko:K21405
cupp:CTP10_R77070	ko:K07232
cupp:CTP10_R77090	ko:K10680
cupp:CTP10_R77150	ko:K10680
cupp:CTP10_R77170	ko:K06867
cupp:CTP10_R77180	ko:K03781
cupp:CTP10_R77190	ko:K28615
cupp:CTP10_R77210	ko:K10680
cupp:CTP10_R77260	ko:K26605
cupp:CTP10_R77270	ko:K26606
cupp:CTP10_R77280	ko:K00384
cupp:CTP10_R77290	ko:K01996
cupp:CTP10_R77300	ko:K01995
cupp:CTP10_R77310	ko:K01998
cupp:CTP10_R77320	ko:K01997
cupp:CTP10_R77330	ko:K01999
cupp:CTP10_R77370	ko:K14393
cupp:CTP10_R77390	ko:K26601
cupp:CTP10_R77400	ko:K23107
cupp:CTP10_R77430	ko:K03786
cupp:CTP10_R77480	ko:K01661
cupp:CTP10_R77490	ko:K12507
cupp:CTP10_R77500	ko:K01715
cupp:CTP10_R77530	ko:K00074
cupp:CTP10_R77550	ko:K01796
cupp:CTP10_R77560	ko:K00344
cupp:CTP10_R77570	ko:K00074
cupp:CTP10_R77590	ko:K01998
cupp:CTP10_R77600	ko:K01997
cupp:CTP10_R77610	ko:K01996
cupp:CTP10_R77620	ko:K01995
cupp:CTP10_R77630	ko:K01999
cupp:CTP10_R77660	ko:K01999
cupp:CTP10_R77670	ko:K05825
cupp:CTP10_R77680	ko:K07506
cupp:CTP10_R77690	ko:K00325
cupp:CTP10_R77700	ko:K00324
cupp:CTP10_R77710	ko:K20035
cupp:CTP10_R77720	ko:K15866
cupp:CTP10_R77740	ko:K01715
cupp:CTP10_R77750	ko:K07536
cupp:CTP10_R77760	ko:K07535
cupp:CTP10_R77770	ko:K20034
cupp:CTP10_R77780	ko:K00219
cupp:CTP10_R77790	ko:K05548
cupp:CTP10_R77800	ko:K00344
cupp:CTP10_R77810	ko:K02503
cupp:CTP10_R77830	ko:K00826
cupp:CTP10_R77840	ko:K01996
cupp:CTP10_R77850	ko:K01995
cupp:CTP10_R77860	ko:K01998
cupp:CTP10_R77870	ko:K01997
cupp:CTP10_R77880	ko:K01999
cupp:CTP10_R77890	ko:K01999
cupp:CTP10_R77900	ko:K04090
cupp:CTP10_R77910	ko:K00059
cupp:CTP10_R77930	ko:K26601
cupp:CTP10_R77950	ko:K03522
cupp:CTP10_R77960	ko:K00311
cupp:CTP10_R77970	ko:K07823
cupp:CTP10_R77980	ko:K07516
cupp:CTP10_R77990	ko:K06446
cupp:CTP10_R78110	ko:K07484
cupp:CTP10_R78180	ko:K03762
cupp:CTP10_R78240	ko:K00135
cupp:CTP10_R78270	ko:K11473
cupp:CTP10_R78280	ko:K11472
cupp:CTP10_R78290	ko:K00104
cupp:CTP10_R78300	ko:K03566
cupp:CTP10_R78310	ko:K00803
cupp:CTP10_R78320	ko:K01041
cupp:CTP10_R78340	ko:K02529
cupp:CTP10_R78460	ko:K00128
cupp:CTP10_R78500	ko:K07486
cupp:CTP10_R78510	ko:K07481
cupp:CTP10_R78540	ko:K02529
cupp:CTP10_R78580	ko:K07171
cupp:CTP10_R78590	ko:K07172
cupp:CTP10_R78620	ko:K03497
cupp:CTP10_R78630	ko:K03496
cupp:CTP10_R78650	ko:K03496
cupp:CTP10_R78660	ko:K03497
cupp:CTP10_R78720	ko:K12214
cupp:CTP10_R78740	ko:K12213
cupp:CTP10_R78750	ko:K12209
cupp:CTP10_R78790	ko:K12212
cupp:CTP10_R78820	ko:K12206
cupp:CTP10_R78940	ko:K12218
cupp:CTP10_R78950	ko:K12228
cupp:CTP10_R78960	ko:K12217
cupp:CTP10_R79050	ko:K03530
cupp:CTP10_R79120	ko:K12221
cupp:CTP10_R79210	ko:K03111
cupp:CTP10_R79420	ko:K07810
cupp:CTP10_R79430	ko:K07787
cupp:CTP10_R79440	ko:K07798
cupp:CTP10_R79450	ko:K07796
cupp:CTP10_R79540	ko:K03760
cupp:CTP10_R79560	ko:K01155
cupp:CTP10_R79580	ko:K17686
cupp:CTP10_R79630	ko:K07245
cupp:CTP10_R79640	ko:K07156
cupp:CTP10_R79650	ko:K07233
cupp:CTP10_R79670	ko:K07665
cupp:CTP10_R79680	ko:K07644
cupp:CTP10_R79730	ko:K07233
cupp:CTP10_R79810	ko:K07243
cupp:CTP10_R79870	ko:K15725
cupp:CTP10_R79960	ko:K03821
cupp:CTP10_R79990	ko:K16090
cupp:CTP10_R80090	ko:K15726
cupp:CTP10_R80100	ko:K15727
cupp:CTP10_R80110	ko:K15725
cupp:CTP10_R80210	ko:K07459
cupp:CTP10_R80380	ko:K03746
cupp:CTP10_R80510	ko:K00626
cupp:CTP10_R80520	ko:K13953
cupp:CTP10_R80530	ko:K00130
cupp:CTP10_R80560	ko:K04755
cupp:CTP10_R80570	ko:K00529
cupp:CTP10_R80660	ko:K03746
cupp:CTP10_R80680	ko:K09709
cupp:CTP10_R80710	ko:K00986
cupp:CTP10_R80770	ko:K07256
cupp:CTP10_R80780	ko:K07255
cupp:CTP10_R80840	ko:K03746
cupp:CTP10_R80890	ko:K19745
cupp:CTP10_R80920	ko:K11078
cupp:CTP10_R80930	ko:K11079
cupp:CTP10_R80940	ko:K02055
cupp:CTP10_R80950	ko:K02052
cupp:CTP10_R80970	ko:K07486
cupp:CTP10_R81000	ko:K03746
cupp:CTP10_R81050	ko:K02160
cupp:CTP10_R81080	ko:K01961
cupp:CTP10_R81110	ko:K00833
cupp:CTP10_R81120	ko:K00652
cupp:CTP10_R81130	ko:K01935
cupp:CTP10_R81140	ko:K01012
cupp:CTP10_R81160	ko:K03809
cupp:CTP10_R81190	ko:K01997
cupp:CTP10_R81200	ko:K01998
cupp:CTP10_R81210	ko:K01995
cupp:CTP10_R81220	ko:K01996
cupp:CTP10_R81230	ko:K01692
cupp:CTP10_R81260	ko:K01999
cupp:CTP10_R81370	ko:K00558
cupp:CTP10_R81540	ko:K07481
cupp:CTP10_R81590	ko:K03169
cupp:CTP10_R81620	ko:K26273
cupp:CTP10_R81750	ko:K12203
cupp:CTP10_R81760	ko:K12204
cupp:CTP10_R81770	ko:K12205
