gai:IMCC3135_00005	ko:K02313
gai:IMCC3135_00010	ko:K02338
gai:IMCC3135_00015	ko:K03629
gai:IMCC3135_00020	ko:K02470
gai:IMCC3135_00025	ko:K01414
gai:IMCC3135_00030	ko:K03182
gai:IMCC3135_00045	ko:K01719
gai:IMCC3135_00050	ko:K01755
gai:IMCC3135_00055	ko:K06999
gai:IMCC3135_00065	ko:K01586
gai:IMCC3135_00070	ko:K01778
gai:IMCC3135_00075	ko:K09921
gai:IMCC3135_00080	ko:K03733
gai:IMCC3135_00085	ko:K23127
gai:IMCC3135_00090	ko:K01419
gai:IMCC3135_00095	ko:K03667
gai:IMCC3135_00105	ko:K03183
gai:IMCC3135_00110	ko:K03690
gai:IMCC3135_00115	ko:K03688
gai:IMCC3135_00125	ko:K01673
gai:IMCC3135_00135	ko:K16074
gai:IMCC3135_00140	ko:K03657
gai:IMCC3135_00150	ko:K00799
gai:IMCC3135_00175	ko:K11688
gai:IMCC3135_00190	ko:K22579
gai:IMCC3135_00215	ko:K02335
gai:IMCC3135_00225	ko:K01977
gai:IMCC3135_00230	ko:K14227
gai:IMCC3135_00235	ko:K14218
gai:IMCC3135_00240	ko:K01980
gai:IMCC3135_00245	ko:K01985
gai:IMCC3135_00275	ko:K03738
gai:IMCC3135_00285	ko:K03636
gai:IMCC3135_00295	ko:K03639
gai:IMCC3135_00315	ko:K22551
gai:IMCC3135_00325	ko:K01776
gai:IMCC3135_00335	ko:K08218
gai:IMCC3135_00340	ko:K01197
gai:IMCC3135_00360	ko:K05592
gai:IMCC3135_00375	ko:K03406
gai:IMCC3135_00390	ko:K16259
gai:IMCC3135_00395	ko:K16258
gai:IMCC3135_00400	ko:K16257
gai:IMCC3135_00405	ko:K16256
gai:IMCC3135_00445	ko:K07126
gai:IMCC3135_00450	ko:K17226
gai:IMCC3135_00470	ko:K23995
gai:IMCC3135_00515	ko:K17225
gai:IMCC3135_00520	ko:K22622
gai:IMCC3135_00525	ko:K02051
gai:IMCC3135_00530	ko:K02050
gai:IMCC3135_00535	ko:K02049
gai:IMCC3135_00540	ko:K01992
gai:IMCC3135_00545	ko:K01990
gai:IMCC3135_00570	ko:K03286
gai:IMCC3135_00575	ko:K01867
gai:IMCC3135_00595	ko:K00612
gai:IMCC3135_00605	ko:K00625
gai:IMCC3135_00610	ko:K07219
gai:IMCC3135_00640	ko:K02483
gai:IMCC3135_00645	ko:K02484
gai:IMCC3135_00650	ko:K05772
gai:IMCC3135_00660	ko:K00135
gai:IMCC3135_00665	ko:K01915
gai:IMCC3135_00670	ko:K09471
gai:IMCC3135_00680	ko:K00817
gai:IMCC3135_00700	ko:K03673
gai:IMCC3135_00710	ko:K03978
gai:IMCC3135_00715	ko:K01999
gai:IMCC3135_00720	ko:K01997
gai:IMCC3135_00730	ko:K01995
gai:IMCC3135_00735	ko:K01996
gai:IMCC3135_00750	ko:K02670
gai:IMCC3135_00755	ko:K02674
gai:IMCC3135_00765	ko:K24180
gai:IMCC3135_00770	ko:K00033
gai:IMCC3135_00780	ko:K00046
gai:IMCC3135_00785	ko:K00098
gai:IMCC3135_00790	ko:K00851
gai:IMCC3135_00795	ko:K01053
gai:IMCC3135_00810	ko:K10914
gai:IMCC3135_00815	ko:K12368
gai:IMCC3135_00825	ko:K12369
gai:IMCC3135_00830	ko:K12370
gai:IMCC3135_00835	ko:K12371
gai:IMCC3135_00840	ko:K12372
gai:IMCC3135_00850	ko:K06996
gai:IMCC3135_00880	ko:K11689
gai:IMCC3135_00900	ko:K13444
gai:IMCC3135_00920	ko:K07484
gai:IMCC3135_00925	ko:K07484
gai:IMCC3135_01085	ko:K00986
gai:IMCC3135_01090	ko:K07481
gai:IMCC3135_01130	ko:K00986
gai:IMCC3135_01150	ko:K11690
gai:IMCC3135_01155	ko:K11689
gai:IMCC3135_01160	ko:K11688
gai:IMCC3135_01170	ko:K00135
gai:IMCC3135_01190	ko:K01593
gai:IMCC3135_01215	ko:K07484
gai:IMCC3135_01220	ko:K07484
gai:IMCC3135_01235	ko:K07484
gai:IMCC3135_01240	ko:K07484
gai:IMCC3135_01290	ko:K01424
gai:IMCC3135_01295	ko:K26937
gai:IMCC3135_01300	ko:K07491
gai:IMCC3135_01320	ko:K02564
gai:IMCC3135_01325	ko:K10111
gai:IMCC3135_01330	ko:K10119
gai:IMCC3135_01335	ko:K10118
gai:IMCC3135_01340	ko:K10117
gai:IMCC3135_01345	ko:K18676
gai:IMCC3135_01350	ko:K01443
gai:IMCC3135_01355	ko:K07106
gai:IMCC3135_01380	ko:K03407
gai:IMCC3135_01385	ko:K03408
gai:IMCC3135_01390	ko:K03413
gai:IMCC3135_01395	ko:K03412
gai:IMCC3135_01400	ko:K00575
gai:IMCC3135_01405	ko:K03409
gai:IMCC3135_01425	ko:K16922
gai:IMCC3135_01445	ko:K01772
gai:IMCC3135_01450	ko:K00324
gai:IMCC3135_01455	ko:K00324
gai:IMCC3135_01460	ko:K00325
gai:IMCC3135_01465	ko:K04066
gai:IMCC3135_01470	ko:K01887
gai:IMCC3135_01480	ko:K07491
gai:IMCC3135_01485	ko:K03578
gai:IMCC3135_01495	ko:K04765
gai:IMCC3135_01500	ko:K21470
gai:IMCC3135_01510	ko:K03613
gai:IMCC3135_01515	ko:K03612
gai:IMCC3135_01520	ko:K03614
gai:IMCC3135_01525	ko:K03615
gai:IMCC3135_01530	ko:K03616
gai:IMCC3135_01535	ko:K03617
gai:IMCC3135_01540	ko:K01874
gai:IMCC3135_01545	ko:K03593
gai:IMCC3135_01550	ko:K01494
gai:IMCC3135_01555	ko:K07090
gai:IMCC3135_01560	ko:K08311
gai:IMCC3135_01565	ko:K08973
gai:IMCC3135_01600	ko:K01812
gai:IMCC3135_01605	ko:K00457
gai:IMCC3135_01615	ko:K02026
gai:IMCC3135_01620	ko:K02025
gai:IMCC3135_01625	ko:K02027
gai:IMCC3135_01630	ko:K03527
gai:IMCC3135_01635	ko:K03101
gai:IMCC3135_01640	ko:K01870
gai:IMCC3135_01645	ko:K11753
gai:IMCC3135_01650	ko:K03980
gai:IMCC3135_01655	ko:K02968
gai:IMCC3135_01660	ko:K00931
gai:IMCC3135_01665	ko:K03979
gai:IMCC3135_01670	ko:K02899
gai:IMCC3135_01675	ko:K02888
gai:IMCC3135_01685	ko:K02049
gai:IMCC3135_01690	ko:K02051
gai:IMCC3135_01695	ko:K02523
gai:IMCC3135_01705	ko:K06181
gai:IMCC3135_01720	ko:K02909
gai:IMCC3135_01735	ko:K01519
gai:IMCC3135_01740	ko:K00989
gai:IMCC3135_01760	ko:K02483
gai:IMCC3135_01765	ko:K04771
gai:IMCC3135_01780	ko:K09859
gai:IMCC3135_01785	ko:K07337
gai:IMCC3135_01805	ko:K23536
gai:IMCC3135_01810	ko:K23535
gai:IMCC3135_01815	ko:K23537
gai:IMCC3135_01820	ko:K07335
gai:IMCC3135_01825	ko:K07232
gai:IMCC3135_01840	ko:K01977
gai:IMCC3135_01845	ko:K14227
gai:IMCC3135_01850	ko:K14218
gai:IMCC3135_01855	ko:K01980
gai:IMCC3135_01860	ko:K01985
gai:IMCC3135_01870	ko:K11068
gai:IMCC3135_01905	ko:K02418
gai:IMCC3135_01910	ko:K03229
gai:IMCC3135_01915	ko:K03230
gai:IMCC3135_01920	ko:K03219
gai:IMCC3135_01925	ko:K03220
gai:IMCC3135_01940	ko:K03222
gai:IMCC3135_01950	ko:K03223
gai:IMCC3135_01955	ko:K03224
gai:IMCC3135_01975	ko:K14986
gai:IMCC3135_01990	ko:K03226
gai:IMCC3135_01995	ko:K03227
gai:IMCC3135_02000	ko:K03228
gai:IMCC3135_02020	ko:K07496
gai:IMCC3135_02035	ko:K11688
gai:IMCC3135_02040	ko:K00052
gai:IMCC3135_02045	ko:K23244
gai:IMCC3135_02060	ko:K03518
gai:IMCC3135_02070	ko:K03636
gai:IMCC3135_02090	ko:K09796
gai:IMCC3135_02095	ko:K07240
gai:IMCC3135_02120	ko:K19302
gai:IMCC3135_02125	ko:K06162
gai:IMCC3135_02140	ko:K09815
gai:IMCC3135_02145	ko:K09823
gai:IMCC3135_02150	ko:K09817
gai:IMCC3135_02155	ko:K09816
gai:IMCC3135_02165	ko:K01473
gai:IMCC3135_02170	ko:K01474
gai:IMCC3135_02180	ko:K02529
gai:IMCC3135_02185	ko:K10439
gai:IMCC3135_02190	ko:K10441
gai:IMCC3135_02195	ko:K10440
gai:IMCC3135_02210	ko:K00459
gai:IMCC3135_02225	ko:K01784
gai:IMCC3135_02230	ko:K21008
gai:IMCC3135_02235	ko:K21009
gai:IMCC3135_02240	ko:K21010
gai:IMCC3135_02245	ko:K21011
gai:IMCC3135_02250	ko:K21012
gai:IMCC3135_02255	ko:K21006
gai:IMCC3135_02260	ko:K21007
gai:IMCC3135_02270	ko:K00864
gai:IMCC3135_02275	ko:K02444
gai:IMCC3135_02280	ko:K17324
gai:IMCC3135_02285	ko:K17325
gai:IMCC3135_02290	ko:K17322
gai:IMCC3135_02295	ko:K17323
gai:IMCC3135_02305	ko:K17321
gai:IMCC3135_02310	ko:K00111
gai:IMCC3135_02315	ko:K01759
gai:IMCC3135_02320	ko:K03406
gai:IMCC3135_02330	ko:K03635
gai:IMCC3135_02335	ko:K03636
gai:IMCC3135_02340	ko:K03637
gai:IMCC3135_02345	ko:K07289
gai:IMCC3135_02350	ko:K03575
gai:IMCC3135_02375	ko:K14231
gai:IMCC3135_02425	ko:K06131
gai:IMCC3135_02445	ko:K13821
gai:IMCC3135_02450	ko:K03315
gai:IMCC3135_02460	ko:K22187
gai:IMCC3135_02470	ko:K01273
gai:IMCC3135_02485	ko:K16844
gai:IMCC3135_02495	ko:K22900
gai:IMCC3135_02520	ko:K09472
gai:IMCC3135_02525	ko:K01714
gai:IMCC3135_02540	ko:K11688
gai:IMCC3135_02570	ko:K03070
gai:IMCC3135_02575	ko:K16922
gai:IMCC3135_02590	ko:K00681
gai:IMCC3135_02595	ko:K21430
gai:IMCC3135_02605	ko:K01887
gai:IMCC3135_02615	ko:K10680
gai:IMCC3135_02630	ko:K01181
gai:IMCC3135_02665	ko:K00867
gai:IMCC3135_02670	ko:K07334
gai:IMCC3135_02675	ko:K21498
gai:IMCC3135_02750	ko:K03566
gai:IMCC3135_02755	ko:K00020
gai:IMCC3135_02775	ko:K03406
gai:IMCC3135_02790	ko:K03655
gai:IMCC3135_02795	ko:K01153
gai:IMCC3135_02805	ko:K07154
gai:IMCC3135_02820	ko:K04095
gai:IMCC3135_02860	ko:K00799
gai:IMCC3135_02900	ko:K07140
gai:IMCC3135_02905	ko:K04486
gai:IMCC3135_02925	ko:K01669
gai:IMCC3135_02945	ko:K21430
gai:IMCC3135_02960	ko:K01999
gai:IMCC3135_02965	ko:K01998
gai:IMCC3135_02970	ko:K01997
gai:IMCC3135_02975	ko:K01996
gai:IMCC3135_03025	ko:K00830
gai:IMCC3135_03030	ko:K07496
gai:IMCC3135_03035	ko:K00830
gai:IMCC3135_03065	ko:K05791
gai:IMCC3135_03070	ko:K05793
gai:IMCC3135_03075	ko:K07301
gai:IMCC3135_03080	ko:K05795
gai:IMCC3135_03085	ko:K05792
gai:IMCC3135_03130	ko:K02529
gai:IMCC3135_03135	ko:K01714
gai:IMCC3135_03140	ko:K01191
gai:IMCC3135_03145	ko:K02027
gai:IMCC3135_03150	ko:K02025
gai:IMCC3135_03155	ko:K02026
gai:IMCC3135_03160	ko:K01133
gai:IMCC3135_03175	ko:K11690
gai:IMCC3135_03180	ko:K11688
gai:IMCC3135_03190	ko:K07496
gai:IMCC3135_03210	ko:K11688
gai:IMCC3135_03215	ko:K11689
gai:IMCC3135_03220	ko:K11690
gai:IMCC3135_03235	ko:K18983
gai:IMCC3135_03255	ko:K10439
gai:IMCC3135_03260	ko:K10439
gai:IMCC3135_03260	ko:K10440
gai:IMCC3135_03265	ko:K10440
gai:IMCC3135_03270	ko:K10441
gai:IMCC3135_03275	ko:K00064
gai:IMCC3135_03290	ko:K06145
gai:IMCC3135_03295	ko:K02003
gai:IMCC3135_03300	ko:K02004
gai:IMCC3135_03320	ko:K00681
gai:IMCC3135_03325	ko:K09165
gai:IMCC3135_03330	ko:K05805
gai:IMCC3135_03335	ko:K00031
gai:IMCC3135_03390	ko:K01011
gai:IMCC3135_03395	ko:K07112
gai:IMCC3135_03405	ko:K07112
gai:IMCC3135_03410	ko:K07112
gai:IMCC3135_03415	ko:K22042
gai:IMCC3135_03420	ko:K16165
gai:IMCC3135_03440	ko:K07678
gai:IMCC3135_03450	ko:K02014
gai:IMCC3135_03455	ko:K01425
gai:IMCC3135_03470	ko:K01768
gai:IMCC3135_03480	ko:K03579
gai:IMCC3135_03485	ko:K03406
gai:IMCC3135_03510	ko:K12982
gai:IMCC3135_03530	ko:K09476
gai:IMCC3135_03545	ko:K00626
gai:IMCC3135_03555	ko:K03320
gai:IMCC3135_03575	ko:K07080
gai:IMCC3135_03585	ko:K22515
gai:IMCC3135_03590	ko:K00123
gai:IMCC3135_03600	ko:K01938
gai:IMCC3135_03615	ko:K00975
gai:IMCC3135_03620	ko:K05820
gai:IMCC3135_03630	ko:K01584
gai:IMCC3135_03645	ko:K07080
gai:IMCC3135_03650	ko:K03316
gai:IMCC3135_03665	ko:K01251
gai:IMCC3135_03680	ko:K07180
gai:IMCC3135_03685	ko:K09786
gai:IMCC3135_03690	ko:K06415
gai:IMCC3135_03700	ko:K07077
gai:IMCC3135_03705	ko:K01476
gai:IMCC3135_03725	ko:K03707
gai:IMCC3135_03735	ko:K02342
gai:IMCC3135_03740	ko:K16137
gai:IMCC3135_03745	ko:K23256
gai:IMCC3135_03755	ko:K01652
gai:IMCC3135_03765	ko:K27802
gai:IMCC3135_03795	ko:K01214
gai:IMCC3135_03815	ko:K13587
gai:IMCC3135_03820	ko:K23775
gai:IMCC3135_03825	ko:K04063
gai:IMCC3135_03865	ko:K01273
gai:IMCC3135_03890	ko:K01840
gai:IMCC3135_03895	ko:K13877
gai:IMCC3135_03905	ko:K01679
gai:IMCC3135_03910	ko:K04767
gai:IMCC3135_03930	ko:K18997
gai:IMCC3135_03935	ko:K05516
gai:IMCC3135_03950	ko:K15977
gai:IMCC3135_03960	ko:K07302
gai:IMCC3135_03965	ko:K07303
gai:IMCC3135_03980	ko:K10119
gai:IMCC3135_03985	ko:K10118
gai:IMCC3135_03990	ko:K10117
gai:IMCC3135_04005	ko:K19736
gai:IMCC3135_04025	ko:K03298
gai:IMCC3135_04030	ko:K07793
gai:IMCC3135_04035	ko:K07794
gai:IMCC3135_04040	ko:K07795
gai:IMCC3135_04050	ko:K01999
gai:IMCC3135_04065	ko:K03451
gai:IMCC3135_04070	ko:K07664
gai:IMCC3135_04075	ko:K07642
gai:IMCC3135_04085	ko:K14683
gai:IMCC3135_04095	ko:K07248
gai:IMCC3135_04100	ko:K22104
gai:IMCC3135_04110	ko:K13924
gai:IMCC3135_04120	ko:K07001
gai:IMCC3135_04130	ko:K01637
gai:IMCC3135_04140	ko:K05800
gai:IMCC3135_04165	ko:K16922
gai:IMCC3135_04170	ko:K03070
gai:IMCC3135_04185	ko:K00817
gai:IMCC3135_04190	ko:K02013
gai:IMCC3135_04195	ko:K02015
gai:IMCC3135_04200	ko:K02016
gai:IMCC3135_04205	ko:K02020
gai:IMCC3135_04240	ko:K02040
gai:IMCC3135_04245	ko:K02037
gai:IMCC3135_04250	ko:K02038
gai:IMCC3135_04255	ko:K02036
gai:IMCC3135_04275	ko:K28939
gai:IMCC3135_04280	ko:K11209
gai:IMCC3135_04300	ko:K01715
gai:IMCC3135_04305	ko:K11690
gai:IMCC3135_04310	ko:K11689
gai:IMCC3135_04315	ko:K11688
gai:IMCC3135_04320	ko:K00830
gai:IMCC3135_04340	ko:K14061
gai:IMCC3135_04355	ko:K07506
gai:IMCC3135_04360	ko:K18371
gai:IMCC3135_04365	ko:K18372
gai:IMCC3135_04405	ko:K16554
gai:IMCC3135_04445	ko:K03499
gai:IMCC3135_04450	ko:K03498
gai:IMCC3135_04480	ko:K07496
gai:IMCC3135_04490	ko:K07481
gai:IMCC3135_04515	ko:K07484
gai:IMCC3135_04530	ko:K00064
gai:IMCC3135_04535	ko:K01759
gai:IMCC3135_04545	ko:K01783
gai:IMCC3135_04550	ko:K01091
gai:IMCC3135_04555	ko:K02012
gai:IMCC3135_04560	ko:K02011
gai:IMCC3135_04565	ko:K02010
gai:IMCC3135_04575	ko:K26939
gai:IMCC3135_04590	ko:K00019
gai:IMCC3135_04610	ko:K20807
gai:IMCC3135_04615	ko:K01721
gai:IMCC3135_04650	ko:K00059
gai:IMCC3135_04655	ko:K00128
gai:IMCC3135_04680	ko:K03292
gai:IMCC3135_04690	ko:K02002
gai:IMCC3135_04695	ko:K02001
gai:IMCC3135_04700	ko:K02000
gai:IMCC3135_04725	ko:K09181
gai:IMCC3135_04740	ko:K00254
gai:IMCC3135_04745	ko:K02340
gai:IMCC3135_04750	ko:K01893
gai:IMCC3135_04760	ko:K06048
gai:IMCC3135_04785	ko:K07712
gai:IMCC3135_04790	ko:K07708
gai:IMCC3135_04800	ko:K01843
gai:IMCC3135_04815	ko:K03563
gai:IMCC3135_04830	ko:K10716
gai:IMCC3135_04835	ko:K07004
gai:IMCC3135_04840	ko:K07093
gai:IMCC3135_04885	ko:K01915
gai:IMCC3135_04890	ko:K01878
gai:IMCC3135_04895	ko:K01879
gai:IMCC3135_04900	ko:K03273
gai:IMCC3135_04905	ko:K00655
gai:IMCC3135_04910	ko:K03424
gai:IMCC3135_04915	ko:K07054
gai:IMCC3135_04925	ko:K00651
gai:IMCC3135_04940	ko:K00981
gai:IMCC3135_04955	ko:K01487
gai:IMCC3135_04960	ko:K07402
gai:IMCC3135_04965	ko:K13482
gai:IMCC3135_04970	ko:K13481
gai:IMCC3135_04980	ko:K06901
gai:IMCC3135_04990	ko:K03439
gai:IMCC3135_05000	ko:K22132
gai:IMCC3135_05015	ko:K02529
gai:IMCC3135_05020	ko:K10232
gai:IMCC3135_05025	ko:K10233
gai:IMCC3135_05030	ko:K10234
gai:IMCC3135_05035	ko:K10235
gai:IMCC3135_05040	ko:K01187
gai:IMCC3135_05045	ko:K03406
gai:IMCC3135_05060	ko:K09761
gai:IMCC3135_05065	ko:K02316
gai:IMCC3135_05070	ko:K00265
gai:IMCC3135_05075	ko:K03112
gai:IMCC3135_05080	ko:K01735
gai:IMCC3135_05085	ko:K00891
gai:IMCC3135_05090	ko:K02666
gai:IMCC3135_05095	ko:K02665
gai:IMCC3135_05100	ko:K02664
gai:IMCC3135_05105	ko:K02663
gai:IMCC3135_05110	ko:K02662
gai:IMCC3135_05115	ko:K05366
gai:IMCC3135_05125	ko:K01501
gai:IMCC3135_05130	ko:K13028
gai:IMCC3135_05135	ko:K01599
gai:IMCC3135_05140	ko:K00266
gai:IMCC3135_05145	ko:K09117
gai:IMCC3135_05150	ko:K02970
gai:IMCC3135_05155	ko:K25706
gai:IMCC3135_05160	ko:K08591
gai:IMCC3135_05165	ko:K02169
gai:IMCC3135_05175	ko:K02275
gai:IMCC3135_05180	ko:K02274
gai:IMCC3135_05190	ko:K02258
gai:IMCC3135_05195	ko:K02276
gai:IMCC3135_05205	ko:K14998
gai:IMCC3135_05215	ko:K02257
gai:IMCC3135_05220	ko:K03717
gai:IMCC3135_05230	ko:K02483
gai:IMCC3135_05245	ko:K03089
gai:IMCC3135_05250	ko:K09811
gai:IMCC3135_05255	ko:K09812
gai:IMCC3135_05260	ko:K03110
gai:IMCC3135_05265	ko:K08316
gai:IMCC3135_05270	ko:K00954
gai:IMCC3135_05280	ko:K10563
gai:IMCC3135_05290	ko:K25153
gai:IMCC3135_05295	ko:K25151
gai:IMCC3135_05300	ko:K25152
gai:IMCC3135_05305	ko:K02913
gai:IMCC3135_05310	ko:K02902
gai:IMCC3135_05315	ko:K01633
gai:IMCC3135_05325	ko:K06153
gai:IMCC3135_05345	ko:K00974
gai:IMCC3135_05370	ko:K21307
gai:IMCC3135_05375	ko:K21308
gai:IMCC3135_05380	ko:K21309
gai:IMCC3135_05385	ko:K03734
gai:IMCC3135_05400	ko:K03474
gai:IMCC3135_05415	ko:K07027
gai:IMCC3135_05425	ko:K01497
gai:IMCC3135_05460	ko:K11069
gai:IMCC3135_05465	ko:K11072
gai:IMCC3135_05470	ko:K11071
gai:IMCC3135_05475	ko:K11070
gai:IMCC3135_05480	ko:K11688
gai:IMCC3135_05485	ko:K22025
gai:IMCC3135_05495	ko:K28519
gai:IMCC3135_05515	ko:K06987
gai:IMCC3135_05530	ko:K08323
gai:IMCC3135_05550	ko:K06518
gai:IMCC3135_05565	ko:K07484
gai:IMCC3135_05625	ko:K02483
gai:IMCC3135_05635	ko:K16651
gai:IMCC3135_05645	ko:K19511
gai:IMCC3135_05650	ko:K22044
gai:IMCC3135_05670	ko:K00763
gai:IMCC3135_05680	ko:K04755
gai:IMCC3135_05685	ko:K20975
gai:IMCC3135_05690	ko:K03316
gai:IMCC3135_05700	ko:K02556
gai:IMCC3135_05710	ko:K06916
gai:IMCC3135_05715	ko:K06207
gai:IMCC3135_05720	ko:K28073
gai:IMCC3135_05725	ko:K03451
gai:IMCC3135_05740	ko:K01486
gai:IMCC3135_05745	ko:K03310
gai:IMCC3135_05750	ko:K24263
gai:IMCC3135_05755	ko:K00606
gai:IMCC3135_05760	ko:K01918
gai:IMCC3135_05770	ko:K03406
gai:IMCC3135_05780	ko:K07285
gai:IMCC3135_05790	ko:K01752
gai:IMCC3135_05800	ko:K24157
gai:IMCC3135_05805	ko:K07304
gai:IMCC3135_05820	ko:K02455
gai:IMCC3135_05825	ko:K02454
gai:IMCC3135_05830	ko:K02453
gai:IMCC3135_05835	ko:K02452
gai:IMCC3135_05845	ko:K02221
gai:IMCC3135_05850	ko:K00286
gai:IMCC3135_05855	ko:K00616
gai:IMCC3135_05860	ko:K06997
gai:IMCC3135_05865	ko:K02669
gai:IMCC3135_05870	ko:K02670
gai:IMCC3135_05875	ko:K00849
gai:IMCC3135_05900	ko:K02431
gai:IMCC3135_05905	ko:K00857
gai:IMCC3135_05945	ko:K07793
gai:IMCC3135_05950	ko:K07794
gai:IMCC3135_05955	ko:K07795
gai:IMCC3135_05960	ko:K02483
gai:IMCC3135_05965	ko:K07649
gai:IMCC3135_05970	ko:K02012
gai:IMCC3135_05980	ko:K13444
gai:IMCC3135_05985	ko:K01565
gai:IMCC3135_05990	ko:K07793
gai:IMCC3135_06010	ko:K19337
gai:IMCC3135_06020	ko:K11932
gai:IMCC3135_06025	ko:K02232
gai:IMCC3135_06030	ko:K00874
gai:IMCC3135_06035	ko:K10439
gai:IMCC3135_06040	ko:K10440
gai:IMCC3135_06045	ko:K10441
gai:IMCC3135_06050	ko:K06145
gai:IMCC3135_06055	ko:K19577
gai:IMCC3135_06060	ko:K01465
gai:IMCC3135_06065	ko:K00609
gai:IMCC3135_06070	ko:K02825
gai:IMCC3135_06075	ko:K07447
gai:IMCC3135_06080	ko:K07735
gai:IMCC3135_06085	ko:K03832
gai:IMCC3135_06090	ko:K01920
gai:IMCC3135_06095	ko:K02657
gai:IMCC3135_06100	ko:K02659
gai:IMCC3135_06105	ko:K02660
gai:IMCC3135_06120	ko:K00145
gai:IMCC3135_06130	ko:K15724
gai:IMCC3135_06140	ko:K01866
gai:IMCC3135_06155	ko:K01977
gai:IMCC3135_06160	ko:K14227
gai:IMCC3135_06165	ko:K14218
gai:IMCC3135_06170	ko:K01980
gai:IMCC3135_06175	ko:K01985
gai:IMCC3135_06180	ko:K04045
gai:IMCC3135_06220	ko:K02231
gai:IMCC3135_06230	ko:K22373
gai:IMCC3135_06235	ko:K09121
gai:IMCC3135_06240	ko:K06864
gai:IMCC3135_06245	ko:K06898
gai:IMCC3135_06255	ko:K15358
gai:IMCC3135_06260	ko:K22296
gai:IMCC3135_06270	ko:K09740
gai:IMCC3135_06280	ko:K01999
gai:IMCC3135_06285	ko:K01997
gai:IMCC3135_06285	ko:K01998
gai:IMCC3135_06290	ko:K01995
gai:IMCC3135_06295	ko:K01996
gai:IMCC3135_06315	ko:K20449
gai:IMCC3135_06330	ko:K00010
gai:IMCC3135_06335	ko:K09927
gai:IMCC3135_06345	ko:K03808
gai:IMCC3135_06350	ko:K03808
gai:IMCC3135_06355	ko:K06192
gai:IMCC3135_06360	ko:K09857
gai:IMCC3135_06395	ko:K07659
gai:IMCC3135_06400	ko:K06006
gai:IMCC3135_06415	ko:K03286
gai:IMCC3135_06440	ko:K00631
gai:IMCC3135_06450	ko:K06946
gai:IMCC3135_06465	ko:K18893
gai:IMCC3135_06470	ko:K02030
gai:IMCC3135_06475	ko:K02029
gai:IMCC3135_06480	ko:K02029
gai:IMCC3135_06485	ko:K02028
gai:IMCC3135_06500	ko:K01247
gai:IMCC3135_06505	ko:K04084
gai:IMCC3135_06515	ko:K07113
gai:IMCC3135_06520	ko:K04078
gai:IMCC3135_06525	ko:K04077
gai:IMCC3135_06535	ko:K01246
gai:IMCC3135_06550	ko:K01716
gai:IMCC3135_06555	ko:K00647
gai:IMCC3135_06560	ko:K03413
gai:IMCC3135_06575	ko:K03786
gai:IMCC3135_06580	ko:K02160
gai:IMCC3135_06585	ko:K01961
gai:IMCC3135_06590	ko:K02687
gai:IMCC3135_06600	ko:K05540
gai:IMCC3135_06605	ko:K03557
gai:IMCC3135_06610	ko:K00602
gai:IMCC3135_06615	ko:K07052
gai:IMCC3135_06620	ko:K03286
gai:IMCC3135_06625	ko:K01698
gai:IMCC3135_06635	ko:K00014
gai:IMCC3135_06640	ko:K09005
gai:IMCC3135_06645	ko:K00826
gai:IMCC3135_06670	ko:K10680
gai:IMCC3135_06675	ko:K06140
gai:IMCC3135_06705	ko:K01768
gai:IMCC3135_06715	ko:K09936
gai:IMCC3135_06725	ko:K00228
gai:IMCC3135_06735	ko:K06886
gai:IMCC3135_06760	ko:K07566
gai:IMCC3135_06765	ko:K03168
gai:IMCC3135_06770	ko:K04096
gai:IMCC3135_06780	ko:K01462
gai:IMCC3135_06785	ko:K00604
gai:IMCC3135_06790	ko:K03500
gai:IMCC3135_06800	ko:K13598
gai:IMCC3135_06805	ko:K13599
gai:IMCC3135_06810	ko:K03499
gai:IMCC3135_06815	ko:K03498
gai:IMCC3135_06835	ko:K03566
gai:IMCC3135_06845	ko:K02010
gai:IMCC3135_06850	ko:K00982
gai:IMCC3135_06860	ko:K11211
gai:IMCC3135_06865	ko:K02527
gai:IMCC3135_06870	ko:K02517
gai:IMCC3135_06875	ko:K12340
gai:IMCC3135_06880	ko:K00573
gai:IMCC3135_06890	ko:K03704
gai:IMCC3135_06895	ko:K03732
gai:IMCC3135_06900	ko:K03671
gai:IMCC3135_06905	ko:K03628
gai:IMCC3135_06910	ko:K01945
gai:IMCC3135_06915	ko:K05782
gai:IMCC3135_06920	ko:K01644
gai:IMCC3135_06925	ko:K07552
gai:IMCC3135_06930	ko:K00059
gai:IMCC3135_06940	ko:K09471
gai:IMCC3135_06945	ko:K01915
gai:IMCC3135_06955	ko:K00696
gai:IMCC3135_06965	ko:K00013
gai:IMCC3135_06970	ko:K03794
gai:IMCC3135_06975	ko:K23077
gai:IMCC3135_06980	ko:K27187
gai:IMCC3135_06985	ko:K27188
gai:IMCC3135_06990	ko:K01354
gai:IMCC3135_07040	ko:K13936
gai:IMCC3135_07050	ko:K21929
gai:IMCC3135_07065	ko:K05710
gai:IMCC3135_07070	ko:K02302
gai:IMCC3135_07080	ko:K16329
gai:IMCC3135_07090	ko:K03719
gai:IMCC3135_07095	ko:K03442
gai:IMCC3135_07100	ko:K07516
gai:IMCC3135_07105	ko:K23997
gai:IMCC3135_07140	ko:K01902
gai:IMCC3135_07145	ko:K01903
gai:IMCC3135_07155	ko:K11690
gai:IMCC3135_07160	ko:K11689
gai:IMCC3135_07165	ko:K11688
gai:IMCC3135_07170	ko:K18138
gai:IMCC3135_07185	ko:K15783
gai:IMCC3135_07190	ko:K02053
gai:IMCC3135_07195	ko:K02054
gai:IMCC3135_07200	ko:K02055
gai:IMCC3135_07205	ko:K02052
gai:IMCC3135_07240	ko:K01687
gai:IMCC3135_07255	ko:K07005
gai:IMCC3135_07260	ko:K00375
gai:IMCC3135_07270	ko:K21602
gai:IMCC3135_07275	ko:K10236
gai:IMCC3135_07280	ko:K10237
gai:IMCC3135_07285	ko:K10238
gai:IMCC3135_07290	ko:K05816
gai:IMCC3135_07300	ko:K00355
gai:IMCC3135_07305	ko:K01665
gai:IMCC3135_07310	ko:K00128
gai:IMCC3135_07320	ko:K02529
gai:IMCC3135_07325	ko:K22186
gai:IMCC3135_07330	ko:K18336
gai:IMCC3135_07345	ko:K03442
gai:IMCC3135_07360	ko:K07394
gai:IMCC3135_07380	ko:K25285
gai:IMCC3135_07385	ko:K25283
gai:IMCC3135_07390	ko:K25284
gai:IMCC3135_07395	ko:K25282
gai:IMCC3135_07400	ko:K16087
gai:IMCC3135_07425	ko:K01243
gai:IMCC3135_07445	ko:K07133
gai:IMCC3135_07460	ko:K03086
gai:IMCC3135_07465	ko:K00615
gai:IMCC3135_07470	ko:K00134
gai:IMCC3135_07475	ko:K00927
gai:IMCC3135_07480	ko:K11645
gai:IMCC3135_07485	ko:K01923
gai:IMCC3135_07490	ko:K01588
gai:IMCC3135_07495	ko:K01589
gai:IMCC3135_07500	ko:K06041
gai:IMCC3135_07525	ko:K09688
gai:IMCC3135_07530	ko:K09689
gai:IMCC3135_07535	ko:K10107
gai:IMCC3135_07615	ko:K07484
gai:IMCC3135_07625	ko:K08678
gai:IMCC3135_07765	ko:K04763
gai:IMCC3135_07790	ko:K00986
gai:IMCC3135_07825	ko:K00986
gai:IMCC3135_07860	ko:K08678
gai:IMCC3135_07865	ko:K00973
gai:IMCC3135_07900	ko:K07266
gai:IMCC3135_07905	ko:K07265
gai:IMCC3135_07910	ko:K12276
gai:IMCC3135_07920	ko:K01676
gai:IMCC3135_07925	ko:K01657
gai:IMCC3135_07930	ko:K01658
gai:IMCC3135_07935	ko:K00766
gai:IMCC3135_07940	ko:K01609
gai:IMCC3135_07945	ko:K10914
gai:IMCC3135_07950	ko:K07397
gai:IMCC3135_07955	ko:K02871
gai:IMCC3135_07960	ko:K02996
gai:IMCC3135_07970	ko:K01129
gai:IMCC3135_07975	ko:K07491
gai:IMCC3135_07990	ko:K01790
gai:IMCC3135_07995	ko:K00067
gai:IMCC3135_08000	ko:K01710
gai:IMCC3135_08005	ko:K07167
gai:IMCC3135_08010	ko:K03088
gai:IMCC3135_08015	ko:K06954
gai:IMCC3135_08020	ko:K09701
gai:IMCC3135_08025	ko:K00574
gai:IMCC3135_08030	ko:K06957
gai:IMCC3135_08045	ko:K01241
gai:IMCC3135_08065	ko:K06985
gai:IMCC3135_08070	ko:K02355
gai:IMCC3135_08075	ko:K02529
gai:IMCC3135_08080	ko:K09882
gai:IMCC3135_08085	ko:K09883
gai:IMCC3135_08095	ko:K17722
gai:IMCC3135_08100	ko:K17723
gai:IMCC3135_08110	ko:K09017
gai:IMCC3135_08115	ko:K00140
gai:IMCC3135_08120	ko:K06016
gai:IMCC3135_08125	ko:K01464
gai:IMCC3135_08130	ko:K02049
gai:IMCC3135_08135	ko:K02050
gai:IMCC3135_08140	ko:K02050
gai:IMCC3135_08145	ko:K02051
gai:IMCC3135_08150	ko:K07552
gai:IMCC3135_08155	ko:K08974
gai:IMCC3135_08160	ko:K07101
gai:IMCC3135_08165	ko:K07101
gai:IMCC3135_08175	ko:K02029
gai:IMCC3135_08180	ko:K02030
gai:IMCC3135_08190	ko:K07006
gai:IMCC3135_08205	ko:K03701
gai:IMCC3135_08220	ko:K01869
gai:IMCC3135_08230	ko:K00036
gai:IMCC3135_08235	ko:K12573
gai:IMCC3135_08250	ko:K03643
gai:IMCC3135_08255	ko:K12972
gai:IMCC3135_08265	ko:K01647
gai:IMCC3135_08275	ko:K09969
gai:IMCC3135_08280	ko:K09970
gai:IMCC3135_08285	ko:K09971
gai:IMCC3135_08290	ko:K09972
gai:IMCC3135_08295	ko:K14236
gai:IMCC3135_08300	ko:K14225
gai:IMCC3135_08305	ko:K14234
gai:IMCC3135_08310	ko:K02358
gai:IMCC3135_08315	ko:K14235
gai:IMCC3135_08320	ko:K03073
gai:IMCC3135_08325	ko:K02601
gai:IMCC3135_08330	ko:K02867
gai:IMCC3135_08335	ko:K02863
gai:IMCC3135_08345	ko:K02864
gai:IMCC3135_08350	ko:K02935
gai:IMCC3135_08355	ko:K03043
gai:IMCC3135_08360	ko:K03046
gai:IMCC3135_08365	ko:K02408
gai:IMCC3135_08370	ko:K02409
gai:IMCC3135_08375	ko:K02410
gai:IMCC3135_08380	ko:K02411
gai:IMCC3135_08385	ko:K02412
gai:IMCC3135_08395	ko:K02414
gai:IMCC3135_08400	ko:K02415
gai:IMCC3135_08405	ko:K02416
gai:IMCC3135_08410	ko:K02417
gai:IMCC3135_08415	ko:K02418
gai:IMCC3135_08420	ko:K02419
gai:IMCC3135_08425	ko:K02420
gai:IMCC3135_08430	ko:K02421
gai:IMCC3135_08435	ko:K02401
gai:IMCC3135_08440	ko:K02400
gai:IMCC3135_08445	ko:K02404
gai:IMCC3135_08455	ko:K02556
gai:IMCC3135_08460	ko:K02557
gai:IMCC3135_08480	ko:K02422
gai:IMCC3135_08485	ko:K02407
gai:IMCC3135_08490	ko:K02406
gai:IMCC3135_08495	ko:K02406
gai:IMCC3135_08500	ko:K02406
gai:IMCC3135_08505	ko:K02397
gai:IMCC3135_08510	ko:K02396
gai:IMCC3135_08515	ko:K02395
gai:IMCC3135_08520	ko:K02394
gai:IMCC3135_08525	ko:K02393
gai:IMCC3135_08530	ko:K02392
gai:IMCC3135_08535	ko:K02391
gai:IMCC3135_08540	ko:K02390
gai:IMCC3135_08545	ko:K02389
gai:IMCC3135_08550	ko:K02388
gai:IMCC3135_08555	ko:K02387
gai:IMCC3135_08565	ko:K02386
gai:IMCC3135_08585	ko:K03563
gai:IMCC3135_08590	ko:K02950
gai:IMCC3135_08595	ko:K02992
gai:IMCC3135_08600	ko:K02355
gai:IMCC3135_08605	ko:K02358
gai:IMCC3135_08610	ko:K02946
gai:IMCC3135_08615	ko:K02227
gai:IMCC3135_08625	ko:K19221
gai:IMCC3135_08630	ko:K02016
gai:IMCC3135_08635	ko:K02015
gai:IMCC3135_08640	ko:K02013
gai:IMCC3135_08650	ko:K02234
gai:IMCC3135_08655	ko:K02230
gai:IMCC3135_08660	ko:K03405
gai:IMCC3135_08665	ko:K13580
gai:IMCC3135_08680	ko:K01273
gai:IMCC3135_08685	ko:K02035
gai:IMCC3135_08690	ko:K02033
gai:IMCC3135_08695	ko:K02034
gai:IMCC3135_08700	ko:K02031
gai:IMCC3135_08710	ko:K01246
gai:IMCC3135_08715	ko:K02906
gai:IMCC3135_08720	ko:K02926
gai:IMCC3135_08725	ko:K02892
gai:IMCC3135_08730	ko:K02886
gai:IMCC3135_08735	ko:K02965
gai:IMCC3135_08740	ko:K02890
gai:IMCC3135_08745	ko:K02982
gai:IMCC3135_08750	ko:K02878
gai:IMCC3135_08755	ko:K02904
gai:IMCC3135_08760	ko:K02961
gai:IMCC3135_08765	ko:K02874
gai:IMCC3135_08770	ko:K02895
gai:IMCC3135_08775	ko:K02931
gai:IMCC3135_08780	ko:K02954
gai:IMCC3135_08785	ko:K02994
gai:IMCC3135_08790	ko:K02933
gai:IMCC3135_08795	ko:K02881
gai:IMCC3135_08800	ko:K02988
gai:IMCC3135_08805	ko:K02907
gai:IMCC3135_08810	ko:K02876
gai:IMCC3135_08815	ko:K03076
gai:IMCC3135_08820	ko:K02952
gai:IMCC3135_08825	ko:K02948
gai:IMCC3135_08830	ko:K02986
gai:IMCC3135_08835	ko:K03040
gai:IMCC3135_08840	ko:K02879
gai:IMCC3135_08845	ko:K06147
gai:IMCC3135_08850	ko:K00057
gai:IMCC3135_08855	ko:K00040
gai:IMCC3135_08885	ko:K03701
gai:IMCC3135_08895	ko:K09471
gai:IMCC3135_08900	ko:K01915
gai:IMCC3135_08905	ko:K11072
gai:IMCC3135_08910	ko:K11071
gai:IMCC3135_08915	ko:K11070
gai:IMCC3135_08920	ko:K11069
gai:IMCC3135_08930	ko:K02229
gai:IMCC3135_08935	ko:K06042
gai:IMCC3135_08940	ko:K03394
gai:IMCC3135_08945	ko:K05934
gai:IMCC3135_08950	ko:K05895
gai:IMCC3135_08955	ko:K00595
gai:IMCC3135_08960	ko:K02189
gai:IMCC3135_08965	ko:K05936
gai:IMCC3135_08970	ko:K02224
gai:IMCC3135_08975	ko:K02228
gai:IMCC3135_09015	ko:K06996
gai:IMCC3135_09020	ko:K23509
gai:IMCC3135_09025	ko:K23509
gai:IMCC3135_09030	ko:K10820
gai:IMCC3135_09035	ko:K23508
gai:IMCC3135_09050	ko:K07496
gai:IMCC3135_09070	ko:K07814
gai:IMCC3135_09075	ko:K01704
gai:IMCC3135_09080	ko:K01703
gai:IMCC3135_09085	ko:K01561
gai:IMCC3135_09090	ko:K16135
gai:IMCC3135_09105	ko:K23123
gai:IMCC3135_09110	ko:K23124
gai:IMCC3135_09115	ko:K07160
gai:IMCC3135_09125	ko:K11688
gai:IMCC3135_09130	ko:K11689
gai:IMCC3135_09135	ko:K11690
gai:IMCC3135_09140	ko:K16137
gai:IMCC3135_09165	ko:K19333
gai:IMCC3135_09170	ko:K07795
gai:IMCC3135_09175	ko:K07794
gai:IMCC3135_09180	ko:K07793
gai:IMCC3135_09185	ko:K09472
gai:IMCC3135_09215	ko:K02651
gai:IMCC3135_09240	ko:K02279
gai:IMCC3135_09245	ko:K02280
gai:IMCC3135_09250	ko:K02283
gai:IMCC3135_09255	ko:K12510
gai:IMCC3135_09260	ko:K12511
gai:IMCC3135_09270	ko:K09005
gai:IMCC3135_09320	ko:K00529
gai:IMCC3135_09335	ko:K00606
gai:IMCC3135_09340	ko:K05710
gai:IMCC3135_09345	ko:K06145
gai:IMCC3135_09350	ko:K11689
gai:IMCC3135_09355	ko:K11690
gai:IMCC3135_09360	ko:K11688
gai:IMCC3135_09480	ko:K16255
gai:IMCC3135_09485	ko:K01823
gai:IMCC3135_09490	ko:K07051
gai:IMCC3135_09500	ko:K01735
gai:IMCC3135_09515	ko:K00041
gai:IMCC3135_09520	ko:K00064
gai:IMCC3135_09530	ko:K10440
gai:IMCC3135_09535	ko:K10439
gai:IMCC3135_09540	ko:K10441
gai:IMCC3135_09550	ko:K13444
gai:IMCC3135_09560	ko:K13637
gai:IMCC3135_09565	ko:K07793
gai:IMCC3135_09585	ko:K06145
gai:IMCC3135_09595	ko:K11688
gai:IMCC3135_09600	ko:K11689
gai:IMCC3135_09605	ko:K11690
gai:IMCC3135_09610	ko:K01053
gai:IMCC3135_09640	ko:K07080
gai:IMCC3135_09645	ko:K00826
gai:IMCC3135_09675	ko:K14415
gai:IMCC3135_09695	ko:K00813
gai:IMCC3135_09705	ko:K03719
gai:IMCC3135_09725	ko:K07481
gai:IMCC3135_09765	ko:K00799
gai:IMCC3135_09780	ko:K03829
gai:IMCC3135_09805	ko:K00059
gai:IMCC3135_09820	ko:K10441
gai:IMCC3135_09825	ko:K10440
gai:IMCC3135_09830	ko:K10910
gai:IMCC3135_09845	ko:K15786
gai:IMCC3135_09850	ko:K15782
gai:IMCC3135_09855	ko:K15782
gai:IMCC3135_09860	ko:K12972
gai:IMCC3135_09865	ko:K03719
gai:IMCC3135_09870	ko:K11688
gai:IMCC3135_09875	ko:K11689
gai:IMCC3135_09880	ko:K11690
gai:IMCC3135_09890	ko:K01799
gai:IMCC3135_09895	ko:K01754
gai:IMCC3135_09905	ko:K15783
gai:IMCC3135_09910	ko:K15784
gai:IMCC3135_09915	ko:K15785
gai:IMCC3135_09930	ko:K09768
gai:IMCC3135_09955	ko:K07483
gai:IMCC3135_09990	ko:K07481
gai:IMCC3135_09995	ko:K07485
gai:IMCC3135_10020	ko:K07493
gai:IMCC3135_10040	ko:K07484
gai:IMCC3135_10105	ko:K07484
gai:IMCC3135_10110	ko:K07484
gai:IMCC3135_10145	ko:K07483
gai:IMCC3135_10175	ko:K03111
gai:IMCC3135_10185	ko:K09912
gai:IMCC3135_10195	ko:K11209
gai:IMCC3135_10205	ko:K00789
gai:IMCC3135_10210	ko:K01251
gai:IMCC3135_10215	ko:K02002
gai:IMCC3135_10220	ko:K02001
gai:IMCC3135_10225	ko:K02000
gai:IMCC3135_10255	ko:K00955
gai:IMCC3135_10260	ko:K00957
gai:IMCC3135_10265	ko:K06168
gai:IMCC3135_10270	ko:K06217
gai:IMCC3135_10275	ko:K07042
gai:IMCC3135_10280	ko:K06189
gai:IMCC3135_10285	ko:K03820
gai:IMCC3135_10290	ko:K00605
gai:IMCC3135_10295	ko:K02437
gai:IMCC3135_10300	ko:K00281
gai:IMCC3135_10315	ko:K01845
gai:IMCC3135_10320	ko:K03841
gai:IMCC3135_10325	ko:K09160
gai:IMCC3135_10330	ko:K07740
gai:IMCC3135_10335	ko:K06969
gai:IMCC3135_10340	ko:K13292
gai:IMCC3135_10345	ko:K00560
gai:IMCC3135_10350	ko:K07154
gai:IMCC3135_10380	ko:K03451
gai:IMCC3135_10385	ko:K03169
gai:IMCC3135_10405	ko:K00988
gai:IMCC3135_10410	ko:K01295
gai:IMCC3135_10420	ko:K02031
gai:IMCC3135_10420	ko:K02032
gai:IMCC3135_10425	ko:K02034
gai:IMCC3135_10430	ko:K02033
gai:IMCC3135_10435	ko:K02035
gai:IMCC3135_10450	ko:K01739
gai:IMCC3135_10465	ko:K01734
gai:IMCC3135_10475	ko:K06973
gai:IMCC3135_10485	ko:K16961
gai:IMCC3135_10490	ko:K16962
gai:IMCC3135_10495	ko:K16963
gai:IMCC3135_10500	ko:K00287
gai:IMCC3135_10510	ko:K01525
gai:IMCC3135_10515	ko:K06195
gai:IMCC3135_10520	ko:K02528
gai:IMCC3135_10525	ko:K00097
gai:IMCC3135_10530	ko:K03771
gai:IMCC3135_10535	ko:K04744
gai:IMCC3135_10540	ko:K03648
gai:IMCC3135_10545	ko:K08305
gai:IMCC3135_10550	ko:K03642
gai:IMCC3135_10555	ko:K07258
gai:IMCC3135_10560	ko:K09158
gai:IMCC3135_10565	ko:K03801
gai:IMCC3135_10570	ko:K03644
gai:IMCC3135_10585	ko:K00275
gai:IMCC3135_10595	ko:K09767
gai:IMCC3135_10600	ko:K15984
gai:IMCC3135_10605	ko:K00411
gai:IMCC3135_10610	ko:K03745
gai:IMCC3135_10615	ko:K02435
gai:IMCC3135_10620	ko:K02433
gai:IMCC3135_10625	ko:K02434
gai:IMCC3135_10635	ko:K04083
gai:IMCC3135_10645	ko:K21029
gai:IMCC3135_10650	ko:K08682
gai:IMCC3135_10655	ko:K00937
gai:IMCC3135_10660	ko:K01524
gai:IMCC3135_10665	ko:K02493
gai:IMCC3135_10670	ko:K02835
gai:IMCC3135_10675	ko:K02492
gai:IMCC3135_10685	ko:K02494
gai:IMCC3135_10690	ko:K00919
gai:IMCC3135_10695	ko:K14223
gai:IMCC3135_10700	ko:K00948
gai:IMCC3135_10705	ko:K02897
gai:IMCC3135_10710	ko:K01056
gai:IMCC3135_10715	ko:K06942
gai:IMCC3135_10725	ko:K14230
gai:IMCC3135_10745	ko:K05982
gai:IMCC3135_10795	ko:K01621
gai:IMCC3135_10800	ko:K01623
gai:IMCC3135_10805	ko:K00615
gai:IMCC3135_10815	ko:K00059
gai:IMCC3135_10825	ko:K04043
gai:IMCC3135_10890	ko:K04047
gai:IMCC3135_10895	ko:K07085
gai:IMCC3135_10900	ko:K01580
gai:IMCC3135_10905	ko:K00926
gai:IMCC3135_10910	ko:K00611
gai:IMCC3135_10915	ko:K01478
gai:IMCC3135_10945	ko:K11690
gai:IMCC3135_10950	ko:K11689
gai:IMCC3135_10955	ko:K11688
gai:IMCC3135_10960	ko:K04771
gai:IMCC3135_10985	ko:K12574
gai:IMCC3135_10990	ko:K03699
gai:IMCC3135_10995	ko:K09781
gai:IMCC3135_11015	ko:K02483
gai:IMCC3135_11025	ko:K07574
gai:IMCC3135_11030	ko:K02427
gai:IMCC3135_11035	ko:K03798
gai:IMCC3135_11040	ko:K00796
gai:IMCC3135_11045	ko:K03431
gai:IMCC3135_11050	ko:K01803
gai:IMCC3135_11055	ko:K03075
gai:IMCC3135_11060	ko:K14228
gai:IMCC3135_11065	ko:K00330
gai:IMCC3135_11070	ko:K00331
gai:IMCC3135_11075	ko:K00332
gai:IMCC3135_11080	ko:K00333
gai:IMCC3135_11085	ko:K00334
gai:IMCC3135_11090	ko:K00335
gai:IMCC3135_11095	ko:K00336
gai:IMCC3135_11100	ko:K00337
gai:IMCC3135_11105	ko:K00338
gai:IMCC3135_11110	ko:K00339
gai:IMCC3135_11115	ko:K00340
gai:IMCC3135_11120	ko:K00341
gai:IMCC3135_11125	ko:K00342
gai:IMCC3135_11130	ko:K00343
gai:IMCC3135_11145	ko:K14230
gai:IMCC3135_11160	ko:K07552
gai:IMCC3135_11175	ko:K01835
gai:IMCC3135_11180	ko:K05800
gai:IMCC3135_11185	ko:K04090
gai:IMCC3135_11190	ko:K00253
gai:IMCC3135_11195	ko:K01969
gai:IMCC3135_11200	ko:K01968
gai:IMCC3135_11205	ko:K09748
gai:IMCC3135_11215	ko:K02600
gai:IMCC3135_11220	ko:K02519
gai:IMCC3135_11225	ko:K02834
gai:IMCC3135_11230	ko:K03177
gai:IMCC3135_11235	ko:K02956
gai:IMCC3135_11240	ko:K00962
gai:IMCC3135_11245	ko:K11991
gai:IMCC3135_11270	ko:K03760
gai:IMCC3135_11280	ko:K00901
gai:IMCC3135_11295	ko:K10227
gai:IMCC3135_11300	ko:K10228
gai:IMCC3135_11305	ko:K10229
gai:IMCC3135_11310	ko:K10111
gai:IMCC3135_11320	ko:K00045
gai:IMCC3135_11330	ko:K06953
gai:IMCC3135_11335	ko:K03724
gai:IMCC3135_11345	ko:K07577
gai:IMCC3135_11355	ko:K20862
gai:IMCC3135_11360	ko:K00824
gai:IMCC3135_11410	ko:K00997
gai:IMCC3135_11415	ko:K03474
gai:IMCC3135_11420	ko:K09159
gai:IMCC3135_11425	ko:K00240
gai:IMCC3135_11430	ko:K00239
gai:IMCC3135_11435	ko:K00242
gai:IMCC3135_11440	ko:K00241
gai:IMCC3135_11450	ko:K06980
gai:IMCC3135_11460	ko:K05838
gai:IMCC3135_11465	ko:K02622
gai:IMCC3135_11475	ko:K01956
gai:IMCC3135_11480	ko:K01955
gai:IMCC3135_11485	ko:K03624
gai:IMCC3135_11500	ko:K09791
gai:IMCC3135_11510	ko:K00381
gai:IMCC3135_11515	ko:K02674
gai:IMCC3135_11520	ko:K02673
gai:IMCC3135_11525	ko:K02672
gai:IMCC3135_11530	ko:K02671
gai:IMCC3135_11535	ko:K08084
gai:IMCC3135_11540	ko:K02655
gai:IMCC3135_11545	ko:K02674
gai:IMCC3135_11550	ko:K02673
gai:IMCC3135_11555	ko:K02672
gai:IMCC3135_11560	ko:K02671
gai:IMCC3135_11565	ko:K08084
gai:IMCC3135_11575	ko:K00382
gai:IMCC3135_11580	ko:K00627
gai:IMCC3135_11585	ko:K00163
gai:IMCC3135_11590	ko:K15865
gai:IMCC3135_11600	ko:K03186
gai:IMCC3135_11605	ko:K07157
gai:IMCC3135_11610	ko:K14682
gai:IMCC3135_11615	ko:K22686
gai:IMCC3135_11620	ko:K03184
gai:IMCC3135_11630	ko:K07226
gai:IMCC3135_11635	ko:K03744
gai:IMCC3135_11655	ko:K01126
gai:IMCC3135_11665	ko:K01785
gai:IMCC3135_11675	ko:K14058
gai:IMCC3135_11690	ko:K03851
gai:IMCC3135_11725	ko:K08300
gai:IMCC3135_11730	ko:K06179
gai:IMCC3135_11735	ko:K00163
gai:IMCC3135_11740	ko:K00627
gai:IMCC3135_11745	ko:K00382
gai:IMCC3135_11750	ko:K00626
gai:IMCC3135_11755	ko:K00023
gai:IMCC3135_11760	ko:K13924
gai:IMCC3135_11765	ko:K06925
gai:IMCC3135_11770	ko:K13775
gai:IMCC3135_11775	ko:K01448
gai:IMCC3135_11780	ko:K03572
gai:IMCC3135_11785	ko:K00791
gai:IMCC3135_11790	ko:K12339
gai:IMCC3135_11800	ko:K08307
gai:IMCC3135_11810	ko:K03469
gai:IMCC3135_11835	ko:K02342
gai:IMCC3135_11840	ko:K03664
gai:IMCC3135_11850	ko:K09801
gai:IMCC3135_11855	ko:K06186
gai:IMCC3135_11860	ko:K03711
gai:IMCC3135_11865	ko:K03631
gai:IMCC3135_11870	ko:K00858
gai:IMCC3135_11875	ko:K03555
gai:IMCC3135_11880	ko:K03743
gai:IMCC3135_11890	ko:K03553
gai:IMCC3135_11895	ko:K03565
gai:IMCC3135_11900	ko:K01872
gai:IMCC3135_11905	ko:K00928
gai:IMCC3135_11910	ko:K03563
gai:IMCC3135_11915	ko:K14219
gai:IMCC3135_11920	ko:K14233
gai:IMCC3135_11925	ko:K00845
gai:IMCC3135_11945	ko:K01491
gai:IMCC3135_11955	ko:K02030
gai:IMCC3135_11960	ko:K02029
gai:IMCC3135_11965	ko:K02029
gai:IMCC3135_11970	ko:K12252
gai:IMCC3135_11980	ko:K07496
gai:IMCC3135_11985	ko:K07284
gai:IMCC3135_11990	ko:K07114
gai:IMCC3135_11995	ko:K02483
gai:IMCC3135_12005	ko:K01990
gai:IMCC3135_12010	ko:K01992
gai:IMCC3135_12035	ko:K03189
gai:IMCC3135_12040	ko:K03188
gai:IMCC3135_12045	ko:K03187
gai:IMCC3135_12050	ko:K01428
gai:IMCC3135_12055	ko:K01429
gai:IMCC3135_12060	ko:K01430
gai:IMCC3135_12065	ko:K03190
gai:IMCC3135_12095	ko:K00600
gai:IMCC3135_12100	ko:K10552
gai:IMCC3135_12105	ko:K10553
gai:IMCC3135_12110	ko:K10554
gai:IMCC3135_12115	ko:K02011
gai:IMCC3135_12120	ko:K02012
gai:IMCC3135_12125	ko:K11606
gai:IMCC3135_12130	ko:K11605
gai:IMCC3135_12135	ko:K11607
gai:IMCC3135_12140	ko:K11604
gai:IMCC3135_12145	ko:K11924
gai:IMCC3135_12150	ko:K01465
gai:IMCC3135_12155	ko:K00762
gai:IMCC3135_12180	ko:K01768
gai:IMCC3135_12185	ko:K00847
gai:IMCC3135_12190	ko:K00031
gai:IMCC3135_12205	ko:K08281
gai:IMCC3135_12215	ko:K00700
gai:IMCC3135_12220	ko:K00703
gai:IMCC3135_12225	ko:K00975
gai:IMCC3135_12230	ko:K00688
gai:IMCC3135_12235	ko:K01214
gai:IMCC3135_12255	ko:K01784
gai:IMCC3135_12290	ko:K16692
gai:IMCC3135_12300	ko:K26272
gai:IMCC3135_12305	ko:K19802
gai:IMCC3135_12310	ko:K03885
gai:IMCC3135_12320	ko:K01823
gai:IMCC3135_12325	ko:K01749
gai:IMCC3135_12335	ko:K00324
gai:IMCC3135_12340	ko:K00325
gai:IMCC3135_12345	ko:K13821
gai:IMCC3135_12350	ko:K02483
gai:IMCC3135_12365	ko:K22737
gai:IMCC3135_12370	ko:K02017
gai:IMCC3135_12375	ko:K02018
gai:IMCC3135_12380	ko:K02020
gai:IMCC3135_12385	ko:K00901
gai:IMCC3135_12390	ko:K05773
gai:IMCC3135_12395	ko:K06857
gai:IMCC3135_12400	ko:K00826
gai:IMCC3135_12405	ko:K09125
gai:IMCC3135_12425	ko:K01483
gai:IMCC3135_12445	ko:K06889
gai:IMCC3135_12450	ko:K17736
gai:IMCC3135_12455	ko:K00315
gai:IMCC3135_12485	ko:K01652
gai:IMCC3135_12490	ko:K07080
gai:IMCC3135_12505	ko:K03777
gai:IMCC3135_12510	ko:K18928
gai:IMCC3135_12515	ko:K18929
gai:IMCC3135_12520	ko:K00782
gai:IMCC3135_12530	ko:K11927
gai:IMCC3135_12535	ko:K06193
gai:IMCC3135_12540	ko:K07178
gai:IMCC3135_12545	ko:K03710
gai:IMCC3135_12550	ko:K26058
gai:IMCC3135_12555	ko:K28637
gai:IMCC3135_12580	ko:K00064
gai:IMCC3135_12585	ko:K03821
gai:IMCC3135_12605	ko:K00023
gai:IMCC3135_12630	ko:K07304
gai:IMCC3135_12635	ko:K07496
gai:IMCC3135_12675	ko:K19265
gai:IMCC3135_12690	ko:K01420
gai:IMCC3135_12695	ko:K02495
gai:IMCC3135_12705	ko:K11209
gai:IMCC3135_12710	ko:K04046
gai:IMCC3135_12715	ko:K13574
gai:IMCC3135_12720	ko:K11927
gai:IMCC3135_12735	ko:K29027
gai:IMCC3135_12740	ko:K27837
gai:IMCC3135_12745	ko:K27497
gai:IMCC3135_12750	ko:K00249
gai:IMCC3135_12755	ko:K08299
gai:IMCC3135_12765	ko:K19745
gai:IMCC3135_12770	ko:K07146
gai:IMCC3135_12780	ko:K05341
gai:IMCC3135_12790	ko:K07484
gai:IMCC3135_12800	ko:K01998
gai:IMCC3135_12805	ko:K01997
gai:IMCC3135_12810	ko:K01996
gai:IMCC3135_12815	ko:K01995
gai:IMCC3135_12820	ko:K01999
gai:IMCC3135_12830	ko:K11391
gai:IMCC3135_12855	ko:K25183
gai:IMCC3135_12860	ko:K25182
gai:IMCC3135_12865	ko:K25181
gai:IMCC3135_12870	ko:K25180
gai:IMCC3135_12875	ko:K11209
gai:IMCC3135_12890	ko:K01011
gai:IMCC3135_12895	ko:K07793
gai:IMCC3135_12900	ko:K07794
gai:IMCC3135_12910	ko:K03321
gai:IMCC3135_12915	ko:K05816
gai:IMCC3135_12920	ko:K05815
gai:IMCC3135_12925	ko:K05814
gai:IMCC3135_12930	ko:K05813
gai:IMCC3135_12935	ko:K01999
gai:IMCC3135_12945	ko:K00138
gai:IMCC3135_12970	ko:K22131
gai:IMCC3135_12975	ko:K22130
gai:IMCC3135_12980	ko:K21948
gai:IMCC3135_12985	ko:K08319
gai:IMCC3135_12990	ko:K06145
gai:IMCC3135_13020	ko:K17241
gai:IMCC3135_13025	ko:K17242
gai:IMCC3135_13030	ko:K17243
gai:IMCC3135_13035	ko:K10111
gai:IMCC3135_13045	ko:K22548
gai:IMCC3135_13060	ko:K02521
gai:IMCC3135_13065	ko:K00053
gai:IMCC3135_13070	ko:K05776
gai:IMCC3135_13075	ko:K02433
gai:IMCC3135_13100	ko:K21826
gai:IMCC3135_13105	ko:K00303
gai:IMCC3135_13110	ko:K00304
gai:IMCC3135_13115	ko:K00302
gai:IMCC3135_13120	ko:K00305
gai:IMCC3135_13130	ko:K27684
gai:IMCC3135_13135	ko:K27502
gai:IMCC3135_13140	ko:K01585
gai:IMCC3135_13145	ko:K01480
gai:IMCC3135_13170	ko:K01958
gai:IMCC3135_13185	ko:K14219
gai:IMCC3135_13265	ko:K00799
gai:IMCC3135_13270	ko:K01055
gai:IMCC3135_13275	ko:K11688
gai:IMCC3135_13285	ko:K19338
gai:IMCC3135_13290	ko:K11690
gai:IMCC3135_13295	ko:K11689
gai:IMCC3135_13305	ko:K23470
gai:IMCC3135_13310	ko:K01299
gai:IMCC3135_13315	ko:K02032
gai:IMCC3135_13320	ko:K02031
gai:IMCC3135_13325	ko:K02034
gai:IMCC3135_13330	ko:K02033
gai:IMCC3135_13335	ko:K02035
gai:IMCC3135_13345	ko:K01470
gai:IMCC3135_13350	ko:K00077
gai:IMCC3135_13355	ko:K00059
gai:IMCC3135_13365	ko:K13051
gai:IMCC3135_13390	ko:K00648
gai:IMCC3135_13405	ko:K01990
gai:IMCC3135_13410	ko:K01992
gai:IMCC3135_13415	ko:K02078
gai:IMCC3135_13420	ko:K00647
gai:IMCC3135_13465	ko:K22602
gai:IMCC3135_13490	ko:K02031
gai:IMCC3135_13490	ko:K02032
gai:IMCC3135_13500	ko:K02035
gai:IMCC3135_13505	ko:K02033
gai:IMCC3135_13510	ko:K02034
gai:IMCC3135_13540	ko:K00067
gai:IMCC3135_13590	ko:K07497
gai:IMCC3135_13600	ko:K01153
gai:IMCC3135_13610	ko:K01154
gai:IMCC3135_13615	ko:K03427
gai:IMCC3135_13630	ko:K07452
gai:IMCC3135_13635	ko:K19147
gai:IMCC3135_13680	ko:K07484
gai:IMCC3135_13690	ko:K07484
gai:IMCC3135_13705	ko:K07140
gai:IMCC3135_13740	ko:K06997
gai:IMCC3135_13745	ko:K00868
gai:IMCC3135_13755	ko:K17223
gai:IMCC3135_13760	ko:K17226
gai:IMCC3135_13765	ko:K17227
gai:IMCC3135_13770	ko:K17222
gai:IMCC3135_13775	ko:K17224
gai:IMCC3135_13785	ko:K03780
gai:IMCC3135_13790	ko:K03779
gai:IMCC3135_13795	ko:K00244
gai:IMCC3135_13800	ko:K00247
gai:IMCC3135_13805	ko:K00246
gai:IMCC3135_13810	ko:K00245
gai:IMCC3135_13820	ko:K07793
gai:IMCC3135_13825	ko:K07794
gai:IMCC3135_13830	ko:K07795
gai:IMCC3135_13840	ko:K07090
gai:IMCC3135_13845	ko:K00140
gai:IMCC3135_13870	ko:K17285
gai:IMCC3135_13875	ko:K02639
gai:IMCC3135_13895	ko:K03672
gai:IMCC3135_13900	ko:K11690
gai:IMCC3135_13905	ko:K11689
gai:IMCC3135_13910	ko:K11688
gai:IMCC3135_13915	ko:K02564
gai:IMCC3135_13925	ko:K01443
gai:IMCC3135_13935	ko:K01995
gai:IMCC3135_13940	ko:K01996
gai:IMCC3135_13945	ko:K01997
gai:IMCC3135_13950	ko:K01998
gai:IMCC3135_13955	ko:K01999
gai:IMCC3135_13970	ko:K06889
gai:IMCC3135_13985	ko:K04760
gai:IMCC3135_14010	ko:K00140
gai:IMCC3135_14025	ko:K00020
gai:IMCC3135_14040	ko:K00249
gai:IMCC3135_14060	ko:K12340
gai:IMCC3135_14065	ko:K07090
gai:IMCC3135_14090	ko:K07152
gai:IMCC3135_14100	ko:K02431
gai:IMCC3135_14105	ko:K00059
gai:IMCC3135_14110	ko:K00276
gai:IMCC3135_14115	ko:K00276
gai:IMCC3135_14140	ko:K03654
gai:IMCC3135_14145	ko:K19339
gai:IMCC3135_14150	ko:K03734
gai:IMCC3135_14155	ko:K16137
gai:IMCC3135_14160	ko:K00799
gai:IMCC3135_14165	ko:K22745
gai:IMCC3135_14175	ko:K06076
gai:IMCC3135_14185	ko:K00146
gai:IMCC3135_14190	ko:K01640
gai:IMCC3135_14195	ko:K18313
gai:IMCC3135_14210	ko:K11475
gai:IMCC3135_14220	ko:K03074
gai:IMCC3135_14230	ko:K16568
gai:IMCC3135_14245	ko:K05569
gai:IMCC3135_14250	ko:K05570
gai:IMCC3135_14255	ko:K05571
gai:IMCC3135_14260	ko:K05566
gai:IMCC3135_14265	ko:K05566
gai:IMCC3135_14270	ko:K05567
gai:IMCC3135_14275	ko:K05568
gai:IMCC3135_14280	ko:K05568
gai:IMCC3135_14290	ko:K05568
gai:IMCC3135_14295	ko:K00799
gai:IMCC3135_14300	ko:K26933
gai:IMCC3135_14315	ko:K22297
gai:IMCC3135_14320	ko:K03782
gai:IMCC3135_14330	ko:K03802
gai:IMCC3135_14335	ko:K13282
gai:IMCC3135_14340	ko:K01305
gai:IMCC3135_14345	ko:K01625
gai:IMCC3135_14350	ko:K01690
gai:IMCC3135_14355	ko:K00036
gai:IMCC3135_14360	ko:K01057
gai:IMCC3135_14365	ko:K19337
gai:IMCC3135_14375	ko:K00873
gai:IMCC3135_14385	ko:K00104
gai:IMCC3135_14390	ko:K11472
gai:IMCC3135_14395	ko:K11473
gai:IMCC3135_14425	ko:K03611
gai:IMCC3135_14430	ko:K01181
gai:IMCC3135_14445	ko:K18335
gai:IMCC3135_14455	ko:K26399
gai:IMCC3135_14465	ko:K07090
gai:IMCC3135_14470	ko:K01738
gai:IMCC3135_14485	ko:K09915
gai:IMCC3135_14510	ko:K07114
gai:IMCC3135_14520	ko:K00135
gai:IMCC3135_14550	ko:K09794
gai:IMCC3135_14565	ko:K13641
gai:IMCC3135_14570	ko:K28179
gai:IMCC3135_14575	ko:K28180
gai:IMCC3135_14580	ko:K18425
gai:IMCC3135_14585	ko:K28178
gai:IMCC3135_14590	ko:K06177
gai:IMCC3135_14605	ko:K09461
gai:IMCC3135_14630	ko:K08295
gai:IMCC3135_14635	ko:K01999
gai:IMCC3135_14640	ko:K01997
gai:IMCC3135_14645	ko:K01998
gai:IMCC3135_14650	ko:K01995
gai:IMCC3135_14655	ko:K01996
gai:IMCC3135_14660	ko:K01075
gai:IMCC3135_14685	ko:K03892
gai:IMCC3135_14690	ko:K25224
gai:IMCC3135_14695	ko:K25223
gai:IMCC3135_14705	ko:K05350
gai:IMCC3135_14710	ko:K07402
gai:IMCC3135_14715	ko:K06959
gai:IMCC3135_14725	ko:K14761
gai:IMCC3135_14730	ko:K20975
gai:IMCC3135_14745	ko:K06996
gai:IMCC3135_14755	ko:K09001
gai:IMCC3135_14765	ko:K11688
gai:IMCC3135_14770	ko:K11689
gai:IMCC3135_14775	ko:K11690
gai:IMCC3135_14780	ko:K03829
gai:IMCC3135_14790	ko:K07518
gai:IMCC3135_14805	ko:K16922
gai:IMCC3135_14825	ko:K15580
gai:IMCC3135_14830	ko:K15581
gai:IMCC3135_14835	ko:K15582
gai:IMCC3135_14840	ko:K10823
gai:IMCC3135_14840	ko:K15583
gai:IMCC3135_14850	ko:K26937
gai:IMCC3135_14880	ko:K03852
gai:IMCC3135_14885	ko:K01895
gai:IMCC3135_14895	ko:K14393
gai:IMCC3135_14900	ko:K07182
gai:IMCC3135_14910	ko:K03710
gai:IMCC3135_14915	ko:K01439
gai:IMCC3135_14920	ko:K02035
gai:IMCC3135_14925	ko:K02033
gai:IMCC3135_14930	ko:K02034
gai:IMCC3135_14935	ko:K02031
gai:IMCC3135_14935	ko:K02032
gai:IMCC3135_14940	ko:K01438
gai:IMCC3135_14970	ko:K01915
gai:IMCC3135_14980	ko:K07484
gai:IMCC3135_14995	ko:K00140
gai:IMCC3135_15015	ko:K18893
gai:IMCC3135_15025	ko:K02548
gai:IMCC3135_15030	ko:K17486
gai:IMCC3135_15065	ko:K16871
gai:IMCC3135_15100	ko:K05825
gai:IMCC3135_15120	ko:K05973
gai:IMCC3135_15130	ko:K11688
gai:IMCC3135_15135	ko:K11689
gai:IMCC3135_15140	ko:K11690
gai:IMCC3135_15150	ko:K01420
gai:IMCC3135_15160	ko:K17218
gai:IMCC3135_15165	ko:K03321
gai:IMCC3135_15175	ko:K02342
gai:IMCC3135_15180	ko:K07182
gai:IMCC3135_15215	ko:K12536
gai:IMCC3135_15220	ko:K12537
gai:IMCC3135_15245	ko:K11688
gai:IMCC3135_15250	ko:K11689
gai:IMCC3135_15255	ko:K11690
gai:IMCC3135_15265	ko:K07516
gai:IMCC3135_15270	ko:K00632
gai:IMCC3135_15275	ko:K04118
gai:IMCC3135_15280	ko:K28556
gai:IMCC3135_15285	ko:K15866
gai:IMCC3135_15305	ko:K00799
gai:IMCC3135_15310	ko:K07001
gai:IMCC3135_15330	ko:K03406
gai:IMCC3135_15340	ko:K09970
gai:IMCC3135_15355	ko:K00986
gai:IMCC3135_15360	ko:K07496
gai:IMCC3135_15365	ko:K09971
gai:IMCC3135_15375	ko:K06995
gai:IMCC3135_15385	ko:K11735
gai:IMCC3135_15405	ko:K01760
gai:IMCC3135_15410	ko:K08351
gai:IMCC3135_15415	ko:K19333
gai:IMCC3135_15425	ko:K26065
gai:IMCC3135_15430	ko:K01473
gai:IMCC3135_15435	ko:K01474
gai:IMCC3135_15440	ko:K01908
gai:IMCC3135_15445	ko:K09972
gai:IMCC3135_15450	ko:K13993
gai:IMCC3135_15455	ko:K03406
gai:IMCC3135_15465	ko:K01480
gai:IMCC3135_15490	ko:K00611
gai:IMCC3135_15505	ko:K00799
gai:IMCC3135_15515	ko:K12972
gai:IMCC3135_15530	ko:K23773
gai:IMCC3135_15540	ko:K02002
gai:IMCC3135_15545	ko:K02001
gai:IMCC3135_15550	ko:K02000
gai:IMCC3135_15580	ko:K01857
gai:IMCC3135_15585	ko:K02623
gai:IMCC3135_15590	ko:K00481
gai:IMCC3135_15595	ko:K01055
gai:IMCC3135_15600	ko:K01607
gai:IMCC3135_15605	ko:K00449
gai:IMCC3135_15610	ko:K00448
gai:IMCC3135_15615	ko:K27848
gai:IMCC3135_15620	ko:K00077
gai:IMCC3135_15625	ko:K02624
gai:IMCC3135_15630	ko:K01652
gai:IMCC3135_15635	ko:K11688
gai:IMCC3135_15640	ko:K11689
gai:IMCC3135_15645	ko:K11690
gai:IMCC3135_15650	ko:K15054
gai:IMCC3135_15670	ko:K19333
gai:IMCC3135_15680	ko:K02510
gai:IMCC3135_15685	ko:K00135
gai:IMCC3135_15690	ko:K05834
gai:IMCC3135_15705	ko:K01575
gai:IMCC3135_15745	ko:K00567
gai:IMCC3135_15770	ko:K03560
gai:IMCC3135_15775	ko:K03559
gai:IMCC3135_15780	ko:K03561
gai:IMCC3135_15785	ko:K03585
gai:IMCC3135_15790	ko:K18138
gai:IMCC3135_15805	ko:K07491
gai:IMCC3135_15825	ko:K09815
gai:IMCC3135_15845	ko:K01779
gai:IMCC3135_15865	ko:K11903
gai:IMCC3135_15900	ko:K07080
gai:IMCC3135_15910	ko:K01031
gai:IMCC3135_15915	ko:K01032
gai:IMCC3135_15925	ko:K20940
gai:IMCC3135_15940	ko:K06177
gai:IMCC3135_15965	ko:K07794
gai:IMCC3135_15970	ko:K07793
gai:IMCC3135_15975	ko:K00799
gai:IMCC3135_15985	ko:K00128
gai:IMCC3135_15990	ko:K07274
gai:IMCC3135_16005	ko:K02003
gai:IMCC3135_16010	ko:K02004
gai:IMCC3135_16040	ko:K10441
gai:IMCC3135_16045	ko:K10440
gai:IMCC3135_16050	ko:K10439
gai:IMCC3135_16055	ko:K18334
gai:IMCC3135_16085	ko:K01426
gai:IMCC3135_16105	ko:K03830
gai:IMCC3135_16120	ko:K07496
gai:IMCC3135_16175	ko:K03566
gai:IMCC3135_16180	ko:K00060
gai:IMCC3135_16185	ko:K00639
gai:IMCC3135_16215	ko:K07793
gai:IMCC3135_16220	ko:K07794
gai:IMCC3135_16225	ko:K07795
gai:IMCC3135_16295	ko:K18459
gai:IMCC3135_16315	ko:K02030
gai:IMCC3135_16365	ko:K01826
gai:IMCC3135_16370	ko:K00151
gai:IMCC3135_16375	ko:K00455
gai:IMCC3135_16385	ko:K02509
gai:IMCC3135_16390	ko:K02510
gai:IMCC3135_16415	ko:K17686
gai:IMCC3135_16420	ko:K07787
gai:IMCC3135_16425	ko:K07798
gai:IMCC3135_16430	ko:K07796
gai:IMCC3135_16440	ko:K06196
gai:IMCC3135_16485	ko:K07807
gai:IMCC3135_16505	ko:K03337
gai:IMCC3135_16510	ko:K03335
gai:IMCC3135_16515	ko:K03338
gai:IMCC3135_16520	ko:K00010
gai:IMCC3135_16550	ko:K17237
gai:IMCC3135_16555	ko:K17238
gai:IMCC3135_16560	ko:K17239
gai:IMCC3135_16565	ko:K17240
gai:IMCC3135_16570	ko:K01126
gai:IMCC3135_16580	ko:K01092
gai:IMCC3135_16585	ko:K03324
gai:IMCC3135_16590	ko:K21801
gai:IMCC3135_16605	ko:K01439
gai:IMCC3135_16615	ko:K00020
gai:IMCC3135_16625	ko:K19267
gai:IMCC3135_16635	ko:K07496
gai:IMCC3135_16640	ko:K07491
gai:IMCC3135_16660	ko:K21883
gai:IMCC3135_16665	ko:K01689
gai:IMCC3135_16680	ko:K17315
gai:IMCC3135_16685	ko:K17316
gai:IMCC3135_16690	ko:K17317
gai:IMCC3135_16695	ko:K10112
gai:IMCC3135_16700	ko:K22185
gai:IMCC3135_16705	ko:K18335
gai:IMCC3135_16790	ko:K23948
gai:IMCC3135_16795	ko:K06446
gai:IMCC3135_16810	ko:K00055
gai:IMCC3135_16820	ko:K01897
gai:IMCC3135_16825	ko:K01563
gai:IMCC3135_16830	ko:K00626
gai:IMCC3135_16835	ko:K00074
gai:IMCC3135_16840	ko:K01782
gai:IMCC3135_16870	ko:K07491
gai:IMCC3135_16880	ko:K00626
gai:IMCC3135_16895	ko:K09709
gai:IMCC3135_16900	ko:K01644
gai:IMCC3135_16905	ko:K14470
gai:IMCC3135_16910	ko:K14448
gai:IMCC3135_16925	ko:K11689
gai:IMCC3135_16930	ko:K11690
gai:IMCC3135_16935	ko:K11688
gai:IMCC3135_16970	ko:K01563
gai:IMCC3135_16985	ko:K01563
gai:IMCC3135_17010	ko:K07491
gai:IMCC3135_17030	ko:K01563
gai:IMCC3135_17050	ko:K07497
gai:IMCC3135_17105	ko:K11688
gai:IMCC3135_17110	ko:K11689
gai:IMCC3135_17120	ko:K11690
gai:IMCC3135_17140	ko:K00135
gai:IMCC3135_17150	ko:K27838
gai:IMCC3135_17220	ko:K03781
gai:IMCC3135_17265	ko:K02026
gai:IMCC3135_17270	ko:K02025
gai:IMCC3135_17275	ko:K02027
gai:IMCC3135_17280	ko:K10112
gai:IMCC3135_17285	ko:K06145
gai:IMCC3135_17290	ko:K03808
gai:IMCC3135_17295	ko:K03808
gai:IMCC3135_17300	ko:K06192
gai:IMCC3135_17315	ko:K03885
gai:IMCC3135_17325	ko:K07112
gai:IMCC3135_17330	ko:K02566
gai:IMCC3135_17355	ko:K01652
gai:IMCC3135_17375	ko:K09953
gai:IMCC3135_17395	ko:K19268
gai:IMCC3135_17400	ko:K01846
gai:IMCC3135_17405	ko:K02553
gai:IMCC3135_17410	ko:K03704
gai:IMCC3135_17425	ko:K01194
gai:IMCC3135_17430	ko:K02106
gai:IMCC3135_17435	ko:K01026
gai:IMCC3135_17450	ko:K01029
gai:IMCC3135_17455	ko:K01028
gai:IMCC3135_17465	ko:K19055
gai:IMCC3135_17495	ko:K01745
gai:IMCC3135_17545	ko:K02575
gai:IMCC3135_17550	ko:K00370
gai:IMCC3135_17555	ko:K00371
gai:IMCC3135_17560	ko:K00373
gai:IMCC3135_17565	ko:K00374
gai:IMCC3135_17570	ko:K03769
gai:IMCC3135_17580	ko:K01673
gai:IMCC3135_17595	ko:K02305
gai:IMCC3135_17600	ko:K04561
gai:IMCC3135_17605	ko:K04748
gai:IMCC3135_17610	ko:K02448
gai:IMCC3135_17620	ko:K13409
gai:IMCC3135_17625	ko:K13408
gai:IMCC3135_17665	ko:K03315
gai:IMCC3135_17675	ko:K03585
gai:IMCC3135_17690	ko:K01652
gai:IMCC3135_17695	ko:K19000
gai:IMCC3135_17700	ko:K06177
gai:IMCC3135_17705	ko:K06177
gai:IMCC3135_17720	ko:K01768
gai:IMCC3135_17725	ko:K05020
gai:IMCC3135_17730	ko:K27497
gai:IMCC3135_17735	ko:K27837
gai:IMCC3135_17810	ko:K01621
gai:IMCC3135_17820	ko:K28615
gai:IMCC3135_17830	ko:K06131
gai:IMCC3135_17840	ko:K03744
gai:IMCC3135_17850	ko:K02483
gai:IMCC3135_17870	ko:K01768
gai:IMCC3135_17905	ko:K17686
gai:IMCC3135_17950	ko:K00700
gai:IMCC3135_17955	ko:K00975
gai:IMCC3135_17960	ko:K00045
gai:IMCC3135_17970	ko:K10227
gai:IMCC3135_17985	ko:K02575
gai:IMCC3135_17990	ko:K00372
gai:IMCC3135_17995	ko:K26138
gai:IMCC3135_18000	ko:K26139
gai:IMCC3135_18015	ko:K26064
gai:IMCC3135_18020	ko:K00029
gai:IMCC3135_18025	ko:K05802
gai:IMCC3135_18055	ko:K00315
gai:IMCC3135_18065	ko:K01684
gai:IMCC3135_18070	ko:K07248
gai:IMCC3135_18095	ko:K00384
gai:IMCC3135_18100	ko:K09771
gai:IMCC3135_18120	ko:K07644
gai:IMCC3135_18125	ko:K07665
gai:IMCC3135_18160	ko:K22348
gai:IMCC3135_18180	ko:K02081
gai:IMCC3135_18190	ko:K02027
gai:IMCC3135_18195	ko:K02025
gai:IMCC3135_18200	ko:K02026
gai:IMCC3135_18205	ko:K10112
gai:IMCC3135_18210	ko:K00820
gai:IMCC3135_18215	ko:K21622
gai:IMCC3135_18230	ko:K27838
gai:IMCC3135_18235	ko:K01998
gai:IMCC3135_18240	ko:K01997
gai:IMCC3135_18245	ko:K01996
gai:IMCC3135_18250	ko:K01995
gai:IMCC3135_18255	ko:K01999
gai:IMCC3135_18260	ko:K00074
gai:IMCC3135_18295	ko:K01342
gai:IMCC3135_18300	ko:K01173
gai:IMCC3135_18320	ko:K15551
gai:IMCC3135_18325	ko:K10831
gai:IMCC3135_18330	ko:K15552
gai:IMCC3135_18345	ko:K02030
gai:IMCC3135_18360	ko:K07290
gai:IMCC3135_18370	ko:K01524
gai:IMCC3135_18385	ko:K11688
gai:IMCC3135_18390	ko:K11689
gai:IMCC3135_18395	ko:K11690
gai:IMCC3135_18410	ko:K07154
gai:IMCC3135_18420	ko:K03651
gai:IMCC3135_18435	ko:K01501
gai:IMCC3135_18450	ko:K07123
gai:IMCC3135_18460	ko:K07222
gai:IMCC3135_18470	ko:K03566
gai:IMCC3135_18480	ko:K00471
gai:IMCC3135_18485	ko:K06188
gai:IMCC3135_18490	ko:K00681
gai:IMCC3135_18495	ko:K03406
gai:IMCC3135_18500	ko:K00428
gai:IMCC3135_18530	ko:K07793
gai:IMCC3135_18545	ko:K01684
gai:IMCC3135_18560	ko:K07552
gai:IMCC3135_18580	ko:K03070
gai:IMCC3135_18585	ko:K16922
gai:IMCC3135_18605	ko:K03800
gai:IMCC3135_18615	ko:K06147
gai:IMCC3135_18630	ko:K07213
gai:IMCC3135_18635	ko:K01768
gai:IMCC3135_18640	ko:K04763
gai:IMCC3135_18645	ko:K02529
gai:IMCC3135_18650	ko:K17315
gai:IMCC3135_18655	ko:K17316
gai:IMCC3135_18660	ko:K17317
gai:IMCC3135_18665	ko:K10112
gai:IMCC3135_18680	ko:K13771
gai:IMCC3135_18685	ko:K05916
gai:IMCC3135_18700	ko:K10112
gai:IMCC3135_18705	ko:K17317
gai:IMCC3135_18710	ko:K17316
gai:IMCC3135_18715	ko:K17315
gai:IMCC3135_18720	ko:K02529
gai:IMCC3135_18775	ko:K21393
gai:IMCC3135_18780	ko:K11688
gai:IMCC3135_18785	ko:K18581
gai:IMCC3135_18800	ko:K07552
gai:IMCC3135_18825	ko:K03719
gai:IMCC3135_18830	ko:K00163
gai:IMCC3135_18835	ko:K28825
gai:IMCC3135_18840	ko:K06995
gai:IMCC3135_18855	ko:K11688
gai:IMCC3135_18860	ko:K11689
gai:IMCC3135_18865	ko:K11690
gai:IMCC3135_18880	ko:K05952
gai:IMCC3135_18885	ko:K03734
gai:IMCC3135_18890	ko:K00351
gai:IMCC3135_18895	ko:K00350
gai:IMCC3135_18900	ko:K00349
gai:IMCC3135_18905	ko:K00348
gai:IMCC3135_18910	ko:K00347
gai:IMCC3135_18915	ko:K00346
gai:IMCC3135_18920	ko:K10439
gai:IMCC3135_18925	ko:K10441
gai:IMCC3135_18930	ko:K10440
gai:IMCC3135_18935	ko:K10440
gai:IMCC3135_18995	ko:K07497
gai:IMCC3135_19075	ko:K04763
gai:IMCC3135_19080	ko:K07491
gai:IMCC3135_19085	ko:K07491
gai:IMCC3135_19125	ko:K13877
gai:IMCC3135_19130	ko:K07793
gai:IMCC3135_19135	ko:K07794
gai:IMCC3135_19140	ko:K07795
gai:IMCC3135_19160	ko:K07006
gai:IMCC3135_19175	ko:K25316
gai:IMCC3135_19195	ko:K07222
gai:IMCC3135_19200	ko:K01438
gai:IMCC3135_19210	ko:K24004
gai:IMCC3135_19215	ko:K24003
gai:IMCC3135_19220	ko:K24160
gai:IMCC3135_19230	ko:K07302
gai:IMCC3135_19235	ko:K07303
gai:IMCC3135_19245	ko:K18661
gai:IMCC3135_19250	ko:K01578
gai:IMCC3135_19255	ko:K00626
gai:IMCC3135_19260	ko:K11690
gai:IMCC3135_19265	ko:K11689
gai:IMCC3135_19270	ko:K11688
gai:IMCC3135_19275	ko:K01704
gai:IMCC3135_19280	ko:K01703
gai:IMCC3135_19285	ko:K03710
gai:IMCC3135_19300	ko:K13995
gai:IMCC3135_19365	ko:K17225
gai:IMCC3135_19370	ko:K22622
gai:IMCC3135_19385	ko:K01724
gai:IMCC3135_19400	ko:K04045
gai:IMCC3135_19405	ko:K00529
gai:IMCC3135_19410	ko:K04755
gai:IMCC3135_19415	ko:K00606
gai:IMCC3135_19420	ko:K00227
gai:IMCC3135_19460	ko:K00064
gai:IMCC3135_19465	ko:K00616
gai:IMCC3135_19470	ko:K01805
gai:IMCC3135_19475	ko:K17641
gai:IMCC3135_19480	ko:K10111
gai:IMCC3135_19485	ko:K10119
gai:IMCC3135_19490	ko:K10118
gai:IMCC3135_19495	ko:K10117
gai:IMCC3135_19500	ko:K02529
gai:IMCC3135_19505	ko:K04565
gai:IMCC3135_19530	ko:K01847
gai:IMCC3135_19545	ko:K01847
gai:IMCC3135_19550	ko:K01965
gai:IMCC3135_19555	ko:K01966
gai:IMCC3135_19560	ko:K21686
gai:IMCC3135_19630	ko:K12255
gai:IMCC3135_19655	ko:K00252
gai:IMCC3135_19660	ko:K03566
gai:IMCC3135_19700	ko:K15228
gai:IMCC3135_19715	ko:K15229
gai:IMCC3135_19725	ko:K12340
gai:IMCC3135_19730	ko:K18138
gai:IMCC3135_19735	ko:K03585
gai:IMCC3135_19745	ko:K09953
gai:IMCC3135_19760	ko:K00013
gai:IMCC3135_19765	ko:K02053
gai:IMCC3135_19770	ko:K02054
gai:IMCC3135_19775	ko:K02055
gai:IMCC3135_19780	ko:K02052
gai:IMCC3135_19785	ko:K05836
gai:IMCC3135_19800	ko:K17318
gai:IMCC3135_19805	ko:K17320
gai:IMCC3135_19810	ko:K17319
gai:IMCC3135_19815	ko:K10112
gai:IMCC3135_19840	ko:K11074
gai:IMCC3135_19845	ko:K11075
gai:IMCC3135_19850	ko:K11076
gai:IMCC3135_19855	ko:K11073
gai:IMCC3135_19865	ko:K00941
gai:IMCC3135_19870	ko:K15600
gai:IMCC3135_19875	ko:K15599
gai:IMCC3135_19880	ko:K15598
gai:IMCC3135_19885	ko:K03707
gai:IMCC3135_19890	ko:K03153
gai:IMCC3135_19895	ko:K03154
gai:IMCC3135_19900	ko:K03149
gai:IMCC3135_19905	ko:K00788
gai:IMCC3135_19910	ko:K01714
gai:IMCC3135_19935	ko:K01684
gai:IMCC3135_19940	ko:K02035
gai:IMCC3135_19945	ko:K02033
gai:IMCC3135_19950	ko:K02034
gai:IMCC3135_19955	ko:K02031
gai:IMCC3135_19985	ko:K00625
gai:IMCC3135_19995	ko:K03852
gai:IMCC3135_20000	ko:K11690
gai:IMCC3135_20005	ko:K11689
gai:IMCC3135_20010	ko:K11688
gai:IMCC3135_20035	ko:K00060
gai:IMCC3135_20040	ko:K00639
gai:IMCC3135_20045	ko:K11690
gai:IMCC3135_20050	ko:K11689
gai:IMCC3135_20055	ko:K11688
gai:IMCC3135_20060	ko:K08685
gai:IMCC3135_20065	ko:K06871
gai:IMCC3135_20085	ko:K06147
gai:IMCC3135_20095	ko:K02198
gai:IMCC3135_20125	ko:K07484
gai:IMCC3135_20140	ko:K00666
gai:IMCC3135_20150	ko:K11939
gai:IMCC3135_20155	ko:K07115
gai:IMCC3135_20170	ko:K00799
gai:IMCC3135_20175	ko:K07006
gai:IMCC3135_20180	ko:K09958
gai:IMCC3135_20185	ko:K06995
gai:IMCC3135_20195	ko:K11690
gai:IMCC3135_20200	ko:K11689
gai:IMCC3135_20205	ko:K11688
gai:IMCC3135_20210	ko:K07255
gai:IMCC3135_20215	ko:K07256
gai:IMCC3135_20220	ko:K00390
gai:IMCC3135_20240	ko:K01560
gai:IMCC3135_20250	ko:K06132
gai:IMCC3135_20265	ko:K01815
gai:IMCC3135_20270	ko:K00065
gai:IMCC3135_20275	ko:K00285
gai:IMCC3135_20280	ko:K08311
gai:IMCC3135_20300	ko:K25649
gai:IMCC3135_20305	ko:K10112
gai:IMCC3135_20310	ko:K02026
gai:IMCC3135_20315	ko:K02025
gai:IMCC3135_20320	ko:K02027
gai:IMCC3135_20325	ko:K02529
gai:IMCC3135_20360	ko:K06893
gai:IMCC3135_20370	ko:K07496
gai:IMCC3135_20375	ko:K00986
gai:IMCC3135_20395	ko:K23244
gai:IMCC3135_20400	ko:K00052
gai:IMCC3135_20405	ko:K07795
gai:IMCC3135_20410	ko:K07794
gai:IMCC3135_20415	ko:K07793
gai:IMCC3135_20435	ko:K21948
gai:IMCC3135_20440	ko:K22130
gai:IMCC3135_20465	ko:K06989
gai:IMCC3135_20470	ko:K00102
gai:IMCC3135_20475	ko:K07304
gai:IMCC3135_20485	ko:K02055
gai:IMCC3135_20490	ko:K02054
gai:IMCC3135_20495	ko:K02053
gai:IMCC3135_20505	ko:K01486
gai:IMCC3135_20530	ko:K14977
gai:IMCC3135_20540	ko:K07127
gai:IMCC3135_20545	ko:K16842
gai:IMCC3135_20560	ko:K11690
gai:IMCC3135_20565	ko:K11689
gai:IMCC3135_20570	ko:K11688
gai:IMCC3135_20580	ko:K00451
gai:IMCC3135_20585	ko:K01555
gai:IMCC3135_20595	ko:K05712
gai:IMCC3135_20605	ko:K01800
gai:IMCC3135_20625	ko:K21310
gai:IMCC3135_20650	ko:K02031
gai:IMCC3135_20650	ko:K02032
gai:IMCC3135_20655	ko:K02034
gai:IMCC3135_20665	ko:K02033
gai:IMCC3135_20670	ko:K02035
gai:IMCC3135_20680	ko:K22112
gai:IMCC3135_20690	ko:K01455
gai:IMCC3135_20720	ko:K00549
gai:IMCC3135_20760	ko:K02026
gai:IMCC3135_20765	ko:K02025
gai:IMCC3135_20770	ko:K02027
gai:IMCC3135_20775	ko:K10112
gai:IMCC3135_20790	ko:K06978
gai:IMCC3135_20795	ko:K02035
gai:IMCC3135_20800	ko:K02033
gai:IMCC3135_20805	ko:K02034
gai:IMCC3135_20810	ko:K02031
gai:IMCC3135_20810	ko:K02032
gai:IMCC3135_20815	ko:K00052
gai:IMCC3135_20825	ko:K00114
gai:IMCC3135_20835	ko:K17226
gai:IMCC3135_20855	ko:K03924
gai:IMCC3135_20870	ko:K07114
gai:IMCC3135_20875	ko:K07114
gai:IMCC3135_20880	ko:K07114
gai:IMCC3135_20890	ko:K07486
gai:IMCC3135_20895	ko:K07484
gai:IMCC3135_20925	ko:K07496
gai:IMCC3135_20930	ko:K01053
gai:IMCC3135_20940	ko:K10561
gai:IMCC3135_20945	ko:K10560
gai:IMCC3135_20950	ko:K10562
gai:IMCC3135_20955	ko:K10559
gai:IMCC3135_20970	ko:K01820
gai:IMCC3135_20975	ko:K12132
gai:IMCC3135_20995	ko:K02200
gai:IMCC3135_21000	ko:K20074
gai:IMCC3135_21020	ko:K00262
gai:IMCC3135_21075	ko:K00018
gai:IMCC3135_21105	ko:K13688
gai:IMCC3135_21110	ko:K06907
gai:IMCC3135_21115	ko:K11690
gai:IMCC3135_21120	ko:K11689
gai:IMCC3135_21125	ko:K11688
gai:IMCC3135_21165	ko:K11690
gai:IMCC3135_21170	ko:K11689
gai:IMCC3135_21175	ko:K11688
gai:IMCC3135_21190	ko:K05836
gai:IMCC3135_21195	ko:K09975
gai:IMCC3135_21200	ko:K05603
gai:IMCC3135_21205	ko:K01745
gai:IMCC3135_21210	ko:K01712
gai:IMCC3135_21215	ko:K03566
gai:IMCC3135_21225	ko:K00883
gai:IMCC3135_21230	ko:K01631
gai:IMCC3135_21235	ko:K22468
gai:IMCC3135_21240	ko:K01126
gai:IMCC3135_21255	ko:K03534
gai:IMCC3135_21265	ko:K10112
gai:IMCC3135_21270	ko:K02026
gai:IMCC3135_21275	ko:K02025
gai:IMCC3135_21280	ko:K02027
gai:IMCC3135_21290	ko:K06167
gai:IMCC3135_21300	ko:K01119
gai:IMCC3135_21330	ko:K24158
gai:IMCC3135_21335	ko:K09773
gai:IMCC3135_21340	ko:K01007
gai:IMCC3135_21370	ko:K00059
gai:IMCC3135_21375	ko:K02016
gai:IMCC3135_21380	ko:K11751
gai:IMCC3135_21395	ko:K11940
gai:IMCC3135_21400	ko:K26937
gai:IMCC3135_21405	ko:K06182
gai:IMCC3135_21415	ko:K00529
gai:IMCC3135_21420	ko:K06920
gai:IMCC3135_21425	ko:K09457
gai:IMCC3135_21430	ko:K01624
gai:IMCC3135_21435	ko:K03337
gai:IMCC3135_21440	ko:K03338
gai:IMCC3135_21445	ko:K03336
gai:IMCC3135_21450	ko:K03335
gai:IMCC3135_21470	ko:K17215
gai:IMCC3135_21475	ko:K17214
gai:IMCC3135_21480	ko:K17213
gai:IMCC3135_21485	ko:K06606
gai:IMCC3135_21495	ko:K01578
gai:IMCC3135_21505	ko:K02029
gai:IMCC3135_21515	ko:K01713
gai:IMCC3135_21520	ko:K00813
gai:IMCC3135_21545	ko:K00134
gai:IMCC3135_21555	ko:K10545
gai:IMCC3135_21560	ko:K10544
gai:IMCC3135_21565	ko:K10543
gai:IMCC3135_21585	ko:K00854
gai:IMCC3135_21610	ko:K09969
gai:IMCC3135_21615	ko:K02075
gai:IMCC3135_21620	ko:K02077
gai:IMCC3135_21635	ko:K10112
gai:IMCC3135_21640	ko:K02027
gai:IMCC3135_21645	ko:K02026
gai:IMCC3135_21650	ko:K02025
gai:IMCC3135_21655	ko:K00852
gai:IMCC3135_21660	ko:K00128
gai:IMCC3135_21665	ko:K01619
gai:IMCC3135_21670	ko:K11534
gai:IMCC3135_21685	ko:K03566
gai:IMCC3135_21695	ko:K07504
gai:IMCC3135_21700	ko:K14233
gai:IMCC3135_21705	ko:K19416
gai:IMCC3135_21720	ko:K06131
gai:IMCC3135_21740	ko:K07340
gai:IMCC3135_21745	ko:K02030
gai:IMCC3135_21765	ko:K23244
gai:IMCC3135_21770	ko:K03215
gai:IMCC3135_21775	ko:K06201
gai:IMCC3135_21795	ko:K08646
gai:IMCC3135_21800	ko:K14228
gai:IMCC3135_21805	ko:K14222
gai:IMCC3135_21810	ko:K14225
gai:IMCC3135_21815	ko:K14225
gai:IMCC3135_21820	ko:K00995
gai:IMCC3135_21825	ko:K03703
gai:IMCC3135_21830	ko:K07689
gai:IMCC3135_21835	ko:K00648
gai:IMCC3135_21840	ko:K03621
gai:IMCC3135_21845	ko:K02911
gai:IMCC3135_21850	ko:K07040
gai:IMCC3135_21855	ko:K25422
gai:IMCC3135_21860	ko:K01095
gai:IMCC3135_21865	ko:K03625
gai:IMCC3135_21870	ko:K01883
gai:IMCC3135_21875	ko:K03768
gai:IMCC3135_21880	ko:K03768
gai:IMCC3135_21885	ko:K03269
gai:IMCC3135_21900	ko:K03584
gai:IMCC3135_21905	ko:K03595
gai:IMCC3135_21910	ko:K03685
gai:IMCC3135_21920	ko:K03100
gai:IMCC3135_21925	ko:K03596
gai:IMCC3135_21935	ko:K04771
gai:IMCC3135_21940	ko:K03803
gai:IMCC3135_21945	ko:K03598
gai:IMCC3135_21950	ko:K03597
gai:IMCC3135_21955	ko:K03088
gai:IMCC3135_21960	ko:K01011
gai:IMCC3135_21965	ko:K06949
gai:IMCC3135_21970	ko:K13288
gai:IMCC3135_21980	ko:K01968
gai:IMCC3135_21985	ko:K01969
gai:IMCC3135_21990	ko:K00253
gai:IMCC3135_22000	ko:K01996
gai:IMCC3135_22005	ko:K01999
gai:IMCC3135_22010	ko:K01998
gai:IMCC3135_22015	ko:K01997
gai:IMCC3135_22020	ko:K01897
gai:IMCC3135_22025	ko:K01995
gai:IMCC3135_22035	ko:K02483
gai:IMCC3135_22040	ko:K06187
gai:IMCC3135_22045	ko:K09747
gai:IMCC3135_22050	ko:K02343
gai:IMCC3135_22055	ko:K01983
gai:IMCC3135_22060	ko:K07657
gai:IMCC3135_22065	ko:K07636
gai:IMCC3135_22070	ko:K02040
gai:IMCC3135_22075	ko:K02037
gai:IMCC3135_22080	ko:K02038
gai:IMCC3135_22085	ko:K02036
gai:IMCC3135_22090	ko:K02039
gai:IMCC3135_22100	ko:K00799
gai:IMCC3135_22105	ko:K01953
gai:IMCC3135_22130	ko:K16653
gai:IMCC3135_22155	ko:K01953
gai:IMCC3135_22160	ko:K01953
gai:IMCC3135_22200	ko:K14233
gai:IMCC3135_22210	ko:K06178
gai:IMCC3135_22215	ko:K03638
gai:IMCC3135_22220	ko:K05801
gai:IMCC3135_22225	ko:K06176
gai:IMCC3135_22230	ko:K02439
gai:IMCC3135_22235	ko:K01791
gai:IMCC3135_22240	ko:K02472
gai:IMCC3135_22245	ko:K07278
gai:IMCC3135_22250	ko:K09800
gai:IMCC3135_22255	ko:K03684
gai:IMCC3135_22260	ko:K01626
gai:IMCC3135_22265	ko:K15256
gai:IMCC3135_22270	ko:K15257
gai:IMCC3135_22285	ko:K00012
gai:IMCC3135_22290	ko:K26937
gai:IMCC3135_22295	ko:K00075
gai:IMCC3135_22310	ko:K00826
gai:IMCC3135_22315	ko:K02851
gai:IMCC3135_22355	ko:K07432
gai:IMCC3135_22385	ko:K16554
gai:IMCC3135_22390	ko:K20988
gai:IMCC3135_22395	ko:K20920
gai:IMCC3135_22425	ko:K07484
gai:IMCC3135_22515	ko:K24258
gai:IMCC3135_22520	ko:K15894
gai:IMCC3135_22525	ko:K00067
gai:IMCC3135_22555	ko:K07486
gai:IMCC3135_22560	ko:K07484
gai:IMCC3135_22570	ko:K07484
gai:IMCC3135_22575	ko:K07484
gai:IMCC3135_22585	ko:K07484
gai:IMCC3135_22590	ko:K07484
gai:IMCC3135_22605	ko:K02474
gai:IMCC3135_22630	ko:K00986
gai:IMCC3135_22645	ko:K07497
gai:IMCC3135_22690	ko:K18429
gai:IMCC3135_22770	ko:K07484
gai:IMCC3135_22775	ko:K07484
gai:IMCC3135_22785	ko:K03746
gai:IMCC3135_22795	ko:K14441
gai:IMCC3135_22800	ko:K00297
gai:IMCC3135_22810	ko:K07486
gai:IMCC3135_22815	ko:K07484
gai:IMCC3135_22825	ko:K07484
gai:IMCC3135_22860	ko:K07484
gai:IMCC3135_22865	ko:K07484
gai:IMCC3135_22895	ko:K09005
gai:IMCC3135_22905	ko:K12511
gai:IMCC3135_22910	ko:K12510
gai:IMCC3135_22915	ko:K02283
gai:IMCC3135_22920	ko:K02280
gai:IMCC3135_22925	ko:K02279
gai:IMCC3135_22930	ko:K02651
gai:IMCC3135_22950	ko:K02651
gai:IMCC3135_22970	ko:K11752
gai:IMCC3135_22975	ko:K00793
gai:IMCC3135_22980	ko:K14652
gai:IMCC3135_22985	ko:K00794
gai:IMCC3135_22990	ko:K18828
gai:IMCC3135_22995	ko:K18829
gai:IMCC3135_23020	ko:K01356
gai:IMCC3135_23025	ko:K14160
gai:IMCC3135_23030	ko:K14161
gai:IMCC3135_23040	ko:K03775
gai:IMCC3135_23050	ko:K07080
gai:IMCC3135_23080	ko:K09697
gai:IMCC3135_23085	ko:K09696
gai:IMCC3135_23090	ko:K26005
gai:IMCC3135_23095	ko:K15515
gai:IMCC3135_23100	ko:K07795
gai:IMCC3135_23110	ko:K07793
gai:IMCC3135_23115	ko:K02529
gai:IMCC3135_23125	ko:K02336
gai:IMCC3135_23135	ko:K01638
gai:IMCC3135_23170	ko:K14205
gai:IMCC3135_23175	ko:K05591
gai:IMCC3135_23190	ko:K10255
gai:IMCC3135_23195	ko:K00034
gai:IMCC3135_23205	ko:K03446
gai:IMCC3135_23210	ko:K03543
gai:IMCC3135_23230	ko:K02042
gai:IMCC3135_23235	ko:K02041
gai:IMCC3135_23240	ko:K02044
gai:IMCC3135_23245	ko:K00799
gai:IMCC3135_23255	ko:K03315
gai:IMCC3135_23260	ko:K00600
gai:IMCC3135_23265	ko:K03566
gai:IMCC3135_23270	ko:K01768
gai:IMCC3135_23275	ko:K21699
gai:IMCC3135_23280	ko:K18459
gai:IMCC3135_23285	ko:K03307
gai:IMCC3135_23290	ko:K07025
gai:IMCC3135_23295	ko:K14162
gai:IMCC3135_23310	ko:K18471
gai:IMCC3135_23320	ko:K06987
gai:IMCC3135_23325	ko:K05844
gai:IMCC3135_23380	ko:K03924
gai:IMCC3135_23400	ko:K06076
gai:IMCC3135_23415	ko:K06445
gai:IMCC3135_23420	ko:K01495
gai:IMCC3135_23425	ko:K24821
gai:IMCC3135_23430	ko:K05539
gai:IMCC3135_23435	ko:K02112
gai:IMCC3135_23440	ko:K02114
gai:IMCC3135_23445	ko:K02116
gai:IMCC3135_23455	ko:K02108
gai:IMCC3135_23460	ko:K02110
gai:IMCC3135_23465	ko:K02109
gai:IMCC3135_23470	ko:K02111
gai:IMCC3135_23475	ko:K02115
gai:IMCC3135_23480	ko:K03821
gai:IMCC3135_23485	ko:K00208
gai:IMCC3135_23490	ko:K00625
gai:IMCC3135_23495	ko:K00925
gai:IMCC3135_23510	ko:K02016
gai:IMCC3135_23515	ko:K02013
gai:IMCC3135_23520	ko:K02015
gai:IMCC3135_23545	ko:K01560
gai:IMCC3135_23555	ko:K14393
gai:IMCC3135_23570	ko:K13639
gai:IMCC3135_23580	ko:K07222
gai:IMCC3135_23585	ko:K21405
gai:IMCC3135_23595	ko:K02028
gai:IMCC3135_23600	ko:K02030
gai:IMCC3135_23605	ko:K02029
gai:IMCC3135_23610	ko:K02029
gai:IMCC3135_23620	ko:K01652
gai:IMCC3135_23625	ko:K01482
gai:IMCC3135_23645	ko:K01953
gai:IMCC3135_23660	ko:K01916
gai:IMCC3135_23670	ko:K07114
gai:IMCC3135_23680	ko:K09800
gai:IMCC3135_23685	ko:K07278
gai:IMCC3135_23700	ko:K04773
gai:IMCC3135_23725	ko:K07552
gai:IMCC3135_23735	ko:K19267
gai:IMCC3135_23755	ko:K03306
gai:IMCC3135_23765	ko:K00121
gai:IMCC3135_23770	ko:K01070
gai:IMCC3135_23780	ko:K19696
gai:IMCC3135_23785	ko:K01770
gai:IMCC3135_23790	ko:K00991
gai:IMCC3135_23795	ko:K05589
gai:IMCC3135_23800	ko:K01689
gai:IMCC3135_23805	ko:K01627
gai:IMCC3135_23810	ko:K01937
gai:IMCC3135_23815	ko:K04075
gai:IMCC3135_23820	ko:K01962
gai:IMCC3135_23825	ko:K02337
gai:IMCC3135_23830	ko:K03470
gai:IMCC3135_23835	ko:K03098
gai:IMCC3135_23840	ko:K01799
gai:IMCC3135_23845	ko:K07301
gai:IMCC3135_23850	ko:K09967
gai:IMCC3135_23855	ko:K07161
gai:IMCC3135_23885	ko:K01041
gai:IMCC3135_23920	ko:K04077
gai:IMCC3135_23925	ko:K18226
gai:IMCC3135_23930	ko:K18224
gai:IMCC3135_23935	ko:K18225
gai:IMCC3135_23940	ko:K18223
gai:IMCC3135_23965	ko:K21405
gai:IMCC3135_23970	ko:K01299
gai:IMCC3135_23975	ko:K07117
gai:IMCC3135_23980	ko:K02676
gai:IMCC3135_23985	ko:K02341
gai:IMCC3135_23990	ko:K00943
gai:IMCC3135_23995	ko:K07082
gai:IMCC3135_24000	ko:K09458
gai:IMCC3135_24005	ko:K02078
gai:IMCC3135_24010	ko:K00059
gai:IMCC3135_24015	ko:K00645
gai:IMCC3135_24020	ko:K00215
gai:IMCC3135_24025	ko:K01972
gai:IMCC3135_24030	ko:K03528
gai:IMCC3135_24035	ko:K03529
gai:IMCC3135_24040	ko:K06203
gai:IMCC3135_24050	ko:K03977
gai:IMCC3135_24055	ko:K17713
gai:IMCC3135_24065	ko:K01892
gai:IMCC3135_24070	ko:K02656
gai:IMCC3135_24075	ko:K06941
gai:IMCC3135_24080	ko:K00940
gai:IMCC3135_24090	ko:K07738
gai:IMCC3135_24095	ko:K00024
gai:IMCC3135_24100	ko:K17247
gai:IMCC3135_24105	ko:K07147
gai:IMCC3135_24120	ko:K02042
gai:IMCC3135_24125	ko:K02042
gai:IMCC3135_24130	ko:K02041
gai:IMCC3135_24135	ko:K02044
gai:IMCC3135_24140	ko:K01952
gai:IMCC3135_24145	ko:K07283
gai:IMCC3135_24150	ko:K15035
gai:IMCC3135_24160	ko:K22317
gai:IMCC3135_24165	ko:K25044
gai:IMCC3135_24170	ko:K22320
gai:IMCC3135_24175	ko:K03837
gai:IMCC3135_24180	ko:K02029
gai:IMCC3135_24185	ko:K02029
gai:IMCC3135_24190	ko:K02030
gai:IMCC3135_24200	ko:K01433
gai:IMCC3135_24210	ko:K06136
gai:IMCC3135_24215	ko:K06137
gai:IMCC3135_24220	ko:K06138
gai:IMCC3135_24225	ko:K06139
gai:IMCC3135_24240	ko:K11688
gai:IMCC3135_24245	ko:K11689
gai:IMCC3135_24290	ko:K01463
gai:IMCC3135_24330	ko:K02015
gai:IMCC3135_24335	ko:K02013
gai:IMCC3135_24350	ko:K13936
gai:IMCC3135_24375	ko:K07160
gai:IMCC3135_24385	ko:K02200
gai:IMCC3135_24390	ko:K02199
gai:IMCC3135_24395	ko:K02198
gai:IMCC3135_24400	ko:K02197
gai:IMCC3135_24405	ko:K02196
gai:IMCC3135_24410	ko:K02195
gai:IMCC3135_24415	ko:K02194
gai:IMCC3135_24420	ko:K02193
gai:IMCC3135_24425	ko:K09986
gai:IMCC3135_24430	ko:K10806
gai:IMCC3135_24440	ko:K01996
gai:IMCC3135_24445	ko:K01999
gai:IMCC3135_24450	ko:K01998
gai:IMCC3135_24455	ko:K01997
gai:IMCC3135_24460	ko:K01995
gai:IMCC3135_24465	ko:K01897
gai:IMCC3135_24470	ko:K01875
gai:IMCC3135_24475	ko:K06199
gai:IMCC3135_24485	ko:K09920
gai:IMCC3135_24490	ko:K02518
gai:IMCC3135_24495	ko:K03694
gai:IMCC3135_24500	ko:K06891
gai:IMCC3135_24545	ko:K00903
gai:IMCC3135_24550	ko:K25590
gai:IMCC3135_24555	ko:K01991
gai:IMCC3135_24570	ko:K02474
gai:IMCC3135_24575	ko:K08679
gai:IMCC3135_24585	ko:K13634
gai:IMCC3135_24590	ko:K00566
gai:IMCC3135_24595	ko:K07153
gai:IMCC3135_24600	ko:K01682
gai:IMCC3135_24605	ko:K03702
gai:IMCC3135_24610	ko:K14220
gai:IMCC3135_24635	ko:K14232
gai:IMCC3135_24645	ko:K04764
gai:IMCC3135_24650	ko:K01890
gai:IMCC3135_24655	ko:K01889
gai:IMCC3135_24660	ko:K02887
gai:IMCC3135_24665	ko:K02916
gai:IMCC3135_24670	ko:K02520
gai:IMCC3135_24675	ko:K01868
gai:IMCC3135_24680	ko:K14237
gai:IMCC3135_24685	ko:K01756
gai:IMCC3135_24690	ko:K18850
gai:IMCC3135_24710	ko:K00979
gai:IMCC3135_24715	ko:K00912
gai:IMCC3135_24720	ko:K11085
gai:IMCC3135_24725	ko:K03559
gai:IMCC3135_24730	ko:K03561
gai:IMCC3135_24735	ko:K02238
gai:IMCC3135_24740	ko:K09928
gai:IMCC3135_24745	ko:K09810
gai:IMCC3135_24750	ko:K09808
gai:IMCC3135_24755	ko:K03723
gai:IMCC3135_24775	ko:K07660
gai:IMCC3135_24780	ko:K07637
gai:IMCC3135_24790	ko:K01992
gai:IMCC3135_24795	ko:K01990
gai:IMCC3135_24805	ko:K00798
gai:IMCC3135_24810	ko:K02503
gai:IMCC3135_24820	ko:K09989
gai:IMCC3135_24840	ko:K03750
gai:IMCC3135_24845	ko:K03752
gai:IMCC3135_24850	ko:K01919
gai:IMCC3135_24855	ko:K01175
gai:IMCC3135_24860	ko:K09912
gai:IMCC3135_24865	ko:K01141
gai:IMCC3135_24875	ko:K21420
gai:IMCC3135_24880	ko:K01768
gai:IMCC3135_24885	ko:K05602
gai:IMCC3135_24890	ko:K03656
gai:IMCC3135_24895	ko:K01338
gai:IMCC3135_24905	ko:K03981
gai:IMCC3135_24910	ko:K04763
gai:IMCC3135_24915	ko:K03750
gai:IMCC3135_24930	ko:K11720
gai:IMCC3135_24935	ko:K07091
gai:IMCC3135_24940	ko:K01255
gai:IMCC3135_24945	ko:K02339
gai:IMCC3135_24950	ko:K01873
gai:IMCC3135_24965	ko:K06158
gai:IMCC3135_24970	ko:K03744
gai:IMCC3135_24975	ko:K06872
gai:IMCC3135_24980	ko:K08988
gai:IMCC3135_24990	ko:K00963
gai:IMCC3135_24995	ko:K05524
gai:IMCC3135_25000	ko:K01775
gai:IMCC3135_25005	ko:K02314
gai:IMCC3135_25010	ko:K02939
gai:IMCC3135_25020	ko:K02963
gai:IMCC3135_25025	ko:K02990
gai:IMCC3135_25030	ko:K03218
gai:IMCC3135_25035	ko:K12573
gai:IMCC3135_25040	ko:K14228
gai:IMCC3135_25050	ko:K01939
gai:IMCC3135_25055	ko:K02502
gai:IMCC3135_25060	ko:K09937
gai:IMCC3135_25065	ko:K04087
gai:IMCC3135_25070	ko:K04088
gai:IMCC3135_25075	ko:K03665
gai:IMCC3135_25080	ko:K03666
gai:IMCC3135_25090	ko:K01908
gai:IMCC3135_25095	ko:K01966
gai:IMCC3135_25100	ko:K01965
gai:IMCC3135_25105	ko:K05606
gai:IMCC3135_25115	ko:K02200
gai:IMCC3135_25125	ko:K11206
gai:IMCC3135_25130	ko:K03686
gai:IMCC3135_25135	ko:K04043
gai:IMCC3135_25140	ko:K03687
gai:IMCC3135_25145	ko:K03705
gai:IMCC3135_25150	ko:K03526
gai:IMCC3135_25155	ko:K15461
gai:IMCC3135_25160	ko:K07588
gai:IMCC3135_25180	ko:K00759
gai:IMCC3135_25190	ko:K01740
gai:IMCC3135_25195	ko:K01192
gai:IMCC3135_25210	ko:K02259
gai:IMCC3135_25220	ko:K08355
gai:IMCC3135_25225	ko:K07001
gai:IMCC3135_25240	ko:K00127
gai:IMCC3135_25245	ko:K00124
gai:IMCC3135_25250	ko:K00123
gai:IMCC3135_25280	ko:K02379
gai:IMCC3135_25295	ko:K02482
gai:IMCC3135_25305	ko:K10773
gai:IMCC3135_25330	ko:K01356
gai:IMCC3135_25340	ko:K18979
gai:IMCC3135_25350	ko:K07478
gai:IMCC3135_25355	ko:K03634
gai:IMCC3135_25360	ko:K03466
gai:IMCC3135_25365	ko:K00384
gai:IMCC3135_25370	ko:K09919
gai:IMCC3135_25375	ko:K00684
gai:IMCC3135_25380	ko:K01733
gai:IMCC3135_25385	ko:K00003
gai:IMCC3135_25395	ko:K03087
gai:IMCC3135_25400	ko:K06194
gai:IMCC3135_25405	ko:K00573
gai:IMCC3135_25410	ko:K03787
gai:IMCC3135_25415	ko:K07019
gai:IMCC3135_25425	ko:K02233
gai:IMCC3135_25430	ko:K00768
gai:IMCC3135_25440	ko:K14219
gai:IMCC3135_25455	ko:K12373
gai:IMCC3135_25465	ko:K00748
gai:IMCC3135_25470	ko:K00677
gai:IMCC3135_25475	ko:K02372
gai:IMCC3135_25480	ko:K02536
gai:IMCC3135_25485	ko:K06142
gai:IMCC3135_25490	ko:K07277
gai:IMCC3135_25495	ko:K11749
gai:IMCC3135_25500	ko:K00099
gai:IMCC3135_25505	ko:K00981
gai:IMCC3135_25510	ko:K00806
gai:IMCC3135_25515	ko:K02838
gai:IMCC3135_25520	ko:K09903
gai:IMCC3135_25525	ko:K02357
gai:IMCC3135_25530	ko:K02967
gai:IMCC3135_25535	ko:K01265
gai:IMCC3135_25540	ko:K00990
gai:IMCC3135_25545	ko:K01439
gai:IMCC3135_25550	ko:K00208
gai:IMCC3135_25555	ko:K03282
gai:IMCC3135_25565	ko:K03770
gai:IMCC3135_25570	ko:K14221
gai:IMCC3135_25575	ko:K14237
gai:IMCC3135_25580	ko:K03530
gai:IMCC3135_25585	ko:K01338
gai:IMCC3135_25590	ko:K03544
gai:IMCC3135_25595	ko:K01358
gai:IMCC3135_25600	ko:K03545
gai:IMCC3135_25605	ko:K14228
gai:IMCC3135_25610	ko:K14226
gai:IMCC3135_25615	ko:K14219
gai:IMCC3135_25620	ko:K14232
gai:IMCC3135_25630	ko:K04487
gai:IMCC3135_25635	ko:K13643
gai:IMCC3135_25640	ko:K00640
gai:IMCC3135_25645	ko:K15396
gai:IMCC3135_25650	ko:K01092
gai:IMCC3135_25655	ko:K03074
gai:IMCC3135_25660	ko:K03072
gai:IMCC3135_25665	ko:K03210
gai:IMCC3135_25670	ko:K00773
gai:IMCC3135_25675	ko:K07568
gai:IMCC3135_25680	ko:K14228
gai:IMCC3135_25685	ko:K07101
gai:IMCC3135_25690	ko:K01591
gai:IMCC3135_25695	ko:K19804
gai:IMCC3135_25700	ko:K05788
gai:IMCC3135_25705	ko:K02945
gai:IMCC3135_25710	ko:K00945
gai:IMCC3135_25715	ko:K00800
gai:IMCC3135_25720	ko:K03711
gai:IMCC3135_25730	ko:K03594
gai:IMCC3135_25735	ko:K03561
gai:IMCC3135_25740	ko:K03559
gai:IMCC3135_25745	ko:K03559
gai:IMCC3135_25750	ko:K03832
gai:IMCC3135_25765	ko:K00528
gai:IMCC3135_25775	ko:K07336
gai:IMCC3135_25780	ko:K16422
gai:IMCC3135_25785	ko:K16090
gai:IMCC3135_25790	ko:K03832
gai:IMCC3135_25795	ko:K03559
gai:IMCC3135_25800	ko:K03559
gai:IMCC3135_25805	ko:K03561
gai:IMCC3135_25810	ko:K11690
gai:IMCC3135_25815	ko:K11689
gai:IMCC3135_25820	ko:K11688
gai:IMCC3135_25830	ko:K04517
gai:IMCC3135_25835	ko:K14170
gai:IMCC3135_25840	ko:K00831
gai:IMCC3135_25845	ko:K02469
gai:IMCC3135_25850	ko:K00568
gai:IMCC3135_25855	ko:K02291
gai:IMCC3135_25860	ko:K16013
gai:IMCC3135_25865	ko:K16012
gai:IMCC3135_25870	ko:K00425
gai:IMCC3135_25875	ko:K00426
gai:IMCC3135_25880	ko:K00424
gai:IMCC3135_25890	ko:K01506
gai:IMCC3135_25895	ko:K00468
gai:IMCC3135_25910	ko:K00567
gai:IMCC3135_25935	ko:K07320
gai:IMCC3135_25940	ko:K07152
gai:IMCC3135_25945	ko:K01613
gai:IMCC3135_25955	ko:K04568
gai:IMCC3135_25960	ko:K02356
gai:IMCC3135_25965	ko:K03799
gai:IMCC3135_25970	ko:K02621
gai:IMCC3135_25975	ko:K01810
gai:IMCC3135_25985	ko:K14445
gai:IMCC3135_26010	ko:K28643
gai:IMCC3135_26015	ko:K28642
gai:IMCC3135_26025	ko:K13039
gai:IMCC3135_26030	ko:K06034
gai:IMCC3135_26035	ko:K15509
gai:IMCC3135_26040	ko:K11690
gai:IMCC3135_26045	ko:K11689
gai:IMCC3135_26050	ko:K11688
gai:IMCC3135_26060	ko:K02529
gai:IMCC3135_26075	ko:K04087
gai:IMCC3135_26080	ko:K04088
gai:IMCC3135_26090	ko:K09941
gai:IMCC3135_26095	ko:K14267
gai:IMCC3135_26100	ko:K00674
gai:IMCC3135_26110	ko:K04761
gai:IMCC3135_26115	ko:K04047
gai:IMCC3135_26120	ko:K20034
gai:IMCC3135_26160	ko:K16922
gai:IMCC3135_26180	ko:K06911
gai:IMCC3135_26190	ko:K14742
gai:IMCC3135_26195	ko:K03722
gai:IMCC3135_26205	ko:K03286
gai:IMCC3135_26210	ko:K01951
gai:IMCC3135_26215	ko:K00088
gai:IMCC3135_26220	ko:K03601
gai:IMCC3135_26225	ko:K06204
gai:IMCC3135_26230	ko:K01894
gai:IMCC3135_26245	ko:K01895
gai:IMCC3135_26255	ko:K07305
gai:IMCC3135_26270	ko:K00978
gai:IMCC3135_26275	ko:K01790
gai:IMCC3135_26280	ko:K01709
gai:IMCC3135_26295	ko:K19784
gai:IMCC3135_26315	ko:K06024
gai:IMCC3135_26320	ko:K05896
gai:IMCC3135_26330	ko:K03769
gai:IMCC3135_26335	ko:K11529
gai:IMCC3135_26340	ko:K10764
gai:IMCC3135_26360	ko:K00764
gai:IMCC3135_26365	ko:K03558
gai:IMCC3135_26370	ko:K03749
gai:IMCC3135_26375	ko:K11754
gai:IMCC3135_26380	ko:K01963
gai:IMCC3135_26385	ko:K01695
gai:IMCC3135_26390	ko:K01696
gai:IMCC3135_26395	ko:K01817
gai:IMCC3135_26400	ko:K06173
gai:IMCC3135_26405	ko:K08086
gai:IMCC3135_26410	ko:K00133
gai:IMCC3135_26415	ko:K00052
gai:IMCC3135_26420	ko:K00799
gai:IMCC3135_26425	ko:K01704
gai:IMCC3135_26430	ko:K01703
gai:IMCC3135_26440	ko:K01265
gai:IMCC3135_26465	ko:K16922
gai:IMCC3135_26485	ko:K01133
gai:IMCC3135_26495	ko:K01556
gai:IMCC3135_26500	ko:K00453
gai:IMCC3135_26520	ko:K03111
gai:IMCC3135_26525	ko:K01736
gai:IMCC3135_26530	ko:K00951
gai:IMCC3135_26535	ko:K02004
gai:IMCC3135_26540	ko:K02003
gai:IMCC3135_26545	ko:K10804
gai:IMCC3135_26555	ko:K01990
gai:IMCC3135_26560	ko:K01992
gai:IMCC3135_26565	ko:K04567
gai:IMCC3135_26570	ko:K02836
gai:IMCC3135_26575	ko:K07462
gai:IMCC3135_26600	ko:K00626
gai:IMCC3135_26610	ko:K13766
gai:IMCC3135_26625	ko:K03310
gai:IMCC3135_26645	ko:K07114
gai:IMCC3135_26670	ko:K01686
gai:IMCC3135_26685	ko:K03775
gai:IMCC3135_26695	ko:K05541
gai:IMCC3135_26700	ko:K00243
gai:IMCC3135_26705	ko:K14540
gai:IMCC3135_26715	ko:K03773
gai:IMCC3135_26720	ko:K00108
gai:IMCC3135_26725	ko:K00761
gai:IMCC3135_26730	ko:K06020
gai:IMCC3135_26735	ko:K17938
gai:IMCC3135_26750	ko:K18234
gai:IMCC3135_26755	ko:K11690
gai:IMCC3135_26760	ko:K11689
gai:IMCC3135_26765	ko:K11688
gai:IMCC3135_26770	ko:K02031
gai:IMCC3135_26770	ko:K02032
gai:IMCC3135_26775	ko:K02034
gai:IMCC3135_26780	ko:K02033
gai:IMCC3135_26785	ko:K02035
gai:IMCC3135_26790	ko:K02433
gai:IMCC3135_26795	ko:K01768
gai:IMCC3135_26810	ko:K03919
gai:IMCC3135_26820	ko:K00820
gai:IMCC3135_26825	ko:K11959
gai:IMCC3135_26830	ko:K11960
gai:IMCC3135_26835	ko:K11961
gai:IMCC3135_26840	ko:K11962
gai:IMCC3135_26845	ko:K11963
gai:IMCC3135_26855	ko:K11688
gai:IMCC3135_26860	ko:K11690
gai:IMCC3135_26865	ko:K11689
gai:IMCC3135_26890	ko:K06972
gai:IMCC3135_26895	ko:K03563
gai:IMCC3135_26900	ko:K10844
gai:IMCC3135_26910	ko:K00432
gai:IMCC3135_26915	ko:K00290
gai:IMCC3135_26920	ko:K01008
gai:IMCC3135_26925	ko:K06917
gai:IMCC3135_26930	ko:K01940
gai:IMCC3135_26935	ko:K23536
gai:IMCC3135_26940	ko:K23535
gai:IMCC3135_26945	ko:K23537
gai:IMCC3135_26950	ko:K07335
gai:IMCC3135_26960	ko:K11745
gai:IMCC3135_26970	ko:K01951
gai:IMCC3135_26985	ko:K00852
gai:IMCC3135_26990	ko:K01640
gai:IMCC3135_27025	ko:K04774
gai:IMCC3135_27030	ko:K12297
gai:IMCC3135_27035	ko:K07576
gai:IMCC3135_27040	ko:K00311
gai:IMCC3135_27050	ko:K03321
gai:IMCC3135_27080	ko:K01758
gai:IMCC3135_27085	ko:K00627
gai:IMCC3135_27090	ko:K00163
gai:IMCC3135_27095	ko:K01761
gai:IMCC3135_27100	ko:K00303
gai:IMCC3135_27105	ko:K00304
gai:IMCC3135_27110	ko:K00302
gai:IMCC3135_27115	ko:K00305
gai:IMCC3135_27125	ko:K03719
gai:IMCC3135_27130	ko:K00315
gai:IMCC3135_27140	ko:K11688
gai:IMCC3135_27145	ko:K11689
gai:IMCC3135_27150	ko:K11690
gai:IMCC3135_27160	ko:K10112
gai:IMCC3135_27165	ko:K01755
gai:IMCC3135_27170	ko:K02026
gai:IMCC3135_27175	ko:K02025
gai:IMCC3135_27180	ko:K02027
gai:IMCC3135_27210	ko:K19294
gai:IMCC3135_27230	ko:K20035
gai:IMCC3135_27240	ko:K03522
gai:IMCC3135_27245	ko:K03521
gai:IMCC3135_27250	ko:K03365
gai:IMCC3135_27260	ko:K00626
gai:IMCC3135_27265	ko:K01782
gai:IMCC3135_27280	ko:K07114
gai:IMCC3135_27285	ko:K07114
gai:IMCC3135_27290	ko:K07114
gai:IMCC3135_27305	ko:K03924
gai:IMCC3135_27325	ko:K01669
gai:IMCC3135_27330	ko:K00925
gai:IMCC3135_27355	ko:K03580
gai:IMCC3135_27360	ko:K01142
gai:IMCC3135_27375	ko:K07335
gai:IMCC3135_27380	ko:K23536
gai:IMCC3135_27385	ko:K23535
gai:IMCC3135_27390	ko:K23537
gai:IMCC3135_27405	ko:K07058
gai:IMCC3135_27450	ko:K13634
gai:IMCC3135_27465	ko:K02837
gai:IMCC3135_27470	ko:K03789
gai:IMCC3135_27480	ko:K17103
gai:IMCC3135_27485	ko:K01653
gai:IMCC3135_27490	ko:K01652
gai:IMCC3135_27495	ko:K01423
gai:IMCC3135_27500	ko:K01610
gai:IMCC3135_27505	ko:K03286
gai:IMCC3135_27515	ko:K03286
gai:IMCC3135_27520	ko:K03286
gai:IMCC3135_27530	ko:K07283
gai:IMCC3135_27545	ko:K02549
gai:IMCC3135_27550	ko:K14229
gai:IMCC3135_27560	ko:K03640
gai:IMCC3135_27565	ko:K03641
gai:IMCC3135_27575	ko:K03560
gai:IMCC3135_27580	ko:K03562
gai:IMCC3135_27585	ko:K07107
gai:IMCC3135_27590	ko:K03551
gai:IMCC3135_27595	ko:K03550
gai:IMCC3135_27600	ko:K01159
gai:IMCC3135_27615	ko:K08310
gai:IMCC3135_27620	ko:K01876
gai:IMCC3135_27640	ko:K15371
gai:IMCC3135_27650	ko:K15866
gai:IMCC3135_27675	ko:K00297
gai:IMCC3135_27680	ko:K00548
gai:IMCC3135_27695	ko:K11069
gai:IMCC3135_27705	ko:K21826
gai:IMCC3135_27710	ko:K14083
gai:IMCC3135_27725	ko:K00548
gai:IMCC3135_27740	ko:K00029
gai:IMCC3135_27745	ko:K01649
gai:IMCC3135_27755	ko:K09954
gai:IMCC3135_27785	ko:K16871
gai:IMCC3135_27790	ko:K10111
gai:IMCC3135_27800	ko:K07407
gai:IMCC3135_27805	ko:K00849
gai:IMCC3135_27810	ko:K00965
gai:IMCC3135_27815	ko:K12308
gai:IMCC3135_27820	ko:K02027
gai:IMCC3135_27825	ko:K02025
gai:IMCC3135_27830	ko:K02026
gai:IMCC3135_27835	ko:K01626
gai:IMCC3135_27885	ko:K00375
gai:IMCC3135_27915	ko:K01126
gai:IMCC3135_27925	ko:K18990
gai:IMCC3135_27930	ko:K18989
gai:IMCC3135_27935	ko:K14224
gai:IMCC3135_27950	ko:K02405
gai:IMCC3135_27955	ko:K04562
gai:IMCC3135_27960	ko:K10941
gai:IMCC3135_27985	ko:K02027
gai:IMCC3135_27990	ko:K02025
gai:IMCC3135_27995	ko:K02026
gai:IMCC3135_28005	ko:K04080
gai:IMCC3135_28015	ko:K00830
gai:IMCC3135_28025	ko:K22084
gai:IMCC3135_28030	ko:K22085
gai:IMCC3135_28035	ko:K22086
gai:IMCC3135_28040	ko:K22087
gai:IMCC3135_28045	ko:K22081
gai:IMCC3135_28050	ko:K22082
gai:IMCC3135_28055	ko:K22083
gai:IMCC3135_28060	ko:K01915
gai:IMCC3135_28075	ko:K02483
gai:IMCC3135_28095	ko:K07001
gai:IMCC3135_28100	ko:K01574
gai:IMCC3135_28105	ko:K00019
gai:IMCC3135_28115	ko:K03924
gai:IMCC3135_28130	ko:K07114
gai:IMCC3135_28135	ko:K07114
gai:IMCC3135_28145	ko:K07098
gai:IMCC3135_28155	ko:K11354
gai:IMCC3135_28170	ko:K14998
gai:IMCC3135_28175	ko:K02300
gai:IMCC3135_28180	ko:K02299
gai:IMCC3135_28185	ko:K02298
gai:IMCC3135_28190	ko:K02297
gai:IMCC3135_28230	ko:K01739
gai:IMCC3135_28235	ko:K01682
gai:IMCC3135_28245	ko:K16841
gai:IMCC3135_28250	ko:K02053
gai:IMCC3135_28255	ko:K02054
gai:IMCC3135_28260	ko:K02055
gai:IMCC3135_28265	ko:K02052
gai:IMCC3135_28285	ko:K09022
gai:IMCC3135_28295	ko:K02031
gai:IMCC3135_28295	ko:K02032
gai:IMCC3135_28300	ko:K02035
gai:IMCC3135_28305	ko:K02033
gai:IMCC3135_28310	ko:K02034
gai:IMCC3135_28350	ko:K01563
gai:IMCC3135_28355	ko:K07302
gai:IMCC3135_28360	ko:K07303
gai:IMCC3135_28370	ko:K02031
gai:IMCC3135_28370	ko:K02032
gai:IMCC3135_28380	ko:K02034
gai:IMCC3135_28400	ko:K01575
gai:IMCC3135_28405	ko:K00111
gai:IMCC3135_28410	ko:K01768
gai:IMCC3135_28415	ko:K02031
gai:IMCC3135_28415	ko:K02032
gai:IMCC3135_28420	ko:K02034
gai:IMCC3135_28425	ko:K02033
gai:IMCC3135_28430	ko:K02035
gai:IMCC3135_28435	ko:K00117
gai:IMCC3135_28480	ko:K01704
gai:IMCC3135_28530	ko:K09968
gai:IMCC3135_28550	ko:K01153
gai:IMCC3135_28565	ko:K21498
gai:IMCC3135_28590	ko:K07484
gai:IMCC3135_28595	ko:K01154
gai:IMCC3135_28600	ko:K03427
gai:IMCC3135_28605	ko:K00943
gai:IMCC3135_28620	ko:K07484
gai:IMCC3135_28625	ko:K07484
gai:IMCC3135_28630	ko:K07484
gai:IMCC3135_28645	ko:K03427
gai:IMCC3135_28665	ko:K03566
gai:IMCC3135_28685	ko:K09014
gai:IMCC3135_28690	ko:K09013
gai:IMCC3135_28695	ko:K09015
gai:IMCC3135_28700	ko:K11717
gai:IMCC3135_28705	ko:K05997
gai:IMCC3135_28715	ko:K02426
gai:IMCC3135_28720	ko:K13643
gai:IMCC3135_28760	ko:K03313
gai:IMCC3135_28770	ko:K01631
gai:IMCC3135_28775	ko:K00883
gai:IMCC3135_28780	ko:K18983
gai:IMCC3135_28785	ko:K00135
gai:IMCC3135_28800	ko:K10544
gai:IMCC3135_28805	ko:K10545
gai:IMCC3135_28810	ko:K10543
gai:IMCC3135_28815	ko:K10549
gai:IMCC3135_28820	ko:K10440
gai:IMCC3135_28825	ko:K10441
gai:IMCC3135_28830	ko:K10440
gai:IMCC3135_28890	ko:K19784
gai:IMCC3135_28895	ko:K15268
gai:IMCC3135_28915	ko:K05835
gai:IMCC3135_28920	ko:K00380
gai:IMCC3135_28925	ko:K00381
gai:IMCC3135_28930	ko:K24158
gai:IMCC3135_28940	ko:K14218
gai:IMCC3135_28960	ko:K01069
gai:IMCC3135_28965	ko:K01092
gai:IMCC3135_28975	ko:K07090
gai:IMCC3135_28980	ko:K07090
gai:IMCC3135_28985	ko:K01118
gai:IMCC3135_28990	ko:K07393
gai:IMCC3135_29000	ko:K01885
gai:IMCC3135_29020	ko:K03088
gai:IMCC3135_29040	ko:K03695
gai:IMCC3135_29045	ko:K05810
gai:IMCC3135_29050	ko:K06180
gai:IMCC3135_29055	ko:K05807
gai:IMCC3135_29060	ko:K02668
gai:IMCC3135_29065	ko:K02667
gai:IMCC3135_29070	ko:K23424
gai:IMCC3135_29095	ko:K02650
gai:IMCC3135_29100	ko:K02650
gai:IMCC3135_29105	ko:K02652
gai:IMCC3135_29110	ko:K02653
gai:IMCC3135_29115	ko:K02654
gai:IMCC3135_29120	ko:K00859
gai:IMCC3135_29125	ko:K03574
gai:IMCC3135_29130	ko:K00620
gai:IMCC3135_29135	ko:K03070
gai:IMCC3135_29150	ko:K02535
gai:IMCC3135_29155	ko:K03531
gai:IMCC3135_29160	ko:K03590
gai:IMCC3135_29165	ko:K03589
gai:IMCC3135_29170	ko:K01921
gai:IMCC3135_29175	ko:K01924
gai:IMCC3135_29180	ko:K02563
gai:IMCC3135_29185	ko:K03588
gai:IMCC3135_29190	ko:K01925
gai:IMCC3135_29195	ko:K01000
gai:IMCC3135_29200	ko:K01929
gai:IMCC3135_29205	ko:K01928
gai:IMCC3135_29210	ko:K03587
gai:IMCC3135_29215	ko:K03586
gai:IMCC3135_29220	ko:K03438
gai:IMCC3135_29225	ko:K03925
gai:IMCC3135_29240	ko:K07056
gai:IMCC3135_29245	ko:K07121
gai:IMCC3135_29250	ko:K07460
gai:IMCC3135_29255	ko:K03600
gai:IMCC3135_29260	ko:K03599
gai:IMCC3135_29265	ko:K00413
gai:IMCC3135_29270	ko:K00412
gai:IMCC3135_29275	ko:K00411
gai:IMCC3135_29280	ko:K04772
gai:IMCC3135_29295	ko:K01626
gai:IMCC3135_29300	ko:K00765
gai:IMCC3135_29305	ko:K00790
gai:IMCC3135_29315	ko:K07323
gai:IMCC3135_29320	ko:K02067
gai:IMCC3135_29325	ko:K02066
gai:IMCC3135_29330	ko:K02065
gai:IMCC3135_29340	ko:K04754
gai:IMCC3135_29345	ko:K06041
gai:IMCC3135_29350	ko:K11719
gai:IMCC3135_29355	ko:K09774
gai:IMCC3135_29360	ko:K06861
gai:IMCC3135_29365	ko:K03092
gai:IMCC3135_29370	ko:K05808
gai:IMCC3135_29375	ko:K02806
gai:IMCC3135_29380	ko:K06023
gai:IMCC3135_29385	ko:K06958
gai:IMCC3135_29390	ko:K02784
gai:IMCC3135_29395	ko:K08483
gai:IMCC3135_29400	ko:K06213
gai:IMCC3135_29410	ko:K00525
gai:IMCC3135_29435	ko:K07346
gai:IMCC3135_29460	ko:K03769
gai:IMCC3135_29470	ko:K02346
gai:IMCC3135_29475	ko:K03610
gai:IMCC3135_29480	ko:K03609
gai:IMCC3135_29485	ko:K03608
gai:IMCC3135_29535	ko:K02034
gai:IMCC3135_29540	ko:K02033
gai:IMCC3135_29545	ko:K02035
gai:IMCC3135_29550	ko:K02031
gai:IMCC3135_29550	ko:K02032
gai:IMCC3135_29575	ko:K05527
gai:IMCC3135_29585	ko:K09933
gai:IMCC3135_29590	ko:K08309
gai:IMCC3135_29595	ko:K07146
gai:IMCC3135_29600	ko:K00564
gai:IMCC3135_29605	ko:K00939
gai:IMCC3135_29615	ko:K01740
gai:IMCC3135_29620	ko:K03281
gai:IMCC3135_29625	ko:K03185
gai:IMCC3135_29630	ko:K01262
gai:IMCC3135_29635	ko:K09895
gai:IMCC3135_29640	ko:K09892
gai:IMCC3135_29645	ko:K09888
gai:IMCC3135_29650	ko:K28358
gai:IMCC3135_29655	ko:K01934
gai:IMCC3135_29660	ko:K01754
gai:IMCC3135_29665	ko:K01807
gai:IMCC3135_29685	ko:K00950
gai:IMCC3135_29690	ko:K00970
gai:IMCC3135_29695	ko:K04762
gai:IMCC3135_29700	ko:K09902
gai:IMCC3135_29715	ko:K04079
gai:IMCC3135_29720	ko:K02884
gai:IMCC3135_29725	ko:K00554
gai:IMCC3135_29730	ko:K02860
gai:IMCC3135_29735	ko:K02959
gai:IMCC3135_29740	ko:K00548
gai:IMCC3135_29765	ko:K01990
gai:IMCC3135_29780	ko:K11747
gai:IMCC3135_29785	ko:K11748
gai:IMCC3135_29805	ko:K01915
gai:IMCC3135_29810	ko:K11688
gai:IMCC3135_29815	ko:K11690
gai:IMCC3135_29820	ko:K11689
gai:IMCC3135_29835	ko:K09926
gai:IMCC3135_29845	ko:K00406
gai:IMCC3135_29850	ko:K00407
gai:IMCC3135_29855	ko:K00405
gai:IMCC3135_29860	ko:K00404
gai:IMCC3135_29870	ko:K01533
gai:IMCC3135_29875	ko:K09792
gai:IMCC3135_29890	ko:K01950
gai:IMCC3135_29910	ko:K01077
gai:IMCC3135_29915	ko:K08281
gai:IMCC3135_29940	ko:K06911
gai:IMCC3135_29950	ko:K01799
gai:IMCC3135_29955	ko:K00799
gai:IMCC3135_29975	ko:K03719
gai:IMCC3135_30000	ko:K03455
gai:IMCC3135_30020	ko:K01745
gai:IMCC3135_30035	ko:K20525
gai:IMCC3135_30040	ko:K03106
gai:IMCC3135_30055	ko:K03699
gai:IMCC3135_30060	ko:K09950
gai:IMCC3135_30065	ko:K02004
gai:IMCC3135_30070	ko:K02003
gai:IMCC3135_30085	ko:K04485
gai:IMCC3135_30090	ko:K03602
gai:IMCC3135_30095	ko:K13789
gai:IMCC3135_30100	ko:K01662
gai:IMCC3135_30110	ko:K07287
gai:IMCC3135_30115	ko:K01714
gai:IMCC3135_30120	ko:K03564
gai:IMCC3135_30125	ko:K03548
gai:IMCC3135_30135	ko:K01881
gai:IMCC3135_30155	ko:K09471
gai:IMCC3135_30180	ko:K07496
gai:IMCC3135_30185	ko:K02454
gai:IMCC3135_30190	ko:K03809
gai:IMCC3135_30200	ko:K10763
gai:IMCC3135_30210	ko:K01933
gai:IMCC3135_30215	ko:K11175
gai:IMCC3135_30230	ko:K09889
gai:IMCC3135_30250	ko:K00285
gai:IMCC3135_30290	ko:K02051
gai:IMCC3135_30295	ko:K02049
gai:IMCC3135_30300	ko:K02050
gai:IMCC3135_30310	ko:K09780
gai:IMCC3135_30315	ko:K09019
gai:IMCC3135_30320	ko:K11688
gai:IMCC3135_30325	ko:K11689
gai:IMCC3135_30330	ko:K11690
gai:IMCC3135_30335	ko:K04098
gai:IMCC3135_30365	ko:K06876
gai:IMCC3135_30380	ko:K08301
gai:IMCC3135_30385	ko:K06287
gai:IMCC3135_30390	ko:K00783
gai:IMCC3135_30395	ko:K09710
gai:IMCC3135_30400	ko:K00969
gai:IMCC3135_30405	ko:K00147
gai:IMCC3135_30410	ko:K03424
gai:IMCC3135_30425	ko:K03325
gai:IMCC3135_30430	ko:K11811
gai:IMCC3135_30435	ko:K03892
gai:IMCC3135_30450	ko:K13936
gai:IMCC3135_30470	ko:K02029
gai:IMCC3135_30475	ko:K02030
gai:IMCC3135_30480	ko:K02029
gai:IMCC3135_30485	ko:K02028
gai:IMCC3135_30525	ko:K12410
gai:IMCC3135_30555	ko:K24003
gai:IMCC3135_30565	ko:K01714
gai:IMCC3135_30570	ko:K09472
gai:IMCC3135_30585	ko:K02032
gai:IMCC3135_30590	ko:K02031
gai:IMCC3135_30605	ko:K02034
gai:IMCC3135_30610	ko:K02033
gai:IMCC3135_30615	ko:K02035
gai:IMCC3135_30670	ko:K01752
gai:IMCC3135_30690	ko:K01139
gai:IMCC3135_30730	ko:K00344
gai:IMCC3135_30760	ko:K07497
gai:IMCC3135_30765	ko:K07483
gai:IMCC3135_30820	ko:K06131
gai:IMCC3135_30825	ko:K08688
gai:IMCC3135_30840	ko:K00039
gai:IMCC3135_30855	ko:K08223
gai:IMCC3135_30860	ko:K07234
gai:IMCC3135_30865	ko:K00128
gai:IMCC3135_30870	ko:K00020
gai:IMCC3135_30885	ko:K15509
gai:IMCC3135_30890	ko:K21645
gai:IMCC3135_30915	ko:K02004
gai:IMCC3135_30920	ko:K02003
gai:IMCC3135_30955	ko:K02653
gai:IMCC3135_30960	ko:K02652
gai:IMCC3135_30965	ko:K12282
gai:IMCC3135_30975	ko:K03216
gai:IMCC3135_30985	ko:K03071
gai:IMCC3135_30990	ko:K03676
gai:IMCC3135_31025	ko:K06902
gai:IMCC3135_31035	ko:K13936
gai:IMCC3135_31080	ko:K07391
gai:IMCC3135_31130	ko:K07496
gai:IMCC3135_31135	ko:K00986
gai:IMCC3135_31165	ko:K00098
gai:IMCC3135_31170	ko:K11688
gai:IMCC3135_31175	ko:K11689
gai:IMCC3135_31180	ko:K11690
gai:IMCC3135_31185	ko:K01715
gai:IMCC3135_31190	ko:K02027
gai:IMCC3135_31195	ko:K10440
gai:IMCC3135_31200	ko:K10441
gai:IMCC3135_31205	ko:K10440
gai:IMCC3135_31210	ko:K10439
gai:IMCC3135_31255	ko:K03676
gai:IMCC3135_31280	ko:K10439
gai:IMCC3135_31285	ko:K10440
gai:IMCC3135_31290	ko:K10441
gai:IMCC3135_31305	ko:K01805
gai:IMCC3135_31310	ko:K02529
gai:IMCC3135_31315	ko:K07038
gai:IMCC3135_31320	ko:K04090
gai:IMCC3135_31325	ko:K03719
gai:IMCC3135_31330	ko:K02168
gai:IMCC3135_31335	ko:K00130
gai:IMCC3135_31340	ko:K07263
gai:IMCC3135_31360	ko:K03406
gai:IMCC3135_31370	ko:K07043
gai:IMCC3135_31380	ko:K02484
gai:IMCC3135_31385	ko:K02483
gai:IMCC3135_31400	ko:K06895
gai:IMCC3135_31445	ko:K00016
gai:IMCC3135_31470	ko:K07496
gai:IMCC3135_31475	ko:K07496
gai:IMCC3135_31485	ko:K00986
gai:IMCC3135_31500	ko:K00285
gai:IMCC3135_31510	ko:K03406
gai:IMCC3135_31515	ko:K07795
gai:IMCC3135_31525	ko:K06330
gai:IMCC3135_31565	ko:K03496
gai:IMCC3135_31590	ko:K26937
gai:IMCC3135_31600	ko:K03307
gai:IMCC3135_31605	ko:K07182
gai:IMCC3135_31625	ko:K03442
gai:IMCC3135_31630	ko:K13483
gai:IMCC3135_31635	ko:K11178
gai:IMCC3135_31640	ko:K11177
gai:IMCC3135_31650	ko:K09806
gai:IMCC3135_31655	ko:K04752
gai:IMCC3135_31660	ko:K03320
gai:IMCC3135_31665	ko:K09861
gai:IMCC3135_31715	ko:K11690
gai:IMCC3135_31720	ko:K11689
gai:IMCC3135_31725	ko:K11688
gai:IMCC3135_31735	ko:K01754
gai:IMCC3135_31740	ko:K03585
gai:IMCC3135_31745	ko:K18138
gai:IMCC3135_31760	ko:K05779
gai:IMCC3135_31765	ko:K05778
gai:IMCC3135_31770	ko:K05777
gai:IMCC3135_31775	ko:K13893
gai:IMCC3135_31780	ko:K13894
gai:IMCC3135_31785	ko:K13895
gai:IMCC3135_31790	ko:K13896
gai:IMCC3135_31820	ko:K00569
gai:IMCC3135_31825	ko:K16898
gai:IMCC3135_31835	ko:K01784
gai:IMCC3135_31840	ko:K12132
gai:IMCC3135_31850	ko:K03683
gai:IMCC3135_31855	ko:K15034
gai:IMCC3135_31860	ko:K07390
gai:IMCC3135_31865	ko:K04564
gai:IMCC3135_31870	ko:K00821
gai:IMCC3135_31875	ko:K00611
gai:IMCC3135_31895	ko:K01991
gai:IMCC3135_31930	ko:K02031
gai:IMCC3135_31930	ko:K02032
gai:IMCC3135_31935	ko:K02034
gai:IMCC3135_31940	ko:K02033
gai:IMCC3135_31945	ko:K02035
gai:IMCC3135_31950	ko:K01439
gai:IMCC3135_31960	ko:K00632
gai:IMCC3135_31965	ko:K01825
gai:IMCC3135_31975	ko:K20035
gai:IMCC3135_31985	ko:K01647
gai:IMCC3135_32020	ko:K07484
gai:IMCC3135_32025	ko:K07484
gai:IMCC3135_32040	ko:K14234
gai:IMCC3135_32045	ko:K03525
gai:IMCC3135_32050	ko:K03524
gai:IMCC3135_32060	ko:K01886
gai:IMCC3135_32075	ko:K08296
gai:IMCC3135_32100	ko:K15738
gai:IMCC3135_32110	ko:K15633
gai:IMCC3135_32115	ko:K03118
gai:IMCC3135_32120	ko:K03117
gai:IMCC3135_32125	ko:K03116
gai:IMCC3135_32130	ko:K01523
gai:IMCC3135_32135	ko:K01496
gai:IMCC3135_32145	ko:K02500
gai:IMCC3135_32150	ko:K01814
gai:IMCC3135_32155	ko:K02501
gai:IMCC3135_32160	ko:K01693
gai:IMCC3135_32165	ko:K07560
gai:IMCC3135_32180	ko:K02517
gai:IMCC3135_32190	ko:K02064
gai:IMCC3135_32195	ko:K02063
gai:IMCC3135_32200	ko:K02062
gai:IMCC3135_32205	ko:K06991
gai:IMCC3135_32210	ko:K01620
gai:IMCC3135_32215	ko:K00949
gai:IMCC3135_32235	ko:K07396
gai:IMCC3135_32255	ko:K06878
gai:IMCC3135_32270	ko:K15784
gai:IMCC3135_32305	ko:K04751
gai:IMCC3135_32320	ko:K03924
gai:IMCC3135_32330	ko:K22452
gai:IMCC3135_32345	ko:K09947
gai:IMCC3135_32350	ko:K07338
gai:IMCC3135_32360	ko:K07231
gai:IMCC3135_32365	ko:K01754
gai:IMCC3135_32410	ko:K07080
gai:IMCC3135_32435	ko:K00459
gai:IMCC3135_32450	ko:K03426
gai:IMCC3135_32500	ko:K10778
gai:IMCC3135_32515	ko:K06929
gai:IMCC3135_32530	ko:K14155
gai:IMCC3135_32550	ko:K02655
gai:IMCC3135_32555	ko:K02673
gai:IMCC3135_32560	ko:K02672
gai:IMCC3135_32565	ko:K02671
gai:IMCC3135_32570	ko:K08084
gai:IMCC3135_32575	ko:K00383
gai:IMCC3135_32580	ko:K03179
gai:IMCC3135_32595	ko:K01992
gai:IMCC3135_32600	ko:K25181
gai:IMCC3135_32605	ko:K25182
gai:IMCC3135_32610	ko:K25183
gai:IMCC3135_32615	ko:K12340
gai:IMCC3135_32635	ko:K13953
gai:IMCC3135_32650	ko:K07120
gai:IMCC3135_32655	ko:K05844
gai:IMCC3135_32675	ko:K23773
gai:IMCC3135_32680	ko:K18478
gai:IMCC3135_32685	ko:K15986
gai:IMCC3135_32690	ko:K24138
gai:IMCC3135_32695	ko:K09883
gai:IMCC3135_32710	ko:K03286
gai:IMCC3135_32750	ko:K06889
gai:IMCC3135_32760	ko:K21449
gai:IMCC3135_32795	ko:K03406
gai:IMCC3135_32800	ko:K12256
gai:IMCC3135_32805	ko:K11069
gai:IMCC3135_32810	ko:K11070
gai:IMCC3135_32815	ko:K11071
gai:IMCC3135_32820	ko:K11072
gai:IMCC3135_32865	ko:K07496
gai:IMCC3135_32870	ko:K07491
gai:IMCC3135_32875	ko:K00986
gai:IMCC3135_32930	ko:K03630
gai:IMCC3135_32935	ko:K13038
gai:IMCC3135_32940	ko:K01520
gai:IMCC3135_32945	ko:K15778
gai:IMCC3135_32950	ko:K00930
gai:IMCC3135_32970	ko:K03406
gai:IMCC3135_32985	ko:K01142
gai:IMCC3135_33005	ko:K01082
gai:IMCC3135_33010	ko:K02463
gai:IMCC3135_33015	ko:K02462
gai:IMCC3135_33020	ko:K02461
gai:IMCC3135_33025	ko:K02460
gai:IMCC3135_33030	ko:K02459
gai:IMCC3135_33035	ko:K02458
gai:IMCC3135_33040	ko:K02457
gai:IMCC3135_33045	ko:K02456
gai:IMCC3135_33050	ko:K28165
gai:IMCC3135_33055	ko:K02348
gai:IMCC3135_33065	ko:K13609
gai:IMCC3135_33075	ko:K11168
gai:IMCC3135_33080	ko:K15735
gai:IMCC3135_33085	ko:K09859
gai:IMCC3135_33090	ko:K07337
gai:IMCC3135_33105	ko:K03655
gai:IMCC3135_33115	ko:K01139
gai:IMCC3135_33120	ko:K03060
gai:IMCC3135_33125	ko:K00942
gai:IMCC3135_33135	ko:K01058
gai:IMCC3135_33150	ko:K00382
gai:IMCC3135_33160	ko:K00658
gai:IMCC3135_33165	ko:K00164
gai:IMCC3135_33170	ko:K00030
gai:IMCC3135_33180	ko:K09948
gai:IMCC3135_33190	ko:K09858
gai:IMCC3135_33195	ko:K01897
gai:IMCC3135_33205	ko:K07107
gai:IMCC3135_33220	ko:K03704
gai:IMCC3135_33225	ko:K01256
gai:IMCC3135_33240	ko:K22719
gai:IMCC3135_33245	ko:K03797
gai:IMCC3135_33255	ko:K02033
gai:IMCC3135_33260	ko:K02034
gai:IMCC3135_33265	ko:K02031
gai:IMCC3135_33265	ko:K02032
gai:IMCC3135_33295	ko:K22468
gai:IMCC3135_33310	ko:K01534
gai:IMCC3135_33320	ko:K01990
gai:IMCC3135_33390	ko:K07126
gai:IMCC3135_33395	ko:K06886
gai:IMCC3135_33430	ko:K01113
gai:IMCC3135_33445	ko:K02035
gai:IMCC3135_33465	ko:K00820
gai:IMCC3135_33470	ko:K04042
gai:IMCC3135_33485	ko:K02027
gai:IMCC3135_33490	ko:K01476
gai:IMCC3135_33495	ko:K01750
gai:IMCC3135_33525	ko:K07334
gai:IMCC3135_33530	ko:K21498
gai:IMCC3135_33535	ko:K00986
gai:IMCC3135_33555	ko:K09803
gai:IMCC3135_33565	ko:K07484
gai:IMCC3135_33570	ko:K07486
gai:IMCC3135_33590	ko:K21498
gai:IMCC3135_33660	ko:K01468
gai:IMCC3135_33735	ko:K00799
gai:IMCC3135_33740	ko:K23537
gai:IMCC3135_33745	ko:K23535
gai:IMCC3135_33750	ko:K23536
gai:IMCC3135_33755	ko:K07335
gai:IMCC3135_33760	ko:K01487
gai:IMCC3135_33765	ko:K10914
gai:IMCC3135_33790	ko:K00647
gai:IMCC3135_33820	ko:K06191
gai:IMCC3135_33825	ko:K03647
gai:IMCC3135_33830	ko:K00525
gai:IMCC3135_33835	ko:K00526
gai:IMCC3135_33845	ko:K00274
gai:IMCC3135_33850	ko:K16137
gai:IMCC3135_33860	ko:K21621
gai:IMCC3135_33865	ko:K01624
gai:IMCC3135_33870	ko:K00881
gai:IMCC3135_33880	ko:K10441
gai:IMCC3135_33885	ko:K10440
gai:IMCC3135_33890	ko:K10439
gai:IMCC3135_33905	ko:K11690
gai:IMCC3135_33910	ko:K11689
gai:IMCC3135_33915	ko:K11688
gai:IMCC3135_33920	ko:K02617
gai:IMCC3135_33925	ko:K07516
gai:IMCC3135_33935	ko:K02618
gai:IMCC3135_33945	ko:K02613
gai:IMCC3135_33950	ko:K02612
gai:IMCC3135_33955	ko:K02611
gai:IMCC3135_33960	ko:K02610
gai:IMCC3135_33965	ko:K02609
gai:IMCC3135_33970	ko:K01912
gai:IMCC3135_33975	ko:K07823
gai:IMCC3135_33980	ko:K02614
gai:IMCC3135_33985	ko:K15866
gai:IMCC3135_33995	ko:K03821
gai:IMCC3135_34025	ko:K11898
gai:IMCC3135_34040	ko:K02078
gai:IMCC3135_34045	ko:K02078
gai:IMCC3135_34070	ko:K07107
gai:IMCC3135_34095	ko:K00647
gai:IMCC3135_34105	ko:K00059
gai:IMCC3135_34110	ko:K09458
gai:IMCC3135_34120	ko:K06133
gai:IMCC3135_34130	ko:K19591
gai:IMCC3135_34135	ko:K02114
gai:IMCC3135_34140	ko:K02112
gai:IMCC3135_34145	ko:K02115
gai:IMCC3135_34150	ko:K02111
gai:IMCC3135_34155	ko:K02113
gai:IMCC3135_34160	ko:K02109
gai:IMCC3135_34165	ko:K02110
gai:IMCC3135_34170	ko:K02108
gai:IMCC3135_34175	ko:K02116
gai:IMCC3135_34180	ko:K03497
gai:IMCC3135_34185	ko:K03496
gai:IMCC3135_34190	ko:K03501
gai:IMCC3135_34195	ko:K03495
gai:IMCC3135_34200	ko:K06147
gai:IMCC3135_34215	ko:K10834
gai:IMCC3135_34220	ko:K25133
gai:IMCC3135_34225	ko:K25132
gai:IMCC3135_34240	ko:K16089
gai:IMCC3135_34250	ko:K03650
gai:IMCC3135_34255	ko:K03217
gai:IMCC3135_34260	ko:K03536
