kgr:JJJ10_00005	ko:K02313
kgr:JJJ10_00010	ko:K02338
kgr:JJJ10_00015	ko:K03629
kgr:JJJ10_00020	ko:K02470
kgr:JJJ10_00040	ko:K19776
kgr:JJJ10_00045	ko:K00883
kgr:JJJ10_00050	ko:K01631
kgr:JJJ10_00055	ko:K01684
kgr:JJJ10_00080	ko:K04080
kgr:JJJ10_00085	ko:K04081
kgr:JJJ10_00095	ko:K07085
kgr:JJJ10_00100	ko:K03482
kgr:JJJ10_00105	ko:K02750
kgr:JJJ10_00110	ko:K01232
kgr:JJJ10_00115	ko:K00389
kgr:JJJ10_00125	ko:K06871
kgr:JJJ10_00130	ko:K01753
kgr:JJJ10_00135	ko:K13629
kgr:JJJ10_00140	ko:K13636
kgr:JJJ10_00145	ko:K08154
kgr:JJJ10_00160	ko:K19148
kgr:JJJ10_00170	ko:K01652
kgr:JJJ10_00175	ko:K01653
kgr:JJJ10_00185	ko:K07686
kgr:JJJ10_00190	ko:K07675
kgr:JJJ10_00195	ko:K07783
kgr:JJJ10_00200	ko:K07784
kgr:JJJ10_00210	ko:K07726
kgr:JJJ10_00220	ko:K03445
kgr:JJJ10_00225	ko:K02024
kgr:JJJ10_00230	ko:K02759
kgr:JJJ10_00235	ko:K02761
kgr:JJJ10_00240	ko:K02760
kgr:JJJ10_00255	ko:K24087
kgr:JJJ10_00270	ko:K11192
kgr:JJJ10_00275	ko:K07106
kgr:JJJ10_00280	ko:K07552
kgr:JJJ10_00285	ko:K18139
kgr:JJJ10_00290	ko:K18138
kgr:JJJ10_00295	ko:K03585
kgr:JJJ10_00320	ko:K07006
kgr:JJJ10_00325	ko:K09958
kgr:JJJ10_00330	ko:K02073
kgr:JJJ10_00340	ko:K01515
kgr:JJJ10_00355	ko:K13979
kgr:JJJ10_00375	ko:K00891
kgr:JJJ10_00390	ko:K18837
kgr:JJJ10_00395	ko:K18838
kgr:JJJ10_00400	ko:K03630
kgr:JJJ10_00420	ko:K06946
kgr:JJJ10_00460	ko:K14238
kgr:JJJ10_00465	ko:K03292
kgr:JJJ10_00470	ko:K01811
kgr:JJJ10_00480	ko:K02768
kgr:JJJ10_00485	ko:K02769
kgr:JJJ10_00490	ko:K02770
kgr:JJJ10_00495	ko:K01624
kgr:JJJ10_00500	ko:K01624
kgr:JJJ10_00505	ko:K00847
kgr:JJJ10_00510	ko:K09988
kgr:JJJ10_00525	ko:K02750
kgr:JJJ10_00535	ko:K16345
kgr:JJJ10_00540	ko:K03312
kgr:JJJ10_00545	ko:K00864
kgr:JJJ10_00550	ko:K02440
kgr:JJJ10_00555	ko:K09892
kgr:JJJ10_00560	ko:K23163
kgr:JJJ10_00565	ko:K01521
kgr:JJJ10_00570	ko:K03292
kgr:JJJ10_00575	ko:K23147
kgr:JJJ10_00595	ko:K01803
kgr:JJJ10_00610	ko:K00528
kgr:JJJ10_00615	ko:K02446
kgr:JJJ10_00620	ko:K03655
kgr:JJJ10_00625	ko:K00556
kgr:JJJ10_00630	ko:K01139
kgr:JJJ10_00635	ko:K03060
kgr:JJJ10_00640	ko:K00942
kgr:JJJ10_00645	ko:K01972
kgr:JJJ10_00655	ko:K03281
kgr:JJJ10_00665	ko:K00989
kgr:JJJ10_00670	ko:K00762
kgr:JJJ10_00675	ko:K05501
kgr:JJJ10_00680	ko:K01520
kgr:JJJ10_00685	ko:K13038
kgr:JJJ10_00690	ko:K03630
kgr:JJJ10_00695	ko:K02902
kgr:JJJ10_00700	ko:K02913
kgr:JJJ10_00725	ko:K10563
kgr:JJJ10_00730	ko:K00954
kgr:JJJ10_00735	ko:K12984
kgr:JJJ10_00740	ko:K02527
kgr:JJJ10_00745	ko:K19354
kgr:JJJ10_00755	ko:K02844
kgr:JJJ10_00760	ko:K02849
kgr:JJJ10_00785	ko:K02841
kgr:JJJ10_00790	ko:K02843
kgr:JJJ10_00795	ko:K03274
kgr:JJJ10_00800	ko:K00639
kgr:JJJ10_00805	ko:K00060
kgr:JJJ10_00815	ko:K09798
kgr:JJJ10_00820	ko:K22719
kgr:JJJ10_00825	ko:K15633
kgr:JJJ10_00835	ko:K03676
kgr:JJJ10_00840	ko:K03071
kgr:JJJ10_00845	ko:K00057
kgr:JJJ10_00850	ko:K00640
kgr:JJJ10_00855	ko:K03216
kgr:JJJ10_00860	ko:K29125
kgr:JJJ10_00865	ko:K14348
kgr:JJJ10_00870	ko:K00427
kgr:JJJ10_00875	ko:K14762
kgr:JJJ10_00885	ko:K02562
kgr:JJJ10_00890	ko:K00009
kgr:JJJ10_00895	ko:K02800
kgr:JJJ10_00915	ko:K01042
kgr:JJJ10_00920	ko:K03833
kgr:JJJ10_00925	ko:K09955
kgr:JJJ10_00930	ko:K03292
kgr:JJJ10_00940	ko:K03077
kgr:JJJ10_00945	ko:K03079
kgr:JJJ10_00950	ko:K03078
kgr:JJJ10_00955	ko:K00880
kgr:JJJ10_00975	ko:K08092
kgr:JJJ10_00980	ko:K21602
kgr:JJJ10_00985	ko:K05796
kgr:JJJ10_00990	ko:K00835
kgr:JJJ10_00995	ko:K01176
kgr:JJJ10_01000	ko:K03796
kgr:JJJ10_01005	ko:K02529
kgr:JJJ10_01010	ko:K10544
kgr:JJJ10_01015	ko:K10545
kgr:JJJ10_01020	ko:K10543
kgr:JJJ10_01025	ko:K01805
kgr:JJJ10_01030	ko:K00854
kgr:JJJ10_01050	ko:K01878
kgr:JJJ10_01055	ko:K01879
kgr:JJJ10_01060	ko:K18920
kgr:JJJ10_01070	ko:K03704
kgr:JJJ10_01075	ko:K07726
kgr:JJJ10_01080	ko:K08195
kgr:JJJ10_01090	ko:K00090
kgr:JJJ10_01100	ko:K00874
kgr:JJJ10_01110	ko:K02525
kgr:JJJ10_01120	ko:K08351
kgr:JJJ10_01125	ko:K03826
kgr:JJJ10_01130	ko:K01246
kgr:JJJ10_01140	ko:K08177
kgr:JJJ10_01145	ko:K12975
kgr:JJJ10_01150	ko:K14232
kgr:JJJ10_01155	ko:K12368
kgr:JJJ10_01160	ko:K12369
kgr:JJJ10_01165	ko:K12370
kgr:JJJ10_01170	ko:K12371
kgr:JJJ10_01175	ko:K12372
kgr:JJJ10_01190	ko:K00694
kgr:JJJ10_01195	ko:K20541
kgr:JJJ10_01200	ko:K20543
kgr:JJJ10_01210	ko:K20542
kgr:JJJ10_01215	ko:K18862
kgr:JJJ10_01220	ko:K18862
kgr:JJJ10_01250	ko:K00694
kgr:JJJ10_01255	ko:K20541
kgr:JJJ10_01260	ko:K20542
kgr:JJJ10_01265	ko:K20543
kgr:JJJ10_01270	ko:K26149
kgr:JJJ10_01275	ko:K11103
kgr:JJJ10_01285	ko:K00874
kgr:JJJ10_01290	ko:K07290
kgr:JJJ10_01300	ko:K07058
kgr:JJJ10_01320	ko:K01185
kgr:JJJ10_01330	ko:K01194
kgr:JJJ10_01340	ko:K00799
kgr:JJJ10_01345	ko:K00383
kgr:JJJ10_01350	ko:K07115
kgr:JJJ10_01360	ko:K07638
kgr:JJJ10_01365	ko:K07659
kgr:JJJ10_01370	ko:K04760
kgr:JJJ10_01375	ko:K06959
kgr:JJJ10_01380	ko:K04758
kgr:JJJ10_01385	ko:K04759
kgr:JJJ10_01390	ko:K07490
kgr:JJJ10_01400	ko:K02170
kgr:JJJ10_01410	ko:K07400
kgr:JJJ10_01415	ko:K06155
kgr:JJJ10_01420	ko:K01414
kgr:JJJ10_01425	ko:K15984
kgr:JJJ10_01435	ko:K03885
kgr:JJJ10_01445	ko:K03305
kgr:JJJ10_01450	ko:K06149
kgr:JJJ10_01455	ko:K06144
kgr:JJJ10_01460	ko:K16322
kgr:JJJ10_01480	ko:K03319
kgr:JJJ10_01490	ko:K00058
kgr:JJJ10_01500	ko:K06213
kgr:JJJ10_01505	ko:K07722
kgr:JJJ10_01510	ko:K10824
kgr:JJJ10_01515	ko:K15587
kgr:JJJ10_01520	ko:K15586
kgr:JJJ10_01525	ko:K15585
kgr:JJJ10_01530	ko:K15584
kgr:JJJ10_01540	ko:K13727
kgr:JJJ10_01545	ko:K07806
kgr:JJJ10_01550	ko:K10012
kgr:JJJ10_01555	ko:K10011
kgr:JJJ10_01560	ko:K13014
kgr:JJJ10_01565	ko:K07264
kgr:JJJ10_01570	ko:K12962
kgr:JJJ10_01575	ko:K12963
kgr:JJJ10_01590	ko:K27311
kgr:JJJ10_01595	ko:K09125
kgr:JJJ10_01600	ko:K04085
kgr:JJJ10_01605	ko:K01534
kgr:JJJ10_01620	ko:K08993
kgr:JJJ10_01625	ko:K08316
kgr:JJJ10_01630	ko:K03110
kgr:JJJ10_01635	ko:K09812
kgr:JJJ10_01640	ko:K09811
kgr:JJJ10_01645	ko:K03089
kgr:JJJ10_01650	ko:K00375
kgr:JJJ10_01655	ko:K00823
kgr:JJJ10_01670	ko:K01999
kgr:JJJ10_01680	ko:K01999
kgr:JJJ10_01685	ko:K01997
kgr:JJJ10_01690	ko:K01998
kgr:JJJ10_01695	ko:K01995
kgr:JJJ10_01700	ko:K01996
kgr:JJJ10_01705	ko:K01685
kgr:JJJ10_01710	ko:K26580
kgr:JJJ10_01715	ko:K22397
kgr:JJJ10_01725	ko:K05813
kgr:JJJ10_01730	ko:K05814
kgr:JJJ10_01735	ko:K05815
kgr:JJJ10_01740	ko:K05816
kgr:JJJ10_01745	ko:K01126
kgr:JJJ10_01755	ko:K00681
kgr:JJJ10_01760	ko:K03825
kgr:JJJ10_01775	ko:K06911
kgr:JJJ10_01780	ko:K06145
kgr:JJJ10_01785	ko:K00851
kgr:JJJ10_01790	ko:K06156
kgr:JJJ10_01795	ko:K03654
kgr:JJJ10_01805	ko:K00133
kgr:JJJ10_01810	ko:K00700
kgr:JJJ10_01815	ko:K02438
kgr:JJJ10_01820	ko:K00975
kgr:JJJ10_01825	ko:K00703
kgr:JJJ10_01830	ko:K00688
kgr:JJJ10_01835	ko:K00111
kgr:JJJ10_01840	ko:K02439
kgr:JJJ10_01845	ko:K02441
kgr:JJJ10_01850	ko:K02444
kgr:JJJ10_01855	ko:K03556
kgr:JJJ10_01870	ko:K03101
kgr:JJJ10_01880	ko:K00688
kgr:JJJ10_01885	ko:K00705
kgr:JJJ10_01890	ko:K01610
kgr:JJJ10_01895	ko:K04083
kgr:JJJ10_01900	ko:K04762
kgr:JJJ10_01905	ko:K20881
kgr:JJJ10_01915	ko:K08312
kgr:JJJ10_01920	ko:K05366
kgr:JJJ10_01925	ko:K12288
kgr:JJJ10_01930	ko:K12289
kgr:JJJ10_01935	ko:K12290
kgr:JJJ10_01940	ko:K12291
kgr:JJJ10_01945	ko:K02507
kgr:JJJ10_01950	ko:K00891
kgr:JJJ10_01955	ko:K01735
kgr:JJJ10_01960	ko:K03112
kgr:JJJ10_01965	ko:K06223
kgr:JJJ10_01970	ko:K01783
kgr:JJJ10_01975	ko:K01091
kgr:JJJ10_01980	ko:K01867
kgr:JJJ10_01985	ko:K02302
kgr:JJJ10_01990	ko:K02598
kgr:JJJ10_01995	ko:K00363
kgr:JJJ10_02000	ko:K00362
kgr:JJJ10_02005	ko:K01485
kgr:JJJ10_02010	ko:K06141
kgr:JJJ10_02015	ko:K03767
kgr:JJJ10_02025	ko:K04095
kgr:JJJ10_02030	ko:K01664
kgr:JJJ10_02035	ko:K00821
kgr:JJJ10_02045	ko:K10914
kgr:JJJ10_02050	ko:K07397
kgr:JJJ10_02055	ko:K28462
kgr:JJJ10_02060	ko:K09898
kgr:JJJ10_02065	ko:K07019
kgr:JJJ10_02075	ko:K00948
kgr:JJJ10_02080	ko:K03462
kgr:JJJ10_02085	ko:K06158
kgr:JJJ10_02090	ko:K11748
kgr:JJJ10_02095	ko:K11747
kgr:JJJ10_02100	ko:K07070
kgr:JJJ10_02105	ko:K03775
kgr:JJJ10_02110	ko:K03745
kgr:JJJ10_02115	ko:K03772
kgr:JJJ10_02125	ko:K07235
kgr:JJJ10_02130	ko:K07236
kgr:JJJ10_02135	ko:K07237
kgr:JJJ10_02140	ko:K02950
kgr:JJJ10_02145	ko:K02992
kgr:JJJ10_02150	ko:K02355
kgr:JJJ10_02155	ko:K02358
kgr:JJJ10_02160	ko:K02192
kgr:JJJ10_02165	ko:K03594
kgr:JJJ10_02170	ko:K02506
kgr:JJJ10_02175	ko:K02946
kgr:JJJ10_02180	ko:K02906
kgr:JJJ10_02185	ko:K02926
kgr:JJJ10_02190	ko:K02892
kgr:JJJ10_02195	ko:K02886
kgr:JJJ10_02200	ko:K02965
kgr:JJJ10_02205	ko:K02890
kgr:JJJ10_02210	ko:K02982
kgr:JJJ10_02215	ko:K02878
kgr:JJJ10_02220	ko:K02904
kgr:JJJ10_02225	ko:K02961
kgr:JJJ10_02230	ko:K02874
kgr:JJJ10_02235	ko:K02895
kgr:JJJ10_02240	ko:K02931
kgr:JJJ10_02245	ko:K02954
kgr:JJJ10_02250	ko:K02994
kgr:JJJ10_02255	ko:K02933
kgr:JJJ10_02260	ko:K02881
kgr:JJJ10_02265	ko:K02988
kgr:JJJ10_02270	ko:K02907
kgr:JJJ10_02275	ko:K02876
kgr:JJJ10_02280	ko:K03076
kgr:JJJ10_02285	ko:K02919
kgr:JJJ10_02290	ko:K02952
kgr:JJJ10_02295	ko:K02948
kgr:JJJ10_02300	ko:K02986
kgr:JJJ10_02305	ko:K03040
kgr:JJJ10_02310	ko:K02879
kgr:JJJ10_02320	ko:K13638
kgr:JJJ10_02325	ko:K09890
kgr:JJJ10_02330	ko:K03282
kgr:JJJ10_02335	ko:K03499
kgr:JJJ10_02340	ko:K03500
kgr:JJJ10_02345	ko:K00604
kgr:JJJ10_02350	ko:K01462
kgr:JJJ10_02355	ko:K04096
kgr:JJJ10_02360	ko:K03747
kgr:JJJ10_02365	ko:K07479
kgr:JJJ10_02370	ko:K07566
kgr:JJJ10_02375	ko:K00014
kgr:JJJ10_02390	ko:K01977
kgr:JJJ10_02395	ko:K14224
kgr:JJJ10_02400	ko:K01980
kgr:JJJ10_02405	ko:K01985
kgr:JJJ10_02410	ko:K14234
kgr:JJJ10_02415	ko:K01985
kgr:JJJ10_02425	ko:K18142
kgr:JJJ10_02430	ko:K18141
kgr:JJJ10_02435	ko:K18140
kgr:JJJ10_02440	ko:K03557
kgr:JJJ10_02445	ko:K05540
kgr:JJJ10_02450	ko:K01674
kgr:JJJ10_02455	ko:K02687
kgr:JJJ10_02460	ko:K14392
kgr:JJJ10_02470	ko:K01961
kgr:JJJ10_02475	ko:K02160
kgr:JJJ10_02480	ko:K17247
kgr:JJJ10_02485	ko:K07147
kgr:JJJ10_02490	ko:K19745
kgr:JJJ10_02495	ko:K18765
kgr:JJJ10_02500	ko:K03569
kgr:JJJ10_02505	ko:K03570
kgr:JJJ10_02510	ko:K03571
kgr:JJJ10_02515	ko:K06287
kgr:JJJ10_02520	ko:K08301
kgr:JJJ10_02530	ko:K03568
kgr:JJJ10_02535	ko:K02430
kgr:JJJ10_02540	ko:K21698
kgr:JJJ10_02545	ko:K21695
kgr:JJJ10_02550	ko:K15548
kgr:JJJ10_02555	ko:K03468
kgr:JJJ10_02560	ko:K03623
kgr:JJJ10_02575	ko:K03402
kgr:JJJ10_02580	ko:K00024
kgr:JJJ10_02600	ko:K03779
kgr:JJJ10_02605	ko:K03780
kgr:JJJ10_02610	ko:K01573
kgr:JJJ10_02615	ko:K01571
kgr:JJJ10_02620	ko:K20509
kgr:JJJ10_02630	ko:K04691
kgr:JJJ10_02635	ko:K04772
kgr:JJJ10_02640	ko:K09908
kgr:JJJ10_02645	ko:K06916
kgr:JJJ10_02650	ko:K02871
kgr:JJJ10_02655	ko:K02996
kgr:JJJ10_02660	ko:K03599
kgr:JJJ10_02665	ko:K03600
kgr:JJJ10_02675	ko:K00266
kgr:JJJ10_02680	ko:K00265
kgr:JJJ10_02685	ko:K07139
kgr:JJJ10_02690	ko:K07648
kgr:JJJ10_02700	ko:K03814
kgr:JJJ10_02705	ko:K08485
kgr:JJJ10_02710	ko:K06958
kgr:JJJ10_02715	ko:K02806
kgr:JJJ10_02720	ko:K05808
kgr:JJJ10_02725	ko:K03092
kgr:JJJ10_02730	ko:K06861
kgr:JJJ10_02735	ko:K09774
kgr:JJJ10_02740	ko:K11719
kgr:JJJ10_02745	ko:K03270
kgr:JJJ10_02750	ko:K06041
kgr:JJJ10_02755	ko:K07301
kgr:JJJ10_02760	ko:K02065
kgr:JJJ10_02765	ko:K02066
kgr:JJJ10_02770	ko:K02067
kgr:JJJ10_02775	ko:K07323
kgr:JJJ10_02780	ko:K07122
kgr:JJJ10_02790	ko:K00790
kgr:JJJ10_02795	ko:K07724
kgr:JJJ10_02800	ko:K02523
kgr:JJJ10_02805	ko:K02888
kgr:JJJ10_02810	ko:K02899
kgr:JJJ10_02820	ko:K03979
kgr:JJJ10_02825	ko:K07259
kgr:JJJ10_02830	ko:K03624
kgr:JJJ10_02835	ko:K07574
kgr:JJJ10_02840	ko:K02427
kgr:JJJ10_02845	ko:K03798
kgr:JJJ10_02850	ko:K00796
kgr:JJJ10_02855	ko:K03431
kgr:JJJ10_02860	ko:K03075
kgr:JJJ10_02865	ko:K14228
kgr:JJJ10_02870	ko:K01940
kgr:JJJ10_02875	ko:K14230
kgr:JJJ10_02880	ko:K09748
kgr:JJJ10_02885	ko:K02600
kgr:JJJ10_02890	ko:K02519
kgr:JJJ10_02895	ko:K02834
kgr:JJJ10_02900	ko:K03177
kgr:JJJ10_02905	ko:K02956
kgr:JJJ10_02910	ko:K00962
kgr:JJJ10_02915	ko:K05803
kgr:JJJ10_02925	ko:K05592
kgr:JJJ10_02930	ko:K03835
kgr:JJJ10_02935	ko:K13928
kgr:JJJ10_02960	ko:K13934
kgr:JJJ10_02965	ko:K20415
kgr:JJJ10_02970	ko:K20511
kgr:JJJ10_02975	ko:K20510
kgr:JJJ10_02980	ko:K13931
kgr:JJJ10_02985	ko:K13929
kgr:JJJ10_02990	ko:K20509
kgr:JJJ10_02995	ko:K13930
kgr:JJJ10_03005	ko:K24845
kgr:JJJ10_03010	ko:K24844
kgr:JJJ10_03015	ko:K24843
kgr:JJJ10_03020	ko:K03824
kgr:JJJ10_03025	ko:K07461
kgr:JJJ10_03030	ko:K09979
kgr:JJJ10_03035	ko:K05520
kgr:JJJ10_03045	ko:K07089
kgr:JJJ10_03050	ko:K28369
kgr:JJJ10_03055	ko:K12961
kgr:JJJ10_03060	ko:K07460
kgr:JJJ10_03065	ko:K07121
kgr:JJJ10_03070	ko:K07056
kgr:JJJ10_03075	ko:K04095
kgr:JJJ10_03080	ko:K02436
kgr:JJJ10_03085	ko:K00094
kgr:JJJ10_03090	ko:K02775
kgr:JJJ10_03095	ko:K02774
kgr:JJJ10_03100	ko:K02773
kgr:JJJ10_03105	ko:K16371
kgr:JJJ10_03110	ko:K02784
kgr:JJJ10_03115	ko:K02770
kgr:JJJ10_03120	ko:K25602
kgr:JJJ10_03125	ko:K08302
kgr:JJJ10_03135	ko:K21621
kgr:JJJ10_03140	ko:K01708
kgr:JJJ10_03145	ko:K12299
kgr:JJJ10_03150	ko:K01630
kgr:JJJ10_03155	ko:K00042
kgr:JJJ10_03160	ko:K00865
kgr:JJJ10_03165	ko:K01978
kgr:JJJ10_03200	ko:K07393
kgr:JJJ10_03205	ko:K15977
kgr:JJJ10_03230	ko:K25864
kgr:JJJ10_03240	ko:K19775
kgr:JJJ10_03245	ko:K08191
kgr:JJJ10_03250	ko:K01812
kgr:JJJ10_03255	ko:K01685
kgr:JJJ10_03265	ko:K07862
kgr:JJJ10_03280	ko:K07043
kgr:JJJ10_03285	ko:K01198
kgr:JJJ10_03295	ko:K03292
kgr:JJJ10_03300	ko:K11391
kgr:JJJ10_03305	ko:K00219
kgr:JJJ10_03310	ko:K11216
kgr:JJJ10_03315	ko:K11531
kgr:JJJ10_03320	ko:K10558
kgr:JJJ10_03325	ko:K10556
kgr:JJJ10_03330	ko:K10557
kgr:JJJ10_03335	ko:K10555
kgr:JJJ10_03340	ko:K08321
kgr:JJJ10_03345	ko:K11530
kgr:JJJ10_03350	ko:K09251
kgr:JJJ10_03360	ko:K07229
kgr:JJJ10_03365	ko:K28825
kgr:JJJ10_03370	ko:K05881
kgr:JJJ10_03375	ko:K05879
kgr:JJJ10_03380	ko:K05878
kgr:JJJ10_03385	ko:K00005
kgr:JJJ10_03390	ko:K05880
kgr:JJJ10_03400	ko:K14230
kgr:JJJ10_03405	ko:K03649
kgr:JJJ10_03415	ko:K03086
kgr:JJJ10_03420	ko:K02316
kgr:JJJ10_03425	ko:K02970
kgr:JJJ10_03430	ko:K25706
kgr:JJJ10_03440	ko:K03189
kgr:JJJ10_03445	ko:K03188
kgr:JJJ10_03450	ko:K03187
kgr:JJJ10_03455	ko:K01428
kgr:JJJ10_03460	ko:K01429
kgr:JJJ10_03465	ko:K01430
kgr:JJJ10_03470	ko:K03190
kgr:JJJ10_03475	ko:K08591
kgr:JJJ10_03480	ko:K01633
kgr:JJJ10_03485	ko:K06153
kgr:JJJ10_03490	ko:K00974
kgr:JJJ10_03495	ko:K07184
kgr:JJJ10_03500	ko:K18446
kgr:JJJ10_03505	ko:K00982
kgr:JJJ10_03510	ko:K03272
kgr:JJJ10_03520	ko:K22720
kgr:JJJ10_03525	ko:K09806
kgr:JJJ10_03530	ko:K02858
kgr:JJJ10_03555	ko:K15777
kgr:JJJ10_03570	ko:K12340
kgr:JJJ10_03575	ko:K01515
kgr:JJJ10_03580	ko:K09920
kgr:JJJ10_03585	ko:K03651
kgr:JJJ10_03590	ko:K07000
kgr:JJJ10_03595	ko:K02622
kgr:JJJ10_03610	ko:K02532
kgr:JJJ10_03615	ko:K18581
kgr:JJJ10_03625	ko:K03923
kgr:JJJ10_03630	ko:K07645
kgr:JJJ10_03635	ko:K07666
kgr:JJJ10_03645	ko:K02621
kgr:JJJ10_03650	ko:K00655
kgr:JJJ10_03655	ko:K04753
kgr:JJJ10_03665	ko:K06221
kgr:JJJ10_03670	ko:K08325
kgr:JJJ10_03685	ko:K01760
kgr:JJJ10_03690	ko:K03561
kgr:JJJ10_03695	ko:K03559
kgr:JJJ10_03715	ko:K11209
kgr:JJJ10_03725	ko:K01460
kgr:JJJ10_03730	ko:K05825
kgr:JJJ10_03755	ko:K01758
kgr:JJJ10_03760	ko:K01697
kgr:JJJ10_03765	ko:K14445
kgr:JJJ10_03770	ko:K12055
kgr:JJJ10_03775	ko:K02314
kgr:JJJ10_03820	ko:K03169
kgr:JJJ10_03830	ko:K03111
kgr:JJJ10_03870	ko:K07448
kgr:JJJ10_03880	ko:K12071
kgr:JJJ10_04010	ko:K03503
kgr:JJJ10_04025	ko:K07213
kgr:JJJ10_04030	ko:K19594
kgr:JJJ10_04035	ko:K19595
kgr:JJJ10_04055	ko:K03101
kgr:JJJ10_04075	ko:K02535
kgr:JJJ10_04090	ko:K01534
kgr:JJJ10_04100	ko:K19592
kgr:JJJ10_04105	ko:K19597
kgr:JJJ10_04110	ko:K16264
kgr:JJJ10_04115	ko:K21903
kgr:JJJ10_04135	ko:K00520
kgr:JJJ10_04180	ko:K08970
kgr:JJJ10_04185	ko:K07481
kgr:JJJ10_04235	ko:K14060
kgr:JJJ10_04245	ko:K16137
kgr:JJJ10_04255	ko:K03671
kgr:JJJ10_04260	ko:K10680
kgr:JJJ10_04275	ko:K07481
kgr:JJJ10_04280	ko:K00537
kgr:JJJ10_04285	ko:K03893
kgr:JJJ10_04290	ko:K01551
kgr:JJJ10_04300	ko:K03892
kgr:JJJ10_04360	ko:K00558
kgr:JJJ10_04370	ko:K00986
kgr:JJJ10_04390	ko:K14231
kgr:JJJ10_04395	ko:K07150
kgr:JJJ10_04400	ko:K01581
kgr:JJJ10_04405	ko:K03289
kgr:JJJ10_04410	ko:K08306
kgr:JJJ10_04420	ko:K03575
kgr:JJJ10_04425	ko:K03439
kgr:JJJ10_04430	ko:K09923
kgr:JJJ10_04440	ko:K11690
kgr:JJJ10_04445	ko:K11689
kgr:JJJ10_04450	ko:K11688
kgr:JJJ10_04460	ko:K01519
kgr:JJJ10_04465	ko:K09131
kgr:JJJ10_04470	ko:K02221
kgr:JJJ10_04475	ko:K06997
kgr:JJJ10_04480	ko:K02669
kgr:JJJ10_04485	ko:K04333
kgr:JJJ10_04490	ko:K07447
kgr:JJJ10_04495	ko:K07735
kgr:JJJ10_04500	ko:K01920
kgr:JJJ10_04505	ko:K09761
kgr:JJJ10_04510	ko:K01150
kgr:JJJ10_04515	ko:K02742
kgr:JJJ10_04520	ko:K08137
kgr:JJJ10_04525	ko:K00789
kgr:JJJ10_04540	ko:K01585
kgr:JJJ10_04545	ko:K01480
kgr:JJJ10_04550	ko:K07387
kgr:JJJ10_04555	ko:K00615
kgr:JJJ10_04560	ko:K16787
kgr:JJJ10_04565	ko:K16786
kgr:JJJ10_04570	ko:K16785
kgr:JJJ10_04575	ko:K16923
kgr:JJJ10_04580	ko:K06934
kgr:JJJ10_04585	ko:K03472
kgr:JJJ10_04590	ko:K00927
kgr:JJJ10_04595	ko:K01624
kgr:JJJ10_04600	ko:K03442
kgr:JJJ10_04605	ko:K06895
kgr:JJJ10_04610	ko:K09807
kgr:JJJ10_04620	ko:K22214
kgr:JJJ10_04625	ko:K11264
kgr:JJJ10_04630	ko:K07588
kgr:JJJ10_04635	ko:K01847
kgr:JJJ10_04640	ko:K05596
kgr:JJJ10_04645	ko:K01807
kgr:JJJ10_04650	ko:K00058
kgr:JJJ10_04655	ko:K01934
kgr:JJJ10_04660	ko:K28358
kgr:JJJ10_04665	ko:K09888
kgr:JJJ10_04670	ko:K09895
kgr:JJJ10_04675	ko:K01262
kgr:JJJ10_04680	ko:K03185
kgr:JJJ10_04685	ko:K18800
kgr:JJJ10_04690	ko:K00605
kgr:JJJ10_04695	ko:K02437
kgr:JJJ10_04700	ko:K00281
kgr:JJJ10_04715	ko:K01223
kgr:JJJ10_04725	ko:K09900
kgr:JJJ10_04730	ko:K11068
kgr:JJJ10_04735	ko:K17463
kgr:JJJ10_04740	ko:K17468
kgr:JJJ10_04745	ko:K17467
kgr:JJJ10_04750	ko:K17466
kgr:JJJ10_04755	ko:K17465
kgr:JJJ10_04760	ko:K17464
kgr:JJJ10_04765	ko:K17473
kgr:JJJ10_04770	ko:K06980
kgr:JJJ10_04775	ko:K09159
kgr:JJJ10_04780	ko:K19168
kgr:JJJ10_04785	ko:K03840
kgr:JJJ10_04790	ko:K04763
kgr:JJJ10_04795	ko:K03981
kgr:JJJ10_04800	ko:K07462
kgr:JJJ10_04805	ko:K02836
kgr:JJJ10_04810	ko:K04567
kgr:JJJ10_04815	ko:K01823
kgr:JJJ10_04820	ko:K07150
kgr:JJJ10_04825	ko:K03186
kgr:JJJ10_04830	ko:K22958
kgr:JJJ10_04840	ko:K12943
kgr:JJJ10_04845	ko:K14225
kgr:JJJ10_04850	ko:K03892
kgr:JJJ10_04855	ko:K03893
kgr:JJJ10_04860	ko:K00537
kgr:JJJ10_04880	ko:K00865
kgr:JJJ10_04900	ko:K00626
kgr:JJJ10_04905	ko:K00059
kgr:JJJ10_04910	ko:K01026
kgr:JJJ10_04920	ko:K01759
kgr:JJJ10_04925	ko:K02429
kgr:JJJ10_04930	ko:K00852
kgr:JJJ10_04935	ko:K17195
kgr:JJJ10_04940	ko:K02430
kgr:JJJ10_04945	ko:K01619
kgr:JJJ10_04955	ko:K03436
kgr:JJJ10_04960	ko:K16210
kgr:JJJ10_04965	ko:K01812
kgr:JJJ10_04970	ko:K01686
kgr:JJJ10_04975	ko:K03305
kgr:JJJ10_04980	ko:K03366
kgr:JJJ10_04990	ko:K15550
kgr:JJJ10_04995	ko:K15547
kgr:JJJ10_05000	ko:K15549
kgr:JJJ10_05015	ko:K06975
kgr:JJJ10_05025	ko:K07350
kgr:JJJ10_05030	ko:K07349
kgr:JJJ10_05035	ko:K07348
kgr:JJJ10_05040	ko:K07347
kgr:JJJ10_05045	ko:K07346
kgr:JJJ10_05050	ko:K07351
kgr:JJJ10_05055	ko:K07345
kgr:JJJ10_05060	ko:K07358
kgr:JJJ10_05065	ko:K07357
kgr:JJJ10_05085	ko:K15269
kgr:JJJ10_05105	ko:K07345
kgr:JJJ10_05110	ko:K15540
kgr:JJJ10_05115	ko:K07347
kgr:JJJ10_05120	ko:K07345
kgr:JJJ10_05125	ko:K07345
kgr:JJJ10_05130	ko:K21086
kgr:JJJ10_05140	ko:K21087
kgr:JJJ10_05145	ko:K05275
kgr:JJJ10_05165	ko:K00626
kgr:JJJ10_05170	ko:K22110
kgr:JJJ10_05175	ko:K01730
kgr:JJJ10_05180	ko:K00065
kgr:JJJ10_05185	ko:K02100
kgr:JJJ10_05195	ko:K02532
kgr:JJJ10_05200	ko:K01193
kgr:JJJ10_05210	ko:K01730
kgr:JJJ10_05215	ko:K10192
kgr:JJJ10_05220	ko:K10195
kgr:JJJ10_05225	ko:K10194
kgr:JJJ10_05230	ko:K10193
kgr:JJJ10_05235	ko:K26933
kgr:JJJ10_05240	ko:K25316
kgr:JJJ10_05250	ko:K01586
kgr:JJJ10_05260	ko:K02761
kgr:JJJ10_05265	ko:K01223
kgr:JJJ10_05270	ko:K13637
kgr:JJJ10_05280	ko:K02529
kgr:JJJ10_05285	ko:K05939
kgr:JJJ10_05290	ko:K08227
kgr:JJJ10_05310	ko:K03573
kgr:JJJ10_05320	ko:K08311
kgr:JJJ10_05325	ko:K08484
kgr:JJJ10_05330	ko:K13292
kgr:JJJ10_05335	ko:K00560
kgr:JJJ10_05340	ko:K02679
kgr:JJJ10_05345	ko:K02680
kgr:JJJ10_05355	ko:K02681
kgr:JJJ10_05360	ko:K03583
kgr:JJJ10_05365	ko:K01407
kgr:JJJ10_05370	ko:K03582
kgr:JJJ10_05375	ko:K03581
kgr:JJJ10_05380	ko:K14682
kgr:JJJ10_05385	ko:K01448
kgr:JJJ10_05390	ko:K04720
kgr:JJJ10_05395	ko:K16651
kgr:JJJ10_05400	ko:K19697
kgr:JJJ10_05405	ko:K04029
kgr:JJJ10_05410	ko:K04031
kgr:JJJ10_05415	ko:K27272
kgr:JJJ10_05420	ko:K27271
kgr:JJJ10_05425	ko:K13921
kgr:JJJ10_05430	ko:K13922
kgr:JJJ10_05435	ko:K27270
kgr:JJJ10_05440	ko:K27269
kgr:JJJ10_05445	ko:K27268
kgr:JJJ10_05450	ko:K13923
kgr:JJJ10_05455	ko:K27267
kgr:JJJ10_05460	ko:K27266
kgr:JJJ10_05465	ko:K27265
kgr:JJJ10_05470	ko:K27264
kgr:JJJ10_05475	ko:K13920
kgr:JJJ10_05480	ko:K13919
kgr:JJJ10_05485	ko:K01699
kgr:JJJ10_05490	ko:K27263
kgr:JJJ10_05495	ko:K27260
kgr:JJJ10_05500	ko:K27261
kgr:JJJ10_05505	ko:K27259
kgr:JJJ10_05510	ko:K02224
kgr:JJJ10_05515	ko:K02227
kgr:JJJ10_05520	ko:K06042
kgr:JJJ10_05525	ko:K02188
kgr:JJJ10_05530	ko:K03399
kgr:JJJ10_05535	ko:K02191
kgr:JJJ10_05540	ko:K05936
kgr:JJJ10_05545	ko:K02189
kgr:JJJ10_05550	ko:K05934
kgr:JJJ10_05555	ko:K05895
kgr:JJJ10_05560	ko:K02190
kgr:JJJ10_05565	ko:K03394
kgr:JJJ10_05570	ko:K02007
kgr:JJJ10_05575	ko:K02009
kgr:JJJ10_05580	ko:K02008
kgr:JJJ10_05585	ko:K02006
kgr:JJJ10_05590	ko:K02232
kgr:JJJ10_05595	ko:K02231
kgr:JJJ10_05600	ko:K00768
kgr:JJJ10_05605	ko:K14230
kgr:JJJ10_05610	ko:K14230
kgr:JJJ10_05615	ko:K14230
kgr:JJJ10_05620	ko:K08304
kgr:JJJ10_05625	ko:K22132
kgr:JJJ10_05630	ko:K02426
kgr:JJJ10_05635	ko:K01766
kgr:JJJ10_05645	ko:K03566
kgr:JJJ10_05655	ko:K06968
kgr:JJJ10_05660	ko:K02430
kgr:JJJ10_05665	ko:K02431
kgr:JJJ10_05670	ko:K00879
kgr:JJJ10_05675	ko:K01818
kgr:JJJ10_05680	ko:K02429
kgr:JJJ10_05685	ko:K01628
kgr:JJJ10_05690	ko:K01146
kgr:JJJ10_05700	ko:K04091
kgr:JJJ10_05710	ko:K20938
kgr:JJJ10_05715	ko:K15553
kgr:JJJ10_05720	ko:K01752
kgr:JJJ10_05725	ko:K03837
kgr:JJJ10_05730	ko:K06966
kgr:JJJ10_05735	ko:K06879
kgr:JJJ10_05740	ko:K15723
kgr:JJJ10_05750	ko:K06175
kgr:JJJ10_05760	ko:K03535
kgr:JJJ10_05765	ko:K13918
kgr:JJJ10_05770	ko:K01706
kgr:JJJ10_05775	ko:K00865
kgr:JJJ10_05780	ko:K07678
kgr:JJJ10_05785	ko:K03215
kgr:JJJ10_05790	ko:K00951
kgr:JJJ10_05795	ko:K04765
kgr:JJJ10_05800	ko:K01937
kgr:JJJ10_05805	ko:K01689
kgr:JJJ10_05815	ko:K10026
kgr:JJJ10_05820	ko:K01737
kgr:JJJ10_05825	ko:K00380
kgr:JJJ10_05830	ko:K00381
kgr:JJJ10_05835	ko:K00390
kgr:JJJ10_05840	ko:K07012
kgr:JJJ10_05845	ko:K19123
kgr:JJJ10_05850	ko:K19046
kgr:JJJ10_05855	ko:K19124
kgr:JJJ10_05860	ko:K19125
kgr:JJJ10_05865	ko:K19126
kgr:JJJ10_05870	ko:K15342
kgr:JJJ10_05875	ko:K09951
kgr:JJJ10_05880	ko:K09612
kgr:JJJ10_05885	ko:K02302
kgr:JJJ10_05890	ko:K00957
kgr:JJJ10_05895	ko:K00956
kgr:JJJ10_05900	ko:K00860
kgr:JJJ10_05910	ko:K05589
kgr:JJJ10_05915	ko:K00991
kgr:JJJ10_05920	ko:K01770
kgr:JJJ10_05925	ko:K06176
kgr:JJJ10_05930	ko:K03787
kgr:JJJ10_05935	ko:K00573
kgr:JJJ10_05940	ko:K06194
kgr:JJJ10_05945	ko:K03087
kgr:JJJ10_05965	ko:K22489
kgr:JJJ10_05970	ko:K03186
kgr:JJJ10_05975	ko:K01612
kgr:JJJ10_05980	ko:K21759
kgr:JJJ10_05985	ko:K18922
kgr:JJJ10_05990	ko:K03555
kgr:JJJ10_06005	ko:K12518
kgr:JJJ10_06010	ko:K12519
kgr:JJJ10_06040	ko:K03673
kgr:JJJ10_06055	ko:K13888
kgr:JJJ10_06060	ko:K05685
kgr:JJJ10_06065	ko:K18139
kgr:JJJ10_06070	ko:K09458
kgr:JJJ10_06080	ko:K02078
kgr:JJJ10_06085	ko:K00059
kgr:JJJ10_06110	ko:K00048
kgr:JJJ10_06115	ko:K10834
kgr:JJJ10_06120	ko:K25133
kgr:JJJ10_06125	ko:K25132
kgr:JJJ10_06130	ko:K07225
kgr:JJJ10_06135	ko:K16087
kgr:JJJ10_06140	ko:K07401
kgr:JJJ10_06150	ko:K11606
kgr:JJJ10_06155	ko:K11605
kgr:JJJ10_06160	ko:K11607
kgr:JJJ10_06165	ko:K11604
kgr:JJJ10_06175	ko:K00847
kgr:JJJ10_06180	ko:K02759
kgr:JJJ10_06185	ko:K02761
kgr:JJJ10_06190	ko:K02760
kgr:JJJ10_06195	ko:K02761
kgr:JJJ10_06200	ko:K16077
kgr:JJJ10_06210	ko:K01223
kgr:JJJ10_06220	ko:K15836
kgr:JJJ10_06225	ko:K04655
kgr:JJJ10_06230	ko:K04654
kgr:JJJ10_06235	ko:K04653
kgr:JJJ10_06240	ko:K04652
kgr:JJJ10_06245	ko:K04651
kgr:JJJ10_06250	ko:K15833
kgr:JJJ10_06255	ko:K15827
kgr:JJJ10_06260	ko:K15828
kgr:JJJ10_06265	ko:K15829
kgr:JJJ10_06270	ko:K15830
kgr:JJJ10_06275	ko:K15831
kgr:JJJ10_06280	ko:K15832
kgr:JJJ10_06285	ko:K15834
kgr:JJJ10_06290	ko:K08315
kgr:JJJ10_06295	ko:K01223
kgr:JJJ10_06300	ko:K02753
kgr:JJJ10_06305	ko:K03487
kgr:JJJ10_06310	ko:K05796
kgr:JJJ10_06315	ko:K04656
kgr:JJJ10_06320	ko:K07241
kgr:JJJ10_06325	ko:K12265
kgr:JJJ10_06330	ko:K12264
kgr:JJJ10_06335	ko:K12266
kgr:JJJ10_06340	ko:K02467
kgr:JJJ10_06345	ko:K02468
kgr:JJJ10_06350	ko:K02466
kgr:JJJ10_06355	ko:K00068
kgr:JJJ10_06360	ko:K02781
kgr:JJJ10_06365	ko:K02782
kgr:JJJ10_06370	ko:K02783
kgr:JJJ10_06375	ko:K08305
kgr:JJJ10_06380	ko:K02074
kgr:JJJ10_06385	ko:K02075
kgr:JJJ10_06390	ko:K02077
kgr:JJJ10_06395	ko:K03743
kgr:JJJ10_06400	ko:K03553
kgr:JJJ10_06405	ko:K03565
kgr:JJJ10_06410	ko:K01872
kgr:JJJ10_06415	ko:K03563
kgr:JJJ10_06420	ko:K14233
kgr:JJJ10_06425	ko:K14219
kgr:JJJ10_06430	ko:K14219
kgr:JJJ10_06435	ko:K14219
kgr:JJJ10_06440	ko:K14219
kgr:JJJ10_06460	ko:K01919
kgr:JJJ10_06465	ko:K07173
kgr:JJJ10_06475	ko:K01649
kgr:JJJ10_06480	ko:K03446
kgr:JJJ10_06485	ko:K03543
kgr:JJJ10_06490	ko:K15974
kgr:JJJ10_06495	ko:K26606
kgr:JJJ10_06500	ko:K26605
kgr:JJJ10_06505	ko:K02002
kgr:JJJ10_06510	ko:K02001
kgr:JJJ10_06515	ko:K02000
kgr:JJJ10_06520	ko:K00526
kgr:JJJ10_06525	ko:K00525
kgr:JJJ10_06530	ko:K03647
kgr:JJJ10_06535	ko:K06191
kgr:JJJ10_06545	ko:K00375
kgr:JJJ10_06560	ko:K28156
kgr:JJJ10_06565	ko:K11685
kgr:JJJ10_06585	ko:K21405
kgr:JJJ10_06590	ko:K00138
kgr:JJJ10_06595	ko:K07345
kgr:JJJ10_06600	ko:K07346
kgr:JJJ10_06605	ko:K07347
kgr:JJJ10_06610	ko:K07345
kgr:JJJ10_06620	ko:K01713
kgr:JJJ10_06625	ko:K03566
kgr:JJJ10_06640	ko:K21699
kgr:JJJ10_06645	ko:K18459
kgr:JJJ10_06660	ko:K12972
kgr:JJJ10_06670	ko:K02028
kgr:JJJ10_06670	ko:K02029
kgr:JJJ10_06675	ko:K02030
kgr:JJJ10_06690	ko:K12255
kgr:JJJ10_06720	ko:K00558
kgr:JJJ10_06735	ko:K06919
kgr:JJJ10_06755	ko:K07733
kgr:JJJ10_06785	ko:K15035
kgr:JJJ10_06790	ko:K03664
kgr:JJJ10_06800	ko:K09801
kgr:JJJ10_06805	ko:K06186
kgr:JJJ10_06810	ko:K03631
kgr:JJJ10_06815	ko:K00858
kgr:JJJ10_06820	ko:K03687
kgr:JJJ10_06825	ko:K03699
kgr:JJJ10_06835	ko:K03106
kgr:JJJ10_06840	ko:K02959
kgr:JJJ10_06845	ko:K02860
kgr:JJJ10_06850	ko:K00554
kgr:JJJ10_06855	ko:K02884
kgr:JJJ10_06875	ko:K21021
kgr:JJJ10_06885	ko:K01626
kgr:JJJ10_06890	ko:K14187
kgr:JJJ10_06900	ko:K14170
kgr:JJJ10_06905	ko:K05809
kgr:JJJ10_06910	ko:K05807
kgr:JJJ10_06915	ko:K06180
kgr:JJJ10_06920	ko:K05810
kgr:JJJ10_06925	ko:K03695
kgr:JJJ10_06930	ko:K01977
kgr:JJJ10_06935	ko:K14224
kgr:JJJ10_06940	ko:K01980
kgr:JJJ10_06945	ko:K01985
kgr:JJJ10_06950	ko:K03761
kgr:JJJ10_06955	ko:K05811
kgr:JJJ10_06960	ko:K00998
kgr:JJJ10_06965	ko:K09181
kgr:JJJ10_06970	ko:K05812
kgr:JJJ10_06975	ko:K03672
kgr:JJJ10_06980	ko:K03214
kgr:JJJ10_06985	ko:K03648
kgr:JJJ10_06990	ko:K06866
kgr:JJJ10_06995	ko:K05590
kgr:JJJ10_07000	ko:K15460
kgr:JJJ10_07005	ko:K00278
kgr:JJJ10_07015	ko:K03088
kgr:JJJ10_07020	ko:K03597
kgr:JJJ10_07025	ko:K03598
kgr:JJJ10_07030	ko:K03803
kgr:JJJ10_07035	ko:K03596
kgr:JJJ10_07040	ko:K03100
kgr:JJJ10_07045	ko:K03685
kgr:JJJ10_07050	ko:K03595
kgr:JJJ10_07055	ko:K03584
kgr:JJJ10_07060	ko:K03474
kgr:JJJ10_07065	ko:K00997
kgr:JJJ10_07080	ko:K18697
kgr:JJJ10_07085	ko:K11991
kgr:JJJ10_07090	ko:K18691
kgr:JJJ10_07095	ko:K01952
kgr:JJJ10_07100	ko:K07711
kgr:JJJ10_07110	ko:K07715
kgr:JJJ10_07115	ko:K04751
kgr:JJJ10_07120	ko:K05916
kgr:JJJ10_07125	ko:K00600
kgr:JJJ10_07130	ko:K15977
kgr:JJJ10_07155	ko:K05820
kgr:JJJ10_07170	ko:K08970
kgr:JJJ10_07175	ko:K01092
kgr:JJJ10_07180	ko:K15396
kgr:JJJ10_07185	ko:K13643
kgr:JJJ10_07190	ko:K04487
kgr:JJJ10_07195	ko:K04488
kgr:JJJ10_07200	ko:K13628
kgr:JJJ10_07205	ko:K04082
kgr:JJJ10_07210	ko:K04044
kgr:JJJ10_07215	ko:K04755
kgr:JJJ10_07225	ko:K07751
kgr:JJJ10_07235	ko:K01011
kgr:JJJ10_07240	ko:K06894
kgr:JJJ10_07245	ko:K05367
kgr:JJJ10_07250	ko:K00940
kgr:JJJ10_07255	ko:K06941
kgr:JJJ10_07260	ko:K15539
kgr:JJJ10_07265	ko:K03526
kgr:JJJ10_07270	ko:K01892
kgr:JJJ10_07280	ko:K17713
kgr:JJJ10_07285	ko:K03977
kgr:JJJ10_07290	ko:K03832
kgr:JJJ10_07315	ko:K03601
kgr:JJJ10_07320	ko:K00088
kgr:JJJ10_07325	ko:K01951
kgr:JJJ10_07345	ko:K26149
kgr:JJJ10_07350	ko:K01524
kgr:JJJ10_07355	ko:K00937
kgr:JJJ10_07365	ko:K15532
kgr:JJJ10_07370	ko:K16210
kgr:JJJ10_07380	ko:K11175
kgr:JJJ10_07385	ko:K01933
kgr:JJJ10_07390	ko:K18673
kgr:JJJ10_07395	ko:K01223
kgr:JJJ10_07400	ko:K00761
kgr:JJJ10_07405	ko:K02824
kgr:JJJ10_07410	ko:K10763
kgr:JJJ10_07415	ko:K00537
kgr:JJJ10_07420	ko:K01423
kgr:JJJ10_07425	ko:K03548
kgr:JJJ10_07430	ko:K03564
kgr:JJJ10_07435	ko:K03567
kgr:JJJ10_07440	ko:K01714
kgr:JJJ10_07445	ko:K07287
kgr:JJJ10_07450	ko:K01923
kgr:JJJ10_07455	ko:K07054
kgr:JJJ10_07460	ko:K06957
kgr:JJJ10_07465	ko:K06999
kgr:JJJ10_07475	ko:K01439
kgr:JJJ10_07490	ko:K18324
kgr:JJJ10_07500	ko:K12945
kgr:JJJ10_07510	ko:K00615
kgr:JJJ10_07515	ko:K00029
kgr:JJJ10_07520	ko:K04031
kgr:JJJ10_07525	ko:K04029
kgr:JJJ10_07530	ko:K04030
kgr:JJJ10_07535	ko:K04032
kgr:JJJ10_07540	ko:K04020
kgr:JJJ10_07545	ko:K04027
kgr:JJJ10_07550	ko:K04028
kgr:JJJ10_07555	ko:K04021
kgr:JJJ10_07560	ko:K04024
kgr:JJJ10_07565	ko:K04022
kgr:JJJ10_07570	ko:K04023
kgr:JJJ10_07575	ko:K04019
kgr:JJJ10_07580	ko:K03735
kgr:JJJ10_07585	ko:K03736
kgr:JJJ10_07590	ko:K04026
kgr:JJJ10_07595	ko:K04025
kgr:JJJ10_07600	ko:K04033
kgr:JJJ10_07605	ko:K00228
kgr:JJJ10_07610	ko:K01448
kgr:JJJ10_07630	ko:K07223
kgr:JJJ10_07635	ko:K02048
kgr:JJJ10_07640	ko:K02046
kgr:JJJ10_07645	ko:K02047
kgr:JJJ10_07650	ko:K02045
kgr:JJJ10_07655	ko:K12339
kgr:JJJ10_07665	ko:K01951
kgr:JJJ10_07675	ko:K00868
kgr:JJJ10_07685	ko:K02777
kgr:JJJ10_07690	ko:K08483
kgr:JJJ10_07695	ko:K02784
kgr:JJJ10_07700	ko:K01738
kgr:JJJ10_07705	ko:K06203
kgr:JJJ10_07710	ko:K03528
kgr:JJJ10_07715	ko:K01972
kgr:JJJ10_07720	ko:K09954
kgr:JJJ10_07725	ko:K14347
kgr:JJJ10_07735	ko:K03783
kgr:JJJ10_07740	ko:K11537
kgr:JJJ10_07750	ko:K14229
kgr:JJJ10_07755	ko:K14237
kgr:JJJ10_07760	ko:K14237
kgr:JJJ10_07765	ko:K14237
kgr:JJJ10_07770	ko:K01885
kgr:JJJ10_07785	ko:K14218
kgr:JJJ10_07790	ko:K14218
kgr:JJJ10_07795	ko:K26149
kgr:JJJ10_07800	ko:K11535
kgr:JJJ10_07805	ko:K03322
kgr:JJJ10_07815	ko:K19265
kgr:JJJ10_07820	ko:K04103
kgr:JJJ10_07825	ko:K03281
kgr:JJJ10_07830	ko:K00845
kgr:JJJ10_07835	ko:K27885
kgr:JJJ10_07840	ko:K27884
kgr:JJJ10_07845	ko:K14261
kgr:JJJ10_07860	ko:K14219
kgr:JJJ10_07865	ko:K21990
kgr:JJJ10_07870	ko:K04754
kgr:JJJ10_07875	ko:K06076
kgr:JJJ10_07885	ko:K00632
kgr:JJJ10_07890	ko:K01782
kgr:JJJ10_07895	ko:K08296
kgr:JJJ10_07905	ko:K07320
kgr:JJJ10_07910	ko:K01736
kgr:JJJ10_07915	ko:K07261
kgr:JJJ10_07920	ko:K07090
kgr:JJJ10_07925	ko:K09906
kgr:JJJ10_07935	ko:K15461
kgr:JJJ10_07940	ko:K00647
kgr:JJJ10_07955	ko:K03473
kgr:JJJ10_07965	ko:K06173
kgr:JJJ10_07970	ko:K03975
kgr:JJJ10_07975	ko:K01963
kgr:JJJ10_07980	ko:K11754
kgr:JJJ10_07985	ko:K03749
kgr:JJJ10_07990	ko:K03558
kgr:JJJ10_07995	ko:K00764
kgr:JJJ10_08000	ko:K03186
kgr:JJJ10_08005	ko:K10013
kgr:JJJ10_08010	ko:K10014
kgr:JJJ10_08015	ko:K10016
kgr:JJJ10_08020	ko:K10015
kgr:JJJ10_08025	ko:K10017
kgr:JJJ10_08045	ko:K07071
kgr:JJJ10_08050	ko:K07589
kgr:JJJ10_08055	ko:K11209
kgr:JJJ10_08060	ko:K00799
kgr:JJJ10_08065	ko:K07095
kgr:JJJ10_08080	ko:K02821
kgr:JJJ10_08085	ko:K02822
kgr:JJJ10_08090	ko:K03475
kgr:JJJ10_08095	ko:K00615
kgr:JJJ10_08100	ko:K00615
kgr:JJJ10_08105	ko:K13788
kgr:JJJ10_08110	ko:K00925
kgr:JJJ10_08115	ko:K09899
kgr:JJJ10_08120	ko:K09161
kgr:JJJ10_08125	ko:K19270
kgr:JJJ10_08135	ko:K08722
kgr:JJJ10_08140	ko:K14260
kgr:JJJ10_08150	ko:K00330
kgr:JJJ10_08155	ko:K00331
kgr:JJJ10_08160	ko:K13378
kgr:JJJ10_08165	ko:K00334
kgr:JJJ10_08170	ko:K00335
kgr:JJJ10_08175	ko:K00336
kgr:JJJ10_08180	ko:K00337
kgr:JJJ10_08185	ko:K00338
kgr:JJJ10_08190	ko:K00339
kgr:JJJ10_08195	ko:K00340
kgr:JJJ10_08200	ko:K00341
kgr:JJJ10_08205	ko:K00342
kgr:JJJ10_08210	ko:K00343
kgr:JJJ10_08215	ko:K07357
kgr:JJJ10_08220	ko:K07345
kgr:JJJ10_08225	ko:K07346
kgr:JJJ10_08230	ko:K07347
kgr:JJJ10_08240	ko:K07349
kgr:JJJ10_08245	ko:K07357
kgr:JJJ10_08250	ko:K00784
kgr:JJJ10_08255	ko:K02348
kgr:JJJ10_08260	ko:K02552
kgr:JJJ10_08265	ko:K02551
kgr:JJJ10_08270	ko:K08680
kgr:JJJ10_08275	ko:K01661
kgr:JJJ10_08280	ko:K02549
kgr:JJJ10_08285	ko:K01911
kgr:JJJ10_08290	ko:K08984
kgr:JJJ10_08295	ko:K07793
kgr:JJJ10_08300	ko:K07794
kgr:JJJ10_08305	ko:K07795
kgr:JJJ10_08310	ko:K07774
kgr:JJJ10_08315	ko:K07649
kgr:JJJ10_08320	ko:K12944
kgr:JJJ10_08330	ko:K03781
kgr:JJJ10_08350	ko:K12661
kgr:JJJ10_08355	ko:K26580
kgr:JJJ10_08360	ko:K12660
kgr:JJJ10_08365	ko:K00113
kgr:JJJ10_08370	ko:K00112
kgr:JJJ10_08375	ko:K00111
kgr:JJJ10_08380	ko:K02445
kgr:JJJ10_08385	ko:K01126
kgr:JJJ10_08390	ko:K11107
kgr:JJJ10_08395	ko:K00526
kgr:JJJ10_08400	ko:K00525
kgr:JJJ10_08405	ko:K00568
kgr:JJJ10_08410	ko:K02469
kgr:JJJ10_08415	ko:K07677
kgr:JJJ10_08420	ko:K07687
kgr:JJJ10_08425	ko:K07676
kgr:JJJ10_08430	ko:K09475
kgr:JJJ10_08435	ko:K03734
kgr:JJJ10_08440	ko:K10778
kgr:JJJ10_08445	ko:K03919
kgr:JJJ10_08450	ko:K06159
kgr:JJJ10_08455	ko:K06213
kgr:JJJ10_08460	ko:K03321
kgr:JJJ10_08465	ko:K00116
kgr:JJJ10_08470	ko:K08276
kgr:JJJ10_08485	ko:K14232
kgr:JJJ10_08490	ko:K07014
kgr:JJJ10_08495	ko:K09904
kgr:JJJ10_08500	ko:K06899
kgr:JJJ10_08515	ko:K02897
kgr:JJJ10_08520	ko:K19789
kgr:JJJ10_08525	ko:K06183
kgr:JJJ10_08530	ko:K07552
kgr:JJJ10_08540	ko:K13896
kgr:JJJ10_08545	ko:K13895
kgr:JJJ10_08550	ko:K13894
kgr:JJJ10_08555	ko:K13893
kgr:JJJ10_08560	ko:K26148
kgr:JJJ10_08565	ko:K13694
kgr:JJJ10_08570	ko:K19803
kgr:JJJ10_08585	ko:K02356
kgr:JJJ10_08590	ko:K06940
kgr:JJJ10_08595	ko:K03291
kgr:JJJ10_08600	ko:K11183
kgr:JJJ10_08605	ko:K00882
kgr:JJJ10_08610	ko:K02770
kgr:JJJ10_08615	ko:K16328
kgr:JJJ10_08620	ko:K16329
kgr:JJJ10_08625	ko:K16324
kgr:JJJ10_08635	ko:K01151
kgr:JJJ10_08650	ko:K11733
kgr:JJJ10_08655	ko:K16089
kgr:JJJ10_08660	ko:K01070
kgr:JJJ10_08665	ko:K01495
kgr:JJJ10_08670	ko:K07148
kgr:JJJ10_08675	ko:K02529
kgr:JJJ10_08680	ko:K10540
kgr:JJJ10_08685	ko:K10542
kgr:JJJ10_08690	ko:K10541
kgr:JJJ10_08710	ko:K03748
kgr:JJJ10_08715	ko:K01489
kgr:JJJ10_08725	ko:K06518
kgr:JJJ10_08735	ko:K08195
kgr:JJJ10_08740	ko:K00450
kgr:JJJ10_08745	ko:K16165
kgr:JJJ10_08750	ko:K01800
kgr:JJJ10_08755	ko:K22270
kgr:JJJ10_08760	ko:K05541
kgr:JJJ10_08765	ko:K03488
kgr:JJJ10_08770	ko:K02757
kgr:JJJ10_08775	ko:K01223
kgr:JJJ10_08785	ko:K18139
kgr:JJJ10_08800	ko:K07262
kgr:JJJ10_08810	ko:K03777
kgr:JJJ10_08815	ko:K05349
kgr:JJJ10_08820	ko:K05845
kgr:JJJ10_08825	ko:K05846
kgr:JJJ10_08830	ko:K05847
kgr:JJJ10_08835	ko:K05846
kgr:JJJ10_08845	ko:K21089
kgr:JJJ10_08850	ko:K27882
kgr:JJJ10_08855	ko:K27883
kgr:JJJ10_08900	ko:K01874
kgr:JJJ10_08905	ko:K03593
kgr:JJJ10_08915	ko:K23243
kgr:JJJ10_08925	ko:K06901
kgr:JJJ10_08930	ko:K01486
kgr:JJJ10_08940	ko:K25227
kgr:JJJ10_08945	ko:K00878
kgr:JJJ10_08950	ko:K00941
kgr:JJJ10_08955	ko:K11645
kgr:JJJ10_08960	ko:K00875
kgr:JJJ10_08965	ko:K00039
kgr:JJJ10_08970	ko:K03435
kgr:JJJ10_08980	ko:K00007
kgr:JJJ10_08985	ko:K00854
kgr:JJJ10_08990	ko:K28818
kgr:JJJ10_08995	ko:K24204
kgr:JJJ10_09005	ko:K02035
kgr:JJJ10_09010	ko:K02033
kgr:JJJ10_09015	ko:K02034
kgr:JJJ10_09020	ko:K02031
kgr:JJJ10_09025	ko:K02032
kgr:JJJ10_09045	ko:K08303
kgr:JJJ10_09050	ko:K07664
kgr:JJJ10_09055	ko:K07642
kgr:JJJ10_09060	ko:K18326
kgr:JJJ10_09065	ko:K07789
kgr:JJJ10_09070	ko:K07788
kgr:JJJ10_09075	ko:K07799
kgr:JJJ10_09080	ko:K01482
kgr:JJJ10_09085	ko:K10014
kgr:JJJ10_09090	ko:K10016
kgr:JJJ10_09095	ko:K10015
kgr:JJJ10_09100	ko:K03719
kgr:JJJ10_09105	ko:K06987
kgr:JJJ10_09110	ko:K18457
kgr:JJJ10_09120	ko:K01259
kgr:JJJ10_09125	ko:K02033
kgr:JJJ10_09130	ko:K02034
kgr:JJJ10_09135	ko:K02031
kgr:JJJ10_09140	ko:K02032
kgr:JJJ10_09145	ko:K02035
kgr:JJJ10_09175	ko:K08348
kgr:JJJ10_09180	ko:K00124
kgr:JJJ10_09185	ko:K00127
kgr:JJJ10_09190	ko:K01647
kgr:JJJ10_09195	ko:K04046
kgr:JJJ10_09200	ko:K01247
kgr:JJJ10_09205	ko:K00876
kgr:JJJ10_09210	ko:K01494
kgr:JJJ10_09215	ko:K07289
kgr:JJJ10_09225	ko:K00963
kgr:JJJ10_09240	ko:K01991
kgr:JJJ10_09245	ko:K25307
kgr:JJJ10_09250	ko:K16692
kgr:JJJ10_09265	ko:K12990
kgr:JJJ10_09270	ko:K03328
kgr:JJJ10_09295	ko:K00033
kgr:JJJ10_09300	ko:K01710
kgr:JJJ10_09305	ko:K00973
kgr:JJJ10_09310	ko:K00067
kgr:JJJ10_09315	ko:K01790
kgr:JJJ10_09320	ko:K00012
kgr:JJJ10_09330	ko:K08679
kgr:JJJ10_09335	ko:K09690
kgr:JJJ10_09340	ko:K09691
kgr:JJJ10_09350	ko:K01854
kgr:JJJ10_09370	ko:K11755
kgr:JJJ10_09375	ko:K02500
kgr:JJJ10_09380	ko:K01814
kgr:JJJ10_09385	ko:K02501
kgr:JJJ10_09390	ko:K01089
kgr:JJJ10_09395	ko:K00817
kgr:JJJ10_09400	ko:K00013
kgr:JJJ10_09405	ko:K00765
kgr:JJJ10_09435	ko:K15790
kgr:JJJ10_09440	ko:K02585
kgr:JJJ10_09445	ko:K02584
kgr:JJJ10_09450	ko:K23916
kgr:JJJ10_09455	ko:K03839
kgr:JJJ10_09460	ko:K03769
kgr:JJJ10_09465	ko:K02597
kgr:JJJ10_09470	ko:K02595
kgr:JJJ10_09475	ko:K02594
kgr:JJJ10_09480	ko:K04487
kgr:JJJ10_09485	ko:K13819
kgr:JJJ10_09490	ko:K02596
kgr:JJJ10_09495	ko:K02592
kgr:JJJ10_09500	ko:K02587
kgr:JJJ10_09510	ko:K02593
kgr:JJJ10_09515	ko:K02591
kgr:JJJ10_09520	ko:K02586
kgr:JJJ10_09525	ko:K02588
kgr:JJJ10_09530	ko:K03737
kgr:JJJ10_09540	ko:K02355
kgr:JJJ10_09545	ko:K01141
kgr:JJJ10_09550	ko:K07258
kgr:JJJ10_09560	ko:K07470
kgr:JJJ10_09570	ko:K09802
kgr:JJJ10_09580	ko:K02233
kgr:JJJ10_09585	ko:K01251
kgr:JJJ10_09590	ko:K07168
kgr:JJJ10_09610	ko:K08172
kgr:JJJ10_09635	ko:K03482
kgr:JJJ10_09640	ko:K02750
kgr:JJJ10_09645	ko:K01232
kgr:JJJ10_09655	ko:K07350
kgr:JJJ10_09660	ko:K07349
kgr:JJJ10_09665	ko:K07348
kgr:JJJ10_09670	ko:K07347
kgr:JJJ10_09675	ko:K07346
kgr:JJJ10_09680	ko:K07351
kgr:JJJ10_09685	ko:K07345
kgr:JJJ10_09695	ko:K14220
kgr:JJJ10_09700	ko:K19338
kgr:JJJ10_09705	ko:K13635
kgr:JJJ10_09710	ko:K19236
kgr:JJJ10_09720	ko:K03566
kgr:JJJ10_09740	ko:K07665
kgr:JJJ10_09745	ko:K07644
kgr:JJJ10_09760	ko:K07724
kgr:JJJ10_09775	ko:K03424
kgr:JJJ10_09805	ko:K07150
kgr:JJJ10_09810	ko:K03186
kgr:JJJ10_09815	ko:K22958
kgr:JJJ10_09865	ko:K05523
kgr:JJJ10_09895	ko:K03196
kgr:JJJ10_09910	ko:K03195
kgr:JJJ10_09915	ko:K03204
kgr:JJJ10_09920	ko:K03203
kgr:JJJ10_09930	ko:K03201
kgr:JJJ10_09940	ko:K03200
kgr:JJJ10_09945	ko:K03199
kgr:JJJ10_09950	ko:K03197
kgr:JJJ10_09955	ko:K03194
kgr:JJJ10_09970	ko:K07733
kgr:JJJ10_09980	ko:K11929
kgr:JJJ10_09985	ko:K01448
kgr:JJJ10_09990	ko:K08169
kgr:JJJ10_09995	ko:K02016
kgr:JJJ10_10000	ko:K02015
kgr:JJJ10_10005	ko:K02013
kgr:JJJ10_10015	ko:K14220
kgr:JJJ10_10020	ko:K26937
kgr:JJJ10_10025	ko:K14220
kgr:JJJ10_10040	ko:K07316
kgr:JJJ10_10045	ko:K01156
kgr:JJJ10_10145	ko:K03746
kgr:JJJ10_10170	ko:K07733
kgr:JJJ10_10180	ko:K01241
kgr:JJJ10_10185	ko:K19238
kgr:JJJ10_10200	ko:K12973
kgr:JJJ10_10220	ko:K11932
kgr:JJJ10_10230	ko:K23721
kgr:JJJ10_10245	ko:K18900
kgr:JJJ10_10300	ko:K25495
kgr:JJJ10_10305	ko:K25494
kgr:JJJ10_10340	ko:K18900
kgr:JJJ10_10350	ko:K09936
kgr:JJJ10_10355	ko:K13874
kgr:JJJ10_10395	ko:K03196
kgr:JJJ10_10400	ko:K03195
kgr:JJJ10_10405	ko:K03204
kgr:JJJ10_10410	ko:K03203
kgr:JJJ10_10420	ko:K03201
kgr:JJJ10_10430	ko:K03200
kgr:JJJ10_10435	ko:K03199
kgr:JJJ10_10440	ko:K03197
kgr:JJJ10_10445	ko:K03194
kgr:JJJ10_10465	ko:K07733
kgr:JJJ10_10490	ko:K13632
kgr:JJJ10_10500	ko:K00059
kgr:JJJ10_10525	ko:K00077
kgr:JJJ10_10530	ko:K07090
kgr:JJJ10_10540	ko:K14220
kgr:JJJ10_10545	ko:K09933
kgr:JJJ10_10550	ko:K14233
kgr:JJJ10_10560	ko:K20534
kgr:JJJ10_10570	ko:K09476
kgr:JJJ10_10580	ko:K06950
kgr:JJJ10_10585	ko:K00558
kgr:JJJ10_10590	ko:K07458
kgr:JJJ10_10600	ko:K09781
kgr:JJJ10_10610	ko:K21085
kgr:JJJ10_10625	ko:K07781
kgr:JJJ10_10635	ko:K01176
kgr:JJJ10_10640	ko:K02424
kgr:JJJ10_10645	ko:K05396
kgr:JJJ10_10650	ko:K10009
kgr:JJJ10_10655	ko:K10010
kgr:JJJ10_10660	ko:K07782
kgr:JJJ10_10670	ko:K07689
kgr:JJJ10_10675	ko:K03703
kgr:JJJ10_10680	ko:K00995
kgr:JJJ10_10685	ko:K14225
kgr:JJJ10_10690	ko:K14222
kgr:JJJ10_10695	ko:K14228
kgr:JJJ10_10700	ko:K01714
kgr:JJJ10_10705	ko:K07039
kgr:JJJ10_10710	ko:K03834
kgr:JJJ10_10720	ko:K02217
kgr:JJJ10_10745	ko:K16210
kgr:JJJ10_10750	ko:K02255
kgr:JJJ10_10760	ko:K10537
kgr:JJJ10_10765	ko:K10539
kgr:JJJ10_10770	ko:K10538
kgr:JJJ10_10775	ko:K01087
kgr:JJJ10_10780	ko:K00697
kgr:JJJ10_10785	ko:K14064
kgr:JJJ10_10795	ko:K16210
kgr:JJJ10_10800	ko:K15532
kgr:JJJ10_10805	ko:K01887
kgr:JJJ10_10810	ko:K09907
kgr:JJJ10_10815	ko:K06201
kgr:JJJ10_10820	ko:K15257
kgr:JJJ10_10825	ko:K15256
kgr:JJJ10_10830	ko:K07136
kgr:JJJ10_10845	ko:K01876
kgr:JJJ10_10850	ko:K08310
kgr:JJJ10_10860	ko:K01159
kgr:JJJ10_10865	ko:K03550
kgr:JJJ10_10870	ko:K03551
kgr:JJJ10_10875	ko:K09816
kgr:JJJ10_10880	ko:K09817
kgr:JJJ10_10885	ko:K09815
kgr:JJJ10_10890	ko:K19304
kgr:JJJ10_10895	ko:K02560
kgr:JJJ10_10900	ko:K00873
kgr:JJJ10_10905	ko:K19337
kgr:JJJ10_10910	ko:K00036
kgr:JJJ10_10915	ko:K01690
kgr:JJJ10_10920	ko:K01625
kgr:JJJ10_10925	ko:K08289
kgr:JJJ10_10930	ko:K09918
kgr:JJJ10_10940	ko:K01354
kgr:JJJ10_10945	ko:K10857
kgr:JJJ10_10950	ko:K02345
kgr:JJJ10_10955	ko:K07156
kgr:JJJ10_10960	ko:K07245
kgr:JJJ10_10970	ko:K27078
kgr:JJJ10_10975	ko:K07347
kgr:JJJ10_10980	ko:K07346
kgr:JJJ10_10985	ko:K27078
kgr:JJJ10_10990	ko:K27078
kgr:JJJ10_11000	ko:K09824
kgr:JJJ10_11005	ko:K07313
kgr:JJJ10_11020	ko:K11392
kgr:JJJ10_11025	ko:K06192
kgr:JJJ10_11030	ko:K03808
kgr:JJJ10_11035	ko:K08968
kgr:JJJ10_11040	ko:K03607
kgr:JJJ10_11045	ko:K03797
kgr:JJJ10_11050	ko:K03799
kgr:JJJ10_11055	ko:K08169
kgr:JJJ10_11060	ko:K19333
kgr:JJJ10_11085	ko:K03704
kgr:JJJ10_11090	ko:K03587
kgr:JJJ10_11095	ko:K00563
kgr:JJJ10_11100	ko:K23242
kgr:JJJ10_11110	ko:K02796
kgr:JJJ10_11115	ko:K02795
kgr:JJJ10_11120	ko:K02794
kgr:JJJ10_11130	ko:K21090
kgr:JJJ10_11135	ko:K01752
kgr:JJJ10_11145	ko:K01665
kgr:JJJ10_11150	ko:K09917
kgr:JJJ10_11165	ko:K02027
kgr:JJJ10_11170	ko:K02025
kgr:JJJ10_11175	ko:K02026
kgr:JJJ10_11180	ko:K10112
kgr:JJJ10_11195	ko:K03722
kgr:JJJ10_11200	ko:K14742
kgr:JJJ10_11205	ko:K07285
kgr:JJJ10_11210	ko:K01897
kgr:JJJ10_11215	ko:K03684
kgr:JJJ10_11220	ko:K03608
kgr:JJJ10_11225	ko:K03609
kgr:JJJ10_11230	ko:K03610
kgr:JJJ10_11235	ko:K09902
kgr:JJJ10_11240	ko:K29029
kgr:JJJ10_11245	ko:K09160
kgr:JJJ10_11255	ko:K03611
kgr:JJJ10_11260	ko:K03314
kgr:JJJ10_11265	ko:K03603
kgr:JJJ10_11270	ko:K06415
kgr:JJJ10_11275	ko:K00285
kgr:JJJ10_11280	ko:K01775
kgr:JJJ10_11285	ko:K11105
kgr:JJJ10_11290	ko:K01297
kgr:JJJ10_11295	ko:K08308
kgr:JJJ10_11310	ko:K01194
kgr:JJJ10_11315	ko:K03292
kgr:JJJ10_11325	ko:K05349
kgr:JJJ10_11345	ko:K07395
kgr:JJJ10_11375	ko:K05845
kgr:JJJ10_11380	ko:K05846
kgr:JJJ10_11385	ko:K05846
kgr:JJJ10_11390	ko:K05847
kgr:JJJ10_11395	ko:K06177
kgr:JJJ10_11400	ko:K21645
kgr:JJJ10_11405	ko:K01610
kgr:JJJ10_11415	ko:K03098
kgr:JJJ10_11420	ko:K07127
kgr:JJJ10_11425	ko:K02798
kgr:JJJ10_11430	ko:K06609
kgr:JJJ10_11445	ko:K07141
kgr:JJJ10_11450	ko:K22015
kgr:JJJ10_11455	ko:K24206
kgr:JJJ10_11475	ko:K12527
kgr:JJJ10_11480	ko:K07402
kgr:JJJ10_11485	ko:K00926
kgr:JJJ10_11490	ko:K01464
kgr:JJJ10_11500	ko:K01751
kgr:JJJ10_11515	ko:K06942
kgr:JJJ10_11520	ko:K01056
kgr:JJJ10_11535	ko:K03321
kgr:JJJ10_11540	ko:K00948
kgr:JJJ10_11545	ko:K00919
kgr:JJJ10_11550	ko:K02494
kgr:JJJ10_11555	ko:K02492
kgr:JJJ10_11560	ko:K02835
kgr:JJJ10_11565	ko:K02493
kgr:JJJ10_11580	ko:K01627
kgr:JJJ10_11585	ko:K07300
kgr:JJJ10_11590	ko:K06197
kgr:JJJ10_11595	ko:K07232
kgr:JJJ10_11605	ko:K06039
kgr:JJJ10_11615	ko:K15576
kgr:JJJ10_11620	ko:K15577
kgr:JJJ10_11625	ko:K15578
kgr:JJJ10_11630	ko:K00361
kgr:JJJ10_11635	ko:K00372
kgr:JJJ10_11645	ko:K07684
kgr:JJJ10_11650	ko:K07673
kgr:JJJ10_11655	ko:K02575
kgr:JJJ10_11660	ko:K00370
kgr:JJJ10_11665	ko:K00371
kgr:JJJ10_11670	ko:K00373
kgr:JJJ10_11675	ko:K00374
kgr:JJJ10_11685	ko:K03719
kgr:JJJ10_11695	ko:K14236
kgr:JJJ10_11700	ko:K14236
kgr:JJJ10_11705	ko:K01433
kgr:JJJ10_11710	ko:K09858
kgr:JJJ10_11715	ko:K07001
kgr:JJJ10_11720	ko:K02485
kgr:JJJ10_11725	ko:K00963
kgr:JJJ10_11730	ko:K03746
kgr:JJJ10_11735	ko:K00857
kgr:JJJ10_11740	ko:K04072
kgr:JJJ10_11750	ko:K15580
kgr:JJJ10_11755	ko:K15581
kgr:JJJ10_11760	ko:K15582
kgr:JJJ10_11765	ko:K15583
kgr:JJJ10_11770	ko:K10823
kgr:JJJ10_11775	ko:K10716
kgr:JJJ10_11780	ko:K09901
kgr:JJJ10_11785	ko:K06131
kgr:JJJ10_11795	ko:K09780
kgr:JJJ10_11800	ko:K03832
kgr:JJJ10_11815	ko:K16370
kgr:JJJ10_11820	ko:K07283
kgr:JJJ10_11830	ko:K01868
kgr:JJJ10_11835	ko:K02520
kgr:JJJ10_11840	ko:K02916
kgr:JJJ10_11845	ko:K02887
kgr:JJJ10_11855	ko:K01889
kgr:JJJ10_11860	ko:K01890
kgr:JJJ10_11865	ko:K04764
kgr:JJJ10_11870	ko:K06073
kgr:JJJ10_11875	ko:K02073
kgr:JJJ10_11880	ko:K00432
kgr:JJJ10_11885	ko:K06074
kgr:JJJ10_11890	ko:K13695
kgr:JJJ10_11895	ko:K08997
kgr:JJJ10_11905	ko:K01626
kgr:JJJ10_11910	ko:K09773
kgr:JJJ10_11915	ko:K01007
kgr:JJJ10_11920	ko:K18518
kgr:JJJ10_11930	ko:K26063
kgr:JJJ10_11935	ko:K19222
kgr:JJJ10_11955	ko:K07345
kgr:JJJ10_11960	ko:K07346
kgr:JJJ10_11965	ko:K07347
kgr:JJJ10_11970	ko:K07345
kgr:JJJ10_11975	ko:K07349
kgr:JJJ10_11980	ko:K05997
kgr:JJJ10_11985	ko:K09014
kgr:JJJ10_11990	ko:K09013
kgr:JJJ10_11995	ko:K09015
kgr:JJJ10_12000	ko:K11717
kgr:JJJ10_12005	ko:K02426
kgr:JJJ10_12010	ko:K19236
kgr:JJJ10_12015	ko:K06078
kgr:JJJ10_12020	ko:K00873
kgr:JJJ10_12025	ko:K01675
kgr:JJJ10_12035	ko:K26400
kgr:JJJ10_12040	ko:K08194
kgr:JJJ10_12050	ko:K05818
kgr:JJJ10_12055	ko:K05712
kgr:JJJ10_12060	ko:K05713
kgr:JJJ10_12065	ko:K05714
kgr:JJJ10_12070	ko:K02554
kgr:JJJ10_12075	ko:K04073
kgr:JJJ10_12085	ko:K05819
kgr:JJJ10_12090	ko:K05810
kgr:JJJ10_12105	ko:K24700
kgr:JJJ10_12115	ko:K04091
kgr:JJJ10_12125	ko:K15553
kgr:JJJ10_12130	ko:K15553
kgr:JJJ10_12135	ko:K15554
kgr:JJJ10_12140	ko:K15555
kgr:JJJ10_12145	ko:K02014
kgr:JJJ10_12150	ko:K02013
kgr:JJJ10_12155	ko:K02015
kgr:JJJ10_12160	ko:K02015
kgr:JJJ10_12165	ko:K02016
kgr:JJJ10_12175	ko:K02030
kgr:JJJ10_12180	ko:K02029
kgr:JJJ10_12185	ko:K02028
kgr:JJJ10_12205	ko:K22015
kgr:JJJ10_12210	ko:K13574
kgr:JJJ10_12215	ko:K00616
kgr:JJJ10_12225	ko:K02770
kgr:JJJ10_12230	ko:K02769
kgr:JJJ10_12235	ko:K23991
kgr:JJJ10_12240	ko:K19270
kgr:JJJ10_12245	ko:K00615
kgr:JJJ10_12250	ko:K04477
kgr:JJJ10_12255	ko:K11202
kgr:JJJ10_12265	ko:K11203
kgr:JJJ10_12270	ko:K23991
kgr:JJJ10_12275	ko:K02012
kgr:JJJ10_12280	ko:K02011
kgr:JJJ10_12285	ko:K02010
kgr:JJJ10_12290	ko:K03366
kgr:JJJ10_12295	ko:K01652
kgr:JJJ10_12300	ko:K01575
kgr:JJJ10_12310	ko:K03704
kgr:JJJ10_12315	ko:K01758
kgr:JJJ10_12320	ko:K18218
kgr:JJJ10_12325	ko:K26607
kgr:JJJ10_12335	ko:K09824
kgr:JJJ10_12340	ko:K05358
kgr:JJJ10_12345	ko:K02032
kgr:JJJ10_12350	ko:K02031
kgr:JJJ10_12355	ko:K02034
kgr:JJJ10_12360	ko:K02033
kgr:JJJ10_12365	ko:K02035
kgr:JJJ10_12370	ko:K02071
kgr:JJJ10_12375	ko:K02073
kgr:JJJ10_12380	ko:K02072
kgr:JJJ10_12390	ko:K19271
kgr:JJJ10_12395	ko:K01759
kgr:JJJ10_12405	ko:K05835
kgr:JJJ10_12410	ko:K01673
kgr:JJJ10_12465	ko:K05343
kgr:JJJ10_12470	ko:K00426
kgr:JJJ10_12475	ko:K00425
kgr:JJJ10_12480	ko:K07217
kgr:JJJ10_12495	ko:K06884
kgr:JJJ10_12500	ko:K14237
kgr:JJJ10_12505	ko:K14237
kgr:JJJ10_12510	ko:K14237
kgr:JJJ10_12515	ko:K26939
kgr:JJJ10_12520	ko:K00793
kgr:JJJ10_12525	ko:K00574
kgr:JJJ10_12530	ko:K28371
kgr:JJJ10_12540	ko:K03604
kgr:JJJ10_12550	ko:K19577
kgr:JJJ10_12555	ko:K04564
kgr:JJJ10_12560	ko:K19303
kgr:JJJ10_12565	ko:K07390
kgr:JJJ10_12570	ko:K03683
kgr:JJJ10_12575	ko:K01759
kgr:JJJ10_12580	ko:K10680
kgr:JJJ10_12585	ko:K16137
kgr:JJJ10_12590	ko:K06938
kgr:JJJ10_12600	ko:K04565
kgr:JJJ10_12620	ko:K06075
kgr:JJJ10_12630	ko:K06077
kgr:JJJ10_12635	ko:K09001
kgr:JJJ10_12645	ko:K00275
kgr:JJJ10_12650	ko:K01866
kgr:JJJ10_12655	ko:K00868
kgr:JJJ10_12660	ko:K00799
kgr:JJJ10_12665	ko:K03305
kgr:JJJ10_12670	ko:K10773
kgr:JJJ10_12675	ko:K03613
kgr:JJJ10_12680	ko:K03612
kgr:JJJ10_12685	ko:K03614
kgr:JJJ10_12690	ko:K03615
kgr:JJJ10_12695	ko:K03616
kgr:JJJ10_12700	ko:K03617
kgr:JJJ10_12715	ko:K01223
kgr:JJJ10_12720	ko:K22718
kgr:JJJ10_12730	ko:K01488
kgr:JJJ10_12735	ko:K02073
kgr:JJJ10_12745	ko:K07112
kgr:JJJ10_12755	ko:K14155
kgr:JJJ10_12760	ko:K02791
kgr:JJJ10_12765	ko:K16136
kgr:JJJ10_12775	ko:K01809
kgr:JJJ10_12780	ko:K01676
kgr:JJJ10_12785	ko:K01679
kgr:JJJ10_12790	ko:K10748
kgr:JJJ10_12795	ko:K07639
kgr:JJJ10_12805	ko:K07661
kgr:JJJ10_12810	ko:K21638
kgr:JJJ10_12820	ko:K13938
kgr:JJJ10_12825	ko:K03758
kgr:JJJ10_12840	ko:K00324
kgr:JJJ10_12845	ko:K00325
kgr:JJJ10_12855	ko:K14055
kgr:JJJ10_12860	ko:K01420
kgr:JJJ10_12865	ko:K00567
kgr:JJJ10_12870	ko:K12942
kgr:JJJ10_12875	ko:K12941
kgr:JJJ10_12880	ko:K12940
kgr:JJJ10_12885	ko:K14057
kgr:JJJ10_12895	ko:K02624
kgr:JJJ10_12900	ko:K01031
kgr:JJJ10_12905	ko:K01032
kgr:JJJ10_12910	ko:K07823
kgr:JJJ10_12915	ko:K01857
kgr:JJJ10_12920	ko:K01055
kgr:JJJ10_12925	ko:K01607
kgr:JJJ10_12930	ko:K01676
kgr:JJJ10_12935	ko:K11106
kgr:JJJ10_12940	ko:K28482
kgr:JJJ10_12945	ko:K03734
kgr:JJJ10_12950	ko:K07703
kgr:JJJ10_12955	ko:K07701
kgr:JJJ10_12970	ko:K07106
kgr:JJJ10_12975	ko:K00116
kgr:JJJ10_12980	ko:K13928
kgr:JJJ10_12985	ko:K13935
kgr:JJJ10_12990	ko:K13934
kgr:JJJ10_12995	ko:K13936
kgr:JJJ10_13000	ko:K13933
kgr:JJJ10_13005	ko:K13932
kgr:JJJ10_13010	ko:K13931
kgr:JJJ10_13015	ko:K13930
kgr:JJJ10_13020	ko:K13929
kgr:JJJ10_13025	ko:K11744
kgr:JJJ10_13030	ko:K11743
kgr:JJJ10_13035	ko:K11742
kgr:JJJ10_13045	ko:K04775
kgr:JJJ10_13060	ko:K01299
kgr:JJJ10_13065	ko:K08224
kgr:JJJ10_13075	ko:K15545
kgr:JJJ10_13080	ko:K01935
kgr:JJJ10_13085	ko:K03281
kgr:JJJ10_13090	ko:K23349
kgr:JJJ10_13095	ko:K07312
kgr:JJJ10_13100	ko:K07307
kgr:JJJ10_13120	ko:K00657
kgr:JJJ10_13130	ko:K09771
kgr:JJJ10_13135	ko:K08323
kgr:JJJ10_13140	ko:K08322
kgr:JJJ10_13145	ko:K08173
kgr:JJJ10_13150	ko:K00040
kgr:JJJ10_13155	ko:K11932
kgr:JJJ10_13160	ko:K22293
kgr:JJJ10_13165	ko:K16066
kgr:JJJ10_13170	ko:K01284
kgr:JJJ10_13185	ko:K09912
kgr:JJJ10_13215	ko:K02532
kgr:JJJ10_13220	ko:K01190
kgr:JJJ10_13225	ko:K27069
kgr:JJJ10_13235	ko:K21973
kgr:JJJ10_13250	ko:K00549
kgr:JJJ10_13265	ko:K07326
kgr:JJJ10_13300	ko:K13633
kgr:JJJ10_13315	ko:K11959
kgr:JJJ10_13320	ko:K11960
kgr:JJJ10_13325	ko:K11961
kgr:JJJ10_13330	ko:K11962
kgr:JJJ10_13335	ko:K11963
kgr:JJJ10_13350	ko:K15268
kgr:JJJ10_13355	ko:K13630
kgr:JJJ10_13360	ko:K13632
kgr:JJJ10_13365	ko:K03712
kgr:JJJ10_13370	ko:K05595
kgr:JJJ10_13375	ko:K08159
kgr:JJJ10_13410	ko:K01714
kgr:JJJ10_13420	ko:K22129
kgr:JJJ10_13425	ko:K22024
kgr:JJJ10_13435	ko:K00016
kgr:JJJ10_13440	ko:K03829
kgr:JJJ10_13450	ko:K08324
kgr:JJJ10_13455	ko:K01425
kgr:JJJ10_13475	ko:K00041
kgr:JJJ10_13485	ko:K00598
kgr:JJJ10_13490	ko:K06897
kgr:JJJ10_13500	ko:K07810
kgr:JJJ10_13505	ko:K07796
kgr:JJJ10_13510	ko:K07798
kgr:JJJ10_13515	ko:K07787
kgr:JJJ10_13540	ko:K07552
kgr:JJJ10_13550	ko:K00483
kgr:JJJ10_13555	ko:K13063
kgr:JJJ10_13560	ko:K20261
kgr:JJJ10_13565	ko:K00216
kgr:JJJ10_13570	ko:K01626
kgr:JJJ10_13575	ko:K21284
kgr:JJJ10_13615	ko:K00459
kgr:JJJ10_13620	ko:K02072
kgr:JJJ10_13625	ko:K02071
kgr:JJJ10_13630	ko:K02073
kgr:JJJ10_13655	ko:K16960
kgr:JJJ10_13660	ko:K16958
kgr:JJJ10_13665	ko:K16959
kgr:JJJ10_13670	ko:K16957
kgr:JJJ10_13685	ko:K00286
kgr:JJJ10_13700	ko:K01255
kgr:JJJ10_13705	ko:K01444
kgr:JJJ10_13710	ko:K02761
kgr:JJJ10_13725	ko:K02013
kgr:JJJ10_13730	ko:K02016
kgr:JJJ10_13735	ko:K02015
kgr:JJJ10_13745	ko:K16076
kgr:JJJ10_13750	ko:K02775
kgr:JJJ10_13755	ko:K00058
kgr:JJJ10_13760	ko:K00059
kgr:JJJ10_13765	ko:K00880
kgr:JJJ10_13770	ko:K02443
kgr:JJJ10_13785	ko:K00847
kgr:JJJ10_13795	ko:K10440
kgr:JJJ10_13800	ko:K10441
kgr:JJJ10_13805	ko:K10439
kgr:JJJ10_13830	ko:K09702
kgr:JJJ10_13850	ko:K01607
kgr:JJJ10_13860	ko:K00433
kgr:JJJ10_13865	ko:K09794
kgr:JJJ10_13870	ko:K00077
kgr:JJJ10_13880	ko:K23149
kgr:JJJ10_13885	ko:K01470
kgr:JJJ10_13890	ko:K02821
kgr:JJJ10_13895	ko:K02822
kgr:JJJ10_13900	ko:K03475
kgr:JJJ10_13910	ko:K03710
kgr:JJJ10_13930	ko:K01821
kgr:JJJ10_13945	ko:K01265
kgr:JJJ10_13965	ko:K12518
kgr:JJJ10_13970	ko:K12519
kgr:JJJ10_13985	ko:K12519
kgr:JJJ10_14025	ko:K13040
kgr:JJJ10_14030	ko:K13041
kgr:JJJ10_14050	ko:K01439
kgr:JJJ10_14060	ko:K07048
kgr:JJJ10_14065	ko:K10440
kgr:JJJ10_14070	ko:K10441
kgr:JJJ10_14075	ko:K02529
kgr:JJJ10_14080	ko:K10439
kgr:JJJ10_14085	ko:K00852
kgr:JJJ10_14090	ko:K06971
kgr:JJJ10_14095	ko:K03707
kgr:JJJ10_14100	ko:K09962
kgr:JJJ10_14115	ko:K11382
kgr:JJJ10_14120	ko:K08478
kgr:JJJ10_14125	ko:K08475
kgr:JJJ10_14130	ko:K08476
kgr:JJJ10_14135	ko:K03837
kgr:JJJ10_14140	ko:K01752
kgr:JJJ10_14160	ko:K01607
kgr:JJJ10_14165	ko:K10036
kgr:JJJ10_14170	ko:K10037
kgr:JJJ10_14175	ko:K10038
kgr:JJJ10_14210	ko:K21416
kgr:JJJ10_14215	ko:K21417
kgr:JJJ10_14220	ko:K00627
kgr:JJJ10_14225	ko:K00382
kgr:JJJ10_14230	ko:K01214
kgr:JJJ10_14235	ko:K06044
kgr:JJJ10_14240	ko:K01236
kgr:JJJ10_14265	ko:K00350
kgr:JJJ10_14290	ko:K18138
kgr:JJJ10_14315	ko:K02529
kgr:JJJ10_14320	ko:K03335
kgr:JJJ10_14330	ko:K03707
kgr:JJJ10_14335	ko:K15600
kgr:JJJ10_14340	ko:K15599
kgr:JJJ10_14345	ko:K15598
kgr:JJJ10_14350	ko:K00836
kgr:JJJ10_14355	ko:K13745
kgr:JJJ10_14360	ko:K07124
kgr:JJJ10_14365	ko:K16137
kgr:JJJ10_14370	ko:K01951
kgr:JJJ10_14375	ko:K05515
kgr:JJJ10_14380	ko:K01457
kgr:JJJ10_14385	ko:K01941
kgr:JJJ10_14390	ko:K28693
kgr:JJJ10_14395	ko:K28692
kgr:JJJ10_14400	ko:K02049
kgr:JJJ10_14405	ko:K02050
kgr:JJJ10_14410	ko:K02051
kgr:JJJ10_14430	ko:K09936
kgr:JJJ10_14435	ko:K09936
kgr:JJJ10_14445	ko:K03782
kgr:JJJ10_14455	ko:K01531
kgr:JJJ10_14460	ko:K07507
kgr:JJJ10_14470	ko:K08369
kgr:JJJ10_14505	ko:K08994
kgr:JJJ10_14520	ko:K04063
kgr:JJJ10_14540	ko:K02972
kgr:JJJ10_14545	ko:K00027
kgr:JJJ10_14560	ko:K01507
kgr:JJJ10_14565	ko:K13953
kgr:JJJ10_14575	ko:K02035
kgr:JJJ10_14580	ko:K02033
kgr:JJJ10_14585	ko:K02034
kgr:JJJ10_14590	ko:K02031
kgr:JJJ10_14590	ko:K02032
kgr:JJJ10_14605	ko:K08156
kgr:JJJ10_14610	ko:K19163
kgr:JJJ10_14615	ko:K08350
kgr:JJJ10_14620	ko:K08349
kgr:JJJ10_14625	ko:K08348
kgr:JJJ10_14635	ko:K05783
kgr:JJJ10_14640	ko:K05784
kgr:JJJ10_14645	ko:K05550
kgr:JJJ10_14650	ko:K05549
kgr:JJJ10_14655	ko:K03381
kgr:JJJ10_14660	ko:K03464
kgr:JJJ10_14665	ko:K01856
kgr:JJJ10_14670	ko:K02624
kgr:JJJ10_14675	ko:K08167
kgr:JJJ10_14685	ko:K02575
kgr:JJJ10_14690	ko:K00370
kgr:JJJ10_14695	ko:K00371
kgr:JJJ10_14700	ko:K00373
kgr:JJJ10_14705	ko:K00374
kgr:JJJ10_14710	ko:K00675
kgr:JJJ10_14715	ko:K02011
kgr:JJJ10_14720	ko:K02012
kgr:JJJ10_14725	ko:K02010
kgr:JJJ10_14750	ko:K16077
kgr:JJJ10_14760	ko:K07726
kgr:JJJ10_14770	ko:K01821
kgr:JJJ10_14775	ko:K11208
kgr:JJJ10_14780	ko:K06145
kgr:JJJ10_14785	ko:K20023
kgr:JJJ10_14790	ko:K03535
kgr:JJJ10_14795	ko:K02030
kgr:JJJ10_14800	ko:K02028
kgr:JJJ10_14805	ko:K02029
kgr:JJJ10_14835	ko:K11738
kgr:JJJ10_14850	ko:K02014
kgr:JJJ10_14860	ko:K01250
kgr:JJJ10_14865	ko:K23256
kgr:JJJ10_14875	ko:K24217
kgr:JJJ10_14880	ko:K09936
kgr:JJJ10_14890	ko:K12368
kgr:JJJ10_14895	ko:K00141
kgr:JJJ10_14910	ko:K28274
kgr:JJJ10_14930	ko:K00137
kgr:JJJ10_14935	ko:K02053
kgr:JJJ10_14940	ko:K02054
kgr:JJJ10_14945	ko:K02052
kgr:JJJ10_14950	ko:K02055
kgr:JJJ10_14960	ko:K00425
kgr:JJJ10_14965	ko:K00426
kgr:JJJ10_14980	ko:K24847
kgr:JJJ10_14985	ko:K23779
kgr:JJJ10_14995	ko:K05782
kgr:JJJ10_15000	ko:K07506
kgr:JJJ10_15015	ko:K12368
kgr:JJJ10_15020	ko:K01258
kgr:JJJ10_15025	ko:K16868
kgr:JJJ10_15030	ko:K03304
kgr:JJJ10_15040	ko:K03817
kgr:JJJ10_15055	ko:K03929
kgr:JJJ10_15060	ko:K25986
kgr:JJJ10_15065	ko:K00449
kgr:JJJ10_15070	ko:K00448
kgr:JJJ10_15080	ko:K05358
kgr:JJJ10_15090	ko:K00121
kgr:JJJ10_15095	ko:K23239
kgr:JJJ10_15100	ko:K12262
kgr:JJJ10_15140	ko:K00134
kgr:JJJ10_15145	ko:K07248
kgr:JJJ10_15155	ko:K00261
kgr:JJJ10_15160	ko:K06075
kgr:JJJ10_15175	ko:K18139
kgr:JJJ10_15185	ko:K03578
kgr:JJJ10_15190	ko:K01118
kgr:JJJ10_15200	ko:K02617
kgr:JJJ10_15205	ko:K02616
kgr:JJJ10_15210	ko:K01912
kgr:JJJ10_15215	ko:K02615
kgr:JJJ10_15220	ko:K02614
kgr:JJJ10_15225	ko:K00074
kgr:JJJ10_15230	ko:K15866
kgr:JJJ10_15235	ko:K01692
kgr:JJJ10_15240	ko:K02613
kgr:JJJ10_15245	ko:K02612
kgr:JJJ10_15250	ko:K02611
kgr:JJJ10_15255	ko:K02610
kgr:JJJ10_15260	ko:K02609
kgr:JJJ10_15265	ko:K02618
kgr:JJJ10_15270	ko:K00276
kgr:JJJ10_15280	ko:K09984
kgr:JJJ10_15290	ko:K00799
kgr:JJJ10_15330	ko:K01576
kgr:JJJ10_15345	ko:K00675
kgr:JJJ10_15360	ko:K00134
kgr:JJJ10_15375	ko:K19587
kgr:JJJ10_15380	ko:K19585
kgr:JJJ10_15385	ko:K19586
kgr:JJJ10_15390	ko:K05804
kgr:JJJ10_15425	ko:K01438
kgr:JJJ10_15440	ko:K07222
kgr:JJJ10_15450	ko:K02028
kgr:JJJ10_15450	ko:K02029
kgr:JJJ10_15460	ko:K02030
kgr:JJJ10_15480	ko:K00146
kgr:JJJ10_15485	ko:K14063
kgr:JJJ10_15490	ko:K09978
kgr:JJJ10_15510	ko:K03778
kgr:JJJ10_15515	ko:K03668
kgr:JJJ10_15565	ko:K03737
kgr:JJJ10_15570	ko:K14062
kgr:JJJ10_15580	ko:K14061
kgr:JJJ10_15590	ko:K08566
kgr:JJJ10_15595	ko:K14058
kgr:JJJ10_15600	ko:K05591
kgr:JJJ10_15605	ko:K16074
kgr:JJJ10_15615	ko:K02444
kgr:JJJ10_15625	ko:K03502
kgr:JJJ10_15630	ko:K03503
kgr:JJJ10_15645	ko:K02760
kgr:JJJ10_15650	ko:K08996
kgr:JJJ10_15655	ko:K03286
kgr:JJJ10_15670	ko:K18900
kgr:JJJ10_15695	ko:K06889
kgr:JJJ10_15725	ko:K06954
kgr:JJJ10_15730	ko:K09701
kgr:JJJ10_15735	ko:K00574
kgr:JJJ10_15760	ko:K02024
kgr:JJJ10_15770	ko:K03292
kgr:JJJ10_15775	ko:K01198
kgr:JJJ10_15780	ko:K11911
kgr:JJJ10_15785	ko:K11905
kgr:JJJ10_15815	ko:K11904
kgr:JJJ10_15820	ko:K11906
kgr:JJJ10_15825	ko:K11895
kgr:JJJ10_15830	ko:K11896
kgr:JJJ10_15835	ko:K11910
kgr:JJJ10_15845	ko:K11891
kgr:JJJ10_15875	ko:K11904
kgr:JJJ10_15885	ko:K11907
kgr:JJJ10_15890	ko:K11903
kgr:JJJ10_15900	ko:K11892
kgr:JJJ10_15905	ko:K11893
kgr:JJJ10_15910	ko:K11900
kgr:JJJ10_15915	ko:K11901
kgr:JJJ10_15925	ko:K05520
kgr:JJJ10_15930	ko:K15580
kgr:JJJ10_15935	ko:K14054
kgr:JJJ10_15940	ko:K19802
kgr:JJJ10_15945	ko:K11065
kgr:JJJ10_15950	ko:K07120
kgr:JJJ10_15955	ko:K03721
kgr:JJJ10_15960	ko:K08990
kgr:JJJ10_15965	ko:K06918
kgr:JJJ10_15970	ko:K03972
kgr:JJJ10_15975	ko:K03971
kgr:JJJ10_15980	ko:K03973
kgr:JJJ10_15985	ko:K03970
kgr:JJJ10_15990	ko:K03969
kgr:JJJ10_15995	ko:K03974
kgr:JJJ10_16000	ko:K08170
kgr:JJJ10_16005	ko:K01451
kgr:JJJ10_16020	ko:K19226
kgr:JJJ10_16025	ko:K19227
kgr:JJJ10_16030	ko:K19228
kgr:JJJ10_16035	ko:K19229
kgr:JJJ10_16040	ko:K19230
kgr:JJJ10_16045	ko:K09975
kgr:JJJ10_16050	ko:K00208
kgr:JJJ10_16060	ko:K01147
kgr:JJJ10_16075	ko:K04062
kgr:JJJ10_16080	ko:K03113
kgr:JJJ10_16085	ko:K01591
kgr:JJJ10_16090	ko:K19804
kgr:JJJ10_16095	ko:K08992
kgr:JJJ10_16100	ko:K01096
kgr:JJJ10_16105	ko:K01497
kgr:JJJ10_16110	ko:K27802
kgr:JJJ10_16120	ko:K13634
kgr:JJJ10_16125	ko:K03168
kgr:JJJ10_16135	ko:K04774
kgr:JJJ10_16145	ko:K19221
kgr:JJJ10_16155	ko:K05349
kgr:JJJ10_16160	ko:K03292
kgr:JJJ10_16165	ko:K06178
kgr:JJJ10_16180	ko:K07053
kgr:JJJ10_16185	ko:K01657
kgr:JJJ10_16190	ko:K13497
kgr:JJJ10_16195	ko:K13498
kgr:JJJ10_16200	ko:K01696
kgr:JJJ10_16205	ko:K01695
kgr:JJJ10_16245	ko:K07275
kgr:JJJ10_16255	ko:K06190
kgr:JJJ10_16260	ko:K19611
kgr:JJJ10_16265	ko:K10806
kgr:JJJ10_16275	ko:K24204
kgr:JJJ10_16280	ko:K00065
kgr:JJJ10_16285	ko:K07038
kgr:JJJ10_16290	ko:K06956
kgr:JJJ10_16295	ko:K15722
kgr:JJJ10_16300	ko:K03781
kgr:JJJ10_16305	ko:K03478
kgr:JJJ10_16310	ko:K01222
kgr:JJJ10_16315	ko:K03490
kgr:JJJ10_16320	ko:K02759
kgr:JJJ10_16325	ko:K02761
kgr:JJJ10_16330	ko:K02760
kgr:JJJ10_16335	ko:K04064
kgr:JJJ10_16340	ko:K01916
kgr:JJJ10_16345	ko:K05984
kgr:JJJ10_16355	ko:K03744
kgr:JJJ10_16360	ko:K06006
kgr:JJJ10_16365	ko:K05526
kgr:JJJ10_16370	ko:K01484
kgr:JJJ10_16375	ko:K06447
kgr:JJJ10_16380	ko:K00673
kgr:JJJ10_16385	ko:K00840
kgr:JJJ10_16390	ko:K01142
kgr:JJJ10_16410	ko:K05777
kgr:JJJ10_16420	ko:K05779
kgr:JJJ10_16425	ko:K21028
kgr:JJJ10_16435	ko:K08320
kgr:JJJ10_16440	ko:K00262
kgr:JJJ10_16445	ko:K03169
kgr:JJJ10_16450	ko:K01008
kgr:JJJ10_16455	ko:K09474
kgr:JJJ10_16465	ko:K04773
kgr:JJJ10_16470	ko:K01424
kgr:JJJ10_16475	ko:K08281
kgr:JJJ10_16480	ko:K08369
kgr:JJJ10_16490	ko:K18471
kgr:JJJ10_16505	ko:K00008
kgr:JJJ10_16510	ko:K08369
kgr:JJJ10_16520	ko:K01183
kgr:JJJ10_16530	ko:K09916
kgr:JJJ10_16535	ko:K07305
kgr:JJJ10_16540	ko:K00134
kgr:JJJ10_16545	ko:K01792
kgr:JJJ10_16555	ko:K07274
kgr:JJJ10_16560	ko:K07180
kgr:JJJ10_16565	ko:K09786
kgr:JJJ10_16580	ko:K19055
kgr:JJJ10_16590	ko:K25495
kgr:JJJ10_16595	ko:K25494
kgr:JJJ10_16615	ko:K09712
kgr:JJJ10_16625	ko:K06905
kgr:JJJ10_16630	ko:K06907
kgr:JJJ10_16635	ko:K06908
kgr:JJJ10_16655	ko:K06906
kgr:JJJ10_16690	ko:K06903
kgr:JJJ10_16715	ko:K01185
kgr:JJJ10_16780	ko:K06223
kgr:JJJ10_16825	ko:K13069
kgr:JJJ10_16850	ko:K11250
kgr:JJJ10_16855	ko:K12974
kgr:JJJ10_16860	ko:K23514
kgr:JJJ10_16865	ko:K07165
kgr:JJJ10_16870	ko:K16091
kgr:JJJ10_16875	ko:K23181
kgr:JJJ10_16880	ko:K23183
kgr:JJJ10_16885	ko:K23182
kgr:JJJ10_16890	ko:K23184
kgr:JJJ10_16895	ko:K01424
kgr:JJJ10_16915	ko:K01607
kgr:JJJ10_16930	ko:K21086
kgr:JJJ10_16935	ko:K18968
kgr:JJJ10_16955	ko:K13643
kgr:JJJ10_16960	ko:K10906
kgr:JJJ10_16975	ko:K00031
kgr:JJJ10_16980	ko:K06181
kgr:JJJ10_16985	ko:K12152
kgr:JJJ10_16990	ko:K00566
kgr:JJJ10_16995	ko:K07153
kgr:JJJ10_17000	ko:K01756
kgr:JJJ10_17025	ko:K07660
kgr:JJJ10_17030	ko:K07637
kgr:JJJ10_17035	ko:K18850
kgr:JJJ10_17045	ko:K07491
kgr:JJJ10_17050	ko:K01258
kgr:JJJ10_17055	ko:K11072
kgr:JJJ10_17060	ko:K11071
kgr:JJJ10_17065	ko:K11070
kgr:JJJ10_17070	ko:K11069
kgr:JJJ10_17080	ko:K12410
kgr:JJJ10_17085	ko:K28207
kgr:JJJ10_17090	ko:K09808
kgr:JJJ10_17095	ko:K09810
kgr:JJJ10_17100	ko:K09808
kgr:JJJ10_17105	ko:K03723
kgr:JJJ10_17110	ko:K19236
kgr:JJJ10_17115	ko:K12151
kgr:JJJ10_17125	ko:K22041
kgr:JJJ10_17130	ko:K02014
kgr:JJJ10_17140	ko:K03885
kgr:JJJ10_17145	ko:K07000
kgr:JJJ10_17150	ko:K01207
kgr:JJJ10_17155	ko:K07251
kgr:JJJ10_17160	ko:K07337
kgr:JJJ10_17170	ko:K02503
kgr:JJJ10_17175	ko:K16088
kgr:JJJ10_17180	ko:K02779
kgr:JJJ10_17185	ko:K03424
kgr:JJJ10_17190	ko:K02341
kgr:JJJ10_17195	ko:K00943
kgr:JJJ10_17200	ko:K07082
kgr:JJJ10_17205	ko:K02619
kgr:JJJ10_17210	ko:K09458
kgr:JJJ10_17215	ko:K02078
kgr:JJJ10_17220	ko:K00059
kgr:JJJ10_17225	ko:K00645
kgr:JJJ10_17230	ko:K00648
kgr:JJJ10_17235	ko:K03621
kgr:JJJ10_17240	ko:K02911
kgr:JJJ10_17245	ko:K07040
kgr:JJJ10_17250	ko:K25422
kgr:JJJ10_17260	ko:K06179
kgr:JJJ10_17265	ko:K08300
kgr:JJJ10_17280	ko:K03980
kgr:JJJ10_17285	ko:K03810
kgr:JJJ10_17290	ko:K09915
kgr:JJJ10_17295	ko:K03790
kgr:JJJ10_17300	ko:K08162
kgr:JJJ10_17305	ko:K03675
kgr:JJJ10_17315	ko:K01465
kgr:JJJ10_17320	ko:K12149
kgr:JJJ10_17325	ko:K12148
kgr:JJJ10_17330	ko:K02846
kgr:JJJ10_17340	ko:K07146
kgr:JJJ10_17345	ko:K02517
kgr:JJJ10_17350	ko:K08161
kgr:JJJ10_17355	ko:K12147
kgr:JJJ10_17365	ko:K03669
kgr:JJJ10_17370	ko:K03670
kgr:JJJ10_17375	ko:K11941
kgr:JJJ10_17385	ko:K23518
kgr:JJJ10_17405	ko:K04477
kgr:JJJ10_17410	ko:K12972
kgr:JJJ10_17415	ko:K14233
kgr:JJJ10_17425	ko:K06911
kgr:JJJ10_17435	ko:K14233
kgr:JJJ10_17440	ko:K21134
kgr:JJJ10_17445	ko:K21137
kgr:JJJ10_17470	ko:K06217
kgr:JJJ10_17475	ko:K16301
kgr:JJJ10_17480	ko:K07224
kgr:JJJ10_17485	ko:K07243
kgr:JJJ10_17490	ko:K03317
kgr:JJJ10_17500	ko:K11928
kgr:JJJ10_17505	ko:K13821
kgr:JJJ10_17515	ko:K09017
kgr:JJJ10_17520	ko:K09018
kgr:JJJ10_17525	ko:K09020
kgr:JJJ10_17530	ko:K09021
kgr:JJJ10_17535	ko:K09023
kgr:JJJ10_17540	ko:K09019
kgr:JJJ10_17545	ko:K09024
kgr:JJJ10_17550	ko:K09016
kgr:JJJ10_17555	ko:K06884
kgr:JJJ10_17560	ko:K03809
kgr:JJJ10_17570	ko:K01085
kgr:JJJ10_17585	ko:K14052
kgr:JJJ10_17590	ko:K09470
kgr:JJJ10_17595	ko:K09473
kgr:JJJ10_17600	ko:K14056
kgr:JJJ10_17605	ko:K09472
kgr:JJJ10_17610	ko:K09471
kgr:JJJ10_17615	ko:K16135
kgr:JJJ10_17620	ko:K07246
kgr:JJJ10_17625	ko:K23991
kgr:JJJ10_17630	ko:K11203
kgr:JJJ10_17635	ko:K11202
kgr:JJJ10_17645	ko:K04069
kgr:JJJ10_17650	ko:K11202
kgr:JJJ10_17685	ko:K04782
kgr:JJJ10_17695	ko:K22110
kgr:JJJ10_17700	ko:K01728
kgr:JJJ10_17705	ko:K02083
kgr:JJJ10_17710	ko:K00839
kgr:JJJ10_17715	ko:K02028
kgr:JJJ10_17720	ko:K02029
kgr:JJJ10_17725	ko:K02029
kgr:JJJ10_17730	ko:K02030
kgr:JJJ10_17740	ko:K22602
kgr:JJJ10_17750	ko:K22601
kgr:JJJ10_17760	ko:K16842
kgr:JJJ10_17765	ko:K16841
kgr:JJJ10_17775	ko:K03457
kgr:JJJ10_17780	ko:K01487
kgr:JJJ10_17785	ko:K07127
kgr:JJJ10_17790	ko:K16840
kgr:JJJ10_17795	ko:K16345
kgr:JJJ10_17800	ko:K16839
kgr:JJJ10_17820	ko:K02010
kgr:JJJ10_17825	ko:K02011
kgr:JJJ10_17830	ko:K02012
kgr:JJJ10_17840	ko:K05798
kgr:JJJ10_17850	ko:K08344
kgr:JJJ10_17860	ko:K03805
kgr:JJJ10_17875	ko:K09022
kgr:JJJ10_17880	ko:K03704
kgr:JJJ10_17885	ko:K03704
kgr:JJJ10_17890	ko:K02030
kgr:JJJ10_17900	ko:K02029
kgr:JJJ10_17905	ko:K02029
kgr:JJJ10_17910	ko:K02028
kgr:JJJ10_17915	ko:K00826
kgr:JJJ10_17960	ko:K07406
kgr:JJJ10_17965	ko:K01358
kgr:JJJ10_17975	ko:K05966
kgr:JJJ10_17980	ko:K01643
kgr:JJJ10_17985	ko:K01644
kgr:JJJ10_17990	ko:K01646
kgr:JJJ10_17995	ko:K01910
kgr:JJJ10_18010	ko:K07700
kgr:JJJ10_18015	ko:K07702
kgr:JJJ10_18020	ko:K18325
kgr:JJJ10_18030	ko:K03446
kgr:JJJ10_18035	ko:K00059
kgr:JJJ10_18045	ko:K02030
kgr:JJJ10_18050	ko:K02029
kgr:JJJ10_18055	ko:K02028
kgr:JJJ10_18065	ko:K19802
kgr:JJJ10_18075	ko:K01714
kgr:JJJ10_18080	ko:K01937
kgr:JJJ10_18085	ko:K00812
kgr:JJJ10_18090	ko:K03710
kgr:JJJ10_18100	ko:K02795
kgr:JJJ10_18105	ko:K02796
kgr:JJJ10_18110	ko:K02794
kgr:JJJ10_18120	ko:K18581
kgr:JJJ10_18150	ko:K14233
kgr:JJJ10_18155	ko:K15580
kgr:JJJ10_18160	ko:K19416
kgr:JJJ10_18165	ko:K11179
kgr:JJJ10_18170	ko:K01512
kgr:JJJ10_18185	ko:K06969
kgr:JJJ10_18190	ko:K11940
kgr:JJJ10_18205	ko:K12542
kgr:JJJ10_18210	ko:K12541
kgr:JJJ10_18215	ko:K12543
kgr:JJJ10_18225	ko:K07497
kgr:JJJ10_18240	ko:K06929
kgr:JJJ10_18245	ko:K01734
kgr:JJJ10_18250	ko:K03658
kgr:JJJ10_18265	ko:K07343
kgr:JJJ10_18270	ko:K13053
kgr:JJJ10_18275	ko:K03286
kgr:JJJ10_18280	ko:K09911
kgr:JJJ10_18285	ko:K04770
kgr:JJJ10_18290	ko:K01716
kgr:JJJ10_18295	ko:K03812
kgr:JJJ10_18300	ko:K09857
kgr:JJJ10_18305	ko:K06192
kgr:JJJ10_18310	ko:K03808
kgr:JJJ10_18315	ko:K15738
kgr:JJJ10_18320	ko:K12297
kgr:JJJ10_18325	ko:K07140
kgr:JJJ10_18330	ko:K18657
kgr:JJJ10_18335	ko:K00254
kgr:JJJ10_18340	ko:K00299
kgr:JJJ10_18345	ko:K15554
kgr:JJJ10_18350	ko:K15555
kgr:JJJ10_18355	ko:K01256
kgr:JJJ10_18360	ko:K00763
kgr:JJJ10_18365	ko:K01893
kgr:JJJ10_18370	ko:K09476
kgr:JJJ10_18375	ko:K00813
kgr:JJJ10_18380	ko:K01069
kgr:JJJ10_18390	ko:K21470
kgr:JJJ10_18395	ko:K03632
kgr:JJJ10_18400	ko:K03804
kgr:JJJ10_18405	ko:K03633
kgr:JJJ10_18410	ko:K06219
kgr:JJJ10_18425	ko:K00979
kgr:JJJ10_18430	ko:K09791
kgr:JJJ10_18435	ko:K09927
kgr:JJJ10_18440	ko:K00912
kgr:JJJ10_18445	ko:K11085
kgr:JJJ10_18450	ko:K02238
kgr:JJJ10_18455	ko:K05788
kgr:JJJ10_18460	ko:K02945
kgr:JJJ10_18465	ko:K00945
kgr:JJJ10_18470	ko:K07387
kgr:JJJ10_18475	ko:K00800
kgr:JJJ10_18480	ko:K00831
kgr:JJJ10_18490	ko:K09136
kgr:JJJ10_18495	ko:K06212
kgr:JJJ10_18500	ko:K00656
kgr:JJJ10_18505	ko:K04069
kgr:JJJ10_18515	ko:K02822
kgr:JJJ10_18520	ko:K03475
kgr:JJJ10_18525	ko:K00615
kgr:JJJ10_18530	ko:K00615
kgr:JJJ10_18540	ko:K08219
kgr:JJJ10_18545	ko:K07308
kgr:JJJ10_18550	ko:K07307
kgr:JJJ10_18555	ko:K07306
kgr:JJJ10_18560	ko:K01875
kgr:JJJ10_18565	ko:K07478
kgr:JJJ10_18570	ko:K03634
kgr:JJJ10_18575	ko:K03466
kgr:JJJ10_18580	ko:K03719
kgr:JJJ10_18585	ko:K00384
kgr:JJJ10_18590	ko:K16013
kgr:JJJ10_18595	ko:K16012
kgr:JJJ10_18600	ko:K00684
kgr:JJJ10_18605	ko:K02518
kgr:JJJ10_18610	ko:K03694
kgr:JJJ10_18615	ko:K06891
kgr:JJJ10_18620	ko:K03704
kgr:JJJ10_18625	ko:K05685
kgr:JJJ10_18630	ko:K13888
kgr:JJJ10_18635	ko:K07459
kgr:JJJ10_18640	ko:K06188
kgr:JJJ10_18645	ko:K28370
kgr:JJJ10_18650	ko:K05601
kgr:JJJ10_18655	ko:K11933
kgr:JJJ10_18660	ko:K15977
kgr:JJJ10_18665	ko:K00156
kgr:JJJ10_18670	ko:K01620
kgr:JJJ10_18685	ko:K11066
kgr:JJJ10_18700	ko:K10000
kgr:JJJ10_18705	ko:K09997
kgr:JJJ10_18710	ko:K09999
kgr:JJJ10_18715	ko:K09998
kgr:JJJ10_18720	ko:K09996
kgr:JJJ10_18735	ko:K03212
kgr:JJJ10_18745	ko:K11074
kgr:JJJ10_18750	ko:K11075
kgr:JJJ10_18755	ko:K11076
kgr:JJJ10_18760	ko:K11073
kgr:JJJ10_18770	ko:K05844
kgr:JJJ10_18775	ko:K10678
kgr:JJJ10_18785	ko:K03674
kgr:JJJ10_18795	ko:K07085
kgr:JJJ10_18800	ko:K23778
kgr:JJJ10_18810	ko:K20861
kgr:JJJ10_18815	ko:K08160
kgr:JJJ10_18820	ko:K19302
kgr:JJJ10_18825	ko:K11534
kgr:JJJ10_18830	ko:K07258
kgr:JJJ10_18835	ko:K00799
kgr:JJJ10_18840	ko:K21430
kgr:JJJ10_18845	ko:K19688
kgr:JJJ10_18850	ko:K02532
kgr:JJJ10_18860	ko:K14441
kgr:JJJ10_18865	ko:K13891
kgr:JJJ10_18870	ko:K13890
kgr:JJJ10_18875	ko:K13889
kgr:JJJ10_18880	ko:K13892
kgr:JJJ10_18885	ko:K13051
kgr:JJJ10_18890	ko:K03750
kgr:JJJ10_18895	ko:K21029
kgr:JJJ10_18900	ko:K04069
kgr:JJJ10_18910	ko:K07757
kgr:JJJ10_18925	ko:K08191
kgr:JJJ10_18930	ko:K01187
kgr:JJJ10_18945	ko:K19236
kgr:JJJ10_18950	ko:K03492
kgr:JJJ10_18955	ko:K01223
kgr:JJJ10_18970	ko:K11924
kgr:JJJ10_18985	ko:K11934
kgr:JJJ10_18990	ko:K11939
kgr:JJJ10_18995	ko:K04047
kgr:JJJ10_19000	ko:K10036
kgr:JJJ10_19005	ko:K10037
kgr:JJJ10_19010	ko:K10038
kgr:JJJ10_19015	ko:K22044
kgr:JJJ10_19020	ko:K06970
kgr:JJJ10_19030	ko:K16090
kgr:JJJ10_19035	ko:K07336
kgr:JJJ10_19055	ko:K03722
kgr:JJJ10_19060	ko:K11927
kgr:JJJ10_19065	ko:K00615
kgr:JJJ10_19070	ko:K00615
kgr:JJJ10_19090	ko:K23777
kgr:JJJ10_19095	ko:K25183
kgr:JJJ10_19100	ko:K25182
kgr:JJJ10_19105	ko:K25181
kgr:JJJ10_19110	ko:K25180
kgr:JJJ10_19125	ko:K06131
kgr:JJJ10_19130	ko:K07027
kgr:JJJ10_19135	ko:K06890
kgr:JJJ10_19140	ko:K03635
kgr:JJJ10_19145	ko:K03636
kgr:JJJ10_19150	ko:K03637
kgr:JJJ10_19155	ko:K03638
kgr:JJJ10_19160	ko:K03639
kgr:JJJ10_19170	ko:K03760
kgr:JJJ10_19175	ko:K07771
kgr:JJJ10_19180	ko:K07643
kgr:JJJ10_19185	ko:K03702
kgr:JJJ10_19190	ko:K11963
kgr:JJJ10_19195	ko:K01935
kgr:JJJ10_19200	ko:K02169
kgr:JJJ10_19205	ko:K00652
kgr:JJJ10_19210	ko:K01012
kgr:JJJ10_19215	ko:K00833
kgr:JJJ10_19225	ko:K16234
kgr:JJJ10_19230	ko:K01745
kgr:JJJ10_19235	ko:K01712
kgr:JJJ10_19245	ko:K05836
kgr:JJJ10_19250	ko:K01479
kgr:JJJ10_19255	ko:K01468
kgr:JJJ10_19260	ko:K01051
kgr:JJJ10_19275	ko:K21972
kgr:JJJ10_19280	ko:K21973
kgr:JJJ10_19285	ko:K21974
kgr:JJJ10_19290	ko:K21975
kgr:JJJ10_19295	ko:K21976
kgr:JJJ10_19300	ko:K00375
kgr:JJJ10_19310	ko:K07404
kgr:JJJ10_19315	ko:K28853
kgr:JJJ10_19320	ko:K02017
kgr:JJJ10_19325	ko:K02018
kgr:JJJ10_19330	ko:K02020
kgr:JJJ10_19335	ko:K25859
kgr:JJJ10_19340	ko:K02019
kgr:JJJ10_19345	ko:K05776
kgr:JJJ10_19350	ko:K01784
kgr:JJJ10_19355	ko:K00965
kgr:JJJ10_19360	ko:K00849
kgr:JJJ10_19365	ko:K01785
kgr:JJJ10_19370	ko:K01834
kgr:JJJ10_19380	ko:K20509
kgr:JJJ10_19385	ko:K01571
kgr:JJJ10_19390	ko:K01573
kgr:JJJ10_19400	ko:K21645
kgr:JJJ10_19410	ko:K01677
kgr:JJJ10_19415	ko:K01678
kgr:JJJ10_19420	ko:K01626
kgr:JJJ10_19430	ko:K16264
kgr:JJJ10_19435	ko:K03811
kgr:JJJ10_19440	ko:K03517
kgr:JJJ10_19445	ko:K07486
kgr:JJJ10_19455	ko:K14229
kgr:JJJ10_19460	ko:K14229
kgr:JJJ10_19465	ko:K14229
kgr:JJJ10_19470	ko:K14237
kgr:JJJ10_19475	ko:K14229
kgr:JJJ10_19485	ko:K03640
kgr:JJJ10_19490	ko:K03641
kgr:JJJ10_19495	ko:K03646
kgr:JJJ10_19500	ko:K03560
kgr:JJJ10_19505	ko:K03562
kgr:JJJ10_19510	ko:K07107
kgr:JJJ10_19520	ko:K00424
kgr:JJJ10_19525	ko:K00426
kgr:JJJ10_19530	ko:K00425
kgr:JJJ10_19535	ko:K01846
kgr:JJJ10_19545	ko:K19268
kgr:JJJ10_19550	ko:K04835
kgr:JJJ10_19570	ko:K01425
kgr:JJJ10_19575	ko:K01676
kgr:JJJ10_19580	ko:K19221
kgr:JJJ10_19595	ko:K01902
kgr:JJJ10_19600	ko:K01903
kgr:JJJ10_19605	ko:K00658
kgr:JJJ10_19610	ko:K00164
kgr:JJJ10_19615	ko:K00240
kgr:JJJ10_19620	ko:K00239
kgr:JJJ10_19625	ko:K00242
kgr:JJJ10_19630	ko:K00241
kgr:JJJ10_19635	ko:K01647
kgr:JJJ10_19640	ko:K05522
kgr:JJJ10_19645	ko:K01304
kgr:JJJ10_19660	ko:K07160
kgr:JJJ10_19665	ko:K23124
kgr:JJJ10_19670	ko:K23123
kgr:JJJ10_19680	ko:K03305
kgr:JJJ10_19685	ko:K01669
kgr:JJJ10_19695	ko:K01545
kgr:JJJ10_19700	ko:K01546
kgr:JJJ10_19705	ko:K01547
kgr:JJJ10_19710	ko:K01548
kgr:JJJ10_19715	ko:K07646
kgr:JJJ10_19720	ko:K07667
kgr:JJJ10_19725	ko:K03077
kgr:JJJ10_19730	ko:K03079
kgr:JJJ10_19735	ko:K00880
kgr:JJJ10_19740	ko:K10440
kgr:JJJ10_19745	ko:K10441
kgr:JJJ10_19750	ko:K10439
kgr:JJJ10_19755	ko:K23271
kgr:JJJ10_19760	ko:K02430
kgr:JJJ10_19770	ko:K01835
kgr:JJJ10_19775	ko:K03645
kgr:JJJ10_19780	ko:K01175
kgr:JJJ10_19790	ko:K03839
kgr:JJJ10_19795	ko:K03711
kgr:JJJ10_19800	ko:K13794
kgr:JJJ10_19805	ko:K13796
kgr:JJJ10_19810	ko:K13795
kgr:JJJ10_19815	ko:K03288
kgr:JJJ10_19830	ko:K01886
kgr:JJJ10_19835	ko:K02804
kgr:JJJ10_19840	ko:K02564
kgr:JJJ10_19845	ko:K01443
kgr:JJJ10_19850	ko:K02565
kgr:JJJ10_19855	ko:K02566
kgr:JJJ10_19860	ko:K01953
kgr:JJJ10_19865	ko:K14230
kgr:JJJ10_19870	ko:K14228
kgr:JJJ10_19875	ko:K14223
kgr:JJJ10_19880	ko:K14223
kgr:JJJ10_19885	ko:K14230
kgr:JJJ10_19890	ko:K14223
kgr:JJJ10_19895	ko:K14223
kgr:JJJ10_19900	ko:K03184
kgr:JJJ10_19905	ko:K06168
kgr:JJJ10_19910	ko:K06217
kgr:JJJ10_19915	ko:K07042
kgr:JJJ10_19920	ko:K06189
kgr:JJJ10_19925	ko:K03820
kgr:JJJ10_19930	ko:K10001
kgr:JJJ10_19935	ko:K10003
kgr:JJJ10_19940	ko:K10002
kgr:JJJ10_19945	ko:K10004
kgr:JJJ10_19965	ko:K01869
kgr:JJJ10_19970	ko:K03643
kgr:JJJ10_19975	ko:K02340
kgr:JJJ10_19980	ko:K00969
kgr:JJJ10_19985	ko:K02226
kgr:JJJ10_19990	ko:K09710
kgr:JJJ10_19995	ko:K00783
kgr:JJJ10_20000	ko:K05515
kgr:JJJ10_20005	ko:K05837
kgr:JJJ10_20010	ko:K03642
kgr:JJJ10_20015	ko:K07258
kgr:JJJ10_20020	ko:K09158
kgr:JJJ10_20025	ko:K03801
kgr:JJJ10_20035	ko:K03644
kgr:JJJ10_20040	ko:K03425
kgr:JJJ10_20045	ko:K11206
kgr:JJJ10_20050	ko:K06199
kgr:JJJ10_20055	ko:K03704
kgr:JJJ10_20060	ko:K12973
kgr:JJJ10_20065	ko:K03326
kgr:JJJ10_20070	ko:K01169
kgr:JJJ10_20075	ko:K06140
kgr:JJJ10_20080	ko:K11932
kgr:JJJ10_20085	ko:K03387
kgr:JJJ10_20090	ko:K24119
kgr:JJJ10_20110	ko:K14287
kgr:JJJ10_20115	ko:K09880
kgr:JJJ10_20120	ko:K08967
kgr:JJJ10_20125	ko:K08351
kgr:JJJ10_20130	ko:K10439
kgr:JJJ10_20135	ko:K10441
kgr:JJJ10_20140	ko:K10440
kgr:JJJ10_20145	ko:K10440
kgr:JJJ10_20155	ko:K00058
kgr:JJJ10_20160	ko:K00862
kgr:JJJ10_20165	ko:K08964
kgr:JJJ10_20175	ko:K10974
kgr:JJJ10_20185	ko:K01485
kgr:JJJ10_20195	ko:K01092
kgr:JJJ10_20200	ko:K07783
kgr:JJJ10_20205	ko:K01093
kgr:JJJ10_20210	ko:K08963
kgr:JJJ10_20215	ko:K00899
kgr:JJJ10_20225	ko:K02058
kgr:JJJ10_20230	ko:K02057
kgr:JJJ10_20235	ko:K02056
kgr:JJJ10_20240	ko:K08317
kgr:JJJ10_20260	ko:K06200
kgr:JJJ10_20265	ko:K24147
kgr:JJJ10_20270	ko:K00216
kgr:JJJ10_20275	ko:K01252
kgr:JJJ10_20280	ko:K02363
kgr:JJJ10_20285	ko:K02361
kgr:JJJ10_20290	ko:K23185
kgr:JJJ10_20295	ko:K08225
kgr:JJJ10_20300	ko:K23186
kgr:JJJ10_20305	ko:K23187
kgr:JJJ10_20310	ko:K23188
kgr:JJJ10_20315	ko:K02364
kgr:JJJ10_20325	ko:K07214
kgr:JJJ10_20330	ko:K19611
kgr:JJJ10_20335	ko:K02362
kgr:JJJ10_20340	ko:K00615
kgr:JJJ10_20345	ko:K00615
kgr:JJJ10_20355	ko:K00864
kgr:JJJ10_20360	ko:K17202
kgr:JJJ10_20370	ko:K17204
kgr:JJJ10_20375	ko:K17203
kgr:JJJ10_20380	ko:K03366
kgr:JJJ10_20390	ko:K18922
kgr:JJJ10_20395	ko:K18922
kgr:JJJ10_20400	ko:K02168
kgr:JJJ10_20405	ko:K02167
kgr:JJJ10_20410	ko:K00130
kgr:JJJ10_20415	ko:K00108
kgr:JJJ10_20425	ko:K15372
kgr:JJJ10_20430	ko:K15373
kgr:JJJ10_20435	ko:K02028
kgr:JJJ10_20440	ko:K02029
kgr:JJJ10_20445	ko:K02029
kgr:JJJ10_20450	ko:K02030
kgr:JJJ10_20455	ko:K00375
kgr:JJJ10_20460	ko:K05834
kgr:JJJ10_20475	ko:K06016
kgr:JJJ10_20480	ko:K01426
kgr:JJJ10_20485	ko:K02031
kgr:JJJ10_20490	ko:K02032
kgr:JJJ10_20495	ko:K02034
kgr:JJJ10_20500	ko:K02033
kgr:JJJ10_20505	ko:K02035
kgr:JJJ10_20510	ko:K06048
kgr:JJJ10_20520	ko:K18138
kgr:JJJ10_20525	ko:K03585
kgr:JJJ10_20545	ko:K02014
kgr:JJJ10_20550	ko:K18325
kgr:JJJ10_20570	ko:K10679
kgr:JJJ10_20585	ko:K16053
kgr:JJJ10_20605	ko:K21964
kgr:JJJ10_20610	ko:K21965
kgr:JJJ10_20615	ko:K21966
kgr:JJJ10_20620	ko:K21967
kgr:JJJ10_20625	ko:K21968
kgr:JJJ10_20635	ko:K18900
kgr:JJJ10_20665	ko:K11732
kgr:JJJ10_20670	ko:K02014
kgr:JJJ10_20680	ko:K10013
kgr:JJJ10_20685	ko:K01451
kgr:JJJ10_20700	ko:K00847
kgr:JJJ10_20705	ko:K16077
kgr:JJJ10_20710	ko:K02810
kgr:JJJ10_20715	ko:K01193
kgr:JJJ10_20720	ko:K03484
kgr:JJJ10_20725	ko:K07154
kgr:JJJ10_20735	ko:K03488
kgr:JJJ10_20740	ko:K01223
kgr:JJJ10_20745	ko:K02757
kgr:JJJ10_20750	ko:K03566
kgr:JJJ10_20755	ko:K01997
kgr:JJJ10_20760	ko:K01998
kgr:JJJ10_20765	ko:K01995
kgr:JJJ10_20770	ko:K01996
kgr:JJJ10_20775	ko:K01999
kgr:JJJ10_20785	ko:K06016
kgr:JJJ10_20790	ko:K17214
kgr:JJJ10_20795	ko:K17215
kgr:JJJ10_20800	ko:K17213
kgr:JJJ10_20805	ko:K02529
kgr:JJJ10_20810	ko:K00010
kgr:JJJ10_20820	ko:K24153
kgr:JJJ10_20830	ko:K04567
kgr:JJJ10_20835	ko:K03305
kgr:JJJ10_20840	ko:K01582
kgr:JJJ10_20845	ko:K03757
kgr:JJJ10_20850	ko:K03765
kgr:JJJ10_20875	ko:K18650
kgr:JJJ10_20885	ko:K07734
kgr:JJJ10_20890	ko:K14219
kgr:JJJ10_20895	ko:K01491
kgr:JJJ10_20900	ko:K14761
kgr:JJJ10_20905	ko:K01883
kgr:JJJ10_20910	ko:K03768
kgr:JJJ10_20915	ko:K03269
kgr:JJJ10_20925	ko:K01588
kgr:JJJ10_20930	ko:K01589
kgr:JJJ10_20935	ko:K00926
kgr:JJJ10_20940	ko:K28795
kgr:JJJ10_20945	ko:K28794
kgr:JJJ10_20950	ko:K02381
kgr:JJJ10_20955	ko:K00073
kgr:JJJ10_20960	ko:K02083
kgr:JJJ10_20965	ko:K14977
kgr:JJJ10_20970	ko:K00865
kgr:JJJ10_20980	ko:K01466
kgr:JJJ10_20985	ko:K10975
kgr:JJJ10_20995	ko:K00042
kgr:JJJ10_21000	ko:K01816
kgr:JJJ10_21005	ko:K01608
kgr:JJJ10_21010	ko:K10973
kgr:JJJ10_21015	ko:K01483
kgr:JJJ10_21020	ko:K10972
kgr:JJJ10_21025	ko:K06917
kgr:JJJ10_21040	ko:K02004
kgr:JJJ10_21045	ko:K02003
kgr:JJJ10_21050	ko:K10804
kgr:JJJ10_21060	ko:K05838
kgr:JJJ10_21065	ko:K02069
kgr:JJJ10_21070	ko:K02068
kgr:JJJ10_21080	ko:K07340
kgr:JJJ10_21095	ko:K19591
kgr:JJJ10_21100	ko:K17686
kgr:JJJ10_21110	ko:K03561
kgr:JJJ10_21115	ko:K02014
kgr:JJJ10_21120	ko:K03832
kgr:JJJ10_21125	ko:K03559
kgr:JJJ10_21130	ko:K09973
kgr:JJJ10_21135	ko:K03976
kgr:JJJ10_21140	ko:K11751
kgr:JJJ10_21145	ko:K08223
kgr:JJJ10_21150	ko:K26735
kgr:JJJ10_21155	ko:K00892
kgr:JJJ10_21160	ko:K01772
kgr:JJJ10_21165	ko:K00939
kgr:JJJ10_21170	ko:K04079
kgr:JJJ10_21175	ko:K06187
kgr:JJJ10_21180	ko:K09747
kgr:JJJ10_21185	ko:K02343
kgr:JJJ10_21190	ko:K00759
kgr:JJJ10_21195	ko:K09790
kgr:JJJ10_21200	ko:K04067
kgr:JJJ10_21215	ko:K05802
kgr:JJJ10_21220	ko:K03577
kgr:JJJ10_21225	ko:K03585
kgr:JJJ10_21230	ko:K18138
kgr:JJJ10_21235	ko:K19162
kgr:JJJ10_21240	ko:K05839
kgr:JJJ10_21245	ko:K00661
kgr:JJJ10_21255	ko:K00375
kgr:JJJ10_21265	ko:K02919
kgr:JJJ10_21270	ko:K02909
kgr:JJJ10_21275	ko:K27069
kgr:JJJ10_21280	ko:K02024
kgr:JJJ10_21285	ko:K02778
kgr:JJJ10_21290	ko:K12308
kgr:JJJ10_21295	ko:K01224
kgr:JJJ10_21300	ko:K15772
kgr:JJJ10_21305	ko:K15771
kgr:JJJ10_21310	ko:K15770
kgr:JJJ10_21315	ko:K10111
kgr:JJJ10_21320	ko:K26148
kgr:JJJ10_21325	ko:K23240
kgr:JJJ10_21330	ko:K08970
kgr:JJJ10_21360	ko:K01983
kgr:JJJ10_21370	ko:K07443
kgr:JJJ10_21375	ko:K09914
kgr:JJJ10_21380	ko:K10805
kgr:JJJ10_21390	ko:K22958
kgr:JJJ10_21395	ko:K07150
kgr:JJJ10_21400	ko:K03320
kgr:JJJ10_21405	ko:K04752
kgr:JJJ10_21410	ko:K18890
kgr:JJJ10_21415	ko:K18889
kgr:JJJ10_21420	ko:K05800
kgr:JJJ10_21425	ko:K28981
kgr:JJJ10_21430	ko:K11938
kgr:JJJ10_21440	ko:K06920
kgr:JJJ10_21445	ko:K12500
kgr:JJJ10_21450	ko:K02237
kgr:JJJ10_21455	ko:K03770
kgr:JJJ10_21460	ko:K03530
kgr:JJJ10_21465	ko:K01338
kgr:JJJ10_21470	ko:K03544
kgr:JJJ10_21475	ko:K01358
kgr:JJJ10_21480	ko:K03545
kgr:JJJ10_21485	ko:K05527
kgr:JJJ10_21490	ko:K07286
kgr:JJJ10_21495	ko:K08218
kgr:JJJ10_21500	ko:K02297
kgr:JJJ10_21505	ko:K02298
kgr:JJJ10_21510	ko:K02299
kgr:JJJ10_21515	ko:K02300
kgr:JJJ10_21520	ko:K02257
kgr:JJJ10_21530	ko:K02624
kgr:JJJ10_21560	ko:K08195
kgr:JJJ10_21565	ko:K03292
kgr:JJJ10_21580	ko:K09767
kgr:JJJ10_21585	ko:K00077
kgr:JJJ10_21590	ko:K03152
kgr:JJJ10_21595	ko:K03151
kgr:JJJ10_21600	ko:K03602
kgr:JJJ10_21605	ko:K00795
kgr:JJJ10_21610	ko:K01662
kgr:JJJ10_21615	ko:K23107
kgr:JJJ10_21620	ko:K01095
kgr:JJJ10_21625	ko:K00946
kgr:JJJ10_21630	ko:K03625
kgr:JJJ10_21635	ko:K00794
kgr:JJJ10_21640	ko:K11752
kgr:JJJ10_21645	ko:K07738
kgr:JJJ10_21655	ko:K05517
kgr:JJJ10_21665	ko:K06996
kgr:JJJ10_21675	ko:K03074
kgr:JJJ10_21680	ko:K03072
kgr:JJJ10_21685	ko:K03210
kgr:JJJ10_21690	ko:K00773
kgr:JJJ10_21695	ko:K07568
kgr:JJJ10_21700	ko:K08682
kgr:JJJ10_21705	ko:K03386
kgr:JJJ10_21725	ko:K09932
kgr:JJJ10_21740	ko:K01187
kgr:JJJ10_21745	ko:K11736
kgr:JJJ10_21750	ko:K03311
kgr:JJJ10_21755	ko:K07636
kgr:JJJ10_21760	ko:K07657
kgr:JJJ10_21765	ko:K03547
kgr:JJJ10_21770	ko:K03546
kgr:JJJ10_21780	ko:K00847
kgr:JJJ10_21785	ko:K03554
kgr:JJJ10_21790	ko:K09913
kgr:JJJ10_21795	ko:K14591
kgr:JJJ10_21805	ko:K00891
kgr:JJJ10_21810	ko:K09945
kgr:JJJ10_21815	ko:K09768
kgr:JJJ10_21820	ko:K00286
kgr:JJJ10_21830	ko:K01077
kgr:JJJ10_21840	ko:K06146
kgr:JJJ10_21850	ko:K00046
kgr:JJJ10_21855	ko:K08161
kgr:JJJ10_21865	ko:K01921
kgr:JJJ10_21885	ko:K17938
kgr:JJJ10_21895	ko:K18988
kgr:JJJ10_21900	ko:K01698
kgr:JJJ10_21905	ko:K07486
kgr:JJJ10_21920	ko:K03119
kgr:JJJ10_21925	ko:K15552
kgr:JJJ10_21930	ko:K10831
kgr:JJJ10_21935	ko:K15551
kgr:JJJ10_21940	ko:K20264
kgr:JJJ10_21945	ko:K20263
kgr:JJJ10_21950	ko:K07783
kgr:JJJ10_21955	ko:K02012
kgr:JJJ10_21960	ko:K02011
kgr:JJJ10_21965	ko:K02010
kgr:JJJ10_21970	ko:K00547
kgr:JJJ10_21975	ko:K16235
kgr:JJJ10_21980	ko:K01184
kgr:JJJ10_21985	ko:K16238
kgr:JJJ10_21990	ko:K03735
kgr:JJJ10_21995	ko:K03736
kgr:JJJ10_22005	ko:K01999
kgr:JJJ10_22010	ko:K01997
kgr:JJJ10_22015	ko:K01998
kgr:JJJ10_22020	ko:K01995
kgr:JJJ10_22025	ko:K01996
kgr:JJJ10_22035	ko:K02030
kgr:JJJ10_22040	ko:K02028
kgr:JJJ10_22045	ko:K02029
kgr:JJJ10_22050	ko:K02029
kgr:JJJ10_22055	ko:K21968
kgr:JJJ10_22060	ko:K21967
kgr:JJJ10_22065	ko:K21966
kgr:JJJ10_22070	ko:K21965
kgr:JJJ10_22075	ko:K21964
kgr:JJJ10_22080	ko:K21963
kgr:JJJ10_22085	ko:K02041
kgr:JJJ10_22090	ko:K02044
kgr:JJJ10_22095	ko:K02042
kgr:JJJ10_22100	ko:K02042
kgr:JJJ10_22110	ko:K07090
kgr:JJJ10_22125	ko:K15555
kgr:JJJ10_22130	ko:K15554
kgr:JJJ10_22135	ko:K15553
kgr:JJJ10_22145	ko:K13695
kgr:JJJ10_22150	ko:K11929
kgr:JJJ10_22155	ko:K00931
kgr:JJJ10_22160	ko:K00147
kgr:JJJ10_22165	ko:K14234
kgr:JJJ10_22200	ko:K07724
kgr:JJJ10_22220	ko:K03630
kgr:JJJ10_22225	ko:K04763
kgr:JJJ10_22235	ko:K07733
kgr:JJJ10_22295	ko:K03502
kgr:JJJ10_22300	ko:K03503
kgr:JJJ10_22330	ko:K07482
kgr:JJJ10_22355	ko:K09458
kgr:JJJ10_22360	ko:K18199
kgr:JJJ10_22370	ko:K06988
kgr:JJJ10_22375	ko:K09458
kgr:JJJ10_22400	ko:K00286
kgr:JJJ10_22405	ko:K07791
kgr:JJJ10_22415	ko:K01714
kgr:JJJ10_22420	ko:K02529
kgr:JJJ10_22425	ko:K28762
kgr:JJJ10_22430	ko:K07267
kgr:JJJ10_22440	ko:K03824
kgr:JJJ10_22445	ko:K09982
kgr:JJJ10_22450	ko:K01686
kgr:JJJ10_22455	ko:K00040
kgr:JJJ10_22460	ko:K13637
kgr:JJJ10_22470	ko:K02014
kgr:JJJ10_22480	ko:K00135
kgr:JJJ10_22490	ko:K20920
kgr:JJJ10_22495	ko:K20988
kgr:JJJ10_22500	ko:K16554
kgr:JJJ10_22540	ko:K03819
kgr:JJJ10_22545	ko:K11926
kgr:JJJ10_22550	ko:K11750
kgr:JJJ10_22555	ko:K00769
kgr:JJJ10_22560	ko:K01270
kgr:JJJ10_22565	ko:K03830
kgr:JJJ10_22570	ko:K02346
kgr:JJJ10_22580	ko:K05952
kgr:JJJ10_22585	ko:K00351
kgr:JJJ10_22590	ko:K00350
kgr:JJJ10_22595	ko:K00349
kgr:JJJ10_22600	ko:K00348
kgr:JJJ10_22605	ko:K00347
kgr:JJJ10_22610	ko:K00346
kgr:JJJ10_22615	ko:K28919
kgr:JJJ10_22625	ko:K03271
kgr:JJJ10_22630	ko:K06445
kgr:JJJ10_22635	ko:K13566
kgr:JJJ10_22640	ko:K14221
kgr:JJJ10_22645	ko:K02342
kgr:JJJ10_22650	ko:K03469
kgr:JJJ10_22660	ko:K01069
kgr:JJJ10_22665	ko:K08307
kgr:JJJ10_22680	ko:K19577
kgr:JJJ10_22690	ko:K06222
kgr:JJJ10_22695	ko:K14221
kgr:JJJ10_22700	ko:K01985
kgr:JJJ10_22705	ko:K01980
kgr:JJJ10_22710	ko:K14218
kgr:JJJ10_22715	ko:K14227
kgr:JJJ10_22720	ko:K01977
kgr:JJJ10_22725	ko:K03273
kgr:JJJ10_22730	ko:K02071
kgr:JJJ10_22735	ko:K02072
kgr:JJJ10_22740	ko:K02073
kgr:JJJ10_22745	ko:K06080
kgr:JJJ10_22750	ko:K22900
kgr:JJJ10_22755	ko:K01881
kgr:JJJ10_22760	ko:K06079
kgr:JJJ10_22765	ko:K15034
kgr:JJJ10_22780	ko:K19000
kgr:JJJ10_22785	ko:K04075
kgr:JJJ10_22790	ko:K08234
kgr:JJJ10_22795	ko:K01582
kgr:JJJ10_22800	ko:K01962
kgr:JJJ10_22805	ko:K02337
kgr:JJJ10_22810	ko:K03470
kgr:JJJ10_22815	ko:K00748
kgr:JJJ10_22820	ko:K00677
kgr:JJJ10_22825	ko:K02372
kgr:JJJ10_22830	ko:K02536
kgr:JJJ10_22835	ko:K06142
kgr:JJJ10_22840	ko:K07277
kgr:JJJ10_22845	ko:K11749
kgr:JJJ10_22850	ko:K00981
kgr:JJJ10_22855	ko:K00806
kgr:JJJ10_22860	ko:K00099
kgr:JJJ10_22865	ko:K02838
kgr:JJJ10_22870	ko:K09903
kgr:JJJ10_22875	ko:K02357
kgr:JJJ10_22880	ko:K02967
kgr:JJJ10_22885	ko:K01265
kgr:JJJ10_22890	ko:K00990
kgr:JJJ10_22895	ko:K00674
kgr:JJJ10_22905	ko:K02647
kgr:JJJ10_22910	ko:K04771
kgr:JJJ10_22915	ko:K01129
kgr:JJJ10_22920	ko:K01243
kgr:JJJ10_22925	ko:K06858
kgr:JJJ10_22935	ko:K15724
kgr:JJJ10_22940	ko:K03281
kgr:JJJ10_22945	ko:K01845
kgr:JJJ10_22950	ko:K23228
kgr:JJJ10_22955	ko:K23227
kgr:JJJ10_22960	ko:K10829
kgr:JJJ10_22965	ko:K02014
kgr:JJJ10_22970	ko:K05365
kgr:JJJ10_22975	ko:K02465
kgr:JJJ10_22980	ko:K02451
kgr:JJJ10_22985	ko:K01200
kgr:JJJ10_22990	ko:K02452
kgr:JJJ10_22995	ko:K02453
kgr:JJJ10_23000	ko:K02454
kgr:JJJ10_23005	ko:K02455
kgr:JJJ10_23010	ko:K02456
kgr:JJJ10_23015	ko:K02457
kgr:JJJ10_23020	ko:K02458
kgr:JJJ10_23025	ko:K02459
kgr:JJJ10_23030	ko:K02460
kgr:JJJ10_23035	ko:K02461
kgr:JJJ10_23040	ko:K02462
kgr:JJJ10_23045	ko:K02463
kgr:JJJ10_23050	ko:K02464
kgr:JJJ10_23055	ko:K03579
kgr:JJJ10_23060	ko:K01975
kgr:JJJ10_23065	ko:K06206
kgr:JJJ10_23070	ko:K06204
kgr:JJJ10_23075	ko:K01894
kgr:JJJ10_23080	ko:K00970
kgr:JJJ10_23085	ko:K00950
kgr:JJJ10_23090	ko:K00606
kgr:JJJ10_23095	ko:K01918
kgr:JJJ10_23100	ko:K01579
kgr:JJJ10_23115	ko:K01992
kgr:JJJ10_23120	ko:K01990
kgr:JJJ10_23125	ko:K01673
kgr:JJJ10_23130	ko:K00760
kgr:JJJ10_23135	ko:K00117
kgr:JJJ10_23140	ko:K14588
kgr:JJJ10_23160	ko:K00797
kgr:JJJ10_23165	ko:K01611
kgr:JJJ10_23170	ko:K09910
kgr:JJJ10_23175	ko:K01682
kgr:JJJ10_23195	ko:K00382
kgr:JJJ10_23200	ko:K00627
kgr:JJJ10_23205	ko:K00163
kgr:JJJ10_23210	ko:K05799
kgr:JJJ10_23215	ko:K11734
kgr:JJJ10_23220	ko:K03292
kgr:JJJ10_23230	ko:K03807
kgr:JJJ10_23235	ko:K03806
kgr:JJJ10_23240	ko:K00767
kgr:JJJ10_23245	ko:K02682
kgr:JJJ10_23250	ko:K02504
kgr:JJJ10_23255	ko:K02505
kgr:JJJ10_23260	ko:K00364
kgr:JJJ10_23265	ko:K00859
kgr:JJJ10_23270	ko:K18778
kgr:JJJ10_23275	ko:K09862
kgr:JJJ10_23280	ko:K03574
kgr:JJJ10_23285	ko:K03070
kgr:JJJ10_23290	ko:K13301
kgr:JJJ10_23295	ko:K02535
kgr:JJJ10_23300	ko:K03531
kgr:JJJ10_23305	ko:K03590
kgr:JJJ10_23310	ko:K03589
kgr:JJJ10_23315	ko:K01921
kgr:JJJ10_23320	ko:K01924
kgr:JJJ10_23325	ko:K02563
kgr:JJJ10_23330	ko:K03588
kgr:JJJ10_23335	ko:K01925
kgr:JJJ10_23340	ko:K01000
kgr:JJJ10_23345	ko:K01929
kgr:JJJ10_23350	ko:K01928
kgr:JJJ10_23355	ko:K03587
kgr:JJJ10_23360	ko:K03586
kgr:JJJ10_23365	ko:K03438
kgr:JJJ10_23370	ko:K03925
kgr:JJJ10_23375	ko:K03435
kgr:JJJ10_23380	ko:K01653
kgr:JJJ10_23385	ko:K01652
kgr:JJJ10_23390	ko:K05798
kgr:JJJ10_23400	ko:K05806
kgr:JJJ10_23405	ko:K01649
kgr:JJJ10_23410	ko:K00052
kgr:JJJ10_23415	ko:K01703
kgr:JJJ10_23420	ko:K01704
kgr:JJJ10_23435	ko:K26745
kgr:JJJ10_23440	ko:K03785
kgr:JJJ10_23450	ko:K08194
kgr:JJJ10_23455	ko:K03291
kgr:JJJ10_23465	ko:K11925
kgr:JJJ10_23470	ko:K02064
kgr:JJJ10_23475	ko:K02063
kgr:JJJ10_23480	ko:K02062
kgr:JJJ10_23490	ko:K02099
kgr:JJJ10_23495	ko:K00853
kgr:JJJ10_23500	ko:K01804
kgr:JJJ10_23505	ko:K03077
kgr:JJJ10_23510	ko:K02336
kgr:JJJ10_23515	ko:K03580
kgr:JJJ10_23520	ko:K06177
kgr:JJJ10_23525	ko:K05964
kgr:JJJ10_23535	ko:K07700
kgr:JJJ10_23540	ko:K07702
kgr:JJJ10_23545	ko:K05801
kgr:JJJ10_23550	ko:K04744
kgr:JJJ10_23555	ko:K03771
kgr:JJJ10_23560	ko:K00097
kgr:JJJ10_23565	ko:K02528
kgr:JJJ10_23570	ko:K06195
kgr:JJJ10_23575	ko:K01525
kgr:JJJ10_23580	ko:K00287
kgr:JJJ10_23585	ko:K11745
kgr:JJJ10_23590	ko:K11746
kgr:JJJ10_23610	ko:K01955
kgr:JJJ10_23615	ko:K01956
kgr:JJJ10_23620	ko:K00215
kgr:JJJ10_23625	ko:K05966
kgr:JJJ10_23630	ko:K01643
kgr:JJJ10_23635	ko:K01644
kgr:JJJ10_23640	ko:K01646
kgr:JJJ10_23645	ko:K01910
kgr:JJJ10_23655	ko:K01573
kgr:JJJ10_23660	ko:K01571
kgr:JJJ10_23665	ko:K20509
kgr:JJJ10_23670	ko:K07700
kgr:JJJ10_23675	ko:K07702
kgr:JJJ10_23705	ko:K03319
kgr:JJJ10_23720	ko:K12700
kgr:JJJ10_23725	ko:K03527
kgr:JJJ10_23730	ko:K03774
kgr:JJJ10_23735	ko:K03101
kgr:JJJ10_23740	ko:K01870
kgr:JJJ10_23745	ko:K11753
kgr:JJJ10_23750	ko:K02968
kgr:JJJ10_23755	ko:K03717
kgr:JJJ10_23760	ko:K03313
kgr:JJJ10_23775	ko:K03686
kgr:JJJ10_23780	ko:K04043
kgr:JJJ10_23795	ko:K07034
kgr:JJJ10_23800	ko:K03762
kgr:JJJ10_23805	ko:K03831
kgr:JJJ10_23810	ko:K00616
kgr:JJJ10_23815	ko:K03310
kgr:JJJ10_23820	ko:K09861
kgr:JJJ10_23825	ko:K01733
kgr:JJJ10_23830	ko:K00872
kgr:JJJ10_23835	ko:K12524
kgr:JJJ10_23840	ko:K08278
kgr:JJJ10_23845	ko:K02533
kgr:JJJ10_23855	ko:K07773
kgr:JJJ10_23860	ko:K06143
kgr:JJJ10_23865	ko:K07641
kgr:JJJ10_23870	ko:K07663
kgr:JJJ10_23875	ko:K05805
kgr:JJJ10_23880	ko:K05804
kgr:JJJ10_23885	ko:K15634
kgr:JJJ10_23890	ko:K01529
kgr:JJJ10_23895	ko:K03720
kgr:JJJ10_23900	ko:K08309
kgr:JJJ10_23905	ko:K06020
kgr:JJJ10_23910	ko:K06211
kgr:JJJ10_23915	ko:K04485
kgr:JJJ10_23920	ko:K01079
kgr:JJJ10_23925	ko:K07186
kgr:JJJ10_23930	ko:K03800
kgr:JJJ10_23935	ko:K03784
kgr:JJJ10_23940	ko:K01839
kgr:JJJ10_23945	ko:K00758
kgr:JJJ10_23950	ko:K01619
kgr:JJJ10_23955	ko:K03317
kgr:JJJ10_23960	ko:K03424
kgr:JJJ10_23975	ko:K04065
kgr:JJJ10_23980	ko:K02837
kgr:JJJ10_23985	ko:K08723
kgr:JJJ10_23990	ko:K03789
kgr:JJJ10_23995	ko:K02344
kgr:JJJ10_24000	ko:K00564
kgr:JJJ10_24005	ko:K14228
kgr:JJJ10_24010	ko:K14228
kgr:JJJ10_24015	ko:K14228
kgr:JJJ10_24030	ko:K13255
kgr:JJJ10_24035	ko:K02761
kgr:JJJ10_24045	ko:K22650
kgr:JJJ10_24055	ko:K18954
kgr:JJJ10_24060	ko:K00481
kgr:JJJ10_24075	ko:K02317
kgr:JJJ10_24080	ko:K02315
kgr:JJJ10_24090	ko:K01002
kgr:JJJ10_24100	ko:K19510
kgr:JJJ10_24105	ko:K19504
kgr:JJJ10_24110	ko:K19509
kgr:JJJ10_24115	ko:K19508
kgr:JJJ10_24120	ko:K19507
kgr:JJJ10_24125	ko:K19506
kgr:JJJ10_24130	ko:K19505
kgr:JJJ10_24135	ko:K00041
kgr:JJJ10_24140	ko:K23007
kgr:JJJ10_24145	ko:K23015
kgr:JJJ10_24150	ko:K23016
kgr:JJJ10_24170	ko:K01631
kgr:JJJ10_24175	ko:K00883
kgr:JJJ10_24180	ko:K03307
kgr:JJJ10_24190	ko:K06015
kgr:JJJ10_24200	ko:K07486
kgr:JJJ10_24210	ko:K05921
kgr:JJJ10_24215	ko:K05921
kgr:JJJ10_24220	ko:K00151
kgr:JJJ10_24225	ko:K00455
kgr:JJJ10_24230	ko:K01826
kgr:JJJ10_24235	ko:K02509
kgr:JJJ10_24240	ko:K02510
kgr:JJJ10_24245	ko:K02511
kgr:JJJ10_24250	ko:K02508
kgr:JJJ10_24255	ko:K00483
kgr:JJJ10_24260	ko:K00484
kgr:JJJ10_24265	ko:K23676
kgr:JJJ10_24290	ko:K00135
kgr:JJJ10_24305	ko:K05835
kgr:JJJ10_24320	ko:K23241
kgr:JJJ10_24355	ko:K14665
kgr:JJJ10_24385	ko:K06075
kgr:JJJ10_24400	ko:K01426
kgr:JJJ10_24410	ko:K07486
kgr:JJJ10_24415	ko:K21265
kgr:JJJ10_24425	ko:K00355
kgr:JJJ10_24460	ko:K00132
kgr:JJJ10_24475	ko:K20038
kgr:JJJ10_24480	ko:K20037
kgr:JJJ10_24490	ko:K15024
kgr:JJJ10_24500	ko:K03297
kgr:JJJ10_24505	ko:K03297
kgr:JJJ10_24515	ko:K01667
kgr:JJJ10_24520	ko:K03835
kgr:JJJ10_24525	ko:K01867
kgr:JJJ10_24530	ko:K13069
kgr:JJJ10_24535	ko:K01993
kgr:JJJ10_24540	ko:K13926
kgr:JJJ10_24545	ko:K01992
kgr:JJJ10_24555	ko:K01985
kgr:JJJ10_24560	ko:K01980
kgr:JJJ10_24565	ko:K14224
kgr:JJJ10_24570	ko:K01977
kgr:JJJ10_24575	ko:K18850
kgr:JJJ10_24580	ko:K03787
kgr:JJJ10_24620	ko:K01639
kgr:JJJ10_24625	ko:K11477
kgr:JJJ10_24630	ko:K03484
kgr:JJJ10_24640	ko:K01173
kgr:JJJ10_24645	ko:K19048
kgr:JJJ10_24730	ko:K14228
kgr:JJJ10_24745	ko:K12957
kgr:JJJ10_24750	ko:K05814
kgr:JJJ10_24755	ko:K05815
kgr:JJJ10_24760	ko:K03651
kgr:JJJ10_24765	ko:K05816
kgr:JJJ10_24770	ko:K05813
kgr:JJJ10_24775	ko:K03335
kgr:JJJ10_24780	ko:K06605
kgr:JJJ10_24785	ko:K00010
kgr:JJJ10_24790	ko:K03336
kgr:JJJ10_24795	ko:K03338
kgr:JJJ10_24805	ko:K03337
kgr:JJJ10_24810	ko:K00140
kgr:JJJ10_24815	ko:K06606
kgr:JJJ10_24820	ko:K06915
kgr:JJJ10_24825	ko:K11720
kgr:JJJ10_24830	ko:K07091
kgr:JJJ10_24835	ko:K01255
kgr:JJJ10_24840	ko:K02339
kgr:JJJ10_24845	ko:K01873
kgr:JJJ10_24850	ko:K03828
kgr:JJJ10_24855	ko:K06169
kgr:JJJ10_24860	ko:K09893
kgr:JJJ10_24865	ko:K00611
kgr:JJJ10_24870	ko:K19334
kgr:JJJ10_24885	ko:K00609
kgr:JJJ10_24890	ko:K00610
kgr:JJJ10_24895	ko:K09022
kgr:JJJ10_24900	ko:K01531
kgr:JJJ10_24905	ko:K03485
kgr:JJJ10_24910	ko:K02819
kgr:JJJ10_24915	ko:K01226
kgr:JJJ10_24920	ko:K02761
kgr:JJJ10_24925	ko:K01222
kgr:JJJ10_24930	ko:K02760
kgr:JJJ10_24935	ko:K19337
kgr:JJJ10_24940	ko:K21636
kgr:JJJ10_24945	ko:K04068
kgr:JJJ10_24950	ko:K11904
kgr:JJJ10_24955	ko:K11903
kgr:JJJ10_24970	ko:K07404
kgr:JJJ10_24980	ko:K01042
kgr:JJJ10_24985	ko:K01465
kgr:JJJ10_25015	ko:K15536
kgr:JJJ10_25020	ko:K03592
kgr:JJJ10_25025	ko:K09889
kgr:JJJ10_25030	ko:K00140
kgr:JJJ10_25050	ko:K02558
kgr:JJJ10_25055	ko:K03841
kgr:JJJ10_25060	ko:K23509
kgr:JJJ10_25065	ko:K23509
kgr:JJJ10_25070	ko:K10820
kgr:JJJ10_25075	ko:K23508
kgr:JJJ10_25080	ko:K01507
kgr:JJJ10_25090	ko:K09800
kgr:JJJ10_25095	ko:K07278
kgr:JJJ10_25100	ko:K07304
kgr:JJJ10_25105	ko:K03699
kgr:JJJ10_25110	ko:K02532
kgr:JJJ10_25115	ko:K12308
kgr:JJJ10_25120	ko:K02099
kgr:JJJ10_25130	ko:K07109
kgr:JJJ10_25135	ko:K01082
kgr:JJJ10_25140	ko:K01119
kgr:JJJ10_25150	ko:K19267
kgr:JJJ10_25165	ko:K07322
kgr:JJJ10_25170	ko:K11737
kgr:JJJ10_25175	ko:K03773
kgr:JJJ10_25180	ko:K07269
kgr:JJJ10_25190	ko:K02939
kgr:JJJ10_25195	ko:K02963
kgr:JJJ10_25200	ko:K02686
kgr:JJJ10_25205	ko:K02990
kgr:JJJ10_25220	ko:K03077
kgr:JJJ10_25225	ko:K03079
kgr:JJJ10_25230	ko:K03078
kgr:JJJ10_25235	ko:K02821
kgr:JJJ10_25240	ko:K02822
kgr:JJJ10_25245	ko:K03475
kgr:JJJ10_25250	ko:K03476
kgr:JJJ10_25255	ko:K03477
kgr:JJJ10_25260	ko:K06889
kgr:JJJ10_25275	ko:K09456
kgr:JJJ10_25285	ko:K03218
kgr:JJJ10_25290	ko:K12573
kgr:JJJ10_25295	ko:K13771
kgr:JJJ10_25300	ko:K01939
kgr:JJJ10_25305	ko:K09937
kgr:JJJ10_25315	ko:K04087
kgr:JJJ10_25320	ko:K04088
kgr:JJJ10_25325	ko:K03665
kgr:JJJ10_25330	ko:K03666
kgr:JJJ10_25335	ko:K00791
kgr:JJJ10_25340	ko:K03572
kgr:JJJ10_25345	ko:K01448
kgr:JJJ10_25350	ko:K06925
kgr:JJJ10_25355	ko:K23997
kgr:JJJ10_25360	ko:K18979
kgr:JJJ10_25365	ko:K14225
kgr:JJJ10_25370	ko:K14225
kgr:JJJ10_25375	ko:K14225
kgr:JJJ10_25380	ko:K09996
kgr:JJJ10_25385	ko:K13288
kgr:JJJ10_25390	ko:K06949
kgr:JJJ10_25395	ko:K01613
kgr:JJJ10_25400	ko:K22051
kgr:JJJ10_25405	ko:K04568
kgr:JJJ10_25410	ko:K00244
kgr:JJJ10_25415	ko:K00245
kgr:JJJ10_25420	ko:K00246
kgr:JJJ10_25425	ko:K00247
kgr:JJJ10_25430	ko:K03098
kgr:JJJ10_25435	ko:K11741
kgr:JJJ10_25440	ko:K16348
kgr:JJJ10_25445	ko:K16347
kgr:JJJ10_25450	ko:K02356
kgr:JJJ10_25455	ko:K19810
kgr:JJJ10_25470	ko:K07346
kgr:JJJ10_25475	ko:K07347
kgr:JJJ10_25480	ko:K07345
kgr:JJJ10_25495	ko:K13408
kgr:JJJ10_25500	ko:K13409
kgr:JJJ10_25515	ko:K04077
kgr:JJJ10_25520	ko:K04078
kgr:JJJ10_25525	ko:K16263
kgr:JJJ10_25530	ko:K07113
kgr:JJJ10_25535	ko:K01744
kgr:JJJ10_25540	ko:K07791
kgr:JJJ10_25545	ko:K03926
kgr:JJJ10_25550	ko:K04084
kgr:JJJ10_25565	ko:K14231
kgr:JJJ10_25585	ko:K00355
kgr:JJJ10_25605	ko:K05516
kgr:JJJ10_25610	ko:K18997
kgr:JJJ10_25615	ko:K03762
kgr:JJJ10_25620	ko:K06193
kgr:JJJ10_25625	ko:K04750
kgr:JJJ10_25630	ko:K02043
kgr:JJJ10_25635	ko:K06166
kgr:JJJ10_25640	ko:K06165
kgr:JJJ10_25645	ko:K06164
kgr:JJJ10_25650	ko:K06163
kgr:JJJ10_25655	ko:K05781
kgr:JJJ10_25665	ko:K05780
kgr:JJJ10_25670	ko:K06162
kgr:JJJ10_25675	ko:K05774
kgr:JJJ10_25680	ko:K06167
kgr:JJJ10_25690	ko:K01808
kgr:JJJ10_25695	ko:K23238
kgr:JJJ10_25700	ko:K10549
kgr:JJJ10_25705	ko:K10551
kgr:JJJ10_25710	ko:K10550
kgr:JJJ10_25715	ko:K17195
kgr:JJJ10_25720	ko:K00881
kgr:JJJ10_25725	ko:K25227
kgr:JJJ10_25735	ko:K15549
kgr:JJJ10_25740	ko:K15547
kgr:JJJ10_25745	ko:K15550
kgr:JJJ10_25750	ko:K22015
kgr:JJJ10_25755	ko:K07126
kgr:JJJ10_25760	ko:K11102
kgr:JJJ10_25765	ko:K01895
kgr:JJJ10_25775	ko:K14393
kgr:JJJ10_25790	ko:K07347
kgr:JJJ10_25795	ko:K07346
kgr:JJJ10_25800	ko:K07345
kgr:JJJ10_25810	ko:K06518
kgr:JJJ10_25820	ko:K00055
kgr:JJJ10_25825	ko:K01652
kgr:JJJ10_25830	ko:K13936
kgr:JJJ10_25840	ko:K24163
kgr:JJJ10_25845	ko:K06901
kgr:JJJ10_25850	ko:K00799
kgr:JJJ10_25855	ko:K13639
kgr:JJJ10_25860	ko:K13631
kgr:JJJ10_25865	ko:K26148
kgr:JJJ10_25875	ko:K21638
kgr:JJJ10_25880	ko:K07277
kgr:JJJ10_25890	ko:K19611
kgr:JJJ10_25900	ko:K03111
kgr:JJJ10_25905	ko:K03701
kgr:JJJ10_25930	ko:K03788
kgr:JJJ10_25935	ko:K00832
kgr:JJJ10_25940	ko:K01775
kgr:JJJ10_25945	ko:K02314
kgr:JJJ10_25950	ko:K00344
kgr:JJJ10_25960	ko:K05539
kgr:JJJ10_25970	ko:K09823
kgr:JJJ10_25980	ko:K26937
kgr:JJJ10_25985	ko:K01356
kgr:JJJ10_25990	ko:K00901
kgr:JJJ10_25995	ko:K00631
kgr:JJJ10_26000	ko:K03179
kgr:JJJ10_26005	ko:K03181
kgr:JJJ10_26010	ko:K05775
kgr:JJJ10_26015	ko:K02024
kgr:JJJ10_26020	ko:K10111
kgr:JJJ10_26025	ko:K10108
kgr:JJJ10_26030	ko:K10109
kgr:JJJ10_26035	ko:K10110
kgr:JJJ10_26040	ko:K13256
kgr:JJJ10_26055	ko:K01810
kgr:JJJ10_26060	ko:K00928
kgr:JJJ10_26065	ko:K07074
kgr:JJJ10_26080	ko:K14414
kgr:JJJ10_26085	ko:K03453
kgr:JJJ10_26090	ko:K07486
kgr:JJJ10_26100	ko:K06182
kgr:JJJ10_26110	ko:K00068
kgr:JJJ10_26115	ko:K02812
kgr:JJJ10_26120	ko:K02813
kgr:JJJ10_26125	ko:K02814
kgr:JJJ10_26130	ko:K02815
kgr:JJJ10_26135	ko:K19956
kgr:JJJ10_26140	ko:K00014
kgr:JJJ10_26145	ko:K19163
kgr:JJJ10_26150	ko:K19164
kgr:JJJ10_26155	ko:K05995
kgr:JJJ10_26160	ko:K03324
kgr:JJJ10_26165	ko:K00548
kgr:JJJ10_26170	ko:K13641
kgr:JJJ10_26180	ko:K00906
kgr:JJJ10_26185	ko:K01637
kgr:JJJ10_26190	ko:K01638
kgr:JJJ10_26195	ko:K00651
kgr:JJJ10_26200	ko:K03826
kgr:JJJ10_26205	ko:K01985
kgr:JJJ10_26210	ko:K01980
kgr:JJJ10_26215	ko:K14224
kgr:JJJ10_26220	ko:K01977
kgr:JJJ10_26225	ko:K00602
kgr:JJJ10_26230	ko:K01945
kgr:JJJ10_26235	ko:K07713
kgr:JJJ10_26240	ko:K07709
kgr:JJJ10_26245	ko:K07803
kgr:JJJ10_26255	ko:K05787
kgr:JJJ10_26260	ko:K09891
kgr:JJJ10_26265	ko:K05982
kgr:JJJ10_26270	ko:K01599
kgr:JJJ10_26275	ko:K03426
kgr:JJJ10_26280	ko:K07740
kgr:JJJ10_26285	ko:K03147
kgr:JJJ10_26290	ko:K00788
kgr:JJJ10_26295	ko:K03148
kgr:JJJ10_26300	ko:K03154
kgr:JJJ10_26305	ko:K03149
kgr:JJJ10_26310	ko:K03150
kgr:JJJ10_26320	ko:K02760
kgr:JJJ10_26325	ko:K02759
kgr:JJJ10_26330	ko:K07792
kgr:JJJ10_26335	ko:K03046
kgr:JJJ10_26340	ko:K03043
kgr:JJJ10_26345	ko:K02935
kgr:JJJ10_26350	ko:K02864
kgr:JJJ10_26355	ko:K02863
kgr:JJJ10_26360	ko:K02867
kgr:JJJ10_26365	ko:K02601
kgr:JJJ10_26370	ko:K03073
kgr:JJJ10_26375	ko:K02358
kgr:JJJ10_26380	ko:K14234
kgr:JJJ10_26385	ko:K14225
kgr:JJJ10_26390	ko:K14236
kgr:JJJ10_26395	ko:K14234
kgr:JJJ10_26400	ko:K00867
kgr:JJJ10_26405	ko:K03524
kgr:JJJ10_26410	ko:K00075
kgr:JJJ10_26415	ko:K01985
kgr:JJJ10_26420	ko:K01980
kgr:JJJ10_26425	ko:K14218
kgr:JJJ10_26430	ko:K14227
kgr:JJJ10_26435	ko:K01977
kgr:JJJ10_26440	ko:K00230
kgr:JJJ10_26445	ko:K03498
kgr:JJJ10_26455	ko:K01271
kgr:JJJ10_26460	ko:K01825
kgr:JJJ10_26465	ko:K00632
kgr:JJJ10_26475	ko:K05368
kgr:JJJ10_26480	ko:K03182
kgr:JJJ10_26485	ko:K05785
kgr:JJJ10_26490	ko:K03424
kgr:JJJ10_26495	ko:K03118
kgr:JJJ10_26500	ko:K03117
kgr:JJJ10_26505	ko:K03116
kgr:JJJ10_26510	ko:K03688
kgr:JJJ10_26515	ko:K03690
kgr:JJJ10_26520	ko:K03183
kgr:JJJ10_26525	ko:K09760
kgr:JJJ10_26530	ko:K00757
kgr:JJJ10_26535	ko:K01061
kgr:JJJ10_26540	ko:K02030
kgr:JJJ10_26545	ko:K00549
kgr:JJJ10_26550	ko:K03576
kgr:JJJ10_26560	ko:K28854
kgr:JJJ10_26565	ko:K01048
kgr:JJJ10_26570	ko:K05834
kgr:JJJ10_26580	ko:K05835
kgr:JJJ10_26585	ko:K03654
kgr:JJJ10_26590	ko:K01058
kgr:JJJ10_26595	ko:K01073
kgr:JJJ10_26600	ko:K05786
kgr:JJJ10_26605	ko:K03284
kgr:JJJ10_26610	ko:K03657
kgr:JJJ10_26615	ko:K20862
kgr:JJJ10_26620	ko:K03733
kgr:JJJ10_26625	ko:K09921
kgr:JJJ10_26630	ko:K01778
kgr:JJJ10_26640	ko:K06202
kgr:JJJ10_26645	ko:K05851
kgr:JJJ10_26650	ko:K01749
kgr:JJJ10_26655	ko:K01719
kgr:JJJ10_26660	ko:K02496
kgr:JJJ10_26665	ko:K02498
kgr:JJJ10_26670	ko:K14232
kgr:JJJ10_26675	ko:K14228
kgr:JJJ10_26680	ko:K14226
kgr:JJJ10_26685	ko:K14219
kgr:JJJ10_26690	ko:K03293
kgr:JJJ10_26695	ko:K02852
kgr:JJJ10_26700	ko:K02853
kgr:JJJ10_26705	ko:K12582
kgr:JJJ10_26710	ko:K16693
kgr:JJJ10_26715	ko:K02805
kgr:JJJ10_26720	ko:K16704
kgr:JJJ10_26725	ko:K00973
kgr:JJJ10_26730	ko:K01710
kgr:JJJ10_26735	ko:K02472
kgr:JJJ10_26740	ko:K01791
kgr:JJJ10_26745	ko:K05790
kgr:JJJ10_26750	ko:K02851
kgr:JJJ10_26755	ko:K03628
kgr:JJJ10_26760	ko:K03671
kgr:JJJ10_26765	ko:K03732
kgr:JJJ10_26770	ko:K01524
kgr:JJJ10_26780	ko:K20941
kgr:JJJ10_26785	ko:K07150
kgr:JJJ10_26800	ko:K03457
kgr:JJJ10_26810	ko:K03656
kgr:JJJ10_26815	ko:K03811
kgr:JJJ10_26820	ko:K00757
kgr:JJJ10_26825	ko:K10914
kgr:JJJ10_26830	ko:K03769
kgr:JJJ10_26835	ko:K00053
kgr:JJJ10_26840	ko:K02521
kgr:JJJ10_26845	ko:K01754
kgr:JJJ10_26850	ko:K01687
kgr:JJJ10_26855	ko:K00826
kgr:JJJ10_26860	ko:K11258
kgr:JJJ10_26865	ko:K01652
kgr:JJJ10_26875	ko:K07391
kgr:JJJ10_26880	ko:K09897
kgr:JJJ10_26885	ko:K23773
kgr:JJJ10_26890	ko:K14235
kgr:JJJ10_26895	ko:K14221
kgr:JJJ10_26900	ko:K01985
kgr:JJJ10_26905	ko:K01980
kgr:JJJ10_26910	ko:K14218
kgr:JJJ10_26915	ko:K14227
kgr:JJJ10_26920	ko:K01977
kgr:JJJ10_26925	ko:K01776
kgr:JJJ10_26930	ko:K16092
kgr:JJJ10_26935	ko:K00557
kgr:JJJ10_26945	ko:K22105
kgr:JJJ10_26950	ko:K00322
kgr:JJJ10_26955	ko:K04761
kgr:JJJ10_26960	ko:K01755
kgr:JJJ10_26965	ko:K00930
kgr:JJJ10_26970	ko:K00145
kgr:JJJ10_26975	ko:K01438
kgr:JJJ10_26980	ko:K01595
kgr:JJJ10_26995	ko:K08314
kgr:JJJ10_27000	ko:K00005
kgr:JJJ10_27005	ko:K03436
kgr:JJJ10_27010	ko:K00297
kgr:JJJ10_27020	ko:K01607
kgr:JJJ10_27025	ko:K12525
kgr:JJJ10_27030	ko:K01739
kgr:JJJ10_27035	ko:K03764
kgr:JJJ10_27040	ko:K02909
kgr:JJJ10_27045	ko:K04066
kgr:JJJ10_27050	ko:K05499
kgr:JJJ10_27055	ko:K03591
kgr:JJJ10_27060	ko:K01419
kgr:JJJ10_27065	ko:K03667
kgr:JJJ10_27070	ko:K02548
kgr:JJJ10_27075	ko:K02553
kgr:JJJ10_27080	ko:K00850
kgr:JJJ10_27085	ko:K13283
kgr:JJJ10_27090	ko:K06006
kgr:JJJ10_27095	ko:K07662
kgr:JJJ10_27100	ko:K07640
kgr:JJJ10_27110	ko:K04564
kgr:JJJ10_27115	ko:K02856
kgr:JJJ10_27125	ko:K22110
kgr:JJJ10_27130	ko:K23991
kgr:JJJ10_27135	ko:K15524
kgr:JJJ10_27140	ko:K02770
kgr:JJJ10_27145	ko:K11202
kgr:JJJ10_27155	ko:K02854
kgr:JJJ10_27160	ko:K02855
kgr:JJJ10_27165	ko:K00848
kgr:JJJ10_27170	ko:K01813
kgr:JJJ10_27175	ko:K01629
kgr:JJJ10_27180	ko:K10559
kgr:JJJ10_27185	ko:K10562
kgr:JJJ10_27190	ko:K10560
kgr:JJJ10_27195	ko:K10561
kgr:JJJ10_27200	ko:K13954
kgr:JJJ10_27205	ko:K03534
kgr:JJJ10_27210	ko:K25596
kgr:JJJ10_27215	ko:K03292
kgr:JJJ10_27220	ko:K02529
kgr:JJJ10_27230	ko:K00633
kgr:JJJ10_27235	ko:K02532
kgr:JJJ10_27240	ko:K07407
kgr:JJJ10_27245	ko:K02529
kgr:JJJ10_27260	ko:K01714
kgr:JJJ10_27265	ko:K00852
kgr:JJJ10_27275	ko:K26605
kgr:JJJ10_27280	ko:K26606
kgr:JJJ10_27290	ko:K02821
kgr:JJJ10_27300	ko:K01624
kgr:JJJ10_27305	ko:K03475
kgr:JJJ10_27310	ko:K02822
kgr:JJJ10_27315	ko:K00850
kgr:JJJ10_27320	ko:K19505
kgr:JJJ10_27325	ko:K02793
kgr:JJJ10_27340	ko:K19508
kgr:JJJ10_27345	ko:K19509
kgr:JJJ10_27350	ko:K22110
kgr:JJJ10_27365	ko:K02379
kgr:JJJ10_27370	ko:K00123
kgr:JJJ10_27375	ko:K00124
kgr:JJJ10_27380	ko:K00127
kgr:JJJ10_27385	ko:K02380
kgr:JJJ10_27410	ko:K07560
kgr:JJJ10_27415	ko:K07058
kgr:JJJ10_27420	ko:K20866
kgr:JJJ10_27425	ko:K27243
kgr:JJJ10_27430	ko:K18478
kgr:JJJ10_27435	ko:K08318
kgr:JJJ10_27440	ko:K01671
kgr:JJJ10_27445	ko:K18479
kgr:JJJ10_27450	ko:K28636
kgr:JJJ10_27455	ko:K15922
kgr:JJJ10_27460	ko:K03292
kgr:JJJ10_27465	ko:K03292
kgr:JJJ10_27470	ko:K22110
kgr:JJJ10_27475	ko:K06207
kgr:JJJ10_27480	ko:K01915
kgr:JJJ10_27485	ko:K07708
kgr:JJJ10_27490	ko:K07712
kgr:JJJ10_27500	ko:K02495
kgr:JJJ10_27505	ko:K09894
kgr:JJJ10_27510	ko:K03978
kgr:JJJ10_27515	ko:K02335
kgr:JJJ10_27525	ko:K03673
kgr:JJJ10_27535	ko:K09896
kgr:JJJ10_27540	ko:K03752
kgr:JJJ10_27545	ko:K03753
kgr:JJJ10_27550	ko:K01985
kgr:JJJ10_27555	ko:K01980
kgr:JJJ10_27560	ko:K01977
kgr:JJJ10_27575	ko:K02529
kgr:JJJ10_27580	ko:K00852
kgr:JJJ10_27585	ko:K10439
kgr:JJJ10_27590	ko:K10440
kgr:JJJ10_27595	ko:K10441
kgr:JJJ10_27600	ko:K06726
kgr:JJJ10_27605	ko:K03549
kgr:JJJ10_27610	ko:K03924
kgr:JJJ10_27620	ko:K01914
kgr:JJJ10_27625	ko:K03718
kgr:JJJ10_27630	ko:K06205
kgr:JJJ10_27635	ko:K03495
kgr:JJJ10_27640	ko:K03501
kgr:JJJ10_27645	ko:K02116
kgr:JJJ10_27650	ko:K02108
kgr:JJJ10_27655	ko:K02110
kgr:JJJ10_27660	ko:K02109
kgr:JJJ10_27665	ko:K02113
kgr:JJJ10_27670	ko:K02111
kgr:JJJ10_27675	ko:K02115
kgr:JJJ10_27680	ko:K02112
kgr:JJJ10_27685	ko:K02114
kgr:JJJ10_27690	ko:K22994
kgr:JJJ10_27695	ko:K04042
kgr:JJJ10_27700	ko:K00820
kgr:JJJ10_27705	ko:K02040
kgr:JJJ10_27710	ko:K02037
kgr:JJJ10_27715	ko:K02038
kgr:JJJ10_27720	ko:K02036
kgr:JJJ10_27725	ko:K02039
kgr:JJJ10_27735	ko:K10124
kgr:JJJ10_27755	ko:K06901
kgr:JJJ10_27760	ko:K19784
kgr:JJJ10_27775	ko:K08163
kgr:JJJ10_27785	ko:K00885
kgr:JJJ10_27790	ko:K01788
kgr:JJJ10_27795	ko:K03290
kgr:JJJ10_27805	ko:K01639
kgr:JJJ10_27815	ko:K03650
kgr:JJJ10_27820	ko:K03217
kgr:JJJ10_27825	ko:K08998
kgr:JJJ10_27830	ko:K03536
kgr:JJJ10_27835	ko:K02914
kgr:JJJ10_27850	ko:K12068
kgr:JJJ10_27855	ko:K12067
kgr:JJJ10_27860	ko:K12066
kgr:JJJ10_27870	ko:K12065
kgr:JJJ10_27885	ko:K12064
kgr:JJJ10_27890	ko:K12063
kgr:JJJ10_27900	ko:K03496
kgr:JJJ10_27905	ko:K03497
kgr:JJJ10_27930	ko:K18640
kgr:JJJ10_27965	ko:K12062
kgr:JJJ10_27970	ko:K12061
kgr:JJJ10_27975	ko:K12060
kgr:JJJ10_27980	ko:K12058
kgr:JJJ10_28010	ko:K09882
kgr:JJJ10_28095	ko:K10748
kgr:JJJ10_28110	ko:K05839
kgr:JJJ10_28185	ko:K05791
kgr:JJJ10_28190	ko:K05792
kgr:JJJ10_28195	ko:K05793
kgr:JJJ10_28200	ko:K05794
kgr:JJJ10_28205	ko:K05795
kgr:JJJ10_28210	ko:K05795
kgr:JJJ10_28225	ko:K19214
kgr:JJJ10_28285	ko:K18320
kgr:JJJ10_28295	ko:K18974
kgr:JJJ10_28305	ko:K04343
kgr:JJJ10_28310	ko:K10673
kgr:JJJ10_28330	ko:K07075
kgr:JJJ10_28400	ko:K15773
kgr:JJJ10_28405	ko:K07154
kgr:JJJ10_28435	ko:K07497
kgr:JJJ10_28445	ko:K11685
kgr:JJJ10_28465	ko:K07481
kgr:JJJ10_28490	ko:K02014
kgr:JJJ10_28510	ko:K03101
kgr:JJJ10_28535	ko:K07644
kgr:JJJ10_28540	ko:K07665
kgr:JJJ10_28545	ko:K07796
kgr:JJJ10_28550	ko:K07810
kgr:JJJ10_28555	ko:K07798
kgr:JJJ10_28560	ko:K07787
kgr:JJJ10_28570	ko:K23254
kgr:JJJ10_28580	ko:K02483
kgr:JJJ10_28585	ko:K02484
kgr:JJJ10_28595	ko:K03760
kgr:JJJ10_28605	ko:K07644
kgr:JJJ10_28615	ko:K08970
kgr:JJJ10_28620	ko:K23240
kgr:JJJ10_28655	ko:K00558
kgr:JJJ10_28690	ko:K03321
kgr:JJJ10_28700	ko:K00537
kgr:JJJ10_28705	ko:K03893
kgr:JJJ10_28710	ko:K03892
kgr:JJJ10_28715	ko:K11811
kgr:JJJ10_28750	ko:K07481
kgr:JJJ10_28780	ko:K03503
kgr:JJJ10_28785	ko:K03502
kgr:JJJ10_28810	ko:K03981
kgr:JJJ10_28825	ko:K07497
kgr:JJJ10_28840	ko:K12056
kgr:JJJ10_28845	ko:K12072
kgr:JJJ10_28850	ko:K12057
kgr:JJJ10_28875	ko:K12070
kgr:JJJ10_28880	ko:K12071
kgr:JJJ10_28895	ko:K04773
kgr:JJJ10_28950	ko:K07497
kgr:JJJ10_28990	ko:K18921
kgr:JJJ10_28995	ko:K07497
kgr:JJJ10_29085	ko:K08365
kgr:JJJ10_29090	ko:K08363
kgr:JJJ10_29095	ko:K08364
kgr:JJJ10_29100	ko:K19058
kgr:JJJ10_29105	ko:K00520
kgr:JJJ10_29110	ko:K19057
kgr:JJJ10_29115	ko:K19059
kgr:JJJ10_29125	ko:K07497
kgr:JJJ10_29155	ko:K18974
kgr:JJJ10_29160	ko:K18975
kgr:JJJ10_29165	ko:K00984
kgr:JJJ10_29170	ko:K19278
kgr:JJJ10_29175	ko:K18781
kgr:JJJ10_29210	ko:K19271
kgr:JJJ10_29325	ko:K06223
kgr:JJJ10_29350	ko:K18555
kgr:JJJ10_29360	ko:K24159
kgr:JJJ10_29365	ko:K03587
kgr:JJJ10_29375	ko:K18320
kgr:JJJ10_29385	ko:K21288
kgr:JJJ10_29390	ko:K18552
kgr:JJJ10_29395	ko:K18792
kgr:JJJ10_29400	ko:K00984
kgr:JJJ10_29405	ko:K18589
kgr:JJJ10_29410	ko:K18320
kgr:JJJ10_29420	ko:K03502
kgr:JJJ10_29425	ko:K03503
kgr:JJJ10_29450	ko:K12217
kgr:JJJ10_29455	ko:K12228
kgr:JJJ10_29460	ko:K12218
kgr:JJJ10_29485	ko:K12206
kgr:JJJ10_29490	ko:K12212
kgr:JJJ10_29505	ko:K12211
kgr:JJJ10_29510	ko:K12209
kgr:JJJ10_29515	ko:K12213
kgr:JJJ10_29520	ko:K12214
kgr:JJJ10_29525	ko:K12227
kgr:JJJ10_29530	ko:K06919
kgr:JJJ10_29535	ko:K12222
kgr:JJJ10_29540	ko:K12203
kgr:JJJ10_29545	ko:K12204
kgr:JJJ10_29550	ko:K12205
kgr:JJJ10_29635	ko:K05839
kgr:JJJ10_29660	ko:K03630
kgr:JJJ10_29680	ko:K18640
kgr:JJJ10_29770	ko:K03782
kgr:JJJ10_29805	ko:K19092
kgr:JJJ10_29850	ko:K04047
