klp:GUC22_00005	ko:K02313
klp:GUC22_00010	ko:K02338
klp:GUC22_00015	ko:K03629
klp:GUC22_00020	ko:K02470
klp:GUC22_00040	ko:K19776
klp:GUC22_00045	ko:K00883
klp:GUC22_00050	ko:K01631
klp:GUC22_00055	ko:K01684
klp:GUC22_00080	ko:K04080
klp:GUC22_00085	ko:K04081
klp:GUC22_00095	ko:K07085
klp:GUC22_00100	ko:K03482
klp:GUC22_00105	ko:K02750
klp:GUC22_00110	ko:K01232
klp:GUC22_00115	ko:K00389
klp:GUC22_00125	ko:K06871
klp:GUC22_00130	ko:K01753
klp:GUC22_00135	ko:K13629
klp:GUC22_00140	ko:K13636
klp:GUC22_00145	ko:K08154
klp:GUC22_00160	ko:K19148
klp:GUC22_00170	ko:K01652
klp:GUC22_00175	ko:K01653
klp:GUC22_00185	ko:K07686
klp:GUC22_00190	ko:K07675
klp:GUC22_00195	ko:K07783
klp:GUC22_00200	ko:K07784
klp:GUC22_00210	ko:K07726
klp:GUC22_00220	ko:K03445
klp:GUC22_00225	ko:K02024
klp:GUC22_00230	ko:K02759
klp:GUC22_00235	ko:K02761
klp:GUC22_00240	ko:K02760
klp:GUC22_00255	ko:K24087
klp:GUC22_00270	ko:K11192
klp:GUC22_00275	ko:K07106
klp:GUC22_00280	ko:K07552
klp:GUC22_00285	ko:K18139
klp:GUC22_00290	ko:K18138
klp:GUC22_00295	ko:K03585
klp:GUC22_00320	ko:K07006
klp:GUC22_00325	ko:K09958
klp:GUC22_00330	ko:K02073
klp:GUC22_00340	ko:K01515
klp:GUC22_00370	ko:K00891
klp:GUC22_00385	ko:K14238
klp:GUC22_00390	ko:K03292
klp:GUC22_00395	ko:K01811
klp:GUC22_00405	ko:K02768
klp:GUC22_00410	ko:K02769
klp:GUC22_00415	ko:K02770
klp:GUC22_00420	ko:K01624
klp:GUC22_00425	ko:K01624
klp:GUC22_00430	ko:K00847
klp:GUC22_00435	ko:K09988
klp:GUC22_00455	ko:K02750
klp:GUC22_00465	ko:K16345
klp:GUC22_00470	ko:K03312
klp:GUC22_00475	ko:K00864
klp:GUC22_00480	ko:K02440
klp:GUC22_00485	ko:K09892
klp:GUC22_00490	ko:K23163
klp:GUC22_00495	ko:K01521
klp:GUC22_00500	ko:K03292
klp:GUC22_00505	ko:K23147
klp:GUC22_00525	ko:K01803
klp:GUC22_00540	ko:K00528
klp:GUC22_00545	ko:K02446
klp:GUC22_00550	ko:K03655
klp:GUC22_00555	ko:K00556
klp:GUC22_00560	ko:K01139
klp:GUC22_00565	ko:K03060
klp:GUC22_00570	ko:K00942
klp:GUC22_00575	ko:K01972
klp:GUC22_00585	ko:K03281
klp:GUC22_00595	ko:K00989
klp:GUC22_00600	ko:K00762
klp:GUC22_00605	ko:K05501
klp:GUC22_00610	ko:K01520
klp:GUC22_00615	ko:K13038
klp:GUC22_00620	ko:K03630
klp:GUC22_00625	ko:K02902
klp:GUC22_00630	ko:K02913
klp:GUC22_00655	ko:K10563
klp:GUC22_00660	ko:K00954
klp:GUC22_00665	ko:K12984
klp:GUC22_00670	ko:K02527
klp:GUC22_00675	ko:K19354
klp:GUC22_00685	ko:K02844
klp:GUC22_00690	ko:K02849
klp:GUC22_00715	ko:K02841
klp:GUC22_00720	ko:K02843
klp:GUC22_00725	ko:K03274
klp:GUC22_00730	ko:K00639
klp:GUC22_00735	ko:K00060
klp:GUC22_00745	ko:K09798
klp:GUC22_00750	ko:K22719
klp:GUC22_00755	ko:K15633
klp:GUC22_00765	ko:K03676
klp:GUC22_00770	ko:K03071
klp:GUC22_00775	ko:K00057
klp:GUC22_00780	ko:K00640
klp:GUC22_00785	ko:K03216
klp:GUC22_00790	ko:K29125
klp:GUC22_00795	ko:K14348
klp:GUC22_00800	ko:K00427
klp:GUC22_00805	ko:K14762
klp:GUC22_00815	ko:K02562
klp:GUC22_00820	ko:K00009
klp:GUC22_00825	ko:K02800
klp:GUC22_00845	ko:K01042
klp:GUC22_00850	ko:K03833
klp:GUC22_00855	ko:K09955
klp:GUC22_00860	ko:K03292
klp:GUC22_00870	ko:K03077
klp:GUC22_00875	ko:K03079
klp:GUC22_00880	ko:K03078
klp:GUC22_00885	ko:K00880
klp:GUC22_00905	ko:K08092
klp:GUC22_00910	ko:K21602
klp:GUC22_00915	ko:K05796
klp:GUC22_00920	ko:K00835
klp:GUC22_00925	ko:K01176
klp:GUC22_00930	ko:K03796
klp:GUC22_00935	ko:K02529
klp:GUC22_00940	ko:K10544
klp:GUC22_00945	ko:K10545
klp:GUC22_00950	ko:K10543
klp:GUC22_00955	ko:K01805
klp:GUC22_00960	ko:K00854
klp:GUC22_00980	ko:K01878
klp:GUC22_00985	ko:K01879
klp:GUC22_00990	ko:K18920
klp:GUC22_01000	ko:K03704
klp:GUC22_01005	ko:K07726
klp:GUC22_01010	ko:K08195
klp:GUC22_01020	ko:K00090
klp:GUC22_01030	ko:K00874
klp:GUC22_01040	ko:K02525
klp:GUC22_01050	ko:K08351
klp:GUC22_01055	ko:K03826
klp:GUC22_01060	ko:K01246
klp:GUC22_01070	ko:K08177
klp:GUC22_01075	ko:K12975
klp:GUC22_01080	ko:K14232
klp:GUC22_01085	ko:K12368
klp:GUC22_01090	ko:K12369
klp:GUC22_01095	ko:K12370
klp:GUC22_01100	ko:K12371
klp:GUC22_01105	ko:K12372
klp:GUC22_01120	ko:K00694
klp:GUC22_01125	ko:K20541
klp:GUC22_01130	ko:K20543
klp:GUC22_01140	ko:K20542
klp:GUC22_01145	ko:K18862
klp:GUC22_01150	ko:K18862
klp:GUC22_01180	ko:K00694
klp:GUC22_01185	ko:K20541
klp:GUC22_01190	ko:K20542
klp:GUC22_01195	ko:K20543
klp:GUC22_01200	ko:K26149
klp:GUC22_01205	ko:K11103
klp:GUC22_01215	ko:K00874
klp:GUC22_01220	ko:K07290
klp:GUC22_01230	ko:K07058
klp:GUC22_01250	ko:K01185
klp:GUC22_01260	ko:K01194
klp:GUC22_01270	ko:K00799
klp:GUC22_01275	ko:K00383
klp:GUC22_01280	ko:K07115
klp:GUC22_01290	ko:K07638
klp:GUC22_01295	ko:K07659
klp:GUC22_01300	ko:K04760
klp:GUC22_01305	ko:K06959
klp:GUC22_01310	ko:K04758
klp:GUC22_01315	ko:K04759
klp:GUC22_01320	ko:K07490
klp:GUC22_01330	ko:K02170
klp:GUC22_01340	ko:K07400
klp:GUC22_01345	ko:K06155
klp:GUC22_01350	ko:K01414
klp:GUC22_01355	ko:K15984
klp:GUC22_01365	ko:K03885
klp:GUC22_01375	ko:K03305
klp:GUC22_01380	ko:K06149
klp:GUC22_01385	ko:K06144
klp:GUC22_01390	ko:K16322
klp:GUC22_01410	ko:K03319
klp:GUC22_01420	ko:K00058
klp:GUC22_01430	ko:K06213
klp:GUC22_01435	ko:K07722
klp:GUC22_01440	ko:K10824
klp:GUC22_01445	ko:K15587
klp:GUC22_01450	ko:K15586
klp:GUC22_01455	ko:K15585
klp:GUC22_01460	ko:K15584
klp:GUC22_01470	ko:K13727
klp:GUC22_01475	ko:K07806
klp:GUC22_01480	ko:K10012
klp:GUC22_01485	ko:K10011
klp:GUC22_01490	ko:K13014
klp:GUC22_01495	ko:K07264
klp:GUC22_01500	ko:K12962
klp:GUC22_01505	ko:K12963
klp:GUC22_01520	ko:K27311
klp:GUC22_01525	ko:K09125
klp:GUC22_01530	ko:K04085
klp:GUC22_01535	ko:K01534
klp:GUC22_01550	ko:K08993
klp:GUC22_01555	ko:K08316
klp:GUC22_01560	ko:K03110
klp:GUC22_01565	ko:K09812
klp:GUC22_01570	ko:K09811
klp:GUC22_01575	ko:K03089
klp:GUC22_01580	ko:K00375
klp:GUC22_01585	ko:K00823
klp:GUC22_01595	ko:K01999
klp:GUC22_01610	ko:K01999
klp:GUC22_01615	ko:K01997
klp:GUC22_01620	ko:K01998
klp:GUC22_01625	ko:K01995
klp:GUC22_01630	ko:K01996
klp:GUC22_01635	ko:K01685
klp:GUC22_01640	ko:K26580
klp:GUC22_01645	ko:K22397
klp:GUC22_01655	ko:K05813
klp:GUC22_01660	ko:K05814
klp:GUC22_01665	ko:K05815
klp:GUC22_01670	ko:K05816
klp:GUC22_01675	ko:K01126
klp:GUC22_01685	ko:K00681
klp:GUC22_01690	ko:K03825
klp:GUC22_01705	ko:K06911
klp:GUC22_01710	ko:K06145
klp:GUC22_01715	ko:K00851
klp:GUC22_01720	ko:K06156
klp:GUC22_01725	ko:K03654
klp:GUC22_01735	ko:K00133
klp:GUC22_01740	ko:K00700
klp:GUC22_01745	ko:K02438
klp:GUC22_01750	ko:K00975
klp:GUC22_01755	ko:K00703
klp:GUC22_01760	ko:K00688
klp:GUC22_01765	ko:K00111
klp:GUC22_01770	ko:K02439
klp:GUC22_01775	ko:K02441
klp:GUC22_01780	ko:K02444
klp:GUC22_01785	ko:K03556
klp:GUC22_01790	ko:K00688
klp:GUC22_01795	ko:K00705
klp:GUC22_01800	ko:K01610
klp:GUC22_01805	ko:K04083
klp:GUC22_01810	ko:K04762
klp:GUC22_01815	ko:K20881
klp:GUC22_01825	ko:K08312
klp:GUC22_01830	ko:K05366
klp:GUC22_01835	ko:K12288
klp:GUC22_01840	ko:K12289
klp:GUC22_01845	ko:K12290
klp:GUC22_01850	ko:K12291
klp:GUC22_01855	ko:K02507
klp:GUC22_01860	ko:K00891
klp:GUC22_01865	ko:K01735
klp:GUC22_01870	ko:K03112
klp:GUC22_01875	ko:K06223
klp:GUC22_01880	ko:K01783
klp:GUC22_01885	ko:K01091
klp:GUC22_01890	ko:K01867
klp:GUC22_01895	ko:K02302
klp:GUC22_01900	ko:K02598
klp:GUC22_01905	ko:K00363
klp:GUC22_01910	ko:K00362
klp:GUC22_01915	ko:K01485
klp:GUC22_01920	ko:K06141
klp:GUC22_01925	ko:K03767
klp:GUC22_01935	ko:K04095
klp:GUC22_01940	ko:K01664
klp:GUC22_01945	ko:K00821
klp:GUC22_01955	ko:K10914
klp:GUC22_01960	ko:K07397
klp:GUC22_01965	ko:K28462
klp:GUC22_01970	ko:K09898
klp:GUC22_01975	ko:K07019
klp:GUC22_01985	ko:K00948
klp:GUC22_01990	ko:K03462
klp:GUC22_01995	ko:K06158
klp:GUC22_02000	ko:K11748
klp:GUC22_02005	ko:K11747
klp:GUC22_02010	ko:K07070
klp:GUC22_02015	ko:K03775
klp:GUC22_02020	ko:K03745
klp:GUC22_02025	ko:K03772
klp:GUC22_02035	ko:K07235
klp:GUC22_02040	ko:K07236
klp:GUC22_02045	ko:K07237
klp:GUC22_02050	ko:K02950
klp:GUC22_02055	ko:K02992
klp:GUC22_02060	ko:K02355
klp:GUC22_02065	ko:K02358
klp:GUC22_02070	ko:K02192
klp:GUC22_02075	ko:K03594
klp:GUC22_02080	ko:K02506
klp:GUC22_02085	ko:K02946
klp:GUC22_02090	ko:K02906
klp:GUC22_02095	ko:K02926
klp:GUC22_02100	ko:K02892
klp:GUC22_02105	ko:K02886
klp:GUC22_02110	ko:K02965
klp:GUC22_02115	ko:K02890
klp:GUC22_02120	ko:K02982
klp:GUC22_02125	ko:K02878
klp:GUC22_02130	ko:K02904
klp:GUC22_02135	ko:K02961
klp:GUC22_02140	ko:K02874
klp:GUC22_02145	ko:K02895
klp:GUC22_02150	ko:K02931
klp:GUC22_02155	ko:K02954
klp:GUC22_02160	ko:K02994
klp:GUC22_02165	ko:K02933
klp:GUC22_02170	ko:K02881
klp:GUC22_02175	ko:K02988
klp:GUC22_02180	ko:K02907
klp:GUC22_02185	ko:K02876
klp:GUC22_02190	ko:K03076
klp:GUC22_02195	ko:K02919
klp:GUC22_02200	ko:K02952
klp:GUC22_02205	ko:K02948
klp:GUC22_02210	ko:K02986
klp:GUC22_02215	ko:K03040
klp:GUC22_02220	ko:K02879
klp:GUC22_02230	ko:K13638
klp:GUC22_02235	ko:K09890
klp:GUC22_02240	ko:K03282
klp:GUC22_02245	ko:K03499
klp:GUC22_02250	ko:K03500
klp:GUC22_02255	ko:K00604
klp:GUC22_02260	ko:K01462
klp:GUC22_02265	ko:K04096
klp:GUC22_02270	ko:K03747
klp:GUC22_02275	ko:K07479
klp:GUC22_02280	ko:K07566
klp:GUC22_02285	ko:K00014
klp:GUC22_02300	ko:K01977
klp:GUC22_02305	ko:K14224
klp:GUC22_02310	ko:K01980
klp:GUC22_02315	ko:K01985
klp:GUC22_02320	ko:K14234
klp:GUC22_02325	ko:K01985
klp:GUC22_02335	ko:K18142
klp:GUC22_02340	ko:K18141
klp:GUC22_02345	ko:K18140
klp:GUC22_02350	ko:K03557
klp:GUC22_02355	ko:K05540
klp:GUC22_02360	ko:K01674
klp:GUC22_02365	ko:K02687
klp:GUC22_02370	ko:K14392
klp:GUC22_02380	ko:K01961
klp:GUC22_02385	ko:K02160
klp:GUC22_02390	ko:K17247
klp:GUC22_02395	ko:K07147
klp:GUC22_02400	ko:K19745
klp:GUC22_02405	ko:K18765
klp:GUC22_02410	ko:K03569
klp:GUC22_02415	ko:K03570
klp:GUC22_02420	ko:K03571
klp:GUC22_02425	ko:K06287
klp:GUC22_02430	ko:K08301
klp:GUC22_02440	ko:K03568
klp:GUC22_02445	ko:K02430
klp:GUC22_02450	ko:K21698
klp:GUC22_02455	ko:K21695
klp:GUC22_02460	ko:K15548
klp:GUC22_02465	ko:K03468
klp:GUC22_02470	ko:K03623
klp:GUC22_02485	ko:K03402
klp:GUC22_02490	ko:K00024
klp:GUC22_02510	ko:K03779
klp:GUC22_02515	ko:K03780
klp:GUC22_02520	ko:K01573
klp:GUC22_02525	ko:K01571
klp:GUC22_02530	ko:K20509
klp:GUC22_02540	ko:K04691
klp:GUC22_02545	ko:K04772
klp:GUC22_02550	ko:K09908
klp:GUC22_02555	ko:K06916
klp:GUC22_02560	ko:K02871
klp:GUC22_02565	ko:K02996
klp:GUC22_02570	ko:K03599
klp:GUC22_02575	ko:K03600
klp:GUC22_02585	ko:K00266
klp:GUC22_02590	ko:K00265
klp:GUC22_02595	ko:K07139
klp:GUC22_02600	ko:K07648
klp:GUC22_02610	ko:K03814
klp:GUC22_02615	ko:K08485
klp:GUC22_02620	ko:K06958
klp:GUC22_02625	ko:K02806
klp:GUC22_02630	ko:K05808
klp:GUC22_02635	ko:K03092
klp:GUC22_02640	ko:K06861
klp:GUC22_02645	ko:K09774
klp:GUC22_02650	ko:K11719
klp:GUC22_02655	ko:K03270
klp:GUC22_02660	ko:K06041
klp:GUC22_02665	ko:K07301
klp:GUC22_02670	ko:K02065
klp:GUC22_02675	ko:K02066
klp:GUC22_02680	ko:K02067
klp:GUC22_02685	ko:K07323
klp:GUC22_02690	ko:K07122
klp:GUC22_02700	ko:K00790
klp:GUC22_02705	ko:K07724
klp:GUC22_02710	ko:K02523
klp:GUC22_02715	ko:K02888
klp:GUC22_02720	ko:K02899
klp:GUC22_02730	ko:K03979
klp:GUC22_02735	ko:K07259
klp:GUC22_02740	ko:K03624
klp:GUC22_02745	ko:K07574
klp:GUC22_02750	ko:K02427
klp:GUC22_02755	ko:K03798
klp:GUC22_02760	ko:K00796
klp:GUC22_02765	ko:K03431
klp:GUC22_02770	ko:K03075
klp:GUC22_02775	ko:K14228
klp:GUC22_02780	ko:K01940
klp:GUC22_02785	ko:K14230
klp:GUC22_02790	ko:K09748
klp:GUC22_02795	ko:K02600
klp:GUC22_02800	ko:K02519
klp:GUC22_02805	ko:K02834
klp:GUC22_02810	ko:K03177
klp:GUC22_02815	ko:K02956
klp:GUC22_02820	ko:K00962
klp:GUC22_02825	ko:K05803
klp:GUC22_02835	ko:K05592
klp:GUC22_02840	ko:K03835
klp:GUC22_02845	ko:K13928
klp:GUC22_02870	ko:K13934
klp:GUC22_02875	ko:K20415
klp:GUC22_02880	ko:K20511
klp:GUC22_02885	ko:K20510
klp:GUC22_02890	ko:K13931
klp:GUC22_02895	ko:K13929
klp:GUC22_02900	ko:K20509
klp:GUC22_02905	ko:K13930
klp:GUC22_02915	ko:K24845
klp:GUC22_02920	ko:K24844
klp:GUC22_02925	ko:K24843
klp:GUC22_02930	ko:K03824
klp:GUC22_02935	ko:K07461
klp:GUC22_02940	ko:K09979
klp:GUC22_02945	ko:K05520
klp:GUC22_02955	ko:K07089
klp:GUC22_02960	ko:K28369
klp:GUC22_02965	ko:K12961
klp:GUC22_02970	ko:K07460
klp:GUC22_02975	ko:K07121
klp:GUC22_02980	ko:K07056
klp:GUC22_02985	ko:K04095
klp:GUC22_02990	ko:K02436
klp:GUC22_02995	ko:K00094
klp:GUC22_03000	ko:K02775
klp:GUC22_03005	ko:K02774
klp:GUC22_03010	ko:K02773
klp:GUC22_03015	ko:K16371
klp:GUC22_03020	ko:K02784
klp:GUC22_03025	ko:K02770
klp:GUC22_03030	ko:K25602
klp:GUC22_03035	ko:K08302
klp:GUC22_03045	ko:K21621
klp:GUC22_03050	ko:K01708
klp:GUC22_03055	ko:K12299
klp:GUC22_03060	ko:K01630
klp:GUC22_03065	ko:K00042
klp:GUC22_03070	ko:K00865
klp:GUC22_03075	ko:K01978
klp:GUC22_03100	ko:K07393
klp:GUC22_03105	ko:K15977
klp:GUC22_03130	ko:K25864
klp:GUC22_03140	ko:K19775
klp:GUC22_03145	ko:K08191
klp:GUC22_03150	ko:K01812
klp:GUC22_03155	ko:K01685
klp:GUC22_03165	ko:K07862
klp:GUC22_03180	ko:K07043
klp:GUC22_03185	ko:K01198
klp:GUC22_03195	ko:K03292
klp:GUC22_03200	ko:K11391
klp:GUC22_03205	ko:K00219
klp:GUC22_03210	ko:K11216
klp:GUC22_03215	ko:K11531
klp:GUC22_03220	ko:K10558
klp:GUC22_03225	ko:K10556
klp:GUC22_03230	ko:K10557
klp:GUC22_03235	ko:K10555
klp:GUC22_03240	ko:K08321
klp:GUC22_03245	ko:K11530
klp:GUC22_03250	ko:K09251
klp:GUC22_03260	ko:K07229
klp:GUC22_03265	ko:K28825
klp:GUC22_03270	ko:K05881
klp:GUC22_03275	ko:K05879
klp:GUC22_03280	ko:K05878
klp:GUC22_03285	ko:K00005
klp:GUC22_03290	ko:K05880
klp:GUC22_03300	ko:K14230
klp:GUC22_03305	ko:K03649
klp:GUC22_03315	ko:K03086
klp:GUC22_03320	ko:K02316
klp:GUC22_03325	ko:K02970
klp:GUC22_03330	ko:K25706
klp:GUC22_03340	ko:K03189
klp:GUC22_03345	ko:K03188
klp:GUC22_03350	ko:K03187
klp:GUC22_03355	ko:K01428
klp:GUC22_03360	ko:K01429
klp:GUC22_03365	ko:K01430
klp:GUC22_03370	ko:K03190
klp:GUC22_03375	ko:K08591
klp:GUC22_03380	ko:K01633
klp:GUC22_03385	ko:K06153
klp:GUC22_03390	ko:K00974
klp:GUC22_03395	ko:K07184
klp:GUC22_03400	ko:K18446
klp:GUC22_03405	ko:K00982
klp:GUC22_03410	ko:K03272
klp:GUC22_03415	ko:K22720
klp:GUC22_03420	ko:K09806
klp:GUC22_03425	ko:K02858
klp:GUC22_03450	ko:K15777
klp:GUC22_03465	ko:K12340
klp:GUC22_03470	ko:K01515
klp:GUC22_03475	ko:K09920
klp:GUC22_03480	ko:K03651
klp:GUC22_03485	ko:K07000
klp:GUC22_03490	ko:K02622
klp:GUC22_03505	ko:K02532
klp:GUC22_03510	ko:K18581
klp:GUC22_03520	ko:K03923
klp:GUC22_03525	ko:K07645
klp:GUC22_03530	ko:K07666
klp:GUC22_03540	ko:K02621
klp:GUC22_03545	ko:K00655
klp:GUC22_03550	ko:K04753
klp:GUC22_03560	ko:K06221
klp:GUC22_03565	ko:K08325
klp:GUC22_03580	ko:K01760
klp:GUC22_03585	ko:K03561
klp:GUC22_03590	ko:K03559
klp:GUC22_03610	ko:K11209
klp:GUC22_03620	ko:K01460
klp:GUC22_03625	ko:K05825
klp:GUC22_03650	ko:K01758
klp:GUC22_03655	ko:K01697
klp:GUC22_03660	ko:K14445
klp:GUC22_03665	ko:K14231
klp:GUC22_03670	ko:K07150
klp:GUC22_03675	ko:K01581
klp:GUC22_03680	ko:K03289
klp:GUC22_03685	ko:K08306
klp:GUC22_03695	ko:K03575
klp:GUC22_03700	ko:K03439
klp:GUC22_03705	ko:K09923
klp:GUC22_03715	ko:K11690
klp:GUC22_03720	ko:K11689
klp:GUC22_03725	ko:K11688
klp:GUC22_03735	ko:K01519
klp:GUC22_03740	ko:K09131
klp:GUC22_03745	ko:K02221
klp:GUC22_03750	ko:K06997
klp:GUC22_03755	ko:K02669
klp:GUC22_03760	ko:K04333
klp:GUC22_03765	ko:K07447
klp:GUC22_03770	ko:K07735
klp:GUC22_03775	ko:K01920
klp:GUC22_03780	ko:K09761
klp:GUC22_03785	ko:K01150
klp:GUC22_03790	ko:K02742
klp:GUC22_03795	ko:K08137
klp:GUC22_03800	ko:K00789
klp:GUC22_03815	ko:K01585
klp:GUC22_03820	ko:K01480
klp:GUC22_03825	ko:K07387
klp:GUC22_03830	ko:K00615
klp:GUC22_03835	ko:K16787
klp:GUC22_03840	ko:K16786
klp:GUC22_03845	ko:K16785
klp:GUC22_03850	ko:K16923
klp:GUC22_03855	ko:K06934
klp:GUC22_03860	ko:K03472
klp:GUC22_03865	ko:K00927
klp:GUC22_03870	ko:K01624
klp:GUC22_03875	ko:K03442
klp:GUC22_03880	ko:K06895
klp:GUC22_03885	ko:K09807
klp:GUC22_03895	ko:K22214
klp:GUC22_03900	ko:K11264
klp:GUC22_03905	ko:K07588
klp:GUC22_03910	ko:K01847
klp:GUC22_03915	ko:K05596
klp:GUC22_03920	ko:K01807
klp:GUC22_03925	ko:K00058
klp:GUC22_03930	ko:K01934
klp:GUC22_03935	ko:K28358
klp:GUC22_03940	ko:K09888
klp:GUC22_03945	ko:K09895
klp:GUC22_03950	ko:K01262
klp:GUC22_03955	ko:K03185
klp:GUC22_03960	ko:K18800
klp:GUC22_03965	ko:K00605
klp:GUC22_03970	ko:K02437
klp:GUC22_03975	ko:K00281
klp:GUC22_03990	ko:K01223
klp:GUC22_04000	ko:K09900
klp:GUC22_04005	ko:K11068
klp:GUC22_04010	ko:K06980
klp:GUC22_04015	ko:K09159
klp:GUC22_04020	ko:K19168
klp:GUC22_04025	ko:K03840
klp:GUC22_04030	ko:K04763
klp:GUC22_04035	ko:K03981
klp:GUC22_04040	ko:K07462
klp:GUC22_04045	ko:K02836
klp:GUC22_04050	ko:K04567
klp:GUC22_04055	ko:K01823
klp:GUC22_04060	ko:K07150
klp:GUC22_04065	ko:K03186
klp:GUC22_04070	ko:K22958
klp:GUC22_04080	ko:K12943
klp:GUC22_04085	ko:K14225
klp:GUC22_04090	ko:K03892
klp:GUC22_04095	ko:K03893
klp:GUC22_04100	ko:K00537
klp:GUC22_04120	ko:K00865
klp:GUC22_04140	ko:K00626
klp:GUC22_04145	ko:K00059
klp:GUC22_04150	ko:K01026
klp:GUC22_04160	ko:K01759
klp:GUC22_04165	ko:K02429
klp:GUC22_04170	ko:K00852
klp:GUC22_04175	ko:K17195
klp:GUC22_04180	ko:K02430
klp:GUC22_04185	ko:K01619
klp:GUC22_04195	ko:K03436
klp:GUC22_04200	ko:K16210
klp:GUC22_04205	ko:K01812
klp:GUC22_04210	ko:K01686
klp:GUC22_04215	ko:K03305
klp:GUC22_04220	ko:K03366
klp:GUC22_04230	ko:K15550
klp:GUC22_04235	ko:K15547
klp:GUC22_04240	ko:K15549
klp:GUC22_04255	ko:K06975
klp:GUC22_04265	ko:K07350
klp:GUC22_04270	ko:K07349
klp:GUC22_04275	ko:K07348
klp:GUC22_04280	ko:K07347
klp:GUC22_04285	ko:K07346
klp:GUC22_04290	ko:K07351
klp:GUC22_04295	ko:K07345
klp:GUC22_04300	ko:K07358
klp:GUC22_04305	ko:K07357
klp:GUC22_04325	ko:K15269
klp:GUC22_04345	ko:K07345
klp:GUC22_04350	ko:K15540
klp:GUC22_04355	ko:K07347
klp:GUC22_04360	ko:K07345
klp:GUC22_04365	ko:K07345
klp:GUC22_04370	ko:K21086
klp:GUC22_04380	ko:K21087
klp:GUC22_04385	ko:K05275
klp:GUC22_04405	ko:K00626
klp:GUC22_04410	ko:K22110
klp:GUC22_04415	ko:K01730
klp:GUC22_04420	ko:K00065
klp:GUC22_04425	ko:K02100
klp:GUC22_04435	ko:K02532
klp:GUC22_04440	ko:K01193
klp:GUC22_04450	ko:K01730
klp:GUC22_04455	ko:K10192
klp:GUC22_04460	ko:K10195
klp:GUC22_04465	ko:K10194
klp:GUC22_04470	ko:K10193
klp:GUC22_04475	ko:K26933
klp:GUC22_04480	ko:K25316
klp:GUC22_04490	ko:K01586
klp:GUC22_04500	ko:K02761
klp:GUC22_04505	ko:K01223
klp:GUC22_04510	ko:K13637
klp:GUC22_04520	ko:K02529
klp:GUC22_04525	ko:K05939
klp:GUC22_04530	ko:K08227
klp:GUC22_04550	ko:K03573
klp:GUC22_04555	ko:K08311
klp:GUC22_04560	ko:K08484
klp:GUC22_04565	ko:K13292
klp:GUC22_04570	ko:K00560
klp:GUC22_04575	ko:K02679
klp:GUC22_04580	ko:K02680
klp:GUC22_04590	ko:K02681
klp:GUC22_04595	ko:K03583
klp:GUC22_04600	ko:K01407
klp:GUC22_04605	ko:K03582
klp:GUC22_04610	ko:K03581
klp:GUC22_04615	ko:K14682
klp:GUC22_04620	ko:K01448
klp:GUC22_04625	ko:K04720
klp:GUC22_04630	ko:K16651
klp:GUC22_04635	ko:K19697
klp:GUC22_04640	ko:K04029
klp:GUC22_04645	ko:K04031
klp:GUC22_04650	ko:K27272
klp:GUC22_04655	ko:K27271
klp:GUC22_04660	ko:K13921
klp:GUC22_04665	ko:K13922
klp:GUC22_04670	ko:K27270
klp:GUC22_04675	ko:K27269
klp:GUC22_04680	ko:K27268
klp:GUC22_04685	ko:K13923
klp:GUC22_04690	ko:K27267
klp:GUC22_04695	ko:K27266
klp:GUC22_04700	ko:K27265
klp:GUC22_04705	ko:K27264
klp:GUC22_04710	ko:K13920
klp:GUC22_04715	ko:K13919
klp:GUC22_04720	ko:K01699
klp:GUC22_04725	ko:K27263
klp:GUC22_04730	ko:K27260
klp:GUC22_04735	ko:K27261
klp:GUC22_04740	ko:K27259
klp:GUC22_04745	ko:K02224
klp:GUC22_04750	ko:K02227
klp:GUC22_04755	ko:K06042
klp:GUC22_04760	ko:K02188
klp:GUC22_04765	ko:K03399
klp:GUC22_04770	ko:K02191
klp:GUC22_04775	ko:K05936
klp:GUC22_04780	ko:K02189
klp:GUC22_04785	ko:K05934
klp:GUC22_04790	ko:K05895
klp:GUC22_04795	ko:K02190
klp:GUC22_04800	ko:K03394
klp:GUC22_04805	ko:K02007
klp:GUC22_04810	ko:K02009
klp:GUC22_04815	ko:K02008
klp:GUC22_04820	ko:K02006
klp:GUC22_04825	ko:K02232
klp:GUC22_04830	ko:K02231
klp:GUC22_04835	ko:K00768
klp:GUC22_04840	ko:K14230
klp:GUC22_04845	ko:K14230
klp:GUC22_04850	ko:K14230
klp:GUC22_04855	ko:K08304
klp:GUC22_04860	ko:K22132
klp:GUC22_04865	ko:K02426
klp:GUC22_04870	ko:K01766
klp:GUC22_04880	ko:K03566
klp:GUC22_04890	ko:K06968
klp:GUC22_04895	ko:K02430
klp:GUC22_04900	ko:K02431
klp:GUC22_04905	ko:K00879
klp:GUC22_04910	ko:K01818
klp:GUC22_04915	ko:K02429
klp:GUC22_04920	ko:K01628
klp:GUC22_04925	ko:K01146
klp:GUC22_04935	ko:K04091
klp:GUC22_04945	ko:K20938
klp:GUC22_04950	ko:K15553
klp:GUC22_04955	ko:K01752
klp:GUC22_04960	ko:K03837
klp:GUC22_04965	ko:K06966
klp:GUC22_04970	ko:K06879
klp:GUC22_04975	ko:K15723
klp:GUC22_04985	ko:K06175
klp:GUC22_04995	ko:K03535
klp:GUC22_05000	ko:K13918
klp:GUC22_05005	ko:K01706
klp:GUC22_05010	ko:K00865
klp:GUC22_05015	ko:K07678
klp:GUC22_05020	ko:K03215
klp:GUC22_05025	ko:K00951
klp:GUC22_05030	ko:K04765
klp:GUC22_05035	ko:K01937
klp:GUC22_05040	ko:K01689
klp:GUC22_05050	ko:K10026
klp:GUC22_05055	ko:K01737
klp:GUC22_05060	ko:K00380
klp:GUC22_05065	ko:K00381
klp:GUC22_05070	ko:K00390
klp:GUC22_05075	ko:K09612
klp:GUC22_05080	ko:K02302
klp:GUC22_05085	ko:K00957
klp:GUC22_05090	ko:K00956
klp:GUC22_05095	ko:K00860
klp:GUC22_05105	ko:K05589
klp:GUC22_05110	ko:K00991
klp:GUC22_05115	ko:K01770
klp:GUC22_05120	ko:K06176
klp:GUC22_05125	ko:K03787
klp:GUC22_05130	ko:K00573
klp:GUC22_05135	ko:K06194
klp:GUC22_05140	ko:K03087
klp:GUC22_05160	ko:K22489
klp:GUC22_05165	ko:K03186
klp:GUC22_05170	ko:K01612
klp:GUC22_05175	ko:K21759
klp:GUC22_05180	ko:K18922
klp:GUC22_05185	ko:K03555
klp:GUC22_05250	ko:K07724
klp:GUC22_05270	ko:K03630
klp:GUC22_05275	ko:K04763
klp:GUC22_05285	ko:K07733
klp:GUC22_05330	ko:K00558
klp:GUC22_05335	ko:K07727
klp:GUC22_05355	ko:K12518
klp:GUC22_05360	ko:K12519
klp:GUC22_05390	ko:K03673
klp:GUC22_05405	ko:K13888
klp:GUC22_05410	ko:K05685
klp:GUC22_05415	ko:K18139
klp:GUC22_05420	ko:K09458
klp:GUC22_05430	ko:K02078
klp:GUC22_05435	ko:K00059
klp:GUC22_05460	ko:K00048
klp:GUC22_05465	ko:K10834
klp:GUC22_05470	ko:K25133
klp:GUC22_05475	ko:K25132
klp:GUC22_05480	ko:K07225
klp:GUC22_05485	ko:K16087
klp:GUC22_05490	ko:K07401
klp:GUC22_05500	ko:K11606
klp:GUC22_05505	ko:K11605
klp:GUC22_05510	ko:K11607
klp:GUC22_05515	ko:K11604
klp:GUC22_05525	ko:K00847
klp:GUC22_05530	ko:K02759
klp:GUC22_05535	ko:K02761
klp:GUC22_05540	ko:K02760
klp:GUC22_05545	ko:K02761
klp:GUC22_05550	ko:K16077
klp:GUC22_05560	ko:K01223
klp:GUC22_05570	ko:K15836
klp:GUC22_05575	ko:K04655
klp:GUC22_05580	ko:K04654
klp:GUC22_05585	ko:K04653
klp:GUC22_05590	ko:K04652
klp:GUC22_05595	ko:K04651
klp:GUC22_05600	ko:K15833
klp:GUC22_05605	ko:K15827
klp:GUC22_05610	ko:K15828
klp:GUC22_05615	ko:K15829
klp:GUC22_05620	ko:K15830
klp:GUC22_05625	ko:K15831
klp:GUC22_05630	ko:K15832
klp:GUC22_05635	ko:K15834
klp:GUC22_05640	ko:K08315
klp:GUC22_05645	ko:K01223
klp:GUC22_05650	ko:K02753
klp:GUC22_05655	ko:K03487
klp:GUC22_05660	ko:K05796
klp:GUC22_05665	ko:K04656
klp:GUC22_05670	ko:K07241
klp:GUC22_05675	ko:K12265
klp:GUC22_05680	ko:K12264
klp:GUC22_05685	ko:K12266
klp:GUC22_05690	ko:K02467
klp:GUC22_05695	ko:K02468
klp:GUC22_05700	ko:K02466
klp:GUC22_05705	ko:K00068
klp:GUC22_05710	ko:K02781
klp:GUC22_05715	ko:K02782
klp:GUC22_05720	ko:K02783
klp:GUC22_05725	ko:K08305
klp:GUC22_05730	ko:K02074
klp:GUC22_05735	ko:K02075
klp:GUC22_05740	ko:K02077
klp:GUC22_05745	ko:K03743
klp:GUC22_05750	ko:K03553
klp:GUC22_05755	ko:K03565
klp:GUC22_05760	ko:K01872
klp:GUC22_05765	ko:K03563
klp:GUC22_05770	ko:K14233
klp:GUC22_05775	ko:K14219
klp:GUC22_05780	ko:K14219
klp:GUC22_05785	ko:K14219
klp:GUC22_05790	ko:K14219
klp:GUC22_05810	ko:K01919
klp:GUC22_05815	ko:K07173
klp:GUC22_05825	ko:K01649
klp:GUC22_05830	ko:K03446
klp:GUC22_05835	ko:K03543
klp:GUC22_05840	ko:K15974
klp:GUC22_05845	ko:K26606
klp:GUC22_05850	ko:K26605
klp:GUC22_05855	ko:K02002
klp:GUC22_05860	ko:K02001
klp:GUC22_05865	ko:K02000
klp:GUC22_05870	ko:K00526
klp:GUC22_05875	ko:K00525
klp:GUC22_05880	ko:K03647
klp:GUC22_05885	ko:K06191
klp:GUC22_05895	ko:K00375
klp:GUC22_05910	ko:K28156
klp:GUC22_05915	ko:K11685
klp:GUC22_05935	ko:K21405
klp:GUC22_05940	ko:K00138
klp:GUC22_05945	ko:K07345
klp:GUC22_05950	ko:K07346
klp:GUC22_05955	ko:K07347
klp:GUC22_05960	ko:K07345
klp:GUC22_05970	ko:K01713
klp:GUC22_05975	ko:K03566
klp:GUC22_05995	ko:K18459
klp:GUC22_06005	ko:K12972
klp:GUC22_06015	ko:K02028
klp:GUC22_06015	ko:K02029
klp:GUC22_06020	ko:K02030
klp:GUC22_06035	ko:K12255
klp:GUC22_06060	ko:K15035
klp:GUC22_06065	ko:K03664
klp:GUC22_06075	ko:K09801
klp:GUC22_06080	ko:K06186
klp:GUC22_06085	ko:K03631
klp:GUC22_06090	ko:K00858
klp:GUC22_06095	ko:K03687
klp:GUC22_06100	ko:K03699
klp:GUC22_06110	ko:K03106
klp:GUC22_06115	ko:K02959
klp:GUC22_06120	ko:K02860
klp:GUC22_06125	ko:K00554
klp:GUC22_06130	ko:K02884
klp:GUC22_06150	ko:K21021
klp:GUC22_06160	ko:K01626
klp:GUC22_06165	ko:K14187
klp:GUC22_06175	ko:K14170
klp:GUC22_06180	ko:K05809
klp:GUC22_06185	ko:K05807
klp:GUC22_06190	ko:K06180
klp:GUC22_06195	ko:K05810
klp:GUC22_06200	ko:K03695
klp:GUC22_06205	ko:K01977
klp:GUC22_06210	ko:K14224
klp:GUC22_06215	ko:K01980
klp:GUC22_06220	ko:K01985
klp:GUC22_06225	ko:K03761
klp:GUC22_06230	ko:K05811
klp:GUC22_06235	ko:K00998
klp:GUC22_06240	ko:K09181
klp:GUC22_06245	ko:K05812
klp:GUC22_06250	ko:K03672
klp:GUC22_06255	ko:K03214
klp:GUC22_06260	ko:K03648
klp:GUC22_06265	ko:K06866
klp:GUC22_06270	ko:K05590
klp:GUC22_06275	ko:K15460
klp:GUC22_06280	ko:K00278
klp:GUC22_06290	ko:K03088
klp:GUC22_06295	ko:K03597
klp:GUC22_06300	ko:K03598
klp:GUC22_06305	ko:K03803
klp:GUC22_06310	ko:K03596
klp:GUC22_06315	ko:K03100
klp:GUC22_06320	ko:K03685
klp:GUC22_06325	ko:K03595
klp:GUC22_06330	ko:K03584
klp:GUC22_06335	ko:K03474
klp:GUC22_06340	ko:K00997
klp:GUC22_06355	ko:K18697
klp:GUC22_06360	ko:K11991
klp:GUC22_06365	ko:K18691
klp:GUC22_06370	ko:K01952
klp:GUC22_06375	ko:K07711
klp:GUC22_06385	ko:K07715
klp:GUC22_06390	ko:K04751
klp:GUC22_06395	ko:K05916
klp:GUC22_06400	ko:K00600
klp:GUC22_06405	ko:K15977
klp:GUC22_06430	ko:K05820
klp:GUC22_06445	ko:K08970
klp:GUC22_06450	ko:K01092
klp:GUC22_06455	ko:K15396
klp:GUC22_06460	ko:K13643
klp:GUC22_06465	ko:K04487
klp:GUC22_06470	ko:K04488
klp:GUC22_06475	ko:K13628
klp:GUC22_06480	ko:K04082
klp:GUC22_06485	ko:K04044
klp:GUC22_06490	ko:K04755
klp:GUC22_06500	ko:K07751
klp:GUC22_06510	ko:K01011
klp:GUC22_06515	ko:K06894
klp:GUC22_06520	ko:K05367
klp:GUC22_06525	ko:K00940
klp:GUC22_06530	ko:K06941
klp:GUC22_06535	ko:K15539
klp:GUC22_06540	ko:K03526
klp:GUC22_06545	ko:K01892
klp:GUC22_06555	ko:K17713
klp:GUC22_06560	ko:K03977
klp:GUC22_06565	ko:K03832
klp:GUC22_06590	ko:K03601
klp:GUC22_06595	ko:K00088
klp:GUC22_06600	ko:K01951
klp:GUC22_06620	ko:K26149
klp:GUC22_06625	ko:K01524
klp:GUC22_06630	ko:K00937
klp:GUC22_06640	ko:K15532
klp:GUC22_06645	ko:K16210
klp:GUC22_06655	ko:K11175
klp:GUC22_06660	ko:K01933
klp:GUC22_06670	ko:K18673
klp:GUC22_06675	ko:K01223
klp:GUC22_06680	ko:K00761
klp:GUC22_06685	ko:K02824
klp:GUC22_06690	ko:K10763
klp:GUC22_06695	ko:K00537
klp:GUC22_06700	ko:K01423
klp:GUC22_06705	ko:K03548
klp:GUC22_06710	ko:K03564
klp:GUC22_06715	ko:K03567
klp:GUC22_06720	ko:K01714
klp:GUC22_06725	ko:K07287
klp:GUC22_06730	ko:K01923
klp:GUC22_06735	ko:K07054
klp:GUC22_06740	ko:K06957
klp:GUC22_06745	ko:K06999
klp:GUC22_06755	ko:K01439
klp:GUC22_06770	ko:K18324
klp:GUC22_06780	ko:K12945
klp:GUC22_06790	ko:K00615
klp:GUC22_06795	ko:K00029
klp:GUC22_06800	ko:K04031
klp:GUC22_06805	ko:K04029
klp:GUC22_06810	ko:K04030
klp:GUC22_06815	ko:K04032
klp:GUC22_06820	ko:K04020
klp:GUC22_06825	ko:K04027
klp:GUC22_06830	ko:K04028
klp:GUC22_06835	ko:K04021
klp:GUC22_06840	ko:K04024
klp:GUC22_06845	ko:K04022
klp:GUC22_06850	ko:K04023
klp:GUC22_06855	ko:K04019
klp:GUC22_06860	ko:K03735
klp:GUC22_06865	ko:K03736
klp:GUC22_06870	ko:K04026
klp:GUC22_06875	ko:K04025
klp:GUC22_06880	ko:K04033
klp:GUC22_06885	ko:K00228
klp:GUC22_06890	ko:K01448
klp:GUC22_06910	ko:K07223
klp:GUC22_06915	ko:K02048
klp:GUC22_06920	ko:K02046
klp:GUC22_06925	ko:K02047
klp:GUC22_06930	ko:K02045
klp:GUC22_06935	ko:K12339
klp:GUC22_06945	ko:K01951
klp:GUC22_06955	ko:K00868
klp:GUC22_06965	ko:K02777
klp:GUC22_06970	ko:K08483
klp:GUC22_06975	ko:K02784
klp:GUC22_06980	ko:K01738
klp:GUC22_06985	ko:K06203
klp:GUC22_06990	ko:K03528
klp:GUC22_06995	ko:K01972
klp:GUC22_07000	ko:K09954
klp:GUC22_07005	ko:K14347
klp:GUC22_07020	ko:K11537
klp:GUC22_07030	ko:K14229
klp:GUC22_07035	ko:K14237
klp:GUC22_07040	ko:K14237
klp:GUC22_07045	ko:K14237
klp:GUC22_07050	ko:K01885
klp:GUC22_07065	ko:K14218
klp:GUC22_07070	ko:K14218
klp:GUC22_07075	ko:K26149
klp:GUC22_07080	ko:K11535
klp:GUC22_07085	ko:K03322
klp:GUC22_07095	ko:K19265
klp:GUC22_07100	ko:K04103
klp:GUC22_07105	ko:K03281
klp:GUC22_07110	ko:K00845
klp:GUC22_07115	ko:K27885
klp:GUC22_07120	ko:K27884
klp:GUC22_07125	ko:K14261
klp:GUC22_07140	ko:K14219
klp:GUC22_07145	ko:K21990
klp:GUC22_07150	ko:K04754
klp:GUC22_07155	ko:K06076
klp:GUC22_07165	ko:K00632
klp:GUC22_07170	ko:K01782
klp:GUC22_07175	ko:K08296
klp:GUC22_07185	ko:K07320
klp:GUC22_07190	ko:K01736
klp:GUC22_07195	ko:K07261
klp:GUC22_07200	ko:K07090
klp:GUC22_07205	ko:K09906
klp:GUC22_07215	ko:K15461
klp:GUC22_07220	ko:K00647
klp:GUC22_07235	ko:K03473
klp:GUC22_07245	ko:K06173
klp:GUC22_07250	ko:K03975
klp:GUC22_07255	ko:K01963
klp:GUC22_07260	ko:K11754
klp:GUC22_07265	ko:K03749
klp:GUC22_07270	ko:K03558
klp:GUC22_07275	ko:K00764
klp:GUC22_07280	ko:K03186
klp:GUC22_07285	ko:K10013
klp:GUC22_07290	ko:K10014
klp:GUC22_07295	ko:K10016
klp:GUC22_07300	ko:K10015
klp:GUC22_07305	ko:K10017
klp:GUC22_07325	ko:K07071
klp:GUC22_07330	ko:K07589
klp:GUC22_07335	ko:K11209
klp:GUC22_07340	ko:K00799
klp:GUC22_07345	ko:K07095
klp:GUC22_07360	ko:K02821
klp:GUC22_07365	ko:K02822
klp:GUC22_07370	ko:K03475
klp:GUC22_07375	ko:K00615
klp:GUC22_07380	ko:K00615
klp:GUC22_07385	ko:K13788
klp:GUC22_07390	ko:K00925
klp:GUC22_07395	ko:K09899
klp:GUC22_07400	ko:K09161
klp:GUC22_07405	ko:K19270
klp:GUC22_07415	ko:K08722
klp:GUC22_07420	ko:K14260
klp:GUC22_07430	ko:K00330
klp:GUC22_07435	ko:K00331
klp:GUC22_07440	ko:K13378
klp:GUC22_07445	ko:K00334
klp:GUC22_07450	ko:K00335
klp:GUC22_07455	ko:K00336
klp:GUC22_07460	ko:K00337
klp:GUC22_07465	ko:K00338
klp:GUC22_07470	ko:K00339
klp:GUC22_07475	ko:K00340
klp:GUC22_07480	ko:K00341
klp:GUC22_07485	ko:K00342
klp:GUC22_07490	ko:K00343
klp:GUC22_07495	ko:K07357
klp:GUC22_07500	ko:K07345
klp:GUC22_07505	ko:K07346
klp:GUC22_07510	ko:K07347
klp:GUC22_07520	ko:K07349
klp:GUC22_07525	ko:K07357
klp:GUC22_07530	ko:K00784
klp:GUC22_07535	ko:K02348
klp:GUC22_07540	ko:K02552
klp:GUC22_07545	ko:K02551
klp:GUC22_07550	ko:K08680
klp:GUC22_07555	ko:K01661
klp:GUC22_07560	ko:K02549
klp:GUC22_07565	ko:K01911
klp:GUC22_07570	ko:K08984
klp:GUC22_07575	ko:K07793
klp:GUC22_07580	ko:K07794
klp:GUC22_07585	ko:K07795
klp:GUC22_07590	ko:K07774
klp:GUC22_07595	ko:K07649
klp:GUC22_07600	ko:K12944
klp:GUC22_07610	ko:K03781
klp:GUC22_07630	ko:K12661
klp:GUC22_07635	ko:K26580
klp:GUC22_07640	ko:K12660
klp:GUC22_07645	ko:K00113
klp:GUC22_07650	ko:K00112
klp:GUC22_07655	ko:K00111
klp:GUC22_07670	ko:K11107
klp:GUC22_07675	ko:K00526
klp:GUC22_07680	ko:K00525
klp:GUC22_07685	ko:K00568
klp:GUC22_07690	ko:K02469
klp:GUC22_07695	ko:K07677
klp:GUC22_07700	ko:K07687
klp:GUC22_07705	ko:K07676
klp:GUC22_07710	ko:K09475
klp:GUC22_07715	ko:K03734
klp:GUC22_07720	ko:K10778
klp:GUC22_07725	ko:K03919
klp:GUC22_07730	ko:K06159
klp:GUC22_07735	ko:K06213
klp:GUC22_07740	ko:K03321
klp:GUC22_07745	ko:K00116
klp:GUC22_07750	ko:K08276
klp:GUC22_07765	ko:K14232
klp:GUC22_07770	ko:K07014
klp:GUC22_07775	ko:K09904
klp:GUC22_07780	ko:K06899
klp:GUC22_07795	ko:K02897
klp:GUC22_07800	ko:K19789
klp:GUC22_07805	ko:K06183
klp:GUC22_07810	ko:K07552
klp:GUC22_07820	ko:K13896
klp:GUC22_07825	ko:K13895
klp:GUC22_07830	ko:K13894
klp:GUC22_07835	ko:K13893
klp:GUC22_07840	ko:K26148
klp:GUC22_07845	ko:K13694
klp:GUC22_07850	ko:K19803
klp:GUC22_07865	ko:K02356
klp:GUC22_07870	ko:K06940
klp:GUC22_07875	ko:K03291
klp:GUC22_07880	ko:K11183
klp:GUC22_07885	ko:K00882
klp:GUC22_07890	ko:K02770
klp:GUC22_07895	ko:K16328
klp:GUC22_07900	ko:K16329
klp:GUC22_07905	ko:K16324
klp:GUC22_07915	ko:K01151
klp:GUC22_07930	ko:K11733
klp:GUC22_07935	ko:K16089
klp:GUC22_07940	ko:K01070
klp:GUC22_07945	ko:K01495
klp:GUC22_07950	ko:K07148
klp:GUC22_07955	ko:K02529
klp:GUC22_07960	ko:K10540
klp:GUC22_07965	ko:K10542
klp:GUC22_07970	ko:K10541
klp:GUC22_07990	ko:K03748
klp:GUC22_07995	ko:K01489
klp:GUC22_08005	ko:K06518
klp:GUC22_08015	ko:K08195
klp:GUC22_08020	ko:K00450
klp:GUC22_08025	ko:K16165
klp:GUC22_08030	ko:K01800
klp:GUC22_08035	ko:K22270
klp:GUC22_08040	ko:K05541
klp:GUC22_08045	ko:K03488
klp:GUC22_08050	ko:K02757
klp:GUC22_08055	ko:K01223
klp:GUC22_08065	ko:K18139
klp:GUC22_08080	ko:K07262
klp:GUC22_08090	ko:K03777
klp:GUC22_08095	ko:K05349
klp:GUC22_08100	ko:K05845
klp:GUC22_08105	ko:K05846
klp:GUC22_08110	ko:K05847
klp:GUC22_08115	ko:K05846
klp:GUC22_08125	ko:K21089
klp:GUC22_08130	ko:K27882
klp:GUC22_08135	ko:K27883
klp:GUC22_08180	ko:K01874
klp:GUC22_08185	ko:K03593
klp:GUC22_08195	ko:K23243
klp:GUC22_08205	ko:K06901
klp:GUC22_08210	ko:K01486
klp:GUC22_08220	ko:K25227
klp:GUC22_08225	ko:K00878
klp:GUC22_08230	ko:K00941
klp:GUC22_08235	ko:K11645
klp:GUC22_08240	ko:K00875
klp:GUC22_08245	ko:K00039
klp:GUC22_08250	ko:K03435
klp:GUC22_08260	ko:K00007
klp:GUC22_08265	ko:K00854
klp:GUC22_08270	ko:K28818
klp:GUC22_08275	ko:K24204
klp:GUC22_08285	ko:K02035
klp:GUC22_08290	ko:K02033
klp:GUC22_08295	ko:K02034
klp:GUC22_08300	ko:K02031
klp:GUC22_08305	ko:K02032
klp:GUC22_08325	ko:K08303
klp:GUC22_08330	ko:K07664
klp:GUC22_08335	ko:K07642
klp:GUC22_08340	ko:K18326
klp:GUC22_08345	ko:K07789
klp:GUC22_08350	ko:K07788
klp:GUC22_08355	ko:K07799
klp:GUC22_08360	ko:K01482
klp:GUC22_08365	ko:K10014
klp:GUC22_08370	ko:K10016
klp:GUC22_08375	ko:K10015
klp:GUC22_08380	ko:K03719
klp:GUC22_08385	ko:K06987
klp:GUC22_08390	ko:K18457
klp:GUC22_08400	ko:K01259
klp:GUC22_08405	ko:K02033
klp:GUC22_08410	ko:K02034
klp:GUC22_08415	ko:K02031
klp:GUC22_08420	ko:K02032
klp:GUC22_08425	ko:K02035
klp:GUC22_08455	ko:K08348
klp:GUC22_08460	ko:K00124
klp:GUC22_08465	ko:K00127
klp:GUC22_08470	ko:K01647
klp:GUC22_08475	ko:K04046
klp:GUC22_08480	ko:K01247
klp:GUC22_08485	ko:K00876
klp:GUC22_08490	ko:K01494
klp:GUC22_08495	ko:K07289
klp:GUC22_08505	ko:K00963
klp:GUC22_08520	ko:K01991
klp:GUC22_08525	ko:K25307
klp:GUC22_08530	ko:K16692
klp:GUC22_08555	ko:K00971
klp:GUC22_08560	ko:K01840
klp:GUC22_08600	ko:K00033
klp:GUC22_08605	ko:K00012
klp:GUC22_08615	ko:K08679
klp:GUC22_08620	ko:K09690
klp:GUC22_08625	ko:K09691
klp:GUC22_08635	ko:K01854
klp:GUC22_08655	ko:K11755
klp:GUC22_08660	ko:K02500
klp:GUC22_08665	ko:K01814
klp:GUC22_08670	ko:K02501
klp:GUC22_08675	ko:K01089
klp:GUC22_08680	ko:K00817
klp:GUC22_08685	ko:K00013
klp:GUC22_08690	ko:K00765
klp:GUC22_08720	ko:K15790
klp:GUC22_08725	ko:K02585
klp:GUC22_08730	ko:K02584
klp:GUC22_08735	ko:K23916
klp:GUC22_08740	ko:K03839
klp:GUC22_08745	ko:K03769
klp:GUC22_08750	ko:K02597
klp:GUC22_08755	ko:K02595
klp:GUC22_08760	ko:K02594
klp:GUC22_08765	ko:K04487
klp:GUC22_08770	ko:K13819
klp:GUC22_08775	ko:K02596
klp:GUC22_08780	ko:K02592
klp:GUC22_08785	ko:K02587
klp:GUC22_08795	ko:K02593
klp:GUC22_08800	ko:K02591
klp:GUC22_08805	ko:K02586
klp:GUC22_08810	ko:K02588
klp:GUC22_08815	ko:K03737
klp:GUC22_08825	ko:K02355
klp:GUC22_08830	ko:K01141
klp:GUC22_08835	ko:K07258
klp:GUC22_08845	ko:K07470
klp:GUC22_08855	ko:K09802
klp:GUC22_08865	ko:K02233
klp:GUC22_08870	ko:K01251
klp:GUC22_08875	ko:K07168
klp:GUC22_08895	ko:K08172
klp:GUC22_08920	ko:K03482
klp:GUC22_08925	ko:K02750
klp:GUC22_08930	ko:K01232
klp:GUC22_08940	ko:K07350
klp:GUC22_08945	ko:K07349
klp:GUC22_08950	ko:K07348
klp:GUC22_08955	ko:K07347
klp:GUC22_08960	ko:K07346
klp:GUC22_08965	ko:K07351
klp:GUC22_08970	ko:K07345
klp:GUC22_08980	ko:K14220
klp:GUC22_08985	ko:K19338
klp:GUC22_08990	ko:K13635
klp:GUC22_08995	ko:K19236
klp:GUC22_09005	ko:K03566
klp:GUC22_09025	ko:K07665
klp:GUC22_09030	ko:K07644
klp:GUC22_09095	ko:K25495
klp:GUC22_09100	ko:K25494
klp:GUC22_09135	ko:K18900
klp:GUC22_09145	ko:K09936
klp:GUC22_09150	ko:K13874
klp:GUC22_09190	ko:K03196
klp:GUC22_09195	ko:K03195
klp:GUC22_09200	ko:K03204
klp:GUC22_09205	ko:K03203
klp:GUC22_09210	ko:K03201
klp:GUC22_09220	ko:K03200
klp:GUC22_09225	ko:K03199
klp:GUC22_09230	ko:K03197
klp:GUC22_09235	ko:K03194
klp:GUC22_09255	ko:K07733
klp:GUC22_09280	ko:K13632
klp:GUC22_09290	ko:K00059
klp:GUC22_09315	ko:K00077
klp:GUC22_09320	ko:K07090
klp:GUC22_09330	ko:K14220
klp:GUC22_09335	ko:K26937
klp:GUC22_09340	ko:K14220
klp:GUC22_09345	ko:K01241
klp:GUC22_09350	ko:K19238
klp:GUC22_09365	ko:K12973
klp:GUC22_09385	ko:K11932
klp:GUC22_09395	ko:K23721
klp:GUC22_09410	ko:K18900
klp:GUC22_09425	ko:K14220
klp:GUC22_09430	ko:K09933
klp:GUC22_09435	ko:K14233
klp:GUC22_09445	ko:K20534
klp:GUC22_09455	ko:K09476
klp:GUC22_09465	ko:K06950
klp:GUC22_09470	ko:K00558
klp:GUC22_09475	ko:K07458
klp:GUC22_09485	ko:K09781
klp:GUC22_09495	ko:K21085
klp:GUC22_09510	ko:K07781
klp:GUC22_09520	ko:K01176
klp:GUC22_09525	ko:K02424
klp:GUC22_09530	ko:K05396
klp:GUC22_09535	ko:K10009
klp:GUC22_09540	ko:K10010
klp:GUC22_09545	ko:K07782
klp:GUC22_09555	ko:K07689
klp:GUC22_09560	ko:K03703
klp:GUC22_09565	ko:K00995
klp:GUC22_09570	ko:K14225
klp:GUC22_09575	ko:K14222
klp:GUC22_09580	ko:K14228
klp:GUC22_09585	ko:K01714
klp:GUC22_09590	ko:K07039
klp:GUC22_09595	ko:K03834
klp:GUC22_09605	ko:K02217
klp:GUC22_09630	ko:K16210
klp:GUC22_09635	ko:K02255
klp:GUC22_09645	ko:K10537
klp:GUC22_09650	ko:K10539
klp:GUC22_09655	ko:K10538
klp:GUC22_09660	ko:K01087
klp:GUC22_09665	ko:K00697
klp:GUC22_09670	ko:K14064
klp:GUC22_09680	ko:K16210
klp:GUC22_09685	ko:K15532
klp:GUC22_09690	ko:K01887
klp:GUC22_09695	ko:K09907
klp:GUC22_09700	ko:K06201
klp:GUC22_09705	ko:K15257
klp:GUC22_09710	ko:K15256
klp:GUC22_09715	ko:K07136
klp:GUC22_09730	ko:K01876
klp:GUC22_09735	ko:K08310
klp:GUC22_09745	ko:K01159
klp:GUC22_09750	ko:K03550
klp:GUC22_09755	ko:K03551
klp:GUC22_09760	ko:K09816
klp:GUC22_09765	ko:K09817
klp:GUC22_09770	ko:K09815
klp:GUC22_09775	ko:K19304
klp:GUC22_09780	ko:K02560
klp:GUC22_09785	ko:K00873
klp:GUC22_09790	ko:K19337
klp:GUC22_09795	ko:K00036
klp:GUC22_09800	ko:K01690
klp:GUC22_09805	ko:K01625
klp:GUC22_09810	ko:K08289
klp:GUC22_09815	ko:K09918
klp:GUC22_09825	ko:K01354
klp:GUC22_09830	ko:K10857
klp:GUC22_09835	ko:K02345
klp:GUC22_09840	ko:K07156
klp:GUC22_09845	ko:K07245
klp:GUC22_09855	ko:K27078
klp:GUC22_09860	ko:K07347
klp:GUC22_09865	ko:K07346
klp:GUC22_09870	ko:K27078
klp:GUC22_09875	ko:K27078
klp:GUC22_09885	ko:K09824
klp:GUC22_09890	ko:K07313
klp:GUC22_09905	ko:K11392
klp:GUC22_09910	ko:K06192
klp:GUC22_09915	ko:K03808
klp:GUC22_09920	ko:K08968
klp:GUC22_09925	ko:K03607
klp:GUC22_09930	ko:K03797
klp:GUC22_09935	ko:K03799
klp:GUC22_09940	ko:K08169
klp:GUC22_09945	ko:K19333
klp:GUC22_09970	ko:K03704
klp:GUC22_09975	ko:K03587
klp:GUC22_09980	ko:K00563
klp:GUC22_09985	ko:K23242
klp:GUC22_09995	ko:K02796
klp:GUC22_10000	ko:K02795
klp:GUC22_10005	ko:K02794
klp:GUC22_10015	ko:K21090
klp:GUC22_10020	ko:K01752
klp:GUC22_10030	ko:K01665
klp:GUC22_10035	ko:K09917
klp:GUC22_10050	ko:K02027
klp:GUC22_10055	ko:K02025
klp:GUC22_10060	ko:K02026
klp:GUC22_10065	ko:K10112
klp:GUC22_10080	ko:K03722
klp:GUC22_10085	ko:K14742
klp:GUC22_10090	ko:K07285
klp:GUC22_10095	ko:K01897
klp:GUC22_10100	ko:K03684
klp:GUC22_10105	ko:K03608
klp:GUC22_10110	ko:K03609
klp:GUC22_10115	ko:K03610
klp:GUC22_10120	ko:K09902
klp:GUC22_10125	ko:K29029
klp:GUC22_10130	ko:K09160
klp:GUC22_10140	ko:K03611
klp:GUC22_10145	ko:K03314
klp:GUC22_10150	ko:K03603
klp:GUC22_10155	ko:K06415
klp:GUC22_10160	ko:K00285
klp:GUC22_10165	ko:K01775
klp:GUC22_10170	ko:K11105
klp:GUC22_10175	ko:K01297
klp:GUC22_10180	ko:K08308
klp:GUC22_10195	ko:K01194
klp:GUC22_10200	ko:K03292
klp:GUC22_10210	ko:K05349
klp:GUC22_10230	ko:K07395
klp:GUC22_10260	ko:K05845
klp:GUC22_10265	ko:K05846
klp:GUC22_10270	ko:K05846
klp:GUC22_10275	ko:K05847
klp:GUC22_10280	ko:K06177
klp:GUC22_10285	ko:K21645
klp:GUC22_10290	ko:K01610
klp:GUC22_10300	ko:K03098
klp:GUC22_10305	ko:K07127
klp:GUC22_10310	ko:K02798
klp:GUC22_10315	ko:K06609
klp:GUC22_10330	ko:K07141
klp:GUC22_10335	ko:K22015
klp:GUC22_10340	ko:K24206
klp:GUC22_10360	ko:K12527
klp:GUC22_10365	ko:K07402
klp:GUC22_10370	ko:K00926
klp:GUC22_10375	ko:K01464
klp:GUC22_10385	ko:K01751
klp:GUC22_10400	ko:K06942
klp:GUC22_10405	ko:K01056
klp:GUC22_10420	ko:K03321
klp:GUC22_10425	ko:K00948
klp:GUC22_10430	ko:K00919
klp:GUC22_10435	ko:K02494
klp:GUC22_10440	ko:K02492
klp:GUC22_10445	ko:K02835
klp:GUC22_10450	ko:K02493
klp:GUC22_10465	ko:K01627
klp:GUC22_10470	ko:K07300
klp:GUC22_10475	ko:K06197
klp:GUC22_10480	ko:K07232
klp:GUC22_10490	ko:K06039
klp:GUC22_10500	ko:K15576
klp:GUC22_10505	ko:K15577
klp:GUC22_10510	ko:K15578
klp:GUC22_10515	ko:K00361
klp:GUC22_10520	ko:K00372
klp:GUC22_10530	ko:K07684
klp:GUC22_10535	ko:K07673
klp:GUC22_10540	ko:K02575
klp:GUC22_10545	ko:K00370
klp:GUC22_10550	ko:K00371
klp:GUC22_10555	ko:K00373
klp:GUC22_10560	ko:K00374
klp:GUC22_10570	ko:K03719
klp:GUC22_10580	ko:K14236
klp:GUC22_10585	ko:K14236
klp:GUC22_10590	ko:K01433
klp:GUC22_10595	ko:K09858
klp:GUC22_10600	ko:K07001
klp:GUC22_10605	ko:K02485
klp:GUC22_10610	ko:K00963
klp:GUC22_10615	ko:K03746
klp:GUC22_10620	ko:K00857
klp:GUC22_10625	ko:K04072
klp:GUC22_10635	ko:K15580
klp:GUC22_10640	ko:K15581
klp:GUC22_10645	ko:K15582
klp:GUC22_10650	ko:K15583
klp:GUC22_10655	ko:K10823
klp:GUC22_10660	ko:K10716
klp:GUC22_10665	ko:K09901
klp:GUC22_10670	ko:K06131
klp:GUC22_10680	ko:K09780
klp:GUC22_10685	ko:K03832
klp:GUC22_10700	ko:K16370
klp:GUC22_10705	ko:K07283
klp:GUC22_10715	ko:K01868
klp:GUC22_10720	ko:K02520
klp:GUC22_10725	ko:K02916
klp:GUC22_10730	ko:K02887
klp:GUC22_10740	ko:K01889
klp:GUC22_10745	ko:K01890
klp:GUC22_10750	ko:K04764
klp:GUC22_10755	ko:K06073
klp:GUC22_10760	ko:K02073
klp:GUC22_10765	ko:K00432
klp:GUC22_10770	ko:K06074
klp:GUC22_10775	ko:K13695
klp:GUC22_10780	ko:K08997
klp:GUC22_10790	ko:K01626
klp:GUC22_10795	ko:K09773
klp:GUC22_10800	ko:K01007
klp:GUC22_10805	ko:K18518
klp:GUC22_10815	ko:K26063
klp:GUC22_10820	ko:K19222
klp:GUC22_10840	ko:K07345
klp:GUC22_10845	ko:K07346
klp:GUC22_10850	ko:K07347
klp:GUC22_10855	ko:K07345
klp:GUC22_10860	ko:K07349
klp:GUC22_10865	ko:K05997
klp:GUC22_10870	ko:K09014
klp:GUC22_10875	ko:K09013
klp:GUC22_10880	ko:K09015
klp:GUC22_10885	ko:K11717
klp:GUC22_10890	ko:K02426
klp:GUC22_10895	ko:K19236
klp:GUC22_10900	ko:K06078
klp:GUC22_10905	ko:K00873
klp:GUC22_10910	ko:K01675
klp:GUC22_10920	ko:K26400
klp:GUC22_10925	ko:K08194
klp:GUC22_10935	ko:K05818
klp:GUC22_10940	ko:K05712
klp:GUC22_10945	ko:K05713
klp:GUC22_10950	ko:K05714
klp:GUC22_10955	ko:K02554
klp:GUC22_10960	ko:K04073
klp:GUC22_10965	ko:K01666
klp:GUC22_10970	ko:K05819
klp:GUC22_10975	ko:K05810
klp:GUC22_10990	ko:K24700
klp:GUC22_11000	ko:K04091
klp:GUC22_11010	ko:K15553
klp:GUC22_11015	ko:K15553
klp:GUC22_11020	ko:K15554
klp:GUC22_11025	ko:K15555
klp:GUC22_11030	ko:K02014
klp:GUC22_11035	ko:K02013
klp:GUC22_11040	ko:K02015
klp:GUC22_11045	ko:K02015
klp:GUC22_11050	ko:K02016
klp:GUC22_11060	ko:K02030
klp:GUC22_11065	ko:K02029
klp:GUC22_11070	ko:K02028
klp:GUC22_11085	ko:K22015
klp:GUC22_11090	ko:K13574
klp:GUC22_11095	ko:K00616
klp:GUC22_11105	ko:K02770
klp:GUC22_11110	ko:K02769
klp:GUC22_11115	ko:K23991
klp:GUC22_11120	ko:K19270
klp:GUC22_11125	ko:K00615
klp:GUC22_11130	ko:K04477
klp:GUC22_11135	ko:K11202
klp:GUC22_11145	ko:K11203
klp:GUC22_11150	ko:K23991
klp:GUC22_11155	ko:K02012
klp:GUC22_11160	ko:K02011
klp:GUC22_11165	ko:K02010
klp:GUC22_11170	ko:K03366
klp:GUC22_11175	ko:K01652
klp:GUC22_11180	ko:K01575
klp:GUC22_11190	ko:K03704
klp:GUC22_11195	ko:K01758
klp:GUC22_11200	ko:K18218
klp:GUC22_11205	ko:K26607
klp:GUC22_11215	ko:K09824
klp:GUC22_11220	ko:K05358
klp:GUC22_11225	ko:K02032
klp:GUC22_11230	ko:K02031
klp:GUC22_11235	ko:K02034
klp:GUC22_11240	ko:K02033
klp:GUC22_11245	ko:K02035
klp:GUC22_11250	ko:K02071
klp:GUC22_11255	ko:K02073
klp:GUC22_11260	ko:K02072
klp:GUC22_11270	ko:K19271
klp:GUC22_11275	ko:K01759
klp:GUC22_11285	ko:K05835
klp:GUC22_11290	ko:K01673
klp:GUC22_11340	ko:K05343
klp:GUC22_11345	ko:K00426
klp:GUC22_11350	ko:K00425
klp:GUC22_11355	ko:K07217
klp:GUC22_11370	ko:K06884
klp:GUC22_11375	ko:K14237
klp:GUC22_11380	ko:K14237
klp:GUC22_11385	ko:K14237
klp:GUC22_11390	ko:K26939
klp:GUC22_11395	ko:K00793
klp:GUC22_11400	ko:K00574
klp:GUC22_11405	ko:K28371
klp:GUC22_11415	ko:K03604
klp:GUC22_11425	ko:K19577
klp:GUC22_11430	ko:K04564
klp:GUC22_11435	ko:K19303
klp:GUC22_11440	ko:K07390
klp:GUC22_11445	ko:K03683
klp:GUC22_11450	ko:K01759
klp:GUC22_11455	ko:K10680
klp:GUC22_11460	ko:K16137
klp:GUC22_11465	ko:K06938
klp:GUC22_11475	ko:K04565
klp:GUC22_11495	ko:K06075
klp:GUC22_11505	ko:K06077
klp:GUC22_11510	ko:K09001
klp:GUC22_11520	ko:K00275
klp:GUC22_11525	ko:K01866
klp:GUC22_11530	ko:K00868
klp:GUC22_11535	ko:K00799
klp:GUC22_11540	ko:K03305
klp:GUC22_11545	ko:K10773
klp:GUC22_11550	ko:K03613
klp:GUC22_11555	ko:K03612
klp:GUC22_11560	ko:K03614
klp:GUC22_11565	ko:K03615
klp:GUC22_11570	ko:K03616
klp:GUC22_11575	ko:K03617
klp:GUC22_11590	ko:K01223
klp:GUC22_11595	ko:K22718
klp:GUC22_11605	ko:K01488
klp:GUC22_11610	ko:K02073
klp:GUC22_11620	ko:K07112
klp:GUC22_11630	ko:K14155
klp:GUC22_11635	ko:K02791
klp:GUC22_11640	ko:K16136
klp:GUC22_11650	ko:K01809
klp:GUC22_11655	ko:K01676
klp:GUC22_11660	ko:K01679
klp:GUC22_11665	ko:K10748
klp:GUC22_11670	ko:K07639
klp:GUC22_11680	ko:K07661
klp:GUC22_11685	ko:K21638
klp:GUC22_11695	ko:K13938
klp:GUC22_11700	ko:K03758
klp:GUC22_11710	ko:K00324
klp:GUC22_11715	ko:K00325
klp:GUC22_11725	ko:K14055
klp:GUC22_11730	ko:K01420
klp:GUC22_11735	ko:K00567
klp:GUC22_11740	ko:K12942
klp:GUC22_11745	ko:K12941
klp:GUC22_11750	ko:K12940
klp:GUC22_11755	ko:K14057
klp:GUC22_11765	ko:K02624
klp:GUC22_11770	ko:K01031
klp:GUC22_11775	ko:K01032
klp:GUC22_11780	ko:K07823
klp:GUC22_11785	ko:K01857
klp:GUC22_11790	ko:K01055
klp:GUC22_11795	ko:K01607
klp:GUC22_11800	ko:K01676
klp:GUC22_11805	ko:K11106
klp:GUC22_11810	ko:K28482
klp:GUC22_11815	ko:K03734
klp:GUC22_11820	ko:K07703
klp:GUC22_11825	ko:K07701
klp:GUC22_11840	ko:K07106
klp:GUC22_11845	ko:K00116
klp:GUC22_11850	ko:K13928
klp:GUC22_11855	ko:K13935
klp:GUC22_11860	ko:K13934
klp:GUC22_11865	ko:K13936
klp:GUC22_11870	ko:K13933
klp:GUC22_11875	ko:K13932
klp:GUC22_11880	ko:K13931
klp:GUC22_11885	ko:K13930
klp:GUC22_11890	ko:K13929
klp:GUC22_11895	ko:K11744
klp:GUC22_11900	ko:K11743
klp:GUC22_11905	ko:K11742
klp:GUC22_11915	ko:K04775
klp:GUC22_11935	ko:K01299
klp:GUC22_11940	ko:K08224
klp:GUC22_11950	ko:K15545
klp:GUC22_11955	ko:K01935
klp:GUC22_11960	ko:K03281
klp:GUC22_11965	ko:K23349
klp:GUC22_11970	ko:K07312
klp:GUC22_11975	ko:K07307
klp:GUC22_11980	ko:K07309
klp:GUC22_11995	ko:K00657
klp:GUC22_12005	ko:K09771
klp:GUC22_12010	ko:K08323
klp:GUC22_12015	ko:K08322
klp:GUC22_12020	ko:K08173
klp:GUC22_12025	ko:K00040
klp:GUC22_12030	ko:K11932
klp:GUC22_12035	ko:K22293
klp:GUC22_12040	ko:K16066
klp:GUC22_12045	ko:K01284
klp:GUC22_12060	ko:K09912
klp:GUC22_12090	ko:K02532
klp:GUC22_12095	ko:K01190
klp:GUC22_12100	ko:K27069
klp:GUC22_12110	ko:K21973
klp:GUC22_12125	ko:K00549
klp:GUC22_12140	ko:K07326
klp:GUC22_12175	ko:K13633
klp:GUC22_12190	ko:K11959
klp:GUC22_12195	ko:K11960
klp:GUC22_12200	ko:K11961
klp:GUC22_12205	ko:K11962
klp:GUC22_12210	ko:K11963
klp:GUC22_12225	ko:K15268
klp:GUC22_12230	ko:K13630
klp:GUC22_12235	ko:K13632
klp:GUC22_12240	ko:K03712
klp:GUC22_12245	ko:K05595
klp:GUC22_12250	ko:K08159
klp:GUC22_12270	ko:K19334
klp:GUC22_12285	ko:K01714
klp:GUC22_12295	ko:K22129
klp:GUC22_12300	ko:K22024
klp:GUC22_12310	ko:K00016
klp:GUC22_12315	ko:K03829
klp:GUC22_12325	ko:K08324
klp:GUC22_12330	ko:K01425
klp:GUC22_12350	ko:K00041
klp:GUC22_12365	ko:K00598
klp:GUC22_12370	ko:K06897
klp:GUC22_12380	ko:K07810
klp:GUC22_12385	ko:K07796
klp:GUC22_12390	ko:K07798
klp:GUC22_12395	ko:K07787
klp:GUC22_12420	ko:K07552
klp:GUC22_12430	ko:K00483
klp:GUC22_12435	ko:K13063
klp:GUC22_12440	ko:K20261
klp:GUC22_12445	ko:K00216
klp:GUC22_12450	ko:K01626
klp:GUC22_12455	ko:K21284
klp:GUC22_12465	ko:K16416
klp:GUC22_12495	ko:K00459
klp:GUC22_12500	ko:K02072
klp:GUC22_12505	ko:K02071
klp:GUC22_12510	ko:K02073
klp:GUC22_12535	ko:K16960
klp:GUC22_12540	ko:K16958
klp:GUC22_12545	ko:K16959
klp:GUC22_12550	ko:K16957
klp:GUC22_12565	ko:K00286
klp:GUC22_12580	ko:K01255
klp:GUC22_12585	ko:K01444
klp:GUC22_12590	ko:K02761
klp:GUC22_12605	ko:K02013
klp:GUC22_12610	ko:K02016
klp:GUC22_12615	ko:K02015
klp:GUC22_12625	ko:K16076
klp:GUC22_12630	ko:K02775
klp:GUC22_12635	ko:K00058
klp:GUC22_12640	ko:K00059
klp:GUC22_12645	ko:K00880
klp:GUC22_12650	ko:K02443
klp:GUC22_12660	ko:K00847
klp:GUC22_12670	ko:K10440
klp:GUC22_12675	ko:K10441
klp:GUC22_12680	ko:K10439
klp:GUC22_12705	ko:K09702
klp:GUC22_12725	ko:K01607
klp:GUC22_12735	ko:K00433
klp:GUC22_12740	ko:K09794
klp:GUC22_12745	ko:K00077
klp:GUC22_12755	ko:K23149
klp:GUC22_12760	ko:K01470
klp:GUC22_12765	ko:K02821
klp:GUC22_12770	ko:K02822
klp:GUC22_12775	ko:K03475
klp:GUC22_12785	ko:K03710
klp:GUC22_12805	ko:K01821
klp:GUC22_12820	ko:K01265
klp:GUC22_12840	ko:K12518
klp:GUC22_12845	ko:K12519
klp:GUC22_12860	ko:K12519
klp:GUC22_12900	ko:K13040
klp:GUC22_12905	ko:K13041
klp:GUC22_12915	ko:K16089
klp:GUC22_12925	ko:K01439
klp:GUC22_12935	ko:K07048
klp:GUC22_12940	ko:K10440
klp:GUC22_12945	ko:K10441
klp:GUC22_12950	ko:K02529
klp:GUC22_12955	ko:K10439
klp:GUC22_12960	ko:K00852
klp:GUC22_12965	ko:K06971
klp:GUC22_12970	ko:K03707
klp:GUC22_12975	ko:K09962
klp:GUC22_12990	ko:K15721
klp:GUC22_12995	ko:K04783
klp:GUC22_13000	ko:K05374
klp:GUC22_13005	ko:K04785
klp:GUC22_13010	ko:K04786
klp:GUC22_13015	ko:K04784
klp:GUC22_13020	ko:K05372
klp:GUC22_13025	ko:K14698
klp:GUC22_13030	ko:K14699
klp:GUC22_13035	ko:K05373
klp:GUC22_13040	ko:K04781
klp:GUC22_13045	ko:K11382
klp:GUC22_13050	ko:K08478
klp:GUC22_13055	ko:K08475
klp:GUC22_13060	ko:K08476
klp:GUC22_13065	ko:K03837
klp:GUC22_13070	ko:K01752
klp:GUC22_13090	ko:K01607
klp:GUC22_13095	ko:K10036
klp:GUC22_13100	ko:K10037
klp:GUC22_13105	ko:K10038
klp:GUC22_13150	ko:K15773
klp:GUC22_13205	ko:K21416
klp:GUC22_13210	ko:K21417
klp:GUC22_13215	ko:K00627
klp:GUC22_13220	ko:K00382
klp:GUC22_13225	ko:K01214
klp:GUC22_13230	ko:K06044
klp:GUC22_13235	ko:K01236
klp:GUC22_13260	ko:K00350
klp:GUC22_13285	ko:K18138
klp:GUC22_13310	ko:K02529
klp:GUC22_13315	ko:K03335
klp:GUC22_13325	ko:K03707
klp:GUC22_13330	ko:K15600
klp:GUC22_13335	ko:K15599
klp:GUC22_13340	ko:K15598
klp:GUC22_13345	ko:K00836
klp:GUC22_13350	ko:K13745
klp:GUC22_13355	ko:K07124
klp:GUC22_13360	ko:K16137
klp:GUC22_13365	ko:K01951
klp:GUC22_13370	ko:K05515
klp:GUC22_13375	ko:K01457
klp:GUC22_13380	ko:K01941
klp:GUC22_13385	ko:K28693
klp:GUC22_13390	ko:K28692
klp:GUC22_13395	ko:K02049
klp:GUC22_13400	ko:K02050
klp:GUC22_13405	ko:K02051
klp:GUC22_13425	ko:K09936
klp:GUC22_13430	ko:K09936
klp:GUC22_13440	ko:K03782
klp:GUC22_13450	ko:K01531
klp:GUC22_13455	ko:K07507
klp:GUC22_13465	ko:K08369
klp:GUC22_13500	ko:K08994
klp:GUC22_13515	ko:K04063
klp:GUC22_13535	ko:K02972
klp:GUC22_13540	ko:K00027
klp:GUC22_13555	ko:K01507
klp:GUC22_13560	ko:K13953
klp:GUC22_13565	ko:K02035
klp:GUC22_13570	ko:K02033
klp:GUC22_13575	ko:K02034
klp:GUC22_13580	ko:K02031
klp:GUC22_13580	ko:K02032
klp:GUC22_13595	ko:K08156
klp:GUC22_13600	ko:K19163
klp:GUC22_13605	ko:K08350
klp:GUC22_13610	ko:K08349
klp:GUC22_13615	ko:K08348
klp:GUC22_13625	ko:K05783
klp:GUC22_13630	ko:K05784
klp:GUC22_13635	ko:K05550
klp:GUC22_13640	ko:K05549
klp:GUC22_13645	ko:K03381
klp:GUC22_13650	ko:K03464
klp:GUC22_13655	ko:K01856
klp:GUC22_13660	ko:K02624
klp:GUC22_13665	ko:K08167
klp:GUC22_13675	ko:K02575
klp:GUC22_13680	ko:K00370
klp:GUC22_13685	ko:K00371
klp:GUC22_13690	ko:K00373
klp:GUC22_13695	ko:K00374
klp:GUC22_13700	ko:K00675
klp:GUC22_13705	ko:K02011
klp:GUC22_13710	ko:K02012
klp:GUC22_13715	ko:K02010
klp:GUC22_13740	ko:K16077
klp:GUC22_13750	ko:K07726
klp:GUC22_13760	ko:K01821
klp:GUC22_13765	ko:K11208
klp:GUC22_13770	ko:K06145
klp:GUC22_13775	ko:K20023
klp:GUC22_13780	ko:K03535
klp:GUC22_13785	ko:K02030
klp:GUC22_13790	ko:K02028
klp:GUC22_13795	ko:K02029
klp:GUC22_13805	ko:K02030
klp:GUC22_13810	ko:K28525
klp:GUC22_13830	ko:K11738
klp:GUC22_13845	ko:K02014
klp:GUC22_13855	ko:K01250
klp:GUC22_13860	ko:K23256
klp:GUC22_13870	ko:K24217
klp:GUC22_13875	ko:K09936
klp:GUC22_13885	ko:K12368
klp:GUC22_13890	ko:K00141
klp:GUC22_13895	ko:K01051
klp:GUC22_13905	ko:K28274
klp:GUC22_13925	ko:K00137
klp:GUC22_13930	ko:K02053
klp:GUC22_13935	ko:K02054
klp:GUC22_13940	ko:K02052
klp:GUC22_13945	ko:K02055
klp:GUC22_13955	ko:K00425
klp:GUC22_13960	ko:K00426
klp:GUC22_13975	ko:K24847
klp:GUC22_13980	ko:K23779
klp:GUC22_13990	ko:K05782
klp:GUC22_13995	ko:K07506
klp:GUC22_14010	ko:K12368
klp:GUC22_14015	ko:K01258
klp:GUC22_14020	ko:K16868
klp:GUC22_14025	ko:K03304
klp:GUC22_14035	ko:K03817
klp:GUC22_14050	ko:K03929
klp:GUC22_14055	ko:K25986
klp:GUC22_14060	ko:K00449
klp:GUC22_14065	ko:K00448
klp:GUC22_14075	ko:K05358
klp:GUC22_14085	ko:K00121
klp:GUC22_14090	ko:K23239
klp:GUC22_14095	ko:K12262
klp:GUC22_14130	ko:K00134
klp:GUC22_14135	ko:K07248
klp:GUC22_14145	ko:K00261
klp:GUC22_14150	ko:K06075
klp:GUC22_14165	ko:K18139
klp:GUC22_14175	ko:K03578
klp:GUC22_14180	ko:K01118
klp:GUC22_14190	ko:K02617
klp:GUC22_14195	ko:K02616
klp:GUC22_14200	ko:K01912
klp:GUC22_14205	ko:K02615
klp:GUC22_14210	ko:K02614
klp:GUC22_14215	ko:K00074
klp:GUC22_14220	ko:K15866
klp:GUC22_14225	ko:K01692
klp:GUC22_14230	ko:K02613
klp:GUC22_14235	ko:K02612
klp:GUC22_14240	ko:K02611
klp:GUC22_14245	ko:K02610
klp:GUC22_14250	ko:K02609
klp:GUC22_14255	ko:K02618
klp:GUC22_14260	ko:K00276
klp:GUC22_14270	ko:K09984
klp:GUC22_14280	ko:K00799
klp:GUC22_14320	ko:K01576
klp:GUC22_14335	ko:K00675
klp:GUC22_14350	ko:K00134
klp:GUC22_14365	ko:K19587
klp:GUC22_14370	ko:K19585
klp:GUC22_14375	ko:K19586
klp:GUC22_14380	ko:K05804
klp:GUC22_14410	ko:K00133
klp:GUC22_14425	ko:K01438
klp:GUC22_14440	ko:K07222
klp:GUC22_14450	ko:K02028
klp:GUC22_14450	ko:K02029
klp:GUC22_14460	ko:K02030
klp:GUC22_14470	ko:K00146
klp:GUC22_14475	ko:K06077
klp:GUC22_14485	ko:K03758
klp:GUC22_14490	ko:K01478
klp:GUC22_14495	ko:K14063
klp:GUC22_14500	ko:K09978
klp:GUC22_14520	ko:K03778
klp:GUC22_14525	ko:K03668
klp:GUC22_14575	ko:K03737
klp:GUC22_14580	ko:K14062
klp:GUC22_14590	ko:K14061
klp:GUC22_14600	ko:K08566
klp:GUC22_14605	ko:K14058
klp:GUC22_14610	ko:K05591
klp:GUC22_14615	ko:K16074
klp:GUC22_14625	ko:K02444
klp:GUC22_14635	ko:K03502
klp:GUC22_14640	ko:K03503
klp:GUC22_14655	ko:K02760
klp:GUC22_14660	ko:K08996
klp:GUC22_14665	ko:K03286
klp:GUC22_14680	ko:K18900
klp:GUC22_14705	ko:K06889
klp:GUC22_14735	ko:K06954
klp:GUC22_14740	ko:K09701
klp:GUC22_14745	ko:K00574
klp:GUC22_14770	ko:K02024
klp:GUC22_14780	ko:K03292
klp:GUC22_14785	ko:K01198
klp:GUC22_14790	ko:K11911
klp:GUC22_14795	ko:K11905
klp:GUC22_14825	ko:K11904
klp:GUC22_14830	ko:K11906
klp:GUC22_14835	ko:K11895
klp:GUC22_14840	ko:K11896
klp:GUC22_14845	ko:K11910
klp:GUC22_14855	ko:K11891
klp:GUC22_14885	ko:K11904
klp:GUC22_14895	ko:K11907
klp:GUC22_14900	ko:K11903
klp:GUC22_14910	ko:K11892
klp:GUC22_14915	ko:K11893
klp:GUC22_14920	ko:K11900
klp:GUC22_14925	ko:K11901
klp:GUC22_14935	ko:K05520
klp:GUC22_14940	ko:K15580
klp:GUC22_14945	ko:K14054
klp:GUC22_14950	ko:K19802
klp:GUC22_14955	ko:K11065
klp:GUC22_14960	ko:K07120
klp:GUC22_14965	ko:K03721
klp:GUC22_14970	ko:K08990
klp:GUC22_14975	ko:K06918
klp:GUC22_14980	ko:K03972
klp:GUC22_14985	ko:K03971
klp:GUC22_14990	ko:K03973
klp:GUC22_14995	ko:K03970
klp:GUC22_15000	ko:K03969
klp:GUC22_15005	ko:K03974
klp:GUC22_15010	ko:K08170
klp:GUC22_15015	ko:K01451
klp:GUC22_15030	ko:K19226
klp:GUC22_15035	ko:K19227
klp:GUC22_15040	ko:K19228
klp:GUC22_15045	ko:K19229
klp:GUC22_15050	ko:K19230
klp:GUC22_15055	ko:K09975
klp:GUC22_15060	ko:K00208
klp:GUC22_15070	ko:K01147
klp:GUC22_15085	ko:K04062
klp:GUC22_15090	ko:K03113
klp:GUC22_15095	ko:K01591
klp:GUC22_15100	ko:K19804
klp:GUC22_15105	ko:K08992
klp:GUC22_15110	ko:K01096
klp:GUC22_15115	ko:K01497
klp:GUC22_15120	ko:K27802
klp:GUC22_15130	ko:K13634
klp:GUC22_15135	ko:K03168
klp:GUC22_15145	ko:K04774
klp:GUC22_15155	ko:K19221
klp:GUC22_15165	ko:K05349
klp:GUC22_15170	ko:K03292
klp:GUC22_15175	ko:K06178
klp:GUC22_15190	ko:K07053
klp:GUC22_15195	ko:K01657
klp:GUC22_15200	ko:K13497
klp:GUC22_15205	ko:K13498
klp:GUC22_15210	ko:K01696
klp:GUC22_15215	ko:K01695
klp:GUC22_15245	ko:K07275
klp:GUC22_15255	ko:K06190
klp:GUC22_15260	ko:K19611
klp:GUC22_15265	ko:K10806
klp:GUC22_15275	ko:K24204
klp:GUC22_15280	ko:K00065
klp:GUC22_15285	ko:K07038
klp:GUC22_15290	ko:K06956
klp:GUC22_15295	ko:K15722
klp:GUC22_15300	ko:K03781
klp:GUC22_15305	ko:K03478
klp:GUC22_15310	ko:K01222
klp:GUC22_15315	ko:K03490
klp:GUC22_15320	ko:K02759
klp:GUC22_15325	ko:K02761
klp:GUC22_15330	ko:K02760
klp:GUC22_15335	ko:K04064
klp:GUC22_15340	ko:K01916
klp:GUC22_15345	ko:K05984
klp:GUC22_15355	ko:K03744
klp:GUC22_15360	ko:K06006
klp:GUC22_15365	ko:K05526
klp:GUC22_15370	ko:K01484
klp:GUC22_15375	ko:K06447
klp:GUC22_15380	ko:K00673
klp:GUC22_15385	ko:K00840
klp:GUC22_15390	ko:K01142
klp:GUC22_15410	ko:K05777
klp:GUC22_15415	ko:K05778
klp:GUC22_15420	ko:K05779
klp:GUC22_15425	ko:K21028
klp:GUC22_15435	ko:K08320
klp:GUC22_15440	ko:K00262
klp:GUC22_15445	ko:K03169
klp:GUC22_15450	ko:K01008
klp:GUC22_15455	ko:K09474
klp:GUC22_15465	ko:K04773
klp:GUC22_15470	ko:K01424
klp:GUC22_15475	ko:K08281
klp:GUC22_15480	ko:K08369
klp:GUC22_15490	ko:K18471
klp:GUC22_15505	ko:K00008
klp:GUC22_15510	ko:K08369
klp:GUC22_15520	ko:K01183
klp:GUC22_15530	ko:K09916
klp:GUC22_15535	ko:K07305
klp:GUC22_15540	ko:K00134
klp:GUC22_15545	ko:K01792
klp:GUC22_15555	ko:K07274
klp:GUC22_15560	ko:K07180
klp:GUC22_15565	ko:K09786
klp:GUC22_15580	ko:K19055
klp:GUC22_15590	ko:K25495
klp:GUC22_15595	ko:K25494
klp:GUC22_15615	ko:K09712
klp:GUC22_15625	ko:K06905
klp:GUC22_15630	ko:K06907
klp:GUC22_15635	ko:K06908
klp:GUC22_15655	ko:K06906
klp:GUC22_15660	ko:K05835
klp:GUC22_15665	ko:K09967
klp:GUC22_15690	ko:K06903
klp:GUC22_15715	ko:K01185
klp:GUC22_15780	ko:K06223
klp:GUC22_15825	ko:K13069
klp:GUC22_15850	ko:K11250
klp:GUC22_15855	ko:K12974
klp:GUC22_15860	ko:K23514
klp:GUC22_15865	ko:K07165
klp:GUC22_15870	ko:K16091
klp:GUC22_15875	ko:K23181
klp:GUC22_15880	ko:K23183
klp:GUC22_15885	ko:K23182
klp:GUC22_15890	ko:K23184
klp:GUC22_15895	ko:K01424
klp:GUC22_15915	ko:K01607
klp:GUC22_15930	ko:K21086
klp:GUC22_15935	ko:K18968
klp:GUC22_15955	ko:K00031
klp:GUC22_15960	ko:K06181
klp:GUC22_15965	ko:K12152
klp:GUC22_15970	ko:K00566
klp:GUC22_15975	ko:K07153
klp:GUC22_15980	ko:K01756
klp:GUC22_16005	ko:K07660
klp:GUC22_16010	ko:K07637
klp:GUC22_16015	ko:K18850
klp:GUC22_16025	ko:K07491
klp:GUC22_16030	ko:K01258
klp:GUC22_16035	ko:K11072
klp:GUC22_16040	ko:K11071
klp:GUC22_16045	ko:K11070
klp:GUC22_16050	ko:K11069
klp:GUC22_16060	ko:K12410
klp:GUC22_16065	ko:K28207
klp:GUC22_16070	ko:K09808
klp:GUC22_16075	ko:K09810
klp:GUC22_16080	ko:K09808
klp:GUC22_16085	ko:K03723
klp:GUC22_16090	ko:K19236
klp:GUC22_16095	ko:K12151
klp:GUC22_16100	ko:K22041
klp:GUC22_16105	ko:K02014
klp:GUC22_16115	ko:K03885
klp:GUC22_16120	ko:K07000
klp:GUC22_16125	ko:K01207
klp:GUC22_16130	ko:K07251
klp:GUC22_16135	ko:K07337
klp:GUC22_16145	ko:K02503
klp:GUC22_16150	ko:K16088
klp:GUC22_16155	ko:K02779
klp:GUC22_16160	ko:K03424
klp:GUC22_16165	ko:K02341
klp:GUC22_16170	ko:K00943
klp:GUC22_16175	ko:K07082
klp:GUC22_16180	ko:K02619
klp:GUC22_16185	ko:K09458
klp:GUC22_16190	ko:K02078
klp:GUC22_16195	ko:K00059
klp:GUC22_16200	ko:K00645
klp:GUC22_16205	ko:K00648
klp:GUC22_16210	ko:K03621
klp:GUC22_16215	ko:K02911
klp:GUC22_16220	ko:K07040
klp:GUC22_16225	ko:K25422
klp:GUC22_16235	ko:K06179
klp:GUC22_16240	ko:K08300
klp:GUC22_16255	ko:K03980
klp:GUC22_16260	ko:K03810
klp:GUC22_16265	ko:K09915
klp:GUC22_16270	ko:K03790
klp:GUC22_16275	ko:K08162
klp:GUC22_16280	ko:K03675
klp:GUC22_16290	ko:K01465
klp:GUC22_16295	ko:K12149
klp:GUC22_16300	ko:K12148
klp:GUC22_16305	ko:K02846
klp:GUC22_16315	ko:K07146
klp:GUC22_16320	ko:K02517
klp:GUC22_16325	ko:K08161
klp:GUC22_16330	ko:K12147
klp:GUC22_16340	ko:K03669
klp:GUC22_16345	ko:K03670
klp:GUC22_16350	ko:K11941
klp:GUC22_16360	ko:K23518
klp:GUC22_16380	ko:K04477
klp:GUC22_16385	ko:K12972
klp:GUC22_16390	ko:K14233
klp:GUC22_16400	ko:K06911
klp:GUC22_16410	ko:K14233
klp:GUC22_16415	ko:K21134
klp:GUC22_16420	ko:K21137
klp:GUC22_16445	ko:K06217
klp:GUC22_16450	ko:K16301
klp:GUC22_16455	ko:K07224
klp:GUC22_16460	ko:K07243
klp:GUC22_16465	ko:K03317
klp:GUC22_16475	ko:K11928
klp:GUC22_16480	ko:K13821
klp:GUC22_16490	ko:K09017
klp:GUC22_16495	ko:K09018
klp:GUC22_16500	ko:K09020
klp:GUC22_16505	ko:K09021
klp:GUC22_16510	ko:K09023
klp:GUC22_16515	ko:K09019
klp:GUC22_16520	ko:K09024
klp:GUC22_16525	ko:K09016
klp:GUC22_16530	ko:K06884
klp:GUC22_16535	ko:K03809
klp:GUC22_16545	ko:K01085
klp:GUC22_16560	ko:K14052
klp:GUC22_16565	ko:K09470
klp:GUC22_16570	ko:K09473
klp:GUC22_16575	ko:K14056
klp:GUC22_16580	ko:K09472
klp:GUC22_16585	ko:K09471
klp:GUC22_16590	ko:K16135
klp:GUC22_16595	ko:K07246
klp:GUC22_16600	ko:K23991
klp:GUC22_16605	ko:K11203
klp:GUC22_16610	ko:K11202
klp:GUC22_16620	ko:K04069
klp:GUC22_16625	ko:K11202
klp:GUC22_16660	ko:K04782
klp:GUC22_16670	ko:K22110
klp:GUC22_16675	ko:K01728
klp:GUC22_16680	ko:K02083
klp:GUC22_16685	ko:K00839
klp:GUC22_16690	ko:K02028
klp:GUC22_16695	ko:K02029
klp:GUC22_16700	ko:K02029
klp:GUC22_16705	ko:K02030
klp:GUC22_16715	ko:K22602
klp:GUC22_16725	ko:K22601
klp:GUC22_16735	ko:K16842
klp:GUC22_16740	ko:K16841
klp:GUC22_16750	ko:K03457
klp:GUC22_16755	ko:K01487
klp:GUC22_16760	ko:K07127
klp:GUC22_16765	ko:K16840
klp:GUC22_16770	ko:K16345
klp:GUC22_16775	ko:K16839
klp:GUC22_16795	ko:K02010
klp:GUC22_16800	ko:K02011
klp:GUC22_16805	ko:K02012
klp:GUC22_16815	ko:K05798
klp:GUC22_16830	ko:K08344
klp:GUC22_16840	ko:K03805
klp:GUC22_16855	ko:K09022
klp:GUC22_16860	ko:K03704
klp:GUC22_16865	ko:K03704
klp:GUC22_16870	ko:K03319
klp:GUC22_16875	ko:K01682
klp:GUC22_16880	ko:K07002
klp:GUC22_16885	ko:K05966
klp:GUC22_16890	ko:K05964
klp:GUC22_16895	ko:K01643
klp:GUC22_16900	ko:K01644
klp:GUC22_16905	ko:K01646
klp:GUC22_16910	ko:K01910
klp:GUC22_16920	ko:K08224
klp:GUC22_16935	ko:K02030
klp:GUC22_16945	ko:K02029
klp:GUC22_16950	ko:K02029
klp:GUC22_16955	ko:K02028
klp:GUC22_16960	ko:K00826
klp:GUC22_17000	ko:K07406
klp:GUC22_17005	ko:K01358
klp:GUC22_17015	ko:K05966
klp:GUC22_17020	ko:K01643
klp:GUC22_17025	ko:K01644
klp:GUC22_17030	ko:K01646
klp:GUC22_17035	ko:K01910
klp:GUC22_17050	ko:K07700
klp:GUC22_17055	ko:K07702
klp:GUC22_17060	ko:K18325
klp:GUC22_17070	ko:K03446
klp:GUC22_17075	ko:K00059
klp:GUC22_17085	ko:K02030
klp:GUC22_17090	ko:K02029
klp:GUC22_17095	ko:K02028
klp:GUC22_17105	ko:K19802
klp:GUC22_17115	ko:K01714
klp:GUC22_17120	ko:K01937
klp:GUC22_17125	ko:K00812
klp:GUC22_17130	ko:K03710
klp:GUC22_17140	ko:K02795
klp:GUC22_17145	ko:K02796
klp:GUC22_17150	ko:K02794
klp:GUC22_17160	ko:K18581
klp:GUC22_17190	ko:K14233
klp:GUC22_17195	ko:K15580
klp:GUC22_17200	ko:K19416
klp:GUC22_17205	ko:K11179
klp:GUC22_17210	ko:K01512
klp:GUC22_17225	ko:K06969
klp:GUC22_17230	ko:K11940
klp:GUC22_17245	ko:K12542
klp:GUC22_17250	ko:K12541
klp:GUC22_17255	ko:K12543
klp:GUC22_17265	ko:K06929
klp:GUC22_17270	ko:K01734
klp:GUC22_17275	ko:K03658
klp:GUC22_17290	ko:K07343
klp:GUC22_17295	ko:K13053
klp:GUC22_17300	ko:K03286
klp:GUC22_17305	ko:K09911
klp:GUC22_17310	ko:K04770
klp:GUC22_17315	ko:K01716
klp:GUC22_17320	ko:K03812
klp:GUC22_17325	ko:K09857
klp:GUC22_17330	ko:K06192
klp:GUC22_17335	ko:K03808
klp:GUC22_17340	ko:K15738
klp:GUC22_17345	ko:K12297
klp:GUC22_17350	ko:K07140
klp:GUC22_17355	ko:K18657
klp:GUC22_17360	ko:K00254
klp:GUC22_17365	ko:K00299
klp:GUC22_17370	ko:K15554
klp:GUC22_17375	ko:K15555
klp:GUC22_17380	ko:K01256
klp:GUC22_17385	ko:K00763
klp:GUC22_17390	ko:K01893
klp:GUC22_17395	ko:K09476
klp:GUC22_17400	ko:K00813
klp:GUC22_17405	ko:K01069
klp:GUC22_17415	ko:K21470
klp:GUC22_17420	ko:K03632
klp:GUC22_17425	ko:K03804
klp:GUC22_17430	ko:K03633
klp:GUC22_17435	ko:K06219
klp:GUC22_17450	ko:K00979
klp:GUC22_17455	ko:K09791
klp:GUC22_17460	ko:K09927
klp:GUC22_17465	ko:K00912
klp:GUC22_17470	ko:K11085
klp:GUC22_17475	ko:K02238
klp:GUC22_17480	ko:K05788
klp:GUC22_17485	ko:K02945
klp:GUC22_17490	ko:K00945
klp:GUC22_17495	ko:K07387
klp:GUC22_17500	ko:K00800
klp:GUC22_17505	ko:K00831
klp:GUC22_17515	ko:K09136
klp:GUC22_17520	ko:K06212
klp:GUC22_17525	ko:K00656
klp:GUC22_17530	ko:K04069
klp:GUC22_17540	ko:K02822
klp:GUC22_17545	ko:K03475
klp:GUC22_17550	ko:K00615
klp:GUC22_17555	ko:K00615
klp:GUC22_17565	ko:K08219
klp:GUC22_17570	ko:K07308
klp:GUC22_17575	ko:K07307
klp:GUC22_17580	ko:K07306
klp:GUC22_17585	ko:K01875
klp:GUC22_17590	ko:K07478
klp:GUC22_17595	ko:K03634
klp:GUC22_17600	ko:K03466
klp:GUC22_17605	ko:K03719
klp:GUC22_17610	ko:K00384
klp:GUC22_17615	ko:K16013
klp:GUC22_17620	ko:K16012
klp:GUC22_17625	ko:K00684
klp:GUC22_17630	ko:K02518
klp:GUC22_17635	ko:K03694
klp:GUC22_17640	ko:K06891
klp:GUC22_17645	ko:K03704
klp:GUC22_17650	ko:K05685
klp:GUC22_17655	ko:K13888
klp:GUC22_17660	ko:K07459
klp:GUC22_17665	ko:K06188
klp:GUC22_17670	ko:K28370
klp:GUC22_17675	ko:K05601
klp:GUC22_17680	ko:K11933
klp:GUC22_17685	ko:K15977
klp:GUC22_17690	ko:K00156
klp:GUC22_17695	ko:K01620
klp:GUC22_17710	ko:K11066
klp:GUC22_17725	ko:K10000
klp:GUC22_17730	ko:K09997
klp:GUC22_17735	ko:K09999
klp:GUC22_17740	ko:K09998
klp:GUC22_17745	ko:K09996
klp:GUC22_17760	ko:K03212
klp:GUC22_17770	ko:K11074
klp:GUC22_17775	ko:K11075
klp:GUC22_17780	ko:K11076
klp:GUC22_17785	ko:K11073
klp:GUC22_17795	ko:K05844
klp:GUC22_17800	ko:K10678
klp:GUC22_17810	ko:K03674
klp:GUC22_17820	ko:K07085
klp:GUC22_17825	ko:K23778
klp:GUC22_17835	ko:K20861
klp:GUC22_17840	ko:K08160
klp:GUC22_17845	ko:K19302
klp:GUC22_17850	ko:K11534
klp:GUC22_17855	ko:K07258
klp:GUC22_18000	ko:K09961
klp:GUC22_18070	ko:K03497
klp:GUC22_18130	ko:K14059
klp:GUC22_18135	ko:K00799
klp:GUC22_18140	ko:K21430
klp:GUC22_18145	ko:K19688
klp:GUC22_18150	ko:K02532
klp:GUC22_18160	ko:K14441
klp:GUC22_18165	ko:K13891
klp:GUC22_18170	ko:K13890
klp:GUC22_18175	ko:K13889
klp:GUC22_18180	ko:K13892
klp:GUC22_18185	ko:K13051
klp:GUC22_18190	ko:K03750
klp:GUC22_18195	ko:K21029
klp:GUC22_18200	ko:K04069
klp:GUC22_18210	ko:K07757
klp:GUC22_18225	ko:K08191
klp:GUC22_18230	ko:K01187
klp:GUC22_18245	ko:K19236
klp:GUC22_18250	ko:K03492
klp:GUC22_18255	ko:K01223
klp:GUC22_18270	ko:K11924
klp:GUC22_18285	ko:K11934
klp:GUC22_18290	ko:K11939
klp:GUC22_18295	ko:K04047
klp:GUC22_18300	ko:K10036
klp:GUC22_18305	ko:K10037
klp:GUC22_18310	ko:K10038
klp:GUC22_18315	ko:K22044
klp:GUC22_18320	ko:K06970
klp:GUC22_18330	ko:K16090
klp:GUC22_18335	ko:K07336
klp:GUC22_18355	ko:K03722
klp:GUC22_18360	ko:K11927
klp:GUC22_18365	ko:K00615
klp:GUC22_18370	ko:K00615
klp:GUC22_18390	ko:K23777
klp:GUC22_18395	ko:K25183
klp:GUC22_18400	ko:K25182
klp:GUC22_18405	ko:K25181
klp:GUC22_18410	ko:K25180
klp:GUC22_18425	ko:K06131
klp:GUC22_18430	ko:K07027
klp:GUC22_18435	ko:K06890
klp:GUC22_18440	ko:K03635
klp:GUC22_18445	ko:K03636
klp:GUC22_18450	ko:K03637
klp:GUC22_18455	ko:K03638
klp:GUC22_18460	ko:K03639
klp:GUC22_18470	ko:K03760
klp:GUC22_18475	ko:K07771
klp:GUC22_18480	ko:K07643
klp:GUC22_18490	ko:K03702
klp:GUC22_18495	ko:K11963
klp:GUC22_18500	ko:K01935
klp:GUC22_18505	ko:K02169
klp:GUC22_18510	ko:K00652
klp:GUC22_18515	ko:K01012
klp:GUC22_18520	ko:K00833
klp:GUC22_18530	ko:K16234
klp:GUC22_18535	ko:K01745
klp:GUC22_18540	ko:K01712
klp:GUC22_18545	ko:K05836
klp:GUC22_18550	ko:K01479
klp:GUC22_18555	ko:K01468
klp:GUC22_18560	ko:K01051
klp:GUC22_18575	ko:K21972
klp:GUC22_18580	ko:K21973
klp:GUC22_18585	ko:K21974
klp:GUC22_18590	ko:K21975
klp:GUC22_18595	ko:K21976
klp:GUC22_18600	ko:K00375
klp:GUC22_18610	ko:K07404
klp:GUC22_18615	ko:K28853
klp:GUC22_18620	ko:K02017
klp:GUC22_18625	ko:K02018
klp:GUC22_18630	ko:K02020
klp:GUC22_18635	ko:K25859
klp:GUC22_18640	ko:K02019
klp:GUC22_18645	ko:K05776
klp:GUC22_18650	ko:K01784
klp:GUC22_18655	ko:K00965
klp:GUC22_18660	ko:K00849
klp:GUC22_18665	ko:K01785
klp:GUC22_18670	ko:K01834
klp:GUC22_18675	ko:K01626
klp:GUC22_18685	ko:K16264
klp:GUC22_18690	ko:K03811
klp:GUC22_18695	ko:K03517
klp:GUC22_18700	ko:K07486
klp:GUC22_18710	ko:K14229
klp:GUC22_18715	ko:K14229
klp:GUC22_18720	ko:K14229
klp:GUC22_18725	ko:K14237
klp:GUC22_18730	ko:K14229
klp:GUC22_18740	ko:K03640
klp:GUC22_18745	ko:K03641
klp:GUC22_18750	ko:K03646
klp:GUC22_18755	ko:K03560
klp:GUC22_18760	ko:K03562
klp:GUC22_18765	ko:K07107
klp:GUC22_18775	ko:K00424
klp:GUC22_18780	ko:K00426
klp:GUC22_18785	ko:K00425
klp:GUC22_18790	ko:K01846
klp:GUC22_18800	ko:K19268
klp:GUC22_18805	ko:K04835
klp:GUC22_18825	ko:K01425
klp:GUC22_18830	ko:K01676
klp:GUC22_18835	ko:K19221
klp:GUC22_18845	ko:K27259
klp:GUC22_18850	ko:K01902
klp:GUC22_18855	ko:K01903
klp:GUC22_18860	ko:K00658
klp:GUC22_18865	ko:K00164
klp:GUC22_18870	ko:K00240
klp:GUC22_18875	ko:K00239
klp:GUC22_18880	ko:K00242
klp:GUC22_18885	ko:K00241
klp:GUC22_18890	ko:K01647
klp:GUC22_18895	ko:K05522
klp:GUC22_18900	ko:K01304
klp:GUC22_18915	ko:K07160
klp:GUC22_18920	ko:K23124
klp:GUC22_18925	ko:K23123
klp:GUC22_18935	ko:K03305
klp:GUC22_18940	ko:K01669
klp:GUC22_18950	ko:K01545
klp:GUC22_18955	ko:K01546
klp:GUC22_18960	ko:K01547
klp:GUC22_18965	ko:K01548
klp:GUC22_18970	ko:K07646
klp:GUC22_18975	ko:K07667
klp:GUC22_18980	ko:K03077
klp:GUC22_18985	ko:K03079
klp:GUC22_18990	ko:K00880
klp:GUC22_18995	ko:K10440
klp:GUC22_19000	ko:K10441
klp:GUC22_19005	ko:K10439
klp:GUC22_19010	ko:K23271
klp:GUC22_19015	ko:K02430
klp:GUC22_19025	ko:K01835
klp:GUC22_19030	ko:K03645
klp:GUC22_19035	ko:K01175
klp:GUC22_19045	ko:K03839
klp:GUC22_19050	ko:K03711
klp:GUC22_19055	ko:K13794
klp:GUC22_19060	ko:K13796
klp:GUC22_19065	ko:K13795
klp:GUC22_19070	ko:K03288
klp:GUC22_19085	ko:K01886
klp:GUC22_19090	ko:K02804
klp:GUC22_19095	ko:K02564
klp:GUC22_19100	ko:K01443
klp:GUC22_19105	ko:K02565
klp:GUC22_19110	ko:K02566
klp:GUC22_19115	ko:K01953
klp:GUC22_19120	ko:K14230
klp:GUC22_19125	ko:K14228
klp:GUC22_19130	ko:K14223
klp:GUC22_19135	ko:K14223
klp:GUC22_19140	ko:K14230
klp:GUC22_19145	ko:K14223
klp:GUC22_19150	ko:K14223
klp:GUC22_19155	ko:K03184
klp:GUC22_19160	ko:K06168
klp:GUC22_19165	ko:K06217
klp:GUC22_19170	ko:K07042
klp:GUC22_19175	ko:K06189
klp:GUC22_19180	ko:K03820
klp:GUC22_19185	ko:K10001
klp:GUC22_19190	ko:K10003
klp:GUC22_19195	ko:K10002
klp:GUC22_19200	ko:K10004
klp:GUC22_19220	ko:K01869
klp:GUC22_19225	ko:K03643
klp:GUC22_19230	ko:K02340
klp:GUC22_19235	ko:K00969
klp:GUC22_19240	ko:K02226
klp:GUC22_19245	ko:K09710
klp:GUC22_19250	ko:K00783
klp:GUC22_19255	ko:K05515
klp:GUC22_19260	ko:K05837
klp:GUC22_19265	ko:K03642
klp:GUC22_19270	ko:K07258
klp:GUC22_19275	ko:K09158
klp:GUC22_19280	ko:K03801
klp:GUC22_19290	ko:K03644
klp:GUC22_19295	ko:K03425
klp:GUC22_19300	ko:K11206
klp:GUC22_19305	ko:K06199
klp:GUC22_19310	ko:K03704
klp:GUC22_19315	ko:K12973
klp:GUC22_19320	ko:K03326
klp:GUC22_19325	ko:K01169
klp:GUC22_19330	ko:K06140
klp:GUC22_19335	ko:K11932
klp:GUC22_19340	ko:K03387
klp:GUC22_19345	ko:K24119
klp:GUC22_19365	ko:K14287
klp:GUC22_19370	ko:K09880
klp:GUC22_19375	ko:K08967
klp:GUC22_19380	ko:K08351
klp:GUC22_19385	ko:K10439
klp:GUC22_19390	ko:K10441
klp:GUC22_19395	ko:K10440
klp:GUC22_19400	ko:K10440
klp:GUC22_19410	ko:K00058
klp:GUC22_19415	ko:K00862
klp:GUC22_19420	ko:K08964
klp:GUC22_19430	ko:K10974
klp:GUC22_19440	ko:K01485
klp:GUC22_19450	ko:K01092
klp:GUC22_19455	ko:K07783
klp:GUC22_19460	ko:K01093
klp:GUC22_19465	ko:K08963
klp:GUC22_19470	ko:K00899
klp:GUC22_19480	ko:K02058
klp:GUC22_19485	ko:K02057
klp:GUC22_19490	ko:K02056
klp:GUC22_19495	ko:K08317
klp:GUC22_19515	ko:K06200
klp:GUC22_19520	ko:K24147
klp:GUC22_19525	ko:K00216
klp:GUC22_19530	ko:K01252
klp:GUC22_19535	ko:K02363
klp:GUC22_19540	ko:K02361
klp:GUC22_19545	ko:K23185
klp:GUC22_19550	ko:K08225
klp:GUC22_19555	ko:K23186
klp:GUC22_19560	ko:K23187
klp:GUC22_19565	ko:K23188
klp:GUC22_19570	ko:K02364
klp:GUC22_19580	ko:K07214
klp:GUC22_19585	ko:K19611
klp:GUC22_19590	ko:K02362
klp:GUC22_19595	ko:K00615
klp:GUC22_19600	ko:K00615
klp:GUC22_19610	ko:K00864
klp:GUC22_19615	ko:K17202
klp:GUC22_19625	ko:K17204
klp:GUC22_19630	ko:K17203
klp:GUC22_19635	ko:K03366
klp:GUC22_19645	ko:K18922
klp:GUC22_19650	ko:K02168
klp:GUC22_19655	ko:K02167
klp:GUC22_19660	ko:K00130
klp:GUC22_19665	ko:K00108
klp:GUC22_19675	ko:K15372
klp:GUC22_19680	ko:K15373
klp:GUC22_19685	ko:K02028
klp:GUC22_19690	ko:K02029
klp:GUC22_19695	ko:K02029
klp:GUC22_19700	ko:K02030
klp:GUC22_19705	ko:K00375
klp:GUC22_19710	ko:K05834
klp:GUC22_19725	ko:K06016
klp:GUC22_19730	ko:K01426
klp:GUC22_19735	ko:K02031
klp:GUC22_19740	ko:K02032
klp:GUC22_19745	ko:K02034
klp:GUC22_19750	ko:K02033
klp:GUC22_19755	ko:K02035
klp:GUC22_19760	ko:K06048
klp:GUC22_19770	ko:K18138
klp:GUC22_19775	ko:K03585
klp:GUC22_19795	ko:K02014
klp:GUC22_19800	ko:K18325
klp:GUC22_19820	ko:K10679
klp:GUC22_19825	ko:K02793
klp:GUC22_19830	ko:K19507
klp:GUC22_19835	ko:K19508
klp:GUC22_19840	ko:K19509
klp:GUC22_19850	ko:K10708
klp:GUC22_19875	ko:K16053
klp:GUC22_19895	ko:K21964
klp:GUC22_19900	ko:K21965
klp:GUC22_19905	ko:K21966
klp:GUC22_19910	ko:K21967
klp:GUC22_19915	ko:K21968
klp:GUC22_19925	ko:K18900
klp:GUC22_19955	ko:K11732
klp:GUC22_19960	ko:K02014
klp:GUC22_19970	ko:K10013
klp:GUC22_19975	ko:K01451
klp:GUC22_19990	ko:K00847
klp:GUC22_19995	ko:K16077
klp:GUC22_20000	ko:K02810
klp:GUC22_20005	ko:K01193
klp:GUC22_20010	ko:K03484
klp:GUC22_20015	ko:K07154
klp:GUC22_20025	ko:K03488
klp:GUC22_20030	ko:K01223
klp:GUC22_20035	ko:K02757
klp:GUC22_20040	ko:K03566
klp:GUC22_20045	ko:K01997
klp:GUC22_20050	ko:K01998
klp:GUC22_20055	ko:K01995
klp:GUC22_20060	ko:K01996
klp:GUC22_20065	ko:K01999
klp:GUC22_20075	ko:K06016
klp:GUC22_20080	ko:K17214
klp:GUC22_20085	ko:K17215
klp:GUC22_20090	ko:K17213
klp:GUC22_20095	ko:K02529
klp:GUC22_20100	ko:K00010
klp:GUC22_20110	ko:K24153
klp:GUC22_20120	ko:K04567
klp:GUC22_20125	ko:K03305
klp:GUC22_20130	ko:K01582
klp:GUC22_20135	ko:K03757
klp:GUC22_20140	ko:K03765
klp:GUC22_20165	ko:K18650
klp:GUC22_20180	ko:K14219
klp:GUC22_20185	ko:K01491
klp:GUC22_20190	ko:K14761
klp:GUC22_20195	ko:K01883
klp:GUC22_20200	ko:K03768
klp:GUC22_20205	ko:K03269
klp:GUC22_20215	ko:K01588
klp:GUC22_20220	ko:K01589
klp:GUC22_20225	ko:K00926
klp:GUC22_20230	ko:K28795
klp:GUC22_20235	ko:K28794
klp:GUC22_20240	ko:K02381
klp:GUC22_20245	ko:K00073
klp:GUC22_20250	ko:K02083
klp:GUC22_20255	ko:K14977
klp:GUC22_20260	ko:K00865
klp:GUC22_20270	ko:K01466
klp:GUC22_20275	ko:K10975
klp:GUC22_20285	ko:K00042
klp:GUC22_20290	ko:K01816
klp:GUC22_20295	ko:K01608
klp:GUC22_20300	ko:K10973
klp:GUC22_20305	ko:K01483
klp:GUC22_20310	ko:K10972
klp:GUC22_20315	ko:K06917
klp:GUC22_20330	ko:K02004
klp:GUC22_20335	ko:K02003
klp:GUC22_20340	ko:K10804
klp:GUC22_20350	ko:K05838
klp:GUC22_20355	ko:K02069
klp:GUC22_20360	ko:K02068
klp:GUC22_20370	ko:K07340
klp:GUC22_20385	ko:K19591
klp:GUC22_20390	ko:K17686
klp:GUC22_20400	ko:K03561
klp:GUC22_20405	ko:K02014
klp:GUC22_20410	ko:K03832
klp:GUC22_20415	ko:K03559
klp:GUC22_20420	ko:K09973
klp:GUC22_20425	ko:K03976
klp:GUC22_20430	ko:K11751
klp:GUC22_20435	ko:K08223
klp:GUC22_20440	ko:K26735
klp:GUC22_20445	ko:K00892
klp:GUC22_20450	ko:K01772
klp:GUC22_20455	ko:K00939
klp:GUC22_20460	ko:K04079
klp:GUC22_20465	ko:K06187
klp:GUC22_20470	ko:K09747
klp:GUC22_20475	ko:K02343
klp:GUC22_20480	ko:K00759
klp:GUC22_20485	ko:K09790
klp:GUC22_20490	ko:K04067
klp:GUC22_20505	ko:K05802
klp:GUC22_20510	ko:K03577
klp:GUC22_20515	ko:K03585
klp:GUC22_20520	ko:K18138
klp:GUC22_20525	ko:K19162
klp:GUC22_20530	ko:K05839
klp:GUC22_20535	ko:K00661
klp:GUC22_20545	ko:K00375
klp:GUC22_20555	ko:K02919
klp:GUC22_20560	ko:K02909
klp:GUC22_20565	ko:K27069
klp:GUC22_20570	ko:K02024
klp:GUC22_20575	ko:K02778
klp:GUC22_20580	ko:K12308
klp:GUC22_20585	ko:K01224
klp:GUC22_20590	ko:K15772
klp:GUC22_20595	ko:K15771
klp:GUC22_20600	ko:K15770
klp:GUC22_20605	ko:K10111
klp:GUC22_20610	ko:K26148
klp:GUC22_20615	ko:K23240
klp:GUC22_20620	ko:K08970
klp:GUC22_20650	ko:K01983
klp:GUC22_20660	ko:K07443
klp:GUC22_20665	ko:K09914
klp:GUC22_20670	ko:K10805
klp:GUC22_20680	ko:K22958
klp:GUC22_20685	ko:K07150
klp:GUC22_20690	ko:K03320
klp:GUC22_20695	ko:K04752
klp:GUC22_20700	ko:K18890
klp:GUC22_20705	ko:K18889
klp:GUC22_20710	ko:K05800
klp:GUC22_20715	ko:K28981
klp:GUC22_20720	ko:K11938
klp:GUC22_20730	ko:K06920
klp:GUC22_20735	ko:K12500
klp:GUC22_20740	ko:K02237
klp:GUC22_20750	ko:K03770
klp:GUC22_20755	ko:K03530
klp:GUC22_20760	ko:K01338
klp:GUC22_20765	ko:K03544
klp:GUC22_20770	ko:K01358
klp:GUC22_20775	ko:K03545
klp:GUC22_20780	ko:K05527
klp:GUC22_20785	ko:K07286
klp:GUC22_20790	ko:K08218
klp:GUC22_20795	ko:K02297
klp:GUC22_20800	ko:K02298
klp:GUC22_20805	ko:K02299
klp:GUC22_20810	ko:K02300
klp:GUC22_20815	ko:K02257
klp:GUC22_20825	ko:K02624
klp:GUC22_20855	ko:K08195
klp:GUC22_20860	ko:K03292
klp:GUC22_20875	ko:K09767
klp:GUC22_20880	ko:K00077
klp:GUC22_20885	ko:K03152
klp:GUC22_20890	ko:K03151
klp:GUC22_20895	ko:K03602
klp:GUC22_20900	ko:K00795
klp:GUC22_20905	ko:K01662
klp:GUC22_20910	ko:K23107
klp:GUC22_20915	ko:K01095
klp:GUC22_20920	ko:K00946
klp:GUC22_20925	ko:K03625
klp:GUC22_20930	ko:K00794
klp:GUC22_20935	ko:K11752
klp:GUC22_20940	ko:K07738
klp:GUC22_20950	ko:K05517
klp:GUC22_20960	ko:K06996
klp:GUC22_20970	ko:K03074
klp:GUC22_20975	ko:K03072
klp:GUC22_20980	ko:K03210
klp:GUC22_20985	ko:K00773
klp:GUC22_20990	ko:K07568
klp:GUC22_20995	ko:K08682
klp:GUC22_21000	ko:K03386
klp:GUC22_21020	ko:K09932
klp:GUC22_21035	ko:K01187
klp:GUC22_21040	ko:K11736
klp:GUC22_21045	ko:K03311
klp:GUC22_21050	ko:K07636
klp:GUC22_21055	ko:K07657
klp:GUC22_21060	ko:K03547
klp:GUC22_21065	ko:K03546
klp:GUC22_21080	ko:K03554
klp:GUC22_21085	ko:K09913
klp:GUC22_21090	ko:K14591
klp:GUC22_21100	ko:K00891
klp:GUC22_21105	ko:K09945
klp:GUC22_21110	ko:K09768
klp:GUC22_21115	ko:K00286
klp:GUC22_21125	ko:K01077
klp:GUC22_21135	ko:K06146
klp:GUC22_21145	ko:K00046
klp:GUC22_21150	ko:K08161
klp:GUC22_21160	ko:K01921
klp:GUC22_21180	ko:K17938
klp:GUC22_21190	ko:K18988
klp:GUC22_21195	ko:K01698
klp:GUC22_21210	ko:K03119
klp:GUC22_21215	ko:K15552
klp:GUC22_21220	ko:K10831
klp:GUC22_21225	ko:K15551
klp:GUC22_21230	ko:K20264
klp:GUC22_21235	ko:K20263
klp:GUC22_21240	ko:K07783
klp:GUC22_21245	ko:K02012
klp:GUC22_21250	ko:K02011
klp:GUC22_21255	ko:K02010
klp:GUC22_21260	ko:K00547
klp:GUC22_21265	ko:K16235
klp:GUC22_21270	ko:K01184
klp:GUC22_21275	ko:K16238
klp:GUC22_21280	ko:K03735
klp:GUC22_21285	ko:K03736
klp:GUC22_21290	ko:K01999
klp:GUC22_21295	ko:K01997
klp:GUC22_21300	ko:K01998
klp:GUC22_21305	ko:K01995
klp:GUC22_21310	ko:K01996
klp:GUC22_21320	ko:K02030
klp:GUC22_21325	ko:K02028
klp:GUC22_21330	ko:K02029
klp:GUC22_21335	ko:K02029
klp:GUC22_21340	ko:K21968
klp:GUC22_21345	ko:K21967
klp:GUC22_21350	ko:K21966
klp:GUC22_21355	ko:K21965
klp:GUC22_21360	ko:K21964
klp:GUC22_21365	ko:K21963
klp:GUC22_21370	ko:K02041
klp:GUC22_21375	ko:K02044
klp:GUC22_21380	ko:K02042
klp:GUC22_21385	ko:K02042
klp:GUC22_21395	ko:K07090
klp:GUC22_21410	ko:K15555
klp:GUC22_21415	ko:K15554
klp:GUC22_21420	ko:K15553
klp:GUC22_21430	ko:K13695
klp:GUC22_21435	ko:K11929
klp:GUC22_21440	ko:K00931
klp:GUC22_21445	ko:K00147
klp:GUC22_21450	ko:K14234
klp:GUC22_21475	ko:K14475
klp:GUC22_21505	ko:K09458
klp:GUC22_21510	ko:K18199
klp:GUC22_21520	ko:K06988
klp:GUC22_21525	ko:K09458
klp:GUC22_21550	ko:K00286
klp:GUC22_21555	ko:K07791
klp:GUC22_21565	ko:K01714
klp:GUC22_21570	ko:K02529
klp:GUC22_21575	ko:K28762
klp:GUC22_21580	ko:K07267
klp:GUC22_21590	ko:K03824
klp:GUC22_21595	ko:K09982
klp:GUC22_21600	ko:K01686
klp:GUC22_21605	ko:K00040
klp:GUC22_21610	ko:K13637
klp:GUC22_21620	ko:K02014
klp:GUC22_21630	ko:K00135
klp:GUC22_21640	ko:K20920
klp:GUC22_21645	ko:K20988
klp:GUC22_21650	ko:K16554
klp:GUC22_21690	ko:K03819
klp:GUC22_21695	ko:K11926
klp:GUC22_21700	ko:K11750
klp:GUC22_21705	ko:K00769
klp:GUC22_21710	ko:K01270
klp:GUC22_21715	ko:K03830
klp:GUC22_21720	ko:K02346
klp:GUC22_21730	ko:K05952
klp:GUC22_21735	ko:K00351
klp:GUC22_21740	ko:K00350
klp:GUC22_21745	ko:K00349
klp:GUC22_21750	ko:K00348
klp:GUC22_21755	ko:K00347
klp:GUC22_21760	ko:K00346
klp:GUC22_21765	ko:K28919
klp:GUC22_21775	ko:K03271
klp:GUC22_21780	ko:K06445
klp:GUC22_21785	ko:K13566
klp:GUC22_21790	ko:K14221
klp:GUC22_21795	ko:K02342
klp:GUC22_21800	ko:K03469
klp:GUC22_21810	ko:K01069
klp:GUC22_21815	ko:K08307
klp:GUC22_21830	ko:K19577
klp:GUC22_21840	ko:K06222
klp:GUC22_21845	ko:K14221
klp:GUC22_21850	ko:K01985
klp:GUC22_21855	ko:K01980
klp:GUC22_21860	ko:K14218
klp:GUC22_21865	ko:K14227
klp:GUC22_21870	ko:K01977
klp:GUC22_21875	ko:K03273
klp:GUC22_21880	ko:K02071
klp:GUC22_21885	ko:K02072
klp:GUC22_21890	ko:K02073
klp:GUC22_21895	ko:K06080
klp:GUC22_21900	ko:K22900
klp:GUC22_21905	ko:K01881
klp:GUC22_21910	ko:K06079
klp:GUC22_21915	ko:K15034
klp:GUC22_21930	ko:K19000
klp:GUC22_21935	ko:K04075
klp:GUC22_21940	ko:K08234
klp:GUC22_21945	ko:K01582
klp:GUC22_21950	ko:K01962
klp:GUC22_21955	ko:K02337
klp:GUC22_21960	ko:K03470
klp:GUC22_21965	ko:K00748
klp:GUC22_21970	ko:K00677
klp:GUC22_21975	ko:K02372
klp:GUC22_21980	ko:K02536
klp:GUC22_21985	ko:K06142
klp:GUC22_21990	ko:K07277
klp:GUC22_21995	ko:K11749
klp:GUC22_22000	ko:K00981
klp:GUC22_22005	ko:K00806
klp:GUC22_22010	ko:K00099
klp:GUC22_22015	ko:K02838
klp:GUC22_22020	ko:K09903
klp:GUC22_22025	ko:K02357
klp:GUC22_22030	ko:K02967
klp:GUC22_22035	ko:K01265
klp:GUC22_22040	ko:K00990
klp:GUC22_22045	ko:K00674
klp:GUC22_22055	ko:K02647
klp:GUC22_22060	ko:K04771
klp:GUC22_22065	ko:K01129
klp:GUC22_22070	ko:K01243
klp:GUC22_22075	ko:K06858
klp:GUC22_22085	ko:K15724
klp:GUC22_22090	ko:K03281
klp:GUC22_22095	ko:K01845
klp:GUC22_22100	ko:K23228
klp:GUC22_22105	ko:K23227
klp:GUC22_22110	ko:K10829
klp:GUC22_22115	ko:K02014
klp:GUC22_22120	ko:K05365
klp:GUC22_22125	ko:K02465
klp:GUC22_22130	ko:K02451
klp:GUC22_22135	ko:K01200
klp:GUC22_22140	ko:K02452
klp:GUC22_22145	ko:K02453
klp:GUC22_22150	ko:K02454
klp:GUC22_22155	ko:K02455
klp:GUC22_22160	ko:K02456
klp:GUC22_22165	ko:K02457
klp:GUC22_22170	ko:K02458
klp:GUC22_22175	ko:K02459
klp:GUC22_22180	ko:K02460
klp:GUC22_22185	ko:K02461
klp:GUC22_22190	ko:K02462
klp:GUC22_22195	ko:K02463
klp:GUC22_22200	ko:K02464
klp:GUC22_22210	ko:K03579
klp:GUC22_22215	ko:K01975
klp:GUC22_22220	ko:K06206
klp:GUC22_22225	ko:K06204
klp:GUC22_22230	ko:K01894
klp:GUC22_22235	ko:K00970
klp:GUC22_22240	ko:K00950
klp:GUC22_22245	ko:K00606
klp:GUC22_22250	ko:K01918
klp:GUC22_22255	ko:K01579
klp:GUC22_22270	ko:K01992
klp:GUC22_22275	ko:K01990
klp:GUC22_22280	ko:K01673
klp:GUC22_22285	ko:K00760
klp:GUC22_22290	ko:K00117
klp:GUC22_22295	ko:K14588
klp:GUC22_22315	ko:K00797
klp:GUC22_22320	ko:K01611
klp:GUC22_22325	ko:K09910
klp:GUC22_22330	ko:K01682
klp:GUC22_22350	ko:K00382
klp:GUC22_22355	ko:K00627
klp:GUC22_22360	ko:K00163
klp:GUC22_22365	ko:K05799
klp:GUC22_22370	ko:K11734
klp:GUC22_22375	ko:K03292
klp:GUC22_22385	ko:K03807
klp:GUC22_22390	ko:K03806
klp:GUC22_22395	ko:K00767
klp:GUC22_22400	ko:K02682
klp:GUC22_22450	ko:K14060
klp:GUC22_22480	ko:K02505
klp:GUC22_22485	ko:K00364
klp:GUC22_22490	ko:K00859
klp:GUC22_22495	ko:K18778
klp:GUC22_22500	ko:K09862
klp:GUC22_22505	ko:K03574
klp:GUC22_22510	ko:K03070
klp:GUC22_22515	ko:K13301
klp:GUC22_22520	ko:K02535
klp:GUC22_22525	ko:K03531
klp:GUC22_22530	ko:K03590
klp:GUC22_22535	ko:K03589
klp:GUC22_22540	ko:K01921
klp:GUC22_22545	ko:K01924
klp:GUC22_22550	ko:K02563
klp:GUC22_22555	ko:K03588
klp:GUC22_22560	ko:K01925
klp:GUC22_22565	ko:K01000
klp:GUC22_22570	ko:K01929
klp:GUC22_22575	ko:K01928
klp:GUC22_22580	ko:K03587
klp:GUC22_22585	ko:K03586
klp:GUC22_22590	ko:K03438
klp:GUC22_22595	ko:K03925
klp:GUC22_22600	ko:K03435
klp:GUC22_22605	ko:K01653
klp:GUC22_22610	ko:K01652
klp:GUC22_22615	ko:K05798
klp:GUC22_22625	ko:K05806
klp:GUC22_22630	ko:K01649
klp:GUC22_22635	ko:K00052
klp:GUC22_22640	ko:K01703
klp:GUC22_22645	ko:K01704
klp:GUC22_22660	ko:K26745
klp:GUC22_22665	ko:K03785
klp:GUC22_22675	ko:K08194
klp:GUC22_22680	ko:K03291
klp:GUC22_22690	ko:K11925
klp:GUC22_22695	ko:K02064
klp:GUC22_22700	ko:K02063
klp:GUC22_22705	ko:K02062
klp:GUC22_22715	ko:K02099
klp:GUC22_22720	ko:K00853
klp:GUC22_22725	ko:K01804
klp:GUC22_22730	ko:K03077
klp:GUC22_22735	ko:K02336
klp:GUC22_22740	ko:K03580
klp:GUC22_22745	ko:K06177
klp:GUC22_22750	ko:K05964
klp:GUC22_22760	ko:K07700
klp:GUC22_22765	ko:K07702
klp:GUC22_22770	ko:K05801
klp:GUC22_22775	ko:K04744
klp:GUC22_22780	ko:K03771
klp:GUC22_22785	ko:K00097
klp:GUC22_22790	ko:K02528
klp:GUC22_22795	ko:K06195
klp:GUC22_22800	ko:K01525
klp:GUC22_22805	ko:K00287
klp:GUC22_22810	ko:K11745
klp:GUC22_22815	ko:K11746
klp:GUC22_22840	ko:K01955
klp:GUC22_22845	ko:K01956
klp:GUC22_22850	ko:K00215
klp:GUC22_22855	ko:K05966
klp:GUC22_22860	ko:K01643
klp:GUC22_22865	ko:K01644
klp:GUC22_22870	ko:K01646
klp:GUC22_22875	ko:K01910
klp:GUC22_22885	ko:K01573
klp:GUC22_22890	ko:K01571
klp:GUC22_22895	ko:K20509
klp:GUC22_22900	ko:K07700
klp:GUC22_22905	ko:K07702
klp:GUC22_22935	ko:K03319
klp:GUC22_22950	ko:K12700
klp:GUC22_22955	ko:K03527
klp:GUC22_22960	ko:K03774
klp:GUC22_22965	ko:K03101
klp:GUC22_22970	ko:K01870
klp:GUC22_22975	ko:K11753
klp:GUC22_22985	ko:K02968
klp:GUC22_22990	ko:K03717
klp:GUC22_22995	ko:K03313
klp:GUC22_23010	ko:K03686
klp:GUC22_23015	ko:K04043
klp:GUC22_23030	ko:K07034
klp:GUC22_23035	ko:K03762
klp:GUC22_23040	ko:K03831
klp:GUC22_23045	ko:K00616
klp:GUC22_23050	ko:K03310
klp:GUC22_23055	ko:K09861
klp:GUC22_23060	ko:K01733
klp:GUC22_23065	ko:K00872
klp:GUC22_23070	ko:K12524
klp:GUC22_23075	ko:K08278
klp:GUC22_23080	ko:K02533
klp:GUC22_23090	ko:K07773
klp:GUC22_23095	ko:K06143
klp:GUC22_23100	ko:K07641
klp:GUC22_23105	ko:K07663
klp:GUC22_23110	ko:K05805
klp:GUC22_23115	ko:K05804
klp:GUC22_23120	ko:K15634
klp:GUC22_23125	ko:K01529
klp:GUC22_23130	ko:K03720
klp:GUC22_23135	ko:K08309
klp:GUC22_23140	ko:K06020
klp:GUC22_23145	ko:K06211
klp:GUC22_23150	ko:K04485
klp:GUC22_23155	ko:K01079
klp:GUC22_23160	ko:K07186
klp:GUC22_23165	ko:K03800
klp:GUC22_23170	ko:K03784
klp:GUC22_23175	ko:K01839
klp:GUC22_23180	ko:K00758
klp:GUC22_23185	ko:K01619
klp:GUC22_23190	ko:K03317
klp:GUC22_23195	ko:K03424
klp:GUC22_23210	ko:K04065
klp:GUC22_23215	ko:K02837
klp:GUC22_23220	ko:K08723
klp:GUC22_23225	ko:K03789
klp:GUC22_23230	ko:K02344
klp:GUC22_23235	ko:K00564
klp:GUC22_23240	ko:K14228
klp:GUC22_23245	ko:K14228
klp:GUC22_23250	ko:K14228
klp:GUC22_23265	ko:K13255
klp:GUC22_23270	ko:K02761
klp:GUC22_23280	ko:K22650
klp:GUC22_23290	ko:K18954
klp:GUC22_23295	ko:K00481
klp:GUC22_23310	ko:K02317
klp:GUC22_23315	ko:K02315
klp:GUC22_23325	ko:K01002
klp:GUC22_23335	ko:K19510
klp:GUC22_23340	ko:K19504
klp:GUC22_23345	ko:K19509
klp:GUC22_23350	ko:K19508
klp:GUC22_23355	ko:K19507
klp:GUC22_23360	ko:K19506
klp:GUC22_23365	ko:K19505
klp:GUC22_23370	ko:K00041
klp:GUC22_23375	ko:K23007
klp:GUC22_23380	ko:K23015
klp:GUC22_23385	ko:K23016
klp:GUC22_23405	ko:K01631
klp:GUC22_23410	ko:K00883
klp:GUC22_23415	ko:K03307
klp:GUC22_23425	ko:K06015
klp:GUC22_23435	ko:K07486
klp:GUC22_23445	ko:K05921
klp:GUC22_23450	ko:K05921
klp:GUC22_23455	ko:K00151
klp:GUC22_23460	ko:K00455
klp:GUC22_23465	ko:K01826
klp:GUC22_23470	ko:K02509
klp:GUC22_23475	ko:K02510
klp:GUC22_23480	ko:K02511
klp:GUC22_23485	ko:K02508
klp:GUC22_23490	ko:K00483
klp:GUC22_23495	ko:K00484
klp:GUC22_23500	ko:K23676
klp:GUC22_23525	ko:K00135
klp:GUC22_23540	ko:K05835
klp:GUC22_23555	ko:K23241
klp:GUC22_23590	ko:K14665
klp:GUC22_23620	ko:K06075
klp:GUC22_23635	ko:K01426
klp:GUC22_23645	ko:K21265
klp:GUC22_23655	ko:K00355
klp:GUC22_23690	ko:K00132
klp:GUC22_23705	ko:K20038
klp:GUC22_23710	ko:K20037
klp:GUC22_23720	ko:K15024
klp:GUC22_23730	ko:K03297
klp:GUC22_23735	ko:K03297
klp:GUC22_23745	ko:K01667
klp:GUC22_23750	ko:K03835
klp:GUC22_23755	ko:K01867
klp:GUC22_23760	ko:K13069
klp:GUC22_23765	ko:K01993
klp:GUC22_23770	ko:K13926
klp:GUC22_23775	ko:K01992
klp:GUC22_23785	ko:K01985
klp:GUC22_23790	ko:K01980
klp:GUC22_23795	ko:K14224
klp:GUC22_23800	ko:K01977
klp:GUC22_23805	ko:K18850
klp:GUC22_23810	ko:K03787
klp:GUC22_23850	ko:K01639
klp:GUC22_23855	ko:K11477
klp:GUC22_23860	ko:K03484
klp:GUC22_23875	ko:K19048
klp:GUC22_23890	ko:K14228
klp:GUC22_23905	ko:K12957
klp:GUC22_23910	ko:K05814
klp:GUC22_23915	ko:K05815
klp:GUC22_23920	ko:K03651
klp:GUC22_23925	ko:K05816
klp:GUC22_23930	ko:K05813
klp:GUC22_23935	ko:K03335
klp:GUC22_23940	ko:K06605
klp:GUC22_23945	ko:K00010
klp:GUC22_23950	ko:K03336
klp:GUC22_23955	ko:K03338
klp:GUC22_23965	ko:K03337
klp:GUC22_23970	ko:K00140
klp:GUC22_23975	ko:K06606
klp:GUC22_23980	ko:K06915
klp:GUC22_23985	ko:K11720
klp:GUC22_23990	ko:K07091
klp:GUC22_23995	ko:K01255
klp:GUC22_24000	ko:K02339
klp:GUC22_24005	ko:K01873
klp:GUC22_24010	ko:K03828
klp:GUC22_24015	ko:K06169
klp:GUC22_24020	ko:K09893
klp:GUC22_24025	ko:K00611
klp:GUC22_24030	ko:K19334
klp:GUC22_24045	ko:K00609
klp:GUC22_24050	ko:K00610
klp:GUC22_24055	ko:K09022
klp:GUC22_24060	ko:K01531
klp:GUC22_24065	ko:K03485
klp:GUC22_24070	ko:K02819
klp:GUC22_24075	ko:K01226
klp:GUC22_24080	ko:K02761
klp:GUC22_24085	ko:K01222
klp:GUC22_24090	ko:K02760
klp:GUC22_24095	ko:K19337
klp:GUC22_24100	ko:K21636
klp:GUC22_24105	ko:K04068
klp:GUC22_24110	ko:K11904
klp:GUC22_24115	ko:K11903
klp:GUC22_24130	ko:K07404
klp:GUC22_24140	ko:K01042
klp:GUC22_24145	ko:K01465
klp:GUC22_24175	ko:K15536
klp:GUC22_24180	ko:K03592
klp:GUC22_24185	ko:K09889
klp:GUC22_24190	ko:K00140
klp:GUC22_24210	ko:K02558
klp:GUC22_24215	ko:K03841
klp:GUC22_24220	ko:K23509
klp:GUC22_24225	ko:K23509
klp:GUC22_24230	ko:K10820
klp:GUC22_24235	ko:K23508
klp:GUC22_24240	ko:K01507
klp:GUC22_24250	ko:K09800
klp:GUC22_24255	ko:K07278
klp:GUC22_24260	ko:K07304
klp:GUC22_24265	ko:K03699
klp:GUC22_24270	ko:K02532
klp:GUC22_24275	ko:K12308
klp:GUC22_24280	ko:K02099
klp:GUC22_24290	ko:K07109
klp:GUC22_24295	ko:K01082
klp:GUC22_24300	ko:K01119
klp:GUC22_24310	ko:K19267
klp:GUC22_24325	ko:K07322
klp:GUC22_24330	ko:K11737
klp:GUC22_24335	ko:K03773
klp:GUC22_24340	ko:K07269
klp:GUC22_24360	ko:K01715
klp:GUC22_24365	ko:K01026
klp:GUC22_24375	ko:K08191
klp:GUC22_24385	ko:K02939
klp:GUC22_24390	ko:K02963
klp:GUC22_24395	ko:K02686
klp:GUC22_24400	ko:K02990
klp:GUC22_24415	ko:K03077
klp:GUC22_24420	ko:K03079
klp:GUC22_24425	ko:K03078
klp:GUC22_24430	ko:K02821
klp:GUC22_24435	ko:K02822
klp:GUC22_24440	ko:K03475
klp:GUC22_24445	ko:K03476
klp:GUC22_24450	ko:K03477
klp:GUC22_24455	ko:K06889
klp:GUC22_24470	ko:K09456
klp:GUC22_24480	ko:K03218
klp:GUC22_24485	ko:K12573
klp:GUC22_24490	ko:K13771
klp:GUC22_24495	ko:K01939
klp:GUC22_24500	ko:K09937
klp:GUC22_24510	ko:K04087
klp:GUC22_24515	ko:K04088
klp:GUC22_24520	ko:K03665
klp:GUC22_24525	ko:K03666
klp:GUC22_24530	ko:K00791
klp:GUC22_24535	ko:K03572
klp:GUC22_24540	ko:K01448
klp:GUC22_24545	ko:K06925
klp:GUC22_24550	ko:K23997
klp:GUC22_24555	ko:K18979
klp:GUC22_24560	ko:K14225
klp:GUC22_24565	ko:K14225
klp:GUC22_24570	ko:K14225
klp:GUC22_24575	ko:K09996
klp:GUC22_24580	ko:K13288
klp:GUC22_24585	ko:K06949
klp:GUC22_24590	ko:K01613
klp:GUC22_24595	ko:K22051
klp:GUC22_24600	ko:K04568
klp:GUC22_24605	ko:K00244
klp:GUC22_24610	ko:K00245
klp:GUC22_24615	ko:K00246
klp:GUC22_24620	ko:K00247
klp:GUC22_24625	ko:K03098
klp:GUC22_24630	ko:K11741
klp:GUC22_24635	ko:K16348
klp:GUC22_24640	ko:K16347
klp:GUC22_24645	ko:K02356
klp:GUC22_24650	ko:K19810
klp:GUC22_24665	ko:K07346
klp:GUC22_24670	ko:K07347
klp:GUC22_24675	ko:K07345
klp:GUC22_24690	ko:K13408
klp:GUC22_24695	ko:K13409
klp:GUC22_24710	ko:K04077
klp:GUC22_24715	ko:K04078
klp:GUC22_24720	ko:K16263
klp:GUC22_24725	ko:K07113
klp:GUC22_24730	ko:K01744
klp:GUC22_24735	ko:K07791
klp:GUC22_24740	ko:K03926
klp:GUC22_24745	ko:K04084
klp:GUC22_24760	ko:K14231
klp:GUC22_24790	ko:K07484
klp:GUC22_24795	ko:K07483
klp:GUC22_24845	ko:K13409
klp:GUC22_24850	ko:K13408
klp:GUC22_24855	ko:K07052
klp:GUC22_24875	ko:K07497
klp:GUC22_24895	ko:K07733
klp:GUC22_24900	ko:K07733
klp:GUC22_24935	ko:K03630
klp:GUC22_24945	ko:K18838
klp:GUC22_24950	ko:K18837
klp:GUC22_24995	ko:K00355
klp:GUC22_25015	ko:K05516
klp:GUC22_25020	ko:K18997
klp:GUC22_25025	ko:K03762
klp:GUC22_25030	ko:K06193
klp:GUC22_25035	ko:K04750
klp:GUC22_25040	ko:K02043
klp:GUC22_25045	ko:K06166
klp:GUC22_25050	ko:K06165
klp:GUC22_25055	ko:K06164
klp:GUC22_25060	ko:K06163
klp:GUC22_25065	ko:K05781
klp:GUC22_25070	ko:K05780
klp:GUC22_25075	ko:K06162
klp:GUC22_25080	ko:K05774
klp:GUC22_25085	ko:K06167
klp:GUC22_25095	ko:K01808
klp:GUC22_25100	ko:K23238
klp:GUC22_25105	ko:K10549
klp:GUC22_25110	ko:K10551
klp:GUC22_25115	ko:K10550
klp:GUC22_25120	ko:K17195
klp:GUC22_25125	ko:K00881
klp:GUC22_25130	ko:K25227
klp:GUC22_25140	ko:K15549
klp:GUC22_25145	ko:K15547
klp:GUC22_25150	ko:K15550
klp:GUC22_25155	ko:K22015
klp:GUC22_25160	ko:K07126
klp:GUC22_25165	ko:K11102
klp:GUC22_25170	ko:K01895
klp:GUC22_25180	ko:K14393
klp:GUC22_25195	ko:K07347
klp:GUC22_25200	ko:K07346
klp:GUC22_25205	ko:K07345
klp:GUC22_25215	ko:K06518
klp:GUC22_25225	ko:K00055
klp:GUC22_25230	ko:K01652
klp:GUC22_25235	ko:K13936
klp:GUC22_25245	ko:K24163
klp:GUC22_25250	ko:K06901
klp:GUC22_25260	ko:K00799
klp:GUC22_25265	ko:K13639
klp:GUC22_25270	ko:K13631
klp:GUC22_25275	ko:K26148
klp:GUC22_25285	ko:K21638
klp:GUC22_25290	ko:K07277
klp:GUC22_25300	ko:K19611
klp:GUC22_25310	ko:K03111
klp:GUC22_25315	ko:K03701
klp:GUC22_25335	ko:K03788
klp:GUC22_25340	ko:K00832
klp:GUC22_25345	ko:K01775
klp:GUC22_25350	ko:K02314
klp:GUC22_25355	ko:K00344
klp:GUC22_25365	ko:K05539
klp:GUC22_25375	ko:K09823
klp:GUC22_25385	ko:K26937
klp:GUC22_25390	ko:K01356
klp:GUC22_25395	ko:K00901
klp:GUC22_25400	ko:K00631
klp:GUC22_25405	ko:K03179
klp:GUC22_25410	ko:K03181
klp:GUC22_25415	ko:K05775
klp:GUC22_25420	ko:K02024
klp:GUC22_25425	ko:K10111
klp:GUC22_25430	ko:K10108
klp:GUC22_25435	ko:K10109
klp:GUC22_25440	ko:K10110
klp:GUC22_25445	ko:K13256
klp:GUC22_25460	ko:K01810
klp:GUC22_25465	ko:K00928
klp:GUC22_25470	ko:K07074
klp:GUC22_25485	ko:K14414
klp:GUC22_25490	ko:K03453
klp:GUC22_25500	ko:K06182
klp:GUC22_25510	ko:K00068
klp:GUC22_25515	ko:K02812
klp:GUC22_25520	ko:K02813
klp:GUC22_25525	ko:K02814
klp:GUC22_25530	ko:K02815
klp:GUC22_25535	ko:K19956
klp:GUC22_25540	ko:K00014
klp:GUC22_25545	ko:K05995
klp:GUC22_25550	ko:K03324
klp:GUC22_25555	ko:K00548
klp:GUC22_25560	ko:K13641
klp:GUC22_25570	ko:K00906
klp:GUC22_25575	ko:K01637
klp:GUC22_25580	ko:K01638
klp:GUC22_25585	ko:K00651
klp:GUC22_25590	ko:K03826
klp:GUC22_25595	ko:K01985
klp:GUC22_25600	ko:K01980
klp:GUC22_25605	ko:K14224
klp:GUC22_25610	ko:K01977
klp:GUC22_25615	ko:K00602
klp:GUC22_25620	ko:K01945
klp:GUC22_25625	ko:K07713
klp:GUC22_25630	ko:K07709
klp:GUC22_25635	ko:K07803
klp:GUC22_25645	ko:K05787
klp:GUC22_25650	ko:K09891
klp:GUC22_25655	ko:K05982
klp:GUC22_25660	ko:K01599
klp:GUC22_25665	ko:K03426
klp:GUC22_25670	ko:K07740
klp:GUC22_25675	ko:K03147
klp:GUC22_25680	ko:K00788
klp:GUC22_25685	ko:K03148
klp:GUC22_25690	ko:K03154
klp:GUC22_25695	ko:K03149
klp:GUC22_25700	ko:K03150
klp:GUC22_25710	ko:K02760
klp:GUC22_25715	ko:K02759
klp:GUC22_25720	ko:K07792
klp:GUC22_25725	ko:K03046
klp:GUC22_25730	ko:K03043
klp:GUC22_25735	ko:K02935
klp:GUC22_25740	ko:K02864
klp:GUC22_25745	ko:K02863
klp:GUC22_25750	ko:K02867
klp:GUC22_25755	ko:K02601
klp:GUC22_25760	ko:K03073
klp:GUC22_25765	ko:K02358
klp:GUC22_25770	ko:K14234
klp:GUC22_25775	ko:K14225
klp:GUC22_25780	ko:K14236
klp:GUC22_25785	ko:K14234
klp:GUC22_25790	ko:K00867
klp:GUC22_25795	ko:K03524
klp:GUC22_25800	ko:K00075
klp:GUC22_25805	ko:K01985
klp:GUC22_25810	ko:K01980
klp:GUC22_25815	ko:K14218
klp:GUC22_25820	ko:K14227
klp:GUC22_25825	ko:K01977
klp:GUC22_25830	ko:K00230
klp:GUC22_25835	ko:K03498
klp:GUC22_25845	ko:K01271
klp:GUC22_25850	ko:K01825
klp:GUC22_25855	ko:K00632
klp:GUC22_25865	ko:K05368
klp:GUC22_25870	ko:K03182
klp:GUC22_25875	ko:K05785
klp:GUC22_25880	ko:K03424
klp:GUC22_25885	ko:K03118
klp:GUC22_25890	ko:K03117
klp:GUC22_25895	ko:K03116
klp:GUC22_25900	ko:K03688
klp:GUC22_25905	ko:K03690
klp:GUC22_25910	ko:K03183
klp:GUC22_25915	ko:K09760
klp:GUC22_25920	ko:K00757
klp:GUC22_25925	ko:K01061
klp:GUC22_25930	ko:K02030
klp:GUC22_25935	ko:K00549
klp:GUC22_25940	ko:K03576
klp:GUC22_25950	ko:K28854
klp:GUC22_25955	ko:K01048
klp:GUC22_25960	ko:K05834
klp:GUC22_25970	ko:K05835
klp:GUC22_25975	ko:K03654
klp:GUC22_25980	ko:K01058
klp:GUC22_25985	ko:K01073
klp:GUC22_25990	ko:K05786
klp:GUC22_25995	ko:K03284
klp:GUC22_26000	ko:K03657
klp:GUC22_26005	ko:K20862
klp:GUC22_26010	ko:K03733
klp:GUC22_26015	ko:K09921
klp:GUC22_26020	ko:K01778
klp:GUC22_26030	ko:K06202
klp:GUC22_26035	ko:K05851
klp:GUC22_26040	ko:K01749
klp:GUC22_26045	ko:K01719
klp:GUC22_26050	ko:K02496
klp:GUC22_26055	ko:K02498
klp:GUC22_26060	ko:K14232
klp:GUC22_26065	ko:K14228
klp:GUC22_26070	ko:K14226
klp:GUC22_26075	ko:K14219
klp:GUC22_26080	ko:K03293
klp:GUC22_26085	ko:K02852
klp:GUC22_26090	ko:K02853
klp:GUC22_26095	ko:K12582
klp:GUC22_26100	ko:K16693
klp:GUC22_26105	ko:K02805
klp:GUC22_26110	ko:K16704
klp:GUC22_26115	ko:K00973
klp:GUC22_26120	ko:K01710
klp:GUC22_26125	ko:K02472
klp:GUC22_26130	ko:K01791
klp:GUC22_26135	ko:K05790
klp:GUC22_26140	ko:K02851
klp:GUC22_26145	ko:K03628
klp:GUC22_26150	ko:K03671
klp:GUC22_26155	ko:K03732
klp:GUC22_26160	ko:K01524
klp:GUC22_26170	ko:K20941
klp:GUC22_26175	ko:K07150
klp:GUC22_26190	ko:K03457
klp:GUC22_26200	ko:K03656
klp:GUC22_26205	ko:K03811
klp:GUC22_26210	ko:K00757
klp:GUC22_26215	ko:K10914
klp:GUC22_26220	ko:K03769
klp:GUC22_26225	ko:K03769
klp:GUC22_26230	ko:K00053
klp:GUC22_26235	ko:K02521
klp:GUC22_26240	ko:K01754
klp:GUC22_26245	ko:K01687
klp:GUC22_26250	ko:K00826
klp:GUC22_26255	ko:K11258
klp:GUC22_26260	ko:K01652
klp:GUC22_26270	ko:K07391
klp:GUC22_26275	ko:K09897
klp:GUC22_26280	ko:K23773
klp:GUC22_26285	ko:K14235
klp:GUC22_26290	ko:K14221
klp:GUC22_26295	ko:K01985
klp:GUC22_26300	ko:K01980
klp:GUC22_26305	ko:K14218
klp:GUC22_26310	ko:K14227
klp:GUC22_26315	ko:K01977
klp:GUC22_26320	ko:K01776
klp:GUC22_26325	ko:K16092
klp:GUC22_26330	ko:K00557
klp:GUC22_26340	ko:K22105
klp:GUC22_26345	ko:K00322
klp:GUC22_26350	ko:K04761
klp:GUC22_26355	ko:K01755
klp:GUC22_26360	ko:K00930
klp:GUC22_26365	ko:K00145
klp:GUC22_26370	ko:K01438
klp:GUC22_26375	ko:K01595
klp:GUC22_26390	ko:K08314
klp:GUC22_26395	ko:K00005
klp:GUC22_26400	ko:K03436
klp:GUC22_26405	ko:K00297
klp:GUC22_26415	ko:K01607
klp:GUC22_26420	ko:K12525
klp:GUC22_26425	ko:K01739
klp:GUC22_26430	ko:K03764
klp:GUC22_26435	ko:K02909
klp:GUC22_26440	ko:K04066
klp:GUC22_26445	ko:K05499
klp:GUC22_26450	ko:K03591
klp:GUC22_26455	ko:K01419
klp:GUC22_26460	ko:K03667
klp:GUC22_26465	ko:K02548
klp:GUC22_26470	ko:K02553
klp:GUC22_26475	ko:K00850
klp:GUC22_26480	ko:K13283
klp:GUC22_26485	ko:K06006
klp:GUC22_26490	ko:K07662
klp:GUC22_26495	ko:K07640
klp:GUC22_26505	ko:K04564
klp:GUC22_26510	ko:K02856
klp:GUC22_26520	ko:K22110
klp:GUC22_26525	ko:K23991
klp:GUC22_26530	ko:K15524
klp:GUC22_26535	ko:K02770
klp:GUC22_26540	ko:K11202
klp:GUC22_26550	ko:K02854
klp:GUC22_26555	ko:K02855
klp:GUC22_26565	ko:K00848
klp:GUC22_26570	ko:K01813
klp:GUC22_26575	ko:K01629
klp:GUC22_26580	ko:K10559
klp:GUC22_26585	ko:K10562
klp:GUC22_26590	ko:K10560
klp:GUC22_26595	ko:K10561
klp:GUC22_26600	ko:K13954
klp:GUC22_26605	ko:K03534
klp:GUC22_26610	ko:K25596
klp:GUC22_26615	ko:K03292
klp:GUC22_26620	ko:K02529
klp:GUC22_26630	ko:K00633
klp:GUC22_26635	ko:K02532
klp:GUC22_26640	ko:K07407
klp:GUC22_26645	ko:K02529
klp:GUC22_26660	ko:K01714
klp:GUC22_26665	ko:K00852
klp:GUC22_26675	ko:K26605
klp:GUC22_26680	ko:K26606
klp:GUC22_26690	ko:K02821
klp:GUC22_26700	ko:K01624
klp:GUC22_26705	ko:K03475
klp:GUC22_26710	ko:K02822
klp:GUC22_26715	ko:K00850
klp:GUC22_26725	ko:K02793
klp:GUC22_26740	ko:K19508
klp:GUC22_26745	ko:K19509
klp:GUC22_26750	ko:K22110
klp:GUC22_26765	ko:K02379
klp:GUC22_26770	ko:K00123
klp:GUC22_26775	ko:K00124
klp:GUC22_26780	ko:K00127
klp:GUC22_26785	ko:K02380
klp:GUC22_26810	ko:K07560
klp:GUC22_26815	ko:K07058
klp:GUC22_26820	ko:K20866
klp:GUC22_26825	ko:K27243
klp:GUC22_26830	ko:K18478
klp:GUC22_26835	ko:K08318
klp:GUC22_26840	ko:K01671
klp:GUC22_26845	ko:K18479
klp:GUC22_26850	ko:K28636
klp:GUC22_26855	ko:K15922
klp:GUC22_26860	ko:K03292
klp:GUC22_26865	ko:K03292
klp:GUC22_26870	ko:K22110
klp:GUC22_26875	ko:K06207
klp:GUC22_26880	ko:K01915
klp:GUC22_26885	ko:K07708
klp:GUC22_26890	ko:K07712
klp:GUC22_26900	ko:K02495
klp:GUC22_26905	ko:K09894
klp:GUC22_26910	ko:K03978
klp:GUC22_26915	ko:K02335
klp:GUC22_26925	ko:K03673
klp:GUC22_26935	ko:K09896
klp:GUC22_26940	ko:K03752
klp:GUC22_26945	ko:K03753
klp:GUC22_26950	ko:K01985
klp:GUC22_26955	ko:K01980
klp:GUC22_26960	ko:K01977
klp:GUC22_26975	ko:K02529
klp:GUC22_26980	ko:K00852
klp:GUC22_26985	ko:K10439
klp:GUC22_26990	ko:K10440
klp:GUC22_26995	ko:K10441
klp:GUC22_27000	ko:K06726
klp:GUC22_27005	ko:K03549
klp:GUC22_27010	ko:K03924
klp:GUC22_27020	ko:K01914
klp:GUC22_27025	ko:K03718
klp:GUC22_27030	ko:K06205
klp:GUC22_27035	ko:K03495
klp:GUC22_27040	ko:K03501
klp:GUC22_27045	ko:K02116
klp:GUC22_27050	ko:K02108
klp:GUC22_27055	ko:K02110
klp:GUC22_27060	ko:K02109
klp:GUC22_27065	ko:K02113
klp:GUC22_27070	ko:K02111
klp:GUC22_27075	ko:K02115
klp:GUC22_27080	ko:K02112
klp:GUC22_27085	ko:K02114
klp:GUC22_27090	ko:K22994
klp:GUC22_27095	ko:K04042
klp:GUC22_27100	ko:K00820
klp:GUC22_27105	ko:K02040
klp:GUC22_27110	ko:K02037
klp:GUC22_27115	ko:K02038
klp:GUC22_27120	ko:K02036
klp:GUC22_27125	ko:K02039
klp:GUC22_27135	ko:K10124
klp:GUC22_27155	ko:K06901
klp:GUC22_27160	ko:K19784
klp:GUC22_27175	ko:K08163
klp:GUC22_27185	ko:K00885
klp:GUC22_27190	ko:K01788
klp:GUC22_27195	ko:K03290
klp:GUC22_27205	ko:K01639
klp:GUC22_27215	ko:K03650
klp:GUC22_27220	ko:K03217
klp:GUC22_27225	ko:K08998
klp:GUC22_27230	ko:K03536
klp:GUC22_27235	ko:K02914
