koc:AB185_00020	ko:K14060
koc:AB185_00085	ko:K18698
koc:AB185_00115	ko:K03646
koc:AB185_00140	ko:K03496
koc:AB185_00150	ko:K00590
koc:AB185_00165	ko:K18589
koc:AB185_00170	ko:K06880
koc:AB185_00175	ko:K00984
koc:AB185_00180	ko:K18975
koc:AB185_00185	ko:K18974
koc:AB185_00195	ko:K18320
koc:AB185_00245	ko:K03496
koc:AB185_00270	ko:K19163
koc:AB185_00275	ko:K19164
koc:AB185_00280	ko:K01174
koc:AB185_00305	ko:K03497
koc:AB185_00400	ko:K18698
koc:AB185_00430	ko:K07497
koc:AB185_00435	ko:K07483
koc:AB185_00450	ko:K14060
koc:AB185_00465	ko:K15536
koc:AB185_00475	ko:K07497
koc:AB185_00480	ko:K18320
koc:AB185_00495	ko:K07497
koc:AB185_00500	ko:K07483
koc:AB185_00525	ko:K03497
koc:AB185_00535	ko:K03111
koc:AB185_00570	ko:K07319
koc:AB185_00585	ko:K18640
koc:AB185_00590	ko:K00986
koc:AB185_00595	ko:K03503
koc:AB185_00600	ko:K03502
koc:AB185_00610	ko:K03496
koc:AB185_00640	ko:K19163
koc:AB185_00645	ko:K19164
koc:AB185_00750	ko:K07451
koc:AB185_00780	ko:K07319
koc:AB185_00830	ko:K02342
koc:AB185_00850	ko:K22302
koc:AB185_00900	ko:K03496
koc:AB185_00905	ko:K03497
koc:AB185_00910	ko:K07481
koc:AB185_00920	ko:K21449
koc:AB185_00925	ko:K26976
koc:AB185_00935	ko:K26975
koc:AB185_00940	ko:K26974
koc:AB185_00945	ko:K26973
koc:AB185_00990	ko:K03630
koc:AB185_01015	ko:K05839
koc:AB185_01050	ko:K03111
koc:AB185_01080	ko:K12205
koc:AB185_01085	ko:K12204
koc:AB185_01090	ko:K12203
koc:AB185_01095	ko:K12222
koc:AB185_01110	ko:K03746
koc:AB185_01115	ko:K12214
koc:AB185_01125	ko:K12213
koc:AB185_01130	ko:K12209
koc:AB185_01135	ko:K12211
koc:AB185_01155	ko:K12206
koc:AB185_01200	ko:K18698
koc:AB185_01215	ko:K17881
koc:AB185_01225	ko:K00984
koc:AB185_01230	ko:K18791
koc:AB185_01235	ko:K18975
koc:AB185_01240	ko:K18974
koc:AB185_01255	ko:K07497
koc:AB185_01265	ko:K19059
koc:AB185_01270	ko:K19057
koc:AB185_01275	ko:K00520
koc:AB185_01280	ko:K19058
koc:AB185_01285	ko:K08364
koc:AB185_01290	ko:K08363
koc:AB185_01295	ko:K08365
koc:AB185_01300	ko:K07497
koc:AB185_01305	ko:K07483
koc:AB185_01315	ko:K18699
koc:AB185_01330	ko:K14060
koc:AB185_01340	ko:K12217
koc:AB185_01345	ko:K12228
koc:AB185_01350	ko:K12218
koc:AB185_01365	ko:K07052
koc:AB185_01370	ko:K18842
koc:AB185_01375	ko:K18841
koc:AB185_01380	ko:K03503
koc:AB185_01445	ko:K07448
koc:AB185_01465	ko:K18640
koc:AB185_01510	ko:K12056
koc:AB185_01515	ko:K12072
koc:AB185_01530	ko:K12057
koc:AB185_01555	ko:K12058
koc:AB185_01560	ko:K12059
koc:AB185_01565	ko:K12060
koc:AB185_01570	ko:K12061
koc:AB185_01575	ko:K28223
koc:AB185_01580	ko:K12063
koc:AB185_01610	ko:K12064
koc:AB185_01615	ko:K12065
koc:AB185_01620	ko:K12066
koc:AB185_01625	ko:K12067
koc:AB185_01630	ko:K12068
koc:AB185_01685	ko:K18831
koc:AB185_01735	ko:K18921
koc:AB185_01740	ko:K00537
koc:AB185_01745	ko:K03893
koc:AB185_01750	ko:K03892
koc:AB185_01755	ko:K11811
koc:AB185_01770	ko:K07497
koc:AB185_01775	ko:K07483
koc:AB185_01795	ko:K03497
koc:AB185_01805	ko:K03111
koc:AB185_01855	ko:K15986
koc:AB185_01865	ko:K01689
koc:AB185_01870	ko:K06199
koc:AB185_01875	ko:K03497
koc:AB185_01880	ko:K03496
koc:AB185_01905	ko:K07480
koc:AB185_01950	ko:K05839
koc:AB185_01980	ko:K19059
koc:AB185_01985	ko:K19057
koc:AB185_01990	ko:K00520
koc:AB185_01995	ko:K19058
koc:AB185_02000	ko:K08364
koc:AB185_02005	ko:K08363
koc:AB185_02010	ko:K08365
koc:AB185_02015	ko:K12973
koc:AB185_02035	ko:K11932
koc:AB185_02045	ko:K14060
koc:AB185_02060	ko:K18480
koc:AB185_02065	ko:K02067
koc:AB185_02070	ko:K02065
koc:AB185_02075	ko:K02066
koc:AB185_02080	ko:K18320
koc:AB185_02090	ko:K24087
koc:AB185_02105	ko:K07480
koc:AB185_02150	ko:K07075
koc:AB185_02170	ko:K20532
koc:AB185_02175	ko:K20533
koc:AB185_02195	ko:K07112
koc:AB185_02205	ko:K21741
koc:AB185_02225	ko:K07304
koc:AB185_02240	ko:K07305
koc:AB185_02245	ko:K07304
koc:AB185_02250	ko:K11209
koc:AB185_02255	ko:K03284
koc:AB185_02285	ko:K14060
koc:AB185_02350	ko:K23254
koc:AB185_02360	ko:K07787
koc:AB185_02365	ko:K07798
koc:AB185_02370	ko:K07810
koc:AB185_02375	ko:K07796
koc:AB185_02380	ko:K07665
koc:AB185_02385	ko:K07644
koc:AB185_02400	ko:K07451
koc:AB185_02415	ko:K18828
koc:AB185_02420	ko:K18829
koc:AB185_02445	ko:K24087
koc:AB185_02465	ko:K03496
koc:AB185_02470	ko:K03497
koc:AB185_02490	ko:K03502
koc:AB185_02495	ko:K03503
koc:AB185_02505	ko:K07319
koc:AB185_02535	ko:K07486
koc:AB185_02555	ko:K02345
koc:AB185_02570	ko:K03111
koc:AB185_02580	ko:K03497
koc:AB185_02635	ko:K08365
koc:AB185_02640	ko:K08363
koc:AB185_02645	ko:K08364
koc:AB185_02650	ko:K19058
koc:AB185_02655	ko:K00520
koc:AB185_02660	ko:K19057
koc:AB185_02665	ko:K19059
koc:AB185_02710	ko:K18816
koc:AB185_02715	ko:K18791
koc:AB185_02720	ko:K00984
koc:AB185_02725	ko:K18975
koc:AB185_02730	ko:K18974
koc:AB185_02745	ko:K07497
koc:AB185_02755	ko:K19059
koc:AB185_02760	ko:K19057
koc:AB185_02765	ko:K00520
koc:AB185_02770	ko:K19058
koc:AB185_02775	ko:K08364
koc:AB185_02780	ko:K08363
koc:AB185_02785	ko:K08365
koc:AB185_02810	ko:K18698
koc:AB185_02835	ko:K12056
koc:AB185_02850	ko:K12072
koc:AB185_02865	ko:K12057
koc:AB185_02890	ko:K12058
koc:AB185_02895	ko:K12059
koc:AB185_02900	ko:K12060
koc:AB185_02905	ko:K12061
koc:AB185_02910	ko:K28223
koc:AB185_02925	ko:K12065
koc:AB185_02930	ko:K12066
koc:AB185_02935	ko:K12067
koc:AB185_02940	ko:K12068
koc:AB185_03010	ko:K03497
koc:AB185_03020	ko:K03111
koc:AB185_03080	ko:K07319
koc:AB185_03100	ko:K18640
koc:AB185_03105	ko:K03503
koc:AB185_03110	ko:K03502
koc:AB185_03115	ko:K03497
koc:AB185_03120	ko:K03496
koc:AB185_03175	ko:K08365
koc:AB185_03180	ko:K08363
koc:AB185_03185	ko:K08364
koc:AB185_03190	ko:K19058
koc:AB185_03195	ko:K00520
koc:AB185_03200	ko:K19057
koc:AB185_03205	ko:K19059
koc:AB185_03250	ko:K18816
koc:AB185_03255	ko:K18791
koc:AB185_03260	ko:K00984
koc:AB185_03265	ko:K18975
koc:AB185_03270	ko:K18974
koc:AB185_03285	ko:K07497
koc:AB185_03295	ko:K19059
koc:AB185_03300	ko:K19057
koc:AB185_03305	ko:K00520
koc:AB185_03310	ko:K19058
koc:AB185_03315	ko:K08364
koc:AB185_03320	ko:K08363
koc:AB185_03325	ko:K08365
koc:AB185_03350	ko:K18698
koc:AB185_03370	ko:K07154
koc:AB185_03380	ko:K14060
koc:AB185_03410	ko:K00700
koc:AB185_03415	ko:K00975
koc:AB185_03420	ko:K00703
koc:AB185_03425	ko:K00688
koc:AB185_03430	ko:K01835
koc:AB185_03515	ko:K07746
koc:AB185_03530	ko:K07644
koc:AB185_03535	ko:K07665
koc:AB185_03540	ko:K07245
koc:AB185_03545	ko:K07156
koc:AB185_03550	ko:K07233
koc:AB185_03590	ko:K20533
koc:AB185_03595	ko:K20532
koc:AB185_03600	ko:K20531
koc:AB185_03605	ko:K07344
koc:AB185_03615	ko:K20266
koc:AB185_03620	ko:K20530
koc:AB185_03625	ko:K20529
koc:AB185_03630	ko:K20528
koc:AB185_03635	ko:K20527
koc:AB185_03680	ko:K11741
koc:AB185_03690	ko:K07001
koc:AB185_03720	ko:K03496
koc:AB185_03760	ko:K03497
koc:AB185_03775	ko:K07473
koc:AB185_03785	ko:K07459
koc:AB185_03790	ko:K03657
koc:AB185_03845	ko:K06223
koc:AB185_03895	ko:K12068
koc:AB185_03900	ko:K12067
koc:AB185_03905	ko:K12066
koc:AB185_03915	ko:K12065
koc:AB185_03930	ko:K12064
koc:AB185_03935	ko:K12063
koc:AB185_03940	ko:K03496
koc:AB185_03945	ko:K03497
koc:AB185_03965	ko:K18640
koc:AB185_03995	ko:K12062
koc:AB185_04000	ko:K12061
koc:AB185_04005	ko:K12060
koc:AB185_04010	ko:K12058
koc:AB185_04040	ko:K09882
koc:AB185_04135	ko:K10748
koc:AB185_04160	ko:K20533
koc:AB185_04165	ko:K20532
koc:AB185_04170	ko:K20531
koc:AB185_04175	ko:K07344
koc:AB185_04185	ko:K20266
koc:AB185_04190	ko:K20530
koc:AB185_04195	ko:K20529
koc:AB185_04200	ko:K20528
koc:AB185_04205	ko:K20527
koc:AB185_04235	ko:K11741
koc:AB185_04265	ko:K02066
koc:AB185_04270	ko:K02065
koc:AB185_04275	ko:K02067
koc:AB185_04280	ko:K18480
koc:AB185_04305	ko:K03496
koc:AB185_04345	ko:K03497
koc:AB185_04360	ko:K03630
koc:AB185_04375	ko:K05839
koc:AB185_04395	ko:K14060
koc:AB185_04450	ko:K07497
koc:AB185_04455	ko:K07486
koc:AB185_04460	ko:K01070
koc:AB185_04470	ko:K00121
koc:AB185_04475	ko:K23239
koc:AB185_04480	ko:K07480
koc:AB185_04485	ko:K19745
koc:AB185_04490	ko:K16137
koc:AB185_04495	ko:K15773
koc:AB185_04500	ko:K07483
koc:AB185_04505	ko:K07482
koc:AB185_04510	ko:K07497
koc:AB185_04520	ko:K07480
koc:AB185_04525	ko:K24087
koc:AB185_04535	ko:K18698
koc:AB185_04575	ko:K18768
koc:AB185_04610	ko:K00558
koc:AB185_04625	ko:K12070
koc:AB185_04650	ko:K12057
koc:AB185_04655	ko:K12072
koc:AB185_04660	ko:K12056
koc:AB185_04675	ko:K03981
koc:AB185_04765	ko:K05791
koc:AB185_04770	ko:K05792
koc:AB185_04775	ko:K05793
koc:AB185_04780	ko:K05794
koc:AB185_04785	ko:K05795
koc:AB185_04790	ko:K05795
koc:AB185_04885	ko:K01174
koc:AB185_04910	ko:K04773
koc:AB185_05015	ko:K06218
koc:AB185_05020	ko:K18918
koc:AB185_05035	ko:K07482
koc:AB185_05290	ko:K09823
koc:AB185_05300	ko:K26937
koc:AB185_05305	ko:K01356
koc:AB185_05310	ko:K00901
koc:AB185_05315	ko:K00631
koc:AB185_05320	ko:K03179
koc:AB185_05325	ko:K03181
koc:AB185_05330	ko:K05775
koc:AB185_05335	ko:K02024
koc:AB185_05340	ko:K10111
koc:AB185_05345	ko:K10108
koc:AB185_05350	ko:K10109
koc:AB185_05355	ko:K10110
koc:AB185_05360	ko:K13256
koc:AB185_05370	ko:K26605
koc:AB185_05375	ko:K26606
koc:AB185_05380	ko:K09022
koc:AB185_05395	ko:K01810
koc:AB185_05405	ko:K00928
koc:AB185_05410	ko:K07074
koc:AB185_05425	ko:K07497
koc:AB185_05430	ko:K07483
koc:AB185_05435	ko:K14414
koc:AB185_05440	ko:K07483
koc:AB185_05445	ko:K07497
koc:AB185_05450	ko:K03453
koc:AB185_05460	ko:K06182
koc:AB185_05470	ko:K00068
koc:AB185_05475	ko:K02812
koc:AB185_05480	ko:K02813
koc:AB185_05485	ko:K02814
koc:AB185_05490	ko:K02815
koc:AB185_05495	ko:K19956
koc:AB185_05500	ko:K00014
koc:AB185_05505	ko:K19163
koc:AB185_05510	ko:K19164
koc:AB185_05515	ko:K05995
koc:AB185_05520	ko:K03324
koc:AB185_05525	ko:K00548
koc:AB185_05530	ko:K13641
koc:AB185_05540	ko:K00906
koc:AB185_05545	ko:K01637
koc:AB185_05550	ko:K01638
koc:AB185_05555	ko:K00651
koc:AB185_05560	ko:K03826
koc:AB185_05565	ko:K01985
koc:AB185_05570	ko:K01980
koc:AB185_05575	ko:K14224
koc:AB185_05580	ko:K01977
koc:AB185_05585	ko:K00602
koc:AB185_05590	ko:K01945
koc:AB185_05600	ko:K07483
koc:AB185_05605	ko:K07497
koc:AB185_05610	ko:K07687
koc:AB185_05615	ko:K07349
koc:AB185_05625	ko:K07347
koc:AB185_05630	ko:K07346
koc:AB185_05635	ko:K07345
koc:AB185_05640	ko:K00059
koc:AB185_05645	ko:K02078
koc:AB185_05655	ko:K09458
koc:AB185_05660	ko:K18139
koc:AB185_05665	ko:K05685
koc:AB185_05670	ko:K13888
koc:AB185_05685	ko:K03673
koc:AB185_05695	ko:K05787
koc:AB185_05700	ko:K09891
koc:AB185_05710	ko:K07495
koc:AB185_05720	ko:K01599
koc:AB185_05725	ko:K03426
koc:AB185_05730	ko:K07740
koc:AB185_05735	ko:K03147
koc:AB185_05740	ko:K00788
koc:AB185_05745	ko:K03148
koc:AB185_05750	ko:K03154
koc:AB185_05755	ko:K03149
koc:AB185_05760	ko:K03150
koc:AB185_05770	ko:K02760
koc:AB185_05775	ko:K02759
koc:AB185_05780	ko:K07792
koc:AB185_05785	ko:K03046
koc:AB185_05790	ko:K03043
koc:AB185_05795	ko:K02935
koc:AB185_05800	ko:K02864
koc:AB185_05805	ko:K02863
koc:AB185_05810	ko:K02867
koc:AB185_05815	ko:K02601
koc:AB185_05820	ko:K03073
koc:AB185_05825	ko:K02358
koc:AB185_05830	ko:K14234
koc:AB185_05835	ko:K14225
koc:AB185_05840	ko:K14236
koc:AB185_05845	ko:K14234
koc:AB185_05850	ko:K00867
koc:AB185_05855	ko:K03524
koc:AB185_05860	ko:K00075
koc:AB185_05865	ko:K01985
koc:AB185_05870	ko:K01980
koc:AB185_05875	ko:K14218
koc:AB185_05880	ko:K14227
koc:AB185_05885	ko:K01977
koc:AB185_05890	ko:K00230
koc:AB185_05895	ko:K03498
koc:AB185_05905	ko:K01271
koc:AB185_05910	ko:K01825
koc:AB185_05915	ko:K00632
koc:AB185_05925	ko:K05368
koc:AB185_05930	ko:K03182
koc:AB185_05935	ko:K05785
koc:AB185_05940	ko:K03424
koc:AB185_05945	ko:K03118
koc:AB185_05950	ko:K03117
koc:AB185_05955	ko:K03116
koc:AB185_05960	ko:K03688
koc:AB185_05965	ko:K03690
koc:AB185_05970	ko:K03183
koc:AB185_05975	ko:K09760
koc:AB185_05980	ko:K00757
koc:AB185_05985	ko:K01061
koc:AB185_05990	ko:K02030
koc:AB185_05995	ko:K00549
koc:AB185_06005	ko:K03576
koc:AB185_06015	ko:K28854
koc:AB185_06020	ko:K01048
koc:AB185_06025	ko:K05834
koc:AB185_06035	ko:K05835
koc:AB185_06040	ko:K03654
koc:AB185_06045	ko:K01058
koc:AB185_06050	ko:K01073
koc:AB185_06055	ko:K05786
koc:AB185_06060	ko:K03284
koc:AB185_06065	ko:K03657
koc:AB185_06070	ko:K20862
koc:AB185_06075	ko:K03733
koc:AB185_06080	ko:K09921
koc:AB185_06085	ko:K01778
koc:AB185_06095	ko:K00375
koc:AB185_06115	ko:K06202
koc:AB185_06120	ko:K05851
koc:AB185_06125	ko:K01749
koc:AB185_06130	ko:K01719
koc:AB185_06135	ko:K02496
koc:AB185_06140	ko:K02498
koc:AB185_06145	ko:K14232
koc:AB185_06150	ko:K14228
koc:AB185_06155	ko:K14226
koc:AB185_06160	ko:K14219
koc:AB185_06165	ko:K03293
koc:AB185_06170	ko:K02852
koc:AB185_06175	ko:K02853
koc:AB185_06180	ko:K12582
koc:AB185_06185	ko:K16693
koc:AB185_06190	ko:K02805
koc:AB185_06195	ko:K16704
koc:AB185_06200	ko:K00973
koc:AB185_06205	ko:K01710
koc:AB185_06210	ko:K02472
koc:AB185_06215	ko:K01791
koc:AB185_06220	ko:K05790
koc:AB185_06225	ko:K02851
koc:AB185_06230	ko:K03628
koc:AB185_06235	ko:K03671
koc:AB185_06240	ko:K03732
koc:AB185_06245	ko:K01524
koc:AB185_06260	ko:K03457
koc:AB185_06270	ko:K03656
koc:AB185_06275	ko:K03811
koc:AB185_06280	ko:K00757
koc:AB185_06285	ko:K10914
koc:AB185_06290	ko:K03769
koc:AB185_06295	ko:K03769
koc:AB185_06300	ko:K00053
koc:AB185_06305	ko:K02521
koc:AB185_06310	ko:K01754
koc:AB185_06315	ko:K01687
koc:AB185_06320	ko:K00826
koc:AB185_06325	ko:K11258
koc:AB185_06330	ko:K01652
koc:AB185_06335	ko:K07391
koc:AB185_06340	ko:K09897
koc:AB185_06345	ko:K23773
koc:AB185_06350	ko:K14235
koc:AB185_06355	ko:K14221
koc:AB185_06360	ko:K01985
koc:AB185_06365	ko:K01980
koc:AB185_06370	ko:K14218
koc:AB185_06375	ko:K14227
koc:AB185_06380	ko:K01977
koc:AB185_06385	ko:K01776
koc:AB185_06390	ko:K16092
koc:AB185_06395	ko:K00557
koc:AB185_06405	ko:K22105
koc:AB185_06410	ko:K00322
koc:AB185_06415	ko:K04761
koc:AB185_06425	ko:K01755
koc:AB185_06430	ko:K00930
koc:AB185_06435	ko:K00145
koc:AB185_06440	ko:K01438
koc:AB185_06445	ko:K01595
koc:AB185_06460	ko:K08314
koc:AB185_06465	ko:K00005
koc:AB185_06470	ko:K03436
koc:AB185_06475	ko:K00297
koc:AB185_06485	ko:K01607
koc:AB185_06490	ko:K12525
koc:AB185_06495	ko:K01739
koc:AB185_06500	ko:K03764
koc:AB185_06505	ko:K02909
koc:AB185_06510	ko:K04066
koc:AB185_06515	ko:K05499
koc:AB185_06520	ko:K03591
koc:AB185_06525	ko:K01419
koc:AB185_06530	ko:K03667
koc:AB185_06535	ko:K02548
koc:AB185_06540	ko:K02553
koc:AB185_06545	ko:K00850
koc:AB185_06550	ko:K13283
koc:AB185_06555	ko:K06006
koc:AB185_06560	ko:K07662
koc:AB185_06565	ko:K07640
koc:AB185_06575	ko:K04564
koc:AB185_06580	ko:K02856
koc:AB185_06585	ko:K02854
koc:AB185_06590	ko:K02855
koc:AB185_06595	ko:K00848
koc:AB185_06600	ko:K01813
koc:AB185_06605	ko:K01629
koc:AB185_06610	ko:K10559
koc:AB185_06615	ko:K10562
koc:AB185_06620	ko:K10560
koc:AB185_06625	ko:K10561
koc:AB185_06630	ko:K13954
koc:AB185_06635	ko:K03534
koc:AB185_06645	ko:K25596
koc:AB185_06650	ko:K01193
koc:AB185_06655	ko:K03292
koc:AB185_06660	ko:K02529
koc:AB185_06675	ko:K03442
koc:AB185_06695	ko:K07348
koc:AB185_06700	ko:K07345
koc:AB185_06710	ko:K07347
koc:AB185_06715	ko:K07346
koc:AB185_06720	ko:K07351
koc:AB185_06725	ko:K07345
koc:AB185_06735	ko:K00633
koc:AB185_06740	ko:K02532
koc:AB185_06745	ko:K07407
koc:AB185_06750	ko:K02529
koc:AB185_06755	ko:K08160
koc:AB185_06785	ko:K26605
koc:AB185_06790	ko:K26606
koc:AB185_06800	ko:K02821
koc:AB185_06810	ko:K01624
koc:AB185_06815	ko:K03475
koc:AB185_06820	ko:K02822
koc:AB185_06825	ko:K00850
koc:AB185_06830	ko:K19505
koc:AB185_06835	ko:K02793
koc:AB185_06840	ko:K18581
koc:AB185_06850	ko:K19508
koc:AB185_06855	ko:K19509
koc:AB185_06860	ko:K22110
koc:AB185_06875	ko:K02379
koc:AB185_06880	ko:K00123
koc:AB185_06885	ko:K00123
koc:AB185_06890	ko:K00124
koc:AB185_06895	ko:K00127
koc:AB185_06900	ko:K02380
koc:AB185_06915	ko:K07560
koc:AB185_06920	ko:K07058
koc:AB185_06925	ko:K20866
koc:AB185_06930	ko:K06207
koc:AB185_06935	ko:K01915
koc:AB185_06940	ko:K07708
koc:AB185_06945	ko:K07712
koc:AB185_06950	ko:K02495
koc:AB185_06955	ko:K09894
koc:AB185_06960	ko:K03978
koc:AB185_06965	ko:K02335
koc:AB185_06975	ko:K03673
koc:AB185_06985	ko:K09896
koc:AB185_06990	ko:K03752
koc:AB185_06995	ko:K03753
koc:AB185_07000	ko:K01985
koc:AB185_07005	ko:K01980
koc:AB185_07010	ko:K01977
koc:AB185_07025	ko:K02529
koc:AB185_07030	ko:K00852
koc:AB185_07035	ko:K10439
koc:AB185_07040	ko:K10440
koc:AB185_07045	ko:K10441
koc:AB185_07050	ko:K06726
koc:AB185_07055	ko:K03549
koc:AB185_07060	ko:K03924
koc:AB185_07070	ko:K01914
koc:AB185_07075	ko:K03718
koc:AB185_07080	ko:K06205
koc:AB185_07085	ko:K03495
koc:AB185_07090	ko:K03501
koc:AB185_07095	ko:K02116
koc:AB185_07100	ko:K02108
koc:AB185_07105	ko:K02110
koc:AB185_07110	ko:K02109
koc:AB185_07115	ko:K02113
koc:AB185_07120	ko:K02111
koc:AB185_07125	ko:K02115
koc:AB185_07130	ko:K02112
koc:AB185_07135	ko:K02114
koc:AB185_07140	ko:K22994
koc:AB185_07145	ko:K04042
koc:AB185_07150	ko:K00820
koc:AB185_07155	ko:K02040
koc:AB185_07160	ko:K02037
koc:AB185_07165	ko:K02038
koc:AB185_07170	ko:K02036
koc:AB185_07175	ko:K02039
koc:AB185_07180	ko:K10124
koc:AB185_07220	ko:K06901
koc:AB185_07225	ko:K19784
koc:AB185_07240	ko:K08163
koc:AB185_07250	ko:K00885
koc:AB185_07255	ko:K01788
koc:AB185_07260	ko:K03290
koc:AB185_07270	ko:K01639
koc:AB185_07280	ko:K07345
koc:AB185_07285	ko:K07346
koc:AB185_07290	ko:K07347
koc:AB185_07300	ko:K07345
koc:AB185_07305	ko:K03650
koc:AB185_07310	ko:K03217
koc:AB185_07315	ko:K03536
koc:AB185_07320	ko:K02313
koc:AB185_07325	ko:K02338
koc:AB185_07330	ko:K03629
koc:AB185_07335	ko:K02470
koc:AB185_07355	ko:K19776
koc:AB185_07360	ko:K00883
koc:AB185_07370	ko:K01684
koc:AB185_07375	ko:K08194
koc:AB185_07390	ko:K04080
koc:AB185_07395	ko:K04081
koc:AB185_07400	ko:K07085
koc:AB185_07405	ko:K03482
koc:AB185_07410	ko:K02750
koc:AB185_07415	ko:K01232
koc:AB185_07420	ko:K00389
koc:AB185_07430	ko:K06871
koc:AB185_07435	ko:K01753
koc:AB185_07440	ko:K13629
koc:AB185_07445	ko:K13636
koc:AB185_07450	ko:K08154
koc:AB185_07465	ko:K01652
koc:AB185_07470	ko:K01653
koc:AB185_07475	ko:K07686
koc:AB185_07480	ko:K07675
koc:AB185_07485	ko:K07783
koc:AB185_07490	ko:K07784
koc:AB185_07500	ko:K07726
koc:AB185_07510	ko:K03445
koc:AB185_07515	ko:K05306
koc:AB185_07520	ko:K03430
koc:AB185_07530	ko:K11081
koc:AB185_07535	ko:K11084
koc:AB185_07540	ko:K11083
koc:AB185_07545	ko:K11082
koc:AB185_07550	ko:K02024
koc:AB185_07555	ko:K02759
koc:AB185_07560	ko:K02761
koc:AB185_07565	ko:K02760
koc:AB185_07580	ko:K24087
koc:AB185_07590	ko:K19163
koc:AB185_07595	ko:K19164
koc:AB185_07600	ko:K11192
koc:AB185_07605	ko:K07106
koc:AB185_07610	ko:K07552
koc:AB185_07615	ko:K18139
koc:AB185_07620	ko:K18138
koc:AB185_07625	ko:K03585
koc:AB185_07650	ko:K07006
koc:AB185_07655	ko:K09958
koc:AB185_07660	ko:K02073
koc:AB185_07685	ko:K13979
koc:AB185_07700	ko:K00891
koc:AB185_07710	ko:K19048
koc:AB185_07715	ko:K14238
koc:AB185_07725	ko:K01811
koc:AB185_07735	ko:K02768
koc:AB185_07740	ko:K02769
koc:AB185_07745	ko:K02770
koc:AB185_07750	ko:K01624
koc:AB185_07755	ko:K01624
koc:AB185_07760	ko:K00847
koc:AB185_07765	ko:K09988
koc:AB185_07780	ko:K02750
koc:AB185_07790	ko:K16345
koc:AB185_07795	ko:K03312
koc:AB185_07800	ko:K00864
koc:AB185_07805	ko:K02440
koc:AB185_07810	ko:K09892
koc:AB185_07815	ko:K23163
koc:AB185_07820	ko:K01521
koc:AB185_07830	ko:K01803
koc:AB185_07845	ko:K00528
koc:AB185_07850	ko:K02446
koc:AB185_07855	ko:K03655
koc:AB185_07860	ko:K00556
koc:AB185_07865	ko:K01139
koc:AB185_07870	ko:K03060
koc:AB185_07875	ko:K00942
koc:AB185_07880	ko:K01972
koc:AB185_07890	ko:K03281
koc:AB185_07900	ko:K00989
koc:AB185_07905	ko:K00762
koc:AB185_07910	ko:K05501
koc:AB185_07915	ko:K01520
koc:AB185_07920	ko:K13038
koc:AB185_07925	ko:K03630
koc:AB185_07930	ko:K02902
koc:AB185_07935	ko:K02913
koc:AB185_07940	ko:K10563
koc:AB185_07945	ko:K00954
koc:AB185_07950	ko:K12984
koc:AB185_07955	ko:K02527
koc:AB185_07960	ko:K19354
koc:AB185_07970	ko:K02844
koc:AB185_07975	ko:K02849
koc:AB185_07990	ko:K07491
koc:AB185_08005	ko:K02841
koc:AB185_08010	ko:K02843
koc:AB185_08015	ko:K03274
koc:AB185_08020	ko:K00639
koc:AB185_08025	ko:K00060
koc:AB185_08035	ko:K09798
koc:AB185_08040	ko:K22719
koc:AB185_08045	ko:K15633
koc:AB185_08055	ko:K03676
koc:AB185_08060	ko:K03071
koc:AB185_08065	ko:K00057
koc:AB185_08070	ko:K00640
koc:AB185_08075	ko:K03216
koc:AB185_08080	ko:K29125
koc:AB185_08085	ko:K14348
koc:AB185_08090	ko:K00427
koc:AB185_08095	ko:K14762
koc:AB185_08105	ko:K02562
koc:AB185_08110	ko:K00009
koc:AB185_08115	ko:K02800
koc:AB185_08135	ko:K01042
koc:AB185_08140	ko:K03833
koc:AB185_08145	ko:K09955
koc:AB185_08150	ko:K03292
koc:AB185_08160	ko:K03077
koc:AB185_08165	ko:K03079
koc:AB185_08170	ko:K03078
koc:AB185_08175	ko:K00880
koc:AB185_08195	ko:K08092
koc:AB185_08200	ko:K21602
koc:AB185_08205	ko:K05796
koc:AB185_08210	ko:K00835
koc:AB185_08215	ko:K01176
koc:AB185_08220	ko:K03796
koc:AB185_08225	ko:K02529
koc:AB185_08230	ko:K10544
koc:AB185_08235	ko:K10545
koc:AB185_08240	ko:K10543
koc:AB185_08245	ko:K01805
koc:AB185_08250	ko:K00854
koc:AB185_08270	ko:K01878
koc:AB185_08275	ko:K01879
koc:AB185_08280	ko:K18920
koc:AB185_08290	ko:K03704
koc:AB185_08295	ko:K07726
koc:AB185_08300	ko:K08195
koc:AB185_08310	ko:K00090
koc:AB185_08320	ko:K00874
koc:AB185_08330	ko:K02525
koc:AB185_08340	ko:K08351
koc:AB185_08345	ko:K03826
koc:AB185_08350	ko:K01246
koc:AB185_08360	ko:K08177
koc:AB185_08365	ko:K12975
koc:AB185_08370	ko:K14232
koc:AB185_08375	ko:K12368
koc:AB185_08380	ko:K12369
koc:AB185_08385	ko:K12370
koc:AB185_08390	ko:K12371
koc:AB185_08395	ko:K12372
koc:AB185_08415	ko:K20541
koc:AB185_08420	ko:K20543
koc:AB185_08430	ko:K20542
koc:AB185_08460	ko:K07481
koc:AB185_08475	ko:K00694
koc:AB185_08480	ko:K07496
koc:AB185_08485	ko:K20541
koc:AB185_08490	ko:K20542
koc:AB185_08495	ko:K20543
koc:AB185_08500	ko:K26149
koc:AB185_08505	ko:K11103
koc:AB185_08515	ko:K00874
koc:AB185_08520	ko:K07290
koc:AB185_08530	ko:K07058
koc:AB185_08550	ko:K01185
koc:AB185_08560	ko:K01194
koc:AB185_08570	ko:K00799
koc:AB185_08575	ko:K00383
koc:AB185_08580	ko:K07115
koc:AB185_08590	ko:K07638
koc:AB185_08595	ko:K07659
koc:AB185_08600	ko:K04760
koc:AB185_08605	ko:K06959
koc:AB185_08610	ko:K04758
koc:AB185_08615	ko:K04759
koc:AB185_08620	ko:K07490
koc:AB185_08625	ko:K07486
koc:AB185_08635	ko:K02170
koc:AB185_08645	ko:K07400
koc:AB185_08650	ko:K06155
koc:AB185_08655	ko:K01414
koc:AB185_08660	ko:K15984
koc:AB185_08665	ko:K03305
koc:AB185_08670	ko:K06149
koc:AB185_08675	ko:K06144
koc:AB185_08680	ko:K16322
koc:AB185_08690	ko:K02688
koc:AB185_08695	ko:K07480
koc:AB185_08700	ko:K01465
koc:AB185_08705	ko:K03319
koc:AB185_08715	ko:K00058
koc:AB185_08725	ko:K06213
koc:AB185_08730	ko:K08996
koc:AB185_08735	ko:K07722
koc:AB185_08740	ko:K10824
koc:AB185_08745	ko:K15587
koc:AB185_08750	ko:K15586
koc:AB185_08755	ko:K15585
koc:AB185_08760	ko:K15584
koc:AB185_08770	ko:K13727
koc:AB185_08775	ko:K07806
koc:AB185_08780	ko:K10012
koc:AB185_08785	ko:K10011
koc:AB185_08790	ko:K13014
koc:AB185_08795	ko:K07264
koc:AB185_08800	ko:K12962
koc:AB185_08805	ko:K12963
koc:AB185_08820	ko:K27311
koc:AB185_08825	ko:K09125
koc:AB185_08830	ko:K04085
koc:AB185_08835	ko:K01534
koc:AB185_08850	ko:K08993
koc:AB185_08855	ko:K08316
koc:AB185_08860	ko:K03110
koc:AB185_08865	ko:K09812
koc:AB185_08870	ko:K09811
koc:AB185_08875	ko:K03089
koc:AB185_08880	ko:K00375
koc:AB185_08885	ko:K00823
koc:AB185_08900	ko:K01999
koc:AB185_08910	ko:K01999
koc:AB185_08915	ko:K01997
koc:AB185_08920	ko:K01998
koc:AB185_08925	ko:K01995
koc:AB185_08930	ko:K01996
koc:AB185_08935	ko:K01685
koc:AB185_08940	ko:K26580
koc:AB185_08945	ko:K22397
koc:AB185_08955	ko:K05813
koc:AB185_08960	ko:K05814
koc:AB185_08965	ko:K05815
koc:AB185_08970	ko:K05816
koc:AB185_08975	ko:K01126
koc:AB185_08985	ko:K00681
koc:AB185_08990	ko:K03825
koc:AB185_09005	ko:K06911
koc:AB185_09010	ko:K06145
koc:AB185_09015	ko:K00851
koc:AB185_09020	ko:K06156
koc:AB185_09025	ko:K00133
koc:AB185_09030	ko:K00700
koc:AB185_09035	ko:K02438
koc:AB185_09040	ko:K00975
koc:AB185_09045	ko:K00703
koc:AB185_09050	ko:K00688
koc:AB185_09055	ko:K00111
koc:AB185_09060	ko:K02439
koc:AB185_09065	ko:K02441
koc:AB185_09070	ko:K02444
koc:AB185_09075	ko:K03556
koc:AB185_09085	ko:K00688
koc:AB185_09090	ko:K00705
koc:AB185_09095	ko:K01610
koc:AB185_09100	ko:K04083
koc:AB185_09105	ko:K04762
koc:AB185_09110	ko:K20881
koc:AB185_09120	ko:K08312
koc:AB185_09125	ko:K05366
koc:AB185_09130	ko:K12288
koc:AB185_09135	ko:K12289
koc:AB185_09140	ko:K12290
koc:AB185_09145	ko:K12291
koc:AB185_09150	ko:K02507
koc:AB185_09155	ko:K00891
koc:AB185_09160	ko:K01735
koc:AB185_09165	ko:K03112
koc:AB185_09170	ko:K06223
koc:AB185_09175	ko:K01783
koc:AB185_09180	ko:K01091
koc:AB185_09185	ko:K01867
koc:AB185_09190	ko:K02302
koc:AB185_09195	ko:K02598
koc:AB185_09200	ko:K00363
koc:AB185_09205	ko:K00362
koc:AB185_09210	ko:K01485
koc:AB185_09215	ko:K06141
koc:AB185_09220	ko:K03767
koc:AB185_09225	ko:K04095
koc:AB185_09230	ko:K01664
koc:AB185_09235	ko:K00821
koc:AB185_09245	ko:K10914
koc:AB185_09250	ko:K07397
koc:AB185_09255	ko:K28462
koc:AB185_09260	ko:K09898
koc:AB185_09265	ko:K07019
koc:AB185_09275	ko:K00948
koc:AB185_09280	ko:K03462
koc:AB185_09285	ko:K06158
koc:AB185_09290	ko:K11748
koc:AB185_09295	ko:K11747
koc:AB185_09300	ko:K07070
koc:AB185_09305	ko:K03775
koc:AB185_09310	ko:K03745
koc:AB185_09315	ko:K03772
koc:AB185_09325	ko:K07235
koc:AB185_09330	ko:K07236
koc:AB185_09335	ko:K07237
koc:AB185_09340	ko:K02950
koc:AB185_09345	ko:K02992
koc:AB185_09350	ko:K02355
koc:AB185_09355	ko:K02358
koc:AB185_09360	ko:K02192
koc:AB185_09365	ko:K03594
koc:AB185_09370	ko:K02506
koc:AB185_09380	ko:K02946
koc:AB185_09385	ko:K02906
koc:AB185_09390	ko:K02926
koc:AB185_09395	ko:K02892
koc:AB185_09400	ko:K02886
koc:AB185_09405	ko:K02965
koc:AB185_09410	ko:K02890
koc:AB185_09415	ko:K02982
koc:AB185_09420	ko:K02878
koc:AB185_09425	ko:K02904
koc:AB185_09430	ko:K02961
koc:AB185_09435	ko:K02874
koc:AB185_09440	ko:K02895
koc:AB185_09445	ko:K02931
koc:AB185_09450	ko:K02954
koc:AB185_09455	ko:K02994
koc:AB185_09460	ko:K02933
koc:AB185_09465	ko:K02881
koc:AB185_09470	ko:K02988
koc:AB185_09475	ko:K02907
koc:AB185_09480	ko:K02876
koc:AB185_09485	ko:K03076
koc:AB185_09490	ko:K02919
koc:AB185_09495	ko:K02952
koc:AB185_09500	ko:K02948
koc:AB185_09505	ko:K02986
koc:AB185_09510	ko:K03040
koc:AB185_09515	ko:K02879
koc:AB185_09525	ko:K13638
koc:AB185_09530	ko:K03282
koc:AB185_09535	ko:K03499
koc:AB185_09540	ko:K03500
koc:AB185_09545	ko:K00604
koc:AB185_09550	ko:K01462
koc:AB185_09555	ko:K04096
koc:AB185_09560	ko:K03747
koc:AB185_09565	ko:K07566
koc:AB185_09570	ko:K00014
koc:AB185_09585	ko:K01977
koc:AB185_09590	ko:K14224
koc:AB185_09595	ko:K01980
koc:AB185_09600	ko:K01985
koc:AB185_09605	ko:K14234
koc:AB185_09610	ko:K01985
koc:AB185_09620	ko:K18142
koc:AB185_09625	ko:K18141
koc:AB185_09630	ko:K18140
koc:AB185_09635	ko:K03557
koc:AB185_09640	ko:K05540
koc:AB185_09645	ko:K01674
koc:AB185_09650	ko:K02687
koc:AB185_09655	ko:K14392
koc:AB185_09665	ko:K01961
koc:AB185_09670	ko:K02160
koc:AB185_09680	ko:K17247
koc:AB185_09685	ko:K07147
koc:AB185_09690	ko:K19745
koc:AB185_09695	ko:K18765
koc:AB185_09700	ko:K03569
koc:AB185_09705	ko:K03570
koc:AB185_09710	ko:K03571
koc:AB185_09715	ko:K06287
koc:AB185_09720	ko:K08301
koc:AB185_09730	ko:K03568
koc:AB185_09735	ko:K02430
koc:AB185_09740	ko:K21698
koc:AB185_09745	ko:K21695
koc:AB185_09750	ko:K15548
koc:AB185_09755	ko:K03468
koc:AB185_09760	ko:K03623
koc:AB185_09775	ko:K03402
koc:AB185_09780	ko:K00024
koc:AB185_09785	ko:K07491
koc:AB185_09810	ko:K03779
koc:AB185_09815	ko:K03780
koc:AB185_09825	ko:K01571
koc:AB185_09830	ko:K20509
koc:AB185_09840	ko:K04691
koc:AB185_09845	ko:K04772
koc:AB185_09850	ko:K09908
koc:AB185_09855	ko:K06916
koc:AB185_09860	ko:K02871
koc:AB185_09865	ko:K02996
koc:AB185_09870	ko:K03599
koc:AB185_09875	ko:K03600
koc:AB185_09885	ko:K07481
koc:AB185_09895	ko:K07481
koc:AB185_09920	ko:K00266
koc:AB185_09925	ko:K00265
koc:AB185_09930	ko:K07139
koc:AB185_09935	ko:K07648
koc:AB185_09945	ko:K03814
koc:AB185_09950	ko:K08485
koc:AB185_09955	ko:K06958
koc:AB185_09960	ko:K02806
koc:AB185_09965	ko:K05808
koc:AB185_09970	ko:K03092
koc:AB185_09975	ko:K06861
koc:AB185_09980	ko:K09774
koc:AB185_09985	ko:K11719
koc:AB185_09990	ko:K03270
koc:AB185_09995	ko:K06041
koc:AB185_10000	ko:K07301
koc:AB185_10005	ko:K02065
koc:AB185_10010	ko:K02066
koc:AB185_10015	ko:K02067
koc:AB185_10020	ko:K07323
koc:AB185_10025	ko:K07122
koc:AB185_10035	ko:K00790
koc:AB185_10040	ko:K07724
koc:AB185_10045	ko:K02523
koc:AB185_10050	ko:K02888
koc:AB185_10055	ko:K02899
koc:AB185_10065	ko:K03979
koc:AB185_10070	ko:K07259
koc:AB185_10075	ko:K03624
koc:AB185_10080	ko:K07574
koc:AB185_10085	ko:K02427
koc:AB185_10090	ko:K03798
koc:AB185_10095	ko:K00796
koc:AB185_10100	ko:K03431
koc:AB185_10105	ko:K03075
koc:AB185_10110	ko:K14228
koc:AB185_10130	ko:K01940
koc:AB185_10135	ko:K14230
koc:AB185_10140	ko:K09748
koc:AB185_10145	ko:K02600
koc:AB185_10150	ko:K02519
koc:AB185_10155	ko:K02834
koc:AB185_10160	ko:K03177
koc:AB185_10165	ko:K02956
koc:AB185_10170	ko:K00962
koc:AB185_10175	ko:K05803
koc:AB185_10180	ko:K05592
koc:AB185_10185	ko:K03835
koc:AB185_10195	ko:K24845
koc:AB185_10200	ko:K24844
koc:AB185_10205	ko:K24843
koc:AB185_10210	ko:K03824
koc:AB185_10215	ko:K07461
koc:AB185_10220	ko:K09979
koc:AB185_10225	ko:K05520
koc:AB185_10235	ko:K07089
koc:AB185_10240	ko:K07486
koc:AB185_10245	ko:K28369
koc:AB185_10250	ko:K12961
koc:AB185_10255	ko:K07460
koc:AB185_10260	ko:K07121
koc:AB185_10265	ko:K07056
koc:AB185_10275	ko:K08302
koc:AB185_10280	ko:K02082
koc:AB185_10285	ko:K02079
koc:AB185_10290	ko:K02744
koc:AB185_10295	ko:K02747
koc:AB185_10300	ko:K02746
koc:AB185_10305	ko:K02745
koc:AB185_10310	ko:K16371
koc:AB185_10315	ko:K02081
koc:AB185_10320	ko:K01708
koc:AB185_10325	ko:K12299
koc:AB185_10330	ko:K01630
koc:AB185_10335	ko:K00042
koc:AB185_10340	ko:K00865
koc:AB185_10375	ko:K07393
koc:AB185_10380	ko:K15977
koc:AB185_10405	ko:K25864
koc:AB185_10415	ko:K19775
koc:AB185_10420	ko:K08191
koc:AB185_10425	ko:K01812
koc:AB185_10430	ko:K01685
koc:AB185_10440	ko:K07862
koc:AB185_10455	ko:K07043
koc:AB185_10460	ko:K01198
koc:AB185_10470	ko:K03292
koc:AB185_10475	ko:K11391
koc:AB185_10480	ko:K00219
koc:AB185_10485	ko:K11216
koc:AB185_10490	ko:K11531
koc:AB185_10495	ko:K10558
koc:AB185_10500	ko:K10556
koc:AB185_10505	ko:K10557
koc:AB185_10510	ko:K10555
koc:AB185_10515	ko:K08321
koc:AB185_10520	ko:K11530
koc:AB185_10540	ko:K03931
koc:AB185_10560	ko:K12112
koc:AB185_10565	ko:K12111
koc:AB185_10570	ko:K12113
koc:AB185_10575	ko:K06878
koc:AB185_10580	ko:K09251
koc:AB185_10590	ko:K07229
koc:AB185_10595	ko:K28825
koc:AB185_10600	ko:K05881
koc:AB185_10605	ko:K05879
koc:AB185_10610	ko:K05878
koc:AB185_10620	ko:K00005
koc:AB185_10625	ko:K05880
koc:AB185_10635	ko:K14230
koc:AB185_10640	ko:K03649
koc:AB185_10650	ko:K03086
koc:AB185_10655	ko:K02316
koc:AB185_10660	ko:K02970
koc:AB185_10665	ko:K25706
koc:AB185_10675	ko:K03189
koc:AB185_10680	ko:K03188
koc:AB185_10685	ko:K03187
koc:AB185_10690	ko:K01428
koc:AB185_10695	ko:K01429
koc:AB185_10700	ko:K01430
koc:AB185_10705	ko:K03190
koc:AB185_10710	ko:K08591
koc:AB185_10715	ko:K01633
koc:AB185_10720	ko:K06153
koc:AB185_10725	ko:K00974
koc:AB185_10730	ko:K07184
koc:AB185_10735	ko:K18446
koc:AB185_10740	ko:K00982
koc:AB185_10745	ko:K03272
koc:AB185_10750	ko:K22720
koc:AB185_10755	ko:K09806
koc:AB185_10760	ko:K02858
koc:AB185_10785	ko:K07238
koc:AB185_10790	ko:K15777
koc:AB185_10805	ko:K12340
koc:AB185_10810	ko:K01515
koc:AB185_10815	ko:K09920
koc:AB185_10820	ko:K03651
koc:AB185_10825	ko:K07000
koc:AB185_10830	ko:K02622
koc:AB185_10840	ko:K03923
koc:AB185_10845	ko:K07645
koc:AB185_10850	ko:K07666
koc:AB185_10860	ko:K13652
koc:AB185_10865	ko:K02621
koc:AB185_10870	ko:K00655
koc:AB185_10875	ko:K04753
koc:AB185_10890	ko:K06221
koc:AB185_10895	ko:K08325
koc:AB185_10910	ko:K01760
koc:AB185_10915	ko:K03561
koc:AB185_10920	ko:K03559
koc:AB185_10925	ko:K03292
koc:AB185_10945	ko:K11209
koc:AB185_10955	ko:K01460
koc:AB185_10960	ko:K05825
koc:AB185_10990	ko:K01758
koc:AB185_10995	ko:K01697
koc:AB185_11000	ko:K14445
koc:AB185_11030	ko:K07724
koc:AB185_11045	ko:K18837
koc:AB185_11050	ko:K18838
koc:AB185_11060	ko:K03630
koc:AB185_11095	ko:K07733
koc:AB185_11100	ko:K07733
koc:AB185_11130	ko:K07316
koc:AB185_11150	ko:K07497
koc:AB185_11155	ko:K07483
koc:AB185_11160	ko:K07486
koc:AB185_11215	ko:K07484
koc:AB185_11220	ko:K07484
koc:AB185_11225	ko:K07483
koc:AB185_11275	ko:K14231
koc:AB185_11280	ko:K07150
koc:AB185_11285	ko:K01581
koc:AB185_11290	ko:K03289
koc:AB185_11295	ko:K08306
koc:AB185_11305	ko:K03575
koc:AB185_11310	ko:K03439
koc:AB185_11315	ko:K09923
koc:AB185_11325	ko:K11690
koc:AB185_11330	ko:K11689
koc:AB185_11335	ko:K11688
koc:AB185_11345	ko:K01519
koc:AB185_11350	ko:K09131
koc:AB185_11355	ko:K02221
koc:AB185_11360	ko:K06997
koc:AB185_11365	ko:K02669
koc:AB185_11370	ko:K04333
koc:AB185_11375	ko:K07447
koc:AB185_11380	ko:K07735
koc:AB185_11385	ko:K01920
koc:AB185_11390	ko:K09761
koc:AB185_11395	ko:K01150
koc:AB185_11400	ko:K02742
koc:AB185_11405	ko:K08137
koc:AB185_11410	ko:K00789
koc:AB185_11415	ko:K01585
koc:AB185_11420	ko:K01480
koc:AB185_11460	ko:K00529
koc:AB185_11485	ko:K06989
koc:AB185_11495	ko:K01652
koc:AB185_11500	ko:K07387
koc:AB185_11505	ko:K00615
koc:AB185_11510	ko:K16787
koc:AB185_11515	ko:K16786
koc:AB185_11520	ko:K16785
koc:AB185_11525	ko:K16923
koc:AB185_11530	ko:K06934
koc:AB185_11535	ko:K03472
koc:AB185_11540	ko:K00927
koc:AB185_11545	ko:K01624
koc:AB185_11550	ko:K03442
koc:AB185_11555	ko:K06895
koc:AB185_11560	ko:K09807
koc:AB185_11570	ko:K22214
koc:AB185_11575	ko:K11264
koc:AB185_11580	ko:K07588
koc:AB185_11585	ko:K01847
koc:AB185_11590	ko:K05596
koc:AB185_11595	ko:K01807
koc:AB185_11600	ko:K00058
koc:AB185_11605	ko:K01934
koc:AB185_11610	ko:K09888
koc:AB185_11615	ko:K09895
koc:AB185_11620	ko:K01262
koc:AB185_11625	ko:K03185
koc:AB185_11630	ko:K18800
koc:AB185_11635	ko:K00605
koc:AB185_11640	ko:K02437
koc:AB185_11645	ko:K00281
koc:AB185_11660	ko:K01223
koc:AB185_11670	ko:K09900
koc:AB185_11675	ko:K11068
koc:AB185_11680	ko:K17463
koc:AB185_11685	ko:K17468
koc:AB185_11690	ko:K17467
koc:AB185_11695	ko:K17466
koc:AB185_11700	ko:K17465
koc:AB185_11705	ko:K17464
koc:AB185_11710	ko:K17473
koc:AB185_11715	ko:K06980
koc:AB185_11720	ko:K09159
koc:AB185_11725	ko:K19168
koc:AB185_11730	ko:K03840
koc:AB185_11735	ko:K04763
koc:AB185_11740	ko:K03981
koc:AB185_11745	ko:K07462
koc:AB185_11750	ko:K02836
koc:AB185_11755	ko:K04567
koc:AB185_11765	ko:K01823
koc:AB185_11770	ko:K12943
koc:AB185_11775	ko:K14225
koc:AB185_11795	ko:K06077
koc:AB185_11810	ko:K07345
koc:AB185_11815	ko:K15540
koc:AB185_11820	ko:K07347
koc:AB185_11835	ko:K03892
koc:AB185_11840	ko:K03893
koc:AB185_11845	ko:K00537
koc:AB185_11865	ko:K00865
koc:AB185_11885	ko:K00626
koc:AB185_11890	ko:K00059
koc:AB185_11895	ko:K01026
koc:AB185_11900	ko:K01897
koc:AB185_11905	ko:K01759
koc:AB185_11910	ko:K02429
koc:AB185_11915	ko:K00852
koc:AB185_11920	ko:K17195
koc:AB185_11925	ko:K02430
koc:AB185_11930	ko:K01619
koc:AB185_11940	ko:K03436
koc:AB185_11955	ko:K03305
koc:AB185_11960	ko:K03366
koc:AB185_11970	ko:K15550
koc:AB185_11975	ko:K15547
koc:AB185_11980	ko:K15549
koc:AB185_11995	ko:K06975
koc:AB185_12005	ko:K07350
koc:AB185_12010	ko:K07349
koc:AB185_12015	ko:K07348
koc:AB185_12020	ko:K07347
koc:AB185_12025	ko:K07346
koc:AB185_12030	ko:K07351
koc:AB185_12035	ko:K07345
koc:AB185_12040	ko:K07358
koc:AB185_12045	ko:K07357
koc:AB185_12060	ko:K07486
koc:AB185_12070	ko:K15269
koc:AB185_12090	ko:K07345
koc:AB185_12095	ko:K15540
koc:AB185_12100	ko:K07347
koc:AB185_12105	ko:K07345
koc:AB185_12110	ko:K07345
koc:AB185_12115	ko:K21086
koc:AB185_12125	ko:K21087
koc:AB185_12130	ko:K05275
koc:AB185_12150	ko:K00626
koc:AB185_12155	ko:K22110
koc:AB185_12160	ko:K01730
koc:AB185_12165	ko:K00065
koc:AB185_12170	ko:K07491
koc:AB185_12175	ko:K02100
koc:AB185_12185	ko:K02532
koc:AB185_12190	ko:K01193
koc:AB185_12200	ko:K01730
koc:AB185_12205	ko:K10192
koc:AB185_12210	ko:K10195
koc:AB185_12215	ko:K10194
koc:AB185_12220	ko:K10193
koc:AB185_12225	ko:K26933
koc:AB185_12230	ko:K25316
koc:AB185_12265	ko:K01586
koc:AB185_12275	ko:K02761
koc:AB185_12280	ko:K01223
koc:AB185_12285	ko:K13637
koc:AB185_12295	ko:K02529
koc:AB185_12300	ko:K05939
koc:AB185_12305	ko:K08227
koc:AB185_12325	ko:K03573
koc:AB185_12330	ko:K08311
koc:AB185_12335	ko:K08484
koc:AB185_12340	ko:K13292
koc:AB185_12345	ko:K00560
koc:AB185_12350	ko:K02679
koc:AB185_12355	ko:K02680
koc:AB185_12365	ko:K02681
koc:AB185_12370	ko:K03583
koc:AB185_12375	ko:K01407
koc:AB185_12380	ko:K03582
koc:AB185_12385	ko:K03581
koc:AB185_12390	ko:K14682
koc:AB185_12395	ko:K01448
koc:AB185_12400	ko:K04720
koc:AB185_12405	ko:K16651
koc:AB185_12410	ko:K19697
koc:AB185_12415	ko:K04029
koc:AB185_12420	ko:K04031
koc:AB185_12425	ko:K27272
koc:AB185_12430	ko:K27271
koc:AB185_12435	ko:K13921
koc:AB185_12440	ko:K13922
koc:AB185_12445	ko:K27270
koc:AB185_12450	ko:K27269
koc:AB185_12455	ko:K27268
koc:AB185_12460	ko:K13923
koc:AB185_12465	ko:K27267
koc:AB185_12470	ko:K27266
koc:AB185_12475	ko:K27265
koc:AB185_12480	ko:K27264
koc:AB185_12485	ko:K13920
koc:AB185_12490	ko:K13919
koc:AB185_12495	ko:K01699
koc:AB185_12500	ko:K27263
koc:AB185_12505	ko:K27260
koc:AB185_12510	ko:K27261
koc:AB185_12515	ko:K27259
koc:AB185_12520	ko:K02224
koc:AB185_12525	ko:K02227
koc:AB185_12530	ko:K06042
koc:AB185_12535	ko:K02188
koc:AB185_12540	ko:K03399
koc:AB185_12545	ko:K02191
koc:AB185_12550	ko:K05936
koc:AB185_12555	ko:K02189
koc:AB185_12560	ko:K05934
koc:AB185_12565	ko:K05895
koc:AB185_12570	ko:K02190
koc:AB185_12575	ko:K03394
koc:AB185_12580	ko:K02007
koc:AB185_12585	ko:K02009
koc:AB185_12590	ko:K02008
koc:AB185_12595	ko:K02006
koc:AB185_12600	ko:K02232
koc:AB185_12605	ko:K02231
koc:AB185_12610	ko:K00768
koc:AB185_12615	ko:K14230
koc:AB185_12620	ko:K14230
koc:AB185_12625	ko:K14230
koc:AB185_12630	ko:K08304
koc:AB185_12635	ko:K22132
koc:AB185_12640	ko:K02426
koc:AB185_12645	ko:K01766
koc:AB185_12655	ko:K03566
koc:AB185_12665	ko:K06968
koc:AB185_12670	ko:K02430
koc:AB185_12675	ko:K02431
koc:AB185_12680	ko:K00879
koc:AB185_12685	ko:K01818
koc:AB185_12690	ko:K02429
koc:AB185_12695	ko:K01628
koc:AB185_12700	ko:K01146
koc:AB185_12710	ko:K04091
koc:AB185_12720	ko:K20938
koc:AB185_12725	ko:K15553
koc:AB185_12730	ko:K01752
koc:AB185_12735	ko:K03837
koc:AB185_12740	ko:K06966
koc:AB185_12745	ko:K06879
koc:AB185_12750	ko:K15723
koc:AB185_12765	ko:K06175
koc:AB185_12775	ko:K03535
koc:AB185_12780	ko:K13918
koc:AB185_12785	ko:K01706
koc:AB185_12790	ko:K00865
koc:AB185_12795	ko:K07678
koc:AB185_12800	ko:K03215
koc:AB185_12805	ko:K00951
koc:AB185_12810	ko:K04765
koc:AB185_12815	ko:K01937
koc:AB185_12820	ko:K01689
koc:AB185_12830	ko:K07480
koc:AB185_12835	ko:K10026
koc:AB185_12840	ko:K01737
koc:AB185_12845	ko:K00380
koc:AB185_12850	ko:K00381
koc:AB185_12855	ko:K00390
koc:AB185_12865	ko:K09612
koc:AB185_12870	ko:K02302
koc:AB185_12875	ko:K00957
koc:AB185_12880	ko:K00956
koc:AB185_12885	ko:K00860
koc:AB185_12895	ko:K05589
koc:AB185_12900	ko:K00991
koc:AB185_12905	ko:K01770
koc:AB185_12910	ko:K06176
koc:AB185_12915	ko:K03787
koc:AB185_12920	ko:K00573
koc:AB185_12925	ko:K06194
koc:AB185_12930	ko:K03087
koc:AB185_12950	ko:K22489
koc:AB185_12955	ko:K03186
koc:AB185_12960	ko:K01612
koc:AB185_12965	ko:K21759
koc:AB185_12970	ko:K18922
koc:AB185_12975	ko:K03555
koc:AB185_12995	ko:K03673
koc:AB185_13010	ko:K13888
koc:AB185_13015	ko:K05685
koc:AB185_13025	ko:K09458
koc:AB185_13035	ko:K02078
koc:AB185_13040	ko:K00059
koc:AB185_13065	ko:K07481
koc:AB185_13075	ko:K00048
koc:AB185_13090	ko:K07481
koc:AB185_13100	ko:K00046
koc:AB185_13105	ko:K08323
koc:AB185_13110	ko:K10834
koc:AB185_13115	ko:K25133
koc:AB185_13120	ko:K25132
koc:AB185_13125	ko:K07225
koc:AB185_13130	ko:K16087
koc:AB185_13135	ko:K07401
koc:AB185_13145	ko:K11606
koc:AB185_13150	ko:K11605
koc:AB185_13155	ko:K11607
koc:AB185_13160	ko:K11604
koc:AB185_13170	ko:K00847
koc:AB185_13175	ko:K02759
koc:AB185_13180	ko:K02761
koc:AB185_13185	ko:K02760
koc:AB185_13190	ko:K02761
koc:AB185_13195	ko:K16077
koc:AB185_13205	ko:K01223
koc:AB185_13215	ko:K15836
koc:AB185_13220	ko:K04655
koc:AB185_13225	ko:K04654
koc:AB185_13230	ko:K04653
koc:AB185_13235	ko:K04652
koc:AB185_13240	ko:K04651
koc:AB185_13245	ko:K15833
koc:AB185_13250	ko:K15827
koc:AB185_13255	ko:K15828
koc:AB185_13260	ko:K15829
koc:AB185_13265	ko:K15830
koc:AB185_13270	ko:K15831
koc:AB185_13275	ko:K15832
koc:AB185_13280	ko:K15834
koc:AB185_13285	ko:K08315
koc:AB185_13290	ko:K01223
koc:AB185_13295	ko:K02753
koc:AB185_13300	ko:K03487
koc:AB185_13305	ko:K05796
koc:AB185_13310	ko:K04656
koc:AB185_13315	ko:K07241
koc:AB185_13320	ko:K12265
koc:AB185_13325	ko:K12264
koc:AB185_13330	ko:K12266
koc:AB185_13335	ko:K02467
koc:AB185_13340	ko:K02468
koc:AB185_13345	ko:K02466
koc:AB185_13350	ko:K00068
koc:AB185_13355	ko:K02781
koc:AB185_13360	ko:K02782
koc:AB185_13365	ko:K02783
koc:AB185_13370	ko:K08305
koc:AB185_13375	ko:K02074
koc:AB185_13380	ko:K02075
koc:AB185_13385	ko:K02077
koc:AB185_13395	ko:K03743
koc:AB185_13400	ko:K03553
koc:AB185_13405	ko:K03565
koc:AB185_13410	ko:K01872
koc:AB185_13415	ko:K03563
koc:AB185_13420	ko:K14233
koc:AB185_13425	ko:K14219
koc:AB185_13430	ko:K14219
koc:AB185_13435	ko:K14219
koc:AB185_13440	ko:K14219
koc:AB185_13460	ko:K01919
koc:AB185_13465	ko:K07173
koc:AB185_13475	ko:K01649
koc:AB185_13480	ko:K03446
koc:AB185_13485	ko:K03543
koc:AB185_13490	ko:K15974
koc:AB185_13495	ko:K26606
koc:AB185_13500	ko:K26605
koc:AB185_13505	ko:K02002
koc:AB185_13510	ko:K02001
koc:AB185_13515	ko:K02000
koc:AB185_13520	ko:K00526
koc:AB185_13525	ko:K00525
koc:AB185_13530	ko:K03647
koc:AB185_13535	ko:K06191
koc:AB185_13545	ko:K00375
koc:AB185_13560	ko:K28156
koc:AB185_13570	ko:K11685
koc:AB185_13590	ko:K19302
koc:AB185_13595	ko:K21405
koc:AB185_13600	ko:K00138
koc:AB185_13605	ko:K07481
koc:AB185_13615	ko:K07345
koc:AB185_13620	ko:K07346
koc:AB185_13625	ko:K07347
koc:AB185_13630	ko:K07345
koc:AB185_13640	ko:K01713
koc:AB185_13645	ko:K03566
koc:AB185_13660	ko:K00428
koc:AB185_13665	ko:K02193
koc:AB185_13670	ko:K02194
koc:AB185_13675	ko:K02195
koc:AB185_13680	ko:K02196
koc:AB185_13685	ko:K02197
koc:AB185_13690	ko:K02198
koc:AB185_13695	ko:K02199
koc:AB185_13700	ko:K02200
koc:AB185_13705	ko:K12972
koc:AB185_13715	ko:K02028
koc:AB185_13715	ko:K02029
koc:AB185_13720	ko:K02030
koc:AB185_13735	ko:K12255
koc:AB185_13755	ko:K11910
koc:AB185_13770	ko:K07497
koc:AB185_13790	ko:K07481
koc:AB185_13810	ko:K19147
koc:AB185_13815	ko:K07452
koc:AB185_13825	ko:K20118
koc:AB185_13830	ko:K06859
koc:AB185_13835	ko:K08094
koc:AB185_13840	ko:K08093
koc:AB185_13860	ko:K02782
koc:AB185_13865	ko:K02781
koc:AB185_13870	ko:K02783
koc:AB185_13880	ko:K06919
koc:AB185_13960	ko:K06952
koc:AB185_14045	ko:K07480
koc:AB185_14050	ko:K07339
koc:AB185_14055	ko:K18843
koc:AB185_14065	ko:K01185
koc:AB185_14120	ko:K26967
koc:AB185_14125	ko:K26968
koc:AB185_14130	ko:K26969
koc:AB185_14135	ko:K26970
koc:AB185_14145	ko:K26972
koc:AB185_14150	ko:K26973
koc:AB185_14155	ko:K26974
koc:AB185_14160	ko:K26975
koc:AB185_14170	ko:K26976
koc:AB185_14175	ko:K21449
koc:AB185_14185	ko:K03503
koc:AB185_14195	ko:K03664
koc:AB185_14205	ko:K09801
koc:AB185_14210	ko:K06186
koc:AB185_14215	ko:K03631
koc:AB185_14220	ko:K00858
koc:AB185_14225	ko:K03687
koc:AB185_14230	ko:K03699
koc:AB185_14240	ko:K03106
koc:AB185_14245	ko:K02959
koc:AB185_14250	ko:K02860
koc:AB185_14255	ko:K00554
koc:AB185_14260	ko:K02884
koc:AB185_14280	ko:K21021
koc:AB185_14290	ko:K01626
koc:AB185_14295	ko:K14187
koc:AB185_14305	ko:K14170
koc:AB185_14310	ko:K05809
koc:AB185_14315	ko:K07495
koc:AB185_14320	ko:K05807
koc:AB185_14325	ko:K06180
koc:AB185_14330	ko:K05810
koc:AB185_14335	ko:K03695
koc:AB185_14340	ko:K01977
koc:AB185_14345	ko:K14224
koc:AB185_14350	ko:K01980
koc:AB185_14355	ko:K01985
koc:AB185_14365	ko:K03761
koc:AB185_14370	ko:K05811
koc:AB185_14375	ko:K00998
koc:AB185_14380	ko:K09181
koc:AB185_14385	ko:K05812
koc:AB185_14390	ko:K03672
koc:AB185_14395	ko:K03214
koc:AB185_14400	ko:K03648
koc:AB185_14405	ko:K06866
koc:AB185_14410	ko:K05590
koc:AB185_14415	ko:K15460
koc:AB185_14420	ko:K00278
koc:AB185_14425	ko:K03088
koc:AB185_14430	ko:K03597
koc:AB185_14435	ko:K03598
koc:AB185_14440	ko:K03803
koc:AB185_14445	ko:K03596
koc:AB185_14450	ko:K03100
koc:AB185_14455	ko:K03685
koc:AB185_14460	ko:K03595
koc:AB185_14465	ko:K03584
koc:AB185_14470	ko:K03474
koc:AB185_14475	ko:K00997
koc:AB185_14490	ko:K18697
koc:AB185_14495	ko:K11991
koc:AB185_14500	ko:K18691
koc:AB185_14505	ko:K01952
koc:AB185_14510	ko:K07711
koc:AB185_14520	ko:K07715
koc:AB185_14525	ko:K04751
koc:AB185_14530	ko:K05916
koc:AB185_14535	ko:K00600
koc:AB185_14545	ko:K15977
koc:AB185_14565	ko:K01785
koc:AB185_14570	ko:K05820
koc:AB185_14585	ko:K08970
koc:AB185_14590	ko:K01092
koc:AB185_14595	ko:K15396
koc:AB185_14600	ko:K13643
koc:AB185_14605	ko:K04487
koc:AB185_14610	ko:K04488
koc:AB185_14615	ko:K13628
koc:AB185_14620	ko:K04082
koc:AB185_14625	ko:K04044
koc:AB185_14630	ko:K04755
koc:AB185_14640	ko:K07751
koc:AB185_14650	ko:K01011
koc:AB185_14665	ko:K06894
koc:AB185_14670	ko:K05367
koc:AB185_14675	ko:K00940
koc:AB185_14680	ko:K06941
koc:AB185_14685	ko:K15539
koc:AB185_14690	ko:K03526
koc:AB185_14695	ko:K01892
koc:AB185_14705	ko:K17713
koc:AB185_14710	ko:K03977
koc:AB185_14735	ko:K07741
koc:AB185_14775	ko:K06919
koc:AB185_14785	ko:K03111
koc:AB185_14865	ko:K03601
koc:AB185_14870	ko:K00088
koc:AB185_14875	ko:K01951
koc:AB185_14895	ko:K26149
koc:AB185_14900	ko:K01524
koc:AB185_14905	ko:K00937
koc:AB185_14915	ko:K15532
koc:AB185_14920	ko:K16210
koc:AB185_14930	ko:K11175
koc:AB185_14935	ko:K01933
koc:AB185_14940	ko:K18673
koc:AB185_14945	ko:K01223
koc:AB185_14950	ko:K00761
koc:AB185_14955	ko:K02824
koc:AB185_14960	ko:K10763
koc:AB185_14965	ko:K00537
koc:AB185_14970	ko:K01423
koc:AB185_14975	ko:K03548
koc:AB185_14980	ko:K03564
koc:AB185_14985	ko:K03567
koc:AB185_14990	ko:K01714
koc:AB185_14995	ko:K07287
koc:AB185_15000	ko:K01923
koc:AB185_15005	ko:K07054
koc:AB185_15010	ko:K06957
koc:AB185_15015	ko:K06999
koc:AB185_15030	ko:K01439
koc:AB185_15040	ko:K18324
koc:AB185_15050	ko:K12945
koc:AB185_15060	ko:K00615
koc:AB185_15065	ko:K00029
koc:AB185_15070	ko:K04031
koc:AB185_15075	ko:K04029
koc:AB185_15080	ko:K04030
koc:AB185_15085	ko:K04032
koc:AB185_15090	ko:K04020
koc:AB185_15095	ko:K04027
koc:AB185_15100	ko:K04028
koc:AB185_15105	ko:K04021
koc:AB185_15110	ko:K04024
koc:AB185_15115	ko:K04022
koc:AB185_15120	ko:K04023
koc:AB185_15125	ko:K04019
koc:AB185_15130	ko:K03735
koc:AB185_15135	ko:K03736
koc:AB185_15140	ko:K04026
koc:AB185_15145	ko:K04025
koc:AB185_15150	ko:K04033
koc:AB185_15155	ko:K00228
koc:AB185_15160	ko:K01448
koc:AB185_15180	ko:K07223
koc:AB185_15185	ko:K02048
koc:AB185_15190	ko:K02046
koc:AB185_15195	ko:K02047
koc:AB185_15200	ko:K02045
koc:AB185_15205	ko:K12339
koc:AB185_15215	ko:K01951
koc:AB185_15225	ko:K00868
koc:AB185_15235	ko:K02777
koc:AB185_15240	ko:K08483
koc:AB185_15245	ko:K02784
koc:AB185_15255	ko:K01738
koc:AB185_15260	ko:K06203
koc:AB185_15265	ko:K03528
koc:AB185_15270	ko:K01972
koc:AB185_15275	ko:K09954
koc:AB185_15280	ko:K14347
koc:AB185_15290	ko:K03783
koc:AB185_15295	ko:K11537
koc:AB185_15305	ko:K14229
koc:AB185_15310	ko:K14237
koc:AB185_15315	ko:K14237
koc:AB185_15320	ko:K14237
koc:AB185_15325	ko:K01885
koc:AB185_15340	ko:K14218
koc:AB185_15345	ko:K14218
koc:AB185_15350	ko:K26149
koc:AB185_15355	ko:K11535
koc:AB185_15360	ko:K03322
koc:AB185_15370	ko:K19265
koc:AB185_15375	ko:K04103
koc:AB185_15380	ko:K03281
koc:AB185_15385	ko:K00845
koc:AB185_15390	ko:K27885
koc:AB185_15395	ko:K27884
koc:AB185_15400	ko:K14261
koc:AB185_15405	ko:K03449
koc:AB185_15410	ko:K11921
koc:AB185_15430	ko:K14219
koc:AB185_15435	ko:K21990
koc:AB185_15440	ko:K04754
koc:AB185_15445	ko:K06076
koc:AB185_15455	ko:K00632
koc:AB185_15460	ko:K01782
koc:AB185_15465	ko:K08296
koc:AB185_15475	ko:K07320
koc:AB185_15480	ko:K01736
koc:AB185_15485	ko:K07261
koc:AB185_15490	ko:K07090
koc:AB185_15495	ko:K09906
koc:AB185_15505	ko:K15461
koc:AB185_15510	ko:K00647
koc:AB185_15525	ko:K03473
koc:AB185_15535	ko:K06173
koc:AB185_15540	ko:K03975
koc:AB185_15545	ko:K01963
koc:AB185_15550	ko:K11754
koc:AB185_15555	ko:K03749
koc:AB185_15560	ko:K03558
koc:AB185_15565	ko:K00764
koc:AB185_15570	ko:K03186
koc:AB185_15575	ko:K10013
koc:AB185_15580	ko:K10014
koc:AB185_15585	ko:K10016
koc:AB185_15590	ko:K10015
koc:AB185_15595	ko:K10017
koc:AB185_15615	ko:K07071
koc:AB185_15620	ko:K07589
koc:AB185_15625	ko:K11209
koc:AB185_15630	ko:K00799
koc:AB185_15635	ko:K07095
koc:AB185_15650	ko:K02821
koc:AB185_15655	ko:K02822
koc:AB185_15660	ko:K03475
koc:AB185_15665	ko:K00615
koc:AB185_15670	ko:K00615
koc:AB185_15675	ko:K13788
koc:AB185_15680	ko:K00925
koc:AB185_15685	ko:K09899
koc:AB185_15690	ko:K09161
koc:AB185_15695	ko:K19270
koc:AB185_15705	ko:K08722
koc:AB185_15710	ko:K14260
koc:AB185_15720	ko:K00330
koc:AB185_15725	ko:K00331
koc:AB185_15730	ko:K13378
koc:AB185_15735	ko:K00334
koc:AB185_15740	ko:K00335
koc:AB185_15745	ko:K00336
koc:AB185_15750	ko:K00337
koc:AB185_15755	ko:K00338
koc:AB185_15760	ko:K00339
koc:AB185_15765	ko:K00340
koc:AB185_15770	ko:K00341
koc:AB185_15775	ko:K00342
koc:AB185_15780	ko:K00343
koc:AB185_15785	ko:K07357
koc:AB185_15790	ko:K07345
koc:AB185_15795	ko:K07346
koc:AB185_15800	ko:K07347
koc:AB185_15810	ko:K07349
koc:AB185_15815	ko:K07357
koc:AB185_15820	ko:K00784
koc:AB185_15825	ko:K02348
koc:AB185_15830	ko:K02552
koc:AB185_15835	ko:K02551
koc:AB185_15840	ko:K08680
koc:AB185_15845	ko:K01661
koc:AB185_15850	ko:K02549
koc:AB185_15855	ko:K01911
koc:AB185_15860	ko:K07793
koc:AB185_15865	ko:K07794
koc:AB185_15870	ko:K07795
koc:AB185_15875	ko:K07774
koc:AB185_15880	ko:K07649
koc:AB185_15885	ko:K12944
koc:AB185_15895	ko:K03781
koc:AB185_15915	ko:K12661
koc:AB185_15920	ko:K26580
koc:AB185_15925	ko:K12660
koc:AB185_15930	ko:K00113
koc:AB185_15935	ko:K00112
koc:AB185_15940	ko:K00111
koc:AB185_15945	ko:K02445
koc:AB185_15950	ko:K01126
koc:AB185_15955	ko:K11107
koc:AB185_15960	ko:K00526
koc:AB185_15965	ko:K00525
koc:AB185_15970	ko:K00568
koc:AB185_15975	ko:K02469
koc:AB185_15980	ko:K07677
koc:AB185_15985	ko:K07687
koc:AB185_15990	ko:K07676
koc:AB185_16000	ko:K09475
koc:AB185_16005	ko:K03734
koc:AB185_16010	ko:K10778
koc:AB185_16015	ko:K03919
koc:AB185_16020	ko:K06159
koc:AB185_16025	ko:K06213
koc:AB185_16030	ko:K03321
koc:AB185_16035	ko:K00116
koc:AB185_16040	ko:K08276
koc:AB185_16050	ko:K14232
koc:AB185_16055	ko:K07014
koc:AB185_16060	ko:K09904
koc:AB185_16065	ko:K06899
koc:AB185_16080	ko:K02897
koc:AB185_16085	ko:K19789
koc:AB185_16090	ko:K06183
koc:AB185_16095	ko:K07552
koc:AB185_16105	ko:K13896
koc:AB185_16110	ko:K13895
koc:AB185_16115	ko:K13894
koc:AB185_16120	ko:K13893
koc:AB185_16125	ko:K26148
koc:AB185_16130	ko:K13694
koc:AB185_16135	ko:K19803
koc:AB185_16150	ko:K02356
koc:AB185_16155	ko:K06940
koc:AB185_16160	ko:K03291
koc:AB185_16165	ko:K11183
koc:AB185_16170	ko:K00882
koc:AB185_16175	ko:K02770
koc:AB185_16180	ko:K16328
koc:AB185_16185	ko:K16329
koc:AB185_16190	ko:K16324
koc:AB185_16200	ko:K01151
koc:AB185_16215	ko:K11733
koc:AB185_16220	ko:K16089
koc:AB185_16225	ko:K18921
koc:AB185_16230	ko:K01070
koc:AB185_16235	ko:K01495
koc:AB185_16240	ko:K07148
koc:AB185_16245	ko:K02529
koc:AB185_16250	ko:K10540
koc:AB185_16255	ko:K10542
koc:AB185_16260	ko:K10541
koc:AB185_16265	ko:K03748
koc:AB185_16270	ko:K01489
koc:AB185_16280	ko:K06518
koc:AB185_16290	ko:K08195
koc:AB185_16295	ko:K00450
koc:AB185_16300	ko:K16165
koc:AB185_16305	ko:K01800
koc:AB185_16310	ko:K22270
koc:AB185_16315	ko:K05541
koc:AB185_16320	ko:K03488
koc:AB185_16325	ko:K02757
koc:AB185_16330	ko:K01223
koc:AB185_16340	ko:K18139
koc:AB185_16360	ko:K07262
koc:AB185_16370	ko:K03777
koc:AB185_16375	ko:K05349
koc:AB185_16380	ko:K05845
koc:AB185_16385	ko:K05846
koc:AB185_16390	ko:K05847
koc:AB185_16395	ko:K05846
koc:AB185_16400	ko:K21089
koc:AB185_16405	ko:K27882
koc:AB185_16410	ko:K27883
koc:AB185_16425	ko:K01874
koc:AB185_16430	ko:K03593
koc:AB185_16440	ko:K23243
koc:AB185_16450	ko:K06901
koc:AB185_16455	ko:K01486
koc:AB185_16465	ko:K25227
koc:AB185_16470	ko:K00878
koc:AB185_16475	ko:K00941
koc:AB185_16480	ko:K11645
koc:AB185_16485	ko:K00875
koc:AB185_16490	ko:K00039
koc:AB185_16495	ko:K03435
koc:AB185_16505	ko:K00007
koc:AB185_16510	ko:K00854
koc:AB185_16515	ko:K28818
koc:AB185_16520	ko:K24204
koc:AB185_16530	ko:K02035
koc:AB185_16535	ko:K02033
koc:AB185_16540	ko:K02034
koc:AB185_16545	ko:K02031
koc:AB185_16550	ko:K02032
koc:AB185_16570	ko:K08303
koc:AB185_16575	ko:K07664
koc:AB185_16580	ko:K07642
koc:AB185_16585	ko:K18326
koc:AB185_16590	ko:K07789
koc:AB185_16595	ko:K07788
koc:AB185_16600	ko:K07799
koc:AB185_16605	ko:K01482
koc:AB185_16610	ko:K10014
koc:AB185_16615	ko:K10016
koc:AB185_16620	ko:K10015
koc:AB185_16625	ko:K03719
koc:AB185_16630	ko:K06987
koc:AB185_16635	ko:K18457
koc:AB185_16645	ko:K01259
koc:AB185_16650	ko:K02033
koc:AB185_16655	ko:K02034
koc:AB185_16660	ko:K02031
koc:AB185_16665	ko:K02032
koc:AB185_16670	ko:K02035
koc:AB185_16695	ko:K01647
koc:AB185_16700	ko:K04046
koc:AB185_16705	ko:K01247
koc:AB185_16710	ko:K00876
koc:AB185_16715	ko:K01494
koc:AB185_16720	ko:K07289
koc:AB185_16730	ko:K00963
koc:AB185_16750	ko:K01991
koc:AB185_16755	ko:K25307
koc:AB185_16760	ko:K16692
koc:AB185_16775	ko:K12990
koc:AB185_16820	ko:K00033
koc:AB185_16825	ko:K01710
koc:AB185_16830	ko:K00973
koc:AB185_16835	ko:K00067
koc:AB185_16840	ko:K01790
koc:AB185_16845	ko:K00012
koc:AB185_16850	ko:K08679
koc:AB185_16855	ko:K09690
koc:AB185_16860	ko:K09691
koc:AB185_16870	ko:K01854
koc:AB185_16880	ko:K07481
koc:AB185_16890	ko:K11755
koc:AB185_16895	ko:K02500
koc:AB185_16900	ko:K01814
koc:AB185_16905	ko:K02501
koc:AB185_16910	ko:K01089
koc:AB185_16915	ko:K00817
koc:AB185_16920	ko:K00013
koc:AB185_16925	ko:K00765
koc:AB185_16945	ko:K15790
koc:AB185_16950	ko:K02585
koc:AB185_16955	ko:K02584
koc:AB185_16960	ko:K23916
koc:AB185_16965	ko:K03839
koc:AB185_16970	ko:K03769
koc:AB185_16975	ko:K02597
koc:AB185_16980	ko:K02595
koc:AB185_16985	ko:K02594
koc:AB185_16990	ko:K04487
koc:AB185_16995	ko:K13819
koc:AB185_17000	ko:K02596
koc:AB185_17005	ko:K02592
koc:AB185_17010	ko:K02587
koc:AB185_17020	ko:K02593
koc:AB185_17025	ko:K02591
koc:AB185_17030	ko:K02586
koc:AB185_17035	ko:K02588
koc:AB185_17040	ko:K03737
koc:AB185_17050	ko:K02355
koc:AB185_17055	ko:K01141
koc:AB185_17060	ko:K07258
koc:AB185_17070	ko:K07470
koc:AB185_17080	ko:K09802
koc:AB185_17090	ko:K02233
koc:AB185_17095	ko:K01251
koc:AB185_17100	ko:K07168
koc:AB185_17120	ko:K08172
koc:AB185_17145	ko:K03482
koc:AB185_17150	ko:K02750
koc:AB185_17155	ko:K01232
koc:AB185_17165	ko:K07350
koc:AB185_17170	ko:K07349
koc:AB185_17175	ko:K07348
koc:AB185_17180	ko:K07347
koc:AB185_17185	ko:K07346
koc:AB185_17190	ko:K07351
koc:AB185_17195	ko:K07345
koc:AB185_17205	ko:K07481
koc:AB185_17230	ko:K14220
koc:AB185_17235	ko:K19338
koc:AB185_17240	ko:K13635
koc:AB185_17245	ko:K19236
koc:AB185_17255	ko:K03566
koc:AB185_17275	ko:K14220
koc:AB185_17280	ko:K26937
koc:AB185_17285	ko:K14220
koc:AB185_17290	ko:K01241
koc:AB185_17295	ko:K19238
koc:AB185_17310	ko:K12973
koc:AB185_17330	ko:K11932
koc:AB185_17340	ko:K23721
koc:AB185_17355	ko:K18900
koc:AB185_17365	ko:K00344
koc:AB185_17370	ko:K14220
koc:AB185_17375	ko:K09933
koc:AB185_17380	ko:K14233
koc:AB185_17405	ko:K20534
koc:AB185_17410	ko:K07481
koc:AB185_17425	ko:K09476
koc:AB185_17435	ko:K06950
koc:AB185_17440	ko:K00558
koc:AB185_17445	ko:K07458
koc:AB185_17455	ko:K09781
koc:AB185_17465	ko:K21085
koc:AB185_17480	ko:K07781
koc:AB185_17495	ko:K01176
koc:AB185_17500	ko:K02424
koc:AB185_17505	ko:K05396
koc:AB185_17510	ko:K10009
koc:AB185_17515	ko:K10010
koc:AB185_17520	ko:K07782
koc:AB185_17530	ko:K07689
koc:AB185_17535	ko:K03703
koc:AB185_17540	ko:K00995
koc:AB185_17545	ko:K14225
koc:AB185_17550	ko:K14222
koc:AB185_17555	ko:K14228
koc:AB185_17620	ko:K02314
koc:AB185_17775	ko:K01185
koc:AB185_17785	ko:K01714
koc:AB185_17790	ko:K07039
koc:AB185_17795	ko:K03834
koc:AB185_17805	ko:K02217
koc:AB185_17825	ko:K16210
koc:AB185_17830	ko:K02255
koc:AB185_17840	ko:K10537
koc:AB185_17845	ko:K10539
koc:AB185_17850	ko:K10538
koc:AB185_17855	ko:K01087
koc:AB185_17860	ko:K00697
koc:AB185_17865	ko:K14064
koc:AB185_17870	ko:K16210
koc:AB185_17875	ko:K15532
koc:AB185_17880	ko:K01887
koc:AB185_17885	ko:K09907
koc:AB185_17890	ko:K06201
koc:AB185_17895	ko:K15257
koc:AB185_17900	ko:K15256
koc:AB185_17905	ko:K07136
koc:AB185_17920	ko:K01876
koc:AB185_17925	ko:K08310
koc:AB185_17935	ko:K01159
koc:AB185_17940	ko:K03550
koc:AB185_17945	ko:K03551
koc:AB185_17950	ko:K09816
koc:AB185_17955	ko:K09817
koc:AB185_17960	ko:K09815
koc:AB185_17965	ko:K19304
koc:AB185_17970	ko:K02560
koc:AB185_17975	ko:K00873
koc:AB185_17980	ko:K19337
koc:AB185_17985	ko:K00036
koc:AB185_17990	ko:K01690
koc:AB185_17995	ko:K01625
koc:AB185_18000	ko:K08289
koc:AB185_18005	ko:K09918
koc:AB185_18015	ko:K01354
koc:AB185_18020	ko:K10857
koc:AB185_18025	ko:K02345
koc:AB185_18030	ko:K07156
koc:AB185_18035	ko:K07245
koc:AB185_18045	ko:K27078
koc:AB185_18050	ko:K07347
koc:AB185_18055	ko:K07346
koc:AB185_18060	ko:K27078
koc:AB185_18065	ko:K27078
koc:AB185_18075	ko:K09824
koc:AB185_18080	ko:K07313
koc:AB185_18095	ko:K11392
koc:AB185_18100	ko:K06192
koc:AB185_18105	ko:K03808
koc:AB185_18110	ko:K08968
koc:AB185_18115	ko:K03607
koc:AB185_18120	ko:K03797
koc:AB185_18125	ko:K03799
koc:AB185_18130	ko:K08169
koc:AB185_18135	ko:K19333
koc:AB185_18155	ko:K03704
koc:AB185_18160	ko:K03587
koc:AB185_18165	ko:K00563
koc:AB185_18170	ko:K23242
koc:AB185_18185	ko:K02796
koc:AB185_18190	ko:K02795
koc:AB185_18195	ko:K02794
koc:AB185_18205	ko:K21090
koc:AB185_18210	ko:K01752
koc:AB185_18220	ko:K01665
koc:AB185_18225	ko:K09917
koc:AB185_18240	ko:K02027
koc:AB185_18250	ko:K02026
koc:AB185_18255	ko:K10112
koc:AB185_18270	ko:K03722
koc:AB185_18275	ko:K14742
koc:AB185_18280	ko:K07285
koc:AB185_18285	ko:K01897
koc:AB185_18290	ko:K03684
koc:AB185_18295	ko:K03608
koc:AB185_18300	ko:K03609
koc:AB185_18305	ko:K03610
koc:AB185_18310	ko:K09902
koc:AB185_18315	ko:K29029
koc:AB185_18320	ko:K09160
koc:AB185_18330	ko:K03611
koc:AB185_18335	ko:K03314
koc:AB185_18340	ko:K03603
koc:AB185_18345	ko:K06415
koc:AB185_18350	ko:K00285
koc:AB185_18355	ko:K01775
koc:AB185_18360	ko:K11105
koc:AB185_18365	ko:K01297
koc:AB185_18370	ko:K08308
koc:AB185_18375	ko:K01194
koc:AB185_18380	ko:K03292
koc:AB185_18390	ko:K05349
koc:AB185_18415	ko:K07395
koc:AB185_18440	ko:K07486
koc:AB185_18450	ko:K05845
koc:AB185_18455	ko:K05846
koc:AB185_18465	ko:K07497
koc:AB185_18470	ko:K07483
koc:AB185_18480	ko:K05847
koc:AB185_18485	ko:K06177
koc:AB185_18490	ko:K21645
koc:AB185_18495	ko:K01610
koc:AB185_18505	ko:K03098
koc:AB185_18510	ko:K07127
koc:AB185_18515	ko:K02798
koc:AB185_18520	ko:K06609
koc:AB185_18535	ko:K07141
koc:AB185_18540	ko:K22015
koc:AB185_18545	ko:K22015
koc:AB185_18550	ko:K24206
koc:AB185_18570	ko:K12527
koc:AB185_18580	ko:K00926
koc:AB185_18585	ko:K01464
koc:AB185_18595	ko:K01751
koc:AB185_18610	ko:K04095
koc:AB185_18620	ko:K06942
koc:AB185_18625	ko:K01056
koc:AB185_18640	ko:K03321
koc:AB185_18645	ko:K00948
koc:AB185_18650	ko:K00919
koc:AB185_18655	ko:K02494
koc:AB185_18660	ko:K02492
koc:AB185_18665	ko:K02835
koc:AB185_18670	ko:K02493
koc:AB185_18685	ko:K01627
koc:AB185_18690	ko:K07300
koc:AB185_18695	ko:K06197
koc:AB185_18700	ko:K07232
koc:AB185_18710	ko:K06039
koc:AB185_18720	ko:K15576
koc:AB185_18725	ko:K15577
koc:AB185_18730	ko:K15578
koc:AB185_18735	ko:K00361
koc:AB185_18740	ko:K00372
koc:AB185_18750	ko:K07684
koc:AB185_18755	ko:K07673
koc:AB185_18780	ko:K00370
koc:AB185_18785	ko:K00371
koc:AB185_18790	ko:K00373
koc:AB185_18795	ko:K00374
koc:AB185_18800	ko:K14236
koc:AB185_18805	ko:K14236
koc:AB185_18810	ko:K01433
koc:AB185_18815	ko:K09858
koc:AB185_18820	ko:K07001
koc:AB185_18825	ko:K02485
koc:AB185_18830	ko:K00963
koc:AB185_18835	ko:K03746
koc:AB185_18840	ko:K00857
koc:AB185_18845	ko:K04072
koc:AB185_18855	ko:K15580
koc:AB185_18860	ko:K15581
koc:AB185_18865	ko:K15582
koc:AB185_18870	ko:K15583
koc:AB185_18875	ko:K10823
koc:AB185_18880	ko:K10716
koc:AB185_18885	ko:K09901
koc:AB185_18890	ko:K06131
koc:AB185_18905	ko:K09780
koc:AB185_18910	ko:K03832
koc:AB185_18925	ko:K16370
koc:AB185_18930	ko:K07283
koc:AB185_18940	ko:K01868
koc:AB185_18945	ko:K02520
koc:AB185_18950	ko:K02916
koc:AB185_18955	ko:K02887
koc:AB185_18960	ko:K01889
koc:AB185_18965	ko:K01890
koc:AB185_18970	ko:K04764
koc:AB185_18975	ko:K06073
koc:AB185_18980	ko:K02073
koc:AB185_18985	ko:K00432
koc:AB185_18990	ko:K06074
koc:AB185_18995	ko:K13695
koc:AB185_19000	ko:K08997
koc:AB185_19010	ko:K01626
koc:AB185_19015	ko:K09773
koc:AB185_19020	ko:K01007
koc:AB185_19030	ko:K26063
koc:AB185_19035	ko:K19222
koc:AB185_19055	ko:K07345
koc:AB185_19060	ko:K07346
koc:AB185_19065	ko:K07347
koc:AB185_19070	ko:K07345
koc:AB185_19075	ko:K07349
koc:AB185_19080	ko:K05997
koc:AB185_19085	ko:K09014
koc:AB185_19090	ko:K09013
koc:AB185_19095	ko:K09015
koc:AB185_19100	ko:K11717
koc:AB185_19105	ko:K02426
koc:AB185_19110	ko:K19236
koc:AB185_19115	ko:K06078
koc:AB185_19120	ko:K00873
koc:AB185_19125	ko:K01675
koc:AB185_19135	ko:K26400
koc:AB185_19140	ko:K08194
koc:AB185_19150	ko:K02020
koc:AB185_19155	ko:K02013
koc:AB185_19160	ko:K02015
koc:AB185_19165	ko:K02016
koc:AB185_19170	ko:K05818
koc:AB185_19175	ko:K05712
koc:AB185_19180	ko:K05713
koc:AB185_19185	ko:K05714
koc:AB185_19190	ko:K02554
koc:AB185_19195	ko:K04073
koc:AB185_19200	ko:K01666
koc:AB185_19205	ko:K05819
koc:AB185_19210	ko:K05810
koc:AB185_19225	ko:K24700
koc:AB185_19235	ko:K04091
koc:AB185_19245	ko:K15553
koc:AB185_19250	ko:K15553
koc:AB185_19255	ko:K15554
koc:AB185_19260	ko:K15555
koc:AB185_19265	ko:K02014
koc:AB185_19270	ko:K02013
koc:AB185_19275	ko:K02015
koc:AB185_19280	ko:K02015
koc:AB185_19285	ko:K02016
koc:AB185_19295	ko:K02030
koc:AB185_19300	ko:K02029
koc:AB185_19305	ko:K02028
koc:AB185_19320	ko:K22015
koc:AB185_19325	ko:K13574
koc:AB185_19330	ko:K11901
koc:AB185_19335	ko:K11900
koc:AB185_19340	ko:K11893
koc:AB185_19345	ko:K11892
koc:AB185_19355	ko:K11903
koc:AB185_19365	ko:K11904
koc:AB185_19395	ko:K11891
koc:AB185_19410	ko:K11896
koc:AB185_19415	ko:K11895
koc:AB185_19420	ko:K11906
koc:AB185_19425	ko:K02012
koc:AB185_19430	ko:K02011
koc:AB185_19435	ko:K02010
koc:AB185_19440	ko:K03366
koc:AB185_19445	ko:K01652
koc:AB185_19450	ko:K01575
koc:AB185_19465	ko:K01758
koc:AB185_19470	ko:K18218
koc:AB185_19475	ko:K09824
koc:AB185_19485	ko:K07357
koc:AB185_19490	ko:K07349
koc:AB185_19495	ko:K07345
koc:AB185_19500	ko:K07347
koc:AB185_19505	ko:K07346
koc:AB185_19510	ko:K07345
koc:AB185_19515	ko:K07357
koc:AB185_19520	ko:K05358
koc:AB185_19525	ko:K02032
koc:AB185_19530	ko:K02031
koc:AB185_19535	ko:K02034
koc:AB185_19540	ko:K02033
koc:AB185_19545	ko:K02035
koc:AB185_19550	ko:K02071
koc:AB185_19555	ko:K02073
koc:AB185_19560	ko:K02072
koc:AB185_19570	ko:K19271
koc:AB185_19575	ko:K01759
koc:AB185_19585	ko:K05835
koc:AB185_19590	ko:K01673
koc:AB185_19615	ko:K16077
koc:AB185_19620	ko:K02810
koc:AB185_19625	ko:K01187
koc:AB185_19655	ko:K05343
koc:AB185_19660	ko:K00426
koc:AB185_19665	ko:K00425
koc:AB185_19670	ko:K07217
koc:AB185_19685	ko:K06884
koc:AB185_19690	ko:K14237
koc:AB185_19695	ko:K14237
koc:AB185_19700	ko:K14237
koc:AB185_19705	ko:K26939
koc:AB185_19710	ko:K00793
koc:AB185_19715	ko:K00574
koc:AB185_19720	ko:K28371
koc:AB185_19730	ko:K03604
koc:AB185_19735	ko:K19577
koc:AB185_19740	ko:K04564
koc:AB185_19745	ko:K19303
koc:AB185_19750	ko:K07390
koc:AB185_19755	ko:K03683
koc:AB185_19760	ko:K01759
koc:AB185_19765	ko:K10680
koc:AB185_19770	ko:K16137
koc:AB185_19775	ko:K06938
koc:AB185_19785	ko:K04565
koc:AB185_19805	ko:K06075
koc:AB185_19815	ko:K06077
koc:AB185_19820	ko:K09001
koc:AB185_19830	ko:K00275
koc:AB185_19835	ko:K01866
koc:AB185_19840	ko:K00868
koc:AB185_19845	ko:K00799
koc:AB185_19850	ko:K03305
koc:AB185_19855	ko:K10773
koc:AB185_19860	ko:K03613
koc:AB185_19865	ko:K03612
koc:AB185_19870	ko:K03614
koc:AB185_19875	ko:K03615
koc:AB185_19880	ko:K03616
koc:AB185_19885	ko:K03617
koc:AB185_19900	ko:K01223
koc:AB185_19905	ko:K22718
koc:AB185_19915	ko:K01488
koc:AB185_19920	ko:K02073
koc:AB185_19930	ko:K07112
koc:AB185_19940	ko:K14155
koc:AB185_19945	ko:K02791
koc:AB185_19950	ko:K16136
koc:AB185_19960	ko:K01809
koc:AB185_19965	ko:K01676
koc:AB185_19970	ko:K01679
koc:AB185_19975	ko:K10748
koc:AB185_19980	ko:K07639
koc:AB185_19985	ko:K22736
koc:AB185_19990	ko:K00432
koc:AB185_20000	ko:K07661
koc:AB185_20015	ko:K13938
koc:AB185_20020	ko:K03758
koc:AB185_20030	ko:K00324
koc:AB185_20035	ko:K00325
koc:AB185_20045	ko:K14055
koc:AB185_20050	ko:K01420
koc:AB185_20055	ko:K00567
koc:AB185_20065	ko:K12941
koc:AB185_20070	ko:K12940
koc:AB185_20075	ko:K14057
koc:AB185_20085	ko:K02624
koc:AB185_20090	ko:K01031
koc:AB185_20095	ko:K01032
koc:AB185_20100	ko:K07823
koc:AB185_20105	ko:K01857
koc:AB185_20110	ko:K01055
koc:AB185_20115	ko:K01607
koc:AB185_20120	ko:K01676
koc:AB185_20125	ko:K11106
koc:AB185_20130	ko:K28482
koc:AB185_20135	ko:K03734
koc:AB185_20140	ko:K07703
koc:AB185_20145	ko:K07701
koc:AB185_20160	ko:K07106
koc:AB185_20165	ko:K00116
koc:AB185_20170	ko:K13928
koc:AB185_20175	ko:K13935
koc:AB185_20180	ko:K13934
koc:AB185_20185	ko:K13936
koc:AB185_20190	ko:K13933
koc:AB185_20195	ko:K13932
koc:AB185_20200	ko:K13931
koc:AB185_20205	ko:K13930
koc:AB185_20210	ko:K13929
koc:AB185_20215	ko:K11744
koc:AB185_20220	ko:K07481
koc:AB185_20225	ko:K11743
koc:AB185_20230	ko:K11742
koc:AB185_20240	ko:K04775
koc:AB185_20250	ko:K01299
koc:AB185_20255	ko:K08224
koc:AB185_20265	ko:K15545
koc:AB185_20270	ko:K01935
koc:AB185_20275	ko:K03281
koc:AB185_20280	ko:K23349
koc:AB185_20285	ko:K07312
koc:AB185_20290	ko:K07307
koc:AB185_20295	ko:K07309
koc:AB185_20310	ko:K00657
koc:AB185_20320	ko:K09771
koc:AB185_20325	ko:K08323
koc:AB185_20330	ko:K08322
koc:AB185_20335	ko:K08173
koc:AB185_20340	ko:K00040
koc:AB185_20345	ko:K11932
koc:AB185_20350	ko:K22293
koc:AB185_20355	ko:K16066
koc:AB185_20360	ko:K01284
koc:AB185_20380	ko:K09912
koc:AB185_20395	ko:K07481
koc:AB185_20410	ko:K02532
koc:AB185_20415	ko:K01190
koc:AB185_20420	ko:K27069
koc:AB185_20430	ko:K21973
koc:AB185_20460	ko:K00549
koc:AB185_20475	ko:K13633
koc:AB185_20490	ko:K11959
koc:AB185_20495	ko:K11960
koc:AB185_20500	ko:K11961
koc:AB185_20505	ko:K11962
koc:AB185_20510	ko:K11963
koc:AB185_20515	ko:K07486
koc:AB185_20530	ko:K15268
koc:AB185_20535	ko:K13630
koc:AB185_20540	ko:K13632
koc:AB185_20545	ko:K03712
koc:AB185_20550	ko:K05595
koc:AB185_20555	ko:K08159
koc:AB185_20570	ko:K00016
koc:AB185_20575	ko:K03829
koc:AB185_20585	ko:K08324
koc:AB185_20590	ko:K01425
koc:AB185_20610	ko:K00041
koc:AB185_20620	ko:K00598
koc:AB185_20625	ko:K06897
koc:AB185_20635	ko:K07810
koc:AB185_20640	ko:K07796
koc:AB185_20645	ko:K07798
koc:AB185_20650	ko:K07787
koc:AB185_20675	ko:K07552
koc:AB185_20685	ko:K00483
koc:AB185_20690	ko:K13063
koc:AB185_20700	ko:K00216
koc:AB185_20705	ko:K01626
koc:AB185_20725	ko:K07481
koc:AB185_20760	ko:K00459
koc:AB185_20765	ko:K02072
koc:AB185_20775	ko:K02073
koc:AB185_20805	ko:K07481
koc:AB185_20815	ko:K16958
koc:AB185_20820	ko:K16959
koc:AB185_20825	ko:K16957
koc:AB185_20840	ko:K00286
koc:AB185_20855	ko:K01255
koc:AB185_20860	ko:K01444
koc:AB185_20865	ko:K02761
koc:AB185_20880	ko:K02013
koc:AB185_20885	ko:K02016
koc:AB185_20890	ko:K02015
koc:AB185_20905	ko:K07481
koc:AB185_20910	ko:K16076
koc:AB185_20915	ko:K02775
koc:AB185_20920	ko:K00058
koc:AB185_20925	ko:K00059
koc:AB185_20930	ko:K00880
koc:AB185_20935	ko:K02443
koc:AB185_20945	ko:K00847
koc:AB185_20955	ko:K10440
koc:AB185_20960	ko:K10441
koc:AB185_20965	ko:K10439
koc:AB185_20990	ko:K09702
koc:AB185_21010	ko:K01607
koc:AB185_21020	ko:K00433
koc:AB185_21025	ko:K09794
koc:AB185_21030	ko:K00077
koc:AB185_21040	ko:K11903
koc:AB185_21050	ko:K23149
koc:AB185_21055	ko:K01470
koc:AB185_21060	ko:K02821
koc:AB185_21065	ko:K02822
koc:AB185_21070	ko:K03475
koc:AB185_21080	ko:K03710
koc:AB185_21085	ko:K07727
koc:AB185_21115	ko:K01821
koc:AB185_21130	ko:K01265
koc:AB185_21165	ko:K07481
koc:AB185_21190	ko:K02444
koc:AB185_21200	ko:K16074
koc:AB185_21205	ko:K05591
koc:AB185_21210	ko:K14058
koc:AB185_21220	ko:K08566
koc:AB185_21230	ko:K14061
koc:AB185_21240	ko:K14062
koc:AB185_21245	ko:K03737
koc:AB185_21280	ko:K07481
koc:AB185_21290	ko:K07481
koc:AB185_21295	ko:K26974
koc:AB185_21300	ko:K26975
koc:AB185_21305	ko:K26976
koc:AB185_21320	ko:K03668
koc:AB185_21325	ko:K03778
koc:AB185_21345	ko:K09978
koc:AB185_21350	ko:K14063
koc:AB185_21355	ko:K01478
koc:AB185_21360	ko:K03758
koc:AB185_21370	ko:K06077
koc:AB185_21375	ko:K00146
koc:AB185_21385	ko:K02030
koc:AB185_21395	ko:K02028
koc:AB185_21395	ko:K02029
koc:AB185_21405	ko:K07222
koc:AB185_21420	ko:K01438
koc:AB185_21440	ko:K00133
koc:AB185_21480	ko:K05804
koc:AB185_21485	ko:K19586
koc:AB185_21490	ko:K19585
koc:AB185_21495	ko:K19587
koc:AB185_21500	ko:K15634
koc:AB185_21515	ko:K00675
koc:AB185_21550	ko:K19577
koc:AB185_21555	ko:K03719
koc:AB185_21560	ko:K00799
koc:AB185_21580	ko:K07481
koc:AB185_21600	ko:K03566
koc:AB185_21610	ko:K00276
koc:AB185_21615	ko:K02618
koc:AB185_21620	ko:K02609
koc:AB185_21625	ko:K02610
koc:AB185_21630	ko:K02611
koc:AB185_21635	ko:K02612
koc:AB185_21640	ko:K02613
koc:AB185_21645	ko:K01692
koc:AB185_21650	ko:K15866
koc:AB185_21655	ko:K00074
koc:AB185_21660	ko:K02614
koc:AB185_21665	ko:K02615
koc:AB185_21670	ko:K01912
koc:AB185_21675	ko:K02616
koc:AB185_21680	ko:K02617
koc:AB185_21690	ko:K01118
koc:AB185_21695	ko:K03578
koc:AB185_21705	ko:K18139
koc:AB185_21720	ko:K06075
koc:AB185_21725	ko:K00261
koc:AB185_21735	ko:K07248
koc:AB185_21740	ko:K00134
koc:AB185_21775	ko:K12262
koc:AB185_21785	ko:K23239
koc:AB185_21790	ko:K00121
koc:AB185_21800	ko:K05358
koc:AB185_21810	ko:K00448
koc:AB185_21815	ko:K00449
koc:AB185_21820	ko:K25986
koc:AB185_21825	ko:K03929
koc:AB185_21840	ko:K03817
koc:AB185_21850	ko:K03304
koc:AB185_21855	ko:K16868
koc:AB185_21860	ko:K01258
koc:AB185_21865	ko:K12368
koc:AB185_21880	ko:K07506
koc:AB185_21885	ko:K05782
koc:AB185_21890	ko:K23779
koc:AB185_21895	ko:K24847
koc:AB185_21905	ko:K00426
koc:AB185_21910	ko:K00425
koc:AB185_21925	ko:K02055
koc:AB185_21930	ko:K02052
koc:AB185_21935	ko:K02054
koc:AB185_21940	ko:K02053
koc:AB185_21945	ko:K00137
koc:AB185_21960	ko:K01051
koc:AB185_21965	ko:K00141
koc:AB185_21970	ko:K12368
koc:AB185_21980	ko:K09936
koc:AB185_21985	ko:K24217
koc:AB185_22000	ko:K23256
koc:AB185_22005	ko:K01250
koc:AB185_22015	ko:K02014
koc:AB185_22030	ko:K11738
koc:AB185_22050	ko:K28525
koc:AB185_22055	ko:K02030
koc:AB185_22065	ko:K02029
koc:AB185_22070	ko:K02028
koc:AB185_22075	ko:K02030
koc:AB185_22080	ko:K03535
koc:AB185_22085	ko:K20023
koc:AB185_22090	ko:K06145
koc:AB185_22095	ko:K11208
koc:AB185_22100	ko:K01821
koc:AB185_22110	ko:K07726
koc:AB185_22115	ko:K07481
koc:AB185_22120	ko:K16077
koc:AB185_22145	ko:K02010
koc:AB185_22150	ko:K02012
koc:AB185_22155	ko:K02011
koc:AB185_22160	ko:K00675
koc:AB185_22165	ko:K00374
koc:AB185_22170	ko:K00373
koc:AB185_22175	ko:K00371
koc:AB185_22180	ko:K00370
koc:AB185_22185	ko:K02575
koc:AB185_22195	ko:K08167
koc:AB185_22200	ko:K02624
koc:AB185_22205	ko:K01856
koc:AB185_22210	ko:K03464
koc:AB185_22215	ko:K03381
koc:AB185_22220	ko:K05549
koc:AB185_22225	ko:K05550
koc:AB185_22230	ko:K05784
koc:AB185_22235	ko:K05783
koc:AB185_22250	ko:K08348
koc:AB185_22255	ko:K08348
koc:AB185_22260	ko:K08349
koc:AB185_22265	ko:K08350
koc:AB185_22275	ko:K08156
koc:AB185_22290	ko:K02031
koc:AB185_22290	ko:K02032
koc:AB185_22295	ko:K02034
koc:AB185_22300	ko:K02033
koc:AB185_22305	ko:K02035
koc:AB185_22315	ko:K13953
koc:AB185_22320	ko:K01507
koc:AB185_22335	ko:K00027
koc:AB185_22340	ko:K02972
koc:AB185_22360	ko:K04063
koc:AB185_22375	ko:K08994
koc:AB185_22405	ko:K19577
koc:AB185_22410	ko:K08369
koc:AB185_22420	ko:K07481
koc:AB185_22425	ko:K01531
koc:AB185_22430	ko:K03782
koc:AB185_22440	ko:K09936
koc:AB185_22445	ko:K09936
koc:AB185_22465	ko:K02051
koc:AB185_22470	ko:K02050
koc:AB185_22475	ko:K02049
koc:AB185_22480	ko:K28692
koc:AB185_22485	ko:K28693
koc:AB185_22490	ko:K01941
koc:AB185_22495	ko:K01457
koc:AB185_22500	ko:K05515
koc:AB185_22505	ko:K01951
koc:AB185_22510	ko:K16137
koc:AB185_22515	ko:K07124
koc:AB185_22520	ko:K13745
koc:AB185_22525	ko:K00836
koc:AB185_22530	ko:K15598
koc:AB185_22535	ko:K15599
koc:AB185_22540	ko:K15600
koc:AB185_22545	ko:K03707
koc:AB185_22555	ko:K03335
koc:AB185_22560	ko:K02529
koc:AB185_22585	ko:K18138
koc:AB185_22610	ko:K00350
koc:AB185_22640	ko:K01236
koc:AB185_22645	ko:K06044
koc:AB185_22650	ko:K01214
koc:AB185_22655	ko:K00382
koc:AB185_22660	ko:K00627
koc:AB185_22665	ko:K21417
koc:AB185_22670	ko:K21416
koc:AB185_22685	ko:K06889
koc:AB185_22705	ko:K01118
koc:AB185_22735	ko:K20807
koc:AB185_22740	ko:K01721
koc:AB185_22745	ko:K01426
koc:AB185_22750	ko:K06886
koc:AB185_22765	ko:K19272
koc:AB185_22775	ko:K10038
koc:AB185_22780	ko:K10037
koc:AB185_22785	ko:K10036
koc:AB185_22790	ko:K01607
koc:AB185_22815	ko:K01752
koc:AB185_22820	ko:K03837
koc:AB185_22825	ko:K08476
koc:AB185_22830	ko:K08475
koc:AB185_22835	ko:K08478
koc:AB185_22845	ko:K11382
koc:AB185_22855	ko:K09962
koc:AB185_22890	ko:K03707
koc:AB185_22895	ko:K06971
koc:AB185_22900	ko:K00852
koc:AB185_22905	ko:K10439
koc:AB185_22910	ko:K02529
koc:AB185_22915	ko:K10441
koc:AB185_22920	ko:K10440
koc:AB185_22925	ko:K07048
koc:AB185_22935	ko:K01439
koc:AB185_22945	ko:K16089
koc:AB185_22955	ko:K13041
koc:AB185_22960	ko:K13040
koc:AB185_22965	ko:K08358
koc:AB185_22970	ko:K08359
koc:AB185_22975	ko:K08357
koc:AB185_23000	ko:K12519
koc:AB185_23030	ko:K12519
koc:AB185_23035	ko:K12518
koc:AB185_23070	ko:K03503
koc:AB185_23085	ko:K02760
koc:AB185_23090	ko:K08996
koc:AB185_23095	ko:K03286
koc:AB185_23120	ko:K06889
koc:AB185_23150	ko:K06954
koc:AB185_23155	ko:K09701
koc:AB185_23160	ko:K00574
koc:AB185_23175	ko:K02024
koc:AB185_23185	ko:K03292
koc:AB185_23195	ko:K07481
koc:AB185_23205	ko:K11907
koc:AB185_23210	ko:K11903
koc:AB185_23220	ko:K11892
koc:AB185_23225	ko:K11893
koc:AB185_23230	ko:K11900
koc:AB185_23235	ko:K11901
koc:AB185_23245	ko:K12149
koc:AB185_23410	ko:K14744
koc:AB185_23420	ko:K01185
koc:AB185_23440	ko:K02314
koc:AB185_23445	ko:K02315
koc:AB185_23540	ko:K05520
koc:AB185_23545	ko:K04093
koc:AB185_23560	ko:K02073
koc:AB185_23565	ko:K02072
koc:AB185_23570	ko:K02071
koc:AB185_23575	ko:K20938
koc:AB185_23585	ko:K15580
koc:AB185_23590	ko:K14054
koc:AB185_23595	ko:K19802
koc:AB185_23600	ko:K11065
koc:AB185_23605	ko:K07120
koc:AB185_23610	ko:K03721
koc:AB185_23615	ko:K01222
koc:AB185_23620	ko:K13636
koc:AB185_23625	ko:K08990
koc:AB185_23630	ko:K06918
koc:AB185_23635	ko:K03972
koc:AB185_23640	ko:K03971
koc:AB185_23645	ko:K03973
koc:AB185_23650	ko:K03970
koc:AB185_23655	ko:K03969
koc:AB185_23660	ko:K03974
koc:AB185_23665	ko:K08170
koc:AB185_23670	ko:K01451
koc:AB185_23685	ko:K19226
koc:AB185_23690	ko:K19227
koc:AB185_23705	ko:K19228
koc:AB185_23710	ko:K19229
koc:AB185_23715	ko:K19230
koc:AB185_23720	ko:K00208
koc:AB185_23730	ko:K01147
koc:AB185_23745	ko:K04062
koc:AB185_23750	ko:K03113
koc:AB185_23755	ko:K01591
koc:AB185_23760	ko:K19804
koc:AB185_23765	ko:K08992
koc:AB185_23770	ko:K01096
koc:AB185_23775	ko:K01497
koc:AB185_23780	ko:K07495
koc:AB185_23785	ko:K27802
koc:AB185_23790	ko:K13634
koc:AB185_23795	ko:K03168
koc:AB185_23805	ko:K04774
koc:AB185_23815	ko:K19221
koc:AB185_23825	ko:K05349
koc:AB185_23830	ko:K03292
koc:AB185_23835	ko:K06178
koc:AB185_23845	ko:K07053
koc:AB185_23850	ko:K01657
koc:AB185_23855	ko:K13497
koc:AB185_23860	ko:K13498
koc:AB185_23865	ko:K01696
koc:AB185_23870	ko:K01695
koc:AB185_23915	ko:K07275
koc:AB185_23925	ko:K06190
koc:AB185_23930	ko:K03281
koc:AB185_23935	ko:K19611
koc:AB185_23940	ko:K10806
koc:AB185_23950	ko:K24204
koc:AB185_23955	ko:K00065
koc:AB185_23960	ko:K07038
koc:AB185_23965	ko:K06956
koc:AB185_23970	ko:K15722
koc:AB185_23975	ko:K03781
koc:AB185_23980	ko:K03478
koc:AB185_23985	ko:K01222
koc:AB185_23990	ko:K03490
koc:AB185_23995	ko:K02759
koc:AB185_24000	ko:K02761
koc:AB185_24005	ko:K02760
koc:AB185_24010	ko:K04064
koc:AB185_24015	ko:K01916
koc:AB185_24020	ko:K05984
koc:AB185_24030	ko:K03744
koc:AB185_24035	ko:K06006
koc:AB185_24040	ko:K05526
koc:AB185_24045	ko:K01484
koc:AB185_24050	ko:K06447
koc:AB185_24055	ko:K00673
koc:AB185_24060	ko:K00840
koc:AB185_24065	ko:K01142
koc:AB185_24085	ko:K05777
koc:AB185_24090	ko:K05778
koc:AB185_24095	ko:K05779
koc:AB185_24100	ko:K21028
koc:AB185_24110	ko:K08320
koc:AB185_24115	ko:K00262
koc:AB185_24120	ko:K03169
koc:AB185_24125	ko:K01008
koc:AB185_24130	ko:K09474
koc:AB185_24140	ko:K04773
koc:AB185_24145	ko:K01424
koc:AB185_24150	ko:K08281
koc:AB185_24155	ko:K08369
koc:AB185_24165	ko:K18471
koc:AB185_24180	ko:K00008
koc:AB185_24185	ko:K08369
koc:AB185_24195	ko:K01183
koc:AB185_24205	ko:K09916
koc:AB185_24210	ko:K07305
koc:AB185_24215	ko:K00134
koc:AB185_24220	ko:K01792
koc:AB185_24230	ko:K07274
koc:AB185_24235	ko:K07180
koc:AB185_24240	ko:K09786
koc:AB185_24255	ko:K19055
koc:AB185_24265	ko:K25495
koc:AB185_24270	ko:K25494
koc:AB185_24290	ko:K09712
koc:AB185_24295	ko:K06905
koc:AB185_24300	ko:K06907
koc:AB185_24305	ko:K06908
koc:AB185_24320	ko:K06906
koc:AB185_24325	ko:K07481
koc:AB185_24340	ko:K06903
koc:AB185_24365	ko:K01185
koc:AB185_24435	ko:K07481
koc:AB185_24445	ko:K07481
koc:AB185_24460	ko:K06223
koc:AB185_24500	ko:K13069
koc:AB185_24515	ko:K11250
koc:AB185_24520	ko:K12974
koc:AB185_24530	ko:K23514
koc:AB185_24535	ko:K07165
koc:AB185_24540	ko:K16091
koc:AB185_24545	ko:K23181
koc:AB185_24550	ko:K23183
koc:AB185_24555	ko:K23182
koc:AB185_24560	ko:K23184
koc:AB185_24565	ko:K01424
koc:AB185_24580	ko:K00031
koc:AB185_24585	ko:K06181
koc:AB185_24590	ko:K12152
koc:AB185_24595	ko:K00566
koc:AB185_24600	ko:K07153
koc:AB185_24605	ko:K01756
koc:AB185_24630	ko:K07660
koc:AB185_24635	ko:K07637
koc:AB185_24640	ko:K18850
koc:AB185_24645	ko:K01258
koc:AB185_24650	ko:K11072
koc:AB185_24655	ko:K11071
koc:AB185_24660	ko:K11070
koc:AB185_24665	ko:K11069
koc:AB185_24680	ko:K03475
koc:AB185_24685	ko:K02822
koc:AB185_24690	ko:K02821
koc:AB185_24700	ko:K12410
koc:AB185_24705	ko:K28207
koc:AB185_24710	ko:K09808
koc:AB185_24715	ko:K09810
koc:AB185_24720	ko:K09808
koc:AB185_24725	ko:K03723
koc:AB185_24730	ko:K19236
koc:AB185_24735	ko:K12151
koc:AB185_24740	ko:K22041
koc:AB185_24745	ko:K02014
koc:AB185_24755	ko:K03885
koc:AB185_24760	ko:K07000
koc:AB185_24765	ko:K01207
koc:AB185_24770	ko:K07251
koc:AB185_24775	ko:K07337
koc:AB185_24785	ko:K02503
koc:AB185_24790	ko:K16088
koc:AB185_24795	ko:K02779
koc:AB185_24800	ko:K03424
koc:AB185_24805	ko:K02341
koc:AB185_24810	ko:K00943
koc:AB185_24815	ko:K07082
koc:AB185_24820	ko:K02619
koc:AB185_24825	ko:K09458
koc:AB185_24830	ko:K02078
koc:AB185_24835	ko:K00059
koc:AB185_24840	ko:K00645
koc:AB185_24845	ko:K00648
koc:AB185_24850	ko:K03621
koc:AB185_24855	ko:K02911
koc:AB185_24860	ko:K07040
koc:AB185_24865	ko:K25422
koc:AB185_24875	ko:K06179
koc:AB185_24880	ko:K08300
koc:AB185_24895	ko:K03980
koc:AB185_24900	ko:K03810
koc:AB185_24905	ko:K09915
koc:AB185_24910	ko:K03790
koc:AB185_24915	ko:K08162
koc:AB185_24920	ko:K03675
koc:AB185_24930	ko:K01465
koc:AB185_24935	ko:K12149
koc:AB185_24940	ko:K12148
koc:AB185_24945	ko:K02846
koc:AB185_24950	ko:K07146
koc:AB185_24955	ko:K02517
koc:AB185_24960	ko:K08161
koc:AB185_24965	ko:K12147
koc:AB185_24975	ko:K03669
koc:AB185_24980	ko:K03670
koc:AB185_24985	ko:K11941
koc:AB185_24995	ko:K23518
koc:AB185_25015	ko:K04477
koc:AB185_25020	ko:K12972
koc:AB185_25025	ko:K14233
koc:AB185_25035	ko:K06911
koc:AB185_25045	ko:K14233
koc:AB185_25050	ko:K21134
koc:AB185_25055	ko:K21137
koc:AB185_25080	ko:K06217
koc:AB185_25085	ko:K16301
koc:AB185_25090	ko:K07224
koc:AB185_25095	ko:K07243
koc:AB185_25100	ko:K03317
koc:AB185_25110	ko:K11928
koc:AB185_25115	ko:K13821
koc:AB185_25125	ko:K09017
koc:AB185_25130	ko:K09018
koc:AB185_25135	ko:K09020
koc:AB185_25140	ko:K09021
koc:AB185_25145	ko:K09023
koc:AB185_25150	ko:K09019
koc:AB185_25155	ko:K09024
koc:AB185_25160	ko:K09016
koc:AB185_25165	ko:K06884
koc:AB185_25170	ko:K03809
koc:AB185_25180	ko:K01085
koc:AB185_25195	ko:K14052
koc:AB185_25200	ko:K09470
koc:AB185_25205	ko:K09473
koc:AB185_25210	ko:K14056
koc:AB185_25215	ko:K09472
koc:AB185_25220	ko:K09471
koc:AB185_25225	ko:K16135
koc:AB185_25230	ko:K07246
koc:AB185_25235	ko:K23991
koc:AB185_25240	ko:K11203
koc:AB185_25245	ko:K11202
koc:AB185_25255	ko:K04069
koc:AB185_25260	ko:K11202
koc:AB185_25285	ko:K04782
koc:AB185_25295	ko:K22110
koc:AB185_25300	ko:K01728
koc:AB185_25305	ko:K02083
koc:AB185_25310	ko:K00839
koc:AB185_25315	ko:K02028
koc:AB185_25320	ko:K02029
koc:AB185_25325	ko:K02029
koc:AB185_25330	ko:K02030
koc:AB185_25340	ko:K22602
koc:AB185_25350	ko:K22601
koc:AB185_25360	ko:K16842
koc:AB185_25365	ko:K16841
koc:AB185_25375	ko:K03457
koc:AB185_25380	ko:K01487
koc:AB185_25385	ko:K07486
koc:AB185_25390	ko:K07127
koc:AB185_25395	ko:K16840
koc:AB185_25400	ko:K16345
koc:AB185_25405	ko:K16839
koc:AB185_25425	ko:K02010
koc:AB185_25430	ko:K02011
koc:AB185_25435	ko:K02012
koc:AB185_25445	ko:K05798
koc:AB185_25465	ko:K08344
koc:AB185_25475	ko:K03805
koc:AB185_25490	ko:K09022
koc:AB185_25500	ko:K18143
koc:AB185_25505	ko:K18144
koc:AB185_25515	ko:K18146
koc:AB185_25525	ko:K03704
koc:AB185_25535	ko:K07481
koc:AB185_25540	ko:K03704
koc:AB185_25550	ko:K07481
koc:AB185_25560	ko:K01682
koc:AB185_25565	ko:K07002
koc:AB185_25570	ko:K05966
koc:AB185_25575	ko:K05964
koc:AB185_25580	ko:K01643
koc:AB185_25590	ko:K01646
koc:AB185_25595	ko:K01910
koc:AB185_25605	ko:K08224
koc:AB185_25610	ko:K07481
koc:AB185_25640	ko:K07552
koc:AB185_25665	ko:K07406
koc:AB185_25670	ko:K18325
koc:AB185_25680	ko:K03446
koc:AB185_25685	ko:K00059
koc:AB185_25695	ko:K02030
koc:AB185_25700	ko:K02029
koc:AB185_25705	ko:K02028
koc:AB185_25715	ko:K19802
koc:AB185_25725	ko:K01714
koc:AB185_25730	ko:K01937
koc:AB185_25735	ko:K00812
koc:AB185_25740	ko:K03710
koc:AB185_25750	ko:K02795
koc:AB185_25755	ko:K02796
koc:AB185_25760	ko:K02794
koc:AB185_25770	ko:K18581
koc:AB185_25790	ko:K14233
koc:AB185_25795	ko:K15580
koc:AB185_25800	ko:K19416
koc:AB185_25805	ko:K11179
koc:AB185_25810	ko:K01512
koc:AB185_25825	ko:K06969
koc:AB185_25830	ko:K11940
koc:AB185_25850	ko:K12542
koc:AB185_25855	ko:K12541
koc:AB185_25860	ko:K12543
koc:AB185_25875	ko:K06929
koc:AB185_25880	ko:K01734
koc:AB185_25885	ko:K03658
koc:AB185_25900	ko:K07343
koc:AB185_25905	ko:K13053
koc:AB185_25910	ko:K03286
koc:AB185_25915	ko:K09911
koc:AB185_25920	ko:K04770
koc:AB185_25925	ko:K01716
koc:AB185_25935	ko:K09857
koc:AB185_25940	ko:K06192
koc:AB185_25945	ko:K03808
koc:AB185_25950	ko:K15738
koc:AB185_25955	ko:K12297
koc:AB185_25960	ko:K07140
koc:AB185_25965	ko:K18657
koc:AB185_25970	ko:K00254
koc:AB185_25975	ko:K00299
koc:AB185_25980	ko:K15554
koc:AB185_25985	ko:K15555
koc:AB185_25990	ko:K01256
koc:AB185_25995	ko:K03503
koc:AB185_26055	ko:K07481
koc:AB185_26150	ko:K09960
koc:AB185_26160	ko:K09961
koc:AB185_26180	ko:K01185
koc:AB185_26250	ko:K02314
koc:AB185_26300	ko:K10857
koc:AB185_26335	ko:K14059
koc:AB185_26340	ko:K00763
koc:AB185_26345	ko:K01893
koc:AB185_26355	ko:K09476
koc:AB185_26360	ko:K00813
koc:AB185_26365	ko:K01069
koc:AB185_26380	ko:K21470
koc:AB185_26385	ko:K03632
koc:AB185_26390	ko:K03804
koc:AB185_26395	ko:K03633
koc:AB185_26400	ko:K06219
koc:AB185_26415	ko:K00979
koc:AB185_26420	ko:K09791
koc:AB185_26425	ko:K09927
koc:AB185_26430	ko:K00912
koc:AB185_26435	ko:K11085
koc:AB185_26440	ko:K02238
koc:AB185_26445	ko:K05788
koc:AB185_26450	ko:K02945
koc:AB185_26455	ko:K00945
koc:AB185_26460	ko:K00800
koc:AB185_26465	ko:K00831
koc:AB185_26475	ko:K09136
koc:AB185_26480	ko:K06212
koc:AB185_26485	ko:K00656
koc:AB185_26490	ko:K04069
koc:AB185_26500	ko:K02822
koc:AB185_26505	ko:K03475
koc:AB185_26510	ko:K00615
koc:AB185_26515	ko:K00615
koc:AB185_26525	ko:K08219
koc:AB185_26530	ko:K07308
koc:AB185_26540	ko:K07306
koc:AB185_26545	ko:K01875
koc:AB185_26550	ko:K07478
koc:AB185_26555	ko:K03634
koc:AB185_26560	ko:K03466
koc:AB185_26565	ko:K03719
koc:AB185_26570	ko:K00384
koc:AB185_26575	ko:K16013
koc:AB185_26580	ko:K16012
koc:AB185_26585	ko:K00684
koc:AB185_26590	ko:K02518
koc:AB185_26595	ko:K07491
koc:AB185_26600	ko:K03704
koc:AB185_26605	ko:K06891
koc:AB185_26610	ko:K03694
koc:AB185_26615	ko:K07491
koc:AB185_26620	ko:K05685
koc:AB185_26625	ko:K13888
koc:AB185_26630	ko:K07459
koc:AB185_26635	ko:K06188
koc:AB185_26640	ko:K28370
koc:AB185_26645	ko:K05601
koc:AB185_26650	ko:K11933
koc:AB185_26655	ko:K15977
koc:AB185_26660	ko:K00156
koc:AB185_26665	ko:K01620
koc:AB185_26680	ko:K11066
koc:AB185_26695	ko:K10000
koc:AB185_26700	ko:K09997
koc:AB185_26705	ko:K09999
koc:AB185_26710	ko:K09998
koc:AB185_26715	ko:K09996
koc:AB185_26720	ko:K07486
koc:AB185_26735	ko:K03212
koc:AB185_26745	ko:K11074
koc:AB185_26750	ko:K11075
koc:AB185_26755	ko:K11076
koc:AB185_26760	ko:K11073
koc:AB185_26770	ko:K05844
koc:AB185_26775	ko:K10678
koc:AB185_26785	ko:K03674
koc:AB185_26795	ko:K07085
koc:AB185_26800	ko:K23778
koc:AB185_26810	ko:K20861
koc:AB185_26815	ko:K08160
koc:AB185_26820	ko:K19302
koc:AB185_26825	ko:K11534
koc:AB185_26830	ko:K07258
koc:AB185_26835	ko:K00799
koc:AB185_26840	ko:K21430
koc:AB185_26845	ko:K19688
koc:AB185_26850	ko:K02532
koc:AB185_26860	ko:K14441
koc:AB185_26865	ko:K13891
koc:AB185_26870	ko:K13890
koc:AB185_26875	ko:K13889
koc:AB185_26880	ko:K13892
koc:AB185_26885	ko:K13051
koc:AB185_26890	ko:K03750
koc:AB185_26895	ko:K21029
koc:AB185_26900	ko:K04069
koc:AB185_26910	ko:K07757
koc:AB185_26925	ko:K08191
koc:AB185_26930	ko:K01187
koc:AB185_26955	ko:K19236
koc:AB185_26960	ko:K03492
koc:AB185_26965	ko:K01223
koc:AB185_26980	ko:K11924
koc:AB185_26995	ko:K11934
koc:AB185_27000	ko:K11939
koc:AB185_27005	ko:K04047
koc:AB185_27010	ko:K10036
koc:AB185_27015	ko:K10037
koc:AB185_27020	ko:K10038
koc:AB185_27030	ko:K22044
koc:AB185_27035	ko:K06970
koc:AB185_27045	ko:K16090
koc:AB185_27050	ko:K07336
koc:AB185_27070	ko:K03722
koc:AB185_27075	ko:K11927
koc:AB185_27080	ko:K00615
koc:AB185_27085	ko:K00615
koc:AB185_27105	ko:K23777
koc:AB185_27110	ko:K25183
koc:AB185_27115	ko:K25182
koc:AB185_27120	ko:K25181
koc:AB185_27125	ko:K25180
koc:AB185_27140	ko:K06131
koc:AB185_27145	ko:K07027
koc:AB185_27150	ko:K06890
koc:AB185_27155	ko:K03635
koc:AB185_27160	ko:K03636
koc:AB185_27165	ko:K03637
koc:AB185_27170	ko:K03638
koc:AB185_27175	ko:K03639
koc:AB185_27185	ko:K03760
koc:AB185_27190	ko:K07771
koc:AB185_27195	ko:K07643
koc:AB185_27200	ko:K03702
koc:AB185_27205	ko:K11963
koc:AB185_27210	ko:K01935
koc:AB185_27215	ko:K02169
koc:AB185_27220	ko:K00652
koc:AB185_27225	ko:K01012
koc:AB185_27230	ko:K00833
koc:AB185_27240	ko:K16234
koc:AB185_27245	ko:K01745
koc:AB185_27250	ko:K01712
koc:AB185_27255	ko:K05836
koc:AB185_27260	ko:K01468
koc:AB185_27265	ko:K01051
koc:AB185_27280	ko:K21972
koc:AB185_27285	ko:K21973
koc:AB185_27290	ko:K21974
koc:AB185_27295	ko:K21975
koc:AB185_27300	ko:K21976
koc:AB185_27305	ko:K00375
koc:AB185_27315	ko:K07404
koc:AB185_27320	ko:K28853
koc:AB185_27325	ko:K02017
koc:AB185_27330	ko:K02018
koc:AB185_27335	ko:K02020
koc:AB185_27340	ko:K25859
koc:AB185_27345	ko:K02019
koc:AB185_27350	ko:K05776
koc:AB185_27355	ko:K01784
koc:AB185_27360	ko:K00965
koc:AB185_27365	ko:K00849
koc:AB185_27370	ko:K01785
koc:AB185_27375	ko:K01834
koc:AB185_27380	ko:K01626
koc:AB185_27390	ko:K16264
koc:AB185_27395	ko:K03811
koc:AB185_27400	ko:K03517
koc:AB185_27405	ko:K14229
koc:AB185_27410	ko:K14229
koc:AB185_27415	ko:K14229
koc:AB185_27420	ko:K14237
koc:AB185_27425	ko:K14229
koc:AB185_27435	ko:K03640
koc:AB185_27440	ko:K03641
koc:AB185_27445	ko:K03646
koc:AB185_27450	ko:K03560
koc:AB185_27455	ko:K03562
koc:AB185_27460	ko:K07107
koc:AB185_27470	ko:K00426
koc:AB185_27475	ko:K00425
koc:AB185_27480	ko:K01846
koc:AB185_27490	ko:K19268
koc:AB185_27495	ko:K04835
koc:AB185_27515	ko:K01425
koc:AB185_27520	ko:K01676
koc:AB185_27525	ko:K19221
koc:AB185_27540	ko:K01902
koc:AB185_27545	ko:K01903
koc:AB185_27550	ko:K00658
koc:AB185_27555	ko:K00164
koc:AB185_27560	ko:K00240
koc:AB185_27565	ko:K00239
koc:AB185_27570	ko:K00242
koc:AB185_27575	ko:K00241
koc:AB185_27580	ko:K01647
koc:AB185_27585	ko:K05522
koc:AB185_27590	ko:K01304
koc:AB185_27605	ko:K07160
koc:AB185_27610	ko:K23124
koc:AB185_27615	ko:K23123
koc:AB185_27625	ko:K03305
koc:AB185_27630	ko:K01669
koc:AB185_27640	ko:K01545
koc:AB185_27645	ko:K01546
koc:AB185_27650	ko:K01547
koc:AB185_27655	ko:K01548
koc:AB185_27660	ko:K07646
koc:AB185_27665	ko:K07667
koc:AB185_27670	ko:K03077
koc:AB185_27675	ko:K03079
koc:AB185_27685	ko:K07481
koc:AB185_27690	ko:K10441
koc:AB185_27695	ko:K10439
koc:AB185_27700	ko:K23271
koc:AB185_27705	ko:K02430
koc:AB185_27715	ko:K01835
koc:AB185_27720	ko:K03645
koc:AB185_27725	ko:K01175
koc:AB185_27735	ko:K03839
koc:AB185_27740	ko:K03711
koc:AB185_27745	ko:K13794
koc:AB185_27750	ko:K13796
koc:AB185_27755	ko:K13795
koc:AB185_27760	ko:K03288
koc:AB185_27775	ko:K01886
koc:AB185_27780	ko:K02804
koc:AB185_27785	ko:K02564
koc:AB185_27790	ko:K01443
koc:AB185_27795	ko:K02565
koc:AB185_27800	ko:K02566
koc:AB185_27805	ko:K01953
koc:AB185_27810	ko:K14230
koc:AB185_27815	ko:K14228
koc:AB185_27820	ko:K14223
koc:AB185_27825	ko:K14223
koc:AB185_27830	ko:K14230
koc:AB185_27835	ko:K14223
koc:AB185_27840	ko:K14223
koc:AB185_27850	ko:K03184
koc:AB185_27855	ko:K06168
koc:AB185_27860	ko:K06217
koc:AB185_27865	ko:K07042
koc:AB185_27870	ko:K06189
koc:AB185_27875	ko:K03820
koc:AB185_27880	ko:K10001
koc:AB185_27885	ko:K10003
koc:AB185_27890	ko:K10002
koc:AB185_27895	ko:K10004
koc:AB185_27915	ko:K01869
koc:AB185_27920	ko:K03643
koc:AB185_27925	ko:K02340
koc:AB185_27930	ko:K00969
koc:AB185_27935	ko:K02226
koc:AB185_27940	ko:K09710
koc:AB185_27945	ko:K00783
koc:AB185_27950	ko:K05515
koc:AB185_27955	ko:K05837
koc:AB185_27960	ko:K03642
koc:AB185_27965	ko:K07258
koc:AB185_27970	ko:K09158
koc:AB185_27975	ko:K03801
koc:AB185_27985	ko:K03644
koc:AB185_27990	ko:K03425
koc:AB185_27995	ko:K11206
koc:AB185_28000	ko:K06199
koc:AB185_28005	ko:K03704
koc:AB185_28010	ko:K12973
koc:AB185_28015	ko:K03326
koc:AB185_28020	ko:K01169
koc:AB185_28025	ko:K06140
koc:AB185_28030	ko:K11932
koc:AB185_28035	ko:K03387
koc:AB185_28040	ko:K24119
koc:AB185_28060	ko:K14287
koc:AB185_28065	ko:K09880
koc:AB185_28070	ko:K08967
koc:AB185_28075	ko:K08351
koc:AB185_28080	ko:K10439
koc:AB185_28085	ko:K10441
koc:AB185_28090	ko:K10440
koc:AB185_28095	ko:K10440
koc:AB185_28105	ko:K00058
koc:AB185_28110	ko:K00862
koc:AB185_28115	ko:K08964
koc:AB185_28120	ko:K10974
koc:AB185_28130	ko:K01485
koc:AB185_28140	ko:K01092
koc:AB185_28145	ko:K07783
koc:AB185_28155	ko:K08963
koc:AB185_28160	ko:K00899
koc:AB185_28170	ko:K02058
koc:AB185_28175	ko:K02057
koc:AB185_28180	ko:K02056
koc:AB185_28185	ko:K08317
koc:AB185_28200	ko:K06200
koc:AB185_28205	ko:K24147
koc:AB185_28210	ko:K00216
koc:AB185_28215	ko:K01252
koc:AB185_28220	ko:K02363
koc:AB185_28225	ko:K02361
koc:AB185_28230	ko:K23185
koc:AB185_28240	ko:K07491
koc:AB185_28245	ko:K08225
koc:AB185_28250	ko:K23186
koc:AB185_28255	ko:K23187
koc:AB185_28260	ko:K23188
koc:AB185_28265	ko:K02364
koc:AB185_28275	ko:K07214
koc:AB185_28280	ko:K19611
koc:AB185_28285	ko:K02362
koc:AB185_28290	ko:K00615
koc:AB185_28295	ko:K00615
koc:AB185_28305	ko:K00864
koc:AB185_28310	ko:K17202
koc:AB185_28320	ko:K17204
koc:AB185_28325	ko:K17203
koc:AB185_28330	ko:K03366
koc:AB185_28340	ko:K18922
koc:AB185_28345	ko:K02168
koc:AB185_28350	ko:K02167
koc:AB185_28355	ko:K00130
koc:AB185_28360	ko:K00108
koc:AB185_28370	ko:K15372
koc:AB185_28375	ko:K15373
koc:AB185_28380	ko:K07486
koc:AB185_28385	ko:K02028
koc:AB185_28390	ko:K02029
koc:AB185_28395	ko:K02029
koc:AB185_28400	ko:K02030
koc:AB185_28405	ko:K00375
koc:AB185_28410	ko:K05834
koc:AB185_28425	ko:K06016
koc:AB185_28430	ko:K01426
koc:AB185_28435	ko:K02031
koc:AB185_28440	ko:K02032
koc:AB185_28445	ko:K02034
koc:AB185_28450	ko:K02033
koc:AB185_28455	ko:K02035
koc:AB185_28460	ko:K06048
koc:AB185_28470	ko:K18138
koc:AB185_28475	ko:K03585
koc:AB185_28495	ko:K03292
koc:AB185_28500	ko:K01193
koc:AB185_28505	ko:K27494
koc:AB185_28510	ko:K18325
koc:AB185_28535	ko:K10679
koc:AB185_28540	ko:K02793
koc:AB185_28545	ko:K19507
koc:AB185_28550	ko:K19508
koc:AB185_28555	ko:K19509
koc:AB185_28565	ko:K10708
koc:AB185_28585	ko:K16053
koc:AB185_28605	ko:K21964
koc:AB185_28610	ko:K21965
koc:AB185_28615	ko:K21966
koc:AB185_28620	ko:K21967
koc:AB185_28625	ko:K21968
koc:AB185_28635	ko:K18900
koc:AB185_28665	ko:K11732
koc:AB185_28670	ko:K02014
koc:AB185_28680	ko:K10013
koc:AB185_28685	ko:K01451
koc:AB185_28705	ko:K02016
koc:AB185_28710	ko:K02015
koc:AB185_28715	ko:K02013
koc:AB185_28720	ko:K00847
koc:AB185_28725	ko:K16077
koc:AB185_28730	ko:K02810
koc:AB185_28735	ko:K01193
koc:AB185_28755	ko:K03488
koc:AB185_28760	ko:K01223
koc:AB185_28765	ko:K02757
koc:AB185_28770	ko:K17214
koc:AB185_28775	ko:K17215
koc:AB185_28780	ko:K17213
koc:AB185_28785	ko:K02529
koc:AB185_28790	ko:K00010
koc:AB185_28800	ko:K24153
koc:AB185_28810	ko:K04567
koc:AB185_28815	ko:K03305
koc:AB185_28820	ko:K01582
koc:AB185_28825	ko:K03757
koc:AB185_28830	ko:K07481
koc:AB185_28835	ko:K03765
koc:AB185_28860	ko:K18650
koc:AB185_28865	ko:K07507
koc:AB185_28875	ko:K06167
koc:AB185_28880	ko:K02027
koc:AB185_28885	ko:K07480
koc:AB185_28900	ko:K07733
koc:AB185_28945	ko:K03111
koc:AB185_28950	ko:K06919
koc:AB185_28985	ko:K14219
koc:AB185_28990	ko:K01491
koc:AB185_28995	ko:K14761
koc:AB185_29000	ko:K01883
koc:AB185_29005	ko:K03768
koc:AB185_29010	ko:K03269
koc:AB185_29020	ko:K01588
koc:AB185_29025	ko:K01589
koc:AB185_29030	ko:K00926
koc:AB185_29035	ko:K28795
koc:AB185_29040	ko:K28794
koc:AB185_29045	ko:K02381
koc:AB185_29050	ko:K00073
koc:AB185_29055	ko:K02083
koc:AB185_29060	ko:K14977
koc:AB185_29065	ko:K00865
koc:AB185_29075	ko:K01466
koc:AB185_29080	ko:K10975
koc:AB185_29090	ko:K00042
koc:AB185_29095	ko:K01816
koc:AB185_29100	ko:K01608
koc:AB185_29105	ko:K10973
koc:AB185_29110	ko:K01483
koc:AB185_29115	ko:K10972
koc:AB185_29120	ko:K06917
koc:AB185_29135	ko:K02004
koc:AB185_29140	ko:K02003
koc:AB185_29145	ko:K10804
koc:AB185_29155	ko:K05838
koc:AB185_29160	ko:K02069
koc:AB185_29165	ko:K02068
koc:AB185_29175	ko:K07340
koc:AB185_29180	ko:K19591
koc:AB185_29185	ko:K17686
koc:AB185_29190	ko:K09973
koc:AB185_29195	ko:K03976
koc:AB185_29200	ko:K11751
koc:AB185_29205	ko:K08223
koc:AB185_29210	ko:K26735
koc:AB185_29215	ko:K00892
koc:AB185_29220	ko:K01772
koc:AB185_29225	ko:K00939
koc:AB185_29230	ko:K04079
koc:AB185_29235	ko:K06187
koc:AB185_29240	ko:K09747
koc:AB185_29245	ko:K02343
koc:AB185_29250	ko:K00759
koc:AB185_29255	ko:K09790
koc:AB185_29260	ko:K04067
koc:AB185_29270	ko:K05802
koc:AB185_29275	ko:K03577
koc:AB185_29280	ko:K03585
koc:AB185_29285	ko:K18138
koc:AB185_29290	ko:K19162
koc:AB185_29295	ko:K05839
koc:AB185_29300	ko:K00661
koc:AB185_29310	ko:K00375
koc:AB185_29320	ko:K02919
koc:AB185_29325	ko:K02909
koc:AB185_29330	ko:K27069
koc:AB185_29335	ko:K02024
koc:AB185_29340	ko:K02778
koc:AB185_29345	ko:K07481
koc:AB185_29350	ko:K12308
koc:AB185_29355	ko:K01224
koc:AB185_29360	ko:K15772
koc:AB185_29365	ko:K15771
koc:AB185_29370	ko:K15770
koc:AB185_29375	ko:K10111
koc:AB185_29380	ko:K26148
koc:AB185_29385	ko:K23240
koc:AB185_29390	ko:K08970
koc:AB185_29425	ko:K07443
koc:AB185_29430	ko:K09914
koc:AB185_29435	ko:K10805
koc:AB185_29440	ko:K03320
koc:AB185_29445	ko:K04752
koc:AB185_29455	ko:K18890
koc:AB185_29460	ko:K18889
koc:AB185_29465	ko:K05800
koc:AB185_29470	ko:K28981
koc:AB185_29475	ko:K11938
koc:AB185_29485	ko:K06920
koc:AB185_29490	ko:K12500
koc:AB185_29495	ko:K02237
koc:AB185_29500	ko:K03770
koc:AB185_29505	ko:K03530
koc:AB185_29510	ko:K01338
koc:AB185_29515	ko:K03544
koc:AB185_29520	ko:K01358
koc:AB185_29525	ko:K03545
koc:AB185_29530	ko:K05527
koc:AB185_29535	ko:K07286
koc:AB185_29540	ko:K08218
koc:AB185_29545	ko:K02297
koc:AB185_29550	ko:K02298
koc:AB185_29555	ko:K02299
koc:AB185_29560	ko:K02300
koc:AB185_29565	ko:K02257
koc:AB185_29575	ko:K07481
koc:AB185_29585	ko:K02624
koc:AB185_29615	ko:K08195
koc:AB185_29625	ko:K03292
koc:AB185_29640	ko:K09767
koc:AB185_29645	ko:K00077
koc:AB185_29650	ko:K03152
koc:AB185_29655	ko:K03151
koc:AB185_29660	ko:K03602
koc:AB185_29665	ko:K00795
koc:AB185_29670	ko:K01662
koc:AB185_29675	ko:K23107
koc:AB185_29680	ko:K01095
koc:AB185_29685	ko:K00946
koc:AB185_29690	ko:K03625
koc:AB185_29695	ko:K00794
koc:AB185_29700	ko:K11752
koc:AB185_29705	ko:K07738
koc:AB185_29715	ko:K05517
koc:AB185_29725	ko:K06996
koc:AB185_29735	ko:K03074
koc:AB185_29740	ko:K03072
koc:AB185_29745	ko:K03210
koc:AB185_29750	ko:K00773
koc:AB185_29755	ko:K07568
koc:AB185_29760	ko:K08682
koc:AB185_29765	ko:K03386
koc:AB185_29785	ko:K09932
koc:AB185_29800	ko:K01187
koc:AB185_29805	ko:K11736
koc:AB185_29810	ko:K03311
koc:AB185_29815	ko:K07636
koc:AB185_29820	ko:K07657
koc:AB185_29825	ko:K03547
koc:AB185_29830	ko:K03546
koc:AB185_29840	ko:K00847
koc:AB185_29845	ko:K03554
koc:AB185_29850	ko:K09913
koc:AB185_29855	ko:K14591
koc:AB185_29865	ko:K00891
koc:AB185_29870	ko:K09945
koc:AB185_29875	ko:K09768
koc:AB185_29880	ko:K00286
koc:AB185_29890	ko:K01077
koc:AB185_29900	ko:K06146
koc:AB185_29910	ko:K00046
koc:AB185_29915	ko:K08161
koc:AB185_29925	ko:K01921
koc:AB185_29945	ko:K17938
koc:AB185_29955	ko:K18988
koc:AB185_29960	ko:K01698
koc:AB185_29965	ko:K07491
koc:AB185_29975	ko:K03119
koc:AB185_29980	ko:K15552
koc:AB185_29985	ko:K10831
koc:AB185_29990	ko:K15551
koc:AB185_29995	ko:K20264
koc:AB185_30000	ko:K20263
koc:AB185_30005	ko:K07783
koc:AB185_30010	ko:K02012
koc:AB185_30015	ko:K02011
koc:AB185_30020	ko:K02010
koc:AB185_30025	ko:K00547
koc:AB185_30030	ko:K16235
koc:AB185_30035	ko:K16238
koc:AB185_30040	ko:K03735
koc:AB185_30045	ko:K03736
koc:AB185_30050	ko:K01999
koc:AB185_30055	ko:K01997
koc:AB185_30060	ko:K01998
koc:AB185_30065	ko:K01995
koc:AB185_30070	ko:K01996
koc:AB185_30080	ko:K02030
koc:AB185_30085	ko:K02028
koc:AB185_30090	ko:K02029
koc:AB185_30095	ko:K02029
koc:AB185_30100	ko:K21968
koc:AB185_30105	ko:K21967
koc:AB185_30110	ko:K21966
koc:AB185_30115	ko:K21965
koc:AB185_30120	ko:K21964
koc:AB185_30125	ko:K21963
koc:AB185_30130	ko:K02041
koc:AB185_30135	ko:K02044
koc:AB185_30140	ko:K02042
koc:AB185_30145	ko:K02042
koc:AB185_30155	ko:K07090
koc:AB185_30170	ko:K15555
koc:AB185_30175	ko:K15554
koc:AB185_30180	ko:K15553
koc:AB185_30190	ko:K13695
koc:AB185_30195	ko:K11929
koc:AB185_30200	ko:K00931
koc:AB185_30205	ko:K00147
koc:AB185_30210	ko:K14234
koc:AB185_30215	ko:K18837
koc:AB185_30220	ko:K18838
koc:AB185_30230	ko:K03630
koc:AB185_30270	ko:K06946
koc:AB185_30280	ko:K07733
koc:AB185_30310	ko:K07445
koc:AB185_30325	ko:K07484
koc:AB185_30330	ko:K07484
koc:AB185_30345	ko:K07483
koc:AB185_30350	ko:K07497
koc:AB185_30360	ko:K03484
koc:AB185_30365	ko:K01193
koc:AB185_30370	ko:K02810
koc:AB185_30375	ko:K16077
koc:AB185_30380	ko:K00847
koc:AB185_30385	ko:K03655
koc:AB185_30405	ko:K14234
koc:AB185_30415	ko:K07481
koc:AB185_30440	ko:K01458
koc:AB185_30445	ko:K01468
koc:AB185_30450	ko:K03457
koc:AB185_30455	ko:K01712
koc:AB185_30460	ko:K05847
koc:AB185_30465	ko:K05846
koc:AB185_30470	ko:K05846
koc:AB185_30475	ko:K05845
koc:AB185_30480	ko:K01745
koc:AB185_30485	ko:K09975
koc:AB185_30490	ko:K05836
koc:AB185_30495	ko:K05603
koc:AB185_30500	ko:K07791
koc:AB185_30510	ko:K01714
koc:AB185_30515	ko:K02529
koc:AB185_30520	ko:K28762
koc:AB185_30525	ko:K07267
koc:AB185_30535	ko:K03824
koc:AB185_30540	ko:K09982
koc:AB185_30545	ko:K01686
koc:AB185_30550	ko:K00040
koc:AB185_30555	ko:K13637
koc:AB185_30565	ko:K02014
koc:AB185_30575	ko:K00135
koc:AB185_30590	ko:K07481
koc:AB185_30600	ko:K20920
koc:AB185_30605	ko:K20988
koc:AB185_30610	ko:K16554
koc:AB185_30650	ko:K03819
koc:AB185_30655	ko:K11926
koc:AB185_30660	ko:K11750
koc:AB185_30665	ko:K00769
koc:AB185_30670	ko:K01270
koc:AB185_30675	ko:K03830
koc:AB185_30680	ko:K02346
koc:AB185_30690	ko:K05952
koc:AB185_30695	ko:K00351
koc:AB185_30700	ko:K00350
koc:AB185_30705	ko:K00349
koc:AB185_30710	ko:K00348
koc:AB185_30715	ko:K00347
koc:AB185_30720	ko:K00346
koc:AB185_30725	ko:K28919
koc:AB185_30735	ko:K03271
koc:AB185_30740	ko:K06445
koc:AB185_30745	ko:K13566
koc:AB185_30750	ko:K14221
koc:AB185_30755	ko:K02342
koc:AB185_30760	ko:K03469
koc:AB185_30770	ko:K01069
koc:AB185_30775	ko:K08307
koc:AB185_30790	ko:K19577
koc:AB185_30800	ko:K06222
koc:AB185_30805	ko:K14221
koc:AB185_30810	ko:K01985
koc:AB185_30815	ko:K01980
koc:AB185_30820	ko:K14218
koc:AB185_30825	ko:K14227
koc:AB185_30830	ko:K01977
koc:AB185_30835	ko:K03273
koc:AB185_30840	ko:K02071
koc:AB185_30845	ko:K02072
koc:AB185_30850	ko:K02073
koc:AB185_30855	ko:K06080
koc:AB185_30860	ko:K22900
koc:AB185_30865	ko:K01881
koc:AB185_30875	ko:K06079
koc:AB185_30880	ko:K15034
koc:AB185_30895	ko:K19000
koc:AB185_30900	ko:K04075
koc:AB185_30905	ko:K08234
koc:AB185_30910	ko:K01582
koc:AB185_30920	ko:K01962
koc:AB185_30925	ko:K02337
koc:AB185_30930	ko:K03470
koc:AB185_30935	ko:K00748
koc:AB185_30940	ko:K00677
koc:AB185_30945	ko:K02372
koc:AB185_30950	ko:K02536
koc:AB185_30955	ko:K06142
koc:AB185_30960	ko:K07277
koc:AB185_30965	ko:K11749
koc:AB185_30970	ko:K00981
koc:AB185_30975	ko:K00806
koc:AB185_30980	ko:K00099
koc:AB185_30985	ko:K02838
koc:AB185_30990	ko:K09903
koc:AB185_30995	ko:K02357
koc:AB185_31000	ko:K02967
koc:AB185_31005	ko:K01265
koc:AB185_31015	ko:K00990
koc:AB185_31020	ko:K00674
koc:AB185_31035	ko:K02647
koc:AB185_31040	ko:K04771
koc:AB185_31045	ko:K01129
koc:AB185_31050	ko:K01243
koc:AB185_31055	ko:K06858
koc:AB185_31065	ko:K15724
koc:AB185_31070	ko:K03281
koc:AB185_31075	ko:K01845
koc:AB185_31085	ko:K23228
koc:AB185_31090	ko:K23227
koc:AB185_31095	ko:K10829
koc:AB185_31100	ko:K02014
koc:AB185_31105	ko:K05365
koc:AB185_31110	ko:K02465
koc:AB185_31115	ko:K02451
koc:AB185_31120	ko:K01200
koc:AB185_31125	ko:K02452
koc:AB185_31130	ko:K02453
koc:AB185_31135	ko:K02454
koc:AB185_31140	ko:K02455
koc:AB185_31145	ko:K02456
koc:AB185_31150	ko:K02457
koc:AB185_31155	ko:K02458
koc:AB185_31160	ko:K02459
koc:AB185_31165	ko:K02460
koc:AB185_31170	ko:K02461
koc:AB185_31175	ko:K02462
koc:AB185_31180	ko:K02463
koc:AB185_31185	ko:K02464
koc:AB185_31190	ko:K03579
koc:AB185_31195	ko:K01975
koc:AB185_31200	ko:K06206
koc:AB185_31205	ko:K06204
koc:AB185_31210	ko:K01894
koc:AB185_31215	ko:K00970
koc:AB185_31220	ko:K00950
koc:AB185_31225	ko:K00606
koc:AB185_31230	ko:K01918
koc:AB185_31235	ko:K01579
koc:AB185_31240	ko:K07345
koc:AB185_31245	ko:K15540
koc:AB185_31250	ko:K07347
koc:AB185_31285	ko:K01992
koc:AB185_31290	ko:K01990
koc:AB185_31295	ko:K01673
koc:AB185_31300	ko:K00760
koc:AB185_31305	ko:K00117
koc:AB185_31310	ko:K14588
koc:AB185_31330	ko:K00797
koc:AB185_31335	ko:K01611
koc:AB185_31345	ko:K22024
koc:AB185_31350	ko:K22129
koc:AB185_31355	ko:K02526
koc:AB185_31360	ko:K09910
koc:AB185_31365	ko:K01682
koc:AB185_31385	ko:K00382
koc:AB185_31390	ko:K00627
koc:AB185_31395	ko:K00163
koc:AB185_31400	ko:K05799
koc:AB185_31405	ko:K11734
koc:AB185_31410	ko:K03292
koc:AB185_31420	ko:K03807
koc:AB185_31425	ko:K03806
koc:AB185_31430	ko:K00767
koc:AB185_31435	ko:K02682
koc:AB185_31440	ko:K02504
koc:AB185_31445	ko:K02505
koc:AB185_31450	ko:K00364
koc:AB185_31455	ko:K00859
koc:AB185_31460	ko:K18778
koc:AB185_31465	ko:K09862
koc:AB185_31470	ko:K03574
koc:AB185_31475	ko:K03070
koc:AB185_31480	ko:K13301
koc:AB185_31485	ko:K02535
koc:AB185_31490	ko:K03531
koc:AB185_31495	ko:K03590
koc:AB185_31500	ko:K03589
koc:AB185_31505	ko:K01921
koc:AB185_31510	ko:K01924
koc:AB185_31515	ko:K02563
koc:AB185_31520	ko:K03588
koc:AB185_31525	ko:K01925
koc:AB185_31530	ko:K01000
koc:AB185_31535	ko:K01929
koc:AB185_31540	ko:K01928
koc:AB185_31545	ko:K03587
koc:AB185_31550	ko:K03586
koc:AB185_31555	ko:K03438
koc:AB185_31560	ko:K03925
koc:AB185_31565	ko:K03435
koc:AB185_31570	ko:K01653
koc:AB185_31575	ko:K01652
koc:AB185_31580	ko:K05798
koc:AB185_31585	ko:K01649
koc:AB185_31590	ko:K00052
koc:AB185_31595	ko:K01703
koc:AB185_31600	ko:K01704
koc:AB185_31615	ko:K26745
koc:AB185_31620	ko:K03785
koc:AB185_31635	ko:K07481
koc:AB185_31645	ko:K03291
koc:AB185_31650	ko:K11925
koc:AB185_31655	ko:K02064
koc:AB185_31660	ko:K02063
koc:AB185_31665	ko:K02062
koc:AB185_31675	ko:K02099
koc:AB185_31680	ko:K00853
koc:AB185_31685	ko:K01804
koc:AB185_31690	ko:K03077
koc:AB185_31695	ko:K02336
koc:AB185_31700	ko:K03580
koc:AB185_31705	ko:K06177
koc:AB185_31710	ko:K05964
koc:AB185_31720	ko:K07700
koc:AB185_31725	ko:K07702
koc:AB185_31730	ko:K05801
koc:AB185_31735	ko:K04744
koc:AB185_31740	ko:K03771
koc:AB185_31745	ko:K00097
koc:AB185_31750	ko:K02528
koc:AB185_31755	ko:K06195
koc:AB185_31760	ko:K01525
koc:AB185_31765	ko:K00287
koc:AB185_31770	ko:K11745
koc:AB185_31775	ko:K11746
koc:AB185_31785	ko:K01955
koc:AB185_31790	ko:K01956
koc:AB185_31795	ko:K00215
koc:AB185_31800	ko:K05966
koc:AB185_31805	ko:K01643
koc:AB185_31810	ko:K01644
koc:AB185_31815	ko:K01646
koc:AB185_31820	ko:K01910
koc:AB185_31830	ko:K01573
koc:AB185_31835	ko:K01571
koc:AB185_31840	ko:K20509
koc:AB185_31845	ko:K07700
koc:AB185_31850	ko:K07702
koc:AB185_31870	ko:K07481
koc:AB185_31880	ko:K03319
koc:AB185_31895	ko:K12700
koc:AB185_31900	ko:K03527
koc:AB185_31905	ko:K03774
koc:AB185_31910	ko:K03101
koc:AB185_31915	ko:K01870
koc:AB185_31920	ko:K11753
koc:AB185_31925	ko:K02968
koc:AB185_31930	ko:K03717
koc:AB185_31935	ko:K03313
koc:AB185_31985	ko:K03686
koc:AB185_31990	ko:K04043
koc:AB185_32005	ko:K07034
koc:AB185_32010	ko:K03762
koc:AB185_32015	ko:K03831
koc:AB185_32020	ko:K00616
koc:AB185_32025	ko:K03310
koc:AB185_32030	ko:K09861
koc:AB185_32035	ko:K01733
koc:AB185_32040	ko:K00872
koc:AB185_32045	ko:K12524
koc:AB185_32050	ko:K02533
koc:AB185_32055	ko:K07773
koc:AB185_32060	ko:K06143
koc:AB185_32065	ko:K07641
koc:AB185_32070	ko:K07663
koc:AB185_32075	ko:K05805
koc:AB185_32080	ko:K05804
koc:AB185_32085	ko:K15634
koc:AB185_32090	ko:K01529
koc:AB185_32095	ko:K03720
koc:AB185_32100	ko:K08309
koc:AB185_32105	ko:K06020
koc:AB185_32115	ko:K06211
koc:AB185_32120	ko:K04485
koc:AB185_32125	ko:K01079
koc:AB185_32130	ko:K07186
koc:AB185_32135	ko:K03800
koc:AB185_32140	ko:K03784
koc:AB185_32145	ko:K01839
koc:AB185_32150	ko:K00758
koc:AB185_32155	ko:K01619
koc:AB185_32160	ko:K03317
koc:AB185_32165	ko:K03424
koc:AB185_32175	ko:K04065
koc:AB185_32180	ko:K02837
koc:AB185_32185	ko:K08723
koc:AB185_32190	ko:K03789
koc:AB185_32195	ko:K02344
koc:AB185_32200	ko:K00564
koc:AB185_32205	ko:K14228
koc:AB185_32210	ko:K14228
koc:AB185_32215	ko:K14228
koc:AB185_32230	ko:K13255
koc:AB185_32235	ko:K02761
koc:AB185_32245	ko:K22650
koc:AB185_32255	ko:K18954
koc:AB185_32260	ko:K00481
koc:AB185_32275	ko:K02317
koc:AB185_32280	ko:K02315
koc:AB185_32290	ko:K01002
koc:AB185_32300	ko:K19510
koc:AB185_32305	ko:K19504
koc:AB185_32310	ko:K19509
koc:AB185_32315	ko:K19508
koc:AB185_32320	ko:K19507
koc:AB185_32325	ko:K19506
koc:AB185_32330	ko:K19505
koc:AB185_32335	ko:K00041
koc:AB185_32340	ko:K23007
koc:AB185_32345	ko:K23015
koc:AB185_32350	ko:K23016
koc:AB185_32370	ko:K01631
koc:AB185_32375	ko:K00883
koc:AB185_32380	ko:K03307
koc:AB185_32390	ko:K06015
koc:AB185_32405	ko:K05921
koc:AB185_32410	ko:K05921
koc:AB185_32415	ko:K00151
koc:AB185_32420	ko:K00455
koc:AB185_32425	ko:K01826
koc:AB185_32430	ko:K02509
koc:AB185_32435	ko:K02510
koc:AB185_32440	ko:K02511
koc:AB185_32445	ko:K02508
koc:AB185_32450	ko:K00483
koc:AB185_32455	ko:K00484
koc:AB185_32460	ko:K23676
koc:AB185_32485	ko:K00135
koc:AB185_32490	ko:K24087
koc:AB185_32500	ko:K05835
koc:AB185_32515	ko:K23241
koc:AB185_32550	ko:K14665
koc:AB185_32580	ko:K06075
koc:AB185_32590	ko:K07481
koc:AB185_32600	ko:K01153
koc:AB185_32605	ko:K19048
koc:AB185_32610	ko:K01426
koc:AB185_32625	ko:K09803
koc:AB185_32630	ko:K21265
koc:AB185_32640	ko:K00355
koc:AB185_32675	ko:K00132
koc:AB185_32690	ko:K20038
koc:AB185_32695	ko:K20037
koc:AB185_32705	ko:K15024
koc:AB185_32715	ko:K03297
koc:AB185_32720	ko:K03297
koc:AB185_32730	ko:K01667
koc:AB185_32735	ko:K03835
koc:AB185_32740	ko:K01867
koc:AB185_32745	ko:K13069
koc:AB185_32750	ko:K07481
koc:AB185_32755	ko:K01993
koc:AB185_32760	ko:K13926
koc:AB185_32765	ko:K01992
koc:AB185_32775	ko:K01985
koc:AB185_32780	ko:K01980
koc:AB185_32785	ko:K14224
koc:AB185_32790	ko:K01977
koc:AB185_32795	ko:K18850
koc:AB185_32800	ko:K03787
koc:AB185_32840	ko:K01639
koc:AB185_32845	ko:K11477
koc:AB185_32850	ko:K03484
koc:AB185_32860	ko:K01173
koc:AB185_32865	ko:K19048
koc:AB185_32875	ko:K07481
koc:AB185_32895	ko:K18837
koc:AB185_32900	ko:K18838
koc:AB185_32910	ko:K03630
koc:AB185_32940	ko:K07733
koc:AB185_32945	ko:K07497
koc:AB185_32950	ko:K07483
koc:AB185_32955	ko:K07483
koc:AB185_32960	ko:K07484
koc:AB185_32965	ko:K07484
koc:AB185_32970	ko:K00700
koc:AB185_32975	ko:K00975
koc:AB185_32985	ko:K07484
koc:AB185_32990	ko:K07484
koc:AB185_32995	ko:K07483
koc:AB185_33000	ko:K18146
koc:AB185_33005	ko:K18145
koc:AB185_33010	ko:K18144
koc:AB185_33015	ko:K18143
koc:AB185_33020	ko:K07345
koc:AB185_33025	ko:K15540
koc:AB185_33030	ko:K07347
koc:AB185_33035	ko:K07345
koc:AB185_33040	ko:K07345
koc:AB185_33045	ko:K21086
koc:AB185_33055	ko:K21087
koc:AB185_33095	ko:K01338
koc:AB185_33125	ko:K14228
koc:AB185_33140	ko:K12957
koc:AB185_33145	ko:K05814
koc:AB185_33150	ko:K05815
koc:AB185_33155	ko:K03651
koc:AB185_33160	ko:K05816
koc:AB185_33165	ko:K05813
koc:AB185_33170	ko:K06609
koc:AB185_33175	ko:K03335
koc:AB185_33180	ko:K06605
koc:AB185_33185	ko:K00010
koc:AB185_33190	ko:K03336
koc:AB185_33195	ko:K03338
koc:AB185_33205	ko:K07486
koc:AB185_33210	ko:K03337
koc:AB185_33215	ko:K00140
koc:AB185_33220	ko:K06606
koc:AB185_33225	ko:K06915
koc:AB185_33230	ko:K11720
koc:AB185_33235	ko:K07091
koc:AB185_33240	ko:K01255
koc:AB185_33245	ko:K02339
koc:AB185_33250	ko:K01873
koc:AB185_33255	ko:K03828
koc:AB185_33265	ko:K06169
koc:AB185_33270	ko:K09893
koc:AB185_33275	ko:K00611
koc:AB185_33280	ko:K19334
koc:AB185_33285	ko:K00609
koc:AB185_33290	ko:K00610
koc:AB185_33295	ko:K21712
koc:AB185_33300	ko:K09022
koc:AB185_33305	ko:K01531
koc:AB185_33310	ko:K03485
koc:AB185_33315	ko:K02819
koc:AB185_33320	ko:K01226
koc:AB185_33325	ko:K02761
koc:AB185_33330	ko:K01222
koc:AB185_33335	ko:K02760
koc:AB185_33340	ko:K19337
koc:AB185_33345	ko:K21636
koc:AB185_33350	ko:K04068
koc:AB185_33360	ko:K07404
koc:AB185_33370	ko:K01042
koc:AB185_33375	ko:K01465
koc:AB185_33405	ko:K15536
koc:AB185_33410	ko:K03592
koc:AB185_33415	ko:K09889
koc:AB185_33420	ko:K00140
koc:AB185_33440	ko:K02558
koc:AB185_33445	ko:K03841
koc:AB185_33450	ko:K23509
koc:AB185_33455	ko:K23509
koc:AB185_33460	ko:K10820
koc:AB185_33465	ko:K23508
koc:AB185_33470	ko:K01507
koc:AB185_33475	ko:K07495
koc:AB185_33485	ko:K09800
koc:AB185_33490	ko:K07278
koc:AB185_33495	ko:K07304
koc:AB185_33500	ko:K03699
koc:AB185_33510	ko:K07481
koc:AB185_33515	ko:K12308
koc:AB185_33520	ko:K02099
koc:AB185_33530	ko:K07109
koc:AB185_33535	ko:K01082
koc:AB185_33540	ko:K01119
koc:AB185_33550	ko:K19267
koc:AB185_33565	ko:K07322
koc:AB185_33570	ko:K11737
koc:AB185_33575	ko:K03773
koc:AB185_33580	ko:K07269
koc:AB185_33590	ko:K02939
koc:AB185_33595	ko:K02963
koc:AB185_33600	ko:K02686
koc:AB185_33605	ko:K02990
koc:AB185_33620	ko:K03077
koc:AB185_33625	ko:K03079
koc:AB185_33630	ko:K03078
koc:AB185_33635	ko:K02821
koc:AB185_33640	ko:K02822
koc:AB185_33645	ko:K03475
koc:AB185_33650	ko:K03476
koc:AB185_33655	ko:K03477
koc:AB185_33660	ko:K06889
koc:AB185_33675	ko:K09456
koc:AB185_33685	ko:K03218
koc:AB185_33690	ko:K12573
koc:AB185_33695	ko:K13771
koc:AB185_33700	ko:K01939
koc:AB185_33705	ko:K09937
koc:AB185_33710	ko:K04087
koc:AB185_33715	ko:K04088
koc:AB185_33720	ko:K03665
koc:AB185_33725	ko:K03666
koc:AB185_33730	ko:K00791
koc:AB185_33735	ko:K03572
koc:AB185_33740	ko:K01448
koc:AB185_33745	ko:K06925
koc:AB185_33750	ko:K23997
koc:AB185_33755	ko:K18979
koc:AB185_33760	ko:K14225
koc:AB185_33765	ko:K14225
koc:AB185_33770	ko:K14225
koc:AB185_33775	ko:K09996
koc:AB185_33780	ko:K13288
koc:AB185_33785	ko:K06949
koc:AB185_33790	ko:K01613
koc:AB185_33795	ko:K22051
koc:AB185_33805	ko:K04568
koc:AB185_33810	ko:K00244
koc:AB185_33815	ko:K00245
koc:AB185_33820	ko:K00246
koc:AB185_33825	ko:K00247
koc:AB185_33830	ko:K03098
koc:AB185_33835	ko:K11741
koc:AB185_33840	ko:K16348
koc:AB185_33845	ko:K16347
koc:AB185_33850	ko:K02356
koc:AB185_33855	ko:K19810
koc:AB185_33870	ko:K07346
koc:AB185_33875	ko:K07347
koc:AB185_33880	ko:K07345
koc:AB185_33890	ko:K13408
koc:AB185_33895	ko:K13409
koc:AB185_33910	ko:K04077
koc:AB185_33915	ko:K04078
koc:AB185_33920	ko:K16263
koc:AB185_33925	ko:K07113
koc:AB185_33930	ko:K01744
koc:AB185_33935	ko:K07791
koc:AB185_33940	ko:K03926
koc:AB185_33945	ko:K04084
koc:AB185_33960	ko:K14231
koc:AB185_34000	ko:K00975
koc:AB185_34005	ko:K00700
koc:AB185_34010	ko:K07483
koc:AB185_34020	ko:K01992
koc:AB185_34025	ko:K13926
koc:AB185_34030	ko:K01993
koc:AB185_34065	ko:K07345
koc:AB185_34070	ko:K15540
koc:AB185_34075	ko:K07347
koc:AB185_34080	ko:K07345
koc:AB185_34095	ko:K21086
koc:AB185_34100	ko:K07484
koc:AB185_34105	ko:K21498
koc:AB185_34115	ko:K07733
koc:AB185_34120	ko:K07733
koc:AB185_34155	ko:K03630
koc:AB185_34165	ko:K18838
koc:AB185_34170	ko:K18837
koc:AB185_34205	ko:K00355
koc:AB185_34225	ko:K05516
koc:AB185_34230	ko:K18997
koc:AB185_34235	ko:K03762
koc:AB185_34240	ko:K06193
koc:AB185_34245	ko:K04750
koc:AB185_34250	ko:K02043
koc:AB185_34255	ko:K06166
koc:AB185_34260	ko:K06165
koc:AB185_34265	ko:K06164
koc:AB185_34270	ko:K06163
koc:AB185_34275	ko:K05781
koc:AB185_34280	ko:K05780
koc:AB185_34285	ko:K06162
koc:AB185_34290	ko:K05774
koc:AB185_34295	ko:K06167
koc:AB185_34305	ko:K01808
koc:AB185_34310	ko:K23238
koc:AB185_34315	ko:K10549
koc:AB185_34320	ko:K10551
koc:AB185_34325	ko:K10550
koc:AB185_34330	ko:K17195
koc:AB185_34335	ko:K00881
koc:AB185_34340	ko:K22015
koc:AB185_34345	ko:K22015
koc:AB185_34350	ko:K07126
koc:AB185_34355	ko:K11102
koc:AB185_34360	ko:K01895
koc:AB185_34370	ko:K14393
koc:AB185_34380	ko:K07481
koc:AB185_34395	ko:K07347
koc:AB185_34400	ko:K07346
koc:AB185_34405	ko:K07345
koc:AB185_34415	ko:K06518
koc:AB185_34425	ko:K24163
koc:AB185_34430	ko:K06901
koc:AB185_34435	ko:K00799
koc:AB185_34440	ko:K13639
koc:AB185_34445	ko:K13631
koc:AB185_34450	ko:K26148
koc:AB185_34460	ko:K21638
koc:AB185_34465	ko:K07277
koc:AB185_34475	ko:K19611
koc:AB185_34485	ko:K03111
koc:AB185_34490	ko:K03701
koc:AB185_34515	ko:K03788
koc:AB185_34520	ko:K00832
koc:AB185_34525	ko:K01775
koc:AB185_34530	ko:K02314
koc:AB185_34535	ko:K00344
koc:AB185_34545	ko:K05539
koc:AB185_34550	ko:K01978
koc:AB185_34555	ko:K18867
