kom:HR38_00005	ko:K04720
kom:HR38_00010	ko:K01448
kom:HR38_00015	ko:K14682
kom:HR38_00020	ko:K03581
kom:HR38_00025	ko:K03582
kom:HR38_00030	ko:K01407
kom:HR38_00035	ko:K03583
kom:HR38_00040	ko:K02681
kom:HR38_00050	ko:K02680
kom:HR38_00055	ko:K02679
kom:HR38_00065	ko:K00560
kom:HR38_00070	ko:K13292
kom:HR38_00075	ko:K08484
kom:HR38_00080	ko:K08311
kom:HR38_00085	ko:K03573
kom:HR38_00105	ko:K08227
kom:HR38_00110	ko:K05939
kom:HR38_00115	ko:K02529
kom:HR38_00125	ko:K13637
kom:HR38_00130	ko:K01223
kom:HR38_00135	ko:K02761
kom:HR38_00145	ko:K01586
kom:HR38_00180	ko:K25316
kom:HR38_00185	ko:K26933
kom:HR38_00190	ko:K10193
kom:HR38_00195	ko:K10194
kom:HR38_00200	ko:K10195
kom:HR38_00205	ko:K10192
kom:HR38_00210	ko:K01730
kom:HR38_00220	ko:K01193
kom:HR38_00225	ko:K02532
kom:HR38_00235	ko:K02100
kom:HR38_00240	ko:K00065
kom:HR38_00245	ko:K01730
kom:HR38_00250	ko:K22110
kom:HR38_00255	ko:K00626
kom:HR38_00275	ko:K05275
kom:HR38_00285	ko:K21087
kom:HR38_00295	ko:K21086
kom:HR38_00300	ko:K07345
kom:HR38_00305	ko:K07345
kom:HR38_00310	ko:K07347
kom:HR38_00315	ko:K15540
kom:HR38_00320	ko:K07345
kom:HR38_00345	ko:K15269
kom:HR38_00370	ko:K06975
kom:HR38_00385	ko:K15549
kom:HR38_00390	ko:K15547
kom:HR38_00395	ko:K15550
kom:HR38_00405	ko:K03366
kom:HR38_00410	ko:K03305
kom:HR38_00430	ko:K03436
kom:HR38_00440	ko:K01619
kom:HR38_00445	ko:K02430
kom:HR38_00450	ko:K17195
kom:HR38_00455	ko:K00852
kom:HR38_00460	ko:K02429
kom:HR38_00465	ko:K01759
kom:HR38_00470	ko:K01897
kom:HR38_00475	ko:K01026
kom:HR38_00480	ko:K00059
kom:HR38_00485	ko:K00626
kom:HR38_00505	ko:K00865
kom:HR38_00525	ko:K23241
kom:HR38_00530	ko:K00537
kom:HR38_00535	ko:K03893
kom:HR38_00540	ko:K03892
kom:HR38_00545	ko:K07552
kom:HR38_00560	ko:K06889
kom:HR38_00570	ko:K07665
kom:HR38_00575	ko:K07644
kom:HR38_00605	ko:K06221
kom:HR38_00625	ko:K12151
kom:HR38_00635	ko:K07483
kom:HR38_00640	ko:K07497
kom:HR38_00650	ko:K06889
kom:HR38_00665	ko:K01607
kom:HR38_00675	ko:K13979
kom:HR38_00690	ko:K01476
kom:HR38_00700	ko:K14225
kom:HR38_00705	ko:K12943
kom:HR38_00715	ko:K22958
kom:HR38_00720	ko:K03186
kom:HR38_00725	ko:K07150
kom:HR38_00730	ko:K01823
kom:HR38_00735	ko:K04567
kom:HR38_00740	ko:K02836
kom:HR38_00745	ko:K07462
kom:HR38_00750	ko:K03981
kom:HR38_00755	ko:K04763
kom:HR38_00760	ko:K03840
kom:HR38_00765	ko:K19168
kom:HR38_00770	ko:K09159
kom:HR38_00775	ko:K06980
kom:HR38_00780	ko:K17473
kom:HR38_00785	ko:K17464
kom:HR38_00790	ko:K17465
kom:HR38_00795	ko:K17466
kom:HR38_00800	ko:K17467
kom:HR38_00805	ko:K17468
kom:HR38_00810	ko:K17463
kom:HR38_00815	ko:K11068
kom:HR38_00820	ko:K09900
kom:HR38_00830	ko:K01223
kom:HR38_00850	ko:K00281
kom:HR38_00855	ko:K02437
kom:HR38_00860	ko:K00605
kom:HR38_00865	ko:K18800
kom:HR38_00870	ko:K03185
kom:HR38_00875	ko:K01262
kom:HR38_00880	ko:K09895
kom:HR38_00885	ko:K09888
kom:HR38_00890	ko:K01934
kom:HR38_00895	ko:K00058
kom:HR38_00900	ko:K01807
kom:HR38_00905	ko:K05596
kom:HR38_00910	ko:K01847
kom:HR38_00915	ko:K07588
kom:HR38_00920	ko:K11264
kom:HR38_00925	ko:K22214
kom:HR38_00935	ko:K09807
kom:HR38_00945	ko:K03442
kom:HR38_00950	ko:K01624
kom:HR38_00955	ko:K00927
kom:HR38_00960	ko:K03472
kom:HR38_00965	ko:K06934
kom:HR38_00970	ko:K16923
kom:HR38_00975	ko:K16785
kom:HR38_00980	ko:K16786
kom:HR38_00985	ko:K16787
kom:HR38_00990	ko:K00615
kom:HR38_00995	ko:K07387
kom:HR38_01000	ko:K01480
kom:HR38_01005	ko:K01585
kom:HR38_01010	ko:K00789
kom:HR38_01015	ko:K08137
kom:HR38_01020	ko:K02742
kom:HR38_01025	ko:K01150
kom:HR38_01035	ko:K09761
kom:HR38_01040	ko:K01920
kom:HR38_01045	ko:K07735
kom:HR38_01050	ko:K07447
kom:HR38_01055	ko:K04333
kom:HR38_01060	ko:K02669
kom:HR38_01065	ko:K06997
kom:HR38_01070	ko:K02221
kom:HR38_01075	ko:K09131
kom:HR38_01080	ko:K01519
kom:HR38_01090	ko:K11688
kom:HR38_01095	ko:K11689
kom:HR38_01100	ko:K11690
kom:HR38_01110	ko:K09923
kom:HR38_01115	ko:K03439
kom:HR38_01120	ko:K03575
kom:HR38_01130	ko:K08306
kom:HR38_01135	ko:K03289
kom:HR38_01140	ko:K01581
kom:HR38_01145	ko:K07150
kom:HR38_01150	ko:K14231
kom:HR38_01155	ko:K14445
kom:HR38_01160	ko:K01697
kom:HR38_01165	ko:K01758
kom:HR38_01200	ko:K05825
kom:HR38_01220	ko:K11209
kom:HR38_01240	ko:K03559
kom:HR38_01245	ko:K03561
kom:HR38_01250	ko:K01760
kom:HR38_01265	ko:K08325
kom:HR38_01270	ko:K06221
kom:HR38_01295	ko:K07497
kom:HR38_01300	ko:K07483
kom:HR38_01310	ko:K15773
kom:HR38_01315	ko:K16137
kom:HR38_01320	ko:K19745
kom:HR38_01325	ko:K07480
kom:HR38_01330	ko:K23239
kom:HR38_01335	ko:K00121
kom:HR38_01345	ko:K01070
kom:HR38_01355	ko:K07486
kom:HR38_01375	ko:K00986
kom:HR38_01380	ko:K07497
kom:HR38_01385	ko:K23239
kom:HR38_01395	ko:K07484
kom:HR38_01400	ko:K07484
kom:HR38_01405	ko:K07483
kom:HR38_01420	ko:K00148
kom:HR38_01455	ko:K10680
kom:HR38_01465	ko:K07483
kom:HR38_01500	ko:K04753
kom:HR38_01505	ko:K00655
kom:HR38_01510	ko:K02621
kom:HR38_01515	ko:K13652
kom:HR38_01525	ko:K07666
kom:HR38_01530	ko:K07645
kom:HR38_01535	ko:K03923
kom:HR38_01545	ko:K02622
kom:HR38_01550	ko:K07000
kom:HR38_01555	ko:K03651
kom:HR38_01560	ko:K09920
kom:HR38_01565	ko:K01515
kom:HR38_01570	ko:K12340
kom:HR38_01590	ko:K15777
kom:HR38_01595	ko:K07238
kom:HR38_01620	ko:K02858
kom:HR38_01625	ko:K09806
kom:HR38_01630	ko:K22720
kom:HR38_01635	ko:K03272
kom:HR38_01640	ko:K00982
kom:HR38_01645	ko:K18446
kom:HR38_01650	ko:K07184
kom:HR38_01655	ko:K00974
kom:HR38_01660	ko:K06153
kom:HR38_01665	ko:K01633
kom:HR38_01670	ko:K08591
kom:HR38_01675	ko:K03190
kom:HR38_01680	ko:K01430
kom:HR38_01685	ko:K01429
kom:HR38_01690	ko:K01428
kom:HR38_01695	ko:K03187
kom:HR38_01700	ko:K03188
kom:HR38_01705	ko:K03189
kom:HR38_01715	ko:K25706
kom:HR38_01720	ko:K02970
kom:HR38_01725	ko:K02316
kom:HR38_01730	ko:K03086
kom:HR38_01740	ko:K03649
kom:HR38_01745	ko:K14230
kom:HR38_01755	ko:K05880
kom:HR38_01760	ko:K00005
kom:HR38_01770	ko:K05878
kom:HR38_01775	ko:K05879
kom:HR38_01780	ko:K05881
kom:HR38_01785	ko:K28825
kom:HR38_01790	ko:K07229
kom:HR38_01800	ko:K09251
kom:HR38_01805	ko:K06878
kom:HR38_01810	ko:K12113
kom:HR38_01815	ko:K12111
kom:HR38_01820	ko:K12112
kom:HR38_01840	ko:K03931
kom:HR38_01845	ko:K11530
kom:HR38_01850	ko:K08321
kom:HR38_01855	ko:K10555
kom:HR38_01860	ko:K10557
kom:HR38_01865	ko:K10556
kom:HR38_01870	ko:K10558
kom:HR38_01875	ko:K11531
kom:HR38_01880	ko:K11216
kom:HR38_01885	ko:K00219
kom:HR38_01890	ko:K11391
kom:HR38_01895	ko:K03292
kom:HR38_01905	ko:K01198
kom:HR38_01910	ko:K07043
kom:HR38_01925	ko:K07862
kom:HR38_01935	ko:K01685
kom:HR38_01940	ko:K01812
kom:HR38_01945	ko:K08191
kom:HR38_01950	ko:K19775
kom:HR38_01960	ko:K25864
kom:HR38_01985	ko:K15977
kom:HR38_01990	ko:K07393
kom:HR38_02020	ko:K00865
kom:HR38_02025	ko:K00042
kom:HR38_02030	ko:K01630
kom:HR38_02035	ko:K12299
kom:HR38_02040	ko:K01708
kom:HR38_02045	ko:K02081
kom:HR38_02050	ko:K16371
kom:HR38_02055	ko:K02745
kom:HR38_02060	ko:K02746
kom:HR38_02065	ko:K02747
kom:HR38_02070	ko:K02744
kom:HR38_02075	ko:K02079
kom:HR38_02080	ko:K02082
kom:HR38_02085	ko:K08302
kom:HR38_02095	ko:K07056
kom:HR38_02100	ko:K07121
kom:HR38_02105	ko:K07460
kom:HR38_02110	ko:K12961
kom:HR38_02115	ko:K28369
kom:HR38_02120	ko:K07089
kom:HR38_02130	ko:K05520
kom:HR38_02135	ko:K09979
kom:HR38_02140	ko:K07461
kom:HR38_02145	ko:K03824
kom:HR38_02150	ko:K24843
kom:HR38_02155	ko:K24844
kom:HR38_02160	ko:K24845
kom:HR38_02170	ko:K03835
kom:HR38_02175	ko:K05592
kom:HR38_02180	ko:K05803
kom:HR38_02185	ko:K00962
kom:HR38_02190	ko:K02956
kom:HR38_02195	ko:K03177
kom:HR38_02200	ko:K02834
kom:HR38_02205	ko:K02519
kom:HR38_02210	ko:K02600
kom:HR38_02215	ko:K09748
kom:HR38_02220	ko:K14230
kom:HR38_02225	ko:K01940
kom:HR38_02230	ko:K14228
kom:HR38_02235	ko:K03075
kom:HR38_02240	ko:K03431
kom:HR38_02245	ko:K00796
kom:HR38_02250	ko:K03798
kom:HR38_02255	ko:K02427
kom:HR38_02260	ko:K07574
kom:HR38_02265	ko:K03624
kom:HR38_02270	ko:K07259
kom:HR38_02275	ko:K03979
kom:HR38_02285	ko:K02899
kom:HR38_02290	ko:K02888
kom:HR38_02295	ko:K02523
kom:HR38_02300	ko:K07724
kom:HR38_02305	ko:K00790
kom:HR38_02315	ko:K07122
kom:HR38_02320	ko:K07323
kom:HR38_02325	ko:K02067
kom:HR38_02330	ko:K02066
kom:HR38_02335	ko:K02065
kom:HR38_02340	ko:K07301
kom:HR38_02350	ko:K03270
kom:HR38_02355	ko:K11719
kom:HR38_02360	ko:K09774
kom:HR38_02365	ko:K06861
kom:HR38_02370	ko:K03092
kom:HR38_02375	ko:K05808
kom:HR38_02380	ko:K02806
kom:HR38_02385	ko:K06958
kom:HR38_02390	ko:K08485
kom:HR38_02395	ko:K03814
kom:HR38_02405	ko:K07648
kom:HR38_02410	ko:K07139
kom:HR38_02415	ko:K00265
kom:HR38_02420	ko:K00266
kom:HR38_02430	ko:K00885
kom:HR38_02435	ko:K01788
kom:HR38_02440	ko:K03290
kom:HR38_02445	ko:K01639
kom:HR38_02450	ko:K22104
kom:HR38_02455	ko:K03600
kom:HR38_02460	ko:K03599
kom:HR38_02465	ko:K02996
kom:HR38_02470	ko:K02871
kom:HR38_02475	ko:K06916
kom:HR38_02480	ko:K09908
kom:HR38_02485	ko:K04772
kom:HR38_02490	ko:K04691
kom:HR38_02500	ko:K20509
kom:HR38_02505	ko:K01571
kom:HR38_02510	ko:K01573
kom:HR38_02515	ko:K03780
kom:HR38_02520	ko:K03779
kom:HR38_02545	ko:K00024
kom:HR38_02550	ko:K03402
kom:HR38_02565	ko:K03623
kom:HR38_02570	ko:K03468
kom:HR38_02575	ko:K15548
kom:HR38_02580	ko:K21695
kom:HR38_02585	ko:K21698
kom:HR38_02590	ko:K02430
kom:HR38_02595	ko:K03568
kom:HR38_02605	ko:K08301
kom:HR38_02610	ko:K06287
kom:HR38_02615	ko:K03571
kom:HR38_02620	ko:K03570
kom:HR38_02625	ko:K03569
kom:HR38_02630	ko:K18765
kom:HR38_02635	ko:K19745
kom:HR38_02640	ko:K07147
kom:HR38_02645	ko:K17247
kom:HR38_02655	ko:K02160
kom:HR38_02660	ko:K01961
kom:HR38_02670	ko:K14392
kom:HR38_02675	ko:K02687
kom:HR38_02680	ko:K01674
kom:HR38_02685	ko:K05540
kom:HR38_02690	ko:K03557
kom:HR38_02695	ko:K18140
kom:HR38_02700	ko:K18141
kom:HR38_02705	ko:K18142
kom:HR38_02715	ko:K01985
kom:HR38_02720	ko:K14234
kom:HR38_02725	ko:K01985
kom:HR38_02730	ko:K01980
kom:HR38_02735	ko:K14224
kom:HR38_02740	ko:K01977
kom:HR38_02755	ko:K00014
kom:HR38_02760	ko:K07566
kom:HR38_02765	ko:K03747
kom:HR38_02770	ko:K04096
kom:HR38_02775	ko:K01462
kom:HR38_02780	ko:K00604
kom:HR38_02785	ko:K03500
kom:HR38_02790	ko:K03499
kom:HR38_02795	ko:K03282
kom:HR38_02800	ko:K09890
kom:HR38_02805	ko:K13638
kom:HR38_02815	ko:K02879
kom:HR38_02820	ko:K03040
kom:HR38_02825	ko:K02986
kom:HR38_02830	ko:K02948
kom:HR38_02835	ko:K02952
kom:HR38_02840	ko:K02919
kom:HR38_02845	ko:K03076
kom:HR38_02850	ko:K02876
kom:HR38_02855	ko:K02907
kom:HR38_02860	ko:K02988
kom:HR38_02865	ko:K02881
kom:HR38_02870	ko:K02933
kom:HR38_02875	ko:K02994
kom:HR38_02880	ko:K02954
kom:HR38_02885	ko:K02931
kom:HR38_02890	ko:K02895
kom:HR38_02895	ko:K02874
kom:HR38_02900	ko:K02961
kom:HR38_02905	ko:K02904
kom:HR38_02910	ko:K02878
kom:HR38_02915	ko:K02982
kom:HR38_02920	ko:K02890
kom:HR38_02925	ko:K02965
kom:HR38_02930	ko:K02886
kom:HR38_02935	ko:K02892
kom:HR38_02940	ko:K02926
kom:HR38_02945	ko:K02906
kom:HR38_02950	ko:K02946
kom:HR38_02960	ko:K02506
kom:HR38_02965	ko:K03594
kom:HR38_02970	ko:K02192
kom:HR38_02975	ko:K02358
kom:HR38_02980	ko:K02355
kom:HR38_02985	ko:K02992
kom:HR38_02990	ko:K02950
kom:HR38_02995	ko:K07237
kom:HR38_03000	ko:K07236
kom:HR38_03005	ko:K07235
kom:HR38_03015	ko:K03772
kom:HR38_03020	ko:K03745
kom:HR38_03025	ko:K03775
kom:HR38_03030	ko:K07070
kom:HR38_03035	ko:K11747
kom:HR38_03040	ko:K11748
kom:HR38_03045	ko:K06158
kom:HR38_03050	ko:K03462
kom:HR38_03055	ko:K00948
kom:HR38_03065	ko:K07019
kom:HR38_03070	ko:K09898
kom:HR38_03075	ko:K28462
kom:HR38_03080	ko:K07397
kom:HR38_03085	ko:K10914
kom:HR38_03095	ko:K00821
kom:HR38_03100	ko:K01664
kom:HR38_03105	ko:K04095
kom:HR38_03115	ko:K03767
kom:HR38_03120	ko:K06141
kom:HR38_03125	ko:K01485
kom:HR38_03130	ko:K00362
kom:HR38_03135	ko:K00363
kom:HR38_03140	ko:K02598
kom:HR38_03145	ko:K02302
kom:HR38_03150	ko:K01867
kom:HR38_03155	ko:K01091
kom:HR38_03160	ko:K01783
kom:HR38_03165	ko:K06223
kom:HR38_03170	ko:K03112
kom:HR38_03175	ko:K01735
kom:HR38_03180	ko:K00891
kom:HR38_03185	ko:K02507
kom:HR38_03195	ko:K12290
kom:HR38_03200	ko:K12289
kom:HR38_03205	ko:K12288
kom:HR38_03210	ko:K05366
kom:HR38_03215	ko:K08312
kom:HR38_03225	ko:K20881
kom:HR38_03230	ko:K04762
kom:HR38_03235	ko:K04083
kom:HR38_03240	ko:K01610
kom:HR38_03245	ko:K00705
kom:HR38_03250	ko:K00688
kom:HR38_03260	ko:K03556
kom:HR38_03265	ko:K02444
kom:HR38_03270	ko:K02441
kom:HR38_03275	ko:K02439
kom:HR38_03280	ko:K00111
kom:HR38_03285	ko:K00688
kom:HR38_03290	ko:K00703
kom:HR38_03295	ko:K00975
kom:HR38_03300	ko:K02438
kom:HR38_03305	ko:K00700
kom:HR38_03310	ko:K00133
kom:HR38_03315	ko:K06156
kom:HR38_03320	ko:K00851
kom:HR38_03325	ko:K06145
kom:HR38_03330	ko:K06911
kom:HR38_03345	ko:K03825
kom:HR38_03350	ko:K00681
kom:HR38_03360	ko:K01126
kom:HR38_03365	ko:K05816
kom:HR38_03370	ko:K05815
kom:HR38_03375	ko:K05814
kom:HR38_03380	ko:K05813
kom:HR38_03390	ko:K22397
kom:HR38_03395	ko:K26580
kom:HR38_03400	ko:K01685
kom:HR38_03405	ko:K01996
kom:HR38_03410	ko:K01995
kom:HR38_03415	ko:K01998
kom:HR38_03420	ko:K01997
kom:HR38_03425	ko:K01999
kom:HR38_03435	ko:K01999
kom:HR38_03445	ko:K00823
kom:HR38_03450	ko:K00375
kom:HR38_03455	ko:K03089
kom:HR38_03460	ko:K09811
kom:HR38_03465	ko:K09812
kom:HR38_03470	ko:K03110
kom:HR38_03475	ko:K08316
kom:HR38_03480	ko:K08993
kom:HR38_03500	ko:K04085
kom:HR38_03505	ko:K09125
kom:HR38_03510	ko:K27311
kom:HR38_03525	ko:K12963
kom:HR38_03530	ko:K12962
kom:HR38_03535	ko:K07264
kom:HR38_03540	ko:K13014
kom:HR38_03545	ko:K10011
kom:HR38_03550	ko:K10012
kom:HR38_03555	ko:K07806
kom:HR38_03565	ko:K13727
kom:HR38_03585	ko:K15584
kom:HR38_03590	ko:K15585
kom:HR38_03595	ko:K15586
kom:HR38_03600	ko:K15587
kom:HR38_03605	ko:K10824
kom:HR38_03610	ko:K07722
kom:HR38_03615	ko:K08996
kom:HR38_03620	ko:K06213
kom:HR38_03625	ko:K00058
kom:HR38_03635	ko:K03319
kom:HR38_03640	ko:K01465
kom:HR38_03645	ko:K02688
kom:HR38_03655	ko:K16322
kom:HR38_03660	ko:K06144
kom:HR38_03665	ko:K06149
kom:HR38_03680	ko:K03305
kom:HR38_03685	ko:K15984
kom:HR38_03690	ko:K01414
kom:HR38_03695	ko:K06155
kom:HR38_03705	ko:K07400
kom:HR38_03715	ko:K02170
kom:HR38_03725	ko:K07490
kom:HR38_03730	ko:K04759
kom:HR38_03735	ko:K04758
kom:HR38_03745	ko:K06959
kom:HR38_03750	ko:K04760
kom:HR38_03760	ko:K07659
kom:HR38_03765	ko:K07638
kom:HR38_03775	ko:K07115
kom:HR38_03780	ko:K00383
kom:HR38_03785	ko:K00799
kom:HR38_03795	ko:K01194
kom:HR38_03805	ko:K01185
kom:HR38_03825	ko:K07058
kom:HR38_03835	ko:K07290
kom:HR38_03840	ko:K00874
kom:HR38_03850	ko:K11103
kom:HR38_03860	ko:K20543
kom:HR38_03865	ko:K20542
kom:HR38_03870	ko:K20541
kom:HR38_03875	ko:K07496
kom:HR38_03880	ko:K00694
kom:HR38_03915	ko:K20542
kom:HR38_03925	ko:K20543
kom:HR38_03930	ko:K20541
kom:HR38_03950	ko:K12372
kom:HR38_03955	ko:K12371
kom:HR38_03960	ko:K12370
kom:HR38_03965	ko:K12369
kom:HR38_03970	ko:K12368
kom:HR38_03980	ko:K14232
kom:HR38_03985	ko:K12975
kom:HR38_03990	ko:K08177
kom:HR38_04000	ko:K01246
kom:HR38_04005	ko:K03826
kom:HR38_04010	ko:K08351
kom:HR38_04020	ko:K02525
kom:HR38_04030	ko:K00874
kom:HR38_04040	ko:K00090
kom:HR38_04050	ko:K08195
kom:HR38_04055	ko:K07726
kom:HR38_04060	ko:K03704
kom:HR38_04070	ko:K18920
kom:HR38_04080	ko:K07483
kom:HR38_04085	ko:K07497
kom:HR38_04090	ko:K01879
kom:HR38_04095	ko:K01878
kom:HR38_04115	ko:K00854
kom:HR38_04120	ko:K01805
kom:HR38_04125	ko:K10543
kom:HR38_04130	ko:K10545
kom:HR38_04135	ko:K10544
kom:HR38_04140	ko:K02529
kom:HR38_04145	ko:K03796
kom:HR38_04150	ko:K01176
kom:HR38_04155	ko:K00835
kom:HR38_04160	ko:K05796
kom:HR38_04165	ko:K21602
kom:HR38_04170	ko:K08092
kom:HR38_04190	ko:K00880
kom:HR38_04195	ko:K03078
kom:HR38_04200	ko:K03079
kom:HR38_04205	ko:K03077
kom:HR38_04215	ko:K03292
kom:HR38_04220	ko:K09955
kom:HR38_04225	ko:K03833
kom:HR38_04230	ko:K01042
kom:HR38_04250	ko:K02800
kom:HR38_04255	ko:K00009
kom:HR38_04260	ko:K02562
kom:HR38_04270	ko:K14762
kom:HR38_04275	ko:K00427
kom:HR38_04280	ko:K14348
kom:HR38_04285	ko:K29125
kom:HR38_04290	ko:K03216
kom:HR38_04295	ko:K00640
kom:HR38_04300	ko:K00057
kom:HR38_04305	ko:K03071
kom:HR38_04310	ko:K03676
kom:HR38_04320	ko:K15633
kom:HR38_04325	ko:K22719
kom:HR38_04330	ko:K09798
kom:HR38_04340	ko:K00060
kom:HR38_04345	ko:K00639
kom:HR38_04350	ko:K03274
kom:HR38_04355	ko:K02843
kom:HR38_04360	ko:K02841
kom:HR38_04385	ko:K02849
kom:HR38_04390	ko:K02844
kom:HR38_04400	ko:K19354
kom:HR38_04405	ko:K02527
kom:HR38_04410	ko:K12984
kom:HR38_04415	ko:K00954
kom:HR38_04420	ko:K10563
kom:HR38_04425	ko:K02913
kom:HR38_04430	ko:K02902
kom:HR38_04435	ko:K03630
kom:HR38_04440	ko:K13038
kom:HR38_04445	ko:K01520
kom:HR38_04450	ko:K05501
kom:HR38_04455	ko:K00762
kom:HR38_04470	ko:K03281
kom:HR38_04485	ko:K01972
kom:HR38_04490	ko:K00942
kom:HR38_04495	ko:K03060
kom:HR38_04500	ko:K01139
kom:HR38_04505	ko:K00556
kom:HR38_04510	ko:K03655
kom:HR38_04515	ko:K02446
kom:HR38_04520	ko:K00528
kom:HR38_04535	ko:K01803
kom:HR38_04545	ko:K01521
kom:HR38_04550	ko:K23163
kom:HR38_04555	ko:K09892
kom:HR38_04560	ko:K02440
kom:HR38_04565	ko:K00864
kom:HR38_04570	ko:K03312
kom:HR38_04575	ko:K16345
kom:HR38_04585	ko:K02750
kom:HR38_04600	ko:K09988
kom:HR38_04605	ko:K00847
kom:HR38_04610	ko:K01624
kom:HR38_04615	ko:K01624
kom:HR38_04620	ko:K02770
kom:HR38_04625	ko:K02769
kom:HR38_04630	ko:K02768
kom:HR38_04640	ko:K01811
kom:HR38_04645	ko:K03292
kom:HR38_04650	ko:K14238
kom:HR38_04665	ko:K19048
kom:HR38_04695	ko:K13979
kom:HR38_04720	ko:K02073
kom:HR38_04725	ko:K09958
kom:HR38_04730	ko:K07006
kom:HR38_04755	ko:K03585
kom:HR38_04760	ko:K18138
kom:HR38_04765	ko:K18139
kom:HR38_04770	ko:K07552
kom:HR38_04775	ko:K07106
kom:HR38_04780	ko:K11192
kom:HR38_04785	ko:K19164
kom:HR38_04790	ko:K19163
kom:HR38_04805	ko:K24087
kom:HR38_04825	ko:K02760
kom:HR38_04835	ko:K02759
kom:HR38_04840	ko:K02024
kom:HR38_04845	ko:K11082
kom:HR38_04850	ko:K11083
kom:HR38_04855	ko:K11084
kom:HR38_04860	ko:K11081
kom:HR38_04870	ko:K03430
kom:HR38_04875	ko:K05306
kom:HR38_04880	ko:K03445
kom:HR38_04900	ko:K07784
kom:HR38_04905	ko:K07783
kom:HR38_04910	ko:K07675
kom:HR38_04915	ko:K07686
kom:HR38_04920	ko:K01653
kom:HR38_04925	ko:K01652
kom:HR38_04945	ko:K08154
kom:HR38_04950	ko:K13636
kom:HR38_04955	ko:K13629
kom:HR38_04960	ko:K01753
kom:HR38_04965	ko:K06871
kom:HR38_04975	ko:K00389
kom:HR38_04980	ko:K01232
kom:HR38_04985	ko:K02750
kom:HR38_04990	ko:K03482
kom:HR38_04995	ko:K07085
kom:HR38_05000	ko:K04081
kom:HR38_05005	ko:K04080
kom:HR38_05020	ko:K08194
kom:HR38_05025	ko:K01684
kom:HR38_05030	ko:K01631
kom:HR38_05035	ko:K00883
kom:HR38_05040	ko:K19776
kom:HR38_05060	ko:K02470
kom:HR38_05065	ko:K03629
kom:HR38_05070	ko:K02338
kom:HR38_05075	ko:K02313
kom:HR38_05080	ko:K03536
kom:HR38_05085	ko:K03217
kom:HR38_05090	ko:K03650
kom:HR38_05100	ko:K08163
kom:HR38_05115	ko:K19784
kom:HR38_05120	ko:K06901
kom:HR38_05140	ko:K10124
kom:HR38_05145	ko:K02039
kom:HR38_05150	ko:K02036
kom:HR38_05155	ko:K02038
kom:HR38_05160	ko:K02037
kom:HR38_05165	ko:K02040
kom:HR38_05170	ko:K00820
kom:HR38_05175	ko:K04042
kom:HR38_05185	ko:K22994
kom:HR38_05195	ko:K02114
kom:HR38_05200	ko:K02112
kom:HR38_05205	ko:K02115
kom:HR38_05210	ko:K02111
kom:HR38_05215	ko:K02113
kom:HR38_05220	ko:K02109
kom:HR38_05225	ko:K02110
kom:HR38_05230	ko:K02108
kom:HR38_05235	ko:K02116
kom:HR38_05240	ko:K03501
kom:HR38_05245	ko:K03495
kom:HR38_05250	ko:K06205
kom:HR38_05255	ko:K03718
kom:HR38_05260	ko:K01914
kom:HR38_05270	ko:K03924
kom:HR38_05275	ko:K03549
kom:HR38_05280	ko:K06726
kom:HR38_05285	ko:K10441
kom:HR38_05290	ko:K10440
kom:HR38_05295	ko:K10439
kom:HR38_05300	ko:K00852
kom:HR38_05305	ko:K02529
kom:HR38_05320	ko:K01977
kom:HR38_05325	ko:K01980
kom:HR38_05330	ko:K01985
kom:HR38_05335	ko:K03753
kom:HR38_05340	ko:K03752
kom:HR38_05345	ko:K09896
kom:HR38_05355	ko:K03673
kom:HR38_05365	ko:K02335
kom:HR38_05370	ko:K03978
kom:HR38_05375	ko:K09894
kom:HR38_05380	ko:K02495
kom:HR38_05390	ko:K07712
kom:HR38_05395	ko:K07708
kom:HR38_05400	ko:K01915
kom:HR38_05405	ko:K06207
kom:HR38_05410	ko:K20866
kom:HR38_05415	ko:K07058
kom:HR38_05420	ko:K07560
kom:HR38_05435	ko:K02380
kom:HR38_05440	ko:K00127
kom:HR38_05445	ko:K00124
kom:HR38_05450	ko:K00123
kom:HR38_05455	ko:K00123
kom:HR38_05460	ko:K02379
kom:HR38_05475	ko:K22110
kom:HR38_05485	ko:K19508
kom:HR38_05495	ko:K18581
kom:HR38_05500	ko:K02793
kom:HR38_05505	ko:K19505
kom:HR38_05510	ko:K00850
kom:HR38_05515	ko:K02822
kom:HR38_05520	ko:K03475
kom:HR38_05525	ko:K01624
kom:HR38_05535	ko:K02821
kom:HR38_05545	ko:K26606
kom:HR38_05550	ko:K26605
kom:HR38_05580	ko:K08160
kom:HR38_05585	ko:K02529
kom:HR38_05590	ko:K07407
kom:HR38_05595	ko:K02532
kom:HR38_05600	ko:K00633
kom:HR38_05615	ko:K07345
kom:HR38_05620	ko:K07351
kom:HR38_05625	ko:K07346
kom:HR38_05630	ko:K07347
kom:HR38_05635	ko:K07345
kom:HR38_05640	ko:K07348
kom:HR38_05660	ko:K03442
kom:HR38_05680	ko:K02529
kom:HR38_05685	ko:K03292
kom:HR38_05690	ko:K01193
kom:HR38_05695	ko:K25596
kom:HR38_05705	ko:K03534
kom:HR38_05710	ko:K13954
kom:HR38_05715	ko:K10561
kom:HR38_05720	ko:K10560
kom:HR38_05725	ko:K10562
kom:HR38_05735	ko:K10559
kom:HR38_05740	ko:K01629
kom:HR38_05745	ko:K01813
kom:HR38_05750	ko:K00848
kom:HR38_05755	ko:K02855
kom:HR38_05760	ko:K02854
kom:HR38_05765	ko:K02856
kom:HR38_05770	ko:K04564
kom:HR38_05780	ko:K07640
kom:HR38_05785	ko:K07662
kom:HR38_05790	ko:K06006
kom:HR38_05795	ko:K13283
kom:HR38_05800	ko:K00850
kom:HR38_05805	ko:K02553
kom:HR38_05810	ko:K02548
kom:HR38_05815	ko:K03667
kom:HR38_05820	ko:K01419
kom:HR38_05825	ko:K03591
kom:HR38_05830	ko:K05499
kom:HR38_05835	ko:K04066
kom:HR38_05840	ko:K02909
kom:HR38_05845	ko:K07491
kom:HR38_05850	ko:K03764
kom:HR38_05855	ko:K01739
kom:HR38_05860	ko:K12525
kom:HR38_05865	ko:K01607
kom:HR38_05875	ko:K00297
kom:HR38_05880	ko:K03436
kom:HR38_05885	ko:K00005
kom:HR38_05890	ko:K08314
kom:HR38_05905	ko:K01595
kom:HR38_05910	ko:K01438
kom:HR38_05915	ko:K00145
kom:HR38_05920	ko:K00930
kom:HR38_05925	ko:K01755
kom:HR38_05935	ko:K04761
kom:HR38_05940	ko:K00322
kom:HR38_05945	ko:K22105
kom:HR38_05955	ko:K00557
kom:HR38_05965	ko:K16092
kom:HR38_05970	ko:K01776
kom:HR38_05975	ko:K01977
kom:HR38_05980	ko:K14227
kom:HR38_05985	ko:K14218
kom:HR38_05990	ko:K01980
kom:HR38_05995	ko:K01985
kom:HR38_06000	ko:K14221
kom:HR38_06005	ko:K14235
kom:HR38_06010	ko:K23773
kom:HR38_06015	ko:K09897
kom:HR38_06020	ko:K07391
kom:HR38_06025	ko:K01652
kom:HR38_06030	ko:K11258
kom:HR38_06035	ko:K00826
kom:HR38_06040	ko:K01687
kom:HR38_06045	ko:K01754
kom:HR38_06050	ko:K02521
kom:HR38_06055	ko:K00053
kom:HR38_06060	ko:K03769
kom:HR38_06065	ko:K03769
kom:HR38_06070	ko:K10914
kom:HR38_06075	ko:K00757
kom:HR38_06080	ko:K03811
kom:HR38_06085	ko:K03656
kom:HR38_06110	ko:K01524
kom:HR38_06115	ko:K03732
kom:HR38_06120	ko:K03671
kom:HR38_06125	ko:K03628
kom:HR38_06130	ko:K02851
kom:HR38_06135	ko:K05790
kom:HR38_06140	ko:K01791
kom:HR38_06145	ko:K02472
kom:HR38_06150	ko:K01710
kom:HR38_06155	ko:K00973
kom:HR38_06160	ko:K16704
kom:HR38_06165	ko:K02805
kom:HR38_06170	ko:K16693
kom:HR38_06175	ko:K12582
kom:HR38_06180	ko:K02853
kom:HR38_06185	ko:K02852
kom:HR38_06190	ko:K03293
kom:HR38_06195	ko:K14219
kom:HR38_06200	ko:K14226
kom:HR38_06205	ko:K14228
kom:HR38_06210	ko:K14232
kom:HR38_06215	ko:K02498
kom:HR38_06220	ko:K02496
kom:HR38_06225	ko:K01719
kom:HR38_06230	ko:K01749
kom:HR38_06235	ko:K05851
kom:HR38_06240	ko:K06202
kom:HR38_06260	ko:K00375
kom:HR38_06270	ko:K01778
kom:HR38_06275	ko:K09921
kom:HR38_06280	ko:K03733
kom:HR38_06285	ko:K20862
kom:HR38_06290	ko:K03657
kom:HR38_06295	ko:K03284
kom:HR38_06300	ko:K05786
kom:HR38_06305	ko:K01073
kom:HR38_06310	ko:K01058
kom:HR38_06315	ko:K03654
kom:HR38_06320	ko:K05835
kom:HR38_06330	ko:K05834
kom:HR38_06335	ko:K01048
kom:HR38_06340	ko:K28854
kom:HR38_06350	ko:K03576
kom:HR38_06355	ko:K00549
kom:HR38_06360	ko:K02030
kom:HR38_06370	ko:K00757
kom:HR38_06375	ko:K09760
kom:HR38_06380	ko:K03183
kom:HR38_06385	ko:K03690
kom:HR38_06390	ko:K03688
kom:HR38_06395	ko:K03116
kom:HR38_06400	ko:K03117
kom:HR38_06405	ko:K03118
kom:HR38_06410	ko:K03424
kom:HR38_06415	ko:K05785
kom:HR38_06420	ko:K03182
kom:HR38_06425	ko:K05368
kom:HR38_06435	ko:K00632
kom:HR38_06440	ko:K01825
kom:HR38_06445	ko:K01271
kom:HR38_06455	ko:K03498
kom:HR38_06460	ko:K00230
kom:HR38_06465	ko:K01977
kom:HR38_06470	ko:K14227
kom:HR38_06475	ko:K14218
kom:HR38_06480	ko:K01980
kom:HR38_06485	ko:K01985
kom:HR38_06490	ko:K00075
kom:HR38_06495	ko:K03524
kom:HR38_06500	ko:K00867
kom:HR38_06505	ko:K14234
kom:HR38_06510	ko:K14236
kom:HR38_06515	ko:K14225
kom:HR38_06520	ko:K14234
kom:HR38_06525	ko:K02358
kom:HR38_06530	ko:K03073
kom:HR38_06535	ko:K02601
kom:HR38_06540	ko:K02867
kom:HR38_06545	ko:K02863
kom:HR38_06550	ko:K02864
kom:HR38_06555	ko:K02935
kom:HR38_06560	ko:K03043
kom:HR38_06565	ko:K03046
kom:HR38_06570	ko:K07792
kom:HR38_06575	ko:K02759
kom:HR38_06580	ko:K02760
kom:HR38_06590	ko:K03150
kom:HR38_06595	ko:K03149
kom:HR38_06600	ko:K03154
kom:HR38_06605	ko:K03148
kom:HR38_06610	ko:K00788
kom:HR38_06615	ko:K03147
kom:HR38_06620	ko:K07740
kom:HR38_06625	ko:K03426
kom:HR38_06630	ko:K01599
kom:HR38_06635	ko:K05982
kom:HR38_06640	ko:K09891
kom:HR38_06645	ko:K05787
kom:HR38_06655	ko:K07803
kom:HR38_06665	ko:K07709
kom:HR38_06670	ko:K07713
kom:HR38_06675	ko:K01945
kom:HR38_06680	ko:K00602
kom:HR38_06685	ko:K01977
kom:HR38_06690	ko:K14224
kom:HR38_06695	ko:K01980
kom:HR38_06700	ko:K01985
kom:HR38_06705	ko:K03826
kom:HR38_06710	ko:K00651
kom:HR38_06715	ko:K01638
kom:HR38_06720	ko:K01637
kom:HR38_06735	ko:K13641
kom:HR38_06740	ko:K00548
kom:HR38_06745	ko:K03324
kom:HR38_06750	ko:K05995
kom:HR38_06755	ko:K19164
kom:HR38_06760	ko:K19163
kom:HR38_06765	ko:K00014
kom:HR38_06770	ko:K19956
kom:HR38_06775	ko:K02815
kom:HR38_06780	ko:K02814
kom:HR38_06785	ko:K02813
kom:HR38_06790	ko:K02812
kom:HR38_06795	ko:K00068
kom:HR38_06815	ko:K03453
kom:HR38_06820	ko:K14414
kom:HR38_06835	ko:K07074
kom:HR38_06840	ko:K00928
kom:HR38_06850	ko:K01810
kom:HR38_06865	ko:K09022
kom:HR38_06870	ko:K26606
kom:HR38_06875	ko:K26605
kom:HR38_06885	ko:K13256
kom:HR38_06890	ko:K10110
kom:HR38_06895	ko:K10109
kom:HR38_06900	ko:K10108
kom:HR38_06905	ko:K10111
kom:HR38_06910	ko:K02024
kom:HR38_06915	ko:K05775
kom:HR38_06920	ko:K03181
kom:HR38_06925	ko:K03179
kom:HR38_06930	ko:K00631
kom:HR38_06935	ko:K00901
kom:HR38_06940	ko:K01356
kom:HR38_06945	ko:K26937
kom:HR38_06955	ko:K09823
kom:HR38_06965	ko:K05539
kom:HR38_06975	ko:K00344
kom:HR38_06980	ko:K02314
kom:HR38_06985	ko:K01775
kom:HR38_06990	ko:K00832
kom:HR38_06995	ko:K03788
kom:HR38_07020	ko:K03701
kom:HR38_07025	ko:K03111
kom:HR38_07035	ko:K19611
kom:HR38_07045	ko:K07277
kom:HR38_07050	ko:K21638
kom:HR38_07060	ko:K26148
kom:HR38_07065	ko:K13631
kom:HR38_07070	ko:K13639
kom:HR38_07075	ko:K00799
kom:HR38_07085	ko:K24163
kom:HR38_07095	ko:K06518
kom:HR38_07105	ko:K07345
kom:HR38_07110	ko:K07346
kom:HR38_07115	ko:K07347
kom:HR38_07130	ko:K14393
kom:HR38_07140	ko:K01895
kom:HR38_07145	ko:K11102
kom:HR38_07150	ko:K07126
kom:HR38_07155	ko:K22015
kom:HR38_07160	ko:K22015
kom:HR38_07165	ko:K00881
kom:HR38_07170	ko:K17195
kom:HR38_07175	ko:K10550
kom:HR38_07180	ko:K10551
kom:HR38_07185	ko:K10549
kom:HR38_07190	ko:K23238
kom:HR38_07200	ko:K01808
kom:HR38_07210	ko:K06167
kom:HR38_07215	ko:K05774
kom:HR38_07220	ko:K06162
kom:HR38_07225	ko:K05780
kom:HR38_07230	ko:K05781
kom:HR38_07235	ko:K06163
kom:HR38_07240	ko:K06164
kom:HR38_07245	ko:K06165
kom:HR38_07250	ko:K06166
kom:HR38_07255	ko:K02043
kom:HR38_07260	ko:K04750
kom:HR38_07265	ko:K06193
kom:HR38_07270	ko:K03762
kom:HR38_07275	ko:K18997
kom:HR38_07300	ko:K00355
kom:HR38_07320	ko:K14231
kom:HR38_07335	ko:K04084
kom:HR38_07340	ko:K03926
kom:HR38_07345	ko:K07791
kom:HR38_07350	ko:K01744
kom:HR38_07355	ko:K07113
kom:HR38_07360	ko:K16263
kom:HR38_07365	ko:K04078
kom:HR38_07370	ko:K04077
kom:HR38_07385	ko:K13409
kom:HR38_07390	ko:K13408
kom:HR38_07400	ko:K07345
kom:HR38_07405	ko:K07347
kom:HR38_07410	ko:K07346
kom:HR38_07425	ko:K19810
kom:HR38_07430	ko:K02356
kom:HR38_07435	ko:K16347
kom:HR38_07440	ko:K16348
kom:HR38_07445	ko:K11741
kom:HR38_07450	ko:K03098
kom:HR38_07455	ko:K00247
kom:HR38_07460	ko:K00246
kom:HR38_07465	ko:K00245
kom:HR38_07470	ko:K00244
kom:HR38_07475	ko:K04568
kom:HR38_07485	ko:K22051
kom:HR38_07490	ko:K01613
kom:HR38_07495	ko:K06949
kom:HR38_07500	ko:K13288
kom:HR38_07505	ko:K09996
kom:HR38_07510	ko:K14225
kom:HR38_07515	ko:K14225
kom:HR38_07520	ko:K14225
kom:HR38_07525	ko:K18979
kom:HR38_07530	ko:K23997
kom:HR38_07535	ko:K06925
kom:HR38_07540	ko:K01448
kom:HR38_07545	ko:K03572
kom:HR38_07550	ko:K00791
kom:HR38_07555	ko:K03666
kom:HR38_07560	ko:K03665
kom:HR38_07565	ko:K04088
kom:HR38_07570	ko:K04087
kom:HR38_07575	ko:K09937
kom:HR38_07580	ko:K01939
kom:HR38_07585	ko:K13771
kom:HR38_07590	ko:K12573
kom:HR38_07595	ko:K03218
kom:HR38_07605	ko:K09456
kom:HR38_07620	ko:K06889
kom:HR38_07625	ko:K03477
kom:HR38_07630	ko:K03476
kom:HR38_07635	ko:K03475
kom:HR38_07640	ko:K02822
kom:HR38_07645	ko:K02821
kom:HR38_07650	ko:K03078
kom:HR38_07655	ko:K03079
kom:HR38_07660	ko:K03077
kom:HR38_07675	ko:K02990
kom:HR38_07680	ko:K02686
kom:HR38_07685	ko:K02963
kom:HR38_07690	ko:K02939
kom:HR38_07700	ko:K07269
kom:HR38_07705	ko:K03773
kom:HR38_07710	ko:K11737
kom:HR38_07715	ko:K07322
kom:HR38_07730	ko:K19267
kom:HR38_07740	ko:K01119
kom:HR38_07745	ko:K01082
kom:HR38_07750	ko:K07109
kom:HR38_07760	ko:K02099
kom:HR38_07765	ko:K12308
kom:HR38_07770	ko:K02532
kom:HR38_07775	ko:K03699
kom:HR38_07780	ko:K07304
kom:HR38_07785	ko:K07278
kom:HR38_07790	ko:K09800
kom:HR38_07800	ko:K01507
kom:HR38_07805	ko:K23508
kom:HR38_07810	ko:K10820
kom:HR38_07815	ko:K23509
kom:HR38_07820	ko:K23509
kom:HR38_07825	ko:K03841
kom:HR38_07830	ko:K02558
kom:HR38_07850	ko:K00140
kom:HR38_07860	ko:K09889
kom:HR38_07865	ko:K03592
kom:HR38_07870	ko:K15536
kom:HR38_07900	ko:K01465
kom:HR38_07905	ko:K01042
kom:HR38_07915	ko:K07404
kom:HR38_07930	ko:K11903
kom:HR38_07935	ko:K11904
kom:HR38_07940	ko:K04068
kom:HR38_07945	ko:K21636
kom:HR38_07950	ko:K19337
kom:HR38_07955	ko:K02760
kom:HR38_07960	ko:K01222
kom:HR38_07965	ko:K02761
kom:HR38_07970	ko:K01226
kom:HR38_07975	ko:K02819
kom:HR38_07980	ko:K03485
kom:HR38_07985	ko:K01531
kom:HR38_07995	ko:K09022
kom:HR38_08000	ko:K21712
kom:HR38_08005	ko:K00610
kom:HR38_08010	ko:K00609
kom:HR38_08015	ko:K19334
kom:HR38_08020	ko:K00611
kom:HR38_08025	ko:K09893
kom:HR38_08030	ko:K06169
kom:HR38_08040	ko:K03828
kom:HR38_08045	ko:K01873
kom:HR38_08050	ko:K02339
kom:HR38_08055	ko:K01255
kom:HR38_08060	ko:K07091
kom:HR38_08065	ko:K11720
kom:HR38_08070	ko:K06915
kom:HR38_08075	ko:K06606
kom:HR38_08085	ko:K03337
kom:HR38_08095	ko:K03338
kom:HR38_08100	ko:K03336
kom:HR38_08105	ko:K00010
kom:HR38_08110	ko:K06605
kom:HR38_08115	ko:K03335
kom:HR38_08120	ko:K06609
kom:HR38_08125	ko:K05813
kom:HR38_08130	ko:K05816
kom:HR38_08135	ko:K03651
kom:HR38_08140	ko:K05815
kom:HR38_08145	ko:K05814
kom:HR38_08150	ko:K12957
kom:HR38_08165	ko:K14228
kom:HR38_08180	ko:K01153
kom:HR38_08190	ko:K01154
kom:HR38_08200	ko:K03427
kom:HR38_08210	ko:K07733
kom:HR38_08260	ko:K03630
kom:HR38_08270	ko:K18838
kom:HR38_08275	ko:K18837
kom:HR38_08305	ko:K07448
kom:HR38_08320	ko:K19048
kom:HR38_08325	ko:K01173
kom:HR38_08335	ko:K03484
kom:HR38_08340	ko:K11477
kom:HR38_08345	ko:K01639
kom:HR38_08385	ko:K03787
kom:HR38_08390	ko:K18850
kom:HR38_08395	ko:K01977
kom:HR38_08400	ko:K14224
kom:HR38_08405	ko:K01980
kom:HR38_08410	ko:K01985
kom:HR38_08420	ko:K01992
kom:HR38_08425	ko:K13926
kom:HR38_08430	ko:K01993
kom:HR38_08435	ko:K13069
kom:HR38_08440	ko:K01867
kom:HR38_08445	ko:K03835
kom:HR38_08450	ko:K01667
kom:HR38_08460	ko:K03297
kom:HR38_08465	ko:K03297
kom:HR38_08475	ko:K15024
kom:HR38_08485	ko:K20037
kom:HR38_08490	ko:K20038
kom:HR38_08540	ko:K00355
kom:HR38_08550	ko:K21265
kom:HR38_08555	ko:K09803
kom:HR38_08570	ko:K01426
kom:HR38_08575	ko:K19048
kom:HR38_08580	ko:K01154
kom:HR38_08585	ko:K03427
kom:HR38_08590	ko:K01153
kom:HR38_08610	ko:K06075
kom:HR38_08640	ko:K14665
kom:HR38_08675	ko:K23241
kom:HR38_08690	ko:K05835
kom:HR38_08705	ko:K00135
kom:HR38_08730	ko:K23676
kom:HR38_08735	ko:K00484
kom:HR38_08740	ko:K00483
kom:HR38_08745	ko:K02508
kom:HR38_08750	ko:K02511
kom:HR38_08755	ko:K02510
kom:HR38_08760	ko:K02509
kom:HR38_08765	ko:K01826
kom:HR38_08770	ko:K00455
kom:HR38_08775	ko:K00151
kom:HR38_08780	ko:K05921
kom:HR38_08785	ko:K05921
kom:HR38_08800	ko:K06015
kom:HR38_08810	ko:K03307
kom:HR38_08815	ko:K00883
kom:HR38_08820	ko:K01631
kom:HR38_08840	ko:K23016
kom:HR38_08845	ko:K23015
kom:HR38_08850	ko:K23007
kom:HR38_08855	ko:K00041
kom:HR38_08860	ko:K19505
kom:HR38_08865	ko:K19506
kom:HR38_08870	ko:K19507
kom:HR38_08875	ko:K19508
kom:HR38_08880	ko:K19509
kom:HR38_08885	ko:K19504
kom:HR38_08890	ko:K19510
kom:HR38_08900	ko:K01002
kom:HR38_08910	ko:K02315
kom:HR38_08915	ko:K02317
kom:HR38_08930	ko:K00481
kom:HR38_08935	ko:K18954
kom:HR38_08950	ko:K22650
kom:HR38_08960	ko:K02761
kom:HR38_08965	ko:K13255
kom:HR38_08980	ko:K14228
kom:HR38_08985	ko:K14228
kom:HR38_08990	ko:K00564
kom:HR38_08995	ko:K02344
kom:HR38_09000	ko:K03789
kom:HR38_09005	ko:K08723
kom:HR38_09010	ko:K02837
kom:HR38_09015	ko:K04065
kom:HR38_09030	ko:K03424
kom:HR38_09035	ko:K03317
kom:HR38_09040	ko:K01619
kom:HR38_09045	ko:K00758
kom:HR38_09050	ko:K01839
kom:HR38_09055	ko:K03784
kom:HR38_09060	ko:K03800
kom:HR38_09065	ko:K07186
kom:HR38_09070	ko:K01079
kom:HR38_09075	ko:K04485
kom:HR38_09080	ko:K06211
kom:HR38_09085	ko:K06020
kom:HR38_09090	ko:K08309
kom:HR38_09095	ko:K03720
kom:HR38_09100	ko:K01529
kom:HR38_09105	ko:K15634
kom:HR38_09110	ko:K05804
kom:HR38_09115	ko:K05805
kom:HR38_09120	ko:K07663
kom:HR38_09125	ko:K07641
kom:HR38_09130	ko:K06143
kom:HR38_09135	ko:K07773
kom:HR38_09140	ko:K02533
kom:HR38_09145	ko:K12524
kom:HR38_09150	ko:K00872
kom:HR38_09155	ko:K01733
kom:HR38_09160	ko:K09861
kom:HR38_09165	ko:K03310
kom:HR38_09170	ko:K00616
kom:HR38_09175	ko:K03831
kom:HR38_09180	ko:K03762
kom:HR38_09185	ko:K07034
kom:HR38_09200	ko:K04043
kom:HR38_09205	ko:K03686
kom:HR38_09245	ko:K03313
kom:HR38_09250	ko:K03717
kom:HR38_09255	ko:K02968
kom:HR38_09260	ko:K11753
kom:HR38_09265	ko:K01870
kom:HR38_09270	ko:K03101
kom:HR38_09275	ko:K03774
kom:HR38_09280	ko:K03527
kom:HR38_09285	ko:K12700
kom:HR38_09300	ko:K03319
kom:HR38_09325	ko:K07702
kom:HR38_09330	ko:K07700
kom:HR38_09335	ko:K20509
kom:HR38_09340	ko:K01571
kom:HR38_09345	ko:K01573
kom:HR38_09355	ko:K01910
kom:HR38_09360	ko:K01646
kom:HR38_09365	ko:K01644
kom:HR38_09370	ko:K01643
kom:HR38_09375	ko:K05966
kom:HR38_09380	ko:K00215
kom:HR38_09385	ko:K01956
kom:HR38_09390	ko:K01955
kom:HR38_09400	ko:K11746
kom:HR38_09405	ko:K11745
kom:HR38_09410	ko:K00287
kom:HR38_09415	ko:K01525
kom:HR38_09420	ko:K06195
kom:HR38_09425	ko:K02528
kom:HR38_09430	ko:K00097
kom:HR38_09435	ko:K03771
kom:HR38_09440	ko:K04744
kom:HR38_09445	ko:K05801
kom:HR38_09450	ko:K07702
kom:HR38_09455	ko:K07700
kom:HR38_09465	ko:K05964
kom:HR38_09470	ko:K06177
kom:HR38_09475	ko:K03580
kom:HR38_09480	ko:K02336
kom:HR38_09485	ko:K03077
kom:HR38_09490	ko:K01804
kom:HR38_09495	ko:K00853
kom:HR38_09500	ko:K02099
kom:HR38_09510	ko:K02062
kom:HR38_09515	ko:K02063
kom:HR38_09520	ko:K02064
kom:HR38_09525	ko:K11925
kom:HR38_09535	ko:K03291
kom:HR38_09540	ko:K08194
kom:HR38_09550	ko:K03785
kom:HR38_09555	ko:K26745
kom:HR38_09570	ko:K01704
kom:HR38_09575	ko:K01703
kom:HR38_09580	ko:K00052
kom:HR38_09585	ko:K01649
kom:HR38_09590	ko:K05798
kom:HR38_09595	ko:K01652
kom:HR38_09600	ko:K01653
kom:HR38_09605	ko:K03435
kom:HR38_09610	ko:K03925
kom:HR38_09615	ko:K03438
kom:HR38_09620	ko:K03586
kom:HR38_09625	ko:K03587
kom:HR38_09630	ko:K01928
kom:HR38_09635	ko:K01929
kom:HR38_09640	ko:K01000
kom:HR38_09645	ko:K01925
kom:HR38_09650	ko:K03588
kom:HR38_09655	ko:K02563
kom:HR38_09660	ko:K01924
kom:HR38_09665	ko:K01921
kom:HR38_09670	ko:K03589
kom:HR38_09675	ko:K03590
kom:HR38_09680	ko:K03531
kom:HR38_09685	ko:K02535
kom:HR38_09690	ko:K13301
kom:HR38_09695	ko:K03070
kom:HR38_09700	ko:K03574
kom:HR38_09705	ko:K09862
kom:HR38_09710	ko:K18778
kom:HR38_09715	ko:K00859
kom:HR38_09720	ko:K00364
kom:HR38_09725	ko:K02505
kom:HR38_09730	ko:K02504
kom:HR38_09735	ko:K02682
kom:HR38_09740	ko:K00767
kom:HR38_09745	ko:K03806
kom:HR38_09750	ko:K03807
kom:HR38_09760	ko:K03292
kom:HR38_09765	ko:K11734
kom:HR38_09770	ko:K05799
kom:HR38_09775	ko:K00163
kom:HR38_09780	ko:K00627
kom:HR38_09785	ko:K00382
kom:HR38_09805	ko:K01682
kom:HR38_09810	ko:K09910
kom:HR38_09815	ko:K02526
kom:HR38_09820	ko:K22129
kom:HR38_09825	ko:K22024
kom:HR38_09835	ko:K01611
kom:HR38_09840	ko:K00797
kom:HR38_09860	ko:K14588
kom:HR38_09865	ko:K00117
kom:HR38_09870	ko:K00760
kom:HR38_09875	ko:K01673
kom:HR38_09880	ko:K01990
kom:HR38_09885	ko:K01992
kom:HR38_09920	ko:K07347
kom:HR38_09925	ko:K15540
kom:HR38_09930	ko:K07345
kom:HR38_09935	ko:K01579
kom:HR38_09940	ko:K01918
kom:HR38_09945	ko:K00606
kom:HR38_09950	ko:K00950
kom:HR38_09955	ko:K00970
kom:HR38_09960	ko:K01894
kom:HR38_09965	ko:K06204
kom:HR38_09970	ko:K06206
kom:HR38_09975	ko:K01975
kom:HR38_09980	ko:K03579
kom:HR38_09990	ko:K02463
kom:HR38_09995	ko:K02462
kom:HR38_10000	ko:K02461
kom:HR38_10005	ko:K02460
kom:HR38_10010	ko:K02459
kom:HR38_10015	ko:K02458
kom:HR38_10020	ko:K02457
kom:HR38_10025	ko:K02456
kom:HR38_10030	ko:K02455
kom:HR38_10035	ko:K02454
kom:HR38_10040	ko:K02453
kom:HR38_10045	ko:K02452
kom:HR38_10050	ko:K01200
kom:HR38_10055	ko:K02451
kom:HR38_10060	ko:K02465
kom:HR38_10075	ko:K05365
kom:HR38_10080	ko:K02014
kom:HR38_10085	ko:K10829
kom:HR38_10090	ko:K23227
kom:HR38_10095	ko:K23228
kom:HR38_10100	ko:K24088
kom:HR38_10105	ko:K01845
kom:HR38_10110	ko:K03281
kom:HR38_10115	ko:K15724
kom:HR38_10125	ko:K06858
kom:HR38_10130	ko:K01243
kom:HR38_10135	ko:K01129
kom:HR38_10140	ko:K04771
kom:HR38_10145	ko:K02647
kom:HR38_10160	ko:K00674
kom:HR38_10165	ko:K00990
kom:HR38_10170	ko:K01265
kom:HR38_10175	ko:K02967
kom:HR38_10180	ko:K02357
kom:HR38_10185	ko:K09903
kom:HR38_10190	ko:K02838
kom:HR38_10195	ko:K00099
kom:HR38_10200	ko:K00806
kom:HR38_10205	ko:K00981
kom:HR38_10210	ko:K11749
kom:HR38_10215	ko:K07277
kom:HR38_10220	ko:K06142
kom:HR38_10225	ko:K02536
kom:HR38_10230	ko:K02372
kom:HR38_10235	ko:K00677
kom:HR38_10240	ko:K00748
kom:HR38_10245	ko:K03470
kom:HR38_10250	ko:K02337
kom:HR38_10255	ko:K01962
kom:HR38_10265	ko:K01582
kom:HR38_10270	ko:K08234
kom:HR38_10275	ko:K04075
kom:HR38_10280	ko:K19000
kom:HR38_10295	ko:K15034
kom:HR38_10300	ko:K06079
kom:HR38_10310	ko:K01881
kom:HR38_10315	ko:K22900
kom:HR38_10320	ko:K06080
kom:HR38_10325	ko:K02073
kom:HR38_10330	ko:K02072
kom:HR38_10335	ko:K02071
kom:HR38_10340	ko:K03273
kom:HR38_10345	ko:K01977
kom:HR38_10350	ko:K14227
kom:HR38_10355	ko:K14218
kom:HR38_10360	ko:K01980
kom:HR38_10365	ko:K01985
kom:HR38_10370	ko:K14221
kom:HR38_10380	ko:K06222
kom:HR38_10390	ko:K19577
kom:HR38_10405	ko:K08307
kom:HR38_10410	ko:K01069
kom:HR38_10420	ko:K03469
kom:HR38_10425	ko:K02342
kom:HR38_10430	ko:K14221
kom:HR38_10435	ko:K13566
kom:HR38_10440	ko:K06445
kom:HR38_10445	ko:K03271
kom:HR38_10455	ko:K28919
kom:HR38_10460	ko:K00346
kom:HR38_10465	ko:K00347
kom:HR38_10470	ko:K00348
kom:HR38_10475	ko:K00349
kom:HR38_10480	ko:K00350
kom:HR38_10485	ko:K00351
kom:HR38_10490	ko:K05952
kom:HR38_10500	ko:K02346
kom:HR38_10505	ko:K03830
kom:HR38_10510	ko:K01270
kom:HR38_10515	ko:K00769
kom:HR38_10520	ko:K11750
kom:HR38_10525	ko:K11926
kom:HR38_10530	ko:K03819
kom:HR38_10570	ko:K16554
kom:HR38_10575	ko:K20988
kom:HR38_10580	ko:K20920
kom:HR38_10590	ko:K00135
kom:HR38_10600	ko:K02014
kom:HR38_10610	ko:K13637
kom:HR38_10615	ko:K00040
kom:HR38_10620	ko:K01686
kom:HR38_10625	ko:K09982
kom:HR38_10630	ko:K03824
kom:HR38_10640	ko:K07267
kom:HR38_10645	ko:K28762
kom:HR38_10650	ko:K02529
kom:HR38_10655	ko:K01714
kom:HR38_10665	ko:K07791
kom:HR38_10670	ko:K05603
kom:HR38_10675	ko:K05836
kom:HR38_10680	ko:K09975
kom:HR38_10685	ko:K01745
kom:HR38_10690	ko:K05845
kom:HR38_10695	ko:K05846
kom:HR38_10705	ko:K05847
kom:HR38_10710	ko:K01712
kom:HR38_10715	ko:K03457
kom:HR38_10720	ko:K01468
kom:HR38_10725	ko:K01458
kom:HR38_10770	ko:K14060
kom:HR38_10775	ko:K07483
kom:HR38_10780	ko:K07497
kom:HR38_10810	ko:K14234
kom:HR38_10815	ko:K00147
kom:HR38_10820	ko:K00931
kom:HR38_10825	ko:K11929
kom:HR38_10830	ko:K13695
kom:HR38_10840	ko:K15553
kom:HR38_10845	ko:K15554
kom:HR38_10850	ko:K15555
kom:HR38_10875	ko:K02042
kom:HR38_10880	ko:K02042
kom:HR38_10885	ko:K02044
kom:HR38_10890	ko:K02041
kom:HR38_10900	ko:K21963
kom:HR38_10905	ko:K21964
kom:HR38_10910	ko:K21965
kom:HR38_10915	ko:K21966
kom:HR38_10920	ko:K21967
kom:HR38_10925	ko:K21968
kom:HR38_10930	ko:K02029
kom:HR38_10935	ko:K02029
kom:HR38_10940	ko:K02028
kom:HR38_10945	ko:K02030
kom:HR38_10955	ko:K01996
kom:HR38_10960	ko:K01995
kom:HR38_10965	ko:K01998
kom:HR38_10970	ko:K01997
kom:HR38_10975	ko:K01999
kom:HR38_10980	ko:K03736
kom:HR38_10985	ko:K03735
kom:HR38_10990	ko:K16238
kom:HR38_10995	ko:K01184
kom:HR38_11000	ko:K16235
kom:HR38_11005	ko:K00547
kom:HR38_11010	ko:K02010
kom:HR38_11015	ko:K02011
kom:HR38_11020	ko:K02012
kom:HR38_11025	ko:K07783
kom:HR38_11030	ko:K20263
kom:HR38_11035	ko:K20264
kom:HR38_11040	ko:K15551
kom:HR38_11050	ko:K15552
kom:HR38_11055	ko:K03119
kom:HR38_11065	ko:K07491
kom:HR38_11070	ko:K01698
kom:HR38_11075	ko:K18988
kom:HR38_11085	ko:K17938
kom:HR38_11105	ko:K01921
kom:HR38_11115	ko:K08161
kom:HR38_11120	ko:K00046
kom:HR38_11130	ko:K06146
kom:HR38_11140	ko:K01077
kom:HR38_11150	ko:K00286
kom:HR38_11155	ko:K09768
kom:HR38_11160	ko:K09945
kom:HR38_11165	ko:K00891
kom:HR38_11175	ko:K14591
kom:HR38_11180	ko:K09913
kom:HR38_11185	ko:K03554
kom:HR38_11190	ko:K00847
kom:HR38_11200	ko:K03546
kom:HR38_11205	ko:K03547
kom:HR38_11210	ko:K07657
kom:HR38_11215	ko:K07636
kom:HR38_11220	ko:K03311
kom:HR38_11225	ko:K11736
kom:HR38_11230	ko:K01187
kom:HR38_11245	ko:K09932
kom:HR38_11265	ko:K03386
kom:HR38_11270	ko:K08682
kom:HR38_11275	ko:K07568
kom:HR38_11280	ko:K00773
kom:HR38_11285	ko:K03210
kom:HR38_11290	ko:K03072
kom:HR38_11295	ko:K03074
kom:HR38_11305	ko:K06996
kom:HR38_11315	ko:K05517
kom:HR38_11325	ko:K07738
kom:HR38_11330	ko:K11752
kom:HR38_11335	ko:K00794
kom:HR38_11340	ko:K03625
kom:HR38_11345	ko:K00946
kom:HR38_11350	ko:K01095
kom:HR38_11355	ko:K23107
kom:HR38_11360	ko:K01662
kom:HR38_11365	ko:K00795
kom:HR38_11370	ko:K03602
kom:HR38_11375	ko:K03151
kom:HR38_11380	ko:K03152
kom:HR38_11385	ko:K00077
kom:HR38_11390	ko:K09767
kom:HR38_11405	ko:K03292
kom:HR38_11410	ko:K08195
kom:HR38_11440	ko:K02624
kom:HR38_11450	ko:K02257
kom:HR38_11455	ko:K02300
kom:HR38_11460	ko:K02299
kom:HR38_11465	ko:K02298
kom:HR38_11470	ko:K02297
kom:HR38_11475	ko:K08218
kom:HR38_11480	ko:K07286
kom:HR38_11485	ko:K05527
kom:HR38_11490	ko:K03545
kom:HR38_11495	ko:K01358
kom:HR38_11500	ko:K03544
kom:HR38_11510	ko:K03530
kom:HR38_11515	ko:K03770
kom:HR38_11520	ko:K02237
kom:HR38_11525	ko:K12500
kom:HR38_11530	ko:K06920
kom:HR38_11540	ko:K11938
kom:HR38_11545	ko:K28981
kom:HR38_11550	ko:K05800
kom:HR38_11555	ko:K18889
kom:HR38_11560	ko:K18890
kom:HR38_11570	ko:K04752
kom:HR38_11575	ko:K03320
kom:HR38_11580	ko:K10805
kom:HR38_11585	ko:K09914
kom:HR38_11590	ko:K07443
kom:HR38_11625	ko:K08970
kom:HR38_11630	ko:K23240
kom:HR38_11635	ko:K26148
kom:HR38_11640	ko:K10111
kom:HR38_11645	ko:K15770
kom:HR38_11650	ko:K15771
kom:HR38_11655	ko:K15772
kom:HR38_11660	ko:K01224
kom:HR38_11665	ko:K12308
kom:HR38_11670	ko:K02778
kom:HR38_11675	ko:K02024
kom:HR38_11680	ko:K27069
kom:HR38_11685	ko:K02909
kom:HR38_11690	ko:K02919
kom:HR38_11700	ko:K00375
kom:HR38_11710	ko:K00661
kom:HR38_11720	ko:K19162
kom:HR38_11725	ko:K18138
kom:HR38_11730	ko:K03585
kom:HR38_11735	ko:K03577
kom:HR38_11740	ko:K05802
kom:HR38_11755	ko:K04067
kom:HR38_11760	ko:K09790
kom:HR38_11765	ko:K00759
kom:HR38_11770	ko:K02343
kom:HR38_11775	ko:K09747
kom:HR38_11780	ko:K06187
kom:HR38_11785	ko:K04079
kom:HR38_11790	ko:K00939
kom:HR38_11795	ko:K01772
kom:HR38_11800	ko:K00892
kom:HR38_11805	ko:K26735
kom:HR38_11810	ko:K08223
kom:HR38_11815	ko:K11751
kom:HR38_11820	ko:K03976
kom:HR38_11825	ko:K09973
kom:HR38_11830	ko:K03559
kom:HR38_11835	ko:K03832
kom:HR38_11840	ko:K02014
kom:HR38_11845	ko:K03561
kom:HR38_11855	ko:K17686
kom:HR38_11860	ko:K19591
kom:HR38_11875	ko:K07340
kom:HR38_11885	ko:K02068
kom:HR38_11890	ko:K02069
kom:HR38_11895	ko:K05838
kom:HR38_11905	ko:K10804
kom:HR38_11910	ko:K02003
kom:HR38_11915	ko:K02004
kom:HR38_11930	ko:K06917
kom:HR38_11935	ko:K01589
kom:HR38_11940	ko:K01588
kom:HR38_11945	ko:K03269
kom:HR38_11950	ko:K03768
kom:HR38_11955	ko:K01883
kom:HR38_11960	ko:K14761
kom:HR38_11965	ko:K01491
kom:HR38_11975	ko:K14219
kom:HR38_11980	ko:K07734
kom:HR38_11985	ko:K18650
kom:HR38_12010	ko:K03765
kom:HR38_12015	ko:K03757
kom:HR38_12020	ko:K01582
kom:HR38_12025	ko:K03305
kom:HR38_12030	ko:K04567
kom:HR38_12040	ko:K24153
kom:HR38_12050	ko:K00010
kom:HR38_12055	ko:K02529
kom:HR38_12065	ko:K17213
kom:HR38_12070	ko:K17215
kom:HR38_12075	ko:K17214
kom:HR38_12080	ko:K02757
kom:HR38_12085	ko:K01223
kom:HR38_12090	ko:K03488
kom:HR38_12105	ko:K03484
kom:HR38_12110	ko:K01193
kom:HR38_12115	ko:K02810
kom:HR38_12120	ko:K16077
kom:HR38_12125	ko:K00847
kom:HR38_12130	ko:K02013
kom:HR38_12135	ko:K02015
kom:HR38_12140	ko:K02016
kom:HR38_12155	ko:K01451
kom:HR38_12160	ko:K10013
kom:HR38_12170	ko:K02014
kom:HR38_12175	ko:K11732
kom:HR38_12205	ko:K18900
kom:HR38_12215	ko:K21968
kom:HR38_12220	ko:K21967
kom:HR38_12225	ko:K21966
kom:HR38_12230	ko:K21965
kom:HR38_12235	ko:K21964
kom:HR38_12255	ko:K16053
kom:HR38_12275	ko:K02465
kom:HR38_12285	ko:K11195
kom:HR38_12290	ko:K11196
kom:HR38_12295	ko:K02771
kom:HR38_12300	ko:K03332
kom:HR38_12305	ko:K02452
kom:HR38_12310	ko:K02453
kom:HR38_12315	ko:K02454
kom:HR38_12320	ko:K02455
kom:HR38_12325	ko:K02456
kom:HR38_12330	ko:K02457
kom:HR38_12335	ko:K02458
kom:HR38_12340	ko:K02459
kom:HR38_12345	ko:K02460
kom:HR38_12350	ko:K02461
kom:HR38_12355	ko:K02462
kom:HR38_12360	ko:K02463
kom:HR38_12365	ko:K02464
kom:HR38_12370	ko:K10679
kom:HR38_12390	ko:K18325
kom:HR38_12395	ko:K02014
kom:HR38_12420	ko:K03585
kom:HR38_12425	ko:K18138
kom:HR38_12435	ko:K06048
kom:HR38_12440	ko:K02035
kom:HR38_12445	ko:K02033
kom:HR38_12450	ko:K02034
kom:HR38_12455	ko:K02032
kom:HR38_12460	ko:K02031
kom:HR38_12465	ko:K01426
kom:HR38_12470	ko:K06016
kom:HR38_12485	ko:K05834
kom:HR38_12490	ko:K00375
kom:HR38_12495	ko:K02030
kom:HR38_12500	ko:K02029
kom:HR38_12505	ko:K02029
kom:HR38_12510	ko:K02028
kom:HR38_12515	ko:K15373
kom:HR38_12520	ko:K15372
kom:HR38_12525	ko:K02032
kom:HR38_12530	ko:K02031
kom:HR38_12535	ko:K02034
kom:HR38_12540	ko:K02033
kom:HR38_12545	ko:K02035
kom:HR38_12560	ko:K00130
kom:HR38_12565	ko:K02167
kom:HR38_12570	ko:K02168
kom:HR38_12575	ko:K18922
kom:HR38_12585	ko:K03366
kom:HR38_12590	ko:K17203
kom:HR38_12595	ko:K17204
kom:HR38_12605	ko:K17202
kom:HR38_12610	ko:K00864
kom:HR38_12620	ko:K00615
kom:HR38_12625	ko:K00615
kom:HR38_12630	ko:K02362
kom:HR38_12635	ko:K19611
kom:HR38_12640	ko:K07214
kom:HR38_12650	ko:K02364
kom:HR38_12655	ko:K23188
kom:HR38_12660	ko:K23187
kom:HR38_12665	ko:K23186
kom:HR38_12670	ko:K08225
kom:HR38_12685	ko:K23185
kom:HR38_12690	ko:K02361
kom:HR38_12695	ko:K02363
kom:HR38_12700	ko:K01252
kom:HR38_12705	ko:K00216
kom:HR38_12710	ko:K24147
kom:HR38_12715	ko:K06200
kom:HR38_12730	ko:K08317
kom:HR38_12735	ko:K02056
kom:HR38_12740	ko:K02057
kom:HR38_12745	ko:K02058
kom:HR38_12755	ko:K00899
kom:HR38_12760	ko:K08963
kom:HR38_12765	ko:K01093
kom:HR38_12770	ko:K07783
kom:HR38_12775	ko:K01092
kom:HR38_12795	ko:K10974
kom:HR38_12800	ko:K08964
kom:HR38_12805	ko:K00862
kom:HR38_12810	ko:K00058
kom:HR38_12820	ko:K10440
kom:HR38_12825	ko:K10440
kom:HR38_12830	ko:K10441
kom:HR38_12835	ko:K10439
kom:HR38_12845	ko:K08351
kom:HR38_12850	ko:K08967
kom:HR38_12855	ko:K09880
kom:HR38_12860	ko:K14287
kom:HR38_12880	ko:K24119
kom:HR38_12885	ko:K03387
kom:HR38_12890	ko:K11932
kom:HR38_12895	ko:K06140
kom:HR38_12900	ko:K01169
kom:HR38_12905	ko:K03326
kom:HR38_12910	ko:K12973
kom:HR38_12915	ko:K03704
kom:HR38_12920	ko:K06199
kom:HR38_12925	ko:K11206
kom:HR38_12930	ko:K03425
kom:HR38_12935	ko:K03644
kom:HR38_12945	ko:K03801
kom:HR38_12950	ko:K09158
kom:HR38_12955	ko:K07258
kom:HR38_12960	ko:K03642
kom:HR38_12965	ko:K05837
kom:HR38_12970	ko:K05515
kom:HR38_12975	ko:K00783
kom:HR38_12980	ko:K09710
kom:HR38_12985	ko:K02226
kom:HR38_12990	ko:K00969
kom:HR38_12995	ko:K02340
kom:HR38_13000	ko:K03643
kom:HR38_13005	ko:K01869
kom:HR38_13025	ko:K10004
kom:HR38_13030	ko:K10002
kom:HR38_13035	ko:K10003
kom:HR38_13040	ko:K10001
kom:HR38_13045	ko:K03820
kom:HR38_13050	ko:K06189
kom:HR38_13055	ko:K07042
kom:HR38_13060	ko:K06217
kom:HR38_13065	ko:K06168
kom:HR38_13070	ko:K03184
kom:HR38_13075	ko:K14223
kom:HR38_13080	ko:K14223
kom:HR38_13085	ko:K14230
kom:HR38_13090	ko:K14223
kom:HR38_13095	ko:K14223
kom:HR38_13100	ko:K14228
kom:HR38_13105	ko:K14230
kom:HR38_13110	ko:K01953
kom:HR38_13115	ko:K02566
kom:HR38_13120	ko:K02565
kom:HR38_13125	ko:K01443
kom:HR38_13130	ko:K02564
kom:HR38_13135	ko:K02804
kom:HR38_13140	ko:K01886
kom:HR38_13155	ko:K03288
kom:HR38_13160	ko:K13795
kom:HR38_13165	ko:K13796
kom:HR38_13170	ko:K13794
kom:HR38_13175	ko:K03711
kom:HR38_13180	ko:K03839
kom:HR38_13190	ko:K01175
kom:HR38_13195	ko:K03645
kom:HR38_13200	ko:K01835
kom:HR38_13210	ko:K02430
kom:HR38_13215	ko:K23271
kom:HR38_13225	ko:K10439
kom:HR38_13230	ko:K10441
kom:HR38_13235	ko:K10440
kom:HR38_13245	ko:K03079
kom:HR38_13250	ko:K03077
kom:HR38_13255	ko:K07667
kom:HR38_13260	ko:K07646
kom:HR38_13265	ko:K01548
kom:HR38_13270	ko:K01547
kom:HR38_13275	ko:K01546
kom:HR38_13280	ko:K01545
kom:HR38_13290	ko:K01669
kom:HR38_13295	ko:K03305
kom:HR38_13305	ko:K23123
kom:HR38_13310	ko:K23124
kom:HR38_13315	ko:K07160
kom:HR38_13330	ko:K01304
kom:HR38_13335	ko:K05522
kom:HR38_13340	ko:K01647
kom:HR38_13345	ko:K00241
kom:HR38_13350	ko:K00242
kom:HR38_13355	ko:K00239
kom:HR38_13360	ko:K00240
kom:HR38_13365	ko:K00164
kom:HR38_13370	ko:K00658
kom:HR38_13375	ko:K01903
kom:HR38_13380	ko:K01902
kom:HR38_13410	ko:K19221
kom:HR38_13415	ko:K01676
kom:HR38_13420	ko:K01425
kom:HR38_13440	ko:K04835
kom:HR38_13445	ko:K19268
kom:HR38_13455	ko:K01846
kom:HR38_13465	ko:K00425
kom:HR38_13470	ko:K00426
kom:HR38_13485	ko:K07107
kom:HR38_13490	ko:K03562
kom:HR38_13495	ko:K03560
kom:HR38_13500	ko:K03646
kom:HR38_13505	ko:K03641
kom:HR38_13510	ko:K03640
kom:HR38_13520	ko:K14229
kom:HR38_13525	ko:K14237
kom:HR38_13530	ko:K14229
kom:HR38_13535	ko:K14229
kom:HR38_13540	ko:K14229
kom:HR38_13545	ko:K03517
kom:HR38_13550	ko:K03811
kom:HR38_13555	ko:K16264
kom:HR38_13565	ko:K01626
kom:HR38_13570	ko:K01834
kom:HR38_13575	ko:K01785
kom:HR38_13580	ko:K00849
kom:HR38_13585	ko:K00965
kom:HR38_13590	ko:K01784
kom:HR38_13595	ko:K05776
kom:HR38_13600	ko:K02019
kom:HR38_13605	ko:K25859
kom:HR38_13610	ko:K02020
kom:HR38_13615	ko:K02018
kom:HR38_13620	ko:K02017
kom:HR38_13625	ko:K28853
kom:HR38_13630	ko:K07404
kom:HR38_13640	ko:K00375
kom:HR38_13645	ko:K21976
kom:HR38_13650	ko:K21975
kom:HR38_13655	ko:K21974
kom:HR38_13660	ko:K21973
kom:HR38_13665	ko:K21972
kom:HR38_13680	ko:K01051
kom:HR38_13685	ko:K01468
kom:HR38_13690	ko:K05836
kom:HR38_13695	ko:K01712
kom:HR38_13700	ko:K01745
kom:HR38_13705	ko:K16234
kom:HR38_13715	ko:K00833
kom:HR38_13720	ko:K01012
kom:HR38_13725	ko:K00652
kom:HR38_13730	ko:K02169
kom:HR38_13735	ko:K01935
kom:HR38_13740	ko:K11963
kom:HR38_13745	ko:K03702
kom:HR38_13755	ko:K07643
kom:HR38_13760	ko:K07771
kom:HR38_13765	ko:K03760
kom:HR38_13775	ko:K03639
kom:HR38_13780	ko:K03638
kom:HR38_13785	ko:K03637
kom:HR38_13790	ko:K03636
kom:HR38_13795	ko:K03635
kom:HR38_13800	ko:K06890
kom:HR38_13805	ko:K07027
kom:HR38_13810	ko:K06131
kom:HR38_13825	ko:K25180
kom:HR38_13830	ko:K25181
kom:HR38_13835	ko:K25182
kom:HR38_13840	ko:K25183
kom:HR38_13845	ko:K23777
kom:HR38_13865	ko:K00615
kom:HR38_13870	ko:K00615
kom:HR38_13875	ko:K11927
kom:HR38_13880	ko:K03722
kom:HR38_13900	ko:K07336
kom:HR38_13905	ko:K16090
kom:HR38_13915	ko:K06970
kom:HR38_13920	ko:K22044
kom:HR38_13930	ko:K10038
kom:HR38_13935	ko:K10037
kom:HR38_13940	ko:K10036
kom:HR38_13945	ko:K04047
kom:HR38_13950	ko:K11939
kom:HR38_13955	ko:K11934
kom:HR38_13970	ko:K11924
kom:HR38_13985	ko:K01223
kom:HR38_13990	ko:K03492
kom:HR38_13995	ko:K19236
kom:HR38_14015	ko:K01187
kom:HR38_14020	ko:K08191
kom:HR38_14035	ko:K07757
kom:HR38_14045	ko:K04069
kom:HR38_14050	ko:K21029
kom:HR38_14055	ko:K03750
kom:HR38_14060	ko:K13051
kom:HR38_14065	ko:K13892
kom:HR38_14070	ko:K13889
kom:HR38_14075	ko:K13890
kom:HR38_14080	ko:K13891
kom:HR38_14085	ko:K14441
kom:HR38_14095	ko:K02532
kom:HR38_14100	ko:K19688
kom:HR38_14105	ko:K21430
kom:HR38_14110	ko:K00799
kom:HR38_14115	ko:K07258
kom:HR38_14120	ko:K11534
kom:HR38_14125	ko:K19302
kom:HR38_14130	ko:K08160
kom:HR38_14135	ko:K20861
kom:HR38_14145	ko:K23778
kom:HR38_14165	ko:K03496
kom:HR38_14190	ko:K06906
kom:HR38_14210	ko:K03674
kom:HR38_14220	ko:K10678
kom:HR38_14225	ko:K05844
kom:HR38_14235	ko:K11073
kom:HR38_14240	ko:K11076
kom:HR38_14245	ko:K11075
kom:HR38_14250	ko:K11074
kom:HR38_14260	ko:K03212
kom:HR38_14275	ko:K09996
kom:HR38_14280	ko:K09998
kom:HR38_14285	ko:K09999
kom:HR38_14290	ko:K09997
kom:HR38_14295	ko:K10000
kom:HR38_14310	ko:K11066
kom:HR38_14325	ko:K01620
kom:HR38_14330	ko:K00156
kom:HR38_14335	ko:K15977
kom:HR38_14340	ko:K11933
kom:HR38_14345	ko:K05601
kom:HR38_14350	ko:K28370
kom:HR38_14355	ko:K06188
kom:HR38_14360	ko:K07459
kom:HR38_14365	ko:K13888
kom:HR38_14370	ko:K05685
kom:HR38_14375	ko:K03704
kom:HR38_14380	ko:K06891
kom:HR38_14385	ko:K03694
kom:HR38_14390	ko:K02518
kom:HR38_14395	ko:K00684
kom:HR38_14400	ko:K16012
kom:HR38_14405	ko:K16013
kom:HR38_14410	ko:K00384
kom:HR38_14415	ko:K03719
kom:HR38_14420	ko:K03466
kom:HR38_14425	ko:K03634
kom:HR38_14430	ko:K07478
kom:HR38_14435	ko:K01875
kom:HR38_14440	ko:K07306
kom:HR38_14445	ko:K07307
kom:HR38_14450	ko:K07308
kom:HR38_14455	ko:K08219
kom:HR38_14460	ko:K02821
kom:HR38_14465	ko:K00615
kom:HR38_14470	ko:K00615
kom:HR38_14475	ko:K03475
kom:HR38_14480	ko:K02822
kom:HR38_14490	ko:K04069
kom:HR38_14495	ko:K00656
kom:HR38_14500	ko:K06212
kom:HR38_14505	ko:K09136
kom:HR38_14515	ko:K00831
kom:HR38_14520	ko:K00800
kom:HR38_14525	ko:K00945
kom:HR38_14530	ko:K02945
kom:HR38_14535	ko:K05788
kom:HR38_14540	ko:K02238
kom:HR38_14545	ko:K11085
kom:HR38_14550	ko:K00912
kom:HR38_14555	ko:K09927
kom:HR38_14560	ko:K09791
kom:HR38_14565	ko:K00979
kom:HR38_14580	ko:K06219
kom:HR38_14590	ko:K03804
kom:HR38_14595	ko:K03632
kom:HR38_14600	ko:K21470
kom:HR38_14615	ko:K01069
kom:HR38_14620	ko:K00813
kom:HR38_14625	ko:K09476
kom:HR38_14630	ko:K01893
kom:HR38_14635	ko:K00763
kom:HR38_14640	ko:K01256
kom:HR38_14645	ko:K15555
kom:HR38_14650	ko:K15554
kom:HR38_14655	ko:K00299
kom:HR38_14660	ko:K00254
kom:HR38_14665	ko:K18657
kom:HR38_14670	ko:K07140
kom:HR38_14675	ko:K12297
kom:HR38_14680	ko:K15738
kom:HR38_14685	ko:K03808
kom:HR38_14690	ko:K06192
kom:HR38_14695	ko:K09857
kom:HR38_14700	ko:K01716
kom:HR38_14705	ko:K04770
kom:HR38_14710	ko:K09911
kom:HR38_14715	ko:K03286
kom:HR38_14720	ko:K13053
kom:HR38_14725	ko:K07343
kom:HR38_14740	ko:K03658
kom:HR38_14745	ko:K01734
kom:HR38_14750	ko:K06929
kom:HR38_14760	ko:K12543
kom:HR38_14765	ko:K12541
kom:HR38_14770	ko:K12542
kom:HR38_14790	ko:K11940
kom:HR38_14795	ko:K06969
kom:HR38_14810	ko:K01512
kom:HR38_14815	ko:K11179
kom:HR38_14820	ko:K19416
kom:HR38_14825	ko:K15580
kom:HR38_14830	ko:K14233
kom:HR38_14850	ko:K18581
kom:HR38_14860	ko:K02794
kom:HR38_14865	ko:K02796
kom:HR38_14870	ko:K02795
kom:HR38_14880	ko:K03710
kom:HR38_14885	ko:K00812
kom:HR38_14890	ko:K01937
kom:HR38_14895	ko:K01714
kom:HR38_14905	ko:K19802
kom:HR38_14915	ko:K02028
kom:HR38_14920	ko:K02029
kom:HR38_14925	ko:K02030
kom:HR38_14940	ko:K00059
kom:HR38_14945	ko:K03446
kom:HR38_14955	ko:K18325
kom:HR38_14960	ko:K07406
kom:HR38_14970	ko:K16137
kom:HR38_15015	ko:K07552
kom:HR38_15035	ko:K00826
kom:HR38_15040	ko:K02028
kom:HR38_15045	ko:K02029
kom:HR38_15050	ko:K02029
kom:HR38_15060	ko:K02030
kom:HR38_15075	ko:K08224
kom:HR38_15085	ko:K01910
kom:HR38_15090	ko:K01646
kom:HR38_15095	ko:K01644
kom:HR38_15100	ko:K01643
kom:HR38_15105	ko:K05964
kom:HR38_15110	ko:K05966
kom:HR38_15115	ko:K07002
kom:HR38_15125	ko:K03319
kom:HR38_15130	ko:K03704
kom:HR38_15135	ko:K03704
kom:HR38_15145	ko:K18146
kom:HR38_15155	ko:K18144
kom:HR38_15160	ko:K18143
kom:HR38_15170	ko:K09022
kom:HR38_15185	ko:K03805
kom:HR38_15195	ko:K08344
kom:HR38_15215	ko:K05798
kom:HR38_15225	ko:K02012
kom:HR38_15230	ko:K02011
kom:HR38_15235	ko:K02010
kom:HR38_15255	ko:K16839
kom:HR38_15260	ko:K16345
kom:HR38_15265	ko:K16840
kom:HR38_15270	ko:K07127
kom:HR38_15275	ko:K01487
kom:HR38_15280	ko:K03457
kom:HR38_15290	ko:K16841
kom:HR38_15295	ko:K16842
kom:HR38_15305	ko:K22601
kom:HR38_15315	ko:K22602
kom:HR38_15325	ko:K02030
kom:HR38_15330	ko:K02029
kom:HR38_15335	ko:K02029
kom:HR38_15340	ko:K02028
kom:HR38_15345	ko:K00839
kom:HR38_15350	ko:K02083
kom:HR38_15355	ko:K01728
kom:HR38_15360	ko:K22110
kom:HR38_15370	ko:K04782
kom:HR38_15395	ko:K11202
kom:HR38_15400	ko:K04069
kom:HR38_15410	ko:K11202
kom:HR38_15415	ko:K11203
kom:HR38_15420	ko:K23991
kom:HR38_15425	ko:K07246
kom:HR38_15430	ko:K16135
kom:HR38_15435	ko:K09471
kom:HR38_15440	ko:K09472
kom:HR38_15445	ko:K14056
kom:HR38_15450	ko:K09473
kom:HR38_15455	ko:K09470
kom:HR38_15460	ko:K14052
kom:HR38_15475	ko:K01085
kom:HR38_15485	ko:K03809
kom:HR38_15490	ko:K06884
kom:HR38_15495	ko:K09016
kom:HR38_15500	ko:K09024
kom:HR38_15505	ko:K09019
kom:HR38_15510	ko:K09023
kom:HR38_15520	ko:K09020
kom:HR38_15525	ko:K09018
kom:HR38_15530	ko:K09017
kom:HR38_15540	ko:K13821
kom:HR38_15545	ko:K11928
kom:HR38_15555	ko:K03317
kom:HR38_15560	ko:K07243
kom:HR38_15565	ko:K07224
kom:HR38_15570	ko:K16301
kom:HR38_15575	ko:K06217
kom:HR38_15600	ko:K21137
kom:HR38_15605	ko:K21134
kom:HR38_15610	ko:K14233
kom:HR38_15620	ko:K06911
kom:HR38_15630	ko:K14233
kom:HR38_15635	ko:K12972
kom:HR38_15640	ko:K04477
kom:HR38_15660	ko:K23518
kom:HR38_15670	ko:K11941
kom:HR38_15675	ko:K03670
kom:HR38_15680	ko:K03669
kom:HR38_15690	ko:K12147
kom:HR38_15695	ko:K08161
kom:HR38_15700	ko:K02517
kom:HR38_15705	ko:K07146
kom:HR38_15715	ko:K02846
kom:HR38_15720	ko:K12148
kom:HR38_15725	ko:K12149
kom:HR38_15730	ko:K01465
kom:HR38_15740	ko:K03675
kom:HR38_15745	ko:K08162
kom:HR38_15750	ko:K03790
kom:HR38_15755	ko:K09915
kom:HR38_15760	ko:K03810
kom:HR38_15765	ko:K03980
kom:HR38_15780	ko:K08300
kom:HR38_15785	ko:K06179
kom:HR38_15795	ko:K25422
kom:HR38_15800	ko:K07040
kom:HR38_15805	ko:K02911
kom:HR38_15810	ko:K03621
kom:HR38_15815	ko:K00648
kom:HR38_15820	ko:K00645
kom:HR38_15825	ko:K00059
kom:HR38_15830	ko:K02078
kom:HR38_15835	ko:K09458
kom:HR38_15840	ko:K02619
kom:HR38_15845	ko:K07082
kom:HR38_15850	ko:K00943
kom:HR38_15855	ko:K02341
kom:HR38_15860	ko:K03424
kom:HR38_15865	ko:K02779
kom:HR38_15870	ko:K16088
kom:HR38_15875	ko:K02503
kom:HR38_15885	ko:K07337
kom:HR38_15890	ko:K07251
kom:HR38_15895	ko:K01207
kom:HR38_15900	ko:K07000
kom:HR38_15910	ko:K03885
kom:HR38_15925	ko:K22041
kom:HR38_15930	ko:K12151
kom:HR38_15935	ko:K19236
kom:HR38_15940	ko:K03723
kom:HR38_15945	ko:K09808
kom:HR38_15950	ko:K09810
kom:HR38_15955	ko:K09808
kom:HR38_15960	ko:K28207
kom:HR38_15965	ko:K12410
kom:HR38_15975	ko:K21910
kom:HR38_15980	ko:K22024
kom:HR38_15985	ko:K22129
kom:HR38_16005	ko:K00616
kom:HR38_16010	ko:K00615
kom:HR38_16020	ko:K11069
kom:HR38_16025	ko:K11070
kom:HR38_16030	ko:K11071
kom:HR38_16035	ko:K11072
kom:HR38_16040	ko:K01258
kom:HR38_16045	ko:K18850
kom:HR38_16050	ko:K07637
kom:HR38_16055	ko:K07660
kom:HR38_16070	ko:K01756
kom:HR38_16075	ko:K07153
kom:HR38_16080	ko:K00566
kom:HR38_16085	ko:K12152
kom:HR38_16090	ko:K06181
kom:HR38_16095	ko:K00031
kom:HR38_16100	ko:K07491
kom:HR38_16120	ko:K01424
kom:HR38_16125	ko:K23184
kom:HR38_16130	ko:K23182
kom:HR38_16135	ko:K23183
kom:HR38_16140	ko:K23181
kom:HR38_16145	ko:K16091
kom:HR38_16150	ko:K07165
kom:HR38_16155	ko:K23514
kom:HR38_16170	ko:K12974
kom:HR38_16175	ko:K11250
kom:HR38_16190	ko:K13069
kom:HR38_16195	ko:K09712
kom:HR38_16215	ko:K25494
kom:HR38_16220	ko:K25495
kom:HR38_16230	ko:K19055
kom:HR38_16250	ko:K09786
kom:HR38_16255	ko:K07180
kom:HR38_16260	ko:K07274
kom:HR38_16270	ko:K01792
kom:HR38_16275	ko:K00134
kom:HR38_16280	ko:K07305
kom:HR38_16285	ko:K09916
kom:HR38_16295	ko:K01183
kom:HR38_16305	ko:K08369
kom:HR38_16310	ko:K00008
kom:HR38_16325	ko:K18471
kom:HR38_16335	ko:K08369
kom:HR38_16340	ko:K08281
kom:HR38_16345	ko:K01424
kom:HR38_16350	ko:K04773
kom:HR38_16360	ko:K09474
kom:HR38_16365	ko:K01008
kom:HR38_16370	ko:K03169
kom:HR38_16375	ko:K00262
kom:HR38_16380	ko:K08320
kom:HR38_16390	ko:K21028
kom:HR38_16395	ko:K05779
kom:HR38_16400	ko:K05778
kom:HR38_16405	ko:K05777
kom:HR38_16425	ko:K01142
kom:HR38_16430	ko:K00840
kom:HR38_16435	ko:K00673
kom:HR38_16440	ko:K06447
kom:HR38_16450	ko:K05526
kom:HR38_16455	ko:K06006
kom:HR38_16460	ko:K03744
kom:HR38_16470	ko:K05984
kom:HR38_16475	ko:K01916
kom:HR38_16480	ko:K04064
kom:HR38_16485	ko:K02760
kom:HR38_16490	ko:K02761
kom:HR38_16495	ko:K02759
kom:HR38_16500	ko:K03490
kom:HR38_16505	ko:K01222
kom:HR38_16510	ko:K03478
kom:HR38_16515	ko:K03781
kom:HR38_16520	ko:K15722
kom:HR38_16525	ko:K06956
kom:HR38_16530	ko:K07038
kom:HR38_16535	ko:K00065
kom:HR38_16540	ko:K24204
kom:HR38_16550	ko:K10806
kom:HR38_16555	ko:K19611
kom:HR38_16560	ko:K03281
kom:HR38_16565	ko:K06190
kom:HR38_16575	ko:K07275
kom:HR38_16615	ko:K01695
kom:HR38_16620	ko:K01696
kom:HR38_16625	ko:K13498
kom:HR38_16630	ko:K13497
kom:HR38_16635	ko:K01657
kom:HR38_16640	ko:K07053
kom:HR38_16650	ko:K06178
kom:HR38_16655	ko:K03292
kom:HR38_16660	ko:K05349
kom:HR38_16670	ko:K19221
kom:HR38_16690	ko:K03168
kom:HR38_16695	ko:K13634
kom:HR38_16705	ko:K27802
kom:HR38_16710	ko:K01497
kom:HR38_16715	ko:K01096
kom:HR38_16720	ko:K08992
kom:HR38_16725	ko:K19804
kom:HR38_16730	ko:K01591
kom:HR38_16735	ko:K03113
kom:HR38_16745	ko:K04062
kom:HR38_16760	ko:K01147
kom:HR38_16770	ko:K00208
kom:HR38_16775	ko:K19230
kom:HR38_16780	ko:K19229
kom:HR38_16785	ko:K19228
kom:HR38_16790	ko:K19227
kom:HR38_16795	ko:K19226
kom:HR38_16810	ko:K01451
kom:HR38_16815	ko:K08170
kom:HR38_16820	ko:K03974
kom:HR38_16825	ko:K03969
kom:HR38_16830	ko:K03970
kom:HR38_16835	ko:K03973
kom:HR38_16840	ko:K03971
kom:HR38_16845	ko:K03972
kom:HR38_16850	ko:K06918
kom:HR38_16855	ko:K08990
kom:HR38_16860	ko:K03721
kom:HR38_16865	ko:K07120
kom:HR38_16870	ko:K11065
kom:HR38_16875	ko:K19802
kom:HR38_16880	ko:K14054
kom:HR38_16885	ko:K15580
kom:HR38_16895	ko:K02071
kom:HR38_16900	ko:K02072
kom:HR38_16905	ko:K02073
kom:HR38_16930	ko:K02051
kom:HR38_16935	ko:K02049
kom:HR38_16940	ko:K11922
kom:HR38_16945	ko:K02160
kom:HR38_16950	ko:K01961
kom:HR38_16955	ko:K00261
kom:HR38_16965	ko:K02030
kom:HR38_16970	ko:K23123
kom:HR38_16975	ko:K23124
kom:HR38_16980	ko:K07160
kom:HR38_16985	ko:K00812
kom:HR38_16990	ko:K19338
kom:HR38_17005	ko:K02029
kom:HR38_17010	ko:K02029
kom:HR38_17015	ko:K02028
kom:HR38_17020	ko:K04093
kom:HR38_17025	ko:K02424
kom:HR38_17030	ko:K10010
kom:HR38_17035	ko:K10009
kom:HR38_17050	ko:K00640
kom:HR38_17055	ko:K12339
kom:HR38_17065	ko:K03636
kom:HR38_17070	ko:K21147
kom:HR38_17080	ko:K11717
kom:HR38_17085	ko:K15554
kom:HR38_17090	ko:K15555
kom:HR38_17095	ko:K15553
kom:HR38_17100	ko:K13574
kom:HR38_17105	ko:K17950
kom:HR38_17110	ko:K01779
kom:HR38_17115	ko:K15551
kom:HR38_17120	ko:K15552
kom:HR38_17125	ko:K02049
kom:HR38_17130	ko:K05520
kom:HR38_17140	ko:K11901
kom:HR38_17145	ko:K11900
kom:HR38_17150	ko:K11893
kom:HR38_17155	ko:K11892
kom:HR38_17165	ko:K11903
kom:HR38_17170	ko:K11907
kom:HR38_17175	ko:K11904
kom:HR38_17195	ko:K11891
kom:HR38_17200	ko:K11896
kom:HR38_17205	ko:K11895
kom:HR38_17210	ko:K11906
kom:HR38_17215	ko:K11905
kom:HR38_17220	ko:K11911
kom:HR38_17225	ko:K01198
kom:HR38_17230	ko:K03292
kom:HR38_17235	ko:K02024
kom:HR38_17250	ko:K00574
kom:HR38_17255	ko:K09701
kom:HR38_17260	ko:K06954
kom:HR38_17290	ko:K06889
kom:HR38_17330	ko:K03286
kom:HR38_17335	ko:K08996
kom:HR38_17340	ko:K02760
kom:HR38_17355	ko:K03503
kom:HR38_17360	ko:K03502
kom:HR38_17370	ko:K02444
kom:HR38_17380	ko:K16074
kom:HR38_17385	ko:K05591
kom:HR38_17390	ko:K14058
kom:HR38_17395	ko:K08566
kom:HR38_17410	ko:K14061
kom:HR38_17420	ko:K14062
kom:HR38_17425	ko:K03737
kom:HR38_17470	ko:K26973
kom:HR38_17475	ko:K26974
kom:HR38_17480	ko:K26975
kom:HR38_17485	ko:K26976
kom:HR38_17490	ko:K21449
kom:HR38_17500	ko:K03668
kom:HR38_17505	ko:K03778
kom:HR38_17525	ko:K09978
kom:HR38_17530	ko:K14063
kom:HR38_17535	ko:K00146
kom:HR38_17545	ko:K02030
kom:HR38_17555	ko:K02028
kom:HR38_17555	ko:K02029
kom:HR38_17565	ko:K07222
kom:HR38_17580	ko:K01438
kom:HR38_17600	ko:K00133
kom:HR38_17645	ko:K05804
kom:HR38_17650	ko:K19586
kom:HR38_17655	ko:K19585
kom:HR38_17660	ko:K19587
kom:HR38_17690	ko:K00675
kom:HR38_17700	ko:K00134
kom:HR38_17740	ko:K00276
kom:HR38_17745	ko:K02618
kom:HR38_17750	ko:K02609
kom:HR38_17755	ko:K02610
kom:HR38_17760	ko:K02611
kom:HR38_17765	ko:K02612
kom:HR38_17770	ko:K02613
kom:HR38_17775	ko:K01692
kom:HR38_17780	ko:K15866
kom:HR38_17785	ko:K00074
kom:HR38_17790	ko:K02614
kom:HR38_17795	ko:K02615
kom:HR38_17800	ko:K01912
kom:HR38_17805	ko:K02616
kom:HR38_17810	ko:K02617
kom:HR38_17820	ko:K01118
kom:HR38_17825	ko:K03578
kom:HR38_17835	ko:K18139
kom:HR38_17850	ko:K06075
kom:HR38_17855	ko:K00261
kom:HR38_17865	ko:K07248
kom:HR38_17870	ko:K00134
kom:HR38_17910	ko:K12262
kom:HR38_17920	ko:K23239
kom:HR38_17925	ko:K00121
kom:HR38_17935	ko:K05358
kom:HR38_17945	ko:K00448
kom:HR38_17950	ko:K00449
kom:HR38_17955	ko:K25986
kom:HR38_17960	ko:K03929
kom:HR38_17970	ko:K03817
kom:HR38_17980	ko:K03304
kom:HR38_17985	ko:K16868
kom:HR38_17990	ko:K01258
kom:HR38_17995	ko:K12368
kom:HR38_18010	ko:K07506
kom:HR38_18015	ko:K05782
kom:HR38_18020	ko:K23779
kom:HR38_18025	ko:K24847
kom:HR38_18040	ko:K00426
kom:HR38_18045	ko:K00425
kom:HR38_18060	ko:K02055
kom:HR38_18065	ko:K02052
kom:HR38_18070	ko:K02054
kom:HR38_18075	ko:K02053
kom:HR38_18080	ko:K00137
kom:HR38_18110	ko:K01051
kom:HR38_18115	ko:K00141
kom:HR38_18120	ko:K12368
kom:HR38_18130	ko:K09936
kom:HR38_18135	ko:K24217
kom:HR38_18150	ko:K23256
kom:HR38_18155	ko:K01250
kom:HR38_18165	ko:K02014
kom:HR38_18180	ko:K11738
kom:HR38_18200	ko:K28525
kom:HR38_18205	ko:K02030
kom:HR38_18215	ko:K02029
kom:HR38_18220	ko:K02028
kom:HR38_18225	ko:K02030
kom:HR38_18230	ko:K03535
kom:HR38_18235	ko:K20023
kom:HR38_18240	ko:K06145
kom:HR38_18245	ko:K11208
kom:HR38_18250	ko:K01821
kom:HR38_18260	ko:K07726
kom:HR38_18265	ko:K16077
kom:HR38_18290	ko:K02010
kom:HR38_18295	ko:K02012
kom:HR38_18300	ko:K02011
kom:HR38_18305	ko:K00675
kom:HR38_18310	ko:K00374
kom:HR38_18315	ko:K00373
kom:HR38_18320	ko:K00371
kom:HR38_18330	ko:K02575
kom:HR38_18340	ko:K08167
kom:HR38_18355	ko:K08348
kom:HR38_18360	ko:K08348
kom:HR38_18365	ko:K08349
kom:HR38_18370	ko:K08350
kom:HR38_18380	ko:K08156
kom:HR38_18395	ko:K02031
kom:HR38_18395	ko:K02032
kom:HR38_18400	ko:K02034
kom:HR38_18405	ko:K02033
kom:HR38_18410	ko:K02035
kom:HR38_18425	ko:K01507
kom:HR38_18445	ko:K00027
kom:HR38_18450	ko:K02972
kom:HR38_18470	ko:K04063
kom:HR38_18485	ko:K08994
kom:HR38_18515	ko:K19577
kom:HR38_18520	ko:K08369
kom:HR38_18530	ko:K07507
kom:HR38_18535	ko:K01531
kom:HR38_18550	ko:K03782
kom:HR38_18560	ko:K09936
kom:HR38_18565	ko:K09936
kom:HR38_18585	ko:K02051
kom:HR38_18590	ko:K02050
kom:HR38_18595	ko:K02049
kom:HR38_18600	ko:K28692
kom:HR38_18605	ko:K28693
kom:HR38_18615	ko:K01941
kom:HR38_18620	ko:K01457
kom:HR38_18625	ko:K05515
kom:HR38_18630	ko:K01951
kom:HR38_18635	ko:K16137
kom:HR38_18640	ko:K07124
kom:HR38_18645	ko:K13745
kom:HR38_18650	ko:K00836
kom:HR38_18655	ko:K15598
kom:HR38_18660	ko:K15599
kom:HR38_18665	ko:K15600
kom:HR38_18670	ko:K03707
kom:HR38_18680	ko:K03335
kom:HR38_18685	ko:K02529
kom:HR38_18730	ko:K00350
kom:HR38_18760	ko:K01236
kom:HR38_18765	ko:K06044
kom:HR38_18770	ko:K01214
kom:HR38_18775	ko:K00382
kom:HR38_18780	ko:K00627
kom:HR38_18785	ko:K21417
kom:HR38_18790	ko:K21416
kom:HR38_18820	ko:K20807
kom:HR38_18825	ko:K01721
kom:HR38_18830	ko:K01426
kom:HR38_18835	ko:K06886
kom:HR38_18875	ko:K19272
kom:HR38_18890	ko:K01752
kom:HR38_18895	ko:K03837
kom:HR38_18900	ko:K08476
kom:HR38_18905	ko:K08475
kom:HR38_18910	ko:K08478
kom:HR38_18915	ko:K11382
kom:HR38_18920	ko:K04781
kom:HR38_18925	ko:K05373
kom:HR38_18930	ko:K14699
kom:HR38_18935	ko:K14698
kom:HR38_18945	ko:K05372
kom:HR38_18950	ko:K04784
kom:HR38_18955	ko:K04786
kom:HR38_18960	ko:K04785
kom:HR38_18965	ko:K05374
kom:HR38_18970	ko:K04783
kom:HR38_18975	ko:K15721
kom:HR38_18985	ko:K09962
kom:HR38_18990	ko:K03707
kom:HR38_18995	ko:K06971
kom:HR38_19000	ko:K00852
kom:HR38_19005	ko:K10439
kom:HR38_19010	ko:K02529
kom:HR38_19015	ko:K10441
kom:HR38_19020	ko:K10440
kom:HR38_19025	ko:K07048
kom:HR38_19035	ko:K01439
kom:HR38_19045	ko:K16089
kom:HR38_19055	ko:K13041
kom:HR38_19060	ko:K13040
kom:HR38_19065	ko:K08358
kom:HR38_19070	ko:K08359
kom:HR38_19075	ko:K08357
kom:HR38_19085	ko:K01265
kom:HR38_19100	ko:K01821
kom:HR38_19120	ko:K03710
kom:HR38_19130	ko:K03475
kom:HR38_19135	ko:K02822
kom:HR38_19140	ko:K02821
kom:HR38_19145	ko:K01470
kom:HR38_19150	ko:K23149
kom:HR38_19170	ko:K11903
kom:HR38_19180	ko:K00077
kom:HR38_19185	ko:K09794
kom:HR38_19190	ko:K00433
kom:HR38_19200	ko:K01607
kom:HR38_19220	ko:K09702
kom:HR38_19250	ko:K10439
kom:HR38_19255	ko:K10441
kom:HR38_19260	ko:K10440
kom:HR38_19270	ko:K00847
kom:HR38_19285	ko:K02443
kom:HR38_19290	ko:K00880
kom:HR38_19295	ko:K00059
kom:HR38_19300	ko:K00058
kom:HR38_19305	ko:K02775
kom:HR38_19310	ko:K16076
kom:HR38_19325	ko:K02015
kom:HR38_19330	ko:K02016
kom:HR38_19335	ko:K02013
kom:HR38_19350	ko:K02761
kom:HR38_19355	ko:K01444
kom:HR38_19360	ko:K01255
kom:HR38_19375	ko:K00286
kom:HR38_19390	ko:K16957
kom:HR38_19395	ko:K16959
kom:HR38_19400	ko:K16958
kom:HR38_19405	ko:K16960
kom:HR38_19430	ko:K02073
kom:HR38_19440	ko:K02072
kom:HR38_19445	ko:K00459
kom:HR38_19490	ko:K07787
kom:HR38_19495	ko:K07798
kom:HR38_19500	ko:K07796
kom:HR38_19505	ko:K07810
kom:HR38_19515	ko:K06897
kom:HR38_19520	ko:K00598
kom:HR38_19535	ko:K00041
kom:HR38_19555	ko:K01425
kom:HR38_19560	ko:K08324
kom:HR38_19570	ko:K03829
kom:HR38_19575	ko:K00016
kom:HR38_19590	ko:K08159
kom:HR38_19595	ko:K05595
kom:HR38_19600	ko:K03712
kom:HR38_19605	ko:K13632
kom:HR38_19610	ko:K13630
kom:HR38_19615	ko:K15268
kom:HR38_19630	ko:K11963
kom:HR38_19635	ko:K11962
kom:HR38_19640	ko:K11961
kom:HR38_19645	ko:K11960
kom:HR38_19650	ko:K11959
kom:HR38_19665	ko:K13633
kom:HR38_19680	ko:K00549
kom:HR38_19700	ko:K21973
kom:HR38_19710	ko:K27069
kom:HR38_19715	ko:K01190
kom:HR38_19750	ko:K09912
kom:HR38_19785	ko:K01284
kom:HR38_19790	ko:K16066
kom:HR38_19795	ko:K22293
kom:HR38_19800	ko:K11932
kom:HR38_19805	ko:K00040
kom:HR38_19810	ko:K08173
kom:HR38_19815	ko:K08322
kom:HR38_19820	ko:K08323
kom:HR38_19825	ko:K09771
kom:HR38_19835	ko:K00657
kom:HR38_19850	ko:K07309
kom:HR38_19855	ko:K07307
kom:HR38_19860	ko:K07312
kom:HR38_19865	ko:K23349
kom:HR38_19870	ko:K03281
kom:HR38_19875	ko:K01935
kom:HR38_19880	ko:K15545
kom:HR38_19890	ko:K08224
kom:HR38_19895	ko:K01299
kom:HR38_19915	ko:K04775
kom:HR38_19925	ko:K11742
kom:HR38_19930	ko:K11743
kom:HR38_19935	ko:K11744
kom:HR38_19940	ko:K13929
kom:HR38_19945	ko:K13930
kom:HR38_19950	ko:K13931
kom:HR38_19955	ko:K13932
kom:HR38_19960	ko:K13933
kom:HR38_19965	ko:K13936
kom:HR38_19970	ko:K13934
kom:HR38_19975	ko:K13935
kom:HR38_19980	ko:K13928
kom:HR38_19985	ko:K00116
kom:HR38_19990	ko:K07106
kom:HR38_20005	ko:K07701
kom:HR38_20010	ko:K07703
kom:HR38_20020	ko:K28482
kom:HR38_20030	ko:K11106
kom:HR38_20035	ko:K01676
kom:HR38_20040	ko:K01607
kom:HR38_20045	ko:K01055
kom:HR38_20050	ko:K01857
kom:HR38_20055	ko:K07823
kom:HR38_20060	ko:K01032
kom:HR38_20065	ko:K01031
kom:HR38_20070	ko:K02624
kom:HR38_20080	ko:K14057
kom:HR38_20085	ko:K12940
kom:HR38_20090	ko:K12941
kom:HR38_20095	ko:K12942
kom:HR38_20110	ko:K00567
kom:HR38_20115	ko:K01420
kom:HR38_20120	ko:K14055
kom:HR38_20130	ko:K00325
kom:HR38_20135	ko:K00324
kom:HR38_20145	ko:K03758
kom:HR38_20150	ko:K13938
kom:HR38_20165	ko:K07661
kom:HR38_20175	ko:K00432
kom:HR38_20180	ko:K22736
kom:HR38_20185	ko:K07639
kom:HR38_20190	ko:K10748
kom:HR38_20195	ko:K01679
kom:HR38_20200	ko:K01676
kom:HR38_20205	ko:K01809
kom:HR38_20215	ko:K16136
kom:HR38_20220	ko:K02791
kom:HR38_20225	ko:K14155
kom:HR38_20235	ko:K07112
kom:HR38_20245	ko:K02073
kom:HR38_20250	ko:K01488
kom:HR38_20260	ko:K22718
kom:HR38_20265	ko:K01223
kom:HR38_20280	ko:K03617
kom:HR38_20285	ko:K03616
kom:HR38_20290	ko:K03615
kom:HR38_20295	ko:K03614
kom:HR38_20300	ko:K03612
kom:HR38_20305	ko:K03613
kom:HR38_20310	ko:K10773
kom:HR38_20315	ko:K03305
kom:HR38_20320	ko:K00799
kom:HR38_20325	ko:K00868
kom:HR38_20330	ko:K01866
kom:HR38_20335	ko:K00275
kom:HR38_20345	ko:K09001
kom:HR38_20350	ko:K06077
kom:HR38_20360	ko:K06075
kom:HR38_20380	ko:K04565
kom:HR38_20390	ko:K06938
kom:HR38_20395	ko:K16137
kom:HR38_20400	ko:K10680
kom:HR38_20405	ko:K01759
kom:HR38_20410	ko:K03683
kom:HR38_20415	ko:K07390
kom:HR38_20425	ko:K19303
kom:HR38_20430	ko:K04564
kom:HR38_20435	ko:K19577
kom:HR38_20440	ko:K03604
kom:HR38_20450	ko:K28371
kom:HR38_20455	ko:K00574
kom:HR38_20460	ko:K00793
kom:HR38_20465	ko:K26939
kom:HR38_20470	ko:K14237
kom:HR38_20475	ko:K14237
kom:HR38_20480	ko:K14237
kom:HR38_20485	ko:K06884
kom:HR38_20500	ko:K07217
kom:HR38_20505	ko:K00425
kom:HR38_20510	ko:K00426
kom:HR38_20515	ko:K05343
kom:HR38_20565	ko:K01673
kom:HR38_20570	ko:K05835
kom:HR38_20580	ko:K01759
kom:HR38_20585	ko:K19271
kom:HR38_20590	ko:K02035
kom:HR38_20595	ko:K02033
kom:HR38_20600	ko:K02034
kom:HR38_20605	ko:K02031
kom:HR38_20610	ko:K02032
kom:HR38_20615	ko:K05358
kom:HR38_20620	ko:K07357
kom:HR38_20625	ko:K07345
kom:HR38_20630	ko:K07346
kom:HR38_20635	ko:K07347
kom:HR38_20640	ko:K07345
kom:HR38_20645	ko:K07349
kom:HR38_20650	ko:K07357
kom:HR38_20660	ko:K09824
kom:HR38_20675	ko:K03704
kom:HR38_20685	ko:K01575
kom:HR38_20690	ko:K01652
kom:HR38_20695	ko:K03366
kom:HR38_20700	ko:K02010
kom:HR38_20705	ko:K02011
kom:HR38_20710	ko:K02012
kom:HR38_20715	ko:K11906
kom:HR38_20720	ko:K11895
kom:HR38_20725	ko:K11896
kom:HR38_20740	ko:K11891
kom:HR38_20800	ko:K11904
kom:HR38_20820	ko:K11892
kom:HR38_20825	ko:K11893
kom:HR38_20830	ko:K11900
kom:HR38_20835	ko:K11901
kom:HR38_20840	ko:K13574
kom:HR38_20845	ko:K22015
kom:HR38_20860	ko:K02028
kom:HR38_20865	ko:K02029
kom:HR38_20870	ko:K02030
kom:HR38_20880	ko:K02016
kom:HR38_20885	ko:K02015
kom:HR38_20890	ko:K02015
kom:HR38_20895	ko:K02013
kom:HR38_20900	ko:K02014
kom:HR38_20905	ko:K15555
kom:HR38_20910	ko:K15554
kom:HR38_20915	ko:K15553
kom:HR38_20920	ko:K15553
kom:HR38_20930	ko:K04091
kom:HR38_20940	ko:K24700
kom:HR38_20955	ko:K05810
kom:HR38_20960	ko:K05819
kom:HR38_20965	ko:K01666
kom:HR38_20970	ko:K04073
kom:HR38_20975	ko:K02554
kom:HR38_20980	ko:K05714
kom:HR38_20985	ko:K05713
kom:HR38_20990	ko:K05712
kom:HR38_20995	ko:K05818
kom:HR38_21005	ko:K02015
kom:HR38_21010	ko:K02013
kom:HR38_21015	ko:K02020
kom:HR38_21025	ko:K08194
kom:HR38_21030	ko:K26400
kom:HR38_21040	ko:K01675
kom:HR38_21045	ko:K00873
kom:HR38_21050	ko:K06078
kom:HR38_21055	ko:K19236
kom:HR38_21060	ko:K02426
kom:HR38_21065	ko:K11717
kom:HR38_21070	ko:K09015
kom:HR38_21075	ko:K09013
kom:HR38_21080	ko:K09014
kom:HR38_21085	ko:K05997
kom:HR38_21090	ko:K07349
kom:HR38_21095	ko:K07345
kom:HR38_21100	ko:K07347
kom:HR38_21105	ko:K07346
kom:HR38_21110	ko:K07345
kom:HR38_21130	ko:K19222
kom:HR38_21135	ko:K26063
kom:HR38_21145	ko:K01007
kom:HR38_21150	ko:K09773
kom:HR38_21155	ko:K01626
kom:HR38_21165	ko:K08997
kom:HR38_21170	ko:K13695
kom:HR38_21175	ko:K06074
kom:HR38_21180	ko:K00432
kom:HR38_21185	ko:K02073
kom:HR38_21190	ko:K06073
kom:HR38_21195	ko:K04764
kom:HR38_21200	ko:K01890
kom:HR38_21205	ko:K01889
kom:HR38_21210	ko:K02887
kom:HR38_21215	ko:K02916
kom:HR38_21220	ko:K02520
kom:HR38_21225	ko:K01868
kom:HR38_21235	ko:K07283
kom:HR38_21240	ko:K16370
kom:HR38_21255	ko:K03832
kom:HR38_21260	ko:K09780
kom:HR38_21275	ko:K06131
kom:HR38_21280	ko:K09901
kom:HR38_21285	ko:K10716
kom:HR38_21290	ko:K10823
kom:HR38_21295	ko:K15583
kom:HR38_21300	ko:K15582
kom:HR38_21305	ko:K15581
kom:HR38_21310	ko:K15580
kom:HR38_21320	ko:K04072
kom:HR38_21325	ko:K00857
kom:HR38_21335	ko:K03746
kom:HR38_21340	ko:K00963
kom:HR38_21345	ko:K02485
kom:HR38_21350	ko:K07001
kom:HR38_21355	ko:K09858
kom:HR38_21360	ko:K01433
kom:HR38_21365	ko:K14236
kom:HR38_21370	ko:K14236
kom:HR38_21375	ko:K00374
kom:HR38_21380	ko:K00373
kom:HR38_21385	ko:K00371
kom:HR38_21390	ko:K00370
kom:HR38_21395	ko:K02575
kom:HR38_21400	ko:K07673
kom:HR38_21405	ko:K07684
kom:HR38_21415	ko:K00372
kom:HR38_21420	ko:K00361
kom:HR38_21425	ko:K15578
kom:HR38_21430	ko:K15577
kom:HR38_21435	ko:K15576
kom:HR38_21445	ko:K06039
kom:HR38_21455	ko:K07232
kom:HR38_21460	ko:K06197
kom:HR38_21465	ko:K07300
kom:HR38_21470	ko:K01627
kom:HR38_21485	ko:K02493
kom:HR38_21490	ko:K02835
kom:HR38_21495	ko:K02492
kom:HR38_21500	ko:K02494
kom:HR38_21505	ko:K00919
kom:HR38_21510	ko:K00948
kom:HR38_21515	ko:K03321
kom:HR38_21530	ko:K01056
kom:HR38_21535	ko:K06942
kom:HR38_21545	ko:K04095
kom:HR38_21565	ko:K01751
kom:HR38_21575	ko:K01464
kom:HR38_21580	ko:K00926
kom:HR38_21590	ko:K12527
kom:HR38_21610	ko:K24206
kom:HR38_21620	ko:K22015
kom:HR38_21625	ko:K22015
kom:HR38_21630	ko:K07141
kom:HR38_21645	ko:K06609
kom:HR38_21650	ko:K02798
kom:HR38_21655	ko:K07127
kom:HR38_21660	ko:K03098
kom:HR38_21670	ko:K01610
kom:HR38_21675	ko:K21645
kom:HR38_21680	ko:K06177
kom:HR38_21685	ko:K05847
kom:HR38_21690	ko:K05846
kom:HR38_21695	ko:K05846
kom:HR38_21700	ko:K05845
kom:HR38_21730	ko:K07395
kom:HR38_21765	ko:K03292
kom:HR38_21770	ko:K01194
kom:HR38_21775	ko:K08308
kom:HR38_21780	ko:K01297
kom:HR38_21785	ko:K11105
kom:HR38_21790	ko:K01775
kom:HR38_21795	ko:K00285
kom:HR38_21800	ko:K06415
kom:HR38_21805	ko:K07491
kom:HR38_21810	ko:K03603
kom:HR38_21815	ko:K03314
kom:HR38_21820	ko:K03611
kom:HR38_21830	ko:K09160
kom:HR38_21835	ko:K29029
kom:HR38_21840	ko:K09902
kom:HR38_21845	ko:K03610
kom:HR38_21850	ko:K03609
kom:HR38_21855	ko:K03608
kom:HR38_21860	ko:K03684
kom:HR38_21865	ko:K01897
kom:HR38_21870	ko:K07285
kom:HR38_21875	ko:K14742
kom:HR38_21880	ko:K03722
kom:HR38_21895	ko:K10112
kom:HR38_21900	ko:K02026
kom:HR38_21905	ko:K02025
kom:HR38_21910	ko:K02027
kom:HR38_21925	ko:K09917
kom:HR38_21930	ko:K01665
kom:HR38_21940	ko:K01752
kom:HR38_21945	ko:K21090
kom:HR38_21955	ko:K02794
kom:HR38_21960	ko:K02795
kom:HR38_21965	ko:K02796
kom:HR38_21980	ko:K23242
kom:HR38_21985	ko:K00563
kom:HR38_21990	ko:K03587
kom:HR38_21995	ko:K03704
kom:HR38_22015	ko:K19333
kom:HR38_22020	ko:K08169
kom:HR38_22025	ko:K03799
kom:HR38_22030	ko:K03797
kom:HR38_22035	ko:K03607
kom:HR38_22040	ko:K08968
kom:HR38_22045	ko:K03808
kom:HR38_22050	ko:K06192
kom:HR38_22055	ko:K11392
kom:HR38_22070	ko:K07313
kom:HR38_22075	ko:K09824
kom:HR38_22085	ko:K27078
kom:HR38_22090	ko:K27078
kom:HR38_22095	ko:K07346
kom:HR38_22100	ko:K07347
kom:HR38_22105	ko:K27078
kom:HR38_22115	ko:K07245
kom:HR38_22120	ko:K07156
kom:HR38_22125	ko:K02345
kom:HR38_22130	ko:K10857
kom:HR38_22135	ko:K01354
kom:HR38_22145	ko:K09918
kom:HR38_22150	ko:K08289
kom:HR38_22155	ko:K01625
kom:HR38_22160	ko:K01690
kom:HR38_22165	ko:K00036
kom:HR38_22170	ko:K19337
kom:HR38_22175	ko:K00873
kom:HR38_22180	ko:K11616
kom:HR38_22185	ko:K13936
kom:HR38_22195	ko:K07703
kom:HR38_22200	ko:K02560
kom:HR38_22205	ko:K19304
kom:HR38_22210	ko:K09815
kom:HR38_22215	ko:K09817
kom:HR38_22220	ko:K09816
kom:HR38_22225	ko:K03551
kom:HR38_22230	ko:K03550
kom:HR38_22235	ko:K01159
kom:HR38_22245	ko:K08310
kom:HR38_22250	ko:K01876
kom:HR38_22265	ko:K07136
kom:HR38_22270	ko:K15256
kom:HR38_22275	ko:K15257
kom:HR38_22285	ko:K06201
kom:HR38_22290	ko:K09907
kom:HR38_22295	ko:K01887
kom:HR38_22300	ko:K15532
kom:HR38_22305	ko:K16210
kom:HR38_22310	ko:K14064
kom:HR38_22315	ko:K00697
kom:HR38_22320	ko:K01087
kom:HR38_22325	ko:K10538
kom:HR38_22330	ko:K10539
kom:HR38_22335	ko:K10537
kom:HR38_22345	ko:K02255
kom:HR38_22350	ko:K16210
kom:HR38_22375	ko:K02217
kom:HR38_22385	ko:K03834
kom:HR38_22390	ko:K07039
kom:HR38_22395	ko:K01714
kom:HR38_22400	ko:K14228
kom:HR38_22405	ko:K14222
kom:HR38_22410	ko:K14225
kom:HR38_22415	ko:K00995
kom:HR38_22420	ko:K03703
kom:HR38_22425	ko:K07689
kom:HR38_22435	ko:K07782
kom:HR38_22440	ko:K10010
kom:HR38_22445	ko:K10009
kom:HR38_22450	ko:K05396
kom:HR38_22455	ko:K02424
kom:HR38_22460	ko:K01176
kom:HR38_22475	ko:K07781
kom:HR38_22490	ko:K21085
kom:HR38_22500	ko:K09781
kom:HR38_22510	ko:K07458
kom:HR38_22515	ko:K00558
kom:HR38_22520	ko:K06950
kom:HR38_22530	ko:K09476
kom:HR38_22540	ko:K20534
kom:HR38_22555	ko:K14233
kom:HR38_22560	ko:K09933
kom:HR38_22565	ko:K14220
kom:HR38_22570	ko:K00344
kom:HR38_22580	ko:K18900
kom:HR38_22595	ko:K23721
kom:HR38_22605	ko:K11932
kom:HR38_22630	ko:K12973
kom:HR38_22645	ko:K19238
kom:HR38_22650	ko:K01241
kom:HR38_22660	ko:K14220
kom:HR38_22665	ko:K26937
kom:HR38_22670	ko:K14220
kom:HR38_22775	ko:K03746
kom:HR38_22795	ko:K07733
kom:HR38_22820	ko:K07345
kom:HR38_22825	ko:K07351
kom:HR38_22830	ko:K07346
kom:HR38_22835	ko:K07347
kom:HR38_22840	ko:K07348
kom:HR38_22845	ko:K07349
kom:HR38_22850	ko:K07350
kom:HR38_22860	ko:K01232
kom:HR38_22865	ko:K02750
kom:HR38_22870	ko:K03482
kom:HR38_22895	ko:K08172
kom:HR38_22915	ko:K02529
kom:HR38_22925	ko:K02798
kom:HR38_22930	ko:K00010
kom:HR38_22935	ko:K06609
kom:HR38_22940	ko:K07168
kom:HR38_22945	ko:K01251
kom:HR38_22950	ko:K02233
kom:HR38_22960	ko:K09802
kom:HR38_22970	ko:K07470
kom:HR38_22980	ko:K07258
kom:HR38_22985	ko:K01141
kom:HR38_22990	ko:K02355
kom:HR38_23000	ko:K03737
kom:HR38_23005	ko:K02588
kom:HR38_23010	ko:K02586
kom:HR38_23015	ko:K02591
kom:HR38_23020	ko:K02593
kom:HR38_23030	ko:K02587
kom:HR38_23035	ko:K02592
kom:HR38_23040	ko:K02596
kom:HR38_23045	ko:K13819
kom:HR38_23050	ko:K04487
kom:HR38_23055	ko:K02594
kom:HR38_23060	ko:K02595
kom:HR38_23065	ko:K02597
kom:HR38_23070	ko:K03769
kom:HR38_23075	ko:K03839
kom:HR38_23080	ko:K23916
kom:HR38_23085	ko:K02584
kom:HR38_23100	ko:K15790
kom:HR38_23120	ko:K00765
kom:HR38_23125	ko:K00013
kom:HR38_23130	ko:K00817
kom:HR38_23135	ko:K01089
kom:HR38_23140	ko:K02501
kom:HR38_23145	ko:K01814
kom:HR38_23150	ko:K02500
kom:HR38_23155	ko:K11755
kom:HR38_23175	ko:K01854
kom:HR38_23185	ko:K09691
kom:HR38_23190	ko:K09690
kom:HR38_23195	ko:K08679
kom:HR38_23205	ko:K00012
kom:HR38_23210	ko:K01840
kom:HR38_23215	ko:K00971
kom:HR38_23220	ko:K00033
kom:HR38_23270	ko:K16692
kom:HR38_23275	ko:K25307
kom:HR38_23280	ko:K01991
kom:HR38_23295	ko:K00963
kom:HR38_23315	ko:K07289
kom:HR38_23320	ko:K01494
kom:HR38_23325	ko:K00876
kom:HR38_23330	ko:K01247
kom:HR38_23335	ko:K04046
kom:HR38_23340	ko:K01647
kom:HR38_23370	ko:K02035
kom:HR38_23375	ko:K02032
kom:HR38_23380	ko:K02031
kom:HR38_23385	ko:K02034
kom:HR38_23390	ko:K02033
kom:HR38_23395	ko:K01259
kom:HR38_23405	ko:K18457
kom:HR38_23410	ko:K06987
kom:HR38_23415	ko:K03719
kom:HR38_23420	ko:K10015
kom:HR38_23425	ko:K10016
kom:HR38_23430	ko:K10014
kom:HR38_23435	ko:K01482
kom:HR38_23440	ko:K07799
kom:HR38_23445	ko:K07788
kom:HR38_23450	ko:K07789
kom:HR38_23455	ko:K18326
kom:HR38_23460	ko:K07642
kom:HR38_23465	ko:K07664
kom:HR38_23470	ko:K08303
kom:HR38_23490	ko:K02032
kom:HR38_23495	ko:K02031
kom:HR38_23500	ko:K02034
kom:HR38_23505	ko:K02033
kom:HR38_23510	ko:K02035
kom:HR38_23520	ko:K24204
kom:HR38_23525	ko:K28818
kom:HR38_23530	ko:K00854
kom:HR38_23535	ko:K00007
kom:HR38_23545	ko:K03435
kom:HR38_23550	ko:K00039
kom:HR38_23555	ko:K00875
kom:HR38_23560	ko:K11645
kom:HR38_23565	ko:K00941
kom:HR38_23570	ko:K00878
kom:HR38_23640	ko:K25227
kom:HR38_23655	ko:K01486
kom:HR38_23660	ko:K06901
kom:HR38_23670	ko:K23243
kom:HR38_23680	ko:K03593
kom:HR38_23685	ko:K01874
kom:HR38_23700	ko:K27883
kom:HR38_23705	ko:K27882
kom:HR38_23710	ko:K21089
kom:HR38_23720	ko:K05846
kom:HR38_23725	ko:K05847
kom:HR38_23730	ko:K05846
kom:HR38_23735	ko:K05845
kom:HR38_23740	ko:K05349
kom:HR38_23750	ko:K03777
kom:HR38_23760	ko:K07262
kom:HR38_23780	ko:K18139
kom:HR38_23790	ko:K01223
kom:HR38_23795	ko:K02757
kom:HR38_23800	ko:K03488
kom:HR38_23805	ko:K05541
kom:HR38_23810	ko:K22270
kom:HR38_23815	ko:K01800
kom:HR38_23820	ko:K16165
kom:HR38_23825	ko:K00450
kom:HR38_23830	ko:K08195
kom:HR38_23840	ko:K06518
kom:HR38_23850	ko:K01489
kom:HR38_23855	ko:K03748
kom:HR38_23860	ko:K10541
kom:HR38_23865	ko:K10542
kom:HR38_23870	ko:K10540
kom:HR38_23875	ko:K02529
kom:HR38_23880	ko:K07148
kom:HR38_23885	ko:K01495
kom:HR38_23890	ko:K01070
kom:HR38_23895	ko:K16089
kom:HR38_23905	ko:K11733
kom:HR38_23920	ko:K01151
kom:HR38_23930	ko:K16324
kom:HR38_23935	ko:K16329
kom:HR38_23940	ko:K16328
kom:HR38_23945	ko:K02770
kom:HR38_23950	ko:K00882
kom:HR38_23955	ko:K11183
kom:HR38_23960	ko:K03291
kom:HR38_23965	ko:K06940
kom:HR38_23970	ko:K02356
kom:HR38_23985	ko:K19803
kom:HR38_23990	ko:K13694
kom:HR38_23995	ko:K26148
kom:HR38_24000	ko:K13893
kom:HR38_24005	ko:K13894
kom:HR38_24010	ko:K13895
kom:HR38_24015	ko:K13896
kom:HR38_24025	ko:K07552
kom:HR38_24030	ko:K06183
kom:HR38_24035	ko:K19789
kom:HR38_24040	ko:K02897
kom:HR38_24055	ko:K06899
kom:HR38_24060	ko:K09904
kom:HR38_24065	ko:K07014
kom:HR38_24070	ko:K14232
kom:HR38_24080	ko:K11905
kom:HR38_24085	ko:K11906
kom:HR38_24090	ko:K11895
kom:HR38_24095	ko:K11896
kom:HR38_24115	ko:K11891
kom:HR38_24140	ko:K11904
kom:HR38_24160	ko:K11903
kom:HR38_24170	ko:K11892
kom:HR38_24175	ko:K11893
kom:HR38_24180	ko:K11900
kom:HR38_24185	ko:K11901
kom:HR38_24195	ko:K08276
kom:HR38_24200	ko:K00116
kom:HR38_24205	ko:K03321
kom:HR38_24210	ko:K06213
kom:HR38_24215	ko:K06159
kom:HR38_24220	ko:K03919
kom:HR38_24225	ko:K10778
kom:HR38_24230	ko:K03734
kom:HR38_24235	ko:K09475
kom:HR38_24240	ko:K07676
kom:HR38_24245	ko:K07687
kom:HR38_24250	ko:K07677
kom:HR38_24255	ko:K02469
kom:HR38_24260	ko:K00568
kom:HR38_24265	ko:K00525
kom:HR38_24270	ko:K00526
kom:HR38_24275	ko:K11107
kom:HR38_24290	ko:K01126
kom:HR38_24295	ko:K02445
kom:HR38_24300	ko:K00111
kom:HR38_24305	ko:K00112
kom:HR38_24310	ko:K00113
kom:HR38_24315	ko:K12660
kom:HR38_24320	ko:K26580
kom:HR38_24325	ko:K12661
kom:HR38_24345	ko:K03781
kom:HR38_24355	ko:K12944
kom:HR38_24360	ko:K07649
kom:HR38_24365	ko:K07774
kom:HR38_24370	ko:K07795
kom:HR38_24375	ko:K07794
kom:HR38_24380	ko:K07793
kom:HR38_24385	ko:K08984
kom:HR38_24390	ko:K01911
kom:HR38_24395	ko:K02549
kom:HR38_24400	ko:K01661
kom:HR38_24405	ko:K08680
kom:HR38_24410	ko:K02551
kom:HR38_24415	ko:K02552
kom:HR38_24420	ko:K02348
kom:HR38_24425	ko:K00784
kom:HR38_24430	ko:K07357
kom:HR38_24435	ko:K07349
kom:HR38_24445	ko:K07347
kom:HR38_24450	ko:K07346
kom:HR38_24455	ko:K07345
kom:HR38_24460	ko:K07357
kom:HR38_24465	ko:K00343
kom:HR38_24470	ko:K00342
kom:HR38_24475	ko:K00341
kom:HR38_24480	ko:K00340
kom:HR38_24485	ko:K00339
kom:HR38_24490	ko:K00338
kom:HR38_24495	ko:K00337
kom:HR38_24500	ko:K00336
kom:HR38_24505	ko:K00335
kom:HR38_24510	ko:K00334
kom:HR38_24515	ko:K13378
kom:HR38_24520	ko:K00331
kom:HR38_24525	ko:K00330
kom:HR38_24535	ko:K14260
kom:HR38_24540	ko:K08722
kom:HR38_24550	ko:K19270
kom:HR38_24555	ko:K09161
kom:HR38_24560	ko:K09899
kom:HR38_24565	ko:K00925
kom:HR38_24570	ko:K13788
kom:HR38_24575	ko:K00615
kom:HR38_24580	ko:K00615
kom:HR38_24585	ko:K03475
kom:HR38_24590	ko:K02822
kom:HR38_24595	ko:K02821
kom:HR38_24610	ko:K07095
kom:HR38_24615	ko:K00799
kom:HR38_24625	ko:K07589
kom:HR38_24630	ko:K07071
kom:HR38_24650	ko:K10017
kom:HR38_24655	ko:K10015
kom:HR38_24660	ko:K10016
kom:HR38_24665	ko:K10014
kom:HR38_24670	ko:K10013
kom:HR38_24675	ko:K03186
kom:HR38_24680	ko:K00764
kom:HR38_24685	ko:K03558
kom:HR38_24690	ko:K03749
kom:HR38_24695	ko:K11754
kom:HR38_24700	ko:K01963
kom:HR38_24705	ko:K03975
kom:HR38_24710	ko:K06173
kom:HR38_24720	ko:K03473
kom:HR38_24735	ko:K00647
kom:HR38_24740	ko:K15461
kom:HR38_24750	ko:K09906
kom:HR38_24755	ko:K07090
kom:HR38_24760	ko:K07261
kom:HR38_24765	ko:K01736
kom:HR38_24770	ko:K07320
kom:HR38_24780	ko:K08296
kom:HR38_24785	ko:K01782
kom:HR38_24800	ko:K06076
kom:HR38_24805	ko:K04754
kom:HR38_24810	ko:K21990
kom:HR38_24815	ko:K14219
kom:HR38_24840	ko:K11921
kom:HR38_24845	ko:K03449
kom:HR38_24850	ko:K14261
kom:HR38_24855	ko:K27884
kom:HR38_24860	ko:K27885
kom:HR38_24865	ko:K00845
kom:HR38_24870	ko:K03281
kom:HR38_24875	ko:K04103
kom:HR38_24880	ko:K19265
kom:HR38_24890	ko:K03322
kom:HR38_24895	ko:K11535
kom:HR38_24900	ko:K26149
kom:HR38_24905	ko:K14218
kom:HR38_24910	ko:K14218
kom:HR38_24925	ko:K01885
kom:HR38_24930	ko:K14237
kom:HR38_24935	ko:K14237
kom:HR38_24940	ko:K14237
kom:HR38_24945	ko:K14229
kom:HR38_24955	ko:K11537
kom:HR38_24960	ko:K03783
kom:HR38_24970	ko:K14347
kom:HR38_24975	ko:K09954
kom:HR38_24980	ko:K01972
kom:HR38_24985	ko:K03528
kom:HR38_24990	ko:K06203
kom:HR38_24995	ko:K01738
kom:HR38_25005	ko:K02784
kom:HR38_25010	ko:K08483
kom:HR38_25015	ko:K02777
kom:HR38_25025	ko:K00868
kom:HR38_25035	ko:K01951
kom:HR38_25045	ko:K12339
kom:HR38_25050	ko:K02045
kom:HR38_25055	ko:K02047
kom:HR38_25060	ko:K02046
kom:HR38_25065	ko:K02048
kom:HR38_25070	ko:K07223
kom:HR38_25090	ko:K01448
kom:HR38_25095	ko:K00228
kom:HR38_25100	ko:K04033
kom:HR38_25105	ko:K04025
kom:HR38_25110	ko:K04026
kom:HR38_25115	ko:K03736
kom:HR38_25120	ko:K03735
kom:HR38_25125	ko:K04019
kom:HR38_25130	ko:K04023
kom:HR38_25135	ko:K04022
kom:HR38_25140	ko:K04024
kom:HR38_25145	ko:K04021
kom:HR38_25150	ko:K04028
kom:HR38_25155	ko:K04027
kom:HR38_25160	ko:K04020
kom:HR38_25165	ko:K04032
kom:HR38_25170	ko:K04030
kom:HR38_25175	ko:K04029
kom:HR38_25180	ko:K04031
kom:HR38_25185	ko:K00029
kom:HR38_25190	ko:K00615
kom:HR38_25200	ko:K12945
kom:HR38_25210	ko:K18324
kom:HR38_25220	ko:K01439
kom:HR38_25230	ko:K06999
kom:HR38_25235	ko:K06957
kom:HR38_25240	ko:K07054
kom:HR38_25245	ko:K01923
kom:HR38_25250	ko:K07287
kom:HR38_25255	ko:K01714
kom:HR38_25260	ko:K03567
kom:HR38_25265	ko:K03564
kom:HR38_25270	ko:K03548
kom:HR38_25275	ko:K01423
kom:HR38_25280	ko:K00537
kom:HR38_25285	ko:K10763
kom:HR38_25290	ko:K02824
kom:HR38_25295	ko:K00761
kom:HR38_25305	ko:K18673
kom:HR38_25315	ko:K01933
kom:HR38_25320	ko:K11175
kom:HR38_25330	ko:K16210
kom:HR38_25335	ko:K15532
kom:HR38_25345	ko:K00937
kom:HR38_25350	ko:K01524
kom:HR38_25355	ko:K26149
kom:HR38_25375	ko:K01951
kom:HR38_25380	ko:K00088
kom:HR38_25385	ko:K03601
kom:HR38_25410	ko:K03832
kom:HR38_25415	ko:K03977
kom:HR38_25420	ko:K17713
kom:HR38_25430	ko:K01892
kom:HR38_25435	ko:K03526
kom:HR38_25440	ko:K15539
kom:HR38_25445	ko:K06941
kom:HR38_25450	ko:K00940
kom:HR38_25455	ko:K05367
kom:HR38_25460	ko:K06894
kom:HR38_25475	ko:K01011
kom:HR38_25485	ko:K07751
kom:HR38_25495	ko:K04755
kom:HR38_25500	ko:K04044
kom:HR38_25505	ko:K04082
kom:HR38_25510	ko:K13628
kom:HR38_25515	ko:K04488
kom:HR38_25520	ko:K04487
kom:HR38_25525	ko:K13643
kom:HR38_25530	ko:K15396
kom:HR38_25535	ko:K01092
kom:HR38_25540	ko:K08970
kom:HR38_25555	ko:K05820
kom:HR38_25560	ko:K01785
kom:HR38_25580	ko:K15977
kom:HR38_25585	ko:K00600
kom:HR38_25590	ko:K05916
kom:HR38_25595	ko:K04751
kom:HR38_25600	ko:K07715
kom:HR38_25610	ko:K07711
kom:HR38_25615	ko:K01952
kom:HR38_25620	ko:K18691
kom:HR38_25625	ko:K11991
kom:HR38_25630	ko:K18697
kom:HR38_25645	ko:K00997
kom:HR38_25650	ko:K03474
kom:HR38_25660	ko:K03595
kom:HR38_25665	ko:K03685
kom:HR38_25670	ko:K03100
kom:HR38_25675	ko:K03596
kom:HR38_25680	ko:K03803
kom:HR38_25685	ko:K03598
kom:HR38_25690	ko:K03597
kom:HR38_25695	ko:K03088
kom:HR38_25700	ko:K00278
kom:HR38_25705	ko:K15460
kom:HR38_25710	ko:K05590
kom:HR38_25715	ko:K06866
kom:HR38_25720	ko:K03648
kom:HR38_25725	ko:K07495
kom:HR38_25730	ko:K03214
kom:HR38_25735	ko:K03672
kom:HR38_25740	ko:K05812
kom:HR38_25745	ko:K09181
kom:HR38_25750	ko:K00998
kom:HR38_25755	ko:K05811
kom:HR38_25760	ko:K03761
kom:HR38_25770	ko:K01985
kom:HR38_25775	ko:K01980
kom:HR38_25780	ko:K14224
kom:HR38_25785	ko:K01977
kom:HR38_25790	ko:K03695
kom:HR38_25795	ko:K05810
kom:HR38_25800	ko:K06180
kom:HR38_25805	ko:K05807
kom:HR38_25810	ko:K05809
kom:HR38_25815	ko:K14170
kom:HR38_25825	ko:K14187
kom:HR38_25830	ko:K01626
kom:HR38_25840	ko:K21021
kom:HR38_25860	ko:K02884
kom:HR38_25865	ko:K00554
kom:HR38_25870	ko:K02860
kom:HR38_25875	ko:K02959
kom:HR38_25880	ko:K03106
kom:HR38_25890	ko:K03699
kom:HR38_25895	ko:K03687
kom:HR38_25900	ko:K00858
kom:HR38_25905	ko:K03631
kom:HR38_25910	ko:K06186
kom:HR38_25915	ko:K09801
kom:HR38_25925	ko:K03664
kom:HR38_25930	ko:K12149
kom:HR38_26070	ko:K07451
kom:HR38_26135	ko:K06919
kom:HR38_26210	ko:K14059
kom:HR38_26240	ko:K11910
kom:HR38_26260	ko:K07345
kom:HR38_26265	ko:K07347
kom:HR38_26270	ko:K07346
kom:HR38_26275	ko:K07345
kom:HR38_26285	ko:K07679
kom:HR38_26290	ko:K07690
kom:HR38_26315	ko:K12255
kom:HR38_26330	ko:K02030
kom:HR38_26335	ko:K02028
kom:HR38_26335	ko:K02029
kom:HR38_26345	ko:K12972
kom:HR38_26350	ko:K02200
kom:HR38_26355	ko:K02199
kom:HR38_26360	ko:K02198
kom:HR38_26365	ko:K02197
kom:HR38_26370	ko:K02196
kom:HR38_26375	ko:K02195
kom:HR38_26385	ko:K02193
kom:HR38_26390	ko:K00428
kom:HR38_26405	ko:K03566
kom:HR38_26410	ko:K01713
kom:HR38_26420	ko:K07345
kom:HR38_26425	ko:K07347
kom:HR38_26430	ko:K07346
kom:HR38_26435	ko:K07345
kom:HR38_26445	ko:K00138
kom:HR38_26450	ko:K21405
kom:HR38_26455	ko:K19302
kom:HR38_26475	ko:K11685
kom:HR38_26485	ko:K28156
kom:HR38_26500	ko:K00375
kom:HR38_26510	ko:K06191
kom:HR38_26515	ko:K03647
kom:HR38_26520	ko:K00525
kom:HR38_26525	ko:K00526
kom:HR38_26530	ko:K02000
kom:HR38_26535	ko:K02001
kom:HR38_26540	ko:K02002
kom:HR38_26545	ko:K26605
kom:HR38_26550	ko:K26606
kom:HR38_26555	ko:K15974
kom:HR38_26560	ko:K03543
kom:HR38_26565	ko:K03446
kom:HR38_26580	ko:K07173
kom:HR38_26585	ko:K01919
kom:HR38_26605	ko:K14219
kom:HR38_26610	ko:K14219
kom:HR38_26615	ko:K14219
kom:HR38_26620	ko:K14233
kom:HR38_26625	ko:K03563
kom:HR38_26630	ko:K01872
kom:HR38_26635	ko:K03565
kom:HR38_26640	ko:K03553
kom:HR38_26645	ko:K03743
kom:HR38_26655	ko:K02077
kom:HR38_26660	ko:K02075
kom:HR38_26665	ko:K02074
kom:HR38_26675	ko:K08305
kom:HR38_26680	ko:K02783
kom:HR38_26685	ko:K02782
kom:HR38_26690	ko:K02781
kom:HR38_26695	ko:K00068
kom:HR38_26700	ko:K02466
kom:HR38_26705	ko:K02468
kom:HR38_26710	ko:K02467
kom:HR38_26715	ko:K12266
kom:HR38_26720	ko:K12264
kom:HR38_26725	ko:K12265
kom:HR38_26730	ko:K07241
kom:HR38_26735	ko:K04656
kom:HR38_26740	ko:K05796
kom:HR38_26745	ko:K03487
kom:HR38_26750	ko:K02753
kom:HR38_26755	ko:K01223
kom:HR38_26760	ko:K08315
kom:HR38_26765	ko:K15834
kom:HR38_26770	ko:K15832
kom:HR38_26775	ko:K15831
kom:HR38_26780	ko:K15830
kom:HR38_26785	ko:K15829
kom:HR38_26790	ko:K15828
kom:HR38_26795	ko:K15827
kom:HR38_26800	ko:K15833
kom:HR38_26805	ko:K04651
kom:HR38_26810	ko:K04652
kom:HR38_26815	ko:K04653
kom:HR38_26820	ko:K04654
kom:HR38_26825	ko:K04655
kom:HR38_26830	ko:K15836
kom:HR38_26840	ko:K01223
kom:HR38_26850	ko:K16077
kom:HR38_26855	ko:K02761
kom:HR38_26860	ko:K02760
kom:HR38_26865	ko:K02761
kom:HR38_26870	ko:K02759
kom:HR38_26875	ko:K00847
kom:HR38_26885	ko:K11604
kom:HR38_26890	ko:K11607
kom:HR38_26895	ko:K11605
kom:HR38_26900	ko:K11606
kom:HR38_26910	ko:K07401
kom:HR38_26915	ko:K16087
kom:HR38_26920	ko:K07225
kom:HR38_26925	ko:K25132
kom:HR38_26930	ko:K25133
kom:HR38_26935	ko:K10834
kom:HR38_26940	ko:K08323
kom:HR38_26945	ko:K00046
kom:HR38_26950	ko:K08194
kom:HR38_26955	ko:K00098
kom:HR38_26965	ko:K00048
kom:HR38_26990	ko:K00059
kom:HR38_26995	ko:K02078
kom:HR38_27005	ko:K09458
kom:HR38_27010	ko:K18139
kom:HR38_27015	ko:K05685
kom:HR38_27020	ko:K13888
kom:HR38_27035	ko:K03673
kom:HR38_27065	ko:K12519
kom:HR38_27070	ko:K12518
kom:HR38_27085	ko:K03555
kom:HR38_27090	ko:K18922
kom:HR38_27095	ko:K21759
kom:HR38_27100	ko:K01612
kom:HR38_27105	ko:K03186
kom:HR38_27110	ko:K22489
kom:HR38_27130	ko:K03087
kom:HR38_27135	ko:K06194
kom:HR38_27140	ko:K00573
kom:HR38_27145	ko:K03787
kom:HR38_27150	ko:K06176
kom:HR38_27155	ko:K01770
kom:HR38_27160	ko:K00991
kom:HR38_27165	ko:K05589
kom:HR38_27175	ko:K00860
kom:HR38_27180	ko:K00956
kom:HR38_27185	ko:K00957
kom:HR38_27190	ko:K02302
kom:HR38_27195	ko:K09612
kom:HR38_27220	ko:K04487
kom:HR38_27235	ko:K00390
kom:HR38_27240	ko:K00381
kom:HR38_27245	ko:K00380
kom:HR38_27250	ko:K01737
kom:HR38_27255	ko:K10026
kom:HR38_27265	ko:K01689
kom:HR38_27270	ko:K01937
kom:HR38_27275	ko:K04765
kom:HR38_27280	ko:K00951
kom:HR38_27285	ko:K03215
kom:HR38_27290	ko:K07678
kom:HR38_27295	ko:K00865
kom:HR38_27300	ko:K01706
kom:HR38_27305	ko:K13918
kom:HR38_27310	ko:K03535
kom:HR38_27320	ko:K06175
kom:HR38_27335	ko:K15723
kom:HR38_27340	ko:K06879
kom:HR38_27345	ko:K06966
kom:HR38_27350	ko:K03837
kom:HR38_27355	ko:K01752
kom:HR38_27360	ko:K15553
kom:HR38_27365	ko:K20938
kom:HR38_27375	ko:K04091
kom:HR38_27385	ko:K01146
kom:HR38_27390	ko:K01628
kom:HR38_27395	ko:K02429
kom:HR38_27400	ko:K01818
kom:HR38_27405	ko:K00879
kom:HR38_27410	ko:K02431
kom:HR38_27415	ko:K02430
kom:HR38_27420	ko:K06968
kom:HR38_27430	ko:K03566
kom:HR38_27440	ko:K01766
kom:HR38_27445	ko:K02426
kom:HR38_27450	ko:K22132
kom:HR38_27455	ko:K08304
kom:HR38_27460	ko:K14230
kom:HR38_27465	ko:K14230
kom:HR38_27470	ko:K14230
kom:HR38_27475	ko:K00768
kom:HR38_27480	ko:K02231
kom:HR38_27485	ko:K02232
kom:HR38_27490	ko:K02006
kom:HR38_27495	ko:K02008
kom:HR38_27500	ko:K02009
kom:HR38_27505	ko:K02007
kom:HR38_27510	ko:K03394
kom:HR38_27515	ko:K02190
kom:HR38_27520	ko:K05895
kom:HR38_27525	ko:K05934
kom:HR38_27530	ko:K02189
kom:HR38_27535	ko:K05936
kom:HR38_27540	ko:K02191
kom:HR38_27545	ko:K03399
kom:HR38_27550	ko:K02188
kom:HR38_27555	ko:K06042
kom:HR38_27560	ko:K02227
kom:HR38_27565	ko:K02224
kom:HR38_27570	ko:K27259
kom:HR38_27575	ko:K27261
kom:HR38_27580	ko:K27260
kom:HR38_27585	ko:K27263
kom:HR38_27590	ko:K01699
kom:HR38_27595	ko:K13919
kom:HR38_27600	ko:K13920
kom:HR38_27605	ko:K27264
kom:HR38_27610	ko:K27265
kom:HR38_27615	ko:K27266
kom:HR38_27620	ko:K27267
kom:HR38_27625	ko:K13923
kom:HR38_27630	ko:K27268
kom:HR38_27635	ko:K27269
kom:HR38_27640	ko:K27270
kom:HR38_27645	ko:K13922
kom:HR38_27650	ko:K13921
kom:HR38_27655	ko:K27271
kom:HR38_27665	ko:K04031
kom:HR38_27670	ko:K04029
kom:HR38_27675	ko:K19697
kom:HR38_27680	ko:K16651
kom:HR38_27685	ko:K18867
kom:HR38_27690	ko:K01978
kom:HR38_27725	ko:K03724
kom:HR38_27755	ko:K01458
kom:HR38_27760	ko:K01468
kom:HR38_27765	ko:K03457
kom:HR38_27770	ko:K01712
kom:HR38_27795	ko:K09975
kom:HR38_27800	ko:K05836
kom:HR38_27805	ko:K05603
kom:HR38_27815	ko:K03457
kom:HR38_27820	ko:K00666
kom:HR38_27845	ko:K02029
kom:HR38_27850	ko:K02029
kom:HR38_27855	ko:K02030
kom:HR38_27860	ko:K03566
kom:HR38_27865	ko:K08688
kom:HR38_27905	ko:K12056
kom:HR38_27910	ko:K12072
kom:HR38_27930	ko:K12057
kom:HR38_27945	ko:K12058
kom:HR38_27950	ko:K12059
kom:HR38_27955	ko:K12060
kom:HR38_27960	ko:K12061
kom:HR38_27965	ko:K28223
kom:HR38_27970	ko:K12063
kom:HR38_28015	ko:K12065
kom:HR38_28020	ko:K12066
kom:HR38_28025	ko:K12067
kom:HR38_28030	ko:K12068
kom:HR38_28095	ko:K03497
kom:HR38_28105	ko:K03111
kom:HR38_28170	ko:K07319
kom:HR38_28190	ko:K18640
kom:HR38_28195	ko:K03503
kom:HR38_28200	ko:K03502
kom:HR38_28205	ko:K18923
kom:HR38_28210	ko:K06218
kom:HR38_28220	ko:K03497
kom:HR38_28225	ko:K03496
kom:HR38_28250	ko:K07497
kom:HR38_28255	ko:K07483
kom:HR38_28290	ko:K07451
kom:HR38_28305	ko:K07644
kom:HR38_28310	ko:K07665
kom:HR38_28315	ko:K07796
kom:HR38_28320	ko:K07810
kom:HR38_28325	ko:K07798
kom:HR38_28330	ko:K07787
kom:HR38_28340	ko:K23254
kom:HR38_28365	ko:K07233
kom:HR38_28370	ko:K07156
kom:HR38_28375	ko:K07245
kom:HR38_28380	ko:K07665
kom:HR38_28385	ko:K07644
kom:HR38_28400	ko:K07746
kom:HR38_28420	ko:K05839
kom:HR38_28425	ko:K07483
kom:HR38_28435	ko:K00986
kom:HR38_28440	ko:K07486
kom:HR38_28445	ko:K03303
kom:HR38_28450	ko:K03777
kom:HR38_28455	ko:K18928
kom:HR38_28460	ko:K18929
kom:HR38_28465	ko:K00782
kom:HR38_28475	ko:K19166
kom:HR38_28480	ko:K18831
kom:HR38_28510	ko:K03892
kom:HR38_28520	ko:K01551
kom:HR38_28525	ko:K03893
kom:HR38_28530	ko:K00537
kom:HR38_28540	ko:K18320
kom:HR38_28595	ko:K07481
kom:HR38_28600	ko:K07481
kom:HR38_28605	ko:K21703
kom:HR38_28610	ko:K18916
kom:HR38_28615	ko:K02042
kom:HR38_28620	ko:K02044
kom:HR38_28625	ko:K02041
kom:HR38_28640	ko:K11741
kom:HR38_28645	ko:K03313
kom:HR38_28655	ko:K06199
kom:HR38_28670	ko:K03321
kom:HR38_28675	ko:K03892
kom:HR38_28690	ko:K18320
kom:HR38_28715	ko:K07075
kom:HR38_28720	ko:K18320
kom:HR38_28725	ko:K07486
kom:HR38_28730	ko:K07497
kom:HR38_28740	ko:K15536
kom:HR38_28750	ko:K22736
kom:HR38_28770	ko:K18320
kom:HR38_28785	ko:K27069
kom:HR38_28790	ko:K01190
kom:HR38_28795	ko:K02532
kom:HR38_28820	ko:K03496
kom:HR38_28825	ko:K03497
kom:HR38_28845	ko:K03502
kom:HR38_28850	ko:K03503
kom:HR38_28860	ko:K07319
kom:HR38_28895	ko:K02345
kom:HR38_28905	ko:K03111
kom:HR38_28915	ko:K03497
kom:HR38_28980	ko:K12068
kom:HR38_28985	ko:K12067
kom:HR38_28990	ko:K12066
kom:HR38_28995	ko:K12065
kom:HR38_29005	ko:K12064
kom:HR38_29035	ko:K12063
kom:HR38_29040	ko:K28223
kom:HR38_29045	ko:K12061
kom:HR38_29050	ko:K12060
kom:HR38_29055	ko:K12059
kom:HR38_29060	ko:K12058
kom:HR38_29080	ko:K12057
kom:HR38_29095	ko:K12072
kom:HR38_29100	ko:K12056
kom:HR38_29170	ko:K07451
kom:HR38_29180	ko:K24087
kom:HR38_29190	ko:K05881
kom:HR38_29195	ko:K05879
kom:HR38_29200	ko:K07484
kom:HR38_29205	ko:K07484
kom:HR38_29210	ko:K07483
kom:HR38_29215	ko:K05878
kom:HR38_29220	ko:K00005
kom:HR38_29225	ko:K05880
kom:HR38_29230	ko:K00798
kom:HR38_29240	ko:K00086
kom:HR38_29250	ko:K06120
kom:HR38_29255	ko:K06121
kom:HR38_29260	ko:K06122
kom:HR38_29270	ko:K07481
kom:HR38_29275	ko:K02532
kom:HR38_29280	ko:K01190
kom:HR38_29285	ko:K27069
kom:HR38_29290	ko:K07480
kom:HR38_29345	ko:K08970
kom:HR38_29350	ko:K07807
kom:HR38_29380	ko:K07240
kom:HR38_29400	ko:K18918
kom:HR38_29405	ko:K06218
kom:HR38_29425	ko:K18921
kom:HR38_29485	ko:K24087
kom:HR38_29495	ko:K07483
kom:HR38_29500	ko:K07497
kom:HR38_29505	ko:K00986
kom:HR38_29510	ko:K07486
kom:HR38_29525	ko:K08365
kom:HR38_29530	ko:K08363
kom:HR38_29535	ko:K08364
kom:HR38_29545	ko:K00520
kom:HR38_29550	ko:K19057
kom:HR38_29555	ko:K18320
kom:HR38_29580	ko:K02032
kom:HR38_29585	ko:K02031
kom:HR38_29585	ko:K02034
kom:HR38_29590	ko:K02033
kom:HR38_29595	ko:K02035
kom:HR38_29615	ko:K18320
kom:HR38_29625	ko:K03769
kom:HR38_29630	ko:K00053
kom:HR38_29635	ko:K02521
kom:HR38_29640	ko:K05878
kom:HR38_29645	ko:K05879
kom:HR38_29650	ko:K00209
kom:HR38_29655	ko:K02784
kom:HR38_29660	ko:K05879
kom:HR38_29665	ko:K05878
kom:HR38_29670	ko:K03077
kom:HR38_29680	ko:K02775
kom:HR38_29685	ko:K02774
kom:HR38_29690	ko:K02773
kom:HR38_29695	ko:K01754
kom:HR38_29700	ko:K01687
kom:HR38_29705	ko:K00826
kom:HR38_29710	ko:K11258
kom:HR38_29720	ko:K18320
kom:HR38_29725	ko:K18320
kom:HR38_29735	ko:K00558
kom:HR38_29740	ko:K07480
kom:HR38_29785	ko:K18320
kom:HR38_29790	ko:K18828
kom:HR38_29795	ko:K18829
kom:HR38_29820	ko:K24087
kom:HR38_29880	ko:K06919
kom:HR38_29890	ko:K22302
kom:HR38_29910	ko:K02342
kom:HR38_29970	ko:K07319
kom:HR38_30010	ko:K07496
kom:HR38_30020	ko:K07451
kom:HR38_30110	ko:K26973
kom:HR38_30115	ko:K26974
kom:HR38_30120	ko:K26975
kom:HR38_30130	ko:K26976
kom:HR38_30135	ko:K21449
kom:HR38_30145	ko:K03497
kom:HR38_30150	ko:K03496
