kpas:LUW96_00005	ko:K01985
kpas:LUW96_00010	ko:K01980
kpas:LUW96_00015	ko:K14224
kpas:LUW96_00020	ko:K01977
kpas:LUW96_00025	ko:K03695
kpas:LUW96_00030	ko:K05810
kpas:LUW96_00035	ko:K06180
kpas:LUW96_00040	ko:K05807
kpas:LUW96_00045	ko:K05809
kpas:LUW96_00055	ko:K14170
kpas:LUW96_00065	ko:K14187
kpas:LUW96_00070	ko:K01626
kpas:LUW96_00080	ko:K21021
kpas:LUW96_00100	ko:K02884
kpas:LUW96_00105	ko:K00554
kpas:LUW96_00110	ko:K02860
kpas:LUW96_00115	ko:K02959
kpas:LUW96_00120	ko:K03106
kpas:LUW96_00130	ko:K03699
kpas:LUW96_00135	ko:K03687
kpas:LUW96_00140	ko:K00858
kpas:LUW96_00145	ko:K03631
kpas:LUW96_00150	ko:K06186
kpas:LUW96_00155	ko:K09801
kpas:LUW96_00165	ko:K03664
kpas:LUW96_00170	ko:K15035
kpas:LUW96_00205	ko:K07733
kpas:LUW96_00230	ko:K06919
kpas:LUW96_00245	ko:K07345
kpas:LUW96_00250	ko:K07347
kpas:LUW96_00255	ko:K07346
kpas:LUW96_00260	ko:K07345
kpas:LUW96_00270	ko:K07679
kpas:LUW96_00275	ko:K07690
kpas:LUW96_00280	ko:K02791
kpas:LUW96_00285	ko:K01232
kpas:LUW96_00295	ko:K19333
kpas:LUW96_00300	ko:K01198
kpas:LUW96_00310	ko:K22396
kpas:LUW96_00315	ko:K22397
kpas:LUW96_00335	ko:K12255
kpas:LUW96_00350	ko:K02030
kpas:LUW96_00355	ko:K02028
kpas:LUW96_00355	ko:K02029
kpas:LUW96_00365	ko:K12972
kpas:LUW96_00370	ko:K02200
kpas:LUW96_00375	ko:K02199
kpas:LUW96_00380	ko:K02198
kpas:LUW96_00385	ko:K02197
kpas:LUW96_00390	ko:K02196
kpas:LUW96_00395	ko:K02195
kpas:LUW96_00400	ko:K02194
kpas:LUW96_00405	ko:K02193
kpas:LUW96_00410	ko:K00428
kpas:LUW96_00425	ko:K03566
kpas:LUW96_00430	ko:K01713
kpas:LUW96_00440	ko:K07345
kpas:LUW96_00445	ko:K07347
kpas:LUW96_00450	ko:K07346
kpas:LUW96_00455	ko:K07345
kpas:LUW96_00460	ko:K00138
kpas:LUW96_00465	ko:K21405
kpas:LUW96_00485	ko:K11685
kpas:LUW96_00490	ko:K28156
kpas:LUW96_00505	ko:K00375
kpas:LUW96_00515	ko:K06191
kpas:LUW96_00520	ko:K03647
kpas:LUW96_00525	ko:K00525
kpas:LUW96_00530	ko:K00526
kpas:LUW96_00535	ko:K02000
kpas:LUW96_00540	ko:K02001
kpas:LUW96_00545	ko:K02002
kpas:LUW96_00550	ko:K26605
kpas:LUW96_00555	ko:K26606
kpas:LUW96_00560	ko:K15974
kpas:LUW96_00565	ko:K03543
kpas:LUW96_00570	ko:K03446
kpas:LUW96_00575	ko:K01649
kpas:LUW96_00585	ko:K07173
kpas:LUW96_00590	ko:K01919
kpas:LUW96_00610	ko:K14219
kpas:LUW96_00615	ko:K14219
kpas:LUW96_00620	ko:K14219
kpas:LUW96_00630	ko:K14219
kpas:LUW96_00635	ko:K14233
kpas:LUW96_00640	ko:K03563
kpas:LUW96_00645	ko:K01872
kpas:LUW96_00650	ko:K03565
kpas:LUW96_00655	ko:K03553
kpas:LUW96_00660	ko:K03743
kpas:LUW96_00670	ko:K02077
kpas:LUW96_00675	ko:K02075
kpas:LUW96_00680	ko:K02074
kpas:LUW96_00685	ko:K08305
kpas:LUW96_00690	ko:K02783
kpas:LUW96_00695	ko:K02782
kpas:LUW96_00700	ko:K02781
kpas:LUW96_00705	ko:K00068
kpas:LUW96_00710	ko:K02466
kpas:LUW96_00715	ko:K02468
kpas:LUW96_00720	ko:K02467
kpas:LUW96_00725	ko:K12266
kpas:LUW96_00730	ko:K12264
kpas:LUW96_00735	ko:K12265
kpas:LUW96_00740	ko:K07241
kpas:LUW96_00745	ko:K04656
kpas:LUW96_00750	ko:K05796
kpas:LUW96_00755	ko:K03487
kpas:LUW96_00760	ko:K02753
kpas:LUW96_00765	ko:K01223
kpas:LUW96_00770	ko:K08315
kpas:LUW96_00775	ko:K15834
kpas:LUW96_00780	ko:K15832
kpas:LUW96_00785	ko:K15831
kpas:LUW96_00790	ko:K15830
kpas:LUW96_00795	ko:K15829
kpas:LUW96_00800	ko:K15828
kpas:LUW96_00805	ko:K15827
kpas:LUW96_00810	ko:K15833
kpas:LUW96_00815	ko:K04651
kpas:LUW96_00820	ko:K04652
kpas:LUW96_00825	ko:K04653
kpas:LUW96_00830	ko:K04654
kpas:LUW96_00835	ko:K04655
kpas:LUW96_00840	ko:K15836
kpas:LUW96_00850	ko:K01223
kpas:LUW96_00860	ko:K16077
kpas:LUW96_00865	ko:K02761
kpas:LUW96_00870	ko:K02760
kpas:LUW96_00875	ko:K02761
kpas:LUW96_00880	ko:K02759
kpas:LUW96_00885	ko:K00847
kpas:LUW96_00895	ko:K11604
kpas:LUW96_00900	ko:K11607
kpas:LUW96_00905	ko:K11605
kpas:LUW96_00910	ko:K11606
kpas:LUW96_00920	ko:K07401
kpas:LUW96_00925	ko:K16087
kpas:LUW96_00930	ko:K07225
kpas:LUW96_00935	ko:K25132
kpas:LUW96_00940	ko:K25133
kpas:LUW96_00945	ko:K10834
kpas:LUW96_00950	ko:K00048
kpas:LUW96_00975	ko:K00059
kpas:LUW96_00980	ko:K02078
kpas:LUW96_00990	ko:K09458
kpas:LUW96_01000	ko:K05685
kpas:LUW96_01005	ko:K13888
kpas:LUW96_01020	ko:K03673
kpas:LUW96_01050	ko:K12519
kpas:LUW96_01055	ko:K12518
kpas:LUW96_01070	ko:K03555
kpas:LUW96_01075	ko:K18922
kpas:LUW96_01080	ko:K21759
kpas:LUW96_01085	ko:K01612
kpas:LUW96_01090	ko:K03186
kpas:LUW96_01095	ko:K22489
kpas:LUW96_01115	ko:K03087
kpas:LUW96_01120	ko:K06194
kpas:LUW96_01125	ko:K00573
kpas:LUW96_01130	ko:K03787
kpas:LUW96_01135	ko:K06176
kpas:LUW96_01140	ko:K01770
kpas:LUW96_01145	ko:K00991
kpas:LUW96_01150	ko:K05589
kpas:LUW96_01160	ko:K00860
kpas:LUW96_01165	ko:K00956
kpas:LUW96_01170	ko:K00957
kpas:LUW96_01175	ko:K02302
kpas:LUW96_01180	ko:K09612
kpas:LUW96_01185	ko:K00390
kpas:LUW96_01190	ko:K00381
kpas:LUW96_01195	ko:K00380
kpas:LUW96_01200	ko:K01737
kpas:LUW96_01220	ko:K10026
kpas:LUW96_01230	ko:K01689
kpas:LUW96_01235	ko:K01937
kpas:LUW96_01240	ko:K04765
kpas:LUW96_01245	ko:K00951
kpas:LUW96_01250	ko:K03215
kpas:LUW96_01255	ko:K07678
kpas:LUW96_01260	ko:K00865
kpas:LUW96_01265	ko:K01706
kpas:LUW96_01270	ko:K13918
kpas:LUW96_01275	ko:K03535
kpas:LUW96_01285	ko:K06175
kpas:LUW96_01295	ko:K15723
kpas:LUW96_01300	ko:K06879
kpas:LUW96_01305	ko:K06966
kpas:LUW96_01310	ko:K03837
kpas:LUW96_01315	ko:K01752
kpas:LUW96_01320	ko:K15553
kpas:LUW96_01325	ko:K20938
kpas:LUW96_01335	ko:K04091
kpas:LUW96_01345	ko:K01146
kpas:LUW96_01350	ko:K01628
kpas:LUW96_01355	ko:K02429
kpas:LUW96_01360	ko:K01818
kpas:LUW96_01365	ko:K00879
kpas:LUW96_01370	ko:K02431
kpas:LUW96_01375	ko:K02430
kpas:LUW96_01380	ko:K06968
kpas:LUW96_01390	ko:K03566
kpas:LUW96_01400	ko:K01766
kpas:LUW96_01405	ko:K02426
kpas:LUW96_01410	ko:K22132
kpas:LUW96_01415	ko:K08304
kpas:LUW96_01420	ko:K14230
kpas:LUW96_01425	ko:K14230
kpas:LUW96_01430	ko:K14230
kpas:LUW96_01435	ko:K00768
kpas:LUW96_01440	ko:K02231
kpas:LUW96_01445	ko:K02232
kpas:LUW96_01450	ko:K02006
kpas:LUW96_01455	ko:K02008
kpas:LUW96_01460	ko:K02009
kpas:LUW96_01465	ko:K02007
kpas:LUW96_01470	ko:K03394
kpas:LUW96_01475	ko:K02190
kpas:LUW96_01480	ko:K05895
kpas:LUW96_01485	ko:K05934
kpas:LUW96_01490	ko:K02189
kpas:LUW96_01495	ko:K05936
kpas:LUW96_01500	ko:K02191
kpas:LUW96_01505	ko:K03399
kpas:LUW96_01510	ko:K02188
kpas:LUW96_01515	ko:K06042
kpas:LUW96_01520	ko:K02227
kpas:LUW96_01525	ko:K02224
kpas:LUW96_01530	ko:K27259
kpas:LUW96_01535	ko:K27261
kpas:LUW96_01540	ko:K27260
kpas:LUW96_01545	ko:K27263
kpas:LUW96_01550	ko:K01699
kpas:LUW96_01555	ko:K13919
kpas:LUW96_01560	ko:K13920
kpas:LUW96_01565	ko:K27264
kpas:LUW96_01570	ko:K27265
kpas:LUW96_01575	ko:K27266
kpas:LUW96_01580	ko:K27267
kpas:LUW96_01585	ko:K13923
kpas:LUW96_01590	ko:K27268
kpas:LUW96_01595	ko:K27269
kpas:LUW96_01600	ko:K27270
kpas:LUW96_01605	ko:K13922
kpas:LUW96_01610	ko:K13921
kpas:LUW96_01615	ko:K27271
kpas:LUW96_01620	ko:K27272
kpas:LUW96_01625	ko:K04031
kpas:LUW96_01630	ko:K04029
kpas:LUW96_01635	ko:K19697
kpas:LUW96_01640	ko:K16651
kpas:LUW96_01645	ko:K04720
kpas:LUW96_01650	ko:K01448
kpas:LUW96_01655	ko:K14682
kpas:LUW96_01665	ko:K03581
kpas:LUW96_01670	ko:K03582
kpas:LUW96_01675	ko:K01407
kpas:LUW96_01680	ko:K03583
kpas:LUW96_01685	ko:K02681
kpas:LUW96_01695	ko:K02680
kpas:LUW96_01700	ko:K02679
kpas:LUW96_01705	ko:K00560
kpas:LUW96_01710	ko:K13292
kpas:LUW96_01715	ko:K08484
kpas:LUW96_01720	ko:K08311
kpas:LUW96_01725	ko:K03573
kpas:LUW96_01745	ko:K08227
kpas:LUW96_01750	ko:K05939
kpas:LUW96_01755	ko:K02529
kpas:LUW96_01765	ko:K13637
kpas:LUW96_01770	ko:K01223
kpas:LUW96_01775	ko:K02761
kpas:LUW96_01785	ko:K01586
kpas:LUW96_01795	ko:K25316
kpas:LUW96_01800	ko:K26933
kpas:LUW96_01805	ko:K10193
kpas:LUW96_01810	ko:K10194
kpas:LUW96_01815	ko:K10195
kpas:LUW96_01820	ko:K10192
kpas:LUW96_01825	ko:K01730
kpas:LUW96_01835	ko:K01193
kpas:LUW96_01840	ko:K02532
kpas:LUW96_01850	ko:K02100
kpas:LUW96_01855	ko:K00065
kpas:LUW96_01860	ko:K01730
kpas:LUW96_01865	ko:K22110
kpas:LUW96_01870	ko:K00626
kpas:LUW96_01890	ko:K05275
kpas:LUW96_01895	ko:K21087
kpas:LUW96_01905	ko:K21086
kpas:LUW96_01910	ko:K07345
kpas:LUW96_01915	ko:K07345
kpas:LUW96_01920	ko:K07347
kpas:LUW96_01925	ko:K15540
kpas:LUW96_01930	ko:K07345
kpas:LUW96_01950	ko:K15269
kpas:LUW96_01970	ko:K07357
kpas:LUW96_01975	ko:K07358
kpas:LUW96_01980	ko:K07345
kpas:LUW96_01985	ko:K07351
kpas:LUW96_01990	ko:K07346
kpas:LUW96_01995	ko:K07347
kpas:LUW96_02000	ko:K07348
kpas:LUW96_02005	ko:K07349
kpas:LUW96_02010	ko:K07350
kpas:LUW96_02020	ko:K06975
kpas:LUW96_02035	ko:K15549
kpas:LUW96_02040	ko:K15547
kpas:LUW96_02045	ko:K15550
kpas:LUW96_02055	ko:K03366
kpas:LUW96_02060	ko:K03305
kpas:LUW96_02070	ko:K03436
kpas:LUW96_02080	ko:K01619
kpas:LUW96_02085	ko:K02430
kpas:LUW96_02090	ko:K17195
kpas:LUW96_02095	ko:K00852
kpas:LUW96_02100	ko:K02429
kpas:LUW96_02105	ko:K01759
kpas:LUW96_02115	ko:K01026
kpas:LUW96_02120	ko:K00059
kpas:LUW96_02125	ko:K00626
kpas:LUW96_02145	ko:K00865
kpas:LUW96_02170	ko:K00537
kpas:LUW96_02175	ko:K03893
kpas:LUW96_02180	ko:K03892
kpas:LUW96_02195	ko:K07347
kpas:LUW96_02200	ko:K15540
kpas:LUW96_02205	ko:K07345
kpas:LUW96_02215	ko:K06077
kpas:LUW96_02235	ko:K14225
kpas:LUW96_02240	ko:K12943
kpas:LUW96_02245	ko:K01823
kpas:LUW96_02250	ko:K04567
kpas:LUW96_02255	ko:K02836
kpas:LUW96_02260	ko:K07462
kpas:LUW96_02265	ko:K03981
kpas:LUW96_02270	ko:K04763
kpas:LUW96_02275	ko:K03840
kpas:LUW96_02280	ko:K19168
kpas:LUW96_02285	ko:K09159
kpas:LUW96_02290	ko:K06980
kpas:LUW96_02295	ko:K17473
kpas:LUW96_02300	ko:K17464
kpas:LUW96_02305	ko:K17465
kpas:LUW96_02310	ko:K17466
kpas:LUW96_02315	ko:K17467
kpas:LUW96_02320	ko:K17468
kpas:LUW96_02325	ko:K17463
kpas:LUW96_02330	ko:K11068
kpas:LUW96_02335	ko:K09900
kpas:LUW96_02345	ko:K01223
kpas:LUW96_02360	ko:K00281
kpas:LUW96_02365	ko:K02437
kpas:LUW96_02370	ko:K00605
kpas:LUW96_02375	ko:K18800
kpas:LUW96_02380	ko:K03185
kpas:LUW96_02385	ko:K01262
kpas:LUW96_02390	ko:K09895
kpas:LUW96_02395	ko:K09888
kpas:LUW96_02400	ko:K28358
kpas:LUW96_02405	ko:K01934
kpas:LUW96_02410	ko:K00058
kpas:LUW96_02415	ko:K01807
kpas:LUW96_02420	ko:K05596
kpas:LUW96_02425	ko:K01847
kpas:LUW96_02430	ko:K07588
kpas:LUW96_02435	ko:K11264
kpas:LUW96_02440	ko:K22214
kpas:LUW96_02450	ko:K09807
kpas:LUW96_02455	ko:K06895
kpas:LUW96_02460	ko:K03442
kpas:LUW96_02465	ko:K01624
kpas:LUW96_02470	ko:K00927
kpas:LUW96_02475	ko:K03472
kpas:LUW96_02480	ko:K06934
kpas:LUW96_02485	ko:K16923
kpas:LUW96_02490	ko:K16785
kpas:LUW96_02495	ko:K16786
kpas:LUW96_02500	ko:K16787
kpas:LUW96_02505	ko:K00615
kpas:LUW96_02510	ko:K07387
kpas:LUW96_02515	ko:K01652
kpas:LUW96_02525	ko:K06989
kpas:LUW96_02550	ko:K00529
kpas:LUW96_02590	ko:K01480
kpas:LUW96_02595	ko:K01585
kpas:LUW96_02605	ko:K00789
kpas:LUW96_02610	ko:K08137
kpas:LUW96_02615	ko:K02742
kpas:LUW96_02620	ko:K01150
kpas:LUW96_02625	ko:K09761
kpas:LUW96_02630	ko:K01920
kpas:LUW96_02635	ko:K07735
kpas:LUW96_02640	ko:K07447
kpas:LUW96_02645	ko:K04333
kpas:LUW96_02650	ko:K02669
kpas:LUW96_02655	ko:K06997
kpas:LUW96_02660	ko:K02221
kpas:LUW96_02665	ko:K09131
kpas:LUW96_02670	ko:K01519
kpas:LUW96_02680	ko:K11688
kpas:LUW96_02685	ko:K11689
kpas:LUW96_02690	ko:K11690
kpas:LUW96_02700	ko:K09923
kpas:LUW96_02705	ko:K03439
kpas:LUW96_02710	ko:K03575
kpas:LUW96_02720	ko:K08306
kpas:LUW96_02725	ko:K03289
kpas:LUW96_02730	ko:K01581
kpas:LUW96_02735	ko:K07150
kpas:LUW96_02740	ko:K14231
kpas:LUW96_02745	ko:K14445
kpas:LUW96_02750	ko:K01697
kpas:LUW96_02755	ko:K01758
kpas:LUW96_02785	ko:K05825
kpas:LUW96_02790	ko:K01460
kpas:LUW96_02800	ko:K11209
kpas:LUW96_02815	ko:K03559
kpas:LUW96_02820	ko:K03561
kpas:LUW96_02825	ko:K01760
kpas:LUW96_02840	ko:K08325
kpas:LUW96_02845	ko:K06221
kpas:LUW96_02860	ko:K04753
kpas:LUW96_02865	ko:K00655
kpas:LUW96_02870	ko:K02621
kpas:LUW96_02875	ko:K13652
kpas:LUW96_02885	ko:K07666
kpas:LUW96_02890	ko:K07645
kpas:LUW96_02895	ko:K03923
kpas:LUW96_02905	ko:K02622
kpas:LUW96_02910	ko:K07000
kpas:LUW96_02915	ko:K03651
kpas:LUW96_02920	ko:K09920
kpas:LUW96_02925	ko:K01515
kpas:LUW96_02930	ko:K12340
kpas:LUW96_02945	ko:K15777
kpas:LUW96_02950	ko:K07238
kpas:LUW96_02955	ko:K02858
kpas:LUW96_02960	ko:K09806
kpas:LUW96_02965	ko:K22720
kpas:LUW96_02970	ko:K03272
kpas:LUW96_02975	ko:K00982
kpas:LUW96_02980	ko:K18446
kpas:LUW96_02985	ko:K07184
kpas:LUW96_02990	ko:K00974
kpas:LUW96_02995	ko:K06153
kpas:LUW96_03000	ko:K01633
kpas:LUW96_03005	ko:K08591
kpas:LUW96_03015	ko:K03190
kpas:LUW96_03020	ko:K01430
kpas:LUW96_03025	ko:K01429
kpas:LUW96_03030	ko:K01428
kpas:LUW96_03035	ko:K03187
kpas:LUW96_03040	ko:K03188
kpas:LUW96_03045	ko:K03189
kpas:LUW96_03055	ko:K25706
kpas:LUW96_03060	ko:K02970
kpas:LUW96_03065	ko:K02316
kpas:LUW96_03070	ko:K03086
kpas:LUW96_03080	ko:K03649
kpas:LUW96_03085	ko:K14230
kpas:LUW96_03095	ko:K05880
kpas:LUW96_03100	ko:K00005
kpas:LUW96_03105	ko:K05878
kpas:LUW96_03110	ko:K05879
kpas:LUW96_03115	ko:K05881
kpas:LUW96_03120	ko:K28825
kpas:LUW96_03125	ko:K07229
kpas:LUW96_03135	ko:K09251
kpas:LUW96_03140	ko:K06878
kpas:LUW96_03145	ko:K12113
kpas:LUW96_03150	ko:K12111
kpas:LUW96_03155	ko:K12112
kpas:LUW96_03175	ko:K03931
kpas:LUW96_03180	ko:K11530
kpas:LUW96_03185	ko:K08321
kpas:LUW96_03190	ko:K10555
kpas:LUW96_03195	ko:K10557
kpas:LUW96_03200	ko:K10556
kpas:LUW96_03205	ko:K10558
kpas:LUW96_03210	ko:K11531
kpas:LUW96_03215	ko:K11216
kpas:LUW96_03220	ko:K00219
kpas:LUW96_03225	ko:K11391
kpas:LUW96_03230	ko:K03292
kpas:LUW96_03240	ko:K01198
kpas:LUW96_03245	ko:K07043
kpas:LUW96_03260	ko:K07862
kpas:LUW96_03270	ko:K01685
kpas:LUW96_03275	ko:K01812
kpas:LUW96_03280	ko:K08191
kpas:LUW96_03285	ko:K19775
kpas:LUW96_03295	ko:K25864
kpas:LUW96_03320	ko:K15977
kpas:LUW96_03325	ko:K07393
kpas:LUW96_03355	ko:K01978
kpas:LUW96_03360	ko:K00865
kpas:LUW96_03365	ko:K00042
kpas:LUW96_03370	ko:K01630
kpas:LUW96_03375	ko:K12299
kpas:LUW96_03380	ko:K01708
kpas:LUW96_03385	ko:K21621
kpas:LUW96_03395	ko:K08302
kpas:LUW96_03400	ko:K25602
kpas:LUW96_03405	ko:K02770
kpas:LUW96_03410	ko:K02784
kpas:LUW96_03415	ko:K16371
kpas:LUW96_03420	ko:K02773
kpas:LUW96_03425	ko:K02774
kpas:LUW96_03430	ko:K02775
kpas:LUW96_03435	ko:K00094
kpas:LUW96_03440	ko:K02436
kpas:LUW96_03445	ko:K04095
kpas:LUW96_03450	ko:K07056
kpas:LUW96_03455	ko:K07121
kpas:LUW96_03460	ko:K07460
kpas:LUW96_03465	ko:K12961
kpas:LUW96_03470	ko:K28369
kpas:LUW96_03475	ko:K07089
kpas:LUW96_03485	ko:K05520
kpas:LUW96_03490	ko:K09979
kpas:LUW96_03495	ko:K07461
kpas:LUW96_03500	ko:K03824
kpas:LUW96_03505	ko:K24843
kpas:LUW96_03510	ko:K24844
kpas:LUW96_03515	ko:K24845
kpas:LUW96_03525	ko:K13930
kpas:LUW96_03530	ko:K20509
kpas:LUW96_03535	ko:K13929
kpas:LUW96_03540	ko:K13931
kpas:LUW96_03545	ko:K20510
kpas:LUW96_03550	ko:K20511
kpas:LUW96_03555	ko:K20415
kpas:LUW96_03560	ko:K13934
kpas:LUW96_03585	ko:K13928
kpas:LUW96_03590	ko:K03835
kpas:LUW96_03595	ko:K05592
kpas:LUW96_03605	ko:K05803
kpas:LUW96_03610	ko:K00962
kpas:LUW96_03615	ko:K02956
kpas:LUW96_03620	ko:K03177
kpas:LUW96_03625	ko:K02834
kpas:LUW96_03630	ko:K02519
kpas:LUW96_03635	ko:K02600
kpas:LUW96_03640	ko:K09748
kpas:LUW96_03645	ko:K14230
kpas:LUW96_03650	ko:K01940
kpas:LUW96_03670	ko:K14228
kpas:LUW96_03675	ko:K03075
kpas:LUW96_03680	ko:K03431
kpas:LUW96_03685	ko:K00796
kpas:LUW96_03690	ko:K03798
kpas:LUW96_03695	ko:K02427
kpas:LUW96_03700	ko:K07574
kpas:LUW96_03705	ko:K03624
kpas:LUW96_03710	ko:K07259
kpas:LUW96_03715	ko:K03979
kpas:LUW96_03725	ko:K02899
kpas:LUW96_03730	ko:K02888
kpas:LUW96_03735	ko:K02523
kpas:LUW96_03740	ko:K07724
kpas:LUW96_03745	ko:K00790
kpas:LUW96_03755	ko:K07122
kpas:LUW96_03760	ko:K07323
kpas:LUW96_03765	ko:K02067
kpas:LUW96_03770	ko:K02066
kpas:LUW96_03775	ko:K02065
kpas:LUW96_03780	ko:K07301
kpas:LUW96_03785	ko:K06041
kpas:LUW96_03790	ko:K03270
kpas:LUW96_03795	ko:K11719
kpas:LUW96_03800	ko:K09774
kpas:LUW96_03805	ko:K06861
kpas:LUW96_03810	ko:K03092
kpas:LUW96_03815	ko:K05808
kpas:LUW96_03820	ko:K02806
kpas:LUW96_03825	ko:K06958
kpas:LUW96_03830	ko:K08485
kpas:LUW96_03835	ko:K03814
kpas:LUW96_03845	ko:K07648
kpas:LUW96_03850	ko:K07139
kpas:LUW96_03855	ko:K00265
kpas:LUW96_03860	ko:K00266
kpas:LUW96_03885	ko:K03600
kpas:LUW96_03890	ko:K03599
kpas:LUW96_03895	ko:K02996
kpas:LUW96_03900	ko:K02871
kpas:LUW96_03905	ko:K06916
kpas:LUW96_03910	ko:K09908
kpas:LUW96_03915	ko:K04772
kpas:LUW96_03920	ko:K04691
kpas:LUW96_03930	ko:K20509
kpas:LUW96_03935	ko:K01571
kpas:LUW96_03940	ko:K01573
kpas:LUW96_03945	ko:K03780
kpas:LUW96_03950	ko:K03779
kpas:LUW96_03970	ko:K00024
kpas:LUW96_03975	ko:K03402
kpas:LUW96_03990	ko:K03623
kpas:LUW96_03995	ko:K03468
kpas:LUW96_04000	ko:K15548
kpas:LUW96_04005	ko:K21695
kpas:LUW96_04010	ko:K21698
kpas:LUW96_04015	ko:K02430
kpas:LUW96_04020	ko:K03568
kpas:LUW96_04030	ko:K08301
kpas:LUW96_04035	ko:K06287
kpas:LUW96_04040	ko:K03571
kpas:LUW96_04045	ko:K03570
kpas:LUW96_04050	ko:K03569
kpas:LUW96_04055	ko:K18765
kpas:LUW96_04060	ko:K19745
kpas:LUW96_04065	ko:K07147
kpas:LUW96_04070	ko:K17247
kpas:LUW96_04075	ko:K02160
kpas:LUW96_04080	ko:K01961
kpas:LUW96_04090	ko:K14392
kpas:LUW96_04095	ko:K02687
kpas:LUW96_04100	ko:K01674
kpas:LUW96_04110	ko:K03557
kpas:LUW96_04115	ko:K18140
kpas:LUW96_04120	ko:K18141
kpas:LUW96_04125	ko:K18142
kpas:LUW96_04135	ko:K01985
kpas:LUW96_04140	ko:K14234
kpas:LUW96_04145	ko:K01985
kpas:LUW96_04150	ko:K01980
kpas:LUW96_04155	ko:K14224
kpas:LUW96_04160	ko:K01977
kpas:LUW96_04175	ko:K00014
kpas:LUW96_04180	ko:K07566
kpas:LUW96_04185	ko:K07479
kpas:LUW96_04190	ko:K03747
kpas:LUW96_04195	ko:K04096
kpas:LUW96_04200	ko:K01462
kpas:LUW96_04205	ko:K00604
kpas:LUW96_04210	ko:K03500
kpas:LUW96_04215	ko:K03499
kpas:LUW96_04220	ko:K03282
kpas:LUW96_04225	ko:K09890
kpas:LUW96_04230	ko:K13638
kpas:LUW96_04240	ko:K02879
kpas:LUW96_04245	ko:K03040
kpas:LUW96_04250	ko:K02986
kpas:LUW96_04255	ko:K02948
kpas:LUW96_04260	ko:K02952
kpas:LUW96_04265	ko:K02919
kpas:LUW96_04270	ko:K03076
kpas:LUW96_04275	ko:K02876
kpas:LUW96_04280	ko:K02907
kpas:LUW96_04285	ko:K02988
kpas:LUW96_04290	ko:K02881
kpas:LUW96_04295	ko:K02933
kpas:LUW96_04300	ko:K02994
kpas:LUW96_04305	ko:K02954
kpas:LUW96_04310	ko:K02931
kpas:LUW96_04315	ko:K02895
kpas:LUW96_04320	ko:K02874
kpas:LUW96_04325	ko:K02961
kpas:LUW96_04330	ko:K02904
kpas:LUW96_04335	ko:K02878
kpas:LUW96_04340	ko:K02982
kpas:LUW96_04345	ko:K02890
kpas:LUW96_04350	ko:K02965
kpas:LUW96_04355	ko:K02886
kpas:LUW96_04360	ko:K02892
kpas:LUW96_04365	ko:K02926
kpas:LUW96_04370	ko:K02906
kpas:LUW96_04375	ko:K02946
kpas:LUW96_04380	ko:K02506
kpas:LUW96_04385	ko:K03594
kpas:LUW96_04390	ko:K02192
kpas:LUW96_04395	ko:K02358
kpas:LUW96_04400	ko:K02355
kpas:LUW96_04405	ko:K02992
kpas:LUW96_04410	ko:K02950
kpas:LUW96_04415	ko:K07237
kpas:LUW96_04420	ko:K07236
kpas:LUW96_04425	ko:K07235
kpas:LUW96_04435	ko:K03772
kpas:LUW96_04440	ko:K03745
kpas:LUW96_04445	ko:K03775
kpas:LUW96_04450	ko:K07070
kpas:LUW96_04455	ko:K11747
kpas:LUW96_04460	ko:K11748
kpas:LUW96_04465	ko:K06158
kpas:LUW96_04470	ko:K03462
kpas:LUW96_04475	ko:K00948
kpas:LUW96_04485	ko:K07019
kpas:LUW96_04490	ko:K09898
kpas:LUW96_04495	ko:K28462
kpas:LUW96_04500	ko:K07397
kpas:LUW96_04505	ko:K10914
kpas:LUW96_04515	ko:K00821
kpas:LUW96_04520	ko:K01664
kpas:LUW96_04525	ko:K04095
kpas:LUW96_04535	ko:K03767
kpas:LUW96_04540	ko:K06141
kpas:LUW96_04545	ko:K01485
kpas:LUW96_04550	ko:K00362
kpas:LUW96_04555	ko:K00363
kpas:LUW96_04560	ko:K02598
kpas:LUW96_04565	ko:K02302
kpas:LUW96_04585	ko:K07048
kpas:LUW96_04590	ko:K01839
kpas:LUW96_04610	ko:K01867
kpas:LUW96_04615	ko:K01091
kpas:LUW96_04620	ko:K01783
kpas:LUW96_04625	ko:K06223
kpas:LUW96_04630	ko:K03112
kpas:LUW96_04635	ko:K01735
kpas:LUW96_04640	ko:K00891
kpas:LUW96_04645	ko:K02507
kpas:LUW96_04650	ko:K12291
kpas:LUW96_04655	ko:K12290
kpas:LUW96_04660	ko:K12289
kpas:LUW96_04665	ko:K12288
kpas:LUW96_04670	ko:K05366
kpas:LUW96_04675	ko:K08312
kpas:LUW96_04685	ko:K20881
kpas:LUW96_04690	ko:K04762
kpas:LUW96_04695	ko:K04083
kpas:LUW96_04700	ko:K01610
kpas:LUW96_04705	ko:K00705
kpas:LUW96_04710	ko:K00688
kpas:LUW96_04715	ko:K03556
kpas:LUW96_04720	ko:K02444
kpas:LUW96_04725	ko:K02441
kpas:LUW96_04730	ko:K02439
kpas:LUW96_04735	ko:K00111
kpas:LUW96_04740	ko:K00688
kpas:LUW96_04745	ko:K00703
kpas:LUW96_04750	ko:K00975
kpas:LUW96_04755	ko:K02438
kpas:LUW96_04760	ko:K00700
kpas:LUW96_04765	ko:K00133
kpas:LUW96_04770	ko:K06156
kpas:LUW96_04775	ko:K00851
kpas:LUW96_04780	ko:K06145
kpas:LUW96_04785	ko:K06911
kpas:LUW96_04800	ko:K03825
kpas:LUW96_04805	ko:K00681
kpas:LUW96_04815	ko:K01126
kpas:LUW96_04820	ko:K05816
kpas:LUW96_04825	ko:K05815
kpas:LUW96_04830	ko:K05814
kpas:LUW96_04835	ko:K05813
kpas:LUW96_04845	ko:K22397
kpas:LUW96_04850	ko:K26580
kpas:LUW96_04855	ko:K01685
kpas:LUW96_04860	ko:K01996
kpas:LUW96_04865	ko:K01995
kpas:LUW96_04870	ko:K01998
kpas:LUW96_04875	ko:K01997
kpas:LUW96_04880	ko:K01999
kpas:LUW96_04890	ko:K01999
kpas:LUW96_04900	ko:K00823
kpas:LUW96_04905	ko:K00375
kpas:LUW96_04910	ko:K03089
kpas:LUW96_04915	ko:K09811
kpas:LUW96_04920	ko:K09812
kpas:LUW96_04925	ko:K03110
kpas:LUW96_04930	ko:K08316
kpas:LUW96_04935	ko:K08993
kpas:LUW96_04950	ko:K01534
kpas:LUW96_04955	ko:K04085
kpas:LUW96_04960	ko:K09125
kpas:LUW96_04965	ko:K27311
kpas:LUW96_04980	ko:K12963
kpas:LUW96_04985	ko:K12962
kpas:LUW96_04990	ko:K07264
kpas:LUW96_04995	ko:K13014
kpas:LUW96_05000	ko:K10011
kpas:LUW96_05005	ko:K10012
kpas:LUW96_05010	ko:K07806
kpas:LUW96_05015	ko:K13727
kpas:LUW96_05025	ko:K15584
kpas:LUW96_05030	ko:K15585
kpas:LUW96_05035	ko:K15586
kpas:LUW96_05040	ko:K15587
kpas:LUW96_05045	ko:K10824
kpas:LUW96_05050	ko:K07722
kpas:LUW96_05055	ko:K06213
kpas:LUW96_05065	ko:K00058
kpas:LUW96_05075	ko:K03319
kpas:LUW96_05095	ko:K16322
kpas:LUW96_05100	ko:K06144
kpas:LUW96_05105	ko:K06149
kpas:LUW96_05110	ko:K03305
kpas:LUW96_05115	ko:K15984
kpas:LUW96_05120	ko:K01414
kpas:LUW96_05125	ko:K06155
kpas:LUW96_05130	ko:K07400
kpas:LUW96_05140	ko:K02170
kpas:LUW96_05150	ko:K07490
kpas:LUW96_05155	ko:K04759
kpas:LUW96_05160	ko:K04758
kpas:LUW96_05165	ko:K06959
kpas:LUW96_05170	ko:K04760
kpas:LUW96_05175	ko:K07659
kpas:LUW96_05180	ko:K07638
kpas:LUW96_05190	ko:K07115
kpas:LUW96_05195	ko:K00383
kpas:LUW96_05200	ko:K00799
kpas:LUW96_05210	ko:K01194
kpas:LUW96_05220	ko:K01185
kpas:LUW96_05240	ko:K07058
kpas:LUW96_05250	ko:K07290
kpas:LUW96_05255	ko:K00874
kpas:LUW96_05265	ko:K11103
kpas:LUW96_05270	ko:K26149
kpas:LUW96_05275	ko:K20543
kpas:LUW96_05280	ko:K20542
kpas:LUW96_05285	ko:K20541
kpas:LUW96_05290	ko:K00694
kpas:LUW96_05320	ko:K18862
kpas:LUW96_05325	ko:K20542
kpas:LUW96_05335	ko:K20543
kpas:LUW96_05340	ko:K20541
kpas:LUW96_05345	ko:K00694
kpas:LUW96_05370	ko:K28691
kpas:LUW96_05385	ko:K00926
kpas:LUW96_05395	ko:K06901
kpas:LUW96_05400	ko:K12372
kpas:LUW96_05405	ko:K12371
kpas:LUW96_05410	ko:K12370
kpas:LUW96_05415	ko:K12369
kpas:LUW96_05420	ko:K12368
kpas:LUW96_05435	ko:K14232
kpas:LUW96_05440	ko:K12975
kpas:LUW96_05445	ko:K08177
kpas:LUW96_05455	ko:K01246
kpas:LUW96_05460	ko:K03826
kpas:LUW96_05465	ko:K08351
kpas:LUW96_05475	ko:K02525
kpas:LUW96_05485	ko:K00874
kpas:LUW96_05495	ko:K00090
kpas:LUW96_05505	ko:K08195
kpas:LUW96_05510	ko:K07726
kpas:LUW96_05515	ko:K03704
kpas:LUW96_05525	ko:K18920
kpas:LUW96_05530	ko:K01879
kpas:LUW96_05535	ko:K01878
kpas:LUW96_05555	ko:K00854
kpas:LUW96_05560	ko:K01805
kpas:LUW96_05565	ko:K10543
kpas:LUW96_05570	ko:K10545
kpas:LUW96_05575	ko:K10544
kpas:LUW96_05580	ko:K02529
kpas:LUW96_05585	ko:K03796
kpas:LUW96_05590	ko:K01176
kpas:LUW96_05595	ko:K00835
kpas:LUW96_05600	ko:K05796
kpas:LUW96_05605	ko:K21602
kpas:LUW96_05610	ko:K08092
kpas:LUW96_05625	ko:K11689
kpas:LUW96_05630	ko:K11690
kpas:LUW96_05635	ko:K11688
kpas:LUW96_05640	ko:K00880
kpas:LUW96_05645	ko:K03078
kpas:LUW96_05650	ko:K03079
kpas:LUW96_05655	ko:K03077
kpas:LUW96_05665	ko:K03292
kpas:LUW96_05670	ko:K09955
kpas:LUW96_05675	ko:K03833
kpas:LUW96_05680	ko:K01042
kpas:LUW96_05700	ko:K02800
kpas:LUW96_05705	ko:K00009
kpas:LUW96_05710	ko:K02562
kpas:LUW96_05720	ko:K14762
kpas:LUW96_05725	ko:K00427
kpas:LUW96_05730	ko:K14348
kpas:LUW96_05735	ko:K29125
kpas:LUW96_05740	ko:K03216
kpas:LUW96_05745	ko:K00640
kpas:LUW96_05750	ko:K00057
kpas:LUW96_05755	ko:K03071
kpas:LUW96_05760	ko:K03676
kpas:LUW96_05770	ko:K15633
kpas:LUW96_05775	ko:K22719
kpas:LUW96_05780	ko:K09798
kpas:LUW96_05790	ko:K00060
kpas:LUW96_05795	ko:K00639
kpas:LUW96_05800	ko:K03274
kpas:LUW96_05805	ko:K02843
kpas:LUW96_05810	ko:K02841
kpas:LUW96_05835	ko:K02849
kpas:LUW96_05840	ko:K02844
kpas:LUW96_05850	ko:K19354
kpas:LUW96_05855	ko:K02527
kpas:LUW96_05860	ko:K12984
kpas:LUW96_05865	ko:K00954
kpas:LUW96_05870	ko:K10563
kpas:LUW96_05895	ko:K02913
kpas:LUW96_05900	ko:K02902
kpas:LUW96_05905	ko:K03630
kpas:LUW96_05910	ko:K13038
kpas:LUW96_05915	ko:K01520
kpas:LUW96_05920	ko:K05501
kpas:LUW96_05925	ko:K00762
kpas:LUW96_05930	ko:K00989
kpas:LUW96_05940	ko:K03281
kpas:LUW96_05950	ko:K01972
kpas:LUW96_05955	ko:K00942
kpas:LUW96_05960	ko:K03060
kpas:LUW96_05965	ko:K01139
kpas:LUW96_05970	ko:K00556
kpas:LUW96_05975	ko:K03655
kpas:LUW96_05980	ko:K02446
kpas:LUW96_05985	ko:K00528
kpas:LUW96_06000	ko:K01803
kpas:LUW96_06020	ko:K23147
kpas:LUW96_06025	ko:K03292
kpas:LUW96_06030	ko:K01521
kpas:LUW96_06035	ko:K23163
kpas:LUW96_06040	ko:K09892
kpas:LUW96_06045	ko:K02440
kpas:LUW96_06050	ko:K00864
kpas:LUW96_06055	ko:K03312
kpas:LUW96_06060	ko:K16345
kpas:LUW96_06070	ko:K02750
kpas:LUW96_06085	ko:K09988
kpas:LUW96_06090	ko:K00847
kpas:LUW96_06095	ko:K01624
kpas:LUW96_06100	ko:K01624
kpas:LUW96_06105	ko:K02770
kpas:LUW96_06110	ko:K02769
kpas:LUW96_06115	ko:K02768
kpas:LUW96_06125	ko:K01811
kpas:LUW96_06130	ko:K03292
kpas:LUW96_06135	ko:K14238
kpas:LUW96_06140	ko:K00891
kpas:LUW96_06160	ko:K13979
kpas:LUW96_06175	ko:K01515
kpas:LUW96_06185	ko:K02073
kpas:LUW96_06190	ko:K09958
kpas:LUW96_06195	ko:K07006
kpas:LUW96_06220	ko:K03585
kpas:LUW96_06225	ko:K18138
kpas:LUW96_06230	ko:K18139
kpas:LUW96_06235	ko:K07552
kpas:LUW96_06240	ko:K07106
kpas:LUW96_06245	ko:K11192
kpas:LUW96_06260	ko:K24087
kpas:LUW96_06275	ko:K02760
kpas:LUW96_06280	ko:K02761
kpas:LUW96_06285	ko:K02759
kpas:LUW96_06290	ko:K02024
kpas:LUW96_06295	ko:K03445
kpas:LUW96_06305	ko:K07726
kpas:LUW96_06315	ko:K07784
kpas:LUW96_06320	ko:K07783
kpas:LUW96_06325	ko:K07675
kpas:LUW96_06330	ko:K07686
kpas:LUW96_06340	ko:K01653
kpas:LUW96_06345	ko:K01652
kpas:LUW96_06355	ko:K19148
kpas:LUW96_06370	ko:K08154
kpas:LUW96_06375	ko:K13636
kpas:LUW96_06380	ko:K13629
kpas:LUW96_06385	ko:K01753
kpas:LUW96_06390	ko:K06871
kpas:LUW96_06400	ko:K00389
kpas:LUW96_06405	ko:K01138
kpas:LUW96_06410	ko:K03307
kpas:LUW96_06420	ko:K01232
kpas:LUW96_06425	ko:K02750
kpas:LUW96_06430	ko:K03482
kpas:LUW96_06435	ko:K07085
kpas:LUW96_06445	ko:K04081
kpas:LUW96_06450	ko:K04080
kpas:LUW96_06465	ko:K08194
kpas:LUW96_06470	ko:K01684
kpas:LUW96_06475	ko:K01631
kpas:LUW96_06480	ko:K00883
kpas:LUW96_06485	ko:K19776
kpas:LUW96_06505	ko:K02470
kpas:LUW96_06510	ko:K03629
kpas:LUW96_06515	ko:K02338
kpas:LUW96_06520	ko:K02313
kpas:LUW96_06525	ko:K02914
kpas:LUW96_06530	ko:K03536
kpas:LUW96_06535	ko:K08998
kpas:LUW96_06540	ko:K03217
kpas:LUW96_06545	ko:K03650
kpas:LUW96_06555	ko:K01639
kpas:LUW96_06565	ko:K03290
kpas:LUW96_06570	ko:K01788
kpas:LUW96_06575	ko:K00885
kpas:LUW96_06585	ko:K08163
kpas:LUW96_06600	ko:K19784
kpas:LUW96_06605	ko:K06901
kpas:LUW96_06625	ko:K10124
kpas:LUW96_06630	ko:K02039
kpas:LUW96_06635	ko:K02036
kpas:LUW96_06640	ko:K02038
kpas:LUW96_06645	ko:K02037
kpas:LUW96_06650	ko:K02040
kpas:LUW96_06655	ko:K00820
kpas:LUW96_06660	ko:K04042
kpas:LUW96_06665	ko:K22994
kpas:LUW96_06670	ko:K02114
kpas:LUW96_06675	ko:K02112
kpas:LUW96_06680	ko:K02115
kpas:LUW96_06685	ko:K02111
kpas:LUW96_06690	ko:K02113
kpas:LUW96_06695	ko:K02109
kpas:LUW96_06700	ko:K02110
kpas:LUW96_06705	ko:K02108
kpas:LUW96_06710	ko:K02116
kpas:LUW96_06715	ko:K03501
kpas:LUW96_06720	ko:K03495
kpas:LUW96_06725	ko:K06205
kpas:LUW96_06730	ko:K03718
kpas:LUW96_06735	ko:K01914
kpas:LUW96_06745	ko:K03924
kpas:LUW96_06750	ko:K03549
kpas:LUW96_06755	ko:K06726
kpas:LUW96_06760	ko:K10441
kpas:LUW96_06765	ko:K10440
kpas:LUW96_06770	ko:K10439
kpas:LUW96_06775	ko:K00852
kpas:LUW96_06780	ko:K02529
kpas:LUW96_06795	ko:K01977
kpas:LUW96_06800	ko:K01980
kpas:LUW96_06805	ko:K01985
kpas:LUW96_06810	ko:K03753
kpas:LUW96_06815	ko:K03752
kpas:LUW96_06820	ko:K09896
kpas:LUW96_06830	ko:K03673
kpas:LUW96_06840	ko:K02335
kpas:LUW96_06845	ko:K03978
kpas:LUW96_06850	ko:K09894
kpas:LUW96_06855	ko:K02495
kpas:LUW96_06865	ko:K07712
kpas:LUW96_06870	ko:K07708
kpas:LUW96_06875	ko:K01915
kpas:LUW96_06880	ko:K06207
kpas:LUW96_06885	ko:K20866
kpas:LUW96_06890	ko:K07058
kpas:LUW96_06895	ko:K07560
kpas:LUW96_06910	ko:K02380
kpas:LUW96_06915	ko:K00127
kpas:LUW96_06920	ko:K00124
kpas:LUW96_06925	ko:K00123
kpas:LUW96_06930	ko:K02379
kpas:LUW96_06945	ko:K22110
kpas:LUW96_06955	ko:K19509
kpas:LUW96_06960	ko:K19508
kpas:LUW96_06975	ko:K02793
kpas:LUW96_06985	ko:K00850
kpas:LUW96_06990	ko:K02822
kpas:LUW96_06995	ko:K03475
kpas:LUW96_07000	ko:K01624
kpas:LUW96_07010	ko:K02821
kpas:LUW96_07020	ko:K26606
kpas:LUW96_07025	ko:K26605
kpas:LUW96_07045	ko:K02529
kpas:LUW96_07050	ko:K07407
kpas:LUW96_07055	ko:K02532
kpas:LUW96_07060	ko:K00633
kpas:LUW96_07070	ko:K02529
kpas:LUW96_07075	ko:K03292
kpas:LUW96_07080	ko:K25596
kpas:LUW96_07085	ko:K03534
kpas:LUW96_07090	ko:K13954
kpas:LUW96_07095	ko:K10561
kpas:LUW96_07100	ko:K10560
kpas:LUW96_07105	ko:K10562
kpas:LUW96_07110	ko:K10559
kpas:LUW96_07115	ko:K01629
kpas:LUW96_07120	ko:K01813
kpas:LUW96_07125	ko:K00848
kpas:LUW96_07130	ko:K02855
kpas:LUW96_07135	ko:K02854
kpas:LUW96_07140	ko:K02856
kpas:LUW96_07145	ko:K04564
kpas:LUW96_07155	ko:K07640
kpas:LUW96_07160	ko:K07662
kpas:LUW96_07165	ko:K06006
kpas:LUW96_07170	ko:K13283
kpas:LUW96_07175	ko:K00850
kpas:LUW96_07180	ko:K02553
kpas:LUW96_07185	ko:K02548
kpas:LUW96_07190	ko:K03667
kpas:LUW96_07195	ko:K01419
kpas:LUW96_07200	ko:K03591
kpas:LUW96_07205	ko:K05499
kpas:LUW96_07210	ko:K04066
kpas:LUW96_07215	ko:K02909
kpas:LUW96_07220	ko:K03764
kpas:LUW96_07225	ko:K01739
kpas:LUW96_07230	ko:K12525
kpas:LUW96_07235	ko:K01607
kpas:LUW96_07245	ko:K00297
kpas:LUW96_07255	ko:K02804
kpas:LUW96_07260	ko:K01443
kpas:LUW96_07265	ko:K02564
kpas:LUW96_07270	ko:K04069
kpas:LUW96_07280	ko:K03436
kpas:LUW96_07285	ko:K00005
kpas:LUW96_07290	ko:K08314
kpas:LUW96_07305	ko:K01595
kpas:LUW96_07310	ko:K01438
kpas:LUW96_07315	ko:K00145
kpas:LUW96_07320	ko:K00930
kpas:LUW96_07325	ko:K01755
kpas:LUW96_07330	ko:K04761
kpas:LUW96_07335	ko:K00322
kpas:LUW96_07340	ko:K22105
kpas:LUW96_07350	ko:K00557
kpas:LUW96_07355	ko:K16092
kpas:LUW96_07360	ko:K01776
kpas:LUW96_07365	ko:K01977
kpas:LUW96_07370	ko:K14227
kpas:LUW96_07375	ko:K14218
kpas:LUW96_07380	ko:K01980
kpas:LUW96_07385	ko:K01985
kpas:LUW96_07390	ko:K14221
kpas:LUW96_07395	ko:K14235
kpas:LUW96_07400	ko:K23773
kpas:LUW96_07405	ko:K09897
kpas:LUW96_07410	ko:K07391
kpas:LUW96_07420	ko:K01652
kpas:LUW96_07425	ko:K11258
kpas:LUW96_07430	ko:K00826
kpas:LUW96_07435	ko:K01687
kpas:LUW96_07440	ko:K01754
kpas:LUW96_07445	ko:K02521
kpas:LUW96_07450	ko:K00053
kpas:LUW96_07455	ko:K03769
kpas:LUW96_07460	ko:K03769
kpas:LUW96_07465	ko:K10914
kpas:LUW96_07470	ko:K00757
kpas:LUW96_07475	ko:K03811
kpas:LUW96_07480	ko:K03656
kpas:LUW96_07490	ko:K03457
kpas:LUW96_07505	ko:K01524
kpas:LUW96_07510	ko:K03732
kpas:LUW96_07515	ko:K03671
kpas:LUW96_07520	ko:K03628
kpas:LUW96_07525	ko:K02851
kpas:LUW96_07530	ko:K05790
kpas:LUW96_07535	ko:K01791
kpas:LUW96_07540	ko:K02472
kpas:LUW96_07545	ko:K16704
kpas:LUW96_07550	ko:K02805
kpas:LUW96_07555	ko:K16693
kpas:LUW96_07560	ko:K12582
kpas:LUW96_07565	ko:K02853
kpas:LUW96_07570	ko:K02852
kpas:LUW96_07575	ko:K03293
kpas:LUW96_07580	ko:K14219
kpas:LUW96_07585	ko:K14226
kpas:LUW96_07590	ko:K14228
kpas:LUW96_07595	ko:K14232
kpas:LUW96_07600	ko:K02498
kpas:LUW96_07605	ko:K02496
kpas:LUW96_07610	ko:K01719
kpas:LUW96_07615	ko:K01749
kpas:LUW96_07620	ko:K05851
kpas:LUW96_07625	ko:K06202
kpas:LUW96_07650	ko:K00375
kpas:LUW96_07660	ko:K01778
kpas:LUW96_07665	ko:K09921
kpas:LUW96_07670	ko:K03733
kpas:LUW96_07675	ko:K20862
kpas:LUW96_07680	ko:K03657
kpas:LUW96_07685	ko:K03284
kpas:LUW96_07690	ko:K05786
kpas:LUW96_07695	ko:K01073
kpas:LUW96_07700	ko:K01058
kpas:LUW96_07705	ko:K03654
kpas:LUW96_07710	ko:K05835
kpas:LUW96_07715	ko:K05834
kpas:LUW96_07720	ko:K01048
kpas:LUW96_07725	ko:K28854
kpas:LUW96_07735	ko:K03576
kpas:LUW96_07740	ko:K00549
kpas:LUW96_07745	ko:K02810
kpas:LUW96_07760	ko:K24118
kpas:LUW96_07765	ko:K02030
kpas:LUW96_07770	ko:K01061
kpas:LUW96_07775	ko:K00757
kpas:LUW96_07780	ko:K09760
kpas:LUW96_07785	ko:K03183
kpas:LUW96_07790	ko:K03690
kpas:LUW96_07795	ko:K03688
kpas:LUW96_07800	ko:K03116
kpas:LUW96_07805	ko:K03117
kpas:LUW96_07810	ko:K03118
kpas:LUW96_07815	ko:K03424
kpas:LUW96_07820	ko:K05785
kpas:LUW96_07825	ko:K03182
kpas:LUW96_07830	ko:K05368
kpas:LUW96_07840	ko:K00632
kpas:LUW96_07845	ko:K01825
kpas:LUW96_07850	ko:K01271
kpas:LUW96_07860	ko:K03498
kpas:LUW96_07865	ko:K00230
kpas:LUW96_07870	ko:K01977
kpas:LUW96_07875	ko:K14227
kpas:LUW96_07880	ko:K14218
kpas:LUW96_07885	ko:K01980
kpas:LUW96_07890	ko:K01985
kpas:LUW96_07895	ko:K00075
kpas:LUW96_07900	ko:K03524
kpas:LUW96_07905	ko:K00867
kpas:LUW96_07915	ko:K14234
kpas:LUW96_07920	ko:K14236
kpas:LUW96_07925	ko:K14225
kpas:LUW96_07930	ko:K14234
kpas:LUW96_07935	ko:K02358
kpas:LUW96_07940	ko:K03073
kpas:LUW96_07945	ko:K02601
kpas:LUW96_07950	ko:K02867
kpas:LUW96_07955	ko:K02863
kpas:LUW96_07960	ko:K02864
kpas:LUW96_07965	ko:K02935
kpas:LUW96_07970	ko:K03043
kpas:LUW96_07975	ko:K03046
kpas:LUW96_07980	ko:K07792
kpas:LUW96_07985	ko:K02759
kpas:LUW96_07990	ko:K02760
kpas:LUW96_08000	ko:K03150
kpas:LUW96_08005	ko:K03149
kpas:LUW96_08010	ko:K03154
kpas:LUW96_08015	ko:K03148
kpas:LUW96_08020	ko:K00788
kpas:LUW96_08025	ko:K03147
kpas:LUW96_08030	ko:K07740
kpas:LUW96_08035	ko:K03426
kpas:LUW96_08040	ko:K01599
kpas:LUW96_08045	ko:K05982
kpas:LUW96_08050	ko:K09891
kpas:LUW96_08055	ko:K05787
kpas:LUW96_08070	ko:K03673
kpas:LUW96_08085	ko:K13888
kpas:LUW96_08090	ko:K05685
kpas:LUW96_08095	ko:K18139
kpas:LUW96_08100	ko:K09458
kpas:LUW96_08110	ko:K02078
kpas:LUW96_08115	ko:K00059
kpas:LUW96_08120	ko:K07345
kpas:LUW96_08125	ko:K07346
kpas:LUW96_08130	ko:K07347
kpas:LUW96_08140	ko:K07349
kpas:LUW96_08145	ko:K07687
kpas:LUW96_08150	ko:K07687
kpas:LUW96_08155	ko:K01945
kpas:LUW96_08160	ko:K00602
kpas:LUW96_08165	ko:K01977
kpas:LUW96_08170	ko:K14224
kpas:LUW96_08175	ko:K01980
kpas:LUW96_08180	ko:K01985
kpas:LUW96_08185	ko:K03826
kpas:LUW96_08190	ko:K00651
kpas:LUW96_08195	ko:K01638
kpas:LUW96_08200	ko:K01637
kpas:LUW96_08205	ko:K00906
kpas:LUW96_08215	ko:K13641
kpas:LUW96_08220	ko:K00548
kpas:LUW96_08225	ko:K03324
kpas:LUW96_08230	ko:K05995
kpas:LUW96_08235	ko:K19164
kpas:LUW96_08240	ko:K00014
kpas:LUW96_08245	ko:K19956
kpas:LUW96_08250	ko:K02815
kpas:LUW96_08255	ko:K02814
kpas:LUW96_08260	ko:K02813
kpas:LUW96_08265	ko:K02812
kpas:LUW96_08270	ko:K00068
kpas:LUW96_08280	ko:K06182
kpas:LUW96_08290	ko:K03453
kpas:LUW96_08295	ko:K14414
kpas:LUW96_08310	ko:K07074
kpas:LUW96_08315	ko:K00928
kpas:LUW96_08320	ko:K01810
kpas:LUW96_08335	ko:K09022
kpas:LUW96_08340	ko:K26606
kpas:LUW96_08345	ko:K26605
kpas:LUW96_08355	ko:K13256
kpas:LUW96_08360	ko:K10110
kpas:LUW96_08365	ko:K10109
kpas:LUW96_08370	ko:K10108
kpas:LUW96_08375	ko:K10111
kpas:LUW96_08380	ko:K02024
kpas:LUW96_08385	ko:K05775
kpas:LUW96_08390	ko:K03181
kpas:LUW96_08395	ko:K03179
kpas:LUW96_08400	ko:K00631
kpas:LUW96_08405	ko:K00901
kpas:LUW96_08410	ko:K01356
kpas:LUW96_08415	ko:K26937
kpas:LUW96_08425	ko:K09823
kpas:LUW96_08435	ko:K05539
kpas:LUW96_08445	ko:K00344
kpas:LUW96_08450	ko:K02314
kpas:LUW96_08455	ko:K01775
kpas:LUW96_08460	ko:K00832
kpas:LUW96_08465	ko:K03788
kpas:LUW96_08490	ko:K03701
kpas:LUW96_08495	ko:K03111
kpas:LUW96_08515	ko:K21638
kpas:LUW96_08525	ko:K26148
kpas:LUW96_08530	ko:K13631
kpas:LUW96_08535	ko:K13639
kpas:LUW96_08540	ko:K00799
kpas:LUW96_08545	ko:K06901
kpas:LUW96_08550	ko:K24163
kpas:LUW96_08560	ko:K06518
kpas:LUW96_08570	ko:K07345
kpas:LUW96_08575	ko:K07346
kpas:LUW96_08580	ko:K07347
kpas:LUW96_08595	ko:K14393
kpas:LUW96_08605	ko:K01895
kpas:LUW96_08610	ko:K11102
kpas:LUW96_08615	ko:K07126
kpas:LUW96_08620	ko:K07486
kpas:LUW96_08625	ko:K22015
kpas:LUW96_08635	ko:K00881
kpas:LUW96_08640	ko:K17195
kpas:LUW96_08645	ko:K10550
kpas:LUW96_08650	ko:K10551
kpas:LUW96_08655	ko:K10549
kpas:LUW96_08660	ko:K23238
kpas:LUW96_08665	ko:K01808
kpas:LUW96_08680	ko:K06167
kpas:LUW96_08685	ko:K05774
kpas:LUW96_08690	ko:K06162
kpas:LUW96_08695	ko:K05780
kpas:LUW96_08700	ko:K05781
kpas:LUW96_08705	ko:K06163
kpas:LUW96_08710	ko:K06164
kpas:LUW96_08715	ko:K06165
kpas:LUW96_08720	ko:K06166
kpas:LUW96_08725	ko:K02043
kpas:LUW96_08730	ko:K04750
kpas:LUW96_08735	ko:K06193
kpas:LUW96_08740	ko:K03762
kpas:LUW96_08745	ko:K18997
kpas:LUW96_08750	ko:K05516
kpas:LUW96_08770	ko:K00355
kpas:LUW96_08790	ko:K14231
kpas:LUW96_08805	ko:K04084
kpas:LUW96_08810	ko:K03926
kpas:LUW96_08815	ko:K07791
kpas:LUW96_08820	ko:K01744
kpas:LUW96_08825	ko:K07113
kpas:LUW96_08830	ko:K16263
kpas:LUW96_08835	ko:K04078
kpas:LUW96_08840	ko:K04077
kpas:LUW96_08855	ko:K13409
kpas:LUW96_08860	ko:K13408
kpas:LUW96_08870	ko:K07345
kpas:LUW96_08875	ko:K07347
kpas:LUW96_08880	ko:K07346
kpas:LUW96_08895	ko:K19810
kpas:LUW96_08900	ko:K02356
kpas:LUW96_08905	ko:K16347
kpas:LUW96_08910	ko:K16348
kpas:LUW96_08915	ko:K11741
kpas:LUW96_08920	ko:K03098
kpas:LUW96_08925	ko:K00247
kpas:LUW96_08930	ko:K00246
kpas:LUW96_08935	ko:K00245
kpas:LUW96_08940	ko:K00244
kpas:LUW96_08945	ko:K04568
kpas:LUW96_08950	ko:K22051
kpas:LUW96_08955	ko:K01613
kpas:LUW96_08960	ko:K06949
kpas:LUW96_08965	ko:K13288
kpas:LUW96_08970	ko:K09996
kpas:LUW96_08975	ko:K14225
kpas:LUW96_08980	ko:K14225
kpas:LUW96_08985	ko:K14225
kpas:LUW96_08990	ko:K18979
kpas:LUW96_08995	ko:K23997
kpas:LUW96_09000	ko:K06925
kpas:LUW96_09005	ko:K01448
kpas:LUW96_09010	ko:K03572
kpas:LUW96_09015	ko:K00791
kpas:LUW96_09020	ko:K03666
kpas:LUW96_09025	ko:K03665
kpas:LUW96_09030	ko:K04088
kpas:LUW96_09035	ko:K04087
kpas:LUW96_09045	ko:K09937
kpas:LUW96_09050	ko:K01939
kpas:LUW96_09055	ko:K13771
kpas:LUW96_09060	ko:K12573
kpas:LUW96_09065	ko:K03218
kpas:LUW96_09075	ko:K09456
kpas:LUW96_09090	ko:K06889
kpas:LUW96_09095	ko:K03477
kpas:LUW96_09100	ko:K03476
kpas:LUW96_09105	ko:K03475
kpas:LUW96_09110	ko:K02822
kpas:LUW96_09115	ko:K02821
kpas:LUW96_09120	ko:K03078
kpas:LUW96_09125	ko:K03079
kpas:LUW96_09130	ko:K03077
kpas:LUW96_09145	ko:K02990
kpas:LUW96_09150	ko:K02686
kpas:LUW96_09155	ko:K02963
kpas:LUW96_09160	ko:K02939
kpas:LUW96_09170	ko:K07269
kpas:LUW96_09175	ko:K03773
kpas:LUW96_09180	ko:K11737
kpas:LUW96_09185	ko:K07322
kpas:LUW96_09200	ko:K19267
kpas:LUW96_09210	ko:K01119
kpas:LUW96_09215	ko:K01082
kpas:LUW96_09220	ko:K07109
kpas:LUW96_09230	ko:K02099
kpas:LUW96_09235	ko:K12308
kpas:LUW96_09240	ko:K02532
kpas:LUW96_09245	ko:K03699
kpas:LUW96_09250	ko:K07304
kpas:LUW96_09255	ko:K07278
kpas:LUW96_09260	ko:K09800
kpas:LUW96_09270	ko:K01507
kpas:LUW96_09275	ko:K23508
kpas:LUW96_09280	ko:K10820
kpas:LUW96_09285	ko:K23509
kpas:LUW96_09290	ko:K23509
kpas:LUW96_09295	ko:K03841
kpas:LUW96_09300	ko:K02558
kpas:LUW96_09320	ko:K00140
kpas:LUW96_09325	ko:K09889
kpas:LUW96_09330	ko:K03592
kpas:LUW96_09335	ko:K15536
kpas:LUW96_09365	ko:K01465
kpas:LUW96_09370	ko:K01042
kpas:LUW96_09380	ko:K07404
kpas:LUW96_09390	ko:K04068
kpas:LUW96_09395	ko:K21636
kpas:LUW96_09400	ko:K19337
kpas:LUW96_09405	ko:K02760
kpas:LUW96_09410	ko:K01222
kpas:LUW96_09415	ko:K02761
kpas:LUW96_09420	ko:K01226
kpas:LUW96_09425	ko:K02819
kpas:LUW96_09430	ko:K03485
kpas:LUW96_09435	ko:K01531
kpas:LUW96_09440	ko:K09022
kpas:LUW96_09445	ko:K21712
kpas:LUW96_09450	ko:K00610
kpas:LUW96_09455	ko:K00609
kpas:LUW96_09465	ko:K19334
kpas:LUW96_09475	ko:K10710
kpas:LUW96_09495	ko:K00611
kpas:LUW96_09500	ko:K09893
kpas:LUW96_09505	ko:K06169
kpas:LUW96_09515	ko:K03828
kpas:LUW96_09520	ko:K01873
kpas:LUW96_09525	ko:K02339
kpas:LUW96_09530	ko:K01255
kpas:LUW96_09535	ko:K07091
kpas:LUW96_09540	ko:K11720
kpas:LUW96_09545	ko:K06915
kpas:LUW96_09550	ko:K06606
kpas:LUW96_09555	ko:K00140
kpas:LUW96_09560	ko:K03337
kpas:LUW96_09570	ko:K03338
kpas:LUW96_09575	ko:K03336
kpas:LUW96_09580	ko:K00010
kpas:LUW96_09585	ko:K06605
kpas:LUW96_09590	ko:K03335
kpas:LUW96_09595	ko:K06609
kpas:LUW96_09600	ko:K05813
kpas:LUW96_09605	ko:K05816
kpas:LUW96_09610	ko:K03651
kpas:LUW96_09615	ko:K05815
kpas:LUW96_09620	ko:K05814
kpas:LUW96_09625	ko:K12957
kpas:LUW96_09640	ko:K14228
kpas:LUW96_09655	ko:K03427
kpas:LUW96_09660	ko:K01153
kpas:LUW96_09670	ko:K07497
kpas:LUW96_09710	ko:K09982
kpas:LUW96_09730	ko:K07733
kpas:LUW96_09760	ko:K06946
kpas:LUW96_09790	ko:K03630
kpas:LUW96_09795	ko:K18838
kpas:LUW96_09800	ko:K18837
kpas:LUW96_09805	ko:K07448
kpas:LUW96_09825	ko:K19048
kpas:LUW96_09830	ko:K01173
kpas:LUW96_09840	ko:K03484
kpas:LUW96_09845	ko:K11477
kpas:LUW96_09850	ko:K01639
kpas:LUW96_09890	ko:K03787
kpas:LUW96_09895	ko:K18850
kpas:LUW96_09900	ko:K01977
kpas:LUW96_09905	ko:K14224
kpas:LUW96_09910	ko:K01980
kpas:LUW96_09915	ko:K01985
kpas:LUW96_09925	ko:K01992
kpas:LUW96_09930	ko:K13926
kpas:LUW96_09935	ko:K01993
kpas:LUW96_09940	ko:K13069
kpas:LUW96_09945	ko:K01867
kpas:LUW96_09950	ko:K03835
kpas:LUW96_09955	ko:K01667
kpas:LUW96_09965	ko:K03297
kpas:LUW96_09970	ko:K03297
kpas:LUW96_09980	ko:K15024
kpas:LUW96_09990	ko:K20037
kpas:LUW96_09995	ko:K20038
kpas:LUW96_10010	ko:K00132
kpas:LUW96_10045	ko:K00355
kpas:LUW96_10055	ko:K21265
kpas:LUW96_10065	ko:K01426
kpas:LUW96_10070	ko:K19048
kpas:LUW96_10075	ko:K01153
kpas:LUW96_10085	ko:K03427
kpas:LUW96_10090	ko:K19147
kpas:LUW96_10095	ko:K07452
kpas:LUW96_10115	ko:K06075
kpas:LUW96_10145	ko:K14665
kpas:LUW96_10180	ko:K23241
kpas:LUW96_10190	ko:K05835
kpas:LUW96_10205	ko:K00135
kpas:LUW96_10230	ko:K23676
kpas:LUW96_10275	ko:K00484
kpas:LUW96_10280	ko:K00483
kpas:LUW96_10285	ko:K02508
kpas:LUW96_10290	ko:K02511
kpas:LUW96_10295	ko:K02510
kpas:LUW96_10300	ko:K02509
kpas:LUW96_10305	ko:K01826
kpas:LUW96_10310	ko:K00455
kpas:LUW96_10315	ko:K00151
kpas:LUW96_10320	ko:K05921
kpas:LUW96_10325	ko:K05921
kpas:LUW96_10340	ko:K06015
kpas:LUW96_10350	ko:K03307
kpas:LUW96_10355	ko:K00883
kpas:LUW96_10360	ko:K01631
kpas:LUW96_10380	ko:K23016
kpas:LUW96_10385	ko:K23015
kpas:LUW96_10390	ko:K23007
kpas:LUW96_10395	ko:K00041
kpas:LUW96_10400	ko:K19505
kpas:LUW96_10405	ko:K19506
kpas:LUW96_10410	ko:K19507
kpas:LUW96_10415	ko:K19508
kpas:LUW96_10420	ko:K19509
kpas:LUW96_10425	ko:K19504
kpas:LUW96_10430	ko:K19510
kpas:LUW96_10440	ko:K01002
kpas:LUW96_10450	ko:K02315
kpas:LUW96_10455	ko:K02317
kpas:LUW96_10470	ko:K00481
kpas:LUW96_10475	ko:K18954
kpas:LUW96_10485	ko:K22650
kpas:LUW96_10495	ko:K02761
kpas:LUW96_10500	ko:K13255
kpas:LUW96_10515	ko:K14228
kpas:LUW96_10520	ko:K14228
kpas:LUW96_10525	ko:K14228
kpas:LUW96_10530	ko:K00564
kpas:LUW96_10535	ko:K02344
kpas:LUW96_10540	ko:K03789
kpas:LUW96_10545	ko:K08723
kpas:LUW96_10550	ko:K02837
kpas:LUW96_10555	ko:K04065
kpas:LUW96_10570	ko:K03424
kpas:LUW96_10575	ko:K03317
kpas:LUW96_10580	ko:K01619
kpas:LUW96_10585	ko:K00758
kpas:LUW96_10590	ko:K01839
kpas:LUW96_10595	ko:K03784
kpas:LUW96_10600	ko:K03800
kpas:LUW96_10605	ko:K07186
kpas:LUW96_10610	ko:K01079
kpas:LUW96_10615	ko:K04485
kpas:LUW96_10620	ko:K06211
kpas:LUW96_10625	ko:K06020
kpas:LUW96_10630	ko:K08309
kpas:LUW96_10635	ko:K03720
kpas:LUW96_10640	ko:K01529
kpas:LUW96_10645	ko:K15634
kpas:LUW96_10650	ko:K05804
kpas:LUW96_10655	ko:K05805
kpas:LUW96_10660	ko:K07663
kpas:LUW96_10665	ko:K07641
kpas:LUW96_10670	ko:K06143
kpas:LUW96_10675	ko:K07773
kpas:LUW96_10685	ko:K02533
kpas:LUW96_10690	ko:K08278
kpas:LUW96_10695	ko:K12524
kpas:LUW96_10700	ko:K00872
kpas:LUW96_10705	ko:K01733
kpas:LUW96_10710	ko:K09861
kpas:LUW96_10715	ko:K03310
kpas:LUW96_10720	ko:K00616
kpas:LUW96_10725	ko:K03831
kpas:LUW96_10730	ko:K03762
kpas:LUW96_10735	ko:K07034
kpas:LUW96_10750	ko:K04043
kpas:LUW96_10755	ko:K03686
kpas:LUW96_10785	ko:K03313
kpas:LUW96_10790	ko:K03717
kpas:LUW96_10795	ko:K02968
kpas:LUW96_10800	ko:K11753
kpas:LUW96_10805	ko:K01870
kpas:LUW96_10810	ko:K03101
kpas:LUW96_10815	ko:K03774
kpas:LUW96_10820	ko:K03527
kpas:LUW96_10825	ko:K12700
kpas:LUW96_10840	ko:K03319
kpas:LUW96_10870	ko:K07702
kpas:LUW96_10875	ko:K07700
kpas:LUW96_10880	ko:K20509
kpas:LUW96_10885	ko:K01571
kpas:LUW96_10890	ko:K01573
kpas:LUW96_10900	ko:K01910
kpas:LUW96_10905	ko:K01646
kpas:LUW96_10910	ko:K01644
kpas:LUW96_10915	ko:K01643
kpas:LUW96_10920	ko:K05966
kpas:LUW96_10925	ko:K00215
kpas:LUW96_10930	ko:K01956
kpas:LUW96_10935	ko:K01955
kpas:LUW96_10945	ko:K11746
kpas:LUW96_10950	ko:K11745
kpas:LUW96_10955	ko:K00287
kpas:LUW96_10960	ko:K01525
kpas:LUW96_10965	ko:K06195
kpas:LUW96_10970	ko:K02528
kpas:LUW96_10975	ko:K00097
kpas:LUW96_10980	ko:K03771
kpas:LUW96_10985	ko:K04744
kpas:LUW96_10990	ko:K05801
kpas:LUW96_10995	ko:K07702
kpas:LUW96_11000	ko:K07700
kpas:LUW96_11010	ko:K05964
kpas:LUW96_11015	ko:K06177
kpas:LUW96_11020	ko:K03580
kpas:LUW96_11025	ko:K02336
kpas:LUW96_11030	ko:K03077
kpas:LUW96_11035	ko:K01804
kpas:LUW96_11040	ko:K00853
kpas:LUW96_11045	ko:K02099
kpas:LUW96_11055	ko:K02062
kpas:LUW96_11060	ko:K02063
kpas:LUW96_11065	ko:K02064
kpas:LUW96_11070	ko:K11925
kpas:LUW96_11080	ko:K03291
kpas:LUW96_11085	ko:K08194
kpas:LUW96_11095	ko:K03785
kpas:LUW96_11100	ko:K26745
kpas:LUW96_11115	ko:K01704
kpas:LUW96_11120	ko:K01703
kpas:LUW96_11125	ko:K00052
kpas:LUW96_11130	ko:K01649
kpas:LUW96_11135	ko:K05798
kpas:LUW96_11140	ko:K01652
kpas:LUW96_11145	ko:K01653
kpas:LUW96_11150	ko:K03435
kpas:LUW96_11155	ko:K03925
kpas:LUW96_11160	ko:K03438
kpas:LUW96_11165	ko:K03586
kpas:LUW96_11170	ko:K03587
kpas:LUW96_11175	ko:K01928
kpas:LUW96_11180	ko:K01929
kpas:LUW96_11185	ko:K01000
kpas:LUW96_11190	ko:K01925
kpas:LUW96_11195	ko:K03588
kpas:LUW96_11200	ko:K02563
kpas:LUW96_11205	ko:K01924
kpas:LUW96_11210	ko:K01921
kpas:LUW96_11215	ko:K03589
kpas:LUW96_11220	ko:K03590
kpas:LUW96_11225	ko:K03531
kpas:LUW96_11230	ko:K02535
kpas:LUW96_11235	ko:K13301
kpas:LUW96_11240	ko:K03070
kpas:LUW96_11245	ko:K03574
kpas:LUW96_11250	ko:K09862
kpas:LUW96_11255	ko:K18778
kpas:LUW96_11260	ko:K00859
kpas:LUW96_11265	ko:K00364
kpas:LUW96_11270	ko:K02505
kpas:LUW96_11275	ko:K02504
kpas:LUW96_11280	ko:K02682
kpas:LUW96_11285	ko:K00767
kpas:LUW96_11290	ko:K03806
kpas:LUW96_11295	ko:K03807
kpas:LUW96_11305	ko:K03292
kpas:LUW96_11310	ko:K11734
kpas:LUW96_11315	ko:K05799
kpas:LUW96_11320	ko:K00163
kpas:LUW96_11325	ko:K00627
kpas:LUW96_11330	ko:K00382
kpas:LUW96_11350	ko:K01682
kpas:LUW96_11355	ko:K09910
kpas:LUW96_11360	ko:K01611
kpas:LUW96_11365	ko:K00797
kpas:LUW96_11385	ko:K14588
kpas:LUW96_11390	ko:K00117
kpas:LUW96_11395	ko:K00760
kpas:LUW96_11400	ko:K01673
kpas:LUW96_11405	ko:K01990
kpas:LUW96_11410	ko:K01992
kpas:LUW96_11425	ko:K01579
kpas:LUW96_11430	ko:K01918
kpas:LUW96_11435	ko:K00606
kpas:LUW96_11440	ko:K00950
kpas:LUW96_11445	ko:K00970
kpas:LUW96_11450	ko:K01894
kpas:LUW96_11455	ko:K06204
kpas:LUW96_11460	ko:K06206
kpas:LUW96_11465	ko:K01975
kpas:LUW96_11470	ko:K03579
kpas:LUW96_11475	ko:K02464
kpas:LUW96_11480	ko:K02463
kpas:LUW96_11485	ko:K02462
kpas:LUW96_11490	ko:K02461
kpas:LUW96_11495	ko:K02460
kpas:LUW96_11500	ko:K02459
kpas:LUW96_11505	ko:K02458
kpas:LUW96_11510	ko:K02457
kpas:LUW96_11515	ko:K02456
kpas:LUW96_11520	ko:K02455
kpas:LUW96_11525	ko:K02454
kpas:LUW96_11530	ko:K02453
kpas:LUW96_11535	ko:K02452
kpas:LUW96_11540	ko:K01200
kpas:LUW96_11545	ko:K02451
kpas:LUW96_11550	ko:K02465
kpas:LUW96_11555	ko:K05365
kpas:LUW96_11560	ko:K02014
kpas:LUW96_11565	ko:K10829
kpas:LUW96_11570	ko:K23227
kpas:LUW96_11575	ko:K23228
kpas:LUW96_11580	ko:K01845
kpas:LUW96_11585	ko:K03281
kpas:LUW96_11590	ko:K15724
kpas:LUW96_11600	ko:K06858
kpas:LUW96_11605	ko:K01243
kpas:LUW96_11610	ko:K01129
kpas:LUW96_11615	ko:K04771
kpas:LUW96_11620	ko:K02647
kpas:LUW96_11630	ko:K00674
kpas:LUW96_11635	ko:K00990
kpas:LUW96_11640	ko:K01265
kpas:LUW96_11645	ko:K02967
kpas:LUW96_11650	ko:K02357
kpas:LUW96_11655	ko:K09903
kpas:LUW96_11660	ko:K02838
kpas:LUW96_11665	ko:K00099
kpas:LUW96_11670	ko:K00806
kpas:LUW96_11675	ko:K00981
kpas:LUW96_11680	ko:K11749
kpas:LUW96_11685	ko:K07277
kpas:LUW96_11690	ko:K06142
kpas:LUW96_11695	ko:K02536
kpas:LUW96_11700	ko:K02372
kpas:LUW96_11705	ko:K00677
kpas:LUW96_11710	ko:K00748
kpas:LUW96_11715	ko:K03470
kpas:LUW96_11720	ko:K02337
kpas:LUW96_11725	ko:K01962
kpas:LUW96_11735	ko:K01582
kpas:LUW96_11740	ko:K08234
kpas:LUW96_11745	ko:K04075
kpas:LUW96_11750	ko:K19000
kpas:LUW96_11765	ko:K15034
kpas:LUW96_11770	ko:K06079
kpas:LUW96_11780	ko:K01881
kpas:LUW96_11785	ko:K22900
kpas:LUW96_11790	ko:K06080
kpas:LUW96_11795	ko:K02073
kpas:LUW96_11800	ko:K02072
kpas:LUW96_11805	ko:K02071
kpas:LUW96_11810	ko:K03273
kpas:LUW96_11815	ko:K01977
kpas:LUW96_11820	ko:K14227
kpas:LUW96_11825	ko:K14218
kpas:LUW96_11830	ko:K01980
kpas:LUW96_11835	ko:K01985
kpas:LUW96_11840	ko:K14221
kpas:LUW96_11845	ko:K06222
kpas:LUW96_11855	ko:K19577
kpas:LUW96_11870	ko:K08307
kpas:LUW96_11875	ko:K01069
kpas:LUW96_11885	ko:K03469
kpas:LUW96_11890	ko:K02342
kpas:LUW96_11895	ko:K14221
kpas:LUW96_11900	ko:K13566
kpas:LUW96_11905	ko:K06445
kpas:LUW96_11910	ko:K03271
kpas:LUW96_11920	ko:K28919
kpas:LUW96_11925	ko:K00346
kpas:LUW96_11930	ko:K00347
kpas:LUW96_11935	ko:K00348
kpas:LUW96_11940	ko:K00349
kpas:LUW96_11945	ko:K00350
kpas:LUW96_11950	ko:K00351
kpas:LUW96_11955	ko:K05952
kpas:LUW96_11965	ko:K02346
kpas:LUW96_11970	ko:K03830
kpas:LUW96_11975	ko:K18148
kpas:LUW96_11980	ko:K02839
kpas:LUW96_11985	ko:K01270
kpas:LUW96_11990	ko:K00769
kpas:LUW96_11995	ko:K11750
kpas:LUW96_12000	ko:K11926
kpas:LUW96_12005	ko:K03819
kpas:LUW96_12045	ko:K16554
kpas:LUW96_12050	ko:K20988
kpas:LUW96_12055	ko:K20920
kpas:LUW96_12065	ko:K00135
kpas:LUW96_12075	ko:K02014
kpas:LUW96_12085	ko:K13637
kpas:LUW96_12090	ko:K00040
kpas:LUW96_12095	ko:K01686
kpas:LUW96_12100	ko:K09982
kpas:LUW96_12105	ko:K03824
kpas:LUW96_12125	ko:K02431
kpas:LUW96_12130	ko:K00059
kpas:LUW96_12135	ko:K21393
kpas:LUW96_12140	ko:K11688
kpas:LUW96_12145	ko:K07267
kpas:LUW96_12150	ko:K28762
kpas:LUW96_12155	ko:K02529
kpas:LUW96_12160	ko:K01714
kpas:LUW96_12170	ko:K07791
kpas:LUW96_12195	ko:K10124
kpas:LUW96_12200	ko:K02757
kpas:LUW96_12205	ko:K01223
kpas:LUW96_12210	ko:K03488
kpas:LUW96_12215	ko:K01951
kpas:LUW96_12220	ko:K00381
kpas:LUW96_12275	ko:K14475
kpas:LUW96_12305	ko:K14234
kpas:LUW96_12310	ko:K00147
kpas:LUW96_12315	ko:K00931
kpas:LUW96_12320	ko:K11929
kpas:LUW96_12325	ko:K13695
kpas:LUW96_12335	ko:K15553
kpas:LUW96_12340	ko:K15554
kpas:LUW96_12345	ko:K15555
kpas:LUW96_12360	ko:K07090
kpas:LUW96_12375	ko:K02042
kpas:LUW96_12380	ko:K02042
kpas:LUW96_12385	ko:K02044
kpas:LUW96_12390	ko:K02041
kpas:LUW96_12395	ko:K21963
kpas:LUW96_12400	ko:K21964
kpas:LUW96_12405	ko:K21965
kpas:LUW96_12410	ko:K21966
kpas:LUW96_12415	ko:K21967
kpas:LUW96_12420	ko:K21968
kpas:LUW96_12425	ko:K02029
kpas:LUW96_12430	ko:K02029
kpas:LUW96_12435	ko:K02028
kpas:LUW96_12440	ko:K02030
kpas:LUW96_12450	ko:K01996
kpas:LUW96_12455	ko:K01995
kpas:LUW96_12460	ko:K01998
kpas:LUW96_12465	ko:K01997
kpas:LUW96_12470	ko:K01999
kpas:LUW96_12480	ko:K03736
kpas:LUW96_12485	ko:K03735
kpas:LUW96_12490	ko:K16238
kpas:LUW96_12495	ko:K16235
kpas:LUW96_12500	ko:K00547
kpas:LUW96_12505	ko:K02010
kpas:LUW96_12510	ko:K02011
kpas:LUW96_12515	ko:K02012
kpas:LUW96_12520	ko:K07783
kpas:LUW96_12525	ko:K20263
kpas:LUW96_12530	ko:K20264
kpas:LUW96_12535	ko:K15551
kpas:LUW96_12540	ko:K10831
kpas:LUW96_12545	ko:K15552
kpas:LUW96_12550	ko:K03119
kpas:LUW96_12560	ko:K07491
kpas:LUW96_12565	ko:K01698
kpas:LUW96_12570	ko:K18988
kpas:LUW96_12580	ko:K17938
kpas:LUW96_12600	ko:K01921
kpas:LUW96_12610	ko:K08161
kpas:LUW96_12615	ko:K00046
kpas:LUW96_12625	ko:K06146
kpas:LUW96_12635	ko:K01077
kpas:LUW96_12645	ko:K00286
kpas:LUW96_12650	ko:K09768
kpas:LUW96_12655	ko:K09945
kpas:LUW96_12660	ko:K00891
kpas:LUW96_12670	ko:K14591
kpas:LUW96_12675	ko:K09913
kpas:LUW96_12680	ko:K03554
kpas:LUW96_12685	ko:K00847
kpas:LUW96_12695	ko:K03546
kpas:LUW96_12700	ko:K03547
kpas:LUW96_12705	ko:K07657
kpas:LUW96_12710	ko:K07636
kpas:LUW96_12715	ko:K03311
kpas:LUW96_12720	ko:K11736
kpas:LUW96_12725	ko:K01187
kpas:LUW96_12740	ko:K09932
kpas:LUW96_12760	ko:K03386
kpas:LUW96_12765	ko:K08682
kpas:LUW96_12770	ko:K07568
kpas:LUW96_12775	ko:K00773
kpas:LUW96_12780	ko:K03210
kpas:LUW96_12785	ko:K03072
kpas:LUW96_12790	ko:K03074
kpas:LUW96_12800	ko:K06996
kpas:LUW96_12810	ko:K05517
kpas:LUW96_12820	ko:K07738
kpas:LUW96_12825	ko:K11752
kpas:LUW96_12830	ko:K00794
kpas:LUW96_12835	ko:K03625
kpas:LUW96_12840	ko:K00946
kpas:LUW96_12845	ko:K01095
kpas:LUW96_12850	ko:K23107
kpas:LUW96_12855	ko:K01662
kpas:LUW96_12860	ko:K00795
kpas:LUW96_12865	ko:K03602
kpas:LUW96_12870	ko:K03151
kpas:LUW96_12875	ko:K03152
kpas:LUW96_12880	ko:K00077
kpas:LUW96_12885	ko:K09767
kpas:LUW96_12900	ko:K00997
kpas:LUW96_12915	ko:K02078
kpas:LUW96_12940	ko:K02003
kpas:LUW96_12950	ko:K02004
kpas:LUW96_12965	ko:K00645
kpas:LUW96_12990	ko:K03292
kpas:LUW96_12995	ko:K08195
kpas:LUW96_13025	ko:K02624
kpas:LUW96_13035	ko:K02257
kpas:LUW96_13040	ko:K02300
kpas:LUW96_13045	ko:K02299
kpas:LUW96_13050	ko:K02298
kpas:LUW96_13055	ko:K02297
kpas:LUW96_13060	ko:K08218
kpas:LUW96_13065	ko:K07286
kpas:LUW96_13070	ko:K05527
kpas:LUW96_13075	ko:K03545
kpas:LUW96_13080	ko:K01358
kpas:LUW96_13085	ko:K03544
kpas:LUW96_13090	ko:K01338
kpas:LUW96_13095	ko:K03530
kpas:LUW96_13100	ko:K03770
kpas:LUW96_13105	ko:K02237
kpas:LUW96_13110	ko:K12500
kpas:LUW96_13115	ko:K06920
kpas:LUW96_13125	ko:K11938
kpas:LUW96_13130	ko:K28981
kpas:LUW96_13135	ko:K05800
kpas:LUW96_13140	ko:K18889
kpas:LUW96_13145	ko:K18890
kpas:LUW96_13150	ko:K04752
kpas:LUW96_13155	ko:K03320
kpas:LUW96_13160	ko:K10805
kpas:LUW96_13165	ko:K09914
kpas:LUW96_13170	ko:K07443
kpas:LUW96_13180	ko:K01983
kpas:LUW96_13210	ko:K08970
kpas:LUW96_13215	ko:K23240
kpas:LUW96_13220	ko:K26148
kpas:LUW96_13225	ko:K10111
kpas:LUW96_13230	ko:K15770
kpas:LUW96_13235	ko:K15771
kpas:LUW96_13240	ko:K15772
kpas:LUW96_13245	ko:K01224
kpas:LUW96_13250	ko:K12308
kpas:LUW96_13255	ko:K02778
kpas:LUW96_13260	ko:K02024
kpas:LUW96_13265	ko:K27069
kpas:LUW96_13270	ko:K02909
kpas:LUW96_13275	ko:K02919
kpas:LUW96_13285	ko:K00375
kpas:LUW96_13300	ko:K00661
kpas:LUW96_13305	ko:K05839
kpas:LUW96_13310	ko:K19162
kpas:LUW96_13315	ko:K18138
kpas:LUW96_13320	ko:K03585
kpas:LUW96_13325	ko:K03577
kpas:LUW96_13330	ko:K05802
kpas:LUW96_13345	ko:K04067
kpas:LUW96_13350	ko:K09790
kpas:LUW96_13355	ko:K00759
kpas:LUW96_13360	ko:K02343
kpas:LUW96_13365	ko:K09747
kpas:LUW96_13370	ko:K06187
kpas:LUW96_13375	ko:K04079
kpas:LUW96_13380	ko:K00939
kpas:LUW96_13385	ko:K01772
kpas:LUW96_13390	ko:K00892
kpas:LUW96_13395	ko:K26735
kpas:LUW96_13400	ko:K08223
kpas:LUW96_13405	ko:K11751
kpas:LUW96_13410	ko:K03976
kpas:LUW96_13415	ko:K09973
kpas:LUW96_13420	ko:K17686
kpas:LUW96_13425	ko:K19591
kpas:LUW96_13440	ko:K07340
kpas:LUW96_13450	ko:K02068
kpas:LUW96_13455	ko:K02069
kpas:LUW96_13460	ko:K05838
kpas:LUW96_13470	ko:K10804
kpas:LUW96_13475	ko:K02003
kpas:LUW96_13480	ko:K02004
kpas:LUW96_13495	ko:K06917
kpas:LUW96_13500	ko:K10972
kpas:LUW96_13505	ko:K01483
kpas:LUW96_13510	ko:K10973
kpas:LUW96_13515	ko:K01608
kpas:LUW96_13520	ko:K01816
kpas:LUW96_13525	ko:K00042
kpas:LUW96_13535	ko:K10975
kpas:LUW96_13540	ko:K01466
kpas:LUW96_13550	ko:K00865
kpas:LUW96_13555	ko:K14977
kpas:LUW96_13560	ko:K02083
kpas:LUW96_13565	ko:K00073
kpas:LUW96_13570	ko:K02381
kpas:LUW96_13575	ko:K28794
kpas:LUW96_13580	ko:K28795
kpas:LUW96_13585	ko:K00926
kpas:LUW96_13590	ko:K01589
kpas:LUW96_13595	ko:K01588
kpas:LUW96_13600	ko:K03269
kpas:LUW96_13605	ko:K03768
kpas:LUW96_13610	ko:K01883
kpas:LUW96_13615	ko:K14761
kpas:LUW96_13620	ko:K01491
kpas:LUW96_13625	ko:K14219
kpas:LUW96_13795	ko:K02345
kpas:LUW96_13840	ko:K14744
kpas:LUW96_13865	ko:K09961
kpas:LUW96_14010	ko:K07734
kpas:LUW96_14020	ko:K18650
kpas:LUW96_14045	ko:K03765
kpas:LUW96_14050	ko:K03757
kpas:LUW96_14055	ko:K01582
kpas:LUW96_14060	ko:K03305
kpas:LUW96_14065	ko:K04567
kpas:LUW96_14075	ko:K24153
kpas:LUW96_14085	ko:K00010
kpas:LUW96_14090	ko:K02529
kpas:LUW96_14095	ko:K17213
kpas:LUW96_14100	ko:K17215
kpas:LUW96_14105	ko:K17214
kpas:LUW96_14110	ko:K06016
kpas:LUW96_14120	ko:K01999
kpas:LUW96_14125	ko:K01996
kpas:LUW96_14130	ko:K01995
kpas:LUW96_14135	ko:K01998
kpas:LUW96_14140	ko:K01997
kpas:LUW96_14145	ko:K03566
kpas:LUW96_14150	ko:K02757
kpas:LUW96_14155	ko:K01223
kpas:LUW96_14160	ko:K03488
kpas:LUW96_14165	ko:K03484
kpas:LUW96_14170	ko:K01193
kpas:LUW96_14175	ko:K02810
kpas:LUW96_14180	ko:K16077
kpas:LUW96_14185	ko:K00847
kpas:LUW96_14190	ko:K02013
kpas:LUW96_14195	ko:K02015
kpas:LUW96_14200	ko:K02016
kpas:LUW96_14215	ko:K01451
kpas:LUW96_14220	ko:K10013
kpas:LUW96_14230	ko:K02014
kpas:LUW96_14235	ko:K11732
kpas:LUW96_14265	ko:K21968
kpas:LUW96_14270	ko:K21967
kpas:LUW96_14275	ko:K21966
kpas:LUW96_14280	ko:K21965
kpas:LUW96_14285	ko:K21964
kpas:LUW96_14305	ko:K16053
kpas:LUW96_14325	ko:K10708
kpas:LUW96_14335	ko:K19509
kpas:LUW96_14340	ko:K19508
kpas:LUW96_14345	ko:K19507
kpas:LUW96_14350	ko:K02793
kpas:LUW96_14355	ko:K10679
kpas:LUW96_14375	ko:K18325
kpas:LUW96_14380	ko:K02014
kpas:LUW96_14400	ko:K03585
kpas:LUW96_14405	ko:K18138
kpas:LUW96_14415	ko:K06048
kpas:LUW96_14420	ko:K02035
kpas:LUW96_14425	ko:K02033
kpas:LUW96_14430	ko:K02034
kpas:LUW96_14435	ko:K02032
kpas:LUW96_14440	ko:K02031
kpas:LUW96_14445	ko:K01426
kpas:LUW96_14450	ko:K06016
kpas:LUW96_14455	ko:K07486
kpas:LUW96_14470	ko:K05834
kpas:LUW96_14475	ko:K00375
kpas:LUW96_14480	ko:K02030
kpas:LUW96_14485	ko:K02029
kpas:LUW96_14490	ko:K02029
kpas:LUW96_14495	ko:K02028
kpas:LUW96_14500	ko:K15373
kpas:LUW96_14505	ko:K15372
kpas:LUW96_14515	ko:K00108
kpas:LUW96_14520	ko:K00130
kpas:LUW96_14525	ko:K02167
kpas:LUW96_14530	ko:K02168
kpas:LUW96_14535	ko:K18922
kpas:LUW96_14545	ko:K03366
kpas:LUW96_14550	ko:K17203
kpas:LUW96_14555	ko:K17204
kpas:LUW96_14565	ko:K17202
kpas:LUW96_14570	ko:K00864
kpas:LUW96_14580	ko:K00615
kpas:LUW96_14585	ko:K00615
kpas:LUW96_14595	ko:K02362
kpas:LUW96_14600	ko:K19611
kpas:LUW96_14605	ko:K07214
kpas:LUW96_14615	ko:K02364
kpas:LUW96_14620	ko:K23188
kpas:LUW96_14625	ko:K23187
kpas:LUW96_14630	ko:K23186
kpas:LUW96_14635	ko:K08225
kpas:LUW96_14640	ko:K23185
kpas:LUW96_14645	ko:K02361
kpas:LUW96_14650	ko:K02363
kpas:LUW96_14655	ko:K01252
kpas:LUW96_14660	ko:K00216
kpas:LUW96_14665	ko:K24147
kpas:LUW96_14670	ko:K06200
kpas:LUW96_14690	ko:K08317
kpas:LUW96_14695	ko:K02056
kpas:LUW96_14700	ko:K02057
kpas:LUW96_14705	ko:K02058
kpas:LUW96_14715	ko:K00899
kpas:LUW96_14720	ko:K08963
kpas:LUW96_14725	ko:K01093
kpas:LUW96_14730	ko:K07783
kpas:LUW96_14735	ko:K01092
kpas:LUW96_14745	ko:K01485
kpas:LUW96_14755	ko:K10974
kpas:LUW96_14765	ko:K08964
kpas:LUW96_14770	ko:K00862
kpas:LUW96_14775	ko:K00058
kpas:LUW96_14785	ko:K10440
kpas:LUW96_14790	ko:K10440
kpas:LUW96_14795	ko:K10441
kpas:LUW96_14800	ko:K10439
kpas:LUW96_14805	ko:K08351
kpas:LUW96_14810	ko:K08967
kpas:LUW96_14815	ko:K09880
kpas:LUW96_14820	ko:K14287
kpas:LUW96_14840	ko:K24119
kpas:LUW96_14845	ko:K03387
kpas:LUW96_14850	ko:K11932
kpas:LUW96_14855	ko:K06140
kpas:LUW96_14860	ko:K01169
kpas:LUW96_14865	ko:K03326
kpas:LUW96_14870	ko:K12973
kpas:LUW96_14875	ko:K03704
kpas:LUW96_14880	ko:K06199
kpas:LUW96_14885	ko:K11206
kpas:LUW96_14890	ko:K03425
kpas:LUW96_14895	ko:K03644
kpas:LUW96_14905	ko:K03801
kpas:LUW96_14910	ko:K09158
kpas:LUW96_14915	ko:K07258
kpas:LUW96_14920	ko:K03642
kpas:LUW96_14925	ko:K05837
kpas:LUW96_14930	ko:K05515
kpas:LUW96_14935	ko:K00783
kpas:LUW96_14940	ko:K09710
kpas:LUW96_14945	ko:K02226
kpas:LUW96_14950	ko:K00969
kpas:LUW96_14955	ko:K02340
kpas:LUW96_14960	ko:K03643
kpas:LUW96_14965	ko:K01869
kpas:LUW96_14985	ko:K10004
kpas:LUW96_14990	ko:K10002
kpas:LUW96_14995	ko:K10003
kpas:LUW96_15000	ko:K10001
kpas:LUW96_15005	ko:K03820
kpas:LUW96_15010	ko:K06189
kpas:LUW96_15015	ko:K07042
kpas:LUW96_15020	ko:K06217
kpas:LUW96_15025	ko:K06168
kpas:LUW96_15030	ko:K03184
kpas:LUW96_15035	ko:K14223
kpas:LUW96_15040	ko:K14223
kpas:LUW96_15045	ko:K14230
kpas:LUW96_15050	ko:K14223
kpas:LUW96_15055	ko:K14223
kpas:LUW96_15060	ko:K14228
kpas:LUW96_15065	ko:K14230
kpas:LUW96_15070	ko:K01953
kpas:LUW96_15075	ko:K02566
kpas:LUW96_15080	ko:K02565
kpas:LUW96_15085	ko:K01443
kpas:LUW96_15090	ko:K02564
kpas:LUW96_15095	ko:K02804
kpas:LUW96_15100	ko:K01886
kpas:LUW96_15115	ko:K03288
kpas:LUW96_15120	ko:K13795
kpas:LUW96_15125	ko:K13796
kpas:LUW96_15130	ko:K13794
kpas:LUW96_15135	ko:K03711
kpas:LUW96_15140	ko:K03839
kpas:LUW96_15150	ko:K01175
kpas:LUW96_15155	ko:K03645
kpas:LUW96_15160	ko:K01835
kpas:LUW96_15170	ko:K02430
kpas:LUW96_15175	ko:K23271
kpas:LUW96_15180	ko:K10439
kpas:LUW96_15185	ko:K10441
kpas:LUW96_15190	ko:K10440
kpas:LUW96_15195	ko:K00880
kpas:LUW96_15200	ko:K03079
kpas:LUW96_15205	ko:K03077
kpas:LUW96_15210	ko:K07667
kpas:LUW96_15215	ko:K07646
kpas:LUW96_15220	ko:K01548
kpas:LUW96_15225	ko:K01547
kpas:LUW96_15230	ko:K01546
kpas:LUW96_15235	ko:K01545
kpas:LUW96_15245	ko:K01669
kpas:LUW96_15250	ko:K03305
kpas:LUW96_15260	ko:K23123
kpas:LUW96_15265	ko:K23124
kpas:LUW96_15270	ko:K07160
kpas:LUW96_15285	ko:K01304
kpas:LUW96_15290	ko:K05522
kpas:LUW96_15295	ko:K01647
kpas:LUW96_15300	ko:K00241
kpas:LUW96_15305	ko:K00242
kpas:LUW96_15310	ko:K00239
kpas:LUW96_15315	ko:K00240
kpas:LUW96_15320	ko:K00164
kpas:LUW96_15325	ko:K00658
kpas:LUW96_15330	ko:K01903
kpas:LUW96_15335	ko:K01902
kpas:LUW96_15345	ko:K11477
kpas:LUW96_15350	ko:K03453
kpas:LUW96_15355	ko:K18013
kpas:LUW96_15360	ko:K22131
kpas:LUW96_15370	ko:K22130
kpas:LUW96_15375	ko:K21948
kpas:LUW96_15390	ko:K19221
kpas:LUW96_15395	ko:K01676
kpas:LUW96_15400	ko:K01425
kpas:LUW96_15420	ko:K04835
kpas:LUW96_15425	ko:K19268
kpas:LUW96_15435	ko:K01846
kpas:LUW96_15440	ko:K00425
kpas:LUW96_15445	ko:K00426
kpas:LUW96_15450	ko:K00424
kpas:LUW96_15460	ko:K07107
kpas:LUW96_15465	ko:K03562
kpas:LUW96_15470	ko:K03560
kpas:LUW96_15475	ko:K03646
kpas:LUW96_15480	ko:K03641
kpas:LUW96_15485	ko:K03640
kpas:LUW96_15495	ko:K14229
kpas:LUW96_15500	ko:K14237
kpas:LUW96_15505	ko:K14229
kpas:LUW96_15510	ko:K14229
kpas:LUW96_15515	ko:K14229
kpas:LUW96_15530	ko:K03517
kpas:LUW96_15535	ko:K03811
kpas:LUW96_15540	ko:K16264
kpas:LUW96_15550	ko:K01626
kpas:LUW96_15555	ko:K01834
kpas:LUW96_15560	ko:K01785
kpas:LUW96_15565	ko:K00849
kpas:LUW96_15570	ko:K00965
kpas:LUW96_15575	ko:K01784
kpas:LUW96_15580	ko:K05776
kpas:LUW96_15585	ko:K02019
kpas:LUW96_15590	ko:K25859
kpas:LUW96_15595	ko:K02020
kpas:LUW96_15600	ko:K02018
kpas:LUW96_15605	ko:K02017
kpas:LUW96_15610	ko:K28853
kpas:LUW96_15615	ko:K07404
kpas:LUW96_15625	ko:K00375
kpas:LUW96_15630	ko:K21976
kpas:LUW96_15635	ko:K21975
kpas:LUW96_15640	ko:K21974
kpas:LUW96_15645	ko:K21973
kpas:LUW96_15650	ko:K21972
kpas:LUW96_15665	ko:K01051
kpas:LUW96_15675	ko:K01479
kpas:LUW96_15680	ko:K05836
kpas:LUW96_15685	ko:K01712
kpas:LUW96_15690	ko:K01745
kpas:LUW96_15695	ko:K16234
kpas:LUW96_15705	ko:K00833
kpas:LUW96_15710	ko:K01012
kpas:LUW96_15715	ko:K00652
kpas:LUW96_15720	ko:K02169
kpas:LUW96_15725	ko:K01935
kpas:LUW96_15730	ko:K11963
kpas:LUW96_15735	ko:K03702
kpas:LUW96_15740	ko:K07643
kpas:LUW96_15745	ko:K07771
kpas:LUW96_15750	ko:K03760
kpas:LUW96_15760	ko:K03639
kpas:LUW96_15765	ko:K03638
kpas:LUW96_15770	ko:K03637
kpas:LUW96_15775	ko:K03636
kpas:LUW96_15780	ko:K03635
kpas:LUW96_15785	ko:K06890
kpas:LUW96_15790	ko:K07027
kpas:LUW96_15795	ko:K06131
kpas:LUW96_15810	ko:K25180
kpas:LUW96_15815	ko:K25181
kpas:LUW96_15820	ko:K25182
kpas:LUW96_15825	ko:K25183
kpas:LUW96_15830	ko:K23777
kpas:LUW96_15850	ko:K00615
kpas:LUW96_15855	ko:K00615
kpas:LUW96_15860	ko:K11927
kpas:LUW96_15865	ko:K03722
kpas:LUW96_15885	ko:K07336
kpas:LUW96_15890	ko:K16090
kpas:LUW96_15900	ko:K06970
kpas:LUW96_15905	ko:K22044
kpas:LUW96_15915	ko:K10038
kpas:LUW96_15920	ko:K10037
kpas:LUW96_15925	ko:K10036
kpas:LUW96_15930	ko:K04047
kpas:LUW96_15935	ko:K11939
kpas:LUW96_15940	ko:K11934
kpas:LUW96_15955	ko:K11924
kpas:LUW96_15970	ko:K01223
kpas:LUW96_15975	ko:K03492
kpas:LUW96_15980	ko:K19236
kpas:LUW96_15995	ko:K01187
kpas:LUW96_16000	ko:K08191
kpas:LUW96_16015	ko:K07757
kpas:LUW96_16025	ko:K04069
kpas:LUW96_16030	ko:K21029
kpas:LUW96_16035	ko:K03750
kpas:LUW96_16040	ko:K13051
kpas:LUW96_16045	ko:K13892
kpas:LUW96_16050	ko:K13889
kpas:LUW96_16055	ko:K13890
kpas:LUW96_16060	ko:K13891
kpas:LUW96_16065	ko:K14441
kpas:LUW96_16075	ko:K02532
kpas:LUW96_16080	ko:K19688
kpas:LUW96_16085	ko:K21430
kpas:LUW96_16090	ko:K00799
kpas:LUW96_16095	ko:K14059
kpas:LUW96_16160	ko:K03497
kpas:LUW96_16185	ko:K00558
kpas:LUW96_16205	ko:K01185
kpas:LUW96_16235	ko:K09961
kpas:LUW96_16375	ko:K07258
kpas:LUW96_16380	ko:K11534
kpas:LUW96_16385	ko:K19302
kpas:LUW96_16390	ko:K08160
kpas:LUW96_16395	ko:K20861
kpas:LUW96_16405	ko:K23778
kpas:LUW96_16410	ko:K07085
kpas:LUW96_16420	ko:K03674
kpas:LUW96_16430	ko:K10678
kpas:LUW96_16435	ko:K05844
kpas:LUW96_16445	ko:K11073
kpas:LUW96_16450	ko:K11076
kpas:LUW96_16455	ko:K11075
kpas:LUW96_16460	ko:K11074
kpas:LUW96_16470	ko:K03212
kpas:LUW96_16485	ko:K09996
kpas:LUW96_16490	ko:K09998
kpas:LUW96_16495	ko:K09999
kpas:LUW96_16500	ko:K09997
kpas:LUW96_16505	ko:K10000
kpas:LUW96_16520	ko:K11066
kpas:LUW96_16535	ko:K01620
kpas:LUW96_16540	ko:K00156
kpas:LUW96_16545	ko:K15977
kpas:LUW96_16550	ko:K11933
kpas:LUW96_16555	ko:K05601
kpas:LUW96_16560	ko:K28370
kpas:LUW96_16565	ko:K06188
kpas:LUW96_16570	ko:K07459
kpas:LUW96_16575	ko:K13888
kpas:LUW96_16580	ko:K05685
kpas:LUW96_16585	ko:K03704
kpas:LUW96_16590	ko:K06891
kpas:LUW96_16595	ko:K03694
kpas:LUW96_16600	ko:K02518
kpas:LUW96_16605	ko:K00684
kpas:LUW96_16610	ko:K16012
kpas:LUW96_16615	ko:K16013
kpas:LUW96_16620	ko:K00384
kpas:LUW96_16625	ko:K03719
kpas:LUW96_16630	ko:K03466
kpas:LUW96_16635	ko:K03634
kpas:LUW96_16640	ko:K07478
kpas:LUW96_16645	ko:K01875
kpas:LUW96_16650	ko:K07306
kpas:LUW96_16655	ko:K07307
kpas:LUW96_16660	ko:K07308
kpas:LUW96_16665	ko:K08219
kpas:LUW96_16675	ko:K00615
kpas:LUW96_16680	ko:K00615
kpas:LUW96_16685	ko:K03475
kpas:LUW96_16690	ko:K02822
kpas:LUW96_16700	ko:K04069
kpas:LUW96_16705	ko:K00656
kpas:LUW96_16710	ko:K06212
kpas:LUW96_16715	ko:K09136
kpas:LUW96_16725	ko:K00831
kpas:LUW96_16730	ko:K00800
kpas:LUW96_16735	ko:K07387
kpas:LUW96_16740	ko:K00945
kpas:LUW96_16745	ko:K02945
kpas:LUW96_16750	ko:K05788
kpas:LUW96_16755	ko:K02238
kpas:LUW96_16760	ko:K11085
kpas:LUW96_16765	ko:K00912
kpas:LUW96_16770	ko:K09927
kpas:LUW96_16775	ko:K09791
kpas:LUW96_16780	ko:K00979
kpas:LUW96_16800	ko:K03633
kpas:LUW96_16805	ko:K03804
kpas:LUW96_16810	ko:K03632
kpas:LUW96_16815	ko:K21470
kpas:LUW96_16825	ko:K01069
kpas:LUW96_16830	ko:K00813
kpas:LUW96_16835	ko:K09476
kpas:LUW96_16840	ko:K01893
kpas:LUW96_16845	ko:K00763
kpas:LUW96_16850	ko:K01256
kpas:LUW96_16855	ko:K15555
kpas:LUW96_16860	ko:K15554
kpas:LUW96_16865	ko:K00299
kpas:LUW96_16870	ko:K00254
kpas:LUW96_16875	ko:K18657
kpas:LUW96_16880	ko:K07140
kpas:LUW96_16885	ko:K12297
kpas:LUW96_16890	ko:K15738
kpas:LUW96_16895	ko:K03808
kpas:LUW96_16900	ko:K06192
kpas:LUW96_16905	ko:K09857
kpas:LUW96_16910	ko:K03812
kpas:LUW96_16915	ko:K01716
kpas:LUW96_16920	ko:K04770
kpas:LUW96_16925	ko:K09911
kpas:LUW96_16930	ko:K03286
kpas:LUW96_16935	ko:K13053
kpas:LUW96_16940	ko:K07343
kpas:LUW96_16955	ko:K03658
kpas:LUW96_16960	ko:K01734
kpas:LUW96_16965	ko:K06929
kpas:LUW96_16975	ko:K12543
kpas:LUW96_16980	ko:K12541
kpas:LUW96_16985	ko:K12542
kpas:LUW96_17000	ko:K11940
kpas:LUW96_17005	ko:K06969
kpas:LUW96_17025	ko:K01512
kpas:LUW96_17030	ko:K11179
kpas:LUW96_17035	ko:K19416
kpas:LUW96_17040	ko:K15580
kpas:LUW96_17045	ko:K14233
kpas:LUW96_17050	ko:K00812
kpas:LUW96_17055	ko:K01937
kpas:LUW96_17060	ko:K01714
kpas:LUW96_17070	ko:K19802
kpas:LUW96_17080	ko:K02028
kpas:LUW96_17085	ko:K02029
kpas:LUW96_17090	ko:K02030
kpas:LUW96_17100	ko:K00059
kpas:LUW96_17105	ko:K03446
kpas:LUW96_17115	ko:K18325
kpas:LUW96_17120	ko:K07406
kpas:LUW96_17145	ko:K07552
kpas:LUW96_17180	ko:K08224
kpas:LUW96_17190	ko:K01910
kpas:LUW96_17195	ko:K01646
kpas:LUW96_17200	ko:K01644
kpas:LUW96_17205	ko:K01643
kpas:LUW96_17210	ko:K05964
kpas:LUW96_17215	ko:K05966
kpas:LUW96_17220	ko:K07002
kpas:LUW96_17225	ko:K01682
kpas:LUW96_17230	ko:K03319
kpas:LUW96_17235	ko:K03704
kpas:LUW96_17240	ko:K03704
kpas:LUW96_17245	ko:K18146
kpas:LUW96_17255	ko:K18144
kpas:LUW96_17260	ko:K18143
kpas:LUW96_17270	ko:K09022
kpas:LUW96_17285	ko:K03805
kpas:LUW96_17295	ko:K08344
kpas:LUW96_17305	ko:K05798
kpas:LUW96_17315	ko:K02012
kpas:LUW96_17320	ko:K02011
kpas:LUW96_17325	ko:K02010
kpas:LUW96_17345	ko:K16839
kpas:LUW96_17350	ko:K16345
kpas:LUW96_17355	ko:K16840
kpas:LUW96_17360	ko:K07127
kpas:LUW96_17365	ko:K01487
kpas:LUW96_17370	ko:K03457
kpas:LUW96_17385	ko:K16842
kpas:LUW96_17395	ko:K22601
kpas:LUW96_17405	ko:K22602
kpas:LUW96_17415	ko:K02030
kpas:LUW96_17420	ko:K02029
kpas:LUW96_17425	ko:K02029
kpas:LUW96_17430	ko:K02028
kpas:LUW96_17435	ko:K00839
kpas:LUW96_17440	ko:K02083
kpas:LUW96_17445	ko:K01728
kpas:LUW96_17450	ko:K22110
kpas:LUW96_17460	ko:K04782
kpas:LUW96_17495	ko:K11202
kpas:LUW96_17500	ko:K04069
kpas:LUW96_17510	ko:K11202
kpas:LUW96_17515	ko:K11203
kpas:LUW96_17520	ko:K23991
kpas:LUW96_17525	ko:K07246
kpas:LUW96_17530	ko:K16135
kpas:LUW96_17535	ko:K09471
kpas:LUW96_17540	ko:K09472
kpas:LUW96_17545	ko:K14056
kpas:LUW96_17550	ko:K09473
kpas:LUW96_17555	ko:K09470
kpas:LUW96_17560	ko:K14052
kpas:LUW96_17575	ko:K01085
kpas:LUW96_17585	ko:K03809
kpas:LUW96_17590	ko:K06884
kpas:LUW96_17595	ko:K09016
kpas:LUW96_17600	ko:K09024
kpas:LUW96_17605	ko:K09019
kpas:LUW96_17610	ko:K09023
kpas:LUW96_17615	ko:K09021
kpas:LUW96_17620	ko:K09020
kpas:LUW96_17625	ko:K09018
kpas:LUW96_17630	ko:K09017
kpas:LUW96_17640	ko:K13821
kpas:LUW96_17645	ko:K11928
kpas:LUW96_17655	ko:K03317
kpas:LUW96_17660	ko:K07243
kpas:LUW96_17665	ko:K07224
kpas:LUW96_17670	ko:K16301
kpas:LUW96_17675	ko:K06217
kpas:LUW96_17700	ko:K21137
kpas:LUW96_17705	ko:K21134
kpas:LUW96_17710	ko:K14233
kpas:LUW96_17720	ko:K06911
kpas:LUW96_17730	ko:K14233
kpas:LUW96_17735	ko:K12972
kpas:LUW96_17740	ko:K04477
kpas:LUW96_17760	ko:K23518
kpas:LUW96_17770	ko:K11941
kpas:LUW96_17775	ko:K03670
kpas:LUW96_17780	ko:K03669
kpas:LUW96_17790	ko:K12147
kpas:LUW96_17795	ko:K08161
kpas:LUW96_17800	ko:K02517
kpas:LUW96_17805	ko:K07146
kpas:LUW96_17815	ko:K02846
kpas:LUW96_17820	ko:K12148
kpas:LUW96_17825	ko:K12149
kpas:LUW96_17830	ko:K01465
kpas:LUW96_17840	ko:K03675
kpas:LUW96_17845	ko:K08162
kpas:LUW96_17850	ko:K03790
kpas:LUW96_17855	ko:K09915
kpas:LUW96_17860	ko:K03810
kpas:LUW96_17865	ko:K03980
kpas:LUW96_17880	ko:K08300
kpas:LUW96_17885	ko:K06179
kpas:LUW96_17895	ko:K25422
kpas:LUW96_17900	ko:K07040
kpas:LUW96_17905	ko:K02911
kpas:LUW96_17910	ko:K03621
kpas:LUW96_17915	ko:K00648
kpas:LUW96_17920	ko:K00645
kpas:LUW96_17925	ko:K00059
kpas:LUW96_17930	ko:K02078
kpas:LUW96_17935	ko:K09458
kpas:LUW96_17940	ko:K02619
kpas:LUW96_17945	ko:K07082
kpas:LUW96_17950	ko:K00943
kpas:LUW96_17955	ko:K02341
kpas:LUW96_17960	ko:K03424
kpas:LUW96_17965	ko:K02779
kpas:LUW96_17970	ko:K16088
kpas:LUW96_17975	ko:K02503
kpas:LUW96_17985	ko:K07337
kpas:LUW96_17990	ko:K07251
kpas:LUW96_17995	ko:K01207
kpas:LUW96_18000	ko:K07000
kpas:LUW96_18005	ko:K03885
kpas:LUW96_18015	ko:K02014
kpas:LUW96_18020	ko:K22041
kpas:LUW96_18025	ko:K12151
kpas:LUW96_18030	ko:K19236
kpas:LUW96_18035	ko:K03723
kpas:LUW96_18045	ko:K09808
kpas:LUW96_18050	ko:K09810
kpas:LUW96_18055	ko:K09808
kpas:LUW96_18060	ko:K28207
kpas:LUW96_18065	ko:K12410
kpas:LUW96_18085	ko:K11069
kpas:LUW96_18090	ko:K11070
kpas:LUW96_18095	ko:K11071
kpas:LUW96_18100	ko:K11072
kpas:LUW96_18105	ko:K01258
kpas:LUW96_18110	ko:K18850
kpas:LUW96_18115	ko:K07637
kpas:LUW96_18120	ko:K07660
kpas:LUW96_18145	ko:K01756
kpas:LUW96_18150	ko:K07153
kpas:LUW96_18155	ko:K00566
kpas:LUW96_18160	ko:K12152
kpas:LUW96_18165	ko:K06181
kpas:LUW96_18170	ko:K00031
kpas:LUW96_18185	ko:K18968
kpas:LUW96_18190	ko:K21086
kpas:LUW96_18220	ko:K01607
kpas:LUW96_18240	ko:K01424
kpas:LUW96_18250	ko:K12974
kpas:LUW96_18255	ko:K11250
kpas:LUW96_18275	ko:K13069
kpas:LUW96_18280	ko:K09712
kpas:LUW96_18300	ko:K25494
kpas:LUW96_18305	ko:K25495
kpas:LUW96_18315	ko:K19055
kpas:LUW96_18330	ko:K09786
kpas:LUW96_18335	ko:K07180
kpas:LUW96_18340	ko:K07274
kpas:LUW96_18350	ko:K01792
kpas:LUW96_18355	ko:K00134
kpas:LUW96_18360	ko:K07305
kpas:LUW96_18365	ko:K09916
kpas:LUW96_18375	ko:K01183
kpas:LUW96_18385	ko:K08369
kpas:LUW96_18390	ko:K00008
kpas:LUW96_18405	ko:K18471
kpas:LUW96_18415	ko:K08369
kpas:LUW96_18420	ko:K08281
kpas:LUW96_18425	ko:K01424
kpas:LUW96_18430	ko:K04773
kpas:LUW96_18440	ko:K09474
kpas:LUW96_18445	ko:K01008
kpas:LUW96_18450	ko:K03169
kpas:LUW96_18455	ko:K00262
kpas:LUW96_18460	ko:K08320
kpas:LUW96_18470	ko:K21028
kpas:LUW96_18475	ko:K05779
kpas:LUW96_18480	ko:K05778
kpas:LUW96_18485	ko:K05777
kpas:LUW96_18505	ko:K01142
kpas:LUW96_18510	ko:K00840
kpas:LUW96_18515	ko:K00673
kpas:LUW96_18520	ko:K06447
kpas:LUW96_18525	ko:K01484
kpas:LUW96_18530	ko:K05526
kpas:LUW96_18535	ko:K06006
kpas:LUW96_18540	ko:K03744
kpas:LUW96_18550	ko:K05984
kpas:LUW96_18555	ko:K01916
kpas:LUW96_18560	ko:K04064
kpas:LUW96_18565	ko:K02760
kpas:LUW96_18570	ko:K02761
kpas:LUW96_18575	ko:K02759
kpas:LUW96_18580	ko:K03490
kpas:LUW96_18585	ko:K01222
kpas:LUW96_18590	ko:K03478
kpas:LUW96_18595	ko:K03781
kpas:LUW96_18600	ko:K15722
kpas:LUW96_18605	ko:K06956
kpas:LUW96_18610	ko:K07038
kpas:LUW96_18615	ko:K00065
kpas:LUW96_18620	ko:K24204
kpas:LUW96_18630	ko:K10806
kpas:LUW96_18635	ko:K19611
kpas:LUW96_18640	ko:K06190
kpas:LUW96_18650	ko:K07275
kpas:LUW96_18680	ko:K01695
kpas:LUW96_18685	ko:K01696
kpas:LUW96_18690	ko:K13498
kpas:LUW96_18695	ko:K13497
kpas:LUW96_18700	ko:K01657
kpas:LUW96_18705	ko:K07053
kpas:LUW96_18715	ko:K06178
kpas:LUW96_18720	ko:K03292
kpas:LUW96_18725	ko:K05349
kpas:LUW96_18735	ko:K19221
kpas:LUW96_18745	ko:K04774
kpas:LUW96_18755	ko:K03168
kpas:LUW96_18760	ko:K13634
kpas:LUW96_18770	ko:K27802
kpas:LUW96_18775	ko:K01497
kpas:LUW96_18780	ko:K01096
kpas:LUW96_18785	ko:K08992
kpas:LUW96_18790	ko:K19804
kpas:LUW96_18795	ko:K01591
kpas:LUW96_18800	ko:K03113
kpas:LUW96_18805	ko:K04062
kpas:LUW96_18820	ko:K01147
kpas:LUW96_18830	ko:K00208
kpas:LUW96_18835	ko:K09975
kpas:LUW96_18840	ko:K19230
kpas:LUW96_18845	ko:K19229
kpas:LUW96_18850	ko:K19228
kpas:LUW96_18875	ko:K10906
kpas:LUW96_18905	ko:K03497
kpas:LUW96_18915	ko:K10762
kpas:LUW96_18955	ko:K12149
kpas:LUW96_19005	ko:K03791
kpas:LUW96_19180	ko:K21528
kpas:LUW96_19185	ko:K03503
kpas:LUW96_19190	ko:K03502
kpas:LUW96_19255	ko:K19227
kpas:LUW96_19260	ko:K19226
kpas:LUW96_19275	ko:K01451
kpas:LUW96_19280	ko:K08170
kpas:LUW96_19285	ko:K03974
kpas:LUW96_19290	ko:K03969
kpas:LUW96_19295	ko:K03970
kpas:LUW96_19300	ko:K03973
kpas:LUW96_19305	ko:K03971
kpas:LUW96_19310	ko:K03972
kpas:LUW96_19315	ko:K06918
kpas:LUW96_19320	ko:K08990
kpas:LUW96_19325	ko:K03721
kpas:LUW96_19330	ko:K07120
kpas:LUW96_19335	ko:K11065
kpas:LUW96_19340	ko:K19802
kpas:LUW96_19345	ko:K14054
kpas:LUW96_19350	ko:K15580
kpas:LUW96_19355	ko:K05520
kpas:LUW96_19375	ko:K01198
kpas:LUW96_19380	ko:K03292
kpas:LUW96_19390	ko:K02024
kpas:LUW96_19405	ko:K00574
kpas:LUW96_19410	ko:K09701
kpas:LUW96_19415	ko:K06954
kpas:LUW96_19445	ko:K06889
kpas:LUW96_19475	ko:K03286
kpas:LUW96_19480	ko:K08996
kpas:LUW96_19485	ko:K02760
kpas:LUW96_19500	ko:K03503
kpas:LUW96_19505	ko:K03502
kpas:LUW96_19515	ko:K02444
kpas:LUW96_19525	ko:K16074
kpas:LUW96_19530	ko:K05591
kpas:LUW96_19535	ko:K14058
kpas:LUW96_19540	ko:K14061
kpas:LUW96_19550	ko:K14062
kpas:LUW96_19555	ko:K03737
kpas:LUW96_19610	ko:K26973
kpas:LUW96_19615	ko:K26974
kpas:LUW96_19620	ko:K26975
kpas:LUW96_19625	ko:K26976
kpas:LUW96_19640	ko:K03668
kpas:LUW96_19645	ko:K03778
kpas:LUW96_19665	ko:K09978
kpas:LUW96_19670	ko:K14063
kpas:LUW96_19675	ko:K01478
kpas:LUW96_19680	ko:K03758
kpas:LUW96_19685	ko:K06077
kpas:LUW96_19690	ko:K00146
kpas:LUW96_19700	ko:K02030
kpas:LUW96_19710	ko:K02028
kpas:LUW96_19710	ko:K02029
kpas:LUW96_19720	ko:K07222
kpas:LUW96_19735	ko:K01438
kpas:LUW96_19790	ko:K05804
kpas:LUW96_19795	ko:K19586
kpas:LUW96_19800	ko:K19585
kpas:LUW96_19805	ko:K19587
kpas:LUW96_19845	ko:K00675
kpas:LUW96_19855	ko:K00134
kpas:LUW96_19875	ko:K06889
kpas:LUW96_19880	ko:K01576
kpas:LUW96_19915	ko:K00799
kpas:LUW96_19925	ko:K00276
kpas:LUW96_19930	ko:K02618
kpas:LUW96_19935	ko:K02609
kpas:LUW96_19940	ko:K02610
kpas:LUW96_19945	ko:K02611
kpas:LUW96_19950	ko:K02612
kpas:LUW96_19955	ko:K02613
kpas:LUW96_19960	ko:K01692
kpas:LUW96_19965	ko:K15866
kpas:LUW96_19970	ko:K00074
kpas:LUW96_19975	ko:K02614
kpas:LUW96_19980	ko:K02615
kpas:LUW96_19985	ko:K01912
kpas:LUW96_19995	ko:K02616
kpas:LUW96_20000	ko:K02617
kpas:LUW96_20010	ko:K01118
kpas:LUW96_20015	ko:K03578
kpas:LUW96_20030	ko:K18139
kpas:LUW96_20045	ko:K06075
kpas:LUW96_20050	ko:K00261
kpas:LUW96_20060	ko:K07248
kpas:LUW96_20070	ko:K00134
kpas:LUW96_20110	ko:K12262
kpas:LUW96_20115	ko:K23239
kpas:LUW96_20120	ko:K00121
kpas:LUW96_20130	ko:K05358
kpas:LUW96_20140	ko:K00448
kpas:LUW96_20145	ko:K00449
kpas:LUW96_20150	ko:K25986
kpas:LUW96_20155	ko:K03929
kpas:LUW96_20170	ko:K03817
kpas:LUW96_20180	ko:K03304
kpas:LUW96_20185	ko:K16868
kpas:LUW96_20190	ko:K01258
kpas:LUW96_20195	ko:K12368
kpas:LUW96_20210	ko:K07506
kpas:LUW96_20215	ko:K05782
kpas:LUW96_20220	ko:K23779
kpas:LUW96_20225	ko:K24847
kpas:LUW96_20240	ko:K00426
kpas:LUW96_20245	ko:K00425
kpas:LUW96_20255	ko:K02055
kpas:LUW96_20260	ko:K02052
kpas:LUW96_20265	ko:K02054
kpas:LUW96_20270	ko:K02053
kpas:LUW96_20275	ko:K00137
kpas:LUW96_20295	ko:K28274
kpas:LUW96_20305	ko:K01051
kpas:LUW96_20310	ko:K00141
kpas:LUW96_20330	ko:K09936
kpas:LUW96_20335	ko:K24217
kpas:LUW96_20350	ko:K23256
kpas:LUW96_20355	ko:K01250
kpas:LUW96_20365	ko:K02014
kpas:LUW96_20380	ko:K11738
kpas:LUW96_20410	ko:K02029
kpas:LUW96_20415	ko:K02028
kpas:LUW96_20420	ko:K02030
kpas:LUW96_20425	ko:K03535
kpas:LUW96_20430	ko:K20023
kpas:LUW96_20435	ko:K06145
kpas:LUW96_20440	ko:K11208
kpas:LUW96_20445	ko:K01821
kpas:LUW96_20455	ko:K07726
kpas:LUW96_20465	ko:K16077
kpas:LUW96_20500	ko:K02010
kpas:LUW96_20505	ko:K02012
kpas:LUW96_20510	ko:K02011
kpas:LUW96_20515	ko:K00675
kpas:LUW96_20520	ko:K00374
kpas:LUW96_20525	ko:K00373
kpas:LUW96_20530	ko:K00371
kpas:LUW96_20535	ko:K00370
kpas:LUW96_20540	ko:K02575
kpas:LUW96_20550	ko:K08167
kpas:LUW96_20560	ko:K08348
kpas:LUW96_20565	ko:K08349
kpas:LUW96_20570	ko:K08350
kpas:LUW96_20575	ko:K19163
kpas:LUW96_20585	ko:K08156
kpas:LUW96_20600	ko:K02031
kpas:LUW96_20600	ko:K02032
kpas:LUW96_20605	ko:K02034
kpas:LUW96_20610	ko:K02033
kpas:LUW96_20615	ko:K02035
kpas:LUW96_20625	ko:K13953
kpas:LUW96_20630	ko:K01507
kpas:LUW96_20660	ko:K00027
kpas:LUW96_20665	ko:K02972
kpas:LUW96_20685	ko:K04063
kpas:LUW96_20700	ko:K08994
kpas:LUW96_20735	ko:K08369
kpas:LUW96_20745	ko:K07507
kpas:LUW96_20750	ko:K01531
kpas:LUW96_20760	ko:K03782
kpas:LUW96_20770	ko:K09936
kpas:LUW96_20775	ko:K09936
kpas:LUW96_20795	ko:K02051
kpas:LUW96_20800	ko:K02050
kpas:LUW96_20805	ko:K02049
kpas:LUW96_20810	ko:K28692
kpas:LUW96_20815	ko:K28693
kpas:LUW96_20820	ko:K01941
kpas:LUW96_20825	ko:K01457
kpas:LUW96_20830	ko:K05515
kpas:LUW96_20835	ko:K01951
kpas:LUW96_20840	ko:K16137
kpas:LUW96_20845	ko:K07124
kpas:LUW96_20850	ko:K13745
kpas:LUW96_20855	ko:K00836
kpas:LUW96_20860	ko:K15598
kpas:LUW96_20865	ko:K15599
kpas:LUW96_20870	ko:K15600
kpas:LUW96_20875	ko:K03707
kpas:LUW96_20885	ko:K03335
kpas:LUW96_20890	ko:K02529
kpas:LUW96_20935	ko:K00350
kpas:LUW96_20960	ko:K01236
kpas:LUW96_20965	ko:K06044
kpas:LUW96_20970	ko:K01214
kpas:LUW96_20975	ko:K00382
kpas:LUW96_20980	ko:K00627
kpas:LUW96_20985	ko:K21417
kpas:LUW96_20990	ko:K21416
kpas:LUW96_21005	ko:K06889
kpas:LUW96_21035	ko:K20807
kpas:LUW96_21040	ko:K01721
kpas:LUW96_21045	ko:K01426
kpas:LUW96_21050	ko:K06886
kpas:LUW96_21100	ko:K10038
kpas:LUW96_21105	ko:K10037
kpas:LUW96_21110	ko:K10036
kpas:LUW96_21115	ko:K01607
kpas:LUW96_21135	ko:K01752
kpas:LUW96_21140	ko:K03837
kpas:LUW96_21145	ko:K08476
kpas:LUW96_21150	ko:K08475
kpas:LUW96_21155	ko:K08478
kpas:LUW96_21160	ko:K11382
kpas:LUW96_21165	ko:K04781
kpas:LUW96_21170	ko:K05373
kpas:LUW96_21175	ko:K14699
kpas:LUW96_21180	ko:K14698
kpas:LUW96_21185	ko:K05372
kpas:LUW96_21190	ko:K04784
kpas:LUW96_21195	ko:K04786
kpas:LUW96_21200	ko:K04785
kpas:LUW96_21205	ko:K05374
kpas:LUW96_21210	ko:K04783
kpas:LUW96_21215	ko:K15721
kpas:LUW96_21230	ko:K09962
kpas:LUW96_21235	ko:K03707
kpas:LUW96_21240	ko:K06971
kpas:LUW96_21245	ko:K00852
kpas:LUW96_21250	ko:K10439
kpas:LUW96_21255	ko:K02529
kpas:LUW96_21260	ko:K10441
kpas:LUW96_21265	ko:K10440
kpas:LUW96_21270	ko:K07048
kpas:LUW96_21290	ko:K16089
kpas:LUW96_21300	ko:K13041
kpas:LUW96_21305	ko:K13040
kpas:LUW96_21310	ko:K08358
kpas:LUW96_21315	ko:K08359
kpas:LUW96_21320	ko:K08357
kpas:LUW96_21350	ko:K02032
kpas:LUW96_21355	ko:K02031
kpas:LUW96_21360	ko:K02034
kpas:LUW96_21365	ko:K02033
kpas:LUW96_21370	ko:K02035
kpas:LUW96_21390	ko:K01265
kpas:LUW96_21405	ko:K01821
kpas:LUW96_21445	ko:K07727
kpas:LUW96_21450	ko:K03710
kpas:LUW96_21460	ko:K03475
kpas:LUW96_21465	ko:K02822
kpas:LUW96_21470	ko:K02821
kpas:LUW96_21475	ko:K01470
kpas:LUW96_21480	ko:K23149
kpas:LUW96_21490	ko:K00077
kpas:LUW96_21495	ko:K09794
kpas:LUW96_21500	ko:K00433
kpas:LUW96_21510	ko:K01607
kpas:LUW96_21530	ko:K09702
kpas:LUW96_21555	ko:K10439
kpas:LUW96_21560	ko:K10441
kpas:LUW96_21565	ko:K10440
kpas:LUW96_21575	ko:K00847
kpas:LUW96_21590	ko:K02443
kpas:LUW96_21595	ko:K00880
kpas:LUW96_21600	ko:K00059
kpas:LUW96_21605	ko:K00058
kpas:LUW96_21610	ko:K02775
kpas:LUW96_21615	ko:K16076
kpas:LUW96_21630	ko:K02015
kpas:LUW96_21635	ko:K02016
kpas:LUW96_21640	ko:K02013
kpas:LUW96_21655	ko:K02761
kpas:LUW96_21660	ko:K01444
kpas:LUW96_21665	ko:K01255
kpas:LUW96_21680	ko:K00286
kpas:LUW96_21695	ko:K16957
kpas:LUW96_21700	ko:K16959
kpas:LUW96_21705	ko:K16958
kpas:LUW96_21710	ko:K16960
kpas:LUW96_21735	ko:K02073
kpas:LUW96_21740	ko:K02071
kpas:LUW96_21745	ko:K02072
kpas:LUW96_21750	ko:K00459
kpas:LUW96_21795	ko:K01626
kpas:LUW96_21800	ko:K00216
kpas:LUW96_21805	ko:K20261
kpas:LUW96_21810	ko:K13063
kpas:LUW96_21815	ko:K00483
kpas:LUW96_21825	ko:K07552
kpas:LUW96_21860	ko:K07787
kpas:LUW96_21865	ko:K07798
kpas:LUW96_21870	ko:K07796
kpas:LUW96_21875	ko:K07810
kpas:LUW96_21885	ko:K06897
kpas:LUW96_21890	ko:K00598
kpas:LUW96_21900	ko:K00041
kpas:LUW96_21920	ko:K01425
kpas:LUW96_21925	ko:K08324
kpas:LUW96_21935	ko:K03829
kpas:LUW96_21940	ko:K00016
kpas:LUW96_21950	ko:K22024
kpas:LUW96_21955	ko:K22129
kpas:LUW96_21965	ko:K01714
kpas:LUW96_21980	ko:K19334
kpas:LUW96_22000	ko:K08159
kpas:LUW96_22005	ko:K05595
kpas:LUW96_22010	ko:K03712
kpas:LUW96_22015	ko:K13632
kpas:LUW96_22020	ko:K13630
kpas:LUW96_22025	ko:K15268
kpas:LUW96_22040	ko:K11963
kpas:LUW96_22045	ko:K11962
kpas:LUW96_22050	ko:K11961
kpas:LUW96_22055	ko:K11960
kpas:LUW96_22060	ko:K11959
kpas:LUW96_22075	ko:K13633
kpas:LUW96_22100	ko:K00549
kpas:LUW96_22115	ko:K21973
kpas:LUW96_22125	ko:K27069
kpas:LUW96_22130	ko:K01190
kpas:LUW96_22135	ko:K02532
kpas:LUW96_22165	ko:K09912
kpas:LUW96_22220	ko:K16053
kpas:LUW96_22235	ko:K01284
kpas:LUW96_22240	ko:K16066
kpas:LUW96_22245	ko:K22293
kpas:LUW96_22250	ko:K11932
kpas:LUW96_22255	ko:K00040
kpas:LUW96_22260	ko:K08173
kpas:LUW96_22265	ko:K08322
kpas:LUW96_22270	ko:K08323
kpas:LUW96_22275	ko:K09771
kpas:LUW96_22285	ko:K00657
kpas:LUW96_22300	ko:K07309
kpas:LUW96_22305	ko:K07307
kpas:LUW96_22310	ko:K07312
kpas:LUW96_22315	ko:K23349
kpas:LUW96_22320	ko:K03281
kpas:LUW96_22325	ko:K01935
kpas:LUW96_22330	ko:K15545
kpas:LUW96_22340	ko:K08224
kpas:LUW96_22350	ko:K01299
kpas:LUW96_22365	ko:K03566
kpas:LUW96_22370	ko:K04775
kpas:LUW96_22380	ko:K11742
kpas:LUW96_22385	ko:K11743
kpas:LUW96_22390	ko:K11744
kpas:LUW96_22395	ko:K13929
kpas:LUW96_22400	ko:K13930
kpas:LUW96_22405	ko:K13931
kpas:LUW96_22410	ko:K13932
kpas:LUW96_22415	ko:K13933
kpas:LUW96_22420	ko:K13936
kpas:LUW96_22425	ko:K13934
kpas:LUW96_22430	ko:K13935
kpas:LUW96_22435	ko:K13928
kpas:LUW96_22440	ko:K00116
kpas:LUW96_22445	ko:K07106
kpas:LUW96_22460	ko:K07701
kpas:LUW96_22465	ko:K07703
kpas:LUW96_22470	ko:K03734
kpas:LUW96_22475	ko:K28482
kpas:LUW96_22480	ko:K11106
kpas:LUW96_22485	ko:K01676
kpas:LUW96_22490	ko:K01607
kpas:LUW96_22495	ko:K01055
kpas:LUW96_22500	ko:K01857
kpas:LUW96_22505	ko:K07823
kpas:LUW96_22510	ko:K01032
kpas:LUW96_22515	ko:K01031
kpas:LUW96_22520	ko:K02624
kpas:LUW96_22530	ko:K14057
kpas:LUW96_22535	ko:K12940
kpas:LUW96_22540	ko:K12941
kpas:LUW96_22545	ko:K12942
kpas:LUW96_22550	ko:K00567
kpas:LUW96_22555	ko:K01420
kpas:LUW96_22560	ko:K14055
kpas:LUW96_22570	ko:K00325
kpas:LUW96_22575	ko:K00324
kpas:LUW96_22590	ko:K03758
kpas:LUW96_22595	ko:K13938
kpas:LUW96_22605	ko:K21638
kpas:LUW96_22610	ko:K07661
kpas:LUW96_22625	ko:K07639
kpas:LUW96_22630	ko:K10748
kpas:LUW96_22635	ko:K01679
kpas:LUW96_22640	ko:K01676
kpas:LUW96_22645	ko:K01809
kpas:LUW96_22655	ko:K16136
kpas:LUW96_22660	ko:K02791
kpas:LUW96_22665	ko:K14155
kpas:LUW96_22675	ko:K07112
kpas:LUW96_22685	ko:K02073
kpas:LUW96_22690	ko:K01488
kpas:LUW96_22700	ko:K22718
kpas:LUW96_22705	ko:K01223
kpas:LUW96_22720	ko:K03617
kpas:LUW96_22725	ko:K03616
kpas:LUW96_22730	ko:K03615
kpas:LUW96_22735	ko:K03614
kpas:LUW96_22740	ko:K03612
kpas:LUW96_22745	ko:K03613
kpas:LUW96_22750	ko:K10773
kpas:LUW96_22755	ko:K03305
kpas:LUW96_22760	ko:K00799
kpas:LUW96_22765	ko:K00868
kpas:LUW96_22770	ko:K01866
kpas:LUW96_22775	ko:K00275
kpas:LUW96_22785	ko:K09001
kpas:LUW96_22790	ko:K06077
kpas:LUW96_22800	ko:K06075
kpas:LUW96_22820	ko:K04565
kpas:LUW96_22830	ko:K06938
kpas:LUW96_22835	ko:K16137
kpas:LUW96_22840	ko:K10680
kpas:LUW96_22845	ko:K01759
kpas:LUW96_22850	ko:K03683
kpas:LUW96_22855	ko:K07390
kpas:LUW96_22860	ko:K19303
kpas:LUW96_22865	ko:K04564
kpas:LUW96_22870	ko:K19577
kpas:LUW96_22880	ko:K03604
kpas:LUW96_22890	ko:K28371
kpas:LUW96_22895	ko:K00574
kpas:LUW96_22900	ko:K00793
kpas:LUW96_22905	ko:K26939
kpas:LUW96_22910	ko:K14237
kpas:LUW96_22915	ko:K14237
kpas:LUW96_22920	ko:K14237
kpas:LUW96_22925	ko:K06884
kpas:LUW96_22945	ko:K00425
kpas:LUW96_22950	ko:K00426
kpas:LUW96_22955	ko:K05343
kpas:LUW96_22985	ko:K01187
kpas:LUW96_22990	ko:K02810
kpas:LUW96_22995	ko:K16077
kpas:LUW96_23025	ko:K01673
kpas:LUW96_23030	ko:K05835
kpas:LUW96_23040	ko:K01759
kpas:LUW96_23045	ko:K19271
kpas:LUW96_23050	ko:K02035
kpas:LUW96_23055	ko:K02033
kpas:LUW96_23060	ko:K02034
kpas:LUW96_23065	ko:K02031
kpas:LUW96_23070	ko:K02032
kpas:LUW96_23075	ko:K05358
kpas:LUW96_23080	ko:K07357
kpas:LUW96_23085	ko:K07345
kpas:LUW96_23090	ko:K07346
kpas:LUW96_23095	ko:K07347
kpas:LUW96_23100	ko:K07345
kpas:LUW96_23105	ko:K07349
kpas:LUW96_23110	ko:K07357
kpas:LUW96_23120	ko:K09824
kpas:LUW96_23130	ko:K26607
kpas:LUW96_23135	ko:K18218
kpas:LUW96_23140	ko:K01758
kpas:LUW96_23150	ko:K03704
kpas:LUW96_23160	ko:K01575
kpas:LUW96_23165	ko:K01652
kpas:LUW96_23170	ko:K03366
kpas:LUW96_23175	ko:K02010
kpas:LUW96_23180	ko:K02011
kpas:LUW96_23185	ko:K02012
kpas:LUW96_23190	ko:K13574
kpas:LUW96_23195	ko:K22015
kpas:LUW96_23210	ko:K02028
kpas:LUW96_23215	ko:K02029
kpas:LUW96_23220	ko:K02030
kpas:LUW96_23230	ko:K02016
kpas:LUW96_23235	ko:K02015
kpas:LUW96_23240	ko:K02015
kpas:LUW96_23245	ko:K02013
kpas:LUW96_23250	ko:K02014
kpas:LUW96_23255	ko:K15555
kpas:LUW96_23260	ko:K15554
kpas:LUW96_23265	ko:K15553
kpas:LUW96_23270	ko:K15553
kpas:LUW96_23290	ko:K24700
kpas:LUW96_23305	ko:K05810
kpas:LUW96_23310	ko:K05819
kpas:LUW96_23315	ko:K01666
kpas:LUW96_23320	ko:K04073
kpas:LUW96_23325	ko:K02554
kpas:LUW96_23330	ko:K05714
kpas:LUW96_23335	ko:K05713
kpas:LUW96_23340	ko:K05712
kpas:LUW96_23345	ko:K05818
kpas:LUW96_23360	ko:K08194
kpas:LUW96_23365	ko:K26400
kpas:LUW96_23375	ko:K01675
kpas:LUW96_23380	ko:K00873
kpas:LUW96_23385	ko:K06078
kpas:LUW96_23390	ko:K19236
kpas:LUW96_23395	ko:K02426
kpas:LUW96_23400	ko:K11717
kpas:LUW96_23405	ko:K09015
kpas:LUW96_23410	ko:K09013
kpas:LUW96_23415	ko:K09014
kpas:LUW96_23420	ko:K05997
kpas:LUW96_23425	ko:K07349
kpas:LUW96_23430	ko:K07345
kpas:LUW96_23435	ko:K07347
kpas:LUW96_23440	ko:K07346
kpas:LUW96_23445	ko:K07345
kpas:LUW96_23465	ko:K19222
kpas:LUW96_23470	ko:K26063
kpas:LUW96_23480	ko:K18518
kpas:LUW96_23485	ko:K01007
kpas:LUW96_23490	ko:K09773
kpas:LUW96_23495	ko:K01626
kpas:LUW96_23505	ko:K08997
kpas:LUW96_23510	ko:K13695
kpas:LUW96_23515	ko:K06074
kpas:LUW96_23520	ko:K00432
kpas:LUW96_23525	ko:K02073
kpas:LUW96_23530	ko:K06073
kpas:LUW96_23535	ko:K04764
kpas:LUW96_23540	ko:K01890
kpas:LUW96_23545	ko:K01889
kpas:LUW96_23555	ko:K02887
kpas:LUW96_23560	ko:K02916
kpas:LUW96_23565	ko:K02520
kpas:LUW96_23570	ko:K01868
kpas:LUW96_23580	ko:K07283
kpas:LUW96_23585	ko:K16370
kpas:LUW96_23600	ko:K03832
kpas:LUW96_23605	ko:K09780
kpas:LUW96_23615	ko:K06131
kpas:LUW96_23620	ko:K09901
kpas:LUW96_23625	ko:K10716
kpas:LUW96_23630	ko:K10823
kpas:LUW96_23635	ko:K15583
kpas:LUW96_23640	ko:K15582
kpas:LUW96_23645	ko:K15581
kpas:LUW96_23650	ko:K15580
kpas:LUW96_23660	ko:K04072
kpas:LUW96_23665	ko:K00857
kpas:LUW96_23670	ko:K03746
kpas:LUW96_23675	ko:K00963
kpas:LUW96_23680	ko:K02485
kpas:LUW96_23685	ko:K07001
kpas:LUW96_23690	ko:K09858
kpas:LUW96_23695	ko:K01433
kpas:LUW96_23700	ko:K14236
kpas:LUW96_23710	ko:K14236
kpas:LUW96_23730	ko:K03719
kpas:LUW96_23740	ko:K00374
kpas:LUW96_23745	ko:K00373
kpas:LUW96_23750	ko:K00371
kpas:LUW96_23755	ko:K00370
kpas:LUW96_23760	ko:K02575
kpas:LUW96_23765	ko:K07673
kpas:LUW96_23770	ko:K07684
kpas:LUW96_23780	ko:K00372
kpas:LUW96_23785	ko:K00361
kpas:LUW96_23790	ko:K15578
kpas:LUW96_23795	ko:K15577
kpas:LUW96_23800	ko:K15576
kpas:LUW96_23810	ko:K06039
kpas:LUW96_23820	ko:K07232
kpas:LUW96_23825	ko:K06197
kpas:LUW96_23830	ko:K07300
kpas:LUW96_23835	ko:K01627
kpas:LUW96_23850	ko:K02493
kpas:LUW96_23855	ko:K02835
kpas:LUW96_23860	ko:K02492
kpas:LUW96_23865	ko:K02494
kpas:LUW96_23870	ko:K00919
kpas:LUW96_23875	ko:K00948
kpas:LUW96_23880	ko:K03321
kpas:LUW96_23895	ko:K01056
kpas:LUW96_23900	ko:K06942
kpas:LUW96_23915	ko:K01751
kpas:LUW96_23925	ko:K01464
kpas:LUW96_23930	ko:K00926
kpas:LUW96_23935	ko:K07402
kpas:LUW96_23940	ko:K12527
kpas:LUW96_23960	ko:K24206
kpas:LUW96_23965	ko:K22015
kpas:LUW96_23970	ko:K07141
kpas:LUW96_23985	ko:K06609
kpas:LUW96_23990	ko:K02798
kpas:LUW96_23995	ko:K07127
kpas:LUW96_24000	ko:K03098
kpas:LUW96_24010	ko:K01610
kpas:LUW96_24015	ko:K21645
kpas:LUW96_24020	ko:K06177
kpas:LUW96_24030	ko:K26605
kpas:LUW96_24035	ko:K26606
kpas:LUW96_24050	ko:K07395
kpas:LUW96_24070	ko:K05349
kpas:LUW96_24080	ko:K03292
kpas:LUW96_24085	ko:K01194
kpas:LUW96_24090	ko:K08308
kpas:LUW96_24095	ko:K01297
kpas:LUW96_24100	ko:K11105
kpas:LUW96_24105	ko:K01775
kpas:LUW96_24110	ko:K00285
kpas:LUW96_24115	ko:K06415
kpas:LUW96_24120	ko:K03603
kpas:LUW96_24125	ko:K03314
kpas:LUW96_24130	ko:K03611
kpas:LUW96_24140	ko:K09160
kpas:LUW96_24145	ko:K29029
kpas:LUW96_24150	ko:K09902
kpas:LUW96_24155	ko:K03610
kpas:LUW96_24160	ko:K03609
kpas:LUW96_24165	ko:K03608
kpas:LUW96_24170	ko:K03684
kpas:LUW96_24175	ko:K01897
kpas:LUW96_24180	ko:K07285
kpas:LUW96_24185	ko:K14742
kpas:LUW96_24190	ko:K03722
kpas:LUW96_24205	ko:K10112
kpas:LUW96_24210	ko:K02026
kpas:LUW96_24215	ko:K02025
kpas:LUW96_24220	ko:K02027
kpas:LUW96_24235	ko:K09917
kpas:LUW96_24240	ko:K01665
kpas:LUW96_24250	ko:K01752
kpas:LUW96_24255	ko:K21090
kpas:LUW96_24265	ko:K02794
kpas:LUW96_24270	ko:K02795
kpas:LUW96_24275	ko:K02796
kpas:LUW96_24285	ko:K23242
kpas:LUW96_24290	ko:K00563
kpas:LUW96_24295	ko:K03587
kpas:LUW96_24300	ko:K03704
kpas:LUW96_24325	ko:K19333
kpas:LUW96_24330	ko:K08169
kpas:LUW96_24335	ko:K03799
kpas:LUW96_24340	ko:K03797
kpas:LUW96_24345	ko:K03607
kpas:LUW96_24355	ko:K03808
kpas:LUW96_24360	ko:K06192
kpas:LUW96_24365	ko:K11392
kpas:LUW96_24380	ko:K07313
kpas:LUW96_24385	ko:K09824
kpas:LUW96_24395	ko:K27078
kpas:LUW96_24400	ko:K27078
kpas:LUW96_24405	ko:K07346
kpas:LUW96_24410	ko:K07347
kpas:LUW96_24415	ko:K27078
kpas:LUW96_24425	ko:K07245
kpas:LUW96_24430	ko:K07156
kpas:LUW96_24435	ko:K02345
kpas:LUW96_24440	ko:K10857
kpas:LUW96_24445	ko:K01354
kpas:LUW96_24455	ko:K09918
kpas:LUW96_24460	ko:K08289
kpas:LUW96_24465	ko:K01625
kpas:LUW96_24470	ko:K01690
kpas:LUW96_24475	ko:K00036
kpas:LUW96_24480	ko:K19337
kpas:LUW96_24485	ko:K00873
kpas:LUW96_24490	ko:K11616
kpas:LUW96_24495	ko:K13936
kpas:LUW96_24500	ko:K00027
kpas:LUW96_24505	ko:K07703
kpas:LUW96_24510	ko:K02560
kpas:LUW96_24515	ko:K19304
kpas:LUW96_24520	ko:K09815
kpas:LUW96_24525	ko:K09817
kpas:LUW96_24530	ko:K09816
kpas:LUW96_24535	ko:K03551
kpas:LUW96_24540	ko:K03550
kpas:LUW96_24545	ko:K01159
kpas:LUW96_24555	ko:K08310
kpas:LUW96_24560	ko:K01876
kpas:LUW96_24575	ko:K07136
kpas:LUW96_24580	ko:K15256
kpas:LUW96_24585	ko:K15257
kpas:LUW96_24590	ko:K06201
kpas:LUW96_24595	ko:K09907
kpas:LUW96_24600	ko:K01887
kpas:LUW96_24605	ko:K15532
kpas:LUW96_24610	ko:K16210
kpas:LUW96_24620	ko:K14064
kpas:LUW96_24625	ko:K00697
kpas:LUW96_24630	ko:K01087
kpas:LUW96_24635	ko:K10538
kpas:LUW96_24640	ko:K10539
kpas:LUW96_24645	ko:K10537
kpas:LUW96_24655	ko:K02255
kpas:LUW96_24660	ko:K16210
kpas:LUW96_24685	ko:K02217
kpas:LUW96_24695	ko:K03834
kpas:LUW96_24700	ko:K07039
kpas:LUW96_24705	ko:K01714
kpas:LUW96_24710	ko:K14228
kpas:LUW96_24715	ko:K14222
kpas:LUW96_24720	ko:K14225
kpas:LUW96_24725	ko:K00995
kpas:LUW96_24730	ko:K03703
kpas:LUW96_24735	ko:K07689
kpas:LUW96_24745	ko:K07782
kpas:LUW96_24750	ko:K10010
kpas:LUW96_24755	ko:K10009
kpas:LUW96_24760	ko:K05396
kpas:LUW96_24765	ko:K02424
kpas:LUW96_24770	ko:K01176
kpas:LUW96_24780	ko:K07781
kpas:LUW96_24795	ko:K21085
kpas:LUW96_24805	ko:K09781
kpas:LUW96_24815	ko:K07458
kpas:LUW96_24820	ko:K00558
kpas:LUW96_24825	ko:K06950
kpas:LUW96_24835	ko:K09476
kpas:LUW96_24845	ko:K20534
kpas:LUW96_24855	ko:K14233
kpas:LUW96_24860	ko:K09933
kpas:LUW96_24865	ko:K14220
kpas:LUW96_24870	ko:K01130
kpas:LUW96_24875	ko:K24118
kpas:LUW96_24880	ko:K03924
kpas:LUW96_24895	ko:K07114
kpas:LUW96_24900	ko:K07114
kpas:LUW96_24930	ko:K06076
kpas:LUW96_24935	ko:K23721
kpas:LUW96_24945	ko:K11932
kpas:LUW96_24965	ko:K12973
kpas:LUW96_24980	ko:K19238
kpas:LUW96_24985	ko:K01241
kpas:LUW96_24990	ko:K14220
kpas:LUW96_24995	ko:K26937
kpas:LUW96_25000	ko:K14220
kpas:LUW96_25010	ko:K01438
kpas:LUW96_25025	ko:K07222
kpas:LUW96_25030	ko:K03457
kpas:LUW96_25040	ko:K09472
kpas:LUW96_25075	ko:K05797
kpas:LUW96_25100	ko:K07733
kpas:LUW96_25120	ko:K03194
kpas:LUW96_25125	ko:K03197
kpas:LUW96_25130	ko:K03199
kpas:LUW96_25135	ko:K03200
kpas:LUW96_25145	ko:K03201
kpas:LUW96_25155	ko:K03203
kpas:LUW96_25160	ko:K03204
kpas:LUW96_25165	ko:K03195
kpas:LUW96_25170	ko:K03196
kpas:LUW96_25220	ko:K03657
kpas:LUW96_25225	ko:K07459
kpas:LUW96_25235	ko:K07644
kpas:LUW96_25240	ko:K07665
kpas:LUW96_25270	ko:K03566
kpas:LUW96_25280	ko:K19236
kpas:LUW96_25285	ko:K13635
kpas:LUW96_25290	ko:K19338
kpas:LUW96_25295	ko:K14220
kpas:LUW96_25305	ko:K07345
kpas:LUW96_25310	ko:K07351
kpas:LUW96_25315	ko:K07346
kpas:LUW96_25320	ko:K07347
kpas:LUW96_25325	ko:K07348
kpas:LUW96_25330	ko:K07349
kpas:LUW96_25335	ko:K07350
kpas:LUW96_25345	ko:K01232
kpas:LUW96_25350	ko:K02750
kpas:LUW96_25355	ko:K03482
kpas:LUW96_25380	ko:K08172
kpas:LUW96_25400	ko:K07168
kpas:LUW96_25405	ko:K01251
kpas:LUW96_25410	ko:K02233
kpas:LUW96_25420	ko:K09802
kpas:LUW96_25430	ko:K07470
kpas:LUW96_25440	ko:K07258
kpas:LUW96_25445	ko:K01141
kpas:LUW96_25450	ko:K02355
kpas:LUW96_25460	ko:K03737
kpas:LUW96_25465	ko:K02588
kpas:LUW96_25470	ko:K02586
kpas:LUW96_25475	ko:K02591
kpas:LUW96_25480	ko:K02593
kpas:LUW96_25490	ko:K02587
kpas:LUW96_25495	ko:K02592
kpas:LUW96_25500	ko:K02596
kpas:LUW96_25505	ko:K13819
kpas:LUW96_25510	ko:K04487
kpas:LUW96_25515	ko:K02594
kpas:LUW96_25520	ko:K02595
kpas:LUW96_25525	ko:K02597
kpas:LUW96_25530	ko:K03769
kpas:LUW96_25535	ko:K03839
kpas:LUW96_25540	ko:K23916
kpas:LUW96_25545	ko:K02584
kpas:LUW96_25550	ko:K02585
kpas:LUW96_25555	ko:K15790
kpas:LUW96_25580	ko:K00765
kpas:LUW96_25585	ko:K00013
kpas:LUW96_25590	ko:K00817
kpas:LUW96_25595	ko:K01089
kpas:LUW96_25600	ko:K02501
kpas:LUW96_25605	ko:K01814
kpas:LUW96_25610	ko:K02500
kpas:LUW96_25615	ko:K11755
kpas:LUW96_25635	ko:K01854
kpas:LUW96_25645	ko:K09691
kpas:LUW96_25650	ko:K09690
kpas:LUW96_25655	ko:K08679
kpas:LUW96_25665	ko:K00012
kpas:LUW96_25670	ko:K01790
kpas:LUW96_25675	ko:K00067
kpas:LUW96_25680	ko:K00973
kpas:LUW96_25685	ko:K01710
kpas:LUW96_25690	ko:K00033
kpas:LUW96_25725	ko:K12990
kpas:LUW96_25740	ko:K16692
kpas:LUW96_25745	ko:K25307
kpas:LUW96_25750	ko:K01991
kpas:LUW96_25765	ko:K00963
kpas:LUW96_25775	ko:K07289
kpas:LUW96_25780	ko:K01494
kpas:LUW96_25785	ko:K00876
kpas:LUW96_25790	ko:K01247
kpas:LUW96_25795	ko:K04046
kpas:LUW96_25800	ko:K01647
kpas:LUW96_25805	ko:K00127
kpas:LUW96_25810	ko:K00124
kpas:LUW96_25815	ko:K08348
kpas:LUW96_25845	ko:K02035
kpas:LUW96_25850	ko:K02032
kpas:LUW96_25855	ko:K02031
kpas:LUW96_25860	ko:K02034
kpas:LUW96_25865	ko:K02033
kpas:LUW96_25870	ko:K01259
kpas:LUW96_25880	ko:K18457
kpas:LUW96_25885	ko:K06987
kpas:LUW96_25890	ko:K03719
kpas:LUW96_25895	ko:K10015
kpas:LUW96_25900	ko:K10016
kpas:LUW96_25905	ko:K10014
kpas:LUW96_25910	ko:K01482
kpas:LUW96_25915	ko:K07799
kpas:LUW96_25920	ko:K07788
kpas:LUW96_25925	ko:K07789
kpas:LUW96_25930	ko:K18326
kpas:LUW96_25935	ko:K07642
kpas:LUW96_25940	ko:K07664
kpas:LUW96_25950	ko:K08303
kpas:LUW96_25970	ko:K02032
kpas:LUW96_25975	ko:K02031
kpas:LUW96_25980	ko:K02034
kpas:LUW96_25985	ko:K02033
kpas:LUW96_25990	ko:K02035
kpas:LUW96_26000	ko:K24204
kpas:LUW96_26005	ko:K28818
kpas:LUW96_26010	ko:K00854
kpas:LUW96_26015	ko:K00007
kpas:LUW96_26025	ko:K03435
kpas:LUW96_26030	ko:K00039
kpas:LUW96_26035	ko:K00875
kpas:LUW96_26040	ko:K11645
kpas:LUW96_26065	ko:K00941
kpas:LUW96_26070	ko:K00878
kpas:LUW96_26075	ko:K13028
kpas:LUW96_26080	ko:K01996
kpas:LUW96_26085	ko:K01995
kpas:LUW96_26095	ko:K01997
kpas:LUW96_26100	ko:K01999
kpas:LUW96_26105	ko:K01501
kpas:LUW96_26120	ko:K06153
kpas:LUW96_26140	ko:K09022
kpas:LUW96_26145	ko:K11103
kpas:LUW96_26165	ko:K15383
kpas:LUW96_26175	ko:K02433
kpas:LUW96_26180	ko:K02051
kpas:LUW96_26185	ko:K02050
kpas:LUW96_26190	ko:K02049
kpas:LUW96_26215	ko:K01486
kpas:LUW96_26220	ko:K06901
kpas:LUW96_26230	ko:K23243
kpas:LUW96_26240	ko:K03593
kpas:LUW96_26245	ko:K01874
kpas:LUW96_26290	ko:K27883
kpas:LUW96_26295	ko:K27882
kpas:LUW96_26300	ko:K21089
kpas:LUW96_26310	ko:K05846
kpas:LUW96_26315	ko:K05847
kpas:LUW96_26320	ko:K05846
kpas:LUW96_26325	ko:K05845
kpas:LUW96_26330	ko:K05349
kpas:LUW96_26335	ko:K03777
kpas:LUW96_26345	ko:K07262
kpas:LUW96_26365	ko:K18139
kpas:LUW96_26375	ko:K01223
kpas:LUW96_26385	ko:K03488
kpas:LUW96_26390	ko:K05541
kpas:LUW96_26395	ko:K22270
kpas:LUW96_26400	ko:K01800
kpas:LUW96_26405	ko:K16165
kpas:LUW96_26410	ko:K00450
kpas:LUW96_26415	ko:K08195
kpas:LUW96_26425	ko:K06518
kpas:LUW96_26435	ko:K01489
kpas:LUW96_26440	ko:K03748
kpas:LUW96_26460	ko:K10541
kpas:LUW96_26465	ko:K10542
kpas:LUW96_26470	ko:K10540
kpas:LUW96_26475	ko:K02529
kpas:LUW96_26480	ko:K07148
kpas:LUW96_26485	ko:K01495
kpas:LUW96_26490	ko:K01070
kpas:LUW96_26515	ko:K16089
kpas:LUW96_26520	ko:K11733
kpas:LUW96_26535	ko:K01151
kpas:LUW96_26545	ko:K16324
kpas:LUW96_26550	ko:K16329
kpas:LUW96_26555	ko:K16328
kpas:LUW96_26560	ko:K02770
kpas:LUW96_26565	ko:K00882
kpas:LUW96_26570	ko:K11183
kpas:LUW96_26575	ko:K03291
kpas:LUW96_26580	ko:K16324
kpas:LUW96_26585	ko:K10213
kpas:LUW96_26590	ko:K16326
kpas:LUW96_26595	ko:K06940
kpas:LUW96_26600	ko:K02356
kpas:LUW96_26615	ko:K19803
kpas:LUW96_26620	ko:K13694
kpas:LUW96_26625	ko:K26148
kpas:LUW96_26630	ko:K13893
kpas:LUW96_26635	ko:K13894
kpas:LUW96_26640	ko:K13895
kpas:LUW96_26645	ko:K13896
kpas:LUW96_26655	ko:K07552
kpas:LUW96_26660	ko:K06183
kpas:LUW96_26665	ko:K19789
kpas:LUW96_26670	ko:K02897
kpas:LUW96_26685	ko:K06899
kpas:LUW96_26690	ko:K09904
kpas:LUW96_26695	ko:K07014
kpas:LUW96_26700	ko:K14232
kpas:LUW96_26715	ko:K08276
kpas:LUW96_26720	ko:K00116
kpas:LUW96_26725	ko:K03321
kpas:LUW96_26730	ko:K06213
kpas:LUW96_26735	ko:K06159
kpas:LUW96_26740	ko:K03919
kpas:LUW96_26745	ko:K10778
kpas:LUW96_26750	ko:K03734
kpas:LUW96_26755	ko:K09475
kpas:LUW96_26760	ko:K07676
kpas:LUW96_26765	ko:K07687
kpas:LUW96_26770	ko:K07677
kpas:LUW96_26775	ko:K02469
kpas:LUW96_26780	ko:K00568
kpas:LUW96_26785	ko:K00525
kpas:LUW96_26790	ko:K00526
kpas:LUW96_26795	ko:K11107
kpas:LUW96_26800	ko:K01126
kpas:LUW96_26805	ko:K02445
kpas:LUW96_26810	ko:K00111
kpas:LUW96_26815	ko:K00112
kpas:LUW96_26820	ko:K00113
kpas:LUW96_26825	ko:K12660
kpas:LUW96_26830	ko:K26580
kpas:LUW96_26835	ko:K12661
kpas:LUW96_26855	ko:K03781
kpas:LUW96_26860	ko:K12944
kpas:LUW96_26865	ko:K07649
kpas:LUW96_26870	ko:K07774
kpas:LUW96_26875	ko:K07795
kpas:LUW96_26880	ko:K07794
kpas:LUW96_26885	ko:K07793
kpas:LUW96_26890	ko:K08984
kpas:LUW96_26895	ko:K01911
kpas:LUW96_26900	ko:K02549
kpas:LUW96_26905	ko:K01661
kpas:LUW96_26910	ko:K08680
kpas:LUW96_26915	ko:K02551
kpas:LUW96_26920	ko:K02552
kpas:LUW96_26925	ko:K02348
kpas:LUW96_26930	ko:K00784
kpas:LUW96_26935	ko:K07357
kpas:LUW96_26940	ko:K07349
kpas:LUW96_26950	ko:K07347
kpas:LUW96_26955	ko:K07346
kpas:LUW96_26960	ko:K07345
kpas:LUW96_26965	ko:K07357
kpas:LUW96_26970	ko:K00343
kpas:LUW96_26975	ko:K00342
kpas:LUW96_26980	ko:K00341
kpas:LUW96_26985	ko:K00340
kpas:LUW96_26990	ko:K00339
kpas:LUW96_26995	ko:K00338
kpas:LUW96_27000	ko:K00337
kpas:LUW96_27005	ko:K00336
kpas:LUW96_27010	ko:K00335
kpas:LUW96_27015	ko:K00334
kpas:LUW96_27020	ko:K13378
kpas:LUW96_27025	ko:K00331
kpas:LUW96_27030	ko:K00330
kpas:LUW96_27040	ko:K14260
kpas:LUW96_27045	ko:K08722
kpas:LUW96_27055	ko:K19270
kpas:LUW96_27060	ko:K09161
kpas:LUW96_27065	ko:K09899
kpas:LUW96_27070	ko:K00925
kpas:LUW96_27075	ko:K13788
kpas:LUW96_27080	ko:K00615
kpas:LUW96_27085	ko:K00615
kpas:LUW96_27090	ko:K03475
kpas:LUW96_27095	ko:K02822
kpas:LUW96_27100	ko:K02821
kpas:LUW96_27115	ko:K07095
kpas:LUW96_27120	ko:K00799
kpas:LUW96_27125	ko:K11209
kpas:LUW96_27130	ko:K07589
kpas:LUW96_27135	ko:K07071
kpas:LUW96_27155	ko:K10017
kpas:LUW96_27160	ko:K10015
kpas:LUW96_27165	ko:K10016
kpas:LUW96_27170	ko:K10014
kpas:LUW96_27175	ko:K10013
kpas:LUW96_27180	ko:K03186
kpas:LUW96_27185	ko:K00764
kpas:LUW96_27190	ko:K03558
kpas:LUW96_27195	ko:K03749
kpas:LUW96_27200	ko:K11754
kpas:LUW96_27205	ko:K01963
kpas:LUW96_27210	ko:K03975
kpas:LUW96_27215	ko:K06173
kpas:LUW96_27225	ko:K03473
kpas:LUW96_27240	ko:K00647
kpas:LUW96_27245	ko:K15461
kpas:LUW96_27255	ko:K09906
kpas:LUW96_27260	ko:K07090
kpas:LUW96_27265	ko:K07261
kpas:LUW96_27270	ko:K01736
kpas:LUW96_27275	ko:K07320
kpas:LUW96_27285	ko:K08296
kpas:LUW96_27290	ko:K01782
kpas:LUW96_27295	ko:K00632
kpas:LUW96_27305	ko:K06076
kpas:LUW96_27310	ko:K04754
kpas:LUW96_27315	ko:K21990
kpas:LUW96_27320	ko:K14219
kpas:LUW96_27340	ko:K11921
kpas:LUW96_27345	ko:K03449
kpas:LUW96_27355	ko:K14261
kpas:LUW96_27360	ko:K27884
kpas:LUW96_27365	ko:K27885
kpas:LUW96_27370	ko:K00845
kpas:LUW96_27375	ko:K03281
kpas:LUW96_27380	ko:K04103
kpas:LUW96_27385	ko:K19265
kpas:LUW96_27395	ko:K03322
kpas:LUW96_27400	ko:K11535
kpas:LUW96_27405	ko:K26149
kpas:LUW96_27410	ko:K14218
kpas:LUW96_27415	ko:K14218
kpas:LUW96_27430	ko:K01885
kpas:LUW96_27435	ko:K14237
kpas:LUW96_27440	ko:K14237
kpas:LUW96_27445	ko:K14237
kpas:LUW96_27450	ko:K14229
kpas:LUW96_27460	ko:K11537
kpas:LUW96_27465	ko:K03783
kpas:LUW96_27475	ko:K14347
kpas:LUW96_27480	ko:K09954
kpas:LUW96_27485	ko:K01972
kpas:LUW96_27490	ko:K03528
kpas:LUW96_27495	ko:K06203
kpas:LUW96_27500	ko:K01738
kpas:LUW96_27505	ko:K02784
kpas:LUW96_27510	ko:K08483
kpas:LUW96_27515	ko:K02777
kpas:LUW96_27525	ko:K00868
kpas:LUW96_27535	ko:K01951
kpas:LUW96_27545	ko:K12339
kpas:LUW96_27550	ko:K02045
kpas:LUW96_27555	ko:K02047
kpas:LUW96_27560	ko:K02046
kpas:LUW96_27565	ko:K02048
kpas:LUW96_27570	ko:K07223
kpas:LUW96_27590	ko:K01448
kpas:LUW96_27595	ko:K00228
kpas:LUW96_27600	ko:K04033
kpas:LUW96_27605	ko:K04025
kpas:LUW96_27610	ko:K04026
kpas:LUW96_27615	ko:K03736
kpas:LUW96_27620	ko:K03735
kpas:LUW96_27625	ko:K04019
kpas:LUW96_27630	ko:K04023
kpas:LUW96_27635	ko:K04022
kpas:LUW96_27640	ko:K04024
kpas:LUW96_27645	ko:K04021
kpas:LUW96_27650	ko:K04028
kpas:LUW96_27655	ko:K04027
kpas:LUW96_27660	ko:K04020
kpas:LUW96_27665	ko:K04032
kpas:LUW96_27670	ko:K04030
kpas:LUW96_27675	ko:K04029
kpas:LUW96_27680	ko:K04031
kpas:LUW96_27685	ko:K00029
kpas:LUW96_27690	ko:K00615
kpas:LUW96_27710	ko:K18324
kpas:LUW96_27725	ko:K01439
kpas:LUW96_27735	ko:K06999
kpas:LUW96_27740	ko:K06957
kpas:LUW96_27745	ko:K07054
kpas:LUW96_27750	ko:K01923
kpas:LUW96_27755	ko:K07287
kpas:LUW96_27760	ko:K01714
kpas:LUW96_27765	ko:K03567
kpas:LUW96_27770	ko:K03564
kpas:LUW96_27775	ko:K03548
kpas:LUW96_27780	ko:K01423
kpas:LUW96_27785	ko:K00537
kpas:LUW96_27790	ko:K10763
kpas:LUW96_27795	ko:K02824
kpas:LUW96_27800	ko:K00761
kpas:LUW96_27805	ko:K01223
kpas:LUW96_27810	ko:K18673
kpas:LUW96_27815	ko:K01933
kpas:LUW96_27820	ko:K11175
kpas:LUW96_27825	ko:K00937
kpas:LUW96_27830	ko:K01524
kpas:LUW96_27835	ko:K26149
kpas:LUW96_27865	ko:K01576
kpas:LUW96_27870	ko:K05548
kpas:LUW96_27875	ko:K20199
kpas:LUW96_27880	ko:K00077
kpas:LUW96_27890	ko:K01951
kpas:LUW96_27895	ko:K00088
kpas:LUW96_27900	ko:K03601
kpas:LUW96_27925	ko:K03832
kpas:LUW96_27930	ko:K03977
kpas:LUW96_27935	ko:K17713
kpas:LUW96_27945	ko:K01892
kpas:LUW96_27950	ko:K03526
kpas:LUW96_27955	ko:K15539
kpas:LUW96_27960	ko:K06941
kpas:LUW96_27965	ko:K00940
kpas:LUW96_27970	ko:K05367
kpas:LUW96_27975	ko:K06894
kpas:LUW96_27980	ko:K01011
kpas:LUW96_28000	ko:K07751
kpas:LUW96_28010	ko:K04755
kpas:LUW96_28015	ko:K04044
kpas:LUW96_28020	ko:K04082
kpas:LUW96_28025	ko:K13628
kpas:LUW96_28030	ko:K04488
kpas:LUW96_28035	ko:K04487
kpas:LUW96_28040	ko:K13643
kpas:LUW96_28045	ko:K15396
kpas:LUW96_28050	ko:K01092
kpas:LUW96_28060	ko:K08970
kpas:LUW96_28075	ko:K05820
kpas:LUW96_28090	ko:K23546
kpas:LUW96_28095	ko:K23547
kpas:LUW96_28100	ko:K23545
kpas:LUW96_28115	ko:K15977
kpas:LUW96_28120	ko:K00600
kpas:LUW96_28125	ko:K05916
kpas:LUW96_28130	ko:K04751
kpas:LUW96_28135	ko:K07715
kpas:LUW96_28145	ko:K07711
kpas:LUW96_28150	ko:K01952
kpas:LUW96_28155	ko:K18691
kpas:LUW96_28160	ko:K11991
kpas:LUW96_28165	ko:K18697
kpas:LUW96_28180	ko:K00997
kpas:LUW96_28185	ko:K03474
kpas:LUW96_28190	ko:K03584
kpas:LUW96_28195	ko:K03595
kpas:LUW96_28200	ko:K03685
kpas:LUW96_28205	ko:K03100
kpas:LUW96_28210	ko:K03596
kpas:LUW96_28215	ko:K03803
kpas:LUW96_28220	ko:K03598
kpas:LUW96_28225	ko:K03597
kpas:LUW96_28230	ko:K03088
kpas:LUW96_28235	ko:K00278
kpas:LUW96_28240	ko:K15460
kpas:LUW96_28245	ko:K05590
kpas:LUW96_28255	ko:K08323
kpas:LUW96_28260	ko:K02757
kpas:LUW96_28265	ko:K06866
kpas:LUW96_28270	ko:K03648
kpas:LUW96_28275	ko:K03214
kpas:LUW96_28280	ko:K03672
kpas:LUW96_28285	ko:K05812
kpas:LUW96_28290	ko:K09181
kpas:LUW96_28295	ko:K00998
kpas:LUW96_28300	ko:K05811
kpas:LUW96_28305	ko:K03761
kpas:LUW96_28315	ko:K01501
kpas:LUW96_28330	ko:K07123
kpas:LUW96_28340	ko:K07222
kpas:LUW96_28345	ko:K01908
kpas:LUW96_28385	ko:K18828
kpas:LUW96_28390	ko:K01223
kpas:LUW96_28395	ko:K02757
kpas:LUW96_28400	ko:K09702
kpas:LUW96_28420	ko:K19577
kpas:LUW96_28450	ko:K01750
kpas:LUW96_28460	ko:K00840
kpas:LUW96_28465	ko:K00673
kpas:LUW96_28470	ko:K06447
kpas:LUW96_28475	ko:K05526
kpas:LUW96_28480	ko:K10016
kpas:LUW96_28485	ko:K10015
kpas:LUW96_28490	ko:K10017
kpas:LUW96_28495	ko:K10013
kpas:LUW96_28500	ko:K01775
kpas:LUW96_28655	ko:K05791
kpas:LUW96_28660	ko:K05792
kpas:LUW96_28665	ko:K05793
kpas:LUW96_28670	ko:K05794
kpas:LUW96_28675	ko:K05795
kpas:LUW96_28680	ko:K05795
kpas:LUW96_28715	ko:K07483
kpas:LUW96_28720	ko:K07484
kpas:LUW96_28725	ko:K07484
kpas:LUW96_28770	ko:K00154
kpas:LUW96_28805	ko:K09702
kpas:LUW96_28830	ko:K07497
kpas:LUW96_28915	ko:K07497
kpas:LUW96_28960	ko:K07497
kpas:LUW96_28970	ko:K07497
kpas:LUW96_28995	ko:K10748
kpas:LUW96_29020	ko:K05839
kpas:LUW96_29060	ko:K03496
kpas:LUW96_29065	ko:K03497
kpas:LUW96_29085	ko:K08566
kpas:LUW96_29120	ko:K07448
kpas:LUW96_29140	ko:K18640
kpas:LUW96_29180	ko:K03630
kpas:LUW96_29210	ko:K05839
kpas:LUW96_29245	ko:K03111
kpas:LUW96_29275	ko:K12205
kpas:LUW96_29280	ko:K12204
kpas:LUW96_29285	ko:K12203
kpas:LUW96_29290	ko:K12222
kpas:LUW96_29300	ko:K12227
kpas:LUW96_29310	ko:K03746
kpas:LUW96_29315	ko:K12214
kpas:LUW96_29320	ko:K12213
kpas:LUW96_29325	ko:K12209
kpas:LUW96_29330	ko:K12211
kpas:LUW96_29350	ko:K12206
kpas:LUW96_29385	ko:K18320
kpas:LUW96_29395	ko:K18782
kpas:LUW96_29400	ko:K03297
kpas:LUW96_29405	ko:K19278
kpas:LUW96_29410	ko:K00638
kpas:LUW96_29415	ko:K18975
kpas:LUW96_29420	ko:K18974
kpas:LUW96_29440	ko:K18555
kpas:LUW96_29455	ko:K18974
kpas:LUW96_29470	ko:K07240
kpas:LUW96_29475	ko:K10947
kpas:LUW96_29485	ko:K18320
kpas:LUW96_29490	ko:K19060
kpas:LUW96_29500	ko:K06979
kpas:LUW96_29505	ko:K18320
kpas:LUW96_29510	ko:K19275
kpas:LUW96_29550	ko:K12217
kpas:LUW96_29555	ko:K12228
kpas:LUW96_29560	ko:K12218
kpas:LUW96_29575	ko:K07052
kpas:LUW96_29580	ko:K18842
kpas:LUW96_29585	ko:K18841
kpas:LUW96_29590	ko:K03503
kpas:LUW96_29595	ko:K03502
kpas:LUW96_29600	ko:K02342
kpas:LUW96_29665	ko:K03502
kpas:LUW96_29670	ko:K03503
kpas:LUW96_29770	ko:K18320
kpas:LUW96_29790	ko:K18824
kpas:LUW96_29795	ko:K10673
kpas:LUW96_29800	ko:K04343
kpas:LUW96_29810	ko:K18698
kpas:LUW96_29815	ko:K07480
kpas:LUW96_29835	ko:K03776
kpas:LUW96_29845	ko:K18699
kpas:LUW96_29855	ko:K08319
kpas:LUW96_29870	ko:K18320
kpas:LUW96_29880	ko:K19271
kpas:LUW96_29885	ko:K18320
kpas:LUW96_29895	ko:K03196
kpas:LUW96_29900	ko:K03195
kpas:LUW96_29905	ko:K03204
kpas:LUW96_29910	ko:K03203
kpas:LUW96_29915	ko:K03201
kpas:LUW96_29925	ko:K03200
kpas:LUW96_29930	ko:K03199
kpas:LUW96_29935	ko:K03198
kpas:LUW96_29940	ko:K03197
kpas:LUW96_29950	ko:K03194
kpas:LUW96_29955	ko:K03746
kpas:LUW96_29975	ko:K07448
kpas:LUW96_29990	ko:K00558
kpas:LUW96_30005	ko:K18320
kpas:LUW96_30020	ko:K18589
