pazz:PBP221_00010	ko:K02313
pazz:PBP221_00020	ko:K02338
pazz:PBP221_00030	ko:K02470
pazz:PBP221_00050	ko:K13652
pazz:PBP221_00060	ko:K16238
pazz:PBP221_00070	ko:K03735
pazz:PBP221_00080	ko:K03736
pazz:PBP221_00090	ko:K09959
pazz:PBP221_00100	ko:K00138
pazz:PBP221_00110	ko:K04033
pazz:PBP221_00130	ko:K05591
pazz:PBP221_00140	ko:K14287
pazz:PBP221_00150	ko:K11206
pazz:PBP221_00160	ko:K10013
pazz:PBP221_00180	ko:K03088
pazz:PBP221_00230	ko:K00058
pazz:PBP221_00240	ko:K01596
pazz:PBP221_00260	ko:K03169
pazz:PBP221_00280	ko:K04096
pazz:PBP221_00290	ko:K01462
pazz:PBP221_00300	ko:K00604
pazz:PBP221_00320	ko:K03799
pazz:PBP221_00330	ko:K03500
pazz:PBP221_00350	ko:K13598
pazz:PBP221_00360	ko:K13599
pazz:PBP221_00370	ko:K06920
pazz:PBP221_00380	ko:K10026
pazz:PBP221_00390	ko:K01737
pazz:PBP221_00400	ko:K01630
pazz:PBP221_00410	ko:K07126
pazz:PBP221_00420	ko:K05837
pazz:PBP221_00430	ko:K05515
pazz:PBP221_00440	ko:K03571
pazz:PBP221_00450	ko:K03570
pazz:PBP221_00460	ko:K03569
pazz:PBP221_00470	ko:K02435
pazz:PBP221_00480	ko:K02433
pazz:PBP221_00490	ko:K02434
pazz:PBP221_00510	ko:K01142
pazz:PBP221_00530	ko:K08218
pazz:PBP221_00550	ko:K00641
pazz:PBP221_00560	ko:K05501
pazz:PBP221_00580	ko:K00930
pazz:PBP221_00610	ko:K15011
pazz:PBP221_00620	ko:K15012
pazz:PBP221_00630	ko:K03667
pazz:PBP221_00640	ko:K01419
pazz:PBP221_00650	ko:K06204
pazz:PBP221_00670	ko:K06969
pazz:PBP221_00680	ko:K03733
pazz:PBP221_00690	ko:K09921
pazz:PBP221_00700	ko:K01778
pazz:PBP221_00710	ko:K02517
pazz:PBP221_00720	ko:K00789
pazz:PBP221_00760	ko:K19265
pazz:PBP221_00780	ko:K08224
pazz:PBP221_00790	ko:K18139
pazz:PBP221_00800	ko:K03585
pazz:PBP221_00810	ko:K18138
pazz:PBP221_00850	ko:K09939
pazz:PBP221_00870	ko:K07402
pazz:PBP221_00880	ko:K09386
pazz:PBP221_00890	ko:K07161
pazz:PBP221_00910	ko:K03519
pazz:PBP221_00920	ko:K03520
pazz:PBP221_00930	ko:K03518
pazz:PBP221_00950	ko:K03294
pazz:PBP221_00960	ko:K07689
pazz:PBP221_00980	ko:K00528
pazz:PBP221_00990	ko:K05835
pazz:PBP221_01000	ko:K23509
pazz:PBP221_01010	ko:K23509
pazz:PBP221_01020	ko:K10820
pazz:PBP221_01030	ko:K23508
pazz:PBP221_01040	ko:K02529
pazz:PBP221_01050	ko:K01785
pazz:PBP221_01130	ko:K01426
pazz:PBP221_01150	ko:K01999
pazz:PBP221_01180	ko:K07226
pazz:PBP221_01190	ko:K03746
pazz:PBP221_01210	ko:K03719
pazz:PBP221_01230	ko:K01069
pazz:PBP221_01240	ko:K03642
pazz:PBP221_01250	ko:K07056
pazz:PBP221_01260	ko:K07460
pazz:PBP221_01270	ko:K03271
pazz:PBP221_01280	ko:K28369
pazz:PBP221_01290	ko:K08738
pazz:PBP221_01390	ko:K21498
pazz:PBP221_01590	ko:K17763
pazz:PBP221_01600	ko:K17762
pazz:PBP221_01610	ko:K17752
pazz:PBP221_01660	ko:K27078
pazz:PBP221_01670	ko:K07347
pazz:PBP221_01680	ko:K07346
pazz:PBP221_01690	ko:K27078
pazz:PBP221_01710	ko:K09965
pazz:PBP221_01720	ko:K03406
pazz:PBP221_01730	ko:K09016
pazz:PBP221_01740	ko:K24163
pazz:PBP221_01760	ko:K06201
pazz:PBP221_01770	ko:K04090
pazz:PBP221_01780	ko:K00799
pazz:PBP221_01790	ko:K08715
pazz:PBP221_01820	ko:K00847
pazz:PBP221_01830	ko:K29027
pazz:PBP221_01860	ko:K14347
pazz:PBP221_01900	ko:K11942
pazz:PBP221_01910	ko:K00459
pazz:PBP221_01920	ko:K01561
pazz:PBP221_01930	ko:K03719
pazz:PBP221_01970	ko:K06938
pazz:PBP221_01990	ko:K01640
pazz:PBP221_02000	ko:K12972
pazz:PBP221_02010	ko:K07002
pazz:PBP221_02030	ko:K02048
pazz:PBP221_02040	ko:K01012
pazz:PBP221_02050	ko:K01935
pazz:PBP221_02060	ko:K00652
pazz:PBP221_02070	ko:K00833
pazz:PBP221_02090	ko:K09858
pazz:PBP221_02100	ko:K00248
pazz:PBP221_02120	ko:K00626
pazz:PBP221_02130	ko:K01673
pazz:PBP221_02140	ko:K00906
pazz:PBP221_02170	ko:K12368
pazz:PBP221_02200	ko:K03673
pazz:PBP221_02220	ko:K01887
pazz:PBP221_02250	ko:K00548
pazz:PBP221_02260	ko:K00548
pazz:PBP221_02280	ko:K01055
pazz:PBP221_02310	ko:K16171
pazz:PBP221_02320	ko:K01999
pazz:PBP221_02360	ko:K21345
pazz:PBP221_02380	ko:K03525
pazz:PBP221_02390	ko:K03524
pazz:PBP221_02400	ko:K02066
pazz:PBP221_02410	ko:K02065
pazz:PBP221_02420	ko:K02067
pazz:PBP221_02430	ko:K18480
pazz:PBP221_02460	ko:K07018
pazz:PBP221_02470	ko:K07258
pazz:PBP221_02480	ko:K09158
pazz:PBP221_02510	ko:K03566
pazz:PBP221_02530	ko:K03801
pazz:PBP221_02540	ko:K03644
pazz:PBP221_02560	ko:K03324
pazz:PBP221_02580	ko:K01126
pazz:PBP221_02590	ko:K02055
pazz:PBP221_02600	ko:K02054
pazz:PBP221_02610	ko:K02053
pazz:PBP221_02620	ko:K02052
pazz:PBP221_02630	ko:K11103
pazz:PBP221_02640	ko:K10125
pazz:PBP221_02650	ko:K10126
pazz:PBP221_02680	ko:K07391
pazz:PBP221_02690	ko:K09806
pazz:PBP221_02700	ko:K04752
pazz:PBP221_02710	ko:K03320
pazz:PBP221_02720	ko:K01919
pazz:PBP221_02730	ko:K01920
pazz:PBP221_02740	ko:K02793
pazz:PBP221_02750	ko:K02784
pazz:PBP221_02760	ko:K08483
pazz:PBP221_02770	ko:K21029
pazz:PBP221_02780	ko:K03797
pazz:PBP221_02790	ko:K01834
pazz:PBP221_02810	ko:K03676
pazz:PBP221_02820	ko:K03071
pazz:PBP221_02830	ko:K00057
pazz:PBP221_02840	ko:K23518
pazz:PBP221_02850	ko:K03216
pazz:PBP221_02870	ko:K02169
pazz:PBP221_02890	ko:K02275
pazz:PBP221_02900	ko:K02274
pazz:PBP221_02920	ko:K02258
pazz:PBP221_02940	ko:K02276
pazz:PBP221_02960	ko:K14998
pazz:PBP221_02980	ko:K02259
pazz:PBP221_02990	ko:K02257
pazz:PBP221_03000	ko:K07152
pazz:PBP221_03020	ko:K03406
pazz:PBP221_03040	ko:K02073
pazz:PBP221_03060	ko:K24967
pazz:PBP221_03070	ko:K01443
pazz:PBP221_03080	ko:K00820
pazz:PBP221_03090	ko:K23993
pazz:PBP221_03100	ko:K02804
pazz:PBP221_03110	ko:K00424
pazz:PBP221_03120	ko:K00426
pazz:PBP221_03130	ko:K00425
pazz:PBP221_03150	ko:K03089
pazz:PBP221_03160	ko:K12976
pazz:PBP221_03180	ko:K01649
pazz:PBP221_03200	ko:K16165
pazz:PBP221_03210	ko:K01800
pazz:PBP221_03220	ko:K03110
pazz:PBP221_03230	ko:K08316
pazz:PBP221_03240	ko:K00954
pazz:PBP221_03260	ko:K00817
pazz:PBP221_03270	ko:K01056
pazz:PBP221_03280	ko:K02897
pazz:PBP221_03290	ko:K00948
pazz:PBP221_03300	ko:K00919
pazz:PBP221_03310	ko:K02494
pazz:PBP221_03330	ko:K10563
pazz:PBP221_03340	ko:K03575
pazz:PBP221_03350	ko:K07157
pazz:PBP221_03360	ko:K06958
pazz:PBP221_03370	ko:K06023
pazz:PBP221_03380	ko:K02806
pazz:PBP221_03390	ko:K05808
pazz:PBP221_03400	ko:K03092
pazz:PBP221_03410	ko:K06861
pazz:PBP221_03420	ko:K09774
pazz:PBP221_03430	ko:K11719
pazz:PBP221_03440	ko:K03270
pazz:PBP221_03450	ko:K06041
pazz:PBP221_03460	ko:K03455
pazz:PBP221_03470	ko:K00759
pazz:PBP221_03500	ko:K01433
pazz:PBP221_03530	ko:K03701
pazz:PBP221_03550	ko:K03111
pazz:PBP221_03560	ko:K00059
pazz:PBP221_03570	ko:K18900
pazz:PBP221_03590	ko:K05874
pazz:PBP221_03610	ko:K02274
pazz:PBP221_03620	ko:K02275
pazz:PBP221_03680	ko:K07687
pazz:PBP221_03690	ko:K07687
pazz:PBP221_03700	ko:K07687
pazz:PBP221_03710	ko:K06188
pazz:PBP221_03820	ko:K06015
pazz:PBP221_03840	ko:K06879
pazz:PBP221_03850	ko:K01081
pazz:PBP221_03860	ko:K01754
pazz:PBP221_03900	ko:K03183
pazz:PBP221_03920	ko:K03690
pazz:PBP221_03930	ko:K03688
pazz:PBP221_03970	ko:K01876
pazz:PBP221_03980	ko:K08310
pazz:PBP221_03990	ko:K06131
pazz:PBP221_04010	ko:K20035
pazz:PBP221_04020	ko:K07516
pazz:PBP221_04030	ko:K00632
pazz:PBP221_04050	ko:K02379
pazz:PBP221_04080	ko:K10806
pazz:PBP221_04090	ko:K24821
pazz:PBP221_04100	ko:K00992
pazz:PBP221_04110	ko:K07102
pazz:PBP221_04120	ko:K04744
pazz:PBP221_04130	ko:K03771
pazz:PBP221_04140	ko:K00097
pazz:PBP221_04150	ko:K02528
pazz:PBP221_04170	ko:K01759
pazz:PBP221_04180	ko:K07493
pazz:PBP221_04200	ko:K00655
pazz:PBP221_04210	ko:K03273
pazz:PBP221_04220	ko:K01879
pazz:PBP221_04230	ko:K01878
pazz:PBP221_04240	ko:K03820
pazz:PBP221_04250	ko:K06189
pazz:PBP221_04270	ko:K07232
pazz:PBP221_04280	ko:K07042
pazz:PBP221_04290	ko:K06217
pazz:PBP221_04300	ko:K06168
pazz:PBP221_04330	ko:K19577
pazz:PBP221_04350	ko:K02858
pazz:PBP221_04370	ko:K00864
pazz:PBP221_04380	ko:K00111
pazz:PBP221_04410	ko:K02444
pazz:PBP221_04440	ko:K11927
pazz:PBP221_04450	ko:K11068
pazz:PBP221_04480	ko:K07156
pazz:PBP221_04490	ko:K07245
pazz:PBP221_04510	ko:K01684
pazz:PBP221_04530	ko:K03446
pazz:PBP221_04570	ko:K02483
pazz:PBP221_04580	ko:K03553
pazz:PBP221_04590	ko:K03565
pazz:PBP221_04610	ko:K01903
pazz:PBP221_04620	ko:K01902
pazz:PBP221_04640	ko:K02650
pazz:PBP221_04660	ko:K03637
pazz:PBP221_04670	ko:K01423
pazz:PBP221_04690	ko:K07019
pazz:PBP221_04710	ko:K02843
pazz:PBP221_04730	ko:K00826
pazz:PBP221_04740	ko:K26605
pazz:PBP221_04750	ko:K26606
pazz:PBP221_04760	ko:K00927
pazz:PBP221_04770	ko:K00873
pazz:PBP221_04780	ko:K01624
pazz:PBP221_04790	ko:K01923
pazz:PBP221_04800	ko:K01588
pazz:PBP221_04810	ko:K01589
pazz:PBP221_04820	ko:K07566
pazz:PBP221_04850	ko:K07259
pazz:PBP221_04860	ko:K02483
pazz:PBP221_04870	ko:K02484
pazz:PBP221_04880	ko:K04771
pazz:PBP221_04940	ko:K03577
pazz:PBP221_04950	ko:K03585
pazz:PBP221_04960	ko:K18138
pazz:PBP221_04970	ko:K18139
pazz:PBP221_04990	ko:K24206
pazz:PBP221_05000	ko:K00854
pazz:PBP221_05010	ko:K00121
pazz:PBP221_05020	ko:K01070
pazz:PBP221_05030	ko:K07497
pazz:PBP221_05040	ko:K07483
pazz:PBP221_05050	ko:K02075
pazz:PBP221_05060	ko:K02074
pazz:PBP221_05070	ko:K02077
pazz:PBP221_05080	ko:K09823
pazz:PBP221_05090	ko:K21620
pazz:PBP221_05100	ko:K10227
pazz:PBP221_05110	ko:K10228
pazz:PBP221_05120	ko:K10229
pazz:PBP221_05140	ko:K10111
pazz:PBP221_05170	ko:K00854
pazz:PBP221_05180	ko:K00007
pazz:PBP221_05210	ko:K10439
pazz:PBP221_05220	ko:K10441
pazz:PBP221_05230	ko:K10440
pazz:PBP221_05240	ko:K23271
pazz:PBP221_05250	ko:K24707
pazz:PBP221_05270	ko:K07483
pazz:PBP221_05290	ko:K00453
pazz:PBP221_05300	ko:K01556
pazz:PBP221_05310	ko:K07130
pazz:PBP221_05320	ko:K03719
pazz:PBP221_05340	ko:K07304
pazz:PBP221_05360	ko:K00574
pazz:PBP221_05370	ko:K00275
pazz:PBP221_05380	ko:K22132
pazz:PBP221_05390	ko:K05838
pazz:PBP221_05410	ko:K18829
pazz:PBP221_05420	ko:K18828
pazz:PBP221_05430	ko:K15268
pazz:PBP221_05440	ko:K01448
pazz:PBP221_05450	ko:K06925
pazz:PBP221_05460	ko:K18979
pazz:PBP221_05470	ko:K00567
pazz:PBP221_05480	ko:K04763
pazz:PBP221_05490	ko:K01897
pazz:PBP221_05510	ko:K08591
pazz:PBP221_05520	ko:K09767
pazz:PBP221_05530	ko:K00075
pazz:PBP221_05540	ko:K00611
pazz:PBP221_05560	ko:K02968
pazz:PBP221_05570	ko:K03980
pazz:PBP221_05610	ko:K00939
pazz:PBP221_05630	ko:K00979
pazz:PBP221_05640	ko:K09791
pazz:PBP221_05650	ko:K00912
pazz:PBP221_05660	ko:K03601
pazz:PBP221_05670	ko:K04564
pazz:PBP221_05680	ko:K01796
pazz:PBP221_05690	ko:K03521
pazz:PBP221_05700	ko:K03522
pazz:PBP221_05730	ko:K00059
pazz:PBP221_05770	ko:K00249
pazz:PBP221_05780	ko:K12508
pazz:PBP221_05820	ko:K00128
pazz:PBP221_05850	ko:K00311
pazz:PBP221_05890	ko:K01358
pazz:PBP221_05950	ko:K01647
pazz:PBP221_05970	ko:K24967
pazz:PBP221_06010	ko:K02031
pazz:PBP221_06010	ko:K02032
pazz:PBP221_06020	ko:K02034
pazz:PBP221_06030	ko:K02033
pazz:PBP221_06040	ko:K02035
pazz:PBP221_06050	ko:K07241
pazz:PBP221_06070	ko:K02355
pazz:PBP221_06080	ko:K09005
pazz:PBP221_06090	ko:K06181
pazz:PBP221_06100	ko:K00031
pazz:PBP221_06130	ko:K03704
pazz:PBP221_06140	ko:K06891
pazz:PBP221_06150	ko:K03694
pazz:PBP221_06160	ko:K01520
pazz:PBP221_06180	ko:K13038
pazz:PBP221_06190	ko:K03101
pazz:PBP221_06200	ko:K01870
pazz:PBP221_06210	ko:K11753
pazz:PBP221_06220	ko:K11175
pazz:PBP221_06230	ko:K03500
pazz:PBP221_06250	ko:K00507
pazz:PBP221_06260	ko:K03517
pazz:PBP221_06270	ko:K00767
pazz:PBP221_06280	ko:K00278
pazz:PBP221_06290	ko:K02913
pazz:PBP221_06300	ko:K02902
pazz:PBP221_06310	ko:K03630
pazz:PBP221_06320	ko:K03774
pazz:PBP221_06330	ko:K03527
pazz:PBP221_06340	ko:K01999
pazz:PBP221_06350	ko:K01997
pazz:PBP221_06360	ko:K01998
pazz:PBP221_06370	ko:K01995
pazz:PBP221_06380	ko:K01996
pazz:PBP221_06400	ko:K00821
pazz:PBP221_06410	ko:K00523
pazz:PBP221_06440	ko:K06183
pazz:PBP221_06450	ko:K02000
pazz:PBP221_06460	ko:K02001
pazz:PBP221_06470	ko:K02002
pazz:PBP221_06520	ko:K11734
pazz:PBP221_06530	ko:K02495
pazz:PBP221_06550	ko:K06940
pazz:PBP221_06570	ko:K06153
pazz:PBP221_06580	ko:K03439
pazz:PBP221_06590	ko:K02221
pazz:PBP221_06660	ko:K03182
pazz:PBP221_06690	ko:K03625
pazz:PBP221_06700	ko:K00794
pazz:PBP221_06710	ko:K14652
pazz:PBP221_06720	ko:K00793
pazz:PBP221_06730	ko:K11752
pazz:PBP221_06740	ko:K01845
pazz:PBP221_06760	ko:K07552
pazz:PBP221_06770	ko:K00845
pazz:PBP221_06780	ko:K01057
pazz:PBP221_06790	ko:K00036
pazz:PBP221_06800	ko:K17315
pazz:PBP221_06810	ko:K17316
pazz:PBP221_06820	ko:K17317
pazz:PBP221_06830	ko:K10112
pazz:PBP221_06860	ko:K00384
pazz:PBP221_06870	ko:K03466
pazz:PBP221_06880	ko:K03634
pazz:PBP221_06900	ko:K12255
pazz:PBP221_06910	ko:K03457
pazz:PBP221_06920	ko:K07478
pazz:PBP221_06930	ko:K01875
pazz:PBP221_06990	ko:K03585
pazz:PBP221_07000	ko:K18138
pazz:PBP221_07010	ko:K18139
pazz:PBP221_07020	ko:K03808
pazz:PBP221_07030	ko:K06192
pazz:PBP221_07040	ko:K09857
pazz:PBP221_07050	ko:K01265
pazz:PBP221_07070	ko:K03610
pazz:PBP221_07080	ko:K03609
pazz:PBP221_07090	ko:K03608
pazz:PBP221_07110	ko:K03281
pazz:PBP221_07120	ko:K02841
pazz:PBP221_07150	ko:K03832
pazz:PBP221_07170	ko:K01519
pazz:PBP221_07180	ko:K00989
pazz:PBP221_07200	ko:K00942
pazz:PBP221_07210	ko:K03060
pazz:PBP221_07220	ko:K01139
pazz:PBP221_07240	ko:K04760
pazz:PBP221_07250	ko:K03285
pazz:PBP221_07270	ko:K03704
pazz:PBP221_07280	ko:K02342
pazz:PBP221_07290	ko:K04093
pazz:PBP221_07320	ko:K02014
pazz:PBP221_07360	ko:K18702
pazz:PBP221_07380	ko:K03841
pazz:PBP221_07390	ko:K21498
pazz:PBP221_07400	ko:K07334
pazz:PBP221_07410	ko:K01256
pazz:PBP221_07430	ko:K23541
pazz:PBP221_07460	ko:K02078
pazz:PBP221_07470	ko:K02078
pazz:PBP221_07510	ko:K01745
pazz:PBP221_07520	ko:K07107
pazz:PBP221_07550	ko:K00647
pazz:PBP221_07570	ko:K00059
pazz:PBP221_07580	ko:K09458
pazz:PBP221_07590	ko:K00647
pazz:PBP221_07640	ko:K11904
pazz:PBP221_07680	ko:K01487
pazz:PBP221_07690	ko:K21053
pazz:PBP221_07700	ko:K07402
pazz:PBP221_07710	ko:K13482
pazz:PBP221_07720	ko:K13481
pazz:PBP221_07730	ko:K03611
pazz:PBP221_07740	ko:K02433
pazz:PBP221_07750	ko:K26735
pazz:PBP221_07820	ko:K21903
pazz:PBP221_07830	ko:K16264
pazz:PBP221_07850	ko:K00126
pazz:PBP221_07860	ko:K00123
pazz:PBP221_07870	ko:K00124
pazz:PBP221_07880	ko:K00127
pazz:PBP221_07940	ko:K22292
pazz:PBP221_07950	ko:K00568
pazz:PBP221_07960	ko:K03286
pazz:PBP221_07970	ko:K02469
pazz:PBP221_07980	ko:K09924
pazz:PBP221_07990	ko:K00831
pazz:PBP221_08000	ko:K14170
pazz:PBP221_08010	ko:K00817
pazz:PBP221_08020	ko:K04517
pazz:PBP221_08030	ko:K00800
pazz:PBP221_08040	ko:K00945
pazz:PBP221_08050	ko:K02945
pazz:PBP221_08060	ko:K05788
pazz:PBP221_08080	ko:K08992
pazz:PBP221_08090	ko:K19804
pazz:PBP221_08100	ko:K00012
pazz:PBP221_08110	ko:K21344
pazz:PBP221_08120	ko:K03274
pazz:PBP221_08130	ko:K02237
pazz:PBP221_08140	ko:K12339
pazz:PBP221_08150	ko:K08305
pazz:PBP221_08180	ko:K01054
pazz:PBP221_08190	ko:K02071
pazz:PBP221_08200	ko:K02072
pazz:PBP221_08210	ko:K02073
pazz:PBP221_08220	ko:K03521
pazz:PBP221_08230	ko:K03522
pazz:PBP221_08240	ko:K20035
pazz:PBP221_08250	ko:K00285
pazz:PBP221_08260	ko:K03719
pazz:PBP221_08290	ko:K02959
pazz:PBP221_08300	ko:K02860
pazz:PBP221_08310	ko:K00554
pazz:PBP221_08320	ko:K02884
pazz:PBP221_08340	ko:K02227
pazz:PBP221_08360	ko:K06949
pazz:PBP221_08370	ko:K06013
pazz:PBP221_08380	ko:K13288
pazz:PBP221_08390	ko:K03831
pazz:PBP221_08400	ko:K09889
pazz:PBP221_08410	ko:K03592
pazz:PBP221_08420	ko:K00287
pazz:PBP221_08460	ko:K06992
pazz:PBP221_08520	ko:K00560
pazz:PBP221_08590	ko:K01679
pazz:PBP221_08600	ko:K06132
pazz:PBP221_08610	ko:K03453
pazz:PBP221_08620	ko:K26939
pazz:PBP221_08630	ko:K14761
pazz:PBP221_08670	ko:K03657
pazz:PBP221_08690	ko:K26606
pazz:PBP221_08700	ko:K26605
pazz:PBP221_08720	ko:K05805
pazz:PBP221_08730	ko:K05524
pazz:PBP221_08740	ko:K00763
pazz:PBP221_08750	ko:K00782
pazz:PBP221_08770	ko:K00090
pazz:PBP221_08780	ko:K09760
pazz:PBP221_08810	ko:K03750
pazz:PBP221_08820	ko:K03752
pazz:PBP221_08830	ko:K03639
pazz:PBP221_08840	ko:K08300
pazz:PBP221_08850	ko:K06179
pazz:PBP221_08860	ko:K01091
pazz:PBP221_08880	ko:K04773
pazz:PBP221_08890	ko:K07056
pazz:PBP221_08900	ko:K25422
pazz:PBP221_08910	ko:K07040
pazz:PBP221_08920	ko:K02911
pazz:PBP221_08930	ko:K03621
pazz:PBP221_08940	ko:K00648
pazz:PBP221_08950	ko:K00645
pazz:PBP221_08960	ko:K00059
pazz:PBP221_08970	ko:K02078
pazz:PBP221_08980	ko:K09458
pazz:PBP221_09000	ko:K03088
pazz:PBP221_09010	ko:K03597
pazz:PBP221_09020	ko:K03598
pazz:PBP221_09030	ko:K04771
pazz:PBP221_09050	ko:K03596
pazz:PBP221_09060	ko:K03100
pazz:PBP221_09070	ko:K03685
pazz:PBP221_09080	ko:K03595
pazz:PBP221_09090	ko:K03584
pazz:PBP221_09100	ko:K03474
pazz:PBP221_09110	ko:K00997
pazz:PBP221_09120	ko:K01207
pazz:PBP221_09160	ko:K02356
pazz:PBP221_09180	ko:K03703
pazz:PBP221_09190	ko:K00995
pazz:PBP221_09200	ko:K02348
pazz:PBP221_09210	ko:K02351
pazz:PBP221_09220	ko:K09796
pazz:PBP221_09230	ko:K07152
pazz:PBP221_09240	ko:K01087
pazz:PBP221_09250	ko:K00697
pazz:PBP221_09260	ko:K06147
pazz:PBP221_09290	ko:K08983
pazz:PBP221_09330	ko:K02342
pazz:PBP221_09340	ko:K03469
pazz:PBP221_09360	ko:K01069
pazz:PBP221_09370	ko:K08307
pazz:PBP221_09390	ko:K01956
pazz:PBP221_09400	ko:K01955
pazz:PBP221_09410	ko:K03624
pazz:PBP221_09430	ko:K07574
pazz:PBP221_09440	ko:K02427
pazz:PBP221_09450	ko:K03798
pazz:PBP221_09460	ko:K00796
pazz:PBP221_09470	ko:K03431
pazz:PBP221_09480	ko:K02040
pazz:PBP221_09490	ko:K02037
pazz:PBP221_09500	ko:K02038
pazz:PBP221_09510	ko:K02036
pazz:PBP221_09520	ko:K02039
pazz:PBP221_09530	ko:K07657
pazz:PBP221_09540	ko:K07636
pazz:PBP221_09570	ko:K00937
pazz:PBP221_09580	ko:K01524
pazz:PBP221_09590	ko:K07481
pazz:PBP221_09610	ko:K22310
pazz:PBP221_09620	ko:K08296
pazz:PBP221_09660	ko:K26937
pazz:PBP221_09710	ko:K06153
pazz:PBP221_09780	ko:K01886
pazz:PBP221_09790	ko:K00681
pazz:PBP221_09800	ko:K07002
pazz:PBP221_09810	ko:K01041
pazz:PBP221_09820	ko:K01872
pazz:PBP221_09850	ko:K01620
pazz:PBP221_09860	ko:K00043
pazz:PBP221_09870	ko:K07107
pazz:PBP221_09880	ko:K01997
pazz:PBP221_09890	ko:K01998
pazz:PBP221_09900	ko:K01995
pazz:PBP221_09910	ko:K01996
pazz:PBP221_09930	ko:K03337
pazz:PBP221_09940	ko:K03335
pazz:PBP221_09950	ko:K03336
pazz:PBP221_09960	ko:K03338
pazz:PBP221_09970	ko:K02056
pazz:PBP221_09980	ko:K02057
pazz:PBP221_09990	ko:K02058
pazz:PBP221_10010	ko:K00010
pazz:PBP221_10020	ko:K00010
pazz:PBP221_10030	ko:K04085
pazz:PBP221_10040	ko:K07493
pazz:PBP221_10050	ko:K00963
pazz:PBP221_10060	ko:K01873
pazz:PBP221_10070	ko:K03657
pazz:PBP221_10080	ko:K01243
pazz:PBP221_10090	ko:K01908
pazz:PBP221_10100	ko:K08223
pazz:PBP221_10110	ko:K03406
pazz:PBP221_10120	ko:K07497
pazz:PBP221_10130	ko:K07483
pazz:PBP221_10170	ko:K18139
pazz:PBP221_10230	ko:K03809
pazz:PBP221_10240	ko:K07058
pazz:PBP221_10270	ko:K01740
pazz:PBP221_10300	ko:K01736
pazz:PBP221_10320	ko:K00311
pazz:PBP221_10340	ko:K07107
pazz:PBP221_10360	ko:K01028
pazz:PBP221_10370	ko:K01029
pazz:PBP221_10400	ko:K00951
pazz:PBP221_10410	ko:K01868
pazz:PBP221_10420	ko:K02520
pazz:PBP221_10430	ko:K02916
pazz:PBP221_10440	ko:K02887
pazz:PBP221_10450	ko:K01889
pazz:PBP221_10460	ko:K01890
pazz:PBP221_10470	ko:K04764
pazz:PBP221_10500	ko:K03701
pazz:PBP221_10510	ko:K03304
pazz:PBP221_10520	ko:K11209
pazz:PBP221_10530	ko:K01114
pazz:PBP221_10560	ko:K04110
pazz:PBP221_10580	ko:K15546
pazz:PBP221_10590	ko:K15513
pazz:PBP221_10600	ko:K15512
pazz:PBP221_10610	ko:K15511
pazz:PBP221_10620	ko:K09017
pazz:PBP221_10630	ko:K06016
pazz:PBP221_10640	ko:K17722
pazz:PBP221_10650	ko:K17723
pazz:PBP221_10660	ko:K03457
pazz:PBP221_10670	ko:K01464
pazz:PBP221_10680	ko:K02424
pazz:PBP221_10690	ko:K10009
pazz:PBP221_10700	ko:K10010
pazz:PBP221_10760	ko:K07287
pazz:PBP221_10790	ko:K03303
pazz:PBP221_10810	ko:K04062
pazz:PBP221_10820	ko:K03147
pazz:PBP221_10850	ko:K00219
pazz:PBP221_10910	ko:K03594
pazz:PBP221_10950	ko:K03651
pazz:PBP221_10960	ko:K02052
pazz:PBP221_10970	ko:K02053
pazz:PBP221_10980	ko:K02053
pazz:PBP221_10990	ko:K02055
pazz:PBP221_11060	ko:K11312
pazz:PBP221_11070	ko:K24915
pazz:PBP221_11090	ko:K07095
pazz:PBP221_11100	ko:K03762
pazz:PBP221_11120	ko:K14682
pazz:PBP221_11130	ko:K03578
pazz:PBP221_11190	ko:K01915
pazz:PBP221_11200	ko:K07708
pazz:PBP221_11210	ko:K07712
pazz:PBP221_11220	ko:K01142
pazz:PBP221_11230	ko:K25316
pazz:PBP221_11240	ko:K01485
pazz:PBP221_11250	ko:K01414
pazz:PBP221_11270	ko:K01491
pazz:PBP221_11320	ko:K00163
pazz:PBP221_11330	ko:K00627
pazz:PBP221_11340	ko:K00382
pazz:PBP221_11360	ko:K07262
pazz:PBP221_11380	ko:K18928
pazz:PBP221_11390	ko:K18929
pazz:PBP221_11420	ko:K25307
pazz:PBP221_11430	ko:K13643
pazz:PBP221_11440	ko:K04487
pazz:PBP221_11450	ko:K04488
pazz:PBP221_11460	ko:K13628
pazz:PBP221_11470	ko:K04082
pazz:PBP221_11480	ko:K04044
pazz:PBP221_11490	ko:K04755
pazz:PBP221_11520	ko:K04567
pazz:PBP221_11530	ko:K02836
pazz:PBP221_11540	ko:K07462
pazz:PBP221_11560	ko:K09808
pazz:PBP221_11570	ko:K09810
pazz:PBP221_11580	ko:K03424
pazz:PBP221_11590	ko:K02238
pazz:PBP221_11610	ko:K01937
pazz:PBP221_11620	ko:K01627
pazz:PBP221_11630	ko:K01689
pazz:PBP221_11640	ko:K05589
pazz:PBP221_11660	ko:K04083
pazz:PBP221_11670	ko:K28956
pazz:PBP221_11700	ko:K07053
pazz:PBP221_11730	ko:K01867
pazz:PBP221_11750	ko:K01714
pazz:PBP221_11760	ko:K07287
pazz:PBP221_11780	ko:K19416
pazz:PBP221_11790	ko:K00940
pazz:PBP221_11800	ko:K06941
pazz:PBP221_11810	ko:K15539
pazz:PBP221_11820	ko:K03526
pazz:PBP221_11830	ko:K01892
pazz:PBP221_11850	ko:K17713
pazz:PBP221_11870	ko:K03977
pazz:PBP221_11880	ko:K03666
pazz:PBP221_11890	ko:K03665
pazz:PBP221_11900	ko:K04088
pazz:PBP221_11910	ko:K04087
pazz:PBP221_11920	ko:K09937
pazz:PBP221_11930	ko:K02502
pazz:PBP221_11940	ko:K01939
pazz:PBP221_11950	ko:K07101
pazz:PBP221_11960	ko:K03549
pazz:PBP221_11980	ko:K06959
pazz:PBP221_12010	ko:K03722
pazz:PBP221_12020	ko:K18850
pazz:PBP221_12030	ko:K03775
pazz:PBP221_12050	ko:K03555
pazz:PBP221_12060	ko:K08227
pazz:PBP221_12070	ko:K01092
pazz:PBP221_12080	ko:K02533
pazz:PBP221_12090	ko:K00640
pazz:PBP221_12100	ko:K03269
pazz:PBP221_12110	ko:K03768
pazz:PBP221_12120	ko:K03767
pazz:PBP221_12140	ko:K01883
pazz:PBP221_12150	ko:K01247
pazz:PBP221_12160	ko:K01962
pazz:PBP221_12170	ko:K04075
pazz:PBP221_12180	ko:K00928
pazz:PBP221_12200	ko:K00208
pazz:PBP221_12210	ko:K13893
pazz:PBP221_12220	ko:K13894
pazz:PBP221_12230	ko:K13895
pazz:PBP221_12240	ko:K13896
pazz:PBP221_12260	ko:K07001
pazz:PBP221_12270	ko:K01885
pazz:PBP221_12300	ko:K02553
pazz:PBP221_12320	ko:K01638
pazz:PBP221_12330	ko:K01560
pazz:PBP221_12360	ko:K01637
pazz:PBP221_12390	ko:K14742
pazz:PBP221_12400	ko:K03789
pazz:PBP221_12410	ko:K21929
pazz:PBP221_12420	ko:K09977
pazz:PBP221_12430	ko:K00941
pazz:PBP221_12440	ko:K08227
pazz:PBP221_12450	ko:K01775
pazz:PBP221_12460	ko:K04485
pazz:PBP221_12490	ko:K06158
pazz:PBP221_12500	ko:K00432
pazz:PBP221_12510	ko:K06131
pazz:PBP221_12520	ko:K07320
pazz:PBP221_12530	ko:K01439
pazz:PBP221_12550	ko:K00674
pazz:PBP221_12560	ko:K14267
pazz:PBP221_12590	ko:K03529
pazz:PBP221_12620	ko:K01972
pazz:PBP221_12630	ko:K01462
pazz:PBP221_12640	ko:K06182
pazz:PBP221_12650	ko:K00990
pazz:PBP221_12660	ko:K01265
pazz:PBP221_12670	ko:K02967
pazz:PBP221_12680	ko:K02357
pazz:PBP221_12690	ko:K09903
pazz:PBP221_12700	ko:K02838
pazz:PBP221_12710	ko:K00806
pazz:PBP221_12720	ko:K00981
pazz:PBP221_12730	ko:K00099
pazz:PBP221_12740	ko:K11749
pazz:PBP221_12750	ko:K07277
pazz:PBP221_12760	ko:K06142
pazz:PBP221_12770	ko:K02536
pazz:PBP221_12780	ko:K02372
pazz:PBP221_12790	ko:K00677
pazz:PBP221_12800	ko:K00748
pazz:PBP221_12810	ko:K03470
pazz:PBP221_12820	ko:K03437
pazz:PBP221_12830	ko:K09773
pazz:PBP221_12840	ko:K01007
pazz:PBP221_12870	ko:K03664
pazz:PBP221_12890	ko:K09801
pazz:PBP221_12910	ko:K00088
pazz:PBP221_12940	ko:K01951
pazz:PBP221_12960	ko:K00029
pazz:PBP221_12980	ko:K07483
pazz:PBP221_13010	ko:K00832
pazz:PBP221_13080	ko:K01652
pazz:PBP221_13090	ko:K06989
pazz:PBP221_13120	ko:K00529
pazz:PBP221_13130	ko:K28762
pazz:PBP221_13160	ko:K03762
pazz:PBP221_13180	ko:K05874
pazz:PBP221_13200	ko:K03776
pazz:PBP221_13260	ko:K01652
pazz:PBP221_13290	ko:K03519
pazz:PBP221_13300	ko:K03518
pazz:PBP221_13320	ko:K07402
pazz:PBP221_13450	ko:K15253
pazz:PBP221_13460	ko:K01860
pazz:PBP221_13470	ko:K01061
pazz:PBP221_13480	ko:K00217
pazz:PBP221_13500	ko:K16319
pazz:PBP221_13510	ko:K16320
pazz:PBP221_13520	ko:K18248
pazz:PBP221_13530	ko:K18249
pazz:PBP221_13540	ko:K05596
pazz:PBP221_13570	ko:K09964
pazz:PBP221_13590	ko:K07733
pazz:PBP221_13620	ko:K03194
pazz:PBP221_13630	ko:K03197
pazz:PBP221_13640	ko:K03198
pazz:PBP221_13650	ko:K03199
pazz:PBP221_13660	ko:K03201
pazz:PBP221_13670	ko:K03200
pazz:PBP221_13680	ko:K03203
pazz:PBP221_13690	ko:K03204
pazz:PBP221_13700	ko:K03195
pazz:PBP221_13710	ko:K03196
pazz:PBP221_13730	ko:K03205
pazz:PBP221_13740	ko:K06919
pazz:PBP221_13930	ko:K03497
pazz:PBP221_13960	ko:K03657
pazz:PBP221_14090	ko:K21929
pazz:PBP221_14110	ko:K14052
pazz:PBP221_14120	ko:K18540
pazz:PBP221_14170	ko:K11991
pazz:PBP221_14180	ko:K01297
pazz:PBP221_14200	ko:K03457
pazz:PBP221_14210	ko:K16841
pazz:PBP221_14220	ko:K16842
pazz:PBP221_14230	ko:K13485
pazz:PBP221_14240	ko:K01477
pazz:PBP221_14250	ko:K01483
pazz:PBP221_14280	ko:K07127
pazz:PBP221_14290	ko:K18456
pazz:PBP221_14310	ko:K23537
pazz:PBP221_14320	ko:K23535
pazz:PBP221_14330	ko:K23536
pazz:PBP221_14340	ko:K07335
pazz:PBP221_14350	ko:K09165
pazz:PBP221_14380	ko:K00128
pazz:PBP221_14390	ko:K00459
pazz:PBP221_14400	ko:K07275
pazz:PBP221_14410	ko:K06938
pazz:PBP221_14420	ko:K03322
pazz:PBP221_14430	ko:K11073
pazz:PBP221_14440	ko:K11076
pazz:PBP221_14450	ko:K11075
pazz:PBP221_14460	ko:K11074
pazz:PBP221_14470	ko:K03406
pazz:PBP221_14520	ko:K22105
pazz:PBP221_14540	ko:K03969
pazz:PBP221_14560	ko:K05366
pazz:PBP221_14580	ko:K18303
pazz:PBP221_14590	ko:K18302
pazz:PBP221_14660	ko:K03281
pazz:PBP221_14670	ko:K00799
pazz:PBP221_14710	ko:K00874
pazz:PBP221_14730	ko:K00090
pazz:PBP221_14740	ko:K02525
pazz:PBP221_14830	ko:K21495
pazz:PBP221_14840	ko:K07062
pazz:PBP221_14860	ko:K03284
pazz:PBP221_14880	ko:K10439
pazz:PBP221_14890	ko:K10441
pazz:PBP221_14900	ko:K10440
pazz:PBP221_14910	ko:K02529
pazz:PBP221_14920	ko:K00852
pazz:PBP221_14930	ko:K05874
pazz:PBP221_14950	ko:K07180
pazz:PBP221_14960	ko:K09786
pazz:PBP221_14970	ko:K06415
pazz:PBP221_14980	ko:K07483
pazz:PBP221_14990	ko:K07497
pazz:PBP221_15000	ko:K03761
pazz:PBP221_15060	ko:K03442
pazz:PBP221_15090	ko:K06131
pazz:PBP221_15140	ko:K21990
pazz:PBP221_15180	ko:K00484
pazz:PBP221_15200	ko:K00059
pazz:PBP221_15210	ko:K01426
pazz:PBP221_15240	ko:K22027
pazz:PBP221_15260	ko:K01821
pazz:PBP221_15310	ko:K19745
pazz:PBP221_15370	ko:K00854
pazz:PBP221_15380	ko:K09702
pazz:PBP221_15400	ko:K03781
pazz:PBP221_15470	ko:K11935
pazz:PBP221_15480	ko:K11931
pazz:PBP221_15490	ko:K11936
pazz:PBP221_15510	ko:K00820
pazz:PBP221_15540	ko:K02483
pazz:PBP221_15560	ko:K07117
pazz:PBP221_15580	ko:K07645
pazz:PBP221_15590	ko:K07666
pazz:PBP221_15660	ko:K03711
pazz:PBP221_15670	ko:K01673
pazz:PBP221_15730	ko:K00819
pazz:PBP221_15740	ko:K05786
pazz:PBP221_15770	ko:K03724
pazz:PBP221_15790	ko:K17850
pazz:PBP221_15800	ko:K17836
pazz:PBP221_15810	ko:K01467
pazz:PBP221_15870	ko:K04095
pazz:PBP221_15880	ko:K03299
pazz:PBP221_15890	ko:K03285
pazz:PBP221_15910	ko:K02402
pazz:PBP221_15920	ko:K02403
pazz:PBP221_15930	ko:K08137
pazz:PBP221_15950	ko:K07552
pazz:PBP221_15990	ko:K25260
pazz:PBP221_16000	ko:K08194
pazz:PBP221_16010	ko:K00097
pazz:PBP221_16030	ko:K13876
pazz:PBP221_16080	ko:K16137
pazz:PBP221_16090	ko:K00799
pazz:PBP221_16150	ko:K03607
pazz:PBP221_16170	ko:K26400
pazz:PBP221_16180	ko:K27848
pazz:PBP221_16190	ko:K02624
pazz:PBP221_16200	ko:K07100
pazz:PBP221_16210	ko:K00963
pazz:PBP221_16290	ko:K01711
pazz:PBP221_16300	ko:K07154
pazz:PBP221_16370	ko:K16692
pazz:PBP221_16380	ko:K01991
pazz:PBP221_16390	ko:K25307
pazz:PBP221_16400	ko:K00012
pazz:PBP221_16420	ko:K16011
pazz:PBP221_16440	ko:K09780
pazz:PBP221_16500	ko:K00697
pazz:PBP221_16520	ko:K06867
pazz:PBP221_16530	ko:K03424
pazz:PBP221_16550	ko:K02341
pazz:PBP221_16560	ko:K00943
pazz:PBP221_16570	ko:K07082
pazz:PBP221_16580	ko:K06980
pazz:PBP221_16620	ko:K23256
pazz:PBP221_16700	ko:K00632
pazz:PBP221_16710	ko:K08281
pazz:PBP221_16720	ko:K07516
pazz:PBP221_16730	ko:K20034
pazz:PBP221_16740	ko:K08997
pazz:PBP221_16750	ko:K06190
pazz:PBP221_16760	ko:K05527
pazz:PBP221_16770	ko:K03769
pazz:PBP221_16780	ko:K01952
pazz:PBP221_16800	ko:K23997
pazz:PBP221_16810	ko:K01810
pazz:PBP221_16820	ko:K02003
pazz:PBP221_16830	ko:K10804
pazz:PBP221_16850	ko:K03770
pazz:PBP221_16860	ko:K03530
pazz:PBP221_16870	ko:K01338
pazz:PBP221_16880	ko:K03544
pazz:PBP221_16890	ko:K01358
pazz:PBP221_16900	ko:K03545
pazz:PBP221_16910	ko:K00865
pazz:PBP221_17030	ko:K01185
pazz:PBP221_17190	ko:K06909
pazz:PBP221_17540	ko:K02291
pazz:PBP221_17570	ko:K07659
pazz:PBP221_17580	ko:K07638
pazz:PBP221_17590	ko:K24126
pazz:PBP221_17600	ko:K04756
pazz:PBP221_17620	ko:K01770
pazz:PBP221_17630	ko:K00991
pazz:PBP221_17640	ko:K03723
pazz:PBP221_17660	ko:K01438
pazz:PBP221_17670	ko:K01754
pazz:PBP221_17680	ko:K03282
pazz:PBP221_17730	ko:K07290
pazz:PBP221_17740	ko:K02068
pazz:PBP221_17750	ko:K02069
pazz:PBP221_17800	ko:K01971
pazz:PBP221_17810	ko:K10979
pazz:PBP221_17830	ko:K01184
pazz:PBP221_17840	ko:K01079
pazz:PBP221_17850	ko:K01760
pazz:PBP221_17870	ko:K00626
pazz:PBP221_17880	ko:K00874
pazz:PBP221_17890	ko:K14441
pazz:PBP221_17920	ko:K00023
pazz:PBP221_17930	ko:K00626
pazz:PBP221_17940	ko:K03821
pazz:PBP221_17950	ko:K05810
pazz:PBP221_17960	ko:K06180
pazz:PBP221_17970	ko:K05807
pazz:PBP221_17980	ko:K03215
pazz:PBP221_18000	ko:K07501
pazz:PBP221_18010	ko:K03087
pazz:PBP221_18020	ko:K06194
pazz:PBP221_18030	ko:K00573
pazz:PBP221_18040	ko:K03787
pazz:PBP221_18050	ko:K00344
pazz:PBP221_18060	ko:K15554
pazz:PBP221_18070	ko:K15555
pazz:PBP221_18080	ko:K15553
pazz:PBP221_18090	ko:K18313
pazz:PBP221_18100	ko:K06187
pazz:PBP221_18110	ko:K09747
pazz:PBP221_18120	ko:K02343
pazz:PBP221_18130	ko:K03671
pazz:PBP221_18140	ko:K03628
pazz:PBP221_18160	ko:K09933
pazz:PBP221_18170	ko:K02909
pazz:PBP221_18190	ko:K26939
pazz:PBP221_18200	ko:K01607
pazz:PBP221_18220	ko:K06894
pazz:PBP221_18230	ko:K05367
pazz:PBP221_18240	ko:K02237
pazz:PBP221_18260	ko:K03695
pazz:PBP221_18270	ko:K13771
pazz:PBP221_18280	ko:K06886
pazz:PBP221_18290	ko:K03635
pazz:PBP221_18300	ko:K03636
pazz:PBP221_18310	ko:K03750
pazz:PBP221_18320	ko:K01733
pazz:PBP221_18330	ko:K00003
pazz:PBP221_18340	ko:K14260
pazz:PBP221_18390	ko:K10012
pazz:PBP221_18400	ko:K00604
pazz:PBP221_18420	ko:K13014
pazz:PBP221_18430	ko:K03564
pazz:PBP221_18450	ko:K07175
pazz:PBP221_18480	ko:K03306
pazz:PBP221_18490	ko:K07220
pazz:PBP221_18500	ko:K02314
pazz:PBP221_18510	ko:K02939
pazz:PBP221_18520	ko:K02963
pazz:PBP221_18530	ko:K02686
pazz:PBP221_18540	ko:K02990
pazz:PBP221_18560	ko:K03088
pazz:PBP221_18580	ko:K02275
pazz:PBP221_18600	ko:K01608
pazz:PBP221_18610	ko:K01816
pazz:PBP221_18620	ko:K00042
pazz:PBP221_18650	ko:K01424
pazz:PBP221_18660	ko:K13635
pazz:PBP221_18670	ko:K02045
pazz:PBP221_18680	ko:K02047
pazz:PBP221_18690	ko:K02046
pazz:PBP221_18700	ko:K23163
pazz:PBP221_18710	ko:K01356
pazz:PBP221_18750	ko:K09695
pazz:PBP221_18760	ko:K09694
pazz:PBP221_18780	ko:K07089
pazz:PBP221_18810	ko:K09954
pazz:PBP221_18820	ko:K05539
pazz:PBP221_18880	ko:K15555
pazz:PBP221_18890	ko:K15554
pazz:PBP221_18900	ko:K04091
pazz:PBP221_18990	ko:K03297
pazz:PBP221_19040	ko:K11904
pazz:PBP221_19060	ko:K01185
pazz:PBP221_19070	ko:K11902
pazz:PBP221_19080	ko:K11895
pazz:PBP221_19090	ko:K11896
pazz:PBP221_19100	ko:K11897
pazz:PBP221_19110	ko:K11898
pazz:PBP221_19130	ko:K11907
pazz:PBP221_19140	ko:K11901
pazz:PBP221_19150	ko:K11900
pazz:PBP221_19180	ko:K11903
pazz:PBP221_19190	ko:K11906
pazz:PBP221_19200	ko:K11893
pazz:PBP221_19210	ko:K11892
pazz:PBP221_19220	ko:K11891
pazz:PBP221_19240	ko:K00684
pazz:PBP221_19250	ko:K21420
pazz:PBP221_19260	ko:K00254
pazz:PBP221_19270	ko:K03100
pazz:PBP221_19330	ko:K06133
pazz:PBP221_19380	ko:K16568
pazz:PBP221_19450	ko:K16568
pazz:PBP221_19490	ko:K20534
pazz:PBP221_19530	ko:K16568
pazz:PBP221_19540	ko:K16692
pazz:PBP221_19550	ko:K01991
pazz:PBP221_19570	ko:K01807
pazz:PBP221_19580	ko:K11066
pazz:PBP221_19610	ko:K03218
pazz:PBP221_19620	ko:K12573
pazz:PBP221_19640	ko:K08178
pazz:PBP221_19660	ko:K06445
pazz:PBP221_19680	ko:K00059
pazz:PBP221_19700	ko:K00626
pazz:PBP221_19710	ko:K01897
pazz:PBP221_19740	ko:K24452
pazz:PBP221_19770	ko:K03088
pazz:PBP221_19790	ko:K03666
pazz:PBP221_19840	ko:K27080
pazz:PBP221_19860	ko:K27079
pazz:PBP221_19870	ko:K12511
pazz:PBP221_19880	ko:K12510
pazz:PBP221_19890	ko:K02283
pazz:PBP221_19900	ko:K02282
pazz:PBP221_19910	ko:K02280
pazz:PBP221_19920	ko:K02279
pazz:PBP221_19930	ko:K12513
pazz:PBP221_19940	ko:K02278
pazz:PBP221_19950	ko:K02651
pazz:PBP221_20010	ko:K06916
pazz:PBP221_20020	ko:K00382
pazz:PBP221_20030	ko:K00658
pazz:PBP221_20040	ko:K00164
pazz:PBP221_20050	ko:K06207
pazz:PBP221_20070	ko:K18139
pazz:PBP221_20080	ko:K03543
pazz:PBP221_20090	ko:K03446
pazz:PBP221_20100	ko:K03177
pazz:PBP221_20110	ko:K02834
pazz:PBP221_20120	ko:K02519
pazz:PBP221_20130	ko:K02600
pazz:PBP221_20140	ko:K09748
pazz:PBP221_20150	ko:K06178
pazz:PBP221_20160	ko:K06024
pazz:PBP221_20190	ko:K07492
pazz:PBP221_20270	ko:K15034
pazz:PBP221_20290	ko:K03581
pazz:PBP221_20300	ko:K03582
pazz:PBP221_20310	ko:K03583
pazz:PBP221_20340	ko:K05800
pazz:PBP221_20360	ko:K22044
pazz:PBP221_20370	ko:K07118
pazz:PBP221_20400	ko:K03830
pazz:PBP221_20410	ko:K05520
pazz:PBP221_20440	ko:K03320
pazz:PBP221_20450	ko:K06199
pazz:PBP221_20520	ko:K20329
pazz:PBP221_20530	ko:K07799
pazz:PBP221_20540	ko:K07788
pazz:PBP221_20550	ko:K07789
pazz:PBP221_20580	ko:K03564
pazz:PBP221_20630	ko:K10013
pazz:PBP221_20640	ko:K24118
pazz:PBP221_20650	ko:K01130
pazz:PBP221_20670	ko:K15549
pazz:PBP221_20680	ko:K15547
pazz:PBP221_20700	ko:K15550
pazz:PBP221_20720	ko:K05526
pazz:PBP221_20730	ko:K01484
pazz:PBP221_20740	ko:K06447
pazz:PBP221_20750	ko:K00673
pazz:PBP221_20760	ko:K00673
pazz:PBP221_20770	ko:K00840
pazz:PBP221_20780	ko:K21825
pazz:PBP221_20790	ko:K10017
pazz:PBP221_20800	ko:K10015
pazz:PBP221_20810	ko:K10016
pazz:PBP221_20830	ko:K07001
pazz:PBP221_20870	ko:K00975
pazz:PBP221_20880	ko:K00703
pazz:PBP221_20890	ko:K00868
pazz:PBP221_20910	ko:K01999
pazz:PBP221_21000	ko:K03406
pazz:PBP221_21010	ko:K02403
pazz:PBP221_21020	ko:K02402
pazz:PBP221_21030	ko:K02403
pazz:PBP221_21060	ko:K01420
pazz:PBP221_21080	ko:K01458
pazz:PBP221_21090	ko:K05603
pazz:PBP221_21100	ko:K01468
pazz:PBP221_21110	ko:K09975
pazz:PBP221_21120	ko:K01712
pazz:PBP221_21130	ko:K05836
pazz:PBP221_21140	ko:K01745
pazz:PBP221_21190	ko:K06901
pazz:PBP221_21230	ko:K01451
pazz:PBP221_21240	ko:K14057
pazz:PBP221_21250	ko:K00128
pazz:PBP221_21260	ko:K06995
pazz:PBP221_21310	ko:K21703
pazz:PBP221_21320	ko:K03885
pazz:PBP221_21330	ko:K05596
pazz:PBP221_21340	ko:K06895
pazz:PBP221_21360	ko:K21012
pazz:PBP221_21370	ko:K21011
pazz:PBP221_21380	ko:K21010
pazz:PBP221_21390	ko:K21009
pazz:PBP221_21400	ko:K21008
pazz:PBP221_21410	ko:K21007
pazz:PBP221_21420	ko:K21006
pazz:PBP221_21440	ko:K05835
pazz:PBP221_21500	ko:K11939
pazz:PBP221_21520	ko:K00163
pazz:PBP221_21530	ko:K03719
pazz:PBP221_21540	ko:K01895
pazz:PBP221_21550	ko:K07507
pazz:PBP221_21600	ko:K11616
pazz:PBP221_21610	ko:K02106
pazz:PBP221_21640	ko:K01644
pazz:PBP221_21660	ko:K14393
pazz:PBP221_21680	ko:K01895
pazz:PBP221_21710	ko:K01676
pazz:PBP221_21720	ko:K03594
pazz:PBP221_21730	ko:K01776
pazz:PBP221_21740	ko:K02192
pazz:PBP221_21750	ko:K03832
pazz:PBP221_21760	ko:K03561
pazz:PBP221_21770	ko:K03559
pazz:PBP221_21790	ko:K06911
pazz:PBP221_21830	ko:K11477
pazz:PBP221_21850	ko:K07243
pazz:PBP221_21870	ko:K07230
pazz:PBP221_21880	ko:K03702
pazz:PBP221_21890	ko:K00832
pazz:PBP221_21900	ko:K07001
pazz:PBP221_21910	ko:K00019
pazz:PBP221_21930	ko:K07115
pazz:PBP221_21940	ko:K15553
pazz:PBP221_21970	ko:K19591
pazz:PBP221_21980	ko:K07213
pazz:PBP221_21990	ko:K00067
pazz:PBP221_22000	ko:K14162
pazz:PBP221_22010	ko:K14161
pazz:PBP221_22020	ko:K14160
pazz:PBP221_22090	ko:K09861
pazz:PBP221_22110	ko:K14287
pazz:PBP221_22120	ko:K00799
pazz:PBP221_22130	ko:K00074
pazz:PBP221_22170	ko:K00249
pazz:PBP221_22180	ko:K11209
pazz:PBP221_22210	ko:K28556
pazz:PBP221_22220	ko:K04118
pazz:PBP221_22240	ko:K01515
pazz:PBP221_22260	ko:K00343
pazz:PBP221_22270	ko:K00342
pazz:PBP221_22280	ko:K00341
pazz:PBP221_22290	ko:K00340
pazz:PBP221_22300	ko:K00339
pazz:PBP221_22310	ko:K00338
pazz:PBP221_22320	ko:K00337
pazz:PBP221_22330	ko:K00336
pazz:PBP221_22340	ko:K00335
pazz:PBP221_22350	ko:K00334
pazz:PBP221_22360	ko:K00333
pazz:PBP221_22370	ko:K00332
pazz:PBP221_22380	ko:K00331
pazz:PBP221_22390	ko:K00330
pazz:PBP221_22400	ko:K03075
pazz:PBP221_22410	ko:K01803
pazz:PBP221_22430	ko:K00962
pazz:PBP221_22440	ko:K02956
pazz:PBP221_22450	ko:K01999
pazz:PBP221_22470	ko:K01649
pazz:PBP221_22480	ko:K07493
pazz:PBP221_22500	ko:K17103
pazz:PBP221_22510	ko:K01613
pazz:PBP221_22520	ko:K00053
pazz:PBP221_22530	ko:K01653
pazz:PBP221_22540	ko:K01652
pazz:PBP221_22550	ko:K03088
pazz:PBP221_22600	ko:K27597
pazz:PBP221_22610	ko:K00901
pazz:PBP221_22660	ko:K07050
pazz:PBP221_22670	ko:K06886
pazz:PBP221_22680	ko:K02004
pazz:PBP221_22700	ko:K11741
pazz:PBP221_22710	ko:K07667
pazz:PBP221_22720	ko:K07646
pazz:PBP221_22730	ko:K01548
pazz:PBP221_22740	ko:K01547
pazz:PBP221_22750	ko:K01546
pazz:PBP221_22780	ko:K11903
pazz:PBP221_22820	ko:K00344
pazz:PBP221_22830	ko:K01734
pazz:PBP221_22840	ko:K00059
pazz:PBP221_22850	ko:K00761
pazz:PBP221_22880	ko:K01945
pazz:PBP221_22890	ko:K00228
pazz:PBP221_22900	ko:K00969
pazz:PBP221_22910	ko:K09710
pazz:PBP221_22920	ko:K00783
pazz:PBP221_22930	ko:K06287
pazz:PBP221_22940	ko:K08301
pazz:PBP221_23000	ko:K11085
pazz:PBP221_23020	ko:K02337
pazz:PBP221_23030	ko:K07146
pazz:PBP221_23040	ko:K01894
pazz:PBP221_23050	ko:K11927
pazz:PBP221_23070	ko:K01652
pazz:PBP221_23100	ko:K08289
pazz:PBP221_23120	ko:K03466
pazz:PBP221_23130	ko:K07404
pazz:PBP221_23170	ko:K05973
pazz:PBP221_23190	ko:K03616
pazz:PBP221_23200	ko:K10773
pazz:PBP221_23250	ko:K09989
pazz:PBP221_23260	ko:K05782
pazz:PBP221_23270	ko:K00616
pazz:PBP221_23280	ko:K04750
pazz:PBP221_23300	ko:K03307
pazz:PBP221_23340	ko:K03181
pazz:PBP221_23360	ko:K04079
pazz:PBP221_23400	ko:K05825
pazz:PBP221_23440	ko:K07240
pazz:PBP221_23460	ko:K02621
pazz:PBP221_23470	ko:K02622
pazz:PBP221_23480	ko:K07075
pazz:PBP221_23500	ko:K15738
pazz:PBP221_23570	ko:K00558
pazz:PBP221_23580	ko:K07458
pazz:PBP221_23600	ko:K08169
pazz:PBP221_23620	ko:K00697
pazz:PBP221_23710	ko:K02049
pazz:PBP221_23720	ko:K02050
pazz:PBP221_23750	ko:K07638
pazz:PBP221_23760	ko:K07659
pazz:PBP221_23780	ko:K06911
pazz:PBP221_23790	ko:K10014
pazz:PBP221_23800	ko:K10016
pazz:PBP221_23810	ko:K10015
pazz:PBP221_23820	ko:K10017
pazz:PBP221_23840	ko:K04751
pazz:PBP221_23850	ko:K01950
pazz:PBP221_23860	ko:K09919
pazz:PBP221_23870	ko:K07461
pazz:PBP221_23880	ko:K03746
pazz:PBP221_23890	ko:K01507
pazz:PBP221_23900	ko:K00128
pazz:PBP221_23910	ko:K00059
pazz:PBP221_23930	ko:K07493
pazz:PBP221_23950	ko:K02498
pazz:PBP221_23960	ko:K13543
pazz:PBP221_23970	ko:K01749
pazz:PBP221_23990	ko:K01595
pazz:PBP221_24020	ko:K01755
pazz:PBP221_24030	ko:K08994
pazz:PBP221_24050	ko:K01584
pazz:PBP221_24060	ko:K01494
pazz:PBP221_24070	ko:K04565
pazz:PBP221_24080	ko:K03593
pazz:PBP221_24100	ko:K01874
pazz:PBP221_24120	ko:K09800
pazz:PBP221_24130	ko:K07278
pazz:PBP221_24150	ko:K05896
pazz:PBP221_24160	ko:K01918
pazz:PBP221_24170	ko:K01579
pazz:PBP221_24180	ko:K03496
pazz:PBP221_24200	ko:K15977
pazz:PBP221_24210	ko:K02232
pazz:PBP221_24220	ko:K02231
pazz:PBP221_24230	ko:K02227
pazz:PBP221_24240	ko:K02225
pazz:PBP221_24250	ko:K02016
pazz:PBP221_24260	ko:K02226
pazz:PBP221_24270	ko:K02233
pazz:PBP221_24280	ko:K00768
pazz:PBP221_24290	ko:K02013
pazz:PBP221_24300	ko:K02015
pazz:PBP221_24310	ko:K16092
pazz:PBP221_24330	ko:K09888
pazz:PBP221_24360	ko:K13292
pazz:PBP221_24380	ko:K01687
pazz:PBP221_24390	ko:K08738
pazz:PBP221_24410	ko:K02339
pazz:PBP221_24420	ko:K01255
pazz:PBP221_24430	ko:K07091
pazz:PBP221_24440	ko:K11720
pazz:PBP221_24450	ko:K03795
pazz:PBP221_24480	ko:K17836
pazz:PBP221_24490	ko:K02303
pazz:PBP221_24500	ko:K00956
pazz:PBP221_24510	ko:K00957
pazz:PBP221_24520	ko:K00390
pazz:PBP221_24540	ko:K00381
pazz:PBP221_24550	ko:K13634
pazz:PBP221_24560	ko:K01999
pazz:PBP221_24610	ko:K10439
pazz:PBP221_24620	ko:K10440
pazz:PBP221_24630	ko:K10441
pazz:PBP221_24640	ko:K05499
pazz:PBP221_24650	ko:K00573
pazz:PBP221_24690	ko:K11959
pazz:PBP221_24700	ko:K11960
pazz:PBP221_24710	ko:K11961
pazz:PBP221_24720	ko:K11962
pazz:PBP221_24730	ko:K11963
pazz:PBP221_24740	ko:K03190
pazz:PBP221_24750	ko:K02030
pazz:PBP221_24760	ko:K01430
pazz:PBP221_24770	ko:K01429
pazz:PBP221_24780	ko:K01428
pazz:PBP221_24790	ko:K03187
pazz:PBP221_24800	ko:K03188
pazz:PBP221_24810	ko:K03189
pazz:PBP221_24820	ko:K02527
pazz:PBP221_24840	ko:K02841
pazz:PBP221_24850	ko:K15778
pazz:PBP221_24920	ko:K03328
pazz:PBP221_24950	ko:K01784
pazz:PBP221_24960	ko:K16011
pazz:PBP221_24970	ko:K05874
pazz:PBP221_25100	ko:K00978
pazz:PBP221_25110	ko:K01709
pazz:PBP221_25120	ko:K01790
pazz:PBP221_25180	ko:K12990
pazz:PBP221_25210	ko:K09691
pazz:PBP221_25220	ko:K09690
pazz:PBP221_25230	ko:K12990
pazz:PBP221_25240	ko:K00067
pazz:PBP221_25250	ko:K01790
pazz:PBP221_25260	ko:K00973
pazz:PBP221_25270	ko:K01710
pazz:PBP221_25280	ko:K22252
pazz:PBP221_25290	ko:K01525
pazz:PBP221_25300	ko:K00655
pazz:PBP221_25310	ko:K01465
pazz:PBP221_25320	ko:K00609
pazz:PBP221_25330	ko:K02825
pazz:PBP221_25340	ko:K07447
pazz:PBP221_25350	ko:K07735
pazz:PBP221_25380	ko:K00941
pazz:PBP221_25390	ko:K00860
pazz:PBP221_25400	ko:K04077
pazz:PBP221_25410	ko:K04078
pazz:PBP221_25440	ko:K02575
pazz:PBP221_25460	ko:K10544
pazz:PBP221_25470	ko:K10545
pazz:PBP221_25480	ko:K10543
pazz:PBP221_25490	ko:K01805
pazz:PBP221_25500	ko:K02529
pazz:PBP221_25510	ko:K01785
pazz:PBP221_25520	ko:K09939
pazz:PBP221_25540	ko:K16137
pazz:PBP221_25570	ko:K02026
pazz:PBP221_25580	ko:K02025
pazz:PBP221_25590	ko:K02027
pazz:PBP221_25600	ko:K12308
pazz:PBP221_25610	ko:K10111
pazz:PBP221_25630	ko:K22491
pazz:PBP221_25660	ko:K03098
pazz:PBP221_25690	ko:K00886
pazz:PBP221_25700	ko:K00036
pazz:PBP221_25730	ko:K07638
pazz:PBP221_25740	ko:K07659
pazz:PBP221_25770	ko:K03594
pazz:PBP221_25790	ko:K03585
pazz:PBP221_25800	ko:K18138
pazz:PBP221_25820	ko:K05786
pazz:PBP221_25830	ko:K07090
pazz:PBP221_25850	ko:K07518
pazz:PBP221_25900	ko:K07402
pazz:PBP221_25910	ko:K13482
pazz:PBP221_25920	ko:K13481
pazz:PBP221_25960	ko:K09758
pazz:PBP221_25970	ko:K07085
pazz:PBP221_25980	ko:K07085
pazz:PBP221_26000	ko:K03778
pazz:PBP221_26030	ko:K19577
pazz:PBP221_26050	ko:K01555
pazz:PBP221_26060	ko:K00451
pazz:PBP221_26070	ko:K08195
pazz:PBP221_26100	ko:K00252
pazz:PBP221_26110	ko:K24158
pazz:PBP221_26150	ko:K02655
pazz:PBP221_26170	ko:K02672
pazz:PBP221_26190	ko:K08084
pazz:PBP221_26200	ko:K07738
pazz:PBP221_26210	ko:K00600
pazz:PBP221_26220	ko:K16066
pazz:PBP221_26230	ko:K07107
pazz:PBP221_26240	ko:K03562
pazz:PBP221_26250	ko:K03560
pazz:PBP221_26260	ko:K03646
pazz:PBP221_26270	ko:K03641
pazz:PBP221_26280	ko:K03640
pazz:PBP221_26380	ko:K11903
pazz:PBP221_26420	ko:K03818
pazz:PBP221_26440	ko:K03208
pazz:PBP221_26460	ko:K02377
pazz:PBP221_26470	ko:K01711
pazz:PBP221_26480	ko:K16692
pazz:PBP221_26490	ko:K01991
pazz:PBP221_26510	ko:K16011
pazz:PBP221_26550	ko:K03207
pazz:PBP221_26560	ko:K00963
pazz:PBP221_26600	ko:K03442
pazz:PBP221_26610	ko:K03975
pazz:PBP221_26620	ko:K03572
pazz:PBP221_26630	ko:K00791
pazz:PBP221_26640	ko:K01933
pazz:PBP221_26660	ko:K10763
pazz:PBP221_26670	ko:K28842
pazz:PBP221_26680	ko:K00970
pazz:PBP221_26690	ko:K00950
pazz:PBP221_26710	ko:K00606
pazz:PBP221_26730	ko:K03342
pazz:PBP221_26740	ko:K03686
pazz:PBP221_26750	ko:K04043
pazz:PBP221_26770	ko:K03687
pazz:PBP221_26800	ko:K04762
pazz:PBP221_26810	ko:K01772
pazz:PBP221_26820	ko:K03705
pazz:PBP221_26830	ko:K00858
pazz:PBP221_26840	ko:K03631
pazz:PBP221_26850	ko:K00982
pazz:PBP221_26870	ko:K11206
pazz:PBP221_26880	ko:K03568
pazz:PBP221_26890	ko:K01626
pazz:PBP221_26920	ko:K00798
pazz:PBP221_26930	ko:K00102
pazz:PBP221_26940	ko:K00104
pazz:PBP221_26950	ko:K11472
pazz:PBP221_26960	ko:K11473
pazz:PBP221_26970	ko:K06997
pazz:PBP221_26980	ko:K00286
pazz:PBP221_26990	ko:K03179
pazz:PBP221_27000	ko:K04047
pazz:PBP221_27020	ko:K03781
pazz:PBP221_27040	ko:K04761
pazz:PBP221_27050	ko:K03655
pazz:PBP221_27060	ko:K07568
pazz:PBP221_27070	ko:K00773
pazz:PBP221_27080	ko:K03210
pazz:PBP221_27090	ko:K03072
pazz:PBP221_27100	ko:K03074
pazz:PBP221_27160	ko:K03808
pazz:PBP221_27170	ko:K03808
pazz:PBP221_27180	ko:K06192
pazz:PBP221_27190	ko:K09857
pazz:PBP221_27200	ko:K25137
pazz:PBP221_27230	ko:K06996
pazz:PBP221_27240	ko:K00325
pazz:PBP221_27250	ko:K00324
pazz:PBP221_27260	ko:K00324
pazz:PBP221_27280	ko:K00566
pazz:PBP221_27300	ko:K07387
pazz:PBP221_27320	ko:K01262
pazz:PBP221_27330	ko:K03185
pazz:PBP221_27340	ko:K05540
pazz:PBP221_27350	ko:K03557
pazz:PBP221_27360	ko:K00602
pazz:PBP221_27370	ko:K01159
pazz:PBP221_27390	ko:K03550
pazz:PBP221_27400	ko:K03551
pazz:PBP221_27410	ko:K15634
pazz:PBP221_27420	ko:K07560
pazz:PBP221_27430	ko:K01866
pazz:PBP221_27440	ko:K09001
pazz:PBP221_27450	ko:K15724
pazz:PBP221_27460	ko:K02996
pazz:PBP221_27470	ko:K02871
pazz:PBP221_27480	ko:K07397
pazz:PBP221_27500	ko:K01465
pazz:PBP221_27530	ko:K10004
pazz:PBP221_27540	ko:K10002
pazz:PBP221_27550	ko:K10003
pazz:PBP221_27560	ko:K10001
pazz:PBP221_27570	ko:K00261
pazz:PBP221_27580	ko:K21645
pazz:PBP221_27590	ko:K01756
pazz:PBP221_27600	ko:K00851
pazz:PBP221_27610	ko:K03299
pazz:PBP221_27620	ko:K01625
pazz:PBP221_27630	ko:K01690
pazz:PBP221_27640	ko:K19337
pazz:PBP221_27660	ko:K08973
pazz:PBP221_27670	ko:K00147
pazz:PBP221_27680	ko:K02340
pazz:PBP221_27690	ko:K03643
pazz:PBP221_27700	ko:K01869
pazz:PBP221_27710	ko:K03559
pazz:PBP221_27720	ko:K03561
pazz:PBP221_27730	ko:K00215
pazz:PBP221_27740	ko:K06186
pazz:PBP221_27750	ko:K03711
pazz:PBP221_27760	ko:K01483
pazz:PBP221_27770	ko:K01477
pazz:PBP221_27780	ko:K11103
pazz:PBP221_27800	ko:K00134
pazz:PBP221_27810	ko:K00615
pazz:PBP221_27830	ko:K09761
pazz:PBP221_27850	ko:K01167
pazz:PBP221_27860	ko:K00029
pazz:PBP221_27870	ko:K00946
pazz:PBP221_27880	ko:K01095
pazz:PBP221_27890	ko:K03743
pazz:PBP221_27900	ko:K09705
pazz:PBP221_27910	ko:K01591
pazz:PBP221_27920	ko:K01785
pazz:PBP221_27930	ko:K13874
pazz:PBP221_27940	ko:K22185
pazz:PBP221_27950	ko:K10538
pazz:PBP221_27960	ko:K10539
pazz:PBP221_27970	ko:K10537
pazz:PBP221_27990	ko:K01631
pazz:PBP221_28000	ko:K00883
pazz:PBP221_28020	ko:K03814
pazz:PBP221_28030	ko:K00014
pazz:PBP221_28040	ko:K01147
pazz:PBP221_28050	ko:K07000
pazz:PBP221_28060	ko:K02558
pazz:PBP221_28090	ko:K03786
pazz:PBP221_28100	ko:K02160
pazz:PBP221_28110	ko:K01961
pazz:PBP221_28120	ko:K02687
pazz:PBP221_28140	ko:K11065
pazz:PBP221_28150	ko:K00856
pazz:PBP221_28160	ko:K06077
pazz:PBP221_28170	ko:K07493
pazz:PBP221_28200	ko:K00526
pazz:PBP221_28210	ko:K00525
pazz:PBP221_28220	ko:K03806
pazz:PBP221_28230	ko:K06950
pazz:PBP221_28250	ko:K03106
pazz:PBP221_28260	ko:K00760
pazz:PBP221_28280	ko:K01881
pazz:PBP221_28290	ko:K08311
pazz:PBP221_28310	ko:K00931
pazz:PBP221_28320	ko:K03979
pazz:PBP221_28330	ko:K02899
pazz:PBP221_28340	ko:K02888
pazz:PBP221_28350	ko:K02523
pazz:PBP221_28360	ko:K03699
pazz:PBP221_28370	ko:K02652
pazz:PBP221_28380	ko:K02653
pazz:PBP221_28390	ko:K02654
pazz:PBP221_28400	ko:K00859
pazz:PBP221_28410	ko:K18778
pazz:PBP221_28420	ko:K09862
pazz:PBP221_28430	ko:K03574
pazz:PBP221_28440	ko:K06923
pazz:PBP221_28450	ko:K00620
pazz:PBP221_28460	ko:K03070
pazz:PBP221_28480	ko:K02535
pazz:PBP221_28490	ko:K24138
pazz:PBP221_28500	ko:K03531
pazz:PBP221_28510	ko:K03590
pazz:PBP221_28520	ko:K03589
pazz:PBP221_28530	ko:K01921
pazz:PBP221_28540	ko:K01924
pazz:PBP221_28550	ko:K02563
pazz:PBP221_28560	ko:K03588
pazz:PBP221_28570	ko:K01925
pazz:PBP221_28580	ko:K01000
pazz:PBP221_28590	ko:K01929
pazz:PBP221_28600	ko:K01928
pazz:PBP221_28610	ko:K03587
pazz:PBP221_28620	ko:K03586
pazz:PBP221_28630	ko:K03438
pazz:PBP221_28640	ko:K03925
pazz:PBP221_28650	ko:K06134
pazz:PBP221_28680	ko:K01897
pazz:PBP221_28710	ko:K01692
pazz:PBP221_28730	ko:K07823
pazz:PBP221_28740	ko:K15866
pazz:PBP221_28750	ko:K02614
pazz:PBP221_28760	ko:K01912
pazz:PBP221_28770	ko:K08304
pazz:PBP221_28790	ko:K06195
pazz:PBP221_28800	ko:K01783
pazz:PBP221_28810	ko:K01091
pazz:PBP221_28820	ko:K01657
pazz:PBP221_28830	ko:K01658
pazz:PBP221_28840	ko:K00766
pazz:PBP221_28850	ko:K01609
pazz:PBP221_28870	ko:K03648
pazz:PBP221_28880	ko:K01118
pazz:PBP221_28900	ko:K03981
pazz:PBP221_28910	ko:K18800
pazz:PBP221_28920	ko:K06942
pazz:PBP221_28930	ko:K05813
pazz:PBP221_28940	ko:K05814
pazz:PBP221_28950	ko:K05815
pazz:PBP221_28960	ko:K05816
pazz:PBP221_28980	ko:K06020
pazz:PBP221_29020	ko:K01262
pazz:PBP221_29050	ko:K02492
pazz:PBP221_29060	ko:K02835
pazz:PBP221_29070	ko:K02493
pazz:PBP221_29080	ko:K07390
pazz:PBP221_29090	ko:K03186
pazz:PBP221_29100	ko:K15777
pazz:PBP221_29120	ko:K03704
pazz:PBP221_29130	ko:K04046
pazz:PBP221_29180	ko:K09941
pazz:PBP221_29220	ko:K26399
pazz:PBP221_29260	ko:K03600
pazz:PBP221_29270	ko:K03599
pazz:PBP221_29280	ko:K00413
pazz:PBP221_29290	ko:K00412
pazz:PBP221_29300	ko:K00411
pazz:PBP221_29320	ko:K04772
pazz:PBP221_29330	ko:K03118
pazz:PBP221_29340	ko:K03117
pazz:PBP221_29350	ko:K03116
pazz:PBP221_29360	ko:K02503
pazz:PBP221_29380	ko:K01523
pazz:PBP221_29390	ko:K01496
pazz:PBP221_29400	ko:K02500
pazz:PBP221_29410	ko:K01814
pazz:PBP221_29420	ko:K02501
pazz:PBP221_29440	ko:K01693
pazz:PBP221_29450	ko:K00817
pazz:PBP221_29460	ko:K00013
pazz:PBP221_29470	ko:K00765
pazz:PBP221_29480	ko:K00790
pazz:PBP221_29500	ko:K01992
pazz:PBP221_29510	ko:K01990
pazz:PBP221_29520	ko:K07122
pazz:PBP221_29530	ko:K07323
pazz:PBP221_29540	ko:K04754
pazz:PBP221_29550	ko:K02067
pazz:PBP221_29560	ko:K02066
pazz:PBP221_29570	ko:K02065
pazz:PBP221_29580	ko:K00788
pazz:PBP221_29590	ko:K03149
pazz:PBP221_29600	ko:K03154
pazz:PBP221_29610	ko:K03153
pazz:PBP221_29620	ko:K02471
pazz:PBP221_29660	ko:K07486
pazz:PBP221_29670	ko:K07659
pazz:PBP221_29680	ko:K02393
pazz:PBP221_29720	ko:K07659
pazz:PBP221_29730	ko:K07638
pazz:PBP221_29760	ko:K00285
pazz:PBP221_29770	ko:K01975
pazz:PBP221_29780	ko:K00266
pazz:PBP221_29790	ko:K00265
pazz:PBP221_29800	ko:K07491
pazz:PBP221_29810	ko:K07275
pazz:PBP221_29830	ko:K01129
pazz:PBP221_29840	ko:K01735
pazz:PBP221_29850	ko:K00891
pazz:PBP221_29860	ko:K02666
pazz:PBP221_29870	ko:K02664
pazz:PBP221_29900	ko:K05366
pazz:PBP221_29910	ko:K06202
pazz:PBP221_29930	ko:K01586
pazz:PBP221_29940	ko:K17247
pazz:PBP221_29950	ko:K07147
pazz:PBP221_29970	ko:K07399
pazz:PBP221_29990	ko:K03978
pazz:PBP221_30000	ko:K01698
pazz:PBP221_30010	ko:K04084
pazz:PBP221_30020	ko:K03926
pazz:PBP221_30030	ko:K02879
pazz:PBP221_30040	ko:K03040
pazz:PBP221_30050	ko:K02986
pazz:PBP221_30060	ko:K02948
pazz:PBP221_30070	ko:K02952
pazz:PBP221_30080	ko:K02518
pazz:PBP221_30090	ko:K03076
pazz:PBP221_30100	ko:K02876
pazz:PBP221_30110	ko:K02907
pazz:PBP221_30120	ko:K02988
pazz:PBP221_30130	ko:K02881
pazz:PBP221_30140	ko:K02933
pazz:PBP221_30150	ko:K02994
pazz:PBP221_30160	ko:K02954
pazz:PBP221_30170	ko:K02931
pazz:PBP221_30180	ko:K02895
pazz:PBP221_30190	ko:K02874
pazz:PBP221_30200	ko:K02961
pazz:PBP221_30210	ko:K02904
pazz:PBP221_30220	ko:K02878
pazz:PBP221_30230	ko:K02982
pazz:PBP221_30240	ko:K02890
pazz:PBP221_30250	ko:K02965
pazz:PBP221_30260	ko:K02886
pazz:PBP221_30270	ko:K02892
pazz:PBP221_30280	ko:K02926
pazz:PBP221_30290	ko:K02906
pazz:PBP221_30300	ko:K02946
pazz:PBP221_30310	ko:K02358
pazz:PBP221_30320	ko:K02355
pazz:PBP221_30330	ko:K02992
pazz:PBP221_30340	ko:K02950
pazz:PBP221_30350	ko:K03654
pazz:PBP221_30360	ko:K03046
pazz:PBP221_30370	ko:K03043
pazz:PBP221_30380	ko:K02935
pazz:PBP221_30390	ko:K02864
pazz:PBP221_30400	ko:K02863
pazz:PBP221_30410	ko:K02867
pazz:PBP221_30420	ko:K02601
pazz:PBP221_30430	ko:K03073
pazz:PBP221_30440	ko:K02358
pazz:PBP221_30460	ko:K02609
pazz:PBP221_30470	ko:K02610
pazz:PBP221_30480	ko:K02611
pazz:PBP221_30490	ko:K02612
pazz:PBP221_30500	ko:K02613
pazz:PBP221_30540	ko:K03719
pazz:PBP221_30550	ko:K00457
pazz:PBP221_30570	ko:K04090
pazz:PBP221_30580	ko:K00029
pazz:PBP221_30600	ko:K00762
pazz:PBP221_30610	ko:K07687
pazz:PBP221_30630	ko:K03809
pazz:PBP221_30640	ko:K00145
pazz:PBP221_30670	ko:K07275
pazz:PBP221_30700	ko:K05834
pazz:PBP221_30720	ko:K09122
pazz:PBP221_30830	ko:K02529
pazz:PBP221_30880	ko:K00820
pazz:PBP221_30890	ko:K04042
pazz:PBP221_30900	ko:K14058
pazz:PBP221_30910	ko:K01633
pazz:PBP221_30960	ko:K00974
pazz:PBP221_30970	ko:K00799
pazz:PBP221_30990	ko:K08309
pazz:PBP221_31000	ko:K01934
pazz:PBP221_31020	ko:K23123
pazz:PBP221_31030	ko:K23124
pazz:PBP221_31040	ko:K07160
pazz:PBP221_31080	ko:K09973
pazz:PBP221_31090	ko:K12372
pazz:PBP221_31100	ko:K12371
pazz:PBP221_31110	ko:K12370
pazz:PBP221_31120	ko:K12369
pazz:PBP221_31130	ko:K12368
pazz:PBP221_31140	ko:K12368
pazz:PBP221_31150	ko:K00297
pazz:PBP221_31160	ko:K08972
pazz:PBP221_31170	ko:K01251
pazz:PBP221_31200	ko:K06518
pazz:PBP221_31240	ko:K09456
pazz:PBP221_31250	ko:K00154
pazz:PBP221_31260	ko:K04061
pazz:PBP221_31280	ko:K02423
pazz:PBP221_31290	ko:K02422
pazz:PBP221_31300	ko:K02408
pazz:PBP221_31310	ko:K02409
pazz:PBP221_31320	ko:K02410
pazz:PBP221_31330	ko:K02411
pazz:PBP221_31340	ko:K02412
pazz:PBP221_31350	ko:K02413
pazz:PBP221_31360	ko:K02414
pazz:PBP221_31370	ko:K02415
pazz:PBP221_31380	ko:K02416
pazz:PBP221_31390	ko:K02417
pazz:PBP221_31400	ko:K02418
pazz:PBP221_31410	ko:K02419
pazz:PBP221_31420	ko:K02420
pazz:PBP221_31430	ko:K02421
pazz:PBP221_31440	ko:K02397
pazz:PBP221_31450	ko:K02396
pazz:PBP221_31460	ko:K21087
pazz:PBP221_31470	ko:K02395
pazz:PBP221_31480	ko:K02394
pazz:PBP221_31490	ko:K02393
pazz:PBP221_31500	ko:K02392
pazz:PBP221_31510	ko:K02391
pazz:PBP221_31520	ko:K02390
pazz:PBP221_31530	ko:K02389
pazz:PBP221_31540	ko:K02388
pazz:PBP221_31550	ko:K02387
pazz:PBP221_31560	ko:K02386
pazz:PBP221_31570	ko:K02398
pazz:PBP221_31580	ko:K02399
pazz:PBP221_31590	ko:K02405
pazz:PBP221_31600	ko:K04562
pazz:PBP221_31610	ko:K02404
pazz:PBP221_31640	ko:K02400
pazz:PBP221_31650	ko:K02401
pazz:PBP221_31680	ko:K03414
pazz:PBP221_31690	ko:K03413
pazz:PBP221_31700	ko:K03412
pazz:PBP221_31710	ko:K03411
pazz:PBP221_31720	ko:K00575
pazz:PBP221_31730	ko:K05874
pazz:PBP221_31740	ko:K03408
pazz:PBP221_31750	ko:K03407
pazz:PBP221_31760	ko:K03413
pazz:PBP221_31770	ko:K02557
pazz:PBP221_31780	ko:K02556
pazz:PBP221_31790	ko:K02402
pazz:PBP221_31800	ko:K02403
pazz:PBP221_31820	ko:K03746
pazz:PBP221_31830	ko:K06188
pazz:PBP221_31850	ko:K28854
pazz:PBP221_31860	ko:K18676
pazz:PBP221_31870	ko:K01246
pazz:PBP221_31890	ko:K02970
pazz:PBP221_31910	ko:K02406
pazz:PBP221_31920	ko:K02407
pazz:PBP221_31930	ko:K02423
pazz:PBP221_31940	ko:K09667
pazz:PBP221_31950	ko:K09667
pazz:PBP221_31970	ko:K08678
pazz:PBP221_31980	ko:K09667
pazz:PBP221_32080	ko:K03656
pazz:PBP221_32120	ko:K00605
pazz:PBP221_32130	ko:K02437
pazz:PBP221_32140	ko:K00281
pazz:PBP221_32160	ko:K01752
pazz:PBP221_32170	ko:K01652
pazz:PBP221_32180	ko:K01999
pazz:PBP221_32190	ko:K13821
pazz:PBP221_32230	ko:K04066
pazz:PBP221_32240	ko:K01599
pazz:PBP221_32250	ko:K01713
pazz:PBP221_32260	ko:K00666
pazz:PBP221_32270	ko:K02114
pazz:PBP221_32280	ko:K02112
pazz:PBP221_32290	ko:K02115
pazz:PBP221_32300	ko:K02111
pazz:PBP221_32310	ko:K02113
pazz:PBP221_32320	ko:K02109
pazz:PBP221_32330	ko:K02110
pazz:PBP221_32340	ko:K02108
pazz:PBP221_32350	ko:K02116
pazz:PBP221_32370	ko:K03497
pazz:PBP221_32380	ko:K03496
pazz:PBP221_32390	ko:K03501
pazz:PBP221_32400	ko:K03495
pazz:PBP221_32410	ko:K01996
pazz:PBP221_32420	ko:K01995
pazz:PBP221_32420	ko:K01998
pazz:PBP221_32430	ko:K01997
pazz:PBP221_32440	ko:K01999
pazz:PBP221_32450	ko:K01999
pazz:PBP221_32460	ko:K01998
pazz:PBP221_32470	ko:K01997
pazz:PBP221_32480	ko:K01999
pazz:PBP221_32490	ko:K01996
pazz:PBP221_32500	ko:K01995
pazz:PBP221_32520	ko:K00140
pazz:PBP221_32550	ko:K03719
pazz:PBP221_32560	ko:K00500
pazz:PBP221_32570	ko:K01724
pazz:PBP221_32590	ko:K02483
pazz:PBP221_32610	ko:K07117
pazz:PBP221_32640	ko:K01951
pazz:PBP221_32660	ko:K06048
pazz:PBP221_32680	ko:K15461
pazz:PBP221_32690	ko:K03530
pazz:PBP221_32720	ko:K02453
pazz:PBP221_32730	ko:K02454
pazz:PBP221_32740	ko:K02455
pazz:PBP221_32750	ko:K02452
pazz:PBP221_32760	ko:K02456
pazz:PBP221_32770	ko:K02457
pazz:PBP221_32780	ko:K02458
pazz:PBP221_32790	ko:K02459
pazz:PBP221_32800	ko:K02460
pazz:PBP221_32810	ko:K02461
pazz:PBP221_32820	ko:K02462
pazz:PBP221_32830	ko:K02463
pazz:PBP221_32840	ko:K18139
pazz:PBP221_32870	ko:K03446
pazz:PBP221_32900	ko:K01919
pazz:PBP221_32910	ko:K01247
pazz:PBP221_32920	ko:K10778
pazz:PBP221_32960	ko:K05834
pazz:PBP221_33010	ko:K03650
pazz:PBP221_33030	ko:K03217
pazz:PBP221_33040	ko:K03536
pazz:PBP221_33050	ko:K02914
pazz:PBP221_33070	ko:K03497
pazz:PBP221_33080	ko:K03496
pazz:PBP221_33090	ko:K00537
pazz:PBP221_33100	ko:K15553
pazz:PBP221_33130	ko:K19784
pazz:PBP221_33170	ko:K03410
pazz:PBP221_33200	ko:K21678
pazz:PBP221_33210	ko:K21677
pazz:PBP221_33220	ko:K06045
pazz:PBP221_33250	ko:K04754
pazz:PBP221_33260	ko:K07003
pazz:PBP221_33270	ko:K07323
pazz:PBP221_33290	ko:K03527
pazz:PBP221_33330	ko:K00091
pazz:PBP221_33340	ko:K01512
pazz:PBP221_33350	ko:K18911
pazz:PBP221_33360	ko:K05786
pazz:PBP221_33380	ko:K10914
pazz:PBP221_33400	ko:K01173
pazz:PBP221_33430	ko:K00113
pazz:PBP221_33460	ko:K00375
pazz:PBP221_33490	ko:K00641
pazz:PBP221_33500	ko:K01626
pazz:PBP221_33510	ko:K03671
pazz:PBP221_33550	ko:K11904
pazz:PBP221_33570	ko:K07393
pazz:PBP221_33610	ko:K22895
pazz:PBP221_33640	ko:K04062
pazz:PBP221_33670	ko:K07032
pazz:PBP221_33790	ko:K06223
pazz:PBP221_33830	ko:K00558
pazz:PBP221_33890	ko:K00344
pazz:PBP221_33960	ko:K22704
pazz:PBP221_33980	ko:K03291
pazz:PBP221_34000	ko:K01297
pazz:PBP221_34010	ko:K06867
pazz:PBP221_34050	ko:K01434
pazz:PBP221_34110	ko:K07335
pazz:PBP221_34140	ko:K17285
pazz:PBP221_34160	ko:K02511
pazz:PBP221_34170	ko:K05712
pazz:PBP221_34200	ko:K04033
pazz:PBP221_34220	ko:K14057
pazz:PBP221_34230	ko:K10013
pazz:PBP221_34240	ko:K06987
pazz:PBP221_34250	ko:K07124
pazz:PBP221_34290	ko:K02557
pazz:PBP221_34300	ko:K02556
pazz:PBP221_34340	ko:K03412
pazz:PBP221_34350	ko:K00575
pazz:PBP221_34410	ko:K13875
pazz:PBP221_34420	ko:K13873
pazz:PBP221_34430	ko:K10537
pazz:PBP221_34440	ko:K10539
pazz:PBP221_34450	ko:K10538
pazz:PBP221_34460	ko:K11904
pazz:PBP221_34490	ko:K16203
pazz:PBP221_34510	ko:K13891
pazz:PBP221_34520	ko:K13890
pazz:PBP221_34530	ko:K13889
pazz:PBP221_34540	ko:K13892
pazz:PBP221_34550	ko:K13051
pazz:PBP221_34590	ko:K05710
pazz:PBP221_34670	ko:K01652
pazz:PBP221_34680	ko:K06989
pazz:PBP221_34710	ko:K00529
pazz:PBP221_34720	ko:K28762
pazz:PBP221_34730	ko:K16216
pazz:PBP221_34760	ko:K18313
pazz:PBP221_34770	ko:K01640
pazz:PBP221_34800	ko:K00830
pazz:PBP221_34850	ko:K07506
pazz:PBP221_34900	ko:K09927
pazz:PBP221_34920	ko:K00384
pazz:PBP221_34950	ko:K00567
pazz:PBP221_34960	ko:K03776
pazz:PBP221_34970	ko:K03285
pazz:PBP221_34990	ko:K01026
pazz:PBP221_35090	ko:K03746
pazz:PBP221_35100	ko:K10713
pazz:PBP221_35110	ko:K23107
pazz:PBP221_35120	ko:K00135
pazz:PBP221_35130	ko:K08368
pazz:PBP221_35140	ko:K07345
pazz:PBP221_35150	ko:K15540
pazz:PBP221_35160	ko:K07347
pazz:PBP221_35170	ko:K07345
pazz:PBP221_35180	ko:K02837
pazz:PBP221_35190	ko:K03566
pazz:PBP221_35200	ko:K09181
pazz:PBP221_35230	ko:K10439
pazz:PBP221_35240	ko:K02056
pazz:PBP221_35250	ko:K02057
pazz:PBP221_35270	ko:K16850
pazz:PBP221_35280	ko:K00064
pazz:PBP221_35290	ko:K07046
pazz:PBP221_35300	ko:K18335
pazz:PBP221_35310	ko:K18336
pazz:PBP221_35340	ko:K05874
pazz:PBP221_35360	ko:K07507
pazz:PBP221_35400	ko:K00074
pazz:PBP221_35420	ko:K05973
pazz:PBP221_35430	ko:K00799
pazz:PBP221_35440	ko:K03406
pazz:PBP221_35450	ko:K17686
pazz:PBP221_35480	ko:K06194
pazz:PBP221_35490	ko:K03642
pazz:PBP221_35500	ko:K00375
pazz:PBP221_35510	ko:K02052
pazz:PBP221_35520	ko:K02055
pazz:PBP221_35530	ko:K02054
pazz:PBP221_35540	ko:K02053
pazz:PBP221_35580	ko:K01992
pazz:PBP221_35590	ko:K01990
pazz:PBP221_35600	ko:K01993
pazz:PBP221_35620	ko:K07690
pazz:PBP221_35630	ko:K09005
pazz:PBP221_35660	ko:K10439
pazz:PBP221_35670	ko:K10441
pazz:PBP221_35680	ko:K10440
pazz:PBP221_35690	ko:K10440
pazz:PBP221_35710	ko:K27802
pazz:PBP221_35720	ko:K01720
pazz:PBP221_35740	ko:K01659
pazz:PBP221_35750	ko:K03417
pazz:PBP221_35760	ko:K01644
pazz:PBP221_35770	ko:K00024
pazz:PBP221_35780	ko:K03710
pazz:PBP221_35790	ko:K00241
pazz:PBP221_35800	ko:K00242
pazz:PBP221_35810	ko:K00239
pazz:PBP221_35820	ko:K00240
pazz:PBP221_35830	ko:K09159
pazz:PBP221_35840	ko:K01647
pazz:PBP221_35850	ko:K01703
pazz:PBP221_35860	ko:K16347
pazz:PBP221_35870	ko:K01704
pazz:PBP221_35880	ko:K00052
pazz:PBP221_35890	ko:K00133
pazz:PBP221_35900	ko:K08086
pazz:PBP221_35910	ko:K06173
pazz:PBP221_35920	ko:K01817
pazz:PBP221_35930	ko:K01696
pazz:PBP221_35940	ko:K00571
pazz:PBP221_35950	ko:K01695
pazz:PBP221_35960	ko:K01963
pazz:PBP221_35970	ko:K11754
pazz:PBP221_35980	ko:K03749
pazz:PBP221_35990	ko:K03558
pazz:PBP221_36000	ko:K00764
pazz:PBP221_36010	ko:K10764
pazz:PBP221_36030	ko:K03772
pazz:PBP221_36050	ko:K03699
pazz:PBP221_36060	ko:K06044
pazz:PBP221_36070	ko:K00705
pazz:PBP221_36080	ko:K01236
pazz:PBP221_36090	ko:K01214
pazz:PBP221_36100	ko:K00700
pazz:PBP221_36110	ko:K05343
pazz:PBP221_36120	ko:K16147
pazz:PBP221_36140	ko:K23274
pazz:PBP221_36150	ko:K19813
pazz:PBP221_36230	ko:K02019
pazz:PBP221_36240	ko:K02017
pazz:PBP221_36250	ko:K02018
pazz:PBP221_36260	ko:K02020
pazz:PBP221_36300	ko:K01669
pazz:PBP221_36310	ko:K04063
pazz:PBP221_36320	ko:K23775
pazz:PBP221_36340	ko:K02204
pazz:PBP221_36360	ko:K01241
pazz:PBP221_36370	ko:K07240
pazz:PBP221_36380	ko:K07240
pazz:PBP221_36390	ko:K03566
pazz:PBP221_36410	ko:K02335
pazz:PBP221_36420	ko:K03885
pazz:PBP221_36430	ko:K01061
pazz:PBP221_36440	ko:K01011
pazz:PBP221_36460	ko:K03602
pazz:PBP221_36470	ko:K00795
pazz:PBP221_36480	ko:K01662
pazz:PBP221_36490	ko:K09007
pazz:PBP221_36510	ko:K10823
pazz:PBP221_36520	ko:K15583
pazz:PBP221_36530	ko:K15582
pazz:PBP221_36540	ko:K15581
pazz:PBP221_36550	ko:K15580
pazz:PBP221_36570	ko:K03305
pazz:PBP221_36590	ko:K07483
pazz:PBP221_36600	ko:K00375
pazz:PBP221_36650	ko:K07395
pazz:PBP221_36670	ko:K07058
pazz:PBP221_36680	ko:K00123
pazz:PBP221_36690	ko:K00124
pazz:PBP221_36700	ko:K00127
pazz:PBP221_36710	ko:K02380
pazz:PBP221_36720	ko:K01042
pazz:PBP221_36730	ko:K03833
pazz:PBP221_36740	ko:K07240
pazz:PBP221_36790	ko:K07126
pazz:PBP221_36810	ko:K06158
pazz:PBP221_36820	ko:K05817
pazz:PBP221_36830	ko:K00433
pazz:PBP221_36950	ko:K02517
pazz:PBP221_36970	ko:K10038
pazz:PBP221_36980	ko:K10037
pazz:PBP221_36990	ko:K10036
pazz:PBP221_37030	ko:K18301
pazz:PBP221_37100	ko:K03781
pazz:PBP221_37130	ko:K27042
pazz:PBP221_37190	ko:K00285
pazz:PBP221_37200	ko:K01480
pazz:PBP221_37220	ko:K01999
pazz:PBP221_37240	ko:K00146
pazz:PBP221_37250	ko:K03457
pazz:PBP221_37260	ko:K00108
pazz:PBP221_37270	ko:K00033
pazz:PBP221_37320	ko:K15060
pazz:PBP221_37330	ko:K21607
pazz:PBP221_37340	ko:K08369
pazz:PBP221_37350	ko:K02484
pazz:PBP221_37470	ko:K10979
pazz:PBP221_37510	ko:K02073
pazz:PBP221_37520	ko:K02071
pazz:PBP221_37530	ko:K02072
pazz:PBP221_37550	ko:K18900
pazz:PBP221_37570	ko:K18901
pazz:PBP221_37580	ko:K18902
pazz:PBP221_37590	ko:K18903
pazz:PBP221_37600	ko:K16137
pazz:PBP221_37660	ko:K00135
pazz:PBP221_37670	ko:K27837
pazz:PBP221_37690	ko:K02020
pazz:PBP221_37700	ko:K10218
pazz:PBP221_37710	ko:K10220
pazz:PBP221_37720	ko:K04099
pazz:PBP221_37730	ko:K19784
pazz:PBP221_37740	ko:K28519
pazz:PBP221_37750	ko:K11475
pazz:PBP221_37770	ko:K01915
pazz:PBP221_37780	ko:K04755
pazz:PBP221_37790	ko:K00529
pazz:PBP221_37800	ko:K07010
pazz:PBP221_37820	ko:K08195
pazz:PBP221_37830	ko:K28520
pazz:PBP221_37860	ko:K02970
pazz:PBP221_37870	ko:K03704
pazz:PBP221_37920	ko:K00433
pazz:PBP221_37940	ko:K03321
pazz:PBP221_37960	ko:K07137
pazz:PBP221_38100	ko:K00384
pazz:PBP221_38170	ko:K16692
pazz:PBP221_38250	ko:K16011
pazz:PBP221_38300	ko:K01768
pazz:PBP221_38360	ko:K03446
pazz:PBP221_38370	ko:K03426
pazz:PBP221_38490	ko:K13877
pazz:PBP221_38550	ko:K02005
pazz:PBP221_38560	ko:K02003
pazz:PBP221_38570	ko:K02004
pazz:PBP221_38580	ko:K02004
pazz:PBP221_38610	ko:K00128
pazz:PBP221_38680	ko:K00799
pazz:PBP221_38700	ko:K06917
pazz:PBP221_38710	ko:K07168
pazz:PBP221_38720	ko:K02303
pazz:PBP221_38750	ko:K06145
pazz:PBP221_38760	ko:K22186
pazz:PBP221_38810	ko:K03086
pazz:PBP221_38840	ko:K00208
pazz:PBP221_38850	ko:K00925
pazz:PBP221_38860	ko:K00625
pazz:PBP221_38880	ko:K06446
pazz:PBP221_38910	ko:K07090
pazz:PBP221_39020	ko:K07507
pazz:PBP221_39040	ko:K03809
pazz:PBP221_39090	ko:K01673
pazz:PBP221_39160	ko:K02336
pazz:PBP221_39170	ko:K24119
pazz:PBP221_39180	ko:K03387
pazz:PBP221_39190	ko:K01999
pazz:PBP221_39200	ko:K03642
pazz:PBP221_39230	ko:K02297
pazz:PBP221_39240	ko:K02298
pazz:PBP221_39250	ko:K02299
pazz:PBP221_39260	ko:K02300
pazz:PBP221_39300	ko:K11904
pazz:PBP221_39350	ko:K02004
pazz:PBP221_39360	ko:K02003
pazz:PBP221_39380	ko:K07156
pazz:PBP221_39460	ko:K08177
pazz:PBP221_39490	ko:K01577
pazz:PBP221_39500	ko:K07749
pazz:PBP221_39530	ko:K07749
pazz:PBP221_39550	ko:K00077
pazz:PBP221_39620	ko:K03285
pazz:PBP221_39650	ko:K15553
pazz:PBP221_39660	ko:K15555
pazz:PBP221_39670	ko:K15554
pazz:PBP221_39780	ko:K07577
pazz:PBP221_39800	ko:K03781
pazz:PBP221_39850	ko:K00128
pazz:PBP221_39860	ko:K00217
pazz:PBP221_39870	ko:K04098
pazz:PBP221_39890	ko:K01990
pazz:PBP221_39900	ko:K01992
pazz:PBP221_39960	ko:K01902
pazz:PBP221_39970	ko:K01903
pazz:PBP221_39980	ko:K07749
pazz:PBP221_39990	ko:K00325
pazz:PBP221_40010	ko:K21703
pazz:PBP221_40020	ko:K08177
pazz:PBP221_40040	ko:K00128
pazz:PBP221_40050	ko:K05834
pazz:PBP221_40140	ko:K00285
pazz:PBP221_40190	ko:K07006
pazz:PBP221_40210	ko:K00033
pazz:PBP221_40260	ko:K06194
pazz:PBP221_40300	ko:K03549
pazz:PBP221_40310	ko:K01721
pazz:PBP221_40320	ko:K20807
pazz:PBP221_40360	ko:K07141
pazz:PBP221_40370	ko:K11177
pazz:PBP221_40380	ko:K11178
pazz:PBP221_40390	ko:K13483
pazz:PBP221_40400	ko:K00609
pazz:PBP221_40420	ko:K01714
pazz:PBP221_40460	ko:K21023
pazz:PBP221_40480	ko:K13633
pazz:PBP221_40490	ko:K15790
pazz:PBP221_40500	ko:K02002
pazz:PBP221_40510	ko:K03554
pazz:PBP221_40530	ko:K10001
pazz:PBP221_40680	ko:K00040
pazz:PBP221_40690	ko:K08323
pazz:PBP221_40710	ko:K00098
pazz:PBP221_40720	ko:K08191
pazz:PBP221_40740	ko:K00688
pazz:PBP221_40750	ko:K03594
pazz:PBP221_40760	ko:K02529
pazz:PBP221_40770	ko:K02027
pazz:PBP221_40780	ko:K02025
pazz:PBP221_40790	ko:K02026
pazz:PBP221_40810	ko:K10112
pazz:PBP221_40820	ko:K10112
pazz:PBP221_40830	ko:K05879
pazz:PBP221_40840	ko:K05878
pazz:PBP221_40850	ko:K02055
pazz:PBP221_40860	ko:K02054
pazz:PBP221_40870	ko:K02053
pazz:PBP221_40880	ko:K02052
pazz:PBP221_40900	ko:K00574
pazz:PBP221_40910	ko:K03098
pazz:PBP221_40920	ko:K00574
pazz:PBP221_40930	ko:K09701
pazz:PBP221_40940	ko:K06954
pazz:PBP221_40980	ko:K01167
pazz:PBP221_41000	ko:K21826
pazz:PBP221_41010	ko:K08688
pazz:PBP221_41020	ko:K00600
pazz:PBP221_41030	ko:K01470
pazz:PBP221_41050	ko:K03762
pazz:PBP221_41120	ko:K07665
pazz:PBP221_41130	ko:K07644
pazz:PBP221_41140	ko:K03285
pazz:PBP221_41150	ko:K07274
pazz:PBP221_41170	ko:K07644
pazz:PBP221_41180	ko:K26148
pazz:PBP221_41190	ko:K10439
pazz:PBP221_41200	ko:K10440
pazz:PBP221_41210	ko:K10441
pazz:PBP221_41230	ko:K02483
pazz:PBP221_41240	ko:K00344
pazz:PBP221_41280	ko:K02483
pazz:PBP221_41300	ko:K00384
pazz:PBP221_41370	ko:K01426
pazz:PBP221_41390	ko:K00128
pazz:PBP221_41440	ko:K01687
pazz:PBP221_41480	ko:K15553
pazz:PBP221_41490	ko:K02073
pazz:PBP221_41520	ko:K07638
pazz:PBP221_41540	ko:K00249
pazz:PBP221_41600	ko:K03719
pazz:PBP221_41620	ko:K06938
pazz:PBP221_41630	ko:K09771
pazz:PBP221_41640	ko:K09983
pazz:PBP221_41650	ko:K08677
pazz:PBP221_41700	ko:K01916
pazz:PBP221_41740	ko:K02444
pazz:PBP221_41750	ko:K03430
pazz:PBP221_41760	ko:K11081
pazz:PBP221_41770	ko:K11084
pazz:PBP221_41780	ko:K11083
pazz:PBP221_41790	ko:K11082
pazz:PBP221_41810	ko:K19670
pazz:PBP221_41820	ko:K00206
pazz:PBP221_41870	ko:K18118
pazz:PBP221_41880	ko:K07098
pazz:PBP221_41900	ko:K09019
pazz:PBP221_41920	ko:K13935
pazz:PBP221_41930	ko:K13934
pazz:PBP221_41940	ko:K13933
pazz:PBP221_41950	ko:K13932
pazz:PBP221_41960	ko:K13931
pazz:PBP221_41970	ko:K13930
pazz:PBP221_41980	ko:K13929
pazz:PBP221_42020	ko:K07483
pazz:PBP221_42060	ko:K00675
pazz:PBP221_42080	ko:K00156
pazz:PBP221_42120	ko:K10018
pazz:PBP221_42130	ko:K10020
pazz:PBP221_42140	ko:K10019
pazz:PBP221_42150	ko:K10021
pazz:PBP221_42160	ko:K01745
pazz:PBP221_42170	ko:K05836
pazz:PBP221_42190	ko:K05836
pazz:PBP221_42200	ko:K02028
pazz:PBP221_42210	ko:K02029
pazz:PBP221_42220	ko:K02029
pazz:PBP221_42230	ko:K02030
pazz:PBP221_42260	ko:K03333
pazz:PBP221_42320	ko:K00426
pazz:PBP221_42330	ko:K00425
pazz:PBP221_42340	ko:K01821
pazz:PBP221_42360	ko:K08717
pazz:PBP221_42370	ko:K09957
pazz:PBP221_42460	ko:K23777
pazz:PBP221_42470	ko:K03543
pazz:PBP221_42480	ko:K03446
pazz:PBP221_42500	ko:K07080
pazz:PBP221_42550	ko:K09823
pazz:PBP221_42560	ko:K11209
pazz:PBP221_42570	ko:K00799
pazz:PBP221_42640	ko:K11896
pazz:PBP221_42650	ko:K11895
pazz:PBP221_42680	ko:K11904
pazz:PBP221_42710	ko:K01777
pazz:PBP221_42720	ko:K19743
pazz:PBP221_42730	ko:K00036
pazz:PBP221_42770	ko:K01752
pazz:PBP221_42780	ko:K00303
pazz:PBP221_42790	ko:K00304
pazz:PBP221_42800	ko:K00302
pazz:PBP221_42810	ko:K00305
pazz:PBP221_42820	ko:K01633
pazz:PBP221_42840	ko:K18900
pazz:PBP221_42850	ko:K13979
pazz:PBP221_42930	ko:K00433
pazz:PBP221_43030	ko:K28762
pazz:PBP221_43040	ko:K00108
pazz:PBP221_43050	ko:K00130
pazz:PBP221_43060	ko:K02167
pazz:PBP221_43070	ko:K00148
pazz:PBP221_43090	ko:K00525
pazz:PBP221_43100	ko:K21826
pazz:PBP221_43110	ko:K00600
pazz:PBP221_43120	ko:K01273
pazz:PBP221_43140	ko:K21833
pazz:PBP221_43150	ko:K21834
pazz:PBP221_43160	ko:K25960
pazz:PBP221_43170	ko:K25961
pazz:PBP221_43180	ko:K00479
pazz:PBP221_43190	ko:K21832
pazz:PBP221_43200	ko:K02002
pazz:PBP221_43220	ko:K01433
pazz:PBP221_43240	ko:K01133
pazz:PBP221_43250	ko:K02002
pazz:PBP221_43260	ko:K08720
pazz:PBP221_43270	ko:K17736
pazz:PBP221_43280	ko:K02002
pazz:PBP221_43290	ko:K27837
pazz:PBP221_43300	ko:K17735
pazz:PBP221_43310	ko:K27492
pazz:PBP221_43360	ko:K01991
pazz:PBP221_43370	ko:K25307
pazz:PBP221_43380	ko:K16692
pazz:PBP221_43500	ko:K06194
pazz:PBP221_43560	ko:K00694
pazz:PBP221_43570	ko:K20541
pazz:PBP221_43580	ko:K20542
pazz:PBP221_43590	ko:K20543
pazz:PBP221_43600	ko:K07302
pazz:PBP221_43610	ko:K07303
pazz:PBP221_43620	ko:K06150
pazz:PBP221_43640	ko:K02029
pazz:PBP221_43650	ko:K02029
pazz:PBP221_43660	ko:K02030
pazz:PBP221_43670	ko:K03566
pazz:PBP221_43680	ko:K07300
pazz:PBP221_43700	ko:K03652
pazz:PBP221_43730	ko:K01497
pazz:PBP221_43750	ko:K07506
pazz:PBP221_43770	ko:K02444
pazz:PBP221_43790	ko:K04719
pazz:PBP221_43800	ko:K02224
pazz:PBP221_43810	ko:K19221
pazz:PBP221_43820	ko:K02189
pazz:PBP221_43830	ko:K02303
pazz:PBP221_43850	ko:K02234
pazz:PBP221_43860	ko:K02230
pazz:PBP221_43870	ko:K03405
pazz:PBP221_43880	ko:K13580
pazz:PBP221_43890	ko:K21449
pazz:PBP221_43900	ko:K03286
pazz:PBP221_43920	ko:K13541
pazz:PBP221_43930	ko:K03394
pazz:PBP221_43940	ko:K06042
pazz:PBP221_43950	ko:K02229
pazz:PBP221_43960	ko:K00595
pazz:PBP221_43970	ko:K02188
pazz:PBP221_43980	ko:K05895
pazz:PBP221_43990	ko:K05936
pazz:PBP221_44000	ko:K03307
pazz:PBP221_44020	ko:K05595
pazz:PBP221_44050	ko:K01884
pazz:PBP221_44060	ko:K05835
pazz:PBP221_44090	ko:K08191
pazz:PBP221_44100	ko:K01187
pazz:PBP221_44150	ko:K02346
pazz:PBP221_44180	ko:K02040
pazz:PBP221_44200	ko:K03406
pazz:PBP221_44230	ko:K22303
pazz:PBP221_44280	ko:K02484
pazz:PBP221_44290	ko:K02483
pazz:PBP221_44330	ko:K03566
pazz:PBP221_44450	ko:K01142
pazz:PBP221_44490	ko:K03574
pazz:PBP221_44510	ko:K07154
pazz:PBP221_44520	ko:K15773
pazz:PBP221_44530	ko:K01114
pazz:PBP221_44540	ko:K07001
pazz:PBP221_44550	ko:K00019
pazz:PBP221_44560	ko:K01574
pazz:PBP221_44580	ko:K05835
pazz:PBP221_44620	ko:K03717
pazz:PBP221_44640	ko:K09981
pazz:PBP221_44650	ko:K23508
pazz:PBP221_44660	ko:K10820
pazz:PBP221_44670	ko:K23509
pazz:PBP221_44680	ko:K23509
pazz:PBP221_44770	ko:K22468
pazz:PBP221_44780	ko:K06192
pazz:PBP221_44790	ko:K18139
pazz:PBP221_44800	ko:K18138
pazz:PBP221_44810	ko:K03585
pazz:PBP221_44830	ko:K03321
pazz:PBP221_44850	ko:K01940
pazz:PBP221_44870	ko:K01621
pazz:PBP221_44890	ko:K03696
pazz:PBP221_44910	ko:K07497
pazz:PBP221_44920	ko:K07483
pazz:PBP221_44940	ko:K00661
pazz:PBP221_44960	ko:K03781
pazz:PBP221_45040	ko:K01501
pazz:PBP221_45050	ko:K01673
pazz:PBP221_45080	ko:K03380
pazz:PBP221_45090	ko:K00852
pazz:PBP221_45100	ko:K06726
pazz:PBP221_45110	ko:K10441
pazz:PBP221_45120	ko:K10440
pazz:PBP221_45130	ko:K10439
pazz:PBP221_45140	ko:K03484
pazz:PBP221_45170	ko:K17763
pazz:PBP221_45210	ko:K10713
pazz:PBP221_45220	ko:K07223
pazz:PBP221_45240	ko:K03576
pazz:PBP221_45250	ko:K00549
pazz:PBP221_45260	ko:K00122
pazz:PBP221_45290	ko:K02019
pazz:PBP221_45340	ko:K01426
pazz:PBP221_45360	ko:K26064
pazz:PBP221_45380	ko:K06075
pazz:PBP221_45450	ko:K00031
pazz:PBP221_45460	ko:K13985
pazz:PBP221_45490	ko:K00799
pazz:PBP221_45520	ko:K00801
pazz:PBP221_45530	ko:K06147
pazz:PBP221_45540	ko:K17989
pazz:PBP221_45560	ko:K00077
pazz:PBP221_45580	ko:K00832
pazz:PBP221_45600	ko:K03304
pazz:PBP221_45650	ko:K00135
pazz:PBP221_45670	ko:K02529
pazz:PBP221_45680	ko:K10112
pazz:PBP221_45690	ko:K17317
pazz:PBP221_45700	ko:K17316
pazz:PBP221_45710	ko:K17315
pazz:PBP221_45720	ko:K05350
pazz:PBP221_45770	ko:K02055
pazz:PBP221_45800	ko:K07305
pazz:PBP221_45820	ko:K07304
pazz:PBP221_45840	ko:K09022
pazz:PBP221_45860	ko:K19736
pazz:PBP221_45920	ko:K01115
pazz:PBP221_45970	ko:K21929
pazz:PBP221_46000	ko:K01505
pazz:PBP221_46030	ko:K01816
pazz:PBP221_46040	ko:K08191
pazz:PBP221_46050	ko:K18981
pazz:PBP221_46060	ko:K02510
pazz:PBP221_46180	ko:K13487
pazz:PBP221_46190	ko:K13488
pazz:PBP221_46200	ko:K13486
pazz:PBP221_46210	ko:K13489
pazz:PBP221_46220	ko:K13490
pazz:PBP221_46230	ko:K13491
pazz:PBP221_46240	ko:K11444
pazz:PBP221_46250	ko:K07234
pazz:PBP221_46260	ko:K06145
pazz:PBP221_46310	ko:K16074
pazz:PBP221_46320	ko:K00059
pazz:PBP221_46340	ko:K03406
pazz:PBP221_46360	ko:K18928
pazz:PBP221_46370	ko:K00782
pazz:PBP221_46380	ko:K18929
pazz:PBP221_46390	ko:K03303
pazz:PBP221_46400	ko:K03566
pazz:PBP221_46420	ko:K07336
pazz:PBP221_46430	ko:K16090
pazz:PBP221_46440	ko:K17321
pazz:PBP221_46460	ko:K17323
pazz:PBP221_46470	ko:K17322
pazz:PBP221_46480	ko:K17325
pazz:PBP221_46490	ko:K17324
pazz:PBP221_46540	ko:K02019
pazz:PBP221_46560	ko:K02019
pazz:PBP221_46580	ko:K09915
pazz:PBP221_46610	ko:K06194
pazz:PBP221_46620	ko:K03676
pazz:PBP221_46640	ko:K18991
pazz:PBP221_46650	ko:K00382
pazz:PBP221_46660	ko:K21757
pazz:PBP221_46670	ko:K05549
pazz:PBP221_46680	ko:K05550
pazz:PBP221_46690	ko:K05784
pazz:PBP221_46700	ko:K05783
pazz:PBP221_46740	ko:K00375
pazz:PBP221_46800	ko:K01114
pazz:PBP221_46820	ko:K01779
pazz:PBP221_46850	ko:K00703
pazz:PBP221_46860	ko:K01214
pazz:PBP221_46870	ko:K11354
pazz:PBP221_46940	ko:K00472
pazz:PBP221_46960	ko:K07001
pazz:PBP221_46990	ko:K12513
pazz:PBP221_47000	ko:K12511
pazz:PBP221_47010	ko:K12510
pazz:PBP221_47020	ko:K02283
pazz:PBP221_47030	ko:K02282
pazz:PBP221_47050	ko:K02280
pazz:PBP221_47060	ko:K02279
pazz:PBP221_47080	ko:K02278
pazz:PBP221_47090	ko:K02651
pazz:PBP221_47100	ko:K02651
pazz:PBP221_47110	ko:K02651
pazz:PBP221_47150	ko:K22044
pazz:PBP221_47170	ko:K10844
pazz:PBP221_47210	ko:K11904
pazz:PBP221_47230	ko:K01939
pazz:PBP221_47240	ko:K03566
pazz:PBP221_47250	ko:K01286
pazz:PBP221_47260	ko:K01286
pazz:PBP221_47290	ko:K00384
pazz:PBP221_47380	ko:K03092
pazz:PBP221_47430	ko:K08995
pazz:PBP221_47440	ko:K05520
pazz:PBP221_47450	ko:K03168
pazz:PBP221_47530	ko:K24160
pazz:PBP221_47540	ko:K21006
pazz:PBP221_47550	ko:K21007
pazz:PBP221_47560	ko:K21008
pazz:PBP221_47570	ko:K21009
pazz:PBP221_47580	ko:K21010
pazz:PBP221_47590	ko:K21011
pazz:PBP221_47600	ko:K21012
pazz:PBP221_47620	ko:K03724
pazz:PBP221_47630	ko:K01194
pazz:PBP221_47640	ko:K14051
pazz:PBP221_47650	ko:K13816
pazz:PBP221_47660	ko:K13574
pazz:PBP221_47710	ko:K11741
pazz:PBP221_47760	ko:K08323
pazz:PBP221_47780	ko:K00046
pazz:PBP221_47980	ko:K22186
pazz:PBP221_47990	ko:K01845
pazz:PBP221_48000	ko:K01999
pazz:PBP221_48050	ko:K07003
pazz:PBP221_48100	ko:K00064
pazz:PBP221_48150	ko:K07493
pazz:PBP221_48210	ko:K18139
pazz:PBP221_48300	ko:K00064
pazz:PBP221_48340	ko:K00425
pazz:PBP221_48350	ko:K00426
pazz:PBP221_48390	ko:K00384
pazz:PBP221_48400	ko:K13953
pazz:PBP221_48450	ko:K13877
pazz:PBP221_48460	ko:K00059
pazz:PBP221_48470	ko:K29125
pazz:PBP221_48490	ko:K00043
pazz:PBP221_48530	ko:K01682
pazz:PBP221_48580	ko:K01640
pazz:PBP221_48610	ko:K01692
pazz:PBP221_48620	ko:K00666
pazz:PBP221_48640	ko:K02371
pazz:PBP221_48670	ko:K03285
pazz:PBP221_48740	ko:K11745
pazz:PBP221_48770	ko:K18904
pazz:PBP221_48800	ko:K00002
pazz:PBP221_48810	ko:K06048
pazz:PBP221_48840	ko:K22044
pazz:PBP221_48900	ko:K09969
pazz:PBP221_48940	ko:K00926
pazz:PBP221_48950	ko:K00611
pazz:PBP221_48960	ko:K01478
pazz:PBP221_48980	ko:K01581
pazz:PBP221_48990	ko:K03756
pazz:PBP221_49000	ko:K01584
pazz:PBP221_49020	ko:K26148
pazz:PBP221_49060	ko:K20034
pazz:PBP221_49070	ko:K05710
pazz:PBP221_49080	ko:K07002
pazz:PBP221_49100	ko:K00344
pazz:PBP221_49140	ko:K17865
pazz:PBP221_49150	ko:K03821
pazz:PBP221_49160	ko:K06147
pazz:PBP221_49230	ko:K04063
pazz:PBP221_49250	ko:K01607
pazz:PBP221_49300	ko:K00666
pazz:PBP221_49340	ko:K07232
pazz:PBP221_49350	ko:K18900
pazz:PBP221_49360	ko:K18901
pazz:PBP221_49370	ko:K18902
pazz:PBP221_49380	ko:K18903
pazz:PBP221_49420	ko:K00799
pazz:PBP221_49490	ko:K05835
pazz:PBP221_49500	ko:K03285
pazz:PBP221_49510	ko:K22879
pazz:PBP221_49520	ko:K24116
pazz:PBP221_49550	ko:K02073
pazz:PBP221_49570	ko:K16137
pazz:PBP221_49580	ko:K00666
pazz:PBP221_49610	ko:K01647
pazz:PBP221_49640	ko:K03569
pazz:PBP221_49650	ko:K06999
pazz:PBP221_49660	ko:K03446
pazz:PBP221_49720	ko:K11177
pazz:PBP221_49730	ko:K11178
pazz:PBP221_49740	ko:K13483
pazz:PBP221_49780	ko:K00020
pazz:PBP221_49790	ko:K00140
pazz:PBP221_49800	ko:K01895
pazz:PBP221_49830	ko:K07403
pazz:PBP221_49860	ko:K06901
pazz:PBP221_49890	ko:K21405
pazz:PBP221_49900	ko:K22736
pazz:PBP221_49930	ko:K21829
pazz:PBP221_49950	ko:K10013
pazz:PBP221_49960	ko:K26064
pazz:PBP221_49970	ko:K05874
pazz:PBP221_49980	ko:K13936
pazz:PBP221_50060	ko:K02518
pazz:PBP221_50080	ko:K03449
pazz:PBP221_50090	ko:K07183
pazz:PBP221_50100	ko:K22067
pazz:PBP221_50120	ko:K02002
pazz:PBP221_50130	ko:K21826
pazz:PBP221_50140	ko:K02001
pazz:PBP221_50150	ko:K02000
pazz:PBP221_50160	ko:K13875
pazz:PBP221_50170	ko:K13876
pazz:PBP221_50190	ko:K12340
pazz:PBP221_50200	ko:K13409
pazz:PBP221_50210	ko:K13408
pazz:PBP221_50240	ko:K07687
pazz:PBP221_50250	ko:K10559
pazz:PBP221_50260	ko:K10561
pazz:PBP221_50270	ko:K10560
pazz:PBP221_50280	ko:K10562
pazz:PBP221_50300	ko:K03534
pazz:PBP221_50320	ko:K18337
pazz:PBP221_50330	ko:K12661
pazz:PBP221_50340	ko:K26580
pazz:PBP221_50350	ko:K21883
pazz:PBP221_50370	ko:K00299
pazz:PBP221_50400	ko:K21801
pazz:PBP221_50410	ko:K01521
pazz:PBP221_50450	ko:K01968
pazz:PBP221_50460	ko:K13766
pazz:PBP221_50470	ko:K01969
pazz:PBP221_50480	ko:K00253
pazz:PBP221_50570	ko:K09472
pazz:PBP221_50590	ko:K07010
pazz:PBP221_50600	ko:K01915
pazz:PBP221_50610	ko:K12256
pazz:PBP221_50620	ko:K11073
pazz:PBP221_50630	ko:K11076
pazz:PBP221_50640	ko:K11075
pazz:PBP221_50650	ko:K11074
pazz:PBP221_50670	ko:K09471
pazz:PBP221_50700	ko:K08369
pazz:PBP221_50710	ko:K03321
pazz:PBP221_50750	ko:K06934
pazz:PBP221_50760	ko:K01623
pazz:PBP221_50850	ko:K03413
pazz:PBP221_50880	ko:K03407
pazz:PBP221_50900	ko:K10552
pazz:PBP221_50910	ko:K10553
pazz:PBP221_50920	ko:K10554
pazz:PBP221_50950	ko:K09471
pazz:PBP221_51010	ko:K22549
pazz:PBP221_51020	ko:K22550
pazz:PBP221_51030	ko:K21061
pazz:PBP221_51040	ko:K12658
pazz:PBP221_51050	ko:K21062
pazz:PBP221_51070	ko:K03762
pazz:PBP221_51080	ko:K08166
pazz:PBP221_51100	ko:K15977
pazz:PBP221_51110	ko:K11534
pazz:PBP221_51120	ko:K02057
pazz:PBP221_51130	ko:K02056
pazz:PBP221_51140	ko:K02058
pazz:PBP221_51150	ko:K02057
pazz:PBP221_51160	ko:K00852
pazz:PBP221_51170	ko:K02431
pazz:PBP221_51180	ko:K00128
pazz:PBP221_51190	ko:K01619
pazz:PBP221_51200	ko:K13993
pazz:PBP221_51290	ko:K09990
pazz:PBP221_51300	ko:K07112
pazz:PBP221_51310	ko:K02403
pazz:PBP221_51320	ko:K02402
pazz:PBP221_51330	ko:K03322
pazz:PBP221_51340	ko:K18903
pazz:PBP221_51350	ko:K18902
pazz:PBP221_51360	ko:K18901
pazz:PBP221_51380	ko:K18900
pazz:PBP221_51420	ko:K01008
pazz:PBP221_51430	ko:K15371
pazz:PBP221_51460	ko:K06992
pazz:PBP221_51520	ko:K02041
pazz:PBP221_51530	ko:K02044
pazz:PBP221_51540	ko:K02042
pazz:PBP221_51550	ko:K07483
pazz:PBP221_51580	ko:K00375
pazz:PBP221_51590	ko:K00823
pazz:PBP221_51600	ko:K00135
pazz:PBP221_51610	ko:K03644
pazz:PBP221_51620	ko:K00627
pazz:PBP221_51630	ko:K21417
pazz:PBP221_51640	ko:K21416
pazz:PBP221_51660	ko:K21405
pazz:PBP221_51700	ko:K07823
pazz:PBP221_51710	ko:K02624
pazz:PBP221_51720	ko:K01451
pazz:PBP221_51730	ko:K05774
pazz:PBP221_51750	ko:K02043
pazz:PBP221_51760	ko:K06166
pazz:PBP221_51770	ko:K06165
pazz:PBP221_51780	ko:K06164
pazz:PBP221_51790	ko:K06163
pazz:PBP221_51800	ko:K05781
pazz:PBP221_51810	ko:K05780
pazz:PBP221_51820	ko:K06162
pazz:PBP221_51830	ko:K10013
pazz:PBP221_51840	ko:K06987
pazz:PBP221_51900	ko:K22589
pazz:PBP221_51940	ko:K01673
pazz:PBP221_51980	ko:K00688
pazz:PBP221_52000	ko:K08169
pazz:PBP221_52010	ko:K01620
pazz:PBP221_52030	ko:K02030
pazz:PBP221_52050	ko:K08195
pazz:PBP221_52060	ko:K08177
pazz:PBP221_52090	ko:K16256
pazz:PBP221_52100	ko:K16257
pazz:PBP221_52110	ko:K16258
pazz:PBP221_52120	ko:K16259
pazz:PBP221_52180	ko:K05879
pazz:PBP221_52190	ko:K05878
pazz:PBP221_52200	ko:K10440
pazz:PBP221_52210	ko:K10441
pazz:PBP221_52220	ko:K10439
pazz:PBP221_52230	ko:K01628
pazz:PBP221_52240	ko:K08963
pazz:PBP221_52250	ko:K00899
pazz:PBP221_52260	ko:K03710
pazz:PBP221_52270	ko:K18910
pazz:PBP221_52280	ko:K10111
pazz:PBP221_52290	ko:K02027
pazz:PBP221_52300	ko:K02025
pazz:PBP221_52310	ko:K02026
pazz:PBP221_52340	ko:K05351
pazz:PBP221_52350	ko:K23271
pazz:PBP221_52370	ko:K00375
pazz:PBP221_52380	ko:K07734
pazz:PBP221_52420	ko:K01768
pazz:PBP221_52450	ko:K01118
pazz:PBP221_52550	ko:K15229
pazz:PBP221_52580	ko:K15228
pazz:PBP221_52610	ko:K00146
pazz:PBP221_52630	ko:K07483
pazz:PBP221_52640	ko:K07497
pazz:PBP221_52650	ko:K03430
pazz:PBP221_52660	ko:K09459
pazz:PBP221_52670	ko:K01841
pazz:PBP221_52700	ko:K03406
pazz:PBP221_52710	ko:K03587
pazz:PBP221_52790	ko:K11004
pazz:PBP221_52810	ko:K11003
pazz:PBP221_52830	ko:K18139
pazz:PBP221_53040	ko:K01684
pazz:PBP221_53050	ko:K26602
pazz:PBP221_53060	ko:K07248
pazz:PBP221_53100	ko:K12979
pazz:PBP221_53110	ko:K18968
pazz:PBP221_53120	ko:K03566
pazz:PBP221_53130	ko:K03306
pazz:PBP221_53140	ko:K22468
pazz:PBP221_53160	ko:K00681
pazz:PBP221_53170	ko:K15785
pazz:PBP221_53180	ko:K15786
pazz:PBP221_53190	ko:K15782
pazz:PBP221_53200	ko:K15784
pazz:PBP221_53210	ko:K15783
pazz:PBP221_53230	ko:K01754
pazz:PBP221_53260	ko:K02030
pazz:PBP221_53270	ko:K02029
pazz:PBP221_53280	ko:K02029
pazz:PBP221_53290	ko:K02028
pazz:PBP221_53360	ko:K02503
pazz:PBP221_53380	ko:K03285
pazz:PBP221_53420	ko:K03310
pazz:PBP221_53440	ko:K26061
pazz:PBP221_53470	ko:K00457
pazz:PBP221_53480	ko:K02623
pazz:PBP221_53490	ko:K00449
pazz:PBP221_53500	ko:K00448
pazz:PBP221_53520	ko:K03746
pazz:PBP221_53530	ko:K20034
pazz:PBP221_53580	ko:K05366
pazz:PBP221_53590	ko:K03307
pazz:PBP221_53620	ko:K06911
pazz:PBP221_53630	ko:K15977
pazz:PBP221_53670	ko:K05710
pazz:PBP221_53680	ko:K00529
pazz:PBP221_53700	ko:K02529
pazz:PBP221_53720	ko:K18900
pazz:PBP221_53800	ko:K00799
pazz:PBP221_53820	ko:K01574
pazz:PBP221_53830	ko:K00077
pazz:PBP221_53900	ko:K04744
pazz:PBP221_53930	ko:K07277
pazz:PBP221_53940	ko:K07659
pazz:PBP221_53950	ko:K07642
pazz:PBP221_53960	ko:K07664
pazz:PBP221_53970	ko:K03746
pazz:PBP221_54010	ko:K20035
pazz:PBP221_54030	ko:K03086
pazz:PBP221_54050	ko:K02316
pazz:PBP221_54060	ko:K09117
pazz:PBP221_54070	ko:K02970
pazz:PBP221_54090	ko:K25706
pazz:PBP221_54110	ko:K00077
pazz:PBP221_54120	ko:K00626
pazz:PBP221_54140	ko:K03446
pazz:PBP221_54150	ko:K03543
pazz:PBP221_54230	ko:K07168
pazz:PBP221_54250	ko:K03281
pazz:PBP221_54260	ko:K08995
pazz:PBP221_54280	ko:K03088
pazz:PBP221_54300	ko:K07006
pazz:PBP221_54310	ko:K00799
pazz:PBP221_54370	ko:K01759
pazz:PBP221_54450	ko:K00822
pazz:PBP221_54480	ko:K01999
pazz:PBP221_54490	ko:K01996
pazz:PBP221_54500	ko:K01995
pazz:PBP221_54510	ko:K01997
pazz:PBP221_54510	ko:K01998
pazz:PBP221_54520	ko:K01607
pazz:PBP221_54530	ko:K01055
pazz:PBP221_54540	ko:K01857
pazz:PBP221_54550	ko:K01032
pazz:PBP221_54560	ko:K01031
pazz:PBP221_54570	ko:K00481
pazz:PBP221_54590	ko:K01495
pazz:PBP221_54620	ko:K00640
pazz:PBP221_54670	ko:K02053
pazz:PBP221_54680	ko:K02054
pazz:PBP221_54690	ko:K02052
pazz:PBP221_54700	ko:K02055
pazz:PBP221_54710	ko:K01053
pazz:PBP221_54720	ko:K13877
pazz:PBP221_54730	ko:K18304
pazz:PBP221_54750	ko:K13060
pazz:PBP221_54790	ko:K01420
pazz:PBP221_54840	ko:K03717
pazz:PBP221_54880	ko:K02510
pazz:PBP221_54900	ko:K26399
pazz:PBP221_54910	ko:K06145
pazz:PBP221_54920	ko:K01744
pazz:PBP221_54930	ko:K01779
pazz:PBP221_54950	ko:K21645
pazz:PBP221_54960	ko:K01424
pazz:PBP221_54990	ko:K20807
pazz:PBP221_55000	ko:K01721
pazz:PBP221_55060	ko:K22025
pazz:PBP221_55070	ko:K22131
pazz:PBP221_55090	ko:K22130
pazz:PBP221_55100	ko:K21948
pazz:PBP221_55110	ko:K08319
pazz:PBP221_55140	ko:K07085
pazz:PBP221_55150	ko:K07665
pazz:PBP221_55160	ko:K07644
pazz:PBP221_55170	ko:K02484
pazz:PBP221_55180	ko:K02483
pazz:PBP221_55190	ko:K03711
pazz:PBP221_55210	ko:K02297
pazz:PBP221_55220	ko:K02298
pazz:PBP221_55230	ko:K02299
pazz:PBP221_55240	ko:K02300
pazz:PBP221_55260	ko:K00342
pazz:PBP221_55280	ko:K06016
pazz:PBP221_55310	ko:K02051
pazz:PBP221_55320	ko:K02050
pazz:PBP221_55330	ko:K02049
pazz:PBP221_55340	ko:K28692
pazz:PBP221_55350	ko:K28693
pazz:PBP221_55360	ko:K01941
pazz:PBP221_55370	ko:K01457
pazz:PBP221_55390	ko:K06077
pazz:PBP221_55480	ko:K03741
pazz:PBP221_55490	ko:K03772
pazz:PBP221_55530	ko:K03406
pazz:PBP221_55560	ko:K06132
pazz:PBP221_55600	ko:K07090
pazz:PBP221_55640	ko:K08968
pazz:PBP221_55660	ko:K03781
pazz:PBP221_55680	ko:K08641
pazz:PBP221_55690	ko:K02035
pazz:PBP221_55700	ko:K02033
pazz:PBP221_55710	ko:K02034
pazz:PBP221_55720	ko:K02031
pazz:PBP221_55730	ko:K02032
pazz:PBP221_55740	ko:K08195
pazz:PBP221_55780	ko:K18954
pazz:PBP221_55790	ko:K00481
pazz:PBP221_55810	ko:K07302
pazz:PBP221_55820	ko:K07303
pazz:PBP221_55840	ko:K14205
pazz:PBP221_55860	ko:K03446
pazz:PBP221_55870	ko:K03543
pazz:PBP221_55880	ko:K18139
pazz:PBP221_55910	ko:K12266
pazz:PBP221_55920	ko:K05916
pazz:PBP221_55930	ko:K03464
pazz:PBP221_55940	ko:K03381
pazz:PBP221_55950	ko:K01856
pazz:PBP221_55960	ko:K21757
pazz:PBP221_56010	ko:K01118
pazz:PBP221_56040	ko:K03457
pazz:PBP221_56050	ko:K03719
pazz:PBP221_56060	ko:K03896
pazz:PBP221_56070	ko:K02014
pazz:PBP221_56080	ko:K10531
pazz:PBP221_56090	ko:K03896
pazz:PBP221_56120	ko:K06160
pazz:PBP221_56130	ko:K23227
pazz:PBP221_56140	ko:K13255
pazz:PBP221_56150	ko:K23228
pazz:PBP221_56160	ko:K10829
pazz:PBP221_56180	ko:K05375
pazz:PBP221_56220	ko:K05712
pazz:PBP221_56270	ko:K10112
pazz:PBP221_56290	ko:K02027
pazz:PBP221_56300	ko:K02025
pazz:PBP221_56310	ko:K02026
pazz:PBP221_56410	ko:K03566
pazz:PBP221_56440	ko:K03761
pazz:PBP221_56470	ko:K02058
pazz:PBP221_56480	ko:K02529
pazz:PBP221_56500	ko:K06991
pazz:PBP221_56510	ko:K02529
pazz:PBP221_56520	ko:K11688
pazz:PBP221_56530	ko:K21393
pazz:PBP221_56550	ko:K01559
pazz:PBP221_56560	ko:K23247
pazz:PBP221_56580	ko:K23514
pazz:PBP221_56590	ko:K07165
pazz:PBP221_56600	ko:K02014
pazz:PBP221_56640	ko:K02014
pazz:PBP221_56660	ko:K09461
pazz:PBP221_56710	ko:K01075
pazz:PBP221_56730	ko:K08295
pazz:PBP221_56750	ko:K00799
pazz:PBP221_56780	ko:K13653
pazz:PBP221_56830	ko:K07171
pazz:PBP221_56840	ko:K07172
pazz:PBP221_56870	ko:K04750
pazz:PBP221_56930	ko:K03088
pazz:PBP221_57070	ko:K06899
pazz:PBP221_57160	ko:K03406
pazz:PBP221_57190	ko:K14393
pazz:PBP221_57200	ko:K01560
pazz:PBP221_57220	ko:K08344
pazz:PBP221_57270	ko:K00135
pazz:PBP221_57300	ko:K08195
pazz:PBP221_57370	ko:K01555
pazz:PBP221_57380	ko:K18702
pazz:PBP221_57410	ko:K00799
pazz:PBP221_57490	ko:K01721
pazz:PBP221_57500	ko:K20807
pazz:PBP221_57580	ko:K03566
pazz:PBP221_57590	ko:K19647
pazz:PBP221_57610	ko:K23107
pazz:PBP221_57620	ko:K07402
pazz:PBP221_57630	ko:K11177
pazz:PBP221_57640	ko:K11178
pazz:PBP221_57650	ko:K13483
pazz:PBP221_57660	ko:K13979
pazz:PBP221_57670	ko:K06147
pazz:PBP221_57690	ko:K05275
pazz:PBP221_57700	ko:K10680
pazz:PBP221_57710	ko:K07090
pazz:PBP221_57720	ko:K13028
pazz:PBP221_57730	ko:K15553
pazz:PBP221_57740	ko:K02049
pazz:PBP221_57770	ko:K01501
pazz:PBP221_57840	ko:K00135
pazz:PBP221_57850	ko:K00059
pazz:PBP221_57860	ko:K00135
pazz:PBP221_57870	ko:K03762
pazz:PBP221_57880	ko:K00632
pazz:PBP221_57890	ko:K07516
pazz:PBP221_57950	ko:K07107
pazz:PBP221_57990	ko:K07450
pazz:PBP221_58020	ko:K03406
pazz:PBP221_58030	ko:K07516
pazz:PBP221_58040	ko:K01032
pazz:PBP221_58050	ko:K01031
pazz:PBP221_58070	ko:K13953
pazz:PBP221_58080	ko:K00135
pazz:PBP221_58090	ko:K16137
pazz:PBP221_58110	ko:K08195
pazz:PBP221_58130	ko:K00135
pazz:PBP221_58170	ko:K00325
pazz:PBP221_58180	ko:K00324
pazz:PBP221_58190	ko:K00324
pazz:PBP221_58210	ko:K20035
pazz:PBP221_58240	ko:K01907
pazz:PBP221_58270	ko:K12508
pazz:PBP221_58280	ko:K00632
pazz:PBP221_58330	ko:K07484
pazz:PBP221_58350	ko:K07484
pazz:PBP221_58360	ko:K07483
pazz:PBP221_58390	ko:K18702
pazz:PBP221_58410	ko:K03446
pazz:PBP221_58420	ko:K07006
pazz:PBP221_58450	ko:K16137
pazz:PBP221_58500	ko:K16137
pazz:PBP221_58510	ko:K07124
pazz:PBP221_58570	ko:K05874
pazz:PBP221_58600	ko:K16137
pazz:PBP221_58620	ko:K16137
pazz:PBP221_58650	ko:K00043
pazz:PBP221_58660	ko:K18581
pazz:PBP221_58690	ko:K01692
pazz:PBP221_58710	ko:K11209
pazz:PBP221_58780	ko:K03566
pazz:PBP221_58800	ko:K03885
pazz:PBP221_58850	ko:K01055
pazz:PBP221_58860	ko:K02624
pazz:PBP221_58900	ko:K11209
pazz:PBP221_58930	ko:K03671
pazz:PBP221_58940	ko:K06196
pazz:PBP221_59020	ko:K00059
pazz:PBP221_59050	ko:K01465
pazz:PBP221_59100	ko:K01464
pazz:PBP221_59110	ko:K02031
pazz:PBP221_59110	ko:K02032
pazz:PBP221_59120	ko:K02034
pazz:PBP221_59130	ko:K02033
pazz:PBP221_59140	ko:K02035
pazz:PBP221_59280	ko:K15977
pazz:PBP221_59300	ko:K09930
pazz:PBP221_59330	ko:K11209
pazz:PBP221_59530	ko:K09958
pazz:PBP221_59560	ko:K00060
pazz:PBP221_59570	ko:K00639
pazz:PBP221_59630	ko:K03496
pazz:PBP221_59640	ko:K03497
pazz:PBP221_59700	ko:K07305
pazz:PBP221_59710	ko:K01246
pazz:PBP221_59740	ko:K02030
pazz:PBP221_59750	ko:K00114
pazz:PBP221_59770	ko:K06138
pazz:PBP221_59780	ko:K21405
pazz:PBP221_59790	ko:K01259
pazz:PBP221_59800	ko:K18918
pazz:PBP221_59860	ko:K19302
pazz:PBP221_59890	ko:K07093
pazz:PBP221_59920	ko:K21023
pazz:PBP221_59930	ko:K00655
pazz:PBP221_59960	ko:K01194
pazz:PBP221_60050	ko:K01470
pazz:PBP221_60060	ko:K00459
pazz:PBP221_60080	ko:K01821
pazz:PBP221_60120	ko:K14393
pazz:PBP221_60150	ko:K01130
pazz:PBP221_60170	ko:K24118
pazz:PBP221_60210	ko:K03885
pazz:PBP221_60220	ko:K15977
pazz:PBP221_60320	ko:K02480
pazz:PBP221_60330	ko:K07152
pazz:PBP221_60350	ko:K02456
pazz:PBP221_60360	ko:K02455
pazz:PBP221_60370	ko:K02454
pazz:PBP221_60420	ko:K02453
pazz:PBP221_60430	ko:K02456
pazz:PBP221_60440	ko:K02456
pazz:PBP221_60490	ko:K10680
pazz:PBP221_60580	ko:K01560
pazz:PBP221_60600	ko:K13936
pazz:PBP221_60620	ko:K03285
pazz:PBP221_60760	ko:K03719
pazz:PBP221_60840	ko:K16137
pazz:PBP221_60850	ko:K02433
pazz:PBP221_60870	ko:K07001
pazz:PBP221_60880	ko:K01130
pazz:PBP221_60890	ko:K24118
pazz:PBP221_60900	ko:K00389
pazz:PBP221_60910	ko:K03453
pazz:PBP221_60960	ko:K03574
pazz:PBP221_60990	ko:K03457
pazz:PBP221_61010	ko:K03710
pazz:PBP221_61030	ko:K17735
pazz:PBP221_61040	ko:K18013
pazz:PBP221_61080	ko:K06911
pazz:PBP221_61120	ko:K05889
pazz:PBP221_61130	ko:K07397
pazz:PBP221_61180	ko:K05297
pazz:PBP221_61310	ko:K21883
pazz:PBP221_61330	ko:K01995
pazz:PBP221_61330	ko:K01996
pazz:PBP221_61330	ko:K01998
pazz:PBP221_61340	ko:K01997
pazz:PBP221_61350	ko:K01999
pazz:PBP221_61370	ko:K01784
pazz:PBP221_61430	ko:K02051
pazz:PBP221_61470	ko:K07793
pazz:PBP221_61480	ko:K01607
pazz:PBP221_61520	ko:K10220
pazz:PBP221_61540	ko:K02510
pazz:PBP221_61550	ko:K01652
pazz:PBP221_61610	ko:K00029
pazz:PBP221_61660	ko:K07126
pazz:PBP221_61680	ko:K05874
pazz:PBP221_61700	ko:K01652
pazz:PBP221_61710	ko:K13877
pazz:PBP221_61720	ko:K19338
pazz:PBP221_61730	ko:K00259
pazz:PBP221_61740	ko:K00206
pazz:PBP221_61750	ko:K19670
pazz:PBP221_61760	ko:K02012
pazz:PBP221_61770	ko:K02010
pazz:PBP221_61780	ko:K02011
pazz:PBP221_61790	ko:K03430
pazz:PBP221_61890	ko:K01711
pazz:PBP221_61900	ko:K16692
pazz:PBP221_61940	ko:K03328
pazz:PBP221_61980	ko:K00973
pazz:PBP221_61990	ko:K01710
pazz:PBP221_62040	ko:K07124
pazz:PBP221_62060	ko:K11103
pazz:PBP221_62150	ko:K00122
pazz:PBP221_62180	ko:K00064
pazz:PBP221_62200	ko:K16880
pazz:PBP221_62220	ko:K02027
pazz:PBP221_62230	ko:K07406
pazz:PBP221_62360	ko:K18904
pazz:PBP221_62370	ko:K03543
pazz:PBP221_62380	ko:K03446
pazz:PBP221_62390	ko:K07213
pazz:PBP221_62420	ko:K03649
pazz:PBP221_62440	ko:K01652
pazz:PBP221_62460	ko:K01662
pazz:PBP221_62480	ko:K00164
pazz:PBP221_62500	ko:K03710
pazz:PBP221_62580	ko:K01714
pazz:PBP221_62620	ko:K22296
pazz:PBP221_62630	ko:K18030
pazz:PBP221_62640	ko:K13995
pazz:PBP221_62650	ko:K18028
pazz:PBP221_62660	ko:K15357
pazz:PBP221_62670	ko:K01799
pazz:PBP221_62680	ko:K14974
pazz:PBP221_62690	ko:K18029
pazz:PBP221_62700	ko:K18030
pazz:PBP221_62760	ko:K07124
pazz:PBP221_62780	ko:K03322
pazz:PBP221_62790	ko:K01569
pazz:PBP221_62860	ko:K05913
pazz:PBP221_62900	ko:K01715
pazz:PBP221_62910	ko:K00128
pazz:PBP221_62960	ko:K19338
pazz:PBP221_62970	ko:K01055
pazz:PBP221_62990	ko:K11103
pazz:PBP221_63000	ko:K01607
pazz:PBP221_63020	ko:K10221
pazz:PBP221_63090	ko:K08177
pazz:PBP221_63100	ko:K22602
pazz:PBP221_63170	ko:K00459
pazz:PBP221_63210	ko:K18138
pazz:PBP221_63220	ko:K03585
pazz:PBP221_63240	ko:K02010
pazz:PBP221_63250	ko:K02011
pazz:PBP221_63260	ko:K02012
pazz:PBP221_63270	ko:K16301
pazz:PBP221_63290	ko:K07267
pazz:PBP221_63340	ko:K06911
pazz:PBP221_63370	ko:K02455
pazz:PBP221_63380	ko:K02454
pazz:PBP221_63430	ko:K02453
pazz:PBP221_63440	ko:K02456
pazz:PBP221_63450	ko:K02456
pazz:PBP221_63470	ko:K02456
pazz:PBP221_63520	ko:K22350
pazz:PBP221_63570	ko:K02014
pazz:PBP221_63600	ko:K03559
pazz:PBP221_63610	ko:K03561
pazz:PBP221_63660	ko:K06999
pazz:PBP221_63690	ko:K06953
pazz:PBP221_63700	ko:K03724
pazz:PBP221_63720	ko:K02106
pazz:PBP221_63730	ko:K05874
pazz:PBP221_63850	ko:K13936
pazz:PBP221_63880	ko:K07396
pazz:PBP221_63890	ko:K13936
pazz:PBP221_63900	ko:K03566
pazz:PBP221_63910	ko:K07402
pazz:PBP221_63950	ko:K03520
pazz:PBP221_63960	ko:K03518
pazz:PBP221_63970	ko:K09386
pazz:PBP221_63980	ko:K03519
pazz:PBP221_64000	ko:K01555
pazz:PBP221_64030	ko:K03186
pazz:PBP221_64050	ko:K08195
pazz:PBP221_64060	ko:K08195
pazz:PBP221_64070	ko:K05874
pazz:PBP221_64080	ko:K00596
pazz:PBP221_64130	ko:K23107
pazz:PBP221_64140	ko:K00059
pazz:PBP221_64220	ko:K09983
pazz:PBP221_64290	ko:K03696
pazz:PBP221_64300	ko:K02000
pazz:PBP221_64310	ko:K02001
pazz:PBP221_64320	ko:K02002
pazz:PBP221_64330	ko:K00600
pazz:PBP221_64340	ko:K01714
pazz:PBP221_64360	ko:K09472
pazz:PBP221_64370	ko:K00286
pazz:PBP221_64380	ko:K03566
pazz:PBP221_64410	ko:K01999
pazz:PBP221_64440	ko:K00479
pazz:PBP221_64450	ko:K21832
pazz:PBP221_64490	ko:K08995
pazz:PBP221_64510	ko:K07810
pazz:PBP221_64520	ko:K07787
pazz:PBP221_64530	ko:K07798
pazz:PBP221_64540	ko:K07796
pazz:PBP221_64570	ko:K19837
pazz:PBP221_64590	ko:K01426
pazz:PBP221_64610	ko:K07335
pazz:PBP221_64620	ko:K23537
pazz:PBP221_64630	ko:K23535
pazz:PBP221_64640	ko:K23536
pazz:PBP221_64660	ko:K02053
pazz:PBP221_64670	ko:K02054
pazz:PBP221_64680	ko:K02055
pazz:PBP221_64690	ko:K02052
pazz:PBP221_64730	ko:K11209
pazz:PBP221_64760	ko:K03585
pazz:PBP221_64770	ko:K18138
pazz:PBP221_64780	ko:K03577
pazz:PBP221_64790	ko:K09768
pazz:PBP221_64890	ko:K03088
pazz:PBP221_64910	ko:K03322
pazz:PBP221_64930	ko:K00059
pazz:PBP221_64950	ko:K10680
pazz:PBP221_64970	ko:K05817
pazz:PBP221_65010	ko:K02030
pazz:PBP221_65020	ko:K02028
pazz:PBP221_65020	ko:K02029
pazz:PBP221_65040	ko:K09967
pazz:PBP221_65070	ko:K14189
pazz:PBP221_65090	ko:K16137
pazz:PBP221_65130	ko:K03566
pazz:PBP221_65160	ko:K11103
pazz:PBP221_65190	ko:K16516
pazz:PBP221_65240	ko:K18900
pazz:PBP221_65270	ko:K28762
pazz:PBP221_65290	ko:K10013
pazz:PBP221_65310	ko:K03566
pazz:PBP221_65330	ko:K05916
pazz:PBP221_65350	ko:K02053
pazz:PBP221_65360	ko:K02054
pazz:PBP221_65370	ko:K02055
pazz:PBP221_65380	ko:K02052
pazz:PBP221_65410	ko:K07222
pazz:PBP221_65440	ko:K01438
pazz:PBP221_65450	ko:K23467
pazz:PBP221_65510	ko:K03652
pazz:PBP221_65520	ko:K00123
pazz:PBP221_65530	ko:K00124
pazz:PBP221_65540	ko:K00127
pazz:PBP221_65550	ko:K03285
pazz:PBP221_65570	ko:K06016
pazz:PBP221_65580	ko:K13936
pazz:PBP221_65600	ko:K06192
pazz:PBP221_65690	ko:K01848
pazz:PBP221_65700	ko:K01849
pazz:PBP221_65720	ko:K07588
pazz:PBP221_65730	ko:K11688
pazz:PBP221_65740	ko:K11689
pazz:PBP221_65750	ko:K11690
pazz:PBP221_65800	ko:K16137
pazz:PBP221_65860	ko:K00140
pazz:PBP221_65880	ko:K11209
pazz:PBP221_65910	ko:K01469
pazz:PBP221_65950	ko:K11959
pazz:PBP221_65960	ko:K11960
pazz:PBP221_65970	ko:K11961
pazz:PBP221_65980	ko:K11962
pazz:PBP221_65990	ko:K11963
pazz:PBP221_66010	ko:K01999
pazz:PBP221_66050	ko:K11959
pazz:PBP221_66060	ko:K01426
pazz:PBP221_66070	ko:K11959
pazz:PBP221_66080	ko:K11960
pazz:PBP221_66090	ko:K11961
pazz:PBP221_66100	ko:K11962
pazz:PBP221_66110	ko:K11963
pazz:PBP221_66140	ko:K08369
pazz:PBP221_66160	ko:K01458
pazz:PBP221_66180	ko:K02167
pazz:PBP221_66190	ko:K00294
pazz:PBP221_66200	ko:K02052
pazz:PBP221_66210	ko:K02055
pazz:PBP221_66220	ko:K02054
pazz:PBP221_66230	ko:K02053
pazz:PBP221_66240	ko:K13821
pazz:PBP221_66260	ko:K01458
pazz:PBP221_66270	ko:K03522
pazz:PBP221_66280	ko:K03521
pazz:PBP221_66290	ko:K09975
pazz:PBP221_66310	ko:K00311
pazz:PBP221_66370	ko:K15549
pazz:PBP221_66380	ko:K15547
pazz:PBP221_66390	ko:K15550
pazz:PBP221_66410	ko:K10716
pazz:PBP221_66460	ko:K00077
pazz:PBP221_66480	ko:K10914
pazz:PBP221_66510	ko:K03821
pazz:PBP221_66560	ko:K03415
pazz:PBP221_66570	ko:K01703
pazz:PBP221_66580	ko:K01704
pazz:PBP221_66590	ko:K00052
pazz:PBP221_66600	ko:K15553
pazz:PBP221_66610	ko:K15555
pazz:PBP221_66620	ko:K15554
pazz:PBP221_66630	ko:K21883
pazz:PBP221_66640	ko:K18336
pazz:PBP221_66650	ko:K15553
pazz:PBP221_66660	ko:K01053
pazz:PBP221_66690	ko:K15773
pazz:PBP221_66700	ko:K07154
pazz:PBP221_66710	ko:K11473
pazz:PBP221_66720	ko:K11472
pazz:PBP221_66730	ko:K00104
pazz:PBP221_66740	ko:K11474
pazz:PBP221_66760	ko:K00074
pazz:PBP221_66800	ko:K13021
pazz:PBP221_66810	ko:K07246
pazz:PBP221_66820	ko:K16135
pazz:PBP221_66830	ko:K11903
pazz:PBP221_66860	ko:K02575
pazz:PBP221_66870	ko:K00362
pazz:PBP221_66880	ko:K00363
pazz:PBP221_66890	ko:K00380
pazz:PBP221_66900	ko:K23775
pazz:PBP221_66920	ko:K04063
pazz:PBP221_66940	ko:K11616
pazz:PBP221_66950	ko:K10125
pazz:PBP221_66960	ko:K10126
pazz:PBP221_66990	ko:K00145
pazz:PBP221_67040	ko:K01640
pazz:PBP221_67060	ko:K13021
pazz:PBP221_67090	ko:K23256
pazz:PBP221_67110	ko:K14393
pazz:PBP221_67130	ko:K01555
pazz:PBP221_67140	ko:K18702
pazz:PBP221_67170	ko:K02056
pazz:PBP221_67180	ko:K02057
pazz:PBP221_67190	ko:K02058
pazz:PBP221_67220	ko:K03113
pazz:PBP221_67250	ko:K19335
pazz:PBP221_67370	ko:K01999
pazz:PBP221_67380	ko:K20034
pazz:PBP221_67390	ko:K01754
pazz:PBP221_67400	ko:K11921
pazz:PBP221_67410	ko:K01673
pazz:PBP221_67420	ko:K01725
pazz:PBP221_67430	ko:K09958
pazz:PBP221_67440	ko:K26148
pazz:PBP221_67450	ko:K01256
pazz:PBP221_67500	ko:K18981
pazz:PBP221_67510	ko:K02529
pazz:PBP221_67520	ko:K08191
pazz:PBP221_67560	ko:K03406
pazz:PBP221_67610	ko:K04940
pazz:PBP221_67620	ko:K00074
pazz:PBP221_67630	ko:K02529
pazz:PBP221_67650	ko:K05710
pazz:PBP221_67660	ko:K02058
pazz:PBP221_67680	ko:K00140
pazz:PBP221_67700	ko:K04063
pazz:PBP221_67710	ko:K01821
pazz:PBP221_67730	ko:K09930
pazz:PBP221_67760	ko:K15977
pazz:PBP221_67780	ko:K17950
pazz:PBP221_67820	ko:K01720
pazz:PBP221_67830	ko:K01821
pazz:PBP221_67840	ko:K01821
pazz:PBP221_67890	ko:K03746
pazz:PBP221_67960	ko:K01561
pazz:PBP221_67970	ko:K04047
pazz:PBP221_67980	ko:K00426
pazz:PBP221_67990	ko:K00425
pazz:PBP221_68040	ko:K00384
pazz:PBP221_68090	ko:K18139
pazz:PBP221_68140	ko:K00433
pazz:PBP221_68180	ko:K15977
pazz:PBP221_68240	ko:K11103
pazz:PBP221_68250	ko:K01704
pazz:PBP221_68260	ko:K01703
pazz:PBP221_68270	ko:K01561
pazz:PBP221_68280	ko:K16135
pazz:PBP221_68290	ko:K19333
pazz:PBP221_68300	ko:K00065
pazz:PBP221_68310	ko:K01815
pazz:PBP221_68320	ko:K02526
pazz:PBP221_68350	ko:K05913
pazz:PBP221_68360	ko:K21883
pazz:PBP221_68400	ko:K16135
pazz:PBP221_68420	ko:K03786
pazz:PBP221_68440	ko:K03798
pazz:PBP221_68460	ko:K01425
pazz:PBP221_68470	ko:K13953
pazz:PBP221_68520	ko:K04771
pazz:PBP221_68550	ko:K03809
pazz:PBP221_68650	ko:K08369
pazz:PBP221_68670	ko:K00019
pazz:PBP221_68720	ko:K00128
pazz:PBP221_68730	ko:K01607
pazz:PBP221_68750	ko:K00020
pazz:PBP221_68820	ko:K06867
pazz:PBP221_68870	ko:K01897
pazz:PBP221_68940	ko:K01420
pazz:PBP221_69000	ko:K18369
pazz:PBP221_69040	ko:K00059
pazz:PBP221_69070	ko:K01501
pazz:PBP221_69100	ko:K07123
pazz:PBP221_69130	ko:K07222
pazz:PBP221_69150	ko:K01847
pazz:PBP221_69180	ko:K26399
pazz:PBP221_69190	ko:K02526
pazz:PBP221_69210	ko:K02297
pazz:PBP221_69220	ko:K02298
pazz:PBP221_69230	ko:K02299
pazz:PBP221_69240	ko:K02300
pazz:PBP221_69260	ko:K00381
pazz:PBP221_69280	ko:K18380
pazz:PBP221_69310	ko:K03220
pazz:PBP221_69320	ko:K18379
pazz:PBP221_69330	ko:K03227
pazz:PBP221_69340	ko:K03226
pazz:PBP221_69350	ko:K03225
pazz:PBP221_69360	ko:K18381
pazz:PBP221_69370	ko:K03230
pazz:PBP221_69380	ko:K03229
pazz:PBP221_69390	ko:K18373
pazz:PBP221_69400	ko:K18374
pazz:PBP221_69410	ko:K03222
pazz:PBP221_69430	ko:K03223
pazz:PBP221_69440	ko:K03224
pazz:PBP221_69460	ko:K03228
pazz:PBP221_69480	ko:K03219
pazz:PBP221_69490	ko:K03885
pazz:PBP221_69500	ko:K16568
pazz:PBP221_69560	ko:K16135
pazz:PBP221_69570	ko:K22209
pazz:PBP221_69580	ko:K11103
pazz:PBP221_69670	ko:K03781
pazz:PBP221_69700	ko:K03088
pazz:PBP221_69730	ko:K18900
pazz:PBP221_69770	ko:K01647
pazz:PBP221_69780	ko:K11921
pazz:PBP221_69790	ko:K02526
pazz:PBP221_69800	ko:K22129
pazz:PBP221_69810	ko:K22024
pazz:PBP221_69840	ko:K01738
pazz:PBP221_69860	ko:K01560
pazz:PBP221_69890	ko:K15551
pazz:PBP221_69900	ko:K10831
pazz:PBP221_69910	ko:K15552
pazz:PBP221_69920	ko:K18459
pazz:PBP221_69940	ko:K09967
pazz:PBP221_69950	ko:K06016
pazz:PBP221_69960	ko:K02028
pazz:PBP221_69970	ko:K02029
pazz:PBP221_69980	ko:K02029
pazz:PBP221_69990	ko:K02030
pazz:PBP221_70000	ko:K05874
pazz:PBP221_70020	ko:K18900
pazz:PBP221_70050	ko:K02029
pazz:PBP221_70060	ko:K02030
pazz:PBP221_70070	ko:K02028
pazz:PBP221_70110	ko:K12308
pazz:PBP221_70120	ko:K02026
pazz:PBP221_70130	ko:K02025
pazz:PBP221_70140	ko:K02027
pazz:PBP221_70150	ko:K10111
pazz:PBP221_70170	ko:K19338
pazz:PBP221_70190	ko:K16880
pazz:PBP221_70200	ko:K16876
pazz:PBP221_70210	ko:K16879
pazz:PBP221_70220	ko:K16878
pazz:PBP221_70230	ko:K16877
pazz:PBP221_70240	ko:K16875
pazz:PBP221_70250	ko:K16874
pazz:PBP221_70260	ko:K19338
pazz:PBP221_70270	ko:K21757
pazz:PBP221_70280	ko:K13021
pazz:PBP221_70290	ko:K10220
pazz:PBP221_70340	ko:K01426
pazz:PBP221_70370	ko:K02051
pazz:PBP221_70380	ko:K02050
pazz:PBP221_70390	ko:K02049
pazz:PBP221_70420	ko:K03710
pazz:PBP221_70430	ko:K01999
pazz:PBP221_70440	ko:K01997
pazz:PBP221_70450	ko:K01998
pazz:PBP221_70460	ko:K01995
pazz:PBP221_70470	ko:K01996
pazz:PBP221_70480	ko:K01703
pazz:PBP221_70490	ko:K01704
pazz:PBP221_70500	ko:K01474
pazz:PBP221_70510	ko:K01473
pazz:PBP221_70520	ko:K09020
pazz:PBP221_70560	ko:K02030
pazz:PBP221_70580	ko:K02029
pazz:PBP221_70590	ko:K02028
pazz:PBP221_70630	ko:K03518
pazz:PBP221_70640	ko:K03519
pazz:PBP221_70650	ko:K03520
pazz:PBP221_70660	ko:K01465
pazz:PBP221_70680	ko:K14393
pazz:PBP221_70730	ko:K03284
pazz:PBP221_70830	ko:K01114
pazz:PBP221_70870	ko:K02028
pazz:PBP221_70880	ko:K02029
pazz:PBP221_70890	ko:K02030
pazz:PBP221_70900	ko:K02624
pazz:PBP221_70920	ko:K05597
pazz:PBP221_70940	ko:K01999
pazz:PBP221_70970	ko:K00881
pazz:PBP221_71010	ko:K10538
pazz:PBP221_71020	ko:K10539
pazz:PBP221_71030	ko:K10537
pazz:PBP221_71050	ko:K01092
pazz:PBP221_71060	ko:K02431
pazz:PBP221_71090	ko:K16137
pazz:PBP221_71120	ko:K00077
pazz:PBP221_71150	ko:K03561
pazz:PBP221_71170	ko:K03299
pazz:PBP221_71180	ko:K03285
pazz:PBP221_71220	ko:K03782
pazz:PBP221_71260	ko:K00355
pazz:PBP221_71300	ko:K25227
pazz:PBP221_71360	ko:K04063
pazz:PBP221_71390	ko:K09913
pazz:PBP221_71410	ko:K02055
pazz:PBP221_71420	ko:K02052
pazz:PBP221_71430	ko:K02054
pazz:PBP221_71440	ko:K02053
pazz:PBP221_71450	ko:K24955
pazz:PBP221_71470	ko:K24954
pazz:PBP221_71590	ko:K02355
pazz:PBP221_71660	ko:K01434
pazz:PBP221_71730	ko:K09129
pazz:PBP221_71740	ko:K00988
pazz:PBP221_71750	ko:K09709
pazz:PBP221_71760	ko:K00249
pazz:PBP221_71770	ko:K18289
pazz:PBP221_71780	ko:K08369
pazz:PBP221_71790	ko:K19338
pazz:PBP221_71800	ko:K01644
pazz:PBP221_71810	ko:K03522
pazz:PBP221_71820	ko:K03521
pazz:PBP221_71830	ko:K07323
pazz:PBP221_71840	ko:K01560
pazz:PBP221_71930	ko:K06193
pazz:PBP221_71950	ko:K02480
pazz:PBP221_71960	ko:K06200
pazz:PBP221_71980	ko:K21703
pazz:PBP221_72020	ko:K23995
pazz:PBP221_72030	ko:K01724
pazz:PBP221_72050	ko:K10714
pazz:PBP221_72070	ko:K01499
pazz:PBP221_72090	ko:K05966
pazz:PBP221_72100	ko:K10713
pazz:PBP221_72120	ko:K01633
pazz:PBP221_72130	ko:K21405
pazz:PBP221_72160	ko:K28462
pazz:PBP221_72170	ko:K03841
pazz:PBP221_72190	ko:K01602
pazz:PBP221_72200	ko:K01601
pazz:PBP221_72210	ko:K09154
pazz:PBP221_72260	ko:K01814
pazz:PBP221_72270	ko:K00201
pazz:PBP221_72280	ko:K00200
pazz:PBP221_72290	ko:K00672
pazz:PBP221_72300	ko:K00202
pazz:PBP221_72320	ko:K06136
pazz:PBP221_72330	ko:K06137
pazz:PBP221_72340	ko:K06138
pazz:PBP221_72350	ko:K06139
pazz:PBP221_72390	ko:K15125
pazz:PBP221_72420	ko:K07326
pazz:PBP221_72460	ko:K07644
pazz:PBP221_72470	ko:K07665
pazz:PBP221_72480	ko:K18903
pazz:PBP221_72490	ko:K03585
pazz:PBP221_72500	ko:K18138
pazz:PBP221_72510	ko:K17103
pazz:PBP221_72540	ko:K02106
pazz:PBP221_72550	ko:K01996
pazz:PBP221_72560	ko:K01995
pazz:PBP221_72560	ko:K01998
pazz:PBP221_72570	ko:K01997
pazz:PBP221_72580	ko:K01999
pazz:PBP221_72590	ko:K09958
pazz:PBP221_72660	ko:K11904
pazz:PBP221_72680	ko:K02406
pazz:PBP221_72710	ko:K13877
pazz:PBP221_72720	ko:K01630
pazz:PBP221_72730	ko:K00042
pazz:PBP221_72740	ko:K07404
pazz:PBP221_72750	ko:K01706
pazz:PBP221_72760	ko:K01707
pazz:PBP221_72780	ko:K00615
pazz:PBP221_72790	ko:K00615
pazz:PBP221_72810	ko:K11688
pazz:PBP221_72820	ko:K21393
pazz:PBP221_72830	ko:K00615
pazz:PBP221_72840	ko:K00018
pazz:PBP221_72850	ko:K07789
pazz:PBP221_72860	ko:K03710
pazz:PBP221_72890	ko:K15553
pazz:PBP221_72900	ko:K15554
pazz:PBP221_72910	ko:K15555
pazz:PBP221_72940	ko:K04091
pazz:PBP221_72960	ko:K24700
pazz:PBP221_72990	ko:K15553
pazz:PBP221_73020	ko:K00433
pazz:PBP221_73050	ko:K15553
pazz:PBP221_73060	ko:K15555
pazz:PBP221_73070	ko:K15554
pazz:PBP221_73080	ko:K15553
pazz:PBP221_73090	ko:K15553
pazz:PBP221_73120	ko:K05275
pazz:PBP221_73210	ko:K00426
pazz:PBP221_73240	ko:K18991
pazz:PBP221_73290	ko:K11103
pazz:PBP221_73300	ko:K10221
pazz:PBP221_73310	ko:K19338
pazz:PBP221_73320	ko:K07052
pazz:PBP221_73380	ko:K01673
pazz:PBP221_73500	ko:K15554
pazz:PBP221_73510	ko:K15555
pazz:PBP221_73520	ko:K15553
pazz:PBP221_73540	ko:K04091
pazz:PBP221_73550	ko:K20938
pazz:PBP221_73590	ko:K15553
pazz:PBP221_73600	ko:K15554
pazz:PBP221_73610	ko:K15555
pazz:PBP221_73650	ko:K01561
pazz:PBP221_73730	ko:K02406
pazz:PBP221_73780	ko:K08224
pazz:PBP221_73810	ko:K00411
pazz:PBP221_73830	ko:K07262
pazz:PBP221_73870	ko:K08161
pazz:PBP221_73900	ko:K12308
pazz:PBP221_73910	ko:K00064
pazz:PBP221_73920	ko:K17315
pazz:PBP221_73950	ko:K22213
pazz:PBP221_73990	ko:K03762
pazz:PBP221_74050	ko:K27838
pazz:PBP221_74120	ko:K00046
pazz:PBP221_74140	ko:K00355
pazz:PBP221_74160	ko:K07275
pazz:PBP221_74170	ko:K03496
pazz:PBP221_74190	ko:K06889
pazz:PBP221_74250	ko:K02030
pazz:PBP221_74260	ko:K02029
pazz:PBP221_74270	ko:K02028
pazz:PBP221_74290	ko:K01455
pazz:PBP221_74300	ko:K11963
pazz:PBP221_74310	ko:K11962
pazz:PBP221_74320	ko:K11961
pazz:PBP221_74330	ko:K11960
pazz:PBP221_74340	ko:K11959
pazz:PBP221_74370	ko:K01637
pazz:PBP221_74420	ko:K10441
pazz:PBP221_74430	ko:K10439
pazz:PBP221_74440	ko:K10440
pazz:PBP221_74460	ko:K07054
pazz:PBP221_74470	ko:K03787
pazz:PBP221_74500	ko:K08195
pazz:PBP221_74520	ko:K11475
pazz:PBP221_74530	ko:K16516
pazz:PBP221_74560	ko:K00023
pazz:PBP221_74680	ko:K12972
pazz:PBP221_74710	ko:K16135
pazz:PBP221_74720	ko:K07246
pazz:PBP221_74730	ko:K00135
pazz:PBP221_74750	ko:K06995
pazz:PBP221_74760	ko:K02055
pazz:PBP221_74770	ko:K16873
pazz:PBP221_74780	ko:K07339
pazz:PBP221_74790	ko:K18843
pazz:PBP221_74800	ko:K00128
pazz:PBP221_74810	ko:K02053
pazz:PBP221_74820	ko:K02054
pazz:PBP221_74830	ko:K09471
pazz:PBP221_74840	ko:K07025
pazz:PBP221_74850	ko:K02052
pazz:PBP221_74870	ko:K20941
pazz:PBP221_74880	ko:K00130
pazz:PBP221_74900	ko:K15977
pazz:PBP221_74960	ko:K02031
pazz:PBP221_74960	ko:K02032
pazz:PBP221_74970	ko:K02034
pazz:PBP221_74980	ko:K02033
pazz:PBP221_74990	ko:K02035
pazz:PBP221_75010	ko:K01560
pazz:PBP221_75020	ko:K00128
pazz:PBP221_75040	ko:K03535
pazz:PBP221_75070	ko:K07326
pazz:PBP221_75130	ko:K16329
pazz:PBP221_75170	ko:K20866
pazz:PBP221_75180	ko:K14057
pazz:PBP221_75190	ko:K07481
pazz:PBP221_75200	ko:K02509
pazz:PBP221_75210	ko:K01826
pazz:PBP221_75220	ko:K00455
pazz:PBP221_75230	ko:K00151
pazz:PBP221_75240	ko:K05921
pazz:PBP221_75250	ko:K05921
pazz:PBP221_75260	ko:K11477
pazz:PBP221_75270	ko:K01638
pazz:PBP221_75280	ko:K08369
pazz:PBP221_75300	ko:K01640
pazz:PBP221_75420	ko:K17733
pazz:PBP221_75430	ko:K11891
pazz:PBP221_75440	ko:K11890
pazz:PBP221_75450	ko:K03286
pazz:PBP221_75460	ko:K11902
pazz:PBP221_75470	ko:K11907
pazz:PBP221_75480	ko:K11895
pazz:PBP221_75490	ko:K11896
pazz:PBP221_75500	ko:K11897
pazz:PBP221_75510	ko:K11903
pazz:PBP221_75520	ko:K11900
pazz:PBP221_75530	ko:K11901
pazz:PBP221_75550	ko:K11906
pazz:PBP221_75560	ko:K11893
pazz:PBP221_75570	ko:K11892
pazz:PBP221_75590	ko:K01999
pazz:PBP221_75640	ko:K24158
pazz:PBP221_75650	ko:K02055
pazz:PBP221_75690	ko:K02053
pazz:PBP221_75700	ko:K02054
pazz:PBP221_75710	ko:K02052
pazz:PBP221_75740	ko:K04063
pazz:PBP221_75750	ko:K00384
pazz:PBP221_75840	ko:K03285
pazz:PBP221_75910	ko:K03300
pazz:PBP221_75940	ko:K00681
pazz:PBP221_75950	ko:K02034
pazz:PBP221_75960	ko:K02033
pazz:PBP221_75970	ko:K02035
pazz:PBP221_75980	ko:K02032
pazz:PBP221_75990	ko:K02031
pazz:PBP221_76070	ko:K03746
pazz:PBP221_76120	ko:K07124
pazz:PBP221_76150	ko:K02002
pazz:PBP221_76320	ko:K07484
pazz:PBP221_76330	ko:K07484
pazz:PBP221_76400	ko:K07090
pazz:PBP221_76450	ko:K02050
pazz:PBP221_76470	ko:K02049
pazz:PBP221_76480	ko:K02051
pazz:PBP221_76490	ko:K22296
pazz:PBP221_76510	ko:K00758
pazz:PBP221_76520	ko:K00767
pazz:PBP221_76530	ko:K22294
pazz:PBP221_76540	ko:K01426
pazz:PBP221_76560	ko:K18661
pazz:PBP221_76590	ko:K23536
pazz:PBP221_76600	ko:K23535
pazz:PBP221_76610	ko:K23537
pazz:PBP221_76620	ko:K07335
pazz:PBP221_76630	ko:K25495
pazz:PBP221_76680	ko:K00433
pazz:PBP221_76740	ko:K00154
pazz:PBP221_76770	ko:K01426
pazz:PBP221_76780	ko:K01753
pazz:PBP221_76800	ko:K07326
pazz:PBP221_76830	ko:K15125
pazz:PBP221_76890	ko:K20082
pazz:PBP221_76920	ko:K03406
pazz:PBP221_76930	ko:K01652
pazz:PBP221_77250	ko:K03319
pazz:PBP221_77260	ko:K06988
pazz:PBP221_77330	ko:K18991
pazz:PBP221_77350	ko:K01118
pazz:PBP221_77360	ko:K00375
pazz:PBP221_77420	ko:K00384
pazz:PBP221_77450	ko:K03406
pazz:PBP221_77460	ko:K08309
pazz:PBP221_77470	ko:K01187
pazz:PBP221_77480	ko:K05343
pazz:PBP221_77490	ko:K10439
pazz:PBP221_77510	ko:K00384
pazz:PBP221_77610	ko:K03406
pazz:PBP221_77620	ko:K03281
pazz:PBP221_77630	ko:K01114
pazz:PBP221_77670	ko:K02483
pazz:PBP221_77680	ko:K02016
pazz:PBP221_77690	ko:K02015
pazz:PBP221_77700	ko:K02013
pazz:PBP221_77710	ko:K03285
pazz:PBP221_77740	ko:K22027
pazz:PBP221_77750	ko:K00484
pazz:PBP221_77850	ko:K02688
pazz:PBP221_77860	ko:K03417
pazz:PBP221_77870	ko:K01659
pazz:PBP221_77880	ko:K20455
pazz:PBP221_77890	ko:K09788
pazz:PBP221_77920	ko:K13876
pazz:PBP221_77940	ko:K13877
pazz:PBP221_77950	ko:K13875
pazz:PBP221_77970	ko:K21883
pazz:PBP221_77980	ko:K18336
pazz:PBP221_78160	ko:K00384
pazz:PBP221_78230	ko:K11209
pazz:PBP221_78290	ko:K04767
pazz:PBP221_78320	ko:K00799
pazz:PBP221_78360	ko:K13896
pazz:PBP221_78370	ko:K13895
pazz:PBP221_78380	ko:K13894
pazz:PBP221_78390	ko:K13893
pazz:PBP221_78400	ko:K03832
pazz:PBP221_78410	ko:K03559
pazz:PBP221_78420	ko:K03561
pazz:PBP221_78430	ko:K02014
pazz:PBP221_78460	ko:K18900
pazz:PBP221_78470	ko:K06147
pazz:PBP221_78490	ko:K10439
pazz:PBP221_78500	ko:K10440
pazz:PBP221_78510	ko:K10441
pazz:PBP221_78550	ko:K00615
pazz:PBP221_78560	ko:K00615
pazz:PBP221_78600	ko:K00059
pazz:PBP221_78620	ko:K27838
pazz:PBP221_78650	ko:K00135
pazz:PBP221_78680	ko:K00122
pazz:PBP221_78700	ko:K02456
pazz:PBP221_78710	ko:K02456
pazz:PBP221_78720	ko:K02453
pazz:PBP221_78770	ko:K02454
pazz:PBP221_78780	ko:K02455
pazz:PBP221_78790	ko:K02456
pazz:PBP221_78830	ko:K10680
pazz:PBP221_78870	ko:K00135
pazz:PBP221_78890	ko:K03522
pazz:PBP221_78900	ko:K03521
pazz:PBP221_78930	ko:K01647
pazz:PBP221_78950	ko:K00249
pazz:PBP221_78980	ko:K09022
pazz:PBP221_78990	ko:K02529
pazz:PBP221_79000	ko:K00059
pazz:PBP221_79020	ko:K16137
pazz:PBP221_79030	ko:K04063
pazz:PBP221_79050	ko:K01560
pazz:PBP221_79060	ko:K18334
pazz:PBP221_79080	ko:K10441
pazz:PBP221_79090	ko:K10440
pazz:PBP221_79100	ko:K10439
pazz:PBP221_79140	ko:K04102
pazz:PBP221_79150	ko:K08195
pazz:PBP221_79190	ko:K01714
pazz:PBP221_79210	ko:K01647
pazz:PBP221_79220	ko:K03566
pazz:PBP221_79230	ko:K03863
pazz:PBP221_79240	ko:K08195
pazz:PBP221_79260	ko:K01487
pazz:PBP221_79270	ko:K03406
pazz:PBP221_79350	ko:K03406
pazz:PBP221_79360	ko:K09159
pazz:PBP221_79370	ko:K00240
pazz:PBP221_79380	ko:K00239
pazz:PBP221_79390	ko:K00242
pazz:PBP221_79400	ko:K00241
pazz:PBP221_79430	ko:K16841
pazz:PBP221_79440	ko:K01464
pazz:PBP221_79450	ko:K01799
pazz:PBP221_79460	ko:K08194
pazz:PBP221_79480	ko:K11927
pazz:PBP221_79490	ko:K07491
pazz:PBP221_79520	ko:K24915
pazz:PBP221_79540	ko:K01754
pazz:PBP221_79550	ko:K06987
pazz:PBP221_79620	ko:K08970
pazz:PBP221_79670	ko:K05358
pazz:PBP221_79690	ko:K03786
pazz:PBP221_79720	ko:K06222
pazz:PBP221_79790	ko:K01118
pazz:PBP221_79810	ko:K00375
pazz:PBP221_79820	ko:K04063
pazz:PBP221_79840	ko:K00433
pazz:PBP221_79900	ko:K00375
pazz:PBP221_79960	ko:K03885
pazz:PBP221_79980	ko:K19577
pazz:PBP221_79990	ko:K06222
pazz:PBP221_80000	ko:K10680
pazz:PBP221_80020	ko:K03762
pazz:PBP221_80080	ko:K03406
pazz:PBP221_80100	ko:K07120
pazz:PBP221_80120	ko:K00799
pazz:PBP221_80130	ko:K07006
pazz:PBP221_80180	ko:K03928
pazz:PBP221_80200	ko:K01999
pazz:PBP221_80210	ko:K02433
pazz:PBP221_80250	ko:K00117
pazz:PBP221_80260	ko:K03281
pazz:PBP221_80340	ko:K01647
pazz:PBP221_80350	ko:K03535
pazz:PBP221_80380	ko:K11811
pazz:PBP221_80390	ko:K03325
pazz:PBP221_80400	ko:K03741
pazz:PBP221_80420	ko:K03892
pazz:PBP221_80460	ko:K08195
pazz:PBP221_80530	ko:K02030
pazz:PBP221_80540	ko:K02029
pazz:PBP221_80550	ko:K02029
pazz:PBP221_80560	ko:K02028
pazz:PBP221_80590	ko:K02030
pazz:PBP221_80620	ko:K01703
pazz:PBP221_80630	ko:K08369
pazz:PBP221_80650	ko:K04090
pazz:PBP221_80660	ko:K02014
pazz:PBP221_80720	ko:K01628
pazz:PBP221_80760	ko:K03782
pazz:PBP221_80770	ko:K03303
pazz:PBP221_80780	ko:K02039
pazz:PBP221_80800	ko:K15553
pazz:PBP221_80810	ko:K15554
pazz:PBP221_80820	ko:K15554
pazz:PBP221_80830	ko:K15555
pazz:PBP221_80840	ko:K24116
pazz:PBP221_80850	ko:K22622
pazz:PBP221_80860	ko:K17225
pazz:PBP221_80870	ko:K02029
pazz:PBP221_80880	ko:K02029
pazz:PBP221_80890	ko:K02030
pazz:PBP221_80910	ko:K07789
pazz:PBP221_80920	ko:K07788
pazz:PBP221_80930	ko:K07799
pazz:PBP221_80940	ko:K18139
pazz:PBP221_80950	ko:K18138
pazz:PBP221_80960	ko:K03585
pazz:PBP221_80970	ko:K03577
pazz:PBP221_80980	ko:K07659
pazz:PBP221_80990	ko:K07638
pazz:PBP221_81040	ko:K01751
pazz:PBP221_81050	ko:K03719
pazz:PBP221_81060	ko:K01999
pazz:PBP221_81150	ko:K07516
pazz:PBP221_81170	ko:K04063
pazz:PBP221_81230	ko:K24163
pazz:PBP221_81240	ko:K02027
pazz:PBP221_81270	ko:K07302
pazz:PBP221_81280	ko:K07303
pazz:PBP221_81300	ko:K18138
pazz:PBP221_81310	ko:K03585
pazz:PBP221_81320	ko:K18139
pazz:PBP221_81330	ko:K02020
pazz:PBP221_81340	ko:K02017
pazz:PBP221_81340	ko:K02018
pazz:PBP221_81380	ko:K10126
pazz:PBP221_81390	ko:K10125
pazz:PBP221_81400	ko:K03761
pazz:PBP221_81460	ko:K20531
pazz:PBP221_81470	ko:K20532
pazz:PBP221_81480	ko:K20533
pazz:PBP221_81710	ko:K03547
pazz:PBP221_81730	ko:K03546
pazz:PBP221_81890	ko:K26399
pazz:PBP221_81990	ko:K22187
pazz:PBP221_82090	ko:K10979
pazz:PBP221_82140	ko:K01075
pazz:PBP221_82190	ko:K01026
pazz:PBP221_82200	ko:K01715
pazz:PBP221_82210	ko:K08191
pazz:PBP221_82220	ko:K07486
pazz:PBP221_82240	ko:K04090
pazz:PBP221_82250	ko:K03521
pazz:PBP221_82260	ko:K03522
pazz:PBP221_82270	ko:K00626
pazz:PBP221_82280	ko:K10806
pazz:PBP221_82290	ko:K00826
pazz:PBP221_82310	ko:K02529
pazz:PBP221_82330	ko:K03406
pazz:PBP221_82340	ko:K02035
pazz:PBP221_82350	ko:K02033
pazz:PBP221_82360	ko:K02034
pazz:PBP221_82400	ko:K01473
pazz:PBP221_82410	ko:K01474
pazz:PBP221_82420	ko:K01775
pazz:PBP221_82440	ko:K07483
pazz:PBP221_82450	ko:K07484
pazz:PBP221_82460	ko:K07484
pazz:PBP221_82510	ko:K00154
pazz:PBP221_82570	ko:K00433
pazz:PBP221_82700	ko:K04763
pazz:PBP221_82710	ko:K19166
pazz:PBP221_82720	ko:K18831
pazz:PBP221_82890	ko:K00059
pazz:PBP221_82990	ko:K03786
pazz:PBP221_83010	ko:K00014
pazz:PBP221_83050	ko:K00077
pazz:PBP221_83170	ko:K06893
pazz:PBP221_83220	ko:K03893
pazz:PBP221_83290	ko:K08482
pazz:PBP221_83350	ko:K07498
pazz:PBP221_83370	ko:K11103
pazz:PBP221_83380	ko:K02020
pazz:PBP221_83390	ko:K03288
pazz:PBP221_83430	ko:K08482
pazz:PBP221_83600	ko:K13688
pazz:PBP221_83610	ko:K07481
pazz:PBP221_83620	ko:K00507
pazz:PBP221_83680	ko:K07217
pazz:PBP221_83800	ko:K03654
pazz:PBP221_83850	ko:K13924
pazz:PBP221_83890	ko:K08995
pazz:PBP221_83960	ko:K01561
pazz:PBP221_83970	ko:K02275
pazz:PBP221_83980	ko:K15408
pazz:PBP221_84020	ko:K03743
pazz:PBP221_84040	ko:K03701
pazz:PBP221_84050	ko:K07058
pazz:PBP221_84080	ko:K00156
pazz:PBP221_84240	ko:K01114
pazz:PBP221_84390	ko:K13993
pazz:PBP221_84500	ko:K07217
pazz:PBP221_84560	ko:K07481
pazz:PBP221_84610	ko:K07483
pazz:PBP221_84650	ko:K06041
pazz:PBP221_84660	ko:K00979
pazz:PBP221_84670	ko:K03270
pazz:PBP221_84680	ko:K01627
pazz:PBP221_84700	ko:K16692
pazz:PBP221_84710	ko:K25307
pazz:PBP221_84720	ko:K01991
pazz:PBP221_84780	ko:K00973
pazz:PBP221_84790	ko:K01790
pazz:PBP221_84800	ko:K00067
pazz:PBP221_84810	ko:K01710
pazz:PBP221_84820	ko:K17947
pazz:PBP221_84900	ko:K07481
pazz:PBP221_84910	ko:K00963
pazz:PBP221_85060	ko:K01652
pazz:PBP221_85070	ko:K00154
pazz:PBP221_85080	ko:K03885
pazz:PBP221_85130	ko:K18997
pazz:PBP221_85140	ko:K05516
pazz:PBP221_85170	ko:K18369
pazz:PBP221_85260	ko:K07034
pazz:PBP221_85270	ko:K01895
pazz:PBP221_85410	ko:K07486
pazz:PBP221_85490	ko:K03497
pazz:PBP221_85620	ko:K07483
pazz:PBP221_85630	ko:K03704
pazz:PBP221_85650	ko:K00847
pazz:PBP221_85730	ko:K07117
pazz:PBP221_85750	ko:K01703
pazz:PBP221_85760	ko:K01704
pazz:PBP221_85770	ko:K03710
pazz:PBP221_85790	ko:K08369
pazz:PBP221_85820	ko:K07638
pazz:PBP221_85830	ko:K07659
pazz:PBP221_85860	ko:K07274
pazz:PBP221_85920	ko:K07484
pazz:PBP221_85930	ko:K07484
pazz:PBP221_85970	ko:K05874
pazz:PBP221_86000	ko:K00355
pazz:PBP221_86090	ko:K03446
pazz:PBP221_86100	ko:K03543
pazz:PBP221_86110	ko:K00059
pazz:PBP221_86160	ko:K01703
pazz:PBP221_86190	ko:K01607
pazz:PBP221_86200	ko:K00020
pazz:PBP221_86220	ko:K07303
pazz:PBP221_86240	ko:K07302
pazz:PBP221_86270	ko:K02106
pazz:PBP221_86310	ko:K18013
pazz:PBP221_86320	ko:K01704
pazz:PBP221_86340	ko:K08369
pazz:PBP221_86350	ko:K11177
pazz:PBP221_86360	ko:K11178
pazz:PBP221_86370	ko:K13483
pazz:PBP221_86380	ko:K00038
pazz:PBP221_86420	ko:K06147
pazz:PBP221_86440	ko:K11177
pazz:PBP221_86450	ko:K11178
pazz:PBP221_86460	ko:K13483
pazz:PBP221_86470	ko:K07402
pazz:PBP221_86540	ko:K25260
pazz:PBP221_86580	ko:K08369
pazz:PBP221_86610	ko:K10440
pazz:PBP221_86620	ko:K10439
pazz:PBP221_86630	ko:K10440
pazz:PBP221_86660	ko:K14470
pazz:PBP221_86670	ko:K18290
pazz:PBP221_86680	ko:K01644
pazz:PBP221_86690	ko:K09709
pazz:PBP221_86770	ko:K23463
pazz:PBP221_86810	ko:K01996
pazz:PBP221_86820	ko:K01995
pazz:PBP221_86820	ko:K01998
pazz:PBP221_86830	ko:K01997
pazz:PBP221_86840	ko:K01999
pazz:PBP221_86870	ko:K00344
pazz:PBP221_86900	ko:K08369
pazz:PBP221_87010	ko:K03497
pazz:PBP221_87020	ko:K03496
pazz:PBP221_r00010	ko:K01977
pazz:PBP221_r00020	ko:K01980
pazz:PBP221_r00030	ko:K01985
pazz:PBP221_r00040	ko:K01985
pazz:PBP221_r00050	ko:K01980
pazz:PBP221_r00060	ko:K01977
pazz:PBP221_r00070	ko:K01985
pazz:PBP221_r00080	ko:K01980
pazz:PBP221_r00090	ko:K01977
pazz:PBP221_r00100	ko:K01985
pazz:PBP221_r00110	ko:K01980
pazz:PBP221_r00120	ko:K01977
pazz:PBP221_r00130	ko:K01977
pazz:PBP221_r00140	ko:K01980
pazz:PBP221_r00150	ko:K01985
pazz:PBP221_r00160	ko:K01977
pazz:PBP221_r00170	ko:K01980
pazz:PBP221_r00180	ko:K01985
pazz:PBP221_t00010	ko:K14229
pazz:PBP221_t00020	ko:K14231
pazz:PBP221_t00030	ko:K14218
pazz:PBP221_t00040	ko:K14223
pazz:PBP221_t00050	ko:K14230
pazz:PBP221_t00060	ko:K14228
pazz:PBP221_t00070	ko:K14225
pazz:PBP221_t00080	ko:K14233
pazz:PBP221_t00090	ko:K14233
pazz:PBP221_t00100	ko:K14219
pazz:PBP221_t00110	ko:K14219
pazz:PBP221_t00120	ko:K14234
pazz:PBP221_t00130	ko:K14220
pazz:PBP221_t00140	ko:K14220
pazz:PBP221_t00150	ko:K14225
pazz:PBP221_t00160	ko:K14225
pazz:PBP221_t00170	ko:K14222
pazz:PBP221_t00180	ko:K14237
pazz:PBP221_t00190	ko:K14232
pazz:PBP221_t00200	ko:K14219
pazz:PBP221_t00210	ko:K14237
pazz:PBP221_t00220	ko:K14232
pazz:PBP221_t00230	ko:K14230
pazz:PBP221_t00240	ko:K14233
pazz:PBP221_t00250	ko:K14218
pazz:PBP221_t00260	ko:K14224
pazz:PBP221_t00270	ko:K14221
pazz:PBP221_t00280	ko:K14224
pazz:PBP221_t00290	ko:K14221
pazz:PBP221_t00300	ko:K14227
pazz:PBP221_t00310	ko:K14218
pazz:PBP221_t00320	ko:K14221
pazz:PBP221_t00330	ko:K14237
pazz:PBP221_t00340	ko:K14228
pazz:PBP221_t00350	ko:K14226
pazz:PBP221_t00360	ko:K14230
pazz:PBP221_t00370	ko:K14228
pazz:PBP221_t00380	ko:K14228
pazz:PBP221_t00390	ko:K14233
pazz:PBP221_t00400	ko:K14218
pazz:PBP221_t00410	ko:K14227
pazz:PBP221_t00420	ko:K14228
pazz:PBP221_t00430	ko:K14219
pazz:PBP221_t00440	ko:K14229
pazz:PBP221_t00450	ko:K14232
pazz:PBP221_t00460	ko:K14218
pazz:PBP221_t00470	ko:K14227
pazz:PBP221_t00480	ko:K14234
pazz:PBP221_t00490	ko:K14235
pazz:PBP221_t00500	ko:K14234
pazz:PBP221_t00510	ko:K14225
pazz:PBP221_t00520	ko:K14236
pazz:PBP221_t00530	ko:K14218
pazz:PBP221_t00540	ko:K14227
pazz:PBP221_t00550	ko:K14219
pazz:PBP221_t00560	ko:K14238
pazz:PBP221_t00570	ko:K14237
pazz:PBP221_t00580	ko:K14227
pazz:PBP221_t00590	ko:K14218
pazz:PBP221_t00600	ko:K14227
pazz:PBP221_t00610	ko:K14218
pazz:PBP221_t00640	ko:K14228
