plad:PPGU16_00010	ko:K02313
plad:PPGU16_00020	ko:K02338
plad:PPGU16_00030	ko:K02470
plad:PPGU16_00050	ko:K13652
plad:PPGU16_00060	ko:K16238
plad:PPGU16_00070	ko:K03735
plad:PPGU16_00080	ko:K03736
plad:PPGU16_00090	ko:K09959
plad:PPGU16_00100	ko:K00138
plad:PPGU16_00110	ko:K04033
plad:PPGU16_00130	ko:K05591
plad:PPGU16_00140	ko:K14287
plad:PPGU16_00150	ko:K11206
plad:PPGU16_00160	ko:K10013
plad:PPGU16_00180	ko:K03088
plad:PPGU16_00230	ko:K00058
plad:PPGU16_00240	ko:K01596
plad:PPGU16_00260	ko:K03169
plad:PPGU16_00280	ko:K04096
plad:PPGU16_00290	ko:K01462
plad:PPGU16_00300	ko:K00604
plad:PPGU16_00320	ko:K03799
plad:PPGU16_00330	ko:K03500
plad:PPGU16_00350	ko:K13598
plad:PPGU16_00360	ko:K13599
plad:PPGU16_00370	ko:K06920
plad:PPGU16_00380	ko:K10026
plad:PPGU16_00390	ko:K01737
plad:PPGU16_00400	ko:K01630
plad:PPGU16_00410	ko:K07126
plad:PPGU16_00420	ko:K05837
plad:PPGU16_00430	ko:K05515
plad:PPGU16_00440	ko:K03571
plad:PPGU16_00450	ko:K03570
plad:PPGU16_00460	ko:K03569
plad:PPGU16_00470	ko:K02435
plad:PPGU16_00480	ko:K02433
plad:PPGU16_00490	ko:K02434
plad:PPGU16_00510	ko:K01142
plad:PPGU16_00540	ko:K08218
plad:PPGU16_00560	ko:K00641
plad:PPGU16_00570	ko:K05501
plad:PPGU16_00590	ko:K00930
plad:PPGU16_00610	ko:K15011
plad:PPGU16_00620	ko:K15012
plad:PPGU16_00630	ko:K03667
plad:PPGU16_00640	ko:K01419
plad:PPGU16_00650	ko:K06204
plad:PPGU16_00670	ko:K06969
plad:PPGU16_00680	ko:K03733
plad:PPGU16_00690	ko:K09921
plad:PPGU16_00700	ko:K01778
plad:PPGU16_00710	ko:K02517
plad:PPGU16_00720	ko:K00789
plad:PPGU16_00760	ko:K19265
plad:PPGU16_00790	ko:K08224
plad:PPGU16_00800	ko:K18139
plad:PPGU16_00810	ko:K03585
plad:PPGU16_00820	ko:K18138
plad:PPGU16_00860	ko:K09939
plad:PPGU16_00870	ko:K07402
plad:PPGU16_00880	ko:K09386
plad:PPGU16_00890	ko:K07161
plad:PPGU16_00910	ko:K03519
plad:PPGU16_00920	ko:K03520
plad:PPGU16_00930	ko:K03518
plad:PPGU16_00940	ko:K03294
plad:PPGU16_00950	ko:K07689
plad:PPGU16_00970	ko:K00528
plad:PPGU16_00980	ko:K05835
plad:PPGU16_00990	ko:K23509
plad:PPGU16_01000	ko:K23509
plad:PPGU16_01010	ko:K10820
plad:PPGU16_01020	ko:K23508
plad:PPGU16_01030	ko:K02529
plad:PPGU16_01040	ko:K01785
plad:PPGU16_01120	ko:K01426
plad:PPGU16_01140	ko:K01999
plad:PPGU16_01170	ko:K07226
plad:PPGU16_01180	ko:K03746
plad:PPGU16_01200	ko:K03719
plad:PPGU16_01220	ko:K01069
plad:PPGU16_01230	ko:K03642
plad:PPGU16_01240	ko:K07056
plad:PPGU16_01250	ko:K07460
plad:PPGU16_01260	ko:K03271
plad:PPGU16_01270	ko:K28369
plad:PPGU16_01280	ko:K08738
plad:PPGU16_01380	ko:K07484
plad:PPGU16_01390	ko:K07484
plad:PPGU16_01400	ko:K07483
plad:PPGU16_01590	ko:K06920
plad:PPGU16_01600	ko:K01737
plad:PPGU16_01740	ko:K17763
plad:PPGU16_01750	ko:K17762
plad:PPGU16_01760	ko:K17752
plad:PPGU16_01810	ko:K27078
plad:PPGU16_01820	ko:K07347
plad:PPGU16_01840	ko:K07346
plad:PPGU16_01850	ko:K27078
plad:PPGU16_01870	ko:K09965
plad:PPGU16_01880	ko:K03406
plad:PPGU16_01890	ko:K09016
plad:PPGU16_01900	ko:K24163
plad:PPGU16_01920	ko:K06201
plad:PPGU16_01940	ko:K04090
plad:PPGU16_01950	ko:K00799
plad:PPGU16_01960	ko:K08715
plad:PPGU16_01990	ko:K00847
plad:PPGU16_02000	ko:K29027
plad:PPGU16_02030	ko:K14347
plad:PPGU16_02070	ko:K11942
plad:PPGU16_02080	ko:K00459
plad:PPGU16_02090	ko:K01561
plad:PPGU16_02100	ko:K03719
plad:PPGU16_02140	ko:K06938
plad:PPGU16_02160	ko:K01640
plad:PPGU16_02170	ko:K12972
plad:PPGU16_02180	ko:K07002
plad:PPGU16_02200	ko:K02048
plad:PPGU16_02220	ko:K01012
plad:PPGU16_02230	ko:K01935
plad:PPGU16_02240	ko:K00652
plad:PPGU16_02250	ko:K00833
plad:PPGU16_02280	ko:K09858
plad:PPGU16_02290	ko:K00248
plad:PPGU16_02310	ko:K00626
plad:PPGU16_02320	ko:K01673
plad:PPGU16_02330	ko:K00906
plad:PPGU16_02360	ko:K12368
plad:PPGU16_02390	ko:K03673
plad:PPGU16_02410	ko:K01887
plad:PPGU16_02440	ko:K00548
plad:PPGU16_02450	ko:K00548
plad:PPGU16_02470	ko:K01055
plad:PPGU16_02510	ko:K16171
plad:PPGU16_02520	ko:K01999
plad:PPGU16_02560	ko:K21345
plad:PPGU16_02580	ko:K03525
plad:PPGU16_02590	ko:K03524
plad:PPGU16_02600	ko:K02066
plad:PPGU16_02610	ko:K02065
plad:PPGU16_02620	ko:K02067
plad:PPGU16_02630	ko:K18480
plad:PPGU16_02660	ko:K07018
plad:PPGU16_02670	ko:K07258
plad:PPGU16_02680	ko:K09158
plad:PPGU16_02720	ko:K03566
plad:PPGU16_02740	ko:K03801
plad:PPGU16_02750	ko:K03644
plad:PPGU16_02760	ko:K03324
plad:PPGU16_02780	ko:K01126
plad:PPGU16_02790	ko:K02055
plad:PPGU16_02800	ko:K02054
plad:PPGU16_02810	ko:K02053
plad:PPGU16_02820	ko:K02052
plad:PPGU16_02830	ko:K11103
plad:PPGU16_02840	ko:K10125
plad:PPGU16_02850	ko:K10126
plad:PPGU16_02880	ko:K07391
plad:PPGU16_02890	ko:K09806
plad:PPGU16_02900	ko:K04752
plad:PPGU16_02910	ko:K03320
plad:PPGU16_02920	ko:K01919
plad:PPGU16_02930	ko:K01920
plad:PPGU16_02940	ko:K02793
plad:PPGU16_02950	ko:K02784
plad:PPGU16_02960	ko:K08483
plad:PPGU16_02970	ko:K21029
plad:PPGU16_02980	ko:K03797
plad:PPGU16_02990	ko:K01834
plad:PPGU16_03010	ko:K03676
plad:PPGU16_03020	ko:K03071
plad:PPGU16_03030	ko:K00057
plad:PPGU16_03040	ko:K23518
plad:PPGU16_03050	ko:K03216
plad:PPGU16_03070	ko:K02169
plad:PPGU16_03090	ko:K02275
plad:PPGU16_03100	ko:K02274
plad:PPGU16_03110	ko:K02258
plad:PPGU16_03130	ko:K02276
plad:PPGU16_03150	ko:K14998
plad:PPGU16_03170	ko:K02259
plad:PPGU16_03180	ko:K02257
plad:PPGU16_03190	ko:K07152
plad:PPGU16_03210	ko:K03406
plad:PPGU16_03230	ko:K02073
plad:PPGU16_03250	ko:K24967
plad:PPGU16_03260	ko:K01443
plad:PPGU16_03270	ko:K00820
plad:PPGU16_03280	ko:K23993
plad:PPGU16_03290	ko:K02804
plad:PPGU16_03300	ko:K00424
plad:PPGU16_03310	ko:K00426
plad:PPGU16_03320	ko:K00425
plad:PPGU16_03340	ko:K03089
plad:PPGU16_03350	ko:K12976
plad:PPGU16_03370	ko:K01649
plad:PPGU16_03390	ko:K16165
plad:PPGU16_03400	ko:K01800
plad:PPGU16_03410	ko:K03110
plad:PPGU16_03420	ko:K08316
plad:PPGU16_03430	ko:K00954
plad:PPGU16_03450	ko:K00817
plad:PPGU16_03460	ko:K01056
plad:PPGU16_03470	ko:K02897
plad:PPGU16_03480	ko:K00948
plad:PPGU16_03490	ko:K00919
plad:PPGU16_03500	ko:K02494
plad:PPGU16_03520	ko:K10563
plad:PPGU16_03530	ko:K03575
plad:PPGU16_03540	ko:K07157
plad:PPGU16_03550	ko:K06958
plad:PPGU16_03560	ko:K06023
plad:PPGU16_03570	ko:K02806
plad:PPGU16_03580	ko:K05808
plad:PPGU16_03590	ko:K03092
plad:PPGU16_03600	ko:K06861
plad:PPGU16_03610	ko:K09774
plad:PPGU16_03620	ko:K11719
plad:PPGU16_03630	ko:K03270
plad:PPGU16_03640	ko:K06041
plad:PPGU16_03650	ko:K03455
plad:PPGU16_03660	ko:K00759
plad:PPGU16_03690	ko:K01433
plad:PPGU16_03720	ko:K03701
plad:PPGU16_03740	ko:K03111
plad:PPGU16_03750	ko:K00059
plad:PPGU16_03760	ko:K18900
plad:PPGU16_03780	ko:K05874
plad:PPGU16_03800	ko:K02274
plad:PPGU16_03810	ko:K02275
plad:PPGU16_03870	ko:K07687
plad:PPGU16_03880	ko:K07687
plad:PPGU16_03890	ko:K07687
plad:PPGU16_03900	ko:K06188
plad:PPGU16_04000	ko:K06015
plad:PPGU16_04020	ko:K06879
plad:PPGU16_04030	ko:K01081
plad:PPGU16_04040	ko:K01754
plad:PPGU16_04080	ko:K03183
plad:PPGU16_04100	ko:K03690
plad:PPGU16_04110	ko:K03688
plad:PPGU16_04150	ko:K01876
plad:PPGU16_04160	ko:K08310
plad:PPGU16_04170	ko:K06131
plad:PPGU16_04190	ko:K20035
plad:PPGU16_04200	ko:K07516
plad:PPGU16_04210	ko:K00632
plad:PPGU16_04230	ko:K02379
plad:PPGU16_04260	ko:K10806
plad:PPGU16_04270	ko:K24821
plad:PPGU16_04290	ko:K00992
plad:PPGU16_04300	ko:K07102
plad:PPGU16_04310	ko:K04744
plad:PPGU16_04320	ko:K03771
plad:PPGU16_04330	ko:K00097
plad:PPGU16_04340	ko:K02528
plad:PPGU16_04360	ko:K01759
plad:PPGU16_04380	ko:K00655
plad:PPGU16_04390	ko:K03273
plad:PPGU16_04400	ko:K01879
plad:PPGU16_04410	ko:K01878
plad:PPGU16_04420	ko:K03820
plad:PPGU16_04430	ko:K06189
plad:PPGU16_04440	ko:K07232
plad:PPGU16_04450	ko:K07042
plad:PPGU16_04460	ko:K06217
plad:PPGU16_04470	ko:K06168
plad:PPGU16_04500	ko:K19577
plad:PPGU16_04520	ko:K02858
plad:PPGU16_04540	ko:K00864
plad:PPGU16_04550	ko:K00111
plad:PPGU16_04580	ko:K02444
plad:PPGU16_04610	ko:K11927
plad:PPGU16_04620	ko:K11068
plad:PPGU16_04660	ko:K07156
plad:PPGU16_04670	ko:K07245
plad:PPGU16_04690	ko:K01684
plad:PPGU16_04710	ko:K03446
plad:PPGU16_04750	ko:K02483
plad:PPGU16_04760	ko:K03553
plad:PPGU16_04770	ko:K03565
plad:PPGU16_04790	ko:K01903
plad:PPGU16_04800	ko:K01902
plad:PPGU16_04820	ko:K02650
plad:PPGU16_04840	ko:K03637
plad:PPGU16_04850	ko:K01423
plad:PPGU16_04870	ko:K07019
plad:PPGU16_04890	ko:K02843
plad:PPGU16_04910	ko:K00826
plad:PPGU16_04920	ko:K26605
plad:PPGU16_04930	ko:K26606
plad:PPGU16_04940	ko:K00927
plad:PPGU16_04950	ko:K00873
plad:PPGU16_04960	ko:K01624
plad:PPGU16_04970	ko:K01923
plad:PPGU16_04980	ko:K01588
plad:PPGU16_04990	ko:K01589
plad:PPGU16_05000	ko:K07566
plad:PPGU16_05030	ko:K07259
plad:PPGU16_05040	ko:K02483
plad:PPGU16_05050	ko:K02484
plad:PPGU16_05060	ko:K04771
plad:PPGU16_05120	ko:K03577
plad:PPGU16_05130	ko:K03585
plad:PPGU16_05140	ko:K18138
plad:PPGU16_05150	ko:K18139
plad:PPGU16_05170	ko:K24206
plad:PPGU16_05180	ko:K00854
plad:PPGU16_05190	ko:K00121
plad:PPGU16_05200	ko:K01070
plad:PPGU16_05210	ko:K02075
plad:PPGU16_05220	ko:K02074
plad:PPGU16_05230	ko:K02077
plad:PPGU16_05240	ko:K09823
plad:PPGU16_05250	ko:K21620
plad:PPGU16_05260	ko:K10227
plad:PPGU16_05270	ko:K10228
plad:PPGU16_05280	ko:K10229
plad:PPGU16_05300	ko:K10111
plad:PPGU16_05330	ko:K00854
plad:PPGU16_05340	ko:K00007
plad:PPGU16_05360	ko:K10439
plad:PPGU16_05370	ko:K10441
plad:PPGU16_05380	ko:K10440
plad:PPGU16_05390	ko:K23271
plad:PPGU16_05400	ko:K24707
plad:PPGU16_05420	ko:K00453
plad:PPGU16_05430	ko:K01556
plad:PPGU16_05440	ko:K07130
plad:PPGU16_05450	ko:K03719
plad:PPGU16_05470	ko:K07304
plad:PPGU16_05490	ko:K00574
plad:PPGU16_05500	ko:K00275
plad:PPGU16_05510	ko:K22132
plad:PPGU16_05520	ko:K05838
plad:PPGU16_05540	ko:K15268
plad:PPGU16_05550	ko:K01448
plad:PPGU16_05560	ko:K06925
plad:PPGU16_05570	ko:K18979
plad:PPGU16_05580	ko:K00567
plad:PPGU16_05590	ko:K04763
plad:PPGU16_05600	ko:K01897
plad:PPGU16_05620	ko:K08591
plad:PPGU16_05630	ko:K09767
plad:PPGU16_05640	ko:K00075
plad:PPGU16_05650	ko:K00611
plad:PPGU16_05670	ko:K02968
plad:PPGU16_05680	ko:K03980
plad:PPGU16_05710	ko:K00939
plad:PPGU16_05720	ko:K00979
plad:PPGU16_05730	ko:K09791
plad:PPGU16_05740	ko:K00912
plad:PPGU16_05750	ko:K03601
plad:PPGU16_05760	ko:K04564
plad:PPGU16_05770	ko:K01796
plad:PPGU16_05780	ko:K03521
plad:PPGU16_05790	ko:K03522
plad:PPGU16_05820	ko:K00059
plad:PPGU16_05860	ko:K00249
plad:PPGU16_05870	ko:K12508
plad:PPGU16_05910	ko:K00128
plad:PPGU16_05940	ko:K00311
plad:PPGU16_05980	ko:K01358
plad:PPGU16_06050	ko:K01647
plad:PPGU16_06070	ko:K24967
plad:PPGU16_06110	ko:K02031
plad:PPGU16_06110	ko:K02032
plad:PPGU16_06120	ko:K02034
plad:PPGU16_06130	ko:K02033
plad:PPGU16_06140	ko:K02035
plad:PPGU16_06150	ko:K07241
plad:PPGU16_06170	ko:K02355
plad:PPGU16_06180	ko:K09005
plad:PPGU16_06190	ko:K06181
plad:PPGU16_06200	ko:K00031
plad:PPGU16_06230	ko:K03704
plad:PPGU16_06240	ko:K06891
plad:PPGU16_06250	ko:K03694
plad:PPGU16_06260	ko:K01520
plad:PPGU16_06280	ko:K13038
plad:PPGU16_06290	ko:K03101
plad:PPGU16_06300	ko:K01870
plad:PPGU16_06310	ko:K11753
plad:PPGU16_06320	ko:K11175
plad:PPGU16_06330	ko:K03500
plad:PPGU16_06350	ko:K00507
plad:PPGU16_06360	ko:K03517
plad:PPGU16_06370	ko:K00767
plad:PPGU16_06380	ko:K00278
plad:PPGU16_06390	ko:K02913
plad:PPGU16_06400	ko:K02902
plad:PPGU16_06410	ko:K03630
plad:PPGU16_06420	ko:K03774
plad:PPGU16_06430	ko:K03527
plad:PPGU16_06440	ko:K01999
plad:PPGU16_06450	ko:K01997
plad:PPGU16_06460	ko:K01998
plad:PPGU16_06470	ko:K01995
plad:PPGU16_06480	ko:K01996
plad:PPGU16_06500	ko:K00821
plad:PPGU16_06510	ko:K00523
plad:PPGU16_06540	ko:K06183
plad:PPGU16_06550	ko:K02000
plad:PPGU16_06560	ko:K02001
plad:PPGU16_06570	ko:K02002
plad:PPGU16_06620	ko:K11734
plad:PPGU16_06630	ko:K02495
plad:PPGU16_06650	ko:K06940
plad:PPGU16_06670	ko:K06153
plad:PPGU16_06680	ko:K03439
plad:PPGU16_06690	ko:K02221
plad:PPGU16_06750	ko:K03182
plad:PPGU16_06780	ko:K03625
plad:PPGU16_06790	ko:K00794
plad:PPGU16_06800	ko:K14652
plad:PPGU16_06810	ko:K00793
plad:PPGU16_06820	ko:K11752
plad:PPGU16_06830	ko:K01845
plad:PPGU16_06850	ko:K07552
plad:PPGU16_06860	ko:K00845
plad:PPGU16_06870	ko:K01057
plad:PPGU16_06880	ko:K00036
plad:PPGU16_06890	ko:K17315
plad:PPGU16_06900	ko:K17316
plad:PPGU16_06910	ko:K17317
plad:PPGU16_06920	ko:K10112
plad:PPGU16_06960	ko:K00384
plad:PPGU16_06970	ko:K03466
plad:PPGU16_06980	ko:K03634
plad:PPGU16_07000	ko:K12255
plad:PPGU16_07010	ko:K03457
plad:PPGU16_07020	ko:K07478
plad:PPGU16_07030	ko:K01875
plad:PPGU16_07090	ko:K03585
plad:PPGU16_07100	ko:K18138
plad:PPGU16_07110	ko:K18139
plad:PPGU16_07120	ko:K03808
plad:PPGU16_07130	ko:K06192
plad:PPGU16_07140	ko:K09857
plad:PPGU16_07150	ko:K01265
plad:PPGU16_07170	ko:K03610
plad:PPGU16_07180	ko:K03609
plad:PPGU16_07190	ko:K03608
plad:PPGU16_07210	ko:K03281
plad:PPGU16_07220	ko:K02841
plad:PPGU16_07260	ko:K03832
plad:PPGU16_07280	ko:K01519
plad:PPGU16_07290	ko:K00989
plad:PPGU16_07310	ko:K00942
plad:PPGU16_07320	ko:K03060
plad:PPGU16_07330	ko:K01139
plad:PPGU16_07350	ko:K04760
plad:PPGU16_07360	ko:K03285
plad:PPGU16_07380	ko:K03704
plad:PPGU16_07390	ko:K02342
plad:PPGU16_07400	ko:K04093
plad:PPGU16_07430	ko:K02014
plad:PPGU16_07470	ko:K18702
plad:PPGU16_07490	ko:K03841
plad:PPGU16_07500	ko:K21498
plad:PPGU16_07510	ko:K07334
plad:PPGU16_07520	ko:K01256
plad:PPGU16_07540	ko:K23541
plad:PPGU16_07570	ko:K02078
plad:PPGU16_07580	ko:K02078
plad:PPGU16_07620	ko:K01745
plad:PPGU16_07630	ko:K07107
plad:PPGU16_07660	ko:K00647
plad:PPGU16_07680	ko:K00059
plad:PPGU16_07690	ko:K09458
plad:PPGU16_07700	ko:K00647
plad:PPGU16_07750	ko:K11904
plad:PPGU16_07790	ko:K01487
plad:PPGU16_07800	ko:K21053
plad:PPGU16_07810	ko:K07402
plad:PPGU16_07820	ko:K13482
plad:PPGU16_07830	ko:K13481
plad:PPGU16_07840	ko:K03611
plad:PPGU16_07850	ko:K02433
plad:PPGU16_07860	ko:K26735
plad:PPGU16_07930	ko:K21903
plad:PPGU16_07940	ko:K16264
plad:PPGU16_07960	ko:K00126
plad:PPGU16_07970	ko:K00123
plad:PPGU16_07980	ko:K00124
plad:PPGU16_07990	ko:K00127
plad:PPGU16_08050	ko:K22292
plad:PPGU16_08060	ko:K00568
plad:PPGU16_08070	ko:K03286
plad:PPGU16_08080	ko:K02469
plad:PPGU16_08090	ko:K09924
plad:PPGU16_08100	ko:K00831
plad:PPGU16_08110	ko:K14170
plad:PPGU16_08120	ko:K00817
plad:PPGU16_08130	ko:K04517
plad:PPGU16_08140	ko:K00800
plad:PPGU16_08150	ko:K00945
plad:PPGU16_08160	ko:K02945
plad:PPGU16_08170	ko:K05788
plad:PPGU16_08190	ko:K08992
plad:PPGU16_08200	ko:K19804
plad:PPGU16_08210	ko:K00012
plad:PPGU16_08220	ko:K21344
plad:PPGU16_08230	ko:K03274
plad:PPGU16_08240	ko:K02237
plad:PPGU16_08250	ko:K12339
plad:PPGU16_08260	ko:K08305
plad:PPGU16_08290	ko:K01054
plad:PPGU16_08300	ko:K02071
plad:PPGU16_08310	ko:K02072
plad:PPGU16_08320	ko:K02073
plad:PPGU16_08330	ko:K03521
plad:PPGU16_08340	ko:K03522
plad:PPGU16_08350	ko:K20035
plad:PPGU16_08360	ko:K00285
plad:PPGU16_08370	ko:K03719
plad:PPGU16_08400	ko:K02959
plad:PPGU16_08410	ko:K02860
plad:PPGU16_08420	ko:K00554
plad:PPGU16_08430	ko:K02884
plad:PPGU16_08450	ko:K02227
plad:PPGU16_08470	ko:K06949
plad:PPGU16_08480	ko:K06013
plad:PPGU16_08490	ko:K13288
plad:PPGU16_08500	ko:K03831
plad:PPGU16_08510	ko:K09889
plad:PPGU16_08520	ko:K03592
plad:PPGU16_08530	ko:K00287
plad:PPGU16_08570	ko:K06992
plad:PPGU16_08630	ko:K00560
plad:PPGU16_08690	ko:K01679
plad:PPGU16_08700	ko:K06132
plad:PPGU16_08710	ko:K03453
plad:PPGU16_08720	ko:K26939
plad:PPGU16_08730	ko:K14761
plad:PPGU16_08760	ko:K03657
plad:PPGU16_08780	ko:K26606
plad:PPGU16_08790	ko:K26605
plad:PPGU16_08810	ko:K05805
plad:PPGU16_08820	ko:K05524
plad:PPGU16_08830	ko:K00763
plad:PPGU16_08840	ko:K00782
plad:PPGU16_08860	ko:K00090
plad:PPGU16_08870	ko:K09760
plad:PPGU16_08900	ko:K03750
plad:PPGU16_08910	ko:K03752
plad:PPGU16_08920	ko:K03639
plad:PPGU16_08930	ko:K08300
plad:PPGU16_08940	ko:K06179
plad:PPGU16_08950	ko:K01091
plad:PPGU16_08970	ko:K04773
plad:PPGU16_08980	ko:K07056
plad:PPGU16_08990	ko:K25422
plad:PPGU16_09000	ko:K07040
plad:PPGU16_09010	ko:K02911
plad:PPGU16_09020	ko:K03621
plad:PPGU16_09030	ko:K00648
plad:PPGU16_09040	ko:K00645
plad:PPGU16_09050	ko:K00059
plad:PPGU16_09060	ko:K02078
plad:PPGU16_09070	ko:K09458
plad:PPGU16_09090	ko:K03088
plad:PPGU16_09100	ko:K03597
plad:PPGU16_09110	ko:K03598
plad:PPGU16_09120	ko:K04771
plad:PPGU16_09140	ko:K03596
plad:PPGU16_09150	ko:K03100
plad:PPGU16_09160	ko:K03685
plad:PPGU16_09170	ko:K03595
plad:PPGU16_09180	ko:K03584
plad:PPGU16_09190	ko:K03474
plad:PPGU16_09200	ko:K00997
plad:PPGU16_09210	ko:K01207
plad:PPGU16_09240	ko:K02356
plad:PPGU16_09260	ko:K03703
plad:PPGU16_09270	ko:K00995
plad:PPGU16_09280	ko:K02348
plad:PPGU16_09290	ko:K02351
plad:PPGU16_09300	ko:K09796
plad:PPGU16_09310	ko:K07152
plad:PPGU16_09320	ko:K01087
plad:PPGU16_09330	ko:K00697
plad:PPGU16_09340	ko:K06147
plad:PPGU16_09370	ko:K08983
plad:PPGU16_09410	ko:K02342
plad:PPGU16_09420	ko:K03469
plad:PPGU16_09440	ko:K01069
plad:PPGU16_09450	ko:K08307
plad:PPGU16_09470	ko:K01956
plad:PPGU16_09480	ko:K01955
plad:PPGU16_09490	ko:K03624
plad:PPGU16_09510	ko:K07574
plad:PPGU16_09520	ko:K02427
plad:PPGU16_09530	ko:K03798
plad:PPGU16_09540	ko:K00796
plad:PPGU16_09550	ko:K03431
plad:PPGU16_09560	ko:K02040
plad:PPGU16_09570	ko:K02037
plad:PPGU16_09580	ko:K02038
plad:PPGU16_09590	ko:K02036
plad:PPGU16_09600	ko:K02039
plad:PPGU16_09610	ko:K07657
plad:PPGU16_09620	ko:K07636
plad:PPGU16_09640	ko:K00937
plad:PPGU16_09650	ko:K01524
plad:PPGU16_09660	ko:K22310
plad:PPGU16_09670	ko:K08296
plad:PPGU16_09710	ko:K26937
plad:PPGU16_09760	ko:K06153
plad:PPGU16_09830	ko:K01886
plad:PPGU16_09840	ko:K00681
plad:PPGU16_09850	ko:K07002
plad:PPGU16_09860	ko:K01041
plad:PPGU16_09870	ko:K01872
plad:PPGU16_09900	ko:K01620
plad:PPGU16_09910	ko:K00043
plad:PPGU16_09920	ko:K07107
plad:PPGU16_09930	ko:K01997
plad:PPGU16_09940	ko:K01998
plad:PPGU16_09950	ko:K01995
plad:PPGU16_09960	ko:K01996
plad:PPGU16_09980	ko:K03337
plad:PPGU16_09990	ko:K03335
plad:PPGU16_10000	ko:K03336
plad:PPGU16_10010	ko:K03338
plad:PPGU16_10020	ko:K02056
plad:PPGU16_10030	ko:K02057
plad:PPGU16_10040	ko:K02058
plad:PPGU16_10060	ko:K00010
plad:PPGU16_10070	ko:K00010
plad:PPGU16_10080	ko:K04085
plad:PPGU16_10090	ko:K00963
plad:PPGU16_10100	ko:K01873
plad:PPGU16_10110	ko:K03657
plad:PPGU16_10120	ko:K01243
plad:PPGU16_10130	ko:K01908
plad:PPGU16_10140	ko:K08223
plad:PPGU16_10150	ko:K03406
plad:PPGU16_10190	ko:K18139
plad:PPGU16_10250	ko:K03809
plad:PPGU16_10260	ko:K07058
plad:PPGU16_10290	ko:K01740
plad:PPGU16_10320	ko:K01736
plad:PPGU16_10340	ko:K00311
plad:PPGU16_10360	ko:K07107
plad:PPGU16_10380	ko:K01028
plad:PPGU16_10390	ko:K01029
plad:PPGU16_10420	ko:K00951
plad:PPGU16_10430	ko:K01868
plad:PPGU16_10440	ko:K02520
plad:PPGU16_10450	ko:K02916
plad:PPGU16_10460	ko:K02887
plad:PPGU16_10470	ko:K01889
plad:PPGU16_10480	ko:K01890
plad:PPGU16_10490	ko:K04764
plad:PPGU16_10520	ko:K03701
plad:PPGU16_10530	ko:K03304
plad:PPGU16_10540	ko:K11209
plad:PPGU16_10550	ko:K01114
plad:PPGU16_10570	ko:K04110
plad:PPGU16_10590	ko:K15546
plad:PPGU16_10600	ko:K15513
plad:PPGU16_10610	ko:K15512
plad:PPGU16_10620	ko:K15511
plad:PPGU16_10630	ko:K09017
plad:PPGU16_10640	ko:K06016
plad:PPGU16_10650	ko:K17722
plad:PPGU16_10660	ko:K17723
plad:PPGU16_10670	ko:K03457
plad:PPGU16_10680	ko:K01464
plad:PPGU16_10690	ko:K02424
plad:PPGU16_10700	ko:K10009
plad:PPGU16_10710	ko:K10010
plad:PPGU16_10770	ko:K07287
plad:PPGU16_10800	ko:K03303
plad:PPGU16_10820	ko:K04062
plad:PPGU16_10830	ko:K03147
plad:PPGU16_10930	ko:K03594
plad:PPGU16_10970	ko:K03651
plad:PPGU16_10980	ko:K02052
plad:PPGU16_10990	ko:K02053
plad:PPGU16_11000	ko:K02053
plad:PPGU16_11010	ko:K02055
plad:PPGU16_11080	ko:K11312
plad:PPGU16_11090	ko:K24915
plad:PPGU16_11100	ko:K07095
plad:PPGU16_11110	ko:K03762
plad:PPGU16_11130	ko:K14682
plad:PPGU16_11150	ko:K03578
plad:PPGU16_11210	ko:K01915
plad:PPGU16_11220	ko:K07708
plad:PPGU16_11230	ko:K07712
plad:PPGU16_11240	ko:K01142
plad:PPGU16_11250	ko:K25316
plad:PPGU16_11260	ko:K01485
plad:PPGU16_11270	ko:K01414
plad:PPGU16_11290	ko:K01491
plad:PPGU16_11340	ko:K00163
plad:PPGU16_11350	ko:K00627
plad:PPGU16_11360	ko:K00382
plad:PPGU16_11390	ko:K07262
plad:PPGU16_11410	ko:K18928
plad:PPGU16_11420	ko:K18929
plad:PPGU16_11450	ko:K25307
plad:PPGU16_11460	ko:K13643
plad:PPGU16_11470	ko:K04487
plad:PPGU16_11480	ko:K04488
plad:PPGU16_11490	ko:K13628
plad:PPGU16_11500	ko:K04082
plad:PPGU16_11510	ko:K04044
plad:PPGU16_11520	ko:K04755
plad:PPGU16_11550	ko:K04567
plad:PPGU16_11560	ko:K02836
plad:PPGU16_11570	ko:K07462
plad:PPGU16_11590	ko:K09808
plad:PPGU16_11600	ko:K09810
plad:PPGU16_11610	ko:K03424
plad:PPGU16_11620	ko:K02238
plad:PPGU16_11640	ko:K01937
plad:PPGU16_11650	ko:K01627
plad:PPGU16_11660	ko:K01689
plad:PPGU16_11670	ko:K05589
plad:PPGU16_11690	ko:K04083
plad:PPGU16_11700	ko:K28956
plad:PPGU16_11730	ko:K07053
plad:PPGU16_11760	ko:K01867
plad:PPGU16_11780	ko:K01714
plad:PPGU16_11790	ko:K07287
plad:PPGU16_11810	ko:K19416
plad:PPGU16_11820	ko:K00940
plad:PPGU16_11830	ko:K06941
plad:PPGU16_11840	ko:K15539
plad:PPGU16_11850	ko:K03526
plad:PPGU16_11860	ko:K01892
plad:PPGU16_11880	ko:K17713
plad:PPGU16_11900	ko:K03977
plad:PPGU16_11910	ko:K03666
plad:PPGU16_11920	ko:K03665
plad:PPGU16_11930	ko:K04088
plad:PPGU16_11940	ko:K04087
plad:PPGU16_11950	ko:K09937
plad:PPGU16_11960	ko:K02502
plad:PPGU16_11970	ko:K01939
plad:PPGU16_11980	ko:K07101
plad:PPGU16_11990	ko:K03549
plad:PPGU16_12010	ko:K06959
plad:PPGU16_12040	ko:K03722
plad:PPGU16_12050	ko:K18850
plad:PPGU16_12060	ko:K03775
plad:PPGU16_12080	ko:K03555
plad:PPGU16_12090	ko:K08227
plad:PPGU16_12100	ko:K01092
plad:PPGU16_12110	ko:K02533
plad:PPGU16_12120	ko:K00640
plad:PPGU16_12130	ko:K03269
plad:PPGU16_12140	ko:K03768
plad:PPGU16_12150	ko:K03767
plad:PPGU16_12170	ko:K01883
plad:PPGU16_12180	ko:K01247
plad:PPGU16_12190	ko:K01962
plad:PPGU16_12200	ko:K04075
plad:PPGU16_12210	ko:K00928
plad:PPGU16_12230	ko:K00208
plad:PPGU16_12240	ko:K13893
plad:PPGU16_12250	ko:K13894
plad:PPGU16_12260	ko:K13895
plad:PPGU16_12270	ko:K13896
plad:PPGU16_12300	ko:K07001
plad:PPGU16_12310	ko:K01885
plad:PPGU16_12340	ko:K02553
plad:PPGU16_12360	ko:K01638
plad:PPGU16_12370	ko:K01560
plad:PPGU16_12400	ko:K01637
plad:PPGU16_12430	ko:K14742
plad:PPGU16_12440	ko:K03789
plad:PPGU16_12450	ko:K21929
plad:PPGU16_12460	ko:K09977
plad:PPGU16_12470	ko:K00941
plad:PPGU16_12480	ko:K08227
plad:PPGU16_12490	ko:K01775
plad:PPGU16_12500	ko:K04485
plad:PPGU16_12530	ko:K06158
plad:PPGU16_12540	ko:K00432
plad:PPGU16_12550	ko:K06131
plad:PPGU16_12560	ko:K07320
plad:PPGU16_12570	ko:K01439
plad:PPGU16_12590	ko:K00674
plad:PPGU16_12600	ko:K14267
plad:PPGU16_12630	ko:K03529
plad:PPGU16_12660	ko:K01972
plad:PPGU16_12670	ko:K01462
plad:PPGU16_12680	ko:K06182
plad:PPGU16_12700	ko:K00990
plad:PPGU16_12710	ko:K01265
plad:PPGU16_12720	ko:K02967
plad:PPGU16_12730	ko:K02357
plad:PPGU16_12740	ko:K09903
plad:PPGU16_12750	ko:K02838
plad:PPGU16_12760	ko:K00806
plad:PPGU16_12770	ko:K00981
plad:PPGU16_12780	ko:K00099
plad:PPGU16_12790	ko:K11749
plad:PPGU16_12800	ko:K07277
plad:PPGU16_12810	ko:K06142
plad:PPGU16_12820	ko:K02536
plad:PPGU16_12830	ko:K02372
plad:PPGU16_12840	ko:K00677
plad:PPGU16_12850	ko:K00748
plad:PPGU16_12860	ko:K03470
plad:PPGU16_12870	ko:K03437
plad:PPGU16_12880	ko:K09773
plad:PPGU16_12900	ko:K01007
plad:PPGU16_12930	ko:K03664
plad:PPGU16_12950	ko:K09801
plad:PPGU16_12970	ko:K00088
plad:PPGU16_12990	ko:K01951
plad:PPGU16_13010	ko:K21929
plad:PPGU16_13030	ko:K14052
plad:PPGU16_13040	ko:K18540
plad:PPGU16_13080	ko:K11991
plad:PPGU16_13090	ko:K01297
plad:PPGU16_13110	ko:K03457
plad:PPGU16_13120	ko:K16841
plad:PPGU16_13130	ko:K16842
plad:PPGU16_13140	ko:K13485
plad:PPGU16_13150	ko:K01477
plad:PPGU16_13160	ko:K01483
plad:PPGU16_13190	ko:K07127
plad:PPGU16_13200	ko:K18456
plad:PPGU16_13220	ko:K23537
plad:PPGU16_13230	ko:K23535
plad:PPGU16_13240	ko:K23536
plad:PPGU16_13250	ko:K07335
plad:PPGU16_13260	ko:K09165
plad:PPGU16_13290	ko:K00128
plad:PPGU16_13300	ko:K00459
plad:PPGU16_13310	ko:K07275
plad:PPGU16_13320	ko:K06938
plad:PPGU16_13330	ko:K03322
plad:PPGU16_13340	ko:K11073
plad:PPGU16_13350	ko:K11076
plad:PPGU16_13360	ko:K11075
plad:PPGU16_13370	ko:K11074
plad:PPGU16_13390	ko:K03406
plad:PPGU16_13430	ko:K22105
plad:PPGU16_13450	ko:K03969
plad:PPGU16_13470	ko:K05366
plad:PPGU16_13490	ko:K18303
plad:PPGU16_13500	ko:K18302
plad:PPGU16_13570	ko:K03281
plad:PPGU16_13580	ko:K00799
plad:PPGU16_13620	ko:K00874
plad:PPGU16_13640	ko:K00090
plad:PPGU16_13650	ko:K02525
plad:PPGU16_13740	ko:K21495
plad:PPGU16_13750	ko:K07062
plad:PPGU16_13770	ko:K03284
plad:PPGU16_13790	ko:K10439
plad:PPGU16_13800	ko:K10441
plad:PPGU16_13810	ko:K10440
plad:PPGU16_13820	ko:K02529
plad:PPGU16_13830	ko:K00852
plad:PPGU16_13840	ko:K05874
plad:PPGU16_13860	ko:K07180
plad:PPGU16_13870	ko:K09786
plad:PPGU16_13880	ko:K06415
plad:PPGU16_13890	ko:K03761
plad:PPGU16_13950	ko:K03442
plad:PPGU16_13980	ko:K06131
plad:PPGU16_14030	ko:K21990
plad:PPGU16_14070	ko:K00484
plad:PPGU16_14090	ko:K00059
plad:PPGU16_14100	ko:K01426
plad:PPGU16_14130	ko:K22027
plad:PPGU16_14160	ko:K01821
plad:PPGU16_14210	ko:K19745
plad:PPGU16_14290	ko:K00854
plad:PPGU16_14300	ko:K09702
plad:PPGU16_14320	ko:K03781
plad:PPGU16_14390	ko:K11935
plad:PPGU16_14400	ko:K11931
plad:PPGU16_14410	ko:K11936
plad:PPGU16_14430	ko:K00820
plad:PPGU16_14460	ko:K02483
plad:PPGU16_14480	ko:K07117
plad:PPGU16_14500	ko:K07645
plad:PPGU16_14510	ko:K07666
plad:PPGU16_14580	ko:K03711
plad:PPGU16_14590	ko:K01673
plad:PPGU16_14650	ko:K00819
plad:PPGU16_14660	ko:K05786
plad:PPGU16_14690	ko:K03724
plad:PPGU16_14710	ko:K17850
plad:PPGU16_14720	ko:K17836
plad:PPGU16_14730	ko:K01467
plad:PPGU16_14790	ko:K04095
plad:PPGU16_14800	ko:K03299
plad:PPGU16_14810	ko:K03285
plad:PPGU16_14830	ko:K02402
plad:PPGU16_14840	ko:K02403
plad:PPGU16_14850	ko:K08137
plad:PPGU16_14870	ko:K07552
plad:PPGU16_14910	ko:K01607
plad:PPGU16_14940	ko:K25260
plad:PPGU16_14950	ko:K08194
plad:PPGU16_14960	ko:K00097
plad:PPGU16_14980	ko:K13876
plad:PPGU16_15030	ko:K16137
plad:PPGU16_15040	ko:K00799
plad:PPGU16_15100	ko:K03607
plad:PPGU16_15120	ko:K26400
plad:PPGU16_15130	ko:K27848
plad:PPGU16_15140	ko:K02624
plad:PPGU16_15150	ko:K07100
plad:PPGU16_15160	ko:K00963
plad:PPGU16_15240	ko:K01711
plad:PPGU16_15250	ko:K07154
plad:PPGU16_15320	ko:K16692
plad:PPGU16_15330	ko:K01991
plad:PPGU16_15340	ko:K25307
plad:PPGU16_15350	ko:K00012
plad:PPGU16_15370	ko:K16011
plad:PPGU16_15390	ko:K09780
plad:PPGU16_15450	ko:K00697
plad:PPGU16_15470	ko:K06867
plad:PPGU16_15480	ko:K03424
plad:PPGU16_15500	ko:K02341
plad:PPGU16_15510	ko:K00943
plad:PPGU16_15520	ko:K07082
plad:PPGU16_15530	ko:K06980
plad:PPGU16_15570	ko:K23256
plad:PPGU16_15650	ko:K00632
plad:PPGU16_15660	ko:K08281
plad:PPGU16_15670	ko:K07516
plad:PPGU16_15680	ko:K20034
plad:PPGU16_15690	ko:K08997
plad:PPGU16_15700	ko:K06190
plad:PPGU16_15710	ko:K05527
plad:PPGU16_15720	ko:K03769
plad:PPGU16_15730	ko:K01952
plad:PPGU16_15750	ko:K23997
plad:PPGU16_15760	ko:K01810
plad:PPGU16_15770	ko:K02003
plad:PPGU16_15780	ko:K10804
plad:PPGU16_15800	ko:K03770
plad:PPGU16_15810	ko:K03530
plad:PPGU16_15820	ko:K01338
plad:PPGU16_15830	ko:K03544
plad:PPGU16_15840	ko:K01358
plad:PPGU16_15850	ko:K03545
plad:PPGU16_15860	ko:K00865
plad:PPGU16_15890	ko:K02291
plad:PPGU16_15920	ko:K07659
plad:PPGU16_15930	ko:K07638
plad:PPGU16_15940	ko:K24126
plad:PPGU16_15950	ko:K04756
plad:PPGU16_15970	ko:K01770
plad:PPGU16_15980	ko:K00991
plad:PPGU16_15990	ko:K03723
plad:PPGU16_16010	ko:K01438
plad:PPGU16_16020	ko:K01754
plad:PPGU16_16030	ko:K03282
plad:PPGU16_16080	ko:K07290
plad:PPGU16_16090	ko:K02068
plad:PPGU16_16100	ko:K02069
plad:PPGU16_16150	ko:K01971
plad:PPGU16_16160	ko:K10979
plad:PPGU16_16180	ko:K01184
plad:PPGU16_16190	ko:K01079
plad:PPGU16_16200	ko:K01760
plad:PPGU16_16220	ko:K00626
plad:PPGU16_16230	ko:K00874
plad:PPGU16_16240	ko:K14441
plad:PPGU16_16270	ko:K00023
plad:PPGU16_16280	ko:K00626
plad:PPGU16_16290	ko:K03821
plad:PPGU16_16300	ko:K05810
plad:PPGU16_16310	ko:K06180
plad:PPGU16_16320	ko:K05807
plad:PPGU16_16330	ko:K03215
plad:PPGU16_16360	ko:K07501
plad:PPGU16_16370	ko:K03087
plad:PPGU16_16380	ko:K06194
plad:PPGU16_16390	ko:K00573
plad:PPGU16_16400	ko:K03787
plad:PPGU16_16410	ko:K00344
plad:PPGU16_16420	ko:K15554
plad:PPGU16_16430	ko:K15555
plad:PPGU16_16440	ko:K15553
plad:PPGU16_16450	ko:K18313
plad:PPGU16_16460	ko:K06187
plad:PPGU16_16470	ko:K09747
plad:PPGU16_16480	ko:K02343
plad:PPGU16_16490	ko:K03671
plad:PPGU16_16500	ko:K03628
plad:PPGU16_16520	ko:K09933
plad:PPGU16_16530	ko:K02909
plad:PPGU16_16550	ko:K26939
plad:PPGU16_16560	ko:K01607
plad:PPGU16_16580	ko:K06894
plad:PPGU16_16590	ko:K05367
plad:PPGU16_16600	ko:K02237
plad:PPGU16_16620	ko:K03695
plad:PPGU16_16630	ko:K13771
plad:PPGU16_16640	ko:K06886
plad:PPGU16_16650	ko:K03635
plad:PPGU16_16660	ko:K03636
plad:PPGU16_16670	ko:K03750
plad:PPGU16_16680	ko:K01733
plad:PPGU16_16690	ko:K00003
plad:PPGU16_16700	ko:K14260
plad:PPGU16_16750	ko:K10012
plad:PPGU16_16760	ko:K00604
plad:PPGU16_16780	ko:K13014
plad:PPGU16_16790	ko:K03564
plad:PPGU16_16800	ko:K07175
plad:PPGU16_16830	ko:K03306
plad:PPGU16_16840	ko:K07220
plad:PPGU16_16850	ko:K02314
plad:PPGU16_16860	ko:K02939
plad:PPGU16_16870	ko:K02963
plad:PPGU16_16880	ko:K02686
plad:PPGU16_16890	ko:K02990
plad:PPGU16_16910	ko:K03088
plad:PPGU16_16930	ko:K02275
plad:PPGU16_16950	ko:K01608
plad:PPGU16_16960	ko:K01816
plad:PPGU16_16970	ko:K00042
plad:PPGU16_17010	ko:K01424
plad:PPGU16_17020	ko:K13635
plad:PPGU16_17030	ko:K02045
plad:PPGU16_17040	ko:K02047
plad:PPGU16_17050	ko:K02046
plad:PPGU16_17060	ko:K23163
plad:PPGU16_17070	ko:K01356
plad:PPGU16_17110	ko:K09695
plad:PPGU16_17120	ko:K09694
plad:PPGU16_17140	ko:K07089
plad:PPGU16_17170	ko:K09954
plad:PPGU16_17190	ko:K07001
plad:PPGU16_17230	ko:K03791
plad:PPGU16_18040	ko:K05539
plad:PPGU16_18100	ko:K15555
plad:PPGU16_18110	ko:K15554
plad:PPGU16_18120	ko:K04091
plad:PPGU16_18210	ko:K03297
plad:PPGU16_18270	ko:K11904
plad:PPGU16_18320	ko:K11904
plad:PPGU16_18340	ko:K01185
plad:PPGU16_18350	ko:K11902
plad:PPGU16_18360	ko:K11895
plad:PPGU16_18370	ko:K11896
plad:PPGU16_18380	ko:K11897
plad:PPGU16_18390	ko:K11898
plad:PPGU16_18410	ko:K11907
plad:PPGU16_18420	ko:K11901
plad:PPGU16_18430	ko:K11900
plad:PPGU16_18460	ko:K11903
plad:PPGU16_18470	ko:K11906
plad:PPGU16_18480	ko:K11893
plad:PPGU16_18490	ko:K11892
plad:PPGU16_18500	ko:K11891
plad:PPGU16_18520	ko:K00684
plad:PPGU16_18530	ko:K21420
plad:PPGU16_18540	ko:K00254
plad:PPGU16_18550	ko:K03100
plad:PPGU16_18610	ko:K06133
plad:PPGU16_18670	ko:K07270
plad:PPGU16_18700	ko:K16568
plad:PPGU16_18710	ko:K16568
plad:PPGU16_18800	ko:K16568
plad:PPGU16_18810	ko:K16692
plad:PPGU16_18820	ko:K01991
plad:PPGU16_18840	ko:K01807
plad:PPGU16_18850	ko:K11066
plad:PPGU16_18860	ko:K03218
plad:PPGU16_18870	ko:K12573
plad:PPGU16_18890	ko:K08178
plad:PPGU16_18910	ko:K06445
plad:PPGU16_18930	ko:K00059
plad:PPGU16_18950	ko:K00626
plad:PPGU16_18960	ko:K01897
plad:PPGU16_18990	ko:K24452
plad:PPGU16_19020	ko:K03088
plad:PPGU16_19030	ko:K03666
plad:PPGU16_19090	ko:K27080
plad:PPGU16_19110	ko:K27079
plad:PPGU16_19120	ko:K12511
plad:PPGU16_19130	ko:K12510
plad:PPGU16_19140	ko:K02283
plad:PPGU16_19150	ko:K02282
plad:PPGU16_19160	ko:K02280
plad:PPGU16_19170	ko:K02279
plad:PPGU16_19180	ko:K12513
plad:PPGU16_19190	ko:K02278
plad:PPGU16_19250	ko:K06916
plad:PPGU16_19260	ko:K00382
plad:PPGU16_19270	ko:K00658
plad:PPGU16_19280	ko:K00164
plad:PPGU16_19290	ko:K06207
plad:PPGU16_19310	ko:K18139
plad:PPGU16_19320	ko:K03543
plad:PPGU16_19330	ko:K03446
plad:PPGU16_19350	ko:K03177
plad:PPGU16_19360	ko:K02834
plad:PPGU16_19370	ko:K02519
plad:PPGU16_19380	ko:K02600
plad:PPGU16_19390	ko:K09748
plad:PPGU16_19400	ko:K06178
plad:PPGU16_19410	ko:K06024
plad:PPGU16_19440	ko:K07492
plad:PPGU16_19520	ko:K15034
plad:PPGU16_19540	ko:K03581
plad:PPGU16_19550	ko:K03582
plad:PPGU16_19560	ko:K03583
plad:PPGU16_19590	ko:K05800
plad:PPGU16_19610	ko:K22044
plad:PPGU16_19620	ko:K07118
plad:PPGU16_19650	ko:K03830
plad:PPGU16_19660	ko:K05520
plad:PPGU16_19690	ko:K03320
plad:PPGU16_19700	ko:K06199
plad:PPGU16_19780	ko:K20329
plad:PPGU16_19790	ko:K07799
plad:PPGU16_19800	ko:K07788
plad:PPGU16_19810	ko:K07789
plad:PPGU16_19840	ko:K03564
plad:PPGU16_19890	ko:K10013
plad:PPGU16_19900	ko:K24118
plad:PPGU16_19910	ko:K01130
plad:PPGU16_19930	ko:K15549
plad:PPGU16_19940	ko:K15547
plad:PPGU16_19950	ko:K15550
plad:PPGU16_19970	ko:K05526
plad:PPGU16_19980	ko:K01484
plad:PPGU16_19990	ko:K06447
plad:PPGU16_20000	ko:K00673
plad:PPGU16_20010	ko:K00673
plad:PPGU16_20020	ko:K00840
plad:PPGU16_20030	ko:K21825
plad:PPGU16_20040	ko:K10017
plad:PPGU16_20050	ko:K10015
plad:PPGU16_20060	ko:K10016
plad:PPGU16_20080	ko:K07001
plad:PPGU16_20130	ko:K00975
plad:PPGU16_20140	ko:K00703
plad:PPGU16_20150	ko:K00868
plad:PPGU16_20170	ko:K01999
plad:PPGU16_20270	ko:K03406
plad:PPGU16_20280	ko:K02403
plad:PPGU16_20290	ko:K02402
plad:PPGU16_20300	ko:K02403
plad:PPGU16_20330	ko:K01420
plad:PPGU16_20350	ko:K01458
plad:PPGU16_20360	ko:K05603
plad:PPGU16_20370	ko:K01468
plad:PPGU16_20380	ko:K09975
plad:PPGU16_20390	ko:K01712
plad:PPGU16_20400	ko:K05836
plad:PPGU16_20410	ko:K01745
plad:PPGU16_20460	ko:K06901
plad:PPGU16_20500	ko:K01451
plad:PPGU16_20510	ko:K14057
plad:PPGU16_20520	ko:K00128
plad:PPGU16_20530	ko:K06995
plad:PPGU16_20570	ko:K21703
plad:PPGU16_20580	ko:K03885
plad:PPGU16_20590	ko:K05596
plad:PPGU16_20600	ko:K06895
plad:PPGU16_20620	ko:K21012
plad:PPGU16_20630	ko:K21011
plad:PPGU16_20640	ko:K21010
plad:PPGU16_20650	ko:K21009
plad:PPGU16_20660	ko:K21008
plad:PPGU16_20670	ko:K21007
plad:PPGU16_20680	ko:K21006
plad:PPGU16_20700	ko:K05835
plad:PPGU16_20780	ko:K11939
plad:PPGU16_20800	ko:K00163
plad:PPGU16_20810	ko:K03719
plad:PPGU16_20820	ko:K01895
plad:PPGU16_20830	ko:K07507
plad:PPGU16_20880	ko:K11616
plad:PPGU16_20890	ko:K02106
plad:PPGU16_20920	ko:K01644
plad:PPGU16_20940	ko:K14393
plad:PPGU16_20960	ko:K01895
plad:PPGU16_20990	ko:K01676
plad:PPGU16_21000	ko:K03594
plad:PPGU16_21010	ko:K01776
plad:PPGU16_21020	ko:K02192
plad:PPGU16_21050	ko:K03561
plad:PPGU16_21060	ko:K03559
plad:PPGU16_21080	ko:K06911
plad:PPGU16_21120	ko:K11477
plad:PPGU16_21140	ko:K07243
plad:PPGU16_21160	ko:K07230
plad:PPGU16_21170	ko:K03702
plad:PPGU16_21180	ko:K00832
plad:PPGU16_21190	ko:K07001
plad:PPGU16_21200	ko:K00019
plad:PPGU16_21220	ko:K07115
plad:PPGU16_21230	ko:K15553
plad:PPGU16_21250	ko:K19591
plad:PPGU16_21260	ko:K07213
plad:PPGU16_21270	ko:K00067
plad:PPGU16_21280	ko:K14162
plad:PPGU16_21320	ko:K14162
plad:PPGU16_21330	ko:K14160
plad:PPGU16_21380	ko:K08161
plad:PPGU16_21410	ko:K24138
plad:PPGU16_21460	ko:K07045
plad:PPGU16_21470	ko:K07045
plad:PPGU16_21480	ko:K05548
plad:PPGU16_21500	ko:K00135
plad:PPGU16_21520	ko:K03322
plad:PPGU16_21530	ko:K03406
plad:PPGU16_21710	ko:K14161
plad:PPGU16_21720	ko:K14160
plad:PPGU16_21730	ko:K07483
plad:PPGU16_21740	ko:K07484
plad:PPGU16_21750	ko:K07484
plad:PPGU16_21820	ko:K09861
plad:PPGU16_21840	ko:K14287
plad:PPGU16_21850	ko:K00799
plad:PPGU16_21860	ko:K00074
plad:PPGU16_21900	ko:K00249
plad:PPGU16_21910	ko:K11209
plad:PPGU16_21940	ko:K28556
plad:PPGU16_21950	ko:K04118
plad:PPGU16_21970	ko:K01515
plad:PPGU16_21990	ko:K00343
plad:PPGU16_22000	ko:K00342
plad:PPGU16_22010	ko:K00341
plad:PPGU16_22020	ko:K00340
plad:PPGU16_22030	ko:K00339
plad:PPGU16_22040	ko:K00338
plad:PPGU16_22050	ko:K00337
plad:PPGU16_22060	ko:K00336
plad:PPGU16_22070	ko:K00335
plad:PPGU16_22080	ko:K00334
plad:PPGU16_22090	ko:K00333
plad:PPGU16_22100	ko:K00332
plad:PPGU16_22110	ko:K00331
plad:PPGU16_22120	ko:K00330
plad:PPGU16_22130	ko:K03075
plad:PPGU16_22140	ko:K01803
plad:PPGU16_22160	ko:K00962
plad:PPGU16_22170	ko:K02956
plad:PPGU16_22180	ko:K01999
plad:PPGU16_22200	ko:K01649
plad:PPGU16_22220	ko:K17103
plad:PPGU16_22230	ko:K01613
plad:PPGU16_22240	ko:K00053
plad:PPGU16_22250	ko:K01653
plad:PPGU16_22260	ko:K01652
plad:PPGU16_22270	ko:K03088
plad:PPGU16_22320	ko:K27597
plad:PPGU16_22330	ko:K00901
plad:PPGU16_22380	ko:K07050
plad:PPGU16_22390	ko:K06886
plad:PPGU16_22400	ko:K02004
plad:PPGU16_22430	ko:K11741
plad:PPGU16_22440	ko:K07667
plad:PPGU16_22450	ko:K07646
plad:PPGU16_22480	ko:K01548
plad:PPGU16_22490	ko:K01547
plad:PPGU16_22500	ko:K01546
plad:PPGU16_22510	ko:K11903
plad:PPGU16_22550	ko:K00344
plad:PPGU16_22560	ko:K01734
plad:PPGU16_22570	ko:K00059
plad:PPGU16_22580	ko:K00761
plad:PPGU16_22610	ko:K01945
plad:PPGU16_22620	ko:K00228
plad:PPGU16_22630	ko:K00969
plad:PPGU16_22640	ko:K09710
plad:PPGU16_22650	ko:K00783
plad:PPGU16_22660	ko:K06287
plad:PPGU16_22670	ko:K08301
plad:PPGU16_22740	ko:K11085
plad:PPGU16_22760	ko:K02337
plad:PPGU16_22770	ko:K07146
plad:PPGU16_22780	ko:K01894
plad:PPGU16_22790	ko:K11927
plad:PPGU16_22810	ko:K01652
plad:PPGU16_22840	ko:K08289
plad:PPGU16_22860	ko:K03466
plad:PPGU16_22870	ko:K07404
plad:PPGU16_22910	ko:K05973
plad:PPGU16_22930	ko:K03616
plad:PPGU16_22940	ko:K10773
plad:PPGU16_22990	ko:K09989
plad:PPGU16_23000	ko:K05782
plad:PPGU16_23010	ko:K00616
plad:PPGU16_23020	ko:K04750
plad:PPGU16_23040	ko:K03307
plad:PPGU16_23080	ko:K03181
plad:PPGU16_23120	ko:K04079
plad:PPGU16_23160	ko:K05825
plad:PPGU16_23200	ko:K07240
plad:PPGU16_23220	ko:K02621
plad:PPGU16_23230	ko:K02622
plad:PPGU16_23240	ko:K07075
plad:PPGU16_23260	ko:K15738
plad:PPGU16_23320	ko:K00558
plad:PPGU16_23330	ko:K07458
plad:PPGU16_23350	ko:K08169
plad:PPGU16_23370	ko:K00697
plad:PPGU16_23460	ko:K02049
plad:PPGU16_23470	ko:K02050
plad:PPGU16_23510	ko:K07638
plad:PPGU16_23520	ko:K07659
plad:PPGU16_23540	ko:K06911
plad:PPGU16_23550	ko:K10014
plad:PPGU16_23560	ko:K10016
plad:PPGU16_23570	ko:K10015
plad:PPGU16_23580	ko:K10017
plad:PPGU16_23600	ko:K04751
plad:PPGU16_23610	ko:K01950
plad:PPGU16_23620	ko:K09919
plad:PPGU16_23630	ko:K07461
plad:PPGU16_23640	ko:K03746
plad:PPGU16_23650	ko:K01507
plad:PPGU16_23660	ko:K00128
plad:PPGU16_23670	ko:K00059
plad:PPGU16_23700	ko:K02498
plad:PPGU16_23710	ko:K13543
plad:PPGU16_23720	ko:K01749
plad:PPGU16_23740	ko:K01595
plad:PPGU16_23770	ko:K01755
plad:PPGU16_23780	ko:K08994
plad:PPGU16_23800	ko:K01584
plad:PPGU16_23810	ko:K01494
plad:PPGU16_23820	ko:K04565
plad:PPGU16_23830	ko:K03593
plad:PPGU16_23850	ko:K01874
plad:PPGU16_23870	ko:K09800
plad:PPGU16_23880	ko:K07278
plad:PPGU16_23910	ko:K05896
plad:PPGU16_23920	ko:K01918
plad:PPGU16_23930	ko:K01579
plad:PPGU16_23940	ko:K03496
plad:PPGU16_23960	ko:K15977
plad:PPGU16_23970	ko:K02232
plad:PPGU16_23980	ko:K02231
plad:PPGU16_23990	ko:K02227
plad:PPGU16_24000	ko:K02225
plad:PPGU16_24010	ko:K02016
plad:PPGU16_24020	ko:K02226
plad:PPGU16_24030	ko:K02233
plad:PPGU16_24040	ko:K00768
plad:PPGU16_24050	ko:K02013
plad:PPGU16_24060	ko:K02015
plad:PPGU16_24070	ko:K16092
plad:PPGU16_24100	ko:K09888
plad:PPGU16_24150	ko:K13292
plad:PPGU16_24170	ko:K01687
plad:PPGU16_24180	ko:K08738
plad:PPGU16_24200	ko:K02339
plad:PPGU16_24210	ko:K01255
plad:PPGU16_24220	ko:K07091
plad:PPGU16_24230	ko:K11720
plad:PPGU16_24250	ko:K17836
plad:PPGU16_24260	ko:K02303
plad:PPGU16_24270	ko:K00956
plad:PPGU16_24280	ko:K00957
plad:PPGU16_24290	ko:K00390
plad:PPGU16_24310	ko:K00381
plad:PPGU16_24320	ko:K13634
plad:PPGU16_24330	ko:K01999
plad:PPGU16_24380	ko:K10439
plad:PPGU16_24400	ko:K10440
plad:PPGU16_24410	ko:K10441
plad:PPGU16_24420	ko:K05499
plad:PPGU16_24430	ko:K00573
plad:PPGU16_24470	ko:K11959
plad:PPGU16_24480	ko:K11960
plad:PPGU16_24490	ko:K11961
plad:PPGU16_24500	ko:K11962
plad:PPGU16_24510	ko:K11963
plad:PPGU16_24520	ko:K03190
plad:PPGU16_24530	ko:K02030
plad:PPGU16_24540	ko:K01430
plad:PPGU16_24550	ko:K01429
plad:PPGU16_24560	ko:K01428
plad:PPGU16_24570	ko:K03187
plad:PPGU16_24580	ko:K03188
plad:PPGU16_24590	ko:K03189
plad:PPGU16_24600	ko:K02527
plad:PPGU16_24620	ko:K02841
plad:PPGU16_24640	ko:K15778
plad:PPGU16_24650	ko:K03328
plad:PPGU16_24680	ko:K01784
plad:PPGU16_24690	ko:K16011
plad:PPGU16_24700	ko:K05874
plad:PPGU16_24850	ko:K09691
plad:PPGU16_24860	ko:K09690
plad:PPGU16_24870	ko:K12990
plad:PPGU16_24880	ko:K03274
plad:PPGU16_24890	ko:K21344
plad:PPGU16_24900	ko:K00067
plad:PPGU16_24910	ko:K01790
plad:PPGU16_24920	ko:K00973
plad:PPGU16_24930	ko:K01710
plad:PPGU16_24940	ko:K22252
plad:PPGU16_24950	ko:K01525
plad:PPGU16_24960	ko:K00655
plad:PPGU16_24970	ko:K01465
plad:PPGU16_24980	ko:K00609
plad:PPGU16_24990	ko:K02825
plad:PPGU16_25000	ko:K07447
plad:PPGU16_25010	ko:K07735
plad:PPGU16_25040	ko:K00941
plad:PPGU16_25050	ko:K04077
plad:PPGU16_25060	ko:K04078
plad:PPGU16_25090	ko:K02575
plad:PPGU16_25110	ko:K10544
plad:PPGU16_25120	ko:K10545
plad:PPGU16_25130	ko:K10543
plad:PPGU16_25140	ko:K01805
plad:PPGU16_25150	ko:K02529
plad:PPGU16_25160	ko:K01785
plad:PPGU16_25170	ko:K09939
plad:PPGU16_25190	ko:K16137
plad:PPGU16_25210	ko:K02026
plad:PPGU16_25220	ko:K02025
plad:PPGU16_25230	ko:K02027
plad:PPGU16_25240	ko:K12308
plad:PPGU16_25250	ko:K10111
plad:PPGU16_25270	ko:K22491
plad:PPGU16_25300	ko:K03098
plad:PPGU16_25330	ko:K00886
plad:PPGU16_25340	ko:K00036
plad:PPGU16_25370	ko:K07638
plad:PPGU16_25380	ko:K07659
plad:PPGU16_25410	ko:K03594
plad:PPGU16_25430	ko:K03585
plad:PPGU16_25440	ko:K18138
plad:PPGU16_25460	ko:K05786
plad:PPGU16_25470	ko:K07090
plad:PPGU16_25490	ko:K07518
plad:PPGU16_25540	ko:K07402
plad:PPGU16_25550	ko:K13482
plad:PPGU16_25560	ko:K13481
plad:PPGU16_25590	ko:K09758
plad:PPGU16_25600	ko:K07085
plad:PPGU16_25610	ko:K07085
plad:PPGU16_25630	ko:K03778
plad:PPGU16_25660	ko:K19577
plad:PPGU16_25680	ko:K01555
plad:PPGU16_25690	ko:K00451
plad:PPGU16_25700	ko:K08195
plad:PPGU16_25730	ko:K00252
plad:PPGU16_25740	ko:K24158
plad:PPGU16_25780	ko:K02655
plad:PPGU16_25800	ko:K02672
plad:PPGU16_25820	ko:K08084
plad:PPGU16_25830	ko:K07738
plad:PPGU16_25840	ko:K00600
plad:PPGU16_25850	ko:K16066
plad:PPGU16_25860	ko:K07107
plad:PPGU16_25870	ko:K03562
plad:PPGU16_25880	ko:K03560
plad:PPGU16_25890	ko:K03646
plad:PPGU16_25900	ko:K03641
plad:PPGU16_25910	ko:K03640
plad:PPGU16_26010	ko:K11903
plad:PPGU16_26050	ko:K03818
plad:PPGU16_26070	ko:K03208
plad:PPGU16_26090	ko:K02377
plad:PPGU16_26100	ko:K01711
plad:PPGU16_26110	ko:K16692
plad:PPGU16_26120	ko:K01991
plad:PPGU16_26140	ko:K16011
plad:PPGU16_26190	ko:K03207
plad:PPGU16_26200	ko:K00963
plad:PPGU16_26240	ko:K03442
plad:PPGU16_26250	ko:K03975
plad:PPGU16_26260	ko:K03572
plad:PPGU16_26270	ko:K00791
plad:PPGU16_26280	ko:K07493
plad:PPGU16_26290	ko:K01933
plad:PPGU16_26310	ko:K10763
plad:PPGU16_26320	ko:K28842
plad:PPGU16_26330	ko:K00970
plad:PPGU16_26340	ko:K00950
plad:PPGU16_26360	ko:K00606
plad:PPGU16_26370	ko:K03342
plad:PPGU16_26380	ko:K03686
plad:PPGU16_26390	ko:K04043
plad:PPGU16_26410	ko:K03687
plad:PPGU16_26420	ko:K04762
plad:PPGU16_26430	ko:K01772
plad:PPGU16_26440	ko:K03705
plad:PPGU16_26460	ko:K00858
plad:PPGU16_26470	ko:K03631
plad:PPGU16_26480	ko:K00982
plad:PPGU16_26500	ko:K11206
plad:PPGU16_26510	ko:K03568
plad:PPGU16_26520	ko:K01626
plad:PPGU16_26550	ko:K00798
plad:PPGU16_26560	ko:K00102
plad:PPGU16_26570	ko:K00104
plad:PPGU16_26580	ko:K11472
plad:PPGU16_26590	ko:K11473
plad:PPGU16_26600	ko:K06997
plad:PPGU16_26610	ko:K00286
plad:PPGU16_26620	ko:K03179
plad:PPGU16_26630	ko:K04047
plad:PPGU16_26650	ko:K03781
plad:PPGU16_26660	ko:K04761
plad:PPGU16_26670	ko:K03655
plad:PPGU16_26680	ko:K07568
plad:PPGU16_26690	ko:K00773
plad:PPGU16_26700	ko:K03210
plad:PPGU16_26710	ko:K03072
plad:PPGU16_26720	ko:K03074
plad:PPGU16_26780	ko:K03808
plad:PPGU16_26790	ko:K03808
plad:PPGU16_26800	ko:K06192
plad:PPGU16_26810	ko:K09857
plad:PPGU16_26820	ko:K25137
plad:PPGU16_26840	ko:K06996
plad:PPGU16_26850	ko:K00325
plad:PPGU16_26860	ko:K00324
plad:PPGU16_26870	ko:K00324
plad:PPGU16_26890	ko:K00566
plad:PPGU16_26910	ko:K07387
plad:PPGU16_26930	ko:K01262
plad:PPGU16_26940	ko:K03185
plad:PPGU16_26950	ko:K05540
plad:PPGU16_26960	ko:K03557
plad:PPGU16_26970	ko:K00602
plad:PPGU16_26980	ko:K01159
plad:PPGU16_27000	ko:K03550
plad:PPGU16_27010	ko:K03551
plad:PPGU16_27020	ko:K15634
plad:PPGU16_27030	ko:K07560
plad:PPGU16_27040	ko:K01866
plad:PPGU16_27050	ko:K09001
plad:PPGU16_27060	ko:K15724
plad:PPGU16_27070	ko:K02996
plad:PPGU16_27080	ko:K02871
plad:PPGU16_27090	ko:K07397
plad:PPGU16_27110	ko:K01465
plad:PPGU16_27140	ko:K10004
plad:PPGU16_27150	ko:K10002
plad:PPGU16_27160	ko:K10003
plad:PPGU16_27170	ko:K10001
plad:PPGU16_27180	ko:K00261
plad:PPGU16_27190	ko:K21645
plad:PPGU16_27200	ko:K01756
plad:PPGU16_27210	ko:K00851
plad:PPGU16_27220	ko:K03299
plad:PPGU16_27230	ko:K01625
plad:PPGU16_27240	ko:K01690
plad:PPGU16_27250	ko:K19337
plad:PPGU16_27260	ko:K21449
plad:PPGU16_27270	ko:K08973
plad:PPGU16_27280	ko:K00147
plad:PPGU16_27290	ko:K02340
plad:PPGU16_27300	ko:K03643
plad:PPGU16_27310	ko:K01869
plad:PPGU16_27320	ko:K03559
plad:PPGU16_27330	ko:K03561
plad:PPGU16_27340	ko:K00215
plad:PPGU16_27350	ko:K06186
plad:PPGU16_27360	ko:K03711
plad:PPGU16_27370	ko:K01483
plad:PPGU16_27380	ko:K01477
plad:PPGU16_27390	ko:K11103
plad:PPGU16_27420	ko:K00134
plad:PPGU16_27430	ko:K00615
plad:PPGU16_27450	ko:K09761
plad:PPGU16_27470	ko:K01167
plad:PPGU16_27480	ko:K00029
plad:PPGU16_27490	ko:K00946
plad:PPGU16_27500	ko:K01095
plad:PPGU16_27510	ko:K03743
plad:PPGU16_27520	ko:K09705
plad:PPGU16_27530	ko:K01591
plad:PPGU16_27540	ko:K01785
plad:PPGU16_27550	ko:K13874
plad:PPGU16_27560	ko:K22185
plad:PPGU16_27570	ko:K10538
plad:PPGU16_27580	ko:K10539
plad:PPGU16_27590	ko:K10537
plad:PPGU16_27610	ko:K01631
plad:PPGU16_27620	ko:K00883
plad:PPGU16_27640	ko:K03814
plad:PPGU16_27650	ko:K00014
plad:PPGU16_27660	ko:K01147
plad:PPGU16_27670	ko:K07000
plad:PPGU16_27680	ko:K02558
plad:PPGU16_27710	ko:K03786
plad:PPGU16_27720	ko:K02160
plad:PPGU16_27730	ko:K01961
plad:PPGU16_27740	ko:K02687
plad:PPGU16_27760	ko:K11065
plad:PPGU16_27770	ko:K00856
plad:PPGU16_27780	ko:K06077
plad:PPGU16_27800	ko:K07493
plad:PPGU16_27830	ko:K00526
plad:PPGU16_27840	ko:K00525
plad:PPGU16_27850	ko:K03806
plad:PPGU16_27860	ko:K06950
plad:PPGU16_27880	ko:K03106
plad:PPGU16_27890	ko:K00760
plad:PPGU16_27910	ko:K01881
plad:PPGU16_27920	ko:K08311
plad:PPGU16_27940	ko:K00931
plad:PPGU16_27950	ko:K03979
plad:PPGU16_27960	ko:K02899
plad:PPGU16_27970	ko:K02888
plad:PPGU16_27980	ko:K02523
plad:PPGU16_27990	ko:K03699
plad:PPGU16_28000	ko:K02652
plad:PPGU16_28010	ko:K02653
plad:PPGU16_28020	ko:K02654
plad:PPGU16_28030	ko:K00859
plad:PPGU16_28040	ko:K18778
plad:PPGU16_28050	ko:K09862
plad:PPGU16_28060	ko:K03574
plad:PPGU16_28070	ko:K06923
plad:PPGU16_28080	ko:K00620
plad:PPGU16_28090	ko:K03070
plad:PPGU16_28110	ko:K02535
plad:PPGU16_28120	ko:K24138
plad:PPGU16_28130	ko:K03531
plad:PPGU16_28140	ko:K03590
plad:PPGU16_28150	ko:K03589
plad:PPGU16_28160	ko:K01921
plad:PPGU16_28170	ko:K01924
plad:PPGU16_28180	ko:K02563
plad:PPGU16_28190	ko:K03588
plad:PPGU16_28200	ko:K01925
plad:PPGU16_28210	ko:K01000
plad:PPGU16_28220	ko:K01929
plad:PPGU16_28230	ko:K01928
plad:PPGU16_28240	ko:K03587
plad:PPGU16_28250	ko:K03586
plad:PPGU16_28260	ko:K03438
plad:PPGU16_28270	ko:K03925
plad:PPGU16_28280	ko:K06134
plad:PPGU16_28300	ko:K01897
plad:PPGU16_28330	ko:K01692
plad:PPGU16_28350	ko:K07823
plad:PPGU16_28360	ko:K15866
plad:PPGU16_28370	ko:K02614
plad:PPGU16_28380	ko:K01912
plad:PPGU16_28390	ko:K08304
plad:PPGU16_28410	ko:K06195
plad:PPGU16_28420	ko:K01783
plad:PPGU16_28430	ko:K01091
plad:PPGU16_28440	ko:K01657
plad:PPGU16_28450	ko:K01658
plad:PPGU16_28460	ko:K00766
plad:PPGU16_28470	ko:K01609
plad:PPGU16_28490	ko:K03648
plad:PPGU16_28500	ko:K01118
plad:PPGU16_28520	ko:K03981
plad:PPGU16_28530	ko:K18800
plad:PPGU16_28550	ko:K06942
plad:PPGU16_28560	ko:K05813
plad:PPGU16_28570	ko:K05814
plad:PPGU16_28580	ko:K05815
plad:PPGU16_28590	ko:K05816
plad:PPGU16_28600	ko:K06020
plad:PPGU16_28640	ko:K01262
plad:PPGU16_28680	ko:K02492
plad:PPGU16_28690	ko:K02835
plad:PPGU16_28700	ko:K02493
plad:PPGU16_28710	ko:K07390
plad:PPGU16_28720	ko:K03186
plad:PPGU16_28730	ko:K15777
plad:PPGU16_28750	ko:K03704
plad:PPGU16_28760	ko:K04046
plad:PPGU16_28810	ko:K09941
plad:PPGU16_28850	ko:K26399
plad:PPGU16_28890	ko:K03600
plad:PPGU16_28900	ko:K03599
plad:PPGU16_28910	ko:K00413
plad:PPGU16_28920	ko:K00412
plad:PPGU16_28930	ko:K00411
plad:PPGU16_28950	ko:K04772
plad:PPGU16_28960	ko:K03118
plad:PPGU16_28970	ko:K03117
plad:PPGU16_28980	ko:K03116
plad:PPGU16_28990	ko:K02503
plad:PPGU16_29010	ko:K01523
plad:PPGU16_29020	ko:K01496
plad:PPGU16_29030	ko:K02500
plad:PPGU16_29040	ko:K01814
plad:PPGU16_29050	ko:K02501
plad:PPGU16_29070	ko:K01693
plad:PPGU16_29080	ko:K00817
plad:PPGU16_29090	ko:K00013
plad:PPGU16_29100	ko:K00765
plad:PPGU16_29110	ko:K00790
plad:PPGU16_29130	ko:K01992
plad:PPGU16_29140	ko:K01990
plad:PPGU16_29150	ko:K07122
plad:PPGU16_29160	ko:K07323
plad:PPGU16_29170	ko:K04754
plad:PPGU16_29180	ko:K02067
plad:PPGU16_29190	ko:K02066
plad:PPGU16_29200	ko:K02065
plad:PPGU16_29210	ko:K00788
plad:PPGU16_29220	ko:K03149
plad:PPGU16_29230	ko:K03154
plad:PPGU16_29240	ko:K03153
plad:PPGU16_29250	ko:K02471
plad:PPGU16_29290	ko:K07659
plad:PPGU16_29300	ko:K02393
plad:PPGU16_29350	ko:K07659
plad:PPGU16_29360	ko:K07638
plad:PPGU16_29390	ko:K00285
plad:PPGU16_29400	ko:K01975
plad:PPGU16_29410	ko:K00266
plad:PPGU16_29420	ko:K00265
plad:PPGU16_29430	ko:K07491
plad:PPGU16_29440	ko:K07275
plad:PPGU16_29460	ko:K01129
plad:PPGU16_29470	ko:K01735
plad:PPGU16_29480	ko:K00891
plad:PPGU16_29490	ko:K02666
plad:PPGU16_29500	ko:K02664
plad:PPGU16_29530	ko:K05366
plad:PPGU16_29540	ko:K06202
plad:PPGU16_29560	ko:K01586
plad:PPGU16_29570	ko:K17247
plad:PPGU16_29580	ko:K07147
plad:PPGU16_29600	ko:K07399
plad:PPGU16_29620	ko:K03978
plad:PPGU16_29630	ko:K01698
plad:PPGU16_29640	ko:K04084
plad:PPGU16_29650	ko:K03926
plad:PPGU16_29660	ko:K02879
plad:PPGU16_29670	ko:K03040
plad:PPGU16_29680	ko:K02986
plad:PPGU16_29690	ko:K02948
plad:PPGU16_29700	ko:K02952
plad:PPGU16_29710	ko:K02518
plad:PPGU16_29720	ko:K03076
plad:PPGU16_29730	ko:K02876
plad:PPGU16_29740	ko:K02907
plad:PPGU16_29750	ko:K02988
plad:PPGU16_29760	ko:K02881
plad:PPGU16_29770	ko:K02933
plad:PPGU16_29780	ko:K02994
plad:PPGU16_29790	ko:K02954
plad:PPGU16_29800	ko:K02931
plad:PPGU16_29810	ko:K02895
plad:PPGU16_29820	ko:K02874
plad:PPGU16_29830	ko:K02961
plad:PPGU16_29840	ko:K02904
plad:PPGU16_29850	ko:K02878
plad:PPGU16_29860	ko:K02982
plad:PPGU16_29870	ko:K02890
plad:PPGU16_29880	ko:K02965
plad:PPGU16_29890	ko:K02886
plad:PPGU16_29900	ko:K02892
plad:PPGU16_29910	ko:K02926
plad:PPGU16_29920	ko:K02906
plad:PPGU16_29930	ko:K02946
plad:PPGU16_29940	ko:K02358
plad:PPGU16_29950	ko:K02355
plad:PPGU16_29960	ko:K02992
plad:PPGU16_29970	ko:K02950
plad:PPGU16_29980	ko:K03654
plad:PPGU16_29990	ko:K03046
plad:PPGU16_30000	ko:K03043
plad:PPGU16_30010	ko:K02935
plad:PPGU16_30020	ko:K02864
plad:PPGU16_30030	ko:K02863
plad:PPGU16_30040	ko:K02867
plad:PPGU16_30050	ko:K02601
plad:PPGU16_30060	ko:K03073
plad:PPGU16_30070	ko:K02358
plad:PPGU16_30100	ko:K02609
plad:PPGU16_30110	ko:K02610
plad:PPGU16_30120	ko:K02611
plad:PPGU16_30130	ko:K02612
plad:PPGU16_30140	ko:K02613
plad:PPGU16_30180	ko:K03719
plad:PPGU16_30190	ko:K00457
plad:PPGU16_30210	ko:K04090
plad:PPGU16_30220	ko:K00029
plad:PPGU16_30240	ko:K00762
plad:PPGU16_30250	ko:K07687
plad:PPGU16_30270	ko:K03809
plad:PPGU16_30280	ko:K00145
plad:PPGU16_30310	ko:K07275
plad:PPGU16_30340	ko:K05834
plad:PPGU16_30360	ko:K09122
plad:PPGU16_30480	ko:K02529
plad:PPGU16_30530	ko:K00820
plad:PPGU16_30540	ko:K04042
plad:PPGU16_30550	ko:K14058
plad:PPGU16_30560	ko:K01633
plad:PPGU16_30610	ko:K00974
plad:PPGU16_30620	ko:K00799
plad:PPGU16_30640	ko:K08309
plad:PPGU16_30670	ko:K23123
plad:PPGU16_30680	ko:K23124
plad:PPGU16_30690	ko:K07160
plad:PPGU16_30730	ko:K09973
plad:PPGU16_30740	ko:K12372
plad:PPGU16_30750	ko:K12371
plad:PPGU16_30760	ko:K12370
plad:PPGU16_30770	ko:K12369
plad:PPGU16_30780	ko:K12368
plad:PPGU16_30790	ko:K12368
plad:PPGU16_30810	ko:K00297
plad:PPGU16_30820	ko:K08972
plad:PPGU16_30830	ko:K01251
plad:PPGU16_30860	ko:K06518
plad:PPGU16_30900	ko:K09456
plad:PPGU16_30910	ko:K00154
plad:PPGU16_30920	ko:K04061
plad:PPGU16_30940	ko:K02423
plad:PPGU16_30950	ko:K02422
plad:PPGU16_30960	ko:K02408
plad:PPGU16_30970	ko:K02409
plad:PPGU16_30980	ko:K02410
plad:PPGU16_30990	ko:K02411
plad:PPGU16_31000	ko:K02412
plad:PPGU16_31010	ko:K02413
plad:PPGU16_31020	ko:K02414
plad:PPGU16_31030	ko:K02415
plad:PPGU16_31040	ko:K02416
plad:PPGU16_31050	ko:K02417
plad:PPGU16_31060	ko:K02418
plad:PPGU16_31070	ko:K02419
plad:PPGU16_31080	ko:K02420
plad:PPGU16_31090	ko:K02421
plad:PPGU16_31100	ko:K02397
plad:PPGU16_31110	ko:K02396
plad:PPGU16_31120	ko:K21087
plad:PPGU16_31130	ko:K02395
plad:PPGU16_31140	ko:K02394
plad:PPGU16_31150	ko:K02393
plad:PPGU16_31160	ko:K02392
plad:PPGU16_31170	ko:K02391
plad:PPGU16_31180	ko:K02390
plad:PPGU16_31190	ko:K02389
plad:PPGU16_31200	ko:K02388
plad:PPGU16_31210	ko:K02387
plad:PPGU16_31220	ko:K02386
plad:PPGU16_31230	ko:K02398
plad:PPGU16_31240	ko:K02399
plad:PPGU16_31250	ko:K02405
plad:PPGU16_31260	ko:K04562
plad:PPGU16_31270	ko:K02404
plad:PPGU16_31280	ko:K02400
plad:PPGU16_31290	ko:K02401
plad:PPGU16_31330	ko:K03414
plad:PPGU16_31340	ko:K03413
plad:PPGU16_31350	ko:K03412
plad:PPGU16_31360	ko:K03411
plad:PPGU16_31370	ko:K00575
plad:PPGU16_31380	ko:K05874
plad:PPGU16_31390	ko:K03408
plad:PPGU16_31400	ko:K03407
plad:PPGU16_31410	ko:K03413
plad:PPGU16_31420	ko:K02557
plad:PPGU16_31430	ko:K02556
plad:PPGU16_31440	ko:K02402
plad:PPGU16_31450	ko:K02403
plad:PPGU16_31470	ko:K03746
plad:PPGU16_31480	ko:K06188
plad:PPGU16_31500	ko:K28854
plad:PPGU16_31510	ko:K18676
plad:PPGU16_31520	ko:K01246
plad:PPGU16_31540	ko:K02970
plad:PPGU16_31560	ko:K02406
plad:PPGU16_31570	ko:K02407
plad:PPGU16_31580	ko:K02423
plad:PPGU16_31600	ko:K09667
plad:PPGU16_31610	ko:K09667
plad:PPGU16_31630	ko:K08678
plad:PPGU16_31640	ko:K09667
plad:PPGU16_31720	ko:K00558
plad:PPGU16_31800	ko:K18831
plad:PPGU16_31890	ko:K03656
plad:PPGU16_31930	ko:K00605
plad:PPGU16_31940	ko:K02437
plad:PPGU16_31950	ko:K00281
plad:PPGU16_31990	ko:K00978
plad:PPGU16_32000	ko:K01709
plad:PPGU16_32020	ko:K01790
plad:PPGU16_32070	ko:K01752
plad:PPGU16_32080	ko:K01652
plad:PPGU16_32090	ko:K01999
plad:PPGU16_32100	ko:K13821
plad:PPGU16_32140	ko:K04066
plad:PPGU16_32150	ko:K01599
plad:PPGU16_32160	ko:K01713
plad:PPGU16_32170	ko:K00666
plad:PPGU16_32180	ko:K02114
plad:PPGU16_32190	ko:K02112
plad:PPGU16_32200	ko:K02115
plad:PPGU16_32210	ko:K02111
plad:PPGU16_32220	ko:K02113
plad:PPGU16_32230	ko:K02109
plad:PPGU16_32240	ko:K02110
plad:PPGU16_32250	ko:K02108
plad:PPGU16_32260	ko:K02116
plad:PPGU16_32280	ko:K03497
plad:PPGU16_32290	ko:K03496
plad:PPGU16_32300	ko:K03501
plad:PPGU16_32310	ko:K03495
plad:PPGU16_32320	ko:K01996
plad:PPGU16_32330	ko:K01995
plad:PPGU16_32330	ko:K01998
plad:PPGU16_32340	ko:K01997
plad:PPGU16_32350	ko:K01999
plad:PPGU16_32360	ko:K01999
plad:PPGU16_32370	ko:K01998
plad:PPGU16_32380	ko:K01997
plad:PPGU16_32390	ko:K01999
plad:PPGU16_32400	ko:K01996
plad:PPGU16_32410	ko:K01995
plad:PPGU16_32430	ko:K00140
plad:PPGU16_32460	ko:K03719
plad:PPGU16_32470	ko:K00500
plad:PPGU16_32480	ko:K01724
plad:PPGU16_32500	ko:K02483
plad:PPGU16_32520	ko:K07117
plad:PPGU16_32550	ko:K01951
plad:PPGU16_32570	ko:K06048
plad:PPGU16_32590	ko:K15461
plad:PPGU16_32600	ko:K03530
plad:PPGU16_32630	ko:K02453
plad:PPGU16_32640	ko:K02454
plad:PPGU16_32650	ko:K02455
plad:PPGU16_32660	ko:K02452
plad:PPGU16_32670	ko:K02456
plad:PPGU16_32680	ko:K02457
plad:PPGU16_32690	ko:K02458
plad:PPGU16_32700	ko:K02459
plad:PPGU16_32710	ko:K02460
plad:PPGU16_32720	ko:K02461
plad:PPGU16_32730	ko:K02462
plad:PPGU16_32740	ko:K02463
plad:PPGU16_32750	ko:K18139
plad:PPGU16_32780	ko:K03446
plad:PPGU16_32810	ko:K01919
plad:PPGU16_32820	ko:K01247
plad:PPGU16_32830	ko:K10778
plad:PPGU16_32870	ko:K05834
plad:PPGU16_32910	ko:K03650
plad:PPGU16_32930	ko:K03217
plad:PPGU16_32940	ko:K03536
plad:PPGU16_32950	ko:K02914
plad:PPGU16_32970	ko:K01916
plad:PPGU16_33010	ko:K02444
plad:PPGU16_33020	ko:K03430
plad:PPGU16_33030	ko:K11081
plad:PPGU16_33040	ko:K11084
plad:PPGU16_33050	ko:K11083
plad:PPGU16_33060	ko:K11082
plad:PPGU16_33080	ko:K19670
plad:PPGU16_33090	ko:K00206
plad:PPGU16_33140	ko:K18118
plad:PPGU16_33150	ko:K07098
plad:PPGU16_33170	ko:K09019
plad:PPGU16_33190	ko:K13935
plad:PPGU16_33200	ko:K13934
plad:PPGU16_33210	ko:K13933
plad:PPGU16_33220	ko:K13932
plad:PPGU16_33230	ko:K13931
plad:PPGU16_33240	ko:K13930
plad:PPGU16_33250	ko:K13929
plad:PPGU16_33290	ko:K07497
plad:PPGU16_33300	ko:K07483
plad:PPGU16_33340	ko:K00675
plad:PPGU16_33360	ko:K00156
plad:PPGU16_33400	ko:K10018
plad:PPGU16_33410	ko:K10020
plad:PPGU16_33420	ko:K10019
plad:PPGU16_33430	ko:K10021
plad:PPGU16_33440	ko:K01745
plad:PPGU16_33450	ko:K05836
plad:PPGU16_33470	ko:K05836
plad:PPGU16_33480	ko:K02028
plad:PPGU16_33490	ko:K02029
plad:PPGU16_33500	ko:K02029
plad:PPGU16_33510	ko:K02030
plad:PPGU16_33540	ko:K03333
plad:PPGU16_33600	ko:K00426
plad:PPGU16_33610	ko:K00425
plad:PPGU16_33620	ko:K07497
plad:PPGU16_33630	ko:K07483
plad:PPGU16_33640	ko:K01821
plad:PPGU16_33660	ko:K08717
plad:PPGU16_33670	ko:K09957
plad:PPGU16_33690	ko:K07044
plad:PPGU16_33770	ko:K23777
plad:PPGU16_33780	ko:K03543
plad:PPGU16_33790	ko:K03446
plad:PPGU16_33810	ko:K07080
plad:PPGU16_33870	ko:K09823
plad:PPGU16_33880	ko:K11209
plad:PPGU16_33890	ko:K00799
plad:PPGU16_33970	ko:K11896
plad:PPGU16_33980	ko:K11895
plad:PPGU16_34020	ko:K11904
plad:PPGU16_34050	ko:K01777
plad:PPGU16_34060	ko:K19743
plad:PPGU16_34070	ko:K00036
plad:PPGU16_34110	ko:K01752
plad:PPGU16_34120	ko:K00303
plad:PPGU16_34130	ko:K00304
plad:PPGU16_34140	ko:K00302
plad:PPGU16_34150	ko:K00305
plad:PPGU16_34160	ko:K01633
plad:PPGU16_34180	ko:K18900
plad:PPGU16_34190	ko:K13979
plad:PPGU16_34260	ko:K00433
plad:PPGU16_34360	ko:K28762
plad:PPGU16_34370	ko:K00108
plad:PPGU16_34380	ko:K00130
plad:PPGU16_34390	ko:K02167
plad:PPGU16_34400	ko:K00148
plad:PPGU16_34420	ko:K00525
plad:PPGU16_34430	ko:K21826
plad:PPGU16_34440	ko:K00600
plad:PPGU16_34450	ko:K01273
plad:PPGU16_34470	ko:K21833
plad:PPGU16_34480	ko:K21834
plad:PPGU16_34490	ko:K25960
plad:PPGU16_34500	ko:K25961
plad:PPGU16_34510	ko:K00479
plad:PPGU16_34520	ko:K21832
plad:PPGU16_34530	ko:K02002
plad:PPGU16_34550	ko:K01433
plad:PPGU16_34570	ko:K01133
plad:PPGU16_34580	ko:K02002
plad:PPGU16_34590	ko:K08720
plad:PPGU16_34600	ko:K17736
plad:PPGU16_34610	ko:K02002
plad:PPGU16_34620	ko:K27837
plad:PPGU16_34630	ko:K17735
plad:PPGU16_34640	ko:K27492
plad:PPGU16_34690	ko:K01991
plad:PPGU16_34700	ko:K25307
plad:PPGU16_34710	ko:K16692
plad:PPGU16_34830	ko:K06194
plad:PPGU16_34890	ko:K00694
plad:PPGU16_34900	ko:K20541
plad:PPGU16_34910	ko:K20542
plad:PPGU16_34920	ko:K20543
plad:PPGU16_34930	ko:K07302
plad:PPGU16_34940	ko:K07303
plad:PPGU16_34950	ko:K06150
plad:PPGU16_34960	ko:K02029
plad:PPGU16_34970	ko:K02029
plad:PPGU16_34980	ko:K02030
plad:PPGU16_34990	ko:K03566
plad:PPGU16_35000	ko:K07300
plad:PPGU16_35020	ko:K03652
plad:PPGU16_35050	ko:K01497
plad:PPGU16_35070	ko:K07506
plad:PPGU16_35090	ko:K02444
plad:PPGU16_35110	ko:K04719
plad:PPGU16_35120	ko:K02224
plad:PPGU16_35130	ko:K19221
plad:PPGU16_35140	ko:K02189
plad:PPGU16_35150	ko:K02303
plad:PPGU16_35170	ko:K02234
plad:PPGU16_35180	ko:K02230
plad:PPGU16_35190	ko:K03405
plad:PPGU16_35200	ko:K13580
plad:PPGU16_35210	ko:K21449
plad:PPGU16_35220	ko:K03286
plad:PPGU16_35240	ko:K13541
plad:PPGU16_35250	ko:K03394
plad:PPGU16_35260	ko:K06042
plad:PPGU16_35270	ko:K02229
plad:PPGU16_35280	ko:K00595
plad:PPGU16_35290	ko:K02188
plad:PPGU16_35300	ko:K05895
plad:PPGU16_35310	ko:K05936
plad:PPGU16_35320	ko:K03307
plad:PPGU16_35340	ko:K05595
plad:PPGU16_35370	ko:K01884
plad:PPGU16_35380	ko:K05835
plad:PPGU16_35410	ko:K08191
plad:PPGU16_35420	ko:K01187
plad:PPGU16_35470	ko:K02346
plad:PPGU16_35500	ko:K02040
plad:PPGU16_35520	ko:K03406
plad:PPGU16_35550	ko:K22303
plad:PPGU16_35600	ko:K02484
plad:PPGU16_35610	ko:K02483
plad:PPGU16_35650	ko:K03566
plad:PPGU16_35770	ko:K01142
plad:PPGU16_35810	ko:K03574
plad:PPGU16_35830	ko:K07154
plad:PPGU16_35840	ko:K15773
plad:PPGU16_35850	ko:K01114
plad:PPGU16_35860	ko:K07001
plad:PPGU16_35870	ko:K00019
plad:PPGU16_35880	ko:K01574
plad:PPGU16_35890	ko:K05835
plad:PPGU16_35930	ko:K03717
plad:PPGU16_35950	ko:K09981
plad:PPGU16_35960	ko:K23508
plad:PPGU16_35970	ko:K10820
plad:PPGU16_35980	ko:K23509
plad:PPGU16_35990	ko:K23509
plad:PPGU16_36070	ko:K22468
plad:PPGU16_36080	ko:K06192
plad:PPGU16_36090	ko:K18139
plad:PPGU16_36100	ko:K18138
plad:PPGU16_36110	ko:K03585
plad:PPGU16_36130	ko:K03321
plad:PPGU16_36150	ko:K01940
plad:PPGU16_36170	ko:K01621
plad:PPGU16_36190	ko:K03696
plad:PPGU16_36230	ko:K00661
plad:PPGU16_36250	ko:K03781
plad:PPGU16_36330	ko:K01501
plad:PPGU16_36340	ko:K01673
plad:PPGU16_36370	ko:K03380
plad:PPGU16_36380	ko:K00852
plad:PPGU16_36390	ko:K06726
plad:PPGU16_36400	ko:K10441
plad:PPGU16_36410	ko:K10440
plad:PPGU16_36420	ko:K10439
plad:PPGU16_36430	ko:K03484
plad:PPGU16_36460	ko:K17763
plad:PPGU16_36500	ko:K10713
plad:PPGU16_36510	ko:K07223
plad:PPGU16_36530	ko:K03576
plad:PPGU16_36540	ko:K00549
plad:PPGU16_36550	ko:K00122
plad:PPGU16_36580	ko:K02019
plad:PPGU16_36630	ko:K01426
plad:PPGU16_36650	ko:K26064
plad:PPGU16_36670	ko:K06075
plad:PPGU16_36740	ko:K00031
plad:PPGU16_36750	ko:K13985
plad:PPGU16_36780	ko:K00799
plad:PPGU16_36810	ko:K00801
plad:PPGU16_36820	ko:K06147
plad:PPGU16_36830	ko:K17989
plad:PPGU16_36850	ko:K00077
plad:PPGU16_36870	ko:K00832
plad:PPGU16_36900	ko:K03304
plad:PPGU16_36960	ko:K00135
plad:PPGU16_36980	ko:K07481
plad:PPGU16_37000	ko:K02529
plad:PPGU16_37010	ko:K10112
plad:PPGU16_37020	ko:K17317
plad:PPGU16_37030	ko:K17316
plad:PPGU16_37040	ko:K17315
plad:PPGU16_37050	ko:K05350
plad:PPGU16_37110	ko:K02055
plad:PPGU16_37140	ko:K07305
plad:PPGU16_37160	ko:K07304
plad:PPGU16_37180	ko:K09022
plad:PPGU16_37210	ko:K19736
plad:PPGU16_37270	ko:K01115
plad:PPGU16_37320	ko:K21929
plad:PPGU16_37350	ko:K01505
plad:PPGU16_37380	ko:K01816
plad:PPGU16_37390	ko:K08191
plad:PPGU16_37400	ko:K18981
plad:PPGU16_37410	ko:K02510
plad:PPGU16_37530	ko:K13487
plad:PPGU16_37540	ko:K13488
plad:PPGU16_37550	ko:K13486
plad:PPGU16_37560	ko:K13489
plad:PPGU16_37570	ko:K13490
plad:PPGU16_37580	ko:K13491
plad:PPGU16_37590	ko:K11444
plad:PPGU16_37600	ko:K07234
plad:PPGU16_37610	ko:K06145
plad:PPGU16_37660	ko:K16074
plad:PPGU16_37670	ko:K00059
plad:PPGU16_37690	ko:K03406
plad:PPGU16_37710	ko:K18928
plad:PPGU16_37720	ko:K00782
plad:PPGU16_37730	ko:K18929
plad:PPGU16_37740	ko:K03303
plad:PPGU16_37750	ko:K03566
plad:PPGU16_37770	ko:K07336
plad:PPGU16_37780	ko:K16090
plad:PPGU16_37790	ko:K17321
plad:PPGU16_37810	ko:K17323
plad:PPGU16_37820	ko:K17322
plad:PPGU16_37830	ko:K17325
plad:PPGU16_37840	ko:K17324
plad:PPGU16_37900	ko:K02019
plad:PPGU16_37920	ko:K02019
plad:PPGU16_37940	ko:K09915
plad:PPGU16_37970	ko:K06194
plad:PPGU16_37980	ko:K03676
plad:PPGU16_38000	ko:K18991
plad:PPGU16_38020	ko:K00382
plad:PPGU16_38030	ko:K21757
plad:PPGU16_38040	ko:K05549
plad:PPGU16_38050	ko:K05550
plad:PPGU16_38060	ko:K05784
plad:PPGU16_38070	ko:K05783
plad:PPGU16_38110	ko:K00375
plad:PPGU16_38170	ko:K01114
plad:PPGU16_38190	ko:K01779
plad:PPGU16_38220	ko:K00703
plad:PPGU16_38230	ko:K01214
plad:PPGU16_38240	ko:K11354
plad:PPGU16_38310	ko:K00472
plad:PPGU16_38330	ko:K07001
plad:PPGU16_38360	ko:K12513
plad:PPGU16_38370	ko:K12511
plad:PPGU16_38380	ko:K12510
plad:PPGU16_38390	ko:K02283
plad:PPGU16_38400	ko:K02282
plad:PPGU16_38420	ko:K02280
plad:PPGU16_38430	ko:K02279
plad:PPGU16_38450	ko:K02278
plad:PPGU16_38460	ko:K02651
plad:PPGU16_38470	ko:K02651
plad:PPGU16_38480	ko:K02651
plad:PPGU16_38520	ko:K22044
plad:PPGU16_38540	ko:K10844
plad:PPGU16_38580	ko:K11904
plad:PPGU16_38600	ko:K01939
plad:PPGU16_38610	ko:K03566
plad:PPGU16_38620	ko:K01286
plad:PPGU16_38630	ko:K01286
plad:PPGU16_38660	ko:K00384
plad:PPGU16_38760	ko:K03092
plad:PPGU16_38810	ko:K08995
plad:PPGU16_38820	ko:K05520
plad:PPGU16_38830	ko:K03168
plad:PPGU16_38910	ko:K24160
plad:PPGU16_38920	ko:K21006
plad:PPGU16_38930	ko:K21007
plad:PPGU16_38940	ko:K21008
plad:PPGU16_38950	ko:K21009
plad:PPGU16_38960	ko:K21010
plad:PPGU16_38970	ko:K21011
plad:PPGU16_38980	ko:K21012
plad:PPGU16_39000	ko:K03724
plad:PPGU16_39010	ko:K01194
plad:PPGU16_39020	ko:K14051
plad:PPGU16_39030	ko:K13816
plad:PPGU16_39040	ko:K13574
plad:PPGU16_39090	ko:K11741
plad:PPGU16_39140	ko:K08323
plad:PPGU16_39160	ko:K00046
plad:PPGU16_39350	ko:K22186
plad:PPGU16_39360	ko:K01845
plad:PPGU16_39370	ko:K01999
plad:PPGU16_39420	ko:K07003
plad:PPGU16_39460	ko:K00064
plad:PPGU16_39530	ko:K18139
plad:PPGU16_39610	ko:K00064
plad:PPGU16_39650	ko:K00425
plad:PPGU16_39660	ko:K00426
plad:PPGU16_39690	ko:K00384
plad:PPGU16_39700	ko:K13953
plad:PPGU16_39750	ko:K13877
plad:PPGU16_39760	ko:K00059
plad:PPGU16_39770	ko:K29125
plad:PPGU16_39790	ko:K00043
plad:PPGU16_39830	ko:K01682
plad:PPGU16_39880	ko:K01640
plad:PPGU16_39910	ko:K01692
plad:PPGU16_39920	ko:K00666
plad:PPGU16_39940	ko:K02371
plad:PPGU16_39970	ko:K03285
plad:PPGU16_40030	ko:K11745
plad:PPGU16_40060	ko:K18904
plad:PPGU16_40090	ko:K00002
plad:PPGU16_40100	ko:K06048
plad:PPGU16_40130	ko:K22044
plad:PPGU16_40190	ko:K09969
plad:PPGU16_40230	ko:K00926
plad:PPGU16_40240	ko:K00611
plad:PPGU16_40250	ko:K01478
plad:PPGU16_40270	ko:K01581
plad:PPGU16_40280	ko:K03756
plad:PPGU16_40290	ko:K01584
plad:PPGU16_40310	ko:K26148
plad:PPGU16_40350	ko:K20034
plad:PPGU16_40360	ko:K05710
plad:PPGU16_40370	ko:K07002
plad:PPGU16_40390	ko:K00344
plad:PPGU16_40430	ko:K17865
plad:PPGU16_40440	ko:K03821
plad:PPGU16_40450	ko:K06147
plad:PPGU16_40520	ko:K04063
plad:PPGU16_40540	ko:K01607
plad:PPGU16_40590	ko:K00666
plad:PPGU16_40640	ko:K07232
plad:PPGU16_40650	ko:K18900
plad:PPGU16_40660	ko:K18901
plad:PPGU16_40670	ko:K18902
plad:PPGU16_40680	ko:K18903
plad:PPGU16_40710	ko:K00799
plad:PPGU16_40780	ko:K05835
plad:PPGU16_40790	ko:K03285
plad:PPGU16_40800	ko:K22879
plad:PPGU16_40810	ko:K24116
plad:PPGU16_40840	ko:K02073
plad:PPGU16_40860	ko:K16137
plad:PPGU16_40870	ko:K00666
plad:PPGU16_40900	ko:K01647
plad:PPGU16_40930	ko:K03569
plad:PPGU16_40940	ko:K06999
plad:PPGU16_40950	ko:K03446
plad:PPGU16_41020	ko:K11177
plad:PPGU16_41030	ko:K11178
plad:PPGU16_41040	ko:K13483
plad:PPGU16_41080	ko:K00020
plad:PPGU16_41090	ko:K00140
plad:PPGU16_41100	ko:K01895
plad:PPGU16_41130	ko:K07403
plad:PPGU16_41160	ko:K06901
plad:PPGU16_41190	ko:K21405
plad:PPGU16_41200	ko:K22736
plad:PPGU16_41230	ko:K21829
plad:PPGU16_41260	ko:K10013
plad:PPGU16_41270	ko:K26064
plad:PPGU16_41290	ko:K05874
plad:PPGU16_41300	ko:K13936
plad:PPGU16_41380	ko:K02518
plad:PPGU16_41400	ko:K03449
plad:PPGU16_41410	ko:K07183
plad:PPGU16_41420	ko:K22067
plad:PPGU16_41430	ko:K02002
plad:PPGU16_41440	ko:K21826
plad:PPGU16_41450	ko:K02001
plad:PPGU16_41460	ko:K02000
plad:PPGU16_41470	ko:K13875
plad:PPGU16_41480	ko:K13876
plad:PPGU16_41500	ko:K12340
plad:PPGU16_41510	ko:K13409
plad:PPGU16_41520	ko:K13408
plad:PPGU16_41550	ko:K07687
plad:PPGU16_41560	ko:K10559
plad:PPGU16_41570	ko:K10561
plad:PPGU16_41580	ko:K10560
plad:PPGU16_41590	ko:K10562
plad:PPGU16_41610	ko:K03534
plad:PPGU16_41630	ko:K18337
plad:PPGU16_41640	ko:K12661
plad:PPGU16_41650	ko:K26580
plad:PPGU16_41660	ko:K21883
plad:PPGU16_41700	ko:K00299
plad:PPGU16_41730	ko:K21801
plad:PPGU16_41740	ko:K01521
plad:PPGU16_41780	ko:K01968
plad:PPGU16_41790	ko:K13766
plad:PPGU16_41800	ko:K01969
plad:PPGU16_41810	ko:K00253
plad:PPGU16_41900	ko:K09472
plad:PPGU16_41920	ko:K07010
plad:PPGU16_41930	ko:K01915
plad:PPGU16_41940	ko:K12256
plad:PPGU16_41950	ko:K11073
plad:PPGU16_41960	ko:K11076
plad:PPGU16_41970	ko:K11075
plad:PPGU16_41980	ko:K11074
plad:PPGU16_42000	ko:K09471
plad:PPGU16_42030	ko:K08369
plad:PPGU16_42040	ko:K03321
plad:PPGU16_42080	ko:K06934
plad:PPGU16_42090	ko:K01623
plad:PPGU16_42180	ko:K03413
plad:PPGU16_42210	ko:K03407
plad:PPGU16_42230	ko:K10552
plad:PPGU16_42240	ko:K10553
plad:PPGU16_42250	ko:K10554
plad:PPGU16_42280	ko:K09471
plad:PPGU16_42340	ko:K22549
plad:PPGU16_42350	ko:K22550
plad:PPGU16_42360	ko:K21061
plad:PPGU16_42370	ko:K12658
plad:PPGU16_42380	ko:K21062
plad:PPGU16_42400	ko:K03762
plad:PPGU16_42410	ko:K08166
plad:PPGU16_42430	ko:K15977
plad:PPGU16_42440	ko:K11534
plad:PPGU16_42450	ko:K02057
plad:PPGU16_42460	ko:K02056
plad:PPGU16_42470	ko:K02058
plad:PPGU16_42480	ko:K02057
plad:PPGU16_42490	ko:K00852
plad:PPGU16_42500	ko:K02431
plad:PPGU16_42510	ko:K00128
plad:PPGU16_42520	ko:K01619
plad:PPGU16_42530	ko:K13993
plad:PPGU16_42620	ko:K09990
plad:PPGU16_42630	ko:K07112
plad:PPGU16_42640	ko:K02403
plad:PPGU16_42650	ko:K02402
plad:PPGU16_42660	ko:K03322
plad:PPGU16_42670	ko:K18903
plad:PPGU16_42680	ko:K18902
plad:PPGU16_42690	ko:K18901
plad:PPGU16_42710	ko:K18900
plad:PPGU16_42750	ko:K01008
plad:PPGU16_42760	ko:K15371
plad:PPGU16_42790	ko:K06992
plad:PPGU16_42850	ko:K02041
plad:PPGU16_42860	ko:K02044
plad:PPGU16_42870	ko:K02042
plad:PPGU16_42900	ko:K00375
plad:PPGU16_42910	ko:K00823
plad:PPGU16_42920	ko:K00135
plad:PPGU16_42930	ko:K03644
plad:PPGU16_42940	ko:K00627
plad:PPGU16_42950	ko:K21417
plad:PPGU16_42960	ko:K21416
plad:PPGU16_42980	ko:K21405
plad:PPGU16_43030	ko:K07823
plad:PPGU16_43040	ko:K02624
plad:PPGU16_43050	ko:K01451
plad:PPGU16_43060	ko:K05774
plad:PPGU16_43080	ko:K02043
plad:PPGU16_43090	ko:K06166
plad:PPGU16_43100	ko:K06165
plad:PPGU16_43110	ko:K06164
plad:PPGU16_43120	ko:K06163
plad:PPGU16_43130	ko:K05781
plad:PPGU16_43140	ko:K05780
plad:PPGU16_43150	ko:K06162
plad:PPGU16_43160	ko:K10013
plad:PPGU16_43170	ko:K06987
plad:PPGU16_43220	ko:K22589
plad:PPGU16_43260	ko:K01673
plad:PPGU16_43300	ko:K00688
plad:PPGU16_43320	ko:K08169
plad:PPGU16_43330	ko:K01620
plad:PPGU16_43350	ko:K02030
plad:PPGU16_43370	ko:K08195
plad:PPGU16_43380	ko:K08177
plad:PPGU16_43410	ko:K16256
plad:PPGU16_43420	ko:K16257
plad:PPGU16_43430	ko:K16258
plad:PPGU16_43440	ko:K16259
plad:PPGU16_43500	ko:K05879
plad:PPGU16_43510	ko:K05878
plad:PPGU16_43520	ko:K10440
plad:PPGU16_43530	ko:K10441
plad:PPGU16_43540	ko:K10439
plad:PPGU16_43550	ko:K01628
plad:PPGU16_43560	ko:K08963
plad:PPGU16_43570	ko:K00899
plad:PPGU16_43580	ko:K03710
plad:PPGU16_43590	ko:K18910
plad:PPGU16_43600	ko:K10111
plad:PPGU16_43610	ko:K02027
plad:PPGU16_43620	ko:K02025
plad:PPGU16_43630	ko:K02026
plad:PPGU16_43660	ko:K05351
plad:PPGU16_43670	ko:K23271
plad:PPGU16_43690	ko:K00375
plad:PPGU16_43700	ko:K07734
plad:PPGU16_43730	ko:K01768
plad:PPGU16_43760	ko:K01118
plad:PPGU16_43860	ko:K15229
plad:PPGU16_43890	ko:K15228
plad:PPGU16_43920	ko:K00146
plad:PPGU16_43940	ko:K03430
plad:PPGU16_43950	ko:K09459
plad:PPGU16_43960	ko:K01841
plad:PPGU16_43990	ko:K03406
plad:PPGU16_44000	ko:K03587
plad:PPGU16_44080	ko:K11004
plad:PPGU16_44100	ko:K11003
plad:PPGU16_44130	ko:K18139
plad:PPGU16_44330	ko:K01684
plad:PPGU16_44340	ko:K26602
plad:PPGU16_44350	ko:K07248
plad:PPGU16_44390	ko:K12979
plad:PPGU16_44400	ko:K18968
plad:PPGU16_44410	ko:K03566
plad:PPGU16_44420	ko:K03306
plad:PPGU16_44430	ko:K22468
plad:PPGU16_44450	ko:K00681
plad:PPGU16_44460	ko:K15785
plad:PPGU16_44470	ko:K15786
plad:PPGU16_44480	ko:K15782
plad:PPGU16_44490	ko:K15784
plad:PPGU16_44500	ko:K15783
plad:PPGU16_44520	ko:K01754
plad:PPGU16_44550	ko:K02030
plad:PPGU16_44560	ko:K02029
plad:PPGU16_44570	ko:K02029
plad:PPGU16_44580	ko:K02028
plad:PPGU16_44660	ko:K02503
plad:PPGU16_44680	ko:K03285
plad:PPGU16_44690	ko:K05811
plad:PPGU16_44720	ko:K03310
plad:PPGU16_44740	ko:K26061
plad:PPGU16_44760	ko:K00457
plad:PPGU16_44770	ko:K02623
plad:PPGU16_44780	ko:K00449
plad:PPGU16_44790	ko:K00448
plad:PPGU16_44810	ko:K03746
plad:PPGU16_44830	ko:K20034
plad:PPGU16_44880	ko:K05366
plad:PPGU16_44890	ko:K03307
plad:PPGU16_44920	ko:K06911
plad:PPGU16_44930	ko:K15977
plad:PPGU16_44960	ko:K05710
plad:PPGU16_44970	ko:K00529
plad:PPGU16_44990	ko:K02529
plad:PPGU16_45010	ko:K18900
plad:PPGU16_45090	ko:K00799
plad:PPGU16_45110	ko:K01574
plad:PPGU16_45120	ko:K00077
plad:PPGU16_45190	ko:K04744
plad:PPGU16_45210	ko:K07277
plad:PPGU16_45220	ko:K07659
plad:PPGU16_45230	ko:K07642
plad:PPGU16_45240	ko:K07664
plad:PPGU16_45250	ko:K03746
plad:PPGU16_45290	ko:K20035
plad:PPGU16_45310	ko:K03086
plad:PPGU16_45330	ko:K02316
plad:PPGU16_45340	ko:K09117
plad:PPGU16_45350	ko:K02970
plad:PPGU16_45370	ko:K25706
plad:PPGU16_45390	ko:K00077
plad:PPGU16_45400	ko:K00626
plad:PPGU16_45420	ko:K03446
plad:PPGU16_45430	ko:K03543
plad:PPGU16_45520	ko:K07168
plad:PPGU16_45540	ko:K03281
plad:PPGU16_45550	ko:K08995
plad:PPGU16_45570	ko:K03088
plad:PPGU16_45590	ko:K07006
plad:PPGU16_45600	ko:K00799
plad:PPGU16_45660	ko:K01759
plad:PPGU16_45740	ko:K00822
plad:PPGU16_45770	ko:K01999
plad:PPGU16_45780	ko:K01996
plad:PPGU16_45790	ko:K01995
plad:PPGU16_45800	ko:K01997
plad:PPGU16_45800	ko:K01998
plad:PPGU16_45820	ko:K01607
plad:PPGU16_45830	ko:K01055
plad:PPGU16_45840	ko:K01857
plad:PPGU16_45850	ko:K01032
plad:PPGU16_45860	ko:K01031
plad:PPGU16_45870	ko:K00481
plad:PPGU16_45890	ko:K01495
plad:PPGU16_45920	ko:K00640
plad:PPGU16_45970	ko:K02053
plad:PPGU16_45980	ko:K02054
plad:PPGU16_45990	ko:K02052
plad:PPGU16_46000	ko:K02055
plad:PPGU16_46010	ko:K01053
plad:PPGU16_46020	ko:K13877
plad:PPGU16_46030	ko:K18304
plad:PPGU16_46050	ko:K13060
plad:PPGU16_46090	ko:K01420
plad:PPGU16_46140	ko:K03717
plad:PPGU16_46180	ko:K01744
plad:PPGU16_46190	ko:K01779
plad:PPGU16_46210	ko:K21645
plad:PPGU16_46220	ko:K01424
plad:PPGU16_46250	ko:K20807
plad:PPGU16_46260	ko:K01721
plad:PPGU16_46320	ko:K22025
plad:PPGU16_46330	ko:K22131
plad:PPGU16_46350	ko:K22130
plad:PPGU16_46360	ko:K21948
plad:PPGU16_46370	ko:K08319
plad:PPGU16_46400	ko:K07085
plad:PPGU16_46410	ko:K07665
plad:PPGU16_46420	ko:K07644
plad:PPGU16_46430	ko:K02484
plad:PPGU16_46440	ko:K02483
plad:PPGU16_46450	ko:K03711
plad:PPGU16_46470	ko:K02297
plad:PPGU16_46480	ko:K02298
plad:PPGU16_46490	ko:K02299
plad:PPGU16_46500	ko:K02300
plad:PPGU16_46520	ko:K00342
plad:PPGU16_46540	ko:K06016
plad:PPGU16_46570	ko:K02051
plad:PPGU16_46580	ko:K02050
plad:PPGU16_46590	ko:K02049
plad:PPGU16_46600	ko:K28692
plad:PPGU16_46610	ko:K28693
plad:PPGU16_46620	ko:K01941
plad:PPGU16_46630	ko:K01457
plad:PPGU16_46650	ko:K06077
plad:PPGU16_46740	ko:K03741
plad:PPGU16_46750	ko:K03772
plad:PPGU16_46790	ko:K03406
plad:PPGU16_46820	ko:K06132
plad:PPGU16_46860	ko:K07090
plad:PPGU16_46900	ko:K08968
plad:PPGU16_46920	ko:K03781
plad:PPGU16_46940	ko:K08641
plad:PPGU16_46950	ko:K02035
plad:PPGU16_46960	ko:K02033
plad:PPGU16_46970	ko:K02034
plad:PPGU16_46980	ko:K02031
plad:PPGU16_46990	ko:K02032
plad:PPGU16_47000	ko:K08195
plad:PPGU16_47040	ko:K18954
plad:PPGU16_47050	ko:K00481
plad:PPGU16_47070	ko:K07302
plad:PPGU16_47080	ko:K07303
plad:PPGU16_47110	ko:K14205
plad:PPGU16_47130	ko:K03446
plad:PPGU16_47140	ko:K03543
plad:PPGU16_47150	ko:K18139
plad:PPGU16_47180	ko:K12266
plad:PPGU16_47190	ko:K05916
plad:PPGU16_47200	ko:K03464
plad:PPGU16_47210	ko:K03381
plad:PPGU16_47220	ko:K01856
plad:PPGU16_47230	ko:K21757
plad:PPGU16_47280	ko:K01118
plad:PPGU16_47310	ko:K03457
plad:PPGU16_47320	ko:K03719
plad:PPGU16_47330	ko:K03896
plad:PPGU16_47340	ko:K02014
plad:PPGU16_47350	ko:K10531
plad:PPGU16_47360	ko:K03896
plad:PPGU16_47390	ko:K06160
plad:PPGU16_47410	ko:K23227
plad:PPGU16_47420	ko:K13255
plad:PPGU16_47430	ko:K23228
plad:PPGU16_47440	ko:K10829
plad:PPGU16_47460	ko:K05375
plad:PPGU16_47500	ko:K05712
plad:PPGU16_47550	ko:K10112
plad:PPGU16_47570	ko:K02027
plad:PPGU16_47580	ko:K02025
plad:PPGU16_47590	ko:K02026
plad:PPGU16_47690	ko:K03566
plad:PPGU16_47720	ko:K03761
plad:PPGU16_47750	ko:K02058
plad:PPGU16_47760	ko:K02529
plad:PPGU16_47780	ko:K06991
plad:PPGU16_47790	ko:K02529
plad:PPGU16_47800	ko:K11688
plad:PPGU16_47810	ko:K21393
plad:PPGU16_47830	ko:K01559
plad:PPGU16_47840	ko:K23247
plad:PPGU16_47860	ko:K23514
plad:PPGU16_47870	ko:K07165
plad:PPGU16_47880	ko:K02014
plad:PPGU16_47910	ko:K02014
plad:PPGU16_47930	ko:K09461
plad:PPGU16_47980	ko:K01075
plad:PPGU16_48000	ko:K08295
plad:PPGU16_48020	ko:K00799
plad:PPGU16_48050	ko:K13653
plad:PPGU16_48100	ko:K07171
plad:PPGU16_48110	ko:K07172
plad:PPGU16_48140	ko:K04750
plad:PPGU16_48200	ko:K03088
plad:PPGU16_48290	ko:K07032
plad:PPGU16_48320	ko:K04062
plad:PPGU16_48350	ko:K22895
plad:PPGU16_48390	ko:K07393
plad:PPGU16_48410	ko:K11904
plad:PPGU16_48450	ko:K03671
plad:PPGU16_48460	ko:K01626
plad:PPGU16_48470	ko:K00641
plad:PPGU16_48500	ko:K00375
plad:PPGU16_48530	ko:K00113
plad:PPGU16_48560	ko:K01173
plad:PPGU16_48580	ko:K10914
plad:PPGU16_48600	ko:K05786
plad:PPGU16_48610	ko:K18911
plad:PPGU16_48620	ko:K01512
plad:PPGU16_48630	ko:K00091
plad:PPGU16_48670	ko:K03527
plad:PPGU16_48690	ko:K07323
plad:PPGU16_48700	ko:K07003
plad:PPGU16_48710	ko:K04754
plad:PPGU16_48740	ko:K06045
plad:PPGU16_48750	ko:K21677
plad:PPGU16_48760	ko:K21678
plad:PPGU16_48790	ko:K03410
plad:PPGU16_48840	ko:K19784
plad:PPGU16_48860	ko:K15553
plad:PPGU16_48870	ko:K00537
plad:PPGU16_48880	ko:K03496
plad:PPGU16_48890	ko:K03497
plad:PPGU16_48960	ko:K00639
plad:PPGU16_48970	ko:K00060
plad:PPGU16_49000	ko:K09958
plad:PPGU16_49030	ko:K00344
plad:PPGU16_49100	ko:K22704
plad:PPGU16_49120	ko:K03291
plad:PPGU16_49140	ko:K01297
plad:PPGU16_49150	ko:K06867
plad:PPGU16_49190	ko:K01434
plad:PPGU16_49250	ko:K07335
plad:PPGU16_49280	ko:K17285
plad:PPGU16_49300	ko:K02511
plad:PPGU16_49310	ko:K05712
plad:PPGU16_49340	ko:K04033
plad:PPGU16_49360	ko:K14057
plad:PPGU16_49370	ko:K10013
plad:PPGU16_49380	ko:K06987
plad:PPGU16_49390	ko:K07124
plad:PPGU16_49430	ko:K02557
plad:PPGU16_49440	ko:K02556
plad:PPGU16_49480	ko:K03412
plad:PPGU16_49490	ko:K00575
plad:PPGU16_49550	ko:K13875
plad:PPGU16_49560	ko:K13873
plad:PPGU16_49570	ko:K10537
plad:PPGU16_49580	ko:K10539
plad:PPGU16_49590	ko:K10538
plad:PPGU16_49600	ko:K11904
plad:PPGU16_49630	ko:K16203
plad:PPGU16_49650	ko:K13891
plad:PPGU16_49660	ko:K13890
plad:PPGU16_49670	ko:K13889
plad:PPGU16_49680	ko:K13892
plad:PPGU16_49690	ko:K13051
plad:PPGU16_49730	ko:K05710
plad:PPGU16_49810	ko:K01652
plad:PPGU16_49820	ko:K06989
plad:PPGU16_49850	ko:K00529
plad:PPGU16_49860	ko:K28762
plad:PPGU16_49880	ko:K07726
plad:PPGU16_49890	ko:K16216
plad:PPGU16_49930	ko:K18313
plad:PPGU16_49940	ko:K01640
plad:PPGU16_49970	ko:K00830
plad:PPGU16_50010	ko:K07493
plad:PPGU16_50030	ko:K07506
plad:PPGU16_50080	ko:K09927
plad:PPGU16_50100	ko:K00384
plad:PPGU16_50130	ko:K00567
plad:PPGU16_50140	ko:K03776
plad:PPGU16_50150	ko:K03285
plad:PPGU16_50170	ko:K01026
plad:PPGU16_50280	ko:K03746
plad:PPGU16_50290	ko:K10713
plad:PPGU16_50300	ko:K23107
plad:PPGU16_50310	ko:K00135
plad:PPGU16_50320	ko:K08368
plad:PPGU16_50330	ko:K07345
plad:PPGU16_50340	ko:K15540
plad:PPGU16_50350	ko:K07347
plad:PPGU16_50360	ko:K07345
plad:PPGU16_50370	ko:K02837
plad:PPGU16_50380	ko:K03566
plad:PPGU16_50390	ko:K09181
plad:PPGU16_50420	ko:K10439
plad:PPGU16_50430	ko:K02056
plad:PPGU16_50440	ko:K02057
plad:PPGU16_50460	ko:K16850
plad:PPGU16_50470	ko:K00064
plad:PPGU16_50480	ko:K07046
plad:PPGU16_50490	ko:K18335
plad:PPGU16_50500	ko:K18336
plad:PPGU16_50520	ko:K05874
plad:PPGU16_50540	ko:K07507
plad:PPGU16_50570	ko:K00074
plad:PPGU16_50590	ko:K05973
plad:PPGU16_50600	ko:K00799
plad:PPGU16_50610	ko:K03406
plad:PPGU16_50620	ko:K17686
plad:PPGU16_50660	ko:K06194
plad:PPGU16_50670	ko:K03642
plad:PPGU16_50680	ko:K00375
plad:PPGU16_50690	ko:K02052
plad:PPGU16_50700	ko:K02055
plad:PPGU16_50710	ko:K02054
plad:PPGU16_50720	ko:K02053
plad:PPGU16_50760	ko:K01992
plad:PPGU16_50770	ko:K01990
plad:PPGU16_50780	ko:K01993
plad:PPGU16_50800	ko:K07690
plad:PPGU16_50810	ko:K09005
plad:PPGU16_50840	ko:K10439
plad:PPGU16_50850	ko:K10441
plad:PPGU16_50860	ko:K10440
plad:PPGU16_50870	ko:K10440
plad:PPGU16_50890	ko:K27802
plad:PPGU16_50900	ko:K01720
plad:PPGU16_50920	ko:K01659
plad:PPGU16_50930	ko:K03417
plad:PPGU16_50940	ko:K01644
plad:PPGU16_50950	ko:K00024
plad:PPGU16_50960	ko:K03710
plad:PPGU16_50970	ko:K00241
plad:PPGU16_50980	ko:K00242
plad:PPGU16_50990	ko:K00239
plad:PPGU16_51000	ko:K00240
plad:PPGU16_51010	ko:K09159
plad:PPGU16_51020	ko:K01647
plad:PPGU16_51040	ko:K01703
plad:PPGU16_51050	ko:K16347
plad:PPGU16_51060	ko:K01704
plad:PPGU16_51070	ko:K00052
plad:PPGU16_51080	ko:K00133
plad:PPGU16_51090	ko:K08086
plad:PPGU16_51100	ko:K06173
plad:PPGU16_51110	ko:K01817
plad:PPGU16_51120	ko:K01696
plad:PPGU16_51130	ko:K00571
plad:PPGU16_51140	ko:K01695
plad:PPGU16_51150	ko:K01963
plad:PPGU16_51160	ko:K11754
plad:PPGU16_51170	ko:K03749
plad:PPGU16_51180	ko:K03558
plad:PPGU16_51190	ko:K00764
plad:PPGU16_51200	ko:K10764
plad:PPGU16_51220	ko:K03772
plad:PPGU16_51240	ko:K03699
plad:PPGU16_51250	ko:K06044
plad:PPGU16_51260	ko:K00705
plad:PPGU16_51270	ko:K01236
plad:PPGU16_51280	ko:K01214
plad:PPGU16_51290	ko:K00700
plad:PPGU16_51300	ko:K05343
plad:PPGU16_51310	ko:K16147
plad:PPGU16_51330	ko:K23274
plad:PPGU16_51340	ko:K19813
plad:PPGU16_51420	ko:K02019
plad:PPGU16_51430	ko:K02017
plad:PPGU16_51440	ko:K02018
plad:PPGU16_51450	ko:K02020
plad:PPGU16_51490	ko:K01669
plad:PPGU16_51500	ko:K04063
plad:PPGU16_51510	ko:K23775
plad:PPGU16_51530	ko:K02204
plad:PPGU16_51550	ko:K01241
plad:PPGU16_51570	ko:K07240
plad:PPGU16_51580	ko:K07240
plad:PPGU16_51590	ko:K03566
plad:PPGU16_51610	ko:K02335
plad:PPGU16_51620	ko:K03885
plad:PPGU16_51630	ko:K01061
plad:PPGU16_51640	ko:K01011
plad:PPGU16_51660	ko:K03602
plad:PPGU16_51670	ko:K00795
plad:PPGU16_51680	ko:K01662
plad:PPGU16_51690	ko:K09007
plad:PPGU16_51720	ko:K10823
plad:PPGU16_51730	ko:K15583
plad:PPGU16_51740	ko:K15582
plad:PPGU16_51750	ko:K15581
plad:PPGU16_51760	ko:K15580
plad:PPGU16_51780	ko:K03305
plad:PPGU16_51790	ko:K00375
plad:PPGU16_51840	ko:K07395
plad:PPGU16_51860	ko:K07058
plad:PPGU16_51870	ko:K00123
plad:PPGU16_51880	ko:K00124
plad:PPGU16_51890	ko:K00127
plad:PPGU16_51900	ko:K02380
plad:PPGU16_51910	ko:K01042
plad:PPGU16_51920	ko:K03833
plad:PPGU16_51940	ko:K07240
plad:PPGU16_52000	ko:K07126
plad:PPGU16_52020	ko:K06158
plad:PPGU16_52030	ko:K05817
plad:PPGU16_52040	ko:K00433
plad:PPGU16_52180	ko:K10038
plad:PPGU16_52190	ko:K10037
plad:PPGU16_52200	ko:K10036
plad:PPGU16_52240	ko:K18301
plad:PPGU16_52310	ko:K03781
plad:PPGU16_52330	ko:K27042
plad:PPGU16_52390	ko:K00285
plad:PPGU16_52400	ko:K01480
plad:PPGU16_52420	ko:K01999
plad:PPGU16_52440	ko:K00146
plad:PPGU16_52450	ko:K03457
plad:PPGU16_52460	ko:K00108
plad:PPGU16_52470	ko:K00033
plad:PPGU16_52530	ko:K15060
plad:PPGU16_52540	ko:K21607
plad:PPGU16_52550	ko:K08369
plad:PPGU16_52560	ko:K02484
plad:PPGU16_52670	ko:K10979
plad:PPGU16_52710	ko:K02073
plad:PPGU16_52720	ko:K02071
plad:PPGU16_52730	ko:K02072
plad:PPGU16_52740	ko:K18900
plad:PPGU16_52760	ko:K18901
plad:PPGU16_52770	ko:K18902
plad:PPGU16_52780	ko:K18903
plad:PPGU16_52790	ko:K16137
plad:PPGU16_52890	ko:K00135
plad:PPGU16_52900	ko:K27837
plad:PPGU16_52930	ko:K10218
plad:PPGU16_52940	ko:K10220
plad:PPGU16_52950	ko:K04099
plad:PPGU16_52960	ko:K19784
plad:PPGU16_52970	ko:K28519
plad:PPGU16_52980	ko:K11475
plad:PPGU16_53000	ko:K01915
plad:PPGU16_53010	ko:K04755
plad:PPGU16_53020	ko:K00529
plad:PPGU16_53030	ko:K07010
plad:PPGU16_53050	ko:K08195
plad:PPGU16_53060	ko:K28520
plad:PPGU16_53090	ko:K02970
plad:PPGU16_53100	ko:K03704
plad:PPGU16_53140	ko:K00433
plad:PPGU16_53160	ko:K03321
plad:PPGU16_53180	ko:K07137
plad:PPGU16_53330	ko:K00384
plad:PPGU16_53400	ko:K16692
plad:PPGU16_53480	ko:K16011
plad:PPGU16_53530	ko:K01768
plad:PPGU16_53590	ko:K03446
plad:PPGU16_53600	ko:K03426
plad:PPGU16_53650	ko:K03566
plad:PPGU16_53720	ko:K13877
plad:PPGU16_53780	ko:K02005
plad:PPGU16_53790	ko:K02003
plad:PPGU16_53800	ko:K02004
plad:PPGU16_53810	ko:K02004
plad:PPGU16_53840	ko:K00128
plad:PPGU16_53900	ko:K00799
plad:PPGU16_53920	ko:K06917
plad:PPGU16_53930	ko:K07168
plad:PPGU16_53940	ko:K02303
plad:PPGU16_53970	ko:K06145
plad:PPGU16_53980	ko:K22186
plad:PPGU16_54030	ko:K03086
plad:PPGU16_54060	ko:K00208
plad:PPGU16_54070	ko:K00925
plad:PPGU16_54080	ko:K00625
plad:PPGU16_54100	ko:K06446
plad:PPGU16_54130	ko:K07090
plad:PPGU16_54240	ko:K07507
plad:PPGU16_54260	ko:K03809
plad:PPGU16_54310	ko:K01673
plad:PPGU16_54380	ko:K02336
plad:PPGU16_54390	ko:K24119
plad:PPGU16_54400	ko:K03387
plad:PPGU16_54410	ko:K01999
plad:PPGU16_54430	ko:K03642
plad:PPGU16_54460	ko:K02297
plad:PPGU16_54470	ko:K02298
plad:PPGU16_54480	ko:K02299
plad:PPGU16_54490	ko:K02300
plad:PPGU16_54530	ko:K11904
plad:PPGU16_54580	ko:K02004
plad:PPGU16_54590	ko:K02003
plad:PPGU16_54610	ko:K07156
plad:PPGU16_54690	ko:K08177
plad:PPGU16_54720	ko:K01577
plad:PPGU16_54730	ko:K07749
plad:PPGU16_54760	ko:K07493
plad:PPGU16_54770	ko:K07749
plad:PPGU16_54790	ko:K00077
plad:PPGU16_54860	ko:K03285
plad:PPGU16_54890	ko:K15553
plad:PPGU16_54900	ko:K15555
plad:PPGU16_54910	ko:K15554
plad:PPGU16_55030	ko:K07577
plad:PPGU16_55050	ko:K03781
plad:PPGU16_55100	ko:K00128
plad:PPGU16_55110	ko:K00217
plad:PPGU16_55120	ko:K04098
plad:PPGU16_55140	ko:K01990
plad:PPGU16_55150	ko:K01992
plad:PPGU16_55210	ko:K01902
plad:PPGU16_55220	ko:K01903
plad:PPGU16_55230	ko:K07749
plad:PPGU16_55240	ko:K00325
plad:PPGU16_55260	ko:K21703
plad:PPGU16_55270	ko:K08177
plad:PPGU16_55290	ko:K00128
plad:PPGU16_55300	ko:K05834
plad:PPGU16_55400	ko:K00285
plad:PPGU16_55450	ko:K07006
plad:PPGU16_55470	ko:K00033
plad:PPGU16_55520	ko:K06194
plad:PPGU16_55560	ko:K03549
plad:PPGU16_55570	ko:K01721
plad:PPGU16_55580	ko:K20807
plad:PPGU16_55620	ko:K07141
plad:PPGU16_55630	ko:K11177
plad:PPGU16_55640	ko:K11178
plad:PPGU16_55650	ko:K13483
plad:PPGU16_55660	ko:K00609
plad:PPGU16_55670	ko:K01714
plad:PPGU16_55710	ko:K21023
plad:PPGU16_55730	ko:K13633
plad:PPGU16_55740	ko:K15790
plad:PPGU16_55750	ko:K02002
plad:PPGU16_55760	ko:K03554
plad:PPGU16_55780	ko:K10001
plad:PPGU16_55940	ko:K00040
plad:PPGU16_55950	ko:K08323
plad:PPGU16_55970	ko:K00098
plad:PPGU16_55980	ko:K08191
plad:PPGU16_56000	ko:K00688
plad:PPGU16_56010	ko:K03594
plad:PPGU16_56020	ko:K02529
plad:PPGU16_56030	ko:K02027
plad:PPGU16_56040	ko:K02025
plad:PPGU16_56050	ko:K02026
plad:PPGU16_56070	ko:K10112
plad:PPGU16_56080	ko:K10112
plad:PPGU16_56090	ko:K05879
plad:PPGU16_56100	ko:K05878
plad:PPGU16_56110	ko:K02055
plad:PPGU16_56120	ko:K02054
plad:PPGU16_56130	ko:K02053
plad:PPGU16_56140	ko:K02052
plad:PPGU16_56160	ko:K00574
plad:PPGU16_56170	ko:K03098
plad:PPGU16_56180	ko:K00574
plad:PPGU16_56190	ko:K09701
plad:PPGU16_56200	ko:K06954
plad:PPGU16_56240	ko:K01167
plad:PPGU16_56260	ko:K21826
plad:PPGU16_56270	ko:K08688
plad:PPGU16_56280	ko:K00600
plad:PPGU16_56290	ko:K01470
plad:PPGU16_56310	ko:K03762
plad:PPGU16_56380	ko:K07665
plad:PPGU16_56390	ko:K07644
plad:PPGU16_56400	ko:K03285
plad:PPGU16_56410	ko:K07274
plad:PPGU16_56430	ko:K07644
plad:PPGU16_56440	ko:K26148
plad:PPGU16_56450	ko:K10439
plad:PPGU16_56460	ko:K10440
plad:PPGU16_56470	ko:K10441
plad:PPGU16_56490	ko:K02483
plad:PPGU16_56500	ko:K00344
plad:PPGU16_56540	ko:K02483
plad:PPGU16_56560	ko:K00384
plad:PPGU16_56630	ko:K01426
plad:PPGU16_56650	ko:K00128
plad:PPGU16_56700	ko:K01687
plad:PPGU16_56740	ko:K15553
plad:PPGU16_56750	ko:K02073
plad:PPGU16_56780	ko:K07638
plad:PPGU16_56800	ko:K00249
plad:PPGU16_56860	ko:K03719
plad:PPGU16_56880	ko:K06938
plad:PPGU16_56890	ko:K09771
plad:PPGU16_56900	ko:K09983
plad:PPGU16_56910	ko:K08677
plad:PPGU16_56940	ko:K02027
plad:PPGU16_56970	ko:K07302
plad:PPGU16_56980	ko:K07303
plad:PPGU16_57000	ko:K18138
plad:PPGU16_57010	ko:K03585
plad:PPGU16_57020	ko:K18139
plad:PPGU16_57030	ko:K02020
plad:PPGU16_57040	ko:K02017
plad:PPGU16_57040	ko:K02018
plad:PPGU16_57080	ko:K10126
plad:PPGU16_57090	ko:K10125
plad:PPGU16_57100	ko:K03761
plad:PPGU16_57130	ko:K03496
plad:PPGU16_57140	ko:K03497
plad:PPGU16_57210	ko:K07305
plad:PPGU16_57220	ko:K01246
plad:PPGU16_57250	ko:K02030
plad:PPGU16_57260	ko:K00114
plad:PPGU16_57280	ko:K06138
plad:PPGU16_57290	ko:K21405
plad:PPGU16_57300	ko:K01259
plad:PPGU16_57310	ko:K18918
plad:PPGU16_57370	ko:K19302
plad:PPGU16_57400	ko:K07093
plad:PPGU16_57430	ko:K21023
plad:PPGU16_57440	ko:K00655
plad:PPGU16_57470	ko:K01194
plad:PPGU16_57560	ko:K01470
plad:PPGU16_57570	ko:K00459
plad:PPGU16_57590	ko:K01821
plad:PPGU16_57630	ko:K14393
plad:PPGU16_57660	ko:K01130
plad:PPGU16_57680	ko:K24118
plad:PPGU16_57850	ko:K02480
plad:PPGU16_57860	ko:K07152
plad:PPGU16_57880	ko:K02456
plad:PPGU16_57890	ko:K02455
plad:PPGU16_57900	ko:K02454
plad:PPGU16_57950	ko:K02453
plad:PPGU16_57960	ko:K02456
plad:PPGU16_57970	ko:K02456
plad:PPGU16_58020	ko:K10680
plad:PPGU16_58120	ko:K01560
plad:PPGU16_58140	ko:K13936
plad:PPGU16_58160	ko:K03285
plad:PPGU16_58390	ko:K16137
plad:PPGU16_58400	ko:K02433
plad:PPGU16_58420	ko:K07001
plad:PPGU16_58430	ko:K01130
plad:PPGU16_58440	ko:K24118
plad:PPGU16_58450	ko:K00389
plad:PPGU16_58460	ko:K03453
plad:PPGU16_58520	ko:K03574
plad:PPGU16_58550	ko:K03457
plad:PPGU16_58570	ko:K03710
plad:PPGU16_58600	ko:K17735
plad:PPGU16_58610	ko:K18013
plad:PPGU16_58650	ko:K06911
plad:PPGU16_58690	ko:K05889
plad:PPGU16_58700	ko:K07397
plad:PPGU16_58760	ko:K05297
plad:PPGU16_58890	ko:K21883
plad:PPGU16_58910	ko:K01995
plad:PPGU16_58910	ko:K01996
plad:PPGU16_58910	ko:K01998
plad:PPGU16_58920	ko:K01997
plad:PPGU16_58930	ko:K01999
plad:PPGU16_58950	ko:K01784
plad:PPGU16_59010	ko:K02051
plad:PPGU16_59050	ko:K07793
plad:PPGU16_59060	ko:K01607
plad:PPGU16_59100	ko:K10220
plad:PPGU16_59120	ko:K02510
plad:PPGU16_59130	ko:K01652
plad:PPGU16_59190	ko:K00029
plad:PPGU16_59240	ko:K07126
plad:PPGU16_59260	ko:K05874
plad:PPGU16_59280	ko:K01652
plad:PPGU16_59290	ko:K13877
plad:PPGU16_59300	ko:K19338
plad:PPGU16_59310	ko:K00259
plad:PPGU16_59320	ko:K00206
plad:PPGU16_59330	ko:K19670
plad:PPGU16_59340	ko:K02012
plad:PPGU16_59350	ko:K02010
plad:PPGU16_59360	ko:K02011
plad:PPGU16_59370	ko:K03430
plad:PPGU16_59460	ko:K01711
plad:PPGU16_59470	ko:K16692
plad:PPGU16_59510	ko:K03328
plad:PPGU16_59550	ko:K00973
plad:PPGU16_59560	ko:K01710
plad:PPGU16_59610	ko:K07124
plad:PPGU16_59630	ko:K11103
plad:PPGU16_59700	ko:K00122
plad:PPGU16_59730	ko:K00064
plad:PPGU16_59750	ko:K16880
plad:PPGU16_59770	ko:K02027
plad:PPGU16_59780	ko:K07406
plad:PPGU16_59910	ko:K18904
plad:PPGU16_59920	ko:K03543
plad:PPGU16_59930	ko:K03446
plad:PPGU16_59940	ko:K07213
plad:PPGU16_59970	ko:K03649
plad:PPGU16_59990	ko:K01652
plad:PPGU16_60010	ko:K01662
plad:PPGU16_60030	ko:K00164
plad:PPGU16_60050	ko:K03710
plad:PPGU16_60130	ko:K01714
plad:PPGU16_60170	ko:K22296
plad:PPGU16_60180	ko:K18030
plad:PPGU16_60190	ko:K13995
plad:PPGU16_60200	ko:K18028
plad:PPGU16_60210	ko:K15357
plad:PPGU16_60220	ko:K01799
plad:PPGU16_60230	ko:K14974
plad:PPGU16_60240	ko:K18029
plad:PPGU16_60250	ko:K18030
plad:PPGU16_60310	ko:K07124
plad:PPGU16_60330	ko:K03322
plad:PPGU16_60340	ko:K01569
plad:PPGU16_60410	ko:K05913
plad:PPGU16_60450	ko:K01715
plad:PPGU16_60460	ko:K00128
plad:PPGU16_60510	ko:K19338
plad:PPGU16_60520	ko:K01055
plad:PPGU16_60540	ko:K11103
plad:PPGU16_60550	ko:K01607
plad:PPGU16_60570	ko:K10221
plad:PPGU16_60630	ko:K08177
plad:PPGU16_60640	ko:K22602
plad:PPGU16_60720	ko:K00459
plad:PPGU16_60760	ko:K18138
plad:PPGU16_60770	ko:K03585
plad:PPGU16_60790	ko:K02010
plad:PPGU16_60800	ko:K02011
plad:PPGU16_60810	ko:K02012
plad:PPGU16_60820	ko:K16301
plad:PPGU16_60840	ko:K07267
plad:PPGU16_60880	ko:K06911
plad:PPGU16_60910	ko:K02455
plad:PPGU16_60920	ko:K02454
plad:PPGU16_60970	ko:K02453
plad:PPGU16_60980	ko:K02456
plad:PPGU16_60990	ko:K02456
plad:PPGU16_61010	ko:K02456
plad:PPGU16_61060	ko:K22350
plad:PPGU16_61110	ko:K02014
plad:PPGU16_61140	ko:K03559
plad:PPGU16_61150	ko:K03561
plad:PPGU16_61180	ko:K06999
plad:PPGU16_61210	ko:K06953
plad:PPGU16_61220	ko:K03724
plad:PPGU16_61240	ko:K02106
plad:PPGU16_61370	ko:K13936
plad:PPGU16_61400	ko:K07396
plad:PPGU16_61410	ko:K13936
plad:PPGU16_61420	ko:K03566
plad:PPGU16_61430	ko:K07402
plad:PPGU16_61470	ko:K03520
plad:PPGU16_61480	ko:K03518
plad:PPGU16_61490	ko:K09386
plad:PPGU16_61500	ko:K03519
plad:PPGU16_61520	ko:K01555
plad:PPGU16_61550	ko:K03186
plad:PPGU16_61570	ko:K08195
plad:PPGU16_61580	ko:K08195
plad:PPGU16_61590	ko:K05874
plad:PPGU16_61600	ko:K00596
plad:PPGU16_61650	ko:K23107
plad:PPGU16_61660	ko:K00059
plad:PPGU16_61740	ko:K09983
plad:PPGU16_61810	ko:K03696
plad:PPGU16_61820	ko:K02000
plad:PPGU16_61830	ko:K02001
plad:PPGU16_61840	ko:K02002
plad:PPGU16_61850	ko:K00600
plad:PPGU16_61860	ko:K01714
plad:PPGU16_61880	ko:K09472
plad:PPGU16_61890	ko:K00286
plad:PPGU16_61900	ko:K03566
plad:PPGU16_61930	ko:K01999
plad:PPGU16_61950	ko:K00479
plad:PPGU16_61960	ko:K21832
plad:PPGU16_62000	ko:K08995
plad:PPGU16_62020	ko:K07810
plad:PPGU16_62030	ko:K07787
plad:PPGU16_62040	ko:K07798
plad:PPGU16_62050	ko:K07796
plad:PPGU16_62080	ko:K19837
plad:PPGU16_62100	ko:K01426
plad:PPGU16_62120	ko:K07335
plad:PPGU16_62130	ko:K23537
plad:PPGU16_62140	ko:K23535
plad:PPGU16_62150	ko:K23536
plad:PPGU16_62170	ko:K02053
plad:PPGU16_62180	ko:K02054
plad:PPGU16_62190	ko:K02055
plad:PPGU16_62200	ko:K02052
plad:PPGU16_62240	ko:K11209
plad:PPGU16_62270	ko:K03585
plad:PPGU16_62280	ko:K18138
plad:PPGU16_62290	ko:K03577
plad:PPGU16_62300	ko:K09768
plad:PPGU16_62400	ko:K03088
plad:PPGU16_62420	ko:K03322
plad:PPGU16_62440	ko:K00059
plad:PPGU16_62460	ko:K10680
plad:PPGU16_62480	ko:K05817
plad:PPGU16_62520	ko:K02030
plad:PPGU16_62530	ko:K02028
plad:PPGU16_62530	ko:K02029
plad:PPGU16_62550	ko:K09967
plad:PPGU16_62580	ko:K14189
plad:PPGU16_62600	ko:K16137
plad:PPGU16_62640	ko:K03566
plad:PPGU16_62670	ko:K11103
plad:PPGU16_62700	ko:K16516
plad:PPGU16_62750	ko:K18900
plad:PPGU16_62780	ko:K28762
plad:PPGU16_62800	ko:K10013
plad:PPGU16_62820	ko:K03566
plad:PPGU16_62840	ko:K05916
plad:PPGU16_62860	ko:K02053
plad:PPGU16_62870	ko:K02054
plad:PPGU16_62880	ko:K02055
plad:PPGU16_62890	ko:K02052
plad:PPGU16_62920	ko:K07222
plad:PPGU16_62950	ko:K01438
plad:PPGU16_62960	ko:K23467
plad:PPGU16_63020	ko:K03652
plad:PPGU16_63030	ko:K00123
plad:PPGU16_63040	ko:K00124
plad:PPGU16_63050	ko:K00127
plad:PPGU16_63060	ko:K03285
plad:PPGU16_63080	ko:K06016
plad:PPGU16_63090	ko:K13936
plad:PPGU16_63110	ko:K06192
plad:PPGU16_63200	ko:K01848
plad:PPGU16_63210	ko:K01849
plad:PPGU16_63230	ko:K07588
plad:PPGU16_63240	ko:K11688
plad:PPGU16_63250	ko:K11689
plad:PPGU16_63260	ko:K11690
plad:PPGU16_63310	ko:K16137
plad:PPGU16_63370	ko:K00140
plad:PPGU16_63390	ko:K11209
plad:PPGU16_63420	ko:K01469
plad:PPGU16_63460	ko:K11959
plad:PPGU16_63470	ko:K11960
plad:PPGU16_63480	ko:K11961
plad:PPGU16_63490	ko:K11962
plad:PPGU16_63500	ko:K11963
plad:PPGU16_63520	ko:K01999
plad:PPGU16_63560	ko:K11959
plad:PPGU16_63570	ko:K01426
plad:PPGU16_63580	ko:K11959
plad:PPGU16_63590	ko:K11960
plad:PPGU16_63600	ko:K11961
plad:PPGU16_63610	ko:K11962
plad:PPGU16_63620	ko:K11963
plad:PPGU16_63650	ko:K08369
plad:PPGU16_63670	ko:K01458
plad:PPGU16_63690	ko:K02167
plad:PPGU16_63700	ko:K00294
plad:PPGU16_63710	ko:K02052
plad:PPGU16_63720	ko:K02055
plad:PPGU16_63730	ko:K02054
plad:PPGU16_63740	ko:K02053
plad:PPGU16_63750	ko:K13821
plad:PPGU16_63770	ko:K01458
plad:PPGU16_63780	ko:K03522
plad:PPGU16_63790	ko:K03521
plad:PPGU16_63800	ko:K09975
plad:PPGU16_63820	ko:K00311
plad:PPGU16_63870	ko:K15549
plad:PPGU16_63880	ko:K15547
plad:PPGU16_63890	ko:K15550
plad:PPGU16_63910	ko:K10716
plad:PPGU16_63960	ko:K00077
plad:PPGU16_63980	ko:K10914
plad:PPGU16_64010	ko:K03821
plad:PPGU16_64060	ko:K03415
plad:PPGU16_64070	ko:K01703
plad:PPGU16_64080	ko:K01704
plad:PPGU16_64090	ko:K00052
plad:PPGU16_64100	ko:K15553
plad:PPGU16_64110	ko:K15555
plad:PPGU16_64120	ko:K15554
plad:PPGU16_64130	ko:K21883
plad:PPGU16_64140	ko:K18336
plad:PPGU16_64150	ko:K15553
plad:PPGU16_64160	ko:K01053
plad:PPGU16_64190	ko:K15773
plad:PPGU16_64200	ko:K07154
plad:PPGU16_64210	ko:K11473
plad:PPGU16_64220	ko:K11472
plad:PPGU16_64230	ko:K00104
plad:PPGU16_64240	ko:K11474
plad:PPGU16_64260	ko:K00074
plad:PPGU16_64300	ko:K13021
plad:PPGU16_64310	ko:K07246
plad:PPGU16_64320	ko:K16135
plad:PPGU16_64330	ko:K02575
plad:PPGU16_64340	ko:K00362
plad:PPGU16_64350	ko:K00363
plad:PPGU16_64360	ko:K00380
plad:PPGU16_64370	ko:K23775
plad:PPGU16_64390	ko:K04063
plad:PPGU16_64410	ko:K11616
plad:PPGU16_64420	ko:K10125
plad:PPGU16_64430	ko:K10126
plad:PPGU16_64460	ko:K00145
plad:PPGU16_64520	ko:K01640
plad:PPGU16_64540	ko:K13021
plad:PPGU16_64570	ko:K23256
plad:PPGU16_64590	ko:K14393
plad:PPGU16_64610	ko:K01555
plad:PPGU16_64620	ko:K18702
plad:PPGU16_64650	ko:K02056
plad:PPGU16_64660	ko:K02057
plad:PPGU16_64680	ko:K02058
plad:PPGU16_64700	ko:K03113
plad:PPGU16_64740	ko:K19335
plad:PPGU16_64860	ko:K01999
plad:PPGU16_64870	ko:K20034
plad:PPGU16_64880	ko:K01754
plad:PPGU16_64900	ko:K11921
plad:PPGU16_64910	ko:K01673
plad:PPGU16_64920	ko:K01725
plad:PPGU16_64930	ko:K09958
plad:PPGU16_64940	ko:K26148
plad:PPGU16_64950	ko:K01256
plad:PPGU16_65000	ko:K18981
plad:PPGU16_65010	ko:K02529
plad:PPGU16_65020	ko:K08191
plad:PPGU16_65060	ko:K03406
plad:PPGU16_65110	ko:K04940
plad:PPGU16_65120	ko:K00074
plad:PPGU16_65130	ko:K02529
plad:PPGU16_65150	ko:K05710
plad:PPGU16_65160	ko:K02058
plad:PPGU16_65180	ko:K00140
plad:PPGU16_65200	ko:K04063
plad:PPGU16_65210	ko:K01821
plad:PPGU16_65230	ko:K09930
plad:PPGU16_65260	ko:K15977
plad:PPGU16_65280	ko:K17950
plad:PPGU16_65310	ko:K01720
plad:PPGU16_65320	ko:K01821
plad:PPGU16_65330	ko:K01821
plad:PPGU16_65380	ko:K03746
plad:PPGU16_65450	ko:K01561
plad:PPGU16_65460	ko:K04047
plad:PPGU16_65470	ko:K00426
plad:PPGU16_65480	ko:K00425
plad:PPGU16_65530	ko:K00384
plad:PPGU16_65580	ko:K18139
plad:PPGU16_65630	ko:K00433
plad:PPGU16_65670	ko:K15977
plad:PPGU16_65730	ko:K11103
plad:PPGU16_65740	ko:K01704
plad:PPGU16_65750	ko:K01703
plad:PPGU16_65760	ko:K01561
plad:PPGU16_65770	ko:K16135
plad:PPGU16_65780	ko:K19333
plad:PPGU16_65790	ko:K00065
plad:PPGU16_65800	ko:K01815
plad:PPGU16_65810	ko:K02526
plad:PPGU16_65850	ko:K05913
plad:PPGU16_65860	ko:K21883
plad:PPGU16_65900	ko:K16135
plad:PPGU16_65920	ko:K03786
plad:PPGU16_65940	ko:K03798
plad:PPGU16_65960	ko:K01425
plad:PPGU16_65970	ko:K13953
plad:PPGU16_66020	ko:K04771
plad:PPGU16_66050	ko:K03809
plad:PPGU16_66140	ko:K08369
plad:PPGU16_66160	ko:K00019
plad:PPGU16_66210	ko:K00128
plad:PPGU16_66220	ko:K01607
plad:PPGU16_66240	ko:K00020
plad:PPGU16_66310	ko:K06867
plad:PPGU16_66360	ko:K01897
plad:PPGU16_66420	ko:K01420
plad:PPGU16_66480	ko:K18369
plad:PPGU16_66520	ko:K00059
plad:PPGU16_66550	ko:K01501
plad:PPGU16_66580	ko:K07123
plad:PPGU16_66610	ko:K07222
plad:PPGU16_66630	ko:K01847
plad:PPGU16_66660	ko:K26399
plad:PPGU16_66670	ko:K02526
plad:PPGU16_66690	ko:K02297
plad:PPGU16_66700	ko:K02298
plad:PPGU16_66710	ko:K02299
plad:PPGU16_66720	ko:K02300
plad:PPGU16_66740	ko:K00381
plad:PPGU16_66760	ko:K18380
plad:PPGU16_66790	ko:K03220
plad:PPGU16_66800	ko:K18379
plad:PPGU16_66810	ko:K03227
plad:PPGU16_66820	ko:K03226
plad:PPGU16_66830	ko:K03225
plad:PPGU16_66850	ko:K18381
plad:PPGU16_66860	ko:K03230
plad:PPGU16_66870	ko:K03229
plad:PPGU16_66880	ko:K18373
plad:PPGU16_66890	ko:K18374
plad:PPGU16_66900	ko:K03222
plad:PPGU16_66920	ko:K03223
plad:PPGU16_66930	ko:K03224
plad:PPGU16_66950	ko:K03228
plad:PPGU16_66970	ko:K03219
plad:PPGU16_66980	ko:K03885
plad:PPGU16_66990	ko:K16568
plad:PPGU16_67050	ko:K16135
plad:PPGU16_67060	ko:K22209
plad:PPGU16_67070	ko:K11103
plad:PPGU16_67150	ko:K03781
plad:PPGU16_67180	ko:K03088
plad:PPGU16_67210	ko:K18900
plad:PPGU16_67250	ko:K01647
plad:PPGU16_67260	ko:K11921
plad:PPGU16_67270	ko:K02526
plad:PPGU16_67280	ko:K22129
plad:PPGU16_67290	ko:K22024
plad:PPGU16_67320	ko:K01738
plad:PPGU16_67340	ko:K01560
plad:PPGU16_67370	ko:K15551
plad:PPGU16_67380	ko:K10831
plad:PPGU16_67390	ko:K15552
plad:PPGU16_67400	ko:K18459
plad:PPGU16_67420	ko:K09967
plad:PPGU16_67430	ko:K06016
plad:PPGU16_67440	ko:K02028
plad:PPGU16_67450	ko:K02029
plad:PPGU16_67460	ko:K02029
plad:PPGU16_67470	ko:K02030
plad:PPGU16_67480	ko:K05874
plad:PPGU16_67500	ko:K18900
plad:PPGU16_67530	ko:K02029
plad:PPGU16_67540	ko:K02030
plad:PPGU16_67550	ko:K02028
plad:PPGU16_67590	ko:K12308
plad:PPGU16_67600	ko:K02026
plad:PPGU16_67610	ko:K02025
plad:PPGU16_67620	ko:K02027
plad:PPGU16_67630	ko:K10111
plad:PPGU16_67650	ko:K19338
plad:PPGU16_67670	ko:K16880
plad:PPGU16_67680	ko:K16876
plad:PPGU16_67690	ko:K16879
plad:PPGU16_67700	ko:K16878
plad:PPGU16_67710	ko:K16877
plad:PPGU16_67720	ko:K16875
plad:PPGU16_67730	ko:K16874
plad:PPGU16_67740	ko:K19338
plad:PPGU16_67750	ko:K21757
plad:PPGU16_67760	ko:K13021
plad:PPGU16_67770	ko:K10220
plad:PPGU16_67820	ko:K01426
plad:PPGU16_67850	ko:K02051
plad:PPGU16_67860	ko:K02050
plad:PPGU16_67870	ko:K02049
plad:PPGU16_67900	ko:K03710
plad:PPGU16_67910	ko:K01999
plad:PPGU16_67920	ko:K01997
plad:PPGU16_67930	ko:K01998
plad:PPGU16_67940	ko:K01995
plad:PPGU16_67950	ko:K01996
plad:PPGU16_67960	ko:K01703
plad:PPGU16_67970	ko:K01704
plad:PPGU16_67980	ko:K01474
plad:PPGU16_67990	ko:K01473
plad:PPGU16_68000	ko:K09020
plad:PPGU16_68050	ko:K02030
plad:PPGU16_68070	ko:K02029
plad:PPGU16_68080	ko:K02028
plad:PPGU16_68120	ko:K03518
plad:PPGU16_68130	ko:K03519
plad:PPGU16_68140	ko:K03520
plad:PPGU16_68150	ko:K01465
plad:PPGU16_68170	ko:K14393
plad:PPGU16_68220	ko:K03284
plad:PPGU16_68320	ko:K01114
plad:PPGU16_68350	ko:K02028
plad:PPGU16_68360	ko:K02029
plad:PPGU16_68370	ko:K02030
plad:PPGU16_68380	ko:K02624
plad:PPGU16_68400	ko:K05597
plad:PPGU16_68420	ko:K01999
plad:PPGU16_68450	ko:K00881
plad:PPGU16_68490	ko:K10538
plad:PPGU16_68500	ko:K10539
plad:PPGU16_68510	ko:K10537
plad:PPGU16_68530	ko:K01092
plad:PPGU16_68540	ko:K02431
plad:PPGU16_68570	ko:K16137
plad:PPGU16_68600	ko:K00077
plad:PPGU16_68630	ko:K03561
plad:PPGU16_68650	ko:K03299
plad:PPGU16_68660	ko:K03285
plad:PPGU16_68700	ko:K03782
plad:PPGU16_68740	ko:K00355
plad:PPGU16_68780	ko:K25227
plad:PPGU16_68840	ko:K04063
plad:PPGU16_68870	ko:K09913
plad:PPGU16_68890	ko:K02055
plad:PPGU16_68900	ko:K02052
plad:PPGU16_68910	ko:K02054
plad:PPGU16_68920	ko:K02053
plad:PPGU16_68930	ko:K24955
plad:PPGU16_68950	ko:K24954
plad:PPGU16_69070	ko:K02355
plad:PPGU16_69140	ko:K01434
plad:PPGU16_69210	ko:K09129
plad:PPGU16_69220	ko:K00988
plad:PPGU16_69230	ko:K09709
plad:PPGU16_69240	ko:K00249
plad:PPGU16_69250	ko:K18289
plad:PPGU16_69260	ko:K08369
plad:PPGU16_69270	ko:K19338
plad:PPGU16_69280	ko:K01644
plad:PPGU16_69290	ko:K03522
plad:PPGU16_69300	ko:K03521
plad:PPGU16_69310	ko:K07323
plad:PPGU16_69320	ko:K01560
plad:PPGU16_69410	ko:K06193
plad:PPGU16_69430	ko:K02480
plad:PPGU16_69440	ko:K06200
plad:PPGU16_69460	ko:K21703
plad:PPGU16_69500	ko:K23995
plad:PPGU16_69510	ko:K01724
plad:PPGU16_69530	ko:K10714
plad:PPGU16_69550	ko:K01499
plad:PPGU16_69570	ko:K05966
plad:PPGU16_69580	ko:K10713
plad:PPGU16_69600	ko:K01633
plad:PPGU16_69610	ko:K21405
plad:PPGU16_69650	ko:K28462
plad:PPGU16_69660	ko:K03841
plad:PPGU16_69680	ko:K01602
plad:PPGU16_69690	ko:K01601
plad:PPGU16_69700	ko:K09154
plad:PPGU16_69750	ko:K01814
plad:PPGU16_69760	ko:K00201
plad:PPGU16_69770	ko:K00200
plad:PPGU16_69780	ko:K00672
plad:PPGU16_69790	ko:K00202
plad:PPGU16_69810	ko:K06136
plad:PPGU16_69820	ko:K06137
plad:PPGU16_69830	ko:K06138
plad:PPGU16_69840	ko:K06139
plad:PPGU16_69870	ko:K15125
plad:PPGU16_69900	ko:K07326
plad:PPGU16_69940	ko:K07644
plad:PPGU16_69950	ko:K07665
plad:PPGU16_69960	ko:K18903
plad:PPGU16_69970	ko:K03585
plad:PPGU16_69980	ko:K18138
plad:PPGU16_69990	ko:K17103
plad:PPGU16_70020	ko:K02106
plad:PPGU16_70030	ko:K01996
plad:PPGU16_70040	ko:K01995
plad:PPGU16_70040	ko:K01998
plad:PPGU16_70060	ko:K01997
plad:PPGU16_70070	ko:K01999
plad:PPGU16_70080	ko:K09958
plad:PPGU16_70130	ko:K11904
plad:PPGU16_70150	ko:K02406
plad:PPGU16_70180	ko:K13877
plad:PPGU16_70190	ko:K01630
plad:PPGU16_70200	ko:K00042
plad:PPGU16_70210	ko:K07404
plad:PPGU16_70220	ko:K01706
plad:PPGU16_70230	ko:K01707
plad:PPGU16_70240	ko:K00018
plad:PPGU16_70250	ko:K00615
plad:PPGU16_70260	ko:K21393
plad:PPGU16_70270	ko:K11688
plad:PPGU16_70290	ko:K00615
plad:PPGU16_70300	ko:K00615
plad:PPGU16_70320	ko:K07493
plad:PPGU16_70330	ko:K12340
plad:PPGU16_70340	ko:K12536
plad:PPGU16_70350	ko:K12537
plad:PPGU16_70420	ko:K07789
plad:PPGU16_70430	ko:K03710
plad:PPGU16_70460	ko:K15553
plad:PPGU16_70470	ko:K15554
plad:PPGU16_70480	ko:K15555
plad:PPGU16_70510	ko:K04091
plad:PPGU16_70530	ko:K24700
plad:PPGU16_70560	ko:K15553
plad:PPGU16_70590	ko:K00433
plad:PPGU16_70620	ko:K15553
plad:PPGU16_70630	ko:K15555
plad:PPGU16_70640	ko:K15554
plad:PPGU16_70650	ko:K15553
plad:PPGU16_70660	ko:K15553
plad:PPGU16_70690	ko:K05275
plad:PPGU16_70780	ko:K00426
plad:PPGU16_70810	ko:K18991
plad:PPGU16_70860	ko:K11103
plad:PPGU16_70870	ko:K10221
plad:PPGU16_70880	ko:K19338
plad:PPGU16_70890	ko:K07052
plad:PPGU16_70950	ko:K01673
plad:PPGU16_71070	ko:K15554
plad:PPGU16_71080	ko:K15555
plad:PPGU16_71090	ko:K15553
plad:PPGU16_71110	ko:K04091
plad:PPGU16_71120	ko:K20938
plad:PPGU16_71160	ko:K15553
plad:PPGU16_71170	ko:K15554
plad:PPGU16_71180	ko:K15555
plad:PPGU16_71220	ko:K01561
plad:PPGU16_71300	ko:K02406
plad:PPGU16_71350	ko:K08224
plad:PPGU16_71380	ko:K00411
plad:PPGU16_71400	ko:K07262
plad:PPGU16_71440	ko:K08161
plad:PPGU16_71470	ko:K12308
plad:PPGU16_71480	ko:K00064
plad:PPGU16_71490	ko:K17315
plad:PPGU16_71520	ko:K22213
plad:PPGU16_71560	ko:K03762
plad:PPGU16_71620	ko:K27838
plad:PPGU16_71700	ko:K00046
plad:PPGU16_71720	ko:K00355
plad:PPGU16_71740	ko:K07275
plad:PPGU16_71750	ko:K03496
plad:PPGU16_71770	ko:K06889
plad:PPGU16_71830	ko:K02030
plad:PPGU16_71840	ko:K02029
plad:PPGU16_71850	ko:K02028
plad:PPGU16_71870	ko:K01455
plad:PPGU16_71880	ko:K11963
plad:PPGU16_71890	ko:K11962
plad:PPGU16_71900	ko:K11961
plad:PPGU16_71910	ko:K11960
plad:PPGU16_71920	ko:K11959
plad:PPGU16_71950	ko:K01637
plad:PPGU16_72000	ko:K10441
plad:PPGU16_72010	ko:K10439
plad:PPGU16_72020	ko:K10440
plad:PPGU16_72040	ko:K07054
plad:PPGU16_72050	ko:K03787
plad:PPGU16_72080	ko:K08195
plad:PPGU16_72100	ko:K11475
plad:PPGU16_72110	ko:K16516
plad:PPGU16_72120	ko:K00023
plad:PPGU16_72240	ko:K12972
plad:PPGU16_72270	ko:K16135
plad:PPGU16_72280	ko:K07246
plad:PPGU16_72290	ko:K00135
plad:PPGU16_72310	ko:K06995
plad:PPGU16_72320	ko:K02055
plad:PPGU16_72330	ko:K16873
plad:PPGU16_72340	ko:K18843
plad:PPGU16_72350	ko:K00128
plad:PPGU16_72360	ko:K02053
plad:PPGU16_72370	ko:K02054
plad:PPGU16_72380	ko:K09471
plad:PPGU16_72390	ko:K07025
plad:PPGU16_72400	ko:K02052
plad:PPGU16_72420	ko:K20941
plad:PPGU16_72430	ko:K00130
plad:PPGU16_72450	ko:K15977
plad:PPGU16_72510	ko:K02031
plad:PPGU16_72510	ko:K02032
plad:PPGU16_72520	ko:K02034
plad:PPGU16_72530	ko:K02033
plad:PPGU16_72540	ko:K02035
plad:PPGU16_72560	ko:K01560
plad:PPGU16_72570	ko:K00128
plad:PPGU16_72590	ko:K03535
plad:PPGU16_72620	ko:K07326
plad:PPGU16_72690	ko:K16329
plad:PPGU16_72730	ko:K20866
plad:PPGU16_72740	ko:K14057
plad:PPGU16_72750	ko:K02509
plad:PPGU16_72760	ko:K01826
plad:PPGU16_72770	ko:K00455
plad:PPGU16_72780	ko:K00151
plad:PPGU16_72790	ko:K05921
plad:PPGU16_72800	ko:K05921
plad:PPGU16_72810	ko:K11477
plad:PPGU16_72820	ko:K01638
plad:PPGU16_72830	ko:K08369
plad:PPGU16_72850	ko:K01640
plad:PPGU16_72970	ko:K17733
plad:PPGU16_72980	ko:K11891
plad:PPGU16_72990	ko:K11890
plad:PPGU16_73000	ko:K03286
plad:PPGU16_73010	ko:K11902
plad:PPGU16_73020	ko:K11907
plad:PPGU16_73030	ko:K11895
plad:PPGU16_73040	ko:K11896
plad:PPGU16_73050	ko:K11897
plad:PPGU16_73060	ko:K11903
plad:PPGU16_73070	ko:K11900
plad:PPGU16_73080	ko:K11901
plad:PPGU16_73100	ko:K11906
plad:PPGU16_73110	ko:K11893
plad:PPGU16_73120	ko:K11892
plad:PPGU16_73140	ko:K01999
plad:PPGU16_73190	ko:K24158
plad:PPGU16_73200	ko:K02055
plad:PPGU16_73240	ko:K02053
plad:PPGU16_73250	ko:K02054
plad:PPGU16_73260	ko:K02052
plad:PPGU16_73290	ko:K04063
plad:PPGU16_73300	ko:K00384
plad:PPGU16_73390	ko:K03285
plad:PPGU16_73460	ko:K03300
plad:PPGU16_73490	ko:K00681
plad:PPGU16_73500	ko:K02034
plad:PPGU16_73510	ko:K02033
plad:PPGU16_73520	ko:K02035
plad:PPGU16_73530	ko:K02032
plad:PPGU16_73540	ko:K02031
plad:PPGU16_73580	ko:K03319
plad:PPGU16_73590	ko:K06988
plad:PPGU16_73670	ko:K18991
plad:PPGU16_73690	ko:K01118
plad:PPGU16_73700	ko:K00375
plad:PPGU16_73760	ko:K00384
plad:PPGU16_73790	ko:K03406
plad:PPGU16_73800	ko:K08309
plad:PPGU16_73810	ko:K01187
plad:PPGU16_73820	ko:K05343
plad:PPGU16_73830	ko:K10439
plad:PPGU16_73850	ko:K00384
plad:PPGU16_73950	ko:K03406
plad:PPGU16_73960	ko:K03281
plad:PPGU16_73970	ko:K01114
plad:PPGU16_74010	ko:K02483
plad:PPGU16_74020	ko:K02016
plad:PPGU16_74030	ko:K02015
plad:PPGU16_74040	ko:K02013
plad:PPGU16_74050	ko:K03285
plad:PPGU16_74080	ko:K22027
plad:PPGU16_74090	ko:K00484
plad:PPGU16_74190	ko:K02688
plad:PPGU16_74200	ko:K03417
plad:PPGU16_74210	ko:K01659
plad:PPGU16_74220	ko:K20455
plad:PPGU16_74230	ko:K09788
plad:PPGU16_74260	ko:K13876
plad:PPGU16_74280	ko:K13877
plad:PPGU16_74290	ko:K13875
plad:PPGU16_74310	ko:K21883
plad:PPGU16_74320	ko:K18336
plad:PPGU16_74410	ko:K02529
plad:PPGU16_74420	ko:K19181
plad:PPGU16_74430	ko:K01026
plad:PPGU16_74440	ko:K01715
plad:PPGU16_74450	ko:K29070
plad:PPGU16_74460	ko:K17315
plad:PPGU16_74470	ko:K17316
plad:PPGU16_74480	ko:K17317
plad:PPGU16_74490	ko:K10112
plad:PPGU16_74510	ko:K29069
plad:PPGU16_74530	ko:K08173
plad:PPGU16_74570	ko:K11904
plad:PPGU16_74600	ko:K00384
plad:PPGU16_74670	ko:K11209
plad:PPGU16_74730	ko:K04767
plad:PPGU16_74760	ko:K00799
plad:PPGU16_74810	ko:K13896
plad:PPGU16_74820	ko:K13895
plad:PPGU16_74830	ko:K13894
plad:PPGU16_74840	ko:K13893
plad:PPGU16_74850	ko:K03832
plad:PPGU16_74860	ko:K03559
plad:PPGU16_74870	ko:K03561
plad:PPGU16_74880	ko:K02014
plad:PPGU16_74910	ko:K18900
plad:PPGU16_74920	ko:K06147
plad:PPGU16_74940	ko:K10439
plad:PPGU16_74950	ko:K10440
plad:PPGU16_74960	ko:K10441
plad:PPGU16_75000	ko:K00615
plad:PPGU16_75010	ko:K00615
plad:PPGU16_75050	ko:K00059
plad:PPGU16_75070	ko:K27838
plad:PPGU16_75100	ko:K00135
plad:PPGU16_75130	ko:K00122
plad:PPGU16_75150	ko:K02456
plad:PPGU16_75160	ko:K02456
plad:PPGU16_75170	ko:K02453
plad:PPGU16_75220	ko:K02454
plad:PPGU16_75230	ko:K02455
plad:PPGU16_75240	ko:K02456
plad:PPGU16_75280	ko:K10680
plad:PPGU16_75320	ko:K00135
plad:PPGU16_75330	ko:K03522
plad:PPGU16_75340	ko:K03521
plad:PPGU16_75370	ko:K01647
plad:PPGU16_75390	ko:K00249
plad:PPGU16_75420	ko:K09022
plad:PPGU16_75430	ko:K02529
plad:PPGU16_75440	ko:K00059
plad:PPGU16_75460	ko:K16137
plad:PPGU16_75470	ko:K04063
plad:PPGU16_75490	ko:K01560
plad:PPGU16_75510	ko:K18334
plad:PPGU16_75530	ko:K10441
plad:PPGU16_75540	ko:K10440
plad:PPGU16_75550	ko:K10439
plad:PPGU16_75590	ko:K04102
plad:PPGU16_75600	ko:K08195
plad:PPGU16_75640	ko:K01714
plad:PPGU16_75660	ko:K01647
plad:PPGU16_75670	ko:K03566
plad:PPGU16_75680	ko:K03863
plad:PPGU16_75690	ko:K08195
plad:PPGU16_75710	ko:K01487
plad:PPGU16_75720	ko:K03406
plad:PPGU16_75800	ko:K03406
plad:PPGU16_75810	ko:K09159
plad:PPGU16_75820	ko:K00240
plad:PPGU16_75830	ko:K00239
plad:PPGU16_75840	ko:K00242
plad:PPGU16_75850	ko:K00241
plad:PPGU16_75880	ko:K16841
plad:PPGU16_75890	ko:K01464
plad:PPGU16_75900	ko:K01799
plad:PPGU16_75910	ko:K08194
plad:PPGU16_75930	ko:K11927
plad:PPGU16_75940	ko:K07491
plad:PPGU16_75970	ko:K24915
plad:PPGU16_75990	ko:K01754
plad:PPGU16_76000	ko:K06987
plad:PPGU16_76070	ko:K08970
plad:PPGU16_76120	ko:K05358
plad:PPGU16_76140	ko:K03786
plad:PPGU16_76170	ko:K06222
plad:PPGU16_76240	ko:K01118
plad:PPGU16_76260	ko:K00375
plad:PPGU16_76270	ko:K04063
plad:PPGU16_76290	ko:K00433
plad:PPGU16_76350	ko:K00375
plad:PPGU16_76410	ko:K03885
plad:PPGU16_76430	ko:K19577
plad:PPGU16_76440	ko:K06222
plad:PPGU16_76450	ko:K10680
plad:PPGU16_76470	ko:K03762
plad:PPGU16_76530	ko:K03406
plad:PPGU16_76550	ko:K07120
plad:PPGU16_76570	ko:K00799
plad:PPGU16_76580	ko:K07006
plad:PPGU16_76630	ko:K03928
plad:PPGU16_76650	ko:K01999
plad:PPGU16_76670	ko:K02433
plad:PPGU16_76710	ko:K00117
plad:PPGU16_76720	ko:K03281
plad:PPGU16_76800	ko:K01647
plad:PPGU16_76810	ko:K03535
plad:PPGU16_76840	ko:K11811
plad:PPGU16_76850	ko:K03325
plad:PPGU16_76860	ko:K03741
plad:PPGU16_76880	ko:K03892
plad:PPGU16_76890	ko:K02030
plad:PPGU16_76900	ko:K02029
plad:PPGU16_76910	ko:K02029
plad:PPGU16_76920	ko:K02028
plad:PPGU16_76950	ko:K07404
plad:PPGU16_76960	ko:K18954
plad:PPGU16_76990	ko:K03406
plad:PPGU16_77020	ko:K02510
plad:PPGU16_77060	ko:K10220
plad:PPGU16_77090	ko:K02030
plad:PPGU16_77120	ko:K01703
plad:PPGU16_77130	ko:K08369
plad:PPGU16_77150	ko:K04090
plad:PPGU16_77160	ko:K02014
plad:PPGU16_77210	ko:K01628
plad:PPGU16_77240	ko:K03782
plad:PPGU16_77250	ko:K03303
plad:PPGU16_77260	ko:K02039
plad:PPGU16_77280	ko:K15553
plad:PPGU16_77290	ko:K15554
plad:PPGU16_77300	ko:K15554
plad:PPGU16_77310	ko:K15555
plad:PPGU16_77320	ko:K24116
plad:PPGU16_77330	ko:K22622
plad:PPGU16_77340	ko:K17225
plad:PPGU16_77350	ko:K02029
plad:PPGU16_77360	ko:K02029
plad:PPGU16_77370	ko:K02030
plad:PPGU16_77390	ko:K07789
plad:PPGU16_77400	ko:K07788
plad:PPGU16_77410	ko:K07799
plad:PPGU16_77420	ko:K18139
plad:PPGU16_77430	ko:K18138
plad:PPGU16_77440	ko:K03585
plad:PPGU16_77450	ko:K03577
plad:PPGU16_77490	ko:K07659
plad:PPGU16_77500	ko:K07638
plad:PPGU16_77530	ko:K01751
plad:PPGU16_77540	ko:K03719
plad:PPGU16_77550	ko:K01999
plad:PPGU16_77640	ko:K07516
plad:PPGU16_77670	ko:K04063
plad:PPGU16_77820	ko:K06893
plad:PPGU16_77890	ko:K03893
plad:PPGU16_77970	ko:K08482
plad:PPGU16_78030	ko:K07498
plad:PPGU16_78050	ko:K11103
plad:PPGU16_78060	ko:K02020
plad:PPGU16_78070	ko:K03288
plad:PPGU16_78150	ko:K06140
plad:PPGU16_78240	ko:K10441
plad:PPGU16_78250	ko:K10440
plad:PPGU16_78260	ko:K10439
plad:PPGU16_78280	ko:K00041
plad:PPGU16_78300	ko:K03710
plad:PPGU16_78340	ko:K15977
plad:PPGU16_78390	ko:K00058
plad:PPGU16_78400	ko:K01053
plad:PPGU16_78410	ko:K13021
plad:PPGU16_78460	ko:K13021
plad:PPGU16_78490	ko:K07486
plad:PPGU16_78510	ko:K04763
plad:PPGU16_78530	ko:K01679
plad:PPGU16_78540	ko:K11103
plad:PPGU16_78550	ko:K01857
plad:PPGU16_78620	ko:K04763
plad:PPGU16_78640	ko:K08482
plad:PPGU16_78760	ko:K03654
plad:PPGU16_78890	ko:K08995
plad:PPGU16_78930	ko:K03412
plad:PPGU16_79000	ko:K01561
plad:PPGU16_79010	ko:K02275
plad:PPGU16_79020	ko:K15408
plad:PPGU16_79060	ko:K03743
plad:PPGU16_79080	ko:K03701
plad:PPGU16_79090	ko:K07058
plad:PPGU16_79120	ko:K00156
plad:PPGU16_79300	ko:K01114
plad:PPGU16_79330	ko:K07483
plad:PPGU16_79340	ko:K07484
plad:PPGU16_79350	ko:K07484
plad:PPGU16_79510	ko:K13993
plad:PPGU16_79610	ko:K07217
plad:PPGU16_79770	ko:K03704
plad:PPGU16_79790	ko:K03746
plad:PPGU16_79800	ko:K07262
plad:PPGU16_79870	ko:K07498
plad:PPGU16_79890	ko:K10440
plad:PPGU16_79910	ko:K15125
plad:PPGU16_80040	ko:K07486
plad:PPGU16_80160	ko:K07746
plad:PPGU16_80170	ko:K19092
plad:PPGU16_80200	ko:K03530
plad:PPGU16_80250	ko:K03786
plad:PPGU16_80280	ko:K10439
plad:PPGU16_80290	ko:K10441
plad:PPGU16_80300	ko:K10440
plad:PPGU16_80310	ko:K10440
plad:PPGU16_80320	ko:K00004
plad:PPGU16_80340	ko:K09780
plad:PPGU16_80350	ko:K04098
plad:PPGU16_80360	ko:K00217
plad:PPGU16_80440	ko:K03885
plad:PPGU16_80470	ko:K15977
plad:PPGU16_80480	ko:K07001
plad:PPGU16_80520	ko:K07481
plad:PPGU16_80550	ko:K08344
plad:PPGU16_80570	ko:K06196
plad:PPGU16_80580	ko:K03671
plad:PPGU16_80610	ko:K10680
plad:PPGU16_80630	ko:K16137
plad:PPGU16_80700	ko:K09930
plad:PPGU16_80730	ko:K03406
plad:PPGU16_80750	ko:K11209
plad:PPGU16_80760	ko:K11209
plad:PPGU16_80860	ko:K20533
plad:PPGU16_80870	ko:K20532
plad:PPGU16_80880	ko:K20531
plad:PPGU16_80890	ko:K07344
plad:PPGU16_80920	ko:K20266
plad:PPGU16_80940	ko:K20530
plad:PPGU16_80950	ko:K20529
plad:PPGU16_80960	ko:K20528
plad:PPGU16_80970	ko:K20527
plad:PPGU16_81050	ko:K01563
plad:PPGU16_81090	ko:K10440
plad:PPGU16_81100	ko:K17215
plad:PPGU16_81110	ko:K10439
plad:PPGU16_81140	ko:K16165
plad:PPGU16_81160	ko:K00135
plad:PPGU16_81170	ko:K00073
plad:PPGU16_81190	ko:K19338
plad:PPGU16_81210	ko:K11209
plad:PPGU16_81220	ko:K07124
plad:PPGU16_81320	ko:K07232
plad:PPGU16_81330	ko:K04099
plad:PPGU16_81340	ko:K10220
plad:PPGU16_81350	ko:K10218
plad:PPGU16_81360	ko:K02020
plad:PPGU16_81430	ko:K08172
plad:PPGU16_81480	ko:K16516
plad:PPGU16_81530	ko:K11209
plad:PPGU16_81550	ko:K15977
plad:PPGU16_81590	ko:K03321
plad:PPGU16_81600	ko:K13444
plad:PPGU16_81610	ko:K01130
plad:PPGU16_81620	ko:K15555
plad:PPGU16_81630	ko:K15554
plad:PPGU16_81640	ko:K15553
plad:PPGU16_81650	ko:K03710
plad:PPGU16_81670	ko:K03710
plad:PPGU16_81690	ko:K15067
plad:PPGU16_81820	ko:K03497
plad:PPGU16_81830	ko:K03496
plad:PPGU16_81880	ko:K20531
plad:PPGU16_81890	ko:K20532
plad:PPGU16_81900	ko:K20533
plad:PPGU16_82140	ko:K03111
plad:PPGU16_82150	ko:K06919
plad:PPGU16_82200	ko:K18640
plad:PPGU16_82240	ko:K02456
plad:PPGU16_82280	ko:K12513
plad:PPGU16_82370	ko:K07483
plad:PPGU16_82380	ko:K07484
plad:PPGU16_82390	ko:K07484
plad:PPGU16_82560	ko:K02030
plad:PPGU16_82860	ko:K06077
plad:PPGU16_82930	ko:K00986
plad:PPGU16_82980	ko:K03746
plad:PPGU16_83030	ko:K20529
plad:PPGU16_83040	ko:K20530
plad:PPGU16_83050	ko:K20266
plad:PPGU16_83070	ko:K12070
plad:PPGU16_83080	ko:K12071
plad:PPGU16_83230	ko:K03547
plad:PPGU16_83250	ko:K03546
plad:PPGU16_83320	ko:K04763
plad:PPGU16_83330	ko:K19166
plad:PPGU16_83340	ko:K18831
plad:PPGU16_83560	ko:K10979
plad:PPGU16_83600	ko:K04763
plad:PPGU16_83660	ko:K04564
plad:PPGU16_83670	ko:K07240
plad:PPGU16_83710	ko:K06938
plad:PPGU16_83750	ko:K18030
plad:PPGU16_83760	ko:K18029
plad:PPGU16_83780	ko:K10680
plad:PPGU16_83820	ko:K03392
plad:PPGU16_83830	ko:K14393
plad:PPGU16_83890	ko:K02483
plad:PPGU16_83920	ko:K11527
plad:PPGU16_83950	ko:K07484
plad:PPGU16_83960	ko:K07484
plad:PPGU16_83970	ko:K07483
plad:PPGU16_83990	ko:K00059
plad:PPGU16_84100	ko:K03786
plad:PPGU16_84110	ko:K00014
plad:PPGU16_84150	ko:K00077
plad:PPGU16_84410	ko:K20534
plad:PPGU16_84740	ko:K03496
plad:PPGU16_84760	ko:K03194
plad:PPGU16_84780	ko:K03198
plad:PPGU16_84790	ko:K03199
plad:PPGU16_84800	ko:K03200
plad:PPGU16_84820	ko:K03201
plad:PPGU16_84830	ko:K03203
plad:PPGU16_84840	ko:K03204
plad:PPGU16_84850	ko:K03195
plad:PPGU16_84860	ko:K03196
plad:PPGU16_84880	ko:K03205
plad:PPGU16_r00010	ko:K01977
plad:PPGU16_r00020	ko:K01980
plad:PPGU16_r00030	ko:K01980
plad:PPGU16_r00040	ko:K01977
plad:PPGU16_r00050	ko:K01980
plad:PPGU16_r00060	ko:K01977
plad:PPGU16_r00070	ko:K01980
plad:PPGU16_r00080	ko:K01977
plad:PPGU16_r00090	ko:K01977
plad:PPGU16_r00100	ko:K01980
plad:PPGU16_r00110	ko:K01977
plad:PPGU16_r00120	ko:K01980
plad:PPGU16_t00010	ko:K14229
plad:PPGU16_t00020	ko:K14231
plad:PPGU16_t00030	ko:K14218
plad:PPGU16_t00050	ko:K14223
plad:PPGU16_t00060	ko:K14230
plad:PPGU16_t00070	ko:K14228
plad:PPGU16_t00080	ko:K14225
plad:PPGU16_t00090	ko:K14233
plad:PPGU16_t00100	ko:K14233
plad:PPGU16_t00110	ko:K14219
plad:PPGU16_t00120	ko:K14219
plad:PPGU16_t00130	ko:K14234
plad:PPGU16_t00150	ko:K14220
plad:PPGU16_t00160	ko:K14220
plad:PPGU16_t00170	ko:K14225
plad:PPGU16_t00180	ko:K14225
plad:PPGU16_t00190	ko:K14222
plad:PPGU16_t00200	ko:K14237
plad:PPGU16_t00210	ko:K14232
plad:PPGU16_t00220	ko:K14219
plad:PPGU16_t00230	ko:K14237
plad:PPGU16_t00240	ko:K14232
plad:PPGU16_t00250	ko:K14230
plad:PPGU16_t00260	ko:K14233
plad:PPGU16_t00270	ko:K14218
plad:PPGU16_t00280	ko:K14224
plad:PPGU16_t00290	ko:K14221
plad:PPGU16_t00300	ko:K14224
plad:PPGU16_t00310	ko:K14221
plad:PPGU16_t00320	ko:K14227
plad:PPGU16_t00330	ko:K14218
plad:PPGU16_t00340	ko:K14221
plad:PPGU16_t00350	ko:K14237
plad:PPGU16_t00360	ko:K14228
plad:PPGU16_t00380	ko:K14226
plad:PPGU16_t00390	ko:K14230
plad:PPGU16_t00400	ko:K14228
plad:PPGU16_t00410	ko:K14228
plad:PPGU16_t00420	ko:K14233
plad:PPGU16_t00430	ko:K14218
plad:PPGU16_t00440	ko:K14227
plad:PPGU16_t00450	ko:K14228
plad:PPGU16_t00460	ko:K14219
plad:PPGU16_t00470	ko:K14229
plad:PPGU16_t00490	ko:K14232
plad:PPGU16_t00500	ko:K14218
plad:PPGU16_t00510	ko:K14227
plad:PPGU16_t00520	ko:K14234
plad:PPGU16_t00530	ko:K14235
plad:PPGU16_t00540	ko:K14234
plad:PPGU16_t00550	ko:K14225
plad:PPGU16_t00560	ko:K14236
plad:PPGU16_t00570	ko:K14218
plad:PPGU16_t00580	ko:K14227
plad:PPGU16_t00590	ko:K14219
plad:PPGU16_t00600	ko:K14227
plad:PPGU16_t00610	ko:K14218
plad:PPGU16_t00650	ko:K14238
plad:PPGU16_t00660	ko:K14237
plad:PPGU16_t00670	ko:K14227
plad:PPGU16_t00680	ko:K14218
plad:PPGU16_t00710	ko:K14228
plad:PPGU16_tm00010	ko:K15035
