pprc:PFLCHA0_c00010	ko:K02313
pprc:PFLCHA0_c00020	ko:K02338
pprc:PFLCHA0_c00030	ko:K03629
pprc:PFLCHA0_c00040	ko:K02470
pprc:PFLCHA0_c00120	ko:K00655
pprc:PFLCHA0_c00130	ko:K03273
pprc:PFLCHA0_c00140	ko:K01879
pprc:PFLCHA0_c00150	ko:K01878
pprc:PFLCHA0_c00160	ko:K01246
pprc:PFLCHA0_c00170	ko:K02517
pprc:PFLCHA0_c00200	ko:K03499
pprc:PFLCHA0_c00210	ko:K03500
pprc:PFLCHA0_c00220	ko:K00604
pprc:PFLCHA0_c00230	ko:K01462
pprc:PFLCHA0_c00250	ko:K04096
pprc:PFLCHA0_c00260	ko:K07566
pprc:PFLCHA0_c00270	ko:K00344
pprc:PFLCHA0_c00280	ko:K00228
pprc:PFLCHA0_c00290	ko:K00014
pprc:PFLCHA0_c00300	ko:K03321
pprc:PFLCHA0_c00310	ko:K02002
pprc:PFLCHA0_c00320	ko:K01133
pprc:PFLCHA0_c00340	ko:K07118
pprc:PFLCHA0_c00370	ko:K01695
pprc:PFLCHA0_c00380	ko:K01696
pprc:PFLCHA0_c00390	ko:K27042
pprc:PFLCHA0_c00410	ko:K09165
pprc:PFLCHA0_c00440	ko:K04063
pprc:PFLCHA0_c00490	ko:K01091
pprc:PFLCHA0_c00510	ko:K01414
pprc:PFLCHA0_c00520	ko:K07070
pprc:PFLCHA0_c00540	ko:K06152
pprc:PFLCHA0_c00550	ko:K06151
pprc:PFLCHA0_c00560	ko:K06150
pprc:PFLCHA0_c00590	ko:K01673
pprc:PFLCHA0_c00620	ko:K02275
pprc:PFLCHA0_c00630	ko:K02274
pprc:PFLCHA0_c00640	ko:K02258
pprc:PFLCHA0_c00650	ko:K02276
pprc:PFLCHA0_c00660	ko:K14998
pprc:PFLCHA0_c00680	ko:K02259
pprc:PFLCHA0_c00690	ko:K02257
pprc:PFLCHA0_c00700	ko:K07152
pprc:PFLCHA0_c00710	ko:K02073
pprc:PFLCHA0_c00720	ko:K02072
pprc:PFLCHA0_c00730	ko:K02071
pprc:PFLCHA0_c00740	ko:K03781
pprc:PFLCHA0_c00760	ko:K09816
pprc:PFLCHA0_c00770	ko:K09817
pprc:PFLCHA0_c00780	ko:K09823
pprc:PFLCHA0_c00790	ko:K09815
pprc:PFLCHA0_c00800	ko:K02204
pprc:PFLCHA0_c00820	ko:K02335
pprc:PFLCHA0_c00830	ko:K03978
pprc:PFLCHA0_c00860	ko:K03673
pprc:PFLCHA0_c00880	ko:K13590
pprc:PFLCHA0_c00890	ko:K11066
pprc:PFLCHA0_c00900	ko:K26148
pprc:PFLCHA0_c00910	ko:K11383
pprc:PFLCHA0_c00920	ko:K11384
pprc:PFLCHA0_c00960	ko:K11102
pprc:PFLCHA0_c00980	ko:K18480
pprc:PFLCHA0_c00990	ko:K02067
pprc:PFLCHA0_c01000	ko:K02065
pprc:PFLCHA0_c01010	ko:K02066
pprc:PFLCHA0_c01040	ko:K03324
pprc:PFLCHA0_c01060	ko:K03300
pprc:PFLCHA0_c01130	ko:K18118
pprc:PFLCHA0_c01140	ko:K00325
pprc:PFLCHA0_c01150	ko:K00324
pprc:PFLCHA0_c01160	ko:K00324
pprc:PFLCHA0_c01180	ko:K00252
pprc:PFLCHA0_c01190	ko:K01041
pprc:PFLCHA0_c01200	ko:K01977
pprc:PFLCHA0_c01210	ko:K14227
pprc:PFLCHA0_c01220	ko:K14218
pprc:PFLCHA0_c01230	ko:K01980
pprc:PFLCHA0_c01240	ko:K01985
pprc:PFLCHA0_c01260	ko:K02014
pprc:PFLCHA0_c01270	ko:K07165
pprc:PFLCHA0_c01280	ko:K03406
pprc:PFLCHA0_c01340	ko:K12543
pprc:PFLCHA0_c01350	ko:K12541
pprc:PFLCHA0_c01360	ko:K12542
pprc:PFLCHA0_c01380	ko:K15553
pprc:PFLCHA0_c01390	ko:K15555
pprc:PFLCHA0_c01400	ko:K15554
pprc:PFLCHA0_c01420	ko:K03446
pprc:PFLCHA0_c01430	ko:K03543
pprc:PFLCHA0_c01440	ko:K18904
pprc:PFLCHA0_c01450	ko:K23514
pprc:PFLCHA0_c01460	ko:K07165
pprc:PFLCHA0_c01470	ko:K02014
pprc:PFLCHA0_c01510	ko:K14340
pprc:PFLCHA0_c01520	ko:K19055
pprc:PFLCHA0_c01560	ko:K06075
pprc:PFLCHA0_c01630	ko:K11935
pprc:PFLCHA0_c01640	ko:K11931
pprc:PFLCHA0_c01650	ko:K11936
pprc:PFLCHA0_c01660	ko:K11937
pprc:PFLCHA0_c01680	ko:K15125
pprc:PFLCHA0_c01710	ko:K09803
pprc:PFLCHA0_c01740	ko:K07114
pprc:PFLCHA0_c01750	ko:K03088
pprc:PFLCHA0_c01800	ko:K14219
pprc:PFLCHA0_c01870	ko:K00135
pprc:PFLCHA0_c01880	ko:K14268
pprc:PFLCHA0_c01910	ko:K00507
pprc:PFLCHA0_c01940	ko:K23163
pprc:PFLCHA0_c01950	ko:K02046
pprc:PFLCHA0_c01960	ko:K02047
pprc:PFLCHA0_c01970	ko:K02045
pprc:PFLCHA0_c01990	ko:K10914
pprc:PFLCHA0_c02000	ko:K07127
pprc:PFLCHA0_c02020	ko:K07665
pprc:PFLCHA0_c02030	ko:K07644
pprc:PFLCHA0_c02060	ko:K01130
pprc:PFLCHA0_c02070	ko:K15555
pprc:PFLCHA0_c02080	ko:K15554
pprc:PFLCHA0_c02090	ko:K15553
pprc:PFLCHA0_c02110	ko:K22303
pprc:PFLCHA0_c02140	ko:K02014
pprc:PFLCHA0_c02190	ko:K07727
pprc:PFLCHA0_c02220	ko:K03449
pprc:PFLCHA0_c02230	ko:K01487
pprc:PFLCHA0_c02240	ko:K06867
pprc:PFLCHA0_c02260	ko:K03832
pprc:PFLCHA0_c02270	ko:K03561
pprc:PFLCHA0_c02280	ko:K03559
pprc:PFLCHA0_c02290	ko:K07002
pprc:PFLCHA0_c02310	ko:K02073
pprc:PFLCHA0_c02320	ko:K02029
pprc:PFLCHA0_c02330	ko:K02029
pprc:PFLCHA0_c02340	ko:K02028
pprc:PFLCHA0_c02350	ko:K02030
pprc:PFLCHA0_c02370	ko:K21136
pprc:PFLCHA0_c02380	ko:K21137
pprc:PFLCHA0_c02390	ko:K21134
pprc:PFLCHA0_c02410	ko:K02072
pprc:PFLCHA0_c02420	ko:K02071
pprc:PFLCHA0_c02430	ko:K02073
pprc:PFLCHA0_c02440	ko:K20938
pprc:PFLCHA0_c02480	ko:K10010
pprc:PFLCHA0_c02490	ko:K10009
pprc:PFLCHA0_c02500	ko:K02424
pprc:PFLCHA0_c02510	ko:K05396
pprc:PFLCHA0_c02520	ko:K00640
pprc:PFLCHA0_c02530	ko:K02168
pprc:PFLCHA0_c02550	ko:K00059
pprc:PFLCHA0_c02560	ko:K18900
pprc:PFLCHA0_c02580	ko:K06145
pprc:PFLCHA0_c02590	ko:K02014
pprc:PFLCHA0_c02600	ko:K24116
pprc:PFLCHA0_c02610	ko:K19265
pprc:PFLCHA0_c02620	ko:K03543
pprc:PFLCHA0_c02630	ko:K03446
pprc:PFLCHA0_c02670	ko:K00507
pprc:PFLCHA0_c02680	ko:K00507
pprc:PFLCHA0_c02700	ko:K10255
pprc:PFLCHA0_c02730	ko:K00382
pprc:PFLCHA0_c02740	ko:K03119
pprc:PFLCHA0_c02750	ko:K15552
pprc:PFLCHA0_c02760	ko:K10831
pprc:PFLCHA0_c02770	ko:K15551
pprc:PFLCHA0_c02780	ko:K01919
pprc:PFLCHA0_c02800	ko:K06959
pprc:PFLCHA0_c02810	ko:K07659
pprc:PFLCHA0_c02820	ko:K07638
pprc:PFLCHA0_c02830	ko:K05844
pprc:PFLCHA0_c02860	ko:K04762
pprc:PFLCHA0_c02880	ko:K04083
pprc:PFLCHA0_c02900	ko:K01610
pprc:PFLCHA0_c02940	ko:K22278
pprc:PFLCHA0_c02950	ko:K03654
pprc:PFLCHA0_c02970	ko:K07107
pprc:PFLCHA0_c03020	ko:K20881
pprc:PFLCHA0_c03030	ko:K08312
pprc:PFLCHA0_c03040	ko:K01082
pprc:PFLCHA0_c03060	ko:K10126
pprc:PFLCHA0_c03070	ko:K10125
pprc:PFLCHA0_c03080	ko:K00067
pprc:PFLCHA0_c03090	ko:K01790
pprc:PFLCHA0_c03100	ko:K00973
pprc:PFLCHA0_c03110	ko:K01710
pprc:PFLCHA0_c03130	ko:K12251
pprc:PFLCHA0_c03140	ko:K10536
pprc:PFLCHA0_c03160	ko:K02014
pprc:PFLCHA0_c03170	ko:K07396
pprc:PFLCHA0_c03180	ko:K06893
pprc:PFLCHA0_c03230	ko:K08738
pprc:PFLCHA0_c03250	ko:K09474
pprc:PFLCHA0_c03290	ko:K14234
pprc:PFLCHA0_c03300	ko:K18459
pprc:PFLCHA0_c03310	ko:K03307
pprc:PFLCHA0_c03330	ko:K00126
pprc:PFLCHA0_c03340	ko:K00123
pprc:PFLCHA0_c03350	ko:K00124
pprc:PFLCHA0_c03360	ko:K00127
pprc:PFLCHA0_c03370	ko:K02053
pprc:PFLCHA0_c03380	ko:K02054
pprc:PFLCHA0_c03390	ko:K02055
pprc:PFLCHA0_c03400	ko:K02052
pprc:PFLCHA0_c03410	ko:K03566
pprc:PFLCHA0_c03420	ko:K12941
pprc:PFLCHA0_c03430	ko:K26080
pprc:PFLCHA0_c03450	ko:K23057
pprc:PFLCHA0_c03460	ko:K23056
pprc:PFLCHA0_c03470	ko:K23055
pprc:PFLCHA0_c03480	ko:K23058
pprc:PFLCHA0_c03490	ko:K11735
pprc:PFLCHA0_c03540	ko:K01479
pprc:PFLCHA0_c03550	ko:K03312
pprc:PFLCHA0_c03580	ko:K04782
pprc:PFLCHA0_c03630	ko:K14231
pprc:PFLCHA0_c03650	ko:K03575
pprc:PFLCHA0_c03660	ko:K07289
pprc:PFLCHA0_c03680	ko:K01693
pprc:PFLCHA0_c03690	ko:K02501
pprc:PFLCHA0_c03710	ko:K01814
pprc:PFLCHA0_c03720	ko:K02500
pprc:PFLCHA0_c03730	ko:K02030
pprc:PFLCHA0_c03740	ko:K09798
pprc:PFLCHA0_c03750	ko:K03797
pprc:PFLCHA0_c03760	ko:K22719
pprc:PFLCHA0_c03780	ko:K15633
pprc:PFLCHA0_c03800	ko:K03676
pprc:PFLCHA0_c03810	ko:K03071
pprc:PFLCHA0_c03820	ko:K03216
pprc:PFLCHA0_c03840	ko:K07712
pprc:PFLCHA0_c03850	ko:K07708
pprc:PFLCHA0_c03860	ko:K10778
pprc:PFLCHA0_c03920	ko:K04093
pprc:PFLCHA0_c03930	ko:K01915
pprc:PFLCHA0_c03940	ko:K03151
pprc:PFLCHA0_c03950	ko:K06207
pprc:PFLCHA0_c03960	ko:K06940
pprc:PFLCHA0_c03970	ko:K00688
pprc:PFLCHA0_c04000	ko:K03841
pprc:PFLCHA0_c04020	ko:K03406
pprc:PFLCHA0_c04040	ko:K03098
pprc:PFLCHA0_c04050	ko:K05603
pprc:PFLCHA0_c04060	ko:K05836
pprc:PFLCHA0_c04070	ko:K09975
pprc:PFLCHA0_c04080	ko:K01712
pprc:PFLCHA0_c04090	ko:K03457
pprc:PFLCHA0_c04100	ko:K02002
pprc:PFLCHA0_c04110	ko:K02001
pprc:PFLCHA0_c04120	ko:K02000
pprc:PFLCHA0_c04130	ko:K01745
pprc:PFLCHA0_c04140	ko:K01745
pprc:PFLCHA0_c04150	ko:K16234
pprc:PFLCHA0_c04160	ko:K01468
pprc:PFLCHA0_c04170	ko:K01458
pprc:PFLCHA0_c04180	ko:K01259
pprc:PFLCHA0_c04190	ko:K07560
pprc:PFLCHA0_c04200	ko:K03670
pprc:PFLCHA0_c04210	ko:K03669
pprc:PFLCHA0_c04220	ko:K02030
pprc:PFLCHA0_c04230	ko:K02029
pprc:PFLCHA0_c04240	ko:K02028
pprc:PFLCHA0_c04250	ko:K03406
pprc:PFLCHA0_c04270	ko:K03118
pprc:PFLCHA0_c04280	ko:K03117
pprc:PFLCHA0_c04290	ko:K03116
pprc:PFLCHA0_c04300	ko:K01523
pprc:PFLCHA0_c04310	ko:K01496
pprc:PFLCHA0_c04320	ko:K03688
pprc:PFLCHA0_c04330	ko:K03690
pprc:PFLCHA0_c04340	ko:K03183
pprc:PFLCHA0_c04390	ko:K03821
pprc:PFLCHA0_c04400	ko:K22250
pprc:PFLCHA0_c04410	ko:K03821
pprc:PFLCHA0_c04430	ko:K03667
pprc:PFLCHA0_c04440	ko:K01419
pprc:PFLCHA0_c04460	ko:K01887
pprc:PFLCHA0_c04470	ko:K04066
pprc:PFLCHA0_c04480	ko:K02909
pprc:PFLCHA0_c04500	ko:K00029
pprc:PFLCHA0_c04510	ko:K05366
pprc:PFLCHA0_c04520	ko:K02662
pprc:PFLCHA0_c04530	ko:K02663
pprc:PFLCHA0_c04540	ko:K02664
pprc:PFLCHA0_c04550	ko:K02665
pprc:PFLCHA0_c04560	ko:K02666
pprc:PFLCHA0_c04570	ko:K00891
pprc:PFLCHA0_c04580	ko:K01735
pprc:PFLCHA0_c04590	ko:K03112
pprc:PFLCHA0_c04600	ko:K00265
pprc:PFLCHA0_c04610	ko:K00266
pprc:PFLCHA0_c04620	ko:K01599
pprc:PFLCHA0_c04630	ko:K08224
pprc:PFLCHA0_c04680	ko:K09458
pprc:PFLCHA0_c04690	ko:K00059
pprc:PFLCHA0_c04710	ko:K00647
pprc:PFLCHA0_c04780	ko:K07107
pprc:PFLCHA0_c04790	ko:K01745
pprc:PFLCHA0_c04840	ko:K02078
pprc:PFLCHA0_c04850	ko:K02078
pprc:PFLCHA0_c04880	ko:K03496
pprc:PFLCHA0_c04890	ko:K03672
pprc:PFLCHA0_c04920	ko:K05791
pprc:PFLCHA0_c04930	ko:K08997
pprc:PFLCHA0_c04940	ko:K05802
pprc:PFLCHA0_c04950	ko:K11105
pprc:PFLCHA0_c04960	ko:K03406
pprc:PFLCHA0_c04970	ko:K03406
pprc:PFLCHA0_c04990	ko:K09888
pprc:PFLCHA0_c05000	ko:K03406
pprc:PFLCHA0_c05020	ko:K13821
pprc:PFLCHA0_c05040	ko:K11928
pprc:PFLCHA0_c05060	ko:K01740
pprc:PFLCHA0_c05070	ko:K00864
pprc:PFLCHA0_c05090	ko:K00111
pprc:PFLCHA0_c05100	ko:K02444
pprc:PFLCHA0_c05110	ko:K04023
pprc:PFLCHA0_c05130	ko:K07115
pprc:PFLCHA0_c05140	ko:K07304
pprc:PFLCHA0_c05160	ko:K00627
pprc:PFLCHA0_c05170	ko:K00163
pprc:PFLCHA0_c05190	ko:K00982
pprc:PFLCHA0_c05200	ko:K02843
pprc:PFLCHA0_c05210	ko:K02841
pprc:PFLCHA0_c05220	ko:K02844
pprc:PFLCHA0_c05230	ko:K02848
pprc:PFLCHA0_c05270	ko:K00612
pprc:PFLCHA0_c05330	ko:K12988
pprc:PFLCHA0_c05340	ko:K00638
pprc:PFLCHA0_c05350	ko:K02847
pprc:PFLCHA0_c05360	ko:K11085
pprc:PFLCHA0_c05380	ko:K00860
pprc:PFLCHA0_c05390	ko:K03272
pprc:PFLCHA0_c05430	ko:K03297
pprc:PFLCHA0_c05450	ko:K02527
pprc:PFLCHA0_c05460	ko:K12340
pprc:PFLCHA0_c05470	ko:K03147
pprc:PFLCHA0_c05480	ko:K03457
pprc:PFLCHA0_c05500	ko:K01515
pprc:PFLCHA0_c05510	ko:K09920
pprc:PFLCHA0_c05520	ko:K03651
pprc:PFLCHA0_c05530	ko:K07000
pprc:PFLCHA0_c05540	ko:K02622
pprc:PFLCHA0_c05560	ko:K06985
pprc:PFLCHA0_c05570	ko:K02621
pprc:PFLCHA0_c05580	ko:K09857
pprc:PFLCHA0_c05600	ko:K01079
pprc:PFLCHA0_c05610	ko:K01613
pprc:PFLCHA0_c05620	ko:K01011
pprc:PFLCHA0_c05640	ko:K02556
pprc:PFLCHA0_c05650	ko:K02557
pprc:PFLCHA0_c05660	ko:K06949
pprc:PFLCHA0_c05670	ko:K13288
pprc:PFLCHA0_c05690	ko:K18979
pprc:PFLCHA0_c05700	ko:K17758
pprc:PFLCHA0_c05710	ko:K06925
pprc:PFLCHA0_c05720	ko:K01448
pprc:PFLCHA0_c05730	ko:K03572
pprc:PFLCHA0_c05740	ko:K00791
pprc:PFLCHA0_c05750	ko:K03666
pprc:PFLCHA0_c05760	ko:K03665
pprc:PFLCHA0_c05770	ko:K04088
pprc:PFLCHA0_c05780	ko:K04087
pprc:PFLCHA0_c05790	ko:K02502
pprc:PFLCHA0_c05800	ko:K01939
pprc:PFLCHA0_c05820	ko:K02011
pprc:PFLCHA0_c05830	ko:K02012
pprc:PFLCHA0_c05840	ko:K12573
pprc:PFLCHA0_c05850	ko:K03218
pprc:PFLCHA0_c05860	ko:K02990
pprc:PFLCHA0_c05870	ko:K02963
pprc:PFLCHA0_c05890	ko:K02939
pprc:PFLCHA0_c05900	ko:K02314
pprc:PFLCHA0_c06000	ko:K01916
pprc:PFLCHA0_c06010	ko:K00763
pprc:PFLCHA0_c06020	ko:K03566
pprc:PFLCHA0_c06030	ko:K26061
pprc:PFLCHA0_c06040	ko:K26065
pprc:PFLCHA0_c06050	ko:K01999
pprc:PFLCHA0_c06060	ko:K01997
pprc:PFLCHA0_c06070	ko:K01998
pprc:PFLCHA0_c06080	ko:K01995
pprc:PFLCHA0_c06090	ko:K01996
pprc:PFLCHA0_c06100	ko:K16066
pprc:PFLCHA0_c06130	ko:K03192
pprc:PFLCHA0_c06140	ko:K03189
pprc:PFLCHA0_c06150	ko:K03188
pprc:PFLCHA0_c06160	ko:K03187
pprc:PFLCHA0_c06190	ko:K07290
pprc:PFLCHA0_c06200	ko:K03594
pprc:PFLCHA0_c06210	ko:K03566
pprc:PFLCHA0_c06220	ko:K01118
pprc:PFLCHA0_c06230	ko:K11741
pprc:PFLCHA0_c06240	ko:K01046
pprc:PFLCHA0_c06280	ko:K07326
pprc:PFLCHA0_c06290	ko:K15125
pprc:PFLCHA0_c06340	ko:K04046
pprc:PFLCHA0_c06350	ko:K05516
pprc:PFLCHA0_c06360	ko:K18997
pprc:PFLCHA0_c06380	ko:K01428
pprc:PFLCHA0_c06390	ko:K01429
pprc:PFLCHA0_c06400	ko:K19113
pprc:PFLCHA0_c06410	ko:K24217
pprc:PFLCHA0_c06420	ko:K01430
pprc:PFLCHA0_c06430	ko:K03190
pprc:PFLCHA0_c06440	ko:K11963
pprc:PFLCHA0_c06450	ko:K11962
pprc:PFLCHA0_c06460	ko:K11961
pprc:PFLCHA0_c06470	ko:K11960
pprc:PFLCHA0_c06480	ko:K11959
pprc:PFLCHA0_c06500	ko:K02015
pprc:PFLCHA0_c06510	ko:K02016
pprc:PFLCHA0_c06520	ko:K02013
pprc:PFLCHA0_c06530	ko:K02014
pprc:PFLCHA0_c06550	ko:K02014
pprc:PFLCHA0_c06570	ko:K09796
pprc:PFLCHA0_c06610	ko:K05895
pprc:PFLCHA0_c06620	ko:K02188
pprc:PFLCHA0_c06630	ko:K00595
pprc:PFLCHA0_c06640	ko:K02229
pprc:PFLCHA0_c06650	ko:K06042
pprc:PFLCHA0_c06660	ko:K03394
pprc:PFLCHA0_c06670	ko:K13541
pprc:PFLCHA0_c06730	ko:K05595
pprc:PFLCHA0_c06740	ko:K20972
pprc:PFLCHA0_c06750	ko:K01945
pprc:PFLCHA0_c06760	ko:K00602
pprc:PFLCHA0_c06770	ko:K03557
pprc:PFLCHA0_c06780	ko:K05540
pprc:PFLCHA0_c06800	ko:K02687
pprc:PFLCHA0_c06810	ko:K01961
pprc:PFLCHA0_c06820	ko:K02160
pprc:PFLCHA0_c06830	ko:K03786
pprc:PFLCHA0_c06840	ko:K03406
pprc:PFLCHA0_c06880	ko:K03113
pprc:PFLCHA0_c06890	ko:K01585
pprc:PFLCHA0_c06900	ko:K26937
pprc:PFLCHA0_c06930	ko:K06219
pprc:PFLCHA0_c06960	ko:K27080
pprc:PFLCHA0_c06970	ko:K27076
pprc:PFLCHA0_c06980	ko:K12513
pprc:PFLCHA0_c06990	ko:K02278
pprc:PFLCHA0_c07000	ko:K27077
pprc:PFLCHA0_c07020	ko:K27079
pprc:PFLCHA0_c07030	ko:K12511
pprc:PFLCHA0_c07040	ko:K12510
pprc:PFLCHA0_c07050	ko:K02283
pprc:PFLCHA0_c07060	ko:K02282
pprc:PFLCHA0_c07070	ko:K02280
pprc:PFLCHA0_c07080	ko:K02279
pprc:PFLCHA0_c07120	ko:K09936
pprc:PFLCHA0_c07140	ko:K00059
pprc:PFLCHA0_c07150	ko:K00626
pprc:PFLCHA0_c07160	ko:K03406
pprc:PFLCHA0_c07170	ko:K07178
pprc:PFLCHA0_c07180	ko:K19591
pprc:PFLCHA0_c07190	ko:K17686
pprc:PFLCHA0_c07210	ko:K07213
pprc:PFLCHA0_c07220	ko:K07552
pprc:PFLCHA0_c07270	ko:K28762
pprc:PFLCHA0_c07280	ko:K21053
pprc:PFLCHA0_c07300	ko:K07335
pprc:PFLCHA0_c07310	ko:K07300
pprc:PFLCHA0_c07330	ko:K18456
pprc:PFLCHA0_c07370	ko:K23536
pprc:PFLCHA0_c07380	ko:K23535
pprc:PFLCHA0_c07390	ko:K23537
pprc:PFLCHA0_c07410	ko:K09017
pprc:PFLCHA0_c07420	ko:K16345
pprc:PFLCHA0_c07430	ko:K21699
pprc:PFLCHA0_c07440	ko:K00822
pprc:PFLCHA0_c07450	ko:K00140
pprc:PFLCHA0_c07460	ko:K01977
pprc:PFLCHA0_c07470	ko:K14227
pprc:PFLCHA0_c07480	ko:K14218
pprc:PFLCHA0_c07490	ko:K01980
pprc:PFLCHA0_c07500	ko:K01985
pprc:PFLCHA0_c07510	ko:K03583
pprc:PFLCHA0_c07520	ko:K03582
pprc:PFLCHA0_c07530	ko:K03581
pprc:PFLCHA0_c07540	ko:K21021
pprc:PFLCHA0_c07570	ko:K00140
pprc:PFLCHA0_c07580	ko:K00020
pprc:PFLCHA0_c07610	ko:K06995
pprc:PFLCHA0_c07620	ko:K07130
pprc:PFLCHA0_c07630	ko:K00453
pprc:PFLCHA0_c07640	ko:K00375
pprc:PFLCHA0_c07650	ko:K05782
pprc:PFLCHA0_c07660	ko:K11734
pprc:PFLCHA0_c07670	ko:K11311
pprc:PFLCHA0_c07680	ko:K05600
pprc:PFLCHA0_c07690	ko:K05599
pprc:PFLCHA0_c07710	ko:K03719
pprc:PFLCHA0_c07730	ko:K01556
pprc:PFLCHA0_c07740	ko:K03293
pprc:PFLCHA0_c07750	ko:K19591
pprc:PFLCHA0_c07760	ko:K00355
pprc:PFLCHA0_c07780	ko:K07090
pprc:PFLCHA0_c07800	ko:K03923
pprc:PFLCHA0_c07820	ko:K00681
pprc:PFLCHA0_c07830	ko:K03321
pprc:PFLCHA0_c07840	ko:K03299
pprc:PFLCHA0_c07860	ko:K06015
pprc:PFLCHA0_c07890	ko:K03406
pprc:PFLCHA0_c08040	ko:K15268
pprc:PFLCHA0_c08100	ko:K05020
pprc:PFLCHA0_c08110	ko:K01273
pprc:PFLCHA0_c08120	ko:K22187
pprc:PFLCHA0_c08130	ko:K17737
pprc:PFLCHA0_c08150	ko:K09022
pprc:PFLCHA0_c08160	ko:K19746
pprc:PFLCHA0_c08280	ko:K18930
pprc:PFLCHA0_c08290	ko:K00782
pprc:PFLCHA0_c08300	ko:K18929
pprc:PFLCHA0_c08310	ko:K18928
pprc:PFLCHA0_c08320	ko:K03303
pprc:PFLCHA0_c08330	ko:K05799
pprc:PFLCHA0_c08340	ko:K03308
pprc:PFLCHA0_c08360	ko:K09801
pprc:PFLCHA0_c08370	ko:K06186
pprc:PFLCHA0_c08380	ko:K03711
pprc:PFLCHA0_c08390	ko:K03631
pprc:PFLCHA0_c08400	ko:K03687
pprc:PFLCHA0_c08410	ko:K04043
pprc:PFLCHA0_c08420	ko:K03686
pprc:PFLCHA0_c08430	ko:K00215
pprc:PFLCHA0_c08440	ko:K01956
pprc:PFLCHA0_c08450	ko:K01955
pprc:PFLCHA0_c08460	ko:K03624
pprc:PFLCHA0_c08480	ko:K07574
pprc:PFLCHA0_c08490	ko:K02427
pprc:PFLCHA0_c08500	ko:K03798
pprc:PFLCHA0_c08510	ko:K00796
pprc:PFLCHA0_c08520	ko:K03431
pprc:PFLCHA0_c08530	ko:K01803
pprc:PFLCHA0_c08540	ko:K03075
pprc:PFLCHA0_c08550	ko:K14230
pprc:PFLCHA0_c08560	ko:K09748
pprc:PFLCHA0_c08570	ko:K02600
pprc:PFLCHA0_c08580	ko:K02519
pprc:PFLCHA0_c08590	ko:K02834
pprc:PFLCHA0_c08600	ko:K03177
pprc:PFLCHA0_c08610	ko:K02956
pprc:PFLCHA0_c08620	ko:K00962
pprc:PFLCHA0_c08630	ko:K14234
pprc:PFLCHA0_c08650	ko:K00767
pprc:PFLCHA0_c08670	ko:K03806
pprc:PFLCHA0_c08680	ko:K03807
pprc:PFLCHA0_c08690	ko:K03406
pprc:PFLCHA0_c08710	ko:K03424
pprc:PFLCHA0_c08720	ko:K03435
pprc:PFLCHA0_c08730	ko:K23993
pprc:PFLCHA0_c08740	ko:K00882
pprc:PFLCHA0_c08750	ko:K02770
pprc:PFLCHA0_c08760	ko:K01113
pprc:PFLCHA0_c08770	ko:K00380
pprc:PFLCHA0_c08780	ko:K16090
pprc:PFLCHA0_c08790	ko:K07336
pprc:PFLCHA0_c08800	ko:K07126
pprc:PFLCHA0_c08810	ko:K01581
pprc:PFLCHA0_c08820	ko:K05847
pprc:PFLCHA0_c08830	ko:K05846
pprc:PFLCHA0_c08840	ko:K05845
pprc:PFLCHA0_c08850	ko:K05846
pprc:PFLCHA0_c08860	ko:K02837
pprc:PFLCHA0_c08880	ko:K12372
pprc:PFLCHA0_c08890	ko:K12371
pprc:PFLCHA0_c08900	ko:K12370
pprc:PFLCHA0_c08910	ko:K12369
pprc:PFLCHA0_c08920	ko:K12368
pprc:PFLCHA0_c08940	ko:K12368
pprc:PFLCHA0_c08950	ko:K12368
pprc:PFLCHA0_c08980	ko:K15011
pprc:PFLCHA0_c08990	ko:K15012
pprc:PFLCHA0_c09000	ko:K02471
pprc:PFLCHA0_c09030	ko:K24180
pprc:PFLCHA0_c09040	ko:K01607
pprc:PFLCHA0_c09050	ko:K07301
pprc:PFLCHA0_c09060	ko:K03642
pprc:PFLCHA0_c09070	ko:K02434
pprc:PFLCHA0_c09080	ko:K02433
pprc:PFLCHA0_c09090	ko:K02435
pprc:PFLCHA0_c09100	ko:K03569
pprc:PFLCHA0_c09110	ko:K03570
pprc:PFLCHA0_c09120	ko:K03571
pprc:PFLCHA0_c09130	ko:K06287
pprc:PFLCHA0_c09140	ko:K08301
pprc:PFLCHA0_c09160	ko:K11206
pprc:PFLCHA0_c09170	ko:K03568
pprc:PFLCHA0_c09180	ko:K09889
pprc:PFLCHA0_c09190	ko:K03592
pprc:PFLCHA0_c09210	ko:K01679
pprc:PFLCHA0_c09230	ko:K04564
pprc:PFLCHA0_c09240	ko:K07238
pprc:PFLCHA0_c09250	ko:K08485
pprc:PFLCHA0_c09260	ko:K06958
pprc:PFLCHA0_c09270	ko:K02806
pprc:PFLCHA0_c09280	ko:K05808
pprc:PFLCHA0_c09290	ko:K03092
pprc:PFLCHA0_c09300	ko:K06861
pprc:PFLCHA0_c09310	ko:K09774
pprc:PFLCHA0_c09320	ko:K11719
pprc:PFLCHA0_c09330	ko:K03270
pprc:PFLCHA0_c09340	ko:K06041
pprc:PFLCHA0_c09350	ko:K02065
pprc:PFLCHA0_c09360	ko:K02066
pprc:PFLCHA0_c09370	ko:K02067
pprc:PFLCHA0_c09380	ko:K07323
pprc:PFLCHA0_c09390	ko:K07122
pprc:PFLCHA0_c09410	ko:K00790
pprc:PFLCHA0_c09420	ko:K00765
pprc:PFLCHA0_c09440	ko:K00013
pprc:PFLCHA0_c09450	ko:K00817
pprc:PFLCHA0_c09470	ko:K02014
pprc:PFLCHA0_c09480	ko:K04691
pprc:PFLCHA0_c09500	ko:K00957
pprc:PFLCHA0_c09510	ko:K00955
pprc:PFLCHA0_c09530	ko:K13788
pprc:PFLCHA0_c09550	ko:K03775
pprc:PFLCHA0_c09560	ko:K00432
pprc:PFLCHA0_c09590	ko:K06203
pprc:PFLCHA0_c09600	ko:K22345
pprc:PFLCHA0_c09620	ko:K09948
pprc:PFLCHA0_c09630	ko:K07589
pprc:PFLCHA0_c09640	ko:K01495
pprc:PFLCHA0_c09650	ko:K13938
pprc:PFLCHA0_c09670	ko:K09932
pprc:PFLCHA0_c09680	ko:K22491
pprc:PFLCHA0_c09730	ko:K06518
pprc:PFLCHA0_c09810	ko:K03556
pprc:PFLCHA0_c09830	ko:K00451
pprc:PFLCHA0_c09840	ko:K01555
pprc:PFLCHA0_c09850	ko:K01800
pprc:PFLCHA0_c09860	ko:K08195
pprc:PFLCHA0_c09910	ko:K00263
pprc:PFLCHA0_c09940	ko:K09918
pprc:PFLCHA0_c09950	ko:K13256
pprc:PFLCHA0_c09980	ko:K03837
pprc:PFLCHA0_c09990	ko:K01752
pprc:PFLCHA0_c10000	ko:K03566
pprc:PFLCHA0_c10020	ko:K16091
pprc:PFLCHA0_c10030	ko:K07165
pprc:PFLCHA0_c10040	ko:K23514
pprc:PFLCHA0_c10090	ko:K07165
pprc:PFLCHA0_c10100	ko:K03559
pprc:PFLCHA0_c10110	ko:K03832
pprc:PFLCHA0_c10120	ko:K02014
pprc:PFLCHA0_c10130	ko:K03561
pprc:PFLCHA0_c10140	ko:K01081
pprc:PFLCHA0_c10150	ko:K02014
pprc:PFLCHA0_c10170	ko:K09474
pprc:PFLCHA0_c10190	ko:K07506
pprc:PFLCHA0_c10210	ko:K00090
pprc:PFLCHA0_c10230	ko:K18139
pprc:PFLCHA0_c10330	ko:K16011
pprc:PFLCHA0_c10340	ko:K19296
pprc:PFLCHA0_c10350	ko:K19295
pprc:PFLCHA0_c10360	ko:K19294
pprc:PFLCHA0_c10370	ko:K01729
pprc:PFLCHA0_c10380	ko:K19293
pprc:PFLCHA0_c10390	ko:K01795
pprc:PFLCHA0_c10400	ko:K16081
pprc:PFLCHA0_c10410	ko:K19292
pprc:PFLCHA0_c10420	ko:K19291
pprc:PFLCHA0_c10430	ko:K19290
pprc:PFLCHA0_c10440	ko:K00066
pprc:PFLCHA0_c10450	ko:K09861
pprc:PFLCHA0_c10470	ko:K07175
pprc:PFLCHA0_c10480	ko:K18307
pprc:PFLCHA0_c10490	ko:K18306
pprc:PFLCHA0_c10520	ko:K11752
pprc:PFLCHA0_c10530	ko:K20332
pprc:PFLCHA0_c10540	ko:K01497
pprc:PFLCHA0_c10550	ko:K20333
pprc:PFLCHA0_c10560	ko:K20331
pprc:PFLCHA0_c10570	ko:K09936
pprc:PFLCHA0_c10580	ko:K03637
pprc:PFLCHA0_c10590	ko:K03636
pprc:PFLCHA0_c10600	ko:K03635
pprc:PFLCHA0_c10610	ko:K10022
pprc:PFLCHA0_c10620	ko:K21829
pprc:PFLCHA0_c10630	ko:K19746
pprc:PFLCHA0_c10640	ko:K19744
pprc:PFLCHA0_c10650	ko:K03732
pprc:PFLCHA0_c10660	ko:K06999
pprc:PFLCHA0_c10670	ko:K09969
pprc:PFLCHA0_c10680	ko:K09970
pprc:PFLCHA0_c10690	ko:K09971
pprc:PFLCHA0_c10700	ko:K09972
pprc:PFLCHA0_c10710	ko:K13655
pprc:PFLCHA0_c10720	ko:K13651
pprc:PFLCHA0_c10740	ko:K03449
pprc:PFLCHA0_c10760	ko:K07461
pprc:PFLCHA0_c10780	ko:K18917
pprc:PFLCHA0_c10790	ko:K06899
pprc:PFLCHA0_c10800	ko:K03530
pprc:PFLCHA0_c10810	ko:K06970
pprc:PFLCHA0_c10820	ko:K01873
pprc:PFLCHA0_c10840	ko:K02339
pprc:PFLCHA0_c10850	ko:K01255
pprc:PFLCHA0_c10860	ko:K07091
pprc:PFLCHA0_c10870	ko:K11720
pprc:PFLCHA0_c10880	ko:K03596
pprc:PFLCHA0_c10890	ko:K03100
pprc:PFLCHA0_c10900	ko:K03685
pprc:PFLCHA0_c10910	ko:K03595
pprc:PFLCHA0_c10920	ko:K03584
pprc:PFLCHA0_c10930	ko:K03474
pprc:PFLCHA0_c10940	ko:K18691
pprc:PFLCHA0_c10960	ko:K01952
pprc:PFLCHA0_c10980	ko:K02804
pprc:PFLCHA0_c10990	ko:K23993
pprc:PFLCHA0_c11000	ko:K00820
pprc:PFLCHA0_c11010	ko:K01443
pprc:PFLCHA0_c11020	ko:K24967
pprc:PFLCHA0_c11070	ko:K06938
pprc:PFLCHA0_c11090	ko:K08289
pprc:PFLCHA0_c11110	ko:K03699
pprc:PFLCHA0_c11130	ko:K03106
pprc:PFLCHA0_c11140	ko:K02959
pprc:PFLCHA0_c11150	ko:K02860
pprc:PFLCHA0_c11160	ko:K00554
pprc:PFLCHA0_c11170	ko:K02884
pprc:PFLCHA0_c11210	ko:K04763
pprc:PFLCHA0_c11220	ko:K03981
pprc:PFLCHA0_c11230	ko:K00003
pprc:PFLCHA0_c11240	ko:K01733
pprc:PFLCHA0_c11250	ko:K07679
pprc:PFLCHA0_c11270	ko:K07687
pprc:PFLCHA0_c11300	ko:K18313
pprc:PFLCHA0_c11310	ko:K09980
pprc:PFLCHA0_c11400	ko:K07462
pprc:PFLCHA0_c11440	ko:K07148
pprc:PFLCHA0_c11490	ko:K13487
pprc:PFLCHA0_c11500	ko:K13488
pprc:PFLCHA0_c11510	ko:K13486
pprc:PFLCHA0_c11520	ko:K13489
pprc:PFLCHA0_c11530	ko:K13490
pprc:PFLCHA0_c11540	ko:K13491
pprc:PFLCHA0_c11550	ko:K11444
pprc:PFLCHA0_c11570	ko:K02836
pprc:PFLCHA0_c11580	ko:K04567
pprc:PFLCHA0_c11620	ko:K06889
pprc:PFLCHA0_c11670	ko:K01595
pprc:PFLCHA0_c11680	ko:K00939
pprc:PFLCHA0_c11690	ko:K14742
pprc:PFLCHA0_c11750	ko:K15984
pprc:PFLCHA0_c11760	ko:K18301
pprc:PFLCHA0_c11770	ko:K18302
pprc:PFLCHA0_c11780	ko:K18303
pprc:PFLCHA0_c11800	ko:K09914
pprc:PFLCHA0_c11810	ko:K00631
pprc:PFLCHA0_c11820	ko:K03704
pprc:PFLCHA0_c11840	ko:K00563
pprc:PFLCHA0_c11850	ko:K01439
pprc:PFLCHA0_c11870	ko:K22132
pprc:PFLCHA0_c11880	ko:K02426
pprc:PFLCHA0_c11890	ko:K01766
pprc:PFLCHA0_c11900	ko:K00674
pprc:PFLCHA0_c11920	ko:K24163
pprc:PFLCHA0_c11930	ko:K14267
pprc:PFLCHA0_c11940	ko:K00990
pprc:PFLCHA0_c11950	ko:K01265
pprc:PFLCHA0_c11960	ko:K02967
pprc:PFLCHA0_c11970	ko:K02357
pprc:PFLCHA0_c11980	ko:K09903
pprc:PFLCHA0_c11990	ko:K02838
pprc:PFLCHA0_c12000	ko:K00806
pprc:PFLCHA0_c12010	ko:K00981
pprc:PFLCHA0_c12020	ko:K00099
pprc:PFLCHA0_c12030	ko:K11749
pprc:PFLCHA0_c12040	ko:K07277
pprc:PFLCHA0_c12050	ko:K06142
pprc:PFLCHA0_c12060	ko:K02536
pprc:PFLCHA0_c12070	ko:K02372
pprc:PFLCHA0_c12080	ko:K00677
pprc:PFLCHA0_c12090	ko:K00748
pprc:PFLCHA0_c12100	ko:K03470
pprc:PFLCHA0_c12110	ko:K02337
pprc:PFLCHA0_c12120	ko:K01962
pprc:PFLCHA0_c12130	ko:K04075
pprc:PFLCHA0_c12150	ko:K01937
pprc:PFLCHA0_c12160	ko:K01627
pprc:PFLCHA0_c12170	ko:K01689
pprc:PFLCHA0_c12180	ko:K05589
pprc:PFLCHA0_c12190	ko:K00991
pprc:PFLCHA0_c12210	ko:K00121
pprc:PFLCHA0_c12220	ko:K01070
pprc:PFLCHA0_c12230	ko:K01770
pprc:PFLCHA0_c12240	ko:K06176
pprc:PFLCHA0_c12250	ko:K03787
pprc:PFLCHA0_c12260	ko:K00573
pprc:PFLCHA0_c12270	ko:K06194
pprc:PFLCHA0_c12280	ko:K03087
pprc:PFLCHA0_c12290	ko:K05524
pprc:PFLCHA0_c12300	ko:K03555
pprc:PFLCHA0_c12350	ko:K06903
pprc:PFLCHA0_c12400	ko:K06907
pprc:PFLCHA0_c12410	ko:K06908
pprc:PFLCHA0_c12440	ko:K06906
pprc:PFLCHA0_c12460	ko:K06905
pprc:PFLCHA0_c12620	ko:K03791
pprc:PFLCHA0_c12650	ko:K03743
pprc:PFLCHA0_c12660	ko:K03553
pprc:PFLCHA0_c12670	ko:K03565
pprc:PFLCHA0_c12710	ko:K05812
pprc:PFLCHA0_c12740	ko:K00901
pprc:PFLCHA0_c12760	ko:K00528
pprc:PFLCHA0_c12770	ko:K22900
pprc:PFLCHA0_c12780	ko:K29066
pprc:PFLCHA0_c12800	ko:K06182
pprc:PFLCHA0_c12810	ko:K03826
pprc:PFLCHA0_c12820	ko:K14441
pprc:PFLCHA0_c12830	ko:K03549
pprc:PFLCHA0_c12860	ko:K14205
pprc:PFLCHA0_c12870	ko:K14230
pprc:PFLCHA0_c12880	ko:K14230
pprc:PFLCHA0_c12890	ko:K02346
pprc:PFLCHA0_c12910	ko:K01881
pprc:PFLCHA0_c12920	ko:K08218
pprc:PFLCHA0_c12930	ko:K07443
pprc:PFLCHA0_c12950	ko:K03704
pprc:PFLCHA0_c12960	ko:K01494
pprc:PFLCHA0_c12980	ko:K10017
pprc:PFLCHA0_c12990	ko:K06987
pprc:PFLCHA0_c13000	ko:K10015
pprc:PFLCHA0_c13010	ko:K10016
pprc:PFLCHA0_c13020	ko:K10014
pprc:PFLCHA0_c13030	ko:K07116
pprc:PFLCHA0_c13040	ko:K11209
pprc:PFLCHA0_c13080	ko:K09858
pprc:PFLCHA0_c13110	ko:K08993
pprc:PFLCHA0_c13140	ko:K03722
pprc:PFLCHA0_c13180	ko:K00275
pprc:PFLCHA0_c13200	ko:K06077
pprc:PFLCHA0_c13210	ko:K03313
pprc:PFLCHA0_c13220	ko:K28981
pprc:PFLCHA0_c13230	ko:K07137
pprc:PFLCHA0_c13240	ko:K08985
pprc:PFLCHA0_c13270	ko:K15977
pprc:PFLCHA0_c13290	ko:K09930
pprc:PFLCHA0_c13310	ko:K01996
pprc:PFLCHA0_c13320	ko:K01995
pprc:PFLCHA0_c13330	ko:K01998
pprc:PFLCHA0_c13340	ko:K01997
pprc:PFLCHA0_c13350	ko:K01999
pprc:PFLCHA0_c13400	ko:K06940
pprc:PFLCHA0_c13420	ko:K03580
pprc:PFLCHA0_c13440	ko:K11717
pprc:PFLCHA0_c13460	ko:K03566
pprc:PFLCHA0_c13490	ko:K16322
pprc:PFLCHA0_c13510	ko:K02624
pprc:PFLCHA0_c13520	ko:K08195
pprc:PFLCHA0_c13530	ko:K01039
pprc:PFLCHA0_c13540	ko:K01040
pprc:PFLCHA0_c13550	ko:K07823
pprc:PFLCHA0_c13560	ko:K00449
pprc:PFLCHA0_c13570	ko:K00448
pprc:PFLCHA0_c13580	ko:K02625
pprc:PFLCHA0_c13590	ko:K01857
pprc:PFLCHA0_c13600	ko:K01055
pprc:PFLCHA0_c13610	ko:K01607
pprc:PFLCHA0_c13620	ko:K00598
pprc:PFLCHA0_c13640	ko:K17218
pprc:PFLCHA0_c13660	ko:K18139
pprc:PFLCHA0_c13670	ko:K18138
pprc:PFLCHA0_c13680	ko:K03585
pprc:PFLCHA0_c13690	ko:K03577
pprc:PFLCHA0_c13720	ko:K19577
pprc:PFLCHA0_c13740	ko:K08682
pprc:PFLCHA0_c13750	ko:K22617
pprc:PFLCHA0_c13760	ko:K22310
pprc:PFLCHA0_c13800	ko:K01451
pprc:PFLCHA0_c13820	ko:K01426
pprc:PFLCHA0_c13830	ko:K05818
pprc:PFLCHA0_c13870	ko:K06131
pprc:PFLCHA0_c13880	ko:K05349
pprc:PFLCHA0_c13890	ko:K03744
pprc:PFLCHA0_c13900	ko:K06872
pprc:PFLCHA0_c13910	ko:K06872
pprc:PFLCHA0_c13920	ko:K08988
pprc:PFLCHA0_c13940	ko:K05520
pprc:PFLCHA0_c13970	ko:K02433
pprc:PFLCHA0_c13980	ko:K22278
pprc:PFLCHA0_c14000	ko:K00059
pprc:PFLCHA0_c14010	ko:K00059
pprc:PFLCHA0_c14040	ko:K02055
pprc:PFLCHA0_c14070	ko:K16087
pprc:PFLCHA0_c14080	ko:K07165
pprc:PFLCHA0_c14110	ko:K24700
pprc:PFLCHA0_c14130	ko:K15554
pprc:PFLCHA0_c14140	ko:K15555
pprc:PFLCHA0_c14180	ko:K15553
pprc:PFLCHA0_c14190	ko:K01273
pprc:PFLCHA0_c14200	ko:K00274
pprc:PFLCHA0_c14220	ko:K02014
pprc:PFLCHA0_c14230	ko:K15553
pprc:PFLCHA0_c14280	ko:K09946
pprc:PFLCHA0_c14310	ko:K01714
pprc:PFLCHA0_c14320	ko:K01628
pprc:PFLCHA0_c14350	ko:K13954
pprc:PFLCHA0_c14400	ko:K08995
pprc:PFLCHA0_c14430	ko:K07504
pprc:PFLCHA0_c14460	ko:K22549
pprc:PFLCHA0_c14470	ko:K22550
pprc:PFLCHA0_c14480	ko:K21061
pprc:PFLCHA0_c14490	ko:K12658
pprc:PFLCHA0_c14500	ko:K21062
pprc:PFLCHA0_c14520	ko:K13877
pprc:PFLCHA0_c14530	ko:K13609
pprc:PFLCHA0_c14540	ko:K16090
pprc:PFLCHA0_c14630	ko:K14225
pprc:PFLCHA0_c14650	ko:K06183
pprc:PFLCHA0_c14710	ko:K03648
pprc:PFLCHA0_c14720	ko:K07120
pprc:PFLCHA0_c14730	ko:K07793
pprc:PFLCHA0_c14740	ko:K07794
pprc:PFLCHA0_c14750	ko:K07795
pprc:PFLCHA0_c14770	ko:K07774
pprc:PFLCHA0_c14780	ko:K07649
pprc:PFLCHA0_c14800	ko:K06980
pprc:PFLCHA0_c14810	ko:K09159
pprc:PFLCHA0_c14820	ko:K19168
pprc:PFLCHA0_c14830	ko:K00278
pprc:PFLCHA0_c14840	ko:K03088
pprc:PFLCHA0_c14850	ko:K03597
pprc:PFLCHA0_c14860	ko:K03598
pprc:PFLCHA0_c14870	ko:K04771
pprc:PFLCHA0_c14880	ko:K01423
pprc:PFLCHA0_c14890	ko:K04085
pprc:PFLCHA0_c14900	ko:K03548
pprc:PFLCHA0_c14910	ko:K03564
pprc:PFLCHA0_c14920	ko:K03567
pprc:PFLCHA0_c14930	ko:K01714
pprc:PFLCHA0_c14940	ko:K07287
pprc:PFLCHA0_c14960	ko:K01923
pprc:PFLCHA0_c14970	ko:K14233
pprc:PFLCHA0_c14980	ko:K07345
pprc:PFLCHA0_c14990	ko:K15540
pprc:PFLCHA0_c15000	ko:K07347
pprc:PFLCHA0_c15010	ko:K15540
pprc:PFLCHA0_c15110	ko:K00666
pprc:PFLCHA0_c15130	ko:K00459
pprc:PFLCHA0_c15150	ko:K28556
pprc:PFLCHA0_c15160	ko:K04118
pprc:PFLCHA0_c15170	ko:K00632
pprc:PFLCHA0_c15180	ko:K07516
pprc:PFLCHA0_c15210	ko:K27838
pprc:PFLCHA0_c15230	ko:K18297
pprc:PFLCHA0_c15250	ko:K01826
pprc:PFLCHA0_c15280	ko:K03449
pprc:PFLCHA0_c15290	ko:K01725
pprc:PFLCHA0_c15300	ko:K01673
pprc:PFLCHA0_c15310	ko:K11921
pprc:PFLCHA0_c15320	ko:K01713
pprc:PFLCHA0_c15340	ko:K03684
pprc:PFLCHA0_c15350	ko:K09902
pprc:PFLCHA0_c15380	ko:K09160
pprc:PFLCHA0_c15450	ko:K10914
pprc:PFLCHA0_c15460	ko:K01354
pprc:PFLCHA0_c15520	ko:K07160
pprc:PFLCHA0_c15530	ko:K23123
pprc:PFLCHA0_c15540	ko:K23124
pprc:PFLCHA0_c15550	ko:K09989
pprc:PFLCHA0_c15580	ko:K01738
pprc:PFLCHA0_c15590	ko:K12979
pprc:PFLCHA0_c15640	ko:K26580
pprc:PFLCHA0_c15650	ko:K25260
pprc:PFLCHA0_c15670	ko:K13877
pprc:PFLCHA0_c15690	ko:K00906
pprc:PFLCHA0_c15700	ko:K03578
pprc:PFLCHA0_c15710	ko:K16872
pprc:PFLCHA0_c15720	ko:K03088
pprc:PFLCHA0_c15740	ko:K07221
pprc:PFLCHA0_c15780	ko:K09919
pprc:PFLCHA0_c15790	ko:K06188
pprc:PFLCHA0_c15800	ko:K18893
pprc:PFLCHA0_c15810	ko:K03767
pprc:PFLCHA0_c15820	ko:K01055
pprc:PFLCHA0_c15850	ko:K01118
pprc:PFLCHA0_c15870	ko:K16053
pprc:PFLCHA0_c15880	ko:K05590
pprc:PFLCHA0_c15900	ko:K07326
pprc:PFLCHA0_c15910	ko:K15125
pprc:PFLCHA0_c15940	ko:K13652
pprc:PFLCHA0_c16000	ko:K00243
pprc:PFLCHA0_c16080	ko:K03307
pprc:PFLCHA0_c16100	ko:K12255
pprc:PFLCHA0_c16120	ko:K05812
pprc:PFLCHA0_c16130	ko:K09790
pprc:PFLCHA0_c16140	ko:K07039
pprc:PFLCHA0_c16150	ko:K03654
pprc:PFLCHA0_c16160	ko:K06075
pprc:PFLCHA0_c16170	ko:K07001
pprc:PFLCHA0_c16180	ko:K07401
pprc:PFLCHA0_c16250	ko:K03498
pprc:PFLCHA0_c16270	ko:K02484
pprc:PFLCHA0_c16280	ko:K06006
pprc:PFLCHA0_c16290	ko:K07662
pprc:PFLCHA0_c16300	ko:K07184
pprc:PFLCHA0_c16310	ko:K09780
pprc:PFLCHA0_c16320	ko:K06190
pprc:PFLCHA0_c16330	ko:K07053
pprc:PFLCHA0_c16350	ko:K05896
pprc:PFLCHA0_c16360	ko:K06024
pprc:PFLCHA0_c16370	ko:K06938
pprc:PFLCHA0_c16380	ko:K06178
pprc:PFLCHA0_c16390	ko:K19689
pprc:PFLCHA0_c16410	ko:K11734
pprc:PFLCHA0_c16420	ko:K15034
pprc:PFLCHA0_c16460	ko:K00813
pprc:PFLCHA0_c16470	ko:K01724
pprc:PFLCHA0_c16480	ko:K00500
pprc:PFLCHA0_c16490	ko:K03721
pprc:PFLCHA0_c16500	ko:K02391
pprc:PFLCHA0_c16510	ko:K02392
pprc:PFLCHA0_c16520	ko:K02393
pprc:PFLCHA0_c16530	ko:K02394
pprc:PFLCHA0_c16540	ko:K02395
pprc:PFLCHA0_c16550	ko:K02396
pprc:PFLCHA0_c16560	ko:K02397
pprc:PFLCHA0_c16590	ko:K15894
pprc:PFLCHA0_c16610	ko:K15899
pprc:PFLCHA0_c16640	ko:K00648
pprc:PFLCHA0_c16670	ko:K02406
pprc:PFLCHA0_c16680	ko:K06603
pprc:PFLCHA0_c16690	ko:K02407
pprc:PFLCHA0_c16700	ko:K02422
pprc:PFLCHA0_c16710	ko:K02423
pprc:PFLCHA0_c16720	ko:K10941
pprc:PFLCHA0_c16730	ko:K10942
pprc:PFLCHA0_c16740	ko:K10943
pprc:PFLCHA0_c16750	ko:K02408
pprc:PFLCHA0_c16760	ko:K02409
pprc:PFLCHA0_c16770	ko:K02410
pprc:PFLCHA0_c16780	ko:K02411
pprc:PFLCHA0_c16790	ko:K02412
pprc:PFLCHA0_c16800	ko:K02413
pprc:PFLCHA0_c16810	ko:K20978
pprc:PFLCHA0_c16820	ko:K20977
pprc:PFLCHA0_c16830	ko:K20976
pprc:PFLCHA0_c16840	ko:K02414
pprc:PFLCHA0_c16860	ko:K02415
pprc:PFLCHA0_c16870	ko:K02416
pprc:PFLCHA0_c16880	ko:K02417
pprc:PFLCHA0_c16890	ko:K02418
pprc:PFLCHA0_c16900	ko:K02419
pprc:PFLCHA0_c16910	ko:K02420
pprc:PFLCHA0_c16920	ko:K02421
pprc:PFLCHA0_c16930	ko:K02401
pprc:PFLCHA0_c16960	ko:K00648
pprc:PFLCHA0_c17020	ko:K02400
pprc:PFLCHA0_c17030	ko:K02404
pprc:PFLCHA0_c17040	ko:K04562
pprc:PFLCHA0_c17050	ko:K02405
pprc:PFLCHA0_c17060	ko:K03413
pprc:PFLCHA0_c17070	ko:K03414
pprc:PFLCHA0_c17080	ko:K03407
pprc:PFLCHA0_c17090	ko:K03412
pprc:PFLCHA0_c17100	ko:K02556
pprc:PFLCHA0_c17110	ko:K02557
pprc:PFLCHA0_c17120	ko:K03496
pprc:PFLCHA0_c17130	ko:K03408
pprc:PFLCHA0_c17140	ko:K03408
pprc:PFLCHA0_c17160	ko:K04061
pprc:PFLCHA0_c17180	ko:K02193
pprc:PFLCHA0_c17190	ko:K02194
pprc:PFLCHA0_c17200	ko:K02195
pprc:PFLCHA0_c17210	ko:K02196
pprc:PFLCHA0_c17220	ko:K02197
pprc:PFLCHA0_c17230	ko:K02198
pprc:PFLCHA0_c17240	ko:K02199
pprc:PFLCHA0_c17250	ko:K02200
pprc:PFLCHA0_c17260	ko:K02200
pprc:PFLCHA0_c17320	ko:K02048
pprc:PFLCHA0_c17330	ko:K10716
pprc:PFLCHA0_c17340	ko:K08717
pprc:PFLCHA0_c17350	ko:K00873
pprc:PFLCHA0_c17360	ko:K11529
pprc:PFLCHA0_c17370	ko:K00042
pprc:PFLCHA0_c17380	ko:K01816
pprc:PFLCHA0_c17390	ko:K01608
pprc:PFLCHA0_c17410	ko:K09017
pprc:PFLCHA0_c17420	ko:K09781
pprc:PFLCHA0_c17440	ko:K04754
pprc:PFLCHA0_c17480	ko:K02002
pprc:PFLCHA0_c17500	ko:K14393
pprc:PFLCHA0_c17510	ko:K01647
pprc:PFLCHA0_c17520	ko:K00241
pprc:PFLCHA0_c17530	ko:K00242
pprc:PFLCHA0_c17540	ko:K00239
pprc:PFLCHA0_c17550	ko:K00240
pprc:PFLCHA0_c17560	ko:K00164
pprc:PFLCHA0_c17570	ko:K00658
pprc:PFLCHA0_c17580	ko:K00382
pprc:PFLCHA0_c17590	ko:K01903
pprc:PFLCHA0_c17600	ko:K01902
pprc:PFLCHA0_c17610	ko:K03311
pprc:PFLCHA0_c17670	ko:K04079
pprc:PFLCHA0_c17730	ko:K03406
pprc:PFLCHA0_c17740	ko:K00647
pprc:PFLCHA0_c17750	ko:K01716
pprc:PFLCHA0_c17760	ko:K20974
pprc:PFLCHA0_c17780	ko:K02014
pprc:PFLCHA0_c17790	ko:K00057
pprc:PFLCHA0_c17810	ko:K08296
pprc:PFLCHA0_c17820	ko:K01897
pprc:PFLCHA0_c17830	ko:K19222
pprc:PFLCHA0_c17900	ko:K02483
pprc:PFLCHA0_c17910	ko:K01591
pprc:PFLCHA0_c17940	ko:K03406
pprc:PFLCHA0_c17960	ko:K14224
pprc:PFLCHA0_c17970	ko:K14225
pprc:PFLCHA0_c17980	ko:K14224
pprc:PFLCHA0_c17990	ko:K14225
pprc:PFLCHA0_c18000	ko:K14224
pprc:PFLCHA0_c18010	ko:K14225
pprc:PFLCHA0_c18020	ko:K05835
pprc:PFLCHA0_c18060	ko:K06445
pprc:PFLCHA0_c18080	ko:K00799
pprc:PFLCHA0_c18090	ko:K01990
pprc:PFLCHA0_c18100	ko:K01992
pprc:PFLCHA0_c18110	ko:K09928
pprc:PFLCHA0_c18120	ko:K02238
pprc:PFLCHA0_c18130	ko:K03561
pprc:PFLCHA0_c18140	ko:K03559
pprc:PFLCHA0_c18150	ko:K00912
pprc:PFLCHA0_c18160	ko:K09791
pprc:PFLCHA0_c18170	ko:K00979
pprc:PFLCHA0_c18180	ko:K25307
pprc:PFLCHA0_c18190	ko:K00075
pprc:PFLCHA0_c18200	ko:K07302
pprc:PFLCHA0_c18210	ko:K07303
pprc:PFLCHA0_c18220	ko:K07402
pprc:PFLCHA0_c18230	ko:K07141
pprc:PFLCHA0_c18240	ko:K08300
pprc:PFLCHA0_c18250	ko:K06179
pprc:PFLCHA0_c18260	ko:K01091
pprc:PFLCHA0_c18270	ko:K04773
pprc:PFLCHA0_c18280	ko:K25422
pprc:PFLCHA0_c18290	ko:K07040
pprc:PFLCHA0_c18300	ko:K02911
pprc:PFLCHA0_c18310	ko:K03621
pprc:PFLCHA0_c18320	ko:K00645
pprc:PFLCHA0_c18330	ko:K00059
pprc:PFLCHA0_c18340	ko:K02078
pprc:PFLCHA0_c18350	ko:K09458
pprc:PFLCHA0_c18360	ko:K02619
pprc:PFLCHA0_c18370	ko:K07082
pprc:PFLCHA0_c18380	ko:K02341
pprc:PFLCHA0_c18390	ko:K03424
pprc:PFLCHA0_c18410	ko:K03639
pprc:PFLCHA0_c18430	ko:K09986
pprc:PFLCHA0_c18440	ko:K03710
pprc:PFLCHA0_c18460	ko:K03457
pprc:PFLCHA0_c18520	ko:K13979
pprc:PFLCHA0_c18540	ko:K00311
pprc:PFLCHA0_c18550	ko:K03521
pprc:PFLCHA0_c18560	ko:K03522
pprc:PFLCHA0_c18570	ko:K02030
pprc:PFLCHA0_c18620	ko:K06940
pprc:PFLCHA0_c18700	ko:K03972
pprc:PFLCHA0_c18720	ko:K00626
pprc:PFLCHA0_c18730	ko:K01782
pprc:PFLCHA0_c18750	ko:K03284
pprc:PFLCHA0_c18760	ko:K00655
pprc:PFLCHA0_c18800	ko:K17623
pprc:PFLCHA0_c18810	ko:K00059
pprc:PFLCHA0_c18830	ko:K16841
pprc:PFLCHA0_c18840	ko:K03457
pprc:PFLCHA0_c18850	ko:K00390
pprc:PFLCHA0_c18860	ko:K02203
pprc:PFLCHA0_c18870	ko:K01665
pprc:PFLCHA0_c18920	ko:K03417
pprc:PFLCHA0_c18930	ko:K01659
pprc:PFLCHA0_c18940	ko:K20455
pprc:PFLCHA0_c18950	ko:K09788
pprc:PFLCHA0_c18960	ko:K01720
pprc:PFLCHA0_c18970	ko:K07790
pprc:PFLCHA0_c18990	ko:K09773
pprc:PFLCHA0_c19010	ko:K01007
pprc:PFLCHA0_c19030	ko:K02553
pprc:PFLCHA0_c19040	ko:K16074
pprc:PFLCHA0_c19070	ko:K03088
pprc:PFLCHA0_c19080	ko:K03286
pprc:PFLCHA0_c19090	ko:K02303
pprc:PFLCHA0_c19100	ko:K00372
pprc:PFLCHA0_c19110	ko:K26138
pprc:PFLCHA0_c19120	ko:K26139
pprc:PFLCHA0_c19140	ko:K02575
pprc:PFLCHA0_c19150	ko:K07183
pprc:PFLCHA0_c19160	ko:K22067
pprc:PFLCHA0_c19170	ko:K00254
pprc:PFLCHA0_c19180	ko:K03812
pprc:PFLCHA0_c19190	ko:K12297
pprc:PFLCHA0_c19210	ko:K07259
pprc:PFLCHA0_c19220	ko:K09923
pprc:PFLCHA0_c19230	ko:K05782
pprc:PFLCHA0_c19270	ko:K01487
pprc:PFLCHA0_c19280	ko:K07402
pprc:PFLCHA0_c19290	ko:K13482
pprc:PFLCHA0_c19300	ko:K13481
pprc:PFLCHA0_c19320	ko:K03529
pprc:PFLCHA0_c19330	ko:K03528
pprc:PFLCHA0_c19340	ko:K01972
pprc:PFLCHA0_c19420	ko:K03776
pprc:PFLCHA0_c19440	ko:K02343
pprc:PFLCHA0_c19450	ko:K09747
pprc:PFLCHA0_c19460	ko:K23256
pprc:PFLCHA0_c19470	ko:K06187
pprc:PFLCHA0_c19480	ko:K00249
pprc:PFLCHA0_c19490	ko:K00759
pprc:PFLCHA0_c19500	ko:K01420
pprc:PFLCHA0_c19520	ko:K02495
pprc:PFLCHA0_c19530	ko:K09792
pprc:PFLCHA0_c19540	ko:K01533
pprc:PFLCHA0_c19550	ko:K09926
pprc:PFLCHA0_c19570	ko:K00406
pprc:PFLCHA0_c19580	ko:K00407
pprc:PFLCHA0_c19590	ko:K00405
pprc:PFLCHA0_c19600	ko:K00404
pprc:PFLCHA0_c19610	ko:K00406
pprc:PFLCHA0_c19620	ko:K00407
pprc:PFLCHA0_c19630	ko:K00405
pprc:PFLCHA0_c19640	ko:K00404
pprc:PFLCHA0_c19650	ko:K07020
pprc:PFLCHA0_c19660	ko:K03776
pprc:PFLCHA0_c19670	ko:K16011
pprc:PFLCHA0_c19700	ko:K02377
pprc:PFLCHA0_c19710	ko:K01711
pprc:PFLCHA0_c19730	ko:K09691
pprc:PFLCHA0_c19750	ko:K02377
pprc:PFLCHA0_c19800	ko:K20534
pprc:PFLCHA0_c19810	ko:K01784
pprc:PFLCHA0_c19820	ko:K07052
pprc:PFLCHA0_c19830	ko:K27802
pprc:PFLCHA0_c19840	ko:K06968
pprc:PFLCHA0_c19850	ko:K04085
pprc:PFLCHA0_c19860	ko:K26939
pprc:PFLCHA0_c19870	ko:K03473
pprc:PFLCHA0_c19890	ko:K06147
pprc:PFLCHA0_c19900	ko:K08309
pprc:PFLCHA0_c19910	ko:K15738
pprc:PFLCHA0_c19920	ko:K06149
pprc:PFLCHA0_c19940	ko:K01825
pprc:PFLCHA0_c19950	ko:K00632
pprc:PFLCHA0_c19970	ko:K03168
pprc:PFLCHA0_c20010	ko:K03744
pprc:PFLCHA0_c20030	ko:K13053
pprc:PFLCHA0_c20040	ko:K01356
pprc:PFLCHA0_c20060	ko:K01207
pprc:PFLCHA0_c20090	ko:K03723
pprc:PFLCHA0_c20100	ko:K00134
pprc:PFLCHA0_c20120	ko:K03734
pprc:PFLCHA0_c20130	ko:K00322
pprc:PFLCHA0_c20140	ko:K01126
pprc:PFLCHA0_c20160	ko:K09808
pprc:PFLCHA0_c20170	ko:K09810
pprc:PFLCHA0_c20180	ko:K09808
pprc:PFLCHA0_c20190	ko:K07644
pprc:PFLCHA0_c20200	ko:K07665
pprc:PFLCHA0_c20220	ko:K06879
pprc:PFLCHA0_c20250	ko:K04754
pprc:PFLCHA0_c20290	ko:K00616
pprc:PFLCHA0_c20300	ko:K05539
pprc:PFLCHA0_c20450	ko:K06905
pprc:PFLCHA0_c20460	ko:K06906
pprc:PFLCHA0_c20490	ko:K06908
pprc:PFLCHA0_c20500	ko:K06907
pprc:PFLCHA0_c20550	ko:K06903
pprc:PFLCHA0_c20800	ko:K09691
pprc:PFLCHA0_c20810	ko:K09690
pprc:PFLCHA0_c20820	ko:K01118
pprc:PFLCHA0_c20860	ko:K22479
pprc:PFLCHA0_c20870	ko:K00675
pprc:PFLCHA0_c20880	ko:K24206
pprc:PFLCHA0_c20910	ko:K14220
pprc:PFLCHA0_c20940	ko:K00832
pprc:PFLCHA0_c20950	ko:K03702
pprc:PFLCHA0_c20960	ko:K03446
pprc:PFLCHA0_c20970	ko:K03543
pprc:PFLCHA0_c20980	ko:K01885
pprc:PFLCHA0_c20990	ko:K14218
pprc:PFLCHA0_c21000	ko:K14224
pprc:PFLCHA0_c21010	ko:K14218
pprc:PFLCHA0_c21020	ko:K14224
pprc:PFLCHA0_c21050	ko:K07107
pprc:PFLCHA0_c21060	ko:K05541
pprc:PFLCHA0_c21070	ko:K04080
pprc:PFLCHA0_c21100	ko:K01703
pprc:PFLCHA0_c21110	ko:K01704
pprc:PFLCHA0_c21130	ko:K00052
pprc:PFLCHA0_c21140	ko:K00133
pprc:PFLCHA0_c21160	ko:K08086
pprc:PFLCHA0_c21180	ko:K06173
pprc:PFLCHA0_c21190	ko:K01817
pprc:PFLCHA0_c21200	ko:K01963
pprc:PFLCHA0_c21210	ko:K11754
pprc:PFLCHA0_c21220	ko:K03749
pprc:PFLCHA0_c21230	ko:K03558
pprc:PFLCHA0_c21240	ko:K00764
pprc:PFLCHA0_c21250	ko:K10764
pprc:PFLCHA0_c21270	ko:K14237
pprc:PFLCHA0_c21280	ko:K14221
pprc:PFLCHA0_c21290	ko:K14221
pprc:PFLCHA0_c21300	ko:K09471
pprc:PFLCHA0_c21310	ko:K14237
pprc:PFLCHA0_c21320	ko:K00638
pprc:PFLCHA0_c21330	ko:K02839
pprc:PFLCHA0_c21340	ko:K18148
pprc:PFLCHA0_c21380	ko:K01183
pprc:PFLCHA0_c21390	ko:K08983
pprc:PFLCHA0_c21410	ko:K03563
pprc:PFLCHA0_c21430	ko:K01150
pprc:PFLCHA0_c21450	ko:K05597
pprc:PFLCHA0_c21470	ko:K10439
pprc:PFLCHA0_c21480	ko:K10441
pprc:PFLCHA0_c21490	ko:K10440
pprc:PFLCHA0_c21500	ko:K02529
pprc:PFLCHA0_c21510	ko:K00852
pprc:PFLCHA0_c21520	ko:K06726
pprc:PFLCHA0_c21570	ko:K03704
pprc:PFLCHA0_c21590	ko:K01868
pprc:PFLCHA0_c21600	ko:K02520
pprc:PFLCHA0_c21610	ko:K02916
pprc:PFLCHA0_c21620	ko:K02887
pprc:PFLCHA0_c21630	ko:K01889
pprc:PFLCHA0_c21640	ko:K01890
pprc:PFLCHA0_c21650	ko:K04764
pprc:PFLCHA0_c21670	ko:K14232
pprc:PFLCHA0_c21760	ko:K08224
pprc:PFLCHA0_c21780	ko:K08223
pprc:PFLCHA0_c21800	ko:K00812
pprc:PFLCHA0_c21820	ko:K01679
pprc:PFLCHA0_c21830	ko:K01841
pprc:PFLCHA0_c21840	ko:K18139
pprc:PFLCHA0_c21850	ko:K20330
pprc:PFLCHA0_c21860	ko:K15658
pprc:PFLCHA0_c21870	ko:K15659
pprc:PFLCHA0_c21880	ko:K15660
pprc:PFLCHA0_c21890	ko:K13888
pprc:PFLCHA0_c21900	ko:K05685
pprc:PFLCHA0_c21950	ko:K04750
pprc:PFLCHA0_c22060	ko:K20035
pprc:PFLCHA0_c22070	ko:K20034
pprc:PFLCHA0_c22110	ko:K00074
pprc:PFLCHA0_c22140	ko:K21405
pprc:PFLCHA0_c22170	ko:K21416
pprc:PFLCHA0_c22180	ko:K21417
pprc:PFLCHA0_c22190	ko:K00627
pprc:PFLCHA0_c22200	ko:K00004
pprc:PFLCHA0_c22270	ko:K03406
pprc:PFLCHA0_c22320	ko:K11811
pprc:PFLCHA0_c22330	ko:K03741
pprc:PFLCHA0_c22340	ko:K03893
pprc:PFLCHA0_c22350	ko:K03892
pprc:PFLCHA0_c22380	ko:K01118
pprc:PFLCHA0_c22400	ko:K00375
pprc:PFLCHA0_c22460	ko:K00615
pprc:PFLCHA0_c22470	ko:K03366
pprc:PFLCHA0_c22480	ko:K09702
pprc:PFLCHA0_c22550	ko:K26064
pprc:PFLCHA0_c22560	ko:K02029
pprc:PFLCHA0_c22570	ko:K02029
pprc:PFLCHA0_c22580	ko:K02030
pprc:PFLCHA0_c22600	ko:K13609
pprc:PFLCHA0_c22640	ko:K20975
pprc:PFLCHA0_c22670	ko:K01992
pprc:PFLCHA0_c22680	ko:K01990
pprc:PFLCHA0_c22720	ko:K07675
pprc:PFLCHA0_c22730	ko:K07689
pprc:PFLCHA0_c22740	ko:K07746
pprc:PFLCHA0_c22760	ko:K19092
pprc:PFLCHA0_c22780	ko:K00114
pprc:PFLCHA0_c22790	ko:K02030
pprc:PFLCHA0_c22800	ko:K17226
pprc:PFLCHA0_c22820	ko:K00114
pprc:PFLCHA0_c22830	ko:K00138
pprc:PFLCHA0_c22840	ko:K06135
pprc:PFLCHA0_c22850	ko:K06136
pprc:PFLCHA0_c22890	ko:K02003
pprc:PFLCHA0_c22900	ko:K02004
pprc:PFLCHA0_c22960	ko:K25986
pprc:PFLCHA0_c22980	ko:K18968
pprc:PFLCHA0_c22990	ko:K02016
pprc:PFLCHA0_c23010	ko:K16092
pprc:PFLCHA0_c23030	ko:K00673
pprc:PFLCHA0_c23040	ko:K00673
pprc:PFLCHA0_c23070	ko:K01915
pprc:PFLCHA0_c23110	ko:K02228
pprc:PFLCHA0_c23120	ko:K13633
pprc:PFLCHA0_c23140	ko:K10022
pprc:PFLCHA0_c23150	ko:K06987
pprc:PFLCHA0_c23170	ko:K06999
pprc:PFLCHA0_c23180	ko:K27311
pprc:PFLCHA0_c23200	ko:K01495
pprc:PFLCHA0_c23240	ko:K03322
pprc:PFLCHA0_c23260	ko:K09936
pprc:PFLCHA0_c23270	ko:K09936
pprc:PFLCHA0_c23280	ko:K11477
pprc:PFLCHA0_c23290	ko:K11473
pprc:PFLCHA0_c23300	ko:K11472
pprc:PFLCHA0_c23310	ko:K00104
pprc:PFLCHA0_c23330	ko:K11474
pprc:PFLCHA0_c23340	ko:K21904
pprc:PFLCHA0_c23410	ko:K05517
pprc:PFLCHA0_c23430	ko:K01008
pprc:PFLCHA0_c23440	ko:K06917
pprc:PFLCHA0_c23450	ko:K07089
pprc:PFLCHA0_c23460	ko:K02624
pprc:PFLCHA0_c23470	ko:K02030
pprc:PFLCHA0_c23480	ko:K02029
pprc:PFLCHA0_c23490	ko:K02028
pprc:PFLCHA0_c23520	ko:K11209
pprc:PFLCHA0_c23550	ko:K01698
pprc:PFLCHA0_c23560	ko:K23514
pprc:PFLCHA0_c23570	ko:K07165
pprc:PFLCHA0_c23580	ko:K16088
pprc:PFLCHA0_c23670	ko:K14414
pprc:PFLCHA0_c23680	ko:K11089
pprc:PFLCHA0_c23690	ko:K14415
pprc:PFLCHA0_c23720	ko:K07074
pprc:PFLCHA0_c23730	ko:K01974
pprc:PFLCHA0_c23740	ko:K11208
pprc:PFLCHA0_c23830	ko:K01586
pprc:PFLCHA0_c23860	ko:K00626
pprc:PFLCHA0_c23870	ko:K01029
pprc:PFLCHA0_c23880	ko:K01028
pprc:PFLCHA0_c23890	ko:K17737
pprc:PFLCHA0_c23910	ko:K12243
pprc:PFLCHA0_c23920	ko:K03449
pprc:PFLCHA0_c23930	ko:K03406
pprc:PFLCHA0_c23950	ko:K07120
pprc:PFLCHA0_c23980	ko:K00301
pprc:PFLCHA0_c24020	ko:K11073
pprc:PFLCHA0_c24030	ko:K11074
pprc:PFLCHA0_c24040	ko:K11075
pprc:PFLCHA0_c24050	ko:K11076
pprc:PFLCHA0_c24060	ko:K07010
pprc:PFLCHA0_c24070	ko:K01915
pprc:PFLCHA0_c24080	ko:K12254
pprc:PFLCHA0_c24090	ko:K09471
pprc:PFLCHA0_c24210	ko:K19591
pprc:PFLCHA0_c24230	ko:K02029
pprc:PFLCHA0_c24240	ko:K02029
pprc:PFLCHA0_c24250	ko:K02030
pprc:PFLCHA0_c24280	ko:K23514
pprc:PFLCHA0_c24290	ko:K07165
pprc:PFLCHA0_c24300	ko:K16087
pprc:PFLCHA0_c24320	ko:K06967
pprc:PFLCHA0_c24340	ko:K15977
pprc:PFLCHA0_c24410	ko:K06889
pprc:PFLCHA0_c24510	ko:K16088
pprc:PFLCHA0_c24520	ko:K07165
pprc:PFLCHA0_c24600	ko:K09983
pprc:PFLCHA0_c24610	ko:K00799
pprc:PFLCHA0_c24630	ko:K00549
pprc:PFLCHA0_c24660	ko:K03406
pprc:PFLCHA0_c24720	ko:K21470
pprc:PFLCHA0_c24750	ko:K06938
pprc:PFLCHA0_c24770	ko:K05834
pprc:PFLCHA0_c24800	ko:K13979
pprc:PFLCHA0_c24830	ko:K13633
pprc:PFLCHA0_c24870	ko:K00116
pprc:PFLCHA0_c24920	ko:K15736
pprc:PFLCHA0_c24990	ko:K06969
pprc:PFLCHA0_c25010	ko:K06867
pprc:PFLCHA0_c25020	ko:K19745
pprc:PFLCHA0_c25030	ko:K26937
pprc:PFLCHA0_c25070	ko:K09017
pprc:PFLCHA0_c25110	ko:K06966
pprc:PFLCHA0_c25130	ko:K12410
pprc:PFLCHA0_c25150	ko:K01003
pprc:PFLCHA0_c25210	ko:K00821
pprc:PFLCHA0_c25230	ko:K01515
pprc:PFLCHA0_c25250	ko:K00969
pprc:PFLCHA0_c25260	ko:K08281
pprc:PFLCHA0_c25270	ko:K00763
pprc:PFLCHA0_c25280	ko:K01916
pprc:PFLCHA0_c25350	ko:K09471
pprc:PFLCHA0_c25360	ko:K01915
pprc:PFLCHA0_c25420	ko:K09932
pprc:PFLCHA0_c25450	ko:K02336
pprc:PFLCHA0_c25470	ko:K01406
pprc:PFLCHA0_c25540	ko:K08166
pprc:PFLCHA0_c25590	ko:K11747
pprc:PFLCHA0_c25620	ko:K11103
pprc:PFLCHA0_c25630	ko:K03300
pprc:PFLCHA0_c25650	ko:K03799
pprc:PFLCHA0_c25660	ko:K03744
pprc:PFLCHA0_c25690	ko:K01802
pprc:PFLCHA0_c25720	ko:K23239
pprc:PFLCHA0_c25750	ko:K03566
pprc:PFLCHA0_c25810	ko:K07679
pprc:PFLCHA0_c25910	ko:K21929
pprc:PFLCHA0_c25930	ko:K00826
pprc:PFLCHA0_c25940	ko:K00382
pprc:PFLCHA0_c25950	ko:K09699
pprc:PFLCHA0_c25960	ko:K00167
pprc:PFLCHA0_c25970	ko:K00166
pprc:PFLCHA0_c25980	ko:K03719
pprc:PFLCHA0_c25990	ko:K25135
pprc:PFLCHA0_c26000	ko:K03406
pprc:PFLCHA0_c26020	ko:K01778
pprc:PFLCHA0_c26050	ko:K07245
pprc:PFLCHA0_c26060	ko:K07156
pprc:PFLCHA0_c26070	ko:K03826
pprc:PFLCHA0_c26080	ko:K09017
pprc:PFLCHA0_c26090	ko:K17723
pprc:PFLCHA0_c26100	ko:K17722
pprc:PFLCHA0_c26110	ko:K01464
pprc:PFLCHA0_c26120	ko:K03457
pprc:PFLCHA0_c26130	ko:K06016
pprc:PFLCHA0_c26150	ko:K15553
pprc:PFLCHA0_c26160	ko:K02000
pprc:PFLCHA0_c26160	ko:K02001
pprc:PFLCHA0_c26170	ko:K02002
pprc:PFLCHA0_c26180	ko:K07304
pprc:PFLCHA0_c26200	ko:K18139
pprc:PFLCHA0_c26210	ko:K03585
pprc:PFLCHA0_c26220	ko:K18138
pprc:PFLCHA0_c26270	ko:K07090
pprc:PFLCHA0_c26280	ko:K17218
pprc:PFLCHA0_c26370	ko:K02483
pprc:PFLCHA0_c26420	ko:K10814
pprc:PFLCHA0_c26430	ko:K10815
pprc:PFLCHA0_c26440	ko:K10816
pprc:PFLCHA0_c26460	ko:K07552
pprc:PFLCHA0_c26470	ko:K00375
pprc:PFLCHA0_c26480	ko:K01507
pprc:PFLCHA0_c26510	ko:K03338
pprc:PFLCHA0_c26520	ko:K03335
pprc:PFLCHA0_c26530	ko:K03337
pprc:PFLCHA0_c26540	ko:K06606
pprc:PFLCHA0_c26550	ko:K03336
pprc:PFLCHA0_c26560	ko:K00010
pprc:PFLCHA0_c26580	ko:K17213
pprc:PFLCHA0_c26590	ko:K17215
pprc:PFLCHA0_c26600	ko:K17214
pprc:PFLCHA0_c26610	ko:K06204
pprc:PFLCHA0_c26620	ko:K03406
pprc:PFLCHA0_c26690	ko:K02002
pprc:PFLCHA0_c26700	ko:K02014
pprc:PFLCHA0_c26730	ko:K05564
pprc:PFLCHA0_c26740	ko:K05563
pprc:PFLCHA0_c26750	ko:K05562
pprc:PFLCHA0_c26760	ko:K05561
pprc:PFLCHA0_c26770	ko:K05560
pprc:PFLCHA0_c26780	ko:K05559
pprc:PFLCHA0_c26840	ko:K20938
pprc:PFLCHA0_c26850	ko:K01995
pprc:PFLCHA0_c26860	ko:K01997
pprc:PFLCHA0_c26870	ko:K01998
pprc:PFLCHA0_c26880	ko:K01999
pprc:PFLCHA0_c26890	ko:K01996
pprc:PFLCHA0_c26960	ko:K03837
pprc:PFLCHA0_c26990	ko:K01682
pprc:PFLCHA0_c27010	ko:K06938
pprc:PFLCHA0_c27020	ko:K14055
pprc:PFLCHA0_c27030	ko:K06169
pprc:PFLCHA0_c27040	ko:K18073
pprc:PFLCHA0_c27050	ko:K18072
pprc:PFLCHA0_c27090	ko:K23242
pprc:PFLCHA0_c27140	ko:K18291
pprc:PFLCHA0_c27150	ko:K00249
pprc:PFLCHA0_c27170	ko:K18289
pprc:PFLCHA0_c27180	ko:K18292
pprc:PFLCHA0_c27200	ko:K01821
pprc:PFLCHA0_c27220	ko:K02433
pprc:PFLCHA0_c27230	ko:K11073
pprc:PFLCHA0_c27250	ko:K11688
pprc:PFLCHA0_c27260	ko:K11689
pprc:PFLCHA0_c27270	ko:K11690
pprc:PFLCHA0_c27280	ko:K01247
pprc:PFLCHA0_c27290	ko:K23722
pprc:PFLCHA0_c27300	ko:K19611
pprc:PFLCHA0_c27310	ko:K19609
pprc:PFLCHA0_c27320	ko:K19610
pprc:PFLCHA0_c27400	ko:K07039
pprc:PFLCHA0_c27420	ko:K17865
pprc:PFLCHA0_c27460	ko:K09965
pprc:PFLCHA0_c27470	ko:K05834
pprc:PFLCHA0_c27490	ko:K16514
pprc:PFLCHA0_c27530	ko:K03782
pprc:PFLCHA0_c27560	ko:K21831
pprc:PFLCHA0_c27650	ko:K02055
pprc:PFLCHA0_c27680	ko:K02483
pprc:PFLCHA0_c27690	ko:K02030
pprc:PFLCHA0_c27710	ko:K02205
pprc:PFLCHA0_c27720	ko:K15866
pprc:PFLCHA0_c27730	ko:K00249
pprc:PFLCHA0_c27750	ko:K12253
pprc:PFLCHA0_c27760	ko:K12252
pprc:PFLCHA0_c27770	ko:K00355
pprc:PFLCHA0_c27780	ko:K00032
pprc:PFLCHA0_c27800	ko:K11441
pprc:PFLCHA0_c27820	ko:K02525
pprc:PFLCHA0_c27840	ko:K02002
pprc:PFLCHA0_c27890	ko:K00799
pprc:PFLCHA0_c27900	ko:K03546
pprc:PFLCHA0_c27910	ko:K03547
pprc:PFLCHA0_c27930	ko:K07114
pprc:PFLCHA0_c27940	ko:K07114
pprc:PFLCHA0_c27970	ko:K03924
pprc:PFLCHA0_c27990	ko:K15371
pprc:PFLCHA0_c28050	ko:K07165
pprc:PFLCHA0_c28060	ko:K02459
pprc:PFLCHA0_c28070	ko:K02457
pprc:PFLCHA0_c28080	ko:K02452
pprc:PFLCHA0_c28090	ko:K02458
pprc:PFLCHA0_c28100	ko:K02456
pprc:PFLCHA0_c28110	ko:K02460
pprc:PFLCHA0_c28120	ko:K02461
pprc:PFLCHA0_c28130	ko:K02462
pprc:PFLCHA0_c28140	ko:K02453
pprc:PFLCHA0_c28150	ko:K02454
pprc:PFLCHA0_c28160	ko:K02455
pprc:PFLCHA0_c28180	ko:K02040
pprc:PFLCHA0_c28200	ko:K15256
pprc:PFLCHA0_c28230	ko:K14223
pprc:PFLCHA0_c28250	ko:K00803
pprc:PFLCHA0_c28260	ko:K00111
pprc:PFLCHA0_c28300	ko:K02014
pprc:PFLCHA0_c28350	ko:K01426
pprc:PFLCHA0_c28410	ko:K09136
pprc:PFLCHA0_c28420	ko:K14257
pprc:PFLCHA0_c28430	ko:K22711
pprc:PFLCHA0_c28450	ko:K22712
pprc:PFLCHA0_c28460	ko:K22714
pprc:PFLCHA0_c28470	ko:K22714
pprc:PFLCHA0_c28480	ko:K14257
pprc:PFLCHA0_c28490	ko:K21782
pprc:PFLCHA0_c28500	ko:K21780
pprc:PFLCHA0_c28510	ko:K22713
pprc:PFLCHA0_c28530	ko:K25190
pprc:PFLCHA0_c28540	ko:K25189
pprc:PFLCHA0_c28550	ko:K25188
pprc:PFLCHA0_c28560	ko:K25187
pprc:PFLCHA0_c28570	ko:K25184
pprc:PFLCHA0_c28620	ko:K07124
pprc:PFLCHA0_c28630	ko:K10680
pprc:PFLCHA0_c28640	ko:K16137
pprc:PFLCHA0_c28670	ko:K11073
pprc:PFLCHA0_c28680	ko:K11904
pprc:PFLCHA0_c28760	ko:K03561
pprc:PFLCHA0_c28770	ko:K03559
pprc:PFLCHA0_c28780	ko:K03832
pprc:PFLCHA0_c28860	ko:K03825
pprc:PFLCHA0_c28870	ko:K25316
pprc:PFLCHA0_c28880	ko:K07506
pprc:PFLCHA0_c28910	ko:K00404
pprc:PFLCHA0_c28920	ko:K00381
pprc:PFLCHA0_c29010	ko:K11065
pprc:PFLCHA0_c29020	ko:K07799
pprc:PFLCHA0_c29030	ko:K07788
pprc:PFLCHA0_c29040	ko:K07789
pprc:PFLCHA0_c29050	ko:K18139
pprc:PFLCHA0_c29060	ko:K21023
pprc:PFLCHA0_c29160	ko:K07507
pprc:PFLCHA0_c29180	ko:K16147
pprc:PFLCHA0_c29190	ko:K05343
pprc:PFLCHA0_c29200	ko:K00700
pprc:PFLCHA0_c29280	ko:K01214
pprc:PFLCHA0_c29300	ko:K06044
pprc:PFLCHA0_c29310	ko:K00705
pprc:PFLCHA0_c29320	ko:K01236
pprc:PFLCHA0_c29330	ko:K00703
pprc:PFLCHA0_c29380	ko:K07233
pprc:PFLCHA0_c29410	ko:K03406
pprc:PFLCHA0_c29440	ko:K18900
pprc:PFLCHA0_c29480	ko:K07116
pprc:PFLCHA0_c29510	ko:K13609
pprc:PFLCHA0_c29550	ko:K01501
pprc:PFLCHA0_c29580	ko:K00130
pprc:PFLCHA0_c29600	ko:K28029
pprc:PFLCHA0_c29640	ko:K04091
pprc:PFLCHA0_c29660	ko:K02035
pprc:PFLCHA0_c29670	ko:K04091
pprc:PFLCHA0_c29690	ko:K15553
pprc:PFLCHA0_c29710	ko:K11917
pprc:PFLCHA0_c29730	ko:K00020
pprc:PFLCHA0_c29760	ko:K07044
pprc:PFLCHA0_c29810	ko:K00496
pprc:PFLCHA0_c29840	ko:K06076
pprc:PFLCHA0_c29850	ko:K06445
pprc:PFLCHA0_c29860	ko:K00059
pprc:PFLCHA0_c29880	ko:K00626
pprc:PFLCHA0_c29890	ko:K01897
pprc:PFLCHA0_c29900	ko:K02005
pprc:PFLCHA0_c29910	ko:K12340
pprc:PFLCHA0_c29920	ko:K02004
pprc:PFLCHA0_c29930	ko:K02003
pprc:PFLCHA0_c29950	ko:K27108
pprc:PFLCHA0_c29960	ko:K09471
pprc:PFLCHA0_c29970	ko:K11073
pprc:PFLCHA0_c29980	ko:K01915
pprc:PFLCHA0_c30000	ko:K07679
pprc:PFLCHA0_c30010	ko:K07690
pprc:PFLCHA0_c30030	ko:K07687
pprc:PFLCHA0_c30040	ko:K12943
pprc:PFLCHA0_c30070	ko:K24847
pprc:PFLCHA0_c30130	ko:K02014
pprc:PFLCHA0_c30140	ko:K01784
pprc:PFLCHA0_c30150	ko:K21006
pprc:PFLCHA0_c30160	ko:K21007
pprc:PFLCHA0_c30170	ko:K21008
pprc:PFLCHA0_c30180	ko:K21009
pprc:PFLCHA0_c30190	ko:K21010
pprc:PFLCHA0_c30200	ko:K21011
pprc:PFLCHA0_c30210	ko:K21012
pprc:PFLCHA0_c30220	ko:K02030
pprc:PFLCHA0_c30230	ko:K12530
pprc:PFLCHA0_c30240	ko:K12532
pprc:PFLCHA0_c30250	ko:K12531
pprc:PFLCHA0_c30260	ko:K19615
pprc:PFLCHA0_c30270	ko:K12340
pprc:PFLCHA0_c30280	ko:K19616
pprc:PFLCHA0_c30290	ko:K19618
pprc:PFLCHA0_c30300	ko:K19617
pprc:PFLCHA0_c30330	ko:K00647
pprc:PFLCHA0_c30360	ko:K11904
pprc:PFLCHA0_c30470	ko:K05835
pprc:PFLCHA0_c30490	ko:K07152
pprc:PFLCHA0_c30500	ko:K09796
pprc:PFLCHA0_c30550	ko:K01897
pprc:PFLCHA0_c30650	ko:K02012
pprc:PFLCHA0_c30660	ko:K02011
pprc:PFLCHA0_c30670	ko:K02010
pprc:PFLCHA0_c30710	ko:K07806
pprc:PFLCHA0_c30720	ko:K10012
pprc:PFLCHA0_c30730	ko:K10011
pprc:PFLCHA0_c30740	ko:K13014
pprc:PFLCHA0_c30750	ko:K07264
pprc:PFLCHA0_c30760	ko:K12962
pprc:PFLCHA0_c30770	ko:K12963
pprc:PFLCHA0_c30780	ko:K00012
pprc:PFLCHA0_c30810	ko:K07168
pprc:PFLCHA0_c30820	ko:K23773
pprc:PFLCHA0_c30830	ko:K00673
pprc:PFLCHA0_c30850	ko:K03719
pprc:PFLCHA0_c30860	ko:K10017
pprc:PFLCHA0_c30870	ko:K10015
pprc:PFLCHA0_c30880	ko:K10016
pprc:PFLCHA0_c30890	ko:K10014
pprc:PFLCHA0_c30920	ko:K01692
pprc:PFLCHA0_c30930	ko:K00248
pprc:PFLCHA0_c30940	ko:K00626
pprc:PFLCHA0_c30960	ko:K01895
pprc:PFLCHA0_c30980	ko:K16090
pprc:PFLCHA0_c31000	ko:K10227
pprc:PFLCHA0_c31010	ko:K10228
pprc:PFLCHA0_c31020	ko:K10229
pprc:PFLCHA0_c31030	ko:K10111
pprc:PFLCHA0_c31040	ko:K00045
pprc:PFLCHA0_c31050	ko:K00854
pprc:PFLCHA0_c31060	ko:K00847
pprc:PFLCHA0_c31090	ko:K00012
pprc:PFLCHA0_c31100	ko:K08679
pprc:PFLCHA0_c31130	ko:K01991
pprc:PFLCHA0_c31270	ko:K08276
pprc:PFLCHA0_c31290	ko:K01754
pprc:PFLCHA0_c31310	ko:K01265
pprc:PFLCHA0_c31340	ko:K21430
pprc:PFLCHA0_c31360	ko:K12979
pprc:PFLCHA0_c31370	ko:K02170
pprc:PFLCHA0_c31410	ko:K01118
pprc:PFLCHA0_c31450	ko:K06153
pprc:PFLCHA0_c31460	ko:K03406
pprc:PFLCHA0_c31470	ko:K03811
pprc:PFLCHA0_c31520	ko:K06992
pprc:PFLCHA0_c31570	ko:K01114
pprc:PFLCHA0_c31590	ko:K02616
pprc:PFLCHA0_c31600	ko:K02617
pprc:PFLCHA0_c31610	ko:K15866
pprc:PFLCHA0_c31620	ko:K02614
pprc:PFLCHA0_c31630	ko:K01912
pprc:PFLCHA0_c31640	ko:K02609
pprc:PFLCHA0_c31650	ko:K02610
pprc:PFLCHA0_c31660	ko:K02611
pprc:PFLCHA0_c31670	ko:K02612
pprc:PFLCHA0_c31680	ko:K02613
pprc:PFLCHA0_c31690	ko:K14393
pprc:PFLCHA0_c31700	ko:K02618
pprc:PFLCHA0_c31710	ko:K03314
pprc:PFLCHA0_c31730	ko:K00036
pprc:PFLCHA0_c31740	ko:K00033
pprc:PFLCHA0_c31760	ko:K19353
pprc:PFLCHA0_c31780	ko:K07665
pprc:PFLCHA0_c31790	ko:K07644
pprc:PFLCHA0_c31800	ko:K07240
pprc:PFLCHA0_c31820	ko:K06916
pprc:PFLCHA0_c31850	ko:K02014
pprc:PFLCHA0_c31860	ko:K07165
pprc:PFLCHA0_c31880	ko:K16345
pprc:PFLCHA0_c31900	ko:K01425
pprc:PFLCHA0_c31910	ko:K02031
pprc:PFLCHA0_c31910	ko:K02032
pprc:PFLCHA0_c31920	ko:K02034
pprc:PFLCHA0_c31930	ko:K02033
pprc:PFLCHA0_c31940	ko:K02035
pprc:PFLCHA0_c31950	ko:K04091
pprc:PFLCHA0_c32000	ko:K06147
pprc:PFLCHA0_c32010	ko:K06147
pprc:PFLCHA0_c32020	ko:K04091
pprc:PFLCHA0_c32060	ko:K02014
pprc:PFLCHA0_c32070	ko:K02014
pprc:PFLCHA0_c32080	ko:K15554
pprc:PFLCHA0_c32090	ko:K15554
pprc:PFLCHA0_c32100	ko:K15555
pprc:PFLCHA0_c32110	ko:K02050
pprc:PFLCHA0_c32120	ko:K02051
pprc:PFLCHA0_c32130	ko:K02049
pprc:PFLCHA0_c32170	ko:K02072
pprc:PFLCHA0_c32180	ko:K02071
pprc:PFLCHA0_c32190	ko:K02073
pprc:PFLCHA0_c32230	ko:K07677
pprc:PFLCHA0_c32250	ko:K07677
pprc:PFLCHA0_c32260	ko:K07687
pprc:PFLCHA0_c32280	ko:K10844
pprc:PFLCHA0_c32330	ko:K12685
pprc:PFLCHA0_c32340	ko:K12685
pprc:PFLCHA0_c32360	ko:K12538
pprc:PFLCHA0_c32370	ko:K12537
pprc:PFLCHA0_c32380	ko:K12536
pprc:PFLCHA0_c32400	ko:K01406
pprc:PFLCHA0_c32440	ko:K14063
pprc:PFLCHA0_c32470	ko:K00146
pprc:PFLCHA0_c32480	ko:K12256
pprc:PFLCHA0_c32520	ko:K01845
pprc:PFLCHA0_c32530	ko:K00059
pprc:PFLCHA0_c32540	ko:K11073
pprc:PFLCHA0_c32550	ko:K06995
pprc:PFLCHA0_c32600	ko:K06911
pprc:PFLCHA0_c32610	ko:K01835
pprc:PFLCHA0_c32630	ko:K18297
pprc:PFLCHA0_c32650	ko:K08348
pprc:PFLCHA0_c32660	ko:K00124
pprc:PFLCHA0_c32670	ko:K00127
pprc:PFLCHA0_c32680	ko:K02380
pprc:PFLCHA0_c32690	ko:K18298
pprc:PFLCHA0_c32700	ko:K18299
pprc:PFLCHA0_c32710	ko:K18300
pprc:PFLCHA0_c32720	ko:K08994
pprc:PFLCHA0_c32740	ko:K08482
pprc:PFLCHA0_c32760	ko:K13589
pprc:PFLCHA0_c32780	ko:K00575
pprc:PFLCHA0_c32830	ko:K07243
pprc:PFLCHA0_c32850	ko:K16301
pprc:PFLCHA0_c32860	ko:K07224
pprc:PFLCHA0_c32870	ko:K08151
pprc:PFLCHA0_c32880	ko:K00998
pprc:PFLCHA0_c32900	ko:K09958
pprc:PFLCHA0_c32910	ko:K17228
pprc:PFLCHA0_c32940	ko:K07090
pprc:PFLCHA0_c32950	ko:K03426
pprc:PFLCHA0_c32980	ko:K02484
pprc:PFLCHA0_c32990	ko:K02483
pprc:PFLCHA0_c33000	ko:K03585
pprc:PFLCHA0_c33010	ko:K18138
pprc:PFLCHA0_c33060	ko:K07404
pprc:PFLCHA0_c33080	ko:K07003
pprc:PFLCHA0_c33100	ko:K03321
pprc:PFLCHA0_c33110	ko:K01256
pprc:PFLCHA0_c33130	ko:K02441
pprc:PFLCHA0_c33150	ko:K00858
pprc:PFLCHA0_c33160	ko:K09977
pprc:PFLCHA0_c33170	ko:K03893
pprc:PFLCHA0_c33180	ko:K19784
pprc:PFLCHA0_c33220	ko:K01584
pprc:PFLCHA0_c33240	ko:K02342
pprc:PFLCHA0_c33270	ko:K03469
pprc:PFLCHA0_c33290	ko:K01069
pprc:PFLCHA0_c33300	ko:K08307
pprc:PFLCHA0_c33310	ko:K13893
pprc:PFLCHA0_c33320	ko:K13893
pprc:PFLCHA0_c33330	ko:K13894
pprc:PFLCHA0_c33340	ko:K13895
pprc:PFLCHA0_c33350	ko:K13896
pprc:PFLCHA0_c33360	ko:K00208
pprc:PFLCHA0_c33390	ko:K07234
pprc:PFLCHA0_c33410	ko:K02761
pprc:PFLCHA0_c33420	ko:K23514
pprc:PFLCHA0_c33430	ko:K07165
pprc:PFLCHA0_c33440	ko:K16088
pprc:PFLCHA0_c33480	ko:K03776
pprc:PFLCHA0_c33500	ko:K01714
pprc:PFLCHA0_c33510	ko:K01166
pprc:PFLCHA0_c33520	ko:K05834
pprc:PFLCHA0_c33550	ko:K00428
pprc:PFLCHA0_c33570	ko:K02482
pprc:PFLCHA0_c33620	ko:K26606
pprc:PFLCHA0_c33630	ko:K26605
pprc:PFLCHA0_c33640	ko:K00209
pprc:PFLCHA0_c33660	ko:K02030
pprc:PFLCHA0_c33710	ko:K00641
pprc:PFLCHA0_c33730	ko:K22131
pprc:PFLCHA0_c33740	ko:K03299
pprc:PFLCHA0_c33750	ko:K22130
pprc:PFLCHA0_c33760	ko:K21948
pprc:PFLCHA0_c33770	ko:K08319
pprc:PFLCHA0_c33800	ko:K01531
pprc:PFLCHA0_c33820	ko:K03324
pprc:PFLCHA0_c33840	ko:K12252
pprc:PFLCHA0_c33850	ko:K03406
pprc:PFLCHA0_c33860	ko:K00483
pprc:PFLCHA0_c33870	ko:K00484
pprc:PFLCHA0_c33930	ko:K05913
pprc:PFLCHA0_c33950	ko:K00004
pprc:PFLCHA0_c33960	ko:K07267
pprc:PFLCHA0_c33990	ko:K02508
pprc:PFLCHA0_c34000	ko:K05921
pprc:PFLCHA0_c34010	ko:K05921
pprc:PFLCHA0_c34020	ko:K00151
pprc:PFLCHA0_c34030	ko:K00455
pprc:PFLCHA0_c34040	ko:K01826
pprc:PFLCHA0_c34060	ko:K02509
pprc:PFLCHA0_c34070	ko:K02510
pprc:PFLCHA0_c34080	ko:K00865
pprc:PFLCHA0_c34090	ko:K02647
pprc:PFLCHA0_c34150	ko:K05786
pprc:PFLCHA0_c34170	ko:K00457
pprc:PFLCHA0_c34200	ko:K26148
pprc:PFLCHA0_c34230	ko:K01759
pprc:PFLCHA0_c34240	ko:K03387
pprc:PFLCHA0_c34250	ko:K24119
pprc:PFLCHA0_c34280	ko:K00383
pprc:PFLCHA0_c34290	ko:K00963
pprc:PFLCHA0_c34330	ko:K19713
pprc:PFLCHA0_c34380	ko:K09990
pprc:PFLCHA0_c34390	ko:K03919
pprc:PFLCHA0_c34400	ko:K10778
pprc:PFLCHA0_c34420	ko:K00459
pprc:PFLCHA0_c34430	ko:K02020
pprc:PFLCHA0_c34440	ko:K02018
pprc:PFLCHA0_c34450	ko:K02017
pprc:PFLCHA0_c34460	ko:K03168
pprc:PFLCHA0_c34590	ko:K14228
pprc:PFLCHA0_c34630	ko:K00355
pprc:PFLCHA0_c34680	ko:K09458
pprc:PFLCHA0_c34740	ko:K01754
pprc:PFLCHA0_c34880	ko:K06140
pprc:PFLCHA0_c34900	ko:K01501
pprc:PFLCHA0_c34910	ko:K03457
pprc:PFLCHA0_c34920	ko:K21699
pprc:PFLCHA0_c34960	ko:K14222
pprc:PFLCHA0_c34970	ko:K11073
pprc:PFLCHA0_c35000	ko:K02055
pprc:PFLCHA0_c35020	ko:K13936
pprc:PFLCHA0_c35040	ko:K14155
pprc:PFLCHA0_c35050	ko:K03862
pprc:PFLCHA0_c35060	ko:K03863
pprc:PFLCHA0_c35070	ko:K11475
pprc:PFLCHA0_c35090	ko:K00128
pprc:PFLCHA0_c35100	ko:K00077
pprc:PFLCHA0_c35110	ko:K08195
pprc:PFLCHA0_c35120	ko:K01576
pprc:PFLCHA0_c35140	ko:K26744
pprc:PFLCHA0_c35160	ko:K00626
pprc:PFLCHA0_c35170	ko:K12508
pprc:PFLCHA0_c35180	ko:K21802
pprc:PFLCHA0_c35190	ko:K18383
pprc:PFLCHA0_c35220	ko:K05819
pprc:PFLCHA0_c35260	ko:K07165
pprc:PFLCHA0_c35270	ko:K16088
pprc:PFLCHA0_c35280	ko:K06889
pprc:PFLCHA0_c35300	ko:K01851
pprc:PFLCHA0_c35310	ko:K12242
pprc:PFLCHA0_c35330	ko:K12240
pprc:PFLCHA0_c35340	ko:K12239
pprc:PFLCHA0_c35350	ko:K14699
pprc:PFLCHA0_c35360	ko:K14698
pprc:PFLCHA0_c35370	ko:K12238
pprc:PFLCHA0_c35380	ko:K12243
pprc:PFLCHA0_c35390	ko:K02014
pprc:PFLCHA0_c35410	ko:K02016
pprc:PFLCHA0_c35420	ko:K02015
pprc:PFLCHA0_c35430	ko:K02013
pprc:PFLCHA0_c35440	ko:K08151
pprc:PFLCHA0_c35450	ko:K08159
pprc:PFLCHA0_c35520	ko:K00549
pprc:PFLCHA0_c35530	ko:K16048
pprc:PFLCHA0_c35540	ko:K03719
pprc:PFLCHA0_c35550	ko:K01761
pprc:PFLCHA0_c35560	ko:K01999
pprc:PFLCHA0_c35620	ko:K12256
pprc:PFLCHA0_c35640	ko:K09472
pprc:PFLCHA0_c35660	ko:K01438
pprc:PFLCHA0_c35690	ko:K07222
pprc:PFLCHA0_c35700	ko:K00666
pprc:PFLCHA0_c35770	ko:K02433
pprc:PFLCHA0_c35790	ko:K13747
pprc:PFLCHA0_c35890	ko:K02030
pprc:PFLCHA0_c35900	ko:K02029
pprc:PFLCHA0_c35910	ko:K02029
pprc:PFLCHA0_c35920	ko:K02028
pprc:PFLCHA0_c35950	ko:K22551
pprc:PFLCHA0_c36000	ko:K26063
pprc:PFLCHA0_c36020	ko:K14225
pprc:PFLCHA0_c36030	ko:K00995
pprc:PFLCHA0_c36040	ko:K03703
pprc:PFLCHA0_c36050	ko:K07689
pprc:PFLCHA0_c36100	ko:K01626
pprc:PFLCHA0_c36110	ko:K03769
pprc:PFLCHA0_c36120	ko:K13893
pprc:PFLCHA0_c36130	ko:K13894
pprc:PFLCHA0_c36140	ko:K13895
pprc:PFLCHA0_c36150	ko:K13896
pprc:PFLCHA0_c36180	ko:K00019
pprc:PFLCHA0_c36190	ko:K01907
pprc:PFLCHA0_c36220	ko:K03769
pprc:PFLCHA0_c36230	ko:K00874
pprc:PFLCHA0_c36330	ko:K11073
pprc:PFLCHA0_c36350	ko:K03566
pprc:PFLCHA0_c36360	ko:K01791
pprc:PFLCHA0_c36370	ko:K21019
pprc:PFLCHA0_c36410	ko:K11477
pprc:PFLCHA0_c36440	ko:K00156
pprc:PFLCHA0_c36450	ko:K14266
pprc:PFLCHA0_c36460	ko:K19981
pprc:PFLCHA0_c36470	ko:K14257
pprc:PFLCHA0_c36480	ko:K19982
pprc:PFLCHA0_c36490	ko:K26731
pprc:PFLCHA0_c36520	ko:K07165
pprc:PFLCHA0_c36540	ko:K00428
pprc:PFLCHA0_c36550	ko:K02806
pprc:PFLCHA0_c36570	ko:K03585
pprc:PFLCHA0_c36580	ko:K18138
pprc:PFLCHA0_c36590	ko:K02019
pprc:PFLCHA0_c36610	ko:K02014
pprc:PFLCHA0_c36630	ko:K23188
pprc:PFLCHA0_c36640	ko:K23185
pprc:PFLCHA0_c36650	ko:K23186
pprc:PFLCHA0_c36660	ko:K23187
pprc:PFLCHA0_c36680	ko:K07782
pprc:PFLCHA0_c36760	ko:K07677
pprc:PFLCHA0_c36780	ko:K07677
pprc:PFLCHA0_c36790	ko:K07687
pprc:PFLCHA0_c36820	ko:K01750
pprc:PFLCHA0_c36830	ko:K11737
pprc:PFLCHA0_c36850	ko:K00626
pprc:PFLCHA0_c36880	ko:K00059
pprc:PFLCHA0_c36890	ko:K00128
pprc:PFLCHA0_c36900	ko:K07246
pprc:PFLCHA0_c36930	ko:K13580
pprc:PFLCHA0_c36940	ko:K03405
pprc:PFLCHA0_c36950	ko:K02230
pprc:PFLCHA0_c36960	ko:K02234
pprc:PFLCHA0_c37000	ko:K02189
pprc:PFLCHA0_c37010	ko:K05936
pprc:PFLCHA0_c37020	ko:K07400
pprc:PFLCHA0_c37040	ko:K00548
pprc:PFLCHA0_c37080	ko:K00381
pprc:PFLCHA0_c37100	ko:K04774
pprc:PFLCHA0_c37130	ko:K19640
pprc:PFLCHA0_c37180	ko:K01999
pprc:PFLCHA0_c37190	ko:K01997
pprc:PFLCHA0_c37200	ko:K01998
pprc:PFLCHA0_c37210	ko:K01995
pprc:PFLCHA0_c37220	ko:K01996
pprc:PFLCHA0_c37230	ko:K06016
pprc:PFLCHA0_c37240	ko:K02433
pprc:PFLCHA0_c37250	ko:K01426
pprc:PFLCHA0_c37330	ko:K15125
pprc:PFLCHA0_c37360	ko:K09794
pprc:PFLCHA0_c37370	ko:K03701
pprc:PFLCHA0_c37430	ko:K14162
pprc:PFLCHA0_c37440	ko:K14161
pprc:PFLCHA0_c37450	ko:K01356
pprc:PFLCHA0_c37500	ko:K07223
pprc:PFLCHA0_c37560	ko:K03832
pprc:PFLCHA0_c37570	ko:K03560
pprc:PFLCHA0_c37580	ko:K03562
pprc:PFLCHA0_c37590	ko:K01083
pprc:PFLCHA0_c37630	ko:K00131
pprc:PFLCHA0_c37650	ko:K03750
pprc:PFLCHA0_c37660	ko:K03638
pprc:PFLCHA0_c37670	ko:K03752
pprc:PFLCHA0_c37690	ko:K02379
pprc:PFLCHA0_c37700	ko:K03635
pprc:PFLCHA0_c37710	ko:K03636
pprc:PFLCHA0_c37720	ko:K03637
pprc:PFLCHA0_c37730	ko:K08994
pprc:PFLCHA0_c37740	ko:K03639
pprc:PFLCHA0_c37760	ko:K00425
pprc:PFLCHA0_c37770	ko:K00426
pprc:PFLCHA0_c37800	ko:K07223
pprc:PFLCHA0_c37830	ko:K03719
pprc:PFLCHA0_c37840	ko:K19416
pprc:PFLCHA0_c37850	ko:K14233
pprc:PFLCHA0_c37870	ko:K03791
pprc:PFLCHA0_c37890	ko:K26977
pprc:PFLCHA0_c37900	ko:K26976
pprc:PFLCHA0_c37910	ko:K26975
pprc:PFLCHA0_c37920	ko:K26974
pprc:PFLCHA0_c37940	ko:K26973
pprc:PFLCHA0_c38270	ko:K03497
pprc:PFLCHA0_c38370	ko:K00558
pprc:PFLCHA0_c38460	ko:K03791
pprc:PFLCHA0_c38550	ko:K06950
pprc:PFLCHA0_c38570	ko:K14977
pprc:PFLCHA0_c38600	ko:K02919
pprc:PFLCHA0_c38610	ko:K06872
pprc:PFLCHA0_c38630	ko:K00003
pprc:PFLCHA0_c38650	ko:K01733
pprc:PFLCHA0_c38660	ko:K03566
pprc:PFLCHA0_c38670	ko:K16235
pprc:PFLCHA0_c38680	ko:K01739
pprc:PFLCHA0_c38810	ko:K14347
pprc:PFLCHA0_c38840	ko:K07052
pprc:PFLCHA0_c38890	ko:K08324
pprc:PFLCHA0_c38910	ko:K02014
pprc:PFLCHA0_c38920	ko:K07726
pprc:PFLCHA0_c38990	ko:K16904
pprc:PFLCHA0_c39000	ko:K09384
pprc:PFLCHA0_c39020	ko:K07451
pprc:PFLCHA0_c39100	ko:K07666
pprc:PFLCHA0_c39110	ko:K07645
pprc:PFLCHA0_c39130	ko:K05783
pprc:PFLCHA0_c39140	ko:K05784
pprc:PFLCHA0_c39150	ko:K05550
pprc:PFLCHA0_c39160	ko:K05549
pprc:PFLCHA0_c39180	ko:K03381
pprc:PFLCHA0_c39190	ko:K03464
pprc:PFLCHA0_c39200	ko:K01856
pprc:PFLCHA0_c39210	ko:K21757
pprc:PFLCHA0_c39270	ko:K07235
pprc:PFLCHA0_c39280	ko:K07236
pprc:PFLCHA0_c39290	ko:K07237
pprc:PFLCHA0_c39300	ko:K11179
pprc:PFLCHA0_c39320	ko:K07393
pprc:PFLCHA0_c39330	ko:K02302
pprc:PFLCHA0_c39340	ko:K01875
pprc:PFLCHA0_c39350	ko:K06199
pprc:PFLCHA0_c39360	ko:K07478
pprc:PFLCHA0_c39370	ko:K03634
pprc:PFLCHA0_c39380	ko:K03466
pprc:PFLCHA0_c39400	ko:K00684
pprc:PFLCHA0_c39410	ko:K21420
pprc:PFLCHA0_c39420	ko:K02518
pprc:PFLCHA0_c39430	ko:K03694
pprc:PFLCHA0_c39440	ko:K06891
pprc:PFLCHA0_c39450	ko:K03704
pprc:PFLCHA0_c39460	ko:K00031
pprc:PFLCHA0_c39470	ko:K00031
pprc:PFLCHA0_c39490	ko:K00566
pprc:PFLCHA0_c39500	ko:K07153
pprc:PFLCHA0_c39510	ko:K01756
pprc:PFLCHA0_c39520	ko:K18850
pprc:PFLCHA0_c39550	ko:K01637
pprc:PFLCHA0_c39560	ko:K00330
pprc:PFLCHA0_c39570	ko:K00331
pprc:PFLCHA0_c39580	ko:K13378
pprc:PFLCHA0_c39590	ko:K00334
pprc:PFLCHA0_c39600	ko:K00335
pprc:PFLCHA0_c39610	ko:K00336
pprc:PFLCHA0_c39620	ko:K00337
pprc:PFLCHA0_c39630	ko:K00338
pprc:PFLCHA0_c39640	ko:K00339
pprc:PFLCHA0_c39650	ko:K00340
pprc:PFLCHA0_c39660	ko:K00341
pprc:PFLCHA0_c39670	ko:K00342
pprc:PFLCHA0_c39680	ko:K00343
pprc:PFLCHA0_c39700	ko:K07726
pprc:PFLCHA0_c39710	ko:K01883
pprc:PFLCHA0_c39720	ko:K01886
pprc:PFLCHA0_c39730	ko:K03768
pprc:PFLCHA0_c39740	ko:K03269
pprc:PFLCHA0_c39750	ko:K03446
pprc:PFLCHA0_c39760	ko:K03543
pprc:PFLCHA0_c39770	ko:K18139
pprc:PFLCHA0_c39790	ko:K07677
pprc:PFLCHA0_c39810	ko:K07345
pprc:PFLCHA0_c39820	ko:K15540
pprc:PFLCHA0_c39830	ko:K07347
pprc:PFLCHA0_c39840	ko:K09800
pprc:PFLCHA0_c39850	ko:K07278
pprc:PFLCHA0_c39870	ko:K01142
pprc:PFLCHA0_c39880	ko:K09946
pprc:PFLCHA0_c39890	ko:K02040
pprc:PFLCHA0_c39900	ko:K00249
pprc:PFLCHA0_c39930	ko:K01640
pprc:PFLCHA0_c39940	ko:K00666
pprc:PFLCHA0_c39950	ko:K00253
pprc:PFLCHA0_c39960	ko:K01969
pprc:PFLCHA0_c39970	ko:K13766
pprc:PFLCHA0_c39980	ko:K01968
pprc:PFLCHA0_c40050	ko:K03781
pprc:PFLCHA0_c40080	ko:K27078
pprc:PFLCHA0_c40090	ko:K07347
pprc:PFLCHA0_c40100	ko:K07346
pprc:PFLCHA0_c40110	ko:K27078
pprc:PFLCHA0_c40120	ko:K27078
pprc:PFLCHA0_c40130	ko:K27078
pprc:PFLCHA0_c40140	ko:K27078
pprc:PFLCHA0_c40150	ko:K06916
pprc:PFLCHA0_c40240	ko:K03430
pprc:PFLCHA0_c40250	ko:K05306
pprc:PFLCHA0_c40260	ko:K12262
pprc:PFLCHA0_c40280	ko:K00219
pprc:PFLCHA0_c40360	ko:K00163
pprc:PFLCHA0_c40420	ko:K03770
pprc:PFLCHA0_c40430	ko:K03530
pprc:PFLCHA0_c40440	ko:K01338
pprc:PFLCHA0_c40450	ko:K03544
pprc:PFLCHA0_c40460	ko:K01358
pprc:PFLCHA0_c40470	ko:K03545
pprc:PFLCHA0_c40480	ko:K14226
pprc:PFLCHA0_c40490	ko:K14219
pprc:PFLCHA0_c40500	ko:K01491
pprc:PFLCHA0_c40510	ko:K07262
pprc:PFLCHA0_c40560	ko:K03717
pprc:PFLCHA0_c40580	ko:K07862
pprc:PFLCHA0_c40590	ko:K09983
pprc:PFLCHA0_c40620	ko:K09915
pprc:PFLCHA0_c40630	ko:K00014
pprc:PFLCHA0_c40680	ko:K08303
pprc:PFLCHA0_c40690	ko:K03406
pprc:PFLCHA0_c40700	ko:K07084
pprc:PFLCHA0_c40710	ko:K03406
pprc:PFLCHA0_c40730	ko:K02483
pprc:PFLCHA0_c40780	ko:K01737
pprc:PFLCHA0_c40820	ko:K08641
pprc:PFLCHA0_c40830	ko:K02035
pprc:PFLCHA0_c40840	ko:K02033
pprc:PFLCHA0_c40850	ko:K02034
pprc:PFLCHA0_c40860	ko:K02031
pprc:PFLCHA0_c40870	ko:K02032
pprc:PFLCHA0_c40900	ko:K07729
pprc:PFLCHA0_c40910	ko:K10974
pprc:PFLCHA0_c40920	ko:K01485
pprc:PFLCHA0_c40940	ko:K01778
pprc:PFLCHA0_c40950	ko:K03719
pprc:PFLCHA0_c40970	ko:K16091
pprc:PFLCHA0_c40980	ko:K07165
pprc:PFLCHA0_c41120	ko:K17850
pprc:PFLCHA0_c41130	ko:K01467
pprc:PFLCHA0_c41140	ko:K01004
pprc:PFLCHA0_c41160	ko:K05834
pprc:PFLCHA0_c41170	ko:K07090
pprc:PFLCHA0_c41220	ko:K02014
pprc:PFLCHA0_c41240	ko:K13688
pprc:PFLCHA0_c41270	ko:K28615
pprc:PFLCHA0_c41320	ko:K06911
pprc:PFLCHA0_c41340	ko:K06222
pprc:PFLCHA0_c41360	ko:K07507
pprc:PFLCHA0_c41370	ko:K01531
pprc:PFLCHA0_c41380	ko:K10531
pprc:PFLCHA0_c41400	ko:K13888
pprc:PFLCHA0_c41410	ko:K05685
pprc:PFLCHA0_c41420	ko:K18139
pprc:PFLCHA0_c41500	ko:K06160
pprc:PFLCHA0_c41510	ko:K16088
pprc:PFLCHA0_c41590	ko:K00034
pprc:PFLCHA0_c41610	ko:K06996
pprc:PFLCHA0_c41650	ko:K07071
pprc:PFLCHA0_c41680	ko:K18199
pprc:PFLCHA0_c41730	ko:K04343
pprc:PFLCHA0_c41790	ko:K06871
pprc:PFLCHA0_c41800	ko:K08685
pprc:PFLCHA0_c41840	ko:K01649
pprc:PFLCHA0_c41860	ko:K03446
pprc:PFLCHA0_c41870	ko:K03543
pprc:PFLCHA0_c41910	ko:K00146
pprc:PFLCHA0_c41950	ko:K06147
pprc:PFLCHA0_c41960	ko:K21405
pprc:PFLCHA0_c41980	ko:K06016
pprc:PFLCHA0_c42010	ko:K05515
pprc:PFLCHA0_c42020	ko:K01985
pprc:PFLCHA0_c42030	ko:K01980
pprc:PFLCHA0_c42040	ko:K14218
pprc:PFLCHA0_c42050	ko:K14227
pprc:PFLCHA0_c42060	ko:K01977
pprc:PFLCHA0_c42070	ko:K11939
pprc:PFLCHA0_c42090	ko:K16137
pprc:PFLCHA0_c42120	ko:K01262
pprc:PFLCHA0_c42130	ko:K04487
pprc:PFLCHA0_c42160	ko:K00299
pprc:PFLCHA0_c42170	ko:K04091
pprc:PFLCHA0_c42210	ko:K13639
pprc:PFLCHA0_c42230	ko:K04068
pprc:PFLCHA0_c42260	ko:K02073
pprc:PFLCHA0_c42270	ko:K02072
pprc:PFLCHA0_c42290	ko:K04750
pprc:PFLCHA0_c42340	ko:K09815
pprc:PFLCHA0_c42350	ko:K09817
pprc:PFLCHA0_c42360	ko:K09816
pprc:PFLCHA0_c42390	ko:K05375
pprc:PFLCHA0_c42400	ko:K00836
pprc:PFLCHA0_c42410	ko:K07645
pprc:PFLCHA0_c42420	ko:K07666
pprc:PFLCHA0_c42430	ko:K04084
pprc:PFLCHA0_c42450	ko:K03805
pprc:PFLCHA0_c42480	ko:K02014
pprc:PFLCHA0_c42490	ko:K07165
pprc:PFLCHA0_c42560	ko:K22108
pprc:PFLCHA0_c42580	ko:K13774
pprc:PFLCHA0_c42590	ko:K13778
pprc:PFLCHA0_c42600	ko:K11731
pprc:PFLCHA0_c42610	ko:K13779
pprc:PFLCHA0_c42620	ko:K13777
pprc:PFLCHA0_c42640	ko:K09913
pprc:PFLCHA0_c42650	ko:K07140
pprc:PFLCHA0_c42660	ko:K03415
pprc:PFLCHA0_c42710	ko:K20997
pprc:PFLCHA0_c42720	ko:K16011
pprc:PFLCHA0_c42730	ko:K20987
pprc:PFLCHA0_c42740	ko:K20998
pprc:PFLCHA0_c42750	ko:K20999
pprc:PFLCHA0_c42760	ko:K21000
pprc:PFLCHA0_c42770	ko:K21001
pprc:PFLCHA0_c42780	ko:K21002
pprc:PFLCHA0_c42790	ko:K21003
pprc:PFLCHA0_c42810	ko:K21004
pprc:PFLCHA0_c42840	ko:K03750
pprc:PFLCHA0_c42850	ko:K03638
pprc:PFLCHA0_c42870	ko:K06177
pprc:PFLCHA0_c42890	ko:K03503
pprc:PFLCHA0_c42920	ko:K16568
pprc:PFLCHA0_c42930	ko:K03455
pprc:PFLCHA0_c42940	ko:K03320
pprc:PFLCHA0_c42990	ko:K01129
pprc:PFLCHA0_c43000	ko:K11017
pprc:PFLCHA0_c43010	ko:K11016
pprc:PFLCHA0_c43020	ko:K07690
pprc:PFLCHA0_c43030	ko:K07679
pprc:PFLCHA0_c43050	ko:K08968
pprc:PFLCHA0_c43060	ko:K06923
pprc:PFLCHA0_c43070	ko:K20973
pprc:PFLCHA0_c43080	ko:K23775
pprc:PFLCHA0_c43090	ko:K00432
pprc:PFLCHA0_c43100	ko:K07305
pprc:PFLCHA0_c43110	ko:K14260
pprc:PFLCHA0_c43120	ko:K03799
pprc:PFLCHA0_c43130	ko:K00569
pprc:PFLCHA0_c43140	ko:K15777
pprc:PFLCHA0_c43150	ko:K05592
pprc:PFLCHA0_c43180	ko:K01626
pprc:PFLCHA0_c43190	ko:K09927
pprc:PFLCHA0_c43260	ko:K07090
pprc:PFLCHA0_c43280	ko:K23775
pprc:PFLCHA0_c43290	ko:K04063
pprc:PFLCHA0_c43300	ko:K02356
pprc:PFLCHA0_c43340	ko:K13634
pprc:PFLCHA0_c43360	ko:K01081
pprc:PFLCHA0_c43370	ko:K00077
pprc:PFLCHA0_c43390	ko:K01626
pprc:PFLCHA0_c43400	ko:K06975
pprc:PFLCHA0_c43420	ko:K19236
pprc:PFLCHA0_c43440	ko:K02003
pprc:PFLCHA0_c43450	ko:K02004
pprc:PFLCHA0_c43460	ko:K04760
pprc:PFLCHA0_c43470	ko:K07690
pprc:PFLCHA0_c43490	ko:K15977
pprc:PFLCHA0_c43510	ko:K03424
pprc:PFLCHA0_c43570	ko:K07001
pprc:PFLCHA0_c43580	ko:K07667
pprc:PFLCHA0_c43590	ko:K07646
pprc:PFLCHA0_c43600	ko:K01548
pprc:PFLCHA0_c43610	ko:K01547
pprc:PFLCHA0_c43620	ko:K01546
pprc:PFLCHA0_c43630	ko:K01545
pprc:PFLCHA0_c43640	ko:K16238
pprc:PFLCHA0_c43660	ko:K09967
pprc:PFLCHA0_c43680	ko:K16137
pprc:PFLCHA0_c43690	ko:K07124
pprc:PFLCHA0_c43700	ko:K02237
pprc:PFLCHA0_c43710	ko:K24300
pprc:PFLCHA0_c43720	ko:K13007
pprc:PFLCHA0_c43730	ko:K24310
pprc:PFLCHA0_c43760	ko:K03328
pprc:PFLCHA0_c43770	ko:K02805
pprc:PFLCHA0_c43780	ko:K05788
pprc:PFLCHA0_c43800	ko:K02945
pprc:PFLCHA0_c43810	ko:K00945
pprc:PFLCHA0_c43820	ko:K24018
pprc:PFLCHA0_c43830	ko:K00817
pprc:PFLCHA0_c43840	ko:K14170
pprc:PFLCHA0_c43850	ko:K00831
pprc:PFLCHA0_c43860	ko:K02469
pprc:PFLCHA0_c43870	ko:K08963
pprc:PFLCHA0_c43880	ko:K12960
pprc:PFLCHA0_c43890	ko:K00568
pprc:PFLCHA0_c43900	ko:K22292
pprc:PFLCHA0_c43960	ko:K07396
pprc:PFLCHA0_c43970	ko:K07146
pprc:PFLCHA0_c43980	ko:K05527
pprc:PFLCHA0_c43990	ko:K09924
pprc:PFLCHA0_c44000	ko:K01679
pprc:PFLCHA0_c44020	ko:K00632
pprc:PFLCHA0_c44030	ko:K23753
pprc:PFLCHA0_c44040	ko:K15461
pprc:PFLCHA0_c44050	ko:K01953
pprc:PFLCHA0_c44080	ko:K09898
pprc:PFLCHA0_c44090	ko:K09771
pprc:PFLCHA0_c44150	ko:K06867
pprc:PFLCHA0_c44160	ko:K13776
pprc:PFLCHA0_c44180	ko:K08967
pprc:PFLCHA0_c44190	ko:K05820
pprc:PFLCHA0_c44200	ko:K01736
pprc:PFLCHA0_c44210	ko:K06889
pprc:PFLCHA0_c44230	ko:K07320
pprc:PFLCHA0_c44270	ko:K01495
pprc:PFLCHA0_c44310	ko:K03300
pprc:PFLCHA0_c44320	ko:K17737
pprc:PFLCHA0_c44330	ko:K00799
pprc:PFLCHA0_c44340	ko:K05825
pprc:PFLCHA0_c44360	ko:K06901
pprc:PFLCHA0_c44370	ko:K07127
pprc:PFLCHA0_c44380	ko:K16842
pprc:PFLCHA0_c44390	ko:K01477
pprc:PFLCHA0_c44400	ko:K01483
pprc:PFLCHA0_c44420	ko:K24206
pprc:PFLCHA0_c44460	ko:K22025
pprc:PFLCHA0_c44480	ko:K07001
pprc:PFLCHA0_c44490	ko:K02517
pprc:PFLCHA0_c44500	ko:K03610
pprc:PFLCHA0_c44510	ko:K03609
pprc:PFLCHA0_c44520	ko:K03608
pprc:PFLCHA0_c44530	ko:K06177
pprc:PFLCHA0_c44560	ko:K22044
pprc:PFLCHA0_c44580	ko:K02055
pprc:PFLCHA0_c44600	ko:K02054
pprc:PFLCHA0_c44610	ko:K02053
pprc:PFLCHA0_c44620	ko:K02052
pprc:PFLCHA0_c44630	ko:K28842
pprc:PFLCHA0_c44650	ko:K03797
pprc:PFLCHA0_c44710	ko:K03773
pprc:PFLCHA0_c44740	ko:K14221
pprc:PFLCHA0_c44750	ko:K14237
pprc:PFLCHA0_c44760	ko:K14221
pprc:PFLCHA0_c44770	ko:K14237
pprc:PFLCHA0_c44780	ko:K03554
pprc:PFLCHA0_c44790	ko:K03453
pprc:PFLCHA0_c44800	ko:K11741
pprc:PFLCHA0_c44860	ko:K09760
pprc:PFLCHA0_c44900	ko:K06076
pprc:PFLCHA0_c44910	ko:K00432
pprc:PFLCHA0_c44950	ko:K02233
pprc:PFLCHA0_c44960	ko:K02226
pprc:PFLCHA0_c44970	ko:K00768
pprc:PFLCHA0_c44980	ko:K02231
pprc:PFLCHA0_c44990	ko:K02232
pprc:PFLCHA0_c45000	ko:K02225
pprc:PFLCHA0_c45010	ko:K02227
pprc:PFLCHA0_c45020	ko:K04719
pprc:PFLCHA0_c45030	ko:K02224
pprc:PFLCHA0_c45040	ko:K19221
pprc:PFLCHA0_c45100	ko:K10763
pprc:PFLCHA0_c45120	ko:K09938
pprc:PFLCHA0_c45130	ko:K01933
pprc:PFLCHA0_c45140	ko:K11175
pprc:PFLCHA0_c45170	ko:K09912
pprc:PFLCHA0_c45180	ko:K04765
pprc:PFLCHA0_c45190	ko:K00951
pprc:PFLCHA0_c45200	ko:K03215
pprc:PFLCHA0_c45210	ko:K12339
pprc:PFLCHA0_c45220	ko:K19609
pprc:PFLCHA0_c45230	ko:K19610
pprc:PFLCHA0_c45240	ko:K07678
pprc:PFLCHA0_c45250	ko:K03778
pprc:PFLCHA0_c45270	ko:K03668
pprc:PFLCHA0_c45290	ko:K03809
pprc:PFLCHA0_c45320	ko:K07264
pprc:PFLCHA0_c45340	ko:K14058
pprc:PFLCHA0_c45360	ko:K02742
pprc:PFLCHA0_c45370	ko:K01796
pprc:PFLCHA0_c45380	ko:K11103
pprc:PFLCHA0_c45400	ko:K07637
pprc:PFLCHA0_c45410	ko:K07660
pprc:PFLCHA0_c45440	ko:K02362
pprc:PFLCHA0_c45450	ko:K07639
pprc:PFLCHA0_c45460	ko:K07661
pprc:PFLCHA0_c45470	ko:K00525
pprc:PFLCHA0_c45480	ko:K02390
pprc:PFLCHA0_c45490	ko:K02389
pprc:PFLCHA0_c45500	ko:K02388
pprc:PFLCHA0_c45510	ko:K02387
pprc:PFLCHA0_c45520	ko:K00575
pprc:PFLCHA0_c45530	ko:K03415
pprc:PFLCHA0_c45540	ko:K02386
pprc:PFLCHA0_c45550	ko:K02398
pprc:PFLCHA0_c45560	ko:K02399
pprc:PFLCHA0_c45590	ko:K01915
pprc:PFLCHA0_c45660	ko:K14219
pprc:PFLCHA0_c45690	ko:K05774
pprc:PFLCHA0_c45710	ko:K06213
pprc:PFLCHA0_c45730	ko:K14219
pprc:PFLCHA0_c45740	ko:K14219
pprc:PFLCHA0_c45750	ko:K14233
pprc:PFLCHA0_c45760	ko:K03563
pprc:PFLCHA0_c45770	ko:K00928
pprc:PFLCHA0_c45780	ko:K01872
pprc:PFLCHA0_c45790	ko:K01620
pprc:PFLCHA0_c45800	ko:K00794
pprc:PFLCHA0_c45810	ko:K05526
pprc:PFLCHA0_c45830	ko:K01484
pprc:PFLCHA0_c45840	ko:K06447
pprc:PFLCHA0_c45850	ko:K00673
pprc:PFLCHA0_c45860	ko:K00673
pprc:PFLCHA0_c45870	ko:K00840
pprc:PFLCHA0_c45880	ko:K21825
pprc:PFLCHA0_c45890	ko:K10025
pprc:PFLCHA0_c45900	ko:K06987
pprc:PFLCHA0_c45910	ko:K10023
pprc:PFLCHA0_c45920	ko:K10024
pprc:PFLCHA0_c45930	ko:K10022
pprc:PFLCHA0_c45940	ko:K01895
pprc:PFLCHA0_c45960	ko:K00526
pprc:PFLCHA0_c45990	ko:K07090
pprc:PFLCHA0_c46030	ko:K19736
pprc:PFLCHA0_c46040	ko:K18968
pprc:PFLCHA0_c46050	ko:K03406
pprc:PFLCHA0_c46110	ko:K01126
pprc:PFLCHA0_c46160	ko:K03406
pprc:PFLCHA0_c46170	ko:K16074
pprc:PFLCHA0_c46180	ko:K03306
pprc:PFLCHA0_c46210	ko:K01961
pprc:PFLCHA0_c46220	ko:K02160
pprc:PFLCHA0_c46230	ko:K07160
pprc:PFLCHA0_c46250	ko:K09857
pprc:PFLCHA0_c46260	ko:K06192
pprc:PFLCHA0_c46270	ko:K03808
pprc:PFLCHA0_c46280	ko:K03808
pprc:PFLCHA0_c46330	ko:K03088
pprc:PFLCHA0_c46400	ko:K07667
pprc:PFLCHA0_c46410	ko:K07646
pprc:PFLCHA0_c46420	ko:K01547
pprc:PFLCHA0_c46430	ko:K01548
pprc:PFLCHA0_c46440	ko:K01546
pprc:PFLCHA0_c46470	ko:K13653
pprc:PFLCHA0_c46490	ko:K14261
pprc:PFLCHA0_c46500	ko:K03299
pprc:PFLCHA0_c46510	ko:K00851
pprc:PFLCHA0_c46520	ko:K06145
pprc:PFLCHA0_c46530	ko:K05835
pprc:PFLCHA0_c46580	ko:K00799
pprc:PFLCHA0_c46590	ko:K18981
pprc:PFLCHA0_c46600	ko:K08369
pprc:PFLCHA0_c46620	ko:K03406
pprc:PFLCHA0_c46650	ko:K00799
pprc:PFLCHA0_c46680	ko:K01462
pprc:PFLCHA0_c46690	ko:K07058
pprc:PFLCHA0_c46720	ko:K01897
pprc:PFLCHA0_c46730	ko:K01897
pprc:PFLCHA0_c46750	ko:K17865
pprc:PFLCHA0_c46770	ko:K21695
pprc:PFLCHA0_c46800	ko:K09954
pprc:PFLCHA0_c46820	ko:K01625
pprc:PFLCHA0_c46830	ko:K01057
pprc:PFLCHA0_c46840	ko:K00036
pprc:PFLCHA0_c46860	ko:K19337
pprc:PFLCHA0_c46880	ko:K07267
pprc:PFLCHA0_c46890	ko:K10112
pprc:PFLCHA0_c46900	ko:K17317
pprc:PFLCHA0_c46910	ko:K17316
pprc:PFLCHA0_c46920	ko:K17315
pprc:PFLCHA0_c46930	ko:K18479
pprc:PFLCHA0_c46950	ko:K02483
pprc:PFLCHA0_c46960	ko:K00845
pprc:PFLCHA0_c46970	ko:K01690
pprc:PFLCHA0_c46980	ko:K00134
pprc:PFLCHA0_c46990	ko:K01734
pprc:PFLCHA0_c47010	ko:K07165
pprc:PFLCHA0_c47020	ko:K16087
pprc:PFLCHA0_c47030	ko:K07215
pprc:PFLCHA0_c47040	ko:K09790
pprc:PFLCHA0_c47050	ko:K03406
pprc:PFLCHA0_c47070	ko:K01247
pprc:PFLCHA0_c47080	ko:K03758
pprc:PFLCHA0_c47090	ko:K03758
pprc:PFLCHA0_c47100	ko:K01478
pprc:PFLCHA0_c47110	ko:K00611
pprc:PFLCHA0_c47120	ko:K00926
pprc:PFLCHA0_c47140	ko:K03721
pprc:PFLCHA0_c47150	ko:K02437
pprc:PFLCHA0_c47160	ko:K00281
pprc:PFLCHA0_c47170	ko:K01752
pprc:PFLCHA0_c47180	ko:K00605
pprc:PFLCHA0_c47190	ko:K03704
pprc:PFLCHA0_c47210	ko:K03517
pprc:PFLCHA0_c47270	ko:K00800
pprc:PFLCHA0_c47280	ko:K00441
pprc:PFLCHA0_c47330	ko:K14229
pprc:PFLCHA0_c47340	ko:K06920
pprc:PFLCHA0_c47350	ko:K10026
pprc:PFLCHA0_c47370	ko:K03640
pprc:PFLCHA0_c47380	ko:K03641
pprc:PFLCHA0_c47390	ko:K03646
pprc:PFLCHA0_c47400	ko:K03560
pprc:PFLCHA0_c47410	ko:K03562
pprc:PFLCHA0_c47420	ko:K01075
pprc:PFLCHA0_c47430	ko:K03551
pprc:PFLCHA0_c47440	ko:K03550
pprc:PFLCHA0_c47450	ko:K01159
pprc:PFLCHA0_c47470	ko:K01876
pprc:PFLCHA0_c47490	ko:K04047
pprc:PFLCHA0_c47500	ko:K03704
pprc:PFLCHA0_c47510	ko:K03745
pprc:PFLCHA0_c47530	ko:K18093
pprc:PFLCHA0_c47540	ko:K03442
pprc:PFLCHA0_c47550	ko:K09767
pprc:PFLCHA0_c47560	ko:K00077
pprc:PFLCHA0_c47580	ko:K00798
pprc:PFLCHA0_c47590	ko:K03574
pprc:PFLCHA0_c47600	ko:K00620
pprc:PFLCHA0_c47610	ko:K03070
pprc:PFLCHA0_c47630	ko:K06915
pprc:PFLCHA0_c47640	ko:K03406
pprc:PFLCHA0_c47660	ko:K01433
pprc:PFLCHA0_c47680	ko:K01141
pprc:PFLCHA0_c47730	ko:K03924
pprc:PFLCHA0_c47770	ko:K00873
pprc:PFLCHA0_c47800	ko:K21019
pprc:PFLCHA0_c47810	ko:K01676
pprc:PFLCHA0_c47820	ko:K10125
pprc:PFLCHA0_c47830	ko:K10126
pprc:PFLCHA0_c47840	ko:K03761
pprc:PFLCHA0_c47910	ko:K00130
pprc:PFLCHA0_c47920	ko:K01652
pprc:PFLCHA0_c47930	ko:K03566
pprc:PFLCHA0_c47940	ko:K07118
pprc:PFLCHA0_c47980	ko:K18954
pprc:PFLCHA0_c48000	ko:K08738
pprc:PFLCHA0_c48030	ko:K05596
pprc:PFLCHA0_c48040	ko:K09964
pprc:PFLCHA0_c48050	ko:K06895
pprc:PFLCHA0_c48060	ko:K04564
pprc:PFLCHA0_c48080	ko:K21024
pprc:PFLCHA0_c48090	ko:K07231
pprc:PFLCHA0_c48110	ko:K07338
pprc:PFLCHA0_c48120	ko:K09947
pprc:PFLCHA0_c48190	ko:K04077
pprc:PFLCHA0_c48200	ko:K04078
pprc:PFLCHA0_c48210	ko:K07113
pprc:PFLCHA0_c48220	ko:K07226
pprc:PFLCHA0_c48230	ko:K00059
pprc:PFLCHA0_c48240	ko:K03593
pprc:PFLCHA0_c48250	ko:K01874
pprc:PFLCHA0_c48260	ko:K03617
pprc:PFLCHA0_c48270	ko:K03616
pprc:PFLCHA0_c48280	ko:K03614
pprc:PFLCHA0_c48290	ko:K03612
pprc:PFLCHA0_c48300	ko:K03613
pprc:PFLCHA0_c48310	ko:K10773
pprc:PFLCHA0_c48330	ko:K07690
pprc:PFLCHA0_c48340	ko:K01940
pprc:PFLCHA0_c48350	ko:K21218
pprc:PFLCHA0_c48360	ko:K01465
pprc:PFLCHA0_c48370	ko:K03683
pprc:PFLCHA0_c48380	ko:K03386
pprc:PFLCHA0_c48390	ko:K02192
pprc:PFLCHA0_c48400	ko:K03594
pprc:PFLCHA0_c48410	ko:K07390
pprc:PFLCHA0_c48440	ko:K00611
pprc:PFLCHA0_c48450	ko:K02010
pprc:PFLCHA0_c48470	ko:K03976
pprc:PFLCHA0_c48480	ko:K02440
pprc:PFLCHA0_c48490	ko:K00864
pprc:PFLCHA0_c48500	ko:K02444
pprc:PFLCHA0_c48510	ko:K00111
pprc:PFLCHA0_c48520	ko:K10001
pprc:PFLCHA0_c48530	ko:K10003
pprc:PFLCHA0_c48540	ko:K10002
pprc:PFLCHA0_c48550	ko:K10004
pprc:PFLCHA0_c48560	ko:K17060
pprc:PFLCHA0_c48570	ko:K17061
pprc:PFLCHA0_c48580	ko:K02442
pprc:PFLCHA0_c48650	ko:K07250
pprc:PFLCHA0_c48660	ko:K03928
pprc:PFLCHA0_c48710	ko:K03576
pprc:PFLCHA0_c48750	ko:K03574
pprc:PFLCHA0_c48770	ko:K02909
pprc:PFLCHA0_c48780	ko:K14052
pprc:PFLCHA0_c48790	ko:K18540
pprc:PFLCHA0_c48870	ko:K03293
pprc:PFLCHA0_c48930	ko:K02014
pprc:PFLCHA0_c48950	ko:K05782
pprc:PFLCHA0_c48960	ko:K07267
pprc:PFLCHA0_c48970	ko:K00117
pprc:PFLCHA0_c49060	ko:K01338
pprc:PFLCHA0_c49070	ko:K14475
pprc:PFLCHA0_c49090	ko:K15256
pprc:PFLCHA0_c49100	ko:K15257
pprc:PFLCHA0_c49110	ko:K11991
pprc:PFLCHA0_c49140	ko:K23993
pprc:PFLCHA0_c49150	ko:K02024
pprc:PFLCHA0_c49160	ko:K01226
pprc:PFLCHA0_c49170	ko:K02819
pprc:PFLCHA0_c49180	ko:K03486
pprc:PFLCHA0_c49240	ko:K01951
pprc:PFLCHA0_c49250	ko:K00088
pprc:PFLCHA0_c49270	ko:K07090
pprc:PFLCHA0_c49290	ko:K03601
pprc:PFLCHA0_c49310	ko:K01649
pprc:PFLCHA0_c49330	ko:K13566
pprc:PFLCHA0_c49340	ko:K14287
pprc:PFLCHA0_c49350	ko:K03977
pprc:PFLCHA0_c49360	ko:K17713
pprc:PFLCHA0_c49370	ko:K01892
pprc:PFLCHA0_c49380	ko:K03526
pprc:PFLCHA0_c49390	ko:K15539
pprc:PFLCHA0_c49400	ko:K02656
pprc:PFLCHA0_c49410	ko:K06941
pprc:PFLCHA0_c49420	ko:K00940
pprc:PFLCHA0_c49440	ko:K04755
pprc:PFLCHA0_c49450	ko:K04044
pprc:PFLCHA0_c49460	ko:K04082
pprc:PFLCHA0_c49470	ko:K13628
pprc:PFLCHA0_c49480	ko:K04488
pprc:PFLCHA0_c49490	ko:K04487
pprc:PFLCHA0_c49500	ko:K13643
pprc:PFLCHA0_c49510	ko:K00640
pprc:PFLCHA0_c49520	ko:K15396
pprc:PFLCHA0_c49530	ko:K01092
pprc:PFLCHA0_c49550	ko:K03074
pprc:PFLCHA0_c49560	ko:K03072
pprc:PFLCHA0_c49570	ko:K03210
pprc:PFLCHA0_c49580	ko:K00773
pprc:PFLCHA0_c49590	ko:K07568
pprc:PFLCHA0_c49600	ko:K14228
pprc:PFLCHA0_c49610	ko:K08646
pprc:PFLCHA0_c49620	ko:K22468
pprc:PFLCHA0_c49640	ko:K00836
pprc:PFLCHA0_c49650	ko:K10531
pprc:PFLCHA0_c49660	ko:K00799
pprc:PFLCHA0_c49690	ko:K18093
pprc:PFLCHA0_c49700	ko:K09474
pprc:PFLCHA0_c49720	ko:K02483
pprc:PFLCHA0_c49750	ko:K03566
pprc:PFLCHA0_c49800	ko:K19713
pprc:PFLCHA0_c49850	ko:K26062
pprc:PFLCHA0_c49920	ko:K02503
pprc:PFLCHA0_c49930	ko:K01652
pprc:PFLCHA0_c49940	ko:K03566
pprc:PFLCHA0_c49950	ko:K02028
pprc:PFLCHA0_c49960	ko:K02030
pprc:PFLCHA0_c49970	ko:K02029
pprc:PFLCHA0_c49980	ko:K02029
pprc:PFLCHA0_c49990	ko:K12252
pprc:PFLCHA0_c50030	ko:K00600
pprc:PFLCHA0_c50050	ko:K09125
pprc:PFLCHA0_c50060	ko:K06920
pprc:PFLCHA0_c50080	ko:K02257
pprc:PFLCHA0_c50090	ko:K02300
pprc:PFLCHA0_c50100	ko:K02299
pprc:PFLCHA0_c50110	ko:K02298
pprc:PFLCHA0_c50120	ko:K02297
pprc:PFLCHA0_c50140	ko:K03611
pprc:PFLCHA0_c50150	ko:K05916
pprc:PFLCHA0_c50160	ko:K12266
pprc:PFLCHA0_c50170	ko:K03415
pprc:PFLCHA0_c50210	ko:K03776
pprc:PFLCHA0_c50230	ko:K21135
pprc:PFLCHA0_c50240	ko:K21133
pprc:PFLCHA0_c50250	ko:K07665
pprc:PFLCHA0_c50260	ko:K07644
pprc:PFLCHA0_c50300	ko:K02535
pprc:PFLCHA0_c50310	ko:K03531
pprc:PFLCHA0_c50320	ko:K03590
pprc:PFLCHA0_c50330	ko:K03589
pprc:PFLCHA0_c50340	ko:K01921
pprc:PFLCHA0_c50350	ko:K01924
pprc:PFLCHA0_c50360	ko:K02563
pprc:PFLCHA0_c50370	ko:K03588
pprc:PFLCHA0_c50380	ko:K01925
pprc:PFLCHA0_c50390	ko:K01000
pprc:PFLCHA0_c50400	ko:K01929
pprc:PFLCHA0_c50410	ko:K01928
pprc:PFLCHA0_c50420	ko:K03587
pprc:PFLCHA0_c50430	ko:K03586
pprc:PFLCHA0_c50440	ko:K03438
pprc:PFLCHA0_c50450	ko:K03925
pprc:PFLCHA0_c50460	ko:K07056
pprc:PFLCHA0_c50470	ko:K07121
pprc:PFLCHA0_c50480	ko:K07460
pprc:PFLCHA0_c50490	ko:K03271
pprc:PFLCHA0_c50500	ko:K28369
pprc:PFLCHA0_c50510	ko:K03600
pprc:PFLCHA0_c50520	ko:K03599
pprc:PFLCHA0_c50530	ko:K00413
pprc:PFLCHA0_c50540	ko:K00412
pprc:PFLCHA0_c50550	ko:K00411
pprc:PFLCHA0_c50560	ko:K02996
pprc:PFLCHA0_c50570	ko:K02871
pprc:PFLCHA0_c50590	ko:K00255
pprc:PFLCHA0_c50610	ko:K06916
pprc:PFLCHA0_c50620	ko:K01867
pprc:PFLCHA0_c50630	ko:K07018
pprc:PFLCHA0_c50640	ko:K09908
pprc:PFLCHA0_c50660	ko:K01069
pprc:PFLCHA0_c50670	ko:K00567
pprc:PFLCHA0_c50720	ko:K03556
pprc:PFLCHA0_c50780	ko:K05835
pprc:PFLCHA0_c50790	ko:K00018
pprc:PFLCHA0_c50800	ko:K00564
pprc:PFLCHA0_c50810	ko:K23541
pprc:PFLCHA0_c50830	ko:K03406
pprc:PFLCHA0_c50900	ko:K07286
pprc:PFLCHA0_c50940	ko:K00116
pprc:PFLCHA0_c50980	ko:K00760
pprc:PFLCHA0_c50990	ko:K00761
pprc:PFLCHA0_c51000	ko:K02824
pprc:PFLCHA0_c51010	ko:K01772
pprc:PFLCHA0_c51020	ko:K07071
pprc:PFLCHA0_c51030	ko:K18208
pprc:PFLCHA0_c51060	ko:K22491
pprc:PFLCHA0_c51070	ko:K01669
pprc:PFLCHA0_c51100	ko:K06954
pprc:PFLCHA0_c51110	ko:K09701
pprc:PFLCHA0_c51120	ko:K00574
pprc:PFLCHA0_c51140	ko:K06940
pprc:PFLCHA0_c51150	ko:K12976
pprc:PFLCHA0_c51160	ko:K01776
pprc:PFLCHA0_c51170	ko:K21029
pprc:PFLCHA0_c51180	ko:K02493
pprc:PFLCHA0_c51190	ko:K02835
pprc:PFLCHA0_c51200	ko:K02492
pprc:PFLCHA0_c51220	ko:K02494
pprc:PFLCHA0_c51230	ko:K00919
pprc:PFLCHA0_c51240	ko:K14223
pprc:PFLCHA0_c51250	ko:K00948
pprc:PFLCHA0_c51260	ko:K02897
pprc:PFLCHA0_c51270	ko:K01056
pprc:PFLCHA0_c51280	ko:K06942
pprc:PFLCHA0_c51290	ko:K16089
pprc:PFLCHA0_c51300	ko:K00481
pprc:PFLCHA0_c51310	ko:K18954
pprc:PFLCHA0_c51320	ko:K08223
pprc:PFLCHA0_c51330	ko:K03566
pprc:PFLCHA0_c51340	ko:K11072
pprc:PFLCHA0_c51350	ko:K11071
pprc:PFLCHA0_c51360	ko:K11070
pprc:PFLCHA0_c51370	ko:K11069
pprc:PFLCHA0_c51380	ko:K01426
pprc:PFLCHA0_c51390	ko:K14230
pprc:PFLCHA0_c51420	ko:K07733
pprc:PFLCHA0_c51460	ko:K06919
pprc:PFLCHA0_c51510	ko:K06899
pprc:PFLCHA0_c51540	ko:K00428
pprc:PFLCHA0_c51550	ko:K00681
pprc:PFLCHA0_c51580	ko:K19166
pprc:PFLCHA0_c51590	ko:K18831
pprc:PFLCHA0_c51610	ko:K05810
pprc:PFLCHA0_c51650	ko:K01921
pprc:PFLCHA0_c51670	ko:K05835
pprc:PFLCHA0_c51710	ko:K11354
pprc:PFLCHA0_c51720	ko:K03566
pprc:PFLCHA0_c51760	ko:K19055
pprc:PFLCHA0_c51820	ko:K03790
pprc:PFLCHA0_c51830	ko:K03406
pprc:PFLCHA0_c51840	ko:K03406
pprc:PFLCHA0_c51890	ko:K15726
pprc:PFLCHA0_c51900	ko:K15727
pprc:PFLCHA0_c51920	ko:K15725
pprc:PFLCHA0_c51930	ko:K07665
pprc:PFLCHA0_c51940	ko:K16264
pprc:PFLCHA0_c51960	ko:K03299
pprc:PFLCHA0_c52000	ko:K00606
pprc:PFLCHA0_c52020	ko:K02106
pprc:PFLCHA0_c52040	ko:K04045
pprc:PFLCHA0_c52070	ko:K01673
pprc:PFLCHA0_c52090	ko:K03789
pprc:PFLCHA0_c52140	ko:K06192
pprc:PFLCHA0_c52150	ko:K03808
pprc:PFLCHA0_c52160	ko:K03808
pprc:PFLCHA0_c52170	ko:K01985
pprc:PFLCHA0_c52180	ko:K01980
pprc:PFLCHA0_c52190	ko:K14218
pprc:PFLCHA0_c52200	ko:K14227
pprc:PFLCHA0_c52210	ko:K01977
pprc:PFLCHA0_c52220	ko:K17247
pprc:PFLCHA0_c52230	ko:K07147
pprc:PFLCHA0_c52240	ko:K17103
pprc:PFLCHA0_c52250	ko:K00053
pprc:PFLCHA0_c52260	ko:K01653
pprc:PFLCHA0_c52270	ko:K01652
pprc:PFLCHA0_c52300	ko:K05365
pprc:PFLCHA0_c52310	ko:K07028
pprc:PFLCHA0_c52340	ko:K10914
pprc:PFLCHA0_c52360	ko:K10834
pprc:PFLCHA0_c52370	ko:K25133
pprc:PFLCHA0_c52380	ko:K25132
pprc:PFLCHA0_c52400	ko:K06206
pprc:PFLCHA0_c52420	ko:K06204
pprc:PFLCHA0_c52430	ko:K01894
pprc:PFLCHA0_c52460	ko:K07713
pprc:PFLCHA0_c52470	ko:K00970
pprc:PFLCHA0_c52480	ko:K00950
pprc:PFLCHA0_c52490	ko:K00606
pprc:PFLCHA0_c52500	ko:K01918
pprc:PFLCHA0_c52520	ko:K01810
pprc:PFLCHA0_c52530	ko:K01895
pprc:PFLCHA0_c52550	ko:K00626
pprc:PFLCHA0_c52560	ko:K06969
pprc:PFLCHA0_c52590	ko:K02650
pprc:PFLCHA0_c52600	ko:K02653
pprc:PFLCHA0_c52610	ko:K02654
pprc:PFLCHA0_c52620	ko:K00859
pprc:PFLCHA0_c52630	ko:K09862
pprc:PFLCHA0_c52690	ko:K03885
pprc:PFLCHA0_c52700	ko:K18457
pprc:PFLCHA0_c52730	ko:K08688
pprc:PFLCHA0_c52740	ko:K14232
pprc:PFLCHA0_c52750	ko:K14229
pprc:PFLCHA0_c52760	ko:K14232
pprc:PFLCHA0_c52770	ko:K14220
pprc:PFLCHA0_c52780	ko:K03695
pprc:PFLCHA0_c52790	ko:K05810
pprc:PFLCHA0_c52800	ko:K06180
pprc:PFLCHA0_c52810	ko:K05807
pprc:PFLCHA0_c52820	ko:K06950
pprc:PFLCHA0_c52830	ko:K02667
pprc:PFLCHA0_c52840	ko:K03153
pprc:PFLCHA0_c52850	ko:K02655
pprc:PFLCHA0_c52860	ko:K02674
pprc:PFLCHA0_c52870	ko:K02673
pprc:PFLCHA0_c52880	ko:K02672
pprc:PFLCHA0_c52890	ko:K02671
pprc:PFLCHA0_c52900	ko:K08085
pprc:PFLCHA0_c52910	ko:K08084
pprc:PFLCHA0_c52920	ko:K03527
pprc:PFLCHA0_c52930	ko:K03774
pprc:PFLCHA0_c52940	ko:K03101
pprc:PFLCHA0_c52950	ko:K01870
pprc:PFLCHA0_c52960	ko:K11753
pprc:PFLCHA0_c52970	ko:K03980
pprc:PFLCHA0_c52980	ko:K02968
pprc:PFLCHA0_c52990	ko:K05805
pprc:PFLCHA0_c53000	ko:K00931
pprc:PFLCHA0_c53010	ko:K03979
pprc:PFLCHA0_c53020	ko:K02899
pprc:PFLCHA0_c53030	ko:K02888
pprc:PFLCHA0_c53040	ko:K02523
pprc:PFLCHA0_c53050	ko:K06193
pprc:PFLCHA0_c53070	ko:K03773
pprc:PFLCHA0_c53160	ko:K00262
pprc:PFLCHA0_c53170	ko:K06020
pprc:PFLCHA0_c53190	ko:K00600
pprc:PFLCHA0_c53200	ko:K11103
pprc:PFLCHA0_c53250	ko:K06200
pprc:PFLCHA0_c53290	ko:K04485
pprc:PFLCHA0_c53300	ko:K06867
pprc:PFLCHA0_c53310	ko:K03781
pprc:PFLCHA0_c53320	ko:K03282
pprc:PFLCHA0_c53330	ko:K00528
pprc:PFLCHA0_c53340	ko:K11391
pprc:PFLCHA0_c53360	ko:K00426
pprc:PFLCHA0_c53370	ko:K00425
pprc:PFLCHA0_c53400	ko:K07334
pprc:PFLCHA0_c53410	ko:K21498
pprc:PFLCHA0_c53420	ko:K03152
pprc:PFLCHA0_c53440	ko:K06901
pprc:PFLCHA0_c53450	ko:K00557
pprc:PFLCHA0_c53460	ko:K12538
pprc:PFLCHA0_c53470	ko:K12537
pprc:PFLCHA0_c53480	ko:K12536
pprc:PFLCHA0_c53490	ko:K12545
pprc:PFLCHA0_c53500	ko:K16152
pprc:PFLCHA0_c53510	ko:K07165
pprc:PFLCHA0_c53530	ko:K03786
pprc:PFLCHA0_c53540	ko:K25901
pprc:PFLCHA0_c53570	ko:K26400
pprc:PFLCHA0_c53600	ko:K08191
pprc:PFLCHA0_c53610	ko:K03406
pprc:PFLCHA0_c53660	ko:K06222
pprc:PFLCHA0_c53670	ko:K00448
pprc:PFLCHA0_c53680	ko:K00449
pprc:PFLCHA0_c53690	ko:K02623
pprc:PFLCHA0_c53700	ko:K07054
pprc:PFLCHA0_c53730	ko:K10805
pprc:PFLCHA0_c53770	ko:K11927
pprc:PFLCHA0_c53810	ko:K03719
pprc:PFLCHA0_c53820	ko:K02342
pprc:PFLCHA0_c53840	ko:K09945
pprc:PFLCHA0_c53870	ko:K03579
pprc:PFLCHA0_c53890	ko:K13283
pprc:PFLCHA0_c53910	ko:K03719
pprc:PFLCHA0_c53930	ko:K06181
pprc:PFLCHA0_c53940	ko:K01241
pprc:PFLCHA0_c53950	ko:K09456
pprc:PFLCHA0_c53960	ko:K20971
pprc:PFLCHA0_c53970	ko:K00941
pprc:PFLCHA0_c53980	ko:K00788
pprc:PFLCHA0_c53990	ko:K01845
pprc:PFLCHA0_c54000	ko:K07126
pprc:PFLCHA0_c54020	ko:K06168
pprc:PFLCHA0_c54030	ko:K06217
pprc:PFLCHA0_c54040	ko:K07042
pprc:PFLCHA0_c54050	ko:K06189
pprc:PFLCHA0_c54060	ko:K03820
pprc:PFLCHA0_c54090	ko:K01869
pprc:PFLCHA0_c54100	ko:K03643
pprc:PFLCHA0_c54110	ko:K02340
pprc:PFLCHA0_c54120	ko:K09890
pprc:PFLCHA0_c54130	ko:K08305
pprc:PFLCHA0_c54140	ko:K01297
pprc:PFLCHA0_c54150	ko:K03644
pprc:PFLCHA0_c54160	ko:K03801
pprc:PFLCHA0_c54170	ko:K09158
pprc:PFLCHA0_c54180	ko:K07258
pprc:PFLCHA0_c54190	ko:K03642
pprc:PFLCHA0_c54200	ko:K08305
pprc:PFLCHA0_c54210	ko:K05837
pprc:PFLCHA0_c54220	ko:K05515
pprc:PFLCHA0_c54230	ko:K00783
pprc:PFLCHA0_c54240	ko:K09710
pprc:PFLCHA0_c54250	ko:K00969
pprc:PFLCHA0_c54260	ko:K00147
pprc:PFLCHA0_c54270	ko:K03652
pprc:PFLCHA0_c54290	ko:K07157
pprc:PFLCHA0_c54310	ko:K06518
pprc:PFLCHA0_c54360	ko:K03186
pprc:PFLCHA0_c54370	ko:K02558
pprc:PFLCHA0_c54380	ko:K21405
pprc:PFLCHA0_c54390	ko:K00138
pprc:PFLCHA0_c54400	ko:K04023
pprc:PFLCHA0_c54410	ko:K04019
pprc:PFLCHA0_c54420	ko:K03735
pprc:PFLCHA0_c54430	ko:K03735
pprc:PFLCHA0_c54440	ko:K03736
pprc:PFLCHA0_c54460	ko:K03975
pprc:PFLCHA0_c54470	ko:K09933
pprc:PFLCHA0_c54480	ko:K01507
pprc:PFLCHA0_c54550	ko:K00368
pprc:PFLCHA0_c54580	ko:K06894
pprc:PFLCHA0_c54590	ko:K09934
pprc:PFLCHA0_c54620	ko:K13789
pprc:PFLCHA0_c54630	ko:K01662
pprc:PFLCHA0_c54640	ko:K16092
pprc:PFLCHA0_c54650	ko:K06858
pprc:PFLCHA0_c54660	ko:K01497
pprc:PFLCHA0_c54670	ko:K02030
pprc:PFLCHA0_c54680	ko:K01095
pprc:PFLCHA0_c54690	ko:K00946
pprc:PFLCHA0_c54700	ko:K03625
pprc:PFLCHA0_c54710	ko:K00794
pprc:PFLCHA0_c54720	ko:K14652
pprc:PFLCHA0_c54730	ko:K00793
pprc:PFLCHA0_c54740	ko:K11752
pprc:PFLCHA0_c54750	ko:K07738
pprc:PFLCHA0_c54780	ko:K05838
pprc:PFLCHA0_c54810	ko:K02003
pprc:PFLCHA0_c54820	ko:K02004
pprc:PFLCHA0_c54830	ko:K09950
pprc:PFLCHA0_c54840	ko:K07275
pprc:PFLCHA0_c54850	ko:K01784
pprc:PFLCHA0_c54860	ko:K03724
pprc:PFLCHA0_c54870	ko:K22044
pprc:PFLCHA0_c54880	ko:K19577
pprc:PFLCHA0_c54920	ko:K01735
pprc:PFLCHA0_c54950	ko:K07051
pprc:PFLCHA0_c55040	ko:K03111
pprc:PFLCHA0_c55060	ko:K03701
pprc:PFLCHA0_c55070	ko:K03594
pprc:PFLCHA0_c55080	ko:K03781
pprc:PFLCHA0_c55090	ko:K02879
pprc:PFLCHA0_c55100	ko:K03040
pprc:PFLCHA0_c55110	ko:K02986
pprc:PFLCHA0_c55120	ko:K02948
pprc:PFLCHA0_c55130	ko:K02952
pprc:PFLCHA0_c55140	ko:K02919
pprc:PFLCHA0_c55150	ko:K03076
pprc:PFLCHA0_c55160	ko:K02876
pprc:PFLCHA0_c55170	ko:K02907
pprc:PFLCHA0_c55180	ko:K02988
pprc:PFLCHA0_c55190	ko:K02881
pprc:PFLCHA0_c55200	ko:K02933
pprc:PFLCHA0_c55210	ko:K02994
pprc:PFLCHA0_c55220	ko:K02954
pprc:PFLCHA0_c55230	ko:K02931
pprc:PFLCHA0_c55240	ko:K02895
pprc:PFLCHA0_c55250	ko:K02874
pprc:PFLCHA0_c55260	ko:K02961
pprc:PFLCHA0_c55270	ko:K02904
pprc:PFLCHA0_c55280	ko:K02878
pprc:PFLCHA0_c55290	ko:K02982
pprc:PFLCHA0_c55300	ko:K02890
pprc:PFLCHA0_c55310	ko:K02965
pprc:PFLCHA0_c55320	ko:K02886
pprc:PFLCHA0_c55330	ko:K02892
pprc:PFLCHA0_c55340	ko:K02926
pprc:PFLCHA0_c55350	ko:K02906
pprc:PFLCHA0_c55360	ko:K02946
pprc:PFLCHA0_c55370	ko:K02358
pprc:PFLCHA0_c55380	ko:K02355
pprc:PFLCHA0_c55390	ko:K02992
pprc:PFLCHA0_c55400	ko:K02950
pprc:PFLCHA0_c55410	ko:K03046
pprc:PFLCHA0_c55420	ko:K03043
pprc:PFLCHA0_c55430	ko:K02935
pprc:PFLCHA0_c55440	ko:K02864
pprc:PFLCHA0_c55450	ko:K02863
pprc:PFLCHA0_c55460	ko:K02867
pprc:PFLCHA0_c55470	ko:K02601
pprc:PFLCHA0_c55480	ko:K03073
pprc:PFLCHA0_c55490	ko:K14235
pprc:PFLCHA0_c55500	ko:K02358
pprc:PFLCHA0_c55510	ko:K14234
pprc:PFLCHA0_c55520	ko:K14225
pprc:PFLCHA0_c55530	ko:K14236
pprc:PFLCHA0_c55540	ko:K03524
pprc:PFLCHA0_c55550	ko:K01985
pprc:PFLCHA0_c55560	ko:K01980
pprc:PFLCHA0_c55570	ko:K14218
pprc:PFLCHA0_c55580	ko:K14227
pprc:PFLCHA0_c55590	ko:K01977
pprc:PFLCHA0_c55600	ko:K01866
pprc:PFLCHA0_c55620	ko:K09001
pprc:PFLCHA0_c55630	ko:K15724
pprc:PFLCHA0_c55640	ko:K00145
pprc:PFLCHA0_c55650	ko:K08973
pprc:PFLCHA0_c55660	ko:K00459
pprc:PFLCHA0_c55680	ko:K07124
pprc:PFLCHA0_c55690	ko:K02503
pprc:PFLCHA0_c55700	ko:K06134
pprc:PFLCHA0_c55710	ko:K07397
pprc:PFLCHA0_c55720	ko:K10914
pprc:PFLCHA0_c55740	ko:K01609
pprc:PFLCHA0_c55750	ko:K00766
pprc:PFLCHA0_c55760	ko:K01658
pprc:PFLCHA0_c55770	ko:K02031
pprc:PFLCHA0_c55770	ko:K02032
pprc:PFLCHA0_c55780	ko:K02034
pprc:PFLCHA0_c55790	ko:K02033
pprc:PFLCHA0_c55800	ko:K02035
pprc:PFLCHA0_c55820	ko:K01657
pprc:PFLCHA0_c55830	ko:K01091
pprc:PFLCHA0_c55840	ko:K01783
pprc:PFLCHA0_c55850	ko:K19954
pprc:PFLCHA0_c55870	ko:K19954
pprc:PFLCHA0_c55890	ko:K02053
pprc:PFLCHA0_c55900	ko:K02054
pprc:PFLCHA0_c55910	ko:K02055
pprc:PFLCHA0_c55920	ko:K02052
pprc:PFLCHA0_c55960	ko:K05801
pprc:PFLCHA0_c55970	ko:K00992
pprc:PFLCHA0_c55980	ko:K07102
pprc:PFLCHA0_c55990	ko:K04744
pprc:PFLCHA0_c56000	ko:K03771
pprc:PFLCHA0_c56010	ko:K00097
pprc:PFLCHA0_c56020	ko:K02528
pprc:PFLCHA0_c56030	ko:K06195
pprc:PFLCHA0_c56040	ko:K01525
pprc:PFLCHA0_c56050	ko:K02439
pprc:PFLCHA0_c56060	ko:K07180
pprc:PFLCHA0_c56070	ko:K09786
pprc:PFLCHA0_c56080	ko:K06415
pprc:PFLCHA0_c56090	ko:K00974
pprc:PFLCHA0_c56100	ko:K00950
pprc:PFLCHA0_c56110	ko:K01633
pprc:PFLCHA0_c56120	ko:K08591
pprc:PFLCHA0_c56130	ko:K25706
pprc:PFLCHA0_c56140	ko:K02970
pprc:PFLCHA0_c56150	ko:K02316
pprc:PFLCHA0_c56160	ko:K03086
pprc:PFLCHA0_c56180	ko:K14230
pprc:PFLCHA0_c56200	ko:K05358
pprc:PFLCHA0_c56220	ko:K00468
pprc:PFLCHA0_c56230	ko:K01506
pprc:PFLCHA0_c56250	ko:K06135
pprc:PFLCHA0_c56260	ko:K06136
pprc:PFLCHA0_c56270	ko:K06137
pprc:PFLCHA0_c56280	ko:K06139
pprc:PFLCHA0_c56320	ko:K00821
pprc:PFLCHA0_c56340	ko:K11921
pprc:PFLCHA0_c56350	ko:K20035
pprc:PFLCHA0_c56360	ko:K20035
pprc:PFLCHA0_c56380	ko:K20035
pprc:PFLCHA0_c56400	ko:K01935
pprc:PFLCHA0_c56410	ko:K02169
pprc:PFLCHA0_c56420	ko:K02170
pprc:PFLCHA0_c56430	ko:K00652
pprc:PFLCHA0_c56440	ko:K01012
pprc:PFLCHA0_c56460	ko:K02019
pprc:PFLCHA0_c56470	ko:K07093
pprc:PFLCHA0_c56490	ko:K05786
pprc:PFLCHA0_c56510	ko:K01638
pprc:PFLCHA0_c56530	ko:K07182
pprc:PFLCHA0_c56540	ko:K02342
pprc:PFLCHA0_c56550	ko:K23514
pprc:PFLCHA0_c56560	ko:K07165
pprc:PFLCHA0_c56570	ko:K02014
pprc:PFLCHA0_c56610	ko:K06143
pprc:PFLCHA0_c56620	ko:K07641
pprc:PFLCHA0_c56630	ko:K07663
pprc:PFLCHA0_c56680	ko:K08989
pprc:PFLCHA0_c56700	ko:K03088
pprc:PFLCHA0_c56730	ko:K19157
pprc:PFLCHA0_c56740	ko:K07473
pprc:PFLCHA0_c56760	ko:K00148
pprc:PFLCHA0_c56770	ko:K01433
pprc:PFLCHA0_c56780	ko:K00305
pprc:PFLCHA0_c56790	ko:K00302
pprc:PFLCHA0_c56800	ko:K00304
pprc:PFLCHA0_c56810	ko:K00303
pprc:PFLCHA0_c56820	ko:K00600
pprc:PFLCHA0_c56840	ko:K01620
pprc:PFLCHA0_c56850	ko:K03457
pprc:PFLCHA0_c56870	ko:K21832
pprc:PFLCHA0_c56880	ko:K00479
pprc:PFLCHA0_c56900	ko:K25961
pprc:PFLCHA0_c56910	ko:K25960
pprc:PFLCHA0_c56920	ko:K21834
pprc:PFLCHA0_c56930	ko:K21833
pprc:PFLCHA0_c56950	ko:K01273
pprc:PFLCHA0_c56970	ko:K07127
pprc:PFLCHA0_c56990	ko:K24206
pprc:PFLCHA0_c57010	ko:K06218
pprc:PFLCHA0_c57040	ko:K17736
pprc:PFLCHA0_c57050	ko:K02002
pprc:PFLCHA0_c57060	ko:K27837
pprc:PFLCHA0_c57070	ko:K17735
pprc:PFLCHA0_c57080	ko:K27492
pprc:PFLCHA0_c57090	ko:K00471
pprc:PFLCHA0_c57120	ko:K18816
pprc:PFLCHA0_c57130	ko:K21826
pprc:PFLCHA0_c57140	ko:K01752
pprc:PFLCHA0_c57150	ko:K02002
pprc:PFLCHA0_c57160	ko:K02001
pprc:PFLCHA0_c57170	ko:K02000
pprc:PFLCHA0_c57180	ko:K02168
pprc:PFLCHA0_c57200	ko:K02167
pprc:PFLCHA0_c57210	ko:K00130
pprc:PFLCHA0_c57220	ko:K00108
pprc:PFLCHA0_c57260	ko:K05591
pprc:PFLCHA0_c57290	ko:K02030
pprc:PFLCHA0_c57300	ko:K02348
pprc:PFLCHA0_c57320	ko:K07043
pprc:PFLCHA0_c57350	ko:K01624
pprc:PFLCHA0_c57380	ko:K00927
pprc:PFLCHA0_c57390	ko:K03472
pprc:PFLCHA0_c57400	ko:K00615
pprc:PFLCHA0_c57420	ko:K00789
pprc:PFLCHA0_c57430	ko:K01972
pprc:PFLCHA0_c57460	ko:K08304
pprc:PFLCHA0_c57500	ko:K03316
pprc:PFLCHA0_c57510	ko:K21990
pprc:PFLCHA0_c57530	ko:K01251
pprc:PFLCHA0_c57540	ko:K00297
pprc:PFLCHA0_c57550	ko:K02030
pprc:PFLCHA0_c57560	ko:K11927
pprc:PFLCHA0_c57590	ko:K00833
pprc:PFLCHA0_c57600	ko:K09761
pprc:PFLCHA0_c57630	ko:K00285
pprc:PFLCHA0_c57650	ko:K11068
pprc:PFLCHA0_c57660	ko:K13928
pprc:PFLCHA0_c57690	ko:K13935
pprc:PFLCHA0_c57700	ko:K13934
pprc:PFLCHA0_c57710	ko:K13933
pprc:PFLCHA0_c57720	ko:K13932
pprc:PFLCHA0_c57730	ko:K13931
pprc:PFLCHA0_c57740	ko:K13930
pprc:PFLCHA0_c57750	ko:K13929
pprc:PFLCHA0_c57770	ko:K06598
pprc:PFLCHA0_c57780	ko:K06596
pprc:PFLCHA0_c57790	ko:K02660
pprc:PFLCHA0_c57800	ko:K02659
pprc:PFLCHA0_c57810	ko:K02658
pprc:PFLCHA0_c57820	ko:K02657
pprc:PFLCHA0_c57830	ko:K01920
pprc:PFLCHA0_c57840	ko:K03832
pprc:PFLCHA0_c57850	ko:K07447
pprc:PFLCHA0_c57860	ko:K02825
pprc:PFLCHA0_c57870	ko:K00609
pprc:PFLCHA0_c57880	ko:K01465
pprc:PFLCHA0_c57910	ko:K02669
pprc:PFLCHA0_c57920	ko:K06997
pprc:PFLCHA0_c57930	ko:K00286
pprc:PFLCHA0_c57940	ko:K02221
pprc:PFLCHA0_c57950	ko:K09131
pprc:PFLCHA0_c57960	ko:K00641
pprc:PFLCHA0_c57990	ko:K01519
pprc:PFLCHA0_c58020	ko:K07559
pprc:PFLCHA0_c58030	ko:K03439
pprc:PFLCHA0_c58040	ko:K03149
pprc:PFLCHA0_c58050	ko:K03154
pprc:PFLCHA0_c58070	ko:K03814
pprc:PFLCHA0_c58080	ko:K03089
pprc:PFLCHA0_c58090	ko:K09811
pprc:PFLCHA0_c58100	ko:K09812
pprc:PFLCHA0_c58110	ko:K03110
pprc:PFLCHA0_c58120	ko:K07263
pprc:PFLCHA0_c58130	ko:K07263
pprc:PFLCHA0_c58140	ko:K08316
pprc:PFLCHA0_c58150	ko:K07019
pprc:PFLCHA0_c58170	ko:K01011
pprc:PFLCHA0_c58190	ko:K00154
pprc:PFLCHA0_c58220	ko:K00954
pprc:PFLCHA0_c58240	ko:K10563
pprc:PFLCHA0_c58260	ko:K06969
pprc:PFLCHA0_c58310	ko:K01687
pprc:PFLCHA0_c58330	ko:K09795
pprc:PFLCHA0_c58350	ko:K21830
pprc:PFLCHA0_c58360	ko:K06956
pprc:PFLCHA0_c58370	ko:K00287
pprc:PFLCHA0_c58400	ko:K21196
pprc:PFLCHA0_c58410	ko:K27877
pprc:PFLCHA0_c58420	ko:K02012
pprc:PFLCHA0_c58430	ko:K02011
pprc:PFLCHA0_c58440	ko:K02010
pprc:PFLCHA0_c58460	ko:K01534
pprc:PFLCHA0_c58480	ko:K19302
pprc:PFLCHA0_c58490	ko:K00560
pprc:PFLCHA0_c58500	ko:K13292
pprc:PFLCHA0_c58510	ko:K07090
pprc:PFLCHA0_c58530	ko:K08484
pprc:PFLCHA0_c58540	ko:K08311
pprc:PFLCHA0_c58550	ko:K28842
pprc:PFLCHA0_c58590	ko:K01754
pprc:PFLCHA0_c58600	ko:K01807
pprc:PFLCHA0_c58630	ko:K29029
pprc:PFLCHA0_c58650	ko:K00058
pprc:PFLCHA0_c58670	ko:K02424
pprc:PFLCHA0_c58690	ko:K07394
pprc:PFLCHA0_c58730	ko:K01434
pprc:PFLCHA0_c58760	ko:K11074
pprc:PFLCHA0_c58770	ko:K11075
pprc:PFLCHA0_c58780	ko:K11076
pprc:PFLCHA0_c58790	ko:K11073
pprc:PFLCHA0_c58800	ko:K11073
pprc:PFLCHA0_c58810	ko:K12256
pprc:PFLCHA0_c58820	ko:K01915
pprc:PFLCHA0_c58830	ko:K07010
pprc:PFLCHA0_c58840	ko:K01915
pprc:PFLCHA0_c58860	ko:K00867
pprc:PFLCHA0_c58880	ko:K15555
pprc:PFLCHA0_c58890	ko:K15554
pprc:PFLCHA0_c58900	ko:K04091
pprc:PFLCHA0_c58910	ko:K15553
pprc:PFLCHA0_c58920	ko:K00299
pprc:PFLCHA0_c58930	ko:K24158
pprc:PFLCHA0_c58950	ko:K14682
pprc:PFLCHA0_c58960	ko:K01438
pprc:PFLCHA0_c58980	ko:K05800
pprc:PFLCHA0_c59000	ko:K02454
pprc:PFLCHA0_c59010	ko:K03406
pprc:PFLCHA0_c59030	ko:K07340
pprc:PFLCHA0_c59060	ko:K23519
pprc:PFLCHA0_c59080	ko:K22838
pprc:PFLCHA0_c59090	ko:K22839
pprc:PFLCHA0_c59100	ko:K22840
pprc:PFLCHA0_c59110	ko:K15431
pprc:PFLCHA0_c59140	ko:K00281
pprc:PFLCHA0_c59160	ko:K02437
pprc:PFLCHA0_c59170	ko:K00605
pprc:PFLCHA0_c59180	ko:K02011
pprc:PFLCHA0_c59190	ko:K02012
pprc:PFLCHA0_c59200	ko:K18800
pprc:PFLCHA0_c59220	ko:K03185
pprc:PFLCHA0_c59230	ko:K01262
pprc:PFLCHA0_c59240	ko:K09895
pprc:PFLCHA0_c59250	ko:K09892
pprc:PFLCHA0_c59260	ko:K09888
pprc:PFLCHA0_c59270	ko:K01934
pprc:PFLCHA0_c59300	ko:K01993
pprc:PFLCHA0_c59310	ko:K13926
pprc:PFLCHA0_c59320	ko:K01992
pprc:PFLCHA0_c59330	ko:K02415
pprc:PFLCHA0_c59340	ko:K00344
pprc:PFLCHA0_c59350	ko:K07232
pprc:PFLCHA0_c59360	ko:K00523
pprc:PFLCHA0_c59370	ko:K03182
pprc:PFLCHA0_c59380	ko:K03628
pprc:PFLCHA0_c59390	ko:K03671
pprc:PFLCHA0_c59400	ko:K01524
pprc:PFLCHA0_c59410	ko:K00937
pprc:PFLCHA0_c59420	ko:K01698
pprc:PFLCHA0_c59460	ko:K09768
pprc:PFLCHA0_c59470	ko:K07243
pprc:PFLCHA0_c59490	ko:K05834
pprc:PFLCHA0_c59510	ko:K06158
pprc:PFLCHA0_c59550	ko:K03773
pprc:PFLCHA0_c59560	ko:K07740
pprc:PFLCHA0_c59570	ko:K03611
pprc:PFLCHA0_c59580	ko:K02498
pprc:PFLCHA0_c59590	ko:K02496
pprc:PFLCHA0_c59600	ko:K01719
pprc:PFLCHA0_c59610	ko:K01749
pprc:PFLCHA0_c59620	ko:K08083
pprc:PFLCHA0_c59630	ko:K01755
pprc:PFLCHA0_c59640	ko:K00799
pprc:PFLCHA0_c59670	ko:K05851
pprc:PFLCHA0_c59680	ko:K06140
pprc:PFLCHA0_c59690	ko:K06938
pprc:PFLCHA0_c59700	ko:K06202
pprc:PFLCHA0_c59720	ko:K01586
pprc:PFLCHA0_c59730	ko:K01778
pprc:PFLCHA0_c59740	ko:K09921
pprc:PFLCHA0_c59750	ko:K03733
pprc:PFLCHA0_c59760	ko:K20862
pprc:PFLCHA0_c59790	ko:K03320
pprc:PFLCHA0_c59800	ko:K04752
pprc:PFLCHA0_c59810	ko:K09806
pprc:PFLCHA0_c59820	ko:K07391
pprc:PFLCHA0_c59870	ko:K03406
pprc:PFLCHA0_c59880	ko:K03566
pprc:PFLCHA0_c59890	ko:K26939
pprc:PFLCHA0_c59910	ko:K03656
pprc:PFLCHA0_c59920	ko:K03816
pprc:PFLCHA0_c59960	ko:K01775
pprc:PFLCHA0_c59980	ko:K00285
pprc:PFLCHA0_c59990	ko:K03719
pprc:PFLCHA0_c60000	ko:K06940
pprc:PFLCHA0_c60010	ko:K09471
pprc:PFLCHA0_c60030	ko:K06132
pprc:PFLCHA0_c60050	ko:K12254
pprc:PFLCHA0_c60060	ko:K06995
pprc:PFLCHA0_c60070	ko:K02913
pprc:PFLCHA0_c60080	ko:K02902
pprc:PFLCHA0_c60090	ko:K12368
pprc:PFLCHA0_c60100	ko:K03630
pprc:PFLCHA0_c60110	ko:K13038
pprc:PFLCHA0_c60120	ko:K01520
pprc:PFLCHA0_c60130	ko:K15778
pprc:PFLCHA0_c60140	ko:K00930
pprc:PFLCHA0_c60150	ko:K00762
pprc:PFLCHA0_c60160	ko:K01142
pprc:PFLCHA0_c60170	ko:K09940
pprc:PFLCHA0_c60180	ko:K00989
pprc:PFLCHA0_c60200	ko:K00942
pprc:PFLCHA0_c60210	ko:K03060
pprc:PFLCHA0_c60220	ko:K01139
pprc:PFLCHA0_c60260	ko:K03561
pprc:PFLCHA0_c60270	ko:K03559
pprc:PFLCHA0_c60280	ko:K03832
pprc:PFLCHA0_c60290	ko:K04761
pprc:PFLCHA0_c60300	ko:K03655
pprc:PFLCHA0_c60350	ko:K02004
pprc:PFLCHA0_c60360	ko:K02003
pprc:PFLCHA0_c60370	ko:K11912
pprc:PFLCHA0_c60380	ko:K11915
pprc:PFLCHA0_c60390	ko:K11890
pprc:PFLCHA0_c60400	ko:K11891
pprc:PFLCHA0_c60410	ko:K11892
pprc:PFLCHA0_c60420	ko:K11893
pprc:PFLCHA0_c60430	ko:K11906
pprc:PFLCHA0_c60440	ko:K11913
pprc:PFLCHA0_c60450	ko:K11902
pprc:PFLCHA0_c60460	ko:K11901
pprc:PFLCHA0_c60470	ko:K11900
pprc:PFLCHA0_c60480	ko:K11903
pprc:PFLCHA0_c60490	ko:K11897
pprc:PFLCHA0_c60500	ko:K11896
pprc:PFLCHA0_c60510	ko:K11895
pprc:PFLCHA0_c60520	ko:K11907
pprc:PFLCHA0_c60530	ko:K11904
pprc:PFLCHA0_c60610	ko:K05787
pprc:PFLCHA0_c60620	ko:K05297
pprc:PFLCHA0_c60640	ko:K03181
pprc:PFLCHA0_c60650	ko:K03179
pprc:PFLCHA0_c60670	ko:K07657
pprc:PFLCHA0_c60680	ko:K07636
pprc:PFLCHA0_c60690	ko:K03699
pprc:PFLCHA0_c60750	ko:K02039
pprc:PFLCHA0_c60760	ko:K02036
pprc:PFLCHA0_c60780	ko:K02038
pprc:PFLCHA0_c60790	ko:K02037
pprc:PFLCHA0_c60800	ko:K02040
pprc:PFLCHA0_c60810	ko:K03762
pprc:PFLCHA0_c60820	ko:K10806
pprc:PFLCHA0_c60830	ko:K01792
pprc:PFLCHA0_c60840	ko:K09950
pprc:PFLCHA0_c60860	ko:K01589
pprc:PFLCHA0_c60870	ko:K01588
pprc:PFLCHA0_c60880	ko:K21645
pprc:PFLCHA0_c60890	ko:K01744
pprc:PFLCHA0_c60930	ko:K00648
pprc:PFLCHA0_c61000	ko:K03310
pprc:PFLCHA0_c61010	ko:K01424
pprc:PFLCHA0_c61020	ko:K21965
pprc:PFLCHA0_c61070	ko:K11073
pprc:PFLCHA0_c61080	ko:K07112
pprc:PFLCHA0_c61090	ko:K00375
pprc:PFLCHA0_c61100	ko:K07734
pprc:PFLCHA0_c61140	ko:K02030
pprc:PFLCHA0_c61150	ko:K02029
pprc:PFLCHA0_c61170	ko:K07154
pprc:PFLCHA0_c61180	ko:K01960
pprc:PFLCHA0_c61190	ko:K01959
pprc:PFLCHA0_c61200	ko:K21711
pprc:PFLCHA0_c61210	ko:K19337
pprc:PFLCHA0_c61230	ko:K03657
pprc:PFLCHA0_c61240	ko:K08978
pprc:PFLCHA0_c61270	ko:K26735
pprc:PFLCHA0_c61300	ko:K00868
pprc:PFLCHA0_c61350	ko:K06204
pprc:PFLCHA0_c61370	ko:K01448
pprc:PFLCHA0_c61380	ko:K09007
pprc:PFLCHA0_c61390	ko:K02074
pprc:PFLCHA0_c61400	ko:K02075
pprc:PFLCHA0_c61410	ko:K02077
pprc:PFLCHA0_c61420	ko:K01496
pprc:PFLCHA0_c61440	ko:K01465
pprc:PFLCHA0_c61450	ko:K01868
pprc:PFLCHA0_c61470	ko:K06131
pprc:PFLCHA0_c61480	ko:K00574
pprc:PFLCHA0_c61500	ko:K09930
pprc:PFLCHA0_c61540	ko:K04087
pprc:PFLCHA0_c61610	ko:K00981
pprc:PFLCHA0_c61620	ko:K03719
pprc:PFLCHA0_c61660	ko:K07006
pprc:PFLCHA0_c61670	ko:K00799
pprc:PFLCHA0_c61700	ko:K28299
pprc:PFLCHA0_c61730	ko:K00820
pprc:PFLCHA0_c61750	ko:K04042
pprc:PFLCHA0_c61760	ko:K02114
pprc:PFLCHA0_c61770	ko:K02112
pprc:PFLCHA0_c61780	ko:K02115
pprc:PFLCHA0_c61790	ko:K02111
pprc:PFLCHA0_c61800	ko:K02113
pprc:PFLCHA0_c61810	ko:K02109
pprc:PFLCHA0_c61820	ko:K02110
pprc:PFLCHA0_c61830	ko:K02108
pprc:PFLCHA0_c61840	ko:K02116
pprc:PFLCHA0_c61850	ko:K03497
pprc:PFLCHA0_c61860	ko:K03496
pprc:PFLCHA0_c61870	ko:K03501
pprc:PFLCHA0_c61880	ko:K03495
pprc:PFLCHA0_c61900	ko:K16234
pprc:PFLCHA0_c61910	ko:K03650
pprc:PFLCHA0_c61920	ko:K03217
pprc:PFLCHA0_c61930	ko:K08998
pprc:PFLCHA0_c61940	ko:K03536
pprc:PFLCHA0_c61942	ko:K14228
pprc:PFLCHA0_c61944	ko:K14228
pprc:PFLCHA0_c61946	ko:K14228
pprc:PFLCHA0_c61948	ko:K14233
pprc:PFLCHA0_c61950	ko:K14228
