psaa:QEN71_00005	ko:K02313
psaa:QEN71_00010	ko:K02338
psaa:QEN71_00015	ko:K02470
psaa:QEN71_00025	ko:K13652
psaa:QEN71_00030	ko:K16238
psaa:QEN71_00035	ko:K03735
psaa:QEN71_00040	ko:K03736
psaa:QEN71_00045	ko:K09959
psaa:QEN71_00050	ko:K00138
psaa:QEN71_00055	ko:K04033
psaa:QEN71_00065	ko:K05591
psaa:QEN71_00075	ko:K14287
psaa:QEN71_00080	ko:K11206
psaa:QEN71_00085	ko:K10013
psaa:QEN71_00095	ko:K03088
psaa:QEN71_00110	ko:K14229
psaa:QEN71_00125	ko:K00058
psaa:QEN71_00130	ko:K01596
psaa:QEN71_00140	ko:K03169
psaa:QEN71_00150	ko:K04096
psaa:QEN71_00155	ko:K01462
psaa:QEN71_00160	ko:K00604
psaa:QEN71_00170	ko:K03799
psaa:QEN71_00175	ko:K03500
psaa:QEN71_00185	ko:K13598
psaa:QEN71_00190	ko:K13599
psaa:QEN71_00195	ko:K14231
psaa:QEN71_00200	ko:K06920
psaa:QEN71_00205	ko:K10026
psaa:QEN71_00210	ko:K01737
psaa:QEN71_00215	ko:K01630
psaa:QEN71_00220	ko:K07126
psaa:QEN71_00225	ko:K05837
psaa:QEN71_00230	ko:K05515
psaa:QEN71_00235	ko:K03571
psaa:QEN71_00240	ko:K03570
psaa:QEN71_00245	ko:K03569
psaa:QEN71_00250	ko:K02435
psaa:QEN71_00255	ko:K02433
psaa:QEN71_00260	ko:K02434
psaa:QEN71_00270	ko:K01142
psaa:QEN71_00280	ko:K08218
psaa:QEN71_00290	ko:K00641
psaa:QEN71_00295	ko:K05501
psaa:QEN71_00305	ko:K00930
psaa:QEN71_00320	ko:K15011
psaa:QEN71_00325	ko:K15012
psaa:QEN71_00330	ko:K03667
psaa:QEN71_00335	ko:K01419
psaa:QEN71_00340	ko:K06204
psaa:QEN71_00350	ko:K06969
psaa:QEN71_00355	ko:K03733
psaa:QEN71_00360	ko:K09921
psaa:QEN71_00365	ko:K01778
psaa:QEN71_00370	ko:K02517
psaa:QEN71_00375	ko:K00789
psaa:QEN71_00395	ko:K19265
psaa:QEN71_00405	ko:K08224
psaa:QEN71_00410	ko:K18139
psaa:QEN71_00415	ko:K03585
psaa:QEN71_00420	ko:K18138
psaa:QEN71_00440	ko:K09939
psaa:QEN71_00455	ko:K07402
psaa:QEN71_00460	ko:K09386
psaa:QEN71_00465	ko:K07161
psaa:QEN71_00475	ko:K03519
psaa:QEN71_00480	ko:K03520
psaa:QEN71_00485	ko:K03518
psaa:QEN71_00500	ko:K03294
psaa:QEN71_00505	ko:K07689
psaa:QEN71_00515	ko:K00528
psaa:QEN71_00520	ko:K05835
psaa:QEN71_00525	ko:K23509
psaa:QEN71_00530	ko:K23509
psaa:QEN71_00535	ko:K10820
psaa:QEN71_00540	ko:K23508
psaa:QEN71_00545	ko:K02529
psaa:QEN71_00550	ko:K01785
psaa:QEN71_00590	ko:K01426
psaa:QEN71_00600	ko:K01999
psaa:QEN71_00620	ko:K07226
psaa:QEN71_00625	ko:K03746
psaa:QEN71_00635	ko:K03719
psaa:QEN71_00645	ko:K01069
psaa:QEN71_00650	ko:K03642
psaa:QEN71_00655	ko:K07056
psaa:QEN71_00660	ko:K07460
psaa:QEN71_00665	ko:K03271
psaa:QEN71_00670	ko:K28369
psaa:QEN71_00675	ko:K08738
psaa:QEN71_00680	ko:K14218
psaa:QEN71_00725	ko:K19147
psaa:QEN71_00800	ko:K00943
psaa:QEN71_00815	ko:K00560
psaa:QEN71_00835	ko:K07733
psaa:QEN71_00840	ko:K14218
psaa:QEN71_00855	ko:K17763
psaa:QEN71_00860	ko:K17762
psaa:QEN71_00865	ko:K17752
psaa:QEN71_00890	ko:K27078
psaa:QEN71_00895	ko:K07347
psaa:QEN71_00900	ko:K07346
psaa:QEN71_00905	ko:K27078
psaa:QEN71_00915	ko:K09965
psaa:QEN71_00920	ko:K03406
psaa:QEN71_00925	ko:K09016
psaa:QEN71_00930	ko:K24163
psaa:QEN71_00940	ko:K06201
psaa:QEN71_00945	ko:K04090
psaa:QEN71_00955	ko:K00799
psaa:QEN71_00960	ko:K08715
psaa:QEN71_00975	ko:K00847
psaa:QEN71_00980	ko:K29027
psaa:QEN71_00995	ko:K14347
psaa:QEN71_01015	ko:K11942
psaa:QEN71_01020	ko:K00459
psaa:QEN71_01025	ko:K01561
psaa:QEN71_01030	ko:K03719
psaa:QEN71_01050	ko:K06938
psaa:QEN71_01060	ko:K01640
psaa:QEN71_01065	ko:K12972
psaa:QEN71_01070	ko:K07002
psaa:QEN71_01080	ko:K02048
psaa:QEN71_01085	ko:K01012
psaa:QEN71_01090	ko:K01935
psaa:QEN71_01095	ko:K00652
psaa:QEN71_01100	ko:K00833
psaa:QEN71_01110	ko:K09858
psaa:QEN71_01115	ko:K00248
psaa:QEN71_01125	ko:K00626
psaa:QEN71_01130	ko:K01673
psaa:QEN71_01135	ko:K00906
psaa:QEN71_01150	ko:K12368
psaa:QEN71_01165	ko:K03673
psaa:QEN71_01175	ko:K01887
psaa:QEN71_01190	ko:K00548
psaa:QEN71_01195	ko:K00548
psaa:QEN71_01205	ko:K01055
psaa:QEN71_01220	ko:K16171
psaa:QEN71_01225	ko:K01999
psaa:QEN71_01245	ko:K21345
psaa:QEN71_01255	ko:K03525
psaa:QEN71_01260	ko:K03524
psaa:QEN71_01265	ko:K02066
psaa:QEN71_01270	ko:K02065
psaa:QEN71_01275	ko:K02067
psaa:QEN71_01280	ko:K18480
psaa:QEN71_01295	ko:K07018
psaa:QEN71_01300	ko:K07258
psaa:QEN71_01305	ko:K09158
psaa:QEN71_01310	ko:K03566
psaa:QEN71_01320	ko:K03801
psaa:QEN71_01325	ko:K03644
psaa:QEN71_01330	ko:K03324
psaa:QEN71_01340	ko:K01126
psaa:QEN71_01345	ko:K02055
psaa:QEN71_01350	ko:K02054
psaa:QEN71_01355	ko:K02053
psaa:QEN71_01360	ko:K02052
psaa:QEN71_01365	ko:K11103
psaa:QEN71_01370	ko:K10125
psaa:QEN71_01375	ko:K10126
psaa:QEN71_01390	ko:K07391
psaa:QEN71_01395	ko:K09806
psaa:QEN71_01400	ko:K04752
psaa:QEN71_01405	ko:K03320
psaa:QEN71_01410	ko:K01919
psaa:QEN71_01415	ko:K01920
psaa:QEN71_01420	ko:K02793
psaa:QEN71_01425	ko:K02784
psaa:QEN71_01430	ko:K08483
psaa:QEN71_01435	ko:K21029
psaa:QEN71_01440	ko:K03797
psaa:QEN71_01445	ko:K01834
psaa:QEN71_01455	ko:K03676
psaa:QEN71_01460	ko:K03071
psaa:QEN71_01465	ko:K00057
psaa:QEN71_01470	ko:K23518
psaa:QEN71_01475	ko:K03216
psaa:QEN71_01485	ko:K02169
psaa:QEN71_01495	ko:K02275
psaa:QEN71_01500	ko:K02274
psaa:QEN71_01510	ko:K02258
psaa:QEN71_01520	ko:K02276
psaa:QEN71_01530	ko:K14998
psaa:QEN71_01540	ko:K02259
psaa:QEN71_01545	ko:K02257
psaa:QEN71_01550	ko:K07152
psaa:QEN71_01560	ko:K03406
psaa:QEN71_01570	ko:K02073
psaa:QEN71_01580	ko:K24967
psaa:QEN71_01585	ko:K01443
psaa:QEN71_01590	ko:K00820
psaa:QEN71_01595	ko:K23993
psaa:QEN71_01600	ko:K02804
psaa:QEN71_01605	ko:K00424
psaa:QEN71_01610	ko:K00426
psaa:QEN71_01615	ko:K00425
psaa:QEN71_01625	ko:K03089
psaa:QEN71_01630	ko:K12976
psaa:QEN71_01640	ko:K01649
psaa:QEN71_01650	ko:K16165
psaa:QEN71_01655	ko:K01800
psaa:QEN71_01660	ko:K03110
psaa:QEN71_01665	ko:K08316
psaa:QEN71_01670	ko:K00954
psaa:QEN71_01680	ko:K00817
psaa:QEN71_01685	ko:K01056
psaa:QEN71_01690	ko:K02897
psaa:QEN71_01695	ko:K00948
psaa:QEN71_01700	ko:K14223
psaa:QEN71_01705	ko:K00919
psaa:QEN71_01710	ko:K02494
psaa:QEN71_01720	ko:K10563
psaa:QEN71_01725	ko:K03575
psaa:QEN71_01730	ko:K07157
psaa:QEN71_01735	ko:K06958
psaa:QEN71_01740	ko:K06023
psaa:QEN71_01745	ko:K02806
psaa:QEN71_01750	ko:K05808
psaa:QEN71_01755	ko:K03092
psaa:QEN71_01760	ko:K06861
psaa:QEN71_01765	ko:K09774
psaa:QEN71_01770	ko:K11719
psaa:QEN71_01775	ko:K03270
psaa:QEN71_01780	ko:K06041
psaa:QEN71_01785	ko:K03455
psaa:QEN71_01790	ko:K00759
psaa:QEN71_01805	ko:K01433
psaa:QEN71_01815	ko:K02014
psaa:QEN71_01825	ko:K03701
psaa:QEN71_01835	ko:K03111
psaa:QEN71_01840	ko:K00059
psaa:QEN71_01845	ko:K18900
psaa:QEN71_01855	ko:K05874
psaa:QEN71_01865	ko:K02274
psaa:QEN71_01870	ko:K02275
psaa:QEN71_01900	ko:K07687
psaa:QEN71_01905	ko:K07687
psaa:QEN71_01910	ko:K07687
psaa:QEN71_01915	ko:K06188
psaa:QEN71_01960	ko:K06015
psaa:QEN71_01975	ko:K06879
psaa:QEN71_01980	ko:K01081
psaa:QEN71_01985	ko:K01754
psaa:QEN71_02005	ko:K03183
psaa:QEN71_02015	ko:K03690
psaa:QEN71_02020	ko:K03688
psaa:QEN71_02040	ko:K01876
psaa:QEN71_02045	ko:K08310
psaa:QEN71_02050	ko:K06131
psaa:QEN71_02060	ko:K20035
psaa:QEN71_02065	ko:K07516
psaa:QEN71_02070	ko:K00632
psaa:QEN71_02080	ko:K02379
psaa:QEN71_02095	ko:K10806
psaa:QEN71_02100	ko:K24821
psaa:QEN71_02105	ko:K00992
psaa:QEN71_02110	ko:K07102
psaa:QEN71_02115	ko:K04744
psaa:QEN71_02120	ko:K03771
psaa:QEN71_02125	ko:K00097
psaa:QEN71_02130	ko:K02528
psaa:QEN71_02140	ko:K01759
psaa:QEN71_02150	ko:K00655
psaa:QEN71_02155	ko:K03273
psaa:QEN71_02160	ko:K01879
psaa:QEN71_02165	ko:K01878
psaa:QEN71_02170	ko:K03820
psaa:QEN71_02175	ko:K06189
psaa:QEN71_02180	ko:K07232
psaa:QEN71_02185	ko:K07042
psaa:QEN71_02190	ko:K06217
psaa:QEN71_02195	ko:K06168
psaa:QEN71_02210	ko:K19577
psaa:QEN71_02220	ko:K02858
psaa:QEN71_02230	ko:K00864
psaa:QEN71_02235	ko:K00111
psaa:QEN71_02250	ko:K02444
psaa:QEN71_02265	ko:K11927
psaa:QEN71_02270	ko:K11068
psaa:QEN71_02285	ko:K07156
psaa:QEN71_02290	ko:K07245
psaa:QEN71_02295	ko:K01684
psaa:QEN71_02305	ko:K03446
psaa:QEN71_02315	ko:K14230
psaa:QEN71_02330	ko:K02483
psaa:QEN71_02335	ko:K03553
psaa:QEN71_02340	ko:K03565
psaa:QEN71_02350	ko:K01903
psaa:QEN71_02355	ko:K01902
psaa:QEN71_02365	ko:K02650
psaa:QEN71_02375	ko:K03637
psaa:QEN71_02380	ko:K01423
psaa:QEN71_02390	ko:K07019
psaa:QEN71_02400	ko:K02843
psaa:QEN71_02410	ko:K00826
psaa:QEN71_02415	ko:K26605
psaa:QEN71_02420	ko:K26606
psaa:QEN71_02425	ko:K00927
psaa:QEN71_02430	ko:K00873
psaa:QEN71_02435	ko:K01624
psaa:QEN71_02440	ko:K01923
psaa:QEN71_02445	ko:K01588
psaa:QEN71_02450	ko:K01589
psaa:QEN71_02455	ko:K07566
psaa:QEN71_02470	ko:K07259
psaa:QEN71_02475	ko:K02483
psaa:QEN71_02480	ko:K02484
psaa:QEN71_02485	ko:K04771
psaa:QEN71_02515	ko:K03577
psaa:QEN71_02520	ko:K03585
psaa:QEN71_02525	ko:K18138
psaa:QEN71_02530	ko:K18139
psaa:QEN71_02545	ko:K24206
psaa:QEN71_02550	ko:K00854
psaa:QEN71_02555	ko:K00121
psaa:QEN71_02560	ko:K01070
psaa:QEN71_02565	ko:K02075
psaa:QEN71_02570	ko:K02074
psaa:QEN71_02575	ko:K02077
psaa:QEN71_02580	ko:K09823
psaa:QEN71_02585	ko:K21620
psaa:QEN71_02590	ko:K10227
psaa:QEN71_02595	ko:K10228
psaa:QEN71_02600	ko:K10229
psaa:QEN71_02610	ko:K10111
psaa:QEN71_02625	ko:K00854
psaa:QEN71_02630	ko:K00007
psaa:QEN71_02640	ko:K10439
psaa:QEN71_02645	ko:K10441
psaa:QEN71_02650	ko:K10440
psaa:QEN71_02655	ko:K23271
psaa:QEN71_02660	ko:K24707
psaa:QEN71_02670	ko:K00453
psaa:QEN71_02675	ko:K01556
psaa:QEN71_02680	ko:K07130
psaa:QEN71_02685	ko:K03719
psaa:QEN71_02695	ko:K07304
psaa:QEN71_02705	ko:K00574
psaa:QEN71_02710	ko:K00275
psaa:QEN71_02715	ko:K22132
psaa:QEN71_02720	ko:K05838
psaa:QEN71_02730	ko:K15268
psaa:QEN71_02735	ko:K01448
psaa:QEN71_02740	ko:K06925
psaa:QEN71_02745	ko:K18979
psaa:QEN71_02750	ko:K00567
psaa:QEN71_02755	ko:K04763
psaa:QEN71_02760	ko:K01897
psaa:QEN71_02770	ko:K08591
psaa:QEN71_02775	ko:K09767
psaa:QEN71_02780	ko:K00075
psaa:QEN71_02785	ko:K00611
psaa:QEN71_02795	ko:K02968
psaa:QEN71_02800	ko:K03980
psaa:QEN71_02815	ko:K00939
psaa:QEN71_02820	ko:K00979
psaa:QEN71_02825	ko:K09791
psaa:QEN71_02830	ko:K00912
psaa:QEN71_02835	ko:K03601
psaa:QEN71_02840	ko:K04564
psaa:QEN71_02860	ko:K01358
psaa:QEN71_02880	ko:K07746
psaa:QEN71_02900	ko:K01647
psaa:QEN71_02910	ko:K24967
psaa:QEN71_02930	ko:K02031
psaa:QEN71_02930	ko:K02032
psaa:QEN71_02935	ko:K02034
psaa:QEN71_02940	ko:K02033
psaa:QEN71_02945	ko:K02035
psaa:QEN71_02950	ko:K07241
psaa:QEN71_02960	ko:K02355
psaa:QEN71_02965	ko:K09005
psaa:QEN71_02975	ko:K06181
psaa:QEN71_02980	ko:K00031
psaa:QEN71_02995	ko:K03704
psaa:QEN71_03000	ko:K06891
psaa:QEN71_03005	ko:K03694
psaa:QEN71_03010	ko:K01520
psaa:QEN71_03020	ko:K13038
psaa:QEN71_03025	ko:K03101
psaa:QEN71_03030	ko:K01870
psaa:QEN71_03035	ko:K11753
psaa:QEN71_03040	ko:K11175
psaa:QEN71_03045	ko:K03500
psaa:QEN71_03055	ko:K00507
psaa:QEN71_03060	ko:K03517
psaa:QEN71_03065	ko:K00767
psaa:QEN71_03070	ko:K00278
psaa:QEN71_03075	ko:K02913
psaa:QEN71_03080	ko:K02902
psaa:QEN71_03085	ko:K03630
psaa:QEN71_03090	ko:K03774
psaa:QEN71_03095	ko:K03527
psaa:QEN71_03100	ko:K01999
psaa:QEN71_03105	ko:K01997
psaa:QEN71_03110	ko:K01998
psaa:QEN71_03115	ko:K01995
psaa:QEN71_03120	ko:K01996
psaa:QEN71_03130	ko:K00821
psaa:QEN71_03135	ko:K00523
psaa:QEN71_03150	ko:K06183
psaa:QEN71_03155	ko:K02000
psaa:QEN71_03160	ko:K02001
psaa:QEN71_03165	ko:K02002
psaa:QEN71_03190	ko:K11734
psaa:QEN71_03195	ko:K14228
psaa:QEN71_03200	ko:K02495
psaa:QEN71_03205	ko:K06940
psaa:QEN71_03215	ko:K06153
psaa:QEN71_03220	ko:K03439
psaa:QEN71_03225	ko:K14225
psaa:QEN71_03230	ko:K02221
psaa:QEN71_03260	ko:K03182
psaa:QEN71_03280	ko:K03625
psaa:QEN71_03285	ko:K00794
psaa:QEN71_03290	ko:K14652
psaa:QEN71_03295	ko:K00793
psaa:QEN71_03300	ko:K11752
psaa:QEN71_03305	ko:K01845
psaa:QEN71_03315	ko:K07552
psaa:QEN71_03320	ko:K00845
psaa:QEN71_03325	ko:K01057
psaa:QEN71_03330	ko:K00036
psaa:QEN71_03335	ko:K17315
psaa:QEN71_03340	ko:K17316
psaa:QEN71_03345	ko:K17317
psaa:QEN71_03350	ko:K10112
psaa:QEN71_03380	ko:K00384
psaa:QEN71_03385	ko:K03466
psaa:QEN71_03390	ko:K03634
psaa:QEN71_03400	ko:K12255
psaa:QEN71_03410	ko:K03457
psaa:QEN71_03415	ko:K07478
psaa:QEN71_03420	ko:K01875
psaa:QEN71_03425	ko:K14233
psaa:QEN71_03435	ko:K14986
psaa:QEN71_03450	ko:K03585
psaa:QEN71_03455	ko:K18138
psaa:QEN71_03460	ko:K18139
psaa:QEN71_03465	ko:K03808
psaa:QEN71_03470	ko:K06192
psaa:QEN71_03475	ko:K09857
psaa:QEN71_03480	ko:K07345
psaa:QEN71_03485	ko:K07345
psaa:QEN71_03490	ko:K07347
psaa:QEN71_03495	ko:K15540
psaa:QEN71_03500	ko:K07345
psaa:QEN71_03505	ko:K01265
psaa:QEN71_03515	ko:K03610
psaa:QEN71_03520	ko:K03609
psaa:QEN71_03525	ko:K03608
psaa:QEN71_03535	ko:K03281
psaa:QEN71_03540	ko:K02841
psaa:QEN71_03555	ko:K03832
psaa:QEN71_03630	ko:K14233
psaa:QEN71_03640	ko:K01519
psaa:QEN71_03645	ko:K00989
psaa:QEN71_03655	ko:K00942
psaa:QEN71_03660	ko:K03060
psaa:QEN71_03665	ko:K01139
psaa:QEN71_03675	ko:K14219
psaa:QEN71_03680	ko:K14219
psaa:QEN71_03685	ko:K04760
psaa:QEN71_03690	ko:K03285
psaa:QEN71_03700	ko:K03704
psaa:QEN71_03705	ko:K02342
psaa:QEN71_03710	ko:K04093
psaa:QEN71_03735	ko:K02014
psaa:QEN71_03755	ko:K18702
psaa:QEN71_03765	ko:K14234
psaa:QEN71_03770	ko:K03841
psaa:QEN71_03775	ko:K21498
psaa:QEN71_03780	ko:K07334
psaa:QEN71_03785	ko:K01256
psaa:QEN71_03795	ko:K23541
psaa:QEN71_03810	ko:K02078
psaa:QEN71_03815	ko:K02078
psaa:QEN71_03835	ko:K01745
psaa:QEN71_03840	ko:K07107
psaa:QEN71_03855	ko:K00647
psaa:QEN71_03865	ko:K00059
psaa:QEN71_03870	ko:K09458
psaa:QEN71_03875	ko:K00647
psaa:QEN71_03900	ko:K01487
psaa:QEN71_03905	ko:K21053
psaa:QEN71_03910	ko:K07402
psaa:QEN71_03915	ko:K13482
psaa:QEN71_03920	ko:K13481
psaa:QEN71_03930	ko:K03611
psaa:QEN71_03935	ko:K02433
psaa:QEN71_03940	ko:K26735
psaa:QEN71_03945	ko:K07010
psaa:QEN71_03975	ko:K21903
psaa:QEN71_03980	ko:K16264
psaa:QEN71_03990	ko:K00126
psaa:QEN71_03995	ko:K00123
psaa:QEN71_04000	ko:K00124
psaa:QEN71_04005	ko:K00127
psaa:QEN71_04035	ko:K15035
psaa:QEN71_04040	ko:K22292
psaa:QEN71_04045	ko:K00568
psaa:QEN71_04050	ko:K03286
psaa:QEN71_04055	ko:K02469
psaa:QEN71_04060	ko:K09924
psaa:QEN71_04065	ko:K00831
psaa:QEN71_04070	ko:K14170
psaa:QEN71_04075	ko:K00817
psaa:QEN71_04080	ko:K04517
psaa:QEN71_04085	ko:K00800
psaa:QEN71_04090	ko:K00945
psaa:QEN71_04095	ko:K02945
psaa:QEN71_04100	ko:K05788
psaa:QEN71_04105	ko:K08992
psaa:QEN71_04110	ko:K19804
psaa:QEN71_04115	ko:K00012
psaa:QEN71_04120	ko:K21344
psaa:QEN71_04125	ko:K03274
psaa:QEN71_04130	ko:K02237
psaa:QEN71_04135	ko:K12339
psaa:QEN71_04140	ko:K08305
psaa:QEN71_04155	ko:K01054
psaa:QEN71_04160	ko:K02071
psaa:QEN71_04165	ko:K02072
psaa:QEN71_04170	ko:K02073
psaa:QEN71_04175	ko:K03521
psaa:QEN71_04180	ko:K03522
psaa:QEN71_04185	ko:K20035
psaa:QEN71_04190	ko:K00285
psaa:QEN71_04195	ko:K03719
psaa:QEN71_04210	ko:K02959
psaa:QEN71_04215	ko:K02860
psaa:QEN71_04220	ko:K00554
psaa:QEN71_04225	ko:K02884
psaa:QEN71_04235	ko:K02227
psaa:QEN71_04245	ko:K06949
psaa:QEN71_04250	ko:K06013
psaa:QEN71_04255	ko:K13288
psaa:QEN71_04260	ko:K03831
psaa:QEN71_04265	ko:K09889
psaa:QEN71_04270	ko:K03592
psaa:QEN71_04275	ko:K00287
psaa:QEN71_04295	ko:K06992
psaa:QEN71_04325	ko:K00560
psaa:QEN71_04360	ko:K01679
psaa:QEN71_04365	ko:K06132
psaa:QEN71_04370	ko:K03453
psaa:QEN71_04380	ko:K26939
psaa:QEN71_04385	ko:K14761
psaa:QEN71_04400	ko:K03657
psaa:QEN71_04410	ko:K26606
psaa:QEN71_04415	ko:K26605
psaa:QEN71_04425	ko:K05805
psaa:QEN71_04430	ko:K14220
psaa:QEN71_04435	ko:K14220
psaa:QEN71_04440	ko:K05524
psaa:QEN71_04445	ko:K00763
psaa:QEN71_04450	ko:K00782
psaa:QEN71_04460	ko:K00090
psaa:QEN71_04465	ko:K09760
psaa:QEN71_04480	ko:K03750
psaa:QEN71_04485	ko:K03752
psaa:QEN71_04490	ko:K03639
psaa:QEN71_04495	ko:K08300
psaa:QEN71_04500	ko:K06179
psaa:QEN71_04505	ko:K01091
psaa:QEN71_04515	ko:K04773
psaa:QEN71_04520	ko:K07056
psaa:QEN71_04525	ko:K25422
psaa:QEN71_04530	ko:K07040
psaa:QEN71_04535	ko:K02911
psaa:QEN71_04540	ko:K03621
psaa:QEN71_04545	ko:K00648
psaa:QEN71_04550	ko:K00645
psaa:QEN71_04555	ko:K00059
psaa:QEN71_04560	ko:K02078
psaa:QEN71_04565	ko:K09458
psaa:QEN71_04575	ko:K03088
psaa:QEN71_04580	ko:K03597
psaa:QEN71_04585	ko:K03598
psaa:QEN71_04590	ko:K04771
psaa:QEN71_04600	ko:K03596
psaa:QEN71_04605	ko:K03100
psaa:QEN71_04610	ko:K03685
psaa:QEN71_04615	ko:K03595
psaa:QEN71_04620	ko:K03584
psaa:QEN71_04625	ko:K03474
psaa:QEN71_04630	ko:K00997
psaa:QEN71_04635	ko:K01207
psaa:QEN71_04655	ko:K02356
psaa:QEN71_04665	ko:K03703
psaa:QEN71_04670	ko:K00995
psaa:QEN71_04675	ko:K14225
psaa:QEN71_04680	ko:K14225
psaa:QEN71_04685	ko:K14222
psaa:QEN71_04695	ko:K02351
psaa:QEN71_04700	ko:K09796
psaa:QEN71_04705	ko:K07152
psaa:QEN71_04710	ko:K01087
psaa:QEN71_04715	ko:K00697
psaa:QEN71_04720	ko:K06147
psaa:QEN71_04735	ko:K08983
psaa:QEN71_04740	ko:K14237
psaa:QEN71_04745	ko:K02342
psaa:QEN71_04750	ko:K03469
psaa:QEN71_04760	ko:K01069
psaa:QEN71_04765	ko:K08307
psaa:QEN71_04775	ko:K01956
psaa:QEN71_04780	ko:K01955
psaa:QEN71_04785	ko:K03624
psaa:QEN71_04795	ko:K07574
psaa:QEN71_04800	ko:K02427
psaa:QEN71_04805	ko:K03798
psaa:QEN71_04810	ko:K00796
psaa:QEN71_04815	ko:K03431
psaa:QEN71_04820	ko:K02040
psaa:QEN71_04825	ko:K02037
psaa:QEN71_04830	ko:K02038
psaa:QEN71_04835	ko:K02036
psaa:QEN71_04840	ko:K02039
psaa:QEN71_04845	ko:K07657
psaa:QEN71_04850	ko:K07636
psaa:QEN71_04855	ko:K01524
psaa:QEN71_04860	ko:K00937
psaa:QEN71_04865	ko:K22310
psaa:QEN71_04870	ko:K08296
psaa:QEN71_04875	ko:K14232
psaa:QEN71_04895	ko:K26937
psaa:QEN71_04925	ko:K06153
psaa:QEN71_04930	ko:K14219
psaa:QEN71_04965	ko:K01886
psaa:QEN71_04970	ko:K00681
psaa:QEN71_04975	ko:K07002
psaa:QEN71_04980	ko:K01041
psaa:QEN71_04985	ko:K01872
psaa:QEN71_05000	ko:K01620
psaa:QEN71_05010	ko:K00043
psaa:QEN71_05015	ko:K07107
psaa:QEN71_05020	ko:K01997
psaa:QEN71_05025	ko:K01998
psaa:QEN71_05030	ko:K01995
psaa:QEN71_05035	ko:K01996
psaa:QEN71_05045	ko:K03337
psaa:QEN71_05050	ko:K03335
psaa:QEN71_05055	ko:K03336
psaa:QEN71_05060	ko:K03338
psaa:QEN71_05065	ko:K02056
psaa:QEN71_05070	ko:K02057
psaa:QEN71_05075	ko:K02058
psaa:QEN71_05085	ko:K00010
psaa:QEN71_05090	ko:K00010
psaa:QEN71_05095	ko:K04085
psaa:QEN71_05100	ko:K00963
psaa:QEN71_05105	ko:K01873
psaa:QEN71_05110	ko:K03657
psaa:QEN71_05115	ko:K01243
psaa:QEN71_05120	ko:K01908
psaa:QEN71_05125	ko:K08223
psaa:QEN71_05130	ko:K03406
psaa:QEN71_05150	ko:K18139
psaa:QEN71_05180	ko:K03809
psaa:QEN71_05185	ko:K07058
psaa:QEN71_05200	ko:K01740
psaa:QEN71_05215	ko:K01736
psaa:QEN71_05225	ko:K00311
psaa:QEN71_05235	ko:K07107
psaa:QEN71_05245	ko:K01028
psaa:QEN71_05250	ko:K01029
psaa:QEN71_05265	ko:K00951
psaa:QEN71_05270	ko:K14237
psaa:QEN71_05275	ko:K01868
psaa:QEN71_05280	ko:K02520
psaa:QEN71_05285	ko:K02916
psaa:QEN71_05290	ko:K02887
psaa:QEN71_05295	ko:K01889
psaa:QEN71_05300	ko:K01890
psaa:QEN71_05305	ko:K04764
psaa:QEN71_05315	ko:K14232
psaa:QEN71_05325	ko:K03701
psaa:QEN71_05335	ko:K11209
psaa:QEN71_05340	ko:K01114
psaa:QEN71_05350	ko:K04110
psaa:QEN71_05360	ko:K15546
psaa:QEN71_05365	ko:K15513
psaa:QEN71_05370	ko:K15512
psaa:QEN71_05375	ko:K15511
psaa:QEN71_05380	ko:K09017
psaa:QEN71_05385	ko:K06016
psaa:QEN71_05390	ko:K17722
psaa:QEN71_05395	ko:K17723
psaa:QEN71_05400	ko:K03457
psaa:QEN71_05405	ko:K01464
psaa:QEN71_05410	ko:K02424
psaa:QEN71_05415	ko:K10009
psaa:QEN71_05420	ko:K10010
psaa:QEN71_05450	ko:K07287
psaa:QEN71_05465	ko:K03303
psaa:QEN71_05475	ko:K04062
psaa:QEN71_05480	ko:K03147
psaa:QEN71_05490	ko:K00219
psaa:QEN71_05520	ko:K03594
psaa:QEN71_05540	ko:K03651
psaa:QEN71_05545	ko:K02052
psaa:QEN71_05550	ko:K02053
psaa:QEN71_05555	ko:K02053
psaa:QEN71_05560	ko:K02055
psaa:QEN71_05585	ko:K11312
psaa:QEN71_05590	ko:K24915
psaa:QEN71_05600	ko:K07095
psaa:QEN71_05605	ko:K03762
psaa:QEN71_05620	ko:K14682
psaa:QEN71_05625	ko:K03578
psaa:QEN71_05665	ko:K01915
psaa:QEN71_05670	ko:K07708
psaa:QEN71_05675	ko:K07712
psaa:QEN71_05680	ko:K01142
psaa:QEN71_05685	ko:K14230
psaa:QEN71_05690	ko:K01485
psaa:QEN71_05695	ko:K01414
psaa:QEN71_05700	ko:K01491
psaa:QEN71_05725	ko:K00163
psaa:QEN71_05730	ko:K00627
psaa:QEN71_05735	ko:K00382
psaa:QEN71_05745	ko:K07262
psaa:QEN71_05755	ko:K18928
psaa:QEN71_05760	ko:K18929
psaa:QEN71_05775	ko:K25307
psaa:QEN71_05780	ko:K13643
psaa:QEN71_05785	ko:K04487
psaa:QEN71_05790	ko:K04488
psaa:QEN71_05795	ko:K13628
psaa:QEN71_05800	ko:K04082
psaa:QEN71_05805	ko:K04044
psaa:QEN71_05810	ko:K04755
psaa:QEN71_05825	ko:K04567
psaa:QEN71_05830	ko:K02836
psaa:QEN71_05835	ko:K07462
psaa:QEN71_05845	ko:K09808
psaa:QEN71_05850	ko:K09810
psaa:QEN71_05855	ko:K03424
psaa:QEN71_05860	ko:K02238
psaa:QEN71_05870	ko:K01937
psaa:QEN71_05875	ko:K01627
psaa:QEN71_05880	ko:K01689
psaa:QEN71_05885	ko:K05589
psaa:QEN71_05895	ko:K04083
psaa:QEN71_05900	ko:K28956
psaa:QEN71_05915	ko:K07053
psaa:QEN71_05930	ko:K01867
psaa:QEN71_05940	ko:K01714
psaa:QEN71_05945	ko:K07287
psaa:QEN71_05955	ko:K19416
psaa:QEN71_05960	ko:K00940
psaa:QEN71_05965	ko:K06941
psaa:QEN71_05970	ko:K15539
psaa:QEN71_05975	ko:K03526
psaa:QEN71_05980	ko:K01892
psaa:QEN71_05990	ko:K17713
psaa:QEN71_05995	ko:K03977
psaa:QEN71_06000	ko:K03666
psaa:QEN71_06005	ko:K03665
psaa:QEN71_06010	ko:K04088
psaa:QEN71_06015	ko:K04087
psaa:QEN71_06020	ko:K09937
psaa:QEN71_06025	ko:K02502
psaa:QEN71_06030	ko:K01939
psaa:QEN71_06035	ko:K07101
psaa:QEN71_06040	ko:K03549
psaa:QEN71_06045	ko:K06959
psaa:QEN71_06060	ko:K03722
psaa:QEN71_06070	ko:K18850
psaa:QEN71_06075	ko:K03775
psaa:QEN71_06085	ko:K03555
psaa:QEN71_06090	ko:K08227
psaa:QEN71_06095	ko:K01092
psaa:QEN71_06100	ko:K02533
psaa:QEN71_06105	ko:K00640
psaa:QEN71_06110	ko:K03269
psaa:QEN71_06115	ko:K03768
psaa:QEN71_06120	ko:K03767
psaa:QEN71_06130	ko:K01883
psaa:QEN71_06135	ko:K01247
psaa:QEN71_06140	ko:K01962
psaa:QEN71_06145	ko:K04075
psaa:QEN71_06150	ko:K00928
psaa:QEN71_06155	ko:K14233
psaa:QEN71_06165	ko:K00208
psaa:QEN71_06170	ko:K13893
psaa:QEN71_06175	ko:K13894
psaa:QEN71_06180	ko:K13895
psaa:QEN71_06185	ko:K13896
psaa:QEN71_06195	ko:K07001
psaa:QEN71_06200	ko:K01885
psaa:QEN71_06205	ko:K14218
psaa:QEN71_06210	ko:K14224
psaa:QEN71_06215	ko:K14221
psaa:QEN71_06220	ko:K14224
psaa:QEN71_06225	ko:K14221
psaa:QEN71_06240	ko:K02553
psaa:QEN71_06250	ko:K01638
psaa:QEN71_06255	ko:K01560
psaa:QEN71_06270	ko:K01637
psaa:QEN71_06285	ko:K14742
psaa:QEN71_06290	ko:K03789
psaa:QEN71_06295	ko:K21929
psaa:QEN71_06300	ko:K09977
psaa:QEN71_06305	ko:K00941
psaa:QEN71_06310	ko:K08227
psaa:QEN71_06315	ko:K01775
psaa:QEN71_06320	ko:K04485
psaa:QEN71_06335	ko:K06158
psaa:QEN71_06340	ko:K00432
psaa:QEN71_06345	ko:K06131
psaa:QEN71_06350	ko:K07320
psaa:QEN71_06355	ko:K01439
psaa:QEN71_06365	ko:K00674
psaa:QEN71_06370	ko:K14267
psaa:QEN71_06380	ko:K03529
psaa:QEN71_06395	ko:K01972
psaa:QEN71_06400	ko:K01462
psaa:QEN71_06405	ko:K06182
psaa:QEN71_06410	ko:K00990
psaa:QEN71_06415	ko:K01265
psaa:QEN71_06420	ko:K02967
psaa:QEN71_06425	ko:K02357
psaa:QEN71_06430	ko:K09903
psaa:QEN71_06435	ko:K02838
psaa:QEN71_06440	ko:K00806
psaa:QEN71_06445	ko:K00981
psaa:QEN71_06450	ko:K00099
psaa:QEN71_06455	ko:K11749
psaa:QEN71_06460	ko:K07277
psaa:QEN71_06465	ko:K06142
psaa:QEN71_06470	ko:K02536
psaa:QEN71_06475	ko:K02372
psaa:QEN71_06480	ko:K00677
psaa:QEN71_06485	ko:K00748
psaa:QEN71_06490	ko:K03470
psaa:QEN71_06495	ko:K03437
psaa:QEN71_06500	ko:K09773
psaa:QEN71_06505	ko:K01007
psaa:QEN71_06520	ko:K03664
psaa:QEN71_06530	ko:K09801
psaa:QEN71_06540	ko:K00088
psaa:QEN71_06550	ko:K01951
psaa:QEN71_06560	ko:K00375
psaa:QEN71_06565	ko:K22129
psaa:QEN71_06570	ko:K00097
psaa:QEN71_06610	ko:K28762
psaa:QEN71_06630	ko:K01026
psaa:QEN71_06635	ko:K00248
psaa:QEN71_06640	ko:K03521
psaa:QEN71_06645	ko:K03522
psaa:QEN71_06650	ko:K05596
psaa:QEN71_06655	ko:K07497
psaa:QEN71_06670	ko:K09964
psaa:QEN71_06680	ko:K07733
psaa:QEN71_06695	ko:K03194
psaa:QEN71_06700	ko:K03197
psaa:QEN71_06705	ko:K03198
psaa:QEN71_06710	ko:K03199
psaa:QEN71_06715	ko:K03201
psaa:QEN71_06720	ko:K03200
psaa:QEN71_06725	ko:K03203
psaa:QEN71_06730	ko:K03204
psaa:QEN71_06735	ko:K03195
psaa:QEN71_06740	ko:K03196
psaa:QEN71_06750	ko:K03205
psaa:QEN71_06755	ko:K06919
psaa:QEN71_06830	ko:K03497
psaa:QEN71_06925	ko:K03726
psaa:QEN71_06950	ko:K21929
psaa:QEN71_06965	ko:K14052
psaa:QEN71_06970	ko:K18540
psaa:QEN71_06995	ko:K11991
psaa:QEN71_07000	ko:K01297
psaa:QEN71_07010	ko:K03457
psaa:QEN71_07015	ko:K16841
psaa:QEN71_07020	ko:K16842
psaa:QEN71_07025	ko:K13485
psaa:QEN71_07030	ko:K01477
psaa:QEN71_07035	ko:K01483
psaa:QEN71_07045	ko:K07127
psaa:QEN71_07050	ko:K18456
psaa:QEN71_07060	ko:K23537
psaa:QEN71_07065	ko:K23535
psaa:QEN71_07070	ko:K23536
psaa:QEN71_07075	ko:K07335
psaa:QEN71_07080	ko:K09165
psaa:QEN71_07095	ko:K00128
psaa:QEN71_07100	ko:K00459
psaa:QEN71_07105	ko:K07275
psaa:QEN71_07110	ko:K06938
psaa:QEN71_07115	ko:K03322
psaa:QEN71_07120	ko:K11073
psaa:QEN71_07125	ko:K11076
psaa:QEN71_07130	ko:K11075
psaa:QEN71_07135	ko:K11074
psaa:QEN71_07140	ko:K03406
psaa:QEN71_07160	ko:K22105
psaa:QEN71_07170	ko:K03969
psaa:QEN71_07180	ko:K05366
psaa:QEN71_07190	ko:K18303
psaa:QEN71_07195	ko:K18302
psaa:QEN71_07230	ko:K03281
psaa:QEN71_07235	ko:K00799
psaa:QEN71_07255	ko:K00874
psaa:QEN71_07265	ko:K00090
psaa:QEN71_07270	ko:K02525
psaa:QEN71_07315	ko:K21495
psaa:QEN71_07320	ko:K07062
psaa:QEN71_07330	ko:K03284
psaa:QEN71_07335	ko:K10439
psaa:QEN71_07345	ko:K10441
psaa:QEN71_07350	ko:K10440
psaa:QEN71_07355	ko:K02529
psaa:QEN71_07360	ko:K00852
psaa:QEN71_07365	ko:K05874
psaa:QEN71_07375	ko:K07180
psaa:QEN71_07380	ko:K09786
psaa:QEN71_07385	ko:K06415
psaa:QEN71_07390	ko:K03761
psaa:QEN71_07420	ko:K03442
psaa:QEN71_07435	ko:K06131
psaa:QEN71_07465	ko:K21990
psaa:QEN71_07485	ko:K00484
psaa:QEN71_07495	ko:K00059
psaa:QEN71_07500	ko:K01426
psaa:QEN71_07515	ko:K22027
psaa:QEN71_07525	ko:K01821
psaa:QEN71_07550	ko:K19745
psaa:QEN71_07575	ko:K01977
psaa:QEN71_07580	ko:K14227
psaa:QEN71_07585	ko:K14218
psaa:QEN71_07590	ko:K01980
psaa:QEN71_07595	ko:K01985
psaa:QEN71_07615	ko:K18118
psaa:QEN71_07620	ko:K07098
psaa:QEN71_07635	ko:K13935
psaa:QEN71_07640	ko:K13934
psaa:QEN71_07645	ko:K13933
psaa:QEN71_07650	ko:K13932
psaa:QEN71_07655	ko:K13931
psaa:QEN71_07660	ko:K13930
psaa:QEN71_07665	ko:K13929
psaa:QEN71_07695	ko:K00675
psaa:QEN71_07705	ko:K00156
psaa:QEN71_07725	ko:K10018
psaa:QEN71_07730	ko:K10020
psaa:QEN71_07735	ko:K10019
psaa:QEN71_07740	ko:K10021
psaa:QEN71_07745	ko:K01745
psaa:QEN71_07750	ko:K05836
psaa:QEN71_07755	ko:K05836
psaa:QEN71_07760	ko:K02028
psaa:QEN71_07765	ko:K02029
psaa:QEN71_07770	ko:K02029
psaa:QEN71_07775	ko:K02030
psaa:QEN71_07790	ko:K03333
psaa:QEN71_07820	ko:K00426
psaa:QEN71_07825	ko:K00425
psaa:QEN71_07835	ko:K01821
psaa:QEN71_07845	ko:K08717
psaa:QEN71_07850	ko:K09957
psaa:QEN71_07860	ko:K07044
psaa:QEN71_07900	ko:K23777
psaa:QEN71_07905	ko:K03543
psaa:QEN71_07910	ko:K03446
psaa:QEN71_07920	ko:K07080
psaa:QEN71_07945	ko:K09823
psaa:QEN71_07950	ko:K11209
psaa:QEN71_07955	ko:K00799
psaa:QEN71_07995	ko:K01777
psaa:QEN71_08000	ko:K19743
psaa:QEN71_08005	ko:K00036
psaa:QEN71_08010	ko:K11903
psaa:QEN71_08035	ko:K01752
psaa:QEN71_08040	ko:K00303
psaa:QEN71_08045	ko:K00304
psaa:QEN71_08050	ko:K00302
psaa:QEN71_08055	ko:K00305
psaa:QEN71_08060	ko:K01633
psaa:QEN71_08070	ko:K18900
psaa:QEN71_08075	ko:K13979
psaa:QEN71_08110	ko:K00433
psaa:QEN71_08165	ko:K28762
psaa:QEN71_08170	ko:K00108
psaa:QEN71_08175	ko:K00130
psaa:QEN71_08180	ko:K02167
psaa:QEN71_08185	ko:K00148
psaa:QEN71_08195	ko:K01897
psaa:QEN71_08200	ko:K13444
psaa:QEN71_08205	ko:K01130
psaa:QEN71_08235	ko:K18244
psaa:QEN71_08250	ko:K28556
psaa:QEN71_08255	ko:K28224
psaa:QEN71_08270	ko:K01796
psaa:QEN71_08300	ko:K00525
psaa:QEN71_08305	ko:K21826
psaa:QEN71_08310	ko:K00600
psaa:QEN71_08315	ko:K01273
psaa:QEN71_08325	ko:K21833
psaa:QEN71_08330	ko:K21834
psaa:QEN71_08335	ko:K25960
psaa:QEN71_08340	ko:K25961
psaa:QEN71_08345	ko:K00479
psaa:QEN71_08350	ko:K21832
psaa:QEN71_08355	ko:K02002
psaa:QEN71_08365	ko:K01433
psaa:QEN71_08375	ko:K01133
psaa:QEN71_08380	ko:K02002
psaa:QEN71_08385	ko:K08720
psaa:QEN71_08390	ko:K17736
psaa:QEN71_08395	ko:K02002
psaa:QEN71_08400	ko:K27837
psaa:QEN71_08405	ko:K17735
psaa:QEN71_08410	ko:K27492
psaa:QEN71_08435	ko:K00012
psaa:QEN71_08440	ko:K25307
psaa:QEN71_08445	ko:K01991
psaa:QEN71_08450	ko:K16692
psaa:QEN71_08480	ko:K16011
psaa:QEN71_08535	ko:K06194
psaa:QEN71_08565	ko:K00694
psaa:QEN71_08570	ko:K20541
psaa:QEN71_08575	ko:K20542
psaa:QEN71_08580	ko:K20543
psaa:QEN71_08585	ko:K07302
psaa:QEN71_08590	ko:K07303
psaa:QEN71_08595	ko:K06150
psaa:QEN71_08600	ko:K02029
psaa:QEN71_08605	ko:K02029
psaa:QEN71_08610	ko:K02030
psaa:QEN71_08615	ko:K03566
psaa:QEN71_08620	ko:K07300
psaa:QEN71_08630	ko:K03652
psaa:QEN71_08645	ko:K01497
psaa:QEN71_08665	ko:K07506
psaa:QEN71_08675	ko:K02444
psaa:QEN71_08685	ko:K04719
psaa:QEN71_08690	ko:K02224
psaa:QEN71_08695	ko:K19221
psaa:QEN71_08700	ko:K02189
psaa:QEN71_08705	ko:K02303
psaa:QEN71_08710	ko:K02234
psaa:QEN71_08715	ko:K02230
psaa:QEN71_08720	ko:K03405
psaa:QEN71_08725	ko:K13580
psaa:QEN71_08730	ko:K21449
psaa:QEN71_08735	ko:K03286
psaa:QEN71_08745	ko:K13541
psaa:QEN71_08750	ko:K03394
psaa:QEN71_08755	ko:K06042
psaa:QEN71_08760	ko:K02229
psaa:QEN71_08765	ko:K00595
psaa:QEN71_08770	ko:K02188
psaa:QEN71_08775	ko:K05895
psaa:QEN71_08780	ko:K05936
psaa:QEN71_08785	ko:K03307
psaa:QEN71_08795	ko:K05595
psaa:QEN71_08810	ko:K01884
psaa:QEN71_08815	ko:K05835
psaa:QEN71_08830	ko:K08191
psaa:QEN71_08835	ko:K01187
psaa:QEN71_08870	ko:K02346
psaa:QEN71_08885	ko:K02040
psaa:QEN71_08895	ko:K03406
psaa:QEN71_08910	ko:K22303
psaa:QEN71_08940	ko:K02484
psaa:QEN71_08945	ko:K02483
psaa:QEN71_08960	ko:K03566
psaa:QEN71_08980	ko:K02806
psaa:QEN71_09020	ko:K01142
psaa:QEN71_09040	ko:K03574
psaa:QEN71_09050	ko:K07154
psaa:QEN71_09055	ko:K15773
psaa:QEN71_09060	ko:K01114
psaa:QEN71_09065	ko:K07001
psaa:QEN71_09070	ko:K00019
psaa:QEN71_09075	ko:K01574
psaa:QEN71_09085	ko:K05835
psaa:QEN71_09105	ko:K03717
psaa:QEN71_09115	ko:K09981
psaa:QEN71_09120	ko:K23508
psaa:QEN71_09125	ko:K10820
psaa:QEN71_09130	ko:K23509
psaa:QEN71_09135	ko:K23509
psaa:QEN71_09160	ko:K02040
psaa:QEN71_09185	ko:K22468
psaa:QEN71_09190	ko:K09857
psaa:QEN71_09195	ko:K06192
psaa:QEN71_09200	ko:K18139
psaa:QEN71_09205	ko:K18138
psaa:QEN71_09210	ko:K03585
psaa:QEN71_09225	ko:K03321
psaa:QEN71_09235	ko:K01940
psaa:QEN71_09245	ko:K01621
psaa:QEN71_09265	ko:K03696
psaa:QEN71_09280	ko:K18904
psaa:QEN71_09285	ko:K03446
psaa:QEN71_09290	ko:K03543
psaa:QEN71_09325	ko:K00156
psaa:QEN71_09330	ko:K02275
psaa:QEN71_09335	ko:K02274
psaa:QEN71_09340	ko:K02276
psaa:QEN71_09365	ko:K03781
psaa:QEN71_09380	ko:K02055
psaa:QEN71_09385	ko:K02054
psaa:QEN71_09390	ko:K02053
psaa:QEN71_09395	ko:K02052
psaa:QEN71_09400	ko:K02529
psaa:QEN71_09405	ko:K02027
psaa:QEN71_09410	ko:K02025
psaa:QEN71_09415	ko:K02026
psaa:QEN71_09425	ko:K10112
psaa:QEN71_09430	ko:K10112
psaa:QEN71_09435	ko:K05879
psaa:QEN71_09440	ko:K05878
psaa:QEN71_09445	ko:K01167
psaa:QEN71_09450	ko:K11904
psaa:QEN71_09480	ko:K28519
psaa:QEN71_09485	ko:K11475
psaa:QEN71_09495	ko:K01915
psaa:QEN71_09500	ko:K04755
psaa:QEN71_09505	ko:K00529
psaa:QEN71_09510	ko:K07010
psaa:QEN71_09520	ko:K08195
psaa:QEN71_09525	ko:K28520
psaa:QEN71_09540	ko:K10713
psaa:QEN71_09545	ko:K07223
psaa:QEN71_09600	ko:K01426
psaa:QEN71_09610	ko:K26064
psaa:QEN71_09620	ko:K06075
psaa:QEN71_09660	ko:K00031
psaa:QEN71_09665	ko:K13985
psaa:QEN71_09680	ko:K00799
psaa:QEN71_09695	ko:K00801
psaa:QEN71_09700	ko:K06147
psaa:QEN71_09705	ko:K17989
psaa:QEN71_09715	ko:K00077
psaa:QEN71_09725	ko:K00832
psaa:QEN71_09735	ko:K03304
psaa:QEN71_09765	ko:K00135
psaa:QEN71_09775	ko:K02529
psaa:QEN71_09780	ko:K10112
psaa:QEN71_09785	ko:K17317
psaa:QEN71_09790	ko:K17316
psaa:QEN71_09795	ko:K17315
psaa:QEN71_09800	ko:K05350
psaa:QEN71_09825	ko:K02055
psaa:QEN71_09845	ko:K07305
psaa:QEN71_09855	ko:K07304
psaa:QEN71_09865	ko:K09022
psaa:QEN71_09875	ko:K19736
psaa:QEN71_09915	ko:K01115
psaa:QEN71_09940	ko:K21929
psaa:QEN71_09955	ko:K01505
psaa:QEN71_09970	ko:K01999
psaa:QEN71_09980	ko:K18981
psaa:QEN71_09985	ko:K19155
psaa:QEN71_09990	ko:K19156
psaa:QEN71_10045	ko:K13487
psaa:QEN71_10050	ko:K13488
psaa:QEN71_10055	ko:K13486
psaa:QEN71_10060	ko:K13489
psaa:QEN71_10065	ko:K13490
psaa:QEN71_10070	ko:K13491
psaa:QEN71_10075	ko:K11444
psaa:QEN71_10080	ko:K07234
psaa:QEN71_10090	ko:K06145
psaa:QEN71_10115	ko:K16074
psaa:QEN71_10120	ko:K00059
psaa:QEN71_10130	ko:K03406
psaa:QEN71_10140	ko:K18928
psaa:QEN71_10145	ko:K00782
psaa:QEN71_10150	ko:K18929
psaa:QEN71_10155	ko:K03303
psaa:QEN71_10160	ko:K03566
psaa:QEN71_10170	ko:K07336
psaa:QEN71_10175	ko:K16090
psaa:QEN71_10180	ko:K17321
psaa:QEN71_10190	ko:K17323
psaa:QEN71_10195	ko:K17322
psaa:QEN71_10200	ko:K17325
psaa:QEN71_10205	ko:K17324
psaa:QEN71_10230	ko:K02019
psaa:QEN71_10375	ko:K02019
psaa:QEN71_10385	ko:K09915
psaa:QEN71_10400	ko:K06194
psaa:QEN71_10405	ko:K03676
psaa:QEN71_10415	ko:K18991
psaa:QEN71_10420	ko:K00382
psaa:QEN71_10425	ko:K00370
psaa:QEN71_10430	ko:K00371
psaa:QEN71_10435	ko:K00373
psaa:QEN71_10440	ko:K00374
psaa:QEN71_10445	ko:K03769
psaa:QEN71_10450	ko:K02575
psaa:QEN71_10455	ko:K21757
psaa:QEN71_10460	ko:K05549
psaa:QEN71_10465	ko:K05550
psaa:QEN71_10470	ko:K05784
psaa:QEN71_10475	ko:K05783
psaa:QEN71_10500	ko:K00375
psaa:QEN71_10530	ko:K01114
psaa:QEN71_10540	ko:K01779
psaa:QEN71_10555	ko:K00703
psaa:QEN71_10560	ko:K01214
psaa:QEN71_10565	ko:K11354
psaa:QEN71_10605	ko:K00472
psaa:QEN71_10615	ko:K07001
psaa:QEN71_10630	ko:K12513
psaa:QEN71_10635	ko:K12511
psaa:QEN71_10640	ko:K12510
psaa:QEN71_10645	ko:K02283
psaa:QEN71_10650	ko:K02282
psaa:QEN71_10660	ko:K02280
psaa:QEN71_10665	ko:K02279
psaa:QEN71_10675	ko:K02278
psaa:QEN71_10680	ko:K02651
psaa:QEN71_10685	ko:K02651
psaa:QEN71_10705	ko:K22044
psaa:QEN71_10715	ko:K10844
psaa:QEN71_10735	ko:K06886
psaa:QEN71_10760	ko:K03092
psaa:QEN71_10785	ko:K08995
psaa:QEN71_10790	ko:K05520
psaa:QEN71_10795	ko:K03168
psaa:QEN71_10835	ko:K24160
psaa:QEN71_10840	ko:K21006
psaa:QEN71_10845	ko:K21007
psaa:QEN71_10850	ko:K21008
psaa:QEN71_10855	ko:K21009
psaa:QEN71_10860	ko:K21010
psaa:QEN71_10865	ko:K21011
psaa:QEN71_10870	ko:K21012
psaa:QEN71_10885	ko:K03724
psaa:QEN71_10890	ko:K01194
psaa:QEN71_10895	ko:K14051
psaa:QEN71_10900	ko:K13816
psaa:QEN71_10905	ko:K13574
psaa:QEN71_10930	ko:K11741
psaa:QEN71_10960	ko:K04063
psaa:QEN71_10970	ko:K01607
psaa:QEN71_11000	ko:K01139
psaa:QEN71_11020	ko:K00479
psaa:QEN71_11035	ko:K03566
psaa:QEN71_11040	ko:K09472
psaa:QEN71_11050	ko:K01714
psaa:QEN71_11055	ko:K00600
psaa:QEN71_11060	ko:K02002
psaa:QEN71_11065	ko:K02001
psaa:QEN71_11070	ko:K02000
psaa:QEN71_11095	ko:K10979
psaa:QEN71_11110	ko:K01647
psaa:QEN71_11125	ko:K03569
psaa:QEN71_11130	ko:K06999
psaa:QEN71_11135	ko:K03446
psaa:QEN71_11140	ko:K00140
psaa:QEN71_11180	ko:K03594
psaa:QEN71_11185	ko:K01092
psaa:QEN71_11200	ko:K23467
psaa:QEN71_11205	ko:K01438
psaa:QEN71_11220	ko:K07222
psaa:QEN71_11235	ko:K02052
psaa:QEN71_11240	ko:K02055
psaa:QEN71_11245	ko:K02054
psaa:QEN71_11250	ko:K02053
psaa:QEN71_11260	ko:K07124
psaa:QEN71_11275	ko:K07124
psaa:QEN71_11300	ko:K03288
psaa:QEN71_11305	ko:K02020
psaa:QEN71_11310	ko:K11103
psaa:QEN71_11320	ko:K01480
psaa:QEN71_11325	ko:K00681
psaa:QEN71_11330	ko:K16871
psaa:QEN71_11335	ko:K10017
psaa:QEN71_11340	ko:K10023
psaa:QEN71_11345	ko:K10024
psaa:QEN71_11350	ko:K10022
psaa:QEN71_11390	ko:K07326
psaa:QEN71_11400	ko:K15125
psaa:QEN71_11410	ko:K10441
psaa:QEN71_11415	ko:K10440
psaa:QEN71_11420	ko:K10439
psaa:QEN71_11425	ko:K00064
psaa:QEN71_11435	ko:K00041
psaa:QEN71_11440	ko:K29028
psaa:QEN71_11450	ko:K26399
psaa:QEN71_11485	ko:K01469
psaa:QEN71_11490	ko:K06158
psaa:QEN71_11515	ko:K03710
psaa:QEN71_11530	ko:K03299
psaa:QEN71_11535	ko:K00033
psaa:QEN71_11540	ko:K00615
psaa:QEN71_11555	ko:K00122
psaa:QEN71_11585	ko:K03717
psaa:QEN71_11590	ko:K00615
psaa:QEN71_11595	ko:K00615
psaa:QEN71_11620	ko:K03746
psaa:QEN71_11655	ko:K23465
psaa:QEN71_11660	ko:K23462
psaa:QEN71_11665	ko:K23464
psaa:QEN71_11670	ko:K23463
psaa:QEN71_11675	ko:K23467
psaa:QEN71_11685	ko:K05548
psaa:QEN71_11690	ko:K00135
psaa:QEN71_11695	ko:K23466
psaa:QEN71_11700	ko:K02052
psaa:QEN71_11705	ko:K02053
psaa:QEN71_11710	ko:K02054
psaa:QEN71_11715	ko:K02055
psaa:QEN71_11725	ko:K23466
psaa:QEN71_11735	ko:K19055
psaa:QEN71_11740	ko:K01744
psaa:QEN71_11750	ko:K08368
psaa:QEN71_11755	ko:K01424
psaa:QEN71_11770	ko:K03781
psaa:QEN71_11780	ko:K12368
psaa:QEN71_11785	ko:K15554
psaa:QEN71_11790	ko:K15555
psaa:QEN71_11795	ko:K15553
psaa:QEN71_11805	ko:K04091
psaa:QEN71_11810	ko:K04091
psaa:QEN71_11820	ko:K24700
psaa:QEN71_11835	ko:K15553
psaa:QEN71_11845	ko:K04091
psaa:QEN71_11850	ko:K15553
psaa:QEN71_11855	ko:K15555
psaa:QEN71_11860	ko:K15554
psaa:QEN71_11865	ko:K15553
psaa:QEN71_11875	ko:K03324
psaa:QEN71_11920	ko:K15977
psaa:QEN71_11930	ko:K01476
psaa:QEN71_11935	ko:K10680
psaa:QEN71_11950	ko:K00354
psaa:QEN71_11960	ko:K01476
psaa:QEN71_11990	ko:K10439
psaa:QEN71_11995	ko:K10441
psaa:QEN71_12000	ko:K10440
psaa:QEN71_12005	ko:K10440
psaa:QEN71_12025	ko:K05921
psaa:QEN71_12030	ko:K05921
psaa:QEN71_12035	ko:K00151
psaa:QEN71_12040	ko:K00455
psaa:QEN71_12045	ko:K01826
psaa:QEN71_12050	ko:K02509
psaa:QEN71_12055	ko:K02510
psaa:QEN71_12060	ko:K00135
psaa:QEN71_12070	ko:K10439
psaa:QEN71_12095	ko:K00058
psaa:QEN71_12100	ko:K17749
psaa:QEN71_12105	ko:K08369
psaa:QEN71_12110	ko:K00457
psaa:QEN71_12125	ko:K01640
psaa:QEN71_12135	ko:K19338
psaa:QEN71_12140	ko:K08691
psaa:QEN71_12145	ko:K18289
psaa:QEN71_12150	ko:K03303
psaa:QEN71_12155	ko:K00018
psaa:QEN71_12165	ko:K18313
psaa:QEN71_12170	ko:K01640
psaa:QEN71_12180	ko:K11103
psaa:QEN71_12185	ko:K00018
psaa:QEN71_12190	ko:K00865
psaa:QEN71_12195	ko:K00873
psaa:QEN71_12200	ko:K02647
psaa:QEN71_12245	ko:K11904
psaa:QEN71_12360	ko:K11177
psaa:QEN71_12365	ko:K11178
psaa:QEN71_12370	ko:K13483
psaa:QEN71_12390	ko:K00020
psaa:QEN71_12395	ko:K00140
psaa:QEN71_12400	ko:K01895
psaa:QEN71_12415	ko:K07403
psaa:QEN71_12430	ko:K06901
psaa:QEN71_12445	ko:K21405
psaa:QEN71_12460	ko:K21829
psaa:QEN71_12470	ko:K10013
psaa:QEN71_12475	ko:K26064
psaa:QEN71_12490	ko:K05874
psaa:QEN71_12495	ko:K13936
psaa:QEN71_12535	ko:K02518
psaa:QEN71_12545	ko:K03449
psaa:QEN71_12550	ko:K07183
psaa:QEN71_12555	ko:K22067
psaa:QEN71_12560	ko:K02002
psaa:QEN71_12565	ko:K21826
psaa:QEN71_12570	ko:K02001
psaa:QEN71_12580	ko:K13875
psaa:QEN71_12585	ko:K13876
psaa:QEN71_12595	ko:K07687
psaa:QEN71_12600	ko:K10559
psaa:QEN71_12605	ko:K10561
psaa:QEN71_12610	ko:K10560
psaa:QEN71_12615	ko:K10562
psaa:QEN71_12625	ko:K03534
psaa:QEN71_12635	ko:K18337
psaa:QEN71_12640	ko:K12661
psaa:QEN71_12645	ko:K26580
psaa:QEN71_12650	ko:K21883
psaa:QEN71_12680	ko:K00299
psaa:QEN71_12695	ko:K21801
psaa:QEN71_12700	ko:K01521
psaa:QEN71_12730	ko:K03762
psaa:QEN71_12735	ko:K01799
psaa:QEN71_12740	ko:K02029
psaa:QEN71_12745	ko:K02029
psaa:QEN71_12750	ko:K02030
psaa:QEN71_12755	ko:K02028
psaa:QEN71_12760	ko:K15783
psaa:QEN71_12855	ko:K01968
psaa:QEN71_12860	ko:K13766
psaa:QEN71_12865	ko:K01969
psaa:QEN71_12870	ko:K00253
psaa:QEN71_12915	ko:K09472
psaa:QEN71_12930	ko:K07010
psaa:QEN71_12935	ko:K01915
psaa:QEN71_12940	ko:K12256
psaa:QEN71_12945	ko:K11073
psaa:QEN71_12950	ko:K11076
psaa:QEN71_12955	ko:K11075
psaa:QEN71_12960	ko:K11074
psaa:QEN71_12970	ko:K09471
psaa:QEN71_12985	ko:K08369
psaa:QEN71_12990	ko:K03321
psaa:QEN71_13010	ko:K06934
psaa:QEN71_13015	ko:K01623
psaa:QEN71_13065	ko:K03413
psaa:QEN71_13080	ko:K03407
psaa:QEN71_13090	ko:K10552
psaa:QEN71_13095	ko:K10553
psaa:QEN71_13100	ko:K10554
psaa:QEN71_13115	ko:K09471
psaa:QEN71_13135	ko:K15554
psaa:QEN71_13140	ko:K15555
psaa:QEN71_13145	ko:K15553
psaa:QEN71_13160	ko:K03285
psaa:QEN71_13195	ko:K00077
psaa:QEN71_13205	ko:K07749
psaa:QEN71_13220	ko:K07749
psaa:QEN71_13225	ko:K01577
psaa:QEN71_13240	ko:K08177
psaa:QEN71_13280	ko:K07156
psaa:QEN71_13290	ko:K02003
psaa:QEN71_13295	ko:K02004
psaa:QEN71_13320	ko:K14237
psaa:QEN71_13325	ko:K02300
psaa:QEN71_13330	ko:K02299
psaa:QEN71_13335	ko:K02298
psaa:QEN71_13340	ko:K02297
psaa:QEN71_13355	ko:K03642
psaa:QEN71_13365	ko:K01999
psaa:QEN71_13375	ko:K03387
psaa:QEN71_13380	ko:K24119
psaa:QEN71_13385	ko:K02336
psaa:QEN71_13420	ko:K01673
psaa:QEN71_13445	ko:K03809
psaa:QEN71_13455	ko:K07507
psaa:QEN71_13510	ko:K07090
psaa:QEN71_13520	ko:K06446
psaa:QEN71_13530	ko:K00625
psaa:QEN71_13535	ko:K00925
psaa:QEN71_13540	ko:K00208
psaa:QEN71_13555	ko:K03086
psaa:QEN71_13580	ko:K22186
psaa:QEN71_13585	ko:K06145
psaa:QEN71_13600	ko:K02303
psaa:QEN71_13610	ko:K06917
psaa:QEN71_13620	ko:K00799
psaa:QEN71_13640	ko:K02014
psaa:QEN71_13660	ko:K00128
psaa:QEN71_13675	ko:K02004
psaa:QEN71_13680	ko:K02004
psaa:QEN71_13685	ko:K02003
psaa:QEN71_13690	ko:K02005
psaa:QEN71_13720	ko:K13877
psaa:QEN71_13745	ko:K03426
psaa:QEN71_13750	ko:K03446
psaa:QEN71_13770	ko:K01768
psaa:QEN71_13795	ko:K16011
psaa:QEN71_13835	ko:K16692
psaa:QEN71_13875	ko:K00384
psaa:QEN71_13915	ko:K02456
psaa:QEN71_13920	ko:K02456
psaa:QEN71_13925	ko:K02453
psaa:QEN71_13950	ko:K02454
psaa:QEN71_13955	ko:K02455
psaa:QEN71_13960	ko:K02456
psaa:QEN71_13985	ko:K03290
psaa:QEN71_14005	ko:K01026
psaa:QEN71_14010	ko:K17865
psaa:QEN71_14015	ko:K02529
psaa:QEN71_14025	ko:K05916
psaa:QEN71_14035	ko:K03566
psaa:QEN71_14045	ko:K10013
psaa:QEN71_14050	ko:K00666
psaa:QEN71_14075	ko:K01985
psaa:QEN71_14080	ko:K01980
psaa:QEN71_14085	ko:K14218
psaa:QEN71_14090	ko:K14227
psaa:QEN71_14095	ko:K01977
psaa:QEN71_14110	ko:K01114
psaa:QEN71_14120	ko:K03644
psaa:QEN71_14125	ko:K00627
psaa:QEN71_14130	ko:K21417
psaa:QEN71_14135	ko:K21416
psaa:QEN71_14145	ko:K21405
psaa:QEN71_14160	ko:K16263
psaa:QEN71_14170	ko:K07823
psaa:QEN71_14175	ko:K02624
psaa:QEN71_14180	ko:K01451
psaa:QEN71_14185	ko:K05774
psaa:QEN71_14195	ko:K02043
psaa:QEN71_14200	ko:K06166
psaa:QEN71_14205	ko:K06165
psaa:QEN71_14210	ko:K06164
psaa:QEN71_14215	ko:K06163
psaa:QEN71_14220	ko:K05781
psaa:QEN71_14225	ko:K05780
psaa:QEN71_14230	ko:K06162
psaa:QEN71_14235	ko:K10013
psaa:QEN71_14240	ko:K06987
psaa:QEN71_14265	ko:K22589
psaa:QEN71_14285	ko:K01673
psaa:QEN71_14305	ko:K00688
psaa:QEN71_14315	ko:K08169
psaa:QEN71_14320	ko:K01620
psaa:QEN71_14330	ko:K02030
psaa:QEN71_14335	ko:K07052
psaa:QEN71_14340	ko:K08195
psaa:QEN71_14350	ko:K08177
psaa:QEN71_14365	ko:K16256
psaa:QEN71_14370	ko:K16257
psaa:QEN71_14375	ko:K16258
psaa:QEN71_14380	ko:K16259
psaa:QEN71_14395	ko:K15229
psaa:QEN71_14410	ko:K15228
psaa:QEN71_14425	ko:K00146
psaa:QEN71_14445	ko:K03430
psaa:QEN71_14450	ko:K09459
psaa:QEN71_14455	ko:K01841
psaa:QEN71_14460	ko:K03406
psaa:QEN71_14465	ko:K03587
psaa:QEN71_14520	ko:K11004
psaa:QEN71_14530	ko:K11003
psaa:QEN71_14540	ko:K18139
psaa:QEN71_14610	ko:K01684
psaa:QEN71_14615	ko:K26602
psaa:QEN71_14620	ko:K07248
psaa:QEN71_14650	ko:K18968
psaa:QEN71_14655	ko:K03566
psaa:QEN71_14660	ko:K03306
psaa:QEN71_14665	ko:K22468
psaa:QEN71_14675	ko:K00681
psaa:QEN71_14680	ko:K15785
psaa:QEN71_14685	ko:K15786
psaa:QEN71_14690	ko:K15782
psaa:QEN71_14695	ko:K15784
psaa:QEN71_14700	ko:K15783
psaa:QEN71_14710	ko:K01754
psaa:QEN71_14720	ko:K02030
psaa:QEN71_14725	ko:K02029
psaa:QEN71_14730	ko:K02029
psaa:QEN71_14735	ko:K02028
psaa:QEN71_14770	ko:K02503
psaa:QEN71_14780	ko:K03285
psaa:QEN71_14785	ko:K05811
psaa:QEN71_14800	ko:K03310
psaa:QEN71_14810	ko:K26061
psaa:QEN71_14820	ko:K00457
psaa:QEN71_14825	ko:K02623
psaa:QEN71_14830	ko:K00449
psaa:QEN71_14835	ko:K00448
psaa:QEN71_14845	ko:K03746
psaa:QEN71_14850	ko:K20034
psaa:QEN71_14875	ko:K05366
psaa:QEN71_14880	ko:K03307
psaa:QEN71_14895	ko:K06911
psaa:QEN71_14900	ko:K15977
psaa:QEN71_14920	ko:K05710
psaa:QEN71_14925	ko:K00529
psaa:QEN71_14935	ko:K02529
psaa:QEN71_14945	ko:K18900
psaa:QEN71_14980	ko:K00799
psaa:QEN71_14990	ko:K01574
psaa:QEN71_14995	ko:K00077
psaa:QEN71_15030	ko:K04744
psaa:QEN71_15045	ko:K07277
psaa:QEN71_15050	ko:K07659
psaa:QEN71_15055	ko:K07642
psaa:QEN71_15060	ko:K07664
psaa:QEN71_15065	ko:K03746
psaa:QEN71_15085	ko:K20035
psaa:QEN71_15100	ko:K11103
psaa:QEN71_15105	ko:K22209
psaa:QEN71_15110	ko:K01857
psaa:QEN71_15115	ko:K01114
psaa:QEN71_15120	ko:K08159
psaa:QEN71_15135	ko:K23514
psaa:QEN71_15140	ko:K07165
psaa:QEN71_15145	ko:K02014
psaa:QEN71_15170	ko:K02483
psaa:QEN71_15175	ko:K02484
psaa:QEN71_15185	ko:K03086
psaa:QEN71_15195	ko:K02316
psaa:QEN71_15200	ko:K09117
psaa:QEN71_15205	ko:K02970
psaa:QEN71_15215	ko:K25706
psaa:QEN71_15225	ko:K09007
psaa:QEN71_15230	ko:K01662
psaa:QEN71_15235	ko:K00795
psaa:QEN71_15240	ko:K03602
psaa:QEN71_15255	ko:K01011
psaa:QEN71_15260	ko:K00263
psaa:QEN71_15265	ko:K03719
psaa:QEN71_15275	ko:K07085
psaa:QEN71_15280	ko:K07649
psaa:QEN71_15285	ko:K07774
psaa:QEN71_15290	ko:K15553
psaa:QEN71_15295	ko:K15555
psaa:QEN71_15300	ko:K15554
psaa:QEN71_15305	ko:K07665
psaa:QEN71_15320	ko:K02484
psaa:QEN71_15325	ko:K02483
psaa:QEN71_15330	ko:K03711
psaa:QEN71_15340	ko:K02297
psaa:QEN71_15345	ko:K02298
psaa:QEN71_15350	ko:K02299
psaa:QEN71_15355	ko:K02300
psaa:QEN71_15365	ko:K00342
psaa:QEN71_15375	ko:K06016
psaa:QEN71_15390	ko:K02051
psaa:QEN71_15395	ko:K02050
psaa:QEN71_15400	ko:K02049
psaa:QEN71_15405	ko:K28692
psaa:QEN71_15410	ko:K28693
psaa:QEN71_15415	ko:K01941
psaa:QEN71_15420	ko:K01457
psaa:QEN71_15430	ko:K06077
psaa:QEN71_15475	ko:K03741
psaa:QEN71_15480	ko:K03772
psaa:QEN71_15500	ko:K03406
psaa:QEN71_15515	ko:K06132
psaa:QEN71_15530	ko:K07090
psaa:QEN71_15555	ko:K08968
psaa:QEN71_15560	ko:K03781
psaa:QEN71_15570	ko:K08641
psaa:QEN71_15575	ko:K02035
psaa:QEN71_15580	ko:K02033
psaa:QEN71_15585	ko:K02034
psaa:QEN71_15590	ko:K02031
psaa:QEN71_15595	ko:K02032
psaa:QEN71_15600	ko:K08195
psaa:QEN71_15620	ko:K18954
psaa:QEN71_15625	ko:K00481
psaa:QEN71_15635	ko:K07402
psaa:QEN71_15655	ko:K07302
psaa:QEN71_15660	ko:K07303
psaa:QEN71_15670	ko:K14205
psaa:QEN71_15675	ko:K03446
psaa:QEN71_15680	ko:K03543
psaa:QEN71_15685	ko:K18139
psaa:QEN71_15700	ko:K12266
psaa:QEN71_15705	ko:K05916
psaa:QEN71_15710	ko:K03464
psaa:QEN71_15715	ko:K03381
psaa:QEN71_15720	ko:K01856
psaa:QEN71_15725	ko:K21757
psaa:QEN71_15750	ko:K01118
psaa:QEN71_15765	ko:K03457
psaa:QEN71_15770	ko:K03719
psaa:QEN71_15775	ko:K03896
psaa:QEN71_15780	ko:K02014
psaa:QEN71_15785	ko:K10531
psaa:QEN71_15790	ko:K03896
psaa:QEN71_15805	ko:K06160
psaa:QEN71_15810	ko:K23227
psaa:QEN71_15815	ko:K13255
psaa:QEN71_15820	ko:K23228
psaa:QEN71_15825	ko:K10829
psaa:QEN71_15835	ko:K05375
psaa:QEN71_15845	ko:K06133
psaa:QEN71_15860	ko:K05712
psaa:QEN71_15885	ko:K10112
psaa:QEN71_15895	ko:K02027
psaa:QEN71_15900	ko:K02025
psaa:QEN71_15905	ko:K02026
psaa:QEN71_15950	ko:K02484
psaa:QEN71_15960	ko:K03566
psaa:QEN71_15975	ko:K03761
psaa:QEN71_15990	ko:K02058
psaa:QEN71_15995	ko:K02529
psaa:QEN71_16005	ko:K06991
psaa:QEN71_16010	ko:K02529
psaa:QEN71_16015	ko:K11688
psaa:QEN71_16020	ko:K21393
psaa:QEN71_16030	ko:K01559
psaa:QEN71_16035	ko:K23247
psaa:QEN71_16045	ko:K09461
psaa:QEN71_16070	ko:K01075
psaa:QEN71_16080	ko:K08295
psaa:QEN71_16090	ko:K00799
psaa:QEN71_16105	ko:K13653
psaa:QEN71_16130	ko:K07171
psaa:QEN71_16135	ko:K07172
psaa:QEN71_16150	ko:K04750
psaa:QEN71_16180	ko:K03088
psaa:QEN71_16230	ko:K07032
psaa:QEN71_16245	ko:K04062
psaa:QEN71_16260	ko:K22895
psaa:QEN71_16280	ko:K07393
psaa:QEN71_16290	ko:K03671
psaa:QEN71_16295	ko:K01626
psaa:QEN71_16300	ko:K00641
psaa:QEN71_16310	ko:K00375
psaa:QEN71_16325	ko:K00113
psaa:QEN71_16340	ko:K01173
psaa:QEN71_16350	ko:K10914
psaa:QEN71_16360	ko:K05786
psaa:QEN71_16365	ko:K18911
psaa:QEN71_16370	ko:K01512
psaa:QEN71_16375	ko:K00091
psaa:QEN71_16395	ko:K03527
psaa:QEN71_16405	ko:K07323
psaa:QEN71_16410	ko:K07003
psaa:QEN71_16415	ko:K04754
psaa:QEN71_16430	ko:K06045
psaa:QEN71_16435	ko:K21677
psaa:QEN71_16440	ko:K21678
psaa:QEN71_16455	ko:K03410
psaa:QEN71_16475	ko:K19784
psaa:QEN71_16485	ko:K09984
psaa:QEN71_16490	ko:K15553
psaa:QEN71_16495	ko:K00537
psaa:QEN71_16500	ko:K03496
psaa:QEN71_16505	ko:K03497
psaa:QEN71_16535	ko:K00639
psaa:QEN71_16540	ko:K00060
psaa:QEN71_16555	ko:K09958
psaa:QEN71_16570	ko:K00344
psaa:QEN71_16605	ko:K22704
psaa:QEN71_16610	ko:K03291
psaa:QEN71_16620	ko:K01297
psaa:QEN71_16625	ko:K06867
psaa:QEN71_16645	ko:K01434
psaa:QEN71_16675	ko:K17285
psaa:QEN71_16685	ko:K02511
psaa:QEN71_16690	ko:K05712
psaa:QEN71_16705	ko:K04033
psaa:QEN71_16715	ko:K14057
psaa:QEN71_16720	ko:K10013
psaa:QEN71_16725	ko:K06987
psaa:QEN71_16730	ko:K07124
psaa:QEN71_16750	ko:K02557
psaa:QEN71_16755	ko:K02556
psaa:QEN71_16775	ko:K03412
psaa:QEN71_16780	ko:K00575
psaa:QEN71_16810	ko:K13875
psaa:QEN71_16820	ko:K13873
psaa:QEN71_16825	ko:K10537
psaa:QEN71_16830	ko:K10539
psaa:QEN71_16835	ko:K10538
psaa:QEN71_16840	ko:K16203
psaa:QEN71_16850	ko:K13891
psaa:QEN71_16855	ko:K13890
psaa:QEN71_16860	ko:K13889
psaa:QEN71_16865	ko:K13892
psaa:QEN71_16870	ko:K13051
psaa:QEN71_16895	ko:K05710
psaa:QEN71_16935	ko:K01652
psaa:QEN71_16940	ko:K06989
psaa:QEN71_16955	ko:K00529
psaa:QEN71_16960	ko:K28762
psaa:QEN71_16965	ko:K16216
psaa:QEN71_16985	ko:K18313
psaa:QEN71_16990	ko:K01640
psaa:QEN71_17005	ko:K00830
psaa:QEN71_17030	ko:K07506
psaa:QEN71_17055	ko:K09927
psaa:QEN71_17065	ko:K00384
psaa:QEN71_17080	ko:K00567
psaa:QEN71_17085	ko:K03776
psaa:QEN71_17090	ko:K07677
psaa:QEN71_17095	ko:K03285
psaa:QEN71_17105	ko:K01026
psaa:QEN71_17150	ko:K03746
psaa:QEN71_17155	ko:K10713
psaa:QEN71_17160	ko:K23107
psaa:QEN71_17165	ko:K00135
psaa:QEN71_17170	ko:K08368
psaa:QEN71_17175	ko:K07345
psaa:QEN71_17180	ko:K15540
psaa:QEN71_17185	ko:K07347
psaa:QEN71_17190	ko:K07345
psaa:QEN71_17195	ko:K07345
psaa:QEN71_17200	ko:K02837
psaa:QEN71_17205	ko:K03566
psaa:QEN71_17210	ko:K09181
psaa:QEN71_17220	ko:K18336
psaa:QEN71_17225	ko:K18335
psaa:QEN71_17230	ko:K07046
psaa:QEN71_17235	ko:K00064
psaa:QEN71_17240	ko:K16850
psaa:QEN71_17250	ko:K02057
psaa:QEN71_17255	ko:K02056
psaa:QEN71_17260	ko:K10439
psaa:QEN71_17275	ko:K05874
psaa:QEN71_17285	ko:K07507
psaa:QEN71_17315	ko:K05973
psaa:QEN71_17320	ko:K00799
psaa:QEN71_17325	ko:K03406
psaa:QEN71_17330	ko:K17686
psaa:QEN71_17335	ko:K07734
psaa:QEN71_17350	ko:K03642
psaa:QEN71_17355	ko:K00375
psaa:QEN71_17360	ko:K02052
psaa:QEN71_17365	ko:K02055
psaa:QEN71_17370	ko:K02054
psaa:QEN71_17375	ko:K02053
psaa:QEN71_17395	ko:K01992
psaa:QEN71_17400	ko:K01990
psaa:QEN71_17405	ko:K01993
psaa:QEN71_17415	ko:K07690
psaa:QEN71_17430	ko:K07688
psaa:QEN71_17435	ko:K07688
psaa:QEN71_17450	ko:K21449
psaa:QEN71_17455	ko:K02651
psaa:QEN71_17475	ko:K02651
psaa:QEN71_17480	ko:K02279
psaa:QEN71_17485	ko:K02280
psaa:QEN71_17490	ko:K02283
psaa:QEN71_17495	ko:K12510
psaa:QEN71_17500	ko:K12511
psaa:QEN71_17505	ko:K09005
psaa:QEN71_17520	ko:K11903
psaa:QEN71_17535	ko:K27802
psaa:QEN71_17540	ko:K01720
psaa:QEN71_17550	ko:K01659
psaa:QEN71_17555	ko:K03417
psaa:QEN71_17560	ko:K01644
psaa:QEN71_17565	ko:K00024
psaa:QEN71_17570	ko:K03710
psaa:QEN71_17575	ko:K00241
psaa:QEN71_17580	ko:K00242
psaa:QEN71_17585	ko:K00239
psaa:QEN71_17590	ko:K00240
psaa:QEN71_17595	ko:K09159
psaa:QEN71_17600	ko:K01647
psaa:QEN71_17605	ko:K01703
psaa:QEN71_17610	ko:K16347
psaa:QEN71_17615	ko:K01704
psaa:QEN71_17620	ko:K00052
psaa:QEN71_17625	ko:K00133
psaa:QEN71_17630	ko:K08086
psaa:QEN71_17635	ko:K06173
psaa:QEN71_17640	ko:K01817
psaa:QEN71_17645	ko:K01696
psaa:QEN71_17650	ko:K00571
psaa:QEN71_17655	ko:K01695
psaa:QEN71_17660	ko:K01963
psaa:QEN71_17665	ko:K11754
psaa:QEN71_17670	ko:K03749
psaa:QEN71_17675	ko:K03558
psaa:QEN71_17680	ko:K00764
psaa:QEN71_17685	ko:K10764
psaa:QEN71_17695	ko:K03772
psaa:QEN71_17705	ko:K03699
psaa:QEN71_17710	ko:K06044
psaa:QEN71_17715	ko:K00705
psaa:QEN71_17720	ko:K01236
psaa:QEN71_17725	ko:K01214
psaa:QEN71_17730	ko:K00700
psaa:QEN71_17735	ko:K05343
psaa:QEN71_17740	ko:K16147
psaa:QEN71_17750	ko:K23274
psaa:QEN71_17755	ko:K19813
psaa:QEN71_17795	ko:K02019
psaa:QEN71_17800	ko:K02017
psaa:QEN71_17805	ko:K02018
psaa:QEN71_17810	ko:K02020
psaa:QEN71_17830	ko:K01669
psaa:QEN71_17835	ko:K04063
psaa:QEN71_17840	ko:K23775
psaa:QEN71_17850	ko:K02204
psaa:QEN71_17860	ko:K01241
psaa:QEN71_17865	ko:K07240
psaa:QEN71_17870	ko:K07240
psaa:QEN71_17875	ko:K03566
psaa:QEN71_17885	ko:K02335
psaa:QEN71_17890	ko:K03885
psaa:QEN71_17895	ko:K01061
psaa:QEN71_17910	ko:K08319
psaa:QEN71_17915	ko:K21948
psaa:QEN71_17920	ko:K22130
psaa:QEN71_17930	ko:K22131
psaa:QEN71_17935	ko:K22025
psaa:QEN71_17955	ko:K06987
psaa:QEN71_17975	ko:K01420
psaa:QEN71_17995	ko:K13060
psaa:QEN71_18005	ko:K18304
psaa:QEN71_18010	ko:K13877
psaa:QEN71_18015	ko:K01053
psaa:QEN71_18020	ko:K02055
psaa:QEN71_18025	ko:K02052
psaa:QEN71_18030	ko:K02054
psaa:QEN71_18035	ko:K02053
psaa:QEN71_18060	ko:K00640
psaa:QEN71_18075	ko:K01495
psaa:QEN71_18085	ko:K00481
psaa:QEN71_18090	ko:K01031
psaa:QEN71_18095	ko:K01032
psaa:QEN71_18105	ko:K01857
psaa:QEN71_18110	ko:K01055
psaa:QEN71_18115	ko:K01607
psaa:QEN71_18125	ko:K01997
psaa:QEN71_18125	ko:K01998
psaa:QEN71_18130	ko:K01995
psaa:QEN71_18135	ko:K01996
psaa:QEN71_18140	ko:K01999
psaa:QEN71_18155	ko:K00822
psaa:QEN71_18195	ko:K01759
psaa:QEN71_18225	ko:K00799
psaa:QEN71_18230	ko:K07006
psaa:QEN71_18240	ko:K03088
psaa:QEN71_18250	ko:K08995
psaa:QEN71_18255	ko:K03281
psaa:QEN71_18265	ko:K07168
psaa:QEN71_18305	ko:K03543
psaa:QEN71_18310	ko:K03446
psaa:QEN71_18320	ko:K00626
psaa:QEN71_18325	ko:K00077
psaa:QEN71_18340	ko:K10823
psaa:QEN71_18345	ko:K15583
psaa:QEN71_18350	ko:K15582
psaa:QEN71_18355	ko:K15581
psaa:QEN71_18360	ko:K15580
psaa:QEN71_18370	ko:K03305
psaa:QEN71_18375	ko:K00375
psaa:QEN71_18400	ko:K07395
psaa:QEN71_18410	ko:K07058
psaa:QEN71_18415	ko:K00123
psaa:QEN71_18420	ko:K00124
psaa:QEN71_18425	ko:K00127
psaa:QEN71_18430	ko:K02380
psaa:QEN71_18435	ko:K01042
psaa:QEN71_18440	ko:K03833
psaa:QEN71_18445	ko:K14238
psaa:QEN71_18455	ko:K07497
psaa:QEN71_18535	ko:K14160
psaa:QEN71_18550	ko:K03746
psaa:QEN71_18570	ko:K01733
psaa:QEN71_18575	ko:K01424
psaa:QEN71_18580	ko:K01999
psaa:QEN71_18615	ko:K07025
psaa:QEN71_18640	ko:K03566
psaa:QEN71_18655	ko:K05710
psaa:QEN71_18670	ko:K00344
psaa:QEN71_18675	ko:K01907
psaa:QEN71_18695	ko:K03521
psaa:QEN71_18700	ko:K03522
psaa:QEN71_18705	ko:K17865
psaa:QEN71_18720	ko:K00311
psaa:QEN71_18725	ko:K00626
psaa:QEN71_18765	ko:K08162
psaa:QEN71_18860	ko:K03743
psaa:QEN71_18865	ko:K01916
psaa:QEN71_18870	ko:K24160
psaa:QEN71_18880	ko:K02275
psaa:QEN71_18885	ko:K15408
psaa:QEN71_18945	ko:K03654
psaa:QEN71_18950	ko:K07217
psaa:QEN71_18990	ko:K08482
psaa:QEN71_19030	ko:K01613
psaa:QEN71_19045	ko:K00275
psaa:QEN71_19050	ko:K03324
psaa:QEN71_19075	ko:K03530
psaa:QEN71_19085	ko:K07484
psaa:QEN71_19090	ko:K07484
psaa:QEN71_19095	ko:K07483
psaa:QEN71_19115	ko:K00148
psaa:QEN71_19125	ko:K08678
psaa:QEN71_19145	ko:K00612
psaa:QEN71_19155	ko:K03273
psaa:QEN71_19160	ko:K15521
psaa:QEN71_19165	ko:K06147
psaa:QEN71_19180	ko:K13924
psaa:QEN71_19185	ko:K03412
psaa:QEN71_19225	ko:K13924
psaa:QEN71_19240	ko:K03530
psaa:QEN71_19275	ko:K03313
psaa:QEN71_19290	ko:K06132
psaa:QEN71_19315	ko:K00059
psaa:QEN71_19320	ko:K06938
psaa:QEN71_19385	ko:K05343
psaa:QEN71_19390	ko:K01187
psaa:QEN71_19405	ko:K12508
psaa:QEN71_19410	ko:K21802
psaa:QEN71_19415	ko:K18383
psaa:QEN71_19420	ko:K05819
psaa:QEN71_19455	ko:K00014
psaa:QEN71_19475	ko:K00077
psaa:QEN71_19500	ko:K08369
psaa:QEN71_19510	ko:K19338
psaa:QEN71_19515	ko:K10221
psaa:QEN71_19520	ko:K11103
psaa:QEN71_19525	ko:K03186
psaa:QEN71_19540	ko:K02049
psaa:QEN71_19545	ko:K02051
psaa:QEN71_19550	ko:K02050
psaa:QEN71_19555	ko:K01055
psaa:QEN71_19560	ko:K03519
psaa:QEN71_19570	ko:K03518
psaa:QEN71_19580	ko:K09022
psaa:QEN71_19585	ko:K07402
psaa:QEN71_19590	ko:K01897
psaa:QEN71_19595	ko:K03566
psaa:QEN71_19610	ko:K09386
psaa:QEN71_19615	ko:K28762
psaa:QEN71_19625	ko:K10218
psaa:QEN71_19630	ko:K10220
psaa:QEN71_19640	ko:K11103
psaa:QEN71_19655	ko:K16516
psaa:QEN71_19670	ko:K00574
psaa:QEN71_19675	ko:K03098
psaa:QEN71_19680	ko:K00574
psaa:QEN71_19685	ko:K09701
psaa:QEN71_19690	ko:K06954
psaa:QEN71_19695	ko:K05847
psaa:QEN71_19700	ko:K05846
psaa:QEN71_19705	ko:K05845
psaa:QEN71_19710	ko:K05846
psaa:QEN71_19720	ko:K00549
psaa:QEN71_19725	ko:K03576
psaa:QEN71_19730	ko:K01682
psaa:QEN71_19745	ko:K07491
psaa:QEN71_19750	ko:K18554
psaa:QEN71_19765	ko:K03566
psaa:QEN71_19770	ko:K00384
psaa:QEN71_19805	ko:K11616
psaa:QEN71_19810	ko:K02106
psaa:QEN71_19825	ko:K01644
psaa:QEN71_19855	ko:K00002
psaa:QEN71_19865	ko:K06911
psaa:QEN71_19885	ko:K06016
psaa:QEN71_19955	ko:K06192
psaa:QEN71_19970	ko:K00135
psaa:QEN71_19975	ko:K00823
psaa:QEN71_19980	ko:K00375
psaa:QEN71_19995	ko:K02042
psaa:QEN71_20000	ko:K02044
psaa:QEN71_20005	ko:K02041
psaa:QEN71_20045	ko:K06992
psaa:QEN71_20060	ko:K15371
psaa:QEN71_20065	ko:K01008
psaa:QEN71_20085	ko:K18900
psaa:QEN71_20095	ko:K18901
psaa:QEN71_20100	ko:K18902
psaa:QEN71_20105	ko:K18903
psaa:QEN71_20110	ko:K03322
psaa:QEN71_20115	ko:K02402
psaa:QEN71_20120	ko:K02403
psaa:QEN71_20125	ko:K07112
psaa:QEN71_20130	ko:K09990
psaa:QEN71_20175	ko:K13993
psaa:QEN71_20185	ko:K01619
psaa:QEN71_20190	ko:K00128
psaa:QEN71_20195	ko:K02431
psaa:QEN71_20200	ko:K00852
psaa:QEN71_20205	ko:K02057
psaa:QEN71_20210	ko:K02058
psaa:QEN71_20215	ko:K02056
psaa:QEN71_20220	ko:K02057
psaa:QEN71_20230	ko:K15977
psaa:QEN71_20240	ko:K08166
psaa:QEN71_20245	ko:K03762
psaa:QEN71_20255	ko:K21062
psaa:QEN71_20260	ko:K12658
psaa:QEN71_20265	ko:K21061
psaa:QEN71_20270	ko:K22550
psaa:QEN71_20275	ko:K22549
psaa:QEN71_20305	ko:K00046
psaa:QEN71_20340	ko:K07577
psaa:QEN71_20350	ko:K03781
psaa:QEN71_20360	ko:K01990
psaa:QEN71_20365	ko:K01992
psaa:QEN71_20395	ko:K01902
psaa:QEN71_20400	ko:K01903
psaa:QEN71_20405	ko:K07749
psaa:QEN71_20410	ko:K00325
psaa:QEN71_20420	ko:K21703
psaa:QEN71_20425	ko:K08177
psaa:QEN71_20435	ko:K00128
psaa:QEN71_20440	ko:K05834
psaa:QEN71_20485	ko:K00285
psaa:QEN71_20510	ko:K07006
psaa:QEN71_20520	ko:K00033
psaa:QEN71_20545	ko:K06194
psaa:QEN71_20570	ko:K03549
psaa:QEN71_20575	ko:K01721
psaa:QEN71_20580	ko:K20807
psaa:QEN71_20600	ko:K07141
psaa:QEN71_20610	ko:K11177
psaa:QEN71_20615	ko:K11178
psaa:QEN71_20620	ko:K13483
psaa:QEN71_20625	ko:K00609
psaa:QEN71_20635	ko:K01714
psaa:QEN71_20655	ko:K21023
psaa:QEN71_20665	ko:K13633
psaa:QEN71_20670	ko:K15790
psaa:QEN71_20675	ko:K02002
psaa:QEN71_20680	ko:K03554
psaa:QEN71_20690	ko:K10001
psaa:QEN71_20750	ko:K03449
psaa:QEN71_20760	ko:K03306
psaa:QEN71_20765	ko:K06147
psaa:QEN71_20780	ko:K00259
psaa:QEN71_20785	ko:K00206
psaa:QEN71_20790	ko:K19670
psaa:QEN71_20795	ko:K02012
psaa:QEN71_20800	ko:K02010
psaa:QEN71_20805	ko:K02011
psaa:QEN71_20810	ko:K03430
psaa:QEN71_20830	ko:K07089
psaa:QEN71_20870	ko:K03281
psaa:QEN71_20875	ko:K16137
psaa:QEN71_20885	ko:K03321
psaa:QEN71_20905	ko:K09857
psaa:QEN71_20910	ko:K06192
psaa:QEN71_20915	ko:K03808
psaa:QEN71_20985	ko:K00344
psaa:QEN71_21005	ko:K02483
psaa:QEN71_21015	ko:K00384
psaa:QEN71_21050	ko:K01426
psaa:QEN71_21060	ko:K03088
psaa:QEN71_21065	ko:K00128
psaa:QEN71_21090	ko:K01687
psaa:QEN71_21110	ko:K15553
psaa:QEN71_21115	ko:K02073
psaa:QEN71_21125	ko:K16091
psaa:QEN71_21140	ko:K07638
psaa:QEN71_21150	ko:K00249
psaa:QEN71_21175	ko:K03719
psaa:QEN71_21185	ko:K06938
psaa:QEN71_21190	ko:K09771
psaa:QEN71_21195	ko:K09983
psaa:QEN71_21205	ko:K08677
psaa:QEN71_21230	ko:K01916
psaa:QEN71_21250	ko:K02444
psaa:QEN71_21255	ko:K03430
psaa:QEN71_21260	ko:K11081
psaa:QEN71_21265	ko:K11084
psaa:QEN71_21270	ko:K11083
psaa:QEN71_21275	ko:K11082
psaa:QEN71_21285	ko:K19670
psaa:QEN71_21290	ko:K00206
psaa:QEN71_21300	ko:K01977
psaa:QEN71_21305	ko:K14227
psaa:QEN71_21310	ko:K14218
psaa:QEN71_21315	ko:K01980
psaa:QEN71_21320	ko:K01985
psaa:QEN71_21330	ko:K00854
psaa:QEN71_21335	ko:K09702
psaa:QEN71_21345	ko:K03781
psaa:QEN71_21380	ko:K11935
psaa:QEN71_21385	ko:K11931
psaa:QEN71_21390	ko:K11936
psaa:QEN71_21400	ko:K00820
psaa:QEN71_21415	ko:K02483
psaa:QEN71_21435	ko:K07117
psaa:QEN71_21450	ko:K07645
psaa:QEN71_21455	ko:K07666
psaa:QEN71_21490	ko:K03711
psaa:QEN71_21495	ko:K01673
psaa:QEN71_21525	ko:K00819
psaa:QEN71_21530	ko:K05786
psaa:QEN71_21545	ko:K03724
psaa:QEN71_21555	ko:K17850
psaa:QEN71_21585	ko:K04095
psaa:QEN71_21595	ko:K03285
psaa:QEN71_21605	ko:K03607
psaa:QEN71_21615	ko:K26400
psaa:QEN71_21620	ko:K27848
psaa:QEN71_21625	ko:K02624
psaa:QEN71_21630	ko:K07100
psaa:QEN71_21635	ko:K00963
psaa:QEN71_21675	ko:K01711
psaa:QEN71_21680	ko:K07154
psaa:QEN71_21715	ko:K16692
psaa:QEN71_21720	ko:K01991
psaa:QEN71_21725	ko:K25307
psaa:QEN71_21730	ko:K00012
psaa:QEN71_21745	ko:K16011
psaa:QEN71_21755	ko:K09780
psaa:QEN71_21785	ko:K00697
psaa:QEN71_21795	ko:K06867
psaa:QEN71_21800	ko:K03424
psaa:QEN71_21805	ko:K02341
psaa:QEN71_21810	ko:K00943
psaa:QEN71_21815	ko:K07082
psaa:QEN71_21820	ko:K06980
psaa:QEN71_21840	ko:K23256
psaa:QEN71_21875	ko:K00632
psaa:QEN71_21880	ko:K08281
psaa:QEN71_21885	ko:K07516
psaa:QEN71_21890	ko:K20034
psaa:QEN71_21895	ko:K08997
psaa:QEN71_21900	ko:K06190
psaa:QEN71_21905	ko:K05527
psaa:QEN71_21910	ko:K03769
psaa:QEN71_21915	ko:K01952
psaa:QEN71_21925	ko:K23997
psaa:QEN71_21930	ko:K01810
psaa:QEN71_21935	ko:K02003
psaa:QEN71_21940	ko:K10804
psaa:QEN71_21950	ko:K03770
psaa:QEN71_21955	ko:K14221
psaa:QEN71_21960	ko:K14237
psaa:QEN71_21965	ko:K03530
psaa:QEN71_21970	ko:K01338
psaa:QEN71_21975	ko:K03544
psaa:QEN71_21980	ko:K01358
psaa:QEN71_21985	ko:K03545
psaa:QEN71_21990	ko:K00865
psaa:QEN71_22005	ko:K14228
psaa:QEN71_22010	ko:K02291
psaa:QEN71_22025	ko:K07659
psaa:QEN71_22030	ko:K07638
psaa:QEN71_22035	ko:K24126
psaa:QEN71_22040	ko:K04756
psaa:QEN71_22045	ko:K01770
psaa:QEN71_22050	ko:K00991
psaa:QEN71_22055	ko:K03723
psaa:QEN71_22065	ko:K01438
psaa:QEN71_22070	ko:K01754
psaa:QEN71_22075	ko:K03282
psaa:QEN71_22105	ko:K07290
psaa:QEN71_22110	ko:K02068
psaa:QEN71_22115	ko:K02069
psaa:QEN71_22140	ko:K01971
psaa:QEN71_22145	ko:K10979
psaa:QEN71_22155	ko:K01079
psaa:QEN71_22160	ko:K01760
psaa:QEN71_22170	ko:K00626
psaa:QEN71_22175	ko:K00874
psaa:QEN71_22180	ko:K14441
psaa:QEN71_22190	ko:K00023
psaa:QEN71_22195	ko:K00626
psaa:QEN71_22200	ko:K03821
psaa:QEN71_22205	ko:K05810
psaa:QEN71_22210	ko:K06180
psaa:QEN71_22215	ko:K05807
psaa:QEN71_22220	ko:K03215
psaa:QEN71_22230	ko:K07501
psaa:QEN71_22235	ko:K03087
psaa:QEN71_22240	ko:K06194
psaa:QEN71_22245	ko:K00573
psaa:QEN71_22250	ko:K03787
psaa:QEN71_22255	ko:K00344
psaa:QEN71_22260	ko:K15554
psaa:QEN71_22265	ko:K15555
psaa:QEN71_22270	ko:K15553
psaa:QEN71_22275	ko:K18313
psaa:QEN71_22280	ko:K06187
psaa:QEN71_22285	ko:K09747
psaa:QEN71_22290	ko:K02343
psaa:QEN71_22295	ko:K01983
psaa:QEN71_22300	ko:K03671
psaa:QEN71_22305	ko:K03628
psaa:QEN71_22315	ko:K09933
psaa:QEN71_22320	ko:K02909
psaa:QEN71_22330	ko:K26939
psaa:QEN71_22335	ko:K01607
psaa:QEN71_22345	ko:K06894
psaa:QEN71_22350	ko:K05367
psaa:QEN71_22355	ko:K02237
psaa:QEN71_22365	ko:K03695
psaa:QEN71_22370	ko:K13771
psaa:QEN71_22375	ko:K06886
psaa:QEN71_22380	ko:K03635
psaa:QEN71_22385	ko:K03636
psaa:QEN71_22390	ko:K03750
psaa:QEN71_22395	ko:K01733
psaa:QEN71_22400	ko:K00003
psaa:QEN71_22405	ko:K14260
psaa:QEN71_22430	ko:K10012
psaa:QEN71_22435	ko:K00604
psaa:QEN71_22445	ko:K13014
psaa:QEN71_22450	ko:K03564
psaa:QEN71_22455	ko:K07175
psaa:QEN71_22470	ko:K03306
psaa:QEN71_22475	ko:K07220
psaa:QEN71_22480	ko:K02314
psaa:QEN71_22485	ko:K02939
psaa:QEN71_22490	ko:K02963
psaa:QEN71_22495	ko:K02686
psaa:QEN71_22500	ko:K02990
psaa:QEN71_22510	ko:K03088
psaa:QEN71_22520	ko:K02275
psaa:QEN71_22530	ko:K01608
psaa:QEN71_22535	ko:K01816
psaa:QEN71_22540	ko:K00042
psaa:QEN71_22560	ko:K01424
psaa:QEN71_22565	ko:K13635
psaa:QEN71_22570	ko:K02045
psaa:QEN71_22575	ko:K02047
psaa:QEN71_22580	ko:K02046
psaa:QEN71_22585	ko:K23163
psaa:QEN71_22590	ko:K01356
psaa:QEN71_22610	ko:K09695
psaa:QEN71_22615	ko:K09694
psaa:QEN71_22625	ko:K07089
psaa:QEN71_22635	ko:K09954
psaa:QEN71_22640	ko:K14226
psaa:QEN71_22645	ko:K05539
psaa:QEN71_22675	ko:K15555
psaa:QEN71_22680	ko:K15554
psaa:QEN71_22685	ko:K04091
psaa:QEN71_22730	ko:K03297
psaa:QEN71_22740	ko:K14230
psaa:QEN71_22750	ko:K00684
psaa:QEN71_22755	ko:K21420
psaa:QEN71_22760	ko:K00254
psaa:QEN71_22765	ko:K03100
psaa:QEN71_22790	ko:K06133
psaa:QEN71_22820	ko:K07270
psaa:QEN71_22830	ko:K16568
psaa:QEN71_22835	ko:K16568
psaa:QEN71_22880	ko:K16568
psaa:QEN71_22885	ko:K16692
psaa:QEN71_22890	ko:K01991
psaa:QEN71_22900	ko:K01807
psaa:QEN71_22905	ko:K11066
psaa:QEN71_22915	ko:K03218
psaa:QEN71_22920	ko:K12573
psaa:QEN71_22925	ko:K14228
psaa:QEN71_22930	ko:K14228
psaa:QEN71_22940	ko:K08178
psaa:QEN71_22950	ko:K06445
psaa:QEN71_22955	ko:K00059
psaa:QEN71_22965	ko:K00626
psaa:QEN71_22970	ko:K01897
psaa:QEN71_22985	ko:K05797
psaa:QEN71_23000	ko:K03088
psaa:QEN71_23010	ko:K03666
psaa:QEN71_23040	ko:K06916
psaa:QEN71_23045	ko:K00382
psaa:QEN71_23050	ko:K00658
psaa:QEN71_23055	ko:K00164
psaa:QEN71_23060	ko:K06207
psaa:QEN71_23070	ko:K18139
psaa:QEN71_23075	ko:K03543
psaa:QEN71_23080	ko:K03446
psaa:QEN71_23085	ko:K03177
psaa:QEN71_23090	ko:K02834
psaa:QEN71_23095	ko:K02519
psaa:QEN71_23100	ko:K02600
psaa:QEN71_23105	ko:K09748
psaa:QEN71_23110	ko:K06178
psaa:QEN71_23115	ko:K06024
psaa:QEN71_23130	ko:K07492
psaa:QEN71_23170	ko:K15034
psaa:QEN71_23180	ko:K03581
psaa:QEN71_23185	ko:K03582
psaa:QEN71_23190	ko:K03583
psaa:QEN71_23205	ko:K05800
psaa:QEN71_23215	ko:K22044
psaa:QEN71_23220	ko:K07118
psaa:QEN71_23235	ko:K05520
psaa:QEN71_23250	ko:K03320
psaa:QEN71_23255	ko:K06199
psaa:QEN71_23290	ko:K20329
psaa:QEN71_23295	ko:K07799
psaa:QEN71_23300	ko:K07788
psaa:QEN71_23305	ko:K07789
psaa:QEN71_23315	ko:K03564
psaa:QEN71_23340	ko:K10013
psaa:QEN71_23345	ko:K05526
psaa:QEN71_23350	ko:K01484
psaa:QEN71_23355	ko:K06447
psaa:QEN71_23360	ko:K00673
psaa:QEN71_23365	ko:K00673
psaa:QEN71_23370	ko:K00840
psaa:QEN71_23375	ko:K21825
psaa:QEN71_23380	ko:K10017
psaa:QEN71_23385	ko:K10015
psaa:QEN71_23390	ko:K10016
psaa:QEN71_23400	ko:K07001
psaa:QEN71_23420	ko:K00975
psaa:QEN71_23425	ko:K00703
psaa:QEN71_23430	ko:K00868
psaa:QEN71_23480	ko:K01458
psaa:QEN71_23485	ko:K05603
psaa:QEN71_23490	ko:K01468
psaa:QEN71_23495	ko:K09975
psaa:QEN71_23500	ko:K01712
psaa:QEN71_23505	ko:K05836
psaa:QEN71_23510	ko:K01745
psaa:QEN71_23540	ko:K06901
psaa:QEN71_23565	ko:K01451
psaa:QEN71_23570	ko:K14057
psaa:QEN71_23575	ko:K00128
psaa:QEN71_23580	ko:K06995
psaa:QEN71_23595	ko:K21703
psaa:QEN71_23600	ko:K03885
psaa:QEN71_23605	ko:K05596
psaa:QEN71_23610	ko:K06895
psaa:QEN71_23620	ko:K21012
psaa:QEN71_23625	ko:K21011
psaa:QEN71_23630	ko:K21010
psaa:QEN71_23635	ko:K21009
psaa:QEN71_23640	ko:K21008
psaa:QEN71_23645	ko:K21007
psaa:QEN71_23650	ko:K21006
psaa:QEN71_23660	ko:K05835
psaa:QEN71_23685	ko:K11939
psaa:QEN71_23695	ko:K00163
psaa:QEN71_23700	ko:K03719
psaa:QEN71_23705	ko:K01895
psaa:QEN71_23735	ko:K14233
psaa:QEN71_23750	ko:K14393
psaa:QEN71_23760	ko:K01895
psaa:QEN71_23775	ko:K01676
psaa:QEN71_23780	ko:K03594
psaa:QEN71_23785	ko:K01776
psaa:QEN71_23790	ko:K02192
psaa:QEN71_23800	ko:K03832
psaa:QEN71_23805	ko:K03561
psaa:QEN71_23810	ko:K03559
psaa:QEN71_23820	ko:K06911
psaa:QEN71_23840	ko:K11477
psaa:QEN71_23850	ko:K07243
psaa:QEN71_23860	ko:K07230
psaa:QEN71_23865	ko:K03702
psaa:QEN71_23870	ko:K00832
psaa:QEN71_23875	ko:K07001
psaa:QEN71_23880	ko:K00019
psaa:QEN71_23890	ko:K07115
psaa:QEN71_23895	ko:K15553
psaa:QEN71_23910	ko:K19591
psaa:QEN71_23915	ko:K07213
psaa:QEN71_23920	ko:K00067
psaa:QEN71_23925	ko:K14162
psaa:QEN71_23930	ko:K14161
psaa:QEN71_23935	ko:K14160
psaa:QEN71_23940	ko:K01985
psaa:QEN71_23945	ko:K01980
psaa:QEN71_23950	ko:K14218
psaa:QEN71_23955	ko:K14227
psaa:QEN71_23960	ko:K01977
psaa:QEN71_23995	ko:K09861
psaa:QEN71_24005	ko:K14287
psaa:QEN71_24010	ko:K00799
psaa:QEN71_24015	ko:K00074
psaa:QEN71_24035	ko:K00249
psaa:QEN71_24040	ko:K11209
psaa:QEN71_24055	ko:K28556
psaa:QEN71_24060	ko:K04118
psaa:QEN71_24070	ko:K01515
psaa:QEN71_24080	ko:K00343
psaa:QEN71_24085	ko:K00342
psaa:QEN71_24090	ko:K00341
psaa:QEN71_24095	ko:K00340
psaa:QEN71_24100	ko:K00339
psaa:QEN71_24105	ko:K00338
psaa:QEN71_24110	ko:K00337
psaa:QEN71_24115	ko:K00336
psaa:QEN71_24120	ko:K00335
psaa:QEN71_24125	ko:K00334
psaa:QEN71_24130	ko:K00333
psaa:QEN71_24135	ko:K00332
psaa:QEN71_24140	ko:K00331
psaa:QEN71_24145	ko:K00330
psaa:QEN71_24150	ko:K14228
psaa:QEN71_24155	ko:K03075
psaa:QEN71_24160	ko:K01803
psaa:QEN71_24170	ko:K00962
psaa:QEN71_24175	ko:K02956
psaa:QEN71_24180	ko:K01999
psaa:QEN71_24190	ko:K01649
psaa:QEN71_24200	ko:K17103
psaa:QEN71_24205	ko:K01613
psaa:QEN71_24210	ko:K00053
psaa:QEN71_24215	ko:K01653
psaa:QEN71_24220	ko:K01652
psaa:QEN71_24225	ko:K03088
psaa:QEN71_24245	ko:K02057
psaa:QEN71_24250	ko:K10441
psaa:QEN71_24255	ko:K10439
psaa:QEN71_24260	ko:K02529
psaa:QEN71_24270	ko:K27597
psaa:QEN71_24275	ko:K00901
psaa:QEN71_24305	ko:K07050
psaa:QEN71_24310	ko:K06886
psaa:QEN71_24315	ko:K02004
psaa:QEN71_24330	ko:K11741
psaa:QEN71_24335	ko:K07667
psaa:QEN71_24340	ko:K07646
psaa:QEN71_24345	ko:K01548
psaa:QEN71_24350	ko:K01547
psaa:QEN71_24355	ko:K01546
psaa:QEN71_24370	ko:K00344
psaa:QEN71_24375	ko:K01734
psaa:QEN71_24380	ko:K00059
psaa:QEN71_24385	ko:K00761
psaa:QEN71_24395	ko:K01945
psaa:QEN71_24400	ko:K00228
psaa:QEN71_24405	ko:K00969
psaa:QEN71_24410	ko:K09710
psaa:QEN71_24415	ko:K00783
psaa:QEN71_24420	ko:K06287
psaa:QEN71_24425	ko:K08301
psaa:QEN71_24455	ko:K11085
psaa:QEN71_24465	ko:K02337
psaa:QEN71_24470	ko:K07146
psaa:QEN71_24475	ko:K01894
psaa:QEN71_24480	ko:K11927
psaa:QEN71_24490	ko:K01652
psaa:QEN71_24505	ko:K08289
psaa:QEN71_24515	ko:K03466
psaa:QEN71_24520	ko:K07404
psaa:QEN71_24540	ko:K05973
psaa:QEN71_24550	ko:K03616
psaa:QEN71_24555	ko:K10773
psaa:QEN71_24580	ko:K09989
psaa:QEN71_24585	ko:K05782
psaa:QEN71_24590	ko:K00616
psaa:QEN71_24595	ko:K04750
psaa:QEN71_24605	ko:K03307
psaa:QEN71_24625	ko:K03181
psaa:QEN71_24635	ko:K04079
psaa:QEN71_24655	ko:K05825
psaa:QEN71_24680	ko:K07240
psaa:QEN71_24690	ko:K02621
psaa:QEN71_24695	ko:K02622
psaa:QEN71_24700	ko:K07075
psaa:QEN71_24710	ko:K15738
psaa:QEN71_24730	ko:K14219
psaa:QEN71_24745	ko:K00558
psaa:QEN71_24750	ko:K07458
psaa:QEN71_24760	ko:K08169
psaa:QEN71_24770	ko:K00697
psaa:QEN71_24820	ko:K02049
psaa:QEN71_24825	ko:K02050
psaa:QEN71_24840	ko:K07638
psaa:QEN71_24845	ko:K07659
psaa:QEN71_24855	ko:K06911
psaa:QEN71_24860	ko:K10014
psaa:QEN71_24865	ko:K10016
psaa:QEN71_24870	ko:K10015
psaa:QEN71_24875	ko:K10017
psaa:QEN71_24885	ko:K04751
psaa:QEN71_24890	ko:K01950
psaa:QEN71_24895	ko:K09919
psaa:QEN71_24900	ko:K07461
psaa:QEN71_24905	ko:K03746
psaa:QEN71_24915	ko:K01507
psaa:QEN71_24920	ko:K00128
psaa:QEN71_24925	ko:K00059
psaa:QEN71_24935	ko:K02498
psaa:QEN71_24940	ko:K13543
psaa:QEN71_24945	ko:K01749
psaa:QEN71_24950	ko:K01595
psaa:QEN71_24965	ko:K01755
psaa:QEN71_24970	ko:K08994
psaa:QEN71_24995	ko:K01584
psaa:QEN71_25000	ko:K01494
psaa:QEN71_25005	ko:K04565
psaa:QEN71_25010	ko:K03593
psaa:QEN71_25020	ko:K01874
psaa:QEN71_25040	ko:K09800
psaa:QEN71_25045	ko:K07278
psaa:QEN71_25055	ko:K05896
psaa:QEN71_25060	ko:K01918
psaa:QEN71_25065	ko:K01579
psaa:QEN71_25070	ko:K03496
psaa:QEN71_25085	ko:K15977
psaa:QEN71_25090	ko:K02232
psaa:QEN71_25095	ko:K02231
psaa:QEN71_25100	ko:K02227
psaa:QEN71_25105	ko:K02225
psaa:QEN71_25110	ko:K02016
psaa:QEN71_25115	ko:K02226
psaa:QEN71_25120	ko:K02233
psaa:QEN71_25125	ko:K00768
psaa:QEN71_25130	ko:K02013
psaa:QEN71_25135	ko:K02015
psaa:QEN71_25140	ko:K16092
psaa:QEN71_25150	ko:K09888
psaa:QEN71_25155	ko:K28358
psaa:QEN71_25170	ko:K13292
psaa:QEN71_25180	ko:K01687
psaa:QEN71_25185	ko:K08738
psaa:QEN71_25195	ko:K02339
psaa:QEN71_25200	ko:K01255
psaa:QEN71_25205	ko:K07091
psaa:QEN71_25210	ko:K11720
psaa:QEN71_25215	ko:K03795
psaa:QEN71_25220	ko:K17836
psaa:QEN71_25225	ko:K02303
psaa:QEN71_25230	ko:K00956
psaa:QEN71_25235	ko:K00957
psaa:QEN71_25240	ko:K00390
psaa:QEN71_25250	ko:K00381
psaa:QEN71_25255	ko:K13634
psaa:QEN71_25260	ko:K01999
psaa:QEN71_25285	ko:K10439
psaa:QEN71_25290	ko:K10440
psaa:QEN71_25295	ko:K10441
psaa:QEN71_25300	ko:K05499
psaa:QEN71_25305	ko:K00573
psaa:QEN71_25330	ko:K11959
psaa:QEN71_25335	ko:K11960
psaa:QEN71_25340	ko:K11961
psaa:QEN71_25345	ko:K11962
psaa:QEN71_25350	ko:K11963
psaa:QEN71_25355	ko:K03190
psaa:QEN71_25360	ko:K02030
psaa:QEN71_25365	ko:K01430
psaa:QEN71_25370	ko:K01429
psaa:QEN71_25375	ko:K01428
psaa:QEN71_25380	ko:K03187
psaa:QEN71_25385	ko:K03188
psaa:QEN71_25390	ko:K03189
psaa:QEN71_25395	ko:K02527
psaa:QEN71_25405	ko:K02841
psaa:QEN71_25410	ko:K15778
psaa:QEN71_25415	ko:K03328
psaa:QEN71_25430	ko:K01784
psaa:QEN71_25440	ko:K16568
psaa:QEN71_25455	ko:K16011
psaa:QEN71_25515	ko:K11904
psaa:QEN71_25555	ko:K05874
psaa:QEN71_25605	ko:K16011
psaa:QEN71_25615	ko:K00721
psaa:QEN71_25720	ko:K09691
psaa:QEN71_25725	ko:K09690
psaa:QEN71_25730	ko:K12990
psaa:QEN71_25735	ko:K00067
psaa:QEN71_25740	ko:K01790
psaa:QEN71_25745	ko:K00973
psaa:QEN71_25750	ko:K01710
psaa:QEN71_25755	ko:K22252
psaa:QEN71_25760	ko:K01525
psaa:QEN71_25765	ko:K00655
psaa:QEN71_25770	ko:K01465
psaa:QEN71_25775	ko:K00609
psaa:QEN71_25780	ko:K02825
psaa:QEN71_25785	ko:K07447
psaa:QEN71_25790	ko:K07735
psaa:QEN71_25805	ko:K00941
psaa:QEN71_25810	ko:K00860
psaa:QEN71_25815	ko:K04077
psaa:QEN71_25820	ko:K04078
psaa:QEN71_25840	ko:K02575
psaa:QEN71_25845	ko:K07496
psaa:QEN71_25855	ko:K10544
psaa:QEN71_25860	ko:K10545
psaa:QEN71_25865	ko:K10543
psaa:QEN71_25870	ko:K01805
psaa:QEN71_25875	ko:K02529
psaa:QEN71_25880	ko:K01785
psaa:QEN71_25885	ko:K09939
psaa:QEN71_25895	ko:K16137
psaa:QEN71_25905	ko:K02026
psaa:QEN71_25910	ko:K02025
psaa:QEN71_25915	ko:K02027
psaa:QEN71_25920	ko:K12308
psaa:QEN71_25925	ko:K10111
psaa:QEN71_25935	ko:K22491
psaa:QEN71_25950	ko:K03098
psaa:QEN71_25965	ko:K00886
psaa:QEN71_25970	ko:K00036
psaa:QEN71_25985	ko:K07638
psaa:QEN71_25990	ko:K07659
psaa:QEN71_26005	ko:K03594
psaa:QEN71_26015	ko:K03585
psaa:QEN71_26020	ko:K18138
psaa:QEN71_26030	ko:K05786
psaa:QEN71_26035	ko:K07090
psaa:QEN71_26045	ko:K07518
psaa:QEN71_26070	ko:K07402
psaa:QEN71_26075	ko:K13482
psaa:QEN71_26080	ko:K13481
psaa:QEN71_26105	ko:K09758
psaa:QEN71_26110	ko:K07085
psaa:QEN71_26115	ko:K07085
psaa:QEN71_26125	ko:K03778
psaa:QEN71_26140	ko:K19577
psaa:QEN71_26150	ko:K01555
psaa:QEN71_26155	ko:K00451
psaa:QEN71_26160	ko:K08195
psaa:QEN71_26175	ko:K00252
psaa:QEN71_26180	ko:K24158
psaa:QEN71_26210	ko:K02672
psaa:QEN71_26220	ko:K08084
psaa:QEN71_26225	ko:K07738
psaa:QEN71_26230	ko:K00600
psaa:QEN71_26235	ko:K16066
psaa:QEN71_26240	ko:K07107
psaa:QEN71_26245	ko:K03562
psaa:QEN71_26250	ko:K03560
psaa:QEN71_26255	ko:K03646
psaa:QEN71_26260	ko:K03641
psaa:QEN71_26265	ko:K03640
psaa:QEN71_26275	ko:K14229
psaa:QEN71_26330	ko:K03818
psaa:QEN71_26340	ko:K03208
psaa:QEN71_26350	ko:K02377
psaa:QEN71_26355	ko:K01711
psaa:QEN71_26360	ko:K16692
psaa:QEN71_26365	ko:K01991
psaa:QEN71_26375	ko:K16011
psaa:QEN71_26395	ko:K03207
psaa:QEN71_26400	ko:K00963
psaa:QEN71_26420	ko:K03442
psaa:QEN71_26425	ko:K03975
psaa:QEN71_26430	ko:K03572
psaa:QEN71_26435	ko:K00791
psaa:QEN71_26440	ko:K01933
psaa:QEN71_26450	ko:K10763
psaa:QEN71_26455	ko:K28842
psaa:QEN71_26460	ko:K00970
psaa:QEN71_26465	ko:K00950
psaa:QEN71_26475	ko:K00606
psaa:QEN71_26480	ko:K03342
psaa:QEN71_26485	ko:K03686
psaa:QEN71_26490	ko:K04043
psaa:QEN71_26500	ko:K03687
psaa:QEN71_26510	ko:K04762
psaa:QEN71_26515	ko:K01772
psaa:QEN71_26520	ko:K03705
psaa:QEN71_26525	ko:K00858
psaa:QEN71_26530	ko:K03631
psaa:QEN71_26535	ko:K00982
psaa:QEN71_26545	ko:K11206
psaa:QEN71_26550	ko:K03568
psaa:QEN71_26555	ko:K01626
psaa:QEN71_26565	ko:K00798
psaa:QEN71_26570	ko:K00102
psaa:QEN71_26575	ko:K00104
psaa:QEN71_26580	ko:K11472
psaa:QEN71_26585	ko:K11473
psaa:QEN71_26590	ko:K06997
psaa:QEN71_26595	ko:K00286
psaa:QEN71_26600	ko:K03179
psaa:QEN71_26605	ko:K04047
psaa:QEN71_26615	ko:K03781
psaa:QEN71_26620	ko:K04761
psaa:QEN71_26625	ko:K03655
psaa:QEN71_26630	ko:K07568
psaa:QEN71_26635	ko:K00773
psaa:QEN71_26640	ko:K03210
psaa:QEN71_26645	ko:K03072
psaa:QEN71_26650	ko:K03074
psaa:QEN71_26675	ko:K03808
psaa:QEN71_26680	ko:K03808
psaa:QEN71_26685	ko:K06192
psaa:QEN71_26690	ko:K09857
psaa:QEN71_26695	ko:K25137
psaa:QEN71_26700	ko:K06996
psaa:QEN71_26715	ko:K00325
psaa:QEN71_26720	ko:K00324
psaa:QEN71_26725	ko:K00324
psaa:QEN71_26735	ko:K00566
psaa:QEN71_26745	ko:K07387
psaa:QEN71_26755	ko:K01262
psaa:QEN71_26760	ko:K03185
psaa:QEN71_26765	ko:K05540
psaa:QEN71_26770	ko:K03557
psaa:QEN71_26775	ko:K00602
psaa:QEN71_26780	ko:K01159
psaa:QEN71_26790	ko:K03550
psaa:QEN71_26795	ko:K03551
psaa:QEN71_26800	ko:K15634
psaa:QEN71_26805	ko:K07560
psaa:QEN71_26810	ko:K01866
psaa:QEN71_26815	ko:K09001
psaa:QEN71_26820	ko:K15724
psaa:QEN71_26825	ko:K02996
psaa:QEN71_26830	ko:K02871
psaa:QEN71_26835	ko:K07397
psaa:QEN71_26840	ko:K01978
psaa:QEN71_26850	ko:K01465
psaa:QEN71_26865	ko:K10004
psaa:QEN71_26870	ko:K10002
psaa:QEN71_26875	ko:K10003
psaa:QEN71_26880	ko:K10001
psaa:QEN71_26885	ko:K00261
psaa:QEN71_26890	ko:K21645
psaa:QEN71_26895	ko:K01756
psaa:QEN71_26900	ko:K00851
psaa:QEN71_26905	ko:K03299
psaa:QEN71_26910	ko:K01625
psaa:QEN71_26915	ko:K01690
psaa:QEN71_26920	ko:K19337
psaa:QEN71_26930	ko:K08973
psaa:QEN71_26935	ko:K00147
psaa:QEN71_26940	ko:K02340
psaa:QEN71_26945	ko:K03643
psaa:QEN71_26950	ko:K01869
psaa:QEN71_26955	ko:K03559
psaa:QEN71_26960	ko:K03561
psaa:QEN71_26965	ko:K00215
psaa:QEN71_26970	ko:K06186
psaa:QEN71_26975	ko:K03711
psaa:QEN71_26980	ko:K01483
psaa:QEN71_26985	ko:K01477
psaa:QEN71_26990	ko:K11103
psaa:QEN71_27000	ko:K00134
psaa:QEN71_27005	ko:K00615
psaa:QEN71_27015	ko:K09761
psaa:QEN71_27025	ko:K01167
psaa:QEN71_27030	ko:K00986
psaa:QEN71_27035	ko:K00029
psaa:QEN71_27040	ko:K00946
psaa:QEN71_27045	ko:K01095
psaa:QEN71_27050	ko:K03743
psaa:QEN71_27055	ko:K09705
psaa:QEN71_27060	ko:K01591
psaa:QEN71_27065	ko:K01785
psaa:QEN71_27070	ko:K13874
psaa:QEN71_27075	ko:K22185
psaa:QEN71_27080	ko:K10538
psaa:QEN71_27085	ko:K10539
psaa:QEN71_27090	ko:K10537
psaa:QEN71_27100	ko:K01631
psaa:QEN71_27105	ko:K00883
psaa:QEN71_27120	ko:K03814
psaa:QEN71_27125	ko:K00014
psaa:QEN71_27130	ko:K01147
psaa:QEN71_27135	ko:K07000
psaa:QEN71_27140	ko:K02558
psaa:QEN71_27155	ko:K03786
psaa:QEN71_27160	ko:K02160
psaa:QEN71_27165	ko:K01961
psaa:QEN71_27170	ko:K02687
psaa:QEN71_27180	ko:K11065
psaa:QEN71_27185	ko:K00856
psaa:QEN71_27190	ko:K06077
psaa:QEN71_27205	ko:K00526
psaa:QEN71_27215	ko:K00525
psaa:QEN71_27220	ko:K03806
psaa:QEN71_27225	ko:K06950
psaa:QEN71_27235	ko:K03106
psaa:QEN71_27240	ko:K00760
psaa:QEN71_27250	ko:K01881
psaa:QEN71_27255	ko:K08311
psaa:QEN71_27265	ko:K00931
psaa:QEN71_27270	ko:K03979
psaa:QEN71_27275	ko:K02899
psaa:QEN71_27280	ko:K02888
psaa:QEN71_27285	ko:K02523
psaa:QEN71_27290	ko:K14232
psaa:QEN71_27295	ko:K03699
psaa:QEN71_27300	ko:K02652
psaa:QEN71_27305	ko:K02653
psaa:QEN71_27310	ko:K02654
psaa:QEN71_27315	ko:K00859
psaa:QEN71_27320	ko:K18778
psaa:QEN71_27325	ko:K09862
psaa:QEN71_27330	ko:K03574
psaa:QEN71_27335	ko:K06923
psaa:QEN71_27340	ko:K00620
psaa:QEN71_27345	ko:K03070
psaa:QEN71_27355	ko:K02535
psaa:QEN71_27360	ko:K24138
psaa:QEN71_27365	ko:K03531
psaa:QEN71_27370	ko:K03590
psaa:QEN71_27375	ko:K03589
psaa:QEN71_27380	ko:K01921
psaa:QEN71_27385	ko:K01924
psaa:QEN71_27390	ko:K02563
psaa:QEN71_27395	ko:K03588
psaa:QEN71_27400	ko:K01925
psaa:QEN71_27405	ko:K01000
psaa:QEN71_27410	ko:K01929
psaa:QEN71_27415	ko:K01928
psaa:QEN71_27420	ko:K03587
psaa:QEN71_27425	ko:K03586
psaa:QEN71_27430	ko:K03438
psaa:QEN71_27435	ko:K03925
psaa:QEN71_27440	ko:K06134
psaa:QEN71_27450	ko:K01897
psaa:QEN71_27465	ko:K01985
psaa:QEN71_27470	ko:K01980
psaa:QEN71_27475	ko:K14218
psaa:QEN71_27480	ko:K14227
psaa:QEN71_27485	ko:K01977
psaa:QEN71_27490	ko:K01692
psaa:QEN71_27500	ko:K07823
psaa:QEN71_27505	ko:K15866
psaa:QEN71_27510	ko:K02614
psaa:QEN71_27515	ko:K01912
psaa:QEN71_27520	ko:K08304
psaa:QEN71_27530	ko:K06195
psaa:QEN71_27535	ko:K01783
psaa:QEN71_27540	ko:K01091
psaa:QEN71_27545	ko:K01657
psaa:QEN71_27550	ko:K01658
psaa:QEN71_27555	ko:K00766
psaa:QEN71_27560	ko:K01609
psaa:QEN71_27570	ko:K03648
psaa:QEN71_27575	ko:K01118
psaa:QEN71_27585	ko:K03981
psaa:QEN71_27590	ko:K18800
psaa:QEN71_27595	ko:K06942
psaa:QEN71_27600	ko:K05813
psaa:QEN71_27605	ko:K05814
psaa:QEN71_27610	ko:K05815
psaa:QEN71_27615	ko:K05816
psaa:QEN71_27620	ko:K06020
psaa:QEN71_27640	ko:K01262
psaa:QEN71_27660	ko:K02492
psaa:QEN71_27665	ko:K02835
psaa:QEN71_27670	ko:K02493
psaa:QEN71_27675	ko:K07390
psaa:QEN71_27680	ko:K03186
psaa:QEN71_27685	ko:K15777
psaa:QEN71_27695	ko:K03704
psaa:QEN71_27700	ko:K04046
psaa:QEN71_27725	ko:K09941
psaa:QEN71_27755	ko:K14234
psaa:QEN71_27760	ko:K03600
psaa:QEN71_27765	ko:K03599
psaa:QEN71_27770	ko:K00413
psaa:QEN71_27775	ko:K00412
psaa:QEN71_27780	ko:K00411
psaa:QEN71_27790	ko:K04772
psaa:QEN71_27795	ko:K03118
psaa:QEN71_27800	ko:K03117
psaa:QEN71_27805	ko:K03116
psaa:QEN71_27810	ko:K02503
psaa:QEN71_27820	ko:K01523
psaa:QEN71_27825	ko:K01496
psaa:QEN71_27830	ko:K02500
psaa:QEN71_27835	ko:K01814
psaa:QEN71_27840	ko:K02501
psaa:QEN71_27850	ko:K01693
psaa:QEN71_27855	ko:K00817
psaa:QEN71_27860	ko:K00013
psaa:QEN71_27865	ko:K00765
psaa:QEN71_27870	ko:K00790
psaa:QEN71_27880	ko:K01992
psaa:QEN71_27885	ko:K01990
psaa:QEN71_27890	ko:K07122
psaa:QEN71_27895	ko:K07323
psaa:QEN71_27900	ko:K04754
psaa:QEN71_27905	ko:K02067
psaa:QEN71_27910	ko:K02066
psaa:QEN71_27915	ko:K02065
psaa:QEN71_27920	ko:K00788
psaa:QEN71_27925	ko:K03149
psaa:QEN71_27930	ko:K03154
psaa:QEN71_27935	ko:K03153
psaa:QEN71_27940	ko:K02471
psaa:QEN71_27955	ko:K07659
psaa:QEN71_27960	ko:K02393
psaa:QEN71_27980	ko:K07659
psaa:QEN71_27985	ko:K07638
psaa:QEN71_27995	ko:K01975
psaa:QEN71_28000	ko:K00266
psaa:QEN71_28005	ko:K00265
psaa:QEN71_28010	ko:K07491
psaa:QEN71_28015	ko:K07275
psaa:QEN71_28025	ko:K01129
psaa:QEN71_28030	ko:K01735
psaa:QEN71_28035	ko:K00891
psaa:QEN71_28040	ko:K02666
psaa:QEN71_28045	ko:K02664
psaa:QEN71_28060	ko:K05366
psaa:QEN71_28065	ko:K06202
psaa:QEN71_28075	ko:K01586
psaa:QEN71_28080	ko:K17247
psaa:QEN71_28085	ko:K07147
psaa:QEN71_28095	ko:K07399
psaa:QEN71_28105	ko:K03978
psaa:QEN71_28110	ko:K01698
psaa:QEN71_28115	ko:K04084
psaa:QEN71_28120	ko:K03926
psaa:QEN71_28125	ko:K02879
psaa:QEN71_28130	ko:K03040
psaa:QEN71_28135	ko:K02986
psaa:QEN71_28140	ko:K02948
psaa:QEN71_28145	ko:K02952
psaa:QEN71_28150	ko:K02919
psaa:QEN71_28155	ko:K02518
psaa:QEN71_28160	ko:K03076
psaa:QEN71_28165	ko:K02876
psaa:QEN71_28170	ko:K02907
psaa:QEN71_28175	ko:K02988
psaa:QEN71_28180	ko:K02881
psaa:QEN71_28185	ko:K02933
psaa:QEN71_28190	ko:K02994
psaa:QEN71_28195	ko:K02954
psaa:QEN71_28200	ko:K02931
psaa:QEN71_28205	ko:K02895
psaa:QEN71_28210	ko:K02874
psaa:QEN71_28215	ko:K02961
psaa:QEN71_28220	ko:K02904
psaa:QEN71_28225	ko:K02878
psaa:QEN71_28230	ko:K02982
psaa:QEN71_28235	ko:K02890
psaa:QEN71_28240	ko:K02965
psaa:QEN71_28245	ko:K02886
psaa:QEN71_28250	ko:K02892
psaa:QEN71_28255	ko:K02926
psaa:QEN71_28260	ko:K02906
psaa:QEN71_28265	ko:K02946
psaa:QEN71_28270	ko:K02358
psaa:QEN71_28275	ko:K02355
psaa:QEN71_28280	ko:K02992
psaa:QEN71_28285	ko:K02950
psaa:QEN71_28290	ko:K03654
psaa:QEN71_28295	ko:K03046
psaa:QEN71_28300	ko:K03043
psaa:QEN71_28305	ko:K02935
psaa:QEN71_28310	ko:K02864
psaa:QEN71_28315	ko:K02863
psaa:QEN71_28320	ko:K02867
psaa:QEN71_28325	ko:K02601
psaa:QEN71_28330	ko:K03073
psaa:QEN71_28335	ko:K14235
psaa:QEN71_28340	ko:K02358
psaa:QEN71_28345	ko:K14234
psaa:QEN71_28350	ko:K14225
psaa:QEN71_28355	ko:K14236
psaa:QEN71_28360	ko:K01985
psaa:QEN71_28365	ko:K01980
psaa:QEN71_28370	ko:K14218
psaa:QEN71_28375	ko:K14227
psaa:QEN71_28380	ko:K01977
psaa:QEN71_28390	ko:K02609
psaa:QEN71_28395	ko:K02610
psaa:QEN71_28400	ko:K02611
psaa:QEN71_28405	ko:K02612
psaa:QEN71_28410	ko:K02613
psaa:QEN71_28430	ko:K03719
psaa:QEN71_28435	ko:K00457
psaa:QEN71_28445	ko:K04090
psaa:QEN71_28450	ko:K00029
psaa:QEN71_28460	ko:K00762
psaa:QEN71_28465	ko:K07687
psaa:QEN71_28475	ko:K03809
psaa:QEN71_28480	ko:K00145
psaa:QEN71_28495	ko:K07275
psaa:QEN71_28500	ko:K05834
psaa:QEN71_28510	ko:K09122
psaa:QEN71_28555	ko:K02529
psaa:QEN71_28580	ko:K00820
psaa:QEN71_28585	ko:K04042
psaa:QEN71_28590	ko:K14058
psaa:QEN71_28595	ko:K01633
psaa:QEN71_28615	ko:K00974
psaa:QEN71_28620	ko:K00799
psaa:QEN71_28630	ko:K08309
psaa:QEN71_28635	ko:K01934
psaa:QEN71_28645	ko:K23123
psaa:QEN71_28650	ko:K23124
psaa:QEN71_28655	ko:K07160
psaa:QEN71_28675	ko:K09973
psaa:QEN71_28680	ko:K12372
psaa:QEN71_28685	ko:K12371
psaa:QEN71_28690	ko:K12370
psaa:QEN71_28695	ko:K12369
psaa:QEN71_28700	ko:K12368
psaa:QEN71_28705	ko:K12368
psaa:QEN71_28710	ko:K00297
psaa:QEN71_28715	ko:K08972
psaa:QEN71_28720	ko:K01251
psaa:QEN71_28735	ko:K06518
psaa:QEN71_28755	ko:K09456
psaa:QEN71_28760	ko:K00154
psaa:QEN71_28765	ko:K04061
psaa:QEN71_28775	ko:K02423
psaa:QEN71_28780	ko:K02422
psaa:QEN71_28785	ko:K02408
psaa:QEN71_28790	ko:K02409
psaa:QEN71_28795	ko:K02410
psaa:QEN71_28800	ko:K02411
psaa:QEN71_28805	ko:K02412
psaa:QEN71_28810	ko:K02413
psaa:QEN71_28815	ko:K02414
psaa:QEN71_28820	ko:K02415
psaa:QEN71_28825	ko:K02416
psaa:QEN71_28830	ko:K02417
psaa:QEN71_28835	ko:K02418
psaa:QEN71_28840	ko:K02419
psaa:QEN71_28845	ko:K02420
psaa:QEN71_28850	ko:K02421
psaa:QEN71_28855	ko:K02397
psaa:QEN71_28860	ko:K02396
psaa:QEN71_28870	ko:K21087
psaa:QEN71_28875	ko:K02395
psaa:QEN71_28880	ko:K02394
psaa:QEN71_28885	ko:K02393
psaa:QEN71_28890	ko:K02392
psaa:QEN71_28895	ko:K02391
psaa:QEN71_28900	ko:K02390
psaa:QEN71_28905	ko:K02389
psaa:QEN71_28910	ko:K02388
psaa:QEN71_28915	ko:K02387
psaa:QEN71_28920	ko:K02386
psaa:QEN71_28925	ko:K02398
psaa:QEN71_28930	ko:K02399
psaa:QEN71_28935	ko:K02405
psaa:QEN71_28940	ko:K04562
psaa:QEN71_28945	ko:K02404
psaa:QEN71_28950	ko:K02400
psaa:QEN71_28955	ko:K02401
psaa:QEN71_28970	ko:K03414
psaa:QEN71_28975	ko:K03413
psaa:QEN71_28980	ko:K03412
psaa:QEN71_28985	ko:K03411
psaa:QEN71_28990	ko:K00575
psaa:QEN71_28995	ko:K05874
psaa:QEN71_29000	ko:K03408
psaa:QEN71_29005	ko:K03407
psaa:QEN71_29010	ko:K03413
psaa:QEN71_29015	ko:K02557
psaa:QEN71_29020	ko:K02556
psaa:QEN71_29025	ko:K02402
psaa:QEN71_29030	ko:K02403
psaa:QEN71_29040	ko:K03746
psaa:QEN71_29045	ko:K06188
psaa:QEN71_29055	ko:K28854
psaa:QEN71_29060	ko:K18676
psaa:QEN71_29065	ko:K01246
psaa:QEN71_29075	ko:K02970
psaa:QEN71_29085	ko:K02406
psaa:QEN71_29090	ko:K02407
psaa:QEN71_29095	ko:K02423
psaa:QEN71_29100	ko:K09667
psaa:QEN71_29105	ko:K09667
psaa:QEN71_29115	ko:K08678
psaa:QEN71_29120	ko:K09667
psaa:QEN71_29125	ko:K09667
psaa:QEN71_29170	ko:K14219
psaa:QEN71_29180	ko:K03656
psaa:QEN71_29200	ko:K00605
psaa:QEN71_29205	ko:K02437
psaa:QEN71_29210	ko:K00281
psaa:QEN71_29220	ko:K01752
psaa:QEN71_29225	ko:K01652
psaa:QEN71_29230	ko:K01999
psaa:QEN71_29235	ko:K13821
psaa:QEN71_29255	ko:K04066
psaa:QEN71_29260	ko:K01599
psaa:QEN71_29265	ko:K01713
psaa:QEN71_29270	ko:K00666
psaa:QEN71_29275	ko:K02114
psaa:QEN71_29280	ko:K02112
psaa:QEN71_29285	ko:K02115
psaa:QEN71_29290	ko:K02111
psaa:QEN71_29295	ko:K02113
psaa:QEN71_29300	ko:K02109
psaa:QEN71_29305	ko:K02110
psaa:QEN71_29310	ko:K02108
psaa:QEN71_29315	ko:K02116
psaa:QEN71_29325	ko:K03497
psaa:QEN71_29330	ko:K03496
psaa:QEN71_29335	ko:K03501
psaa:QEN71_29340	ko:K03495
psaa:QEN71_29345	ko:K01996
psaa:QEN71_29350	ko:K01995
psaa:QEN71_29350	ko:K01998
psaa:QEN71_29355	ko:K01997
psaa:QEN71_29360	ko:K01999
psaa:QEN71_29365	ko:K01999
psaa:QEN71_29370	ko:K01998
psaa:QEN71_29375	ko:K01997
psaa:QEN71_29380	ko:K01999
psaa:QEN71_29385	ko:K01996
psaa:QEN71_29390	ko:K01995
psaa:QEN71_29400	ko:K00140
psaa:QEN71_29415	ko:K03719
psaa:QEN71_29420	ko:K00500
psaa:QEN71_29425	ko:K01724
psaa:QEN71_29435	ko:K02483
psaa:QEN71_29445	ko:K07117
psaa:QEN71_29460	ko:K01951
psaa:QEN71_29470	ko:K06048
psaa:QEN71_29480	ko:K15461
psaa:QEN71_29490	ko:K03530
psaa:QEN71_29505	ko:K02453
psaa:QEN71_29510	ko:K02454
psaa:QEN71_29515	ko:K02455
psaa:QEN71_29520	ko:K02452
psaa:QEN71_29525	ko:K02456
psaa:QEN71_29530	ko:K02457
psaa:QEN71_29535	ko:K02458
psaa:QEN71_29540	ko:K02459
psaa:QEN71_29545	ko:K02460
psaa:QEN71_29550	ko:K02461
psaa:QEN71_29555	ko:K02462
psaa:QEN71_29560	ko:K02463
psaa:QEN71_29565	ko:K18139
psaa:QEN71_29585	ko:K03286
psaa:QEN71_29595	ko:K01919
psaa:QEN71_29600	ko:K01247
psaa:QEN71_29605	ko:K10778
psaa:QEN71_29625	ko:K05834
psaa:QEN71_29650	ko:K03650
psaa:QEN71_29660	ko:K03217
psaa:QEN71_29665	ko:K08998
psaa:QEN71_29670	ko:K03536
psaa:QEN71_29675	ko:K02914
psaa:QEN71_29680	ko:K04090
psaa:QEN71_29690	ko:K02014
psaa:QEN71_29720	ko:K01628
psaa:QEN71_29735	ko:K03782
psaa:QEN71_29770	ko:K02039
psaa:QEN71_29780	ko:K07755
psaa:QEN71_29785	ko:K15553
psaa:QEN71_29790	ko:K15554
psaa:QEN71_29795	ko:K15554
psaa:QEN71_29800	ko:K15555
psaa:QEN71_29805	ko:K24116
psaa:QEN71_29810	ko:K22622
psaa:QEN71_29815	ko:K17225
psaa:QEN71_29820	ko:K02029
psaa:QEN71_29825	ko:K02029
psaa:QEN71_29830	ko:K02030
psaa:QEN71_29840	ko:K07789
psaa:QEN71_29845	ko:K07788
psaa:QEN71_29850	ko:K07799
psaa:QEN71_29855	ko:K18139
psaa:QEN71_29860	ko:K18138
psaa:QEN71_29865	ko:K03585
psaa:QEN71_29870	ko:K03577
psaa:QEN71_29875	ko:K07659
psaa:QEN71_29880	ko:K07638
psaa:QEN71_29940	ko:K07516
psaa:QEN71_29970	ko:K01784
psaa:QEN71_29980	ko:K01999
psaa:QEN71_29985	ko:K01997
psaa:QEN71_29990	ko:K01995
psaa:QEN71_29990	ko:K01996
psaa:QEN71_29990	ko:K01998
psaa:QEN71_30000	ko:K21883
psaa:QEN71_30010	ko:K04063
psaa:QEN71_30025	ko:K24163
psaa:QEN71_30030	ko:K02027
psaa:QEN71_30045	ko:K07302
psaa:QEN71_30050	ko:K07303
psaa:QEN71_30060	ko:K18138
psaa:QEN71_30065	ko:K03585
psaa:QEN71_30070	ko:K18139
psaa:QEN71_30075	ko:K02020
psaa:QEN71_30080	ko:K02017
psaa:QEN71_30080	ko:K02018
psaa:QEN71_30105	ko:K03496
psaa:QEN71_30110	ko:K03497
psaa:QEN71_30135	ko:K07305
psaa:QEN71_30140	ko:K01246
psaa:QEN71_30165	ko:K02030
psaa:QEN71_30170	ko:K00114
psaa:QEN71_30180	ko:K06138
psaa:QEN71_30185	ko:K06135
psaa:QEN71_30210	ko:K05817
psaa:QEN71_30225	ko:K21405
psaa:QEN71_30230	ko:K01259
psaa:QEN71_30235	ko:K18918
psaa:QEN71_30265	ko:K19302
psaa:QEN71_30275	ko:K07002
psaa:QEN71_30295	ko:K00344
psaa:QEN71_30305	ko:K03556
psaa:QEN71_30335	ko:K07093
psaa:QEN71_30350	ko:K21023
psaa:QEN71_30355	ko:K00655
psaa:QEN71_30370	ko:K01194
psaa:QEN71_30420	ko:K01470
psaa:QEN71_30425	ko:K00459
psaa:QEN71_30435	ko:K01821
psaa:QEN71_30455	ko:K14393
psaa:QEN71_30490	ko:K01714
psaa:QEN71_30500	ko:K02403
psaa:QEN71_30505	ko:K02402
psaa:QEN71_30510	ko:K02398
psaa:QEN71_30520	ko:K02371
psaa:QEN71_30530	ko:K00666
psaa:QEN71_30535	ko:K15019
psaa:QEN71_30550	ko:K01640
psaa:QEN71_30570	ko:K06999
psaa:QEN71_30580	ko:K03821
psaa:QEN71_30585	ko:K17865
psaa:QEN71_30590	ko:K06953
psaa:QEN71_30595	ko:K03724
psaa:QEN71_30605	ko:K02106
psaa:QEN71_30670	ko:K13936
psaa:QEN71_30685	ko:K07396
psaa:QEN71_30690	ko:K13936
psaa:QEN71_30695	ko:K00596
psaa:QEN71_30730	ko:K02014
psaa:QEN71_30735	ko:K23107
psaa:QEN71_30760	ko:K11745
psaa:QEN71_30790	ko:K03285
psaa:QEN71_30815	ko:K01791
psaa:QEN71_30825	ko:K11740
psaa:QEN71_30830	ko:K00820
psaa:QEN71_30895	ko:K02480
psaa:QEN71_30910	ko:K02456
psaa:QEN71_30915	ko:K02455
psaa:QEN71_30920	ko:K02454
psaa:QEN71_30945	ko:K02453
psaa:QEN71_30950	ko:K02456
psaa:QEN71_30955	ko:K02456
psaa:QEN71_31010	ko:K18336
psaa:QEN71_31015	ko:K21883
psaa:QEN71_31025	ko:K13875
psaa:QEN71_31030	ko:K13877
psaa:QEN71_31040	ko:K13876
psaa:QEN71_31050	ko:K09788
psaa:QEN71_31055	ko:K20455
psaa:QEN71_31060	ko:K01659
psaa:QEN71_31065	ko:K03417
psaa:QEN71_31070	ko:K02688
psaa:QEN71_31125	ko:K00484
psaa:QEN71_31130	ko:K22027
psaa:QEN71_31145	ko:K03285
psaa:QEN71_31150	ko:K02013
psaa:QEN71_31155	ko:K02015
psaa:QEN71_31160	ko:K02016
psaa:QEN71_31165	ko:K02483
psaa:QEN71_31175	ko:K03281
psaa:QEN71_31180	ko:K03406
psaa:QEN71_31210	ko:K02403
psaa:QEN71_31215	ko:K02402
psaa:QEN71_31220	ko:K03574
psaa:QEN71_31240	ko:K03300
psaa:QEN71_31250	ko:K01673
psaa:QEN71_31285	ko:K02051
psaa:QEN71_31305	ko:K07793
psaa:QEN71_31310	ko:K01607
psaa:QEN71_31330	ko:K10220
psaa:QEN71_31340	ko:K02510
psaa:QEN71_31345	ko:K01652
psaa:QEN71_31365	ko:K13877
psaa:QEN71_31375	ko:K01999
psaa:QEN71_31380	ko:K03762
psaa:QEN71_31405	ko:K18981
psaa:QEN71_31410	ko:K01474
psaa:QEN71_31415	ko:K01473
psaa:QEN71_31420	ko:K03521
psaa:QEN71_31425	ko:K03522
psaa:QEN71_31445	ko:K11735
psaa:QEN71_31470	ko:K02031
psaa:QEN71_31475	ko:K02032
psaa:QEN71_31480	ko:K02035
psaa:QEN71_31485	ko:K02033
psaa:QEN71_31490	ko:K02034
psaa:QEN71_31495	ko:K00681
psaa:QEN71_31530	ko:K03285
psaa:QEN71_31565	ko:K00384
psaa:QEN71_31575	ko:K04063
psaa:QEN71_31590	ko:K02052
psaa:QEN71_31595	ko:K02054
psaa:QEN71_31600	ko:K02053
psaa:QEN71_31620	ko:K02055
psaa:QEN71_31625	ko:K24158
psaa:QEN71_31640	ko:K11735
psaa:QEN71_31650	ko:K01999
psaa:QEN71_31655	ko:K11903
psaa:QEN71_31670	ko:K11892
psaa:QEN71_31675	ko:K11893
psaa:QEN71_31680	ko:K11906
psaa:QEN71_31690	ko:K11901
psaa:QEN71_31695	ko:K11900
psaa:QEN71_31700	ko:K11903
psaa:QEN71_31705	ko:K11897
psaa:QEN71_31710	ko:K11896
psaa:QEN71_31715	ko:K11895
psaa:QEN71_31720	ko:K11907
psaa:QEN71_31725	ko:K11902
psaa:QEN71_31730	ko:K03286
psaa:QEN71_31735	ko:K11890
psaa:QEN71_31740	ko:K11891
psaa:QEN71_31745	ko:K17733
psaa:QEN71_31760	ko:K01114
psaa:QEN71_31800	ko:K01640
psaa:QEN71_31810	ko:K08369
psaa:QEN71_31815	ko:K01638
psaa:QEN71_31820	ko:K11477
psaa:QEN71_31840	ko:K16329
psaa:QEN71_31865	ko:K03535
psaa:QEN71_31875	ko:K00128
psaa:QEN71_31880	ko:K01560
psaa:QEN71_31890	ko:K02035
psaa:QEN71_31895	ko:K02033
psaa:QEN71_31900	ko:K02034
psaa:QEN71_31905	ko:K02031
psaa:QEN71_31905	ko:K02032
psaa:QEN71_31935	ko:K02052
psaa:QEN71_31940	ko:K07025
psaa:QEN71_31945	ko:K09471
psaa:QEN71_31950	ko:K02054
psaa:QEN71_31955	ko:K02053
psaa:QEN71_31960	ko:K00128
psaa:QEN71_31975	ko:K16873
psaa:QEN71_31980	ko:K02055
psaa:QEN71_31985	ko:K06995
psaa:QEN71_31995	ko:K00135
psaa:QEN71_32000	ko:K07246
psaa:QEN71_32005	ko:K16135
psaa:QEN71_32020	ko:K12972
psaa:QEN71_32110	ko:K00023
psaa:QEN71_32125	ko:K16516
psaa:QEN71_32130	ko:K11475
psaa:QEN71_32140	ko:K03787
psaa:QEN71_32145	ko:K11927
psaa:QEN71_32195	ko:K22296
psaa:QEN71_32210	ko:K03307
psaa:QEN71_32265	ko:K00411
psaa:QEN71_32275	ko:K18235
psaa:QEN71_32280	ko:K01999
psaa:QEN71_32300	ko:K06889
psaa:QEN71_32310	ko:K03496
psaa:QEN71_32315	ko:K07275
psaa:QEN71_32325	ko:K12308
psaa:QEN71_32340	ko:K08161
psaa:QEN71_32360	ko:K07262
psaa:QEN71_32380	ko:K08224
psaa:QEN71_32395	ko:K07052
psaa:QEN71_32405	ko:K02406
psaa:QEN71_32410	ko:K05275
psaa:QEN71_32435	ko:K00433
psaa:QEN71_32450	ko:K15555
psaa:QEN71_32455	ko:K15554
psaa:QEN71_32460	ko:K15553
psaa:QEN71_32475	ko:K03710
psaa:QEN71_32485	ko:K01707
psaa:QEN71_32490	ko:K01706
psaa:QEN71_32495	ko:K07404
psaa:QEN71_32500	ko:K00042
psaa:QEN71_32505	ko:K01630
psaa:QEN71_32510	ko:K13877
psaa:QEN71_32525	ko:K02406
psaa:QEN71_32535	ko:K23466
psaa:QEN71_32545	ko:K23465
psaa:QEN71_32550	ko:K23462
psaa:QEN71_32555	ko:K23464
psaa:QEN71_32560	ko:K23463
psaa:QEN71_32570	ko:K02055
psaa:QEN71_32575	ko:K02054
psaa:QEN71_32580	ko:K02053
psaa:QEN71_32585	ko:K02052
psaa:QEN71_32590	ko:K23466
psaa:QEN71_32595	ko:K09958
psaa:QEN71_32600	ko:K02106
psaa:QEN71_32615	ko:K17103
psaa:QEN71_32620	ko:K18138
psaa:QEN71_32625	ko:K03585
psaa:QEN71_32630	ko:K18903
psaa:QEN71_32635	ko:K07665
psaa:QEN71_32640	ko:K07644
psaa:QEN71_32670	ko:K06139
psaa:QEN71_32675	ko:K06138
psaa:QEN71_32680	ko:K06137
psaa:QEN71_32685	ko:K06136
psaa:QEN71_32695	ko:K00202
psaa:QEN71_32700	ko:K00672
psaa:QEN71_32705	ko:K00200
psaa:QEN71_32710	ko:K00201
psaa:QEN71_32715	ko:K01814
psaa:QEN71_32740	ko:K09154
psaa:QEN71_32750	ko:K06135
psaa:QEN71_32755	ko:K01601
psaa:QEN71_32760	ko:K01602
psaa:QEN71_32770	ko:K03841
psaa:QEN71_32775	ko:K28462
psaa:QEN71_32790	ko:K21405
psaa:QEN71_32795	ko:K01633
psaa:QEN71_32805	ko:K10713
psaa:QEN71_32810	ko:K05966
psaa:QEN71_32820	ko:K01499
psaa:QEN71_32830	ko:K10714
psaa:QEN71_32840	ko:K01724
psaa:QEN71_32845	ko:K23995
psaa:QEN71_32865	ko:K21703
psaa:QEN71_32875	ko:K06200
psaa:QEN71_32880	ko:K02480
psaa:QEN71_32940	ko:K01720
psaa:QEN71_32945	ko:K01821
psaa:QEN71_32950	ko:K01821
psaa:QEN71_32965	ko:K18904
psaa:QEN71_32980	ko:K10716
psaa:QEN71_33015	ko:K03756
psaa:QEN71_33020	ko:K01581
psaa:QEN71_33030	ko:K01478
psaa:QEN71_33035	ko:K00611
psaa:QEN71_33040	ko:K00926
psaa:QEN71_33080	ko:K28762
psaa:QEN71_33090	ko:K07323
psaa:QEN71_33095	ko:K00988
psaa:QEN71_33100	ko:K09129
psaa:QEN71_33130	ko:K01434
psaa:QEN71_33165	ko:K02355
psaa:QEN71_33245	ko:K24954
psaa:QEN71_33255	ko:K24955
psaa:QEN71_33260	ko:K02053
psaa:QEN71_33265	ko:K02054
psaa:QEN71_33270	ko:K02052
psaa:QEN71_33275	ko:K02055
psaa:QEN71_33285	ko:K09913
psaa:QEN71_33300	ko:K04063
psaa:QEN71_33370	ko:K24217
psaa:QEN71_33385	ko:K00059
psaa:QEN71_33395	ko:K14060
psaa:QEN71_33405	ko:K13924
psaa:QEN71_33410	ko:K03412
psaa:QEN71_33445	ko:K08995
psaa:QEN71_33450	ko:K18009
psaa:QEN71_33470	ko:K05916
psaa:QEN71_33485	ko:K16135
psaa:QEN71_33490	ko:K22209
psaa:QEN71_33495	ko:K11103
psaa:QEN71_33500	ko:K05874
psaa:QEN71_33515	ko:K10680
psaa:QEN71_33550	ko:K03380
psaa:QEN71_33560	ko:K03535
psaa:QEN71_33565	ko:K01707
psaa:QEN71_33570	ko:K01708
psaa:QEN71_33575	ko:K07404
psaa:QEN71_33585	ko:K21826
psaa:QEN71_33590	ko:K08688
psaa:QEN71_33595	ko:K00600
psaa:QEN71_33600	ko:K01470
psaa:QEN71_33605	ko:K03457
psaa:QEN71_33610	ko:K03762
psaa:QEN71_33625	ko:K04099
psaa:QEN71_33630	ko:K08195
psaa:QEN71_33635	ko:K10220
psaa:QEN71_33640	ko:K10218
psaa:QEN71_33645	ko:K02020
psaa:QEN71_33655	ko:K03549
psaa:QEN71_33665	ko:K03701
psaa:QEN71_33670	ko:K02029
psaa:QEN71_33675	ko:K02030
psaa:QEN71_33680	ko:K28958
psaa:QEN71_33700	ko:K01740
psaa:QEN71_33720	ko:K00145
psaa:QEN71_33750	ko:K10036
psaa:QEN71_33755	ko:K10037
psaa:QEN71_33760	ko:K10038
psaa:QEN71_33780	ko:K02056
psaa:QEN71_33785	ko:K02057
psaa:QEN71_33790	ko:K02058
psaa:QEN71_33795	ko:K01424
psaa:QEN71_33800	ko:K21645
psaa:QEN71_33810	ko:K01779
psaa:QEN71_33815	ko:K01744
psaa:QEN71_33825	ko:K02028
psaa:QEN71_33830	ko:K02029
psaa:QEN71_33835	ko:K02029
psaa:QEN71_33840	ko:K02030
psaa:QEN71_33845	ko:K23271
psaa:QEN71_33850	ko:K05351
psaa:QEN71_33865	ko:K02026
psaa:QEN71_33870	ko:K02025
psaa:QEN71_33875	ko:K02027
psaa:QEN71_33880	ko:K10111
psaa:QEN71_33885	ko:K01768
psaa:QEN71_33910	ko:K07684
psaa:QEN71_33920	ko:K01433
psaa:QEN71_33925	ko:K00303
psaa:QEN71_33930	ko:K00304
psaa:QEN71_33935	ko:K00302
psaa:QEN71_33940	ko:K00305
psaa:QEN71_33945	ko:K01915
psaa:QEN71_33950	ko:K22081
psaa:QEN71_33955	ko:K22082
psaa:QEN71_33960	ko:K22083
psaa:QEN71_33965	ko:K01491
psaa:QEN71_33975	ko:K08691
psaa:QEN71_33980	ko:K01595
psaa:QEN71_33985	ko:K08692
psaa:QEN71_33990	ko:K14067
psaa:QEN71_33995	ko:K00018
psaa:QEN71_34000	ko:K00830
psaa:QEN71_34005	ko:K00600
psaa:QEN71_34010	ko:K21703
psaa:QEN71_34015	ko:K00202
psaa:QEN71_34020	ko:K00672
psaa:QEN71_34025	ko:K00200
psaa:QEN71_34030	ko:K00201
psaa:QEN71_34040	ko:K07072
psaa:QEN71_34045	ko:K07144
psaa:QEN71_34055	ko:K09154
psaa:QEN71_34065	ko:K18853
psaa:QEN71_34070	ko:K01633
psaa:QEN71_34075	ko:K05966
psaa:QEN71_34080	ko:K15740
psaa:QEN71_34085	ko:K01499
psaa:QEN71_34095	ko:K10714
psaa:QEN71_34100	ko:K06984
psaa:QEN71_34105	ko:K21703
psaa:QEN71_34110	ko:K03841
psaa:QEN71_34115	ko:K28462
psaa:QEN71_34120	ko:K01091
psaa:QEN71_34125	ko:K21405
psaa:QEN71_34130	ko:K07684
psaa:QEN71_34135	ko:K03522
psaa:QEN71_34140	ko:K03521
psaa:QEN71_34155	ko:K00317
psaa:QEN71_34160	ko:K00605
psaa:QEN71_34165	ko:K22343
psaa:QEN71_34170	ko:K22342
psaa:QEN71_34180	ko:K22344
psaa:QEN71_34190	ko:K07673
psaa:QEN71_34225	ko:K16238
psaa:QEN71_34250	ko:K02030
psaa:QEN71_34255	ko:K02028
psaa:QEN71_34260	ko:K02029
psaa:QEN71_34265	ko:K02029
psaa:QEN71_34270	ko:K01714
psaa:QEN71_34275	ko:K12658
psaa:QEN71_34285	ko:K01777
psaa:QEN71_34290	ko:K00130
psaa:QEN71_34310	ko:K00600
psaa:QEN71_34315	ko:K04033
psaa:QEN71_34325	ko:K28029
psaa:QEN71_34330	ko:K03457
psaa:QEN71_34345	ko:K01273
psaa:QEN71_34370	ko:K05921
psaa:QEN71_34375	ko:K05921
psaa:QEN71_34380	ko:K00151
psaa:QEN71_34385	ko:K00455
psaa:QEN71_34390	ko:K01826
psaa:QEN71_34395	ko:K02509
psaa:QEN71_34400	ko:K02510
psaa:QEN71_34420	ko:K01426
psaa:QEN71_34430	ko:K14057
psaa:QEN71_34440	ko:K00059
psaa:QEN71_34460	ko:K00146
psaa:QEN71_34480	ko:K09471
psaa:QEN71_34485	ko:K06995
psaa:QEN71_34490	ko:K00574
psaa:QEN71_34495	ko:K03281
psaa:QEN71_34510	ko:K11891
psaa:QEN71_34515	ko:K11892
psaa:QEN71_34520	ko:K11893
psaa:QEN71_34525	ko:K11906
psaa:QEN71_34530	ko:K11903
psaa:QEN71_34545	ko:K11900
psaa:QEN71_34550	ko:K11901
psaa:QEN71_34555	ko:K11907
psaa:QEN71_34565	ko:K11898
psaa:QEN71_34570	ko:K11897
psaa:QEN71_34575	ko:K11896
psaa:QEN71_34580	ko:K11895
psaa:QEN71_34585	ko:K11902
psaa:QEN71_34595	ko:K01185
psaa:QEN71_34605	ko:K11904
psaa:QEN71_34625	ko:K19048
psaa:QEN71_34635	ko:K07484
psaa:QEN71_34640	ko:K07484
psaa:QEN71_34645	ko:K07483
psaa:QEN71_34670	ko:K00318
psaa:QEN71_34675	ko:K11904
psaa:QEN71_34790	ko:K01868
psaa:QEN71_34810	ko:K01176
psaa:QEN71_34870	ko:K08641
psaa:QEN71_34885	ko:K15125
psaa:QEN71_34920	ko:K05834
psaa:QEN71_34925	ko:K03566
psaa:QEN71_34960	ko:K01874
psaa:QEN71_34985	ko:K07001
psaa:QEN71_34995	ko:K02484
psaa:QEN71_35000	ko:K02483
psaa:QEN71_35010	ko:K03585
psaa:QEN71_35015	ko:K18138
psaa:QEN71_35020	ko:K18904
psaa:QEN71_35025	ko:K07277
psaa:QEN71_35050	ko:K18143
psaa:QEN71_35055	ko:K18144
psaa:QEN71_35060	ko:K06147
psaa:QEN71_35080	ko:K02407
psaa:QEN71_35085	ko:K03530
psaa:QEN71_35100	ko:K03928
psaa:QEN71_35150	ko:K18139
psaa:QEN71_35155	ko:K05685
psaa:QEN71_35160	ko:K13888
psaa:QEN71_35190	ko:K02406
psaa:QEN71_35195	ko:K02390
psaa:QEN71_35200	ko:K02392
psaa:QEN71_35205	ko:K02396
psaa:QEN71_35290	ko:K07659
psaa:QEN71_35295	ko:K09824
psaa:QEN71_35300	ko:K02014
psaa:QEN71_35305	ko:K07117
psaa:QEN71_35310	ko:K03530
psaa:QEN71_35330	ko:K01845
psaa:QEN71_35340	ko:K08720
psaa:QEN71_35350	ko:K07048
psaa:QEN71_35355	ko:K18013
psaa:QEN71_35385	ko:K01114
psaa:QEN71_35395	ko:K01673
psaa:QEN71_35425	ko:K07326
psaa:QEN71_35430	ko:K15125
psaa:QEN71_35450	ko:K03462
psaa:QEN71_35455	ko:K00948
psaa:QEN71_35505	ko:K01779
psaa:QEN71_35510	ko:K00600
psaa:QEN71_35515	ko:K07458
psaa:QEN71_35520	ko:K00558
psaa:QEN71_35545	ko:K07659
psaa:QEN71_35550	ko:K02624
psaa:QEN71_35555	ko:K02030
psaa:QEN71_35560	ko:K02029
psaa:QEN71_35565	ko:K02028
psaa:QEN71_35615	ko:K28029
psaa:QEN71_35625	ko:K04033
psaa:QEN71_35645	ko:K01555
psaa:QEN71_35675	ko:K06978
psaa:QEN71_35680	ko:K20034
psaa:QEN71_35695	ko:K26399
psaa:QEN71_35705	ko:K01687
psaa:QEN71_35710	ko:K02529
psaa:QEN71_35720	ko:K10439
psaa:QEN71_35725	ko:K00131
psaa:QEN71_35745	ko:K00874
psaa:QEN71_35750	ko:K18581
psaa:QEN71_35760	ko:K10440
psaa:QEN71_35770	ko:K29070
psaa:QEN71_35775	ko:K10441
psaa:QEN71_35780	ko:K02529
psaa:QEN71_35785	ko:K29069
psaa:QEN71_35790	ko:K17865
psaa:QEN71_35795	ko:K10439
psaa:QEN71_35835	ko:K01714
psaa:QEN71_35840	ko:K02529
psaa:QEN71_35865	ko:K03704
psaa:QEN71_35885	ko:K01714
psaa:QEN71_35895	ko:K00852
psaa:QEN71_35900	ko:K02529
psaa:QEN71_35905	ko:K01999
psaa:QEN71_35910	ko:K02433
psaa:QEN71_35985	ko:K00053
psaa:QEN71_36010	ko:K00108
psaa:QEN71_36015	ko:K06995
psaa:QEN71_36020	ko:K02002
psaa:QEN71_36035	ko:K05879
psaa:QEN71_36040	ko:K05878
psaa:QEN71_36045	ko:K10440
psaa:QEN71_36050	ko:K10441
psaa:QEN71_36055	ko:K10439
psaa:QEN71_36060	ko:K01628
psaa:QEN71_36065	ko:K08963
psaa:QEN71_36070	ko:K00899
psaa:QEN71_36075	ko:K03710
psaa:QEN71_36100	ko:K00064
psaa:QEN71_36105	ko:K17315
psaa:QEN71_36130	ko:K11690
psaa:QEN71_36135	ko:K11689
psaa:QEN71_36140	ko:K11688
psaa:QEN71_36145	ko:K07588
psaa:QEN71_36155	ko:K01849
psaa:QEN71_36160	ko:K01848
psaa:QEN71_36195	ko:K02406
psaa:QEN71_36210	ko:K03791
psaa:QEN71_36225	ko:K01751
psaa:QEN71_36240	ko:K03719
psaa:QEN71_36265	ko:K03704
psaa:QEN71_36270	ko:K08309
psaa:QEN71_36275	ko:K03113
psaa:QEN71_36290	ko:K03530
psaa:QEN71_36310	ko:K21826
psaa:QEN71_36315	ko:K21832
psaa:QEN71_36320	ko:K00479
psaa:QEN71_36355	ko:K05524
psaa:QEN71_36370	ko:K01777
psaa:QEN71_36380	ko:K02055
psaa:QEN71_36385	ko:K02167
psaa:QEN71_36390	ko:K00311
psaa:QEN71_36400	ko:K09975
psaa:QEN71_36405	ko:K03521
psaa:QEN71_36410	ko:K03522
psaa:QEN71_36415	ko:K01458
psaa:QEN71_36420	ko:K13821
psaa:QEN71_36425	ko:K02053
psaa:QEN71_36430	ko:K02054
psaa:QEN71_36435	ko:K02052
psaa:QEN71_36440	ko:K00294
psaa:QEN71_36445	ko:K02167
psaa:QEN71_36455	ko:K01458
psaa:QEN71_36460	ko:K00286
psaa:QEN71_36465	ko:K02055
psaa:QEN71_36470	ko:K22551
psaa:QEN71_36490	ko:K01777
psaa:QEN71_36505	ko:K21624
psaa:QEN71_36535	ko:K03566
psaa:QEN71_36575	ko:K10111
psaa:QEN71_36580	ko:K02027
psaa:QEN71_36585	ko:K02025
psaa:QEN71_36590	ko:K02026
psaa:QEN71_36595	ko:K12308
psaa:QEN71_36610	ko:K18900
psaa:QEN71_36630	ko:K01560
psaa:QEN71_36640	ko:K19055
psaa:QEN71_36645	ko:K01738
psaa:QEN71_36655	ko:K22024
psaa:QEN71_36660	ko:K22129
psaa:QEN71_36665	ko:K02526
psaa:QEN71_36675	ko:K18900
psaa:QEN71_36695	ko:K03088
psaa:QEN71_36710	ko:K03781
psaa:QEN71_36750	ko:K03885
psaa:QEN71_36755	ko:K03219
psaa:QEN71_36765	ko:K03228
psaa:QEN71_36775	ko:K03224
psaa:QEN71_36780	ko:K03223
psaa:QEN71_36790	ko:K03222
psaa:QEN71_36795	ko:K18374
psaa:QEN71_36800	ko:K18373
psaa:QEN71_36805	ko:K03229
psaa:QEN71_36810	ko:K03230
psaa:QEN71_36815	ko:K18381
psaa:QEN71_36820	ko:K03225
psaa:QEN71_36825	ko:K03226
psaa:QEN71_36830	ko:K03227
psaa:QEN71_36835	ko:K18379
psaa:QEN71_36840	ko:K03220
psaa:QEN71_36855	ko:K18380
psaa:QEN71_36865	ko:K00381
psaa:QEN71_36875	ko:K02300
psaa:QEN71_36880	ko:K02299
psaa:QEN71_36885	ko:K02298
psaa:QEN71_36890	ko:K02297
psaa:QEN71_36900	ko:K00059
psaa:QEN71_36930	ko:K18369
psaa:QEN71_36960	ko:K01420
psaa:QEN71_36990	ko:K07112
psaa:QEN71_36995	ko:K07112
psaa:QEN71_37000	ko:K01897
psaa:QEN71_37025	ko:K06867
psaa:QEN71_37060	ko:K00020
psaa:QEN71_37070	ko:K01607
psaa:QEN71_37075	ko:K00128
psaa:QEN71_37100	ko:K00019
psaa:QEN71_37110	ko:K08369
psaa:QEN71_37185	ko:K07240
psaa:QEN71_37205	ko:K13953
psaa:QEN71_37210	ko:K01425
psaa:QEN71_37230	ko:K03798
psaa:QEN71_37240	ko:K03786
psaa:QEN71_37250	ko:K16135
psaa:QEN71_37270	ko:K02526
psaa:QEN71_37275	ko:K01815
psaa:QEN71_37280	ko:K00065
psaa:QEN71_37285	ko:K19333
psaa:QEN71_37325	ko:K11896
psaa:QEN71_37330	ko:K11904
psaa:QEN71_37380	ko:K15977
psaa:QEN71_37400	ko:K00433
psaa:QEN71_37425	ko:K18139
psaa:QEN71_37450	ko:K00384
psaa:QEN71_37470	ko:K18029
psaa:QEN71_37475	ko:K18030
psaa:QEN71_37490	ko:K07058
psaa:QEN71_37505	ko:K00425
psaa:QEN71_37510	ko:K00426
psaa:QEN71_37515	ko:K01561
psaa:QEN71_37595	ko:K17950
psaa:QEN71_37605	ko:K15977
psaa:QEN71_37620	ko:K09930
psaa:QEN71_37630	ko:K01821
psaa:QEN71_37635	ko:K04063
psaa:QEN71_37645	ko:K00140
psaa:QEN71_37675	ko:K03406
psaa:QEN71_37690	ko:K08191
psaa:QEN71_37695	ko:K02529
psaa:QEN71_37700	ko:K18981
psaa:QEN71_37725	ko:K01256
psaa:QEN71_37730	ko:K26148
psaa:QEN71_37735	ko:K09958
psaa:QEN71_37740	ko:K01725
psaa:QEN71_37745	ko:K01673
psaa:QEN71_37750	ko:K11921
psaa:QEN71_37755	ko:K10126
psaa:QEN71_37760	ko:K10125
psaa:QEN71_37765	ko:K11616
psaa:QEN71_37775	ko:K04063
psaa:QEN71_37785	ko:K23775
psaa:QEN71_37790	ko:K00380
psaa:QEN71_37795	ko:K00363
psaa:QEN71_37800	ko:K00362
psaa:QEN71_37805	ko:K02575
psaa:QEN71_37815	ko:K16135
psaa:QEN71_37820	ko:K07246
psaa:QEN71_37825	ko:K13021
psaa:QEN71_37845	ko:K00074
psaa:QEN71_37855	ko:K01673
psaa:QEN71_37860	ko:K01501
psaa:QEN71_37870	ko:K02031
psaa:QEN71_37870	ko:K02032
psaa:QEN71_37875	ko:K02034
psaa:QEN71_37880	ko:K02033
psaa:QEN71_37885	ko:K02035
psaa:QEN71_37905	ko:K07232
psaa:QEN71_37910	ko:K18900
psaa:QEN71_37915	ko:K18901
psaa:QEN71_37920	ko:K18902
psaa:QEN71_37925	ko:K18903
psaa:QEN71_37935	ko:K00799
psaa:QEN71_37950	ko:K00433
psaa:QEN71_37955	ko:K05817
psaa:QEN71_37960	ko:K16053
psaa:QEN71_37975	ko:K18991
psaa:QEN71_38000	ko:K11474
psaa:QEN71_38005	ko:K00104
psaa:QEN71_38010	ko:K11472
psaa:QEN71_38015	ko:K11473
psaa:QEN71_38020	ko:K03761
psaa:QEN71_38035	ko:K03225
psaa:QEN71_38040	ko:K03226
psaa:QEN71_38045	ko:K03194
psaa:QEN71_38055	ko:K03229
psaa:QEN71_38060	ko:K03228
psaa:QEN71_38070	ko:K03224
psaa:QEN71_38075	ko:K03223
psaa:QEN71_38080	ko:K04054
psaa:QEN71_38085	ko:K03222
psaa:QEN71_38100	ko:K03220
psaa:QEN71_38105	ko:K03219
psaa:QEN71_38110	ko:K03227
psaa:QEN71_38115	ko:K03230
psaa:QEN71_38135	ko:K00688
psaa:QEN71_38145	ko:K09768
psaa:QEN71_38155	ko:K09780
psaa:QEN71_38160	ko:K04098
psaa:QEN71_38165	ko:K00217
psaa:QEN71_38170	ko:K00128
psaa:QEN71_38200	ko:K02390
psaa:QEN71_38210	ko:K07052
psaa:QEN71_38220	ko:K03415
psaa:QEN71_38235	ko:K00164
psaa:QEN71_38245	ko:K01652
psaa:QEN71_38255	ko:K03649
psaa:QEN71_38275	ko:K07213
psaa:QEN71_38280	ko:K03446
psaa:QEN71_38285	ko:K03543
psaa:QEN71_38290	ko:K18904
psaa:QEN71_38300	ko:K01761
psaa:QEN71_38305	ko:K02014
psaa:QEN71_38315	ko:K09703
psaa:QEN71_38335	ko:K04767
psaa:QEN71_38350	ko:K22104
psaa:QEN71_38355	ko:K07154
psaa:QEN71_38360	ko:K15773
psaa:QEN71_38365	ko:K23247
psaa:QEN71_38370	ko:K01559
psaa:QEN71_38375	ko:K23245
psaa:QEN71_38385	ko:K23246
psaa:QEN71_38390	ko:K23244
psaa:QEN71_38395	ko:K17203
psaa:QEN71_38400	ko:K17204
psaa:QEN71_38410	ko:K17202
psaa:QEN71_38415	ko:K00077
psaa:QEN71_38430	ko:K07552
psaa:QEN71_38460	ko:K27838
psaa:QEN71_38470	ko:K03324
psaa:QEN71_38485	ko:K00135
psaa:QEN71_38495	ko:K03522
psaa:QEN71_38500	ko:K03521
psaa:QEN71_38510	ko:K07107
psaa:QEN71_38515	ko:K01647
psaa:QEN71_38525	ko:K00249
psaa:QEN71_38540	ko:K09022
psaa:QEN71_38545	ko:K02529
psaa:QEN71_38550	ko:K00059
psaa:QEN71_38560	ko:K16137
psaa:QEN71_38565	ko:K04063
psaa:QEN71_38575	ko:K01560
psaa:QEN71_38580	ko:K18334
psaa:QEN71_38590	ko:K10441
psaa:QEN71_38595	ko:K10440
psaa:QEN71_38600	ko:K10439
psaa:QEN71_38620	ko:K01487
psaa:QEN71_38625	ko:K03406
psaa:QEN71_38645	ko:K03406
psaa:QEN71_38650	ko:K09159
psaa:QEN71_38655	ko:K00240
psaa:QEN71_38660	ko:K00239
psaa:QEN71_38665	ko:K00242
psaa:QEN71_38670	ko:K00241
psaa:QEN71_38700	ko:K08970
psaa:QEN71_38740	ko:K01785
psaa:QEN71_38745	ko:K02510
psaa:QEN71_38760	ko:K15922
psaa:QEN71_38765	ko:K03307
psaa:QEN71_38770	ko:K00135
psaa:QEN71_38780	ko:K06145
psaa:QEN71_38790	ko:K05358
psaa:QEN71_38800	ko:K03786
psaa:QEN71_38815	ko:K06222
psaa:QEN71_38840	ko:K01118
psaa:QEN71_38850	ko:K00375
psaa:QEN71_38855	ko:K04063
psaa:QEN71_38865	ko:K00433
psaa:QEN71_38890	ko:K00375
psaa:QEN71_38920	ko:K03885
psaa:QEN71_38930	ko:K19577
psaa:QEN71_38935	ko:K06222
psaa:QEN71_38940	ko:K10680
psaa:QEN71_38945	ko:K00064
psaa:QEN71_38955	ko:K03762
psaa:QEN71_38975	ko:K03406
psaa:QEN71_38980	ko:K00799
psaa:QEN71_38985	ko:K07006
psaa:QEN71_39005	ko:K03928
psaa:QEN71_39015	ko:K00117
psaa:QEN71_39020	ko:K01647
psaa:QEN71_39025	ko:K03535
psaa:QEN71_39040	ko:K14228
psaa:QEN71_39045	ko:K27672
psaa:QEN71_39050	ko:K18954
psaa:QEN71_39060	ko:K06048
psaa:QEN71_39070	ko:K24915
psaa:QEN71_39085	ko:K29131
psaa:QEN71_39125	ko:K02970
psaa:QEN71_39135	ko:K03704
psaa:QEN71_39150	ko:K00375
psaa:QEN71_39155	ko:K01118
psaa:QEN71_39170	ko:K18991
psaa:QEN71_39185	ko:K11209
psaa:QEN71_39210	ko:K11904
psaa:QEN71_39215	ko:K02624
psaa:QEN71_39220	ko:K02182
psaa:QEN71_39225	ko:K02053
psaa:QEN71_39225	ko:K02054
psaa:QEN71_39230	ko:K02052
psaa:QEN71_39235	ko:K02055
psaa:QEN71_39265	ko:K00384
psaa:QEN71_39280	ko:K02030
psaa:QEN71_39290	ko:K01644
psaa:QEN71_39295	ko:K18289
psaa:QEN71_39300	ko:K09709
psaa:QEN71_39305	ko:K00249
psaa:QEN71_39310	ko:K19338
psaa:QEN71_39320	ko:K02390
psaa:QEN71_39355	ko:K03446
psaa:QEN71_39365	ko:K03543
psaa:QEN71_39385	ko:K19338
psaa:QEN71_39395	ko:K16873
psaa:QEN71_39400	ko:K16880
psaa:QEN71_39405	ko:K16876
psaa:QEN71_39410	ko:K16879
psaa:QEN71_39415	ko:K16878
psaa:QEN71_39420	ko:K16877
psaa:QEN71_39425	ko:K16875
psaa:QEN71_39430	ko:K16874
psaa:QEN71_39435	ko:K19338
psaa:QEN71_39445	ko:K11209
psaa:QEN71_39455	ko:K05841
psaa:QEN71_39475	ko:K08482
psaa:QEN71_39495	ko:K06147
psaa:QEN71_39515	ko:K13021
psaa:QEN71_39525	ko:K01640
psaa:QEN71_39545	ko:K00355
psaa:QEN71_39560	ko:K03781
psaa:QEN71_39570	ko:K01755
psaa:QEN71_39590	ko:K00479
psaa:QEN71_39600	ko:K02002
psaa:QEN71_39605	ko:K02000
psaa:QEN71_39610	ko:K02001
psaa:QEN71_39620	ko:K01714
psaa:QEN71_39625	ko:K09472
psaa:QEN71_39635	ko:K21832
psaa:QEN71_39650	ko:K03285
psaa:QEN71_39655	ko:K07404
psaa:QEN71_39660	ko:K18954
psaa:QEN71_39675	ko:K03406
psaa:QEN71_39690	ko:K02510
psaa:QEN71_39715	ko:K00799
psaa:QEN71_39725	ko:K01703
psaa:QEN71_39730	ko:K08369
psaa:QEN71_39740	ko:K04654
psaa:QEN71_39785	ko:K15724
psaa:QEN71_39810	ko:K02588
psaa:QEN71_39820	ko:K11939
psaa:QEN71_39830	ko:K07484
psaa:QEN71_39840	ko:K04763
psaa:QEN71_39860	ko:K04763
psaa:QEN71_39890	ko:K07483
psaa:QEN71_39895	ko:K07484
psaa:QEN71_39940	ko:K06720
psaa:QEN71_39970	ko:K02471
psaa:QEN71_40005	ko:K07484
psaa:QEN71_40010	ko:K07484
psaa:QEN71_40025	ko:K15760
psaa:QEN71_40030	ko:K15761
psaa:QEN71_40035	ko:K15762
psaa:QEN71_40040	ko:K15763
psaa:QEN71_40045	ko:K15764
psaa:QEN71_40050	ko:K00891
psaa:QEN71_40060	ko:K07486
psaa:QEN71_40065	ko:K07486
psaa:QEN71_40130	ko:K07486
psaa:QEN71_40135	ko:K05596
psaa:QEN71_40160	ko:K02030
psaa:QEN71_40165	ko:K05825
psaa:QEN71_40170	ko:K26061
psaa:QEN71_40195	ko:K09471
psaa:QEN71_40200	ko:K00382
psaa:QEN71_40205	ko:K00627
psaa:QEN71_40210	ko:K01652
psaa:QEN71_40215	ko:K00163
psaa:QEN71_40220	ko:K02028
psaa:QEN71_40225	ko:K02029
psaa:QEN71_40230	ko:K02029
psaa:QEN71_40235	ko:K01733
psaa:QEN71_40240	ko:K15784
psaa:QEN71_40245	ko:K02030
psaa:QEN71_40255	ko:K10004
psaa:QEN71_40260	ko:K02029
psaa:QEN71_40265	ko:K02030
psaa:QEN71_40270	ko:K02028
psaa:QEN71_40275	ko:K02029
psaa:QEN71_40280	ko:K02029
psaa:QEN71_40285	ko:K01733
psaa:QEN71_40290	ko:K15784
psaa:QEN71_40310	ko:K05836
psaa:QEN71_40315	ko:K02030
psaa:QEN71_40330	ko:K00290
psaa:QEN71_40455	ko:K03710
psaa:QEN71_40480	ko:K07486
psaa:QEN71_40485	ko:K07486
psaa:QEN71_40500	ko:K07486
psaa:QEN71_40530	ko:K07483
psaa:QEN71_40535	ko:K07484
psaa:QEN71_40540	ko:K07484
psaa:QEN71_40545	ko:K07483
psaa:QEN71_40550	ko:K00466
psaa:QEN71_40595	ko:K07484
psaa:QEN71_40670	ko:K00820
psaa:QEN71_40695	ko:K05946
psaa:QEN71_40725	ko:K02472
psaa:QEN71_40730	ko:K01791
psaa:QEN71_40735	ko:K16692
psaa:QEN71_40740	ko:K25307
psaa:QEN71_40745	ko:K01991
psaa:QEN71_40760	ko:K01790
psaa:QEN71_40765	ko:K00963
psaa:QEN71_40775	ko:K07486
psaa:QEN71_40780	ko:K07486
psaa:QEN71_40785	ko:K07486
psaa:QEN71_40825	ko:K07486
psaa:QEN71_40880	ko:K03205
psaa:QEN71_40900	ko:K03196
psaa:QEN71_40910	ko:K03195
psaa:QEN71_40915	ko:K03204
psaa:QEN71_40920	ko:K03203
psaa:QEN71_40925	ko:K03201
psaa:QEN71_40935	ko:K03200
psaa:QEN71_40940	ko:K03199
psaa:QEN71_40955	ko:K03194
psaa:QEN71_40965	ko:K07160
psaa:QEN71_40975	ko:K11688
psaa:QEN71_40990	ko:K03497
psaa:QEN71_40995	ko:K03496
psaa:QEN71_41010	ko:K07484
psaa:QEN71_41015	ko:K07484
psaa:QEN71_41040	ko:K03497
psaa:QEN71_41085	ko:K03746
psaa:QEN71_41090	ko:K07481
psaa:QEN71_41120	ko:K03530
psaa:QEN71_41165	ko:K01799
psaa:QEN71_41170	ko:K01473
psaa:QEN71_41175	ko:K01474
psaa:QEN71_41180	ko:K09022
psaa:QEN71_41190	ko:K23123
psaa:QEN71_41200	ko:K02160
psaa:QEN71_41205	ko:K01961
psaa:QEN71_41225	ko:K01733
psaa:QEN71_41230	ko:K11080
psaa:QEN71_41235	ko:K11079
psaa:QEN71_41240	ko:K11078
psaa:QEN71_41245	ko:K11077
psaa:QEN71_41265	ko:K01753
psaa:QEN71_41270	ko:K13636
psaa:QEN71_41275	ko:K09472
psaa:QEN71_41280	ko:K01714
psaa:QEN71_41320	ko:K09023
psaa:QEN71_41325	ko:K06989
psaa:QEN71_41335	ko:K01999
psaa:QEN71_41345	ko:K01999
psaa:QEN71_41350	ko:K03719
psaa:QEN71_41360	ko:K01751
psaa:QEN71_41375	ko:K27802
psaa:QEN71_41380	ko:K07404
psaa:QEN71_41385	ko:K13021
psaa:QEN71_41395	ko:K02030
psaa:QEN71_41410	ko:K11103
psaa:QEN71_41430	ko:K00873
psaa:QEN71_41435	ko:K00131
psaa:QEN71_41440	ko:K13021
psaa:QEN71_41445	ko:K00052
psaa:QEN71_41455	ko:K21948
psaa:QEN71_41465	ko:K07486
psaa:QEN71_41475	ko:K07486
psaa:QEN71_41490	ko:K09882
psaa:QEN71_41495	ko:K22130
psaa:QEN71_41500	ko:K01689
psaa:QEN71_41505	ko:K01803
psaa:QEN71_41530	ko:K01556
psaa:QEN71_41575	ko:K06889
psaa:QEN71_41620	ko:K11904
psaa:QEN71_41690	ko:K05835
psaa:QEN71_41715	ko:K07117
psaa:QEN71_41720	ko:K03530
psaa:QEN71_41775	ko:K03530
psaa:QEN71_41815	ko:K07484
psaa:QEN71_41820	ko:K07484
psaa:QEN71_41825	ko:K07483
psaa:QEN71_41840	ko:K03746
psaa:QEN71_41850	ko:K03704
psaa:QEN71_41915	ko:K10026
psaa:QEN71_41920	ko:K11014
psaa:QEN71_42020	ko:K00128
psaa:QEN71_42025	ko:K07486
psaa:QEN71_42040	ko:K02495
psaa:QEN71_42065	ko:K18138
psaa:QEN71_42070	ko:K03585
psaa:QEN71_42080	ko:K00860
psaa:QEN71_42085	ko:K00612
psaa:QEN71_42095	ko:K14658
psaa:QEN71_42105	ko:K09694
psaa:QEN71_42110	ko:K09695
psaa:QEN71_42115	ko:K14666
psaa:QEN71_42120	ko:K14659
psaa:QEN71_42125	ko:K14657
psaa:QEN71_42165	ko:K02584
psaa:QEN71_42170	ko:K02587
psaa:QEN71_42175	ko:K02592
psaa:QEN71_42180	ko:K02596
psaa:QEN71_42195	ko:K15790
psaa:QEN71_42205	ko:K03855
psaa:QEN71_42210	ko:K00313
psaa:QEN71_42215	ko:K03522
psaa:QEN71_42220	ko:K03521
psaa:QEN71_42225	ko:K02595
psaa:QEN71_42230	ko:K02594
psaa:QEN71_42235	ko:K02585
psaa:QEN71_42250	ko:K02597
psaa:QEN71_42255	ko:K02593
psaa:QEN71_42290	ko:K04763
psaa:QEN71_42300	ko:K03430
psaa:QEN71_42305	ko:K26148
psaa:QEN71_42340	ko:K04763
psaa:QEN71_42345	ko:K04763
psaa:QEN71_42380	ko:K02588
psaa:QEN71_42385	ko:K02586
psaa:QEN71_42390	ko:K02591
psaa:QEN71_42435	ko:K21801
psaa:QEN71_42475	ko:K02597
psaa:QEN71_42480	ko:K02593
psaa:QEN71_42490	ko:K07486
psaa:QEN71_42495	ko:K03430
psaa:QEN71_42500	ko:K01740
psaa:QEN71_42510	ko:K07010
psaa:QEN71_42515	ko:K05834
psaa:QEN71_42520	ko:K00651
psaa:QEN71_42525	ko:K01915
psaa:QEN71_42555	ko:K07484
psaa:QEN71_42560	ko:K07483
psaa:QEN71_42570	ko:K04656
psaa:QEN71_42575	ko:K04655
psaa:QEN71_42600	ko:K00836
psaa:QEN71_42615	ko:K04653
psaa:QEN71_42655	ko:K07001
psaa:QEN71_42665	ko:K07497
psaa:QEN71_42685	ko:K07486
psaa:QEN71_42725	ko:K07498
psaa:QEN71_42760	ko:K04763
psaa:QEN71_42770	ko:K07483
psaa:QEN71_42775	ko:K07484
psaa:QEN71_42780	ko:K07484
psaa:QEN71_42825	ko:K07484
psaa:QEN71_42860	ko:K07486
psaa:QEN71_42890	ko:K04763
psaa:QEN71_42940	ko:K01114
psaa:QEN71_42970	ko:K07262
psaa:QEN71_42990	ko:K03746
psaa:QEN71_43000	ko:K03704
psaa:QEN71_43030	ko:K07484
psaa:QEN71_43035	ko:K07483
psaa:QEN71_43070	ko:K00852
psaa:QEN71_43140	ko:K07152
psaa:QEN71_43145	ko:K02275
psaa:QEN71_43150	ko:K02274
psaa:QEN71_43155	ko:K02276
psaa:QEN71_43160	ko:K02277
psaa:QEN71_43255	ko:K19092
psaa:QEN71_43290	ko:K01338
psaa:QEN71_43365	ko:K03530
psaa:QEN71_43400	ko:K07486
psaa:QEN71_43535	ko:K07171
psaa:QEN71_43540	ko:K07172
psaa:QEN71_43545	ko:K04763
psaa:QEN71_43575	ko:K14160
psaa:QEN71_43580	ko:K14161
psaa:QEN71_43585	ko:K14162
psaa:QEN71_43625	ko:K03546
psaa:QEN71_43635	ko:K03547
psaa:QEN71_43710	ko:K12071
psaa:QEN71_43715	ko:K12070
psaa:QEN71_43725	ko:K20266
psaa:QEN71_43730	ko:K20530
psaa:QEN71_43735	ko:K20529
psaa:QEN71_43785	ko:K06077
psaa:QEN71_43970	ko:K18640
psaa:QEN71_43995	ko:K06919
psaa:QEN71_44100	ko:K20533
psaa:QEN71_44105	ko:K20532
psaa:QEN71_44110	ko:K20531
psaa:QEN71_44120	ko:K03496
psaa:QEN71_44125	ko:K03497
psaa:QEN71_44140	ko:K07497
psaa:QEN71_44220	ko:K07486
psaa:QEN71_44235	ko:K07481
psaa:QEN71_44250	ko:K07497
psaa:QEN71_44315	ko:K07497
psaa:QEN71_44325	ko:K07486
psaa:QEN71_44360	ko:K04763
psaa:QEN71_44390	ko:K07486
psaa:QEN71_44455	ko:K07486
psaa:QEN71_44550	ko:K04763
psaa:QEN71_44610	ko:K07486
psaa:QEN71_44650	ko:K07486
