psiv:LZ023_00005	ko:K01491
psiv:LZ023_00010	ko:K00303
psiv:LZ023_00015	ko:K00304
psiv:LZ023_00020	ko:K00302
psiv:LZ023_00025	ko:K00305
psiv:LZ023_00030	ko:K03406
psiv:LZ023_00045	ko:K00681
psiv:LZ023_00055	ko:K03923
psiv:LZ023_00065	ko:K07090
psiv:LZ023_00075	ko:K00020
psiv:LZ023_00080	ko:K00140
psiv:LZ023_00105	ko:K02030
psiv:LZ023_00110	ko:K02028
psiv:LZ023_00110	ko:K02029
psiv:LZ023_00115	ko:K03581
psiv:LZ023_00120	ko:K03582
psiv:LZ023_00125	ko:K03583
psiv:LZ023_00130	ko:K01985
psiv:LZ023_00135	ko:K01980
psiv:LZ023_00140	ko:K14218
psiv:LZ023_00145	ko:K14227
psiv:LZ023_00150	ko:K01977
psiv:LZ023_00155	ko:K17247
psiv:LZ023_00160	ko:K07147
psiv:LZ023_00165	ko:K17103
psiv:LZ023_00170	ko:K00053
psiv:LZ023_00175	ko:K01653
psiv:LZ023_00180	ko:K01652
psiv:LZ023_00200	ko:K05365
psiv:LZ023_00205	ko:K07028
psiv:LZ023_00225	ko:K10834
psiv:LZ023_00230	ko:K25133
psiv:LZ023_00235	ko:K25132
psiv:LZ023_00245	ko:K06206
psiv:LZ023_00255	ko:K06204
psiv:LZ023_00260	ko:K01894
psiv:LZ023_00275	ko:K07713
psiv:LZ023_00280	ko:K00970
psiv:LZ023_00285	ko:K00950
psiv:LZ023_00290	ko:K00606
psiv:LZ023_00295	ko:K01918
psiv:LZ023_00300	ko:K01810
psiv:LZ023_00305	ko:K01895
psiv:LZ023_00315	ko:K06969
psiv:LZ023_00330	ko:K00962
psiv:LZ023_00340	ko:K02956
psiv:LZ023_00345	ko:K03177
psiv:LZ023_00350	ko:K02834
psiv:LZ023_00355	ko:K02519
psiv:LZ023_00360	ko:K02600
psiv:LZ023_00365	ko:K09748
psiv:LZ023_00370	ko:K14230
psiv:LZ023_00375	ko:K14228
psiv:LZ023_00380	ko:K03075
psiv:LZ023_00385	ko:K01803
psiv:LZ023_00390	ko:K03431
psiv:LZ023_00395	ko:K00796
psiv:LZ023_00400	ko:K03798
psiv:LZ023_00405	ko:K02427
psiv:LZ023_00410	ko:K07574
psiv:LZ023_00420	ko:K03624
psiv:LZ023_00425	ko:K01955
psiv:LZ023_00430	ko:K01956
psiv:LZ023_00435	ko:K00215
psiv:LZ023_00440	ko:K03686
psiv:LZ023_00445	ko:K04043
psiv:LZ023_00450	ko:K03687
psiv:LZ023_00455	ko:K03631
psiv:LZ023_00460	ko:K03711
psiv:LZ023_00465	ko:K06186
psiv:LZ023_00470	ko:K09801
psiv:LZ023_00480	ko:K03664
psiv:LZ023_00485	ko:K05799
psiv:LZ023_00490	ko:K03303
psiv:LZ023_00495	ko:K18928
psiv:LZ023_00500	ko:K18929
psiv:LZ023_00505	ko:K00782
psiv:LZ023_00510	ko:K18930
psiv:LZ023_00520	ko:K15035
psiv:LZ023_00545	ko:K01153
psiv:LZ023_00550	ko:K01154
psiv:LZ023_00555	ko:K03427
psiv:LZ023_00560	ko:K03427
psiv:LZ023_00575	ko:K23514
psiv:LZ023_00580	ko:K07165
psiv:LZ023_00595	ko:K23722
psiv:LZ023_00625	ko:K07165
psiv:LZ023_00630	ko:K16088
psiv:LZ023_00640	ko:K07168
psiv:LZ023_00655	ko:K01985
psiv:LZ023_00660	ko:K01980
psiv:LZ023_00665	ko:K14218
psiv:LZ023_00670	ko:K14227
psiv:LZ023_00675	ko:K01977
psiv:LZ023_00680	ko:K00140
psiv:LZ023_00685	ko:K00822
psiv:LZ023_00690	ko:K21699
psiv:LZ023_00695	ko:K16345
psiv:LZ023_00700	ko:K09017
psiv:LZ023_00710	ko:K23537
psiv:LZ023_00715	ko:K23535
psiv:LZ023_00720	ko:K23536
psiv:LZ023_00730	ko:K18456
psiv:LZ023_00735	ko:K07300
psiv:LZ023_00740	ko:K07335
psiv:LZ023_00750	ko:K21053
psiv:LZ023_00755	ko:K28762
psiv:LZ023_00780	ko:K07552
psiv:LZ023_00785	ko:K07213
psiv:LZ023_00795	ko:K17686
psiv:LZ023_00800	ko:K19591
psiv:LZ023_00805	ko:K07178
psiv:LZ023_00810	ko:K03406
psiv:LZ023_00825	ko:K14347
psiv:LZ023_00830	ko:K00626
psiv:LZ023_00835	ko:K00059
psiv:LZ023_00860	ko:K06219
psiv:LZ023_00875	ko:K27080
psiv:LZ023_00880	ko:K27076
psiv:LZ023_00885	ko:K12513
psiv:LZ023_00890	ko:K02278
psiv:LZ023_00895	ko:K27077
psiv:LZ023_00905	ko:K27079
psiv:LZ023_00910	ko:K12511
psiv:LZ023_00915	ko:K12510
psiv:LZ023_00920	ko:K02283
psiv:LZ023_00925	ko:K02282
psiv:LZ023_00930	ko:K02280
psiv:LZ023_00935	ko:K02279
psiv:LZ023_00940	ko:K02651
psiv:LZ023_00955	ko:K26937
psiv:LZ023_00970	ko:K01585
psiv:LZ023_00975	ko:K03113
psiv:LZ023_00995	ko:K04084
psiv:LZ023_01000	ko:K02160
psiv:LZ023_01005	ko:K01961
psiv:LZ023_01010	ko:K02687
psiv:LZ023_01020	ko:K05540
psiv:LZ023_01025	ko:K03557
psiv:LZ023_01030	ko:K00602
psiv:LZ023_01035	ko:K01945
psiv:LZ023_01040	ko:K20972
psiv:LZ023_01045	ko:K05595
psiv:LZ023_01065	ko:K13541
psiv:LZ023_01070	ko:K03394
psiv:LZ023_01075	ko:K06042
psiv:LZ023_01080	ko:K02229
psiv:LZ023_01085	ko:K00595
psiv:LZ023_01090	ko:K05895
psiv:LZ023_01100	ko:K09796
psiv:LZ023_01110	ko:K02014
psiv:LZ023_01120	ko:K11959
psiv:LZ023_01125	ko:K11960
psiv:LZ023_01130	ko:K11961
psiv:LZ023_01135	ko:K11962
psiv:LZ023_01140	ko:K11963
psiv:LZ023_01145	ko:K03190
psiv:LZ023_01150	ko:K01430
psiv:LZ023_01155	ko:K24217
psiv:LZ023_01160	ko:K19113
psiv:LZ023_01165	ko:K01429
psiv:LZ023_01170	ko:K01428
psiv:LZ023_01180	ko:K18997
psiv:LZ023_01185	ko:K05516
psiv:LZ023_01190	ko:K04046
psiv:LZ023_01205	ko:K01046
psiv:LZ023_01210	ko:K04064
psiv:LZ023_01215	ko:K03594
psiv:LZ023_01220	ko:K07290
psiv:LZ023_01230	ko:K22105
psiv:LZ023_01235	ko:K03187
psiv:LZ023_01240	ko:K03188
psiv:LZ023_01245	ko:K03189
psiv:LZ023_01250	ko:K03192
psiv:LZ023_01260	ko:K16066
psiv:LZ023_01265	ko:K01996
psiv:LZ023_01270	ko:K01995
psiv:LZ023_01275	ko:K01998
psiv:LZ023_01280	ko:K01997
psiv:LZ023_01285	ko:K00763
psiv:LZ023_01330	ko:K02314
psiv:LZ023_01335	ko:K02939
psiv:LZ023_01345	ko:K02963
psiv:LZ023_01350	ko:K02990
psiv:LZ023_01355	ko:K03218
psiv:LZ023_01360	ko:K12573
psiv:LZ023_01365	ko:K14228
psiv:LZ023_01370	ko:K14228
psiv:LZ023_01375	ko:K01939
psiv:LZ023_01380	ko:K02502
psiv:LZ023_01385	ko:K04087
psiv:LZ023_01390	ko:K04088
psiv:LZ023_01395	ko:K03665
psiv:LZ023_01400	ko:K03666
psiv:LZ023_01405	ko:K00791
psiv:LZ023_01415	ko:K02502
psiv:LZ023_01420	ko:K04087
psiv:LZ023_01430	ko:K01448
psiv:LZ023_01435	ko:K06925
psiv:LZ023_01440	ko:K23997
psiv:LZ023_01445	ko:K18979
psiv:LZ023_01470	ko:K01951
psiv:LZ023_01480	ko:K13288
psiv:LZ023_01485	ko:K06949
psiv:LZ023_01495	ko:K02557
psiv:LZ023_01500	ko:K02556
psiv:LZ023_01510	ko:K01011
psiv:LZ023_01515	ko:K01613
psiv:LZ023_01520	ko:K23127
psiv:LZ023_01525	ko:K01079
psiv:LZ023_01535	ko:K09857
psiv:LZ023_01540	ko:K02621
psiv:LZ023_01545	ko:K06985
psiv:LZ023_01555	ko:K02622
psiv:LZ023_01560	ko:K07000
psiv:LZ023_01575	ko:K03651
psiv:LZ023_01580	ko:K09920
psiv:LZ023_01585	ko:K01515
psiv:LZ023_01595	ko:K03457
psiv:LZ023_01600	ko:K03147
psiv:LZ023_01605	ko:K12340
psiv:LZ023_01610	ko:K02527
psiv:LZ023_01620	ko:K03297
psiv:LZ023_01640	ko:K03272
psiv:LZ023_01645	ko:K00860
psiv:LZ023_01655	ko:K11085
psiv:LZ023_01665	ko:K12988
psiv:LZ023_01670	ko:K02847
psiv:LZ023_01695	ko:K00612
psiv:LZ023_01700	ko:K02014
psiv:LZ023_01745	ko:K02848
psiv:LZ023_01750	ko:K02844
psiv:LZ023_01755	ko:K02841
psiv:LZ023_01760	ko:K02843
psiv:LZ023_01765	ko:K00982
psiv:LZ023_01770	ko:K00163
psiv:LZ023_01775	ko:K00627
psiv:LZ023_01785	ko:K07304
psiv:LZ023_01790	ko:K07115
psiv:LZ023_01795	ko:K11928
psiv:LZ023_01800	ko:K13821
psiv:LZ023_01815	ko:K11105
psiv:LZ023_01820	ko:K05802
psiv:LZ023_01825	ko:K08997
psiv:LZ023_01830	ko:K18831
psiv:LZ023_01840	ko:K03672
psiv:LZ023_01845	ko:K03496
psiv:LZ023_01860	ko:K02078
psiv:LZ023_01865	ko:K02078
psiv:LZ023_01890	ko:K01745
psiv:LZ023_01895	ko:K07107
psiv:LZ023_01930	ko:K00647
psiv:LZ023_01940	ko:K00059
psiv:LZ023_01945	ko:K09458
psiv:LZ023_01960	ko:K03406
psiv:LZ023_01970	ko:K08224
psiv:LZ023_01975	ko:K12262
psiv:LZ023_01980	ko:K01599
psiv:LZ023_01985	ko:K00266
psiv:LZ023_01990	ko:K00265
psiv:LZ023_01995	ko:K03112
psiv:LZ023_02000	ko:K01735
psiv:LZ023_02005	ko:K00891
psiv:LZ023_02010	ko:K02666
psiv:LZ023_02015	ko:K02665
psiv:LZ023_02020	ko:K02664
psiv:LZ023_02025	ko:K02663
psiv:LZ023_02030	ko:K02662
psiv:LZ023_02035	ko:K05366
psiv:LZ023_02040	ko:K00029
psiv:LZ023_02045	ko:K02909
psiv:LZ023_02050	ko:K04066
psiv:LZ023_02055	ko:K01887
psiv:LZ023_02065	ko:K01419
psiv:LZ023_02070	ko:K03667
psiv:LZ023_02080	ko:K03821
psiv:LZ023_02085	ko:K22250
psiv:LZ023_02090	ko:K03821
psiv:LZ023_02110	ko:K19353
psiv:LZ023_02120	ko:K03183
psiv:LZ023_02125	ko:K03690
psiv:LZ023_02130	ko:K03688
psiv:LZ023_02135	ko:K01496
psiv:LZ023_02140	ko:K01523
psiv:LZ023_02145	ko:K03116
psiv:LZ023_02150	ko:K03117
psiv:LZ023_02155	ko:K03118
psiv:LZ023_02165	ko:K03406
psiv:LZ023_02170	ko:K02028
psiv:LZ023_02175	ko:K02029
psiv:LZ023_02180	ko:K02030
psiv:LZ023_02185	ko:K03669
psiv:LZ023_02190	ko:K03670
psiv:LZ023_02195	ko:K07560
psiv:LZ023_02200	ko:K01259
psiv:LZ023_02205	ko:K01458
psiv:LZ023_02220	ko:K01468
psiv:LZ023_02225	ko:K01745
psiv:LZ023_02230	ko:K02000
psiv:LZ023_02235	ko:K02001
psiv:LZ023_02240	ko:K03457
psiv:LZ023_02245	ko:K10021
psiv:LZ023_02250	ko:K10019
psiv:LZ023_02255	ko:K10020
psiv:LZ023_02260	ko:K10018
psiv:LZ023_02265	ko:K01712
psiv:LZ023_02270	ko:K07504
psiv:LZ023_02275	ko:K09975
psiv:LZ023_02280	ko:K05836
psiv:LZ023_02285	ko:K05603
psiv:LZ023_02290	ko:K03098
psiv:LZ023_02300	ko:K03406
psiv:LZ023_02305	ko:K03841
psiv:LZ023_02320	ko:K00688
psiv:LZ023_02325	ko:K06940
psiv:LZ023_02330	ko:K06207
psiv:LZ023_02335	ko:K03151
psiv:LZ023_02340	ko:K01915
psiv:LZ023_02345	ko:K04093
psiv:LZ023_02360	ko:K07708
psiv:LZ023_02365	ko:K07712
psiv:LZ023_02375	ko:K03216
psiv:LZ023_02380	ko:K03071
psiv:LZ023_02385	ko:K03676
psiv:LZ023_02395	ko:K15633
psiv:LZ023_02400	ko:K22719
psiv:LZ023_02405	ko:K03797
psiv:LZ023_02410	ko:K09798
psiv:LZ023_02420	ko:K02030
psiv:LZ023_02425	ko:K02500
psiv:LZ023_02430	ko:K01814
psiv:LZ023_02440	ko:K02501
psiv:LZ023_02445	ko:K01693
psiv:LZ023_02455	ko:K07289
psiv:LZ023_02460	ko:K03575
psiv:LZ023_02470	ko:K14231
psiv:LZ023_02485	ko:K00638
psiv:LZ023_02495	ko:K11735
psiv:LZ023_02500	ko:K23058
psiv:LZ023_02505	ko:K23055
psiv:LZ023_02510	ko:K23056
psiv:LZ023_02515	ko:K23057
psiv:LZ023_02525	ko:K14234
psiv:LZ023_02540	ko:K07483
psiv:LZ023_02545	ko:K07484
psiv:LZ023_02570	ko:K18918
psiv:LZ023_02630	ko:K12987
psiv:LZ023_02650	ko:K10536
psiv:LZ023_02655	ko:K12251
psiv:LZ023_02665	ko:K01710
psiv:LZ023_02670	ko:K00973
psiv:LZ023_02675	ko:K01790
psiv:LZ023_02680	ko:K00067
psiv:LZ023_02685	ko:K10125
psiv:LZ023_02690	ko:K10126
psiv:LZ023_02700	ko:K01082
psiv:LZ023_02705	ko:K08312
psiv:LZ023_02710	ko:K20881
psiv:LZ023_02715	ko:K02379
psiv:LZ023_02725	ko:K07107
psiv:LZ023_02735	ko:K01610
psiv:LZ023_02740	ko:K04083
psiv:LZ023_02750	ko:K04762
psiv:LZ023_02765	ko:K05844
psiv:LZ023_02770	ko:K07638
psiv:LZ023_02775	ko:K07659
psiv:LZ023_02780	ko:K06959
psiv:LZ023_02790	ko:K01919
psiv:LZ023_02795	ko:K14682
psiv:LZ023_02800	ko:K01438
psiv:LZ023_02810	ko:K05800
psiv:LZ023_02820	ko:K02454
psiv:LZ023_02830	ko:K00281
psiv:LZ023_02835	ko:K02437
psiv:LZ023_02840	ko:K00605
psiv:LZ023_02845	ko:K02011
psiv:LZ023_02850	ko:K02012
psiv:LZ023_02855	ko:K18800
psiv:LZ023_02860	ko:K03185
psiv:LZ023_02865	ko:K01262
psiv:LZ023_02870	ko:K09895
psiv:LZ023_02875	ko:K09892
psiv:LZ023_02880	ko:K09888
psiv:LZ023_02885	ko:K28358
psiv:LZ023_02890	ko:K01934
psiv:LZ023_02905	ko:K02415
psiv:LZ023_02910	ko:K00344
psiv:LZ023_02920	ko:K07232
psiv:LZ023_02930	ko:K00523
psiv:LZ023_02935	ko:K03182
psiv:LZ023_02945	ko:K03628
psiv:LZ023_02950	ko:K03671
psiv:LZ023_02960	ko:K02030
psiv:LZ023_02965	ko:K02029
psiv:LZ023_02970	ko:K02029
psiv:LZ023_02975	ko:K02028
psiv:LZ023_02980	ko:K01524
psiv:LZ023_02985	ko:K00937
psiv:LZ023_03000	ko:K09768
psiv:LZ023_03015	ko:K05834
psiv:LZ023_03030	ko:K03773
psiv:LZ023_03035	ko:K07740
psiv:LZ023_03040	ko:K03611
psiv:LZ023_03045	ko:K02498
psiv:LZ023_03050	ko:K02496
psiv:LZ023_03055	ko:K01719
psiv:LZ023_03060	ko:K01749
psiv:LZ023_03065	ko:K08083
psiv:LZ023_03070	ko:K08082
psiv:LZ023_03075	ko:K01755
psiv:LZ023_03090	ko:K05851
psiv:LZ023_03095	ko:K06938
psiv:LZ023_03100	ko:K06202
psiv:LZ023_03110	ko:K01586
psiv:LZ023_03115	ko:K01778
psiv:LZ023_03120	ko:K09921
psiv:LZ023_03125	ko:K03733
psiv:LZ023_03130	ko:K20862
psiv:LZ023_03145	ko:K03320
psiv:LZ023_03150	ko:K04752
psiv:LZ023_03155	ko:K09806
psiv:LZ023_03160	ko:K18297
psiv:LZ023_03165	ko:K07391
psiv:LZ023_03180	ko:K26065
psiv:LZ023_03185	ko:K26061
psiv:LZ023_03195	ko:K25986
psiv:LZ023_03200	ko:K03406
psiv:LZ023_03205	ko:K03566
psiv:LZ023_03210	ko:K26939
psiv:LZ023_03220	ko:K03656
psiv:LZ023_03225	ko:K03816
psiv:LZ023_03245	ko:K01775
psiv:LZ023_03255	ko:K00285
psiv:LZ023_03260	ko:K03719
psiv:LZ023_03265	ko:K06940
psiv:LZ023_03280	ko:K06132
psiv:LZ023_03290	ko:K12254
psiv:LZ023_03295	ko:K06995
psiv:LZ023_03300	ko:K03559
psiv:LZ023_03305	ko:K03561
psiv:LZ023_03310	ko:K03832
psiv:LZ023_03320	ko:K02014
psiv:LZ023_03330	ko:K15553
psiv:LZ023_03340	ko:K22303
psiv:LZ023_03350	ko:K15553
psiv:LZ023_03355	ko:K15554
psiv:LZ023_03360	ko:K15555
psiv:LZ023_03365	ko:K01130
psiv:LZ023_03385	ko:K02045
psiv:LZ023_03390	ko:K02047
psiv:LZ023_03395	ko:K02046
psiv:LZ023_03400	ko:K23163
psiv:LZ023_03415	ko:K00507
psiv:LZ023_03430	ko:K14268
psiv:LZ023_03435	ko:K00135
psiv:LZ023_03440	ko:K14219
psiv:LZ023_03475	ko:K11904
psiv:LZ023_03480	ko:K11907
psiv:LZ023_03485	ko:K11895
psiv:LZ023_03495	ko:K11895
psiv:LZ023_03500	ko:K11896
psiv:LZ023_03505	ko:K11897
psiv:LZ023_03510	ko:K11903
psiv:LZ023_03515	ko:K11900
psiv:LZ023_03520	ko:K11901
psiv:LZ023_03525	ko:K11902
psiv:LZ023_03530	ko:K11913
psiv:LZ023_03535	ko:K11906
psiv:LZ023_03540	ko:K11893
psiv:LZ023_03550	ko:K11892
psiv:LZ023_03555	ko:K11891
psiv:LZ023_03560	ko:K11890
psiv:LZ023_03565	ko:K11915
psiv:LZ023_03570	ko:K11912
psiv:LZ023_03585	ko:K02003
psiv:LZ023_03590	ko:K02004
psiv:LZ023_03605	ko:K00116
psiv:LZ023_03610	ko:K01985
psiv:LZ023_03615	ko:K01985
psiv:LZ023_03620	ko:K01980
psiv:LZ023_03625	ko:K14218
psiv:LZ023_03630	ko:K14227
psiv:LZ023_03635	ko:K01977
psiv:LZ023_03640	ko:K01041
psiv:LZ023_03645	ko:K00252
psiv:LZ023_03655	ko:K00324
psiv:LZ023_03660	ko:K00324
psiv:LZ023_03665	ko:K00325
psiv:LZ023_03670	ko:K18118
psiv:LZ023_03700	ko:K03324
psiv:LZ023_03715	ko:K02066
psiv:LZ023_03720	ko:K02065
psiv:LZ023_03725	ko:K02067
psiv:LZ023_03730	ko:K18480
psiv:LZ023_03740	ko:K11102
psiv:LZ023_03765	ko:K11384
psiv:LZ023_03770	ko:K11383
psiv:LZ023_03775	ko:K26148
psiv:LZ023_03780	ko:K11066
psiv:LZ023_03785	ko:K13590
psiv:LZ023_03795	ko:K03673
psiv:LZ023_03805	ko:K03978
psiv:LZ023_03810	ko:K02335
psiv:LZ023_03820	ko:K02204
psiv:LZ023_03825	ko:K09815
psiv:LZ023_03830	ko:K09823
psiv:LZ023_03835	ko:K09817
psiv:LZ023_03840	ko:K09816
psiv:LZ023_03850	ko:K03781
psiv:LZ023_03855	ko:K02071
psiv:LZ023_03860	ko:K02072
psiv:LZ023_03865	ko:K02073
psiv:LZ023_03870	ko:K07152
psiv:LZ023_03875	ko:K02257
psiv:LZ023_03890	ko:K14998
psiv:LZ023_03900	ko:K02276
psiv:LZ023_03905	ko:K02258
psiv:LZ023_03910	ko:K02274
psiv:LZ023_03915	ko:K02275
psiv:LZ023_03930	ko:K01673
psiv:LZ023_03950	ko:K06150
psiv:LZ023_03955	ko:K06151
psiv:LZ023_03960	ko:K06152
psiv:LZ023_03970	ko:K07070
psiv:LZ023_03975	ko:K01414
psiv:LZ023_03985	ko:K01091
psiv:LZ023_04010	ko:K04063
psiv:LZ023_04025	ko:K09165
psiv:LZ023_04035	ko:K27042
psiv:LZ023_04040	ko:K01696
psiv:LZ023_04045	ko:K01695
psiv:LZ023_04070	ko:K01133
psiv:LZ023_04075	ko:K02002
psiv:LZ023_04080	ko:K03321
psiv:LZ023_04085	ko:K00014
psiv:LZ023_04090	ko:K00228
psiv:LZ023_04095	ko:K00344
psiv:LZ023_04100	ko:K07566
psiv:LZ023_04105	ko:K04096
psiv:LZ023_04115	ko:K01462
psiv:LZ023_04120	ko:K00604
psiv:LZ023_04125	ko:K03500
psiv:LZ023_04130	ko:K03499
psiv:LZ023_04140	ko:K02517
psiv:LZ023_04145	ko:K01246
psiv:LZ023_04150	ko:K01878
psiv:LZ023_04155	ko:K01879
psiv:LZ023_04160	ko:K03273
psiv:LZ023_04165	ko:K00655
psiv:LZ023_04190	ko:K18058
psiv:LZ023_04195	ko:K03566
psiv:LZ023_04230	ko:K19158
psiv:LZ023_04235	ko:K19159
psiv:LZ023_04245	ko:K15973
psiv:LZ023_04250	ko:K03741
psiv:LZ023_04255	ko:K03892
psiv:LZ023_04260	ko:K03893
psiv:LZ023_04265	ko:K03741
psiv:LZ023_04270	ko:K11811
psiv:LZ023_04275	ko:K00537
psiv:LZ023_04295	ko:K07497
psiv:LZ023_04305	ko:K02470
psiv:LZ023_04310	ko:K03629
psiv:LZ023_04315	ko:K02338
psiv:LZ023_04320	ko:K02313
psiv:LZ023_04325	ko:K02914
psiv:LZ023_04330	ko:K03536
psiv:LZ023_04335	ko:K08998
psiv:LZ023_04340	ko:K03217
psiv:LZ023_04345	ko:K03650
psiv:LZ023_04375	ko:K07304
psiv:LZ023_04380	ko:K03495
psiv:LZ023_04385	ko:K03501
psiv:LZ023_04390	ko:K03496
psiv:LZ023_04395	ko:K03497
psiv:LZ023_04400	ko:K02116
psiv:LZ023_04405	ko:K02108
psiv:LZ023_04410	ko:K02110
psiv:LZ023_04415	ko:K02109
psiv:LZ023_04420	ko:K02113
psiv:LZ023_04425	ko:K02111
psiv:LZ023_04430	ko:K02115
psiv:LZ023_04435	ko:K02112
psiv:LZ023_04440	ko:K02114
psiv:LZ023_04445	ko:K04042
psiv:LZ023_04455	ko:K00820
psiv:LZ023_04495	ko:K06920
psiv:LZ023_04530	ko:K07484
psiv:LZ023_04535	ko:K07484
psiv:LZ023_04540	ko:K07483
psiv:LZ023_04550	ko:K12410
psiv:LZ023_04555	ko:K07481
psiv:LZ023_04585	ko:K07484
psiv:LZ023_04590	ko:K07484
psiv:LZ023_04640	ko:K00574
psiv:LZ023_04645	ko:K06131
psiv:LZ023_04655	ko:K01448
psiv:LZ023_04680	ko:K00868
psiv:LZ023_04690	ko:K26735
psiv:LZ023_04705	ko:K03657
psiv:LZ023_04715	ko:K19337
psiv:LZ023_04725	ko:K21711
psiv:LZ023_04730	ko:K01959
psiv:LZ023_04735	ko:K01960
psiv:LZ023_04745	ko:K02029
psiv:LZ023_04750	ko:K02030
psiv:LZ023_04770	ko:K07734
psiv:LZ023_04775	ko:K00375
psiv:LZ023_04780	ko:K01424
psiv:LZ023_04785	ko:K01779
psiv:LZ023_04790	ko:K03310
psiv:LZ023_04805	ko:K21607
psiv:LZ023_04840	ko:K06989
psiv:LZ023_04845	ko:K01652
psiv:LZ023_04875	ko:K02050
psiv:LZ023_04900	ko:K02051
psiv:LZ023_04905	ko:K02049
psiv:LZ023_04910	ko:K01744
psiv:LZ023_04915	ko:K21645
psiv:LZ023_04930	ko:K01588
psiv:LZ023_04935	ko:K01589
psiv:LZ023_04945	ko:K09950
psiv:LZ023_04950	ko:K01792
psiv:LZ023_04955	ko:K10806
psiv:LZ023_04960	ko:K03762
psiv:LZ023_04965	ko:K02040
psiv:LZ023_04970	ko:K02037
psiv:LZ023_04975	ko:K02038
psiv:LZ023_04980	ko:K02036
psiv:LZ023_04985	ko:K02039
psiv:LZ023_05005	ko:K03699
psiv:LZ023_05010	ko:K07636
psiv:LZ023_05015	ko:K07657
psiv:LZ023_05025	ko:K03179
psiv:LZ023_05030	ko:K03181
psiv:LZ023_05040	ko:K05297
psiv:LZ023_05045	ko:K05787
psiv:LZ023_05080	ko:K00694
psiv:LZ023_05085	ko:K20541
psiv:LZ023_05090	ko:K20542
psiv:LZ023_05095	ko:K20543
psiv:LZ023_05100	ko:K00010
psiv:LZ023_05105	ko:K06075
psiv:LZ023_05150	ko:K02014
psiv:LZ023_05155	ko:K07165
psiv:LZ023_05160	ko:K23514
psiv:LZ023_05200	ko:K03655
psiv:LZ023_05205	ko:K04761
psiv:LZ023_05210	ko:K03832
psiv:LZ023_05215	ko:K03559
psiv:LZ023_05220	ko:K03561
psiv:LZ023_05240	ko:K01139
psiv:LZ023_05245	ko:K03060
psiv:LZ023_05250	ko:K00942
psiv:LZ023_05260	ko:K00989
psiv:LZ023_05265	ko:K01142
psiv:LZ023_05270	ko:K00762
psiv:LZ023_05280	ko:K00930
psiv:LZ023_05285	ko:K15778
psiv:LZ023_05290	ko:K01520
psiv:LZ023_05295	ko:K13038
psiv:LZ023_05300	ko:K03630
psiv:LZ023_05320	ko:K12368
psiv:LZ023_05325	ko:K02902
psiv:LZ023_05330	ko:K02913
psiv:LZ023_05340	ko:K07002
psiv:LZ023_05350	ko:K02073
psiv:LZ023_05360	ko:K21136
psiv:LZ023_05365	ko:K21137
psiv:LZ023_05370	ko:K21134
psiv:LZ023_05380	ko:K02072
psiv:LZ023_05385	ko:K02071
psiv:LZ023_05390	ko:K02073
psiv:LZ023_05395	ko:K20938
psiv:LZ023_05415	ko:K10010
psiv:LZ023_05420	ko:K10009
psiv:LZ023_05425	ko:K02424
psiv:LZ023_05430	ko:K05396
psiv:LZ023_05435	ko:K00640
psiv:LZ023_05440	ko:K02168
psiv:LZ023_05445	ko:K06145
psiv:LZ023_05450	ko:K02014
psiv:LZ023_05455	ko:K24116
psiv:LZ023_05460	ko:K19265
psiv:LZ023_05465	ko:K15553
psiv:LZ023_05475	ko:K03119
psiv:LZ023_05480	ko:K15552
psiv:LZ023_05485	ko:K10831
psiv:LZ023_05490	ko:K15551
psiv:LZ023_05495	ko:K15553
psiv:LZ023_05505	ko:K24158
psiv:LZ023_05510	ko:K00299
psiv:LZ023_05515	ko:K15553
psiv:LZ023_05520	ko:K04091
psiv:LZ023_05525	ko:K15554
psiv:LZ023_05530	ko:K15555
psiv:LZ023_05540	ko:K09980
psiv:LZ023_05560	ko:K08989
psiv:LZ023_05580	ko:K08989
psiv:LZ023_05600	ko:K01915
psiv:LZ023_05605	ko:K07010
psiv:LZ023_05610	ko:K01915
psiv:LZ023_05615	ko:K12256
psiv:LZ023_05620	ko:K11073
psiv:LZ023_05625	ko:K11076
psiv:LZ023_05630	ko:K11075
psiv:LZ023_05635	ko:K11074
psiv:LZ023_05640	ko:K01434
psiv:LZ023_05660	ko:K07394
psiv:LZ023_05675	ko:K00058
psiv:LZ023_05685	ko:K29029
psiv:LZ023_05695	ko:K01807
psiv:LZ023_05700	ko:K01754
psiv:LZ023_05710	ko:K28842
psiv:LZ023_05715	ko:K08311
psiv:LZ023_05720	ko:K08484
psiv:LZ023_05730	ko:K13292
psiv:LZ023_05735	ko:K00560
psiv:LZ023_05740	ko:K03719
psiv:LZ023_05760	ko:K02399
psiv:LZ023_05765	ko:K02398
psiv:LZ023_05770	ko:K02386
psiv:LZ023_05775	ko:K02387
psiv:LZ023_05780	ko:K02388
psiv:LZ023_05785	ko:K02389
psiv:LZ023_05790	ko:K02390
psiv:LZ023_05795	ko:K02391
psiv:LZ023_05800	ko:K02392
psiv:LZ023_05805	ko:K02393
psiv:LZ023_05810	ko:K02394
psiv:LZ023_05815	ko:K02395
psiv:LZ023_05820	ko:K02396
psiv:LZ023_05825	ko:K02397
psiv:LZ023_05830	ko:K02421
psiv:LZ023_05835	ko:K02420
psiv:LZ023_05840	ko:K02419
psiv:LZ023_05845	ko:K02418
psiv:LZ023_05850	ko:K02417
psiv:LZ023_05855	ko:K02416
psiv:LZ023_05860	ko:K02415
psiv:LZ023_05865	ko:K02414
psiv:LZ023_05870	ko:K02413
psiv:LZ023_05875	ko:K02412
psiv:LZ023_05880	ko:K02411
psiv:LZ023_05885	ko:K02410
psiv:LZ023_05890	ko:K02409
psiv:LZ023_05895	ko:K02408
psiv:LZ023_05900	ko:K02407
psiv:LZ023_05905	ko:K02422
psiv:LZ023_05910	ko:K02423
psiv:LZ023_05915	ko:K02403
psiv:LZ023_05920	ko:K02402
psiv:LZ023_05925	ko:K02556
psiv:LZ023_05930	ko:K02557
psiv:LZ023_05935	ko:K02401
psiv:LZ023_05940	ko:K02400
psiv:LZ023_05945	ko:K02404
psiv:LZ023_05955	ko:K02405
psiv:LZ023_05960	ko:K00980
psiv:LZ023_05975	ko:K02406
psiv:LZ023_05980	ko:K02556
psiv:LZ023_05985	ko:K02557
psiv:LZ023_05995	ko:K01534
psiv:LZ023_06005	ko:K02010
psiv:LZ023_06010	ko:K02011
psiv:LZ023_06015	ko:K02012
psiv:LZ023_06020	ko:K27877
psiv:LZ023_06025	ko:K21196
psiv:LZ023_06040	ko:K00287
psiv:LZ023_06045	ko:K06956
psiv:LZ023_06050	ko:K21830
psiv:LZ023_06055	ko:K01687
psiv:LZ023_06060	ko:K06213
psiv:LZ023_06070	ko:K06969
psiv:LZ023_06080	ko:K10563
psiv:LZ023_06090	ko:K00681
psiv:LZ023_06100	ko:K00954
psiv:LZ023_06105	ko:K00154
psiv:LZ023_06115	ko:K01011
psiv:LZ023_06125	ko:K07019
psiv:LZ023_06130	ko:K08316
psiv:LZ023_06135	ko:K07263
psiv:LZ023_06140	ko:K07263
psiv:LZ023_06145	ko:K03110
psiv:LZ023_06205	ko:K09811
psiv:LZ023_06210	ko:K03089
psiv:LZ023_06215	ko:K03814
psiv:LZ023_06225	ko:K03154
psiv:LZ023_06230	ko:K03149
psiv:LZ023_06235	ko:K03439
psiv:LZ023_06250	ko:K01519
psiv:LZ023_06265	ko:K00641
psiv:LZ023_06270	ko:K02221
psiv:LZ023_06275	ko:K00286
psiv:LZ023_06280	ko:K06997
psiv:LZ023_06285	ko:K02669
psiv:LZ023_06290	ko:K02670
psiv:LZ023_06305	ko:K01465
psiv:LZ023_06310	ko:K00609
psiv:LZ023_06315	ko:K02825
psiv:LZ023_06320	ko:K07447
psiv:LZ023_06325	ko:K07735
psiv:LZ023_06330	ko:K03832
psiv:LZ023_06335	ko:K01920
psiv:LZ023_06340	ko:K02657
psiv:LZ023_06345	ko:K02658
psiv:LZ023_06350	ko:K02659
psiv:LZ023_06355	ko:K02660
psiv:LZ023_06360	ko:K06596
psiv:LZ023_06365	ko:K06598
psiv:LZ023_06370	ko:K13929
psiv:LZ023_06375	ko:K13930
psiv:LZ023_06380	ko:K13931
psiv:LZ023_06390	ko:K13933
psiv:LZ023_06395	ko:K13934
psiv:LZ023_06400	ko:K13935
psiv:LZ023_06415	ko:K13928
psiv:LZ023_06420	ko:K11068
psiv:LZ023_06425	ko:K09761
psiv:LZ023_06430	ko:K00833
psiv:LZ023_06445	ko:K11927
psiv:LZ023_06450	ko:K02030
psiv:LZ023_06460	ko:K00297
psiv:LZ023_06465	ko:K01251
psiv:LZ023_06475	ko:K03316
psiv:LZ023_06495	ko:K01972
psiv:LZ023_06505	ko:K00789
psiv:LZ023_06515	ko:K00615
psiv:LZ023_06520	ko:K03472
psiv:LZ023_06525	ko:K00927
psiv:LZ023_06540	ko:K01624
psiv:LZ023_06560	ko:K07043
psiv:LZ023_06570	ko:K02348
psiv:LZ023_06575	ko:K02030
psiv:LZ023_06590	ko:K05591
psiv:LZ023_06600	ko:K00108
psiv:LZ023_06605	ko:K00130
psiv:LZ023_06610	ko:K02167
psiv:LZ023_06615	ko:K02168
psiv:LZ023_06620	ko:K02000
psiv:LZ023_06625	ko:K02001
psiv:LZ023_06630	ko:K02002
psiv:LZ023_06640	ko:K01752
psiv:LZ023_06645	ko:K21826
psiv:LZ023_06655	ko:K08195
psiv:LZ023_06675	ko:K27492
psiv:LZ023_06680	ko:K17735
psiv:LZ023_06685	ko:K27837
psiv:LZ023_06690	ko:K02002
psiv:LZ023_06715	ko:K01273
psiv:LZ023_06725	ko:K21833
psiv:LZ023_06730	ko:K21834
psiv:LZ023_06735	ko:K25960
psiv:LZ023_06740	ko:K25961
psiv:LZ023_06745	ko:K24821
psiv:LZ023_06760	ko:K00479
psiv:LZ023_06765	ko:K21832
psiv:LZ023_06770	ko:K03406
psiv:LZ023_06780	ko:K09888
psiv:LZ023_06785	ko:K03406
psiv:LZ023_06790	ko:K01620
psiv:LZ023_06795	ko:K00600
psiv:LZ023_06800	ko:K00303
psiv:LZ023_06805	ko:K00304
psiv:LZ023_06810	ko:K00302
psiv:LZ023_06815	ko:K00305
psiv:LZ023_06820	ko:K01433
psiv:LZ023_06825	ko:K00148
psiv:LZ023_06835	ko:K03088
psiv:LZ023_06855	ko:K07663
psiv:LZ023_06860	ko:K07641
psiv:LZ023_06865	ko:K06143
psiv:LZ023_06880	ko:K02014
psiv:LZ023_06885	ko:K07165
psiv:LZ023_06890	ko:K23514
psiv:LZ023_06895	ko:K02342
psiv:LZ023_06900	ko:K07182
psiv:LZ023_06910	ko:K01638
psiv:LZ023_06920	ko:K05786
psiv:LZ023_06930	ko:K07093
psiv:LZ023_06935	ko:K02019
psiv:LZ023_06945	ko:K01012
psiv:LZ023_06950	ko:K00652
psiv:LZ023_06955	ko:K02170
psiv:LZ023_06960	ko:K02169
psiv:LZ023_06965	ko:K01935
psiv:LZ023_06975	ko:K20035
psiv:LZ023_06985	ko:K20035
psiv:LZ023_06995	ko:K20035
psiv:LZ023_07005	ko:K20035
psiv:LZ023_07025	ko:K06139
psiv:LZ023_07030	ko:K06138
psiv:LZ023_07035	ko:K06137
psiv:LZ023_07040	ko:K06136
psiv:LZ023_07045	ko:K06135
psiv:LZ023_07055	ko:K01991
psiv:LZ023_07060	ko:K03606
psiv:LZ023_07095	ko:K05785
psiv:LZ023_07100	ko:K16692
psiv:LZ023_07125	ko:K01506
psiv:LZ023_07130	ko:K00468
psiv:LZ023_07150	ko:K24310
psiv:LZ023_07170	ko:K03200
psiv:LZ023_07185	ko:K03201
psiv:LZ023_07220	ko:K14230
psiv:LZ023_07230	ko:K03086
psiv:LZ023_07235	ko:K02316
psiv:LZ023_07240	ko:K02970
psiv:LZ023_07245	ko:K25706
psiv:LZ023_07250	ko:K08591
psiv:LZ023_07255	ko:K01633
psiv:LZ023_07260	ko:K00950
psiv:LZ023_07265	ko:K00974
psiv:LZ023_07270	ko:K06415
psiv:LZ023_07275	ko:K09786
psiv:LZ023_07280	ko:K07180
psiv:LZ023_07285	ko:K02439
psiv:LZ023_07290	ko:K01525
psiv:LZ023_07295	ko:K06195
psiv:LZ023_07300	ko:K02528
psiv:LZ023_07305	ko:K00097
psiv:LZ023_07310	ko:K03771
psiv:LZ023_07315	ko:K04744
psiv:LZ023_07320	ko:K07102
psiv:LZ023_07325	ko:K00992
psiv:LZ023_07330	ko:K05801
psiv:LZ023_07350	ko:K02052
psiv:LZ023_07355	ko:K02055
psiv:LZ023_07360	ko:K02054
psiv:LZ023_07365	ko:K02053
psiv:LZ023_07370	ko:K19954
psiv:LZ023_07375	ko:K01783
psiv:LZ023_07380	ko:K01091
psiv:LZ023_07390	ko:K01091
psiv:LZ023_07395	ko:K01657
psiv:LZ023_07400	ko:K01658
psiv:LZ023_07405	ko:K00766
psiv:LZ023_07410	ko:K01609
psiv:LZ023_07420	ko:K10914
psiv:LZ023_07425	ko:K07397
psiv:LZ023_07430	ko:K06134
psiv:LZ023_07435	ko:K02503
psiv:LZ023_07440	ko:K07124
psiv:LZ023_07450	ko:K00459
psiv:LZ023_07455	ko:K08973
psiv:LZ023_07460	ko:K00145
psiv:LZ023_07465	ko:K15724
psiv:LZ023_07470	ko:K09001
psiv:LZ023_07480	ko:K01866
psiv:LZ023_07485	ko:K01977
psiv:LZ023_07490	ko:K14227
psiv:LZ023_07495	ko:K14218
psiv:LZ023_07500	ko:K01980
psiv:LZ023_07505	ko:K01985
psiv:LZ023_07510	ko:K03524
psiv:LZ023_07515	ko:K03525
psiv:LZ023_07525	ko:K14236
psiv:LZ023_07530	ko:K14225
psiv:LZ023_07535	ko:K14234
psiv:LZ023_07540	ko:K14235
psiv:LZ023_07545	ko:K03073
psiv:LZ023_07550	ko:K02601
psiv:LZ023_07555	ko:K02867
psiv:LZ023_07560	ko:K02863
psiv:LZ023_07565	ko:K02864
psiv:LZ023_07570	ko:K02935
psiv:LZ023_07575	ko:K03043
psiv:LZ023_07580	ko:K03046
psiv:LZ023_07585	ko:K02950
psiv:LZ023_07590	ko:K02992
psiv:LZ023_07595	ko:K02355
psiv:LZ023_07600	ko:K02358
psiv:LZ023_07605	ko:K02946
psiv:LZ023_07610	ko:K02906
psiv:LZ023_07615	ko:K02926
psiv:LZ023_07620	ko:K02892
psiv:LZ023_07625	ko:K02886
psiv:LZ023_07630	ko:K02965
psiv:LZ023_07635	ko:K02890
psiv:LZ023_07640	ko:K02982
psiv:LZ023_07645	ko:K02878
psiv:LZ023_07650	ko:K02904
psiv:LZ023_07655	ko:K02961
psiv:LZ023_07660	ko:K02874
psiv:LZ023_07665	ko:K02895
psiv:LZ023_07670	ko:K02931
psiv:LZ023_07675	ko:K02954
psiv:LZ023_07680	ko:K02994
psiv:LZ023_07685	ko:K02933
psiv:LZ023_07690	ko:K02881
psiv:LZ023_07695	ko:K02988
psiv:LZ023_07700	ko:K02907
psiv:LZ023_07705	ko:K02876
psiv:LZ023_07710	ko:K03076
psiv:LZ023_07715	ko:K02919
psiv:LZ023_07720	ko:K02952
psiv:LZ023_07725	ko:K02948
psiv:LZ023_07730	ko:K02986
psiv:LZ023_07735	ko:K03040
psiv:LZ023_07740	ko:K02879
psiv:LZ023_07745	ko:K03781
psiv:LZ023_07750	ko:K03594
psiv:LZ023_07755	ko:K03701
psiv:LZ023_07765	ko:K03111
psiv:LZ023_07775	ko:K00067
psiv:LZ023_07780	ko:K01784
psiv:LZ023_07785	ko:K07275
psiv:LZ023_07790	ko:K09950
psiv:LZ023_07795	ko:K02004
psiv:LZ023_07800	ko:K02003
psiv:LZ023_07815	ko:K05838
psiv:LZ023_07830	ko:K07738
psiv:LZ023_07835	ko:K11752
psiv:LZ023_07840	ko:K00793
psiv:LZ023_07845	ko:K14652
psiv:LZ023_07850	ko:K00794
psiv:LZ023_07855	ko:K03625
psiv:LZ023_07860	ko:K00946
psiv:LZ023_07865	ko:K01095
psiv:LZ023_07870	ko:K02030
psiv:LZ023_07875	ko:K01497
psiv:LZ023_07880	ko:K06858
psiv:LZ023_07885	ko:K16092
psiv:LZ023_07890	ko:K01662
psiv:LZ023_07895	ko:K13789
psiv:LZ023_07900	ko:K03602
psiv:LZ023_07925	ko:K09934
psiv:LZ023_07930	ko:K06894
psiv:LZ023_07945	ko:K04095
psiv:LZ023_07965	ko:K14231
psiv:LZ023_07975	ko:K01507
psiv:LZ023_07980	ko:K09933
psiv:LZ023_07985	ko:K03975
psiv:LZ023_07995	ko:K00138
psiv:LZ023_08005	ko:K02558
psiv:LZ023_08010	ko:K03186
psiv:LZ023_08035	ko:K06518
psiv:LZ023_08045	ko:K07157
psiv:LZ023_08055	ko:K03652
psiv:LZ023_08060	ko:K00147
psiv:LZ023_08065	ko:K00969
psiv:LZ023_08070	ko:K09710
psiv:LZ023_08075	ko:K00783
psiv:LZ023_08080	ko:K05515
psiv:LZ023_08085	ko:K05837
psiv:LZ023_08090	ko:K08305
psiv:LZ023_08095	ko:K03642
psiv:LZ023_08100	ko:K07258
psiv:LZ023_08105	ko:K09158
psiv:LZ023_08110	ko:K03801
psiv:LZ023_08115	ko:K03644
psiv:LZ023_08120	ko:K01297
psiv:LZ023_08125	ko:K08305
psiv:LZ023_08130	ko:K09890
psiv:LZ023_08135	ko:K02340
psiv:LZ023_08140	ko:K03643
psiv:LZ023_08145	ko:K01869
psiv:LZ023_08160	ko:K03820
psiv:LZ023_08165	ko:K06189
psiv:LZ023_08170	ko:K07042
psiv:LZ023_08175	ko:K06217
psiv:LZ023_08180	ko:K06168
psiv:LZ023_08195	ko:K07126
psiv:LZ023_08200	ko:K01845
psiv:LZ023_08205	ko:K00788
psiv:LZ023_08210	ko:K00941
psiv:LZ023_08215	ko:K20971
psiv:LZ023_08220	ko:K09456
psiv:LZ023_08225	ko:K01241
psiv:LZ023_08230	ko:K06181
psiv:LZ023_08240	ko:K03719
psiv:LZ023_08250	ko:K13283
psiv:LZ023_08260	ko:K03579
psiv:LZ023_08265	ko:K07782
psiv:LZ023_08270	ko:K02078
psiv:LZ023_08290	ko:K06954
psiv:LZ023_08295	ko:K15355
psiv:LZ023_08330	ko:K09945
psiv:LZ023_08340	ko:K02342
psiv:LZ023_08345	ko:K11927
psiv:LZ023_08365	ko:K10805
psiv:LZ023_08375	ko:K07267
psiv:LZ023_08380	ko:K07054
psiv:LZ023_08385	ko:K00449
psiv:LZ023_08390	ko:K00448
psiv:LZ023_08395	ko:K06222
psiv:LZ023_08415	ko:K08191
psiv:LZ023_08420	ko:K26400
psiv:LZ023_08450	ko:K02624
psiv:LZ023_08455	ko:K25901
psiv:LZ023_08460	ko:K03786
psiv:LZ023_08475	ko:K09932
psiv:LZ023_08480	ko:K00557
psiv:LZ023_08485	ko:K06901
psiv:LZ023_08490	ko:K13483
psiv:LZ023_08495	ko:K11178
psiv:LZ023_08500	ko:K11177
psiv:LZ023_08510	ko:K00425
psiv:LZ023_08515	ko:K00426
psiv:LZ023_08525	ko:K11391
psiv:LZ023_08535	ko:K00528
psiv:LZ023_08540	ko:K03282
psiv:LZ023_08545	ko:K04485
psiv:LZ023_08550	ko:K07326
psiv:LZ023_08555	ko:K15125
psiv:LZ023_08595	ko:K07497
psiv:LZ023_08645	ko:K06200
psiv:LZ023_08660	ko:K01113
psiv:LZ023_08665	ko:K03559
psiv:LZ023_08670	ko:K03832
psiv:LZ023_08675	ko:K02014
psiv:LZ023_08680	ko:K03561
psiv:LZ023_08690	ko:K01081
psiv:LZ023_08695	ko:K00600
psiv:LZ023_08705	ko:K06020
psiv:LZ023_08750	ko:K03773
psiv:LZ023_08770	ko:K06193
psiv:LZ023_08775	ko:K02523
psiv:LZ023_08780	ko:K02888
psiv:LZ023_08785	ko:K02899
psiv:LZ023_08790	ko:K03979
psiv:LZ023_08795	ko:K02523
psiv:LZ023_08800	ko:K02888
psiv:LZ023_08805	ko:K02899
psiv:LZ023_08810	ko:K03979
psiv:LZ023_08815	ko:K00931
psiv:LZ023_08820	ko:K05805
psiv:LZ023_08825	ko:K15852
psiv:LZ023_08830	ko:K02968
psiv:LZ023_08835	ko:K03980
psiv:LZ023_08840	ko:K11753
psiv:LZ023_08845	ko:K01870
psiv:LZ023_08850	ko:K03101
psiv:LZ023_08855	ko:K03774
psiv:LZ023_08860	ko:K03527
psiv:LZ023_08865	ko:K08084
psiv:LZ023_08870	ko:K08085
psiv:LZ023_08875	ko:K02671
psiv:LZ023_08880	ko:K02672
psiv:LZ023_08885	ko:K02673
psiv:LZ023_08890	ko:K02674
psiv:LZ023_08895	ko:K02655
psiv:LZ023_08900	ko:K03153
psiv:LZ023_08905	ko:K02667
psiv:LZ023_08910	ko:K02668
psiv:LZ023_08915	ko:K06950
psiv:LZ023_08920	ko:K05807
psiv:LZ023_08925	ko:K06180
psiv:LZ023_08935	ko:K03695
psiv:LZ023_08940	ko:K14220
psiv:LZ023_08945	ko:K14232
psiv:LZ023_08950	ko:K14229
psiv:LZ023_08955	ko:K14232
psiv:LZ023_08960	ko:K05836
psiv:LZ023_08965	ko:K01745
psiv:LZ023_08970	ko:K03885
psiv:LZ023_08995	ko:K09862
psiv:LZ023_09000	ko:K00859
psiv:LZ023_09005	ko:K02654
psiv:LZ023_09010	ko:K02653
psiv:LZ023_09015	ko:K02652
psiv:LZ023_09020	ko:K02650
psiv:LZ023_09030	ko:K02650
psiv:LZ023_09035	ko:K14234
psiv:LZ023_09060	ko:K00767
psiv:LZ023_09070	ko:K03806
psiv:LZ023_09075	ko:K03807
psiv:LZ023_09080	ko:K03424
psiv:LZ023_09085	ko:K03435
psiv:LZ023_09090	ko:K23993
psiv:LZ023_09095	ko:K00882
psiv:LZ023_09100	ko:K02770
psiv:LZ023_09105	ko:K00380
psiv:LZ023_09110	ko:K16090
psiv:LZ023_09115	ko:K07336
psiv:LZ023_09120	ko:K07126
psiv:LZ023_09125	ko:K01581
psiv:LZ023_09130	ko:K05847
psiv:LZ023_09135	ko:K05846
psiv:LZ023_09140	ko:K05845
psiv:LZ023_09145	ko:K05846
psiv:LZ023_09150	ko:K02837
psiv:LZ023_09155	ko:K03381
psiv:LZ023_09160	ko:K03464
psiv:LZ023_09165	ko:K01856
psiv:LZ023_09170	ko:K21757
psiv:LZ023_09175	ko:K11073
psiv:LZ023_09195	ko:K12372
psiv:LZ023_09200	ko:K12371
psiv:LZ023_09205	ko:K12370
psiv:LZ023_09210	ko:K12369
psiv:LZ023_09215	ko:K12368
psiv:LZ023_09225	ko:K12368
psiv:LZ023_09230	ko:K12368
psiv:LZ023_09235	ko:K12368
psiv:LZ023_09245	ko:K15011
psiv:LZ023_09250	ko:K15012
psiv:LZ023_09255	ko:K02471
psiv:LZ023_09265	ko:K01707
psiv:LZ023_09270	ko:K03535
psiv:LZ023_09275	ko:K01708
psiv:LZ023_09280	ko:K24180
psiv:LZ023_09285	ko:K11734
psiv:LZ023_09290	ko:K01607
psiv:LZ023_09295	ko:K07301
psiv:LZ023_09300	ko:K03642
psiv:LZ023_09305	ko:K02434
psiv:LZ023_09310	ko:K02433
psiv:LZ023_09315	ko:K02435
psiv:LZ023_09320	ko:K03569
psiv:LZ023_09325	ko:K03570
psiv:LZ023_09330	ko:K03571
psiv:LZ023_09335	ko:K06287
psiv:LZ023_09340	ko:K08301
psiv:LZ023_09350	ko:K11206
psiv:LZ023_09355	ko:K03568
psiv:LZ023_09360	ko:K09889
psiv:LZ023_09365	ko:K03592
psiv:LZ023_09375	ko:K01679
psiv:LZ023_09385	ko:K04564
psiv:LZ023_09390	ko:K08485
psiv:LZ023_09395	ko:K06958
psiv:LZ023_09400	ko:K02806
psiv:LZ023_09405	ko:K05808
psiv:LZ023_09410	ko:K03092
psiv:LZ023_09415	ko:K06861
psiv:LZ023_09420	ko:K09774
psiv:LZ023_09425	ko:K11719
psiv:LZ023_09430	ko:K03270
psiv:LZ023_09435	ko:K06041
psiv:LZ023_09440	ko:K02065
psiv:LZ023_09445	ko:K02066
psiv:LZ023_09450	ko:K02067
psiv:LZ023_09455	ko:K07323
psiv:LZ023_09460	ko:K07122
psiv:LZ023_09470	ko:K00790
psiv:LZ023_09475	ko:K00765
psiv:LZ023_09480	ko:K00013
psiv:LZ023_09485	ko:K00817
psiv:LZ023_09490	ko:K04691
psiv:LZ023_09500	ko:K00957
psiv:LZ023_09535	ko:K09908
psiv:LZ023_09540	ko:K07018
psiv:LZ023_09545	ko:K01867
psiv:LZ023_09550	ko:K06916
psiv:LZ023_09560	ko:K00255
psiv:LZ023_09570	ko:K02871
psiv:LZ023_09575	ko:K02996
psiv:LZ023_09580	ko:K00411
psiv:LZ023_09585	ko:K00412
psiv:LZ023_09590	ko:K00413
psiv:LZ023_09595	ko:K03599
psiv:LZ023_09600	ko:K03600
psiv:LZ023_09605	ko:K28369
psiv:LZ023_09610	ko:K03271
psiv:LZ023_09615	ko:K07460
psiv:LZ023_09620	ko:K07121
psiv:LZ023_09625	ko:K07056
psiv:LZ023_09630	ko:K01978
psiv:LZ023_09635	ko:K03925
psiv:LZ023_09640	ko:K03438
psiv:LZ023_09645	ko:K03586
psiv:LZ023_09650	ko:K03587
psiv:LZ023_09655	ko:K01928
psiv:LZ023_09660	ko:K01929
psiv:LZ023_09665	ko:K01000
psiv:LZ023_09670	ko:K01925
psiv:LZ023_09675	ko:K03588
psiv:LZ023_09680	ko:K02563
psiv:LZ023_09685	ko:K01924
psiv:LZ023_09690	ko:K01921
psiv:LZ023_09695	ko:K03589
psiv:LZ023_09700	ko:K03590
psiv:LZ023_09705	ko:K03531
psiv:LZ023_09710	ko:K02535
psiv:LZ023_09720	ko:K03070
psiv:LZ023_09725	ko:K00620
psiv:LZ023_09730	ko:K03574
psiv:LZ023_09735	ko:K00798
psiv:LZ023_09745	ko:K00077
psiv:LZ023_09755	ko:K09767
psiv:LZ023_09760	ko:K03442
psiv:LZ023_09770	ko:K08218
psiv:LZ023_09775	ko:K07443
psiv:LZ023_09785	ko:K07226
psiv:LZ023_09790	ko:K07113
psiv:LZ023_09795	ko:K04078
psiv:LZ023_09800	ko:K04077
psiv:LZ023_09830	ko:K03585
psiv:LZ023_09860	ko:K07113
psiv:LZ023_09870	ko:K07338
psiv:LZ023_09880	ko:K07231
psiv:LZ023_09885	ko:K21024
psiv:LZ023_09890	ko:K04564
psiv:LZ023_09895	ko:K06895
psiv:LZ023_09900	ko:K05596
psiv:LZ023_09925	ko:K08682
psiv:LZ023_09930	ko:K22617
psiv:LZ023_09935	ko:K22310
psiv:LZ023_09955	ko:K06131
psiv:LZ023_09960	ko:K05520
psiv:LZ023_09980	ko:K01676
psiv:LZ023_09985	ko:K21019
psiv:LZ023_10005	ko:K00873
psiv:LZ023_10025	ko:K03924
psiv:LZ023_10050	ko:K01141
psiv:LZ023_10060	ko:K01433
psiv:LZ023_10070	ko:K07027
psiv:LZ023_10075	ko:K06986
psiv:LZ023_10080	ko:K14335
psiv:LZ023_10085	ko:K03406
psiv:LZ023_10090	ko:K06915
psiv:LZ023_10095	ko:K16322
psiv:LZ023_10105	ko:K02624
psiv:LZ023_10110	ko:K08195
psiv:LZ023_10115	ko:K07823
psiv:LZ023_10120	ko:K02625
psiv:LZ023_10125	ko:K01857
psiv:LZ023_10130	ko:K01055
psiv:LZ023_10135	ko:K01607
psiv:LZ023_10145	ko:K18139
psiv:LZ023_10150	ko:K18138
psiv:LZ023_10155	ko:K03585
psiv:LZ023_10160	ko:K03577
psiv:LZ023_10175	ko:K00481
psiv:LZ023_10180	ko:K18954
psiv:LZ023_10195	ko:K03566
psiv:LZ023_10200	ko:K01652
psiv:LZ023_10205	ko:K00130
psiv:LZ023_10230	ko:K03761
psiv:LZ023_10235	ko:K10126
psiv:LZ023_10240	ko:K10125
psiv:LZ023_10245	ko:K05349
psiv:LZ023_10265	ko:K01126
psiv:LZ023_10345	ko:K07493
psiv:LZ023_10400	ko:K14225
psiv:LZ023_10410	ko:K06183
psiv:LZ023_10435	ko:K03648
psiv:LZ023_10440	ko:K07793
psiv:LZ023_10445	ko:K07794
psiv:LZ023_10450	ko:K07795
psiv:LZ023_10455	ko:K07774
psiv:LZ023_10460	ko:K07649
psiv:LZ023_10470	ko:K06980
psiv:LZ023_10475	ko:K09159
psiv:LZ023_10480	ko:K19168
psiv:LZ023_10485	ko:K00278
psiv:LZ023_10490	ko:K03088
psiv:LZ023_10495	ko:K03597
psiv:LZ023_10500	ko:K03598
psiv:LZ023_10505	ko:K04771
psiv:LZ023_10510	ko:K03596
psiv:LZ023_10515	ko:K03100
psiv:LZ023_10525	ko:K03685
psiv:LZ023_10530	ko:K03595
psiv:LZ023_10535	ko:K03584
psiv:LZ023_10540	ko:K03474
psiv:LZ023_10560	ko:K00600
psiv:LZ023_10565	ko:K01916
psiv:LZ023_10570	ko:K00763
psiv:LZ023_10575	ko:K08281
psiv:LZ023_10585	ko:K02016
psiv:LZ023_10590	ko:K02015
psiv:LZ023_10595	ko:K02013
psiv:LZ023_10600	ko:K15257
psiv:LZ023_10605	ko:K15256
psiv:LZ023_10610	ko:K14475
psiv:LZ023_10615	ko:K01338
psiv:LZ023_10635	ko:K06886
psiv:LZ023_10640	ko:K00117
psiv:LZ023_10645	ko:K07267
psiv:LZ023_10675	ko:K01423
psiv:LZ023_10680	ko:K04085
psiv:LZ023_10685	ko:K03548
psiv:LZ023_10690	ko:K03564
psiv:LZ023_10695	ko:K03567
psiv:LZ023_10700	ko:K01714
psiv:LZ023_10705	ko:K07287
psiv:LZ023_10715	ko:K01923
psiv:LZ023_10720	ko:K14233
psiv:LZ023_10740	ko:K07726
psiv:LZ023_10745	ko:K01652
psiv:LZ023_10750	ko:K01607
psiv:LZ023_10775	ko:K13954
psiv:LZ023_10790	ko:K03684
psiv:LZ023_10795	ko:K09902
psiv:LZ023_10810	ko:K09160
psiv:LZ023_10840	ko:K10914
psiv:LZ023_10845	ko:K01354
psiv:LZ023_10865	ko:K09989
psiv:LZ023_10880	ko:K01738
psiv:LZ023_10885	ko:K12979
psiv:LZ023_10890	ko:K11477
psiv:LZ023_10905	ko:K01915
psiv:LZ023_10910	ko:K11073
psiv:LZ023_10915	ko:K09471
psiv:LZ023_10925	ko:K00906
psiv:LZ023_10940	ko:K00243
psiv:LZ023_10955	ko:K09483
psiv:LZ023_10965	ko:K07058
psiv:LZ023_10970	ko:K01462
psiv:LZ023_10995	ko:K01761
psiv:LZ023_11000	ko:K00459
psiv:LZ023_11015	ko:K13653
psiv:LZ023_11020	ko:K03760
psiv:LZ023_11040	ko:K18968
psiv:LZ023_11050	ko:K21990
psiv:LZ023_11055	ko:K06889
psiv:LZ023_11060	ko:K01778
psiv:LZ023_11070	ko:K03406
psiv:LZ023_11075	ko:K07039
psiv:LZ023_11080	ko:K27311
psiv:LZ023_11090	ko:K14237
psiv:LZ023_11095	ko:K07039
psiv:LZ023_11110	ko:K00466
psiv:LZ023_11120	ko:K01424
psiv:LZ023_11135	ko:K07497
psiv:LZ023_11140	ko:K07451
psiv:LZ023_11145	ko:K00526
psiv:LZ023_11150	ko:K04095
psiv:LZ023_11160	ko:K00525
psiv:LZ023_11165	ko:K13255
psiv:LZ023_11170	ko:K02362
psiv:LZ023_11180	ko:K07660
psiv:LZ023_11185	ko:K07637
psiv:LZ023_11190	ko:K11103
psiv:LZ023_11195	ko:K02742
psiv:LZ023_11205	ko:K14058
psiv:LZ023_11225	ko:K03809
psiv:LZ023_11230	ko:K00537
psiv:LZ023_11240	ko:K03668
psiv:LZ023_11250	ko:K03778
psiv:LZ023_11255	ko:K07678
psiv:LZ023_11270	ko:K19610
psiv:LZ023_11275	ko:K19609
psiv:LZ023_11280	ko:K12339
psiv:LZ023_11285	ko:K03215
psiv:LZ023_11290	ko:K00951
psiv:LZ023_11295	ko:K04765
psiv:LZ023_11300	ko:K09912
psiv:LZ023_11310	ko:K03594
psiv:LZ023_11315	ko:K02192
psiv:LZ023_11320	ko:K03683
psiv:LZ023_11325	ko:K01465
psiv:LZ023_11330	ko:K21218
psiv:LZ023_11335	ko:K01940
psiv:LZ023_11345	ko:K07690
psiv:LZ023_11355	ko:K10773
psiv:LZ023_11360	ko:K03616
psiv:LZ023_11365	ko:K01874
psiv:LZ023_11370	ko:K03593
psiv:LZ023_11375	ko:K03704
psiv:LZ023_11380	ko:K01494
psiv:LZ023_11390	ko:K06953
psiv:LZ023_11395	ko:K03724
psiv:LZ023_11400	ko:K10017
psiv:LZ023_11405	ko:K06987
psiv:LZ023_11410	ko:K10015
psiv:LZ023_11415	ko:K10016
psiv:LZ023_11420	ko:K10014
psiv:LZ023_11430	ko:K07577
psiv:LZ023_11435	ko:K00432
psiv:LZ023_11440	ko:K06076
psiv:LZ023_11455	ko:K09760
psiv:LZ023_11485	ko:K11741
psiv:LZ023_11490	ko:K03453
psiv:LZ023_11495	ko:K03554
psiv:LZ023_11500	ko:K14237
psiv:LZ023_11505	ko:K14221
psiv:LZ023_11510	ko:K14237
psiv:LZ023_11515	ko:K14221
psiv:LZ023_11520	ko:K18199
psiv:LZ023_11530	ko:K07116
psiv:LZ023_11535	ko:K11209
psiv:LZ023_11550	ko:K15984
psiv:LZ023_11555	ko:K16090
psiv:LZ023_11565	ko:K09914
psiv:LZ023_11570	ko:K00631
psiv:LZ023_11575	ko:K03704
psiv:LZ023_11585	ko:K00563
psiv:LZ023_11590	ko:K01439
psiv:LZ023_11630	ko:K22132
psiv:LZ023_11635	ko:K02426
psiv:LZ023_11640	ko:K01766
psiv:LZ023_11645	ko:K00674
psiv:LZ023_11655	ko:K24163
psiv:LZ023_11675	ko:K14267
psiv:LZ023_11680	ko:K00990
psiv:LZ023_11695	ko:K01265
psiv:LZ023_11700	ko:K02967
psiv:LZ023_11705	ko:K02357
psiv:LZ023_11710	ko:K09903
psiv:LZ023_11715	ko:K02838
psiv:LZ023_11720	ko:K00806
psiv:LZ023_11725	ko:K00981
psiv:LZ023_11730	ko:K00099
psiv:LZ023_11735	ko:K11749
psiv:LZ023_11740	ko:K07277
psiv:LZ023_11745	ko:K06142
psiv:LZ023_11750	ko:K02536
psiv:LZ023_11755	ko:K02372
psiv:LZ023_11760	ko:K00677
psiv:LZ023_11765	ko:K00748
psiv:LZ023_11770	ko:K03470
psiv:LZ023_11775	ko:K02337
psiv:LZ023_11780	ko:K01962
psiv:LZ023_11785	ko:K04075
psiv:LZ023_11790	ko:K01937
psiv:LZ023_11795	ko:K01627
psiv:LZ023_11800	ko:K01689
psiv:LZ023_11805	ko:K05589
psiv:LZ023_11810	ko:K00991
psiv:LZ023_11820	ko:K00121
psiv:LZ023_11825	ko:K01070
psiv:LZ023_11830	ko:K01770
psiv:LZ023_11835	ko:K06176
psiv:LZ023_11840	ko:K03787
psiv:LZ023_11845	ko:K00573
psiv:LZ023_11850	ko:K06194
psiv:LZ023_11855	ko:K03087
psiv:LZ023_11860	ko:K05524
psiv:LZ023_11865	ko:K03555
psiv:LZ023_11880	ko:K03743
psiv:LZ023_11885	ko:K03553
psiv:LZ023_11890	ko:K03565
psiv:LZ023_11910	ko:K05812
psiv:LZ023_11925	ko:K00901
psiv:LZ023_11935	ko:K00528
psiv:LZ023_11940	ko:K22900
psiv:LZ023_11955	ko:K06182
psiv:LZ023_11960	ko:K03826
psiv:LZ023_11965	ko:K14441
psiv:LZ023_11970	ko:K03549
psiv:LZ023_11980	ko:K14205
psiv:LZ023_11985	ko:K14230
psiv:LZ023_11990	ko:K14230
psiv:LZ023_11995	ko:K14230
psiv:LZ023_12000	ko:K14230
psiv:LZ023_12005	ko:K02346
psiv:LZ023_12015	ko:K01881
psiv:LZ023_12020	ko:K18093
psiv:LZ023_12030	ko:K03745
psiv:LZ023_12035	ko:K03704
psiv:LZ023_12060	ko:K01159
psiv:LZ023_12065	ko:K03550
psiv:LZ023_12070	ko:K03551
psiv:LZ023_12100	ko:K03551
psiv:LZ023_12110	ko:K03562
psiv:LZ023_12115	ko:K03560
psiv:LZ023_12120	ko:K03646
psiv:LZ023_12125	ko:K03641
psiv:LZ023_12130	ko:K03640
psiv:LZ023_12140	ko:K10026
psiv:LZ023_12145	ko:K06920
psiv:LZ023_12150	ko:K14229
psiv:LZ023_12155	ko:K11901
psiv:LZ023_12160	ko:K11900
psiv:LZ023_12165	ko:K11893
psiv:LZ023_12170	ko:K11892
psiv:LZ023_12180	ko:K11903
psiv:LZ023_12185	ko:K11904
psiv:LZ023_12220	ko:K11891
psiv:LZ023_12225	ko:K11910
psiv:LZ023_12230	ko:K11896
psiv:LZ023_12235	ko:K11895
psiv:LZ023_12240	ko:K11906
psiv:LZ023_12245	ko:K11905
psiv:LZ023_12250	ko:K23514
psiv:LZ023_12255	ko:K07165
psiv:LZ023_12260	ko:K02014
psiv:LZ023_12265	ko:K12988
psiv:LZ023_12270	ko:K00721
psiv:LZ023_12280	ko:K01816
psiv:LZ023_12305	ko:K03517
psiv:LZ023_12345	ko:K02623
psiv:LZ023_12350	ko:K03773
psiv:LZ023_12380	ko:K03797
psiv:LZ023_12390	ko:K12542
psiv:LZ023_12395	ko:K12541
psiv:LZ023_12400	ko:K12543
psiv:LZ023_12420	ko:K07039
psiv:LZ023_12425	ko:K03654
psiv:LZ023_12430	ko:K06075
psiv:LZ023_12435	ko:K08086
psiv:LZ023_12440	ko:K07401
psiv:LZ023_12465	ko:K01953
psiv:LZ023_12480	ko:K02004
psiv:LZ023_12485	ko:K02003
psiv:LZ023_12490	ko:K15461
psiv:LZ023_12500	ko:K23753
psiv:LZ023_12505	ko:K00632
psiv:LZ023_12515	ko:K01679
psiv:LZ023_12520	ko:K09924
psiv:LZ023_12525	ko:K05527
psiv:LZ023_12530	ko:K07146
psiv:LZ023_12535	ko:K07396
psiv:LZ023_12560	ko:K22292
psiv:LZ023_12565	ko:K00568
psiv:LZ023_12570	ko:K12960
psiv:LZ023_12575	ko:K08963
psiv:LZ023_12585	ko:K02469
psiv:LZ023_12590	ko:K00831
psiv:LZ023_12595	ko:K14170
psiv:LZ023_12600	ko:K00817
psiv:LZ023_12605	ko:K24018
psiv:LZ023_12610	ko:K00945
psiv:LZ023_12615	ko:K02945
psiv:LZ023_12620	ko:K03704
psiv:LZ023_12625	ko:K03704
psiv:LZ023_12630	ko:K03704
psiv:LZ023_12640	ko:K05788
psiv:LZ023_12650	ko:K12991
psiv:LZ023_12655	ko:K24310
psiv:LZ023_12660	ko:K13007
psiv:LZ023_12670	ko:K09690
psiv:LZ023_12675	ko:K09691
psiv:LZ023_12710	ko:K20534
psiv:LZ023_12715	ko:K24300
psiv:LZ023_12720	ko:K02237
psiv:LZ023_12730	ko:K09458
psiv:LZ023_12735	ko:K16137
psiv:LZ023_12745	ko:K16238
psiv:LZ023_12750	ko:K01591
psiv:LZ023_12765	ko:K03406
psiv:LZ023_12770	ko:K05782
psiv:LZ023_12780	ko:K05825
psiv:LZ023_12785	ko:K00799
psiv:LZ023_12795	ko:K01495
psiv:LZ023_12815	ko:K07320
psiv:LZ023_12825	ko:K06889
psiv:LZ023_12830	ko:K01736
psiv:LZ023_12835	ko:K05820
psiv:LZ023_12840	ko:K08967
psiv:LZ023_12850	ko:K06867
psiv:LZ023_12920	ko:K03284
psiv:LZ023_12925	ko:K00655
psiv:LZ023_12935	ko:K14233
psiv:LZ023_12940	ko:K18842
psiv:LZ023_12945	ko:K18841
psiv:LZ023_12960	ko:K03406
psiv:LZ023_12995	ko:K00059
psiv:LZ023_13025	ko:K07497
psiv:LZ023_13035	ko:K02356
psiv:LZ023_13040	ko:K04063
psiv:LZ023_13045	ko:K23775
psiv:LZ023_13060	ko:K09927
psiv:LZ023_13065	ko:K01626
psiv:LZ023_13080	ko:K15777
psiv:LZ023_13085	ko:K00569
psiv:LZ023_13090	ko:K03799
psiv:LZ023_13095	ko:K14260
psiv:LZ023_13100	ko:K07305
psiv:LZ023_13105	ko:K00432
psiv:LZ023_13110	ko:K23775
psiv:LZ023_13115	ko:K20973
psiv:LZ023_13120	ko:K06923
psiv:LZ023_13125	ko:K08968
psiv:LZ023_13135	ko:K14224
psiv:LZ023_13140	ko:K14225
psiv:LZ023_13145	ko:K14224
psiv:LZ023_13150	ko:K14225
psiv:LZ023_13155	ko:K14224
psiv:LZ023_13160	ko:K14225
psiv:LZ023_13170	ko:K14225
psiv:LZ023_13180	ko:K14225
psiv:LZ023_13190	ko:K06445
psiv:LZ023_13195	ko:K01990
psiv:LZ023_13200	ko:K01992
psiv:LZ023_13205	ko:K09928
psiv:LZ023_13210	ko:K02238
psiv:LZ023_13215	ko:K03561
psiv:LZ023_13220	ko:K03559
psiv:LZ023_13225	ko:K00912
psiv:LZ023_13230	ko:K09791
psiv:LZ023_13235	ko:K00979
psiv:LZ023_13240	ko:K25307
psiv:LZ023_13245	ko:K00075
psiv:LZ023_13250	ko:K07141
psiv:LZ023_13255	ko:K08300
psiv:LZ023_13260	ko:K06179
psiv:LZ023_13265	ko:K01091
psiv:LZ023_13270	ko:K04773
psiv:LZ023_13275	ko:K25422
psiv:LZ023_13280	ko:K07040
psiv:LZ023_13285	ko:K02911
psiv:LZ023_13290	ko:K03621
psiv:LZ023_13295	ko:K00645
psiv:LZ023_13300	ko:K00059
psiv:LZ023_13305	ko:K02078
psiv:LZ023_13310	ko:K09458
psiv:LZ023_13315	ko:K02619
psiv:LZ023_13320	ko:K07082
psiv:LZ023_13325	ko:K00943
psiv:LZ023_13330	ko:K02341
psiv:LZ023_13335	ko:K02676
psiv:LZ023_13340	ko:K03424
psiv:LZ023_13355	ko:K09986
psiv:LZ023_13365	ko:K14220
psiv:LZ023_13370	ko:K00832
psiv:LZ023_13375	ko:K03702
psiv:LZ023_13380	ko:K04061
psiv:LZ023_13390	ko:K02193
psiv:LZ023_13395	ko:K02194
psiv:LZ023_13400	ko:K02195
psiv:LZ023_13405	ko:K02196
psiv:LZ023_13410	ko:K02197
psiv:LZ023_13415	ko:K02198
psiv:LZ023_13420	ko:K02199
psiv:LZ023_13425	ko:K02200
psiv:LZ023_13430	ko:K02200
psiv:LZ023_13460	ko:K02048
psiv:LZ023_13465	ko:K10716
psiv:LZ023_13470	ko:K08717
psiv:LZ023_13475	ko:K00042
psiv:LZ023_13480	ko:K01816
psiv:LZ023_13485	ko:K01608
psiv:LZ023_13495	ko:K09017
psiv:LZ023_13500	ko:K07799
psiv:LZ023_13505	ko:K07788
psiv:LZ023_13510	ko:K07789
psiv:LZ023_13520	ko:K09781
psiv:LZ023_13530	ko:K02030
psiv:LZ023_13535	ko:K28192
psiv:LZ023_13540	ko:K02343
psiv:LZ023_13545	ko:K09747
psiv:LZ023_13550	ko:K23256
psiv:LZ023_13555	ko:K06187
psiv:LZ023_13560	ko:K00759
psiv:LZ023_13565	ko:K01420
psiv:LZ023_13575	ko:K02495
psiv:LZ023_13580	ko:K09792
psiv:LZ023_13590	ko:K01533
psiv:LZ023_13595	ko:K09926
psiv:LZ023_13605	ko:K00406
psiv:LZ023_13610	ko:K00407
psiv:LZ023_13615	ko:K00405
psiv:LZ023_13620	ko:K00404
psiv:LZ023_13625	ko:K07020
psiv:LZ023_13630	ko:K03776
psiv:LZ023_13635	ko:K27802
psiv:LZ023_13640	ko:K06968
psiv:LZ023_13645	ko:K04085
psiv:LZ023_13660	ko:K15371
psiv:LZ023_13685	ko:K01682
psiv:LZ023_13690	ko:K06938
psiv:LZ023_13695	ko:K14055
psiv:LZ023_13700	ko:K06169
psiv:LZ023_13710	ko:K18139
psiv:LZ023_13715	ko:K03543
psiv:LZ023_13720	ko:K03446
psiv:LZ023_13725	ko:K03269
psiv:LZ023_13730	ko:K03768
psiv:LZ023_13735	ko:K01886
psiv:LZ023_13740	ko:K01883
psiv:LZ023_13760	ko:K01491
psiv:LZ023_13765	ko:K14219
psiv:LZ023_13770	ko:K14226
psiv:LZ023_13775	ko:K14228
psiv:LZ023_13780	ko:K14226
psiv:LZ023_13785	ko:K03545
psiv:LZ023_13790	ko:K01358
psiv:LZ023_13795	ko:K03544
psiv:LZ023_13800	ko:K01338
psiv:LZ023_13805	ko:K03530
psiv:LZ023_13810	ko:K03770
psiv:LZ023_13815	ko:K02228
psiv:LZ023_13820	ko:K02013
psiv:LZ023_13825	ko:K02015
psiv:LZ023_13830	ko:K02016
psiv:LZ023_13835	ko:K06969
psiv:LZ023_13840	ko:K08995
psiv:LZ023_13850	ko:K02020
psiv:LZ023_13855	ko:K03288
psiv:LZ023_13870	ko:K21993
psiv:LZ023_13875	ko:K08482
psiv:LZ023_13885	ko:K00821
psiv:LZ023_13895	ko:K08194
psiv:LZ023_13915	ko:K04099
psiv:LZ023_13920	ko:K16516
psiv:LZ023_13925	ko:K16515
psiv:LZ023_13930	ko:K10218
psiv:LZ023_13935	ko:K16514
psiv:LZ023_13955	ko:K01706
psiv:LZ023_13970	ko:K01531
psiv:LZ023_13975	ko:K01586
psiv:LZ023_14000	ko:K17737
psiv:LZ023_14005	ko:K01028
psiv:LZ023_14010	ko:K01029
psiv:LZ023_14015	ko:K02106
psiv:LZ023_14035	ko:K00799
psiv:LZ023_14050	ko:K03299
psiv:LZ023_14055	ko:K00851
psiv:LZ023_14060	ko:K06145
psiv:LZ023_14075	ko:K01426
psiv:LZ023_14085	ko:K08369
psiv:LZ023_14095	ko:K02483
psiv:LZ023_14100	ko:K01448
psiv:LZ023_14110	ko:K11747
psiv:LZ023_14145	ko:K07799
psiv:LZ023_14150	ko:K07788
psiv:LZ023_14155	ko:K07789
psiv:LZ023_14160	ko:K18139
psiv:LZ023_14165	ko:K18139
psiv:LZ023_14170	ko:K03585
psiv:LZ023_14175	ko:K18138
psiv:LZ023_14200	ko:K02483
psiv:LZ023_14215	ko:K07262
psiv:LZ023_14235	ko:K00014
psiv:LZ023_14240	ko:K09915
psiv:LZ023_14245	ko:K09983
psiv:LZ023_14255	ko:K03717
psiv:LZ023_14275	ko:K09471
psiv:LZ023_14280	ko:K14237
psiv:LZ023_14315	ko:K03825
psiv:LZ023_14335	ko:K10439
psiv:LZ023_14340	ko:K10441
psiv:LZ023_14345	ko:K10440
psiv:LZ023_14350	ko:K02529
psiv:LZ023_14355	ko:K00852
psiv:LZ023_14360	ko:K06726
psiv:LZ023_14380	ko:K03704
psiv:LZ023_14390	ko:K01868
psiv:LZ023_14395	ko:K02520
psiv:LZ023_14400	ko:K02916
psiv:LZ023_14405	ko:K02887
psiv:LZ023_14410	ko:K01889
psiv:LZ023_14415	ko:K01890
psiv:LZ023_14420	ko:K04764
psiv:LZ023_14430	ko:K14232
psiv:LZ023_14505	ko:K10680
psiv:LZ023_14550	ko:K06145
psiv:LZ023_14555	ko:K00058
psiv:LZ023_14560	ko:K02510
psiv:LZ023_14565	ko:K00042
psiv:LZ023_14575	ko:K08369
psiv:LZ023_14580	ko:K00163
psiv:LZ023_14585	ko:K00627
psiv:LZ023_14590	ko:K03535
psiv:LZ023_14600	ko:K02510
psiv:LZ023_14605	ko:K00058
psiv:LZ023_14610	ko:K03929
psiv:LZ023_14615	ko:K18093
psiv:LZ023_14630	ko:K00832
psiv:LZ023_14635	ko:K07552
psiv:LZ023_14665	ko:K21570
psiv:LZ023_14695	ko:K28232
psiv:LZ023_14715	ko:K01495
psiv:LZ023_14720	ko:K07589
psiv:LZ023_14725	ko:K00249
psiv:LZ023_14735	ko:K01041
psiv:LZ023_14740	ko:K00059
psiv:LZ023_14770	ko:K00249
psiv:LZ023_14810	ko:K10805
psiv:LZ023_14815	ko:K02182
psiv:LZ023_14850	ko:K07044
psiv:LZ023_14855	ko:K00128
psiv:LZ023_14875	ko:K00005
psiv:LZ023_14940	ko:K07003
psiv:LZ023_14950	ko:K00632
psiv:LZ023_14980	ko:K28556
psiv:LZ023_15025	ko:K26399
psiv:LZ023_15030	ko:K26399
psiv:LZ023_15035	ko:K03535
psiv:LZ023_15040	ko:K18981
psiv:LZ023_15055	ko:K20023
psiv:LZ023_15070	ko:K08191
psiv:LZ023_15075	ko:K08191
psiv:LZ023_15080	ko:K01686
psiv:LZ023_15085	ko:K03535
psiv:LZ023_15105	ko:K06152
psiv:LZ023_15110	ko:K06151
psiv:LZ023_15120	ko:K02529
psiv:LZ023_15150	ko:K08194
psiv:LZ023_15190	ko:K01721
psiv:LZ023_15195	ko:K20807
psiv:LZ023_15200	ko:K03535
psiv:LZ023_15210	ko:K05818
psiv:LZ023_15225	ko:K07267
psiv:LZ023_15230	ko:K03710
psiv:LZ023_15235	ko:K01684
psiv:LZ023_15245	ko:K02529
psiv:LZ023_15260	ko:K00059
psiv:LZ023_15275	ko:K07404
psiv:LZ023_15290	ko:K01706
psiv:LZ023_15330	ko:K01977
psiv:LZ023_15335	ko:K14227
psiv:LZ023_15340	ko:K14218
psiv:LZ023_15345	ko:K01980
psiv:LZ023_15350	ko:K01985
psiv:LZ023_15365	ko:K05349
psiv:LZ023_15370	ko:K02014
psiv:LZ023_15375	ko:K03119
psiv:LZ023_15380	ko:K15553
psiv:LZ023_15385	ko:K19265
psiv:LZ023_15400	ko:K00433
psiv:LZ023_15410	ko:K11103
psiv:LZ023_15415	ko:K16135
psiv:LZ023_15430	ko:K21405
psiv:LZ023_15440	ko:K21416
psiv:LZ023_15445	ko:K21417
psiv:LZ023_15450	ko:K00627
psiv:LZ023_15470	ko:K00832
psiv:LZ023_15480	ko:K01692
psiv:LZ023_15495	ko:K03446
psiv:LZ023_15500	ko:K03543
psiv:LZ023_15505	ko:K18904
psiv:LZ023_15520	ko:K02611
psiv:LZ023_15525	ko:K02609
psiv:LZ023_15530	ko:K01912
psiv:LZ023_15540	ko:K07107
psiv:LZ023_15600	ko:K05349
psiv:LZ023_15610	ko:K02454
psiv:LZ023_15615	ko:K02455
psiv:LZ023_15620	ko:K02456
psiv:LZ023_15625	ko:K02457
psiv:LZ023_15630	ko:K02458
psiv:LZ023_15635	ko:K02459
psiv:LZ023_15640	ko:K02460
psiv:LZ023_15645	ko:K02461
psiv:LZ023_15650	ko:K02462
psiv:LZ023_15660	ko:K02453
psiv:LZ023_15680	ko:K17752
psiv:LZ023_15685	ko:K17762
psiv:LZ023_15690	ko:K17763
psiv:LZ023_15705	ko:K01426
psiv:LZ023_15710	ko:K03787
psiv:LZ023_15725	ko:K08191
psiv:LZ023_15735	ko:K23274
psiv:LZ023_15740	ko:K23273
psiv:LZ023_15745	ko:K23275
psiv:LZ023_15770	ko:K21004
psiv:LZ023_15780	ko:K21003
psiv:LZ023_15785	ko:K21002
psiv:LZ023_15790	ko:K21001
psiv:LZ023_15795	ko:K21000
psiv:LZ023_15800	ko:K20999
psiv:LZ023_15805	ko:K20998
psiv:LZ023_15810	ko:K20987
psiv:LZ023_15815	ko:K16011
psiv:LZ023_15820	ko:K20997
psiv:LZ023_15845	ko:K03415
psiv:LZ023_15850	ko:K07140
psiv:LZ023_15855	ko:K08309
psiv:LZ023_15860	ko:K15738
psiv:LZ023_15865	ko:K06149
psiv:LZ023_15875	ko:K01825
psiv:LZ023_15880	ko:K00632
psiv:LZ023_15890	ko:K03168
psiv:LZ023_15905	ko:K13053
psiv:LZ023_15910	ko:K01356
psiv:LZ023_15920	ko:K01207
psiv:LZ023_15940	ko:K03723
psiv:LZ023_15945	ko:K00134
psiv:LZ023_15960	ko:K03734
psiv:LZ023_15965	ko:K00322
psiv:LZ023_15970	ko:K01126
psiv:LZ023_15980	ko:K09808
psiv:LZ023_15985	ko:K09810
psiv:LZ023_15990	ko:K09808
psiv:LZ023_15995	ko:K06879
psiv:LZ023_16010	ko:K04754
psiv:LZ023_16030	ko:K00616
psiv:LZ023_16035	ko:K05539
psiv:LZ023_16060	ko:K02510
psiv:LZ023_16065	ko:K02509
psiv:LZ023_16070	ko:K01826
psiv:LZ023_16075	ko:K00455
psiv:LZ023_16080	ko:K00151
psiv:LZ023_16085	ko:K05921
psiv:LZ023_16090	ko:K05921
psiv:LZ023_16095	ko:K02508
psiv:LZ023_16100	ko:K23492
psiv:LZ023_16105	ko:K23470
psiv:LZ023_16110	ko:K00135
psiv:LZ023_16115	ko:K07497
psiv:LZ023_16145	ko:K12070
psiv:LZ023_16205	ko:K07506
psiv:LZ023_16220	ko:K02483
psiv:LZ023_16240	ko:K00117
psiv:LZ023_16305	ko:K12071
psiv:LZ023_16340	ko:K03630
psiv:LZ023_16355	ko:K03169
psiv:LZ023_16370	ko:K03111
psiv:LZ023_16400	ko:K12055
psiv:LZ023_16405	ko:K07733
psiv:LZ023_16420	ko:K26399
psiv:LZ023_16425	ko:K20023
psiv:LZ023_16430	ko:K03535
psiv:LZ023_16450	ko:K13641
psiv:LZ023_16470	ko:K06151
psiv:LZ023_16475	ko:K06152
psiv:LZ023_16480	ko:K06145
psiv:LZ023_16490	ko:K03535
psiv:LZ023_16500	ko:K11477
psiv:LZ023_16510	ko:K07267
psiv:LZ023_16520	ko:K06151
psiv:LZ023_16525	ko:K06152
psiv:LZ023_16530	ko:K02529
psiv:LZ023_16550	ko:K03457
psiv:LZ023_16555	ko:K04023
psiv:LZ023_16565	ko:K21826
psiv:LZ023_16595	ko:K03503
psiv:LZ023_16600	ko:K03502
psiv:LZ023_16615	ko:K13979
psiv:LZ023_16625	ko:K07552
psiv:LZ023_16635	ko:K05358
psiv:LZ023_16645	ko:K03654
psiv:LZ023_16650	ko:K00343
psiv:LZ023_16655	ko:K00342
psiv:LZ023_16665	ko:K00341
psiv:LZ023_16670	ko:K00340
psiv:LZ023_16675	ko:K00339
psiv:LZ023_16680	ko:K00338
psiv:LZ023_16685	ko:K00337
psiv:LZ023_16690	ko:K00336
psiv:LZ023_16695	ko:K00335
psiv:LZ023_16700	ko:K00334
psiv:LZ023_16705	ko:K13378
psiv:LZ023_16710	ko:K00331
psiv:LZ023_16715	ko:K00330
psiv:LZ023_16720	ko:K01637
psiv:LZ023_16735	ko:K18850
psiv:LZ023_16740	ko:K01756
psiv:LZ023_16745	ko:K07153
psiv:LZ023_16750	ko:K00566
psiv:LZ023_16760	ko:K00031
psiv:LZ023_16765	ko:K00031
psiv:LZ023_16770	ko:K03704
psiv:LZ023_16780	ko:K06891
psiv:LZ023_16785	ko:K03694
psiv:LZ023_16790	ko:K02518
psiv:LZ023_16795	ko:K21420
psiv:LZ023_16800	ko:K00684
psiv:LZ023_16805	ko:K03466
psiv:LZ023_16810	ko:K03634
psiv:LZ023_16815	ko:K07478
psiv:LZ023_16820	ko:K01875
psiv:LZ023_16825	ko:K02302
psiv:LZ023_16830	ko:K07393
psiv:LZ023_16840	ko:K11179
psiv:LZ023_16845	ko:K07237
psiv:LZ023_16850	ko:K07236
psiv:LZ023_16855	ko:K07235
psiv:LZ023_16860	ko:K16345
psiv:LZ023_16865	ko:K19416
psiv:LZ023_16870	ko:K14233
psiv:LZ023_16890	ko:K01666
psiv:LZ023_16895	ko:K00446
psiv:LZ023_16905	ko:K04073
psiv:LZ023_16910	ko:K01821
psiv:LZ023_16915	ko:K01617
psiv:LZ023_16920	ko:K18364
psiv:LZ023_16935	ko:K00606
psiv:LZ023_16950	ko:K00606
psiv:LZ023_16960	ko:K03585
psiv:LZ023_16965	ko:K18138
psiv:LZ023_16970	ko:K18139
psiv:LZ023_16985	ko:K02483
psiv:LZ023_16995	ko:K22958
psiv:LZ023_17000	ko:K01823
psiv:LZ023_17005	ko:K07552
psiv:LZ023_17015	ko:K01652
psiv:LZ023_17020	ko:K13877
psiv:LZ023_17025	ko:K19338
psiv:LZ023_17035	ko:K02030
psiv:LZ023_17055	ko:K19338
psiv:LZ023_17075	ko:K17315
psiv:LZ023_17085	ko:K19181
psiv:LZ023_17090	ko:K02429
psiv:LZ023_17105	ko:K01026
psiv:LZ023_17110	ko:K01715
psiv:LZ023_17115	ko:K29070
psiv:LZ023_17125	ko:K29069
psiv:LZ023_17135	ko:K08173
psiv:LZ023_17140	ko:K02429
psiv:LZ023_17150	ko:K00117
psiv:LZ023_17155	ko:K07267
psiv:LZ023_17165	ko:K06151
psiv:LZ023_17170	ko:K06152
psiv:LZ023_17190	ko:K06145
psiv:LZ023_17200	ko:K03535
psiv:LZ023_17220	ko:K06151
psiv:LZ023_17225	ko:K06152
psiv:LZ023_17230	ko:K03566
psiv:LZ023_17235	ko:K00355
psiv:LZ023_17250	ko:K01491
psiv:LZ023_17260	ko:K28979
psiv:LZ023_17265	ko:K18277
psiv:LZ023_17270	ko:K01433
psiv:LZ023_17280	ko:K22342
psiv:LZ023_17285	ko:K22444
psiv:LZ023_17290	ko:K22344
psiv:LZ023_17300	ko:K07685
psiv:LZ023_17315	ko:K07493
psiv:LZ023_17320	ko:K21802
psiv:LZ023_17355	ko:K11311
psiv:LZ023_17360	ko:K05600
psiv:LZ023_17365	ko:K05599
psiv:LZ023_17390	ko:K07484
psiv:LZ023_17400	ko:K10680
psiv:LZ023_17405	ko:K11209
psiv:LZ023_17445	ko:K00606
psiv:LZ023_17455	ko:K23514
psiv:LZ023_17475	ko:K10439
psiv:LZ023_17480	ko:K10441
psiv:LZ023_17485	ko:K10440
psiv:LZ023_17490	ko:K10440
psiv:LZ023_17495	ko:K01053
psiv:LZ023_17510	ko:K08194
psiv:LZ023_17515	ko:K26399
psiv:LZ023_17540	ko:K00208
psiv:LZ023_17560	ko:K00549
psiv:LZ023_17580	ko:K01607
psiv:LZ023_17595	ko:K02055
psiv:LZ023_17625	ko:K22278
psiv:LZ023_17630	ko:K02433
psiv:LZ023_17645	ko:K01999
psiv:LZ023_17670	ko:K01081
psiv:LZ023_17730	ko:K03585
psiv:LZ023_17735	ko:K18138
psiv:LZ023_17740	ko:K18139
psiv:LZ023_17755	ko:K08324
psiv:LZ023_17765	ko:K06923
psiv:LZ023_17780	ko:K16137
psiv:LZ023_17785	ko:K00077
psiv:LZ023_17800	ko:K06884
psiv:LZ023_17825	ko:K03837
psiv:LZ023_17855	ko:K03543
psiv:LZ023_17860	ko:K03446
psiv:LZ023_17870	ko:K10215
psiv:LZ023_17880	ko:K11904
psiv:LZ023_17890	ko:K07126
psiv:LZ023_17930	ko:K00012
psiv:LZ023_17935	ko:K12963
psiv:LZ023_17940	ko:K12962
psiv:LZ023_17945	ko:K07264
psiv:LZ023_17950	ko:K13014
psiv:LZ023_17955	ko:K10011
psiv:LZ023_17965	ko:K07806
psiv:LZ023_17990	ko:K11065
psiv:LZ023_17995	ko:K07799
psiv:LZ023_18000	ko:K07788
psiv:LZ023_18005	ko:K07789
psiv:LZ023_18010	ko:K18139
psiv:LZ023_18015	ko:K21023
psiv:LZ023_18045	ko:K00981
psiv:LZ023_18055	ko:K07507
psiv:LZ023_18065	ko:K16147
psiv:LZ023_18070	ko:K05343
psiv:LZ023_18075	ko:K00700
psiv:LZ023_18080	ko:K20938
psiv:LZ023_18085	ko:K02014
psiv:LZ023_18095	ko:K11473
psiv:LZ023_18100	ko:K11472
psiv:LZ023_18105	ko:K00104
psiv:LZ023_18110	ko:K02013
psiv:LZ023_18115	ko:K06147
psiv:LZ023_18125	ko:K22879
psiv:LZ023_18130	ko:K01996
psiv:LZ023_18135	ko:K01995
psiv:LZ023_18140	ko:K01998
psiv:LZ023_18145	ko:K01997
psiv:LZ023_18150	ko:K01999
psiv:LZ023_18160	ko:K13747
psiv:LZ023_18180	ko:K11735
psiv:LZ023_18200	ko:K21060
psiv:LZ023_18210	ko:K21062
psiv:LZ023_18215	ko:K12658
psiv:LZ023_18240	ko:K08223
psiv:LZ023_18245	ko:K15553
psiv:LZ023_18250	ko:K02014
psiv:LZ023_18275	ko:K13028
psiv:LZ023_18280	ko:K01501
psiv:LZ023_18300	ko:K00059
psiv:LZ023_18315	ko:K06992
psiv:LZ023_18340	ko:K06153
psiv:LZ023_18360	ko:K01118
psiv:LZ023_18450	ko:K00812
psiv:LZ023_18455	ko:K19338
psiv:LZ023_18465	ko:K02160
psiv:LZ023_18470	ko:K01961
psiv:LZ023_18480	ko:K23124
psiv:LZ023_18485	ko:K02160
psiv:LZ023_18490	ko:K07160
psiv:LZ023_18500	ko:K02029
psiv:LZ023_18505	ko:K02029
psiv:LZ023_18510	ko:K02029
psiv:LZ023_18515	ko:K02028
psiv:LZ023_18520	ko:K02030
psiv:LZ023_18525	ko:K01785
psiv:LZ023_18535	ko:K07507
psiv:LZ023_18565	ko:K03168
psiv:LZ023_18570	ko:K07690
psiv:LZ023_18575	ko:K07679
psiv:LZ023_18585	ko:K05819
psiv:LZ023_18590	ko:K18383
psiv:LZ023_18595	ko:K21802
psiv:LZ023_18600	ko:K12508
psiv:LZ023_18650	ko:K08166
psiv:LZ023_18665	ko:K13985
psiv:LZ023_18680	ko:K11936
psiv:LZ023_18690	ko:K00156
psiv:LZ023_18705	ko:K01560
psiv:LZ023_18715	ko:K02035
psiv:LZ023_18720	ko:K02033
psiv:LZ023_18725	ko:K02034
psiv:LZ023_18730	ko:K02031
psiv:LZ023_18730	ko:K02032
psiv:LZ023_18750	ko:K01438
psiv:LZ023_18755	ko:K00135
psiv:LZ023_18760	ko:K12972
psiv:LZ023_18765	ko:K07250
psiv:LZ023_18780	ko:K00128
psiv:LZ023_18800	ko:K00784
psiv:LZ023_18805	ko:K06938
psiv:LZ023_18815	ko:K23239
psiv:LZ023_18820	ko:K10544
psiv:LZ023_18825	ko:K10545
psiv:LZ023_18830	ko:K10543
psiv:LZ023_18835	ko:K01805
psiv:LZ023_18840	ko:K02529
psiv:LZ023_18845	ko:K13896
psiv:LZ023_18850	ko:K13895
psiv:LZ023_18855	ko:K13894
psiv:LZ023_18860	ko:K13893
psiv:LZ023_18865	ko:K02014
psiv:LZ023_18870	ko:K03559
psiv:LZ023_18875	ko:K03561
psiv:LZ023_18880	ko:K03832
psiv:LZ023_18895	ko:K16135
psiv:LZ023_18905	ko:K13936
psiv:LZ023_18910	ko:K05786
psiv:LZ023_18920	ko:K12542
psiv:LZ023_18925	ko:K12541
psiv:LZ023_18930	ko:K12543
psiv:LZ023_18935	ko:K20276
psiv:LZ023_18945	ko:K16841
psiv:LZ023_18950	ko:K03457
psiv:LZ023_18955	ko:K10979
psiv:LZ023_18965	ko:K01971
psiv:LZ023_18970	ko:K01142
psiv:LZ023_18975	ko:K00301
psiv:LZ023_18980	ko:K02073
psiv:LZ023_19015	ko:K19338
psiv:LZ023_19020	ko:K10221
psiv:LZ023_19025	ko:K11103
psiv:LZ023_19035	ko:K01426
psiv:LZ023_19080	ko:K21430
psiv:LZ023_19085	ko:K06916
psiv:LZ023_19115	ko:K00626
psiv:LZ023_19120	ko:K00248
psiv:LZ023_19125	ko:K01692
psiv:LZ023_19150	ko:K03786
psiv:LZ023_19155	ko:K02074
psiv:LZ023_19160	ko:K02075
psiv:LZ023_19165	ko:K02077
psiv:LZ023_19180	ko:K03406
psiv:LZ023_19185	ko:K22044
psiv:LZ023_19205	ko:K16238
psiv:LZ023_19210	ko:K03735
psiv:LZ023_19215	ko:K03736
psiv:LZ023_19235	ko:K03406
psiv:LZ023_19280	ko:K03335
psiv:LZ023_19285	ko:K03337
psiv:LZ023_19290	ko:K00140
psiv:LZ023_19295	ko:K06606
psiv:LZ023_19300	ko:K03336
psiv:LZ023_19310	ko:K17213
psiv:LZ023_19315	ko:K17215
psiv:LZ023_19320	ko:K17214
psiv:LZ023_19325	ko:K06204
psiv:LZ023_19330	ko:K03406
psiv:LZ023_19360	ko:K02002
psiv:LZ023_19365	ko:K05564
psiv:LZ023_19370	ko:K05563
psiv:LZ023_19375	ko:K05562
psiv:LZ023_19380	ko:K05561
psiv:LZ023_19385	ko:K05560
psiv:LZ023_19390	ko:K05559
psiv:LZ023_19415	ko:K04087
psiv:LZ023_19425	ko:K20938
psiv:LZ023_19450	ko:K17228
psiv:LZ023_19480	ko:K06889
psiv:LZ023_19485	ko:K03406
psiv:LZ023_19495	ko:K03811
psiv:LZ023_19500	ko:K02014
psiv:LZ023_19505	ko:K01011
psiv:LZ023_19515	ko:K02051
psiv:LZ023_19520	ko:K05802
psiv:LZ023_19545	ko:K00433
psiv:LZ023_19550	ko:K07506
psiv:LZ023_19565	ko:K01032
psiv:LZ023_19570	ko:K01031
psiv:LZ023_19580	ko:K18297
psiv:LZ023_19605	ko:K05358
psiv:LZ023_19610	ko:K06911
psiv:LZ023_19630	ko:K03924
psiv:LZ023_19660	ko:K04091
psiv:LZ023_19665	ko:K00299
psiv:LZ023_19675	ko:K06889
psiv:LZ023_19695	ko:K05349
psiv:LZ023_19730	ko:K05712
psiv:LZ023_19745	ko:K03392
psiv:LZ023_19760	ko:K05350
psiv:LZ023_19765	ko:K07267
psiv:LZ023_19785	ko:K13995
psiv:LZ023_19790	ko:K01799
psiv:LZ023_19795	ko:K13995
psiv:LZ023_19800	ko:K01799
psiv:LZ023_19805	ko:K15357
psiv:LZ023_19810	ko:K14974
psiv:LZ023_19815	ko:K18028
psiv:LZ023_19820	ko:K22296
psiv:LZ023_19825	ko:K18029
psiv:LZ023_19830	ko:K18030
psiv:LZ023_19835	ko:K22294
psiv:LZ023_19860	ko:K19707
psiv:LZ023_19870	ko:K13953
psiv:LZ023_19885	ko:K06995
psiv:LZ023_19905	ko:K02030
psiv:LZ023_19910	ko:K02029
psiv:LZ023_19915	ko:K02028
psiv:LZ023_19930	ko:K00128
psiv:LZ023_19935	ko:K00108
psiv:LZ023_19955	ko:K00137
psiv:LZ023_19960	ko:K00681
psiv:LZ023_19965	ko:K02028
psiv:LZ023_19970	ko:K02029
psiv:LZ023_19975	ko:K02030
psiv:LZ023_19990	ko:K06151
psiv:LZ023_19995	ko:K06152
psiv:LZ023_20025	ko:K00426
psiv:LZ023_20050	ko:K18541
psiv:LZ023_20055	ko:K07267
psiv:LZ023_20065	ko:K01576
psiv:LZ023_20075	ko:K20199
psiv:LZ023_20085	ko:K00077
psiv:LZ023_20095	ko:K01501
psiv:LZ023_20115	ko:K15054
psiv:LZ023_20140	ko:K06016
psiv:LZ023_20145	ko:K12972
psiv:LZ023_20165	ko:K03719
psiv:LZ023_20170	ko:K10017
psiv:LZ023_20175	ko:K10015
psiv:LZ023_20180	ko:K10016
psiv:LZ023_20185	ko:K10014
psiv:LZ023_20190	ko:K01750
psiv:LZ023_20215	ko:K02182
psiv:LZ023_20220	ko:K00128
psiv:LZ023_20235	ko:K07003
psiv:LZ023_20240	ko:K00128
psiv:LZ023_20275	ko:K18009
psiv:LZ023_20290	ko:K23256
psiv:LZ023_20300	ko:K00055
psiv:LZ023_20350	ko:K05979
psiv:LZ023_20355	ko:K23948
psiv:LZ023_20360	ko:K00626
psiv:LZ023_20365	ko:K01782
psiv:LZ023_20380	ko:K04755
psiv:LZ023_20385	ko:K00529
psiv:LZ023_20390	ko:K10805
psiv:LZ023_20415	ko:K10805
psiv:LZ023_20425	ko:K00632
psiv:LZ023_20430	ko:K00249
psiv:LZ023_20435	ko:K01825
psiv:LZ023_20440	ko:K00255
psiv:LZ023_20445	ko:K01782
psiv:LZ023_20450	ko:K00626
psiv:LZ023_20455	ko:K00626
psiv:LZ023_20480	ko:K15866
psiv:LZ023_20490	ko:K01682
psiv:LZ023_20500	ko:K23777
psiv:LZ023_20505	ko:K09788
psiv:LZ023_20520	ko:K20455
psiv:LZ023_20525	ko:K01659
psiv:LZ023_20530	ko:K03417
psiv:LZ023_20540	ko:K11477
psiv:LZ023_20545	ko:K11473
psiv:LZ023_20550	ko:K11472
psiv:LZ023_20555	ko:K00104
psiv:LZ023_20560	ko:K11474
psiv:LZ023_20565	ko:K07267
psiv:LZ023_20605	ko:K08323
psiv:LZ023_20615	ko:K00046
psiv:LZ023_20620	ko:K08194
psiv:LZ023_20625	ko:K00098
psiv:LZ023_20630	ko:K00874
psiv:LZ023_20645	ko:K12070
psiv:LZ023_20705	ko:K03574
psiv:LZ023_20715	ko:K07493
psiv:LZ023_20785	ko:K04091
psiv:LZ023_20790	ko:K04091
psiv:LZ023_20800	ko:K24116
psiv:LZ023_20805	ko:K02014
psiv:LZ023_20820	ko:K02035
psiv:LZ023_20825	ko:K02033
psiv:LZ023_20830	ko:K02034
psiv:LZ023_20835	ko:K02031
psiv:LZ023_20835	ko:K02032
psiv:LZ023_20840	ko:K24116
psiv:LZ023_20855	ko:K12071
psiv:LZ023_20890	ko:K03630
psiv:LZ023_20905	ko:K03169
psiv:LZ023_20920	ko:K03111
psiv:LZ023_20950	ko:K12055
psiv:LZ023_20955	ko:K07733
psiv:LZ023_20970	ko:K07484
psiv:LZ023_21035	ko:K07497
psiv:LZ023_21055	ko:K00148
psiv:LZ023_21105	ko:K18297
psiv:LZ023_21130	ko:K10844
psiv:LZ023_21135	ko:K01835
psiv:LZ023_21140	ko:K06911
psiv:LZ023_21155	ko:K03406
psiv:LZ023_21160	ko:K12252
psiv:LZ023_21165	ko:K19734
psiv:LZ023_21170	ko:K22956
psiv:LZ023_21185	ko:K01714
psiv:LZ023_21200	ko:K00163
psiv:LZ023_21220	ko:K07277
psiv:LZ023_21225	ko:K02483
psiv:LZ023_21230	ko:K02484
psiv:LZ023_21245	ko:K08195
psiv:LZ023_21265	ko:K16088
psiv:LZ023_21270	ko:K07214
psiv:LZ023_21275	ko:K05375
psiv:LZ023_21280	ko:K02364
psiv:LZ023_21295	ko:K01759
psiv:LZ023_21300	ko:K01425
psiv:LZ023_21310	ko:K01247
psiv:LZ023_21325	ko:K16088
psiv:LZ023_21335	ko:K03406
psiv:LZ023_21340	ko:K00032
psiv:LZ023_21350	ko:K11441
psiv:LZ023_21360	ko:K02525
psiv:LZ023_21380	ko:K08161
psiv:LZ023_21390	ko:K03574
psiv:LZ023_21400	ko:K00156
psiv:LZ023_21425	ko:K09788
psiv:LZ023_21430	ko:K20455
psiv:LZ023_21435	ko:K01659
psiv:LZ023_21440	ko:K03417
psiv:LZ023_21450	ko:K00567
psiv:LZ023_21455	ko:K00878
psiv:LZ023_21460	ko:K26605
psiv:LZ023_21465	ko:K26606
psiv:LZ023_21470	ko:K00355
psiv:LZ023_21480	ko:K00027
psiv:LZ023_21485	ko:K06192
psiv:LZ023_21495	ko:K03307
psiv:LZ023_21505	ko:K01003
psiv:LZ023_21510	ko:K01990
psiv:LZ023_21515	ko:K01992
psiv:LZ023_21535	ko:K02031
psiv:LZ023_21535	ko:K02032
psiv:LZ023_21540	ko:K02034
psiv:LZ023_21545	ko:K02033
psiv:LZ023_21550	ko:K02035
psiv:LZ023_21555	ko:K02014
psiv:LZ023_21595	ko:K03782
psiv:LZ023_21600	ko:K03406
psiv:LZ023_21620	ko:K01194
psiv:LZ023_21625	ko:K03781
psiv:LZ023_21630	ko:K06867
psiv:LZ023_21640	ko:K02483
psiv:LZ023_21655	ko:K07552
psiv:LZ023_21660	ko:K12979
psiv:LZ023_21670	ko:K08319
psiv:LZ023_21675	ko:K21948
psiv:LZ023_21680	ko:K22130
psiv:LZ023_21685	ko:K03299
psiv:LZ023_21690	ko:K22131
psiv:LZ023_21705	ko:K15553
psiv:LZ023_21725	ko:K00826
psiv:LZ023_21730	ko:K16088
psiv:LZ023_21750	ko:K02647
psiv:LZ023_21755	ko:K00865
psiv:LZ023_21800	ko:K11209
psiv:LZ023_21805	ko:K03406
psiv:LZ023_21810	ko:K02040
psiv:LZ023_21815	ko:K02040
psiv:LZ023_21820	ko:K02014
psiv:LZ023_21830	ko:K00799
psiv:LZ023_21835	ko:K02030
psiv:LZ023_21840	ko:K02014
psiv:LZ023_21845	ko:K07165
psiv:LZ023_21865	ko:K08169
psiv:LZ023_21880	ko:K03088
psiv:LZ023_21890	ko:K00123
psiv:LZ023_21895	ko:K00124
psiv:LZ023_21900	ko:K00127
psiv:LZ023_21905	ko:K02380
psiv:LZ023_21915	ko:K13816
psiv:LZ023_21920	ko:K01042
psiv:LZ023_21925	ko:K03833
psiv:LZ023_21935	ko:K14238
psiv:LZ023_21940	ko:K02014
psiv:LZ023_21955	ko:K28525
psiv:LZ023_21960	ko:K15553
psiv:LZ023_21970	ko:K24700
psiv:LZ023_21975	ko:K04091
psiv:LZ023_21995	ko:K02014
psiv:LZ023_22000	ko:K02029
psiv:LZ023_22005	ko:K02028
psiv:LZ023_22010	ko:K02030
psiv:LZ023_22015	ko:K00274
psiv:LZ023_22045	ko:K15553
psiv:LZ023_22055	ko:K24847
psiv:LZ023_22075	ko:K07552
psiv:LZ023_22090	ko:K18900
psiv:LZ023_22095	ko:K00059
psiv:LZ023_22110	ko:K09136
psiv:LZ023_22120	ko:K16137
psiv:LZ023_22125	ko:K07124
psiv:LZ023_22135	ko:K21645
psiv:LZ023_22140	ko:K22209
psiv:LZ023_22145	ko:K11103
psiv:LZ023_22150	ko:K16088
psiv:LZ023_22165	ko:K29125
psiv:LZ023_22175	ko:K02014
psiv:LZ023_22185	ko:K03863
psiv:LZ023_22190	ko:K03862
psiv:LZ023_22225	ko:K15060
psiv:LZ023_22230	ko:K02051
psiv:LZ023_22235	ko:K18093
psiv:LZ023_22255	ko:K02019
psiv:LZ023_22260	ko:K08994
psiv:LZ023_22285	ko:K00209
psiv:LZ023_22305	ko:K18300
psiv:LZ023_22310	ko:K18299
psiv:LZ023_22315	ko:K18298
psiv:LZ023_22355	ko:K08194
psiv:LZ023_22360	ko:K21883
psiv:LZ023_22370	ko:K13877
psiv:LZ023_22375	ko:K14657
psiv:LZ023_22395	ko:K26181
psiv:LZ023_22400	ko:K26179
psiv:LZ023_22430	ko:K07003
psiv:LZ023_22440	ko:K26185
psiv:LZ023_22445	ko:K26183
psiv:LZ023_22455	ko:K00799
psiv:LZ023_22460	ko:K01247
psiv:LZ023_22475	ko:K03496
psiv:LZ023_22480	ko:K04487
psiv:LZ023_22485	ko:K07404
psiv:LZ023_22490	ko:K23107
psiv:LZ023_22495	ko:K00800
psiv:LZ023_22520	ko:K03321
psiv:LZ023_22525	ko:K00035
psiv:LZ023_22530	ko:K00135
psiv:LZ023_22535	ko:K15553
psiv:LZ023_22540	ko:K15554
psiv:LZ023_22545	ko:K15555
psiv:LZ023_22560	ko:K06221
psiv:LZ023_22565	ko:K03566
psiv:LZ023_22570	ko:K01997
psiv:LZ023_22575	ko:K01998
psiv:LZ023_22580	ko:K01995
psiv:LZ023_22585	ko:K01995
psiv:LZ023_22590	ko:K01996
psiv:LZ023_22595	ko:K01999
psiv:LZ023_22605	ko:K06016
psiv:LZ023_22610	ko:K03710
psiv:LZ023_22615	ko:K02049
psiv:LZ023_22620	ko:K02051
psiv:LZ023_22640	ko:K15553
psiv:LZ023_22645	ko:K02014
psiv:LZ023_22655	ko:K02035
psiv:LZ023_22660	ko:K02033
psiv:LZ023_22665	ko:K02034
psiv:LZ023_22670	ko:K02031
psiv:LZ023_22670	ko:K02032
psiv:LZ023_22695	ko:K19577
psiv:LZ023_22770	ko:K07729
psiv:LZ023_22785	ko:K03724
psiv:LZ023_22825	ko:K00847
psiv:LZ023_22830	ko:K15551
psiv:LZ023_22835	ko:K00381
psiv:LZ023_22845	ko:K00425
psiv:LZ023_22850	ko:K00426
psiv:LZ023_22860	ko:K23514
psiv:LZ023_22865	ko:K07165
psiv:LZ023_22870	ko:K02014
psiv:LZ023_22880	ko:K13444
psiv:LZ023_22885	ko:K05549
psiv:LZ023_22890	ko:K05550
psiv:LZ023_22895	ko:K05784
psiv:LZ023_22900	ko:K05783
psiv:LZ023_22920	ko:K06950
psiv:LZ023_22940	ko:K06518
psiv:LZ023_22950	ko:K18893
psiv:LZ023_22980	ko:K03786
psiv:LZ023_23135	ko:K03657
psiv:LZ023_23215	ko:K07497
psiv:LZ023_23220	ko:K08998
psiv:LZ023_23230	ko:K16140
psiv:LZ023_23240	ko:K03535
psiv:LZ023_23245	ko:K20023
psiv:LZ023_23250	ko:K03535
psiv:LZ023_23255	ko:K06145
psiv:LZ023_23270	ko:K21826
psiv:LZ023_23285	ko:K01623
psiv:LZ023_23300	ko:K02069
psiv:LZ023_23305	ko:K02068
psiv:LZ023_23325	ko:K27108
psiv:LZ023_23335	ko:K16165
psiv:LZ023_23360	ko:K01703
psiv:LZ023_23365	ko:K01704
psiv:LZ023_23370	ko:K16135
psiv:LZ023_23375	ko:K01561
psiv:LZ023_23380	ko:K03322
psiv:LZ023_23390	ko:K07156
psiv:LZ023_23395	ko:K07245
psiv:LZ023_23400	ko:K00375
psiv:LZ023_23425	ko:K06147
psiv:LZ023_23435	ko:K02031
psiv:LZ023_23435	ko:K02032
psiv:LZ023_23440	ko:K02034
psiv:LZ023_23445	ko:K02033
psiv:LZ023_23450	ko:K02035
psiv:LZ023_23475	ko:K05795
psiv:LZ023_23480	ko:K05795
psiv:LZ023_23485	ko:K05794
psiv:LZ023_23490	ko:K05793
psiv:LZ023_23495	ko:K05792
psiv:LZ023_23500	ko:K05791
psiv:LZ023_23575	ko:K03785
psiv:LZ023_23595	ko:K00615
psiv:LZ023_23600	ko:K00615
psiv:LZ023_23610	ko:K02453
psiv:LZ023_23620	ko:K02462
psiv:LZ023_23625	ko:K02461
psiv:LZ023_23630	ko:K02460
psiv:LZ023_23635	ko:K02459
psiv:LZ023_23640	ko:K02458
psiv:LZ023_23645	ko:K02457
psiv:LZ023_23650	ko:K02456
psiv:LZ023_23655	ko:K02455
psiv:LZ023_23660	ko:K02454
psiv:LZ023_23670	ko:K05349
psiv:LZ023_23675	ko:K02453
psiv:LZ023_23685	ko:K02462
psiv:LZ023_23690	ko:K02461
psiv:LZ023_23695	ko:K02460
psiv:LZ023_23700	ko:K02459
psiv:LZ023_23705	ko:K02458
psiv:LZ023_23710	ko:K02457
psiv:LZ023_23715	ko:K02456
psiv:LZ023_23720	ko:K02455
psiv:LZ023_23725	ko:K02454
psiv:LZ023_23735	ko:K05349
psiv:LZ023_23745	ko:K26937
psiv:LZ023_23750	ko:K03406
psiv:LZ023_23755	ko:K01652
psiv:LZ023_23800	ko:K19577
psiv:LZ023_23825	ko:K07090
psiv:LZ023_23840	ko:K16137
psiv:LZ023_23850	ko:K02014
psiv:LZ023_23865	ko:K01265
psiv:LZ023_23885	ko:K01166
psiv:LZ023_23890	ko:K02336
psiv:LZ023_23895	ko:K08304
psiv:LZ023_23910	ko:K19745
psiv:LZ023_23915	ko:K16137
psiv:LZ023_23920	ko:K02020
psiv:LZ023_23925	ko:K02018
psiv:LZ023_23930	ko:K02017
psiv:LZ023_23940	ko:K19577
psiv:LZ023_23950	ko:K03169
psiv:LZ023_23965	ko:K06940
psiv:LZ023_23990	ko:K18650
psiv:LZ023_23995	ko:K02031
psiv:LZ023_24000	ko:K02034
psiv:LZ023_24005	ko:K02035
psiv:LZ023_24010	ko:K02033
psiv:LZ023_24015	ko:K02035
psiv:LZ023_24025	ko:K22110
psiv:LZ023_24030	ko:K18981
psiv:LZ023_24050	ko:K01438
psiv:LZ023_24075	ko:K14267
psiv:LZ023_24080	ko:K23670
psiv:LZ023_24090	ko:K03281
psiv:LZ023_24105	ko:K01698
psiv:LZ023_24110	ko:K01921
psiv:LZ023_24125	ko:K11103
psiv:LZ023_24130	ko:K03543
psiv:LZ023_24150	ko:K03446
psiv:LZ023_24160	ko:K00131
psiv:LZ023_24175	ko:K00626
psiv:LZ023_24180	ko:K19813
psiv:LZ023_24185	ko:K23274
psiv:LZ023_24195	ko:K03639
psiv:LZ023_24205	ko:K02015
psiv:LZ023_24210	ko:K02013
psiv:LZ023_24215	ko:K02014
psiv:LZ023_24220	ko:K02016
psiv:LZ023_24230	ko:K14162
psiv:LZ023_24235	ko:K14161
psiv:LZ023_24240	ko:K14160
psiv:LZ023_24245	ko:K01356
psiv:LZ023_24250	ko:K05275
psiv:LZ023_24260	ko:K00010
psiv:LZ023_24265	ko:K02529
psiv:LZ023_24280	ko:K17213
psiv:LZ023_24285	ko:K09017
psiv:LZ023_24290	ko:K09018
psiv:LZ023_24295	ko:K09020
psiv:LZ023_24300	ko:K09021
psiv:LZ023_24305	ko:K09023
psiv:LZ023_24325	ko:K07267
psiv:LZ023_24335	ko:K26183
psiv:LZ023_24340	ko:K16171
psiv:LZ023_24385	ko:K10974
psiv:LZ023_24390	ko:K01485
psiv:LZ023_24410	ko:K18139
psiv:LZ023_24435	ko:K05685
psiv:LZ023_24440	ko:K13888
psiv:LZ023_24450	ko:K20330
psiv:LZ023_24455	ko:K18139
psiv:LZ023_24465	ko:K00276
psiv:LZ023_24470	ko:K02616
psiv:LZ023_24475	ko:K02617
psiv:LZ023_24480	ko:K14063
psiv:LZ023_24485	ko:K22474
psiv:LZ023_24490	ko:K22473
psiv:LZ023_24495	ko:K00146
psiv:LZ023_24500	ko:K01692
psiv:LZ023_24505	ko:K15866
psiv:LZ023_24510	ko:K00074
psiv:LZ023_24515	ko:K02614
psiv:LZ023_24520	ko:K01912
psiv:LZ023_24525	ko:K02609
psiv:LZ023_24530	ko:K02610
psiv:LZ023_24535	ko:K02611
psiv:LZ023_24540	ko:K02612
psiv:LZ023_24545	ko:K02613
psiv:LZ023_24550	ko:K02618
psiv:LZ023_24555	ko:K04033
psiv:LZ023_24560	ko:K14657
psiv:LZ023_24565	ko:K07304
psiv:LZ023_24595	ko:K03809
psiv:LZ023_24600	ko:K02077
psiv:LZ023_24605	ko:K02075
psiv:LZ023_24610	ko:K02074
psiv:LZ023_24615	ko:K09007
psiv:LZ023_24620	ko:K09964
psiv:LZ023_24630	ko:K01713
psiv:LZ023_24635	ko:K08994
psiv:LZ023_24640	ko:K07090
psiv:LZ023_24645	ko:K03101
psiv:LZ023_24665	ko:K08159
psiv:LZ023_24670	ko:K07010
psiv:LZ023_24685	ko:K08482
psiv:LZ023_24705	ko:K13589
psiv:LZ023_24715	ko:K03412
psiv:LZ023_24720	ko:K00575
psiv:LZ023_24750	ko:K10227
psiv:LZ023_24755	ko:K10228
psiv:LZ023_24760	ko:K10229
psiv:LZ023_24800	ko:K01759
psiv:LZ023_24805	ko:K03387
psiv:LZ023_24810	ko:K24119
psiv:LZ023_24815	ko:K07345
psiv:LZ023_24820	ko:K07347
psiv:LZ023_24825	ko:K15540
psiv:LZ023_24830	ko:K07345
psiv:LZ023_24835	ko:K00383
psiv:LZ023_24840	ko:K00963
psiv:LZ023_24875	ko:K03919
psiv:LZ023_24885	ko:K07264
psiv:LZ023_24895	ko:K27078
psiv:LZ023_24900	ko:K07347
psiv:LZ023_24905	ko:K07346
psiv:LZ023_24910	ko:K27078
psiv:LZ023_24925	ko:K16165
psiv:LZ023_24930	ko:K08194
psiv:LZ023_24945	ko:K10680
psiv:LZ023_24975	ko:K06966
psiv:LZ023_25005	ko:K15746
psiv:LZ023_25015	ko:K03446
psiv:LZ023_25020	ko:K03543
psiv:LZ023_25025	ko:K23777
psiv:LZ023_25030	ko:K02049
psiv:LZ023_25035	ko:K02050
psiv:LZ023_25040	ko:K03281
psiv:LZ023_25045	ko:K03929
psiv:LZ023_25050	ko:K05800
psiv:LZ023_25060	ko:K01004
psiv:LZ023_25065	ko:K07402
psiv:LZ023_25075	ko:K07303
psiv:LZ023_25080	ko:K07302
psiv:LZ023_25105	ko:K05834
psiv:LZ023_25140	ko:K07089
psiv:LZ023_25145	ko:K06917
psiv:LZ023_25150	ko:K01008
psiv:LZ023_25160	ko:K11177
psiv:LZ023_25165	ko:K11178
psiv:LZ023_25170	ko:K13483
psiv:LZ023_25190	ko:K01754
psiv:LZ023_25195	ko:K07506
psiv:LZ023_25210	ko:K00216
psiv:LZ023_25215	ko:K01252
psiv:LZ023_25220	ko:K02363
psiv:LZ023_25225	ko:K02361
psiv:LZ023_25230	ko:K23185
psiv:LZ023_25235	ko:K08225
psiv:LZ023_25240	ko:K23186
psiv:LZ023_25245	ko:K23187
psiv:LZ023_25250	ko:K23188
psiv:LZ023_25265	ko:K06131
psiv:LZ023_25270	ko:K07027
psiv:LZ023_25280	ko:K07664
psiv:LZ023_25285	ko:K07642
psiv:LZ023_25290	ko:K13979
psiv:LZ023_25305	ko:K00457
psiv:LZ023_25315	ko:K23243
psiv:LZ023_25320	ko:K13936
psiv:LZ023_25325	ko:K19267
psiv:LZ023_25335	ko:K09857
psiv:LZ023_25340	ko:K06192
psiv:LZ023_25345	ko:K03808
psiv:LZ023_25350	ko:K03808
psiv:LZ023_25355	ko:K10538
psiv:LZ023_25360	ko:K10539
psiv:LZ023_25365	ko:K10537
psiv:LZ023_25375	ko:K01785
psiv:LZ023_25380	ko:K05515
psiv:LZ023_25385	ko:K11475
psiv:LZ023_25400	ko:K02483
psiv:LZ023_25420	ko:K01737
psiv:LZ023_25425	ko:K03406
psiv:LZ023_25430	ko:K01985
psiv:LZ023_25435	ko:K01980
psiv:LZ023_25440	ko:K14218
psiv:LZ023_25445	ko:K14227
psiv:LZ023_25450	ko:K01977
psiv:LZ023_25455	ko:K11939
psiv:LZ023_25475	ko:K01262
psiv:LZ023_25485	ko:K26580
psiv:LZ023_25490	ko:K12661
psiv:LZ023_25495	ko:K02510
psiv:LZ023_25500	ko:K07248
psiv:LZ023_25505	ko:K07046
psiv:LZ023_25510	ko:K03534
psiv:LZ023_25515	ko:K02856
psiv:LZ023_25520	ko:K18337
psiv:LZ023_25545	ko:K03535
psiv:LZ023_25585	ko:K01011
psiv:LZ023_25610	ko:K05349
psiv:LZ023_25615	ko:K09024
psiv:LZ023_25620	ko:K01619
psiv:LZ023_25625	ko:K00758
psiv:LZ023_25630	ko:K03317
psiv:LZ023_25635	ko:K01489
psiv:LZ023_25640	ko:K05517
psiv:LZ023_25655	ko:K08224
psiv:LZ023_25660	ko:K07644
psiv:LZ023_25665	ko:K07665
psiv:LZ023_25675	ko:K07127
psiv:LZ023_25690	ko:K03446
psiv:LZ023_25695	ko:K03543
psiv:LZ023_25700	ko:K18904
psiv:LZ023_25710	ko:K18479
psiv:LZ023_25730	ko:K25272
psiv:LZ023_25745	ko:K23492
psiv:LZ023_25760	ko:K02508
psiv:LZ023_25765	ko:K05921
psiv:LZ023_25770	ko:K05921
psiv:LZ023_25775	ko:K00151
psiv:LZ023_25780	ko:K00455
psiv:LZ023_25785	ko:K01826
psiv:LZ023_25795	ko:K02510
psiv:LZ023_25835	ko:K15554
psiv:LZ023_25840	ko:K15555
psiv:LZ023_25845	ko:K01207
psiv:LZ023_25850	ko:K15553
psiv:LZ023_25855	ko:K02014
psiv:LZ023_25860	ko:K07165
psiv:LZ023_25865	ko:K23514
psiv:LZ023_25885	ko:K06221
psiv:LZ023_25905	ko:K07160
psiv:LZ023_25915	ko:K04750
psiv:LZ023_25925	ko:K17989
psiv:LZ023_25975	ko:K12262
psiv:LZ023_26005	ko:K07666
psiv:LZ023_26010	ko:K07645
psiv:LZ023_26015	ko:K00799
psiv:LZ023_26065	ko:K09925
psiv:LZ023_26105	ko:K00694
psiv:LZ023_26110	ko:K20541
psiv:LZ023_26115	ko:K20542
psiv:LZ023_26120	ko:K20543
psiv:LZ023_26135	ko:K19294
psiv:LZ023_26140	ko:K19295
psiv:LZ023_26150	ko:K01584
psiv:LZ023_26155	ko:K03756
psiv:LZ023_26170	ko:K16839
psiv:LZ023_26175	ko:K03281
psiv:LZ023_26180	ko:K00014
psiv:LZ023_26200	ko:K00077
psiv:LZ023_26210	ko:K11477
psiv:LZ023_26220	ko:K06152
psiv:LZ023_26225	ko:K06151
psiv:LZ023_26235	ko:K02529
psiv:LZ023_26240	ko:K06152
psiv:LZ023_26245	ko:K06151
psiv:LZ023_26255	ko:K07267
psiv:LZ023_26270	ko:K07116
psiv:LZ023_26285	ko:K13888
psiv:LZ023_26295	ko:K18139
psiv:LZ023_26315	ko:K00817
psiv:LZ023_26320	ko:K03896
psiv:LZ023_26325	ko:K03896
psiv:LZ023_26330	ko:K10531
psiv:LZ023_26335	ko:K06160
psiv:LZ023_26340	ko:K16088
psiv:LZ023_26370	ko:K05375
psiv:LZ023_26375	ko:K00836
psiv:LZ023_26385	ko:K23124
psiv:LZ023_26390	ko:K23123
psiv:LZ023_26395	ko:K07160
psiv:LZ023_26405	ko:K03701
psiv:LZ023_26410	ko:K00034
psiv:LZ023_26420	ko:K03563
psiv:LZ023_26435	ko:K11354
psiv:LZ023_26460	ko:K14228
psiv:LZ023_26465	ko:K14744
psiv:LZ023_26575	ko:K09960
psiv:LZ023_26585	ko:K09961
psiv:LZ023_26645	ko:K14220
psiv:LZ023_26700	ko:K07729
psiv:LZ023_26815	ko:K00558
psiv:LZ023_26865	ko:K14222
psiv:LZ023_26875	ko:K07733
psiv:LZ023_26880	ko:K12055
psiv:LZ023_26915	ko:K03111
psiv:LZ023_26920	ko:K03169
psiv:LZ023_26925	ko:K00558
psiv:LZ023_27035	ko:K12071
psiv:LZ023_27070	ko:K22399
psiv:LZ023_27185	ko:K12070
psiv:LZ023_27225	ko:K02529
psiv:LZ023_27235	ko:K06151
psiv:LZ023_27240	ko:K06152
psiv:LZ023_27260	ko:K03535
psiv:LZ023_27265	ko:K01686
psiv:LZ023_27270	ko:K08191
psiv:LZ023_27275	ko:K08191
psiv:LZ023_27290	ko:K20023
psiv:LZ023_27295	ko:K08194
psiv:LZ023_27305	ko:K18981
psiv:LZ023_27310	ko:K03535
psiv:LZ023_27315	ko:K26399
psiv:LZ023_27320	ko:K26399
psiv:LZ023_27365	ko:K01265
psiv:LZ023_27375	ko:K16088
psiv:LZ023_27380	ko:K18306
psiv:LZ023_27385	ko:K18307
psiv:LZ023_27400	ko:K03711
psiv:LZ023_27405	ko:K12976
psiv:LZ023_27420	ko:K03711
psiv:LZ023_27465	ko:K14225
psiv:LZ023_27470	ko:K00995
psiv:LZ023_27475	ko:K03703
psiv:LZ023_27480	ko:K07689
psiv:LZ023_27500	ko:K01626
psiv:LZ023_27505	ko:K03769
psiv:LZ023_27510	ko:K13893
psiv:LZ023_27515	ko:K13894
psiv:LZ023_27520	ko:K13895
psiv:LZ023_27525	ko:K13896
psiv:LZ023_27530	ko:K00019
psiv:LZ023_27535	ko:K02670
psiv:LZ023_27545	ko:K03769
psiv:LZ023_27560	ko:K01971
psiv:LZ023_27580	ko:K05834
psiv:LZ023_27610	ko:K05520
psiv:LZ023_27615	ko:K26063
psiv:LZ023_27645	ko:K13580
psiv:LZ023_27650	ko:K03405
psiv:LZ023_27655	ko:K02230
psiv:LZ023_27665	ko:K02189
psiv:LZ023_27670	ko:K05936
psiv:LZ023_27680	ko:K11103
psiv:LZ023_27685	ko:K00018
psiv:LZ023_27695	ko:K01640
psiv:LZ023_27700	ko:K18313
psiv:LZ023_27710	ko:K07400
psiv:LZ023_27725	ko:K00548
psiv:LZ023_27735	ko:K00381
psiv:LZ023_27755	ko:K04774
psiv:LZ023_27770	ko:K07243
psiv:LZ023_27780	ko:K16301
psiv:LZ023_27785	ko:K07224
psiv:LZ023_27800	ko:K07224
psiv:LZ023_27815	ko:K07090
psiv:LZ023_27820	ko:K03426
psiv:LZ023_27840	ko:K00036
psiv:LZ023_27845	ko:K00033
psiv:LZ023_27860	ko:K00703
psiv:LZ023_27865	ko:K01236
psiv:LZ023_27870	ko:K00705
psiv:LZ023_27875	ko:K06044
psiv:LZ023_27885	ko:K01214
psiv:LZ023_27915	ko:K26148
psiv:LZ023_27930	ko:K11717
psiv:LZ023_27940	ko:K11737
psiv:LZ023_27945	ko:K13896
psiv:LZ023_27950	ko:K13895
psiv:LZ023_27970	ko:K13894
psiv:LZ023_27975	ko:K13893
psiv:LZ023_27980	ko:K02014
psiv:LZ023_27985	ko:K07165
psiv:LZ023_27990	ko:K23514
psiv:LZ023_27995	ko:K02014
psiv:LZ023_28000	ko:K10004
psiv:LZ023_28005	ko:K02029
psiv:LZ023_28010	ko:K02029
psiv:LZ023_28015	ko:K02030
psiv:LZ023_28035	ko:K02014
psiv:LZ023_28040	ko:K01273
psiv:LZ023_28045	ko:K01187
psiv:LZ023_28050	ko:K08191
psiv:LZ023_28060	ko:K01011
psiv:LZ023_28065	ko:K02014
psiv:LZ023_28070	ko:K14155
psiv:LZ023_28075	ko:K02031
psiv:LZ023_28080	ko:K02032
psiv:LZ023_28095	ko:K02035
psiv:LZ023_28100	ko:K02034
psiv:LZ023_28105	ko:K02033
psiv:LZ023_28110	ko:K02035
psiv:LZ023_28130	ko:K15553
psiv:LZ023_28135	ko:K02014
psiv:LZ023_28145	ko:K02030
psiv:LZ023_28155	ko:K07217
psiv:LZ023_28160	ko:K13688
psiv:LZ023_28170	ko:K06609
psiv:LZ023_28175	ko:K11921
psiv:LZ023_28180	ko:K01725
psiv:LZ023_28185	ko:K09958
psiv:LZ023_28195	ko:K04090
psiv:LZ023_28205	ko:K06991
psiv:LZ023_28210	ko:K05800
psiv:LZ023_28230	ko:K03781
psiv:LZ023_28255	ko:K25155
psiv:LZ023_28260	ko:K25156
psiv:LZ023_28275	ko:K00613
psiv:LZ023_28280	ko:K00797
psiv:LZ023_28285	ko:K01611
psiv:LZ023_28290	ko:K27078
psiv:LZ023_28295	ko:K07347
psiv:LZ023_28300	ko:K07346
psiv:LZ023_28305	ko:K27078
psiv:LZ023_28310	ko:K27078
psiv:LZ023_28315	ko:K27078
psiv:LZ023_28320	ko:K27078
psiv:LZ023_28345	ko:K05835
psiv:LZ023_28350	ko:K06916
psiv:LZ023_28360	ko:K01908
psiv:LZ023_28380	ko:K06940
psiv:LZ023_28390	ko:K02036
psiv:LZ023_28395	ko:K02038
psiv:LZ023_28400	ko:K02037
psiv:LZ023_28405	ko:K02040
psiv:LZ023_28425	ko:K13609
psiv:LZ023_28455	ko:K09800
psiv:LZ023_28460	ko:K07278
psiv:LZ023_28490	ko:K01142
psiv:LZ023_28500	ko:K02040
psiv:LZ023_28505	ko:K00249
psiv:LZ023_28520	ko:K01640
psiv:LZ023_28525	ko:K00253
psiv:LZ023_28530	ko:K01969
psiv:LZ023_28535	ko:K13766
psiv:LZ023_28540	ko:K01968
psiv:LZ023_28545	ko:K00432
psiv:LZ023_28555	ko:K01093
psiv:LZ023_28565	ko:K03559
psiv:LZ023_28570	ko:K03561
psiv:LZ023_28620	ko:K15268
psiv:LZ023_28625	ko:K06893
psiv:LZ023_28650	ko:K15553
psiv:LZ023_28655	ko:K15554
psiv:LZ023_28665	ko:K18335
psiv:LZ023_28670	ko:K18336
psiv:LZ023_28675	ko:K22025
psiv:LZ023_28685	ko:K00042
psiv:LZ023_28690	ko:K22186
psiv:LZ023_28700	ko:K19609
psiv:LZ023_28705	ko:K19610
psiv:LZ023_28710	ko:K19611
psiv:LZ023_28725	ko:K03300
psiv:LZ023_28735	ko:K00058
psiv:LZ023_28745	ko:K03574
psiv:LZ023_28775	ko:K03430
psiv:LZ023_28780	ko:K05306
psiv:LZ023_28785	ko:K19784
psiv:LZ023_28805	ko:K02342
psiv:LZ023_28810	ko:K14155
psiv:LZ023_28815	ko:K14155
psiv:LZ023_28820	ko:K03469
psiv:LZ023_28830	ko:K01069
psiv:LZ023_28835	ko:K08307
psiv:LZ023_28850	ko:K02014
psiv:LZ023_28855	ko:K13893
psiv:LZ023_28860	ko:K13893
psiv:LZ023_28865	ko:K13894
psiv:LZ023_28870	ko:K13895
psiv:LZ023_28875	ko:K13896
psiv:LZ023_28885	ko:K07305
psiv:LZ023_28895	ko:K00046
psiv:LZ023_28900	ko:K00014
psiv:LZ023_28905	ko:K08173
psiv:LZ023_28915	ko:K07493
psiv:LZ023_28930	ko:K11003
psiv:LZ023_28935	ko:K11004
psiv:LZ023_28940	ko:K06999
psiv:LZ023_28975	ko:K03750
psiv:LZ023_28980	ko:K03638
psiv:LZ023_28985	ko:K03752
psiv:LZ023_28995	ko:K14232
psiv:LZ023_29015	ko:K16088
psiv:LZ023_29025	ko:K16074
psiv:LZ023_29030	ko:K03306
psiv:LZ023_29035	ko:K26937
psiv:LZ023_29050	ko:K00529
psiv:LZ023_29055	ko:K05710
psiv:LZ023_29065	ko:K02529
psiv:LZ023_29070	ko:K07345
psiv:LZ023_29075	ko:K07347
psiv:LZ023_29080	ko:K15540
psiv:LZ023_29085	ko:K07345
psiv:LZ023_29090	ko:K07506
psiv:LZ023_29095	ko:K07687
psiv:LZ023_29110	ko:K02014
psiv:LZ023_29125	ko:K03739
psiv:LZ023_29140	ko:K02078
psiv:LZ023_29145	ko:K03762
psiv:LZ023_29175	ko:K19813
psiv:LZ023_29180	ko:K23274
psiv:LZ023_29185	ko:K11477
psiv:LZ023_29190	ko:K01802
psiv:LZ023_29200	ko:K10778
psiv:LZ023_29210	ko:K04047
psiv:LZ023_29215	ko:K13979
psiv:LZ023_29225	ko:K19979
psiv:LZ023_29230	ko:K20424
psiv:LZ023_29240	ko:K19974
psiv:LZ023_29270	ko:K03299
psiv:LZ023_29275	ko:K07090
psiv:LZ023_29280	ko:K17218
psiv:LZ023_29285	ko:K22042
psiv:LZ023_29315	ko:K24160
psiv:LZ023_29325	ko:K08995
psiv:LZ023_29340	ko:K22479
psiv:LZ023_29345	ko:K15553
psiv:LZ023_29350	ko:K15554
psiv:LZ023_29355	ko:K15555
psiv:LZ023_29365	ko:K06177
psiv:LZ023_29390	ko:K03320
psiv:LZ023_29415	ko:K01129
psiv:LZ023_29420	ko:K07690
psiv:LZ023_29425	ko:K07679
psiv:LZ023_29435	ko:K09923
psiv:LZ023_29440	ko:K07259
psiv:LZ023_29450	ko:K12297
psiv:LZ023_29455	ko:K03812
psiv:LZ023_29460	ko:K00254
psiv:LZ023_29465	ko:K03286
psiv:LZ023_29470	ko:K03088
psiv:LZ023_29485	ko:K16074
psiv:LZ023_29490	ko:K02553
psiv:LZ023_29500	ko:K01007
psiv:LZ023_29505	ko:K09773
psiv:LZ023_29510	ko:K01720
psiv:LZ023_29530	ko:K01665
psiv:LZ023_29535	ko:K00390
psiv:LZ023_29540	ko:K13634
psiv:LZ023_29560	ko:K01626
psiv:LZ023_29565	ko:K06975
psiv:LZ023_29575	ko:K19236
psiv:LZ023_29585	ko:K10804
psiv:LZ023_29590	ko:K02003
psiv:LZ023_29595	ko:K02004
psiv:LZ023_29600	ko:K04760
psiv:LZ023_29630	ko:K07003
psiv:LZ023_29660	ko:K01897
psiv:LZ023_29670	ko:K07003
psiv:LZ023_29680	ko:K03820
psiv:LZ023_29700	ko:K19222
psiv:LZ023_29705	ko:K08296
psiv:LZ023_29715	ko:K00057
psiv:LZ023_29720	ko:K20974
psiv:LZ023_29725	ko:K01716
psiv:LZ023_29730	ko:K00647
psiv:LZ023_29750	ko:K04079
psiv:LZ023_29775	ko:K03311
psiv:LZ023_29780	ko:K01902
psiv:LZ023_29785	ko:K01903
psiv:LZ023_29790	ko:K00382
psiv:LZ023_29795	ko:K00658
psiv:LZ023_29800	ko:K00164
psiv:LZ023_29805	ko:K00240
psiv:LZ023_29810	ko:K00239
psiv:LZ023_29815	ko:K00242
psiv:LZ023_29820	ko:K00241
psiv:LZ023_29825	ko:K01647
psiv:LZ023_29835	ko:K06940
psiv:LZ023_29860	ko:K02030
psiv:LZ023_29865	ko:K03522
psiv:LZ023_29870	ko:K03521
psiv:LZ023_29880	ko:K00311
psiv:LZ023_29895	ko:K00145
psiv:LZ023_29940	ko:K08194
psiv:LZ023_29945	ko:K01684
psiv:LZ023_29950	ko:K01631
psiv:LZ023_29955	ko:K00883
psiv:LZ023_29980	ko:K07645
psiv:LZ023_29985	ko:K07666
psiv:LZ023_30005	ko:K22108
psiv:LZ023_30015	ko:K09913
psiv:LZ023_30020	ko:K06147
psiv:LZ023_30030	ko:K03473
psiv:LZ023_30035	ko:K26939
psiv:LZ023_30040	ko:K07667
psiv:LZ023_30045	ko:K07646
psiv:LZ023_30050	ko:K01548
psiv:LZ023_30055	ko:K01547
psiv:LZ023_30060	ko:K01546
psiv:LZ023_30065	ko:K01545
psiv:LZ023_30070	ko:K02483
psiv:LZ023_30110	ko:K15977
psiv:LZ023_30120	ko:K03424
psiv:LZ023_30155	ko:K22452
psiv:LZ023_30165	ko:K03924
psiv:LZ023_30175	ko:K07001
psiv:LZ023_30180	ko:K03924
psiv:LZ023_30195	ko:K07114
psiv:LZ023_30200	ko:K07114
psiv:LZ023_30210	ko:K03547
psiv:LZ023_30225	ko:K03547
psiv:LZ023_30230	ko:K03546
psiv:LZ023_30255	ko:K14223
psiv:LZ023_30260	ko:K13281
psiv:LZ023_30275	ko:K07404
psiv:LZ023_30290	ko:K13877
psiv:LZ023_30305	ko:K13875
psiv:LZ023_30335	ko:K23242
psiv:LZ023_30355	ko:K07483
psiv:LZ023_30360	ko:K07484
psiv:LZ023_30390	ko:K01983
psiv:LZ023_30400	ko:K04080
psiv:LZ023_30415	ko:K01972
psiv:LZ023_30420	ko:K03528
psiv:LZ023_30425	ko:K03529
psiv:LZ023_30435	ko:K13481
psiv:LZ023_30440	ko:K13482
psiv:LZ023_30445	ko:K07402
psiv:LZ023_30450	ko:K01487
psiv:LZ023_30460	ko:K06901
psiv:LZ023_30465	ko:K05834
psiv:LZ023_30475	ko:K07127
psiv:LZ023_30480	ko:K16842
psiv:LZ023_30485	ko:K13485
psiv:LZ023_30490	ko:K01477
psiv:LZ023_30495	ko:K01483
psiv:LZ023_30505	ko:K24206
psiv:LZ023_30515	ko:K07003
psiv:LZ023_30535	ko:K01256
psiv:LZ023_30545	ko:K09916
psiv:LZ023_30550	ko:K02441
psiv:LZ023_30560	ko:K00858
psiv:LZ023_30565	ko:K09977
psiv:LZ023_30570	ko:K12262
psiv:LZ023_30585	ko:K00219
psiv:LZ023_30595	ko:K03303
psiv:LZ023_30630	ko:K14221
psiv:LZ023_30635	ko:K14221
psiv:LZ023_30640	ko:K14237
psiv:LZ023_30650	ko:K10764
psiv:LZ023_30655	ko:K00764
psiv:LZ023_30660	ko:K03558
psiv:LZ023_30665	ko:K03749
psiv:LZ023_30670	ko:K11754
psiv:LZ023_30675	ko:K01963
psiv:LZ023_30680	ko:K01817
psiv:LZ023_30685	ko:K06173
psiv:LZ023_30690	ko:K08086
psiv:LZ023_30700	ko:K00133
psiv:LZ023_30705	ko:K00052
psiv:LZ023_30710	ko:K01704
psiv:LZ023_30715	ko:K01703
psiv:LZ023_30730	ko:K05541
psiv:LZ023_30735	ko:K07107
psiv:LZ023_30750	ko:K14224
psiv:LZ023_30755	ko:K14218
psiv:LZ023_30760	ko:K14224
psiv:LZ023_30765	ko:K14218
psiv:LZ023_30770	ko:K14224
psiv:LZ023_30775	ko:K14218
psiv:LZ023_30780	ko:K14224
psiv:LZ023_30785	ko:K14218
psiv:LZ023_30790	ko:K14224
psiv:LZ023_30795	ko:K14218
psiv:LZ023_30800	ko:K01885
psiv:LZ023_30810	ko:K03408
psiv:LZ023_30815	ko:K03408
psiv:LZ023_30820	ko:K03496
psiv:LZ023_30825	ko:K02557
psiv:LZ023_30830	ko:K02556
psiv:LZ023_30835	ko:K03412
psiv:LZ023_30840	ko:K03407
psiv:LZ023_30845	ko:K03414
psiv:LZ023_30850	ko:K03413
psiv:LZ023_30855	ko:K02405
psiv:LZ023_30860	ko:K04562
psiv:LZ023_30865	ko:K02404
psiv:LZ023_30870	ko:K02400
psiv:LZ023_30880	ko:K02401
psiv:LZ023_30885	ko:K02421
psiv:LZ023_30890	ko:K02420
psiv:LZ023_30895	ko:K02419
psiv:LZ023_30900	ko:K02418
psiv:LZ023_30905	ko:K02417
psiv:LZ023_30910	ko:K02416
psiv:LZ023_30915	ko:K02415
psiv:LZ023_30920	ko:K02414
psiv:LZ023_30925	ko:K20976
psiv:LZ023_30930	ko:K20977
psiv:LZ023_30935	ko:K20978
psiv:LZ023_30940	ko:K02413
psiv:LZ023_30945	ko:K02412
psiv:LZ023_30950	ko:K02411
psiv:LZ023_30955	ko:K02410
psiv:LZ023_30960	ko:K02409
psiv:LZ023_30965	ko:K02408
psiv:LZ023_30970	ko:K10943
psiv:LZ023_30975	ko:K10942
psiv:LZ023_30980	ko:K10941
psiv:LZ023_30985	ko:K02423
psiv:LZ023_30990	ko:K02422
psiv:LZ023_30995	ko:K02407
psiv:LZ023_31000	ko:K06603
psiv:LZ023_31005	ko:K02406
psiv:LZ023_31020	ko:K02003
psiv:LZ023_31025	ko:K02004
psiv:LZ023_31030	ko:K12340
psiv:LZ023_31055	ko:K00648
psiv:LZ023_31070	ko:K15899
psiv:LZ023_31080	ko:K15894
psiv:LZ023_31100	ko:K00980
psiv:LZ023_31105	ko:K21591
psiv:LZ023_31120	ko:K02397
psiv:LZ023_31125	ko:K02396
psiv:LZ023_31130	ko:K02395
psiv:LZ023_31135	ko:K02394
psiv:LZ023_31140	ko:K02393
psiv:LZ023_31145	ko:K02392
psiv:LZ023_31150	ko:K02391
psiv:LZ023_31155	ko:K02390
psiv:LZ023_31160	ko:K02389
psiv:LZ023_31165	ko:K02388
psiv:LZ023_31170	ko:K02387
psiv:LZ023_31175	ko:K00575
psiv:LZ023_31180	ko:K03415
psiv:LZ023_31185	ko:K02386
psiv:LZ023_31190	ko:K02398
psiv:LZ023_31195	ko:K02399
psiv:LZ023_31210	ko:K01985
psiv:LZ023_31215	ko:K01980
psiv:LZ023_31220	ko:K14218
psiv:LZ023_31225	ko:K14227
psiv:LZ023_31230	ko:K01977
psiv:LZ023_31235	ko:K14219
psiv:LZ023_31250	ko:K05774
psiv:LZ023_31265	ko:K06213
psiv:LZ023_31275	ko:K14219
psiv:LZ023_31280	ko:K14219
psiv:LZ023_31285	ko:K14219
psiv:LZ023_31290	ko:K14233
psiv:LZ023_31295	ko:K03563
psiv:LZ023_31300	ko:K00928
psiv:LZ023_31305	ko:K01872
psiv:LZ023_31310	ko:K00794
psiv:LZ023_31315	ko:K05526
psiv:LZ023_31325	ko:K01484
psiv:LZ023_31330	ko:K06447
psiv:LZ023_31335	ko:K00673
psiv:LZ023_31340	ko:K00673
psiv:LZ023_31345	ko:K00840
psiv:LZ023_31350	ko:K21825
psiv:LZ023_31355	ko:K10025
psiv:LZ023_31360	ko:K06987
psiv:LZ023_31365	ko:K10023
psiv:LZ023_31370	ko:K10024
psiv:LZ023_31375	ko:K10022
psiv:LZ023_31380	ko:K01895
psiv:LZ023_31390	ko:K03721
psiv:LZ023_31395	ko:K00500
psiv:LZ023_31400	ko:K01724
psiv:LZ023_31405	ko:K00813
psiv:LZ023_31420	ko:K15034
psiv:LZ023_31425	ko:K11734
psiv:LZ023_31430	ko:K06178
psiv:LZ023_31435	ko:K06938
psiv:LZ023_31445	ko:K05896
psiv:LZ023_31455	ko:K07053
psiv:LZ023_31460	ko:K06190
psiv:LZ023_31465	ko:K09780
psiv:LZ023_31475	ko:K07662
psiv:LZ023_31480	ko:K06006
psiv:LZ023_31495	ko:K03498
psiv:LZ023_31520	ko:K02233
psiv:LZ023_31525	ko:K02226
psiv:LZ023_31530	ko:K00768
psiv:LZ023_31535	ko:K02231
psiv:LZ023_31540	ko:K02232
psiv:LZ023_31545	ko:K02225
psiv:LZ023_31550	ko:K02227
psiv:LZ023_31555	ko:K04719
psiv:LZ023_31560	ko:K02224
psiv:LZ023_31565	ko:K19221
psiv:LZ023_31585	ko:K12410
psiv:LZ023_31590	ko:K10763
psiv:LZ023_31600	ko:K09938
psiv:LZ023_31605	ko:K01933
psiv:LZ023_31610	ko:K11175
psiv:LZ023_31620	ko:K07390
psiv:LZ023_31635	ko:K00611
psiv:LZ023_31640	ko:K02010
psiv:LZ023_31645	ko:K03976
psiv:LZ023_31650	ko:K02440
psiv:LZ023_31655	ko:K00864
psiv:LZ023_31660	ko:K02444
psiv:LZ023_31665	ko:K00111
psiv:LZ023_31680	ko:K10004
psiv:LZ023_31685	ko:K17060
psiv:LZ023_31690	ko:K17061
psiv:LZ023_31705	ko:K07250
psiv:LZ023_31710	ko:K03928
psiv:LZ023_31735	ko:K03576
psiv:LZ023_31745	ko:K03724
psiv:LZ023_31755	ko:K09898
psiv:LZ023_31760	ko:K03563
psiv:LZ023_31765	ko:K09771
psiv:LZ023_31780	ko:K14393
psiv:LZ023_31790	ko:K02002
psiv:LZ023_31820	ko:K04754
psiv:LZ023_31825	ko:K02517
psiv:LZ023_31830	ko:K03610
psiv:LZ023_31835	ko:K03609
psiv:LZ023_31840	ko:K03608
psiv:LZ023_31845	ko:K06177
psiv:LZ023_31860	ko:K22044
psiv:LZ023_31875	ko:K02055
psiv:LZ023_31885	ko:K02054
psiv:LZ023_31890	ko:K02053
psiv:LZ023_31895	ko:K02052
psiv:LZ023_31900	ko:K28842
psiv:LZ023_31905	ko:K05812
psiv:LZ023_31910	ko:K03776
psiv:LZ023_31920	ko:K12255
psiv:LZ023_31940	ko:K03307
psiv:LZ023_31965	ko:K05590
psiv:LZ023_31970	ko:K16053
psiv:LZ023_31975	ko:K25564
psiv:LZ023_32020	ko:K01055
psiv:LZ023_32025	ko:K03767
psiv:LZ023_32030	ko:K18893
psiv:LZ023_32035	ko:K09919
psiv:LZ023_32055	ko:K16872
psiv:LZ023_32075	ko:K01915
psiv:LZ023_32080	ko:K09471
psiv:LZ023_32085	ko:K01897
psiv:LZ023_32090	ko:K01897
psiv:LZ023_32095	ko:K01897
psiv:LZ023_32110	ko:K17865
psiv:LZ023_32125	ko:K03580
psiv:LZ023_32170	ko:K01999
psiv:LZ023_32175	ko:K01997
psiv:LZ023_32180	ko:K01998
psiv:LZ023_32185	ko:K01995
psiv:LZ023_32190	ko:K01996
psiv:LZ023_32205	ko:K08985
psiv:LZ023_32210	ko:K07137
psiv:LZ023_32215	ko:K03313
psiv:LZ023_32220	ko:K06077
psiv:LZ023_32225	ko:K00275
psiv:LZ023_32245	ko:K03722
psiv:LZ023_32260	ko:K08993
psiv:LZ023_32280	ko:K09858
psiv:LZ023_32305	ko:K14742
psiv:LZ023_32310	ko:K00939
psiv:LZ023_32315	ko:K01595
psiv:LZ023_32340	ko:K04045
psiv:LZ023_32350	ko:K06889
psiv:LZ023_32370	ko:K04567
psiv:LZ023_32390	ko:K11444
psiv:LZ023_32395	ko:K13491
psiv:LZ023_32400	ko:K13490
psiv:LZ023_32405	ko:K13489
psiv:LZ023_32410	ko:K13486
psiv:LZ023_32415	ko:K13488
psiv:LZ023_32420	ko:K13487
psiv:LZ023_32425	ko:K01791
psiv:LZ023_32430	ko:K24846
psiv:LZ023_32480	ko:K01953
psiv:LZ023_32505	ko:K05946
psiv:LZ023_32520	ko:K01953
psiv:LZ023_32585	ko:K07126
psiv:LZ023_32590	ko:K16090
psiv:LZ023_32615	ko:K03893
psiv:LZ023_32625	ko:K00137
psiv:LZ023_32630	ko:K02055
psiv:LZ023_32635	ko:K02052
psiv:LZ023_32640	ko:K02054
psiv:LZ023_32645	ko:K00137
psiv:LZ023_32650	ko:K28029
psiv:LZ023_32670	ko:K07462
psiv:LZ023_32690	ko:K07687
psiv:LZ023_32700	ko:K07679
psiv:LZ023_32705	ko:K01733
psiv:LZ023_32710	ko:K00003
psiv:LZ023_32715	ko:K03981
psiv:LZ023_32720	ko:K04763
psiv:LZ023_32730	ko:K02884
psiv:LZ023_32735	ko:K00554
psiv:LZ023_32740	ko:K02860
psiv:LZ023_32745	ko:K02959
psiv:LZ023_32750	ko:K03106
psiv:LZ023_32760	ko:K03699
psiv:LZ023_32770	ko:K08289
psiv:LZ023_32780	ko:K06938
psiv:LZ023_32805	ko:K11017
psiv:LZ023_32810	ko:K11016
psiv:LZ023_32820	ko:K01952
psiv:LZ023_32825	ko:K18691
psiv:LZ023_32830	ko:K11991
psiv:LZ023_32885	ko:K07481
psiv:LZ023_32890	ko:K20266
psiv:LZ023_32895	ko:K07344
psiv:LZ023_32920	ko:K07733
psiv:LZ023_32935	ko:K01951
psiv:LZ023_32940	ko:K00088
psiv:LZ023_32955	ko:K07734
psiv:LZ023_32965	ko:K10531
psiv:LZ023_32970	ko:K00836
psiv:LZ023_32980	ko:K25524
psiv:LZ023_32985	ko:K07090
psiv:LZ023_32990	ko:K06916
psiv:LZ023_32995	ko:K03601
psiv:LZ023_33005	ko:K01649
psiv:LZ023_33010	ko:K13566
psiv:LZ023_33015	ko:K14287
psiv:LZ023_33020	ko:K03977
psiv:LZ023_33025	ko:K17713
psiv:LZ023_33035	ko:K01892
psiv:LZ023_33040	ko:K03526
psiv:LZ023_33045	ko:K15539
psiv:LZ023_33050	ko:K02656
psiv:LZ023_33055	ko:K06941
psiv:LZ023_33060	ko:K00940
psiv:LZ023_33070	ko:K04755
psiv:LZ023_33075	ko:K04044
psiv:LZ023_33080	ko:K04082
psiv:LZ023_33085	ko:K13628
psiv:LZ023_33090	ko:K04488
psiv:LZ023_33095	ko:K04487
psiv:LZ023_33100	ko:K13643
psiv:LZ023_33105	ko:K00640
psiv:LZ023_33110	ko:K15396
psiv:LZ023_33115	ko:K01092
psiv:LZ023_33125	ko:K03074
psiv:LZ023_33130	ko:K03072
psiv:LZ023_33135	ko:K03210
psiv:LZ023_33140	ko:K00773
psiv:LZ023_33145	ko:K07568
psiv:LZ023_33150	ko:K14228
psiv:LZ023_33195	ko:K07165
psiv:LZ023_33200	ko:K16088
psiv:LZ023_33215	ko:K13924
psiv:LZ023_33235	ko:K22468
psiv:LZ023_33255	ko:K14261
psiv:LZ023_33265	ko:K02257
psiv:LZ023_33270	ko:K02300
psiv:LZ023_33275	ko:K02299
psiv:LZ023_33280	ko:K02298
psiv:LZ023_33285	ko:K02297
psiv:LZ023_33290	ko:K03611
psiv:LZ023_33305	ko:K05916
psiv:LZ023_33310	ko:K12266
psiv:LZ023_33315	ko:K03415
psiv:LZ023_33335	ko:K21135
psiv:LZ023_33340	ko:K21133
psiv:LZ023_33345	ko:K07665
psiv:LZ023_33350	ko:K07644
psiv:LZ023_33375	ko:K09954
psiv:LZ023_33380	ko:K01625
psiv:LZ023_33385	ko:K01057
psiv:LZ023_33390	ko:K00036
psiv:LZ023_33395	ko:K19337
psiv:LZ023_33405	ko:K07267
psiv:LZ023_33410	ko:K10112
psiv:LZ023_33415	ko:K17317
psiv:LZ023_33420	ko:K17316
psiv:LZ023_33425	ko:K17315
psiv:LZ023_33430	ko:K18479
psiv:LZ023_33460	ko:K00845
psiv:LZ023_33465	ko:K01690
psiv:LZ023_33470	ko:K00134
psiv:LZ023_33480	ko:K07165
psiv:LZ023_33485	ko:K16087
psiv:LZ023_33490	ko:K07215
psiv:LZ023_33495	ko:K09790
psiv:LZ023_33500	ko:K03406
psiv:LZ023_33525	ko:K03721
psiv:LZ023_33530	ko:K02437
psiv:LZ023_33535	ko:K00281
psiv:LZ023_33540	ko:K01752
psiv:LZ023_33545	ko:K00605
psiv:LZ023_33550	ko:K03704
psiv:LZ023_33560	ko:K07493
psiv:LZ023_33570	ko:K07493
psiv:LZ023_33590	ko:K11720
psiv:LZ023_33595	ko:K07091
psiv:LZ023_33600	ko:K01255
psiv:LZ023_33605	ko:K02339
psiv:LZ023_33615	ko:K01873
psiv:LZ023_33625	ko:K03530
psiv:LZ023_33630	ko:K06899
psiv:LZ023_33655	ko:K07461
psiv:LZ023_33670	ko:K03449
psiv:LZ023_33680	ko:K09972
psiv:LZ023_33685	ko:K09971
psiv:LZ023_33690	ko:K09970
psiv:LZ023_33695	ko:K09969
psiv:LZ023_33700	ko:K06999
psiv:LZ023_33705	ko:K03732
psiv:LZ023_33710	ko:K03635
psiv:LZ023_33715	ko:K03636
psiv:LZ023_33720	ko:K03637
psiv:LZ023_33725	ko:K07175
psiv:LZ023_33735	ko:K09861
psiv:LZ023_33740	ko:K00066
psiv:LZ023_33745	ko:K19290
psiv:LZ023_33750	ko:K19291
psiv:LZ023_33755	ko:K19292
psiv:LZ023_33760	ko:K16081
psiv:LZ023_33765	ko:K01795
psiv:LZ023_33770	ko:K19293
psiv:LZ023_33775	ko:K01729
psiv:LZ023_33780	ko:K19294
psiv:LZ023_33785	ko:K19295
psiv:LZ023_33790	ko:K19296
psiv:LZ023_33795	ko:K16011
psiv:LZ023_33835	ko:K18139
psiv:LZ023_33845	ko:K00090
psiv:LZ023_33865	ko:K23514
psiv:LZ023_33870	ko:K07165
psiv:LZ023_33875	ko:K16091
psiv:LZ023_33890	ko:K28299
psiv:LZ023_33895	ko:K28300
psiv:LZ023_33900	ko:K13256
psiv:LZ023_33905	ko:K09918
psiv:LZ023_33910	ko:K09699
psiv:LZ023_33915	ko:K00167
psiv:LZ023_33920	ko:K00166
psiv:LZ023_33925	ko:K00263
psiv:LZ023_33935	ko:K01800
psiv:LZ023_33940	ko:K01555
psiv:LZ023_33945	ko:K00451
psiv:LZ023_33995	ko:K22491
psiv:LZ023_34000	ko:K09932
psiv:LZ023_34005	ko:K13938
psiv:LZ023_34010	ko:K01495
psiv:LZ023_34015	ko:K07589
psiv:LZ023_34020	ko:K09948
psiv:LZ023_34030	ko:K22345
psiv:LZ023_34035	ko:K03386
psiv:LZ023_34040	ko:K06203
psiv:LZ023_34060	ko:K00432
psiv:LZ023_34065	ko:K03775
psiv:LZ023_34075	ko:K13788
psiv:LZ023_34090	ko:K01069
psiv:LZ023_34105	ko:K05835
psiv:LZ023_34110	ko:K01915
psiv:LZ023_34115	ko:K00018
psiv:LZ023_34120	ko:K00564
psiv:LZ023_34125	ko:K23541
psiv:LZ023_34155	ko:K07286
psiv:LZ023_34160	ko:K00116
psiv:LZ023_34175	ko:K00760
psiv:LZ023_34180	ko:K00761
psiv:LZ023_34185	ko:K02824
psiv:LZ023_34215	ko:K01772
psiv:LZ023_34220	ko:K07071
psiv:LZ023_34225	ko:K18208
psiv:LZ023_34240	ko:K22491
psiv:LZ023_34245	ko:K01669
psiv:LZ023_34255	ko:K06954
psiv:LZ023_34260	ko:K09701
psiv:LZ023_34265	ko:K00574
psiv:LZ023_34275	ko:K12976
psiv:LZ023_34280	ko:K01776
psiv:LZ023_34285	ko:K21029
psiv:LZ023_34290	ko:K02493
psiv:LZ023_34295	ko:K02835
psiv:LZ023_34300	ko:K02492
psiv:LZ023_34310	ko:K02494
psiv:LZ023_34315	ko:K00919
psiv:LZ023_34320	ko:K14223
psiv:LZ023_34325	ko:K00948
psiv:LZ023_34330	ko:K02897
psiv:LZ023_34335	ko:K01056
psiv:LZ023_34340	ko:K06942
psiv:LZ023_34345	ko:K07448
psiv:LZ023_34350	ko:K03566
psiv:LZ023_34355	ko:K01426
psiv:LZ023_34365	ko:K08223
psiv:LZ023_34370	ko:K14230
psiv:LZ023_34385	ko:K07025
psiv:LZ023_34405	ko:K01821
psiv:LZ023_34425	ko:K01673
psiv:LZ023_34435	ko:K03789
psiv:LZ023_34465	ko:K01985
psiv:LZ023_34470	ko:K01980
psiv:LZ023_34475	ko:K14218
psiv:LZ023_34480	ko:K14227
psiv:LZ023_34485	ko:K01977
psiv:LZ023_34505	ko:K09795
psiv:LZ023_34520	ko:K23465
psiv:LZ023_34525	ko:K23463
psiv:LZ023_34535	ko:K23466
psiv:LZ023_34550	ko:K14652
psiv:LZ023_34555	ko:K02055
psiv:LZ023_34560	ko:K02054
psiv:LZ023_34565	ko:K02053
psiv:LZ023_34570	ko:K02052
psiv:LZ023_34575	ko:K23467
psiv:LZ023_34585	ko:K23464
psiv:LZ023_34590	ko:K08191
psiv:LZ023_34595	ko:K18981
psiv:LZ023_34600	ko:K03320
psiv:LZ023_34605	ko:K22083
psiv:LZ023_34610	ko:K22082
psiv:LZ023_34615	ko:K22081
psiv:LZ023_34620	ko:K01915
psiv:LZ023_34630	ko:K01433
psiv:LZ023_34825	ko:K05835
psiv:LZ023_34915	ko:K15598
psiv:LZ023_34920	ko:K15599
psiv:LZ023_34945	ko:K03153
psiv:LZ023_34960	ko:K11607
psiv:LZ023_34970	ko:K11606
psiv:LZ023_35035	ko:K02433
psiv:LZ023_35080	ko:K23274
psiv:LZ023_35100	ko:K02529
psiv:LZ023_35165	ko:K02031
psiv:LZ023_35165	ko:K02032
psiv:LZ023_35215	ko:K02025
psiv:LZ023_35220	ko:K02026
psiv:LZ023_35355	ko:K07172
psiv:LZ023_35415	ko:K13789
psiv:LZ023_35445	ko:K15746
psiv:LZ023_35455	ko:K19163
psiv:LZ023_35600	ko:K12957
psiv:LZ023_35625	ko:K15496
psiv:LZ023_35760	ko:K11903
psiv:LZ023_35880	ko:K23227
psiv:LZ023_35900	ko:K18199
psiv:LZ023_35940	ko:K06016
psiv:LZ023_35950	ko:K02433
psiv:LZ023_35965	ko:K26606
psiv:LZ023_35985	ko:K02031
psiv:LZ023_35985	ko:K02032
psiv:LZ023_36035	ko:K01821
psiv:LZ023_36105	ko:K03557
psiv:LZ023_36185	ko:K15553
psiv:LZ023_36220	ko:K02029
psiv:LZ023_36225	ko:K02030
psiv:LZ023_36240	ko:K02016
psiv:LZ023_36275	ko:K06204
psiv:LZ023_36430	ko:K02049
psiv:LZ023_36615	ko:K07690
psiv:LZ023_36815	ko:K13633
psiv:LZ023_36860	ko:K07165
psiv:LZ023_36865	ko:K07165
psiv:LZ023_36875	ko:K07746
psiv:LZ023_36970	ko:K00537
psiv:LZ023_36985	ko:K11811
psiv:LZ023_37020	ko:K22468
psiv:LZ023_37075	ko:K06151
psiv:LZ023_37135	ko:K06197
psiv:LZ023_37160	ko:K21976
psiv:LZ023_37165	ko:K21975
psiv:LZ023_37265	ko:K03503
psiv:LZ023_37290	ko:K06884
psiv:LZ023_37305	ko:K03406
psiv:LZ023_37390	ko:K06884
psiv:LZ023_37395	ko:K07688
psiv:LZ023_37505	ko:K13021
psiv:LZ023_37575	ko:K15540
psiv:LZ023_37585	ko:K17737
psiv:LZ023_37590	ko:K01028
psiv:LZ023_37610	ko:K00019
psiv:LZ023_37660	ko:K02013
psiv:LZ023_37665	ko:K02015
psiv:LZ023_37825	ko:K02029
psiv:LZ023_37930	ko:K03746
psiv:LZ023_37935	ko:K03300
psiv:LZ023_38005	ko:K15553
psiv:LZ023_38160	ko:K01519
psiv:LZ023_38210	ko:K15977
psiv:LZ023_38390	ko:K06995
psiv:LZ023_38510	ko:K05275
psiv:LZ023_38675	ko:K00010
psiv:LZ023_38840	ko:K02034
psiv:LZ023_38850	ko:K02031
psiv:LZ023_39020	ko:K04095
psiv:LZ023_39085	ko:K03786
psiv:LZ023_39130	ko:K02768
psiv:LZ023_39180	ko:K00304
psiv:LZ023_39490	ko:K02020
psiv:LZ023_39575	ko:K02034
psiv:LZ023_39635	ko:K08987
psiv:LZ023_39800	ko:K04782
psiv:LZ023_39860	ko:K02529
psiv:LZ023_39890	ko:K03098
psiv:LZ023_40055	ko:K19813
psiv:LZ023_40060	ko:K23274
psiv:LZ023_40070	ko:K23273
psiv:LZ023_40195	ko:K02160
psiv:LZ023_40200	ko:K04093
psiv:LZ023_40270	ko:K02071
psiv:LZ023_40335	ko:K11963
psiv:LZ023_40400	ko:K07241
psiv:LZ023_40405	ko:K23721
psiv:LZ023_40470	ko:K01092
psiv:LZ023_40580	ko:K03496
psiv:LZ023_40600	ko:K03168
psiv:LZ023_40675	ko:K03503
psiv:LZ023_40680	ko:K03502
psiv:LZ023_40820	ko:K03630
psiv:LZ023_40855	ko:K03496
psiv:LZ023_40875	ko:K03168
psiv:LZ023_40950	ko:K03503
psiv:LZ023_40955	ko:K03502
psiv:LZ023_41095	ko:K03630
