pssx:DCC84_00005	ko:K02914
pssx:DCC84_00010	ko:K02313
pssx:DCC84_00015	ko:K02338
pssx:DCC84_00020	ko:K03629
pssx:DCC84_00025	ko:K02470
pssx:DCC84_00050	ko:K00655
pssx:DCC84_00055	ko:K03273
pssx:DCC84_00060	ko:K01879
pssx:DCC84_00065	ko:K01878
pssx:DCC84_00070	ko:K01246
pssx:DCC84_00075	ko:K02517
pssx:DCC84_00085	ko:K03499
pssx:DCC84_00090	ko:K03500
pssx:DCC84_00095	ko:K00604
pssx:DCC84_00100	ko:K01462
pssx:DCC84_00110	ko:K04096
pssx:DCC84_00115	ko:K07566
pssx:DCC84_00120	ko:K00344
pssx:DCC84_00125	ko:K00228
pssx:DCC84_00130	ko:K00014
pssx:DCC84_00135	ko:K03321
pssx:DCC84_00140	ko:K02002
pssx:DCC84_00145	ko:K01133
pssx:DCC84_00160	ko:K00883
pssx:DCC84_00165	ko:K01631
pssx:DCC84_00170	ko:K01684
pssx:DCC84_00175	ko:K08194
pssx:DCC84_00185	ko:K01695
pssx:DCC84_00190	ko:K01696
pssx:DCC84_00195	ko:K27042
pssx:DCC84_00205	ko:K09165
pssx:DCC84_00220	ko:K04063
pssx:DCC84_00240	ko:K01091
pssx:DCC84_00250	ko:K01414
pssx:DCC84_00255	ko:K07070
pssx:DCC84_00265	ko:K06152
pssx:DCC84_00270	ko:K06151
pssx:DCC84_00275	ko:K06150
pssx:DCC84_00290	ko:K01673
pssx:DCC84_00305	ko:K02275
pssx:DCC84_00310	ko:K02274
pssx:DCC84_00315	ko:K02258
pssx:DCC84_00320	ko:K02276
pssx:DCC84_00330	ko:K14998
pssx:DCC84_00340	ko:K02259
pssx:DCC84_00345	ko:K02257
pssx:DCC84_00350	ko:K07152
pssx:DCC84_00355	ko:K02073
pssx:DCC84_00360	ko:K02072
pssx:DCC84_00365	ko:K02071
pssx:DCC84_00370	ko:K03781
pssx:DCC84_00380	ko:K09816
pssx:DCC84_00385	ko:K09817
pssx:DCC84_00390	ko:K09823
pssx:DCC84_00395	ko:K09815
pssx:DCC84_00400	ko:K02204
pssx:DCC84_00410	ko:K02335
pssx:DCC84_00415	ko:K03978
pssx:DCC84_00430	ko:K03673
pssx:DCC84_00440	ko:K13590
pssx:DCC84_00445	ko:K11066
pssx:DCC84_00450	ko:K11383
pssx:DCC84_00455	ko:K11384
pssx:DCC84_00475	ko:K11102
pssx:DCC84_00485	ko:K18480
pssx:DCC84_00490	ko:K02067
pssx:DCC84_00495	ko:K02065
pssx:DCC84_00500	ko:K02066
pssx:DCC84_00515	ko:K03324
pssx:DCC84_00525	ko:K03300
pssx:DCC84_00565	ko:K18118
pssx:DCC84_00570	ko:K00325
pssx:DCC84_00575	ko:K00324
pssx:DCC84_00580	ko:K00324
pssx:DCC84_00590	ko:K00252
pssx:DCC84_00595	ko:K01041
pssx:DCC84_00605	ko:K01977
pssx:DCC84_00610	ko:K14227
pssx:DCC84_00615	ko:K14218
pssx:DCC84_00620	ko:K01980
pssx:DCC84_00625	ko:K01985
pssx:DCC84_00630	ko:K01985
pssx:DCC84_00640	ko:K02014
pssx:DCC84_00645	ko:K07165
pssx:DCC84_00650	ko:K23514
pssx:DCC84_00655	ko:K03406
pssx:DCC84_00690	ko:K15553
pssx:DCC84_00695	ko:K15555
pssx:DCC84_00700	ko:K15554
pssx:DCC84_00710	ko:K03446
pssx:DCC84_00715	ko:K03543
pssx:DCC84_00720	ko:K18904
pssx:DCC84_00735	ko:K14340
pssx:DCC84_00755	ko:K06075
pssx:DCC84_00790	ko:K11935
pssx:DCC84_00795	ko:K11931
pssx:DCC84_00800	ko:K11936
pssx:DCC84_00805	ko:K11937
pssx:DCC84_00810	ko:K07326
pssx:DCC84_00815	ko:K15125
pssx:DCC84_00865	ko:K07114
pssx:DCC84_00870	ko:K03088
pssx:DCC84_00905	ko:K14219
pssx:DCC84_00910	ko:K00135
pssx:DCC84_00915	ko:K14268
pssx:DCC84_00930	ko:K00507
pssx:DCC84_00945	ko:K23163
pssx:DCC84_00950	ko:K02046
pssx:DCC84_00955	ko:K02047
pssx:DCC84_00960	ko:K02045
pssx:DCC84_00970	ko:K10914
pssx:DCC84_00975	ko:K07665
pssx:DCC84_01000	ko:K02002
pssx:DCC84_01020	ko:K03449
pssx:DCC84_01025	ko:K01487
pssx:DCC84_01035	ko:K03832
pssx:DCC84_01040	ko:K03561
pssx:DCC84_01045	ko:K03559
pssx:DCC84_01060	ko:K07002
pssx:DCC84_01070	ko:K02073
pssx:DCC84_01075	ko:K02029
pssx:DCC84_01080	ko:K02029
pssx:DCC84_01085	ko:K02028
pssx:DCC84_01090	ko:K02030
pssx:DCC84_01100	ko:K21136
pssx:DCC84_01105	ko:K21137
pssx:DCC84_01110	ko:K21134
pssx:DCC84_01125	ko:K02072
pssx:DCC84_01130	ko:K02071
pssx:DCC84_01135	ko:K02073
pssx:DCC84_01140	ko:K20938
pssx:DCC84_01160	ko:K10010
pssx:DCC84_01165	ko:K10009
pssx:DCC84_01170	ko:K02424
pssx:DCC84_01175	ko:K05396
pssx:DCC84_01180	ko:K00640
pssx:DCC84_01190	ko:K02168
pssx:DCC84_01205	ko:K00059
pssx:DCC84_01210	ko:K18900
pssx:DCC84_01220	ko:K19265
pssx:DCC84_01225	ko:K03119
pssx:DCC84_01230	ko:K15552
pssx:DCC84_01235	ko:K10831
pssx:DCC84_01240	ko:K15551
pssx:DCC84_01245	ko:K01919
pssx:DCC84_01255	ko:K06959
pssx:DCC84_01260	ko:K07659
pssx:DCC84_01265	ko:K07638
pssx:DCC84_01270	ko:K05844
pssx:DCC84_01285	ko:K04762
pssx:DCC84_01295	ko:K04083
pssx:DCC84_01300	ko:K01610
pssx:DCC84_01315	ko:K04095
pssx:DCC84_01325	ko:K03654
pssx:DCC84_01335	ko:K07107
pssx:DCC84_01355	ko:K02379
pssx:DCC84_01370	ko:K20881
pssx:DCC84_01375	ko:K08312
pssx:DCC84_01380	ko:K01082
pssx:DCC84_01390	ko:K10126
pssx:DCC84_01395	ko:K10125
pssx:DCC84_01400	ko:K00067
pssx:DCC84_01405	ko:K01790
pssx:DCC84_01410	ko:K00973
pssx:DCC84_01415	ko:K01710
pssx:DCC84_01425	ko:K12251
pssx:DCC84_01430	ko:K10536
pssx:DCC84_01440	ko:K02014
pssx:DCC84_01445	ko:K07396
pssx:DCC84_01460	ko:K01821
pssx:DCC84_01495	ko:K09474
pssx:DCC84_01560	ko:K14234
pssx:DCC84_01580	ko:K00694
pssx:DCC84_01585	ko:K20541
pssx:DCC84_01590	ko:K20542
pssx:DCC84_01595	ko:K20543
pssx:DCC84_01610	ko:K19294
pssx:DCC84_01615	ko:K19295
pssx:DCC84_01630	ko:K23057
pssx:DCC84_01635	ko:K23056
pssx:DCC84_01640	ko:K23055
pssx:DCC84_01645	ko:K23058
pssx:DCC84_01650	ko:K11735
pssx:DCC84_01665	ko:K03325
pssx:DCC84_01700	ko:K07497
pssx:DCC84_01720	ko:K14231
pssx:DCC84_01730	ko:K03575
pssx:DCC84_01735	ko:K07289
pssx:DCC84_01745	ko:K01693
pssx:DCC84_01750	ko:K02501
pssx:DCC84_01760	ko:K01814
pssx:DCC84_01765	ko:K02500
pssx:DCC84_01770	ko:K02030
pssx:DCC84_01780	ko:K09798
pssx:DCC84_01785	ko:K03797
pssx:DCC84_01790	ko:K22719
pssx:DCC84_01800	ko:K15633
pssx:DCC84_01810	ko:K03676
pssx:DCC84_01815	ko:K03071
pssx:DCC84_01825	ko:K03216
pssx:DCC84_01840	ko:K07712
pssx:DCC84_01845	ko:K07708
pssx:DCC84_01850	ko:K04093
pssx:DCC84_01855	ko:K01915
pssx:DCC84_01865	ko:K03151
pssx:DCC84_01870	ko:K06207
pssx:DCC84_01875	ko:K06940
pssx:DCC84_01880	ko:K00688
pssx:DCC84_01895	ko:K03841
pssx:DCC84_01905	ko:K03098
pssx:DCC84_01910	ko:K05603
pssx:DCC84_01915	ko:K05836
pssx:DCC84_01920	ko:K09975
pssx:DCC84_01925	ko:K01712
pssx:DCC84_01930	ko:K03457
pssx:DCC84_01940	ko:K02001
pssx:DCC84_01945	ko:K02000
pssx:DCC84_01950	ko:K01745
pssx:DCC84_01955	ko:K01745
pssx:DCC84_01960	ko:K16234
pssx:DCC84_01965	ko:K01468
pssx:DCC84_01970	ko:K01458
pssx:DCC84_01980	ko:K02002
pssx:DCC84_01990	ko:K01259
pssx:DCC84_01995	ko:K07560
pssx:DCC84_02000	ko:K03670
pssx:DCC84_02005	ko:K03669
pssx:DCC84_02010	ko:K02030
pssx:DCC84_02015	ko:K02030
pssx:DCC84_02020	ko:K02029
pssx:DCC84_02025	ko:K02028
pssx:DCC84_02030	ko:K03406
pssx:DCC84_02035	ko:K03406
pssx:DCC84_02045	ko:K03118
pssx:DCC84_02050	ko:K03117
pssx:DCC84_02055	ko:K03116
pssx:DCC84_02060	ko:K01523
pssx:DCC84_02065	ko:K01496
pssx:DCC84_02070	ko:K03688
pssx:DCC84_02075	ko:K03690
pssx:DCC84_02080	ko:K03183
pssx:DCC84_02105	ko:K03821
pssx:DCC84_02110	ko:K22250
pssx:DCC84_02115	ko:K03821
pssx:DCC84_02125	ko:K03667
pssx:DCC84_02130	ko:K01419
pssx:DCC84_02140	ko:K01887
pssx:DCC84_02145	ko:K04066
pssx:DCC84_02150	ko:K02909
pssx:DCC84_02160	ko:K00029
pssx:DCC84_02165	ko:K05366
pssx:DCC84_02170	ko:K02662
pssx:DCC84_02175	ko:K02663
pssx:DCC84_02180	ko:K23985
pssx:DCC84_02185	ko:K02666
pssx:DCC84_02190	ko:K00891
pssx:DCC84_02195	ko:K01735
pssx:DCC84_02200	ko:K03112
pssx:DCC84_02210	ko:K00265
pssx:DCC84_02215	ko:K00266
pssx:DCC84_02220	ko:K01599
pssx:DCC84_02225	ko:K08224
pssx:DCC84_02240	ko:K09458
pssx:DCC84_02245	ko:K00059
pssx:DCC84_02255	ko:K00647
pssx:DCC84_02280	ko:K07107
pssx:DCC84_02285	ko:K01745
pssx:DCC84_02310	ko:K02078
pssx:DCC84_02315	ko:K02078
pssx:DCC84_02330	ko:K03496
pssx:DCC84_02345	ko:K03672
pssx:DCC84_02350	ko:K19166
pssx:DCC84_02355	ko:K18831
pssx:DCC84_02360	ko:K08997
pssx:DCC84_02365	ko:K05802
pssx:DCC84_02370	ko:K11105
pssx:DCC84_02375	ko:K03406
pssx:DCC84_02385	ko:K09888
pssx:DCC84_02400	ko:K13821
pssx:DCC84_02405	ko:K11928
pssx:DCC84_02415	ko:K11904
pssx:DCC84_02425	ko:K01740
pssx:DCC84_02430	ko:K07115
pssx:DCC84_02435	ko:K07304
pssx:DCC84_02445	ko:K00627
pssx:DCC84_02450	ko:K00163
pssx:DCC84_02455	ko:K00982
pssx:DCC84_02460	ko:K02843
pssx:DCC84_02465	ko:K02841
pssx:DCC84_02470	ko:K02844
pssx:DCC84_02475	ko:K02848
pssx:DCC84_02495	ko:K02014
pssx:DCC84_02510	ko:K00612
pssx:DCC84_02530	ko:K12988
pssx:DCC84_02535	ko:K02847
pssx:DCC84_02540	ko:K11085
pssx:DCC84_02545	ko:K03272
pssx:DCC84_02565	ko:K03297
pssx:DCC84_02575	ko:K02527
pssx:DCC84_02580	ko:K12340
pssx:DCC84_02585	ko:K03147
pssx:DCC84_02595	ko:K03457
pssx:DCC84_02605	ko:K01515
pssx:DCC84_02610	ko:K09920
pssx:DCC84_02615	ko:K03651
pssx:DCC84_02620	ko:K07000
pssx:DCC84_02625	ko:K02622
pssx:DCC84_02635	ko:K06985
pssx:DCC84_02640	ko:K02621
pssx:DCC84_02645	ko:K09857
pssx:DCC84_02660	ko:K01079
pssx:DCC84_02670	ko:K01613
pssx:DCC84_02675	ko:K01011
pssx:DCC84_02685	ko:K02556
pssx:DCC84_02690	ko:K02557
pssx:DCC84_02695	ko:K06949
pssx:DCC84_02700	ko:K13288
pssx:DCC84_02710	ko:K18979
pssx:DCC84_02715	ko:K17758
pssx:DCC84_02720	ko:K06925
pssx:DCC84_02725	ko:K01448
pssx:DCC84_02730	ko:K03572
pssx:DCC84_02735	ko:K00791
pssx:DCC84_02740	ko:K03666
pssx:DCC84_02745	ko:K03665
pssx:DCC84_02750	ko:K04088
pssx:DCC84_02755	ko:K04087
pssx:DCC84_02760	ko:K02502
pssx:DCC84_02765	ko:K01939
pssx:DCC84_02775	ko:K02011
pssx:DCC84_02780	ko:K02012
pssx:DCC84_02785	ko:K14228
pssx:DCC84_02790	ko:K14228
pssx:DCC84_02795	ko:K12573
pssx:DCC84_02800	ko:K03218
pssx:DCC84_02805	ko:K02990
pssx:DCC84_02810	ko:K02963
pssx:DCC84_02820	ko:K02939
pssx:DCC84_02825	ko:K02314
pssx:DCC84_02880	ko:K01916
pssx:DCC84_02885	ko:K00763
pssx:DCC84_02895	ko:K03566
pssx:DCC84_02900	ko:K26061
pssx:DCC84_02905	ko:K26065
pssx:DCC84_02910	ko:K01999
pssx:DCC84_02920	ko:K01997
pssx:DCC84_02925	ko:K01998
pssx:DCC84_02930	ko:K01995
pssx:DCC84_02935	ko:K01996
pssx:DCC84_02945	ko:K16066
pssx:DCC84_02960	ko:K03192
pssx:DCC84_02965	ko:K03189
pssx:DCC84_02970	ko:K03188
pssx:DCC84_02975	ko:K03187
pssx:DCC84_02985	ko:K22105
pssx:DCC84_02995	ko:K07290
pssx:DCC84_03000	ko:K03594
pssx:DCC84_03005	ko:K03566
pssx:DCC84_03010	ko:K01118
pssx:DCC84_03015	ko:K11741
pssx:DCC84_03040	ko:K04046
pssx:DCC84_03045	ko:K05516
pssx:DCC84_03050	ko:K18997
pssx:DCC84_03065	ko:K01428
pssx:DCC84_03070	ko:K01429
pssx:DCC84_03075	ko:K19113
pssx:DCC84_03080	ko:K24217
pssx:DCC84_03085	ko:K01430
pssx:DCC84_03090	ko:K03190
pssx:DCC84_03095	ko:K11963
pssx:DCC84_03100	ko:K11962
pssx:DCC84_03105	ko:K11961
pssx:DCC84_03110	ko:K11960
pssx:DCC84_03115	ko:K11959
pssx:DCC84_03125	ko:K02015
pssx:DCC84_03130	ko:K02016
pssx:DCC84_03135	ko:K02013
pssx:DCC84_03140	ko:K02014
pssx:DCC84_03150	ko:K02014
pssx:DCC84_03160	ko:K09796
pssx:DCC84_03185	ko:K05895
pssx:DCC84_03190	ko:K00595
pssx:DCC84_03195	ko:K02229
pssx:DCC84_03200	ko:K06042
pssx:DCC84_03205	ko:K03394
pssx:DCC84_03210	ko:K13541
pssx:DCC84_03220	ko:K05595
pssx:DCC84_03225	ko:K20972
pssx:DCC84_03230	ko:K01945
pssx:DCC84_03235	ko:K00602
pssx:DCC84_03240	ko:K03557
pssx:DCC84_03245	ko:K05540
pssx:DCC84_03255	ko:K02687
pssx:DCC84_03260	ko:K01961
pssx:DCC84_03265	ko:K02160
pssx:DCC84_03270	ko:K03786
pssx:DCC84_03275	ko:K03406
pssx:DCC84_03295	ko:K03113
pssx:DCC84_03300	ko:K01585
pssx:DCC84_03310	ko:K26937
pssx:DCC84_03330	ko:K06219
pssx:DCC84_03345	ko:K27080
pssx:DCC84_03350	ko:K27076
pssx:DCC84_03355	ko:K12513
pssx:DCC84_03360	ko:K02278
pssx:DCC84_03365	ko:K27077
pssx:DCC84_03375	ko:K27079
pssx:DCC84_03380	ko:K12511
pssx:DCC84_03385	ko:K12510
pssx:DCC84_03390	ko:K02283
pssx:DCC84_03395	ko:K02282
pssx:DCC84_03400	ko:K02280
pssx:DCC84_03405	ko:K02279
pssx:DCC84_03410	ko:K02651
pssx:DCC84_03440	ko:K00059
pssx:DCC84_03445	ko:K00626
pssx:DCC84_03450	ko:K07178
pssx:DCC84_03460	ko:K19591
pssx:DCC84_03465	ko:K17686
pssx:DCC84_03475	ko:K07213
pssx:DCC84_03480	ko:K07552
pssx:DCC84_03510	ko:K21053
pssx:DCC84_03515	ko:K07300
pssx:DCC84_03520	ko:K18456
pssx:DCC84_03545	ko:K09017
pssx:DCC84_03550	ko:K16345
pssx:DCC84_03555	ko:K21699
pssx:DCC84_03560	ko:K00822
pssx:DCC84_03565	ko:K00140
pssx:DCC84_03575	ko:K01977
pssx:DCC84_03580	ko:K14227
pssx:DCC84_03585	ko:K14218
pssx:DCC84_03590	ko:K01980
pssx:DCC84_03595	ko:K01985
pssx:DCC84_03600	ko:K03583
pssx:DCC84_03605	ko:K03582
pssx:DCC84_03610	ko:K03581
pssx:DCC84_03620	ko:K21021
pssx:DCC84_03635	ko:K00140
pssx:DCC84_03640	ko:K00020
pssx:DCC84_03670	ko:K12543
pssx:DCC84_03675	ko:K12541
pssx:DCC84_03680	ko:K12542
pssx:DCC84_03700	ko:K06995
pssx:DCC84_03705	ko:K07130
pssx:DCC84_03710	ko:K00453
pssx:DCC84_03720	ko:K11734
pssx:DCC84_03725	ko:K11311
pssx:DCC84_03730	ko:K05600
pssx:DCC84_03735	ko:K05599
pssx:DCC84_03745	ko:K21757
pssx:DCC84_03750	ko:K01856
pssx:DCC84_03755	ko:K03464
pssx:DCC84_03760	ko:K03381
pssx:DCC84_03770	ko:K03719
pssx:DCC84_03775	ko:K01556
pssx:DCC84_03780	ko:K03293
pssx:DCC84_03790	ko:K07090
pssx:DCC84_03795	ko:K03923
pssx:DCC84_03810	ko:K03321
pssx:DCC84_03820	ko:K03299
pssx:DCC84_03830	ko:K06015
pssx:DCC84_03840	ko:K03406
pssx:DCC84_03850	ko:K06978
pssx:DCC84_03875	ko:K09962
pssx:DCC84_03910	ko:K27603
pssx:DCC84_03965	ko:K15035
pssx:DCC84_03975	ko:K18930
pssx:DCC84_03980	ko:K03303
pssx:DCC84_03985	ko:K05799
pssx:DCC84_03990	ko:K03664
pssx:DCC84_04000	ko:K09801
pssx:DCC84_04005	ko:K06186
pssx:DCC84_04010	ko:K03711
pssx:DCC84_04015	ko:K03631
pssx:DCC84_04020	ko:K03687
pssx:DCC84_04025	ko:K04043
pssx:DCC84_04030	ko:K03686
pssx:DCC84_04035	ko:K00215
pssx:DCC84_04040	ko:K01956
pssx:DCC84_04045	ko:K01955
pssx:DCC84_04050	ko:K03624
pssx:DCC84_04060	ko:K07574
pssx:DCC84_04065	ko:K02427
pssx:DCC84_04070	ko:K03798
pssx:DCC84_04075	ko:K00796
pssx:DCC84_04080	ko:K03431
pssx:DCC84_04085	ko:K01803
pssx:DCC84_04090	ko:K03075
pssx:DCC84_04095	ko:K14228
pssx:DCC84_04100	ko:K14230
pssx:DCC84_04105	ko:K09748
pssx:DCC84_04110	ko:K02600
pssx:DCC84_04115	ko:K02519
pssx:DCC84_04120	ko:K02834
pssx:DCC84_04125	ko:K03177
pssx:DCC84_04130	ko:K02956
pssx:DCC84_04135	ko:K00962
pssx:DCC84_04150	ko:K06969
pssx:DCC84_04160	ko:K01895
pssx:DCC84_04165	ko:K01810
pssx:DCC84_04170	ko:K01918
pssx:DCC84_04175	ko:K00606
pssx:DCC84_04180	ko:K00950
pssx:DCC84_04185	ko:K00970
pssx:DCC84_04190	ko:K07713
pssx:DCC84_04205	ko:K01894
pssx:DCC84_04210	ko:K06204
pssx:DCC84_04220	ko:K06206
pssx:DCC84_04230	ko:K25132
pssx:DCC84_04235	ko:K25133
pssx:DCC84_04240	ko:K10834
pssx:DCC84_04255	ko:K07028
pssx:DCC84_04260	ko:K05365
pssx:DCC84_04275	ko:K01652
pssx:DCC84_04280	ko:K01653
pssx:DCC84_04285	ko:K00053
pssx:DCC84_04290	ko:K17103
pssx:DCC84_04295	ko:K07147
pssx:DCC84_04300	ko:K17247
pssx:DCC84_04310	ko:K01977
pssx:DCC84_04315	ko:K14227
pssx:DCC84_04320	ko:K14218
pssx:DCC84_04325	ko:K01980
pssx:DCC84_04330	ko:K01985
pssx:DCC84_04335	ko:K03808
pssx:DCC84_04340	ko:K03808
pssx:DCC84_04345	ko:K06192
pssx:DCC84_04370	ko:K03789
pssx:DCC84_04380	ko:K01673
pssx:DCC84_04400	ko:K07075
pssx:DCC84_04410	ko:K02106
pssx:DCC84_04420	ko:K03299
pssx:DCC84_04425	ko:K16264
pssx:DCC84_04430	ko:K07665
pssx:DCC84_04435	ko:K15725
pssx:DCC84_04440	ko:K15727
pssx:DCC84_04445	ko:K15726
pssx:DCC84_04450	ko:K07644
pssx:DCC84_04455	ko:K07665
pssx:DCC84_04475	ko:K03406
pssx:DCC84_04505	ko:K07727
pssx:DCC84_04510	ko:K05835
pssx:DCC84_04515	ko:K01921
pssx:DCC84_04520	ko:K07726
pssx:DCC84_04530	ko:K05810
pssx:DCC84_04535	ko:K00681
pssx:DCC84_04545	ko:K16088
pssx:DCC84_04550	ko:K07165
pssx:DCC84_04555	ko:K23514
pssx:DCC84_04560	ko:K03790
pssx:DCC84_04570	ko:K14230
pssx:DCC84_04585	ko:K08223
pssx:DCC84_04600	ko:K06942
pssx:DCC84_04605	ko:K01056
pssx:DCC84_04610	ko:K02897
pssx:DCC84_04615	ko:K00948
pssx:DCC84_04620	ko:K14223
pssx:DCC84_04625	ko:K00919
pssx:DCC84_04630	ko:K02494
pssx:DCC84_04640	ko:K02492
pssx:DCC84_04645	ko:K02835
pssx:DCC84_04650	ko:K02493
pssx:DCC84_04655	ko:K21029
pssx:DCC84_04660	ko:K01776
pssx:DCC84_04665	ko:K12976
pssx:DCC84_04670	ko:K06940
pssx:DCC84_04680	ko:K00574
pssx:DCC84_04685	ko:K09701
pssx:DCC84_04690	ko:K06954
pssx:DCC84_04705	ko:K01669
pssx:DCC84_04710	ko:K22491
pssx:DCC84_04725	ko:K18208
pssx:DCC84_04730	ko:K07071
pssx:DCC84_04735	ko:K01772
pssx:DCC84_04750	ko:K02014
pssx:DCC84_04755	ko:K04691
pssx:DCC84_04770	ko:K00957
pssx:DCC84_04775	ko:K00955
pssx:DCC84_04790	ko:K13788
pssx:DCC84_04800	ko:K03775
pssx:DCC84_04805	ko:K00432
pssx:DCC84_04820	ko:K06203
pssx:DCC84_04830	ko:K22345
pssx:DCC84_04845	ko:K09948
pssx:DCC84_04850	ko:K07589
pssx:DCC84_04855	ko:K01495
pssx:DCC84_04860	ko:K13938
pssx:DCC84_04865	ko:K09932
pssx:DCC84_04870	ko:K22491
pssx:DCC84_04895	ko:K06518
pssx:DCC84_04945	ko:K03556
pssx:DCC84_04955	ko:K00451
pssx:DCC84_04960	ko:K01555
pssx:DCC84_04965	ko:K01800
pssx:DCC84_04970	ko:K08195
pssx:DCC84_04985	ko:K00263
pssx:DCC84_05000	ko:K09918
pssx:DCC84_05015	ko:K13256
pssx:DCC84_05025	ko:K03837
pssx:DCC84_05030	ko:K01752
pssx:DCC84_05035	ko:K03566
pssx:DCC84_05055	ko:K16091
pssx:DCC84_05060	ko:K07165
pssx:DCC84_05065	ko:K23514
pssx:DCC84_05090	ko:K07165
pssx:DCC84_05095	ko:K02014
pssx:DCC84_05100	ko:K18917
pssx:DCC84_05105	ko:K06899
pssx:DCC84_05110	ko:K03530
pssx:DCC84_05115	ko:K06970
pssx:DCC84_05125	ko:K01873
pssx:DCC84_05135	ko:K02339
pssx:DCC84_05140	ko:K01255
pssx:DCC84_05145	ko:K07091
pssx:DCC84_05150	ko:K11720
pssx:DCC84_05155	ko:K03596
pssx:DCC84_05160	ko:K03100
pssx:DCC84_05165	ko:K03685
pssx:DCC84_05170	ko:K03595
pssx:DCC84_05175	ko:K03584
pssx:DCC84_05180	ko:K03474
pssx:DCC84_05190	ko:K11991
pssx:DCC84_05195	ko:K15257
pssx:DCC84_05200	ko:K15256
pssx:DCC84_05210	ko:K14475
pssx:DCC84_05215	ko:K01338
pssx:DCC84_05225	ko:K02433
pssx:DCC84_05230	ko:K22278
pssx:DCC84_05240	ko:K00059
pssx:DCC84_05245	ko:K00059
pssx:DCC84_05260	ko:K02055
pssx:DCC84_05270	ko:K01593
pssx:DCC84_05280	ko:K00117
pssx:DCC84_05285	ko:K07267
pssx:DCC84_05300	ko:K26062
pssx:DCC84_05305	ko:K03566
pssx:DCC84_05310	ko:K09969
pssx:DCC84_05330	ko:K04754
pssx:DCC84_05335	ko:K02483
pssx:DCC84_05345	ko:K11354
pssx:DCC84_05375	ko:K08738
pssx:DCC84_05395	ko:K05306
pssx:DCC84_05400	ko:K21703
pssx:DCC84_05405	ko:K02445
pssx:DCC84_05440	ko:K07666
pssx:DCC84_05445	ko:K07645
pssx:DCC84_05485	ko:K14228
pssx:DCC84_05490	ko:K07568
pssx:DCC84_05495	ko:K00773
pssx:DCC84_05500	ko:K03210
pssx:DCC84_05505	ko:K03072
pssx:DCC84_05510	ko:K03074
pssx:DCC84_05520	ko:K01092
pssx:DCC84_05525	ko:K15396
pssx:DCC84_05530	ko:K00640
pssx:DCC84_05535	ko:K13643
pssx:DCC84_05540	ko:K04487
pssx:DCC84_05545	ko:K04488
pssx:DCC84_05550	ko:K13628
pssx:DCC84_05555	ko:K04082
pssx:DCC84_05560	ko:K04044
pssx:DCC84_05565	ko:K04755
pssx:DCC84_05575	ko:K00940
pssx:DCC84_05580	ko:K06941
pssx:DCC84_05585	ko:K02656
pssx:DCC84_05590	ko:K15539
pssx:DCC84_05595	ko:K03526
pssx:DCC84_05600	ko:K01892
pssx:DCC84_05610	ko:K17713
pssx:DCC84_05615	ko:K03977
pssx:DCC84_05620	ko:K14287
pssx:DCC84_05625	ko:K13566
pssx:DCC84_05630	ko:K01649
pssx:DCC84_05645	ko:K03601
pssx:DCC84_05655	ko:K07090
pssx:DCC84_05665	ko:K00088
pssx:DCC84_05670	ko:K01951
pssx:DCC84_05675	ko:K03486
pssx:DCC84_05680	ko:K02819
pssx:DCC84_05685	ko:K01226
pssx:DCC84_05690	ko:K02024
pssx:DCC84_05695	ko:K23993
pssx:DCC84_05705	ko:K18691
pssx:DCC84_05710	ko:K01952
pssx:DCC84_05725	ko:K02804
pssx:DCC84_05730	ko:K23993
pssx:DCC84_05735	ko:K00820
pssx:DCC84_05740	ko:K01443
pssx:DCC84_05745	ko:K24967
pssx:DCC84_05770	ko:K06938
pssx:DCC84_05780	ko:K08289
pssx:DCC84_05790	ko:K03699
pssx:DCC84_05800	ko:K03106
pssx:DCC84_05805	ko:K02959
pssx:DCC84_05810	ko:K02860
pssx:DCC84_05815	ko:K00554
pssx:DCC84_05820	ko:K02884
pssx:DCC84_05825	ko:K04763
pssx:DCC84_05830	ko:K03981
pssx:DCC84_05835	ko:K00003
pssx:DCC84_05840	ko:K01733
pssx:DCC84_05845	ko:K07679
pssx:DCC84_05855	ko:K07687
pssx:DCC84_05875	ko:K18313
pssx:DCC84_05885	ko:K07462
pssx:DCC84_05915	ko:K00316
pssx:DCC84_05920	ko:K00137
pssx:DCC84_05925	ko:K02053
pssx:DCC84_05930	ko:K02054
pssx:DCC84_05935	ko:K02052
pssx:DCC84_05945	ko:K02055
pssx:DCC84_05950	ko:K00137
pssx:DCC84_05985	ko:K13487
pssx:DCC84_05990	ko:K13488
pssx:DCC84_05995	ko:K13486
pssx:DCC84_06000	ko:K13489
pssx:DCC84_06005	ko:K13490
pssx:DCC84_06010	ko:K13491
pssx:DCC84_06015	ko:K11444
pssx:DCC84_06020	ko:K02836
pssx:DCC84_06025	ko:K04567
pssx:DCC84_06045	ko:K06889
pssx:DCC84_06080	ko:K01595
pssx:DCC84_06090	ko:K00939
pssx:DCC84_06095	ko:K14742
pssx:DCC84_06125	ko:K15984
pssx:DCC84_06135	ko:K18301
pssx:DCC84_06140	ko:K18302
pssx:DCC84_06145	ko:K18303
pssx:DCC84_06160	ko:K09914
pssx:DCC84_06165	ko:K00631
pssx:DCC84_06170	ko:K03704
pssx:DCC84_06180	ko:K00563
pssx:DCC84_06185	ko:K01439
pssx:DCC84_06195	ko:K22132
pssx:DCC84_06200	ko:K02426
pssx:DCC84_06205	ko:K01766
pssx:DCC84_06210	ko:K00674
pssx:DCC84_06220	ko:K24163
pssx:DCC84_06225	ko:K14267
pssx:DCC84_06230	ko:K00990
pssx:DCC84_06235	ko:K01265
pssx:DCC84_06240	ko:K02967
pssx:DCC84_06245	ko:K02357
pssx:DCC84_06250	ko:K09903
pssx:DCC84_06255	ko:K02838
pssx:DCC84_06260	ko:K00806
pssx:DCC84_06265	ko:K00981
pssx:DCC84_06270	ko:K00099
pssx:DCC84_06275	ko:K11749
pssx:DCC84_06280	ko:K07277
pssx:DCC84_06285	ko:K06142
pssx:DCC84_06290	ko:K02536
pssx:DCC84_06295	ko:K02372
pssx:DCC84_06300	ko:K00677
pssx:DCC84_06305	ko:K00748
pssx:DCC84_06310	ko:K03470
pssx:DCC84_06315	ko:K02337
pssx:DCC84_06320	ko:K01962
pssx:DCC84_06325	ko:K04075
pssx:DCC84_06330	ko:K01937
pssx:DCC84_06335	ko:K01627
pssx:DCC84_06340	ko:K01689
pssx:DCC84_06345	ko:K05589
pssx:DCC84_06350	ko:K00991
pssx:DCC84_06360	ko:K00121
pssx:DCC84_06365	ko:K01070
pssx:DCC84_06370	ko:K01770
pssx:DCC84_06375	ko:K06176
pssx:DCC84_06380	ko:K03787
pssx:DCC84_06385	ko:K00573
pssx:DCC84_06390	ko:K06194
pssx:DCC84_06395	ko:K03087
pssx:DCC84_06405	ko:K03704
pssx:DCC84_06410	ko:K01494
pssx:DCC84_06420	ko:K06953
pssx:DCC84_06425	ko:K03724
pssx:DCC84_06435	ko:K10017
pssx:DCC84_06440	ko:K06987
pssx:DCC84_06445	ko:K10015
pssx:DCC84_06450	ko:K10016
pssx:DCC84_06455	ko:K10014
pssx:DCC84_06465	ko:K07577
pssx:DCC84_06470	ko:K07116
pssx:DCC84_06475	ko:K11209
pssx:DCC84_06490	ko:K02013
pssx:DCC84_06495	ko:K02015
pssx:DCC84_06500	ko:K02016
pssx:DCC84_06505	ko:K07336
pssx:DCC84_06510	ko:K16090
pssx:DCC84_06515	ko:K02483
pssx:DCC84_06535	ko:K09858
pssx:DCC84_06550	ko:K08993
pssx:DCC84_06565	ko:K03722
pssx:DCC84_06585	ko:K00275
pssx:DCC84_06590	ko:K06077
pssx:DCC84_06605	ko:K03313
pssx:DCC84_06610	ko:K28981
pssx:DCC84_06615	ko:K07137
pssx:DCC84_06620	ko:K08985
pssx:DCC84_06640	ko:K15977
pssx:DCC84_06650	ko:K09930
pssx:DCC84_06665	ko:K01996
pssx:DCC84_06670	ko:K01995
pssx:DCC84_06675	ko:K01998
pssx:DCC84_06680	ko:K01997
pssx:DCC84_06690	ko:K01999
pssx:DCC84_06725	ko:K03580
pssx:DCC84_06745	ko:K03566
pssx:DCC84_06760	ko:K16322
pssx:DCC84_06770	ko:K02624
pssx:DCC84_06775	ko:K08195
pssx:DCC84_06780	ko:K01039
pssx:DCC84_06785	ko:K01040
pssx:DCC84_06790	ko:K07823
pssx:DCC84_06795	ko:K00449
pssx:DCC84_06800	ko:K00448
pssx:DCC84_06805	ko:K02625
pssx:DCC84_06810	ko:K01857
pssx:DCC84_06815	ko:K01055
pssx:DCC84_06820	ko:K01607
pssx:DCC84_06840	ko:K18139
pssx:DCC84_06845	ko:K18138
pssx:DCC84_06850	ko:K03585
pssx:DCC84_06855	ko:K03577
pssx:DCC84_06865	ko:K19577
pssx:DCC84_06875	ko:K08682
pssx:DCC84_06880	ko:K22617
pssx:DCC84_06885	ko:K22310
pssx:DCC84_06900	ko:K01451
pssx:DCC84_06910	ko:K01426
pssx:DCC84_06925	ko:K06131
pssx:DCC84_06935	ko:K05349
pssx:DCC84_06940	ko:K03744
pssx:DCC84_06945	ko:K06872
pssx:DCC84_06950	ko:K08988
pssx:DCC84_06970	ko:K05520
pssx:DCC84_06980	ko:K16087
pssx:DCC84_06985	ko:K07165
pssx:DCC84_06995	ko:K01714
pssx:DCC84_07000	ko:K01628
pssx:DCC84_07030	ko:K13954
pssx:DCC84_07050	ko:K18313
pssx:DCC84_07055	ko:K01640
pssx:DCC84_07065	ko:K09936
pssx:DCC84_07085	ko:K08995
pssx:DCC84_07095	ko:K00567
pssx:DCC84_07120	ko:K08224
pssx:DCC84_07125	ko:K08223
pssx:DCC84_07160	ko:K09803
pssx:DCC84_07175	ko:K28370
pssx:DCC84_07185	ko:K14225
pssx:DCC84_07195	ko:K06183
pssx:DCC84_07205	ko:K01941
pssx:DCC84_07210	ko:K28693
pssx:DCC84_07215	ko:K28692
pssx:DCC84_07220	ko:K02049
pssx:DCC84_07225	ko:K02050
pssx:DCC84_07230	ko:K02051
pssx:DCC84_07250	ko:K03648
pssx:DCC84_07255	ko:K07120
pssx:DCC84_07260	ko:K07793
pssx:DCC84_07265	ko:K07794
pssx:DCC84_07270	ko:K07795
pssx:DCC84_07280	ko:K07774
pssx:DCC84_07285	ko:K07649
pssx:DCC84_07295	ko:K06980
pssx:DCC84_07300	ko:K09159
pssx:DCC84_07305	ko:K19168
pssx:DCC84_07310	ko:K00278
pssx:DCC84_07315	ko:K03088
pssx:DCC84_07320	ko:K03597
pssx:DCC84_07325	ko:K03598
pssx:DCC84_07330	ko:K04771
pssx:DCC84_07335	ko:K01423
pssx:DCC84_07340	ko:K04085
pssx:DCC84_07345	ko:K03548
pssx:DCC84_07350	ko:K03564
pssx:DCC84_07355	ko:K03567
pssx:DCC84_07360	ko:K01714
pssx:DCC84_07365	ko:K07287
pssx:DCC84_07375	ko:K01923
pssx:DCC84_07380	ko:K14233
pssx:DCC84_07385	ko:K28187
pssx:DCC84_07390	ko:K28186
pssx:DCC84_07435	ko:K06016
pssx:DCC84_07445	ko:K03406
pssx:DCC84_07470	ko:K02020
pssx:DCC84_07475	ko:K03288
pssx:DCC84_07500	ko:K27838
pssx:DCC84_07520	ko:K18297
pssx:DCC84_07530	ko:K01826
pssx:DCC84_07540	ko:K03449
pssx:DCC84_07545	ko:K00130
pssx:DCC84_07550	ko:K01652
pssx:DCC84_07555	ko:K03566
pssx:DCC84_07560	ko:K07118
pssx:DCC84_07575	ko:K18954
pssx:DCC84_07580	ko:K00481
pssx:DCC84_07590	ko:K08738
pssx:DCC84_07595	ko:K01725
pssx:DCC84_07600	ko:K01673
pssx:DCC84_07605	ko:K11921
pssx:DCC84_07610	ko:K01713
pssx:DCC84_07620	ko:K01915
pssx:DCC84_07630	ko:K03684
pssx:DCC84_07635	ko:K09902
pssx:DCC84_07655	ko:K09160
pssx:DCC84_07685	ko:K05786
pssx:DCC84_07700	ko:K10914
pssx:DCC84_07705	ko:K01354
pssx:DCC84_07730	ko:K07160
pssx:DCC84_07735	ko:K23123
pssx:DCC84_07740	ko:K23124
pssx:DCC84_07745	ko:K09989
pssx:DCC84_07760	ko:K01738
pssx:DCC84_07765	ko:K12979
pssx:DCC84_07780	ko:K03406
pssx:DCC84_07785	ko:K00906
pssx:DCC84_07790	ko:K03578
pssx:DCC84_07795	ko:K16872
pssx:DCC84_07800	ko:K03088
pssx:DCC84_07810	ko:K07221
pssx:DCC84_07820	ko:K09919
pssx:DCC84_07825	ko:K09803
pssx:DCC84_07835	ko:K06188
pssx:DCC84_07840	ko:K18893
pssx:DCC84_07845	ko:K03767
pssx:DCC84_07850	ko:K01055
pssx:DCC84_07865	ko:K01118
pssx:DCC84_07885	ko:K16053
pssx:DCC84_07890	ko:K05590
pssx:DCC84_07920	ko:K00243
pssx:DCC84_07930	ko:K03457
pssx:DCC84_07950	ko:K03307
pssx:DCC84_07965	ko:K12255
pssx:DCC84_07975	ko:K05812
pssx:DCC84_07980	ko:K12339
pssx:DCC84_07985	ko:K03215
pssx:DCC84_07990	ko:K00951
pssx:DCC84_07995	ko:K04765
pssx:DCC84_08000	ko:K09912
pssx:DCC84_08020	ko:K11175
pssx:DCC84_08025	ko:K01933
pssx:DCC84_08030	ko:K09938
pssx:DCC84_08040	ko:K10763
pssx:DCC84_08060	ko:K19221
pssx:DCC84_08065	ko:K02224
pssx:DCC84_08070	ko:K04719
pssx:DCC84_08075	ko:K02227
pssx:DCC84_08080	ko:K02225
pssx:DCC84_08085	ko:K02232
pssx:DCC84_08095	ko:K02231
pssx:DCC84_08100	ko:K00768
pssx:DCC84_08105	ko:K02226
pssx:DCC84_08110	ko:K02233
pssx:DCC84_08125	ko:K00432
pssx:DCC84_08130	ko:K06076
pssx:DCC84_08155	ko:K09760
pssx:DCC84_08165	ko:K00059
pssx:DCC84_08175	ko:K16841
pssx:DCC84_08180	ko:K03457
pssx:DCC84_08185	ko:K00390
pssx:DCC84_08190	ko:K02203
pssx:DCC84_08195	ko:K01665
pssx:DCC84_08220	ko:K03417
pssx:DCC84_08225	ko:K01659
pssx:DCC84_08230	ko:K20455
pssx:DCC84_08235	ko:K09788
pssx:DCC84_08240	ko:K01720
pssx:DCC84_08245	ko:K02049
pssx:DCC84_08250	ko:K02050
pssx:DCC84_08255	ko:K07050
pssx:DCC84_08260	ko:K00640
pssx:DCC84_08265	ko:K01738
pssx:DCC84_08270	ko:K21147
pssx:DCC84_08275	ko:K07790
pssx:DCC84_08285	ko:K09773
pssx:DCC84_08290	ko:K01007
pssx:DCC84_08300	ko:K02553
pssx:DCC84_08305	ko:K16074
pssx:DCC84_08320	ko:K03088
pssx:DCC84_08325	ko:K03286
pssx:DCC84_08330	ko:K02303
pssx:DCC84_08335	ko:K00372
pssx:DCC84_08340	ko:K26138
pssx:DCC84_08345	ko:K26139
pssx:DCC84_08355	ko:K02575
pssx:DCC84_08365	ko:K07183
pssx:DCC84_08370	ko:K22067
pssx:DCC84_08375	ko:K22504
pssx:DCC84_08390	ko:K00254
pssx:DCC84_08395	ko:K03812
pssx:DCC84_08405	ko:K12297
pssx:DCC84_08415	ko:K07259
pssx:DCC84_08420	ko:K09923
pssx:DCC84_08425	ko:K05782
pssx:DCC84_08440	ko:K01487
pssx:DCC84_08445	ko:K07402
pssx:DCC84_08450	ko:K13482
pssx:DCC84_08455	ko:K13481
pssx:DCC84_08465	ko:K03529
pssx:DCC84_08470	ko:K03528
pssx:DCC84_08475	ko:K01972
pssx:DCC84_08485	ko:K01983
pssx:DCC84_08530	ko:K03776
pssx:DCC84_08550	ko:K02343
pssx:DCC84_08555	ko:K09747
pssx:DCC84_08560	ko:K23256
pssx:DCC84_08565	ko:K06187
pssx:DCC84_08570	ko:K00249
pssx:DCC84_08575	ko:K00759
pssx:DCC84_08580	ko:K01420
pssx:DCC84_08590	ko:K02495
pssx:DCC84_08595	ko:K09792
pssx:DCC84_08605	ko:K01533
pssx:DCC84_08610	ko:K09926
pssx:DCC84_08635	ko:K00406
pssx:DCC84_08640	ko:K00407
pssx:DCC84_08645	ko:K00405
pssx:DCC84_08650	ko:K00404
pssx:DCC84_08655	ko:K00406
pssx:DCC84_08660	ko:K00407
pssx:DCC84_08665	ko:K00405
pssx:DCC84_08670	ko:K00404
pssx:DCC84_08675	ko:K07020
pssx:DCC84_08680	ko:K03776
pssx:DCC84_08685	ko:K07052
pssx:DCC84_08690	ko:K27802
pssx:DCC84_08695	ko:K06968
pssx:DCC84_08700	ko:K04085
pssx:DCC84_08705	ko:K26939
pssx:DCC84_08710	ko:K03473
pssx:DCC84_08715	ko:K06147
pssx:DCC84_08720	ko:K08309
pssx:DCC84_08725	ko:K15738
pssx:DCC84_08730	ko:K06149
pssx:DCC84_08740	ko:K01825
pssx:DCC84_08745	ko:K00632
pssx:DCC84_08755	ko:K03168
pssx:DCC84_08770	ko:K13053
pssx:DCC84_08775	ko:K01356
pssx:DCC84_08785	ko:K01207
pssx:DCC84_08800	ko:K03723
pssx:DCC84_08805	ko:K00134
pssx:DCC84_08820	ko:K00322
pssx:DCC84_08825	ko:K01126
pssx:DCC84_08835	ko:K09808
pssx:DCC84_08840	ko:K09810
pssx:DCC84_08845	ko:K09808
pssx:DCC84_08850	ko:K07644
pssx:DCC84_08855	ko:K07665
pssx:DCC84_08865	ko:K06879
pssx:DCC84_08880	ko:K04754
pssx:DCC84_08895	ko:K00616
pssx:DCC84_08900	ko:K05539
pssx:DCC84_08910	ko:K19577
pssx:DCC84_08915	ko:K07677
pssx:DCC84_08925	ko:K07677
pssx:DCC84_08930	ko:K07687
pssx:DCC84_08950	ko:K07347
pssx:DCC84_08955	ko:K07346
pssx:DCC84_08960	ko:K07345
pssx:DCC84_08965	ko:K00116
pssx:DCC84_08970	ko:K06988
pssx:DCC84_09015	ko:K06966
pssx:DCC84_09025	ko:K00209
pssx:DCC84_09040	ko:K00821
pssx:DCC84_09050	ko:K28371
pssx:DCC84_09065	ko:K24206
pssx:DCC84_09070	ko:K18457
pssx:DCC84_09080	ko:K01259
pssx:DCC84_09085	ko:K02033
pssx:DCC84_09090	ko:K02034
pssx:DCC84_09095	ko:K02031
pssx:DCC84_09100	ko:K02032
pssx:DCC84_09105	ko:K02035
pssx:DCC84_09120	ko:K22292
pssx:DCC84_09125	ko:K00568
pssx:DCC84_09130	ko:K12960
pssx:DCC84_09135	ko:K08963
pssx:DCC84_09140	ko:K02469
pssx:DCC84_09145	ko:K00831
pssx:DCC84_09150	ko:K14170
pssx:DCC84_09155	ko:K00817
pssx:DCC84_09160	ko:K24018
pssx:DCC84_09165	ko:K00945
pssx:DCC84_09170	ko:K02945
pssx:DCC84_09175	ko:K05788
pssx:DCC84_09190	ko:K02474
pssx:DCC84_09195	ko:K02473
pssx:DCC84_09200	ko:K20429
pssx:DCC84_09235	ko:K24327
pssx:DCC84_09245	ko:K01953
pssx:DCC84_09255	ko:K24310
pssx:DCC84_09260	ko:K13007
pssx:DCC84_09265	ko:K24300
pssx:DCC84_09270	ko:K02237
pssx:DCC84_09275	ko:K16137
pssx:DCC84_09295	ko:K16238
pssx:DCC84_09300	ko:K01545
pssx:DCC84_09305	ko:K01546
pssx:DCC84_09310	ko:K01547
pssx:DCC84_09315	ko:K01548
pssx:DCC84_09320	ko:K07646
pssx:DCC84_09325	ko:K07667
pssx:DCC84_09335	ko:K07001
pssx:DCC84_09365	ko:K03424
pssx:DCC84_09375	ko:K15977
pssx:DCC84_09385	ko:K25153
pssx:DCC84_09390	ko:K25151
pssx:DCC84_09395	ko:K25152
pssx:DCC84_09405	ko:K04760
pssx:DCC84_09410	ko:K02004
pssx:DCC84_09415	ko:K02003
pssx:DCC84_09420	ko:K10804
pssx:DCC84_09430	ko:K19236
pssx:DCC84_09440	ko:K06975
pssx:DCC84_09445	ko:K01626
pssx:DCC84_09460	ko:K00077
pssx:DCC84_09465	ko:K01081
pssx:DCC84_09475	ko:K13634
pssx:DCC84_09495	ko:K02356
pssx:DCC84_09505	ko:K04063
pssx:DCC84_09510	ko:K23775
pssx:DCC84_09520	ko:K07090
pssx:DCC84_09535	ko:K09927
pssx:DCC84_09540	ko:K01626
pssx:DCC84_09575	ko:K05592
pssx:DCC84_09580	ko:K15777
pssx:DCC84_09585	ko:K00569
pssx:DCC84_09590	ko:K03799
pssx:DCC84_09595	ko:K14260
pssx:DCC84_09600	ko:K07305
pssx:DCC84_09605	ko:K00432
pssx:DCC84_09610	ko:K23775
pssx:DCC84_09615	ko:K20973
pssx:DCC84_09620	ko:K06923
pssx:DCC84_09625	ko:K08968
pssx:DCC84_09630	ko:K07679
pssx:DCC84_09635	ko:K07690
pssx:DCC84_09645	ko:K01129
pssx:DCC84_09675	ko:K03320
pssx:DCC84_09680	ko:K03455
pssx:DCC84_09695	ko:K06177
pssx:DCC84_09705	ko:K03752
pssx:DCC84_09710	ko:K03638
pssx:DCC84_09715	ko:K03750
pssx:DCC84_09725	ko:K06177
pssx:DCC84_09730	ko:K03608
pssx:DCC84_09735	ko:K03609
pssx:DCC84_09740	ko:K03610
pssx:DCC84_09745	ko:K02517
pssx:DCC84_09750	ko:K07001
pssx:DCC84_09765	ko:K24206
pssx:DCC84_09775	ko:K01483
pssx:DCC84_09780	ko:K01477
pssx:DCC84_09785	ko:K13485
pssx:DCC84_09790	ko:K16842
pssx:DCC84_09800	ko:K07127
pssx:DCC84_09805	ko:K05834
pssx:DCC84_09810	ko:K06901
pssx:DCC84_09820	ko:K05825
pssx:DCC84_09825	ko:K00799
pssx:DCC84_09830	ko:K17737
pssx:DCC84_09835	ko:K03300
pssx:DCC84_09855	ko:K01495
pssx:DCC84_09875	ko:K07320
pssx:DCC84_09890	ko:K06889
pssx:DCC84_09895	ko:K01736
pssx:DCC84_09900	ko:K05820
pssx:DCC84_09905	ko:K08967
pssx:DCC84_09920	ko:K13776
pssx:DCC84_09925	ko:K06867
pssx:DCC84_09960	ko:K03563
pssx:DCC84_09965	ko:K09898
pssx:DCC84_09980	ko:K01953
pssx:DCC84_09985	ko:K15461
pssx:DCC84_09990	ko:K23753
pssx:DCC84_09995	ko:K00632
pssx:DCC84_10005	ko:K01679
pssx:DCC84_10010	ko:K09924
pssx:DCC84_10015	ko:K05527
pssx:DCC84_10020	ko:K07146
pssx:DCC84_10025	ko:K07396
pssx:DCC84_10050	ko:K08196
pssx:DCC84_10055	ko:K06446
pssx:DCC84_10065	ko:K01692
pssx:DCC84_10070	ko:K00074
pssx:DCC84_10075	ko:K01041
pssx:DCC84_10080	ko:K01126
pssx:DCC84_10085	ko:K14220
pssx:DCC84_10095	ko:K01322
pssx:DCC84_10100	ko:K03649
pssx:DCC84_10110	ko:K03543
pssx:DCC84_10115	ko:K03446
pssx:DCC84_10135	ko:K18138
pssx:DCC84_10140	ko:K03585
pssx:DCC84_10145	ko:K18139
pssx:DCC84_10155	ko:K11209
pssx:DCC84_10165	ko:K11102
pssx:DCC84_10170	ko:K00812
pssx:DCC84_10220	ko:K13890
pssx:DCC84_10225	ko:K02034
pssx:DCC84_10230	ko:K02035
pssx:DCC84_10235	ko:K01755
pssx:DCC84_10240	ko:K13892
pssx:DCC84_10260	ko:K03762
pssx:DCC84_10265	ko:K08994
pssx:DCC84_10275	ko:K15986
pssx:DCC84_10280	ko:K06967
pssx:DCC84_10285	ko:K05275
pssx:DCC84_10295	ko:K01173
pssx:DCC84_10300	ko:K06938
pssx:DCC84_10330	ko:K01821
pssx:DCC84_10370	ko:K00375
pssx:DCC84_10390	ko:K03762
pssx:DCC84_10405	ko:K00375
pssx:DCC84_10410	ko:K07734
pssx:DCC84_10415	ko:K07090
pssx:DCC84_10430	ko:K07690
pssx:DCC84_10435	ko:K07679
pssx:DCC84_10440	ko:K07345
pssx:DCC84_10445	ko:K15540
pssx:DCC84_10450	ko:K07347
pssx:DCC84_10455	ko:K07345
pssx:DCC84_10460	ko:K07345
pssx:DCC84_10465	ko:K07346
pssx:DCC84_10470	ko:K07347
pssx:DCC84_10475	ko:K07345
pssx:DCC84_10525	ko:K05770
pssx:DCC84_10540	ko:K07112
pssx:DCC84_10560	ko:K08324
pssx:DCC84_10575	ko:K00832
pssx:DCC84_10580	ko:K03702
pssx:DCC84_10585	ko:K03446
pssx:DCC84_10590	ko:K03543
pssx:DCC84_10595	ko:K01885
pssx:DCC84_10600	ko:K14218
pssx:DCC84_10605	ko:K14224
pssx:DCC84_10610	ko:K14218
pssx:DCC84_10615	ko:K14224
pssx:DCC84_10630	ko:K07107
pssx:DCC84_10635	ko:K05541
pssx:DCC84_10675	ko:K01703
pssx:DCC84_10680	ko:K01704
pssx:DCC84_10690	ko:K00052
pssx:DCC84_10695	ko:K00133
pssx:DCC84_10705	ko:K08086
pssx:DCC84_10710	ko:K06173
pssx:DCC84_10715	ko:K01817
pssx:DCC84_10720	ko:K01963
pssx:DCC84_10725	ko:K11754
pssx:DCC84_10730	ko:K03749
pssx:DCC84_10735	ko:K03558
pssx:DCC84_10740	ko:K00764
pssx:DCC84_10745	ko:K10764
pssx:DCC84_10755	ko:K14237
pssx:DCC84_10760	ko:K14221
pssx:DCC84_10765	ko:K14221
pssx:DCC84_10770	ko:K09471
pssx:DCC84_10775	ko:K14237
pssx:DCC84_10830	ko:K06190
pssx:DCC84_10885	ko:K03312
pssx:DCC84_10895	ko:K21060
pssx:DCC84_10900	ko:K13877
pssx:DCC84_10905	ko:K21062
pssx:DCC84_10910	ko:K12658
pssx:DCC84_10930	ko:K03300
pssx:DCC84_10935	ko:K01053
pssx:DCC84_10940	ko:K01640
pssx:DCC84_10950	ko:K13021
pssx:DCC84_10980	ko:K01304
pssx:DCC84_10985	ko:K07644
pssx:DCC84_10990	ko:K07665
pssx:DCC84_11010	ko:K19270
pssx:DCC84_11025	ko:K08983
pssx:DCC84_11030	ko:K03563
pssx:DCC84_11040	ko:K01150
pssx:DCC84_11050	ko:K05597
pssx:DCC84_11055	ko:K10439
pssx:DCC84_11060	ko:K10441
pssx:DCC84_11065	ko:K10440
pssx:DCC84_11070	ko:K02529
pssx:DCC84_11075	ko:K00852
pssx:DCC84_11080	ko:K06726
pssx:DCC84_11105	ko:K03704
pssx:DCC84_11115	ko:K01868
pssx:DCC84_11120	ko:K02520
pssx:DCC84_11125	ko:K02916
pssx:DCC84_11130	ko:K02887
pssx:DCC84_11135	ko:K01889
pssx:DCC84_11140	ko:K01890
pssx:DCC84_11145	ko:K04764
pssx:DCC84_11155	ko:K14232
pssx:DCC84_11175	ko:K19171
pssx:DCC84_11195	ko:K19172
pssx:DCC84_11200	ko:K19171
pssx:DCC84_11205	ko:K19170
pssx:DCC84_11210	ko:K19169
pssx:DCC84_11215	ko:K07448
pssx:DCC84_11225	ko:K12070
pssx:DCC84_11330	ko:K18093
pssx:DCC84_11335	ko:K08368
pssx:DCC84_11365	ko:K00986
pssx:DCC84_11380	ko:K12071
pssx:DCC84_11415	ko:K03630
pssx:DCC84_11440	ko:K03169
pssx:DCC84_11450	ko:K03111
pssx:DCC84_11485	ko:K02314
pssx:DCC84_11490	ko:K12055
pssx:DCC84_11495	ko:K07733
pssx:DCC84_11505	ko:K08196
pssx:DCC84_11510	ko:K06446
pssx:DCC84_11520	ko:K01692
pssx:DCC84_11525	ko:K00074
pssx:DCC84_11535	ko:K01041
pssx:DCC84_11540	ko:K03521
pssx:DCC84_11545	ko:K03522
pssx:DCC84_11550	ko:K21405
pssx:DCC84_11555	ko:K03366
pssx:DCC84_11560	ko:K03379
pssx:DCC84_11565	ko:K00135
pssx:DCC84_11570	ko:K07267
pssx:DCC84_11575	ko:K03366
pssx:DCC84_11580	ko:K00005
pssx:DCC84_11585	ko:K03396
pssx:DCC84_11590	ko:K00121
pssx:DCC84_11595	ko:K23239
pssx:DCC84_11630	ko:K15977
pssx:DCC84_11635	ko:K06999
pssx:DCC84_11640	ko:K15777
pssx:DCC84_11645	ko:K06988
pssx:DCC84_11670	ko:K08166
pssx:DCC84_11685	ko:K01821
pssx:DCC84_11700	ko:K00480
pssx:DCC84_11705	ko:K03381
pssx:DCC84_11710	ko:K00055
pssx:DCC84_11735	ko:K02483
pssx:DCC84_11755	ko:K07274
pssx:DCC84_11800	ko:K14482
pssx:DCC84_11805	ko:K02618
pssx:DCC84_11810	ko:K02613
pssx:DCC84_11815	ko:K02612
pssx:DCC84_11820	ko:K02611
pssx:DCC84_11825	ko:K02610
pssx:DCC84_11835	ko:K01912
pssx:DCC84_11840	ko:K07823
pssx:DCC84_11845	ko:K02614
pssx:DCC84_11850	ko:K00074
pssx:DCC84_11855	ko:K15866
pssx:DCC84_11860	ko:K01692
pssx:DCC84_11865	ko:K02617
pssx:DCC84_11870	ko:K02616
pssx:DCC84_11875	ko:K03406
pssx:DCC84_11885	ko:K06076
pssx:DCC84_11890	ko:K00146
pssx:DCC84_11895	ko:K18312
pssx:DCC84_11905	ko:K14481
pssx:DCC84_11940	ko:K00767
pssx:DCC84_11950	ko:K04102
pssx:DCC84_11955	ko:K18067
pssx:DCC84_11960	ko:K18068
pssx:DCC84_11965	ko:K18069
pssx:DCC84_11985	ko:K07120
pssx:DCC84_11990	ko:K09936
pssx:DCC84_12005	ko:K03427
pssx:DCC84_12010	ko:K01154
pssx:DCC84_12015	ko:K01153
pssx:DCC84_12025	ko:K03427
pssx:DCC84_12030	ko:K01154
pssx:DCC84_12040	ko:K01153
pssx:DCC84_12085	ko:K12410
pssx:DCC84_12170	ko:K07497
pssx:DCC84_12185	ko:K02014
pssx:DCC84_12190	ko:K02035
pssx:DCC84_12195	ko:K02033
pssx:DCC84_12210	ko:K02034
pssx:DCC84_12215	ko:K02031
pssx:DCC84_12215	ko:K02032
pssx:DCC84_12220	ko:K20938
pssx:DCC84_12240	ko:K02035
pssx:DCC84_12245	ko:K02033
pssx:DCC84_12250	ko:K02034
pssx:DCC84_12255	ko:K02031
pssx:DCC84_12255	ko:K02032
pssx:DCC84_12275	ko:K06147
pssx:DCC84_12290	ko:K02014
pssx:DCC84_12305	ko:K06876
pssx:DCC84_12320	ko:K00146
pssx:DCC84_12325	ko:K23492
pssx:DCC84_12330	ko:K23470
pssx:DCC84_12355	ko:K14063
pssx:DCC84_12370	ko:K00059
pssx:DCC84_12390	ko:K06995
pssx:DCC84_12395	ko:K09471
pssx:DCC84_12405	ko:K02510
pssx:DCC84_12410	ko:K02509
pssx:DCC84_12420	ko:K01826
pssx:DCC84_12430	ko:K00455
pssx:DCC84_12435	ko:K00151
pssx:DCC84_12440	ko:K05921
pssx:DCC84_12445	ko:K05921
pssx:DCC84_12450	ko:K02508
pssx:DCC84_12465	ko:K02014
pssx:DCC84_12470	ko:K15553
pssx:DCC84_12475	ko:K24116
pssx:DCC84_12480	ko:K02014
pssx:DCC84_12485	ko:K06145
pssx:DCC84_12490	ko:K02454
pssx:DCC84_12495	ko:K02455
pssx:DCC84_12500	ko:K02456
pssx:DCC84_12505	ko:K02457
pssx:DCC84_12510	ko:K02458
pssx:DCC84_12515	ko:K02459
pssx:DCC84_12520	ko:K02460
pssx:DCC84_12525	ko:K02461
pssx:DCC84_12530	ko:K02462
pssx:DCC84_12540	ko:K02453
pssx:DCC84_12555	ko:K00812
pssx:DCC84_12570	ko:K07277
pssx:DCC84_12575	ko:K02483
pssx:DCC84_12605	ko:K15977
pssx:DCC84_12620	ko:K09930
pssx:DCC84_12635	ko:K08169
pssx:DCC84_12665	ko:K00675
pssx:DCC84_12710	ko:K02014
pssx:DCC84_12715	ko:K03366
pssx:DCC84_12720	ko:K21405
pssx:DCC84_12725	ko:K21416
pssx:DCC84_12730	ko:K21417
pssx:DCC84_12735	ko:K00627
pssx:DCC84_12745	ko:K01915
pssx:DCC84_12750	ko:K11073
pssx:DCC84_12755	ko:K09471
pssx:DCC84_12770	ko:K02055
pssx:DCC84_12790	ko:K02053
pssx:DCC84_12795	ko:K02054
pssx:DCC84_12800	ko:K02052
pssx:DCC84_12820	ko:K11959
pssx:DCC84_12825	ko:K11960
pssx:DCC84_12830	ko:K11961
pssx:DCC84_12835	ko:K11962
pssx:DCC84_12840	ko:K11963
pssx:DCC84_12860	ko:K02483
pssx:DCC84_12885	ko:K02073
pssx:DCC84_12890	ko:K02071
pssx:DCC84_12895	ko:K02072
pssx:DCC84_12920	ko:K07497
pssx:DCC84_12935	ko:K04091
pssx:DCC84_12940	ko:K04091
pssx:DCC84_12960	ko:K24116
pssx:DCC84_12965	ko:K02014
pssx:DCC84_12985	ko:K02035
pssx:DCC84_12990	ko:K02033
pssx:DCC84_12995	ko:K02034
pssx:DCC84_13000	ko:K02031
pssx:DCC84_13000	ko:K02032
pssx:DCC84_13015	ko:K08641
pssx:DCC84_13025	ko:K07264
pssx:DCC84_13035	ko:K02003
pssx:DCC84_13040	ko:K02004
pssx:DCC84_13080	ko:K05834
pssx:DCC84_13085	ko:K18968
pssx:DCC84_13090	ko:K01295
pssx:DCC84_13105	ko:K06911
pssx:DCC84_13115	ko:K10439
pssx:DCC84_13120	ko:K10441
pssx:DCC84_13125	ko:K10440
pssx:DCC84_13130	ko:K23271
pssx:DCC84_13135	ko:K24707
pssx:DCC84_13145	ko:K02529
pssx:DCC84_13150	ko:K23773
pssx:DCC84_13155	ko:K02433
pssx:DCC84_13160	ko:K06016
pssx:DCC84_13165	ko:K01996
pssx:DCC84_13170	ko:K01995
pssx:DCC84_13175	ko:K01998
pssx:DCC84_13180	ko:K01997
pssx:DCC84_13185	ko:K01999
pssx:DCC84_13215	ko:K01426
pssx:DCC84_13250	ko:K15866
pssx:DCC84_13255	ko:K00249
pssx:DCC84_13265	ko:K12253
pssx:DCC84_13270	ko:K02035
pssx:DCC84_13275	ko:K02033
pssx:DCC84_13280	ko:K02034
pssx:DCC84_13285	ko:K02031
pssx:DCC84_13285	ko:K02032
pssx:DCC84_13290	ko:K00355
pssx:DCC84_13295	ko:K01626
pssx:DCC84_13320	ko:K07689
pssx:DCC84_13325	ko:K03703
pssx:DCC84_13330	ko:K00995
pssx:DCC84_13335	ko:K14225
pssx:DCC84_13340	ko:K03782
pssx:DCC84_13360	ko:K01003
pssx:DCC84_13365	ko:K02000
pssx:DCC84_13365	ko:K02001
pssx:DCC84_13370	ko:K02002
pssx:DCC84_13380	ko:K07304
pssx:DCC84_13395	ko:K02618
pssx:DCC84_13400	ko:K14393
pssx:DCC84_13410	ko:K02613
pssx:DCC84_13415	ko:K02612
pssx:DCC84_13420	ko:K02611
pssx:DCC84_13425	ko:K02610
pssx:DCC84_13430	ko:K02609
pssx:DCC84_13435	ko:K01912
pssx:DCC84_13440	ko:K07823
pssx:DCC84_13445	ko:K02614
pssx:DCC84_13450	ko:K15866
pssx:DCC84_13455	ko:K02617
pssx:DCC84_13460	ko:K02616
pssx:DCC84_13465	ko:K14063
pssx:DCC84_13475	ko:K15228
pssx:DCC84_13490	ko:K15229
pssx:DCC84_13510	ko:K22027
pssx:DCC84_13525	ko:K01426
pssx:DCC84_13540	ko:K00059
pssx:DCC84_13550	ko:K14063
pssx:DCC84_13560	ko:K00484
pssx:DCC84_13565	ko:K03406
pssx:DCC84_13575	ko:K08738
pssx:DCC84_13580	ko:K00146
pssx:DCC84_13600	ko:K23514
pssx:DCC84_13605	ko:K07165
pssx:DCC84_13610	ko:K14698
pssx:DCC84_13615	ko:K14699
pssx:DCC84_13625	ko:K07223
pssx:DCC84_13630	ko:K06153
pssx:DCC84_13650	ko:K10680
pssx:DCC84_13670	ko:K00433
pssx:DCC84_13675	ko:K13979
pssx:DCC84_13685	ko:K23242
pssx:DCC84_13690	ko:K02032
pssx:DCC84_13695	ko:K02031
pssx:DCC84_13700	ko:K02034
pssx:DCC84_13705	ko:K02033
pssx:DCC84_13710	ko:K02035
pssx:DCC84_13715	ko:K08641
pssx:DCC84_13740	ko:K07165
pssx:DCC84_13745	ko:K02459
pssx:DCC84_13750	ko:K02457
pssx:DCC84_13755	ko:K02452
pssx:DCC84_13760	ko:K02458
pssx:DCC84_13765	ko:K02456
pssx:DCC84_13770	ko:K02460
pssx:DCC84_13775	ko:K02461
pssx:DCC84_13780	ko:K02462
pssx:DCC84_13785	ko:K02453
pssx:DCC84_13800	ko:K02454
pssx:DCC84_13805	ko:K02455
pssx:DCC84_13820	ko:K02016
pssx:DCC84_13830	ko:K16092
pssx:DCC84_13835	ko:K01356
pssx:DCC84_13840	ko:K14160
pssx:DCC84_13845	ko:K14161
pssx:DCC84_13850	ko:K14162
pssx:DCC84_13860	ko:K03701
pssx:DCC84_13885	ko:K07025
pssx:DCC84_13890	ko:K07484
pssx:DCC84_13895	ko:K07484
pssx:DCC84_13900	ko:K07483
pssx:DCC84_13910	ko:K13408
pssx:DCC84_13915	ko:K13409
pssx:DCC84_13950	ko:K13954
pssx:DCC84_13965	ko:K06889
pssx:DCC84_14040	ko:K05834
pssx:DCC84_14060	ko:K00799
pssx:DCC84_14085	ko:K03446
pssx:DCC84_14090	ko:K03543
pssx:DCC84_14100	ko:K19577
pssx:DCC84_14110	ko:K07302
pssx:DCC84_14115	ko:K07303
pssx:DCC84_14120	ko:K06150
pssx:DCC84_14125	ko:K07304
pssx:DCC84_14140	ko:K09471
pssx:DCC84_14145	ko:K02030
pssx:DCC84_14150	ko:K09972
pssx:DCC84_14155	ko:K02029
pssx:DCC84_14170	ko:K07222
pssx:DCC84_14175	ko:K03786
pssx:DCC84_14190	ko:K02028
pssx:DCC84_14190	ko:K02029
pssx:DCC84_14200	ko:K02030
pssx:DCC84_14215	ko:K01438
pssx:DCC84_14225	ko:K03566
pssx:DCC84_14240	ko:K00615
pssx:DCC84_14245	ko:K09794
pssx:DCC84_14250	ko:K25986
pssx:DCC84_14275	ko:K04774
pssx:DCC84_14285	ko:K11477
pssx:DCC84_14295	ko:K05879
pssx:DCC84_14300	ko:K05878
pssx:DCC84_14305	ko:K23271
pssx:DCC84_14315	ko:K17205
pssx:DCC84_14320	ko:K17206
pssx:DCC84_14325	ko:K17207
pssx:DCC84_14330	ko:K01808
pssx:DCC84_14340	ko:K15553
pssx:DCC84_14370	ko:K00344
pssx:DCC84_14380	ko:K06911
pssx:DCC84_14390	ko:K09932
pssx:DCC84_14410	ko:K02014
pssx:DCC84_14425	ko:K00274
pssx:DCC84_14430	ko:K02014
pssx:DCC84_14450	ko:K15553
pssx:DCC84_14455	ko:K28525
pssx:DCC84_14460	ko:K15553
pssx:DCC84_14470	ko:K24700
pssx:DCC84_14485	ko:K04091
pssx:DCC84_14490	ko:K15554
pssx:DCC84_14495	ko:K15555
pssx:DCC84_14500	ko:K15553
pssx:DCC84_14520	ko:K05785
pssx:DCC84_14525	ko:K25307
pssx:DCC84_14530	ko:K16692
pssx:DCC84_14565	ko:K25903
pssx:DCC84_14570	ko:K25904
pssx:DCC84_14575	ko:K16011
pssx:DCC84_14580	ko:K00012
pssx:DCC84_14590	ko:K01991
pssx:DCC84_14640	ko:K05499
pssx:DCC84_14660	ko:K03101
pssx:DCC84_14665	ko:K01425
pssx:DCC84_14685	ko:K02028
pssx:DCC84_14690	ko:K02029
pssx:DCC84_14695	ko:K02030
pssx:DCC84_14700	ko:K02624
pssx:DCC84_14710	ko:K13747
pssx:DCC84_14730	ko:K11073
pssx:DCC84_14740	ko:K03566
pssx:DCC84_14750	ko:K00549
pssx:DCC84_14755	ko:K23514
pssx:DCC84_14760	ko:K07165
pssx:DCC84_14765	ko:K02014
pssx:DCC84_14775	ko:K07241
pssx:DCC84_14790	ko:K00799
pssx:DCC84_14795	ko:K03710
pssx:DCC84_14815	ko:K01470
pssx:DCC84_14825	ko:K21470
pssx:DCC84_14840	ko:K01778
pssx:DCC84_14850	ko:K19707
pssx:DCC84_14855	ko:K06872
pssx:DCC84_14860	ko:K15256
pssx:DCC84_14890	ko:K03457
pssx:DCC84_14900	ko:K01438
pssx:DCC84_14915	ko:K07222
pssx:DCC84_14925	ko:K12256
pssx:DCC84_14930	ko:K14052
pssx:DCC84_14935	ko:K09472
pssx:DCC84_14940	ko:K22477
pssx:DCC84_14960	ko:K23256
pssx:DCC84_14975	ko:K11103
pssx:DCC84_14980	ko:K01755
pssx:DCC84_14990	ko:K09796
pssx:DCC84_14995	ko:K07152
pssx:DCC84_15035	ko:K06884
pssx:DCC84_15055	ko:K05520
pssx:DCC84_15060	ko:K08995
pssx:DCC84_15085	ko:K06889
pssx:DCC84_15135	ko:K01706
pssx:DCC84_15165	ko:K16088
pssx:DCC84_15170	ko:K07165
pssx:DCC84_15175	ko:K23514
pssx:DCC84_15190	ko:K13896
pssx:DCC84_15195	ko:K13895
pssx:DCC84_15200	ko:K13894
pssx:DCC84_15205	ko:K13893
pssx:DCC84_15210	ko:K13893
pssx:DCC84_15215	ko:K08307
pssx:DCC84_15220	ko:K01069
pssx:DCC84_15230	ko:K03469
pssx:DCC84_15235	ko:K02342
pssx:DCC84_15245	ko:K02030
pssx:DCC84_15250	ko:K02030
pssx:DCC84_15260	ko:K00812
pssx:DCC84_15265	ko:K02029
pssx:DCC84_15270	ko:K02029
pssx:DCC84_15275	ko:K02028
pssx:DCC84_15285	ko:K11209
pssx:DCC84_15290	ko:K01760
pssx:DCC84_15295	ko:K11065
pssx:DCC84_15300	ko:K07799
pssx:DCC84_15305	ko:K07788
pssx:DCC84_15310	ko:K07789
pssx:DCC84_15315	ko:K18139
pssx:DCC84_15320	ko:K21023
pssx:DCC84_15350	ko:K07507
pssx:DCC84_15360	ko:K16147
pssx:DCC84_15365	ko:K05343
pssx:DCC84_15370	ko:K00700
pssx:DCC84_15405	ko:K01214
pssx:DCC84_15415	ko:K06044
pssx:DCC84_15420	ko:K00705
pssx:DCC84_15425	ko:K01236
pssx:DCC84_15430	ko:K00703
pssx:DCC84_15460	ko:K03406
pssx:DCC84_15470	ko:K18900
pssx:DCC84_15490	ko:K02049
pssx:DCC84_15495	ko:K02051
pssx:DCC84_15500	ko:K02050
pssx:DCC84_15520	ko:K07116
pssx:DCC84_15525	ko:K14222
pssx:DCC84_15545	ko:K00558
pssx:DCC84_15550	ko:K06952
pssx:DCC84_15590	ko:K01494
pssx:DCC84_15615	ko:K06919
pssx:DCC84_15690	ko:K06903
pssx:DCC84_15715	ko:K06907
pssx:DCC84_15720	ko:K06908
pssx:DCC84_15735	ko:K06906
pssx:DCC84_15750	ko:K06905
pssx:DCC84_15755	ko:K03791
pssx:DCC84_15765	ko:K06223
pssx:DCC84_15785	ko:K03655
pssx:DCC84_15795	ko:K16088
pssx:DCC84_15830	ko:K27078
pssx:DCC84_15845	ko:K01179
pssx:DCC84_15850	ko:K09983
pssx:DCC84_15880	ko:K14228
pssx:DCC84_15930	ko:K00558
pssx:DCC84_16190	ko:K26973
pssx:DCC84_16195	ko:K26974
pssx:DCC84_16200	ko:K26975
pssx:DCC84_16220	ko:K26976
pssx:DCC84_16225	ko:K26977
pssx:DCC84_16255	ko:K03791
pssx:DCC84_16295	ko:K01142
pssx:DCC84_16330	ko:K03832
pssx:DCC84_16335	ko:K01619
pssx:DCC84_16340	ko:K11534
pssx:DCC84_16345	ko:K10439
pssx:DCC84_16350	ko:K00008
pssx:DCC84_16365	ko:K05346
pssx:DCC84_16370	ko:K10441
pssx:DCC84_16375	ko:K10440
pssx:DCC84_16390	ko:K05834
pssx:DCC84_16440	ko:K01531
pssx:DCC84_16455	ko:K06600
pssx:DCC84_16460	ko:K06599
pssx:DCC84_16465	ko:K03741
pssx:DCC84_16470	ko:K03893
pssx:DCC84_16475	ko:K03892
pssx:DCC84_16485	ko:K26605
pssx:DCC84_16490	ko:K26606
pssx:DCC84_16510	ko:K03168
pssx:DCC84_16515	ko:K02017
pssx:DCC84_16520	ko:K02018
pssx:DCC84_16525	ko:K02020
pssx:DCC84_16530	ko:K00459
pssx:DCC84_16545	ko:K10778
pssx:DCC84_16550	ko:K03919
pssx:DCC84_16555	ko:K09990
pssx:DCC84_16575	ko:K19713
pssx:DCC84_16595	ko:K00963
pssx:DCC84_16605	ko:K02014
pssx:DCC84_16610	ko:K00383
pssx:DCC84_16625	ko:K24119
pssx:DCC84_16630	ko:K03387
pssx:DCC84_16635	ko:K01759
pssx:DCC84_16650	ko:K26148
pssx:DCC84_16665	ko:K00457
pssx:DCC84_16675	ko:K05786
pssx:DCC84_16710	ko:K02647
pssx:DCC84_16715	ko:K00865
pssx:DCC84_16740	ko:K03825
pssx:DCC84_16745	ko:K25316
pssx:DCC84_16760	ko:K00404
pssx:DCC84_16765	ko:K07248
pssx:DCC84_16770	ko:K26602
pssx:DCC84_16775	ko:K01684
pssx:DCC84_16790	ko:K17989
pssx:DCC84_16795	ko:K03307
pssx:DCC84_16815	ko:K09022
pssx:DCC84_16825	ko:K22589
pssx:DCC84_16830	ko:K15555
pssx:DCC84_16835	ko:K15554
pssx:DCC84_16840	ko:K15554
pssx:DCC84_16845	ko:K02014
pssx:DCC84_16850	ko:K02014
pssx:DCC84_16865	ko:K04091
pssx:DCC84_16875	ko:K06147
pssx:DCC84_16880	ko:K06147
pssx:DCC84_16900	ko:K04091
pssx:DCC84_16905	ko:K02035
pssx:DCC84_16910	ko:K02033
pssx:DCC84_16915	ko:K02034
pssx:DCC84_16920	ko:K02031
pssx:DCC84_16920	ko:K02032
pssx:DCC84_16925	ko:K04091
pssx:DCC84_16940	ko:K02035
pssx:DCC84_16945	ko:K04091
pssx:DCC84_16955	ko:K15553
pssx:DCC84_16965	ko:K28192
pssx:DCC84_16975	ko:K18337
pssx:DCC84_16980	ko:K02856
pssx:DCC84_16985	ko:K03534
pssx:DCC84_16990	ko:K07046
pssx:DCC84_16995	ko:K07248
pssx:DCC84_17000	ko:K02510
pssx:DCC84_17005	ko:K12661
pssx:DCC84_17010	ko:K26580
pssx:DCC84_17020	ko:K23514
pssx:DCC84_17025	ko:K07165
pssx:DCC84_17030	ko:K15555
pssx:DCC84_17035	ko:K15554
pssx:DCC84_17040	ko:K15553
pssx:DCC84_17055	ko:K14155
pssx:DCC84_17060	ko:K01118
pssx:DCC84_17075	ko:K00375
pssx:DCC84_17080	ko:K01584
pssx:DCC84_17095	ko:K02456
pssx:DCC84_17105	ko:K19784
pssx:DCC84_17110	ko:K00156
pssx:DCC84_17125	ko:K01682
pssx:DCC84_17130	ko:K06938
pssx:DCC84_17140	ko:K14055
pssx:DCC84_17145	ko:K06169
pssx:DCC84_17155	ko:K06720
pssx:DCC84_17160	ko:K18073
pssx:DCC84_17165	ko:K18072
pssx:DCC84_17205	ko:K00575
pssx:DCC84_17210	ko:K03412
pssx:DCC84_17220	ko:K13589
pssx:DCC84_17230	ko:K08482
pssx:DCC84_17240	ko:K08994
pssx:DCC84_17255	ko:K01895
pssx:DCC84_17265	ko:K00626
pssx:DCC84_17270	ko:K00248
pssx:DCC84_17275	ko:K01692
pssx:DCC84_17290	ko:K07168
pssx:DCC84_17305	ko:K00012
pssx:DCC84_17310	ko:K12963
pssx:DCC84_17315	ko:K12962
pssx:DCC84_17320	ko:K07264
pssx:DCC84_17325	ko:K13014
pssx:DCC84_17330	ko:K10011
pssx:DCC84_17335	ko:K10012
pssx:DCC84_17365	ko:K02014
pssx:DCC84_17370	ko:K03710
pssx:DCC84_17385	ko:K15553
pssx:DCC84_17390	ko:K15554
pssx:DCC84_17395	ko:K15555
pssx:DCC84_17410	ko:K07552
pssx:DCC84_17425	ko:K13896
pssx:DCC84_17430	ko:K13895
pssx:DCC84_17435	ko:K13894
pssx:DCC84_17440	ko:K13893
pssx:DCC84_17450	ko:K07165
pssx:DCC84_17455	ko:K23514
pssx:DCC84_17470	ko:K01873
pssx:DCC84_17495	ko:K15553
pssx:DCC84_17505	ko:K03585
pssx:DCC84_17510	ko:K18138
pssx:DCC84_17520	ko:K22185
pssx:DCC84_17525	ko:K01785
pssx:DCC84_17530	ko:K10537
pssx:DCC84_17540	ko:K13877
pssx:DCC84_17555	ko:K13875
pssx:DCC84_17580	ko:K05349
pssx:DCC84_17590	ko:K01451
pssx:DCC84_17595	ko:K14057
pssx:DCC84_17600	ko:K07274
pssx:DCC84_17615	ko:K02483
pssx:DCC84_17630	ko:K24847
pssx:DCC84_17640	ko:K03719
pssx:DCC84_17650	ko:K00854
pssx:DCC84_17655	ko:K02529
pssx:DCC84_17660	ko:K10439
pssx:DCC84_17665	ko:K10440
pssx:DCC84_17670	ko:K10441
pssx:DCC84_17680	ko:K11443
pssx:DCC84_17710	ko:K06987
pssx:DCC84_17725	ko:K02029
pssx:DCC84_17730	ko:K02029
pssx:DCC84_17740	ko:K02030
pssx:DCC84_17745	ko:K02028
pssx:DCC84_17745	ko:K12252
pssx:DCC84_17750	ko:K01521
pssx:DCC84_17770	ko:K24160
pssx:DCC84_17795	ko:K07304
pssx:DCC84_17805	ko:K07305
pssx:DCC84_17820	ko:K27108
pssx:DCC84_17840	ko:K10844
pssx:DCC84_17860	ko:K12685
pssx:DCC84_17865	ko:K12685
pssx:DCC84_17870	ko:K12538
pssx:DCC84_17875	ko:K12537
pssx:DCC84_17880	ko:K12536
pssx:DCC84_17890	ko:K01406
pssx:DCC84_17910	ko:K11073
pssx:DCC84_17915	ko:K06995
pssx:DCC84_17940	ko:K06911
pssx:DCC84_17945	ko:K01835
pssx:DCC84_17965	ko:K18297
pssx:DCC84_18010	ko:K05548
pssx:DCC84_18015	ko:K05783
pssx:DCC84_18020	ko:K05784
pssx:DCC84_18025	ko:K05550
pssx:DCC84_18030	ko:K05549
pssx:DCC84_18045	ko:K02030
pssx:DCC84_18050	ko:K02028
pssx:DCC84_18050	ko:K02029
pssx:DCC84_18060	ko:K09967
pssx:DCC84_18065	ko:K10440
pssx:DCC84_18070	ko:K10440
pssx:DCC84_18075	ko:K10441
pssx:DCC84_18080	ko:K10439
pssx:DCC84_18095	ko:K18298
pssx:DCC84_18100	ko:K18299
pssx:DCC84_18105	ko:K18300
pssx:DCC84_18120	ko:K07085
pssx:DCC84_18125	ko:K01580
pssx:DCC84_18135	ko:K07243
pssx:DCC84_18145	ko:K16301
pssx:DCC84_18150	ko:K07224
pssx:DCC84_18155	ko:K01851
pssx:DCC84_18160	ko:K04782
pssx:DCC84_18165	ko:K12242
pssx:DCC84_18175	ko:K12240
pssx:DCC84_18180	ko:K12239
pssx:DCC84_18185	ko:K14699
pssx:DCC84_18190	ko:K14698
pssx:DCC84_18195	ko:K12238
pssx:DCC84_18200	ko:K12243
pssx:DCC84_18205	ko:K02014
pssx:DCC84_18215	ko:K02016
pssx:DCC84_18220	ko:K02015
pssx:DCC84_18225	ko:K02013
pssx:DCC84_18230	ko:K08151
pssx:DCC84_18240	ko:K00998
pssx:DCC84_18250	ko:K09958
pssx:DCC84_18260	ko:K21430
pssx:DCC84_18270	ko:K10979
pssx:DCC84_18275	ko:K01971
pssx:DCC84_18280	ko:K12979
pssx:DCC84_18315	ko:K01118
pssx:DCC84_18335	ko:K06153
pssx:DCC84_18340	ko:K03406
pssx:DCC84_18350	ko:K03811
pssx:DCC84_18395	ko:K22294
pssx:DCC84_18400	ko:K18030
pssx:DCC84_18405	ko:K18029
pssx:DCC84_18410	ko:K22296
pssx:DCC84_18415	ko:K18028
pssx:DCC84_18420	ko:K14974
pssx:DCC84_18425	ko:K15357
pssx:DCC84_18430	ko:K01799
pssx:DCC84_18435	ko:K13995
pssx:DCC84_18460	ko:K10227
pssx:DCC84_18470	ko:K10228
pssx:DCC84_18475	ko:K10229
pssx:DCC84_18480	ko:K10111
pssx:DCC84_18485	ko:K00045
pssx:DCC84_18490	ko:K00854
pssx:DCC84_18495	ko:K00847
pssx:DCC84_18500	ko:K06188
pssx:DCC84_18525	ko:K01754
pssx:DCC84_18535	ko:K01265
pssx:DCC84_18545	ko:K03284
pssx:DCC84_18560	ko:K17228
pssx:DCC84_18570	ko:K07090
pssx:DCC84_18585	ko:K03088
pssx:DCC84_18595	ko:K03281
pssx:DCC84_18600	ko:K07039
pssx:DCC84_18620	ko:K00800
pssx:DCC84_18640	ko:K01607
pssx:DCC84_18650	ko:K00355
pssx:DCC84_18685	ko:K15736
pssx:DCC84_18700	ko:K04063
pssx:DCC84_18730	ko:K02019
pssx:DCC84_18740	ko:K11737
pssx:DCC84_18765	ko:K01915
pssx:DCC84_18800	ko:K23777
pssx:DCC84_18805	ko:K03543
pssx:DCC84_18810	ko:K03446
pssx:DCC84_18820	ko:K09136
pssx:DCC84_18830	ko:K07025
pssx:DCC84_18840	ko:K00145
pssx:DCC84_18885	ko:K05834
pssx:DCC84_18905	ko:K01714
pssx:DCC84_18915	ko:K01457
pssx:DCC84_18920	ko:K01697
pssx:DCC84_18925	ko:K01758
pssx:DCC84_18930	ko:K00010
pssx:DCC84_18935	ko:K02529
pssx:DCC84_18950	ko:K17213
pssx:DCC84_18980	ko:K07052
pssx:DCC84_19025	ko:K00823
pssx:DCC84_19030	ko:K28029
pssx:DCC84_19035	ko:K09702
pssx:DCC84_19045	ko:K17850
pssx:DCC84_19050	ko:K01467
pssx:DCC84_19055	ko:K11690
pssx:DCC84_19060	ko:K11689
pssx:DCC84_19065	ko:K11688
pssx:DCC84_19070	ko:K18292
pssx:DCC84_19075	ko:K18289
pssx:DCC84_19085	ko:K00249
pssx:DCC84_19090	ko:K18291
pssx:DCC84_19110	ko:K03566
pssx:DCC84_19135	ko:K02035
pssx:DCC84_19140	ko:K02033
pssx:DCC84_19145	ko:K02034
pssx:DCC84_19150	ko:K02031
pssx:DCC84_19150	ko:K02032
pssx:DCC84_19160	ko:K03566
pssx:DCC84_19165	ko:K08368
pssx:DCC84_19170	ko:K00135
pssx:DCC84_19175	ko:K23107
pssx:DCC84_19180	ko:K10713
pssx:DCC84_19185	ko:K00526
pssx:DCC84_19190	ko:K06938
pssx:DCC84_19195	ko:K00163
pssx:DCC84_19200	ko:K06969
pssx:DCC84_19205	ko:K01004
pssx:DCC84_19210	ko:K07090
pssx:DCC84_19215	ko:K03426
pssx:DCC84_19225	ko:K02484
pssx:DCC84_19230	ko:K02483
pssx:DCC84_19240	ko:K03585
pssx:DCC84_19245	ko:K18138
pssx:DCC84_19290	ko:K02525
pssx:DCC84_19300	ko:K11441
pssx:DCC84_19310	ko:K00032
pssx:DCC84_19320	ko:K03406
pssx:DCC84_19325	ko:K16345
pssx:DCC84_19350	ko:K01501
pssx:DCC84_19370	ko:K13609
pssx:DCC84_19405	ko:K06992
pssx:DCC84_19435	ko:K00036
pssx:DCC84_19440	ko:K00033
pssx:DCC84_19445	ko:K19353
pssx:DCC84_19450	ko:K16088
pssx:DCC84_19465	ko:K06916
pssx:DCC84_19485	ko:K01256
pssx:DCC84_19495	ko:K09916
pssx:DCC84_19500	ko:K02441
pssx:DCC84_19510	ko:K00858
pssx:DCC84_19515	ko:K09977
pssx:DCC84_19520	ko:K13580
pssx:DCC84_19525	ko:K03405
pssx:DCC84_19530	ko:K02230
pssx:DCC84_19535	ko:K02234
pssx:DCC84_19545	ko:K09458
pssx:DCC84_19560	ko:K02189
pssx:DCC84_19565	ko:K05936
pssx:DCC84_19570	ko:K07400
pssx:DCC84_19585	ko:K00548
pssx:DCC84_19610	ko:K00381
pssx:DCC84_19635	ko:K03837
pssx:DCC84_19645	ko:K16137
pssx:DCC84_19670	ko:K27080
pssx:DCC84_19685	ko:K00375
pssx:DCC84_19695	ko:K01246
pssx:DCC84_19700	ko:K11103
pssx:DCC84_19715	ko:K15371
pssx:DCC84_19725	ko:K03924
pssx:DCC84_19740	ko:K07114
pssx:DCC84_19745	ko:K07114
pssx:DCC84_19755	ko:K17321
pssx:DCC84_19765	ko:K17323
pssx:DCC84_19770	ko:K17322
pssx:DCC84_19775	ko:K17325
pssx:DCC84_19780	ko:K17324
pssx:DCC84_19785	ko:K21405
pssx:DCC84_19810	ko:K06016
pssx:DCC84_19815	ko:K02444
pssx:DCC84_19820	ko:K02433
pssx:DCC84_19850	ko:K02014
pssx:DCC84_19855	ko:K02002
pssx:DCC84_19890	ko:K03406
pssx:DCC84_19895	ko:K06204
pssx:DCC84_19900	ko:K17214
pssx:DCC84_19905	ko:K17215
pssx:DCC84_19910	ko:K17213
pssx:DCC84_19925	ko:K06605
pssx:DCC84_19930	ko:K00010
pssx:DCC84_19935	ko:K03336
pssx:DCC84_19940	ko:K06606
pssx:DCC84_19945	ko:K00140
pssx:DCC84_19950	ko:K03337
pssx:DCC84_19955	ko:K03335
pssx:DCC84_19960	ko:K03338
pssx:DCC84_19970	ko:K01897
pssx:DCC84_19975	ko:K00626
pssx:DCC84_19985	ko:K00059
pssx:DCC84_19990	ko:K06445
pssx:DCC84_19995	ko:K06076
pssx:DCC84_20020	ko:K00496
pssx:DCC84_20040	ko:K07044
pssx:DCC84_20045	ko:K01166
pssx:DCC84_20055	ko:K03574
pssx:DCC84_20060	ko:K01916
pssx:DCC84_20065	ko:K00763
pssx:DCC84_20070	ko:K08281
pssx:DCC84_20080	ko:K21620
pssx:DCC84_20085	ko:K10227
pssx:DCC84_20095	ko:K04343
pssx:DCC84_20100	ko:K05517
pssx:DCC84_20135	ko:K21904
pssx:DCC84_20140	ko:K09936
pssx:DCC84_20145	ko:K09936
pssx:DCC84_20155	ko:K28280
pssx:DCC84_20160	ko:K28279
pssx:DCC84_20165	ko:K03322
pssx:DCC84_20195	ko:K11747
pssx:DCC84_20200	ko:K27311
pssx:DCC84_20205	ko:K06999
pssx:DCC84_20210	ko:K02228
pssx:DCC84_20240	ko:K02761
pssx:DCC84_20255	ko:K11916
pssx:DCC84_20260	ko:K11915
pssx:DCC84_20265	ko:K11891
pssx:DCC84_20270	ko:K11892
pssx:DCC84_20275	ko:K11893
pssx:DCC84_20280	ko:K11906
pssx:DCC84_20285	ko:K11894
pssx:DCC84_20295	ko:K11914
pssx:DCC84_20300	ko:K11907
pssx:DCC84_20305	ko:K11895
pssx:DCC84_20310	ko:K11896
pssx:DCC84_20315	ko:K11905
pssx:DCC84_20320	ko:K11900
pssx:DCC84_20325	ko:K11901
pssx:DCC84_20330	ko:K11910
pssx:DCC84_20335	ko:K11903
pssx:DCC84_20350	ko:K11073
pssx:DCC84_20365	ko:K03769
pssx:DCC84_20370	ko:K13893
pssx:DCC84_20375	ko:K13894
pssx:DCC84_20380	ko:K13895
pssx:DCC84_20385	ko:K13896
pssx:DCC84_20400	ko:K00019
pssx:DCC84_20405	ko:K01907
pssx:DCC84_20415	ko:K03769
pssx:DCC84_20420	ko:K00874
pssx:DCC84_20440	ko:K02028
pssx:DCC84_20445	ko:K02029
pssx:DCC84_20450	ko:K02029
pssx:DCC84_20455	ko:K02030
pssx:DCC84_20465	ko:K03671
pssx:DCC84_20500	ko:K08159
pssx:DCC84_20505	ko:K14347
pssx:DCC84_20520	ko:K06016
pssx:DCC84_20530	ko:K01999
pssx:DCC84_20535	ko:K01996
pssx:DCC84_20540	ko:K01995
pssx:DCC84_20545	ko:K01998
pssx:DCC84_20550	ko:K01997
pssx:DCC84_20555	ko:K03566
pssx:DCC84_20560	ko:K15553
pssx:DCC84_20570	ko:K09022
pssx:DCC84_20580	ko:K03756
pssx:DCC84_20610	ko:K03832
pssx:DCC84_20615	ko:K03559
pssx:DCC84_20620	ko:K03561
pssx:DCC84_20635	ko:K05800
pssx:DCC84_20655	ko:K06222
pssx:DCC84_20665	ko:K07679
pssx:DCC84_20670	ko:K07690
pssx:DCC84_20675	ko:K07507
pssx:DCC84_20685	ko:K01802
pssx:DCC84_20695	ko:K07497
pssx:DCC84_20735	ko:K15553
pssx:DCC84_20740	ko:K15554
pssx:DCC84_20745	ko:K15555
pssx:DCC84_20780	ko:K23243
pssx:DCC84_20800	ko:K01915
pssx:DCC84_20835	ko:K03169
pssx:DCC84_20855	ko:K17737
pssx:DCC84_20860	ko:K01028
pssx:DCC84_20865	ko:K01029
pssx:DCC84_20870	ko:K00626
pssx:DCC84_20875	ko:K17362
pssx:DCC84_20895	ko:K01698
pssx:DCC84_20905	ko:K11209
pssx:DCC84_20915	ko:K07089
pssx:DCC84_20920	ko:K06917
pssx:DCC84_20925	ko:K01008
pssx:DCC84_20940	ko:K03717
pssx:DCC84_20950	ko:K07862
pssx:DCC84_20955	ko:K09983
pssx:DCC84_20960	ko:K09915
pssx:DCC84_20965	ko:K00014
pssx:DCC84_20990	ko:K08303
pssx:DCC84_20995	ko:K03547
pssx:DCC84_21000	ko:K03546
pssx:DCC84_21015	ko:K07404
pssx:DCC84_21025	ko:K07003
pssx:DCC84_21040	ko:K07787
pssx:DCC84_21045	ko:K07798
pssx:DCC84_21050	ko:K07796
pssx:DCC84_21065	ko:K02483
pssx:DCC84_21085	ko:K00064
pssx:DCC84_21145	ko:K16165
pssx:DCC84_21170	ko:K02014
pssx:DCC84_21175	ko:K07165
pssx:DCC84_21180	ko:K23514
pssx:DCC84_21190	ko:K02014
pssx:DCC84_21215	ko:K07124
pssx:DCC84_21230	ko:K01426
pssx:DCC84_21240	ko:K01114
pssx:DCC84_21245	ko:K02529
pssx:DCC84_21250	ko:K01805
pssx:DCC84_21255	ko:K10543
pssx:DCC84_21260	ko:K10545
pssx:DCC84_21265	ko:K10544
pssx:DCC84_21270	ko:K29069
pssx:DCC84_21280	ko:K01207
pssx:DCC84_21285	ko:K01207
pssx:DCC84_21310	ko:K11069
pssx:DCC84_21315	ko:K11071
pssx:DCC84_21320	ko:K11070
pssx:DCC84_21325	ko:K02052
pssx:DCC84_21345	ko:K09992
pssx:DCC84_21350	ko:K01652
pssx:DCC84_21400	ko:K00344
pssx:DCC84_21410	ko:K18093
pssx:DCC84_21415	ko:K04080
pssx:DCC84_21420	ko:K06140
pssx:DCC84_21425	ko:K14233
pssx:DCC84_21430	ko:K19416
pssx:DCC84_21435	ko:K07235
pssx:DCC84_21440	ko:K07236
pssx:DCC84_21445	ko:K07237
pssx:DCC84_21450	ko:K11179
pssx:DCC84_21460	ko:K07393
pssx:DCC84_21465	ko:K02302
pssx:DCC84_21470	ko:K01875
pssx:DCC84_21475	ko:K06199
pssx:DCC84_21480	ko:K07478
pssx:DCC84_21485	ko:K03634
pssx:DCC84_21490	ko:K03466
pssx:DCC84_21500	ko:K00684
pssx:DCC84_21505	ko:K21420
pssx:DCC84_21510	ko:K02518
pssx:DCC84_21520	ko:K03694
pssx:DCC84_21525	ko:K06891
pssx:DCC84_21530	ko:K03704
pssx:DCC84_21535	ko:K00031
pssx:DCC84_21540	ko:K00031
pssx:DCC84_21550	ko:K00566
pssx:DCC84_21555	ko:K07153
pssx:DCC84_21560	ko:K01756
pssx:DCC84_21565	ko:K18850
pssx:DCC84_21585	ko:K01637
pssx:DCC84_21595	ko:K00330
pssx:DCC84_21600	ko:K00331
pssx:DCC84_21605	ko:K13378
pssx:DCC84_21610	ko:K00334
pssx:DCC84_21615	ko:K00335
pssx:DCC84_21620	ko:K00336
pssx:DCC84_21625	ko:K00337
pssx:DCC84_21630	ko:K00338
pssx:DCC84_21635	ko:K00339
pssx:DCC84_21640	ko:K00340
pssx:DCC84_21645	ko:K00341
pssx:DCC84_21650	ko:K00342
pssx:DCC84_21655	ko:K00343
pssx:DCC84_21665	ko:K07726
pssx:DCC84_21670	ko:K03406
pssx:DCC84_21675	ko:K07084
pssx:DCC84_21680	ko:K03406
pssx:DCC84_21690	ko:K02483
pssx:DCC84_21710	ko:K01737
pssx:DCC84_21725	ko:K10974
pssx:DCC84_21735	ko:K01485
pssx:DCC84_21755	ko:K11904
pssx:DCC84_21760	ko:K01778
pssx:DCC84_21770	ko:K18335
pssx:DCC84_21775	ko:K18336
pssx:DCC84_21780	ko:K18334
pssx:DCC84_21785	ko:K07046
pssx:DCC84_21790	ko:K18333
pssx:DCC84_21795	ko:K29028
pssx:DCC84_21835	ko:K16091
pssx:DCC84_21840	ko:K07165
pssx:DCC84_21855	ko:K15268
pssx:DCC84_21875	ko:K26937
pssx:DCC84_21880	ko:K09965
pssx:DCC84_21890	ko:K01426
pssx:DCC84_21900	ko:K01455
pssx:DCC84_21915	ko:K03719
pssx:DCC84_21920	ko:K01761
pssx:DCC84_21930	ko:K05685
pssx:DCC84_21935	ko:K13888
pssx:DCC84_21970	ko:K20330
pssx:DCC84_21990	ko:K07006
pssx:DCC84_22010	ko:K00799
pssx:DCC84_22020	ko:K00046
pssx:DCC84_22025	ko:K00098
pssx:DCC84_22030	ko:K02069
pssx:DCC84_22035	ko:K02068
pssx:DCC84_22040	ko:K07095
pssx:DCC84_22060	ko:K11610
pssx:DCC84_22065	ko:K03762
pssx:DCC84_22075	ko:K02051
pssx:DCC84_22085	ko:K01011
pssx:DCC84_22090	ko:K02014
pssx:DCC84_22100	ko:K03811
pssx:DCC84_22105	ko:K11903
pssx:DCC84_22135	ko:K03229
pssx:DCC84_22140	ko:K03228
pssx:DCC84_22145	ko:K03227
pssx:DCC84_22150	ko:K03226
pssx:DCC84_22155	ko:K03225
pssx:DCC84_22160	ko:K04056
pssx:DCC84_22165	ko:K03224
pssx:DCC84_22170	ko:K03223
pssx:DCC84_22175	ko:K04054
pssx:DCC84_22180	ko:K03222
pssx:DCC84_22210	ko:K02280
pssx:DCC84_22215	ko:K03230
pssx:DCC84_22220	ko:K04060
pssx:DCC84_22250	ko:K07223
pssx:DCC84_22255	ko:K00131
pssx:DCC84_22285	ko:K02003
pssx:DCC84_22290	ko:K02004
pssx:DCC84_22295	ko:K12340
pssx:DCC84_22300	ko:K02005
pssx:DCC84_22315	ko:K20938
pssx:DCC84_22350	ko:K05559
pssx:DCC84_22355	ko:K05560
pssx:DCC84_22360	ko:K05561
pssx:DCC84_22365	ko:K05562
pssx:DCC84_22370	ko:K05563
pssx:DCC84_22375	ko:K05564
pssx:DCC84_22390	ko:K00059
pssx:DCC84_22400	ko:K03100
pssx:DCC84_22415	ko:K06887
pssx:DCC84_22440	ko:K01883
pssx:DCC84_22445	ko:K01886
pssx:DCC84_22450	ko:K03768
pssx:DCC84_22455	ko:K03269
pssx:DCC84_22460	ko:K03446
pssx:DCC84_22465	ko:K03543
pssx:DCC84_22470	ko:K18139
pssx:DCC84_22480	ko:K09800
pssx:DCC84_22485	ko:K07278
pssx:DCC84_22495	ko:K01142
pssx:DCC84_22500	ko:K02040
pssx:DCC84_22505	ko:K00249
pssx:DCC84_22520	ko:K01640
pssx:DCC84_22535	ko:K00666
pssx:DCC84_22540	ko:K00253
pssx:DCC84_22545	ko:K01969
pssx:DCC84_22550	ko:K13766
pssx:DCC84_22555	ko:K01968
pssx:DCC84_22580	ko:K03781
pssx:DCC84_22595	ko:K27078
pssx:DCC84_22600	ko:K07347
pssx:DCC84_22605	ko:K07346
pssx:DCC84_22610	ko:K27078
pssx:DCC84_22615	ko:K27078
pssx:DCC84_22620	ko:K27078
pssx:DCC84_22625	ko:K27078
pssx:DCC84_22630	ko:K06916
pssx:DCC84_22660	ko:K03430
pssx:DCC84_22665	ko:K05306
pssx:DCC84_22670	ko:K12262
pssx:DCC84_22680	ko:K00219
pssx:DCC84_22690	ko:K01745
pssx:DCC84_22695	ko:K19055
pssx:DCC84_22700	ko:K10018
pssx:DCC84_22720	ko:K10021
pssx:DCC84_22725	ko:K10019
pssx:DCC84_22730	ko:K10020
pssx:DCC84_22735	ko:K01712
pssx:DCC84_22760	ko:K00163
pssx:DCC84_22780	ko:K03313
pssx:DCC84_22785	ko:K03770
pssx:DCC84_22790	ko:K03530
pssx:DCC84_22795	ko:K01338
pssx:DCC84_22800	ko:K03544
pssx:DCC84_22805	ko:K01358
pssx:DCC84_22810	ko:K03545
pssx:DCC84_22815	ko:K14226
pssx:DCC84_22820	ko:K14228
pssx:DCC84_22825	ko:K14226
pssx:DCC84_22830	ko:K14219
pssx:DCC84_22835	ko:K01491
pssx:DCC84_22840	ko:K07262
pssx:DCC84_22855	ko:K18138
pssx:DCC84_22860	ko:K03585
pssx:DCC84_22865	ko:K18139
pssx:DCC84_22900	ko:K06016
pssx:DCC84_22905	ko:K03457
pssx:DCC84_22910	ko:K01464
pssx:DCC84_22915	ko:K17722
pssx:DCC84_22920	ko:K17723
pssx:DCC84_22925	ko:K09017
pssx:DCC84_22930	ko:K03826
pssx:DCC84_22935	ko:K07156
pssx:DCC84_22940	ko:K07245
pssx:DCC84_22950	ko:K18981
pssx:DCC84_22960	ko:K11688
pssx:DCC84_22965	ko:K11689
pssx:DCC84_22970	ko:K11690
pssx:DCC84_22975	ko:K01785
pssx:DCC84_23015	ko:K07090
pssx:DCC84_23020	ko:K17218
pssx:DCC84_23030	ko:K03719
pssx:DCC84_23040	ko:K00167
pssx:DCC84_23045	ko:K09699
pssx:DCC84_23050	ko:K00382
pssx:DCC84_23055	ko:K00826
pssx:DCC84_23075	ko:K01750
pssx:DCC84_23080	ko:K10014
pssx:DCC84_23085	ko:K10016
pssx:DCC84_23090	ko:K10015
pssx:DCC84_23095	ko:K10017
pssx:DCC84_23100	ko:K03719
pssx:DCC84_23115	ko:K10531
pssx:DCC84_23125	ko:K13888
pssx:DCC84_23130	ko:K05685
pssx:DCC84_23135	ko:K18139
pssx:DCC84_23160	ko:K06160
pssx:DCC84_23165	ko:K02014
pssx:DCC84_23220	ko:K03446
pssx:DCC84_23225	ko:K03543
pssx:DCC84_23240	ko:K00034
pssx:DCC84_23285	ko:K18199
pssx:DCC84_23310	ko:K23514
pssx:DCC84_23315	ko:K07165
pssx:DCC84_23320	ko:K16088
pssx:DCC84_23325	ko:K20997
pssx:DCC84_23330	ko:K16011
pssx:DCC84_23335	ko:K25205
pssx:DCC84_23340	ko:K20987
pssx:DCC84_23345	ko:K20998
pssx:DCC84_23350	ko:K20999
pssx:DCC84_23355	ko:K21000
pssx:DCC84_23360	ko:K21001
pssx:DCC84_23365	ko:K21002
pssx:DCC84_23370	ko:K21003
pssx:DCC84_23375	ko:K21004
pssx:DCC84_23380	ko:K21005
pssx:DCC84_23390	ko:K11208
pssx:DCC84_23400	ko:K22479
pssx:DCC84_23405	ko:K02336
pssx:DCC84_23410	ko:K02014
pssx:DCC84_23420	ko:K07246
pssx:DCC84_23425	ko:K00128
pssx:DCC84_23430	ko:K00059
pssx:DCC84_23450	ko:K05515
pssx:DCC84_23455	ko:K00128
pssx:DCC84_23465	ko:K01985
pssx:DCC84_23470	ko:K01980
pssx:DCC84_23475	ko:K14218
pssx:DCC84_23480	ko:K14227
pssx:DCC84_23485	ko:K01977
pssx:DCC84_23495	ko:K11939
pssx:DCC84_23505	ko:K16137
pssx:DCC84_23520	ko:K01262
pssx:DCC84_23525	ko:K04487
pssx:DCC84_23535	ko:K00299
pssx:DCC84_23540	ko:K04091
pssx:DCC84_23560	ko:K13639
pssx:DCC84_23565	ko:K02073
pssx:DCC84_23570	ko:K02072
pssx:DCC84_23580	ko:K04750
pssx:DCC84_23585	ko:K01561
pssx:DCC84_23590	ko:K11103
pssx:DCC84_23595	ko:K16135
pssx:DCC84_23600	ko:K01704
pssx:DCC84_23605	ko:K01703
pssx:DCC84_23630	ko:K09815
pssx:DCC84_23635	ko:K09817
pssx:DCC84_23640	ko:K09816
pssx:DCC84_23650	ko:K05375
pssx:DCC84_23655	ko:K00836
pssx:DCC84_23660	ko:K11066
pssx:DCC84_23665	ko:K07645
pssx:DCC84_23670	ko:K07666
pssx:DCC84_23675	ko:K04084
pssx:DCC84_23685	ko:K03805
pssx:DCC84_23720	ko:K03896
pssx:DCC84_23730	ko:K22108
pssx:DCC84_23740	ko:K13774
pssx:DCC84_23745	ko:K13778
pssx:DCC84_23750	ko:K11731
pssx:DCC84_23755	ko:K13779
pssx:DCC84_23770	ko:K13777
pssx:DCC84_23780	ko:K09913
pssx:DCC84_23785	ko:K07140
pssx:DCC84_23790	ko:K03415
pssx:DCC84_23815	ko:K22044
pssx:DCC84_23830	ko:K02055
pssx:DCC84_23845	ko:K02054
pssx:DCC84_23850	ko:K02053
pssx:DCC84_23855	ko:K02052
pssx:DCC84_23860	ko:K28842
pssx:DCC84_23885	ko:K03797
pssx:DCC84_23915	ko:K03773
pssx:DCC84_23945	ko:K01546
pssx:DCC84_23950	ko:K01548
pssx:DCC84_23955	ko:K01547
pssx:DCC84_23960	ko:K07646
pssx:DCC84_23965	ko:K07667
pssx:DCC84_23980	ko:K14221
pssx:DCC84_23985	ko:K14237
pssx:DCC84_23990	ko:K23514
pssx:DCC84_23995	ko:K07165
pssx:DCC84_24000	ko:K16088
pssx:DCC84_24005	ko:K14221
pssx:DCC84_24010	ko:K14237
pssx:DCC84_24015	ko:K03554
pssx:DCC84_24020	ko:K03453
pssx:DCC84_24025	ko:K11741
pssx:DCC84_24065	ko:K01992
pssx:DCC84_24070	ko:K01990
pssx:DCC84_24075	ko:K00799
pssx:DCC84_24085	ko:K06445
pssx:DCC84_24105	ko:K01113
pssx:DCC84_24115	ko:K03559
pssx:DCC84_24120	ko:K03832
pssx:DCC84_24125	ko:K02014
pssx:DCC84_24130	ko:K03561
pssx:DCC84_24150	ko:K14225
pssx:DCC84_24155	ko:K14224
pssx:DCC84_24160	ko:K14225
pssx:DCC84_24165	ko:K14224
pssx:DCC84_24180	ko:K03406
pssx:DCC84_24200	ko:K01591
pssx:DCC84_24205	ko:K02483
pssx:DCC84_24235	ko:K19222
pssx:DCC84_24240	ko:K01897
pssx:DCC84_24250	ko:K08296
pssx:DCC84_24260	ko:K00057
pssx:DCC84_24265	ko:K02014
pssx:DCC84_24275	ko:K20974
pssx:DCC84_24280	ko:K01716
pssx:DCC84_24285	ko:K00647
pssx:DCC84_24290	ko:K03406
pssx:DCC84_24315	ko:K04079
pssx:DCC84_24335	ko:K03311
pssx:DCC84_24340	ko:K01902
pssx:DCC84_24345	ko:K01903
pssx:DCC84_24350	ko:K00382
pssx:DCC84_24355	ko:K00658
pssx:DCC84_24360	ko:K00164
pssx:DCC84_24365	ko:K00240
pssx:DCC84_24370	ko:K00239
pssx:DCC84_24375	ko:K00242
pssx:DCC84_24380	ko:K00241
pssx:DCC84_24385	ko:K01647
pssx:DCC84_24390	ko:K14393
pssx:DCC84_24405	ko:K02002
pssx:DCC84_24430	ko:K04754
pssx:DCC84_24440	ko:K21826
pssx:DCC84_24445	ko:K09781
pssx:DCC84_24455	ko:K07789
pssx:DCC84_24460	ko:K07788
pssx:DCC84_24465	ko:K07799
pssx:DCC84_24470	ko:K09017
pssx:DCC84_24485	ko:K01608
pssx:DCC84_24490	ko:K01816
pssx:DCC84_24495	ko:K00042
pssx:DCC84_24505	ko:K11529
pssx:DCC84_24510	ko:K00873
pssx:DCC84_24515	ko:K08717
pssx:DCC84_24520	ko:K10716
pssx:DCC84_24525	ko:K02048
pssx:DCC84_24545	ko:K01406
pssx:DCC84_24550	ko:K01406
pssx:DCC84_24555	ko:K06167
pssx:DCC84_24560	ko:K05774
pssx:DCC84_24565	ko:K06162
pssx:DCC84_24570	ko:K05780
pssx:DCC84_24575	ko:K05781
pssx:DCC84_24580	ko:K06163
pssx:DCC84_24585	ko:K06164
pssx:DCC84_24590	ko:K06165
pssx:DCC84_24595	ko:K06166
pssx:DCC84_24600	ko:K02043
pssx:DCC84_24605	ko:K02042
pssx:DCC84_24610	ko:K02044
pssx:DCC84_24615	ko:K02041
pssx:DCC84_24645	ko:K02200
pssx:DCC84_24650	ko:K02200
pssx:DCC84_24655	ko:K02199
pssx:DCC84_24660	ko:K02198
pssx:DCC84_24665	ko:K02197
pssx:DCC84_24670	ko:K02196
pssx:DCC84_24675	ko:K02195
pssx:DCC84_24680	ko:K02194
pssx:DCC84_24685	ko:K02193
pssx:DCC84_24695	ko:K04061
pssx:DCC84_24710	ko:K03408
pssx:DCC84_24715	ko:K03408
pssx:DCC84_24720	ko:K03496
pssx:DCC84_24725	ko:K02557
pssx:DCC84_24730	ko:K02556
pssx:DCC84_24735	ko:K03412
pssx:DCC84_24740	ko:K03407
pssx:DCC84_24745	ko:K03414
pssx:DCC84_24750	ko:K03413
pssx:DCC84_24755	ko:K02405
pssx:DCC84_24760	ko:K04562
pssx:DCC84_24765	ko:K02404
pssx:DCC84_24770	ko:K02400
pssx:DCC84_24780	ko:K02401
pssx:DCC84_24785	ko:K02421
pssx:DCC84_24790	ko:K02420
pssx:DCC84_24795	ko:K02419
pssx:DCC84_24800	ko:K02418
pssx:DCC84_24805	ko:K02417
pssx:DCC84_24810	ko:K02416
pssx:DCC84_24815	ko:K02415
pssx:DCC84_24820	ko:K02414
pssx:DCC84_24830	ko:K20976
pssx:DCC84_24835	ko:K20977
pssx:DCC84_24840	ko:K20978
pssx:DCC84_24845	ko:K02413
pssx:DCC84_24850	ko:K02412
pssx:DCC84_24855	ko:K02411
pssx:DCC84_24860	ko:K02410
pssx:DCC84_24865	ko:K02409
pssx:DCC84_24870	ko:K02408
pssx:DCC84_24875	ko:K10943
pssx:DCC84_24880	ko:K10942
pssx:DCC84_24885	ko:K10941
pssx:DCC84_24890	ko:K02423
pssx:DCC84_24895	ko:K02422
pssx:DCC84_24900	ko:K02407
pssx:DCC84_24905	ko:K06603
pssx:DCC84_24910	ko:K02406
pssx:DCC84_24915	ko:K00648
pssx:DCC84_24920	ko:K02397
pssx:DCC84_24925	ko:K02396
pssx:DCC84_24930	ko:K02395
pssx:DCC84_24935	ko:K02394
pssx:DCC84_24940	ko:K02393
pssx:DCC84_24945	ko:K02392
pssx:DCC84_24950	ko:K02391
pssx:DCC84_24955	ko:K03721
pssx:DCC84_24960	ko:K00500
pssx:DCC84_24965	ko:K01724
pssx:DCC84_24970	ko:K00813
pssx:DCC84_24995	ko:K07401
pssx:DCC84_25000	ko:K07001
pssx:DCC84_25005	ko:K06075
pssx:DCC84_25010	ko:K03654
pssx:DCC84_25015	ko:K07039
pssx:DCC84_25020	ko:K09790
pssx:DCC84_25090	ko:K06223
pssx:DCC84_25170	ko:K06903
pssx:DCC84_25195	ko:K06907
pssx:DCC84_25200	ko:K06908
pssx:DCC84_25220	ko:K06906
pssx:DCC84_25225	ko:K06905
pssx:DCC84_25305	ko:K06223
pssx:DCC84_25315	ko:K14059
pssx:DCC84_25320	ko:K14233
pssx:DCC84_25330	ko:K00655
pssx:DCC84_25335	ko:K03284
pssx:DCC84_25350	ko:K01782
pssx:DCC84_25355	ko:K00626
pssx:DCC84_25400	ko:K06940
pssx:DCC84_25425	ko:K02030
pssx:DCC84_25430	ko:K03522
pssx:DCC84_25435	ko:K03521
pssx:DCC84_25440	ko:K00311
pssx:DCC84_25450	ko:K13979
pssx:DCC84_25460	ko:K10538
pssx:DCC84_25465	ko:K10539
pssx:DCC84_25470	ko:K10537
pssx:DCC84_25485	ko:K06950
pssx:DCC84_25520	ko:K03457
pssx:DCC84_25530	ko:K03710
pssx:DCC84_25535	ko:K09986
pssx:DCC84_25545	ko:K03639
pssx:DCC84_25555	ko:K03424
pssx:DCC84_25560	ko:K02341
pssx:DCC84_25565	ko:K00943
pssx:DCC84_25570	ko:K07082
pssx:DCC84_25575	ko:K02619
pssx:DCC84_25580	ko:K09458
pssx:DCC84_25585	ko:K02078
pssx:DCC84_25590	ko:K00059
pssx:DCC84_25595	ko:K00645
pssx:DCC84_25600	ko:K03621
pssx:DCC84_25605	ko:K02911
pssx:DCC84_25610	ko:K07040
pssx:DCC84_25615	ko:K25422
pssx:DCC84_25620	ko:K04773
pssx:DCC84_25625	ko:K01091
pssx:DCC84_25630	ko:K06179
pssx:DCC84_25635	ko:K08300
pssx:DCC84_25640	ko:K07141
pssx:DCC84_25645	ko:K07402
pssx:DCC84_25650	ko:K00075
pssx:DCC84_25655	ko:K25307
pssx:DCC84_25660	ko:K00979
pssx:DCC84_25665	ko:K09791
pssx:DCC84_25670	ko:K00912
pssx:DCC84_25675	ko:K03559
pssx:DCC84_25680	ko:K03561
pssx:DCC84_25685	ko:K02238
pssx:DCC84_25690	ko:K09928
pssx:DCC84_25695	ko:K19609
pssx:DCC84_25700	ko:K19610
pssx:DCC84_25705	ko:K07678
pssx:DCC84_25710	ko:K03778
pssx:DCC84_25720	ko:K03668
pssx:DCC84_25730	ko:K00537
pssx:DCC84_25735	ko:K03809
pssx:DCC84_25750	ko:K14058
pssx:DCC84_25760	ko:K02742
pssx:DCC84_25765	ko:K01796
pssx:DCC84_25770	ko:K11103
pssx:DCC84_25780	ko:K07637
pssx:DCC84_25785	ko:K07660
pssx:DCC84_25795	ko:K02362
pssx:DCC84_25800	ko:K07639
pssx:DCC84_25805	ko:K07661
pssx:DCC84_25810	ko:K00525
pssx:DCC84_25820	ko:K02390
pssx:DCC84_25825	ko:K02389
pssx:DCC84_25830	ko:K02388
pssx:DCC84_25835	ko:K02387
pssx:DCC84_25840	ko:K00575
pssx:DCC84_25845	ko:K03415
pssx:DCC84_25850	ko:K02386
pssx:DCC84_25855	ko:K02398
pssx:DCC84_25860	ko:K02399
pssx:DCC84_25875	ko:K14219
pssx:DCC84_25900	ko:K06213
pssx:DCC84_25905	ko:K14219
pssx:DCC84_25910	ko:K14219
pssx:DCC84_25915	ko:K14233
pssx:DCC84_25920	ko:K03563
pssx:DCC84_25925	ko:K00928
pssx:DCC84_25930	ko:K01872
pssx:DCC84_25935	ko:K01620
pssx:DCC84_25940	ko:K00794
pssx:DCC84_25945	ko:K05526
pssx:DCC84_25955	ko:K01484
pssx:DCC84_25960	ko:K06447
pssx:DCC84_25965	ko:K00673
pssx:DCC84_25970	ko:K00673
pssx:DCC84_25975	ko:K00840
pssx:DCC84_25980	ko:K21825
pssx:DCC84_25990	ko:K10025
pssx:DCC84_25995	ko:K06987
pssx:DCC84_26000	ko:K10023
pssx:DCC84_26005	ko:K10024
pssx:DCC84_26010	ko:K10022
pssx:DCC84_26015	ko:K01895
pssx:DCC84_26035	ko:K17315
pssx:DCC84_26040	ko:K00526
pssx:DCC84_26045	ko:K00558
pssx:DCC84_26060	ko:K07497
pssx:DCC84_26075	ko:K18828
pssx:DCC84_26080	ko:K18829
pssx:DCC84_26090	ko:K01755
pssx:DCC84_26095	ko:K02029
pssx:DCC84_26100	ko:K02028
pssx:DCC84_26105	ko:K02030
pssx:DCC84_26130	ko:K07090
pssx:DCC84_26160	ko:K07124
pssx:DCC84_26180	ko:K19736
pssx:DCC84_26185	ko:K18968
pssx:DCC84_26190	ko:K03406
pssx:DCC84_26220	ko:K01126
pssx:DCC84_26245	ko:K16074
pssx:DCC84_26255	ko:K03306
pssx:DCC84_26270	ko:K07160
pssx:DCC84_26320	ko:K03088
pssx:DCC84_26345	ko:K07006
pssx:DCC84_26350	ko:K13653
pssx:DCC84_26355	ko:K14261
pssx:DCC84_26360	ko:K03299
pssx:DCC84_26365	ko:K00851
pssx:DCC84_26370	ko:K06145
pssx:DCC84_26385	ko:K00799
pssx:DCC84_26390	ko:K18981
pssx:DCC84_26395	ko:K08369
pssx:DCC84_26405	ko:K03406
pssx:DCC84_26415	ko:K00799
pssx:DCC84_26420	ko:K01745
pssx:DCC84_26430	ko:K15553
pssx:DCC84_26435	ko:K02002
pssx:DCC84_26440	ko:K02014
pssx:DCC84_26445	ko:K07165
pssx:DCC84_26450	ko:K23514
pssx:DCC84_26475	ko:K01462
pssx:DCC84_26480	ko:K07058
pssx:DCC84_26495	ko:K01897
pssx:DCC84_26500	ko:K01897
pssx:DCC84_26510	ko:K17865
pssx:DCC84_26520	ko:K09954
pssx:DCC84_26535	ko:K01625
pssx:DCC84_26540	ko:K01057
pssx:DCC84_26545	ko:K00036
pssx:DCC84_26550	ko:K19337
pssx:DCC84_26560	ko:K07267
pssx:DCC84_26565	ko:K10112
pssx:DCC84_26570	ko:K17317
pssx:DCC84_26575	ko:K17316
pssx:DCC84_26580	ko:K17315
pssx:DCC84_26585	ko:K18479
pssx:DCC84_26600	ko:K05596
pssx:DCC84_26605	ko:K09964
pssx:DCC84_26610	ko:K06895
pssx:DCC84_26615	ko:K04564
pssx:DCC84_26625	ko:K21024
pssx:DCC84_26630	ko:K07231
pssx:DCC84_26635	ko:K03498
pssx:DCC84_26655	ko:K08191
pssx:DCC84_26665	ko:K15034
pssx:DCC84_26680	ko:K11734
pssx:DCC84_26685	ko:K19689
pssx:DCC84_26690	ko:K06178
pssx:DCC84_26695	ko:K06938
pssx:DCC84_26700	ko:K06024
pssx:DCC84_26705	ko:K05896
pssx:DCC84_26715	ko:K07053
pssx:DCC84_26720	ko:K06190
pssx:DCC84_26725	ko:K09780
pssx:DCC84_26735	ko:K07662
pssx:DCC84_26740	ko:K06006
pssx:DCC84_26755	ko:K01247
pssx:DCC84_26760	ko:K03758
pssx:DCC84_26765	ko:K03758
pssx:DCC84_26770	ko:K01478
pssx:DCC84_26775	ko:K00611
pssx:DCC84_26780	ko:K00926
pssx:DCC84_26795	ko:K03721
pssx:DCC84_26800	ko:K02437
pssx:DCC84_26805	ko:K00281
pssx:DCC84_26815	ko:K01752
pssx:DCC84_26820	ko:K00605
pssx:DCC84_26825	ko:K03704
pssx:DCC84_26840	ko:K03517
pssx:DCC84_26850	ko:K06076
pssx:DCC84_26865	ko:K29125
pssx:DCC84_26870	ko:K02040
pssx:DCC84_26875	ko:K02037
pssx:DCC84_26880	ko:K02038
pssx:DCC84_26885	ko:K02036
pssx:DCC84_26890	ko:K14229
pssx:DCC84_26895	ko:K06920
pssx:DCC84_26900	ko:K10026
pssx:DCC84_26910	ko:K03640
pssx:DCC84_26915	ko:K03641
pssx:DCC84_26920	ko:K03646
pssx:DCC84_26925	ko:K03560
pssx:DCC84_26930	ko:K03562
pssx:DCC84_26935	ko:K01075
pssx:DCC84_26940	ko:K03551
pssx:DCC84_26945	ko:K03550
pssx:DCC84_26950	ko:K01159
pssx:DCC84_26965	ko:K01876
pssx:DCC84_26980	ko:K04047
pssx:DCC84_26985	ko:K03704
pssx:DCC84_26990	ko:K03745
pssx:DCC84_27005	ko:K18093
pssx:DCC84_27010	ko:K03442
pssx:DCC84_27015	ko:K09767
pssx:DCC84_27020	ko:K00077
pssx:DCC84_27030	ko:K00798
pssx:DCC84_27040	ko:K03574
pssx:DCC84_27045	ko:K00620
pssx:DCC84_27050	ko:K03070
pssx:DCC84_27060	ko:K06915
pssx:DCC84_27065	ko:K03406
pssx:DCC84_27075	ko:K01433
pssx:DCC84_27085	ko:K01141
pssx:DCC84_27110	ko:K03924
pssx:DCC84_27130	ko:K00873
pssx:DCC84_27145	ko:K01676
pssx:DCC84_27150	ko:K10125
pssx:DCC84_27155	ko:K10126
pssx:DCC84_27165	ko:K03761
pssx:DCC84_27200	ko:K02483
pssx:DCC84_27205	ko:K00845
pssx:DCC84_27210	ko:K01690
pssx:DCC84_27215	ko:K00134
pssx:DCC84_27225	ko:K07165
pssx:DCC84_27230	ko:K16087
pssx:DCC84_27235	ko:K07215
pssx:DCC84_27240	ko:K09790
pssx:DCC84_27245	ko:K03406
pssx:DCC84_27260	ko:K07338
pssx:DCC84_27265	ko:K09947
pssx:DCC84_27310	ko:K07661
pssx:DCC84_27315	ko:K02484
pssx:DCC84_27325	ko:K04077
pssx:DCC84_27330	ko:K04078
pssx:DCC84_27335	ko:K07113
pssx:DCC84_27340	ko:K07226
pssx:DCC84_27345	ko:K00059
pssx:DCC84_27355	ko:K07443
pssx:DCC84_27360	ko:K08218
pssx:DCC84_27370	ko:K01881
pssx:DCC84_27385	ko:K02346
pssx:DCC84_27390	ko:K14230
pssx:DCC84_27395	ko:K14230
pssx:DCC84_27400	ko:K14205
pssx:DCC84_27410	ko:K03549
pssx:DCC84_27420	ko:K14441
pssx:DCC84_27425	ko:K03826
pssx:DCC84_27430	ko:K06182
pssx:DCC84_27440	ko:K22900
pssx:DCC84_27445	ko:K00528
pssx:DCC84_27455	ko:K00901
pssx:DCC84_27465	ko:K05812
pssx:DCC84_27480	ko:K03565
pssx:DCC84_27485	ko:K03553
pssx:DCC84_27490	ko:K03743
pssx:DCC84_27500	ko:K03791
pssx:DCC84_27505	ko:K06905
pssx:DCC84_27515	ko:K06906
pssx:DCC84_27535	ko:K06907
pssx:DCC84_27565	ko:K06903
pssx:DCC84_27590	ko:K03555
pssx:DCC84_27595	ko:K05524
pssx:DCC84_27600	ko:K03593
pssx:DCC84_27605	ko:K01874
pssx:DCC84_27610	ko:K03616
pssx:DCC84_27615	ko:K10773
pssx:DCC84_27625	ko:K07690
pssx:DCC84_27630	ko:K01940
pssx:DCC84_27635	ko:K21218
pssx:DCC84_27640	ko:K01465
pssx:DCC84_27645	ko:K03683
pssx:DCC84_27650	ko:K03386
pssx:DCC84_27655	ko:K02192
pssx:DCC84_27660	ko:K03594
pssx:DCC84_27665	ko:K07390
pssx:DCC84_27680	ko:K00611
pssx:DCC84_27685	ko:K02010
pssx:DCC84_27690	ko:K03976
pssx:DCC84_27695	ko:K02440
pssx:DCC84_27700	ko:K00864
pssx:DCC84_27705	ko:K02444
pssx:DCC84_27710	ko:K00111
pssx:DCC84_27715	ko:K07126
pssx:DCC84_27720	ko:K16090
pssx:DCC84_27725	ko:K10001
pssx:DCC84_27730	ko:K10003
pssx:DCC84_27735	ko:K10002
pssx:DCC84_27740	ko:K10004
pssx:DCC84_27745	ko:K17060
pssx:DCC84_27750	ko:K17061
pssx:DCC84_27755	ko:K02442
pssx:DCC84_27780	ko:K03928
pssx:DCC84_27785	ko:K07250
pssx:DCC84_27815	ko:K03576
pssx:DCC84_27820	ko:K03574
pssx:DCC84_27830	ko:K02909
pssx:DCC84_27835	ko:K14052
pssx:DCC84_27840	ko:K18540
pssx:DCC84_27865	ko:K03293
pssx:DCC84_27910	ko:K12519
pssx:DCC84_27915	ko:K12518
pssx:DCC84_27960	ko:K02014
pssx:DCC84_27965	ko:K19713
pssx:DCC84_27970	ko:K12252
pssx:DCC84_27990	ko:K00817
pssx:DCC84_27995	ko:K23275
pssx:DCC84_28000	ko:K19813
pssx:DCC84_28005	ko:K23274
pssx:DCC84_28010	ko:K00600
pssx:DCC84_28020	ko:K09125
pssx:DCC84_28025	ko:K06920
pssx:DCC84_28030	ko:K02257
pssx:DCC84_28035	ko:K02300
pssx:DCC84_28040	ko:K02299
pssx:DCC84_28045	ko:K02298
pssx:DCC84_28050	ko:K02297
pssx:DCC84_28060	ko:K03611
pssx:DCC84_28065	ko:K05916
pssx:DCC84_28070	ko:K12266
pssx:DCC84_28080	ko:K07506
pssx:DCC84_28085	ko:K07259
pssx:DCC84_28090	ko:K02014
pssx:DCC84_28100	ko:K07461
pssx:DCC84_28110	ko:K07687
pssx:DCC84_28160	ko:K03449
pssx:DCC84_28170	ko:K13651
pssx:DCC84_28175	ko:K13655
pssx:DCC84_28180	ko:K09972
pssx:DCC84_28185	ko:K09971
pssx:DCC84_28190	ko:K09970
pssx:DCC84_28195	ko:K09969
pssx:DCC84_28200	ko:K06999
pssx:DCC84_28205	ko:K03732
pssx:DCC84_28220	ko:K19746
pssx:DCC84_28225	ko:K03635
pssx:DCC84_28230	ko:K03636
pssx:DCC84_28235	ko:K03637
pssx:DCC84_28240	ko:K07175
pssx:DCC84_28250	ko:K09861
pssx:DCC84_28260	ko:K00066
pssx:DCC84_28265	ko:K19290
pssx:DCC84_28275	ko:K19291
pssx:DCC84_28280	ko:K19292
pssx:DCC84_28285	ko:K16081
pssx:DCC84_28290	ko:K01795
pssx:DCC84_28295	ko:K19293
pssx:DCC84_28300	ko:K01729
pssx:DCC84_28305	ko:K19294
pssx:DCC84_28310	ko:K19295
pssx:DCC84_28315	ko:K19296
pssx:DCC84_28320	ko:K16011
pssx:DCC84_28370	ko:K18139
pssx:DCC84_28380	ko:K07644
pssx:DCC84_28385	ko:K07665
pssx:DCC84_28390	ko:K21133
pssx:DCC84_28395	ko:K21135
pssx:DCC84_28405	ko:K10013
pssx:DCC84_28410	ko:K03776
pssx:DCC84_28425	ko:K03415
pssx:DCC84_28430	ko:K00090
pssx:DCC84_28450	ko:K02535
pssx:DCC84_28455	ko:K03531
pssx:DCC84_28460	ko:K03590
pssx:DCC84_28465	ko:K03589
pssx:DCC84_28470	ko:K01921
pssx:DCC84_28475	ko:K01924
pssx:DCC84_28480	ko:K02563
pssx:DCC84_28485	ko:K03588
pssx:DCC84_28490	ko:K01925
pssx:DCC84_28495	ko:K01000
pssx:DCC84_28500	ko:K01929
pssx:DCC84_28505	ko:K01928
pssx:DCC84_28510	ko:K03587
pssx:DCC84_28515	ko:K03586
pssx:DCC84_28520	ko:K03438
pssx:DCC84_28525	ko:K03925
pssx:DCC84_28530	ko:K01978
pssx:DCC84_28535	ko:K07056
pssx:DCC84_28540	ko:K07121
pssx:DCC84_28545	ko:K07460
pssx:DCC84_28550	ko:K03271
pssx:DCC84_28555	ko:K28369
pssx:DCC84_28565	ko:K01069
pssx:DCC84_28570	ko:K03808
pssx:DCC84_28575	ko:K03808
pssx:DCC84_28580	ko:K06192
pssx:DCC84_28585	ko:K09857
pssx:DCC84_28590	ko:K03556
pssx:DCC84_28615	ko:K05835
pssx:DCC84_28620	ko:K00018
pssx:DCC84_28625	ko:K00564
pssx:DCC84_28630	ko:K23541
pssx:DCC84_28640	ko:K03406
pssx:DCC84_28680	ko:K07286
pssx:DCC84_28690	ko:K00116
pssx:DCC84_28710	ko:K00760
pssx:DCC84_28715	ko:K00761
pssx:DCC84_28720	ko:K02824
pssx:DCC84_28725	ko:K00817
pssx:DCC84_28730	ko:K00013
pssx:DCC84_28735	ko:K00765
pssx:DCC84_28745	ko:K00790
pssx:DCC84_28755	ko:K07122
pssx:DCC84_28760	ko:K07323
pssx:DCC84_28765	ko:K02067
pssx:DCC84_28770	ko:K02066
pssx:DCC84_28775	ko:K02065
pssx:DCC84_28780	ko:K06041
pssx:DCC84_28785	ko:K03270
pssx:DCC84_28790	ko:K11719
pssx:DCC84_28795	ko:K09774
pssx:DCC84_28800	ko:K06861
pssx:DCC84_28805	ko:K03092
pssx:DCC84_28810	ko:K05808
pssx:DCC84_28815	ko:K02806
pssx:DCC84_28820	ko:K06958
pssx:DCC84_28825	ko:K08485
pssx:DCC84_28830	ko:K03304
pssx:DCC84_28840	ko:K07238
pssx:DCC84_28845	ko:K04564
pssx:DCC84_28855	ko:K01679
pssx:DCC84_28865	ko:K03592
pssx:DCC84_28870	ko:K09889
pssx:DCC84_28875	ko:K03568
pssx:DCC84_28880	ko:K11206
pssx:DCC84_28890	ko:K08301
pssx:DCC84_28895	ko:K06287
pssx:DCC84_28900	ko:K03571
pssx:DCC84_28905	ko:K03570
pssx:DCC84_28910	ko:K03569
pssx:DCC84_28915	ko:K02435
pssx:DCC84_28920	ko:K02433
pssx:DCC84_28925	ko:K02434
pssx:DCC84_28930	ko:K03642
pssx:DCC84_28935	ko:K07301
pssx:DCC84_28940	ko:K01607
pssx:DCC84_28945	ko:K24180
pssx:DCC84_28950	ko:K01708
pssx:DCC84_28955	ko:K03535
pssx:DCC84_28960	ko:K22187
pssx:DCC84_28965	ko:K01707
pssx:DCC84_28980	ko:K03600
pssx:DCC84_28985	ko:K03599
pssx:DCC84_28990	ko:K00413
pssx:DCC84_28995	ko:K00412
pssx:DCC84_29000	ko:K00411
pssx:DCC84_29005	ko:K02996
pssx:DCC84_29010	ko:K02871
pssx:DCC84_29020	ko:K00255
pssx:DCC84_29030	ko:K06916
pssx:DCC84_29035	ko:K01867
pssx:DCC84_29040	ko:K07018
pssx:DCC84_29045	ko:K09908
pssx:DCC84_29050	ko:K02471
pssx:DCC84_29055	ko:K15012
pssx:DCC84_29060	ko:K15011
pssx:DCC84_29085	ko:K12368
pssx:DCC84_29090	ko:K12368
pssx:DCC84_29095	ko:K12368
pssx:DCC84_29105	ko:K12368
pssx:DCC84_29110	ko:K12369
pssx:DCC84_29115	ko:K12370
pssx:DCC84_29120	ko:K12371
pssx:DCC84_29125	ko:K12372
pssx:DCC84_29135	ko:K02837
pssx:DCC84_29140	ko:K05846
pssx:DCC84_29145	ko:K05845
pssx:DCC84_29150	ko:K05846
pssx:DCC84_29155	ko:K05847
pssx:DCC84_29165	ko:K01581
pssx:DCC84_29170	ko:K07126
pssx:DCC84_29175	ko:K07336
pssx:DCC84_29180	ko:K16090
pssx:DCC84_29185	ko:K00380
pssx:DCC84_29190	ko:K01113
pssx:DCC84_29195	ko:K02770
pssx:DCC84_29200	ko:K00882
pssx:DCC84_29205	ko:K23993
pssx:DCC84_29210	ko:K03435
pssx:DCC84_29215	ko:K03424
pssx:DCC84_29220	ko:K03406
pssx:DCC84_29225	ko:K03807
pssx:DCC84_29230	ko:K03806
pssx:DCC84_29240	ko:K00767
pssx:DCC84_29250	ko:K14234
pssx:DCC84_29260	ko:K02650
pssx:DCC84_29265	ko:K02653
pssx:DCC84_29270	ko:K02654
pssx:DCC84_29275	ko:K00859
pssx:DCC84_29280	ko:K09862
pssx:DCC84_29310	ko:K03885
pssx:DCC84_29315	ko:K14232
pssx:DCC84_29320	ko:K14229
pssx:DCC84_29325	ko:K14232
pssx:DCC84_29330	ko:K14220
pssx:DCC84_29335	ko:K03695
pssx:DCC84_29340	ko:K05810
pssx:DCC84_29345	ko:K06180
pssx:DCC84_29350	ko:K05807
pssx:DCC84_29355	ko:K06950
pssx:DCC84_29360	ko:K03153
pssx:DCC84_29365	ko:K02655
pssx:DCC84_29370	ko:K02673
pssx:DCC84_29375	ko:K02672
pssx:DCC84_29380	ko:K02671
pssx:DCC84_29385	ko:K08084
pssx:DCC84_29390	ko:K03527
pssx:DCC84_29395	ko:K03774
pssx:DCC84_29400	ko:K03101
pssx:DCC84_29405	ko:K01870
pssx:DCC84_29410	ko:K11753
pssx:DCC84_29415	ko:K03980
pssx:DCC84_29420	ko:K02968
pssx:DCC84_29425	ko:K05805
pssx:DCC84_29430	ko:K00931
pssx:DCC84_29435	ko:K03979
pssx:DCC84_29440	ko:K02899
pssx:DCC84_29445	ko:K02888
pssx:DCC84_29450	ko:K02523
pssx:DCC84_29455	ko:K06193
pssx:DCC84_29465	ko:K03773
pssx:DCC84_29515	ko:K00262
pssx:DCC84_29520	ko:K06020
pssx:DCC84_29530	ko:K00600
pssx:DCC84_29545	ko:K06200
pssx:DCC84_29555	ko:K04485
pssx:DCC84_29560	ko:K06867
pssx:DCC84_29565	ko:K03781
pssx:DCC84_29570	ko:K03282
pssx:DCC84_29575	ko:K00528
pssx:DCC84_29585	ko:K11391
pssx:DCC84_29595	ko:K00426
pssx:DCC84_29600	ko:K00425
pssx:DCC84_29610	ko:K11177
pssx:DCC84_29615	ko:K11178
pssx:DCC84_29620	ko:K13483
pssx:DCC84_29630	ko:K06901
pssx:DCC84_29635	ko:K00557
pssx:DCC84_29640	ko:K12538
pssx:DCC84_29645	ko:K12537
pssx:DCC84_29650	ko:K12536
pssx:DCC84_29655	ko:K12545
pssx:DCC84_29660	ko:K16152
pssx:DCC84_29665	ko:K07165
pssx:DCC84_29675	ko:K03786
pssx:DCC84_29680	ko:K25901
pssx:DCC84_29690	ko:K26400
pssx:DCC84_29695	ko:K08191
pssx:DCC84_29710	ko:K07054
pssx:DCC84_29725	ko:K10805
pssx:DCC84_29750	ko:K11927
pssx:DCC84_29760	ko:K03719
pssx:DCC84_29780	ko:K02342
pssx:DCC84_29790	ko:K09945
pssx:DCC84_29805	ko:K03579
pssx:DCC84_29815	ko:K13283
pssx:DCC84_29825	ko:K03719
pssx:DCC84_29835	ko:K06181
pssx:DCC84_29840	ko:K01241
pssx:DCC84_29845	ko:K09456
pssx:DCC84_29850	ko:K20971
pssx:DCC84_29855	ko:K00941
pssx:DCC84_29860	ko:K00788
pssx:DCC84_29865	ko:K01845
pssx:DCC84_29870	ko:K07126
pssx:DCC84_29880	ko:K06168
pssx:DCC84_29885	ko:K06217
pssx:DCC84_29890	ko:K07042
pssx:DCC84_29895	ko:K06189
pssx:DCC84_29900	ko:K03820
pssx:DCC84_29915	ko:K01869
pssx:DCC84_29920	ko:K03643
pssx:DCC84_29925	ko:K02340
pssx:DCC84_29930	ko:K09890
pssx:DCC84_29935	ko:K08305
pssx:DCC84_29940	ko:K01297
pssx:DCC84_29950	ko:K03644
pssx:DCC84_29955	ko:K03801
pssx:DCC84_29960	ko:K09158
pssx:DCC84_29965	ko:K07258
pssx:DCC84_29970	ko:K03642
pssx:DCC84_29975	ko:K08305
pssx:DCC84_29980	ko:K05837
pssx:DCC84_29985	ko:K05515
pssx:DCC84_29990	ko:K00783
pssx:DCC84_29995	ko:K09710
pssx:DCC84_30000	ko:K00969
pssx:DCC84_30005	ko:K00147
pssx:DCC84_30010	ko:K03652
pssx:DCC84_30025	ko:K07157
pssx:DCC84_30035	ko:K06518
pssx:DCC84_30060	ko:K03186
pssx:DCC84_30065	ko:K02558
pssx:DCC84_30075	ko:K21405
pssx:DCC84_30080	ko:K00138
pssx:DCC84_30085	ko:K16238
pssx:DCC84_30090	ko:K03735
pssx:DCC84_30095	ko:K03736
pssx:DCC84_30105	ko:K03975
pssx:DCC84_30110	ko:K09933
pssx:DCC84_30115	ko:K01507
pssx:DCC84_30160	ko:K03427
pssx:DCC84_30165	ko:K01154
pssx:DCC84_30170	ko:K01153
pssx:DCC84_30200	ko:K04095
pssx:DCC84_30210	ko:K00355
pssx:DCC84_30225	ko:K03602
pssx:DCC84_30230	ko:K13789
pssx:DCC84_30235	ko:K01662
pssx:DCC84_30240	ko:K16092
pssx:DCC84_30245	ko:K06858
pssx:DCC84_30255	ko:K01497
pssx:DCC84_30260	ko:K00946
pssx:DCC84_30265	ko:K03625
pssx:DCC84_30270	ko:K00794
pssx:DCC84_30275	ko:K14652
pssx:DCC84_30280	ko:K00793
pssx:DCC84_30285	ko:K11752
pssx:DCC84_30310	ko:K05838
pssx:DCC84_30325	ko:K02003
pssx:DCC84_30330	ko:K02004
pssx:DCC84_30335	ko:K09950
pssx:DCC84_30340	ko:K07275
pssx:DCC84_30350	ko:K08482
pssx:DCC84_30360	ko:K00067
pssx:DCC84_30370	ko:K03724
pssx:DCC84_30375	ko:K22044
pssx:DCC84_30380	ko:K19577
pssx:DCC84_30395	ko:K06131
pssx:DCC84_30400	ko:K07027
pssx:DCC84_30405	ko:K06889
pssx:DCC84_30425	ko:K00598
pssx:DCC84_30435	ko:K03111
pssx:DCC84_30445	ko:K03701
pssx:DCC84_30450	ko:K03594
pssx:DCC84_30455	ko:K03781
pssx:DCC84_30460	ko:K02879
pssx:DCC84_30465	ko:K03040
pssx:DCC84_30470	ko:K02986
pssx:DCC84_30475	ko:K02948
pssx:DCC84_30480	ko:K02952
pssx:DCC84_30485	ko:K02919
pssx:DCC84_30490	ko:K03076
pssx:DCC84_30495	ko:K02876
pssx:DCC84_30500	ko:K02907
pssx:DCC84_30505	ko:K02988
pssx:DCC84_30510	ko:K02881
pssx:DCC84_30515	ko:K02933
pssx:DCC84_30520	ko:K02994
pssx:DCC84_30525	ko:K02954
pssx:DCC84_30530	ko:K02931
pssx:DCC84_30535	ko:K02895
pssx:DCC84_30540	ko:K02874
pssx:DCC84_30545	ko:K02961
pssx:DCC84_30550	ko:K02904
pssx:DCC84_30555	ko:K02878
pssx:DCC84_30560	ko:K02982
pssx:DCC84_30565	ko:K02890
pssx:DCC84_30570	ko:K02965
pssx:DCC84_30575	ko:K02886
pssx:DCC84_30580	ko:K02892
pssx:DCC84_30585	ko:K02926
pssx:DCC84_30590	ko:K02906
pssx:DCC84_30595	ko:K02946
pssx:DCC84_30600	ko:K02358
pssx:DCC84_30605	ko:K02355
pssx:DCC84_30610	ko:K02992
pssx:DCC84_30615	ko:K02950
pssx:DCC84_30620	ko:K03046
pssx:DCC84_30625	ko:K03043
pssx:DCC84_30630	ko:K02935
pssx:DCC84_30635	ko:K02864
pssx:DCC84_30640	ko:K02863
pssx:DCC84_30645	ko:K02867
pssx:DCC84_30650	ko:K02601
pssx:DCC84_30655	ko:K03073
pssx:DCC84_30660	ko:K14235
pssx:DCC84_30665	ko:K14234
pssx:DCC84_30670	ko:K14225
pssx:DCC84_30675	ko:K14236
pssx:DCC84_30685	ko:K03525
pssx:DCC84_30690	ko:K03524
pssx:DCC84_30695	ko:K01985
pssx:DCC84_30700	ko:K01980
pssx:DCC84_30705	ko:K14218
pssx:DCC84_30710	ko:K14227
pssx:DCC84_30715	ko:K01977
pssx:DCC84_30725	ko:K01866
pssx:DCC84_30740	ko:K09001
pssx:DCC84_30745	ko:K15724
pssx:DCC84_30750	ko:K00145
pssx:DCC84_30755	ko:K08973
pssx:DCC84_30760	ko:K00459
pssx:DCC84_30770	ko:K07124
pssx:DCC84_30775	ko:K02503
pssx:DCC84_30780	ko:K06134
pssx:DCC84_30785	ko:K07397
pssx:DCC84_30790	ko:K10914
pssx:DCC84_30800	ko:K01609
pssx:DCC84_30805	ko:K00766
pssx:DCC84_30810	ko:K01658
pssx:DCC84_30815	ko:K12686
pssx:DCC84_30820	ko:K01657
pssx:DCC84_30825	ko:K01091
pssx:DCC84_30830	ko:K01783
pssx:DCC84_30835	ko:K19954
pssx:DCC84_30840	ko:K02053
pssx:DCC84_30845	ko:K02054
pssx:DCC84_30850	ko:K02055
pssx:DCC84_30855	ko:K02052
pssx:DCC84_30880	ko:K05801
pssx:DCC84_30885	ko:K00992
pssx:DCC84_30890	ko:K07102
pssx:DCC84_30895	ko:K04744
pssx:DCC84_30900	ko:K03771
pssx:DCC84_30905	ko:K00097
pssx:DCC84_30910	ko:K02528
pssx:DCC84_30915	ko:K06195
pssx:DCC84_30920	ko:K01525
pssx:DCC84_30925	ko:K02439
pssx:DCC84_30930	ko:K07180
pssx:DCC84_30935	ko:K09786
pssx:DCC84_30940	ko:K06415
pssx:DCC84_30945	ko:K00974
pssx:DCC84_30950	ko:K00950
pssx:DCC84_30955	ko:K01633
pssx:DCC84_30960	ko:K08591
pssx:DCC84_30965	ko:K25706
pssx:DCC84_30970	ko:K02970
pssx:DCC84_30975	ko:K02316
pssx:DCC84_30980	ko:K03086
pssx:DCC84_30990	ko:K14230
pssx:DCC84_31015	ko:K06991
pssx:DCC84_31025	ko:K05358
pssx:DCC84_31035	ko:K00468
pssx:DCC84_31040	ko:K01506
pssx:DCC84_31050	ko:K06135
pssx:DCC84_31055	ko:K06136
pssx:DCC84_31060	ko:K06137
pssx:DCC84_31065	ko:K06138
pssx:DCC84_31070	ko:K06139
pssx:DCC84_31080	ko:K00821
pssx:DCC84_31085	ko:K11921
pssx:DCC84_31090	ko:K20035
pssx:DCC84_31095	ko:K20035
pssx:DCC84_31105	ko:K20035
pssx:DCC84_31115	ko:K01935
pssx:DCC84_31120	ko:K02169
pssx:DCC84_31125	ko:K02170
pssx:DCC84_31130	ko:K00652
pssx:DCC84_31135	ko:K01012
pssx:DCC84_31145	ko:K02019
pssx:DCC84_31150	ko:K07093
pssx:DCC84_31160	ko:K05786
pssx:DCC84_31170	ko:K01638
pssx:DCC84_31185	ko:K07182
pssx:DCC84_31190	ko:K02342
pssx:DCC84_31200	ko:K23514
pssx:DCC84_31205	ko:K07165
pssx:DCC84_31210	ko:K02014
pssx:DCC84_31230	ko:K06143
pssx:DCC84_31235	ko:K07641
pssx:DCC84_31240	ko:K07663
pssx:DCC84_31260	ko:K03088
pssx:DCC84_31275	ko:K00148
pssx:DCC84_31280	ko:K01433
pssx:DCC84_31290	ko:K00305
pssx:DCC84_31295	ko:K00302
pssx:DCC84_31300	ko:K00304
pssx:DCC84_31305	ko:K00303
pssx:DCC84_31310	ko:K00600
pssx:DCC84_31320	ko:K01620
pssx:DCC84_31345	ko:K21832
pssx:DCC84_31355	ko:K00479
pssx:DCC84_31360	ko:K25961
pssx:DCC84_31365	ko:K25960
pssx:DCC84_31370	ko:K21834
pssx:DCC84_31375	ko:K21833
pssx:DCC84_31385	ko:K01273
pssx:DCC84_31405	ko:K17736
pssx:DCC84_31410	ko:K02002
pssx:DCC84_31415	ko:K27837
pssx:DCC84_31420	ko:K17735
pssx:DCC84_31430	ko:K27492
pssx:DCC84_31435	ko:K00471
pssx:DCC84_31445	ko:K21826
pssx:DCC84_31450	ko:K01752
pssx:DCC84_31455	ko:K02002
pssx:DCC84_31460	ko:K02001
pssx:DCC84_31465	ko:K02000
pssx:DCC84_31470	ko:K02168
pssx:DCC84_31475	ko:K02167
pssx:DCC84_31480	ko:K00130
pssx:DCC84_31485	ko:K00108
pssx:DCC84_31500	ko:K18100
pssx:DCC84_31510	ko:K05591
pssx:DCC84_31525	ko:K02030
pssx:DCC84_31530	ko:K02348
pssx:DCC84_31540	ko:K07043
pssx:DCC84_31555	ko:K25317
pssx:DCC84_31565	ko:K01624
pssx:DCC84_31580	ko:K00927
pssx:DCC84_31585	ko:K03472
pssx:DCC84_31590	ko:K00615
pssx:DCC84_31600	ko:K00789
pssx:DCC84_31605	ko:K01972
pssx:DCC84_31620	ko:K08304
pssx:DCC84_31640	ko:K03316
pssx:DCC84_31645	ko:K21990
pssx:DCC84_31655	ko:K01251
pssx:DCC84_31660	ko:K00297
pssx:DCC84_31670	ko:K02030
pssx:DCC84_31675	ko:K11927
pssx:DCC84_31690	ko:K00833
pssx:DCC84_31695	ko:K09761
pssx:DCC84_31710	ko:K00285
pssx:DCC84_31720	ko:K11068
pssx:DCC84_31725	ko:K07240
pssx:DCC84_31730	ko:K07240
pssx:DCC84_31735	ko:K13928
pssx:DCC84_31760	ko:K13935
pssx:DCC84_31765	ko:K13934
pssx:DCC84_31770	ko:K13933
pssx:DCC84_31775	ko:K13932
pssx:DCC84_31780	ko:K13931
pssx:DCC84_31785	ko:K13930
pssx:DCC84_31790	ko:K13929
pssx:DCC84_31805	ko:K06598
pssx:DCC84_31810	ko:K06596
pssx:DCC84_31815	ko:K02660
pssx:DCC84_31820	ko:K02659
pssx:DCC84_31825	ko:K02658
pssx:DCC84_31830	ko:K02657
pssx:DCC84_31835	ko:K01920
pssx:DCC84_31840	ko:K03832
pssx:DCC84_31845	ko:K07735
pssx:DCC84_31850	ko:K07447
pssx:DCC84_31855	ko:K02825
pssx:DCC84_31860	ko:K00609
pssx:DCC84_31865	ko:K01465
pssx:DCC84_31885	ko:K02669
pssx:DCC84_31890	ko:K06997
pssx:DCC84_31895	ko:K00286
pssx:DCC84_31900	ko:K02221
pssx:DCC84_31905	ko:K00641
pssx:DCC84_31920	ko:K01519
pssx:DCC84_31940	ko:K03439
pssx:DCC84_31945	ko:K03149
pssx:DCC84_31950	ko:K03154
pssx:DCC84_31960	ko:K03814
pssx:DCC84_31965	ko:K03089
pssx:DCC84_31970	ko:K09811
pssx:DCC84_31975	ko:K09812
pssx:DCC84_31980	ko:K03110
pssx:DCC84_31985	ko:K07263
pssx:DCC84_31990	ko:K07263
pssx:DCC84_31995	ko:K08316
pssx:DCC84_32000	ko:K07019
pssx:DCC84_32005	ko:K01011
pssx:DCC84_32015	ko:K00154
pssx:DCC84_32030	ko:K00954
pssx:DCC84_32040	ko:K10563
pssx:DCC84_32050	ko:K06969
pssx:DCC84_32065	ko:K01687
pssx:DCC84_32070	ko:K21830
pssx:DCC84_32075	ko:K06956
pssx:DCC84_32080	ko:K00287
pssx:DCC84_32095	ko:K21196
pssx:DCC84_32100	ko:K27877
pssx:DCC84_32110	ko:K02012
pssx:DCC84_32115	ko:K02011
pssx:DCC84_32120	ko:K02010
pssx:DCC84_32130	ko:K01534
pssx:DCC84_32140	ko:K00560
pssx:DCC84_32145	ko:K13292
pssx:DCC84_32150	ko:K07090
pssx:DCC84_32160	ko:K08484
pssx:DCC84_32165	ko:K08311
pssx:DCC84_32170	ko:K28842
pssx:DCC84_32180	ko:K01754
pssx:DCC84_32185	ko:K01807
pssx:DCC84_32200	ko:K29029
pssx:DCC84_32215	ko:K00058
pssx:DCC84_32225	ko:K02424
pssx:DCC84_32235	ko:K07394
pssx:DCC84_32280	ko:K01434
pssx:DCC84_32290	ko:K18991
pssx:DCC84_32315	ko:K11074
pssx:DCC84_32320	ko:K11075
pssx:DCC84_32325	ko:K11076
pssx:DCC84_32330	ko:K11073
pssx:DCC84_32335	ko:K11073
pssx:DCC84_32340	ko:K12256
pssx:DCC84_32345	ko:K01915
pssx:DCC84_32350	ko:K07010
pssx:DCC84_32355	ko:K01915
pssx:DCC84_32370	ko:K15555
pssx:DCC84_32375	ko:K15554
pssx:DCC84_32380	ko:K04091
pssx:DCC84_32385	ko:K15553
pssx:DCC84_32390	ko:K00299
pssx:DCC84_32395	ko:K24158
pssx:DCC84_32405	ko:K14682
pssx:DCC84_32410	ko:K01438
pssx:DCC84_32420	ko:K05800
pssx:DCC84_32430	ko:K02454
pssx:DCC84_32440	ko:K07340
pssx:DCC84_32460	ko:K02437
pssx:DCC84_32465	ko:K00605
pssx:DCC84_32470	ko:K02011
pssx:DCC84_32475	ko:K02012
pssx:DCC84_32480	ko:K18800
pssx:DCC84_32490	ko:K03185
pssx:DCC84_32495	ko:K01262
pssx:DCC84_32500	ko:K09895
pssx:DCC84_32505	ko:K09892
pssx:DCC84_32510	ko:K09888
pssx:DCC84_32515	ko:K28358
pssx:DCC84_32520	ko:K01934
pssx:DCC84_32530	ko:K01993
pssx:DCC84_32535	ko:K13926
pssx:DCC84_32540	ko:K01992
pssx:DCC84_32545	ko:K02415
pssx:DCC84_32550	ko:K00344
pssx:DCC84_32565	ko:K02445
pssx:DCC84_32570	ko:K07232
pssx:DCC84_32575	ko:K02014
pssx:DCC84_32590	ko:K00523
pssx:DCC84_32595	ko:K03182
pssx:DCC84_32605	ko:K03628
pssx:DCC84_32610	ko:K03671
pssx:DCC84_32620	ko:K02030
pssx:DCC84_32625	ko:K02029
pssx:DCC84_32630	ko:K02029
pssx:DCC84_32635	ko:K02028
pssx:DCC84_32660	ko:K01524
pssx:DCC84_32665	ko:K00937
pssx:DCC84_32670	ko:K01698
pssx:DCC84_32690	ko:K09768
pssx:DCC84_32695	ko:K07243
pssx:DCC84_32700	ko:K09859
pssx:DCC84_32710	ko:K07337
pssx:DCC84_32720	ko:K05834
pssx:DCC84_32730	ko:K06158
pssx:DCC84_32745	ko:K03773
pssx:DCC84_32750	ko:K07740
pssx:DCC84_32755	ko:K03611
pssx:DCC84_32760	ko:K02498
pssx:DCC84_32770	ko:K01749
pssx:DCC84_32775	ko:K08083
pssx:DCC84_32780	ko:K01755
pssx:DCC84_32790	ko:K00799
pssx:DCC84_32805	ko:K05851
pssx:DCC84_32810	ko:K06140
pssx:DCC84_32815	ko:K06938
pssx:DCC84_32820	ko:K06202
pssx:DCC84_32830	ko:K01586
pssx:DCC84_32835	ko:K01778
pssx:DCC84_32840	ko:K09921
pssx:DCC84_32845	ko:K03733
pssx:DCC84_32850	ko:K20862
pssx:DCC84_32865	ko:K03320
pssx:DCC84_32870	ko:K04752
pssx:DCC84_32875	ko:K09806
pssx:DCC84_32880	ko:K00574
pssx:DCC84_32890	ko:K07391
pssx:DCC84_32905	ko:K03406
pssx:DCC84_32910	ko:K03566
pssx:DCC84_32915	ko:K26939
pssx:DCC84_32925	ko:K03656
pssx:DCC84_32930	ko:K03816
pssx:DCC84_32950	ko:K01775
pssx:DCC84_32960	ko:K00285
pssx:DCC84_32965	ko:K03719
pssx:DCC84_32970	ko:K06940
pssx:DCC84_32975	ko:K09471
pssx:DCC84_32990	ko:K06132
pssx:DCC84_33000	ko:K12254
pssx:DCC84_33005	ko:K06995
pssx:DCC84_33010	ko:K02913
pssx:DCC84_33015	ko:K02902
pssx:DCC84_33020	ko:K12368
pssx:DCC84_33025	ko:K03630
pssx:DCC84_33030	ko:K13038
pssx:DCC84_33035	ko:K01520
pssx:DCC84_33045	ko:K15778
pssx:DCC84_33050	ko:K00930
pssx:DCC84_33055	ko:K00762
pssx:DCC84_33060	ko:K01142
pssx:DCC84_33065	ko:K09940
pssx:DCC84_33070	ko:K00989
pssx:DCC84_33080	ko:K00942
pssx:DCC84_33085	ko:K03060
pssx:DCC84_33090	ko:K01139
pssx:DCC84_33110	ko:K03561
pssx:DCC84_33115	ko:K03559
pssx:DCC84_33120	ko:K03832
pssx:DCC84_33130	ko:K07243
pssx:DCC84_33135	ko:K07230
pssx:DCC84_33140	ko:K04761
pssx:DCC84_33145	ko:K03655
pssx:DCC84_33170	ko:K02004
pssx:DCC84_33175	ko:K02003
pssx:DCC84_33180	ko:K11912
pssx:DCC84_33185	ko:K11915
pssx:DCC84_33190	ko:K11890
pssx:DCC84_33195	ko:K11891
pssx:DCC84_33200	ko:K11892
pssx:DCC84_33205	ko:K11893
pssx:DCC84_33210	ko:K11906
pssx:DCC84_33215	ko:K11913
pssx:DCC84_33220	ko:K11902
pssx:DCC84_33225	ko:K11901
pssx:DCC84_33230	ko:K11900
pssx:DCC84_33235	ko:K11903
pssx:DCC84_33240	ko:K11897
pssx:DCC84_33245	ko:K11896
pssx:DCC84_33250	ko:K11895
pssx:DCC84_33255	ko:K11907
pssx:DCC84_33260	ko:K11904
pssx:DCC84_33300	ko:K05787
pssx:DCC84_33305	ko:K05297
pssx:DCC84_33315	ko:K03181
pssx:DCC84_33320	ko:K03179
pssx:DCC84_33330	ko:K07657
pssx:DCC84_33335	ko:K07636
pssx:DCC84_33340	ko:K03699
pssx:DCC84_33360	ko:K02039
pssx:DCC84_33365	ko:K02036
pssx:DCC84_33370	ko:K02038
pssx:DCC84_33375	ko:K02037
pssx:DCC84_33380	ko:K02040
pssx:DCC84_33390	ko:K03762
pssx:DCC84_33395	ko:K10806
pssx:DCC84_33400	ko:K01792
pssx:DCC84_33405	ko:K09950
pssx:DCC84_33415	ko:K01589
pssx:DCC84_33420	ko:K01588
pssx:DCC84_33425	ko:K21645
pssx:DCC84_33430	ko:K01744
pssx:DCC84_33435	ko:K03310
pssx:DCC84_33440	ko:K01424
pssx:DCC84_33455	ko:K11073
pssx:DCC84_33460	ko:K00375
pssx:DCC84_33465	ko:K07734
pssx:DCC84_33495	ko:K01960
pssx:DCC84_33500	ko:K01959
pssx:DCC84_33505	ko:K21711
pssx:DCC84_33520	ko:K19337
pssx:DCC84_33530	ko:K03657
pssx:DCC84_33545	ko:K26735
pssx:DCC84_33560	ko:K00868
pssx:DCC84_33585	ko:K06204
pssx:DCC84_33595	ko:K01448
pssx:DCC84_33600	ko:K09007
pssx:DCC84_33605	ko:K02074
pssx:DCC84_33610	ko:K02075
pssx:DCC84_33615	ko:K02077
pssx:DCC84_33620	ko:K01496
pssx:DCC84_33630	ko:K01465
pssx:DCC84_33640	ko:K06131
pssx:DCC84_33645	ko:K00574
pssx:DCC84_33655	ko:K09930
pssx:DCC84_33675	ko:K04087
pssx:DCC84_33710	ko:K00981
pssx:DCC84_33715	ko:K03719
pssx:DCC84_33725	ko:K06894
pssx:DCC84_33730	ko:K05367
pssx:DCC84_33740	ko:K03744
pssx:DCC84_33770	ko:K07264
pssx:DCC84_33790	ko:K08970
pssx:DCC84_33795	ko:K07807
pssx:DCC84_33815	ko:K02483
pssx:DCC84_33820	ko:K02483
pssx:DCC84_33845	ko:K02012
pssx:DCC84_33850	ko:K02011
pssx:DCC84_33855	ko:K02010
pssx:DCC84_33870	ko:K02483
pssx:DCC84_33875	ko:K02484
pssx:DCC84_33925	ko:K07787
pssx:DCC84_33930	ko:K07798
pssx:DCC84_33935	ko:K07796
pssx:DCC84_33945	ko:K07245
pssx:DCC84_33950	ko:K07156
pssx:DCC84_33955	ko:K07644
pssx:DCC84_33960	ko:K07665
pssx:DCC84_33980	ko:K17686
pssx:DCC84_33985	ko:K07213
pssx:DCC84_33990	ko:K02387
pssx:DCC84_34010	ko:K07233
pssx:DCC84_34020	ko:K06938
pssx:DCC84_34050	ko:K08970
pssx:DCC84_34055	ko:K07807
pssx:DCC84_34095	ko:K06899
pssx:DCC84_34100	ko:K00537
pssx:DCC84_34105	ko:K11811
pssx:DCC84_34110	ko:K03741
pssx:DCC84_34115	ko:K03893
pssx:DCC84_34120	ko:K03892
pssx:DCC84_34125	ko:K23988
pssx:DCC84_34165	ko:K00820
pssx:DCC84_34175	ko:K04042
pssx:DCC84_34180	ko:K02114
pssx:DCC84_34185	ko:K02112
pssx:DCC84_34190	ko:K02115
pssx:DCC84_34195	ko:K02111
pssx:DCC84_34200	ko:K02113
pssx:DCC84_34205	ko:K02109
pssx:DCC84_34210	ko:K02110
pssx:DCC84_34215	ko:K02108
pssx:DCC84_34220	ko:K02116
pssx:DCC84_34225	ko:K03497
pssx:DCC84_34230	ko:K03496
pssx:DCC84_34235	ko:K03501
pssx:DCC84_34240	ko:K03495
pssx:DCC84_34245	ko:K23514
pssx:DCC84_34250	ko:K07165
pssx:DCC84_34255	ko:K02014
pssx:DCC84_34260	ko:K03650
pssx:DCC84_34265	ko:K03217
pssx:DCC84_34270	ko:K08998
pssx:DCC84_34275	ko:K03536
