rtg:NCTC13098_00001	ko:K02313
rtg:NCTC13098_00002	ko:K02338
rtg:NCTC13098_00003	ko:K03629
rtg:NCTC13098_00004	ko:K02470
rtg:NCTC13098_00006	ko:K19776
rtg:NCTC13098_00007	ko:K00883
rtg:NCTC13098_00008	ko:K01631
rtg:NCTC13098_00009	ko:K01684
rtg:NCTC13098_00011	ko:K08194
rtg:NCTC13098_00015	ko:K04081
rtg:NCTC13098_00016	ko:K07085
rtg:NCTC13098_00018	ko:K03482
rtg:NCTC13098_00019	ko:K02750
rtg:NCTC13098_00020	ko:K02750
rtg:NCTC13098_00021	ko:K01232
rtg:NCTC13098_00022	ko:K00389
rtg:NCTC13098_00024	ko:K06871
rtg:NCTC13098_00025	ko:K01753
rtg:NCTC13098_00028	ko:K13636
rtg:NCTC13098_00029	ko:K08154
rtg:NCTC13098_00032	ko:K19148
rtg:NCTC13098_00035	ko:K01652
rtg:NCTC13098_00036	ko:K01653
rtg:NCTC13098_00037	ko:K11534
rtg:NCTC13098_00038	ko:K28747
rtg:NCTC13098_00039	ko:K02429
rtg:NCTC13098_00041	ko:K07686
rtg:NCTC13098_00042	ko:K07675
rtg:NCTC13098_00043	ko:K07783
rtg:NCTC13098_00044	ko:K07784
rtg:NCTC13098_00047	ko:K03445
rtg:NCTC13098_00051	ko:K02759
rtg:NCTC13098_00053	ko:K02761
rtg:NCTC13098_00054	ko:K02760
rtg:NCTC13098_00058	ko:K19163
rtg:NCTC13098_00059	ko:K19164
rtg:NCTC13098_00060	ko:K11192
rtg:NCTC13098_00061	ko:K07106
rtg:NCTC13098_00062	ko:K07552
rtg:NCTC13098_00063	ko:K18139
rtg:NCTC13098_00064	ko:K18138
rtg:NCTC13098_00067	ko:K03585
rtg:NCTC13098_00072	ko:K07006
rtg:NCTC13098_00073	ko:K09958
rtg:NCTC13098_00075	ko:K18991
rtg:NCTC13098_00077	ko:K10778
rtg:NCTC13098_00078	ko:K02073
rtg:NCTC13098_00080	ko:K01515
rtg:NCTC13098_00083	ko:K13979
rtg:NCTC13098_00088	ko:K07481
rtg:NCTC13098_00089	ko:K14238
rtg:NCTC13098_00092	ko:K02750
rtg:NCTC13098_00096	ko:K16345
rtg:NCTC13098_00098	ko:K00864
rtg:NCTC13098_00099	ko:K02440
rtg:NCTC13098_00100	ko:K09892
rtg:NCTC13098_00101	ko:K23163
rtg:NCTC13098_00103	ko:K01521
rtg:NCTC13098_00105	ko:K01803
rtg:NCTC13098_00108	ko:K00528
rtg:NCTC13098_00109	ko:K02446
rtg:NCTC13098_00110	ko:K03655
rtg:NCTC13098_00111	ko:K00556
rtg:NCTC13098_00112	ko:K01139
rtg:NCTC13098_00114	ko:K03060
rtg:NCTC13098_00115	ko:K00942
rtg:NCTC13098_00116	ko:K01972
rtg:NCTC13098_00118	ko:K03281
rtg:NCTC13098_00120	ko:K00989
rtg:NCTC13098_00121	ko:K00762
rtg:NCTC13098_00122	ko:K05501
rtg:NCTC13098_00123	ko:K01520
rtg:NCTC13098_00126	ko:K13038
rtg:NCTC13098_00127	ko:K03630
rtg:NCTC13098_00128	ko:K02902
rtg:NCTC13098_00129	ko:K02913
rtg:NCTC13098_00131	ko:K10563
rtg:NCTC13098_00132	ko:K00954
rtg:NCTC13098_00133	ko:K12984
rtg:NCTC13098_00134	ko:K02527
rtg:NCTC13098_00135	ko:K19354
rtg:NCTC13098_00140	ko:K02844
rtg:NCTC13098_00141	ko:K02849
rtg:NCTC13098_00146	ko:K02841
rtg:NCTC13098_00147	ko:K02843
rtg:NCTC13098_00148	ko:K03274
rtg:NCTC13098_00149	ko:K00639
rtg:NCTC13098_00150	ko:K00060
rtg:NCTC13098_00152	ko:K09798
rtg:NCTC13098_00153	ko:K22719
rtg:NCTC13098_00154	ko:K15633
rtg:NCTC13098_00156	ko:K03676
rtg:NCTC13098_00157	ko:K03071
rtg:NCTC13098_00159	ko:K00057
rtg:NCTC13098_00160	ko:K00640
rtg:NCTC13098_00162	ko:K03216
rtg:NCTC13098_00163	ko:K29125
rtg:NCTC13098_00164	ko:K14348
rtg:NCTC13098_00168	ko:K14762
rtg:NCTC13098_00170	ko:K02562
rtg:NCTC13098_00172	ko:K00009
rtg:NCTC13098_00173	ko:K02800
rtg:NCTC13098_00174	ko:K02800
rtg:NCTC13098_00176	ko:K01042
rtg:NCTC13098_00177	ko:K03833
rtg:NCTC13098_00181	ko:K03292
rtg:NCTC13098_00183	ko:K03077
rtg:NCTC13098_00184	ko:K03079
rtg:NCTC13098_00185	ko:K03078
rtg:NCTC13098_00186	ko:K00880
rtg:NCTC13098_00193	ko:K01053
rtg:NCTC13098_00194	ko:K10439
rtg:NCTC13098_00195	ko:K10440
rtg:NCTC13098_00196	ko:K10441
rtg:NCTC13098_00198	ko:K21602
rtg:NCTC13098_00200	ko:K00835
rtg:NCTC13098_00201	ko:K01176
rtg:NCTC13098_00202	ko:K03796
rtg:NCTC13098_00203	ko:K02529
rtg:NCTC13098_00204	ko:K10544
rtg:NCTC13098_00205	ko:K10545
rtg:NCTC13098_00206	ko:K10543
rtg:NCTC13098_00207	ko:K01805
rtg:NCTC13098_00208	ko:K00854
rtg:NCTC13098_00211	ko:K01878
rtg:NCTC13098_00223	ko:K07726
rtg:NCTC13098_00224	ko:K08195
rtg:NCTC13098_00226	ko:K00090
rtg:NCTC13098_00228	ko:K00874
rtg:NCTC13098_00233	ko:K08351
rtg:NCTC13098_00234	ko:K03826
rtg:NCTC13098_00235	ko:K01246
rtg:NCTC13098_00238	ko:K08177
rtg:NCTC13098_00239	ko:K12975
rtg:NCTC13098_00240	ko:K14232
rtg:NCTC13098_00245	ko:K12368
rtg:NCTC13098_00248	ko:K12369
rtg:NCTC13098_00251	ko:K12370
rtg:NCTC13098_00252	ko:K12371
rtg:NCTC13098_00253	ko:K12372
rtg:NCTC13098_00257	ko:K00694
rtg:NCTC13098_00258	ko:K20541
rtg:NCTC13098_00265	ko:K20542
rtg:NCTC13098_00279	ko:K20541
rtg:NCTC13098_00283	ko:K20542
rtg:NCTC13098_00285	ko:K20543
rtg:NCTC13098_00286	ko:K26149
rtg:NCTC13098_00287	ko:K11103
rtg:NCTC13098_00289	ko:K00874
rtg:NCTC13098_00290	ko:K07290
rtg:NCTC13098_00294	ko:K07058
rtg:NCTC13098_00298	ko:K01194
rtg:NCTC13098_00301	ko:K11903
rtg:NCTC13098_00304	ko:K00383
rtg:NCTC13098_00305	ko:K00383
rtg:NCTC13098_00306	ko:K07115
rtg:NCTC13098_00308	ko:K01414
rtg:NCTC13098_00309	ko:K15984
rtg:NCTC13098_00310	ko:K03885
rtg:NCTC13098_00315	ko:K06149
rtg:NCTC13098_00316	ko:K06144
rtg:NCTC13098_00319	ko:K16322
rtg:NCTC13098_00321	ko:K06213
rtg:NCTC13098_00323	ko:K07722
rtg:NCTC13098_00324	ko:K10824
rtg:NCTC13098_00325	ko:K15587
rtg:NCTC13098_00326	ko:K15586
rtg:NCTC13098_00327	ko:K15585
rtg:NCTC13098_00328	ko:K15584
rtg:NCTC13098_00330	ko:K13727
rtg:NCTC13098_00331	ko:K07806
rtg:NCTC13098_00332	ko:K10012
rtg:NCTC13098_00333	ko:K10011
rtg:NCTC13098_00334	ko:K13014
rtg:NCTC13098_00335	ko:K07264
rtg:NCTC13098_00336	ko:K12962
rtg:NCTC13098_00337	ko:K12963
rtg:NCTC13098_00338	ko:K06133
rtg:NCTC13098_00339	ko:K09458
rtg:NCTC13098_00340	ko:K00059
rtg:NCTC13098_00342	ko:K00647
rtg:NCTC13098_00347	ko:K07107
rtg:NCTC13098_00353	ko:K02078
rtg:NCTC13098_00354	ko:K02078
rtg:NCTC13098_00360	ko:K27311
rtg:NCTC13098_00361	ko:K09125
rtg:NCTC13098_00362	ko:K04085
rtg:NCTC13098_00365	ko:K01534
rtg:NCTC13098_00368	ko:K08993
rtg:NCTC13098_00369	ko:K08316
rtg:NCTC13098_00370	ko:K03110
rtg:NCTC13098_00371	ko:K09812
rtg:NCTC13098_00372	ko:K09811
rtg:NCTC13098_00373	ko:K03089
rtg:NCTC13098_00374	ko:K00823
rtg:NCTC13098_00376	ko:K01999
rtg:NCTC13098_00378	ko:K01999
rtg:NCTC13098_00379	ko:K01997
rtg:NCTC13098_00380	ko:K01998
rtg:NCTC13098_00381	ko:K01995
rtg:NCTC13098_00382	ko:K01996
rtg:NCTC13098_00383	ko:K05813
rtg:NCTC13098_00384	ko:K05814
rtg:NCTC13098_00385	ko:K05815
rtg:NCTC13098_00386	ko:K05816
rtg:NCTC13098_00387	ko:K01126
rtg:NCTC13098_00389	ko:K00681
rtg:NCTC13098_00390	ko:K00681
rtg:NCTC13098_00392	ko:K03825
rtg:NCTC13098_00396	ko:K06911
rtg:NCTC13098_00397	ko:K06145
rtg:NCTC13098_00398	ko:K00851
rtg:NCTC13098_00399	ko:K06156
rtg:NCTC13098_00400	ko:K00133
rtg:NCTC13098_00401	ko:K00700
rtg:NCTC13098_00403	ko:K02438
rtg:NCTC13098_00406	ko:K00975
rtg:NCTC13098_00408	ko:K00703
rtg:NCTC13098_00409	ko:K00688
rtg:NCTC13098_00417	ko:K02439
rtg:NCTC13098_00418	ko:K02441
rtg:NCTC13098_00419	ko:K02444
rtg:NCTC13098_00420	ko:K03556
rtg:NCTC13098_00422	ko:K00688
rtg:NCTC13098_00424	ko:K00705
rtg:NCTC13098_00425	ko:K06155
rtg:NCTC13098_00426	ko:K07400
rtg:NCTC13098_00430	ko:K07490
rtg:NCTC13098_00431	ko:K04759
rtg:NCTC13098_00432	ko:K04758
rtg:NCTC13098_00433	ko:K06959
rtg:NCTC13098_00435	ko:K04760
rtg:NCTC13098_00436	ko:K07659
rtg:NCTC13098_00437	ko:K07638
rtg:NCTC13098_00438	ko:K01610
rtg:NCTC13098_00439	ko:K04083
rtg:NCTC13098_00440	ko:K04762
rtg:NCTC13098_00441	ko:K20881
rtg:NCTC13098_00444	ko:K08312
rtg:NCTC13098_00450	ko:K12288
rtg:NCTC13098_00451	ko:K12289
rtg:NCTC13098_00452	ko:K12291
rtg:NCTC13098_00454	ko:K02507
rtg:NCTC13098_00455	ko:K00891
rtg:NCTC13098_00456	ko:K01735
rtg:NCTC13098_00457	ko:K03112
rtg:NCTC13098_00458	ko:K06223
rtg:NCTC13098_00459	ko:K01783
rtg:NCTC13098_00460	ko:K01091
rtg:NCTC13098_00461	ko:K01867
rtg:NCTC13098_00462	ko:K02302
rtg:NCTC13098_00463	ko:K00363
rtg:NCTC13098_00465	ko:K00362
rtg:NCTC13098_00466	ko:K01485
rtg:NCTC13098_00468	ko:K06141
rtg:NCTC13098_00469	ko:K03767
rtg:NCTC13098_00471	ko:K04095
rtg:NCTC13098_00473	ko:K01664
rtg:NCTC13098_00474	ko:K00821
rtg:NCTC13098_00476	ko:K10914
rtg:NCTC13098_00477	ko:K07397
rtg:NCTC13098_00478	ko:K28462
rtg:NCTC13098_00479	ko:K09898
rtg:NCTC13098_00480	ko:K07019
rtg:NCTC13098_00482	ko:K06158
rtg:NCTC13098_00483	ko:K11748
rtg:NCTC13098_00484	ko:K11747
rtg:NCTC13098_00485	ko:K07070
rtg:NCTC13098_00486	ko:K03775
rtg:NCTC13098_00487	ko:K03745
rtg:NCTC13098_00488	ko:K03772
rtg:NCTC13098_00490	ko:K07235
rtg:NCTC13098_00491	ko:K07236
rtg:NCTC13098_00492	ko:K07237
rtg:NCTC13098_00493	ko:K02950
rtg:NCTC13098_00496	ko:K02355
rtg:NCTC13098_00497	ko:K02358
rtg:NCTC13098_00499	ko:K02192
rtg:NCTC13098_00500	ko:K03594
rtg:NCTC13098_00501	ko:K02506
rtg:NCTC13098_00502	ko:K02946
rtg:NCTC13098_00503	ko:K02906
rtg:NCTC13098_00504	ko:K02926
rtg:NCTC13098_00505	ko:K02892
rtg:NCTC13098_00506	ko:K02886
rtg:NCTC13098_00507	ko:K02965
rtg:NCTC13098_00508	ko:K02890
rtg:NCTC13098_00509	ko:K02982
rtg:NCTC13098_00510	ko:K02878
rtg:NCTC13098_00511	ko:K02904
rtg:NCTC13098_00512	ko:K02961
rtg:NCTC13098_00513	ko:K02874
rtg:NCTC13098_00514	ko:K02895
rtg:NCTC13098_00515	ko:K02931
rtg:NCTC13098_00516	ko:K02954
rtg:NCTC13098_00517	ko:K02994
rtg:NCTC13098_00518	ko:K02933
rtg:NCTC13098_00519	ko:K02881
rtg:NCTC13098_00520	ko:K02988
rtg:NCTC13098_00521	ko:K02907
rtg:NCTC13098_00522	ko:K02876
rtg:NCTC13098_00523	ko:K03076
rtg:NCTC13098_00526	ko:K02986
rtg:NCTC13098_00528	ko:K02879
rtg:NCTC13098_00530	ko:K13638
rtg:NCTC13098_00531	ko:K09890
rtg:NCTC13098_00532	ko:K03282
rtg:NCTC13098_00533	ko:K03499
rtg:NCTC13098_00534	ko:K03500
rtg:NCTC13098_00535	ko:K00604
rtg:NCTC13098_00536	ko:K01462
rtg:NCTC13098_00537	ko:K04096
rtg:NCTC13098_00538	ko:K03747
rtg:NCTC13098_00539	ko:K07479
rtg:NCTC13098_00540	ko:K07566
rtg:NCTC13098_00541	ko:K00014
rtg:NCTC13098_00544	ko:K01977
rtg:NCTC13098_00545	ko:K14224
rtg:NCTC13098_00547	ko:K01980
rtg:NCTC13098_00548	ko:K01985
rtg:NCTC13098_00549	ko:K14234
rtg:NCTC13098_00550	ko:K01985
rtg:NCTC13098_00559	ko:K18140
rtg:NCTC13098_00569	ko:K06919
rtg:NCTC13098_00570	ko:K03111
rtg:NCTC13098_00599	ko:K03557
rtg:NCTC13098_00600	ko:K05540
rtg:NCTC13098_00601	ko:K02687
rtg:NCTC13098_00602	ko:K14392
rtg:NCTC13098_00604	ko:K01961
rtg:NCTC13098_00605	ko:K02160
rtg:NCTC13098_00606	ko:K03786
rtg:NCTC13098_00607	ko:K17247
rtg:NCTC13098_00608	ko:K07147
rtg:NCTC13098_00609	ko:K19745
rtg:NCTC13098_00610	ko:K18765
rtg:NCTC13098_00611	ko:K03569
rtg:NCTC13098_00612	ko:K03570
rtg:NCTC13098_00613	ko:K03571
rtg:NCTC13098_00614	ko:K06287
rtg:NCTC13098_00616	ko:K08301
rtg:NCTC13098_00618	ko:K03568
rtg:NCTC13098_00619	ko:K21698
rtg:NCTC13098_00620	ko:K21695
rtg:NCTC13098_00621	ko:K15548
rtg:NCTC13098_00622	ko:K03468
rtg:NCTC13098_00623	ko:K03623
rtg:NCTC13098_00626	ko:K03402
rtg:NCTC13098_00627	ko:K00024
rtg:NCTC13098_00628	ko:K02854
rtg:NCTC13098_00629	ko:K01804
rtg:NCTC13098_00630	ko:K01804
rtg:NCTC13098_00632	ko:K00008
rtg:NCTC13098_00634	ko:K04691
rtg:NCTC13098_00637	ko:K09908
rtg:NCTC13098_00638	ko:K06916
rtg:NCTC13098_00639	ko:K02871
rtg:NCTC13098_00640	ko:K02996
rtg:NCTC13098_00641	ko:K03599
rtg:NCTC13098_00642	ko:K03600
rtg:NCTC13098_00643	ko:K22104
rtg:NCTC13098_00644	ko:K01639
rtg:NCTC13098_00646	ko:K03290
rtg:NCTC13098_00647	ko:K01788
rtg:NCTC13098_00648	ko:K00885
rtg:NCTC13098_00651	ko:K00266
rtg:NCTC13098_00653	ko:K00265
rtg:NCTC13098_00656	ko:K07139
rtg:NCTC13098_00657	ko:K07648
rtg:NCTC13098_00661	ko:K03814
rtg:NCTC13098_00662	ko:K08485
rtg:NCTC13098_00663	ko:K06958
rtg:NCTC13098_00664	ko:K02806
rtg:NCTC13098_00665	ko:K02806
rtg:NCTC13098_00666	ko:K05808
rtg:NCTC13098_00668	ko:K03092
rtg:NCTC13098_00669	ko:K06861
rtg:NCTC13098_00670	ko:K09774
rtg:NCTC13098_00671	ko:K11719
rtg:NCTC13098_00673	ko:K03270
rtg:NCTC13098_00674	ko:K06041
rtg:NCTC13098_00675	ko:K07301
rtg:NCTC13098_00676	ko:K02065
rtg:NCTC13098_00677	ko:K02066
rtg:NCTC13098_00678	ko:K02067
rtg:NCTC13098_00679	ko:K07323
rtg:NCTC13098_00680	ko:K07122
rtg:NCTC13098_00682	ko:K00790
rtg:NCTC13098_00683	ko:K07724
rtg:NCTC13098_00684	ko:K02523
rtg:NCTC13098_00685	ko:K02888
rtg:NCTC13098_00686	ko:K02899
rtg:NCTC13098_00688	ko:K03979
rtg:NCTC13098_00689	ko:K07259
rtg:NCTC13098_00692	ko:K03624
rtg:NCTC13098_00693	ko:K07574
rtg:NCTC13098_00694	ko:K02427
rtg:NCTC13098_00698	ko:K00796
rtg:NCTC13098_00705	ko:K14228
rtg:NCTC13098_00708	ko:K01940
rtg:NCTC13098_00709	ko:K14230
rtg:NCTC13098_00711	ko:K09748
rtg:NCTC13098_00713	ko:K02600
rtg:NCTC13098_00715	ko:K02519
rtg:NCTC13098_00716	ko:K02834
rtg:NCTC13098_00717	ko:K03177
rtg:NCTC13098_00720	ko:K00962
rtg:NCTC13098_00721	ko:K05803
rtg:NCTC13098_00722	ko:K05592
rtg:NCTC13098_00723	ko:K03835
rtg:NCTC13098_00724	ko:K03835
rtg:NCTC13098_00726	ko:K24845
rtg:NCTC13098_00727	ko:K24844
rtg:NCTC13098_00728	ko:K24843
rtg:NCTC13098_00729	ko:K03824
rtg:NCTC13098_00730	ko:K07461
rtg:NCTC13098_00731	ko:K09979
rtg:NCTC13098_00733	ko:K07089
rtg:NCTC13098_00734	ko:K28369
rtg:NCTC13098_00735	ko:K12961
rtg:NCTC13098_00736	ko:K07460
rtg:NCTC13098_00737	ko:K07121
rtg:NCTC13098_00738	ko:K07056
rtg:NCTC13098_00739	ko:K02080
rtg:NCTC13098_00741	ko:K10986
rtg:NCTC13098_00742	ko:K10985
rtg:NCTC13098_00743	ko:K10984
rtg:NCTC13098_00744	ko:K08302
rtg:NCTC13098_00745	ko:K02082
rtg:NCTC13098_00746	ko:K02079
rtg:NCTC13098_00747	ko:K02744
rtg:NCTC13098_00748	ko:K02747
rtg:NCTC13098_00749	ko:K02746
rtg:NCTC13098_00750	ko:K02745
rtg:NCTC13098_00752	ko:K16371
rtg:NCTC13098_00753	ko:K02081
rtg:NCTC13098_00755	ko:K01708
rtg:NCTC13098_00758	ko:K12299
rtg:NCTC13098_00760	ko:K01630
rtg:NCTC13098_00761	ko:K00042
rtg:NCTC13098_00762	ko:K00042
rtg:NCTC13098_00763	ko:K00865
rtg:NCTC13098_00766	ko:K07497
rtg:NCTC13098_00767	ko:K07497
rtg:NCTC13098_00785	ko:K07393
rtg:NCTC13098_00791	ko:K25864
rtg:NCTC13098_00795	ko:K19775
rtg:NCTC13098_00797	ko:K08191
rtg:NCTC13098_00799	ko:K01812
rtg:NCTC13098_00800	ko:K01685
rtg:NCTC13098_00802	ko:K07862
rtg:NCTC13098_00806	ko:K07043
rtg:NCTC13098_00807	ko:K11391
rtg:NCTC13098_00808	ko:K00219
rtg:NCTC13098_00809	ko:K11216
rtg:NCTC13098_00810	ko:K11531
rtg:NCTC13098_00811	ko:K10558
rtg:NCTC13098_00812	ko:K10556
rtg:NCTC13098_00813	ko:K10557
rtg:NCTC13098_00814	ko:K10555
rtg:NCTC13098_00815	ko:K08321
rtg:NCTC13098_00816	ko:K11530
rtg:NCTC13098_00818	ko:K09251
rtg:NCTC13098_00820	ko:K07229
rtg:NCTC13098_00821	ko:K28825
rtg:NCTC13098_00822	ko:K05881
rtg:NCTC13098_00823	ko:K05879
rtg:NCTC13098_00824	ko:K05878
rtg:NCTC13098_00825	ko:K00005
rtg:NCTC13098_00826	ko:K05880
rtg:NCTC13098_00827	ko:K02444
rtg:NCTC13098_00828	ko:K02012
rtg:NCTC13098_00829	ko:K02011
rtg:NCTC13098_00830	ko:K02010
rtg:NCTC13098_00834	ko:K07165
rtg:NCTC13098_00835	ko:K16152
rtg:NCTC13098_00836	ko:K12545
rtg:NCTC13098_00837	ko:K12536
rtg:NCTC13098_00838	ko:K12537
rtg:NCTC13098_00848	ko:K10440
rtg:NCTC13098_00851	ko:K10441
rtg:NCTC13098_00852	ko:K10439
rtg:NCTC13098_00856	ko:K14230
rtg:NCTC13098_00857	ko:K03649
rtg:NCTC13098_00858	ko:K03086
rtg:NCTC13098_00859	ko:K02316
rtg:NCTC13098_00860	ko:K02970
rtg:NCTC13098_00861	ko:K25706
rtg:NCTC13098_00863	ko:K03189
rtg:NCTC13098_00864	ko:K03188
rtg:NCTC13098_00865	ko:K03187
rtg:NCTC13098_00868	ko:K01428
rtg:NCTC13098_00870	ko:K01429
rtg:NCTC13098_00871	ko:K01430
rtg:NCTC13098_00872	ko:K03190
rtg:NCTC13098_00873	ko:K03190
rtg:NCTC13098_00876	ko:K08591
rtg:NCTC13098_00877	ko:K01633
rtg:NCTC13098_00878	ko:K06153
rtg:NCTC13098_00879	ko:K00974
rtg:NCTC13098_00880	ko:K07184
rtg:NCTC13098_00881	ko:K18446
rtg:NCTC13098_00882	ko:K00982
rtg:NCTC13098_00883	ko:K03272
rtg:NCTC13098_00884	ko:K22720
rtg:NCTC13098_00885	ko:K09806
rtg:NCTC13098_00887	ko:K02858
rtg:NCTC13098_00896	ko:K12340
rtg:NCTC13098_00897	ko:K01515
rtg:NCTC13098_00898	ko:K09920
rtg:NCTC13098_00899	ko:K03651
rtg:NCTC13098_00901	ko:K07000
rtg:NCTC13098_00902	ko:K02622
rtg:NCTC13098_00906	ko:K03923
rtg:NCTC13098_00907	ko:K07645
rtg:NCTC13098_00908	ko:K07666
rtg:NCTC13098_00911	ko:K02621
rtg:NCTC13098_00913	ko:K00655
rtg:NCTC13098_00914	ko:K04753
rtg:NCTC13098_00927	ko:K01760
rtg:NCTC13098_00928	ko:K03561
rtg:NCTC13098_00930	ko:K03559
rtg:NCTC13098_00932	ko:K19265
rtg:NCTC13098_00935	ko:K11209
rtg:NCTC13098_00937	ko:K01460
rtg:NCTC13098_00938	ko:K05825
rtg:NCTC13098_00942	ko:K12256
rtg:NCTC13098_00943	ko:K09472
rtg:NCTC13098_00945	ko:K07222
rtg:NCTC13098_00948	ko:K01438
rtg:NCTC13098_00949	ko:K03457
rtg:NCTC13098_00955	ko:K01758
rtg:NCTC13098_00958	ko:K10009
rtg:NCTC13098_00959	ko:K10010
rtg:NCTC13098_00960	ko:K02424
rtg:NCTC13098_00964	ko:K07346
rtg:NCTC13098_00965	ko:K07345
rtg:NCTC13098_00966	ko:K07688
rtg:NCTC13098_00970	ko:K07305
rtg:NCTC13098_00974	ko:K07304
rtg:NCTC13098_00978	ko:K14231
rtg:NCTC13098_00980	ko:K07150
rtg:NCTC13098_00985	ko:K03289
rtg:NCTC13098_00986	ko:K08306
rtg:NCTC13098_00989	ko:K03575
rtg:NCTC13098_00991	ko:K03439
rtg:NCTC13098_00993	ko:K09923
rtg:NCTC13098_00995	ko:K10544
rtg:NCTC13098_00996	ko:K10545
rtg:NCTC13098_00999	ko:K10543
rtg:NCTC13098_01002	ko:K09131
rtg:NCTC13098_01003	ko:K02221
rtg:NCTC13098_01005	ko:K06997
rtg:NCTC13098_01008	ko:K04333
rtg:NCTC13098_01009	ko:K07447
rtg:NCTC13098_01010	ko:K07735
rtg:NCTC13098_01011	ko:K01920
rtg:NCTC13098_01012	ko:K09761
rtg:NCTC13098_01014	ko:K01150
rtg:NCTC13098_01016	ko:K02742
rtg:NCTC13098_01017	ko:K08137
rtg:NCTC13098_01018	ko:K00789
rtg:NCTC13098_01019	ko:K01585
rtg:NCTC13098_01020	ko:K01480
rtg:NCTC13098_01028	ko:K00529
rtg:NCTC13098_01033	ko:K06989
rtg:NCTC13098_01035	ko:K01652
rtg:NCTC13098_01036	ko:K07387
rtg:NCTC13098_01037	ko:K00615
rtg:NCTC13098_01038	ko:K00615
rtg:NCTC13098_01039	ko:K03472
rtg:NCTC13098_01040	ko:K00927
rtg:NCTC13098_01041	ko:K01624
rtg:NCTC13098_01042	ko:K03442
rtg:NCTC13098_01043	ko:K06895
rtg:NCTC13098_01044	ko:K09807
rtg:NCTC13098_01045	ko:K05596
rtg:NCTC13098_01046	ko:K01807
rtg:NCTC13098_01047	ko:K00058
rtg:NCTC13098_01048	ko:K08984
rtg:NCTC13098_01049	ko:K01934
rtg:NCTC13098_01051	ko:K09888
rtg:NCTC13098_01052	ko:K09895
rtg:NCTC13098_01056	ko:K01262
rtg:NCTC13098_01057	ko:K03185
rtg:NCTC13098_01058	ko:K18800
rtg:NCTC13098_01059	ko:K00605
rtg:NCTC13098_01060	ko:K02437
rtg:NCTC13098_01062	ko:K00281
rtg:NCTC13098_01075	ko:K09900
rtg:NCTC13098_01076	ko:K11068
rtg:NCTC13098_01077	ko:K06980
rtg:NCTC13098_01078	ko:K09159
rtg:NCTC13098_01079	ko:K19168
rtg:NCTC13098_01080	ko:K03840
rtg:NCTC13098_01085	ko:K03981
rtg:NCTC13098_01087	ko:K07462
rtg:NCTC13098_01088	ko:K02836
rtg:NCTC13098_01090	ko:K04567
rtg:NCTC13098_01091	ko:K01823
rtg:NCTC13098_01092	ko:K12943
rtg:NCTC13098_01093	ko:K14225
rtg:NCTC13098_01096	ko:K07733
rtg:NCTC13098_01103	ko:K06919
rtg:NCTC13098_01123	ko:K20264
rtg:NCTC13098_01124	ko:K20263
rtg:NCTC13098_01125	ko:K07783
rtg:NCTC13098_01126	ko:K02012
rtg:NCTC13098_01128	ko:K02011
rtg:NCTC13098_01129	ko:K02010
rtg:NCTC13098_01130	ko:K03305
rtg:NCTC13098_01132	ko:K08151
rtg:NCTC13098_01134	ko:K03366
rtg:NCTC13098_01136	ko:K15550
rtg:NCTC13098_01137	ko:K15547
rtg:NCTC13098_01138	ko:K15549
rtg:NCTC13098_01141	ko:K06975
rtg:NCTC13098_01145	ko:K02033
rtg:NCTC13098_01149	ko:K02031
rtg:NCTC13098_01160	ko:K04091
rtg:NCTC13098_01163	ko:K20938
rtg:NCTC13098_01167	ko:K02034
rtg:NCTC13098_01168	ko:K02033
rtg:NCTC13098_01174	ko:K20938
rtg:NCTC13098_01181	ko:K06893
rtg:NCTC13098_01183	ko:K06147
rtg:NCTC13098_01184	ko:K16137
rtg:NCTC13098_01186	ko:K07124
rtg:NCTC13098_01191	ko:K07481
rtg:NCTC13098_01195	ko:K03791
rtg:NCTC13098_01199	ko:K07493
rtg:NCTC13098_01201	ko:K15125
rtg:NCTC13098_01206	ko:K15125
rtg:NCTC13098_01208	ko:K15125
rtg:NCTC13098_01209	ko:K07389
rtg:NCTC13098_01213	ko:K07350
rtg:NCTC13098_01214	ko:K07349
rtg:NCTC13098_01216	ko:K07348
rtg:NCTC13098_01217	ko:K07347
rtg:NCTC13098_01218	ko:K07346
rtg:NCTC13098_01219	ko:K07351
rtg:NCTC13098_01220	ko:K07345
rtg:NCTC13098_01221	ko:K07358
rtg:NCTC13098_01222	ko:K07357
rtg:NCTC13098_01226	ko:K15269
rtg:NCTC13098_01231	ko:K07345
rtg:NCTC13098_01232	ko:K15540
rtg:NCTC13098_01233	ko:K07347
rtg:NCTC13098_01237	ko:K07345
rtg:NCTC13098_01239	ko:K21086
rtg:NCTC13098_01241	ko:K21087
rtg:NCTC13098_01242	ko:K05275
rtg:NCTC13098_01248	ko:K00626
rtg:NCTC13098_01249	ko:K22110
rtg:NCTC13098_01251	ko:K01730
rtg:NCTC13098_01252	ko:K00065
rtg:NCTC13098_01253	ko:K02100
rtg:NCTC13098_01255	ko:K02532
rtg:NCTC13098_01256	ko:K01193
rtg:NCTC13098_01259	ko:K10192
rtg:NCTC13098_01260	ko:K10195
rtg:NCTC13098_01261	ko:K10194
rtg:NCTC13098_01262	ko:K10193
rtg:NCTC13098_01263	ko:K26933
rtg:NCTC13098_01264	ko:K25316
rtg:NCTC13098_01266	ko:K01586
rtg:NCTC13098_01269	ko:K02761
rtg:NCTC13098_01270	ko:K01223
rtg:NCTC13098_01271	ko:K13637
rtg:NCTC13098_01273	ko:K02529
rtg:NCTC13098_01281	ko:K08227
rtg:NCTC13098_01285	ko:K03573
rtg:NCTC13098_01287	ko:K08311
rtg:NCTC13098_01288	ko:K08484
rtg:NCTC13098_01289	ko:K13292
rtg:NCTC13098_01290	ko:K00560
rtg:NCTC13098_01291	ko:K02679
rtg:NCTC13098_01292	ko:K02680
rtg:NCTC13098_01294	ko:K02681
rtg:NCTC13098_01295	ko:K03583
rtg:NCTC13098_01296	ko:K01407
rtg:NCTC13098_01297	ko:K03582
rtg:NCTC13098_01298	ko:K03581
rtg:NCTC13098_01299	ko:K14682
rtg:NCTC13098_01300	ko:K01448
rtg:NCTC13098_01303	ko:K04720
rtg:NCTC13098_01304	ko:K02227
rtg:NCTC13098_01305	ko:K02232
rtg:NCTC13098_01306	ko:K02231
rtg:NCTC13098_01307	ko:K02233
rtg:NCTC13098_01308	ko:K14230
rtg:NCTC13098_01309	ko:K14230
rtg:NCTC13098_01310	ko:K14230
rtg:NCTC13098_01311	ko:K08304
rtg:NCTC13098_01312	ko:K22132
rtg:NCTC13098_01313	ko:K02426
rtg:NCTC13098_01314	ko:K01766
rtg:NCTC13098_01317	ko:K03566
rtg:NCTC13098_01319	ko:K06968
rtg:NCTC13098_01320	ko:K02430
rtg:NCTC13098_01321	ko:K02431
rtg:NCTC13098_01322	ko:K00879
rtg:NCTC13098_01323	ko:K01818
rtg:NCTC13098_01329	ko:K01628
rtg:NCTC13098_01330	ko:K01628
rtg:NCTC13098_01335	ko:K01146
rtg:NCTC13098_01337	ko:K04091
rtg:NCTC13098_01343	ko:K02071
rtg:NCTC13098_01346	ko:K02073
rtg:NCTC13098_01351	ko:K15553
rtg:NCTC13098_01358	ko:K03837
rtg:NCTC13098_01359	ko:K06966
rtg:NCTC13098_01362	ko:K15723
rtg:NCTC13098_01375	ko:K01706
rtg:NCTC13098_01383	ko:K07678
rtg:NCTC13098_01386	ko:K03215
rtg:NCTC13098_01389	ko:K00951
rtg:NCTC13098_01391	ko:K04765
rtg:NCTC13098_01393	ko:K01937
rtg:NCTC13098_01397	ko:K10026
rtg:NCTC13098_01398	ko:K10026
rtg:NCTC13098_01408	ko:K08368
rtg:NCTC13098_01416	ko:K01737
rtg:NCTC13098_01424	ko:K09612
rtg:NCTC13098_01428	ko:K02302
rtg:NCTC13098_01429	ko:K00957
rtg:NCTC13098_01433	ko:K00860
rtg:NCTC13098_01435	ko:K05589
rtg:NCTC13098_01436	ko:K00991
rtg:NCTC13098_01439	ko:K06176
rtg:NCTC13098_01440	ko:K03787
rtg:NCTC13098_01441	ko:K00573
rtg:NCTC13098_01442	ko:K06194
rtg:NCTC13098_01443	ko:K03087
rtg:NCTC13098_01450	ko:K03555
rtg:NCTC13098_01452	ko:K10834
rtg:NCTC13098_01453	ko:K25133
rtg:NCTC13098_01454	ko:K25132
rtg:NCTC13098_01455	ko:K07225
rtg:NCTC13098_01456	ko:K16087
rtg:NCTC13098_01457	ko:K07401
rtg:NCTC13098_01459	ko:K11606
rtg:NCTC13098_01460	ko:K11605
rtg:NCTC13098_01461	ko:K11607
rtg:NCTC13098_01462	ko:K11604
rtg:NCTC13098_01464	ko:K00847
rtg:NCTC13098_01465	ko:K02759
rtg:NCTC13098_01466	ko:K02761
rtg:NCTC13098_01468	ko:K02760
rtg:NCTC13098_01469	ko:K02761
rtg:NCTC13098_01476	ko:K01223
rtg:NCTC13098_01478	ko:K02019
rtg:NCTC13098_01479	ko:K15836
rtg:NCTC13098_01481	ko:K04655
rtg:NCTC13098_01484	ko:K04654
rtg:NCTC13098_01485	ko:K04653
rtg:NCTC13098_01486	ko:K04652
rtg:NCTC13098_01488	ko:K04651
rtg:NCTC13098_01489	ko:K15833
rtg:NCTC13098_01490	ko:K15827
rtg:NCTC13098_01491	ko:K15828
rtg:NCTC13098_01494	ko:K15829
rtg:NCTC13098_01495	ko:K15830
rtg:NCTC13098_01496	ko:K15831
rtg:NCTC13098_01497	ko:K15832
rtg:NCTC13098_01498	ko:K15834
rtg:NCTC13098_01499	ko:K08315
rtg:NCTC13098_01500	ko:K01223
rtg:NCTC13098_01502	ko:K02753
rtg:NCTC13098_01504	ko:K03487
rtg:NCTC13098_01506	ko:K05796
rtg:NCTC13098_01510	ko:K07241
rtg:NCTC13098_01511	ko:K19048
rtg:NCTC13098_01518	ko:K12265
rtg:NCTC13098_01519	ko:K12264
rtg:NCTC13098_01520	ko:K12266
rtg:NCTC13098_01521	ko:K02467
rtg:NCTC13098_01523	ko:K02468
rtg:NCTC13098_01524	ko:K02466
rtg:NCTC13098_01525	ko:K00068
rtg:NCTC13098_01526	ko:K02781
rtg:NCTC13098_01527	ko:K02782
rtg:NCTC13098_01528	ko:K02783
rtg:NCTC13098_01529	ko:K08305
rtg:NCTC13098_01530	ko:K02074
rtg:NCTC13098_01531	ko:K02075
rtg:NCTC13098_01535	ko:K03743
rtg:NCTC13098_01536	ko:K03553
rtg:NCTC13098_01537	ko:K03553
rtg:NCTC13098_01538	ko:K03565
rtg:NCTC13098_01539	ko:K01872
rtg:NCTC13098_01540	ko:K03563
rtg:NCTC13098_01541	ko:K14233
rtg:NCTC13098_01542	ko:K14219
rtg:NCTC13098_01543	ko:K14219
rtg:NCTC13098_01544	ko:K14219
rtg:NCTC13098_01545	ko:K14219
rtg:NCTC13098_01553	ko:K07173
rtg:NCTC13098_01556	ko:K01649
rtg:NCTC13098_01559	ko:K03446
rtg:NCTC13098_01560	ko:K03543
rtg:NCTC13098_01561	ko:K15974
rtg:NCTC13098_01563	ko:K02002
rtg:NCTC13098_01564	ko:K02001
rtg:NCTC13098_01571	ko:K00525
rtg:NCTC13098_01574	ko:K03647
rtg:NCTC13098_01575	ko:K06191
rtg:NCTC13098_01577	ko:K00375
rtg:NCTC13098_01581	ko:K28156
rtg:NCTC13098_01589	ko:K00138
rtg:NCTC13098_01590	ko:K02032
rtg:NCTC13098_01591	ko:K02031
rtg:NCTC13098_01592	ko:K02034
rtg:NCTC13098_01593	ko:K02033
rtg:NCTC13098_01595	ko:K02035
rtg:NCTC13098_01601	ko:K01713
rtg:NCTC13098_01603	ko:K06160
rtg:NCTC13098_01606	ko:K23228
rtg:NCTC13098_01607	ko:K23227
rtg:NCTC13098_01608	ko:K02014
rtg:NCTC13098_01610	ko:K02774
rtg:NCTC13098_01612	ko:K02775
rtg:NCTC13098_01614	ko:K02773
rtg:NCTC13098_01617	ko:K12972
rtg:NCTC13098_01621	ko:K02028
rtg:NCTC13098_01621	ko:K02029
rtg:NCTC13098_01622	ko:K02030
rtg:NCTC13098_01631	ko:K21910
rtg:NCTC13098_01632	ko:K20902
rtg:NCTC13098_01633	ko:K01808
rtg:NCTC13098_01634	ko:K00616
rtg:NCTC13098_01635	ko:K00615
rtg:NCTC13098_01637	ko:K08194
rtg:NCTC13098_01640	ko:K07178
rtg:NCTC13098_01642	ko:K19586
rtg:NCTC13098_01643	ko:K19585
rtg:NCTC13098_01644	ko:K19587
rtg:NCTC13098_01645	ko:K15035
rtg:NCTC13098_01646	ko:K03664
rtg:NCTC13098_01648	ko:K09801
rtg:NCTC13098_01649	ko:K06186
rtg:NCTC13098_01650	ko:K03631
rtg:NCTC13098_01651	ko:K03631
rtg:NCTC13098_01652	ko:K00858
rtg:NCTC13098_01653	ko:K03687
rtg:NCTC13098_01655	ko:K03699
rtg:NCTC13098_01657	ko:K03106
rtg:NCTC13098_01658	ko:K02959
rtg:NCTC13098_01659	ko:K02860
rtg:NCTC13098_01660	ko:K00554
rtg:NCTC13098_01661	ko:K02884
rtg:NCTC13098_01665	ko:K21021
rtg:NCTC13098_01667	ko:K01626
rtg:NCTC13098_01668	ko:K14187
rtg:NCTC13098_01671	ko:K14170
rtg:NCTC13098_01673	ko:K05809
rtg:NCTC13098_01674	ko:K05807
rtg:NCTC13098_01675	ko:K06180
rtg:NCTC13098_01676	ko:K05810
rtg:NCTC13098_01677	ko:K03695
rtg:NCTC13098_01678	ko:K01977
rtg:NCTC13098_01679	ko:K14224
rtg:NCTC13098_01681	ko:K01980
rtg:NCTC13098_01682	ko:K01985
rtg:NCTC13098_01683	ko:K03761
rtg:NCTC13098_01684	ko:K05811
rtg:NCTC13098_01685	ko:K00998
rtg:NCTC13098_01686	ko:K09181
rtg:NCTC13098_01687	ko:K05812
rtg:NCTC13098_01689	ko:K03214
rtg:NCTC13098_01691	ko:K03648
rtg:NCTC13098_01692	ko:K06866
rtg:NCTC13098_01694	ko:K02757
rtg:NCTC13098_01695	ko:K08323
rtg:NCTC13098_01697	ko:K05590
rtg:NCTC13098_01698	ko:K15460
rtg:NCTC13098_01699	ko:K00278
rtg:NCTC13098_01700	ko:K03088
rtg:NCTC13098_01701	ko:K03597
rtg:NCTC13098_01702	ko:K03598
rtg:NCTC13098_01703	ko:K03803
rtg:NCTC13098_01704	ko:K03596
rtg:NCTC13098_01705	ko:K03100
rtg:NCTC13098_01707	ko:K03595
rtg:NCTC13098_01708	ko:K03584
rtg:NCTC13098_01709	ko:K03474
rtg:NCTC13098_01710	ko:K00997
rtg:NCTC13098_01714	ko:K18697
rtg:NCTC13098_01715	ko:K11991
rtg:NCTC13098_01716	ko:K18691
rtg:NCTC13098_01724	ko:K07711
rtg:NCTC13098_01726	ko:K07715
rtg:NCTC13098_01727	ko:K04751
rtg:NCTC13098_01728	ko:K05916
rtg:NCTC13098_01729	ko:K00600
rtg:NCTC13098_01730	ko:K15977
rtg:NCTC13098_01732	ko:K05820
rtg:NCTC13098_01735	ko:K08970
rtg:NCTC13098_01736	ko:K01092
rtg:NCTC13098_01737	ko:K15396
rtg:NCTC13098_01738	ko:K13643
rtg:NCTC13098_01740	ko:K04487
rtg:NCTC13098_01741	ko:K04488
rtg:NCTC13098_01742	ko:K13628
rtg:NCTC13098_01743	ko:K04082
rtg:NCTC13098_01745	ko:K04044
rtg:NCTC13098_01746	ko:K04755
rtg:NCTC13098_01748	ko:K07751
rtg:NCTC13098_01750	ko:K01011
rtg:NCTC13098_01753	ko:K06894
rtg:NCTC13098_01754	ko:K05367
rtg:NCTC13098_01755	ko:K00940
rtg:NCTC13098_01756	ko:K06941
rtg:NCTC13098_01757	ko:K15539
rtg:NCTC13098_01758	ko:K03526
rtg:NCTC13098_01759	ko:K01892
rtg:NCTC13098_01761	ko:K17713
rtg:NCTC13098_01762	ko:K03977
rtg:NCTC13098_01765	ko:K03601
rtg:NCTC13098_01766	ko:K00088
rtg:NCTC13098_01768	ko:K01951
rtg:NCTC13098_01771	ko:K15256
rtg:NCTC13098_01780	ko:K01524
rtg:NCTC13098_01785	ko:K11175
rtg:NCTC13098_01788	ko:K01933
rtg:NCTC13098_01790	ko:K18673
rtg:NCTC13098_01793	ko:K01223
rtg:NCTC13098_01794	ko:K00761
rtg:NCTC13098_01799	ko:K00537
rtg:NCTC13098_01802	ko:K01423
rtg:NCTC13098_01805	ko:K03548
rtg:NCTC13098_01807	ko:K03564
rtg:NCTC13098_01808	ko:K03567
rtg:NCTC13098_01809	ko:K01714
rtg:NCTC13098_01810	ko:K01714
rtg:NCTC13098_01811	ko:K07287
rtg:NCTC13098_01812	ko:K01923
rtg:NCTC13098_01813	ko:K07054
rtg:NCTC13098_01815	ko:K06957
rtg:NCTC13098_01816	ko:K06999
rtg:NCTC13098_01818	ko:K01439
rtg:NCTC13098_01828	ko:K12945
rtg:NCTC13098_01830	ko:K00615
rtg:NCTC13098_01831	ko:K00029
rtg:NCTC13098_01832	ko:K00228
rtg:NCTC13098_01833	ko:K01448
rtg:NCTC13098_01837	ko:K07223
rtg:NCTC13098_01838	ko:K02048
rtg:NCTC13098_01839	ko:K02046
rtg:NCTC13098_01840	ko:K02047
rtg:NCTC13098_01841	ko:K02045
rtg:NCTC13098_01846	ko:K00868
rtg:NCTC13098_01847	ko:K02777
rtg:NCTC13098_01852	ko:K01738
rtg:NCTC13098_01855	ko:K06203
rtg:NCTC13098_01857	ko:K03528
rtg:NCTC13098_01858	ko:K01972
rtg:NCTC13098_01859	ko:K09954
rtg:NCTC13098_01860	ko:K14347
rtg:NCTC13098_01862	ko:K14229
rtg:NCTC13098_01863	ko:K14237
rtg:NCTC13098_01864	ko:K14237
rtg:NCTC13098_01865	ko:K14237
rtg:NCTC13098_01866	ko:K01885
rtg:NCTC13098_01869	ko:K14218
rtg:NCTC13098_01870	ko:K14218
rtg:NCTC13098_01871	ko:K26149
rtg:NCTC13098_01872	ko:K11535
rtg:NCTC13098_01873	ko:K03322
rtg:NCTC13098_01876	ko:K19265
rtg:NCTC13098_01877	ko:K04103
rtg:NCTC13098_01878	ko:K03281
rtg:NCTC13098_01879	ko:K00845
rtg:NCTC13098_01880	ko:K27885
rtg:NCTC13098_01881	ko:K27884
rtg:NCTC13098_01882	ko:K14261
rtg:NCTC13098_01883	ko:K03449
rtg:NCTC13098_01884	ko:K11921
rtg:NCTC13098_01892	ko:K03292
rtg:NCTC13098_01894	ko:K01198
rtg:NCTC13098_01899	ko:K11904
rtg:NCTC13098_01904	ko:K11891
rtg:NCTC13098_01908	ko:K14219
rtg:NCTC13098_01909	ko:K21990
rtg:NCTC13098_01910	ko:K04754
rtg:NCTC13098_01911	ko:K06076
rtg:NCTC13098_01914	ko:K00632
rtg:NCTC13098_01915	ko:K01782
rtg:NCTC13098_01916	ko:K08296
rtg:NCTC13098_01918	ko:K07320
rtg:NCTC13098_01919	ko:K01736
rtg:NCTC13098_01921	ko:K07261
rtg:NCTC13098_01922	ko:K07090
rtg:NCTC13098_01929	ko:K00647
rtg:NCTC13098_01933	ko:K03473
rtg:NCTC13098_01935	ko:K06173
rtg:NCTC13098_01936	ko:K03975
rtg:NCTC13098_01937	ko:K01963
rtg:NCTC13098_01939	ko:K11754
rtg:NCTC13098_01941	ko:K03749
rtg:NCTC13098_01942	ko:K03558
rtg:NCTC13098_01943	ko:K00764
rtg:NCTC13098_01944	ko:K03186
rtg:NCTC13098_01945	ko:K10013
rtg:NCTC13098_01947	ko:K10014
rtg:NCTC13098_01948	ko:K10016
rtg:NCTC13098_01949	ko:K10015
rtg:NCTC13098_01950	ko:K10017
rtg:NCTC13098_01954	ko:K07071
rtg:NCTC13098_01955	ko:K07589
rtg:NCTC13098_01960	ko:K00128
rtg:NCTC13098_01961	ko:K00799
rtg:NCTC13098_01962	ko:K07095
rtg:NCTC13098_01965	ko:K02821
rtg:NCTC13098_01966	ko:K02822
rtg:NCTC13098_01970	ko:K00615
rtg:NCTC13098_01971	ko:K00615
rtg:NCTC13098_01972	ko:K13788
rtg:NCTC13098_01973	ko:K00925
rtg:NCTC13098_01974	ko:K09899
rtg:NCTC13098_01975	ko:K09161
rtg:NCTC13098_01976	ko:K19270
rtg:NCTC13098_01980	ko:K08722
rtg:NCTC13098_01981	ko:K14260
rtg:NCTC13098_01983	ko:K00330
rtg:NCTC13098_01984	ko:K00331
rtg:NCTC13098_01990	ko:K00334
rtg:NCTC13098_01992	ko:K00335
rtg:NCTC13098_02000	ko:K00337
rtg:NCTC13098_02001	ko:K00338
rtg:NCTC13098_02002	ko:K00339
rtg:NCTC13098_02003	ko:K00340
rtg:NCTC13098_02004	ko:K00341
rtg:NCTC13098_02005	ko:K00342
rtg:NCTC13098_02006	ko:K00343
rtg:NCTC13098_02007	ko:K00784
rtg:NCTC13098_02008	ko:K02348
rtg:NCTC13098_02009	ko:K02552
rtg:NCTC13098_02010	ko:K02551
rtg:NCTC13098_02011	ko:K08680
rtg:NCTC13098_02012	ko:K01661
rtg:NCTC13098_02013	ko:K02549
rtg:NCTC13098_02014	ko:K01911
rtg:NCTC13098_02015	ko:K12944
rtg:NCTC13098_02023	ko:K12661
rtg:NCTC13098_02024	ko:K26580
rtg:NCTC13098_02025	ko:K12660
rtg:NCTC13098_02026	ko:K00113
rtg:NCTC13098_02027	ko:K00112
rtg:NCTC13098_02028	ko:K00111
rtg:NCTC13098_02029	ko:K02445
rtg:NCTC13098_02031	ko:K01126
rtg:NCTC13098_02032	ko:K11107
rtg:NCTC13098_02033	ko:K00526
rtg:NCTC13098_02035	ko:K00525
rtg:NCTC13098_02037	ko:K00525
rtg:NCTC13098_02043	ko:K02469
rtg:NCTC13098_02055	ko:K07676
rtg:NCTC13098_02057	ko:K09475
rtg:NCTC13098_02059	ko:K03734
rtg:NCTC13098_02060	ko:K10778
rtg:NCTC13098_02061	ko:K03919
rtg:NCTC13098_02062	ko:K06159
rtg:NCTC13098_02063	ko:K06213
rtg:NCTC13098_02064	ko:K03321
rtg:NCTC13098_02066	ko:K00116
rtg:NCTC13098_02067	ko:K08276
rtg:NCTC13098_02069	ko:K14232
rtg:NCTC13098_02070	ko:K07014
rtg:NCTC13098_02071	ko:K09904
rtg:NCTC13098_02072	ko:K06899
rtg:NCTC13098_02078	ko:K02897
rtg:NCTC13098_02079	ko:K19789
rtg:NCTC13098_02086	ko:K13896
rtg:NCTC13098_02088	ko:K13895
rtg:NCTC13098_02089	ko:K13894
rtg:NCTC13098_02091	ko:K13893
rtg:NCTC13098_02092	ko:K13893
rtg:NCTC13098_02093	ko:K26148
rtg:NCTC13098_02094	ko:K13694
rtg:NCTC13098_02095	ko:K19803
rtg:NCTC13098_02098	ko:K01686
rtg:NCTC13098_02099	ko:K02356
rtg:NCTC13098_02101	ko:K00558
rtg:NCTC13098_02107	ko:K03291
rtg:NCTC13098_02109	ko:K11183
rtg:NCTC13098_02110	ko:K00882
rtg:NCTC13098_02112	ko:K02770
rtg:NCTC13098_02113	ko:K01151
rtg:NCTC13098_02116	ko:K11733
rtg:NCTC13098_02118	ko:K16089
rtg:NCTC13098_02119	ko:K01070
rtg:NCTC13098_02120	ko:K01495
rtg:NCTC13098_02121	ko:K07148
rtg:NCTC13098_02122	ko:K02529
rtg:NCTC13098_02124	ko:K10540
rtg:NCTC13098_02125	ko:K10542
rtg:NCTC13098_02126	ko:K10541
rtg:NCTC13098_02127	ko:K03748
rtg:NCTC13098_02128	ko:K01489
rtg:NCTC13098_02130	ko:K06518
rtg:NCTC13098_02133	ko:K08195
rtg:NCTC13098_02134	ko:K00450
rtg:NCTC13098_02135	ko:K16165
rtg:NCTC13098_02136	ko:K01800
rtg:NCTC13098_02137	ko:K22270
rtg:NCTC13098_02138	ko:K05541
rtg:NCTC13098_02139	ko:K07267
rtg:NCTC13098_02140	ko:K03488
rtg:NCTC13098_02141	ko:K02757
rtg:NCTC13098_02142	ko:K01223
rtg:NCTC13098_02144	ko:K18139
rtg:NCTC13098_02147	ko:K07262
rtg:NCTC13098_02149	ko:K03777
rtg:NCTC13098_02152	ko:K05349
rtg:NCTC13098_02155	ko:K05845
rtg:NCTC13098_02156	ko:K05846
rtg:NCTC13098_02158	ko:K05846
rtg:NCTC13098_02160	ko:K21089
rtg:NCTC13098_02161	ko:K27882
rtg:NCTC13098_02162	ko:K27883
rtg:NCTC13098_02165	ko:K01874
rtg:NCTC13098_02167	ko:K03593
rtg:NCTC13098_02168	ko:K23243
rtg:NCTC13098_02170	ko:K06901
rtg:NCTC13098_02171	ko:K01486
rtg:NCTC13098_02175	ko:K11903
rtg:NCTC13098_02178	ko:K07733
rtg:NCTC13098_02183	ko:K03746
rtg:NCTC13098_02206	ko:K03746
rtg:NCTC13098_02209	ko:K01156
rtg:NCTC13098_02210	ko:K07316
rtg:NCTC13098_02214	ko:K00878
rtg:NCTC13098_02215	ko:K00941
rtg:NCTC13098_02220	ko:K11645
rtg:NCTC13098_02222	ko:K00875
rtg:NCTC13098_02224	ko:K00039
rtg:NCTC13098_02225	ko:K03435
rtg:NCTC13098_02227	ko:K00007
rtg:NCTC13098_02232	ko:K28818
rtg:NCTC13098_02233	ko:K24204
rtg:NCTC13098_02236	ko:K02035
rtg:NCTC13098_02237	ko:K02033
rtg:NCTC13098_02239	ko:K02034
rtg:NCTC13098_02240	ko:K02031
rtg:NCTC13098_02241	ko:K02032
rtg:NCTC13098_02243	ko:K14475
rtg:NCTC13098_02244	ko:K01673
rtg:NCTC13098_02245	ko:K16087
rtg:NCTC13098_02254	ko:K07481
rtg:NCTC13098_02279	ko:K06903
rtg:NCTC13098_02286	ko:K06907
rtg:NCTC13098_02288	ko:K06908
rtg:NCTC13098_02293	ko:K06906
rtg:NCTC13098_02294	ko:K06905
rtg:NCTC13098_02296	ko:K08303
rtg:NCTC13098_02297	ko:K15833
rtg:NCTC13098_02298	ko:K07664
rtg:NCTC13098_02299	ko:K07642
rtg:NCTC13098_02300	ko:K18326
rtg:NCTC13098_02307	ko:K07788
rtg:NCTC13098_02308	ko:K07799
rtg:NCTC13098_02314	ko:K04046
rtg:NCTC13098_02315	ko:K01247
rtg:NCTC13098_02316	ko:K00876
rtg:NCTC13098_02317	ko:K01494
rtg:NCTC13098_02318	ko:K07289
rtg:NCTC13098_02320	ko:K00963
rtg:NCTC13098_02325	ko:K01991
rtg:NCTC13098_02326	ko:K16692
rtg:NCTC13098_02329	ko:K01710
rtg:NCTC13098_02330	ko:K00973
rtg:NCTC13098_02332	ko:K00067
rtg:NCTC13098_02337	ko:K00033
rtg:NCTC13098_02338	ko:K00012
rtg:NCTC13098_02341	ko:K07497
rtg:NCTC13098_02342	ko:K07497
rtg:NCTC13098_02343	ko:K08679
rtg:NCTC13098_02344	ko:K09690
rtg:NCTC13098_02345	ko:K09691
rtg:NCTC13098_02347	ko:K01854
rtg:NCTC13098_02351	ko:K11755
rtg:NCTC13098_02352	ko:K02500
rtg:NCTC13098_02353	ko:K01814
rtg:NCTC13098_02354	ko:K02501
rtg:NCTC13098_02355	ko:K01089
rtg:NCTC13098_02356	ko:K00817
rtg:NCTC13098_02357	ko:K00013
rtg:NCTC13098_02358	ko:K00765
rtg:NCTC13098_02365	ko:K02355
rtg:NCTC13098_02366	ko:K01141
rtg:NCTC13098_02368	ko:K07258
rtg:NCTC13098_02370	ko:K15496
rtg:NCTC13098_02371	ko:K15495
rtg:NCTC13098_02372	ko:K07470
rtg:NCTC13098_02374	ko:K09802
rtg:NCTC13098_02375	ko:K00768
rtg:NCTC13098_02376	ko:K01251
rtg:NCTC13098_02377	ko:K07168
rtg:NCTC13098_02383	ko:K08172
rtg:NCTC13098_02391	ko:K02050
rtg:NCTC13098_02392	ko:K02049
rtg:NCTC13098_02393	ko:K02051
rtg:NCTC13098_02394	ko:K01470
rtg:NCTC13098_02396	ko:K01485
rtg:NCTC13098_02399	ko:K02051
rtg:NCTC13098_02404	ko:K00850
rtg:NCTC13098_02406	ko:K02822
rtg:NCTC13098_02407	ko:K03475
rtg:NCTC13098_02409	ko:K02821
rtg:NCTC13098_02411	ko:K01671
rtg:NCTC13098_02417	ko:K20807
rtg:NCTC13098_02418	ko:K01721
rtg:NCTC13098_02419	ko:K01426
rtg:NCTC13098_02420	ko:K06886
rtg:NCTC13098_02423	ko:K07497
rtg:NCTC13098_02424	ko:K14220
rtg:NCTC13098_02425	ko:K26937
rtg:NCTC13098_02426	ko:K14220
rtg:NCTC13098_02430	ko:K04087
rtg:NCTC13098_02434	ko:K07141
rtg:NCTC13098_02439	ko:K01241
rtg:NCTC13098_02440	ko:K19238
rtg:NCTC13098_02444	ko:K12973
rtg:NCTC13098_02450	ko:K11932
rtg:NCTC13098_02452	ko:K18900
rtg:NCTC13098_02454	ko:K00344
rtg:NCTC13098_02458	ko:K02014
rtg:NCTC13098_02464	ko:K02033
rtg:NCTC13098_02467	ko:K02034
rtg:NCTC13098_02469	ko:K02031
rtg:NCTC13098_02469	ko:K02032
rtg:NCTC13098_02470	ko:K14698
rtg:NCTC13098_02471	ko:K14699
rtg:NCTC13098_02475	ko:K06889
rtg:NCTC13098_02490	ko:K03630
rtg:NCTC13098_02506	ko:K03196
rtg:NCTC13098_02508	ko:K03195
rtg:NCTC13098_02509	ko:K03204
rtg:NCTC13098_02513	ko:K03201
rtg:NCTC13098_02515	ko:K03200
rtg:NCTC13098_02516	ko:K03199
rtg:NCTC13098_02517	ko:K03197
rtg:NCTC13098_02518	ko:K03194
rtg:NCTC13098_02521	ko:K07733
rtg:NCTC13098_02523	ko:K19577
rtg:NCTC13098_02526	ko:K22278
rtg:NCTC13098_02528	ko:K05520
rtg:NCTC13098_02530	ko:K03321
rtg:NCTC13098_02532	ko:K00537
rtg:NCTC13098_02533	ko:K03893
rtg:NCTC13098_02534	ko:K03892
rtg:NCTC13098_02535	ko:K11811
rtg:NCTC13098_02536	ko:K02015
rtg:NCTC13098_02537	ko:K09823
rtg:NCTC13098_02538	ko:K01496
rtg:NCTC13098_02542	ko:K04759
rtg:NCTC13098_02549	ko:K01883
rtg:NCTC13098_02552	ko:K06204
rtg:NCTC13098_02553	ko:K09007
rtg:NCTC13098_02556	ko:K01868
rtg:NCTC13098_02558	ko:K01465
rtg:NCTC13098_02559	ko:K01698
rtg:NCTC13098_02563	ko:K14220
rtg:NCTC13098_02567	ko:K13635
rtg:NCTC13098_02568	ko:K19236
rtg:NCTC13098_02572	ko:K00640
rtg:NCTC13098_02575	ko:K03636
rtg:NCTC13098_02576	ko:K21147
rtg:NCTC13098_02578	ko:K11717
rtg:NCTC13098_02579	ko:K15554
rtg:NCTC13098_02580	ko:K15555
rtg:NCTC13098_02581	ko:K15553
rtg:NCTC13098_02582	ko:K13574
rtg:NCTC13098_02583	ko:K17950
rtg:NCTC13098_02584	ko:K01779
rtg:NCTC13098_02586	ko:K15551
rtg:NCTC13098_02587	ko:K15552
rtg:NCTC13098_02588	ko:K15552
rtg:NCTC13098_02589	ko:K02049
rtg:NCTC13098_02593	ko:K11929
rtg:NCTC13098_02599	ko:K08191
rtg:NCTC13098_02610	ko:K02050
rtg:NCTC13098_02614	ko:K02051
rtg:NCTC13098_02618	ko:K02050
rtg:NCTC13098_02619	ko:K02051
rtg:NCTC13098_02625	ko:K00681
rtg:NCTC13098_02626	ko:K00681
rtg:NCTC13098_02628	ko:K14220
rtg:NCTC13098_02629	ko:K09933
rtg:NCTC13098_02630	ko:K14233
rtg:NCTC13098_02631	ko:K09476
rtg:NCTC13098_02633	ko:K06950
rtg:NCTC13098_02638	ko:K07458
rtg:NCTC13098_02649	ko:K07781
rtg:NCTC13098_02651	ko:K01176
rtg:NCTC13098_02654	ko:K05396
rtg:NCTC13098_02655	ko:K10009
rtg:NCTC13098_02656	ko:K10010
rtg:NCTC13098_02657	ko:K07782
rtg:NCTC13098_02659	ko:K07689
rtg:NCTC13098_02661	ko:K03703
rtg:NCTC13098_02663	ko:K00995
rtg:NCTC13098_02664	ko:K14225
rtg:NCTC13098_02665	ko:K14222
rtg:NCTC13098_02666	ko:K14228
rtg:NCTC13098_02672	ko:K07039
rtg:NCTC13098_02674	ko:K03834
rtg:NCTC13098_02676	ko:K02217
rtg:NCTC13098_02680	ko:K16210
rtg:NCTC13098_02681	ko:K02255
rtg:NCTC13098_02682	ko:K10537
rtg:NCTC13098_02683	ko:K10539
rtg:NCTC13098_02684	ko:K10538
rtg:NCTC13098_02685	ko:K01087
rtg:NCTC13098_02686	ko:K00697
rtg:NCTC13098_02687	ko:K14064
rtg:NCTC13098_02688	ko:K16210
rtg:NCTC13098_02690	ko:K15532
rtg:NCTC13098_02691	ko:K01887
rtg:NCTC13098_02692	ko:K09907
rtg:NCTC13098_02693	ko:K06201
rtg:NCTC13098_02694	ko:K15257
rtg:NCTC13098_02697	ko:K15256
rtg:NCTC13098_02698	ko:K07136
rtg:NCTC13098_02702	ko:K01876
rtg:NCTC13098_02705	ko:K08310
rtg:NCTC13098_02709	ko:K01159
rtg:NCTC13098_02710	ko:K03550
rtg:NCTC13098_02712	ko:K03551
rtg:NCTC13098_02713	ko:K09816
rtg:NCTC13098_02714	ko:K09817
rtg:NCTC13098_02715	ko:K09815
rtg:NCTC13098_02717	ko:K19304
rtg:NCTC13098_02721	ko:K07703
rtg:NCTC13098_02722	ko:K00027
rtg:NCTC13098_02723	ko:K13936
rtg:NCTC13098_02724	ko:K11616
rtg:NCTC13098_02730	ko:K19337
rtg:NCTC13098_02731	ko:K00036
rtg:NCTC13098_02741	ko:K08289
rtg:NCTC13098_02742	ko:K09918
rtg:NCTC13098_02744	ko:K01354
rtg:NCTC13098_02746	ko:K10857
rtg:NCTC13098_02747	ko:K02345
rtg:NCTC13098_02748	ko:K07156
rtg:NCTC13098_02749	ko:K07245
rtg:NCTC13098_02755	ko:K07313
rtg:NCTC13098_02758	ko:K11392
rtg:NCTC13098_02759	ko:K06192
rtg:NCTC13098_02760	ko:K03808
rtg:NCTC13098_02761	ko:K08968
rtg:NCTC13098_02762	ko:K03607
rtg:NCTC13098_02765	ko:K03797
rtg:NCTC13098_02766	ko:K03799
rtg:NCTC13098_02767	ko:K08169
rtg:NCTC13098_02773	ko:K03587
rtg:NCTC13098_02774	ko:K00563
rtg:NCTC13098_02775	ko:K23242
rtg:NCTC13098_02777	ko:K02796
rtg:NCTC13098_02778	ko:K02795
rtg:NCTC13098_02784	ko:K21090
rtg:NCTC13098_02785	ko:K01752
rtg:NCTC13098_02788	ko:K01665
rtg:NCTC13098_02790	ko:K09917
rtg:NCTC13098_02798	ko:K02027
rtg:NCTC13098_02800	ko:K02025
rtg:NCTC13098_02801	ko:K02026
rtg:NCTC13098_02804	ko:K10112
rtg:NCTC13098_02809	ko:K03722
rtg:NCTC13098_02810	ko:K14742
rtg:NCTC13098_02811	ko:K07285
rtg:NCTC13098_02814	ko:K03684
rtg:NCTC13098_02815	ko:K03608
rtg:NCTC13098_02816	ko:K03609
rtg:NCTC13098_02818	ko:K03610
rtg:NCTC13098_02819	ko:K09902
rtg:NCTC13098_02821	ko:K29029
rtg:NCTC13098_02822	ko:K09160
rtg:NCTC13098_02824	ko:K03611
rtg:NCTC13098_02825	ko:K03314
rtg:NCTC13098_02829	ko:K06415
rtg:NCTC13098_02830	ko:K00285
rtg:NCTC13098_02831	ko:K01775
rtg:NCTC13098_02844	ko:K06223
rtg:NCTC13098_02847	ko:K00558
rtg:NCTC13098_02871	ko:K06903
rtg:NCTC13098_02880	ko:K06906
rtg:NCTC13098_02885	ko:K06908
rtg:NCTC13098_02886	ko:K06907
rtg:NCTC13098_02887	ko:K06905
rtg:NCTC13098_02889	ko:K11105
rtg:NCTC13098_02890	ko:K01297
rtg:NCTC13098_02891	ko:K08308
rtg:NCTC13098_02892	ko:K02014
rtg:NCTC13098_02895	ko:K02014
rtg:NCTC13098_02896	ko:K03813
rtg:NCTC13098_02898	ko:K02013
rtg:NCTC13098_02899	ko:K02015
rtg:NCTC13098_02900	ko:K02015
rtg:NCTC13098_02903	ko:K01194
rtg:NCTC13098_02908	ko:K07395
rtg:NCTC13098_02910	ko:K10112
rtg:NCTC13098_02912	ko:K02026
rtg:NCTC13098_02915	ko:K02027
rtg:NCTC13098_02917	ko:K00794
rtg:NCTC13098_02923	ko:K05845
rtg:NCTC13098_02924	ko:K05846
rtg:NCTC13098_02928	ko:K05847
rtg:NCTC13098_02929	ko:K26606
rtg:NCTC13098_02933	ko:K06177
rtg:NCTC13098_02934	ko:K21645
rtg:NCTC13098_02935	ko:K01610
rtg:NCTC13098_02937	ko:K11901
rtg:NCTC13098_02941	ko:K11900
rtg:NCTC13098_02942	ko:K11893
rtg:NCTC13098_02944	ko:K11892
rtg:NCTC13098_02947	ko:K11903
rtg:NCTC13098_02948	ko:K11907
rtg:NCTC13098_02958	ko:K11891
rtg:NCTC13098_02961	ko:K11910
rtg:NCTC13098_02965	ko:K11895
rtg:NCTC13098_02966	ko:K11906
rtg:NCTC13098_02967	ko:K11904
rtg:NCTC13098_02973	ko:K11905
rtg:NCTC13098_02974	ko:K11911
rtg:NCTC13098_02976	ko:K06942
rtg:NCTC13098_02977	ko:K01056
rtg:NCTC13098_02980	ko:K03321
rtg:NCTC13098_02981	ko:K00948
rtg:NCTC13098_02982	ko:K00919
rtg:NCTC13098_02983	ko:K02494
rtg:NCTC13098_02984	ko:K02492
rtg:NCTC13098_02985	ko:K02835
rtg:NCTC13098_02986	ko:K02493
rtg:NCTC13098_02989	ko:K01627
rtg:NCTC13098_02993	ko:K06197
rtg:NCTC13098_02995	ko:K07232
rtg:NCTC13098_02996	ko:K06039
rtg:NCTC13098_02998	ko:K15576
rtg:NCTC13098_02999	ko:K15577
rtg:NCTC13098_03000	ko:K15578
rtg:NCTC13098_03001	ko:K00361
rtg:NCTC13098_03003	ko:K00372
rtg:NCTC13098_03008	ko:K07684
rtg:NCTC13098_03010	ko:K07673
rtg:NCTC13098_03011	ko:K02575
rtg:NCTC13098_03014	ko:K00370
rtg:NCTC13098_03015	ko:K00371
rtg:NCTC13098_03016	ko:K00373
rtg:NCTC13098_03017	ko:K00374
rtg:NCTC13098_03019	ko:K03719
rtg:NCTC13098_03022	ko:K14236
rtg:NCTC13098_03023	ko:K14236
rtg:NCTC13098_03025	ko:K01433
rtg:NCTC13098_03026	ko:K09858
rtg:NCTC13098_03027	ko:K07001
rtg:NCTC13098_03029	ko:K02485
rtg:NCTC13098_03031	ko:K00963
rtg:NCTC13098_03032	ko:K03746
rtg:NCTC13098_03033	ko:K00857
rtg:NCTC13098_03034	ko:K04072
rtg:NCTC13098_03036	ko:K15580
rtg:NCTC13098_03037	ko:K15581
rtg:NCTC13098_03038	ko:K15582
rtg:NCTC13098_03039	ko:K15583
rtg:NCTC13098_03040	ko:K10823
rtg:NCTC13098_03041	ko:K10716
rtg:NCTC13098_03042	ko:K09901
rtg:NCTC13098_03043	ko:K06131
rtg:NCTC13098_03045	ko:K09780
rtg:NCTC13098_03046	ko:K03832
rtg:NCTC13098_03049	ko:K16370
rtg:NCTC13098_03050	ko:K07283
rtg:NCTC13098_03052	ko:K01868
rtg:NCTC13098_03053	ko:K02520
rtg:NCTC13098_03054	ko:K02916
rtg:NCTC13098_03055	ko:K02887
rtg:NCTC13098_03057	ko:K01889
rtg:NCTC13098_03058	ko:K01890
rtg:NCTC13098_03059	ko:K04764
rtg:NCTC13098_03061	ko:K00285
rtg:NCTC13098_03067	ko:K06073
rtg:NCTC13098_03068	ko:K02073
rtg:NCTC13098_03069	ko:K00432
rtg:NCTC13098_03070	ko:K06074
rtg:NCTC13098_03071	ko:K13695
rtg:NCTC13098_03072	ko:K08997
rtg:NCTC13098_03074	ko:K01626
rtg:NCTC13098_03075	ko:K09773
rtg:NCTC13098_03076	ko:K01007
rtg:NCTC13098_03077	ko:K11903
rtg:NCTC13098_03078	ko:K07497
rtg:NCTC13098_03084	ko:K19222
rtg:NCTC13098_03089	ko:K05997
rtg:NCTC13098_03090	ko:K09014
rtg:NCTC13098_03091	ko:K09013
rtg:NCTC13098_03092	ko:K09015
rtg:NCTC13098_03093	ko:K11717
rtg:NCTC13098_03094	ko:K11717
rtg:NCTC13098_03095	ko:K02426
rtg:NCTC13098_03096	ko:K19236
rtg:NCTC13098_03097	ko:K06078
rtg:NCTC13098_03098	ko:K00873
rtg:NCTC13098_03099	ko:K01675
rtg:NCTC13098_03101	ko:K26400
rtg:NCTC13098_03102	ko:K08194
rtg:NCTC13098_03104	ko:K02020
rtg:NCTC13098_03105	ko:K02013
rtg:NCTC13098_03106	ko:K02015
rtg:NCTC13098_03107	ko:K02016
rtg:NCTC13098_03108	ko:K05810
rtg:NCTC13098_03110	ko:K24700
rtg:NCTC13098_03112	ko:K04091
rtg:NCTC13098_03114	ko:K15553
rtg:NCTC13098_03115	ko:K15553
rtg:NCTC13098_03116	ko:K15554
rtg:NCTC13098_03117	ko:K15555
rtg:NCTC13098_03118	ko:K02014
rtg:NCTC13098_03119	ko:K02013
rtg:NCTC13098_03120	ko:K02015
rtg:NCTC13098_03122	ko:K02015
rtg:NCTC13098_03124	ko:K02016
rtg:NCTC13098_03126	ko:K02030
rtg:NCTC13098_03127	ko:K02029
rtg:NCTC13098_03128	ko:K02028
rtg:NCTC13098_03133	ko:K22015
rtg:NCTC13098_03134	ko:K13574
rtg:NCTC13098_03137	ko:K00348
rtg:NCTC13098_03138	ko:K07243
rtg:NCTC13098_03139	ko:K07230
rtg:NCTC13098_03142	ko:K02004
rtg:NCTC13098_03143	ko:K02004
rtg:NCTC13098_03144	ko:K02004
rtg:NCTC13098_03146	ko:K02003
rtg:NCTC13098_03151	ko:K02030
rtg:NCTC13098_03152	ko:K02030
rtg:NCTC13098_03155	ko:K02028
rtg:NCTC13098_03155	ko:K02029
rtg:NCTC13098_03160	ko:K00616
rtg:NCTC13098_03164	ko:K02770
rtg:NCTC13098_03165	ko:K02769
rtg:NCTC13098_03166	ko:K23991
rtg:NCTC13098_03168	ko:K19270
rtg:NCTC13098_03169	ko:K00615
rtg:NCTC13098_03170	ko:K04477
rtg:NCTC13098_03171	ko:K11202
rtg:NCTC13098_03173	ko:K11203
rtg:NCTC13098_03176	ko:K23991
rtg:NCTC13098_03178	ko:K02012
rtg:NCTC13098_03180	ko:K02011
rtg:NCTC13098_03181	ko:K02010
rtg:NCTC13098_03182	ko:K06152
rtg:NCTC13098_03186	ko:K06150
rtg:NCTC13098_03187	ko:K02194
rtg:NCTC13098_03189	ko:K02195
rtg:NCTC13098_03190	ko:K02196
rtg:NCTC13098_03191	ko:K02197
rtg:NCTC13098_03192	ko:K02198
rtg:NCTC13098_03193	ko:K02199
rtg:NCTC13098_03194	ko:K02200
rtg:NCTC13098_03196	ko:K03366
rtg:NCTC13098_03198	ko:K01652
rtg:NCTC13098_03200	ko:K01575
rtg:NCTC13098_03202	ko:K03704
rtg:NCTC13098_03206	ko:K01758
rtg:NCTC13098_03207	ko:K18218
rtg:NCTC13098_03208	ko:K09022
rtg:NCTC13098_03210	ko:K26607
rtg:NCTC13098_03219	ko:K02032
rtg:NCTC13098_03221	ko:K02031
rtg:NCTC13098_03222	ko:K02034
rtg:NCTC13098_03223	ko:K02033
rtg:NCTC13098_03224	ko:K02035
rtg:NCTC13098_03225	ko:K02071
rtg:NCTC13098_03226	ko:K02073
rtg:NCTC13098_03227	ko:K02072
rtg:NCTC13098_03230	ko:K19271
rtg:NCTC13098_03231	ko:K01759
rtg:NCTC13098_03248	ko:K12527
rtg:NCTC13098_03251	ko:K07402
rtg:NCTC13098_03253	ko:K00926
rtg:NCTC13098_03255	ko:K01464
rtg:NCTC13098_03257	ko:K01751
rtg:NCTC13098_03263	ko:K01673
rtg:NCTC13098_03273	ko:K19611
rtg:NCTC13098_03274	ko:K14237
rtg:NCTC13098_03275	ko:K14237
rtg:NCTC13098_03276	ko:K14237
rtg:NCTC13098_03278	ko:K06988
rtg:NCTC13098_03283	ko:K00793
rtg:NCTC13098_03284	ko:K00574
rtg:NCTC13098_03287	ko:K03604
rtg:NCTC13098_03289	ko:K19577
rtg:NCTC13098_03290	ko:K04564
rtg:NCTC13098_03291	ko:K19303
rtg:NCTC13098_03292	ko:K07390
rtg:NCTC13098_03293	ko:K03683
rtg:NCTC13098_03294	ko:K01759
rtg:NCTC13098_03297	ko:K16087
rtg:NCTC13098_03298	ko:K03832
rtg:NCTC13098_03306	ko:K02035
rtg:NCTC13098_03307	ko:K02033
rtg:NCTC13098_03308	ko:K02034
rtg:NCTC13098_03309	ko:K02031
rtg:NCTC13098_03309	ko:K02032
rtg:NCTC13098_03310	ko:K10680
rtg:NCTC13098_03311	ko:K16137
rtg:NCTC13098_03312	ko:K06938
rtg:NCTC13098_03318	ko:K06075
rtg:NCTC13098_03319	ko:K06077
rtg:NCTC13098_03320	ko:K09001
rtg:NCTC13098_03322	ko:K00275
rtg:NCTC13098_03323	ko:K01866
rtg:NCTC13098_03324	ko:K00868
rtg:NCTC13098_03325	ko:K00799
rtg:NCTC13098_03326	ko:K03305
rtg:NCTC13098_03328	ko:K10773
rtg:NCTC13098_03329	ko:K03613
rtg:NCTC13098_03330	ko:K03612
rtg:NCTC13098_03331	ko:K03614
rtg:NCTC13098_03332	ko:K03615
rtg:NCTC13098_03333	ko:K03615
rtg:NCTC13098_03334	ko:K03616
rtg:NCTC13098_03335	ko:K03617
rtg:NCTC13098_03338	ko:K01223
rtg:NCTC13098_03341	ko:K01488
rtg:NCTC13098_03344	ko:K02073
rtg:NCTC13098_03348	ko:K07112
rtg:NCTC13098_03349	ko:K07112
rtg:NCTC13098_03350	ko:K16074
rtg:NCTC13098_03351	ko:K16074
rtg:NCTC13098_03353	ko:K14155
rtg:NCTC13098_03355	ko:K02791
rtg:NCTC13098_03356	ko:K02791
rtg:NCTC13098_03357	ko:K16136
rtg:NCTC13098_03360	ko:K01809
rtg:NCTC13098_03361	ko:K01676
rtg:NCTC13098_03362	ko:K01679
rtg:NCTC13098_03364	ko:K10748
rtg:NCTC13098_03365	ko:K07639
rtg:NCTC13098_03366	ko:K07661
rtg:NCTC13098_03368	ko:K13938
rtg:NCTC13098_03369	ko:K03758
rtg:NCTC13098_03371	ko:K00324
rtg:NCTC13098_03372	ko:K00324
rtg:NCTC13098_03373	ko:K00325
rtg:NCTC13098_03375	ko:K14055
rtg:NCTC13098_03376	ko:K01420
rtg:NCTC13098_03377	ko:K00567
rtg:NCTC13098_03380	ko:K02624
rtg:NCTC13098_03382	ko:K01031
rtg:NCTC13098_03383	ko:K01032
rtg:NCTC13098_03384	ko:K07823
rtg:NCTC13098_03385	ko:K01857
rtg:NCTC13098_03386	ko:K01055
rtg:NCTC13098_03387	ko:K01607
rtg:NCTC13098_03388	ko:K03712
rtg:NCTC13098_03389	ko:K03543
rtg:NCTC13098_03390	ko:K03446
rtg:NCTC13098_03391	ko:K01676
rtg:NCTC13098_03393	ko:K11106
rtg:NCTC13098_03399	ko:K03734
rtg:NCTC13098_03400	ko:K07703
rtg:NCTC13098_03401	ko:K07701
rtg:NCTC13098_03402	ko:K07106
rtg:NCTC13098_03403	ko:K00116
rtg:NCTC13098_03404	ko:K13928
rtg:NCTC13098_03405	ko:K13935
rtg:NCTC13098_03406	ko:K13934
rtg:NCTC13098_03408	ko:K13936
rtg:NCTC13098_03409	ko:K13933
rtg:NCTC13098_03410	ko:K13932
rtg:NCTC13098_03411	ko:K13931
rtg:NCTC13098_03412	ko:K13930
rtg:NCTC13098_03413	ko:K13929
rtg:NCTC13098_03414	ko:K11744
rtg:NCTC13098_03415	ko:K11743
rtg:NCTC13098_03416	ko:K11742
rtg:NCTC13098_03418	ko:K04775
rtg:NCTC13098_03420	ko:K03566
rtg:NCTC13098_03424	ko:K01299
rtg:NCTC13098_03427	ko:K08224
rtg:NCTC13098_03433	ko:K15545
rtg:NCTC13098_03434	ko:K01935
rtg:NCTC13098_03435	ko:K03281
rtg:NCTC13098_03436	ko:K23349
rtg:NCTC13098_03437	ko:K07312
rtg:NCTC13098_03448	ko:K00657
rtg:NCTC13098_03450	ko:K09771
rtg:NCTC13098_03451	ko:K08323
rtg:NCTC13098_03452	ko:K08322
rtg:NCTC13098_03453	ko:K08173
rtg:NCTC13098_03455	ko:K07481
rtg:NCTC13098_03456	ko:K01812
rtg:NCTC13098_03458	ko:K16210
rtg:NCTC13098_03460	ko:K00040
rtg:NCTC13098_03462	ko:K11932
rtg:NCTC13098_03463	ko:K22293
rtg:NCTC13098_03464	ko:K16066
rtg:NCTC13098_03465	ko:K01284
rtg:NCTC13098_03466	ko:K03651
rtg:NCTC13098_03467	ko:K08566
rtg:NCTC13098_03469	ko:K17836
rtg:NCTC13098_03475	ko:K02532
rtg:NCTC13098_03476	ko:K01190
rtg:NCTC13098_03477	ko:K27069
rtg:NCTC13098_03481	ko:K01265
rtg:NCTC13098_03483	ko:K00799
rtg:NCTC13098_03493	ko:K00375
rtg:NCTC13098_03499	ko:K22103
rtg:NCTC13098_03503	ko:K06889
rtg:NCTC13098_03510	ko:K00134
rtg:NCTC13098_03513	ko:K04782
rtg:NCTC13098_03514	ko:K00432
rtg:NCTC13098_03520	ko:K13633
rtg:NCTC13098_03523	ko:K11959
rtg:NCTC13098_03524	ko:K11960
rtg:NCTC13098_03525	ko:K11961
rtg:NCTC13098_03527	ko:K11962
rtg:NCTC13098_03528	ko:K11963
rtg:NCTC13098_03532	ko:K15268
rtg:NCTC13098_03533	ko:K13630
rtg:NCTC13098_03534	ko:K13632
rtg:NCTC13098_03535	ko:K03712
rtg:NCTC13098_03541	ko:K08159
rtg:NCTC13098_03543	ko:K00016
rtg:NCTC13098_03544	ko:K03829
rtg:NCTC13098_03546	ko:K08324
rtg:NCTC13098_03547	ko:K01425
rtg:NCTC13098_03551	ko:K00041
rtg:NCTC13098_03555	ko:K02529
rtg:NCTC13098_03558	ko:K01607
rtg:NCTC13098_03568	ko:K00459
rtg:NCTC13098_03569	ko:K02072
rtg:NCTC13098_03570	ko:K02071
rtg:NCTC13098_03571	ko:K02073
rtg:NCTC13098_03580	ko:K01714
rtg:NCTC13098_03583	ko:K15790
rtg:NCTC13098_03585	ko:K02585
rtg:NCTC13098_03586	ko:K02584
rtg:NCTC13098_03587	ko:K23916
rtg:NCTC13098_03588	ko:K03839
rtg:NCTC13098_03589	ko:K03769
rtg:NCTC13098_03590	ko:K02597
rtg:NCTC13098_03591	ko:K02595
rtg:NCTC13098_03592	ko:K02594
rtg:NCTC13098_03593	ko:K04487
rtg:NCTC13098_03594	ko:K13819
rtg:NCTC13098_03596	ko:K02596
rtg:NCTC13098_03597	ko:K02592
rtg:NCTC13098_03598	ko:K02587
rtg:NCTC13098_03600	ko:K02593
rtg:NCTC13098_03601	ko:K02591
rtg:NCTC13098_03602	ko:K02586
rtg:NCTC13098_03603	ko:K02588
rtg:NCTC13098_03604	ko:K03737
rtg:NCTC13098_03606	ko:K00793
rtg:NCTC13098_03607	ko:K02471
rtg:NCTC13098_03608	ko:K16088
rtg:NCTC13098_03609	ko:K16088
rtg:NCTC13098_03610	ko:K07165
rtg:NCTC13098_03628	ko:K09971
rtg:NCTC13098_03629	ko:K09970
rtg:NCTC13098_03630	ko:K09969
rtg:NCTC13098_03632	ko:K16960
rtg:NCTC13098_03633	ko:K16958
rtg:NCTC13098_03634	ko:K16959
rtg:NCTC13098_03635	ko:K16957
rtg:NCTC13098_03638	ko:K00286
rtg:NCTC13098_03643	ko:K23149
rtg:NCTC13098_03644	ko:K01470
rtg:NCTC13098_03645	ko:K02821
rtg:NCTC13098_03646	ko:K02822
rtg:NCTC13098_03647	ko:K03475
rtg:NCTC13098_03649	ko:K03710
rtg:NCTC13098_03655	ko:K00059
rtg:NCTC13098_03665	ko:K16089
rtg:NCTC13098_03670	ko:K08476
rtg:NCTC13098_03671	ko:K08475
rtg:NCTC13098_03672	ko:K08478
rtg:NCTC13098_03673	ko:K11382
rtg:NCTC13098_03674	ko:K11382
rtg:NCTC13098_03675	ko:K08177
rtg:NCTC13098_03677	ko:K03306
rtg:NCTC13098_03678	ko:K22468
rtg:NCTC13098_03679	ko:K00688
rtg:NCTC13098_03680	ko:K00703
rtg:NCTC13098_03681	ko:K00975
rtg:NCTC13098_03682	ko:K00700
rtg:NCTC13098_03684	ko:K02584
rtg:NCTC13098_03685	ko:K02584
rtg:NCTC13098_03687	ko:K07005
rtg:NCTC13098_03689	ko:K02591
rtg:NCTC13098_03690	ko:K00531
rtg:NCTC13098_03691	ko:K02586
rtg:NCTC13098_03692	ko:K02588
rtg:NCTC13098_03695	ko:K19335
rtg:NCTC13098_03696	ko:K19336
rtg:NCTC13098_03701	ko:K02030
rtg:NCTC13098_03702	ko:K15986
rtg:NCTC13098_03703	ko:K01647
rtg:NCTC13098_03704	ko:K01996
rtg:NCTC13098_03705	ko:K01995
rtg:NCTC13098_03706	ko:K01998
rtg:NCTC13098_03707	ko:K01997
rtg:NCTC13098_03708	ko:K01999
rtg:NCTC13098_03710	ko:K03564
rtg:NCTC13098_03713	ko:K07154
rtg:NCTC13098_03715	ko:K15773
rtg:NCTC13098_03719	ko:K21088
rtg:NCTC13098_03722	ko:K03707
rtg:NCTC13098_03723	ko:K15600
rtg:NCTC13098_03724	ko:K15599
rtg:NCTC13098_03725	ko:K15598
rtg:NCTC13098_03726	ko:K00836
rtg:NCTC13098_03727	ko:K13745
rtg:NCTC13098_03732	ko:K01951
rtg:NCTC13098_03736	ko:K01457
rtg:NCTC13098_03737	ko:K01941
rtg:NCTC13098_03740	ko:K28693
rtg:NCTC13098_03741	ko:K28692
rtg:NCTC13098_03742	ko:K02049
rtg:NCTC13098_03743	ko:K02050
rtg:NCTC13098_03753	ko:K06916
rtg:NCTC13098_03768	ko:K08369
rtg:NCTC13098_03777	ko:K08994
rtg:NCTC13098_03779	ko:K04063
rtg:NCTC13098_03787	ko:K02972
rtg:NCTC13098_03788	ko:K00027
rtg:NCTC13098_03796	ko:K01507
rtg:NCTC13098_03798	ko:K13953
rtg:NCTC13098_03803	ko:K02033
rtg:NCTC13098_03805	ko:K02031
rtg:NCTC13098_03805	ko:K02032
rtg:NCTC13098_03808	ko:K08156
rtg:NCTC13098_03809	ko:K22468
rtg:NCTC13098_03811	ko:K08350
rtg:NCTC13098_03812	ko:K08349
rtg:NCTC13098_03815	ko:K05783
rtg:NCTC13098_03816	ko:K05784
rtg:NCTC13098_03817	ko:K05550
rtg:NCTC13098_03818	ko:K05549
rtg:NCTC13098_03819	ko:K03381
rtg:NCTC13098_03820	ko:K03464
rtg:NCTC13098_03821	ko:K01856
rtg:NCTC13098_03822	ko:K02624
rtg:NCTC13098_03823	ko:K08167
rtg:NCTC13098_03827	ko:K00675
rtg:NCTC13098_03832	ko:K02012
rtg:NCTC13098_03833	ko:K02010
rtg:NCTC13098_03839	ko:K01821
rtg:NCTC13098_03840	ko:K11208
rtg:NCTC13098_03845	ko:K20023
rtg:NCTC13098_03850	ko:K02030
rtg:NCTC13098_03852	ko:K02028
rtg:NCTC13098_03853	ko:K02029
rtg:NCTC13098_03857	ko:K28525
rtg:NCTC13098_03878	ko:K23256
rtg:NCTC13098_03883	ko:K09936
rtg:NCTC13098_03885	ko:K12368
rtg:NCTC13098_03887	ko:K00141
rtg:NCTC13098_03889	ko:K28274
rtg:NCTC13098_03893	ko:K00137
rtg:NCTC13098_03897	ko:K02055
rtg:NCTC13098_03903	ko:K03808
rtg:NCTC13098_03904	ko:K03808
rtg:NCTC13098_03905	ko:K06192
rtg:NCTC13098_03907	ko:K09857
rtg:NCTC13098_03912	ko:K00426
rtg:NCTC13098_03917	ko:K24847
rtg:NCTC13098_03918	ko:K23779
rtg:NCTC13098_03919	ko:K02099
rtg:NCTC13098_03921	ko:K03292
rtg:NCTC13098_03922	ko:K12308
rtg:NCTC13098_03923	ko:K05782
rtg:NCTC13098_03924	ko:K07506
rtg:NCTC13098_03928	ko:K08094
rtg:NCTC13098_03929	ko:K08093
rtg:NCTC13098_03930	ko:K05878
rtg:NCTC13098_03931	ko:K05879
rtg:NCTC13098_03932	ko:K00009
rtg:NCTC13098_03933	ko:K17467
rtg:NCTC13098_03934	ko:K17466
rtg:NCTC13098_03935	ko:K17465
rtg:NCTC13098_03936	ko:K17464
rtg:NCTC13098_03937	ko:K00068
rtg:NCTC13098_03938	ko:K19505
rtg:NCTC13098_03939	ko:K12368
rtg:NCTC13098_03940	ko:K01258
rtg:NCTC13098_03941	ko:K16868
rtg:NCTC13098_03942	ko:K03304
rtg:NCTC13098_03944	ko:K03817
rtg:NCTC13098_03946	ko:K10013
rtg:NCTC13098_03947	ko:K14287
rtg:NCTC13098_03949	ko:K03566
rtg:NCTC13098_03950	ko:K03929
rtg:NCTC13098_03952	ko:K25986
rtg:NCTC13098_03953	ko:K00449
rtg:NCTC13098_03954	ko:K00448
rtg:NCTC13098_03956	ko:K05358
rtg:NCTC13098_03958	ko:K00121
rtg:NCTC13098_03959	ko:K23239
rtg:NCTC13098_03961	ko:K12262
rtg:NCTC13098_03963	ko:K01118
rtg:NCTC13098_03964	ko:K21086
rtg:NCTC13098_03971	ko:K18146
rtg:NCTC13098_03978	ko:K00134
rtg:NCTC13098_03979	ko:K07248
rtg:NCTC13098_03991	ko:K06447
rtg:NCTC13098_03992	ko:K00673
rtg:NCTC13098_03996	ko:K00261
rtg:NCTC13098_03998	ko:K06075
rtg:NCTC13098_04002	ko:K18139
rtg:NCTC13098_04007	ko:K01118
rtg:NCTC13098_04009	ko:K07726
rtg:NCTC13098_04010	ko:K02617
rtg:NCTC13098_04011	ko:K02616
rtg:NCTC13098_04012	ko:K01912
rtg:NCTC13098_04016	ko:K02614
rtg:NCTC13098_04017	ko:K00074
rtg:NCTC13098_04018	ko:K15866
rtg:NCTC13098_04019	ko:K01692
rtg:NCTC13098_04023	ko:K02612
rtg:NCTC13098_04026	ko:K02610
rtg:NCTC13098_04027	ko:K02609
rtg:NCTC13098_04028	ko:K02618
rtg:NCTC13098_04029	ko:K00276
rtg:NCTC13098_04033	ko:K00077
rtg:NCTC13098_04039	ko:K07481
rtg:NCTC13098_04040	ko:K07481
rtg:NCTC13098_04043	ko:K00146
rtg:NCTC13098_04044	ko:K14063
rtg:NCTC13098_04045	ko:K09978
rtg:NCTC13098_04049	ko:K03778
rtg:NCTC13098_04051	ko:K03668
rtg:NCTC13098_04056	ko:K01187
rtg:NCTC13098_04057	ko:K02810
rtg:NCTC13098_04058	ko:K16077
rtg:NCTC13098_04064	ko:K14061
rtg:NCTC13098_04072	ko:K16074
rtg:NCTC13098_04075	ko:K15586
rtg:NCTC13098_04077	ko:K13890
rtg:NCTC13098_04085	ko:K02031
rtg:NCTC13098_04085	ko:K02032
rtg:NCTC13098_04086	ko:K16088
rtg:NCTC13098_04088	ko:K02444
rtg:NCTC13098_04090	ko:K03502
rtg:NCTC13098_04091	ko:K03503
rtg:NCTC13098_04094	ko:K05520
rtg:NCTC13098_04095	ko:K15580
rtg:NCTC13098_04096	ko:K14054
rtg:NCTC13098_04097	ko:K19802
rtg:NCTC13098_04098	ko:K11065
rtg:NCTC13098_04099	ko:K07120
rtg:NCTC13098_04100	ko:K03721
rtg:NCTC13098_04102	ko:K08990
rtg:NCTC13098_04103	ko:K06918
rtg:NCTC13098_04104	ko:K03971
rtg:NCTC13098_04105	ko:K03973
rtg:NCTC13098_04106	ko:K03970
rtg:NCTC13098_04107	ko:K03969
rtg:NCTC13098_04108	ko:K03974
rtg:NCTC13098_04109	ko:K08170
rtg:NCTC13098_04110	ko:K01451
rtg:NCTC13098_04116	ko:K02760
rtg:NCTC13098_04118	ko:K19226
rtg:NCTC13098_04119	ko:K19227
rtg:NCTC13098_04120	ko:K19228
rtg:NCTC13098_04121	ko:K19229
rtg:NCTC13098_04122	ko:K19230
rtg:NCTC13098_04123	ko:K03457
rtg:NCTC13098_04124	ko:K09975
rtg:NCTC13098_04125	ko:K00208
rtg:NCTC13098_04127	ko:K01147
rtg:NCTC13098_04131	ko:K04062
rtg:NCTC13098_04132	ko:K03113
rtg:NCTC13098_04133	ko:K01591
rtg:NCTC13098_04135	ko:K19804
rtg:NCTC13098_04136	ko:K08992
rtg:NCTC13098_04137	ko:K01096
rtg:NCTC13098_04138	ko:K01497
rtg:NCTC13098_04139	ko:K27802
rtg:NCTC13098_04141	ko:K07481
rtg:NCTC13098_04142	ko:K13634
rtg:NCTC13098_04143	ko:K03168
rtg:NCTC13098_04145	ko:K04774
rtg:NCTC13098_04147	ko:K19221
rtg:NCTC13098_04149	ko:K05349
rtg:NCTC13098_04151	ko:K03292
rtg:NCTC13098_04154	ko:K24118
rtg:NCTC13098_04156	ko:K02002
rtg:NCTC13098_04157	ko:K01133
rtg:NCTC13098_04159	ko:K02000
rtg:NCTC13098_04160	ko:K02001
rtg:NCTC13098_04162	ko:K07053
rtg:NCTC13098_04164	ko:K01657
rtg:NCTC13098_04165	ko:K13497
rtg:NCTC13098_04167	ko:K13498
rtg:NCTC13098_04168	ko:K01696
rtg:NCTC13098_04169	ko:K01695
rtg:NCTC13098_04177	ko:K07481
rtg:NCTC13098_04180	ko:K14229
rtg:NCTC13098_04182	ko:K07275
rtg:NCTC13098_04184	ko:K06190
rtg:NCTC13098_04186	ko:K10806
rtg:NCTC13098_04188	ko:K24204
rtg:NCTC13098_04189	ko:K00065
rtg:NCTC13098_04190	ko:K07038
rtg:NCTC13098_04192	ko:K06956
rtg:NCTC13098_04193	ko:K03781
rtg:NCTC13098_04195	ko:K03478
rtg:NCTC13098_04197	ko:K01222
rtg:NCTC13098_04198	ko:K03490
rtg:NCTC13098_04205	ko:K02760
rtg:NCTC13098_04207	ko:K04064
rtg:NCTC13098_04208	ko:K01916
rtg:NCTC13098_04209	ko:K05984
rtg:NCTC13098_04210	ko:K06006
rtg:NCTC13098_04211	ko:K05526
rtg:NCTC13098_04212	ko:K01484
rtg:NCTC13098_04213	ko:K06447
rtg:NCTC13098_04214	ko:K00673
rtg:NCTC13098_04215	ko:K00840
rtg:NCTC13098_04216	ko:K01142
rtg:NCTC13098_04217	ko:K08320
rtg:NCTC13098_04220	ko:K00262
rtg:NCTC13098_04221	ko:K03169
rtg:NCTC13098_04222	ko:K01008
rtg:NCTC13098_04223	ko:K09474
rtg:NCTC13098_04225	ko:K04773
rtg:NCTC13098_04226	ko:K04773
rtg:NCTC13098_04227	ko:K01424
rtg:NCTC13098_04228	ko:K08281
rtg:NCTC13098_04229	ko:K01183
rtg:NCTC13098_04231	ko:K09916
rtg:NCTC13098_04232	ko:K09916
rtg:NCTC13098_04233	ko:K07305
rtg:NCTC13098_04235	ko:K00134
rtg:NCTC13098_04236	ko:K01792
rtg:NCTC13098_04237	ko:K03319
rtg:NCTC13098_04240	ko:K07274
rtg:NCTC13098_04241	ko:K07180
rtg:NCTC13098_04242	ko:K09786
rtg:NCTC13098_04244	ko:K13921
rtg:NCTC13098_04246	ko:K15024
rtg:NCTC13098_04259	ko:K05520
rtg:NCTC13098_04262	ko:K04069
rtg:NCTC13098_04263	ko:K27261
rtg:NCTC13098_04265	ko:K00789
rtg:NCTC13098_04269	ko:K09765
rtg:NCTC13098_04271	ko:K17850
rtg:NCTC13098_04272	ko:K09962
rtg:NCTC13098_04275	ko:K06889
rtg:NCTC13098_04278	ko:K26606
rtg:NCTC13098_04279	ko:K26605
rtg:NCTC13098_04288	ko:K23775
rtg:NCTC13098_04294	ko:K01182
rtg:NCTC13098_04296	ko:K08996
rtg:NCTC13098_04297	ko:K01232
rtg:NCTC13098_04298	ko:K02750
rtg:NCTC13098_04299	ko:K03482
rtg:NCTC13098_04303	ko:K06971
rtg:NCTC13098_04304	ko:K00852
rtg:NCTC13098_04305	ko:K10439
rtg:NCTC13098_04306	ko:K02529
rtg:NCTC13098_04307	ko:K10441
rtg:NCTC13098_04308	ko:K10440
rtg:NCTC13098_04309	ko:K07048
rtg:NCTC13098_04311	ko:K01439
rtg:NCTC13098_04315	ko:K00145
rtg:NCTC13098_04318	ko:K19055
rtg:NCTC13098_04336	ko:K09712
rtg:NCTC13098_04337	ko:K13069
rtg:NCTC13098_04340	ko:K11250
rtg:NCTC13098_04341	ko:K12974
rtg:NCTC13098_04343	ko:K23514
rtg:NCTC13098_04344	ko:K07165
rtg:NCTC13098_04346	ko:K16091
rtg:NCTC13098_04349	ko:K23181
rtg:NCTC13098_04350	ko:K23181
rtg:NCTC13098_04351	ko:K23183
rtg:NCTC13098_04353	ko:K23182
rtg:NCTC13098_04354	ko:K23184
rtg:NCTC13098_04356	ko:K01424
rtg:NCTC13098_04362	ko:K09912
rtg:NCTC13098_04368	ko:K00549
rtg:NCTC13098_04377	ko:K19611
rtg:NCTC13098_04379	ko:K23240
rtg:NCTC13098_04380	ko:K08970
rtg:NCTC13098_04383	ko:K00031
rtg:NCTC13098_04384	ko:K06181
rtg:NCTC13098_04386	ko:K12152
rtg:NCTC13098_04387	ko:K00566
rtg:NCTC13098_04389	ko:K07153
rtg:NCTC13098_04393	ko:K01756
rtg:NCTC13098_04401	ko:K07660
rtg:NCTC13098_04403	ko:K07637
rtg:NCTC13098_04407	ko:K01258
rtg:NCTC13098_04408	ko:K11072
rtg:NCTC13098_04413	ko:K11070
rtg:NCTC13098_04414	ko:K11069
rtg:NCTC13098_04415	ko:K20034
rtg:NCTC13098_04417	ko:K12410
rtg:NCTC13098_04418	ko:K28207
rtg:NCTC13098_04420	ko:K09808
rtg:NCTC13098_04422	ko:K09810
rtg:NCTC13098_04424	ko:K09808
rtg:NCTC13098_04429	ko:K03723
rtg:NCTC13098_04432	ko:K12151
rtg:NCTC13098_04433	ko:K22041
rtg:NCTC13098_04435	ko:K02014
rtg:NCTC13098_04437	ko:K03885
rtg:NCTC13098_04438	ko:K07000
rtg:NCTC13098_04439	ko:K01207
rtg:NCTC13098_04440	ko:K07251
rtg:NCTC13098_04442	ko:K07337
rtg:NCTC13098_04444	ko:K02503
rtg:NCTC13098_04445	ko:K16088
rtg:NCTC13098_04446	ko:K02779
rtg:NCTC13098_04447	ko:K03424
rtg:NCTC13098_04448	ko:K02341
rtg:NCTC13098_04449	ko:K00943
rtg:NCTC13098_04450	ko:K07082
rtg:NCTC13098_04451	ko:K02619
rtg:NCTC13098_04452	ko:K09458
rtg:NCTC13098_04453	ko:K02078
rtg:NCTC13098_04454	ko:K00059
rtg:NCTC13098_04455	ko:K00645
rtg:NCTC13098_04456	ko:K00648
rtg:NCTC13098_04457	ko:K03621
rtg:NCTC13098_04458	ko:K02911
rtg:NCTC13098_04459	ko:K07040
rtg:NCTC13098_04461	ko:K06179
rtg:NCTC13098_04465	ko:K08300
rtg:NCTC13098_04469	ko:K03980
rtg:NCTC13098_04470	ko:K03810
rtg:NCTC13098_04471	ko:K09915
rtg:NCTC13098_04472	ko:K03790
rtg:NCTC13098_04473	ko:K08162
rtg:NCTC13098_04475	ko:K01465
rtg:NCTC13098_04476	ko:K12149
rtg:NCTC13098_04477	ko:K12148
rtg:NCTC13098_04478	ko:K02846
rtg:NCTC13098_04480	ko:K07146
rtg:NCTC13098_04482	ko:K02517
rtg:NCTC13098_04483	ko:K08161
rtg:NCTC13098_04485	ko:K12147
rtg:NCTC13098_04486	ko:K03669
rtg:NCTC13098_04487	ko:K03669
rtg:NCTC13098_04488	ko:K03670
rtg:NCTC13098_04489	ko:K11941
rtg:NCTC13098_04491	ko:K23518
rtg:NCTC13098_04494	ko:K04477
rtg:NCTC13098_04495	ko:K12972
rtg:NCTC13098_04496	ko:K14233
rtg:NCTC13098_04498	ko:K01480
rtg:NCTC13098_04499	ko:K02030
rtg:NCTC13098_04501	ko:K02029
rtg:NCTC13098_04502	ko:K02029
rtg:NCTC13098_04506	ko:K19611
rtg:NCTC13098_04507	ko:K23721
rtg:NCTC13098_04508	ko:K23723
rtg:NCTC13098_04519	ko:K06911
rtg:NCTC13098_04520	ko:K14233
rtg:NCTC13098_04523	ko:K06217
rtg:NCTC13098_04524	ko:K16301
rtg:NCTC13098_04525	ko:K07224
rtg:NCTC13098_04526	ko:K07243
rtg:NCTC13098_04527	ko:K03317
rtg:NCTC13098_04529	ko:K07481
rtg:NCTC13098_04539	ko:K03497
rtg:NCTC13098_04541	ko:K03111
rtg:NCTC13098_04546	ko:K00027
rtg:NCTC13098_04548	ko:K03780
rtg:NCTC13098_04549	ko:K03779
rtg:NCTC13098_04550	ko:K13021
rtg:NCTC13098_04552	ko:K07075
rtg:NCTC13098_04560	ko:K07246
rtg:NCTC13098_04561	ko:K11529
rtg:NCTC13098_04562	ko:K11811
rtg:NCTC13098_04563	ko:K03892
rtg:NCTC13098_04566	ko:K03503
rtg:NCTC13098_04567	ko:K03502
rtg:NCTC13098_04569	ko:K03497
rtg:NCTC13098_04570	ko:K03496
rtg:NCTC13098_04577	ko:K07497
rtg:NCTC13098_04578	ko:K07483
rtg:NCTC13098_04582	ko:K07451
rtg:NCTC13098_04585	ko:K07644
rtg:NCTC13098_04586	ko:K07665
rtg:NCTC13098_04587	ko:K07796
rtg:NCTC13098_04588	ko:K07810
rtg:NCTC13098_04589	ko:K07798
rtg:NCTC13098_04590	ko:K07787
rtg:NCTC13098_04593	ko:K23254
rtg:NCTC13098_04599	ko:K07233
rtg:NCTC13098_04600	ko:K07156
rtg:NCTC13098_04601	ko:K07245
rtg:NCTC13098_04602	ko:K07665
rtg:NCTC13098_04603	ko:K07644
rtg:NCTC13098_04606	ko:K19092
rtg:NCTC13098_04607	ko:K07746
rtg:NCTC13098_04612	ko:K05839
rtg:NCTC13098_04622	ko:K07480
rtg:NCTC13098_04633	ko:K22042
rtg:NCTC13098_04635	ko:K04047
rtg:NCTC13098_04639	ko:K06933
rtg:NCTC13098_04642	ko:K02003
rtg:NCTC13098_04643	ko:K02004
rtg:NCTC13098_04647	ko:K06878
rtg:NCTC13098_04648	ko:K00537
rtg:NCTC13098_04649	ko:K03893
rtg:NCTC13098_04650	ko:K01551
rtg:NCTC13098_04652	ko:K03892
rtg:NCTC13098_04653	ko:K24087
rtg:NCTC13098_04654	ko:K07481
rtg:NCTC13098_04657	ko:K06122
rtg:NCTC13098_04661	ko:K06120
rtg:NCTC13098_04664	ko:K00086
rtg:NCTC13098_04666	ko:K00798
rtg:NCTC13098_04667	ko:K05880
rtg:NCTC13098_04668	ko:K00005
rtg:NCTC13098_04669	ko:K05878
rtg:NCTC13098_04670	ko:K05879
rtg:NCTC13098_04671	ko:K05881
rtg:NCTC13098_04672	ko:K18320
rtg:NCTC13098_04673	ko:K00537
rtg:NCTC13098_04677	ko:K03893
rtg:NCTC13098_04678	ko:K03892
rtg:NCTC13098_04679	ko:K11811
rtg:NCTC13098_04681	ko:K07240
rtg:NCTC13098_04682	ko:K14060
rtg:NCTC13098_04686	ko:K27069
rtg:NCTC13098_04689	ko:K01190
rtg:NCTC13098_04690	ko:K02532
rtg:NCTC13098_04691	ko:K07480
rtg:NCTC13098_04693	ko:K02031
rtg:NCTC13098_04693	ko:K02032
rtg:NCTC13098_04695	ko:K02035
rtg:NCTC13098_04696	ko:K02033
rtg:NCTC13098_04697	ko:K02034
rtg:NCTC13098_04702	ko:K07486
rtg:NCTC13098_04723	ko:K12056
rtg:NCTC13098_04725	ko:K12072
rtg:NCTC13098_04729	ko:K12057
rtg:NCTC13098_04734	ko:K07481
rtg:NCTC13098_04736	ko:K11928
rtg:NCTC13098_04739	ko:K13821
rtg:NCTC13098_04742	ko:K09017
rtg:NCTC13098_04743	ko:K09018
rtg:NCTC13098_04744	ko:K09020
rtg:NCTC13098_04745	ko:K09021
rtg:NCTC13098_04746	ko:K09023
rtg:NCTC13098_04748	ko:K09019
rtg:NCTC13098_04749	ko:K09024
rtg:NCTC13098_04751	ko:K09016
rtg:NCTC13098_04753	ko:K06884
rtg:NCTC13098_04754	ko:K03809
rtg:NCTC13098_04756	ko:K01085
rtg:NCTC13098_04763	ko:K14052
rtg:NCTC13098_04765	ko:K09470
rtg:NCTC13098_04767	ko:K09473
rtg:NCTC13098_04768	ko:K14056
rtg:NCTC13098_04769	ko:K09472
rtg:NCTC13098_04771	ko:K09471
rtg:NCTC13098_04772	ko:K00823
rtg:NCTC13098_04773	ko:K16135
rtg:NCTC13098_04775	ko:K07246
rtg:NCTC13098_04776	ko:K23991
rtg:NCTC13098_04777	ko:K23991
rtg:NCTC13098_04778	ko:K23991
rtg:NCTC13098_04781	ko:K11203
rtg:NCTC13098_04782	ko:K11202
rtg:NCTC13098_04783	ko:K11202
rtg:NCTC13098_04785	ko:K04069
rtg:NCTC13098_04786	ko:K11202
rtg:NCTC13098_04790	ko:K02083
rtg:NCTC13098_04798	ko:K02029
rtg:NCTC13098_04799	ko:K02030
rtg:NCTC13098_04806	ko:K22601
rtg:NCTC13098_04808	ko:K16842
rtg:NCTC13098_04809	ko:K16841
rtg:NCTC13098_04811	ko:K03457
rtg:NCTC13098_04812	ko:K03457
rtg:NCTC13098_04813	ko:K01487
rtg:NCTC13098_04814	ko:K07127
rtg:NCTC13098_04815	ko:K16840
rtg:NCTC13098_04816	ko:K16839
rtg:NCTC13098_04825	ko:K02010
rtg:NCTC13098_04826	ko:K02011
rtg:NCTC13098_04827	ko:K02012
rtg:NCTC13098_04831	ko:K16137
rtg:NCTC13098_04833	ko:K14189
rtg:NCTC13098_04836	ko:K03781
rtg:NCTC13098_04840	ko:K01689
rtg:NCTC13098_04841	ko:K06199
rtg:NCTC13098_04850	ko:K28762
rtg:NCTC13098_04851	ko:K02529
rtg:NCTC13098_04852	ko:K01714
rtg:NCTC13098_04853	ko:K28762
rtg:NCTC13098_04855	ko:K07791
rtg:NCTC13098_04856	ko:K02035
rtg:NCTC13098_04857	ko:K02032
rtg:NCTC13098_04858	ko:K02031
rtg:NCTC13098_04859	ko:K02034
rtg:NCTC13098_04860	ko:K02033
rtg:NCTC13098_04861	ko:K01259
rtg:NCTC13098_04863	ko:K18457
rtg:NCTC13098_04868	ko:K00059
rtg:NCTC13098_04876	ko:K02052
rtg:NCTC13098_04877	ko:K02053
rtg:NCTC13098_04878	ko:K02053
rtg:NCTC13098_04878	ko:K02054
rtg:NCTC13098_04879	ko:K02055
rtg:NCTC13098_04880	ko:K07160
rtg:NCTC13098_04881	ko:K01714
rtg:NCTC13098_04882	ko:K00812
rtg:NCTC13098_04889	ko:K02770
rtg:NCTC13098_04890	ko:K02769
rtg:NCTC13098_04891	ko:K02768
rtg:NCTC13098_04892	ko:K02784
rtg:NCTC13098_04897	ko:K02029
rtg:NCTC13098_04900	ko:K02030
rtg:NCTC13098_04904	ko:K08688
rtg:NCTC13098_04906	ko:K22110
rtg:NCTC13098_04907	ko:K01093
rtg:NCTC13098_04912	ko:K02010
rtg:NCTC13098_04916	ko:K02012
rtg:NCTC13098_04917	ko:K01092
rtg:NCTC13098_04921	ko:K12149
rtg:NCTC13098_04922	ko:K07481
rtg:NCTC13098_04932	ko:K26972
rtg:NCTC13098_04935	ko:K26968
rtg:NCTC13098_04936	ko:K26967
rtg:NCTC13098_04949	ko:K01185
rtg:NCTC13098_04955	ko:K12149
rtg:NCTC13098_04956	ko:K00558
rtg:NCTC13098_04961	ko:K03497
rtg:NCTC13098_04971	ko:K10906
rtg:NCTC13098_04973	ko:K14233
rtg:NCTC13098_04974	ko:K15580
rtg:NCTC13098_04976	ko:K19416
rtg:NCTC13098_04977	ko:K11179
rtg:NCTC13098_04978	ko:K01512
rtg:NCTC13098_04981	ko:K06969
rtg:NCTC13098_04982	ko:K11940
rtg:NCTC13098_04983	ko:K06929
rtg:NCTC13098_04984	ko:K01734
rtg:NCTC13098_04985	ko:K03658
rtg:NCTC13098_04989	ko:K07343
rtg:NCTC13098_04990	ko:K13053
rtg:NCTC13098_04991	ko:K03286
rtg:NCTC13098_04992	ko:K09911
rtg:NCTC13098_04993	ko:K04770
rtg:NCTC13098_04994	ko:K01716
rtg:NCTC13098_04996	ko:K09857
rtg:NCTC13098_04998	ko:K06192
rtg:NCTC13098_05000	ko:K03808
rtg:NCTC13098_05001	ko:K15738
rtg:NCTC13098_05002	ko:K12297
rtg:NCTC13098_05003	ko:K07140
rtg:NCTC13098_05006	ko:K18657
rtg:NCTC13098_05007	ko:K00254
rtg:NCTC13098_05009	ko:K00299
rtg:NCTC13098_05011	ko:K15553
rtg:NCTC13098_05012	ko:K04091
rtg:NCTC13098_05013	ko:K15554
rtg:NCTC13098_05014	ko:K15555
rtg:NCTC13098_05016	ko:K01256
rtg:NCTC13098_05017	ko:K00763
rtg:NCTC13098_05018	ko:K01893
rtg:NCTC13098_05019	ko:K09476
rtg:NCTC13098_05020	ko:K00813
rtg:NCTC13098_05021	ko:K01069
rtg:NCTC13098_05023	ko:K21470
rtg:NCTC13098_05024	ko:K03632
rtg:NCTC13098_05026	ko:K03804
rtg:NCTC13098_05027	ko:K03633
rtg:NCTC13098_05028	ko:K06219
rtg:NCTC13098_05031	ko:K00979
rtg:NCTC13098_05032	ko:K09791
rtg:NCTC13098_05033	ko:K09927
rtg:NCTC13098_05034	ko:K00912
rtg:NCTC13098_05035	ko:K11085
rtg:NCTC13098_05036	ko:K02238
rtg:NCTC13098_05037	ko:K05788
rtg:NCTC13098_05038	ko:K02945
rtg:NCTC13098_05039	ko:K00945
rtg:NCTC13098_05040	ko:K00800
rtg:NCTC13098_05041	ko:K00831
rtg:NCTC13098_05044	ko:K09136
rtg:NCTC13098_05045	ko:K06212
rtg:NCTC13098_05046	ko:K00656
rtg:NCTC13098_05047	ko:K04069
rtg:NCTC13098_05049	ko:K02822
rtg:NCTC13098_05050	ko:K03475
rtg:NCTC13098_05052	ko:K00615
rtg:NCTC13098_05054	ko:K00615
rtg:NCTC13098_05057	ko:K08219
rtg:NCTC13098_05058	ko:K07308
rtg:NCTC13098_05059	ko:K07307
rtg:NCTC13098_05061	ko:K07306
rtg:NCTC13098_05063	ko:K07478
rtg:NCTC13098_05064	ko:K03634
rtg:NCTC13098_05065	ko:K03466
rtg:NCTC13098_05066	ko:K03719
rtg:NCTC13098_05067	ko:K00384
rtg:NCTC13098_05068	ko:K16013
rtg:NCTC13098_05071	ko:K16012
rtg:NCTC13098_05072	ko:K00684
rtg:NCTC13098_05073	ko:K02518
rtg:NCTC13098_05074	ko:K03694
rtg:NCTC13098_05075	ko:K06891
rtg:NCTC13098_05076	ko:K03704
rtg:NCTC13098_05078	ko:K05685
rtg:NCTC13098_05079	ko:K13888
rtg:NCTC13098_05080	ko:K07459
rtg:NCTC13098_05081	ko:K07459
rtg:NCTC13098_05082	ko:K06188
rtg:NCTC13098_05083	ko:K28370
rtg:NCTC13098_05084	ko:K05601
rtg:NCTC13098_05088	ko:K15977
rtg:NCTC13098_05089	ko:K00156
rtg:NCTC13098_05090	ko:K01620
rtg:NCTC13098_05096	ko:K11066
rtg:NCTC13098_05099	ko:K10000
rtg:NCTC13098_05100	ko:K09997
rtg:NCTC13098_05101	ko:K09999
rtg:NCTC13098_05103	ko:K09996
rtg:NCTC13098_05107	ko:K03212
rtg:NCTC13098_05111	ko:K11075
rtg:NCTC13098_05114	ko:K11073
rtg:NCTC13098_05118	ko:K05844
rtg:NCTC13098_05119	ko:K10678
rtg:NCTC13098_05121	ko:K03674
rtg:NCTC13098_05127	ko:K23778
rtg:NCTC13098_05131	ko:K20861
rtg:NCTC13098_05132	ko:K08160
rtg:NCTC13098_05136	ko:K11534
rtg:NCTC13098_05142	ko:K00799
rtg:NCTC13098_05143	ko:K21430
rtg:NCTC13098_05144	ko:K19688
rtg:NCTC13098_05145	ko:K02532
rtg:NCTC13098_05146	ko:K14441
rtg:NCTC13098_05147	ko:K14441
rtg:NCTC13098_05149	ko:K13891
rtg:NCTC13098_05150	ko:K13890
rtg:NCTC13098_05151	ko:K13889
rtg:NCTC13098_05153	ko:K13892
rtg:NCTC13098_05154	ko:K13051
rtg:NCTC13098_05155	ko:K03750
rtg:NCTC13098_05156	ko:K21029
rtg:NCTC13098_05157	ko:K04069
rtg:NCTC13098_05159	ko:K07757
rtg:NCTC13098_05162	ko:K08191
rtg:NCTC13098_05168	ko:K19236
rtg:NCTC13098_05169	ko:K03492
rtg:NCTC13098_05170	ko:K02761
rtg:NCTC13098_05171	ko:K01223
rtg:NCTC13098_05180	ko:K11939
rtg:NCTC13098_05183	ko:K04047
rtg:NCTC13098_05185	ko:K10036
rtg:NCTC13098_05186	ko:K10037
rtg:NCTC13098_05187	ko:K10038
rtg:NCTC13098_05189	ko:K22044
rtg:NCTC13098_05190	ko:K22044
rtg:NCTC13098_05191	ko:K06970
rtg:NCTC13098_05194	ko:K13650
rtg:NCTC13098_05195	ko:K16090
rtg:NCTC13098_05196	ko:K07336
rtg:NCTC13098_05200	ko:K03722
rtg:NCTC13098_05201	ko:K03722
rtg:NCTC13098_05202	ko:K11927
rtg:NCTC13098_05203	ko:K23777
rtg:NCTC13098_05204	ko:K25183
rtg:NCTC13098_05205	ko:K25182
rtg:NCTC13098_05206	ko:K25181
rtg:NCTC13098_05207	ko:K25180
rtg:NCTC13098_05211	ko:K06131
rtg:NCTC13098_05212	ko:K07027
rtg:NCTC13098_05213	ko:K06890
rtg:NCTC13098_05214	ko:K03635
rtg:NCTC13098_05215	ko:K03636
rtg:NCTC13098_05216	ko:K03637
rtg:NCTC13098_05217	ko:K03638
rtg:NCTC13098_05222	ko:K03760
rtg:NCTC13098_05223	ko:K07771
rtg:NCTC13098_05224	ko:K07643
rtg:NCTC13098_05228	ko:K03702
rtg:NCTC13098_05229	ko:K11963
rtg:NCTC13098_05230	ko:K01935
rtg:NCTC13098_05232	ko:K02169
rtg:NCTC13098_05233	ko:K00652
rtg:NCTC13098_05234	ko:K01012
rtg:NCTC13098_05235	ko:K00833
rtg:NCTC13098_05237	ko:K16234
rtg:NCTC13098_05239	ko:K01745
rtg:NCTC13098_05240	ko:K01712
rtg:NCTC13098_05241	ko:K05836
rtg:NCTC13098_05242	ko:K01479
rtg:NCTC13098_05243	ko:K01468
rtg:NCTC13098_05244	ko:K01051
rtg:NCTC13098_05248	ko:K07404
rtg:NCTC13098_05249	ko:K28853
rtg:NCTC13098_05250	ko:K02017
rtg:NCTC13098_05251	ko:K02018
rtg:NCTC13098_05252	ko:K02020
rtg:NCTC13098_05253	ko:K25859
rtg:NCTC13098_05254	ko:K02019
rtg:NCTC13098_05255	ko:K05776
rtg:NCTC13098_05256	ko:K01784
rtg:NCTC13098_05257	ko:K00965
rtg:NCTC13098_05258	ko:K00849
rtg:NCTC13098_05259	ko:K01785
rtg:NCTC13098_05260	ko:K01834
rtg:NCTC13098_05261	ko:K01626
rtg:NCTC13098_05263	ko:K16264
rtg:NCTC13098_05264	ko:K03811
rtg:NCTC13098_05265	ko:K03517
rtg:NCTC13098_05266	ko:K14229
rtg:NCTC13098_05267	ko:K14229
rtg:NCTC13098_05268	ko:K14229
rtg:NCTC13098_05269	ko:K14237
rtg:NCTC13098_05270	ko:K14229
rtg:NCTC13098_05272	ko:K03640
rtg:NCTC13098_05273	ko:K03641
rtg:NCTC13098_05274	ko:K03646
rtg:NCTC13098_05275	ko:K03560
rtg:NCTC13098_05277	ko:K07107
rtg:NCTC13098_05279	ko:K00424
rtg:NCTC13098_05280	ko:K00426
rtg:NCTC13098_05281	ko:K00425
rtg:NCTC13098_05282	ko:K01902
rtg:NCTC13098_05283	ko:K01903
rtg:NCTC13098_05284	ko:K00658
rtg:NCTC13098_05285	ko:K00164
rtg:NCTC13098_05290	ko:K00239
rtg:NCTC13098_05291	ko:K00242
rtg:NCTC13098_05292	ko:K00241
rtg:NCTC13098_05293	ko:K01647
rtg:NCTC13098_05294	ko:K05522
rtg:NCTC13098_05295	ko:K01304
rtg:NCTC13098_05296	ko:K07160
rtg:NCTC13098_05297	ko:K23124
rtg:NCTC13098_05299	ko:K23123
rtg:NCTC13098_05301	ko:K03305
rtg:NCTC13098_05302	ko:K01669
rtg:NCTC13098_05305	ko:K01545
rtg:NCTC13098_05306	ko:K01546
rtg:NCTC13098_05307	ko:K01547
rtg:NCTC13098_05309	ko:K01548
rtg:NCTC13098_05310	ko:K07646
rtg:NCTC13098_05311	ko:K07646
rtg:NCTC13098_05312	ko:K07667
rtg:NCTC13098_05313	ko:K01835
rtg:NCTC13098_05314	ko:K03645
rtg:NCTC13098_05315	ko:K01175
rtg:NCTC13098_05317	ko:K03839
rtg:NCTC13098_05318	ko:K03711
rtg:NCTC13098_05325	ko:K02804
rtg:NCTC13098_05326	ko:K02564
rtg:NCTC13098_05327	ko:K01443
rtg:NCTC13098_05331	ko:K02566
rtg:NCTC13098_05333	ko:K01953
rtg:NCTC13098_05334	ko:K14230
rtg:NCTC13098_05335	ko:K14228
rtg:NCTC13098_05336	ko:K14223
rtg:NCTC13098_05337	ko:K14223
rtg:NCTC13098_05338	ko:K14230
rtg:NCTC13098_05339	ko:K14223
rtg:NCTC13098_05340	ko:K14223
rtg:NCTC13098_05341	ko:K03184
rtg:NCTC13098_05342	ko:K06168
rtg:NCTC13098_05343	ko:K06217
rtg:NCTC13098_05344	ko:K07042
rtg:NCTC13098_05345	ko:K06189
rtg:NCTC13098_05347	ko:K03820
rtg:NCTC13098_05349	ko:K10003
rtg:NCTC13098_05350	ko:K10002
rtg:NCTC13098_05351	ko:K10002
rtg:NCTC13098_05352	ko:K10004
rtg:NCTC13098_05354	ko:K01869
rtg:NCTC13098_05355	ko:K03643
rtg:NCTC13098_05356	ko:K02340
rtg:NCTC13098_05357	ko:K00969
rtg:NCTC13098_05358	ko:K02226
rtg:NCTC13098_05359	ko:K09710
rtg:NCTC13098_05360	ko:K00783
rtg:NCTC13098_05361	ko:K05515
rtg:NCTC13098_05362	ko:K05837
rtg:NCTC13098_05363	ko:K03642
rtg:NCTC13098_05364	ko:K07258
rtg:NCTC13098_05365	ko:K09158
rtg:NCTC13098_05366	ko:K03801
rtg:NCTC13098_05369	ko:K03644
rtg:NCTC13098_05370	ko:K03425
rtg:NCTC13098_05371	ko:K11206
rtg:NCTC13098_05372	ko:K06199
rtg:NCTC13098_05374	ko:K12973
rtg:NCTC13098_05375	ko:K03326
rtg:NCTC13098_05378	ko:K01169
rtg:NCTC13098_05379	ko:K00433
rtg:NCTC13098_05381	ko:K06140
rtg:NCTC13098_05382	ko:K11932
rtg:NCTC13098_05384	ko:K03387
rtg:NCTC13098_05386	ko:K24119
rtg:NCTC13098_05389	ko:K03805
rtg:NCTC13098_05392	ko:K14287
rtg:NCTC13098_05393	ko:K09880
rtg:NCTC13098_05395	ko:K08967
rtg:NCTC13098_05396	ko:K08351
rtg:NCTC13098_05397	ko:K10439
rtg:NCTC13098_05398	ko:K10441
rtg:NCTC13098_05399	ko:K10440
rtg:NCTC13098_05400	ko:K10440
rtg:NCTC13098_05402	ko:K00058
rtg:NCTC13098_05403	ko:K00862
rtg:NCTC13098_05404	ko:K08964
rtg:NCTC13098_05405	ko:K10974
rtg:NCTC13098_05407	ko:K01485
rtg:NCTC13098_05408	ko:K08963
rtg:NCTC13098_05413	ko:K02058
rtg:NCTC13098_05416	ko:K02057
rtg:NCTC13098_05417	ko:K02056
rtg:NCTC13098_05420	ko:K08317
rtg:NCTC13098_05423	ko:K06200
rtg:NCTC13098_05425	ko:K24147
rtg:NCTC13098_05427	ko:K00216
rtg:NCTC13098_05428	ko:K01252
rtg:NCTC13098_05433	ko:K02361
rtg:NCTC13098_05435	ko:K23185
rtg:NCTC13098_05436	ko:K08225
rtg:NCTC13098_05437	ko:K23186
rtg:NCTC13098_05438	ko:K23187
rtg:NCTC13098_05439	ko:K23188
rtg:NCTC13098_05440	ko:K02364
rtg:NCTC13098_05441	ko:K02364
rtg:NCTC13098_05443	ko:K07214
rtg:NCTC13098_05445	ko:K19611
rtg:NCTC13098_05447	ko:K02362
rtg:NCTC13098_05449	ko:K00615
rtg:NCTC13098_05450	ko:K00615
rtg:NCTC13098_05454	ko:K00864
rtg:NCTC13098_05455	ko:K17202
rtg:NCTC13098_05457	ko:K17204
rtg:NCTC13098_05458	ko:K17203
rtg:NCTC13098_05459	ko:K03366
rtg:NCTC13098_05462	ko:K02035
rtg:NCTC13098_05463	ko:K02033
rtg:NCTC13098_05464	ko:K02034
rtg:NCTC13098_05465	ko:K02031
rtg:NCTC13098_05466	ko:K02032
rtg:NCTC13098_05467	ko:K15372
rtg:NCTC13098_05468	ko:K15373
rtg:NCTC13098_05469	ko:K02028
rtg:NCTC13098_05470	ko:K02029
rtg:NCTC13098_05471	ko:K02029
rtg:NCTC13098_05472	ko:K02030
rtg:NCTC13098_05474	ko:K00375
rtg:NCTC13098_05481	ko:K01426
rtg:NCTC13098_05483	ko:K02031
rtg:NCTC13098_05485	ko:K02032
rtg:NCTC13098_05489	ko:K02033
rtg:NCTC13098_05491	ko:K02035
rtg:NCTC13098_05492	ko:K06048
rtg:NCTC13098_05498	ko:K03585
rtg:NCTC13098_05504	ko:K02014
rtg:NCTC13098_05505	ko:K18325
rtg:NCTC13098_05509	ko:K10679
rtg:NCTC13098_05513	ko:K16053
rtg:NCTC13098_05519	ko:K11732
rtg:NCTC13098_05521	ko:K02014
rtg:NCTC13098_05525	ko:K03885
rtg:NCTC13098_05528	ko:K10013
rtg:NCTC13098_05529	ko:K01451
rtg:NCTC13098_05530	ko:K23243
rtg:NCTC13098_05532	ko:K02016
rtg:NCTC13098_05533	ko:K02015
rtg:NCTC13098_05534	ko:K02013
rtg:NCTC13098_05535	ko:K00847
rtg:NCTC13098_05537	ko:K16077
rtg:NCTC13098_05538	ko:K02810
rtg:NCTC13098_05540	ko:K01193
rtg:NCTC13098_05542	ko:K03484
rtg:NCTC13098_05547	ko:K01998
rtg:NCTC13098_05549	ko:K01995
rtg:NCTC13098_05550	ko:K01996
rtg:NCTC13098_05551	ko:K01999
rtg:NCTC13098_05555	ko:K06016
rtg:NCTC13098_05565	ko:K04567
rtg:NCTC13098_05574	ko:K03757
rtg:NCTC13098_05575	ko:K03765
rtg:NCTC13098_05587	ko:K08987
rtg:NCTC13098_05593	ko:K00433
rtg:NCTC13098_05601	ko:K29125
rtg:NCTC13098_05607	ko:K19048
rtg:NCTC13098_05626	ko:K18837
rtg:NCTC13098_05627	ko:K18838
rtg:NCTC13098_05629	ko:K03630
rtg:NCTC13098_05635	ko:K07733
rtg:NCTC13098_05640	ko:K07497
rtg:NCTC13098_05641	ko:K07483
rtg:NCTC13098_05643	ko:K07497
rtg:NCTC13098_05644	ko:K07497
rtg:NCTC13098_05645	ko:K07497
rtg:NCTC13098_05648	ko:K05792
rtg:NCTC13098_05653	ko:K11912
rtg:NCTC13098_05654	ko:K02003
rtg:NCTC13098_05655	ko:K02004
rtg:NCTC13098_05660	ko:K04043
rtg:NCTC13098_05667	ko:K14219
rtg:NCTC13098_05669	ko:K01491
rtg:NCTC13098_05670	ko:K14761
rtg:NCTC13098_05672	ko:K01883
rtg:NCTC13098_05673	ko:K03768
rtg:NCTC13098_05674	ko:K03269
rtg:NCTC13098_05675	ko:K01588
rtg:NCTC13098_05677	ko:K01589
rtg:NCTC13098_05678	ko:K06917
rtg:NCTC13098_05683	ko:K02004
rtg:NCTC13098_05684	ko:K02003
rtg:NCTC13098_05685	ko:K10804
rtg:NCTC13098_05687	ko:K05838
rtg:NCTC13098_05688	ko:K02069
rtg:NCTC13098_05689	ko:K02068
rtg:NCTC13098_05691	ko:K07340
rtg:NCTC13098_05692	ko:K19591
rtg:NCTC13098_05693	ko:K16087
rtg:NCTC13098_05694	ko:K25132
rtg:NCTC13098_05695	ko:K21936
rtg:NCTC13098_05696	ko:K07227
rtg:NCTC13098_05698	ko:K25133
rtg:NCTC13098_05699	ko:K10834
rtg:NCTC13098_05701	ko:K17686
rtg:NCTC13098_05704	ko:K03976
rtg:NCTC13098_05706	ko:K11751
rtg:NCTC13098_05708	ko:K08223
rtg:NCTC13098_05709	ko:K26735
rtg:NCTC13098_05710	ko:K00892
rtg:NCTC13098_05711	ko:K01772
rtg:NCTC13098_05713	ko:K00939
rtg:NCTC13098_05714	ko:K04079
rtg:NCTC13098_05715	ko:K06187
rtg:NCTC13098_05716	ko:K09747
rtg:NCTC13098_05718	ko:K00759
rtg:NCTC13098_05719	ko:K09790
rtg:NCTC13098_05720	ko:K04067
rtg:NCTC13098_05722	ko:K05802
rtg:NCTC13098_05723	ko:K03577
rtg:NCTC13098_05724	ko:K03585
rtg:NCTC13098_05725	ko:K18138
rtg:NCTC13098_05726	ko:K19162
rtg:NCTC13098_05727	ko:K05839
rtg:NCTC13098_05728	ko:K00661
rtg:NCTC13098_05730	ko:K00375
rtg:NCTC13098_05732	ko:K02919
rtg:NCTC13098_05733	ko:K02909
rtg:NCTC13098_05734	ko:K27069
rtg:NCTC13098_05735	ko:K02024
rtg:NCTC13098_05736	ko:K02778
rtg:NCTC13098_05737	ko:K12308
rtg:NCTC13098_05738	ko:K01224
rtg:NCTC13098_05739	ko:K15772
rtg:NCTC13098_05740	ko:K15771
rtg:NCTC13098_05741	ko:K15770
rtg:NCTC13098_05742	ko:K10111
rtg:NCTC13098_05753	ko:K16326
rtg:NCTC13098_05754	ko:K10213
rtg:NCTC13098_05762	ko:K09914
rtg:NCTC13098_05764	ko:K10805
rtg:NCTC13098_05766	ko:K03320
rtg:NCTC13098_05768	ko:K04752
rtg:NCTC13098_05769	ko:K18890
rtg:NCTC13098_05770	ko:K18889
rtg:NCTC13098_05771	ko:K05800
rtg:NCTC13098_05772	ko:K28981
rtg:NCTC13098_05773	ko:K11938
rtg:NCTC13098_05776	ko:K06920
rtg:NCTC13098_05778	ko:K12500
rtg:NCTC13098_05781	ko:K03770
rtg:NCTC13098_05783	ko:K03530
rtg:NCTC13098_05784	ko:K01338
rtg:NCTC13098_05786	ko:K03544
rtg:NCTC13098_05787	ko:K01358
rtg:NCTC13098_05788	ko:K01358
rtg:NCTC13098_05789	ko:K03545
rtg:NCTC13098_05790	ko:K05527
rtg:NCTC13098_05791	ko:K07286
rtg:NCTC13098_05792	ko:K08218
rtg:NCTC13098_05793	ko:K02297
rtg:NCTC13098_05794	ko:K02298
rtg:NCTC13098_05795	ko:K02299
rtg:NCTC13098_05796	ko:K02300
rtg:NCTC13098_05797	ko:K02257
rtg:NCTC13098_05798	ko:K02624
rtg:NCTC13098_05804	ko:K08195
rtg:NCTC13098_05809	ko:K09767
rtg:NCTC13098_05810	ko:K00077
rtg:NCTC13098_05812	ko:K03152
rtg:NCTC13098_05813	ko:K03151
rtg:NCTC13098_05815	ko:K03151
rtg:NCTC13098_05816	ko:K00795
rtg:NCTC13098_05817	ko:K01662
rtg:NCTC13098_05819	ko:K23107
rtg:NCTC13098_05820	ko:K01095
rtg:NCTC13098_05821	ko:K00946
rtg:NCTC13098_05822	ko:K03625
rtg:NCTC13098_05823	ko:K00794
rtg:NCTC13098_05824	ko:K11752
rtg:NCTC13098_05825	ko:K07738
rtg:NCTC13098_05827	ko:K05517
rtg:NCTC13098_05829	ko:K06996
rtg:NCTC13098_05831	ko:K03074
rtg:NCTC13098_05832	ko:K03072
rtg:NCTC13098_05833	ko:K03210
rtg:NCTC13098_05835	ko:K00773
rtg:NCTC13098_05836	ko:K07568
rtg:NCTC13098_05837	ko:K08682
rtg:NCTC13098_05838	ko:K03386
rtg:NCTC13098_05839	ko:K02821
rtg:NCTC13098_05840	ko:K02822
rtg:NCTC13098_05841	ko:K03475
rtg:NCTC13098_05844	ko:K01624
rtg:NCTC13098_05852	ko:K01187
rtg:NCTC13098_05853	ko:K11736
rtg:NCTC13098_05854	ko:K03311
rtg:NCTC13098_05855	ko:K07636
rtg:NCTC13098_05856	ko:K07657
rtg:NCTC13098_05857	ko:K03547
rtg:NCTC13098_05858	ko:K03546
rtg:NCTC13098_05859	ko:K00847
rtg:NCTC13098_05861	ko:K03554
rtg:NCTC13098_05862	ko:K09913
rtg:NCTC13098_05863	ko:K14591
rtg:NCTC13098_05865	ko:K00891
rtg:NCTC13098_05866	ko:K09945
rtg:NCTC13098_05867	ko:K09768
rtg:NCTC13098_05868	ko:K00286
rtg:NCTC13098_05871	ko:K01077
rtg:NCTC13098_05873	ko:K06146
rtg:NCTC13098_05875	ko:K00046
rtg:NCTC13098_05876	ko:K08161
rtg:NCTC13098_05877	ko:K01921
rtg:NCTC13098_05881	ko:K17938
rtg:NCTC13098_05884	ko:K18988
rtg:NCTC13098_05885	ko:K07481
rtg:NCTC13098_05888	ko:K01698
rtg:NCTC13098_05891	ko:K03119
rtg:NCTC13098_05894	ko:K10831
rtg:NCTC13098_05896	ko:K15551
rtg:NCTC13098_05897	ko:K00547
rtg:NCTC13098_05898	ko:K16235
rtg:NCTC13098_05899	ko:K01184
rtg:NCTC13098_05900	ko:K16238
rtg:NCTC13098_05901	ko:K03735
rtg:NCTC13098_05902	ko:K03736
rtg:NCTC13098_05904	ko:K02030
rtg:NCTC13098_05905	ko:K02028
rtg:NCTC13098_05906	ko:K02029
rtg:NCTC13098_05907	ko:K02029
rtg:NCTC13098_05908	ko:K02041
rtg:NCTC13098_05909	ko:K02044
rtg:NCTC13098_05910	ko:K02042
rtg:NCTC13098_05911	ko:K02042
rtg:NCTC13098_05914	ko:K15555
rtg:NCTC13098_05915	ko:K15554
rtg:NCTC13098_05916	ko:K15554
rtg:NCTC13098_05917	ko:K15553
rtg:NCTC13098_05920	ko:K13695
rtg:NCTC13098_05923	ko:K11929
rtg:NCTC13098_05924	ko:K00931
rtg:NCTC13098_05925	ko:K00147
rtg:NCTC13098_05927	ko:K20534
rtg:NCTC13098_05928	ko:K14234
rtg:NCTC13098_05949	ko:K18325
rtg:NCTC13098_05950	ko:K12151
rtg:NCTC13098_05954	ko:K06221
rtg:NCTC13098_05960	ko:K07644
rtg:NCTC13098_05961	ko:K07665
rtg:NCTC13098_05963	ko:K06889
rtg:NCTC13098_05965	ko:K07552
rtg:NCTC13098_05974	ko:K02431
rtg:NCTC13098_05975	ko:K00059
rtg:NCTC13098_05978	ko:K11689
rtg:NCTC13098_05979	ko:K11688
rtg:NCTC13098_05981	ko:K15737
rtg:NCTC13098_05987	ko:K00135
rtg:NCTC13098_05988	ko:K15735
rtg:NCTC13098_05990	ko:K19130
rtg:NCTC13098_05992	ko:K11926
rtg:NCTC13098_05993	ko:K11750
rtg:NCTC13098_05994	ko:K00769
rtg:NCTC13098_05995	ko:K01270
rtg:NCTC13098_05996	ko:K03830
rtg:NCTC13098_05997	ko:K02346
rtg:NCTC13098_05998	ko:K05952
rtg:NCTC13098_05999	ko:K00351
rtg:NCTC13098_06000	ko:K00350
rtg:NCTC13098_06001	ko:K00349
rtg:NCTC13098_06002	ko:K00348
rtg:NCTC13098_06003	ko:K00347
rtg:NCTC13098_06004	ko:K00346
rtg:NCTC13098_06005	ko:K28919
rtg:NCTC13098_06007	ko:K03271
rtg:NCTC13098_06008	ko:K06445
rtg:NCTC13098_06010	ko:K22397
rtg:NCTC13098_06011	ko:K22396
rtg:NCTC13098_06012	ko:K03299
rtg:NCTC13098_06014	ko:K13566
rtg:NCTC13098_06015	ko:K00041
rtg:NCTC13098_06016	ko:K23007
rtg:NCTC13098_06017	ko:K23015
rtg:NCTC13098_06018	ko:K18334
rtg:NCTC13098_06019	ko:K26580
rtg:NCTC13098_06020	ko:K06999
rtg:NCTC13098_06021	ko:K07393
rtg:NCTC13098_06023	ko:K08348
rtg:NCTC13098_06026	ko:K00124
rtg:NCTC13098_06028	ko:K00127
rtg:NCTC13098_06029	ko:K14221
rtg:NCTC13098_06030	ko:K02342
rtg:NCTC13098_06031	ko:K03469
rtg:NCTC13098_06033	ko:K01069
rtg:NCTC13098_06038	ko:K19577
rtg:NCTC13098_06040	ko:K06222
rtg:NCTC13098_06041	ko:K14221
rtg:NCTC13098_06042	ko:K01985
rtg:NCTC13098_06043	ko:K01980
rtg:NCTC13098_06045	ko:K14218
rtg:NCTC13098_06046	ko:K14227
rtg:NCTC13098_06047	ko:K01977
rtg:NCTC13098_06048	ko:K03273
rtg:NCTC13098_06049	ko:K02071
rtg:NCTC13098_06050	ko:K02072
rtg:NCTC13098_06051	ko:K02073
rtg:NCTC13098_06052	ko:K06080
rtg:NCTC13098_06053	ko:K22900
rtg:NCTC13098_06054	ko:K01881
rtg:NCTC13098_06055	ko:K06079
rtg:NCTC13098_06056	ko:K15034
rtg:NCTC13098_06059	ko:K19000
rtg:NCTC13098_06060	ko:K04075
rtg:NCTC13098_06061	ko:K08234
rtg:NCTC13098_06062	ko:K01582
rtg:NCTC13098_06063	ko:K01962
rtg:NCTC13098_06064	ko:K02337
rtg:NCTC13098_06065	ko:K03470
rtg:NCTC13098_06066	ko:K00748
rtg:NCTC13098_06068	ko:K00677
rtg:NCTC13098_06069	ko:K02372
rtg:NCTC13098_06071	ko:K02536
rtg:NCTC13098_06075	ko:K07277
rtg:NCTC13098_06076	ko:K11749
rtg:NCTC13098_06077	ko:K11749
rtg:NCTC13098_06078	ko:K00981
rtg:NCTC13098_06079	ko:K00806
rtg:NCTC13098_06080	ko:K00099
rtg:NCTC13098_06081	ko:K02838
rtg:NCTC13098_06082	ko:K09903
rtg:NCTC13098_06083	ko:K02357
rtg:NCTC13098_06084	ko:K02967
rtg:NCTC13098_06086	ko:K01265
rtg:NCTC13098_06088	ko:K00990
rtg:NCTC13098_06089	ko:K00674
rtg:NCTC13098_06091	ko:K02647
rtg:NCTC13098_06092	ko:K04771
rtg:NCTC13098_06093	ko:K01129
rtg:NCTC13098_06094	ko:K01243
rtg:NCTC13098_06096	ko:K06858
rtg:NCTC13098_06098	ko:K15724
rtg:NCTC13098_06099	ko:K03281
rtg:NCTC13098_06100	ko:K01845
rtg:NCTC13098_06101	ko:K23228
rtg:NCTC13098_06102	ko:K23227
rtg:NCTC13098_06103	ko:K10829
rtg:NCTC13098_06104	ko:K02014
rtg:NCTC13098_06105	ko:K05365
rtg:NCTC13098_06107	ko:K02465
rtg:NCTC13098_06108	ko:K02451
rtg:NCTC13098_06109	ko:K01200
rtg:NCTC13098_06110	ko:K02452
rtg:NCTC13098_06111	ko:K02453
rtg:NCTC13098_06112	ko:K02454
rtg:NCTC13098_06114	ko:K02455
rtg:NCTC13098_06115	ko:K02456
rtg:NCTC13098_06116	ko:K02457
rtg:NCTC13098_06117	ko:K02458
rtg:NCTC13098_06120	ko:K02460
rtg:NCTC13098_06121	ko:K02461
rtg:NCTC13098_06122	ko:K02462
rtg:NCTC13098_06123	ko:K02463
rtg:NCTC13098_06124	ko:K02464
rtg:NCTC13098_06125	ko:K03579
rtg:NCTC13098_06126	ko:K01975
rtg:NCTC13098_06127	ko:K06206
rtg:NCTC13098_06128	ko:K06204
rtg:NCTC13098_06129	ko:K01894
rtg:NCTC13098_06130	ko:K00970
rtg:NCTC13098_06133	ko:K00950
rtg:NCTC13098_06134	ko:K00606
rtg:NCTC13098_06137	ko:K01579
rtg:NCTC13098_06141	ko:K01992
rtg:NCTC13098_06142	ko:K01990
rtg:NCTC13098_06143	ko:K01673
rtg:NCTC13098_06144	ko:K00760
rtg:NCTC13098_06152	ko:K14588
rtg:NCTC13098_06154	ko:K00797
rtg:NCTC13098_06156	ko:K01611
rtg:NCTC13098_06158	ko:K22024
rtg:NCTC13098_06159	ko:K22129
rtg:NCTC13098_06160	ko:K02526
rtg:NCTC13098_06161	ko:K09910
rtg:NCTC13098_06162	ko:K01682
rtg:NCTC13098_06164	ko:K00382
rtg:NCTC13098_06165	ko:K00627
rtg:NCTC13098_06172	ko:K05799
rtg:NCTC13098_06173	ko:K11734
rtg:NCTC13098_06174	ko:K03292
rtg:NCTC13098_06176	ko:K03807
rtg:NCTC13098_06177	ko:K03806
rtg:NCTC13098_06178	ko:K00767
rtg:NCTC13098_06179	ko:K02682
rtg:NCTC13098_06181	ko:K02504
rtg:NCTC13098_06182	ko:K02505
rtg:NCTC13098_06186	ko:K00859
rtg:NCTC13098_06187	ko:K18778
rtg:NCTC13098_06188	ko:K09862
rtg:NCTC13098_06189	ko:K03574
rtg:NCTC13098_06190	ko:K07497
rtg:NCTC13098_06194	ko:K03070
rtg:NCTC13098_06195	ko:K13301
rtg:NCTC13098_06196	ko:K02535
rtg:NCTC13098_06200	ko:K03590
rtg:NCTC13098_06201	ko:K03589
rtg:NCTC13098_06202	ko:K01921
rtg:NCTC13098_06203	ko:K01924
rtg:NCTC13098_06204	ko:K02563
rtg:NCTC13098_06205	ko:K03588
rtg:NCTC13098_06206	ko:K01925
rtg:NCTC13098_06207	ko:K01000
rtg:NCTC13098_06209	ko:K01929
rtg:NCTC13098_06210	ko:K01928
rtg:NCTC13098_06211	ko:K03587
rtg:NCTC13098_06212	ko:K03586
rtg:NCTC13098_06213	ko:K03438
rtg:NCTC13098_06214	ko:K03925
rtg:NCTC13098_06215	ko:K03435
rtg:NCTC13098_06216	ko:K01653
rtg:NCTC13098_06217	ko:K01652
rtg:NCTC13098_06219	ko:K05798
rtg:NCTC13098_06222	ko:K01649
rtg:NCTC13098_06224	ko:K00052
rtg:NCTC13098_06225	ko:K01703
rtg:NCTC13098_06226	ko:K01704
rtg:NCTC13098_06227	ko:K03785
rtg:NCTC13098_06228	ko:K03291
rtg:NCTC13098_06229	ko:K03291
rtg:NCTC13098_06231	ko:K11925
rtg:NCTC13098_06233	ko:K02064
rtg:NCTC13098_06234	ko:K02063
rtg:NCTC13098_06235	ko:K02062
rtg:NCTC13098_06237	ko:K02099
rtg:NCTC13098_06238	ko:K00853
rtg:NCTC13098_06239	ko:K01804
rtg:NCTC13098_06240	ko:K03077
rtg:NCTC13098_06242	ko:K02336
rtg:NCTC13098_06246	ko:K03580
rtg:NCTC13098_06247	ko:K06177
rtg:NCTC13098_06249	ko:K05964
rtg:NCTC13098_06251	ko:K07700
rtg:NCTC13098_06252	ko:K07702
rtg:NCTC13098_06253	ko:K05801
rtg:NCTC13098_06255	ko:K04744
rtg:NCTC13098_06256	ko:K03771
rtg:NCTC13098_06257	ko:K00097
rtg:NCTC13098_06260	ko:K02528
rtg:NCTC13098_06261	ko:K06195
rtg:NCTC13098_06263	ko:K01525
rtg:NCTC13098_06264	ko:K00287
rtg:NCTC13098_06265	ko:K11745
rtg:NCTC13098_06267	ko:K11746
rtg:NCTC13098_06271	ko:K06146
rtg:NCTC13098_06273	ko:K00046
rtg:NCTC13098_06274	ko:K00851
rtg:NCTC13098_06277	ko:K01955
rtg:NCTC13098_06278	ko:K01956
rtg:NCTC13098_06280	ko:K00215
rtg:NCTC13098_06287	ko:K02793
rtg:NCTC13098_06289	ko:K02795
rtg:NCTC13098_06292	ko:K06859
rtg:NCTC13098_06293	ko:K06859
rtg:NCTC13098_06296	ko:K12700
rtg:NCTC13098_06297	ko:K03527
rtg:NCTC13098_06298	ko:K03774
rtg:NCTC13098_06299	ko:K03101
rtg:NCTC13098_06300	ko:K01870
rtg:NCTC13098_06302	ko:K11753
rtg:NCTC13098_06304	ko:K03717
rtg:NCTC13098_06305	ko:K03313
rtg:NCTC13098_06307	ko:K03686
rtg:NCTC13098_06310	ko:K04043
rtg:NCTC13098_06312	ko:K07034
rtg:NCTC13098_06313	ko:K03762
rtg:NCTC13098_06314	ko:K03831
rtg:NCTC13098_06315	ko:K00616
rtg:NCTC13098_06317	ko:K03310
rtg:NCTC13098_06321	ko:K09861
rtg:NCTC13098_06325	ko:K00872
rtg:NCTC13098_06326	ko:K12524
rtg:NCTC13098_06328	ko:K02533
rtg:NCTC13098_06329	ko:K07773
rtg:NCTC13098_06330	ko:K06143
rtg:NCTC13098_06331	ko:K07641
rtg:NCTC13098_06333	ko:K07663
rtg:NCTC13098_06334	ko:K05805
rtg:NCTC13098_06335	ko:K05804
rtg:NCTC13098_06336	ko:K15634
rtg:NCTC13098_06337	ko:K01529
rtg:NCTC13098_06338	ko:K03720
rtg:NCTC13098_06339	ko:K08309
rtg:NCTC13098_06342	ko:K06020
rtg:NCTC13098_06343	ko:K06211
rtg:NCTC13098_06347	ko:K04485
rtg:NCTC13098_06349	ko:K01079
rtg:NCTC13098_06350	ko:K07186
rtg:NCTC13098_06352	ko:K03800
rtg:NCTC13098_06354	ko:K03784
rtg:NCTC13098_06356	ko:K01839
rtg:NCTC13098_06359	ko:K00758
rtg:NCTC13098_06360	ko:K01619
rtg:NCTC13098_06361	ko:K03424
rtg:NCTC13098_06364	ko:K04065
rtg:NCTC13098_06365	ko:K02837
rtg:NCTC13098_06366	ko:K08723
rtg:NCTC13098_06367	ko:K03789
rtg:NCTC13098_06368	ko:K02344
rtg:NCTC13098_06369	ko:K00564
rtg:NCTC13098_06370	ko:K14228
rtg:NCTC13098_06371	ko:K14228
rtg:NCTC13098_06372	ko:K14228
rtg:NCTC13098_06375	ko:K13255
rtg:NCTC13098_06376	ko:K02761
rtg:NCTC13098_06379	ko:K22650
rtg:NCTC13098_06381	ko:K18954
rtg:NCTC13098_06382	ko:K00481
rtg:NCTC13098_06386	ko:K02317
rtg:NCTC13098_06387	ko:K02315
rtg:NCTC13098_06389	ko:K01002
rtg:NCTC13098_06393	ko:K01631
rtg:NCTC13098_06394	ko:K00883
rtg:NCTC13098_06395	ko:K03307
rtg:NCTC13098_06397	ko:K06015
rtg:NCTC13098_06399	ko:K13609
rtg:NCTC13098_06401	ko:K13877
rtg:NCTC13098_06402	ko:K21062
rtg:NCTC13098_06406	ko:K12658
rtg:NCTC13098_06411	ko:K22550
rtg:NCTC13098_06412	ko:K22549
rtg:NCTC13098_06415	ko:K05921
rtg:NCTC13098_06416	ko:K05921
rtg:NCTC13098_06418	ko:K00151
rtg:NCTC13098_06420	ko:K00455
rtg:NCTC13098_06421	ko:K01826
rtg:NCTC13098_06422	ko:K02509
rtg:NCTC13098_06424	ko:K02510
rtg:NCTC13098_06426	ko:K02511
rtg:NCTC13098_06428	ko:K02508
rtg:NCTC13098_06430	ko:K00483
rtg:NCTC13098_06431	ko:K00484
rtg:NCTC13098_06433	ko:K23676
rtg:NCTC13098_06436	ko:K11903
rtg:NCTC13098_06440	ko:K11903
rtg:NCTC13098_06444	ko:K00135
rtg:NCTC13098_06445	ko:K24087
rtg:NCTC13098_06447	ko:K05835
rtg:NCTC13098_06456	ko:K06075
rtg:NCTC13098_06460	ko:K07452
rtg:NCTC13098_06461	ko:K19147
rtg:NCTC13098_06463	ko:K09803
rtg:NCTC13098_06464	ko:K21265
rtg:NCTC13098_06467	ko:K00355
rtg:NCTC13098_06469	ko:K17473
rtg:NCTC13098_06470	ko:K17464
rtg:NCTC13098_06471	ko:K17465
rtg:NCTC13098_06472	ko:K17466
rtg:NCTC13098_06473	ko:K17467
rtg:NCTC13098_06474	ko:K17468
rtg:NCTC13098_06475	ko:K17463
rtg:NCTC13098_06484	ko:K00132
rtg:NCTC13098_06493	ko:K20037
rtg:NCTC13098_06496	ko:K03297
rtg:NCTC13098_06497	ko:K03297
rtg:NCTC13098_06498	ko:K01867
rtg:NCTC13098_06500	ko:K13069
rtg:NCTC13098_06501	ko:K01993
rtg:NCTC13098_06502	ko:K13926
rtg:NCTC13098_06503	ko:K01992
rtg:NCTC13098_06505	ko:K01985
rtg:NCTC13098_06506	ko:K01980
rtg:NCTC13098_06508	ko:K01977
rtg:NCTC13098_06509	ko:K18850
rtg:NCTC13098_06510	ko:K07644
rtg:NCTC13098_06511	ko:K07665
rtg:NCTC13098_06512	ko:K07796
rtg:NCTC13098_06513	ko:K07810
rtg:NCTC13098_06514	ko:K07798
rtg:NCTC13098_06515	ko:K07787
rtg:NCTC13098_06518	ko:K13409
rtg:NCTC13098_06519	ko:K13408
rtg:NCTC13098_06523	ko:K07346
rtg:NCTC13098_06524	ko:K07347
rtg:NCTC13098_06525	ko:K07345
rtg:NCTC13098_06538	ko:K16087
rtg:NCTC13098_06540	ko:K23514
rtg:NCTC13098_06541	ko:K07165
rtg:NCTC13098_06542	ko:K03832
rtg:NCTC13098_06545	ko:K11903
rtg:NCTC13098_06559	ko:K14228
rtg:NCTC13098_06562	ko:K12957
rtg:NCTC13098_06563	ko:K05814
rtg:NCTC13098_06565	ko:K05815
rtg:NCTC13098_06566	ko:K03651
rtg:NCTC13098_06567	ko:K05816
rtg:NCTC13098_06568	ko:K05813
rtg:NCTC13098_06569	ko:K19333
rtg:NCTC13098_06570	ko:K01198
rtg:NCTC13098_06572	ko:K22396
rtg:NCTC13098_06573	ko:K22397
rtg:NCTC13098_06574	ko:K06609
rtg:NCTC13098_06575	ko:K03335
rtg:NCTC13098_06576	ko:K06605
rtg:NCTC13098_06577	ko:K00010
rtg:NCTC13098_06583	ko:K03338
rtg:NCTC13098_06586	ko:K03337
rtg:NCTC13098_06587	ko:K00140
rtg:NCTC13098_06588	ko:K06606
rtg:NCTC13098_06591	ko:K06915
rtg:NCTC13098_06592	ko:K11720
rtg:NCTC13098_06594	ko:K07091
rtg:NCTC13098_06595	ko:K07091
rtg:NCTC13098_06597	ko:K01255
rtg:NCTC13098_06599	ko:K02339
rtg:NCTC13098_06604	ko:K06169
rtg:NCTC13098_06605	ko:K09893
rtg:NCTC13098_06608	ko:K00611
rtg:NCTC13098_06609	ko:K19334
rtg:NCTC13098_06610	ko:K00609
rtg:NCTC13098_06611	ko:K00610
rtg:NCTC13098_06612	ko:K09022
rtg:NCTC13098_06621	ko:K00574
rtg:NCTC13098_06622	ko:K09701
rtg:NCTC13098_06629	ko:K03098
rtg:NCTC13098_06631	ko:K12373
rtg:NCTC13098_06634	ko:K01531
rtg:NCTC13098_06636	ko:K03485
rtg:NCTC13098_06637	ko:K02819
rtg:NCTC13098_06638	ko:K01226
rtg:NCTC13098_06639	ko:K02761
rtg:NCTC13098_06640	ko:K01222
rtg:NCTC13098_06641	ko:K02760
rtg:NCTC13098_06642	ko:K19337
rtg:NCTC13098_06643	ko:K21636
rtg:NCTC13098_06644	ko:K04068
rtg:NCTC13098_06646	ko:K07404
rtg:NCTC13098_06648	ko:K01042
rtg:NCTC13098_06649	ko:K01465
rtg:NCTC13098_06655	ko:K15536
rtg:NCTC13098_06656	ko:K03592
rtg:NCTC13098_06657	ko:K09889
rtg:NCTC13098_06660	ko:K02558
rtg:NCTC13098_06661	ko:K03841
rtg:NCTC13098_06662	ko:K23509
rtg:NCTC13098_06663	ko:K23509
rtg:NCTC13098_06664	ko:K10820
rtg:NCTC13098_06665	ko:K23508
rtg:NCTC13098_06666	ko:K01507
rtg:NCTC13098_06668	ko:K16089
rtg:NCTC13098_06670	ko:K09800
rtg:NCTC13098_06673	ko:K07278
rtg:NCTC13098_06674	ko:K07304
rtg:NCTC13098_06675	ko:K03699
rtg:NCTC13098_06677	ko:K07109
rtg:NCTC13098_06678	ko:K01082
rtg:NCTC13098_06684	ko:K19267
rtg:NCTC13098_06687	ko:K07322
rtg:NCTC13098_06688	ko:K11737
rtg:NCTC13098_06690	ko:K03773
rtg:NCTC13098_06691	ko:K07269
rtg:NCTC13098_06692	ko:K02939
rtg:NCTC13098_06693	ko:K02963
rtg:NCTC13098_06694	ko:K02686
rtg:NCTC13098_06695	ko:K02990
rtg:NCTC13098_06697	ko:K06889
rtg:NCTC13098_06700	ko:K09456
rtg:NCTC13098_06701	ko:K03762
rtg:NCTC13098_06702	ko:K03218
rtg:NCTC13098_06703	ko:K12573
rtg:NCTC13098_06704	ko:K13771
rtg:NCTC13098_06705	ko:K01939
rtg:NCTC13098_06706	ko:K09937
rtg:NCTC13098_06707	ko:K04087
rtg:NCTC13098_06708	ko:K04088
rtg:NCTC13098_06709	ko:K03665
rtg:NCTC13098_06710	ko:K03666
rtg:NCTC13098_06711	ko:K00791
rtg:NCTC13098_06712	ko:K03572
rtg:NCTC13098_06714	ko:K01448
rtg:NCTC13098_06715	ko:K01448
rtg:NCTC13098_06716	ko:K06925
rtg:NCTC13098_06717	ko:K23997
rtg:NCTC13098_06718	ko:K18979
rtg:NCTC13098_06719	ko:K14225
rtg:NCTC13098_06720	ko:K14225
rtg:NCTC13098_06721	ko:K14225
rtg:NCTC13098_06722	ko:K09996
rtg:NCTC13098_06723	ko:K13288
rtg:NCTC13098_06724	ko:K06949
rtg:NCTC13098_06725	ko:K01613
rtg:NCTC13098_06727	ko:K22051
rtg:NCTC13098_06728	ko:K04568
rtg:NCTC13098_06729	ko:K00244
rtg:NCTC13098_06730	ko:K00245
rtg:NCTC13098_06731	ko:K00246
rtg:NCTC13098_06732	ko:K00247
rtg:NCTC13098_06733	ko:K03098
rtg:NCTC13098_06734	ko:K11741
rtg:NCTC13098_06735	ko:K16348
rtg:NCTC13098_06736	ko:K16347
rtg:NCTC13098_06737	ko:K02356
rtg:NCTC13098_06738	ko:K19810
rtg:NCTC13098_06740	ko:K04077
rtg:NCTC13098_06741	ko:K04078
rtg:NCTC13098_06742	ko:K16263
rtg:NCTC13098_06743	ko:K07113
rtg:NCTC13098_06744	ko:K01744
rtg:NCTC13098_06746	ko:K07791
rtg:NCTC13098_06747	ko:K03926
rtg:NCTC13098_06748	ko:K04084
rtg:NCTC13098_06751	ko:K14231
rtg:NCTC13098_06753	ko:K02014
rtg:NCTC13098_06754	ko:K02016
rtg:NCTC13098_06756	ko:K02015
rtg:NCTC13098_06758	ko:K02014
rtg:NCTC13098_06763	ko:K05516
rtg:NCTC13098_06764	ko:K18997
rtg:NCTC13098_06765	ko:K07406
rtg:NCTC13098_06767	ko:K23237
rtg:NCTC13098_06769	ko:K03762
rtg:NCTC13098_06770	ko:K06193
rtg:NCTC13098_06771	ko:K04750
rtg:NCTC13098_06772	ko:K02043
rtg:NCTC13098_06773	ko:K06165
rtg:NCTC13098_06781	ko:K05780
rtg:NCTC13098_06783	ko:K06162
rtg:NCTC13098_06784	ko:K05774
rtg:NCTC13098_06786	ko:K09994
rtg:NCTC13098_06787	ko:K06167
rtg:NCTC13098_06790	ko:K10441
rtg:NCTC13098_06791	ko:K10440
rtg:NCTC13098_06792	ko:K10439
rtg:NCTC13098_06795	ko:K22015
rtg:NCTC13098_06796	ko:K07126
rtg:NCTC13098_06797	ko:K11102
rtg:NCTC13098_06798	ko:K01895
rtg:NCTC13098_06799	ko:K01895
rtg:NCTC13098_06801	ko:K14393
rtg:NCTC13098_06803	ko:K06518
rtg:NCTC13098_06806	ko:K24163
rtg:NCTC13098_06807	ko:K06901
rtg:NCTC13098_06808	ko:K00799
rtg:NCTC13098_06811	ko:K13639
rtg:NCTC13098_06812	ko:K13631
rtg:NCTC13098_06816	ko:K02053
rtg:NCTC13098_06817	ko:K02054
rtg:NCTC13098_06823	ko:K01092
rtg:NCTC13098_06824	ko:K21968
rtg:NCTC13098_06826	ko:K21967
rtg:NCTC13098_06827	ko:K21966
rtg:NCTC13098_06828	ko:K21965
rtg:NCTC13098_06829	ko:K21964
rtg:NCTC13098_06833	ko:K21638
rtg:NCTC13098_06834	ko:K07277
rtg:NCTC13098_06835	ko:K07481
rtg:NCTC13098_06840	ko:K03111
rtg:NCTC13098_06841	ko:K03701
rtg:NCTC13098_06843	ko:K03788
rtg:NCTC13098_06844	ko:K00832
rtg:NCTC13098_06845	ko:K01775
rtg:NCTC13098_06846	ko:K02314
rtg:NCTC13098_06848	ko:K00344
rtg:NCTC13098_06850	ko:K05539
rtg:NCTC13098_06857	ko:K26937
rtg:NCTC13098_06858	ko:K01356
rtg:NCTC13098_06859	ko:K00901
rtg:NCTC13098_06862	ko:K03179
rtg:NCTC13098_06864	ko:K03181
rtg:NCTC13098_06866	ko:K02024
rtg:NCTC13098_06869	ko:K10111
rtg:NCTC13098_06872	ko:K10108
rtg:NCTC13098_06874	ko:K10109
rtg:NCTC13098_06875	ko:K10110
rtg:NCTC13098_06876	ko:K13256
rtg:NCTC13098_06879	ko:K01810
rtg:NCTC13098_06882	ko:K00928
rtg:NCTC13098_06884	ko:K03453
rtg:NCTC13098_06885	ko:K06182
rtg:NCTC13098_06888	ko:K07481
rtg:NCTC13098_06889	ko:K00068
rtg:NCTC13098_06890	ko:K02812
rtg:NCTC13098_06892	ko:K02813
rtg:NCTC13098_06893	ko:K02814
rtg:NCTC13098_06895	ko:K02815
rtg:NCTC13098_06896	ko:K19956
rtg:NCTC13098_06898	ko:K00014
rtg:NCTC13098_06899	ko:K05995
rtg:NCTC13098_06901	ko:K03324
rtg:NCTC13098_06903	ko:K00548
rtg:NCTC13098_06904	ko:K00548
rtg:NCTC13098_06905	ko:K00548
rtg:NCTC13098_06906	ko:K13641
rtg:NCTC13098_06908	ko:K00906
rtg:NCTC13098_06910	ko:K01637
rtg:NCTC13098_06912	ko:K01638
rtg:NCTC13098_06913	ko:K00651
rtg:NCTC13098_06914	ko:K00651
rtg:NCTC13098_06915	ko:K01985
rtg:NCTC13098_06916	ko:K01980
rtg:NCTC13098_06918	ko:K14224
rtg:NCTC13098_06919	ko:K01977
rtg:NCTC13098_06920	ko:K00602
rtg:NCTC13098_06923	ko:K01945
rtg:NCTC13098_06926	ko:K05787
rtg:NCTC13098_06927	ko:K09891
rtg:NCTC13098_06928	ko:K05982
rtg:NCTC13098_06929	ko:K01599
rtg:NCTC13098_06930	ko:K03426
rtg:NCTC13098_06931	ko:K07740
rtg:NCTC13098_06932	ko:K03147
rtg:NCTC13098_06933	ko:K00788
rtg:NCTC13098_06934	ko:K03148
rtg:NCTC13098_06935	ko:K03154
rtg:NCTC13098_06936	ko:K03149
rtg:NCTC13098_06937	ko:K03150
rtg:NCTC13098_06938	ko:K03150
rtg:NCTC13098_06942	ko:K02760
rtg:NCTC13098_06943	ko:K02759
rtg:NCTC13098_06944	ko:K07792
rtg:NCTC13098_06945	ko:K03046
rtg:NCTC13098_06946	ko:K03043
rtg:NCTC13098_06949	ko:K02864
rtg:NCTC13098_06950	ko:K02863
rtg:NCTC13098_06951	ko:K02867
rtg:NCTC13098_06952	ko:K02601
rtg:NCTC13098_06953	ko:K03073
rtg:NCTC13098_06954	ko:K02358
rtg:NCTC13098_06955	ko:K14234
rtg:NCTC13098_06956	ko:K14225
rtg:NCTC13098_06957	ko:K14236
rtg:NCTC13098_06958	ko:K14234
rtg:NCTC13098_06959	ko:K00867
rtg:NCTC13098_06960	ko:K03524
rtg:NCTC13098_06961	ko:K00075
rtg:NCTC13098_06962	ko:K01985
rtg:NCTC13098_06963	ko:K01980
rtg:NCTC13098_06965	ko:K14218
rtg:NCTC13098_06966	ko:K14227
rtg:NCTC13098_06967	ko:K01977
rtg:NCTC13098_06968	ko:K00230
rtg:NCTC13098_06970	ko:K03498
rtg:NCTC13098_06972	ko:K01271
rtg:NCTC13098_06973	ko:K01825
rtg:NCTC13098_06974	ko:K00632
rtg:NCTC13098_06975	ko:K05368
rtg:NCTC13098_06977	ko:K03182
rtg:NCTC13098_06978	ko:K05785
rtg:NCTC13098_06979	ko:K03424
rtg:NCTC13098_06981	ko:K03118
rtg:NCTC13098_06982	ko:K03117
rtg:NCTC13098_06983	ko:K03116
rtg:NCTC13098_06984	ko:K03688
rtg:NCTC13098_06985	ko:K03690
rtg:NCTC13098_06986	ko:K03183
rtg:NCTC13098_06987	ko:K09760
rtg:NCTC13098_06988	ko:K00757
rtg:NCTC13098_06989	ko:K01061
rtg:NCTC13098_06990	ko:K00549
rtg:NCTC13098_06993	ko:K03576
rtg:NCTC13098_06995	ko:K28854
rtg:NCTC13098_06996	ko:K01048
rtg:NCTC13098_06997	ko:K05834
rtg:NCTC13098_06998	ko:K05835
rtg:NCTC13098_06999	ko:K03654
rtg:NCTC13098_07000	ko:K01058
rtg:NCTC13098_07001	ko:K01073
rtg:NCTC13098_07002	ko:K05786
rtg:NCTC13098_07005	ko:K03284
rtg:NCTC13098_07006	ko:K03657
rtg:NCTC13098_07007	ko:K20862
rtg:NCTC13098_07011	ko:K09921
rtg:NCTC13098_07012	ko:K01778
rtg:NCTC13098_07014	ko:K06202
rtg:NCTC13098_07015	ko:K05851
rtg:NCTC13098_07016	ko:K01749
rtg:NCTC13098_07017	ko:K01719
rtg:NCTC13098_07018	ko:K02496
rtg:NCTC13098_07020	ko:K02498
rtg:NCTC13098_07023	ko:K14232
rtg:NCTC13098_07024	ko:K14228
rtg:NCTC13098_07025	ko:K14226
rtg:NCTC13098_07026	ko:K14219
rtg:NCTC13098_07027	ko:K03293
rtg:NCTC13098_07028	ko:K02852
rtg:NCTC13098_07029	ko:K02853
rtg:NCTC13098_07031	ko:K12582
rtg:NCTC13098_07033	ko:K16693
rtg:NCTC13098_07036	ko:K02805
rtg:NCTC13098_07037	ko:K16704
rtg:NCTC13098_07038	ko:K02472
rtg:NCTC13098_07039	ko:K01791
rtg:NCTC13098_07040	ko:K05790
rtg:NCTC13098_07041	ko:K02851
rtg:NCTC13098_07042	ko:K03628
rtg:NCTC13098_07043	ko:K03671
rtg:NCTC13098_07044	ko:K03732
rtg:NCTC13098_07045	ko:K01524
rtg:NCTC13098_07046	ko:K03656
rtg:NCTC13098_07047	ko:K03769
rtg:NCTC13098_07048	ko:K03769
rtg:NCTC13098_07055	ko:K00053
rtg:NCTC13098_07056	ko:K02521
rtg:NCTC13098_07057	ko:K01754
rtg:NCTC13098_07058	ko:K01687
rtg:NCTC13098_07059	ko:K00826
rtg:NCTC13098_07060	ko:K11258
rtg:NCTC13098_07061	ko:K01652
rtg:NCTC13098_07062	ko:K07391
rtg:NCTC13098_07063	ko:K09897
rtg:NCTC13098_07064	ko:K23773
rtg:NCTC13098_07066	ko:K14235
rtg:NCTC13098_07067	ko:K14221
rtg:NCTC13098_07068	ko:K01985
rtg:NCTC13098_07069	ko:K01980
rtg:NCTC13098_07071	ko:K14224
rtg:NCTC13098_07072	ko:K01977
rtg:NCTC13098_07073	ko:K01776
rtg:NCTC13098_07074	ko:K16092
rtg:NCTC13098_07076	ko:K00557
rtg:NCTC13098_07078	ko:K22105
rtg:NCTC13098_07080	ko:K00322
rtg:NCTC13098_07081	ko:K04761
rtg:NCTC13098_07083	ko:K01755
rtg:NCTC13098_07084	ko:K00930
rtg:NCTC13098_07086	ko:K00145
rtg:NCTC13098_07087	ko:K01438
rtg:NCTC13098_07088	ko:K01595
rtg:NCTC13098_07091	ko:K08314
rtg:NCTC13098_07093	ko:K00005
rtg:NCTC13098_07094	ko:K00297
rtg:NCTC13098_07096	ko:K01607
rtg:NCTC13098_07097	ko:K12525
rtg:NCTC13098_07098	ko:K01739
rtg:NCTC13098_07100	ko:K03764
rtg:NCTC13098_07101	ko:K02909
rtg:NCTC13098_07102	ko:K04066
rtg:NCTC13098_07103	ko:K05499
rtg:NCTC13098_07104	ko:K03591
rtg:NCTC13098_07105	ko:K01419
rtg:NCTC13098_07106	ko:K03667
rtg:NCTC13098_07107	ko:K02548
rtg:NCTC13098_07108	ko:K02553
rtg:NCTC13098_07110	ko:K07497
rtg:NCTC13098_07111	ko:K00850
rtg:NCTC13098_07112	ko:K13283
rtg:NCTC13098_07113	ko:K06006
rtg:NCTC13098_07114	ko:K07662
rtg:NCTC13098_07115	ko:K07640
rtg:NCTC13098_07117	ko:K04564
rtg:NCTC13098_07118	ko:K02856
rtg:NCTC13098_07119	ko:K02854
rtg:NCTC13098_07120	ko:K02855
rtg:NCTC13098_07121	ko:K00848
rtg:NCTC13098_07122	ko:K01813
rtg:NCTC13098_07123	ko:K01629
rtg:NCTC13098_07124	ko:K10559
rtg:NCTC13098_07125	ko:K10562
rtg:NCTC13098_07127	ko:K10560
rtg:NCTC13098_07128	ko:K10561
rtg:NCTC13098_07129	ko:K13954
rtg:NCTC13098_07130	ko:K03534
rtg:NCTC13098_07132	ko:K00633
rtg:NCTC13098_07133	ko:K02532
rtg:NCTC13098_07135	ko:K07407
rtg:NCTC13098_07137	ko:K02529
rtg:NCTC13098_07139	ko:K26605
rtg:NCTC13098_07140	ko:K26606
rtg:NCTC13098_07142	ko:K02379
rtg:NCTC13098_07144	ko:K00124
rtg:NCTC13098_07145	ko:K00127
rtg:NCTC13098_07146	ko:K02380
rtg:NCTC13098_07150	ko:K07560
rtg:NCTC13098_07151	ko:K07058
rtg:NCTC13098_07152	ko:K20866
rtg:NCTC13098_07153	ko:K06207
rtg:NCTC13098_07156	ko:K01915
rtg:NCTC13098_07157	ko:K07708
rtg:NCTC13098_07158	ko:K07712
rtg:NCTC13098_07159	ko:K02495
rtg:NCTC13098_07160	ko:K09894
rtg:NCTC13098_07163	ko:K03978
rtg:NCTC13098_07165	ko:K02335
rtg:NCTC13098_07167	ko:K03673
rtg:NCTC13098_07170	ko:K09896
rtg:NCTC13098_07171	ko:K03752
rtg:NCTC13098_07174	ko:K01985
rtg:NCTC13098_07175	ko:K01980
rtg:NCTC13098_07177	ko:K14218
rtg:NCTC13098_07178	ko:K14227
rtg:NCTC13098_07179	ko:K01977
rtg:NCTC13098_07182	ko:K02529
rtg:NCTC13098_07183	ko:K00852
rtg:NCTC13098_07184	ko:K10439
rtg:NCTC13098_07185	ko:K10440
rtg:NCTC13098_07186	ko:K10441
rtg:NCTC13098_07187	ko:K06726
rtg:NCTC13098_07188	ko:K03549
rtg:NCTC13098_07194	ko:K01914
rtg:NCTC13098_07195	ko:K03718
rtg:NCTC13098_07196	ko:K06205
rtg:NCTC13098_07197	ko:K03495
rtg:NCTC13098_07198	ko:K03501
rtg:NCTC13098_07199	ko:K02108
rtg:NCTC13098_07200	ko:K02110
rtg:NCTC13098_07201	ko:K02109
rtg:NCTC13098_07205	ko:K02111
rtg:NCTC13098_07212	ko:K02114
rtg:NCTC13098_07214	ko:K22994
rtg:NCTC13098_07219	ko:K00820
rtg:NCTC13098_07220	ko:K00820
rtg:NCTC13098_07222	ko:K02040
rtg:NCTC13098_07224	ko:K02037
rtg:NCTC13098_07225	ko:K02038
rtg:NCTC13098_07226	ko:K02036
rtg:NCTC13098_07228	ko:K02039
rtg:NCTC13098_07230	ko:K06901
rtg:NCTC13098_07231	ko:K19784
rtg:NCTC13098_07235	ko:K08163
rtg:NCTC13098_07236	ko:K03650
rtg:NCTC13098_07237	ko:K03217
rtg:NCTC13098_07238	ko:K03536
