sfj:SAMEA4384070_0001	ko:K02313
sfj:SAMEA4384070_0002	ko:K02338
sfj:SAMEA4384070_0003	ko:K03629
sfj:SAMEA4384070_0004	ko:K02470
sfj:SAMEA4384070_0007	ko:K01754
sfj:SAMEA4384070_0008	ko:K09474
sfj:SAMEA4384070_0009	ko:K19776
sfj:SAMEA4384070_0010	ko:K00883
sfj:SAMEA4384070_0011	ko:K01631
sfj:SAMEA4384070_0012	ko:K01684
sfj:SAMEA4384070_0014	ko:K08194
sfj:SAMEA4384070_0017	ko:K04080
sfj:SAMEA4384070_0018	ko:K04081
sfj:SAMEA4384070_0019	ko:K07085
sfj:SAMEA4384070_0020	ko:K00835
sfj:SAMEA4384070_0021	ko:K01176
sfj:SAMEA4384070_0023	ko:K00090
sfj:SAMEA4384070_0025	ko:K00874
sfj:SAMEA4384070_0027	ko:K02525
sfj:SAMEA4384070_0029	ko:K03826
sfj:SAMEA4384070_0030	ko:K01246
sfj:SAMEA4384070_0031	ko:K12686
sfj:SAMEA4384070_0032	ko:K19734
sfj:SAMEA4384070_0033	ko:K22956
sfj:SAMEA4384070_0035	ko:K01878
sfj:SAMEA4384070_0036	ko:K01879
sfj:SAMEA4384070_0037	ko:K04095
sfj:SAMEA4384070_0039	ko:K02800
sfj:SAMEA4384070_0040	ko:K00009
sfj:SAMEA4384070_0041	ko:K02562
sfj:SAMEA4384070_0044	ko:K14762
sfj:SAMEA4384070_0047	ko:K05875
sfj:SAMEA4384070_0048	ko:K04564
sfj:SAMEA4384070_0050	ko:K00124
sfj:SAMEA4384070_0051	ko:K00127
sfj:SAMEA4384070_0052	ko:K02380
sfj:SAMEA4384070_0055	ko:K01042
sfj:SAMEA4384070_0056	ko:K03833
sfj:SAMEA4384070_0058	ko:K08160
sfj:SAMEA4384070_0063	ko:K00854
sfj:SAMEA4384070_0064	ko:K01805
sfj:SAMEA4384070_0065	ko:K10543
sfj:SAMEA4384070_0066	ko:K10545
sfj:SAMEA4384070_0067	ko:K10544
sfj:SAMEA4384070_0068	ko:K02529
sfj:SAMEA4384070_0070	ko:K03449
sfj:SAMEA4384070_0072	ko:K14238
sfj:SAMEA4384070_0079	ko:K19577
sfj:SAMEA4384070_0083	ko:K01497
sfj:SAMEA4384070_0084	ko:K20332
sfj:SAMEA4384070_0085	ko:K20333
sfj:SAMEA4384070_0088	ko:K18981
sfj:SAMEA4384070_0090	ko:K00059
sfj:SAMEA4384070_0091	ko:K02757
sfj:SAMEA4384070_0092	ko:K01223
sfj:SAMEA4384070_0094	ko:K23775
sfj:SAMEA4384070_0095	ko:K04063
sfj:SAMEA4384070_0096	ko:K12975
sfj:SAMEA4384070_0097	ko:K07686
sfj:SAMEA4384070_0098	ko:K07675
sfj:SAMEA4384070_0099	ko:K07783
sfj:SAMEA4384070_0100	ko:K14232
sfj:SAMEA4384070_0102	ko:K01183
sfj:SAMEA4384070_0103	ko:K12368
sfj:SAMEA4384070_0104	ko:K12369
sfj:SAMEA4384070_0105	ko:K12370
sfj:SAMEA4384070_0106	ko:K12371
sfj:SAMEA4384070_0107	ko:K12372
sfj:SAMEA4384070_0113	ko:K00694
sfj:SAMEA4384070_0114	ko:K20541
sfj:SAMEA4384070_0115	ko:K20542
sfj:SAMEA4384070_0116	ko:K20543
sfj:SAMEA4384070_0117	ko:K26149
sfj:SAMEA4384070_0118	ko:K11103
sfj:SAMEA4384070_0120	ko:K03769
sfj:SAMEA4384070_0121	ko:K03656
sfj:SAMEA4384070_0122	ko:K01524
sfj:SAMEA4384070_0123	ko:K03732
sfj:SAMEA4384070_0124	ko:K03671
sfj:SAMEA4384070_0125	ko:K03628
sfj:SAMEA4384070_0126	ko:K02851
sfj:SAMEA4384070_0127	ko:K05790
sfj:SAMEA4384070_0128	ko:K01791
sfj:SAMEA4384070_0129	ko:K02472
sfj:SAMEA4384070_0130	ko:K16704
sfj:SAMEA4384070_0131	ko:K02805
sfj:SAMEA4384070_0132	ko:K16693
sfj:SAMEA4384070_0133	ko:K12582
sfj:SAMEA4384070_0134	ko:K02853
sfj:SAMEA4384070_0135	ko:K02852
sfj:SAMEA4384070_0136	ko:K03293
sfj:SAMEA4384070_0137	ko:K14219
sfj:SAMEA4384070_0138	ko:K14226
sfj:SAMEA4384070_0139	ko:K14228
sfj:SAMEA4384070_0140	ko:K14232
sfj:SAMEA4384070_0144	ko:K02498
sfj:SAMEA4384070_0145	ko:K02496
sfj:SAMEA4384070_0146	ko:K01719
sfj:SAMEA4384070_0147	ko:K01749
sfj:SAMEA4384070_0148	ko:K05851
sfj:SAMEA4384070_0149	ko:K06202
sfj:SAMEA4384070_0151	ko:K01778
sfj:SAMEA4384070_0152	ko:K09921
sfj:SAMEA4384070_0153	ko:K03733
sfj:SAMEA4384070_0154	ko:K20862
sfj:SAMEA4384070_0155	ko:K03657
sfj:SAMEA4384070_0157	ko:K03284
sfj:SAMEA4384070_0158	ko:K07120
sfj:SAMEA4384070_0159	ko:K05786
sfj:SAMEA4384070_0160	ko:K01073
sfj:SAMEA4384070_0161	ko:K01058
sfj:SAMEA4384070_0162	ko:K03654
sfj:SAMEA4384070_0163	ko:K05835
sfj:SAMEA4384070_0164	ko:K05834
sfj:SAMEA4384070_0165	ko:K01048
sfj:SAMEA4384070_0166	ko:K28854
sfj:SAMEA4384070_0168	ko:K03366
sfj:SAMEA4384070_0169	ko:K17203
sfj:SAMEA4384070_0170	ko:K17204
sfj:SAMEA4384070_0172	ko:K17202
sfj:SAMEA4384070_0173	ko:K00864
sfj:SAMEA4384070_0175	ko:K00615
sfj:SAMEA4384070_0176	ko:K00615
sfj:SAMEA4384070_0177	ko:K01126
sfj:SAMEA4384070_0178	ko:K02445
sfj:SAMEA4384070_0179	ko:K00111
sfj:SAMEA4384070_0180	ko:K00112
sfj:SAMEA4384070_0181	ko:K00113
sfj:SAMEA4384070_0182	ko:K27311
sfj:SAMEA4384070_0184	ko:K09125
sfj:SAMEA4384070_0185	ko:K04085
sfj:SAMEA4384070_0186	ko:K01534
sfj:SAMEA4384070_0187	ko:K01406
sfj:SAMEA4384070_0191	ko:K08993
sfj:SAMEA4384070_0192	ko:K08316
sfj:SAMEA4384070_0193	ko:K03110
sfj:SAMEA4384070_0194	ko:K09812
sfj:SAMEA4384070_0195	ko:K09811
sfj:SAMEA4384070_0196	ko:K03089
sfj:SAMEA4384070_0201	ko:K01999
sfj:SAMEA4384070_0202	ko:K01997
sfj:SAMEA4384070_0203	ko:K01998
sfj:SAMEA4384070_0204	ko:K01995
sfj:SAMEA4384070_0205	ko:K01996
sfj:SAMEA4384070_0207	ko:K05813
sfj:SAMEA4384070_0208	ko:K05814
sfj:SAMEA4384070_0209	ko:K05815
sfj:SAMEA4384070_0210	ko:K05816
sfj:SAMEA4384070_0211	ko:K01126
sfj:SAMEA4384070_0212	ko:K13936
sfj:SAMEA4384070_0215	ko:K03576
sfj:SAMEA4384070_0216	ko:K00549
sfj:SAMEA4384070_0217	ko:K01061
sfj:SAMEA4384070_0218	ko:K00757
sfj:SAMEA4384070_0221	ko:K09760
sfj:SAMEA4384070_0222	ko:K03183
sfj:SAMEA4384070_0223	ko:K03690
sfj:SAMEA4384070_0224	ko:K03688
sfj:SAMEA4384070_0225	ko:K03116
sfj:SAMEA4384070_0226	ko:K03117
sfj:SAMEA4384070_0227	ko:K03118
sfj:SAMEA4384070_0228	ko:K03424
sfj:SAMEA4384070_0229	ko:K01698
sfj:SAMEA4384070_0230	ko:K05785
sfj:SAMEA4384070_0231	ko:K05995
sfj:SAMEA4384070_0232	ko:K03182
sfj:SAMEA4384070_0233	ko:K05368
sfj:SAMEA4384070_0234	ko:K00632
sfj:SAMEA4384070_0235	ko:K01825
sfj:SAMEA4384070_0236	ko:K07552
sfj:SAMEA4384070_0237	ko:K01271
sfj:SAMEA4384070_0239	ko:K03498
sfj:SAMEA4384070_0240	ko:K00230
sfj:SAMEA4384070_0241	ko:K01977
sfj:SAMEA4384070_0242	ko:K14224
sfj:SAMEA4384070_0244	ko:K01980
sfj:SAMEA4384070_0245	ko:K01985
sfj:SAMEA4384070_0246	ko:K00075
sfj:SAMEA4384070_0247	ko:K03524
sfj:SAMEA4384070_0248	ko:K00867
sfj:SAMEA4384070_0249	ko:K19113
sfj:SAMEA4384070_0250	ko:K14234
sfj:SAMEA4384070_0251	ko:K14236
sfj:SAMEA4384070_0252	ko:K14225
sfj:SAMEA4384070_0253	ko:K14234
sfj:SAMEA4384070_0254	ko:K02358
sfj:SAMEA4384070_0255	ko:K03073
sfj:SAMEA4384070_0256	ko:K02601
sfj:SAMEA4384070_0257	ko:K02867
sfj:SAMEA4384070_0258	ko:K02863
sfj:SAMEA4384070_0259	ko:K02864
sfj:SAMEA4384070_0261	ko:K03043
sfj:SAMEA4384070_0262	ko:K03046
sfj:SAMEA4384070_0268	ko:K03150
sfj:SAMEA4384070_0269	ko:K03149
sfj:SAMEA4384070_0270	ko:K03154
sfj:SAMEA4384070_0271	ko:K03148
sfj:SAMEA4384070_0272	ko:K00788
sfj:SAMEA4384070_0273	ko:K03147
sfj:SAMEA4384070_0275	ko:K07740
sfj:SAMEA4384070_0276	ko:K03426
sfj:SAMEA4384070_0277	ko:K01599
sfj:SAMEA4384070_0278	ko:K05982
sfj:SAMEA4384070_0279	ko:K09891
sfj:SAMEA4384070_0280	ko:K05787
sfj:SAMEA4384070_0282	ko:K01945
sfj:SAMEA4384070_0283	ko:K00602
sfj:SAMEA4384070_0284	ko:K01977
sfj:SAMEA4384070_0285	ko:K14227
sfj:SAMEA4384070_0286	ko:K14218
sfj:SAMEA4384070_0288	ko:K01980
sfj:SAMEA4384070_0289	ko:K01985
sfj:SAMEA4384070_0290	ko:K14393
sfj:SAMEA4384070_0292	ko:K01895
sfj:SAMEA4384070_0293	ko:K11102
sfj:SAMEA4384070_0294	ko:K02364
sfj:SAMEA4384070_0297	ko:K02014
sfj:SAMEA4384070_0300	ko:K19611
sfj:SAMEA4384070_0301	ko:K07214
sfj:SAMEA4384070_0302	ko:K05375
sfj:SAMEA4384070_0303	ko:K02364
sfj:SAMEA4384070_0304	ko:K08225
sfj:SAMEA4384070_0305	ko:K02361
sfj:SAMEA4384070_0306	ko:K02363
sfj:SAMEA4384070_0307	ko:K01252
sfj:SAMEA4384070_0309	ko:K08984
sfj:SAMEA4384070_0310	ko:K01673
sfj:SAMEA4384070_0317	ko:K12518
sfj:SAMEA4384070_0318	ko:K12519
sfj:SAMEA4384070_0326	ko:K21757
sfj:SAMEA4384070_0327	ko:K05548
sfj:SAMEA4384070_0331	ko:K14665
sfj:SAMEA4384070_0333	ko:K12055
sfj:SAMEA4384070_0334	ko:K02314
sfj:SAMEA4384070_0342	ko:K03169
sfj:SAMEA4384070_0345	ko:K03111
sfj:SAMEA4384070_0357	ko:K07448
sfj:SAMEA4384070_0359	ko:K12071
sfj:SAMEA4384070_0379	ko:K19577
sfj:SAMEA4384070_0380	ko:K03543
sfj:SAMEA4384070_0381	ko:K03446
sfj:SAMEA4384070_0385	ko:K10680
sfj:SAMEA4384070_0387	ko:K18100
sfj:SAMEA4384070_0388	ko:K06911
sfj:SAMEA4384070_0390	ko:K12972
sfj:SAMEA4384070_0391	ko:K06016
sfj:SAMEA4384070_0392	ko:K10218
sfj:SAMEA4384070_0397	ko:K11737
sfj:SAMEA4384070_0399	ko:K01750
sfj:SAMEA4384070_0409	ko:K18837
sfj:SAMEA4384070_0419	ko:K14231
sfj:SAMEA4384070_0421	ko:K04084
sfj:SAMEA4384070_0422	ko:K03926
sfj:SAMEA4384070_0423	ko:K07791
sfj:SAMEA4384070_0424	ko:K01744
sfj:SAMEA4384070_0425	ko:K07113
sfj:SAMEA4384070_0426	ko:K04078
sfj:SAMEA4384070_0427	ko:K04077
sfj:SAMEA4384070_0429	ko:K19810
sfj:SAMEA4384070_0430	ko:K02356
sfj:SAMEA4384070_0431	ko:K16348
sfj:SAMEA4384070_0432	ko:K11741
sfj:SAMEA4384070_0433	ko:K00247
sfj:SAMEA4384070_0434	ko:K00246
sfj:SAMEA4384070_0435	ko:K00245
sfj:SAMEA4384070_0436	ko:K00244
sfj:SAMEA4384070_0437	ko:K04568
sfj:SAMEA4384070_0438	ko:K22051
sfj:SAMEA4384070_0439	ko:K01613
sfj:SAMEA4384070_0440	ko:K06949
sfj:SAMEA4384070_0441	ko:K13288
sfj:SAMEA4384070_0442	ko:K14225
sfj:SAMEA4384070_0443	ko:K14225
sfj:SAMEA4384070_0444	ko:K14225
sfj:SAMEA4384070_0445	ko:K18979
sfj:SAMEA4384070_0446	ko:K23997
sfj:SAMEA4384070_0447	ko:K06925
sfj:SAMEA4384070_0448	ko:K01448
sfj:SAMEA4384070_0449	ko:K03572
sfj:SAMEA4384070_0450	ko:K00791
sfj:SAMEA4384070_0451	ko:K03666
sfj:SAMEA4384070_0452	ko:K03665
sfj:SAMEA4384070_0453	ko:K04088
sfj:SAMEA4384070_0454	ko:K04087
sfj:SAMEA4384070_0455	ko:K09937
sfj:SAMEA4384070_0456	ko:K01939
sfj:SAMEA4384070_0457	ko:K13771
sfj:SAMEA4384070_0458	ko:K12573
sfj:SAMEA4384070_0459	ko:K03218
sfj:SAMEA4384070_0460	ko:K09456
sfj:SAMEA4384070_0461	ko:K08989
sfj:SAMEA4384070_0464	ko:K06889
sfj:SAMEA4384070_0466	ko:K02990
sfj:SAMEA4384070_0467	ko:K02963
sfj:SAMEA4384070_0468	ko:K02939
sfj:SAMEA4384070_0470	ko:K07269
sfj:SAMEA4384070_0471	ko:K03773
sfj:SAMEA4384070_0472	ko:K01119
sfj:SAMEA4384070_0473	ko:K01082
sfj:SAMEA4384070_0474	ko:K07109
sfj:SAMEA4384070_0476	ko:K03699
sfj:SAMEA4384070_0477	ko:K07304
sfj:SAMEA4384070_0478	ko:K07278
sfj:SAMEA4384070_0479	ko:K09800
sfj:SAMEA4384070_0481	ko:K01507
sfj:SAMEA4384070_0482	ko:K05874
sfj:SAMEA4384070_0483	ko:K03841
sfj:SAMEA4384070_0484	ko:K02558
sfj:SAMEA4384070_0487	ko:K03402
sfj:SAMEA4384070_0488	ko:K00024
sfj:SAMEA4384070_0489	ko:K07724
sfj:SAMEA4384070_0491	ko:K02523
sfj:SAMEA4384070_0492	ko:K02888
sfj:SAMEA4384070_0493	ko:K02899
sfj:SAMEA4384070_0495	ko:K03979
sfj:SAMEA4384070_0496	ko:K07643
sfj:SAMEA4384070_0497	ko:K07771
sfj:SAMEA4384070_0498	ko:K07259
sfj:SAMEA4384070_0500	ko:K03624
sfj:SAMEA4384070_0501	ko:K07574
sfj:SAMEA4384070_0502	ko:K02427
sfj:SAMEA4384070_0503	ko:K03798
sfj:SAMEA4384070_0504	ko:K00796
sfj:SAMEA4384070_0505	ko:K03431
sfj:SAMEA4384070_0506	ko:K03075
sfj:SAMEA4384070_0507	ko:K14228
sfj:SAMEA4384070_0508	ko:K14230
sfj:SAMEA4384070_0510	ko:K09748
sfj:SAMEA4384070_0511	ko:K02600
sfj:SAMEA4384070_0512	ko:K02519
sfj:SAMEA4384070_0513	ko:K02834
sfj:SAMEA4384070_0514	ko:K03177
sfj:SAMEA4384070_0517	ko:K00962
sfj:SAMEA4384070_0518	ko:K05803
sfj:SAMEA4384070_0519	ko:K05592
sfj:SAMEA4384070_0520	ko:K07112
sfj:SAMEA4384070_0525	ko:K01993
sfj:SAMEA4384070_0526	ko:K01992
sfj:SAMEA4384070_0527	ko:K01992
sfj:SAMEA4384070_0528	ko:K19734
sfj:SAMEA4384070_0529	ko:K22956
sfj:SAMEA4384070_0530	ko:K24845
sfj:SAMEA4384070_0531	ko:K24844
sfj:SAMEA4384070_0532	ko:K24843
sfj:SAMEA4384070_0533	ko:K03824
sfj:SAMEA4384070_0534	ko:K07461
sfj:SAMEA4384070_0535	ko:K09979
sfj:SAMEA4384070_0537	ko:K06167
sfj:SAMEA4384070_0539	ko:K05774
sfj:SAMEA4384070_0540	ko:K06162
sfj:SAMEA4384070_0541	ko:K05780
sfj:SAMEA4384070_0542	ko:K05781
sfj:SAMEA4384070_0543	ko:K06163
sfj:SAMEA4384070_0544	ko:K06164
sfj:SAMEA4384070_0545	ko:K06165
sfj:SAMEA4384070_0546	ko:K06166
sfj:SAMEA4384070_0547	ko:K02043
sfj:SAMEA4384070_0548	ko:K07089
sfj:SAMEA4384070_0551	ko:K04068
sfj:SAMEA4384070_0552	ko:K21636
sfj:SAMEA4384070_0555	ko:K01226
sfj:SAMEA4384070_0556	ko:K02819
sfj:SAMEA4384070_0557	ko:K03485
sfj:SAMEA4384070_0558	ko:K01531
sfj:SAMEA4384070_0559	ko:K12373
sfj:SAMEA4384070_0560	ko:K07395
sfj:SAMEA4384070_0564	ko:K09022
sfj:SAMEA4384070_0566	ko:K00610
sfj:SAMEA4384070_0567	ko:K00609
sfj:SAMEA4384070_0568	ko:K02035
sfj:SAMEA4384070_0569	ko:K00611
sfj:SAMEA4384070_0570	ko:K09893
sfj:SAMEA4384070_0571	ko:K06169
sfj:SAMEA4384070_0573	ko:K03828
sfj:SAMEA4384070_0574	ko:K01873
sfj:SAMEA4384070_0575	ko:K02339
sfj:SAMEA4384070_0576	ko:K01255
sfj:SAMEA4384070_0577	ko:K07091
sfj:SAMEA4384070_0578	ko:K11720
sfj:SAMEA4384070_0579	ko:K14228
sfj:SAMEA4384070_0586	ko:K15773
sfj:SAMEA4384070_0587	ko:K07154
sfj:SAMEA4384070_0588	ko:K00558
sfj:SAMEA4384070_0597	ko:K01223
sfj:SAMEA4384070_0598	ko:K02753
sfj:SAMEA4384070_0599	ko:K03487
sfj:SAMEA4384070_0604	ko:K23676
sfj:SAMEA4384070_0605	ko:K17228
sfj:SAMEA4384070_0606	ko:K00697
sfj:SAMEA4384070_0608	ko:K09470
sfj:SAMEA4384070_0614	ko:K17737
sfj:SAMEA4384070_0615	ko:K01028
sfj:SAMEA4384070_0616	ko:K01029
sfj:SAMEA4384070_0617	ko:K00626
sfj:SAMEA4384070_0618	ko:K00074
sfj:SAMEA4384070_0620	ko:K00019
sfj:SAMEA4384070_0625	ko:K05804
sfj:SAMEA4384070_0626	ko:K19236
sfj:SAMEA4384070_0628	ko:K07726
sfj:SAMEA4384070_0629	ko:K03559
sfj:SAMEA4384070_0630	ko:K03832
sfj:SAMEA4384070_0631	ko:K02014
sfj:SAMEA4384070_0632	ko:K03561
sfj:SAMEA4384070_0636	ko:K00140
sfj:SAMEA4384070_0637	ko:K00822
sfj:SAMEA4384070_0638	ko:K21699
sfj:SAMEA4384070_0642	ko:K09471
sfj:SAMEA4384070_0643	ko:K06995
sfj:SAMEA4384070_0650	ko:K00059
sfj:SAMEA4384070_0652	ko:K05921
sfj:SAMEA4384070_0653	ko:K05921
sfj:SAMEA4384070_0654	ko:K00151
sfj:SAMEA4384070_0656	ko:K01826
sfj:SAMEA4384070_0657	ko:K02509
sfj:SAMEA4384070_0658	ko:K02510
sfj:SAMEA4384070_0659	ko:K02511
sfj:SAMEA4384070_0660	ko:K02508
sfj:SAMEA4384070_0661	ko:K00483
sfj:SAMEA4384070_0662	ko:K00484
sfj:SAMEA4384070_0663	ko:K18988
sfj:SAMEA4384070_0665	ko:K18335
sfj:SAMEA4384070_0666	ko:K18336
sfj:SAMEA4384070_0667	ko:K18334
sfj:SAMEA4384070_0668	ko:K07046
sfj:SAMEA4384070_0669	ko:K18333
sfj:SAMEA4384070_0670	ko:K29028
sfj:SAMEA4384070_0671	ko:K02429
sfj:SAMEA4384070_0674	ko:K14228
sfj:SAMEA4384070_0675	ko:K14228
sfj:SAMEA4384070_0676	ko:K14228
sfj:SAMEA4384070_0677	ko:K18900
sfj:SAMEA4384070_0679	ko:K00564
sfj:SAMEA4384070_0680	ko:K02344
sfj:SAMEA4384070_0681	ko:K03789
sfj:SAMEA4384070_0682	ko:K02837
sfj:SAMEA4384070_0683	ko:K04065
sfj:SAMEA4384070_0687	ko:K03424
sfj:SAMEA4384070_0688	ko:K03317
sfj:SAMEA4384070_0689	ko:K01619
sfj:SAMEA4384070_0690	ko:K00758
sfj:SAMEA4384070_0691	ko:K01839
sfj:SAMEA4384070_0692	ko:K03784
sfj:SAMEA4384070_0693	ko:K07186
sfj:SAMEA4384070_0694	ko:K01079
sfj:SAMEA4384070_0695	ko:K04485
sfj:SAMEA4384070_0696	ko:K06211
sfj:SAMEA4384070_0699	ko:K06020
sfj:SAMEA4384070_0701	ko:K21021
sfj:SAMEA4384070_0703	ko:K08309
sfj:SAMEA4384070_0704	ko:K03720
sfj:SAMEA4384070_0705	ko:K01529
sfj:SAMEA4384070_0706	ko:K15634
sfj:SAMEA4384070_0707	ko:K05804
sfj:SAMEA4384070_0708	ko:K05805
sfj:SAMEA4384070_0709	ko:K07773
sfj:SAMEA4384070_0710	ko:K02533
sfj:SAMEA4384070_0712	ko:K12524
sfj:SAMEA4384070_0713	ko:K00872
sfj:SAMEA4384070_0714	ko:K01733
sfj:SAMEA4384070_0715	ko:K09861
sfj:SAMEA4384070_0716	ko:K03310
sfj:SAMEA4384070_0717	ko:K00616
sfj:SAMEA4384070_0718	ko:K03831
sfj:SAMEA4384070_0719	ko:K03762
sfj:SAMEA4384070_0720	ko:K07034
sfj:SAMEA4384070_0721	ko:K04043
sfj:SAMEA4384070_0723	ko:K03313
sfj:SAMEA4384070_0724	ko:K03717
sfj:SAMEA4384070_0725	ko:K11753
sfj:SAMEA4384070_0726	ko:K01870
sfj:SAMEA4384070_0727	ko:K03101
sfj:SAMEA4384070_0728	ko:K03774
sfj:SAMEA4384070_0729	ko:K03527
sfj:SAMEA4384070_0731	ko:K22952
sfj:SAMEA4384070_0732	ko:K22874
sfj:SAMEA4384070_0734	ko:K00215
sfj:SAMEA4384070_0735	ko:K01956
sfj:SAMEA4384070_0736	ko:K01955
sfj:SAMEA4384070_0737	ko:K11746
sfj:SAMEA4384070_0738	ko:K11745
sfj:SAMEA4384070_0739	ko:K05835
sfj:SAMEA4384070_0742	ko:K00287
sfj:SAMEA4384070_0743	ko:K07093
sfj:SAMEA4384070_0744	ko:K01525
sfj:SAMEA4384070_0745	ko:K06195
sfj:SAMEA4384070_0746	ko:K02528
sfj:SAMEA4384070_0747	ko:K00097
sfj:SAMEA4384070_0748	ko:K03771
sfj:SAMEA4384070_0749	ko:K04744
sfj:SAMEA4384070_0750	ko:K05801
sfj:SAMEA4384070_0751	ko:K06177
sfj:SAMEA4384070_0752	ko:K03580
sfj:SAMEA4384070_0753	ko:K02336
sfj:SAMEA4384070_0755	ko:K01653
sfj:SAMEA4384070_0756	ko:K01652
sfj:SAMEA4384070_0757	ko:K02062
sfj:SAMEA4384070_0758	ko:K02063
sfj:SAMEA4384070_0759	ko:K02064
sfj:SAMEA4384070_0761	ko:K11925
sfj:SAMEA4384070_0763	ko:K03291
sfj:SAMEA4384070_0764	ko:K03319
sfj:SAMEA4384070_0765	ko:K01704
sfj:SAMEA4384070_0766	ko:K01703
sfj:SAMEA4384070_0767	ko:K00052
sfj:SAMEA4384070_0768	ko:K01649
sfj:SAMEA4384070_0770	ko:K05798
sfj:SAMEA4384070_0771	ko:K01897
sfj:SAMEA4384070_0772	ko:K01652
sfj:SAMEA4384070_0773	ko:K01653
sfj:SAMEA4384070_0774	ko:K03435
sfj:SAMEA4384070_0775	ko:K28156
sfj:SAMEA4384070_0776	ko:K03925
sfj:SAMEA4384070_0777	ko:K03438
sfj:SAMEA4384070_0778	ko:K03586
sfj:SAMEA4384070_0779	ko:K03587
sfj:SAMEA4384070_0780	ko:K01928
sfj:SAMEA4384070_0781	ko:K01929
sfj:SAMEA4384070_0782	ko:K01000
sfj:SAMEA4384070_0783	ko:K01925
sfj:SAMEA4384070_0784	ko:K03588
sfj:SAMEA4384070_0785	ko:K02563
sfj:SAMEA4384070_0786	ko:K01924
sfj:SAMEA4384070_0787	ko:K01921
sfj:SAMEA4384070_0788	ko:K03589
sfj:SAMEA4384070_0789	ko:K03590
sfj:SAMEA4384070_0790	ko:K03531
sfj:SAMEA4384070_0791	ko:K02535
sfj:SAMEA4384070_0793	ko:K13301
sfj:SAMEA4384070_0794	ko:K03070
sfj:SAMEA4384070_0795	ko:K03574
sfj:SAMEA4384070_0796	ko:K09862
sfj:SAMEA4384070_0797	ko:K18778
sfj:SAMEA4384070_0798	ko:K00859
sfj:SAMEA4384070_0799	ko:K00364
sfj:SAMEA4384070_0800	ko:K02505
sfj:SAMEA4384070_0801	ko:K02504
sfj:SAMEA4384070_0802	ko:K02682
sfj:SAMEA4384070_0803	ko:K00767
sfj:SAMEA4384070_0804	ko:K03806
sfj:SAMEA4384070_0805	ko:K03807
sfj:SAMEA4384070_0806	ko:K01845
sfj:SAMEA4384070_0807	ko:K03281
sfj:SAMEA4384070_0808	ko:K15724
sfj:SAMEA4384070_0810	ko:K06858
sfj:SAMEA4384070_0811	ko:K01243
sfj:SAMEA4384070_0812	ko:K01129
sfj:SAMEA4384070_0813	ko:K04771
sfj:SAMEA4384070_0814	ko:K02647
sfj:SAMEA4384070_0815	ko:K01708
sfj:SAMEA4384070_0816	ko:K03535
sfj:SAMEA4384070_0817	ko:K13918
sfj:SAMEA4384070_0818	ko:K01706
sfj:SAMEA4384070_0819	ko:K01630
sfj:SAMEA4384070_0820	ko:K00042
sfj:SAMEA4384070_0821	ko:K00865
sfj:SAMEA4384070_0822	ko:K07678
sfj:SAMEA4384070_0823	ko:K03215
sfj:SAMEA4384070_0824	ko:K00951
sfj:SAMEA4384070_0825	ko:K04765
sfj:SAMEA4384070_0826	ko:K01937
sfj:SAMEA4384070_0827	ko:K01689
sfj:SAMEA4384070_0828	ko:K17218
sfj:SAMEA4384070_0830	ko:K01761
sfj:SAMEA4384070_0831	ko:K01745
sfj:SAMEA4384070_0832	ko:K02000
sfj:SAMEA4384070_0833	ko:K02001
sfj:SAMEA4384070_0834	ko:K02002
sfj:SAMEA4384070_0835	ko:K16234
sfj:SAMEA4384070_0836	ko:K01745
sfj:SAMEA4384070_0837	ko:K01712
sfj:SAMEA4384070_0838	ko:K08195
sfj:SAMEA4384070_0839	ko:K10026
sfj:SAMEA4384070_0840	ko:K01737
sfj:SAMEA4384070_0841	ko:K00380
sfj:SAMEA4384070_0842	ko:K00381
sfj:SAMEA4384070_0843	ko:K00390
sfj:SAMEA4384070_0844	ko:K09612
sfj:SAMEA4384070_0845	ko:K02302
sfj:SAMEA4384070_0846	ko:K00957
sfj:SAMEA4384070_0847	ko:K00956
sfj:SAMEA4384070_0848	ko:K00860
sfj:SAMEA4384070_0850	ko:K02028
sfj:SAMEA4384070_0851	ko:K02029
sfj:SAMEA4384070_0852	ko:K02030
sfj:SAMEA4384070_0853	ko:K05589
sfj:SAMEA4384070_0854	ko:K00991
sfj:SAMEA4384070_0855	ko:K01770
sfj:SAMEA4384070_0856	ko:K06176
sfj:SAMEA4384070_0857	ko:K03787
sfj:SAMEA4384070_0858	ko:K00573
sfj:SAMEA4384070_0859	ko:K06194
sfj:SAMEA4384070_0860	ko:K03087
sfj:SAMEA4384070_0861	ko:K03555
sfj:SAMEA4384070_0866	ko:K11904
sfj:SAMEA4384070_0868	ko:K02760
sfj:SAMEA4384070_0869	ko:K02761
sfj:SAMEA4384070_0870	ko:K01223
sfj:SAMEA4384070_0871	ko:K03490
sfj:SAMEA4384070_0872	ko:K03478
sfj:SAMEA4384070_0874	ko:K03743
sfj:SAMEA4384070_0875	ko:K03553
sfj:SAMEA4384070_0876	ko:K03565
sfj:SAMEA4384070_0877	ko:K01872
sfj:SAMEA4384070_0878	ko:K03563
sfj:SAMEA4384070_0879	ko:K14233
sfj:SAMEA4384070_0880	ko:K14219
sfj:SAMEA4384070_0881	ko:K14219
sfj:SAMEA4384070_0882	ko:K14219
sfj:SAMEA4384070_0886	ko:K01919
sfj:SAMEA4384070_0888	ko:K07173
sfj:SAMEA4384070_0890	ko:K07497
sfj:SAMEA4384070_0891	ko:K03699
sfj:SAMEA4384070_0893	ko:K03106
sfj:SAMEA4384070_0894	ko:K02959
sfj:SAMEA4384070_0895	ko:K02860
sfj:SAMEA4384070_0896	ko:K00554
sfj:SAMEA4384070_0897	ko:K02884
sfj:SAMEA4384070_0899	ko:K01185
sfj:SAMEA4384070_0901	ko:K07283
sfj:SAMEA4384070_0902	ko:K01626
sfj:SAMEA4384070_0903	ko:K14187
sfj:SAMEA4384070_0904	ko:K14170
sfj:SAMEA4384070_0906	ko:K05809
sfj:SAMEA4384070_0907	ko:K05807
sfj:SAMEA4384070_0908	ko:K06180
sfj:SAMEA4384070_0909	ko:K05810
sfj:SAMEA4384070_0910	ko:K03695
sfj:SAMEA4384070_0911	ko:K01977
sfj:SAMEA4384070_0912	ko:K14224
sfj:SAMEA4384070_0914	ko:K01980
sfj:SAMEA4384070_0915	ko:K01985
sfj:SAMEA4384070_0916	ko:K14221
sfj:SAMEA4384070_0920	ko:K02078
sfj:SAMEA4384070_0921	ko:K02078
sfj:SAMEA4384070_0926	ko:K07107
sfj:SAMEA4384070_0930	ko:K00647
sfj:SAMEA4384070_0932	ko:K00059
sfj:SAMEA4384070_0933	ko:K09458
sfj:SAMEA4384070_0934	ko:K06222
sfj:SAMEA4384070_0936	ko:K19577
sfj:SAMEA4384070_0938	ko:K07497
sfj:SAMEA4384070_0940	ko:K08307
sfj:SAMEA4384070_0941	ko:K01069
sfj:SAMEA4384070_0943	ko:K03469
sfj:SAMEA4384070_0944	ko:K02342
sfj:SAMEA4384070_0945	ko:K14221
sfj:SAMEA4384070_0946	ko:K03457
sfj:SAMEA4384070_0948	ko:K16841
sfj:SAMEA4384070_0949	ko:K16842
sfj:SAMEA4384070_0950	ko:K02014
sfj:SAMEA4384070_0951	ko:K03897
sfj:SAMEA4384070_0952	ko:K03895
sfj:SAMEA4384070_0953	ko:K03896
sfj:SAMEA4384070_0954	ko:K03894
sfj:SAMEA4384070_0958	ko:K22601
sfj:SAMEA4384070_0960	ko:K22602
sfj:SAMEA4384070_0962	ko:K02030
sfj:SAMEA4384070_0963	ko:K02029
sfj:SAMEA4384070_0964	ko:K02029
sfj:SAMEA4384070_0965	ko:K02028
sfj:SAMEA4384070_0966	ko:K00839
sfj:SAMEA4384070_0967	ko:K02083
sfj:SAMEA4384070_0968	ko:K16840
sfj:SAMEA4384070_0969	ko:K07127
sfj:SAMEA4384070_0970	ko:K24206
sfj:SAMEA4384070_0971	ko:K13566
sfj:SAMEA4384070_0972	ko:K14287
sfj:SAMEA4384070_0973	ko:K08964
sfj:SAMEA4384070_0974	ko:K09880
sfj:SAMEA4384070_0975	ko:K08967
sfj:SAMEA4384070_0976	ko:K08963
sfj:SAMEA4384070_0977	ko:K00899
sfj:SAMEA4384070_0978	ko:K06445
sfj:SAMEA4384070_0979	ko:K03271
sfj:SAMEA4384070_0981	ko:K28919
sfj:SAMEA4384070_0982	ko:K00346
sfj:SAMEA4384070_0983	ko:K00347
sfj:SAMEA4384070_0984	ko:K00348
sfj:SAMEA4384070_0985	ko:K00349
sfj:SAMEA4384070_0986	ko:K00350
sfj:SAMEA4384070_0987	ko:K00351
sfj:SAMEA4384070_0988	ko:K03734
sfj:SAMEA4384070_0989	ko:K05952
sfj:SAMEA4384070_0992	ko:K02346
sfj:SAMEA4384070_0993	ko:K01270
sfj:SAMEA4384070_0994	ko:K00769
sfj:SAMEA4384070_0995	ko:K11750
sfj:SAMEA4384070_0996	ko:K11926
sfj:SAMEA4384070_0997	ko:K00931
sfj:SAMEA4384070_0998	ko:K00147
sfj:SAMEA4384070_1000	ko:K07724
sfj:SAMEA4384070_1001	ko:K14234
sfj:SAMEA4384070_1005	ko:K07448
sfj:SAMEA4384070_1007	ko:K09912
sfj:SAMEA4384070_1008	ko:K06177
sfj:SAMEA4384070_1011	ko:K06889
sfj:SAMEA4384070_1013	ko:K12262
sfj:SAMEA4384070_1014	ko:K12368
sfj:SAMEA4384070_1020	ko:K00355
sfj:SAMEA4384070_1023	ko:K03673
sfj:SAMEA4384070_1025	ko:K14063
sfj:SAMEA4384070_1026	ko:K00146
sfj:SAMEA4384070_1027	ko:K11250
sfj:SAMEA4384070_1028	ko:K16868
sfj:SAMEA4384070_1031	ko:K12973
sfj:SAMEA4384070_1033	ko:K09712
sfj:SAMEA4384070_1036	ko:K06911
sfj:SAMEA4384070_1038	ko:K07504
sfj:SAMEA4384070_1043	ko:K09945
sfj:SAMEA4384070_1046	ko:K06188
sfj:SAMEA4384070_1052	ko:K02016
sfj:SAMEA4384070_1053	ko:K02014
sfj:SAMEA4384070_1055	ko:K00891
sfj:SAMEA4384070_1057	ko:K16137
sfj:SAMEA4384070_1061	ko:K09913
sfj:SAMEA4384070_1062	ko:K03554
sfj:SAMEA4384070_1064	ko:K10441
sfj:SAMEA4384070_1065	ko:K10440
sfj:SAMEA4384070_1066	ko:K10439
sfj:SAMEA4384070_1067	ko:K09988
sfj:SAMEA4384070_1069	ko:K00847
sfj:SAMEA4384070_1070	ko:K03488
sfj:SAMEA4384070_1071	ko:K16238
sfj:SAMEA4384070_1075	ko:K03546
sfj:SAMEA4384070_1076	ko:K03547
sfj:SAMEA4384070_1077	ko:K07657
sfj:SAMEA4384070_1078	ko:K07636
sfj:SAMEA4384070_1079	ko:K02040
sfj:SAMEA4384070_1081	ko:K03311
sfj:SAMEA4384070_1082	ko:K11736
sfj:SAMEA4384070_1084	ko:K16053
sfj:SAMEA4384070_1085	ko:K01187
sfj:SAMEA4384070_1086	ko:K00681
sfj:SAMEA4384070_1087	ko:K03386
sfj:SAMEA4384070_1088	ko:K08682
sfj:SAMEA4384070_1089	ko:K07568
sfj:SAMEA4384070_1090	ko:K00773
sfj:SAMEA4384070_1091	ko:K03210
sfj:SAMEA4384070_1092	ko:K03072
sfj:SAMEA4384070_1093	ko:K03074
sfj:SAMEA4384070_1095	ko:K07738
sfj:SAMEA4384070_1096	ko:K11752
sfj:SAMEA4384070_1097	ko:K00794
sfj:SAMEA4384070_1098	ko:K03625
sfj:SAMEA4384070_1099	ko:K00946
sfj:SAMEA4384070_1100	ko:K01095
sfj:SAMEA4384070_1101	ko:K23107
sfj:SAMEA4384070_1102	ko:K01662
sfj:SAMEA4384070_1103	ko:K00795
sfj:SAMEA4384070_1104	ko:K03602
sfj:SAMEA4384070_1105	ko:K03151
sfj:SAMEA4384070_1106	ko:K03152
sfj:SAMEA4384070_1107	ko:K00077
sfj:SAMEA4384070_1108	ko:K09767
sfj:SAMEA4384070_1110	ko:K02257
sfj:SAMEA4384070_1111	ko:K02300
sfj:SAMEA4384070_1112	ko:K02299
sfj:SAMEA4384070_1113	ko:K02298
sfj:SAMEA4384070_1114	ko:K02297
sfj:SAMEA4384070_1115	ko:K08218
sfj:SAMEA4384070_1116	ko:K07286
sfj:SAMEA4384070_1117	ko:K05527
sfj:SAMEA4384070_1119	ko:K03545
sfj:SAMEA4384070_1120	ko:K01358
sfj:SAMEA4384070_1121	ko:K03544
sfj:SAMEA4384070_1123	ko:K01338
sfj:SAMEA4384070_1124	ko:K03770
sfj:SAMEA4384070_1125	ko:K02237
sfj:SAMEA4384070_1126	ko:K12500
sfj:SAMEA4384070_1127	ko:K06920
sfj:SAMEA4384070_1129	ko:K11938
sfj:SAMEA4384070_1130	ko:K28981
sfj:SAMEA4384070_1131	ko:K05800
sfj:SAMEA4384070_1132	ko:K18889
sfj:SAMEA4384070_1133	ko:K18890
sfj:SAMEA4384070_1134	ko:K04752
sfj:SAMEA4384070_1135	ko:K03320
sfj:SAMEA4384070_1136	ko:K10805
sfj:SAMEA4384070_1137	ko:K09914
sfj:SAMEA4384070_1138	ko:K07443
sfj:SAMEA4384070_1141	ko:K06901
sfj:SAMEA4384070_1142	ko:K01486
sfj:SAMEA4384070_1144	ko:K05839
sfj:SAMEA4384070_1145	ko:K19162
sfj:SAMEA4384070_1147	ko:K02074
sfj:SAMEA4384070_1148	ko:K02075
sfj:SAMEA4384070_1149	ko:K02077
sfj:SAMEA4384070_1150	ko:K02919
sfj:SAMEA4384070_1151	ko:K02909
sfj:SAMEA4384070_1152	ko:K07497
sfj:SAMEA4384070_1154	ko:K18138
sfj:SAMEA4384070_1155	ko:K03585
sfj:SAMEA4384070_1156	ko:K03577
sfj:SAMEA4384070_1157	ko:K06039
sfj:SAMEA4384070_1159	ko:K04067
sfj:SAMEA4384070_1160	ko:K09790
sfj:SAMEA4384070_1161	ko:K00759
sfj:SAMEA4384070_1163	ko:K09747
sfj:SAMEA4384070_1164	ko:K06187
sfj:SAMEA4384070_1165	ko:K04079
sfj:SAMEA4384070_1166	ko:K00939
sfj:SAMEA4384070_1167	ko:K02647
sfj:SAMEA4384070_1168	ko:K03299
sfj:SAMEA4384070_1169	ko:K00865
sfj:SAMEA4384070_1170	ko:K01772
sfj:SAMEA4384070_1171	ko:K00892
sfj:SAMEA4384070_1172	ko:K26735
sfj:SAMEA4384070_1173	ko:K08223
sfj:SAMEA4384070_1174	ko:K11751
sfj:SAMEA4384070_1175	ko:K07259
sfj:SAMEA4384070_1176	ko:K03976
sfj:SAMEA4384070_1178	ko:K17686
sfj:SAMEA4384070_1179	ko:K06867
sfj:SAMEA4384070_1181	ko:K19591
sfj:SAMEA4384070_1182	ko:K07340
sfj:SAMEA4384070_1184	ko:K00574
sfj:SAMEA4384070_1185	ko:K05838
sfj:SAMEA4384070_1187	ko:K10804
sfj:SAMEA4384070_1188	ko:K02003
sfj:SAMEA4384070_1189	ko:K02004
sfj:SAMEA4384070_1190	ko:K08137
sfj:SAMEA4384070_1191	ko:K01589
sfj:SAMEA4384070_1192	ko:K01588
sfj:SAMEA4384070_1193	ko:K03269
sfj:SAMEA4384070_1194	ko:K03768
sfj:SAMEA4384070_1195	ko:K01883
sfj:SAMEA4384070_1196	ko:K14761
sfj:SAMEA4384070_1197	ko:K01491
sfj:SAMEA4384070_1199	ko:K14219
sfj:SAMEA4384070_1203	ko:K07741
sfj:SAMEA4384070_1207	ko:K06919
sfj:SAMEA4384070_1227	ko:K03809
sfj:SAMEA4384070_1231	ko:K02028
sfj:SAMEA4384070_1232	ko:K02029
sfj:SAMEA4384070_1234	ko:K28525
sfj:SAMEA4384070_1237	ko:K07552
sfj:SAMEA4384070_1240	ko:K06199
sfj:SAMEA4384070_1243	ko:K03425
sfj:SAMEA4384070_1244	ko:K03644
sfj:SAMEA4384070_1245	ko:K03801
sfj:SAMEA4384070_1246	ko:K09158
sfj:SAMEA4384070_1247	ko:K07258
sfj:SAMEA4384070_1248	ko:K03642
sfj:SAMEA4384070_1249	ko:K05837
sfj:SAMEA4384070_1250	ko:K05515
sfj:SAMEA4384070_1251	ko:K00783
sfj:SAMEA4384070_1252	ko:K09710
sfj:SAMEA4384070_1253	ko:K00969
sfj:SAMEA4384070_1254	ko:K02340
sfj:SAMEA4384070_1255	ko:K03643
sfj:SAMEA4384070_1256	ko:K01869
sfj:SAMEA4384070_1258	ko:K01118
sfj:SAMEA4384070_1259	ko:K01250
sfj:SAMEA4384070_1260	ko:K10004
sfj:SAMEA4384070_1261	ko:K10002
sfj:SAMEA4384070_1262	ko:K10003
sfj:SAMEA4384070_1263	ko:K10001
sfj:SAMEA4384070_1264	ko:K03820
sfj:SAMEA4384070_1265	ko:K06189
sfj:SAMEA4384070_1266	ko:K07042
sfj:SAMEA4384070_1267	ko:K06217
sfj:SAMEA4384070_1268	ko:K06193
sfj:SAMEA4384070_1269	ko:K06168
sfj:SAMEA4384070_1270	ko:K03184
sfj:SAMEA4384070_1271	ko:K14223
sfj:SAMEA4384070_1272	ko:K14230
sfj:SAMEA4384070_1273	ko:K14223
sfj:SAMEA4384070_1274	ko:K14223
sfj:SAMEA4384070_1275	ko:K14228
sfj:SAMEA4384070_1276	ko:K14230
sfj:SAMEA4384070_1277	ko:K01953
sfj:SAMEA4384070_1278	ko:K01183
sfj:SAMEA4384070_1279	ko:K02566
sfj:SAMEA4384070_1280	ko:K02565
sfj:SAMEA4384070_1281	ko:K01443
sfj:SAMEA4384070_1282	ko:K02564
sfj:SAMEA4384070_1283	ko:K02804
sfj:SAMEA4384070_1284	ko:K01886
sfj:SAMEA4384070_1287	ko:K12373
sfj:SAMEA4384070_1288	ko:K03711
sfj:SAMEA4384070_1289	ko:K03839
sfj:SAMEA4384070_1291	ko:K01175
sfj:SAMEA4384070_1292	ko:K03645
sfj:SAMEA4384070_1293	ko:K01835
sfj:SAMEA4384070_1296	ko:K07667
sfj:SAMEA4384070_1297	ko:K07646
sfj:SAMEA4384070_1298	ko:K01548
sfj:SAMEA4384070_1299	ko:K01547
sfj:SAMEA4384070_1300	ko:K01546
sfj:SAMEA4384070_1302	ko:K01669
sfj:SAMEA4384070_1303	ko:K01120
sfj:SAMEA4384070_1305	ko:K23123
sfj:SAMEA4384070_1306	ko:K23124
sfj:SAMEA4384070_1307	ko:K07160
sfj:SAMEA4384070_1310	ko:K01304
sfj:SAMEA4384070_1311	ko:K05522
sfj:SAMEA4384070_1312	ko:K01647
sfj:SAMEA4384070_1313	ko:K00241
sfj:SAMEA4384070_1314	ko:K00242
sfj:SAMEA4384070_1315	ko:K00239
sfj:SAMEA4384070_1316	ko:K00240
sfj:SAMEA4384070_1317	ko:K00164
sfj:SAMEA4384070_1318	ko:K00658
sfj:SAMEA4384070_1319	ko:K01903
sfj:SAMEA4384070_1320	ko:K01902
sfj:SAMEA4384070_1321	ko:K01119
sfj:SAMEA4384070_1322	ko:K00425
sfj:SAMEA4384070_1323	ko:K00426
sfj:SAMEA4384070_1324	ko:K00424
sfj:SAMEA4384070_1326	ko:K07107
sfj:SAMEA4384070_1327	ko:K03562
sfj:SAMEA4384070_1328	ko:K03560
sfj:SAMEA4384070_1329	ko:K03646
sfj:SAMEA4384070_1330	ko:K03641
sfj:SAMEA4384070_1331	ko:K03640
sfj:SAMEA4384070_1333	ko:K14229
sfj:SAMEA4384070_1334	ko:K14237
sfj:SAMEA4384070_1335	ko:K14229
sfj:SAMEA4384070_1337	ko:K14229
sfj:SAMEA4384070_1338	ko:K14229
sfj:SAMEA4384070_1340	ko:K03517
sfj:SAMEA4384070_1341	ko:K03811
sfj:SAMEA4384070_1342	ko:K16264
sfj:SAMEA4384070_1343	ko:K07679
sfj:SAMEA4384070_1344	ko:K07688
sfj:SAMEA4384070_1345	ko:K01626
sfj:SAMEA4384070_1346	ko:K01834
sfj:SAMEA4384070_1348	ko:K01785
sfj:SAMEA4384070_1349	ko:K00849
sfj:SAMEA4384070_1350	ko:K00965
sfj:SAMEA4384070_1351	ko:K07052
sfj:SAMEA4384070_1353	ko:K05776
sfj:SAMEA4384070_1354	ko:K02019
sfj:SAMEA4384070_1355	ko:K25859
sfj:SAMEA4384070_1356	ko:K02020
sfj:SAMEA4384070_1357	ko:K02018
sfj:SAMEA4384070_1358	ko:K02017
sfj:SAMEA4384070_1359	ko:K28853
sfj:SAMEA4384070_1360	ko:K07404
sfj:SAMEA4384070_1365	ko:K00833
sfj:SAMEA4384070_1366	ko:K01012
sfj:SAMEA4384070_1367	ko:K00652
sfj:SAMEA4384070_1368	ko:K02169
sfj:SAMEA4384070_1369	ko:K01935
sfj:SAMEA4384070_1370	ko:K11963
sfj:SAMEA4384070_1371	ko:K03702
sfj:SAMEA4384070_1375	ko:K03638
sfj:SAMEA4384070_1376	ko:K03637
sfj:SAMEA4384070_1377	ko:K03636
sfj:SAMEA4384070_1378	ko:K03635
sfj:SAMEA4384070_1379	ko:K06890
sfj:SAMEA4384070_1386	ko:K25180
sfj:SAMEA4384070_1387	ko:K25181
sfj:SAMEA4384070_1388	ko:K25182
sfj:SAMEA4384070_1389	ko:K25183
sfj:SAMEA4384070_1390	ko:K23777
sfj:SAMEA4384070_1391	ko:K11927
sfj:SAMEA4384070_1392	ko:K03543
sfj:SAMEA4384070_1393	ko:K03446
sfj:SAMEA4384070_1397	ko:K05541
sfj:SAMEA4384070_1399	ko:K00675
sfj:SAMEA4384070_1401	ko:K03566
sfj:SAMEA4384070_1403	ko:K11738
sfj:SAMEA4384070_1406	ko:K05835
sfj:SAMEA4384070_1408	ko:K18199
sfj:SAMEA4384070_1410	ko:K01251
sfj:SAMEA4384070_1411	ko:K07262
sfj:SAMEA4384070_1414	ko:K14987
sfj:SAMEA4384070_1416	ko:K09781
sfj:SAMEA4384070_1420	ko:K02073
sfj:SAMEA4384070_1426	ko:K03777
sfj:SAMEA4384070_1427	ko:K01265
sfj:SAMEA4384070_1429	ko:K01921
sfj:SAMEA4384070_1430	ko:K10013
sfj:SAMEA4384070_1431	ko:K14287
sfj:SAMEA4384070_1432	ko:K03566
sfj:SAMEA4384070_1433	ko:K05349
sfj:SAMEA4384070_1434	ko:K02016
sfj:SAMEA4384070_1435	ko:K02015
sfj:SAMEA4384070_1436	ko:K02013
sfj:SAMEA4384070_1437	ko:K02020
sfj:SAMEA4384070_1439	ko:K03496
sfj:SAMEA4384070_1441	ko:K18900
sfj:SAMEA4384070_1443	ko:K11216
sfj:SAMEA4384070_1444	ko:K11530
sfj:SAMEA4384070_1445	ko:K15268
sfj:SAMEA4384070_1447	ko:K07178
sfj:SAMEA4384070_1448	ko:K01176
sfj:SAMEA4384070_1449	ko:K03828
sfj:SAMEA4384070_1450	ko:K12151
sfj:SAMEA4384070_1451	ko:K12151
sfj:SAMEA4384070_1452	ko:K22041
sfj:SAMEA4384070_1453	ko:K03826
sfj:SAMEA4384070_1458	ko:K01867
sfj:SAMEA4384070_1459	ko:K23016
sfj:SAMEA4384070_1460	ko:K23015
sfj:SAMEA4384070_1461	ko:K23007
sfj:SAMEA4384070_1462	ko:K02041
sfj:SAMEA4384070_1463	ko:K02044
sfj:SAMEA4384070_1464	ko:K02042
sfj:SAMEA4384070_1465	ko:K02042
sfj:SAMEA4384070_1467	ko:K01457
sfj:SAMEA4384070_1468	ko:K01941
sfj:SAMEA4384070_1470	ko:K11959
sfj:SAMEA4384070_1471	ko:K11959
sfj:SAMEA4384070_1472	ko:K11960
sfj:SAMEA4384070_1473	ko:K11961
sfj:SAMEA4384070_1474	ko:K11962
sfj:SAMEA4384070_1475	ko:K11963
sfj:SAMEA4384070_1477	ko:K19092
sfj:SAMEA4384070_1481	ko:K01011
sfj:SAMEA4384070_1482	ko:K03574
sfj:SAMEA4384070_1489	ko:K00055
sfj:SAMEA4384070_1491	ko:K05845
sfj:SAMEA4384070_1492	ko:K05846
sfj:SAMEA4384070_1493	ko:K05847
sfj:SAMEA4384070_1494	ko:K05846
sfj:SAMEA4384070_1505	ko:K11929
sfj:SAMEA4384070_1506	ko:K11208
sfj:SAMEA4384070_1507	ko:K01607
sfj:SAMEA4384070_1509	ko:K03722
sfj:SAMEA4384070_1510	ko:K03719
sfj:SAMEA4384070_1512	ko:K02688
sfj:SAMEA4384070_1513	ko:K03417
sfj:SAMEA4384070_1514	ko:K01659
sfj:SAMEA4384070_1515	ko:K01720
sfj:SAMEA4384070_1519	ko:K07734
sfj:SAMEA4384070_1524	ko:K06970
sfj:SAMEA4384070_1525	ko:K22044
sfj:SAMEA4384070_1526	ko:K10038
sfj:SAMEA4384070_1527	ko:K10037
sfj:SAMEA4384070_1528	ko:K10036
sfj:SAMEA4384070_1530	ko:K04047
sfj:SAMEA4384070_1532	ko:K11939
sfj:SAMEA4384070_1533	ko:K11934
sfj:SAMEA4384070_1537	ko:K03299
sfj:SAMEA4384070_1538	ko:K22131
sfj:SAMEA4384070_1539	ko:K22130
sfj:SAMEA4384070_1540	ko:K21948
sfj:SAMEA4384070_1541	ko:K08319
sfj:SAMEA4384070_1546	ko:K07665
sfj:SAMEA4384070_1547	ko:K07644
sfj:SAMEA4384070_1553	ko:K02168
sfj:SAMEA4384070_1554	ko:K02167
sfj:SAMEA4384070_1555	ko:K00130
sfj:SAMEA4384070_1557	ko:K00108
sfj:SAMEA4384070_1559	ko:K22650
sfj:SAMEA4384070_1560	ko:K21086
sfj:SAMEA4384070_1561	ko:K07345
sfj:SAMEA4384070_1562	ko:K07346
sfj:SAMEA4384070_1563	ko:K07347
sfj:SAMEA4384070_1565	ko:K05804
sfj:SAMEA4384070_1566	ko:K00116
sfj:SAMEA4384070_1569	ko:K01077
sfj:SAMEA4384070_1570	ko:K11209
sfj:SAMEA4384070_1582	ko:K01874
sfj:SAMEA4384070_1584	ko:K10531
sfj:SAMEA4384070_1585	ko:K21029
sfj:SAMEA4384070_1586	ko:K03750
sfj:SAMEA4384070_1588	ko:K13051
sfj:SAMEA4384070_1589	ko:K13892
sfj:SAMEA4384070_1590	ko:K13889
sfj:SAMEA4384070_1591	ko:K13890
sfj:SAMEA4384070_1592	ko:K13891
sfj:SAMEA4384070_1593	ko:K01070
sfj:SAMEA4384070_1594	ko:K00121
sfj:SAMEA4384070_1597	ko:K01495
sfj:SAMEA4384070_1598	ko:K07148
sfj:SAMEA4384070_1599	ko:K02529
sfj:SAMEA4384070_1600	ko:K10540
sfj:SAMEA4384070_1601	ko:K10542
sfj:SAMEA4384070_1602	ko:K10541
sfj:SAMEA4384070_1603	ko:K03748
sfj:SAMEA4384070_1604	ko:K00027
sfj:SAMEA4384070_1605	ko:K01489
sfj:SAMEA4384070_1607	ko:K06518
sfj:SAMEA4384070_1609	ko:K02058
sfj:SAMEA4384070_1610	ko:K01874
sfj:SAMEA4384070_1611	ko:K03593
sfj:SAMEA4384070_1613	ko:K00876
sfj:SAMEA4384070_1614	ko:K01494
sfj:SAMEA4384070_1615	ko:K07289
sfj:SAMEA4384070_1616	ko:K03326
sfj:SAMEA4384070_1619	ko:K00963
sfj:SAMEA4384070_1620	ko:K00963
sfj:SAMEA4384070_1621	ko:K01991
sfj:SAMEA4384070_1622	ko:K16692
sfj:SAMEA4384070_1624	ko:K01710
sfj:SAMEA4384070_1625	ko:K00973
sfj:SAMEA4384070_1626	ko:K01790
sfj:SAMEA4384070_1627	ko:K00067
sfj:SAMEA4384070_1633	ko:K16695
sfj:SAMEA4384070_1637	ko:K12536
sfj:SAMEA4384070_1638	ko:K12537
sfj:SAMEA4384070_1639	ko:K12538
sfj:SAMEA4384070_1640	ko:K01784
sfj:SAMEA4384070_1642	ko:K00971
sfj:SAMEA4384070_1643	ko:K01840
sfj:SAMEA4384070_1644	ko:K09690
sfj:SAMEA4384070_1645	ko:K09691
sfj:SAMEA4384070_1650	ko:K00033
sfj:SAMEA4384070_1651	ko:K11755
sfj:SAMEA4384070_1652	ko:K02500
sfj:SAMEA4384070_1653	ko:K01814
sfj:SAMEA4384070_1654	ko:K02501
sfj:SAMEA4384070_1655	ko:K01089
sfj:SAMEA4384070_1656	ko:K00817
sfj:SAMEA4384070_1657	ko:K00013
sfj:SAMEA4384070_1658	ko:K00765
sfj:SAMEA4384070_1662	ko:K12255
sfj:SAMEA4384070_1663	ko:K03307
sfj:SAMEA4384070_1664	ko:K03284
sfj:SAMEA4384070_1666	ko:K21430
sfj:SAMEA4384070_1667	ko:K00799
sfj:SAMEA4384070_1668	ko:K28842
sfj:SAMEA4384070_1670	ko:K01758
sfj:SAMEA4384070_1671	ko:K01697
sfj:SAMEA4384070_1672	ko:K07258
sfj:SAMEA4384070_1673	ko:K01752
sfj:SAMEA4384070_1674	ko:K03837
sfj:SAMEA4384070_1675	ko:K11534
sfj:SAMEA4384070_1676	ko:K01619
sfj:SAMEA4384070_1677	ko:K28747
sfj:SAMEA4384070_1678	ko:K02429
sfj:SAMEA4384070_1680	ko:K19302
sfj:SAMEA4384070_1682	ko:K01243
sfj:SAMEA4384070_1683	ko:K08276
sfj:SAMEA4384070_1691	ko:K07085
sfj:SAMEA4384070_1693	ko:K03674
sfj:SAMEA4384070_1695	ko:K05844
sfj:SAMEA4384070_1697	ko:K11073
sfj:SAMEA4384070_1698	ko:K11076
sfj:SAMEA4384070_1699	ko:K11075
sfj:SAMEA4384070_1700	ko:K11074
sfj:SAMEA4384070_1702	ko:K03212
sfj:SAMEA4384070_1703	ko:K09996
sfj:SAMEA4384070_1704	ko:K09998
sfj:SAMEA4384070_1705	ko:K09999
sfj:SAMEA4384070_1706	ko:K09997
sfj:SAMEA4384070_1707	ko:K10000
sfj:SAMEA4384070_1710	ko:K11066
sfj:SAMEA4384070_1715	ko:K02791
sfj:SAMEA4384070_1716	ko:K01788
sfj:SAMEA4384070_1717	ko:K01620
sfj:SAMEA4384070_1718	ko:K00156
sfj:SAMEA4384070_1719	ko:K11933
sfj:SAMEA4384070_1720	ko:K05601
sfj:SAMEA4384070_1721	ko:K28370
sfj:SAMEA4384070_1722	ko:K07459
sfj:SAMEA4384070_1723	ko:K09824
sfj:SAMEA4384070_1724	ko:K13888
sfj:SAMEA4384070_1725	ko:K05685
sfj:SAMEA4384070_1726	ko:K03704
sfj:SAMEA4384070_1727	ko:K06891
sfj:SAMEA4384070_1728	ko:K03694
sfj:SAMEA4384070_1729	ko:K02518
sfj:SAMEA4384070_1730	ko:K00684
sfj:SAMEA4384070_1731	ko:K16012
sfj:SAMEA4384070_1732	ko:K16013
sfj:SAMEA4384070_1733	ko:K00384
sfj:SAMEA4384070_1734	ko:K03719
sfj:SAMEA4384070_1735	ko:K03466
sfj:SAMEA4384070_1736	ko:K03634
sfj:SAMEA4384070_1737	ko:K07478
sfj:SAMEA4384070_1738	ko:K01875
sfj:SAMEA4384070_1739	ko:K08219
sfj:SAMEA4384070_1740	ko:K04069
sfj:SAMEA4384070_1741	ko:K00656
sfj:SAMEA4384070_1742	ko:K06212
sfj:SAMEA4384070_1743	ko:K09136
sfj:SAMEA4384070_1744	ko:K01424
sfj:SAMEA4384070_1745	ko:K00831
sfj:SAMEA4384070_1746	ko:K00800
sfj:SAMEA4384070_1747	ko:K00945
sfj:SAMEA4384070_1748	ko:K02945
sfj:SAMEA4384070_1749	ko:K05788
sfj:SAMEA4384070_1750	ko:K02238
sfj:SAMEA4384070_1751	ko:K11085
sfj:SAMEA4384070_1752	ko:K00912
sfj:SAMEA4384070_1753	ko:K25986
sfj:SAMEA4384070_1755	ko:K03704
sfj:SAMEA4384070_1756	ko:K09927
sfj:SAMEA4384070_1757	ko:K09791
sfj:SAMEA4384070_1758	ko:K00979
sfj:SAMEA4384070_1761	ko:K06219
sfj:SAMEA4384070_1762	ko:K03633
sfj:SAMEA4384070_1763	ko:K03804
sfj:SAMEA4384070_1764	ko:K03632
sfj:SAMEA4384070_1765	ko:K21470
sfj:SAMEA4384070_1767	ko:K01069
sfj:SAMEA4384070_1768	ko:K00813
sfj:SAMEA4384070_1769	ko:K09476
sfj:SAMEA4384070_1770	ko:K01893
sfj:SAMEA4384070_1771	ko:K00763
sfj:SAMEA4384070_1773	ko:K01256
sfj:SAMEA4384070_1774	ko:K15555
sfj:SAMEA4384070_1775	ko:K15554
sfj:SAMEA4384070_1776	ko:K04091
sfj:SAMEA4384070_1777	ko:K15553
sfj:SAMEA4384070_1778	ko:K00299
sfj:SAMEA4384070_1779	ko:K00254
sfj:SAMEA4384070_1780	ko:K18657
sfj:SAMEA4384070_1781	ko:K07140
sfj:SAMEA4384070_1782	ko:K12297
sfj:SAMEA4384070_1783	ko:K15738
sfj:SAMEA4384070_1784	ko:K03808
sfj:SAMEA4384070_1785	ko:K06192
sfj:SAMEA4384070_1786	ko:K09857
sfj:SAMEA4384070_1787	ko:K09458
sfj:SAMEA4384070_1789	ko:K01716
sfj:SAMEA4384070_1790	ko:K04770
sfj:SAMEA4384070_1791	ko:K09911
sfj:SAMEA4384070_1792	ko:K03286
sfj:SAMEA4384070_1793	ko:K13053
sfj:SAMEA4384070_1794	ko:K07343
sfj:SAMEA4384070_1797	ko:K03658
sfj:SAMEA4384070_1798	ko:K01734
sfj:SAMEA4384070_1799	ko:K09909
sfj:SAMEA4384070_1800	ko:K06929
sfj:SAMEA4384070_1801	ko:K11940
sfj:SAMEA4384070_1802	ko:K06969
sfj:SAMEA4384070_1803	ko:K01512
sfj:SAMEA4384070_1804	ko:K11179
sfj:SAMEA4384070_1805	ko:K19416
sfj:SAMEA4384070_1806	ko:K14233
sfj:SAMEA4384070_1807	ko:K11901
sfj:SAMEA4384070_1808	ko:K11900
sfj:SAMEA4384070_1809	ko:K11893
sfj:SAMEA4384070_1810	ko:K11892
sfj:SAMEA4384070_1812	ko:K11903
sfj:SAMEA4384070_1813	ko:K11907
sfj:SAMEA4384070_1814	ko:K11904
sfj:SAMEA4384070_1819	ko:K11891
sfj:SAMEA4384070_1820	ko:K11910
sfj:SAMEA4384070_1821	ko:K11896
sfj:SAMEA4384070_1822	ko:K11895
sfj:SAMEA4384070_1823	ko:K11906
sfj:SAMEA4384070_1824	ko:K11905
sfj:SAMEA4384070_1825	ko:K11911
sfj:SAMEA4384070_1826	ko:K02014
sfj:SAMEA4384070_1827	ko:K07214
sfj:SAMEA4384070_1828	ko:K05375
sfj:SAMEA4384070_1829	ko:K24101
sfj:SAMEA4384070_1830	ko:K08225
sfj:SAMEA4384070_1832	ko:K07345
sfj:SAMEA4384070_1834	ko:K07347
sfj:SAMEA4384070_1838	ko:K01173
sfj:SAMEA4384070_1839	ko:K03498
sfj:SAMEA4384070_1840	ko:K03809
sfj:SAMEA4384070_1841	ko:K05835
sfj:SAMEA4384070_1845	ko:K09016
sfj:SAMEA4384070_1846	ko:K09024
sfj:SAMEA4384070_1847	ko:K09023
sfj:SAMEA4384070_1848	ko:K09021
sfj:SAMEA4384070_1849	ko:K09020
sfj:SAMEA4384070_1850	ko:K09018
sfj:SAMEA4384070_1851	ko:K09017
sfj:SAMEA4384070_1852	ko:K11737
sfj:SAMEA4384070_1858	ko:K11932
sfj:SAMEA4384070_1859	ko:K13609
sfj:SAMEA4384070_1861	ko:K13877
sfj:SAMEA4384070_1862	ko:K21062
sfj:SAMEA4384070_1864	ko:K12658
sfj:SAMEA4384070_1865	ko:K21061
sfj:SAMEA4384070_1866	ko:K22550
sfj:SAMEA4384070_1867	ko:K22549
sfj:SAMEA4384070_1875	ko:K07689
sfj:SAMEA4384070_1876	ko:K03703
sfj:SAMEA4384070_1877	ko:K00995
sfj:SAMEA4384070_1878	ko:K14225
sfj:SAMEA4384070_1879	ko:K14222
sfj:SAMEA4384070_1880	ko:K14228
sfj:SAMEA4384070_1884	ko:K19337
sfj:SAMEA4384070_1885	ko:K02760
sfj:SAMEA4384070_1886	ko:K02759
sfj:SAMEA4384070_1887	ko:K01222
sfj:SAMEA4384070_1888	ko:K02761
sfj:SAMEA4384070_1889	ko:K12975
sfj:SAMEA4384070_1891	ko:K01118
sfj:SAMEA4384070_1892	ko:K03762
sfj:SAMEA4384070_1893	ko:K18139
sfj:SAMEA4384070_1894	ko:K05685
sfj:SAMEA4384070_1895	ko:K13888
sfj:SAMEA4384070_1896	ko:K05984
sfj:SAMEA4384070_1902	ko:K11105
sfj:SAMEA4384070_1905	ko:K11941
sfj:SAMEA4384070_1906	ko:K03670
sfj:SAMEA4384070_1907	ko:K03669
sfj:SAMEA4384070_1909	ko:K12147
sfj:SAMEA4384070_1910	ko:K01649
sfj:SAMEA4384070_1912	ko:K03305
sfj:SAMEA4384070_1913	ko:K08161
sfj:SAMEA4384070_1915	ko:K02517
sfj:SAMEA4384070_1918	ko:K07146
sfj:SAMEA4384070_1924	ko:K02846
sfj:SAMEA4384070_1926	ko:K12148
sfj:SAMEA4384070_1928	ko:K12149
sfj:SAMEA4384070_1929	ko:K01465
sfj:SAMEA4384070_1931	ko:K08300
sfj:SAMEA4384070_1933	ko:K06179
sfj:SAMEA4384070_1934	ko:K25422
sfj:SAMEA4384070_1935	ko:K07040
sfj:SAMEA4384070_1936	ko:K02911
sfj:SAMEA4384070_1937	ko:K03621
sfj:SAMEA4384070_1938	ko:K00648
sfj:SAMEA4384070_1939	ko:K00645
sfj:SAMEA4384070_1940	ko:K00059
sfj:SAMEA4384070_1941	ko:K02078
sfj:SAMEA4384070_1942	ko:K09458
sfj:SAMEA4384070_1943	ko:K02619
sfj:SAMEA4384070_1944	ko:K07082
sfj:SAMEA4384070_1945	ko:K00943
sfj:SAMEA4384070_1946	ko:K02341
sfj:SAMEA4384070_1947	ko:K03424
sfj:SAMEA4384070_1948	ko:K02779
sfj:SAMEA4384070_1951	ko:K11924
sfj:SAMEA4384070_1952	ko:K03322
sfj:SAMEA4384070_1955	ko:K02030
sfj:SAMEA4384070_1956	ko:K02503
sfj:SAMEA4384070_1958	ko:K07337
sfj:SAMEA4384070_1959	ko:K07251
sfj:SAMEA4384070_1960	ko:K01207
sfj:SAMEA4384070_1961	ko:K07000
sfj:SAMEA4384070_1962	ko:K03885
sfj:SAMEA4384070_1964	ko:K19587
sfj:SAMEA4384070_1965	ko:K19585
sfj:SAMEA4384070_1966	ko:K19586
sfj:SAMEA4384070_1967	ko:K05804
sfj:SAMEA4384070_1968	ko:K14233
sfj:SAMEA4384070_1969	ko:K14233
sfj:SAMEA4384070_1970	ko:K03305
sfj:SAMEA4384070_1971	ko:K12972
sfj:SAMEA4384070_1972	ko:K04477
sfj:SAMEA4384070_1975	ko:K01354
sfj:SAMEA4384070_1976	ko:K10857
sfj:SAMEA4384070_1977	ko:K06204
sfj:SAMEA4384070_1979	ko:K09022
sfj:SAMEA4384070_1980	ko:K01259
sfj:SAMEA4384070_1981	ko:K02345
sfj:SAMEA4384070_1982	ko:K02217
sfj:SAMEA4384070_1983	ko:K07156
sfj:SAMEA4384070_1984	ko:K07245
sfj:SAMEA4384070_1994	ko:K00209
sfj:SAMEA4384070_1996	ko:K07727
sfj:SAMEA4384070_2002	ko:K01055
sfj:SAMEA4384070_2003	ko:K07703
sfj:SAMEA4384070_2004	ko:K07701
sfj:SAMEA4384070_2006	ko:K17213
sfj:SAMEA4384070_2007	ko:K17215
sfj:SAMEA4384070_2008	ko:K17214
sfj:SAMEA4384070_2009	ko:K17213
sfj:SAMEA4384070_2010	ko:K02073
sfj:SAMEA4384070_2012	ko:K06149
sfj:SAMEA4384070_2015	ko:K01358
sfj:SAMEA4384070_2018	ko:K00766
sfj:SAMEA4384070_2019	ko:K01817
sfj:SAMEA4384070_2021	ko:K22958
sfj:SAMEA4384070_2022	ko:K01712
sfj:SAMEA4384070_2024	ko:K15555
sfj:SAMEA4384070_2025	ko:K15554
sfj:SAMEA4384070_2026	ko:K15553
sfj:SAMEA4384070_2027	ko:K15553
sfj:SAMEA4384070_2029	ko:K04091
sfj:SAMEA4384070_2031	ko:K24700
sfj:SAMEA4384070_2033	ko:K15553
sfj:SAMEA4384070_2036	ko:K07552
sfj:SAMEA4384070_2038	ko:K02529
sfj:SAMEA4384070_2039	ko:K25596
sfj:SAMEA4384070_2040	ko:K03292
sfj:SAMEA4384070_2042	ko:K02030
sfj:SAMEA4384070_2044	ko:K23124
sfj:SAMEA4384070_2045	ko:K07160
sfj:SAMEA4384070_2046	ko:K00812
sfj:SAMEA4384070_2047	ko:K19338
sfj:SAMEA4384070_2050	ko:K02029
sfj:SAMEA4384070_2051	ko:K02029
sfj:SAMEA4384070_2052	ko:K02028
sfj:SAMEA4384070_2053	ko:K06942
sfj:SAMEA4384070_2054	ko:K03321
sfj:SAMEA4384070_2055	ko:K01056
sfj:SAMEA4384070_2057	ko:K00948
sfj:SAMEA4384070_2058	ko:K00919
sfj:SAMEA4384070_2059	ko:K02494
sfj:SAMEA4384070_2060	ko:K02492
sfj:SAMEA4384070_2061	ko:K02835
sfj:SAMEA4384070_2062	ko:K02493
sfj:SAMEA4384070_2065	ko:K01627
sfj:SAMEA4384070_2066	ko:K03321
sfj:SAMEA4384070_2069	ko:K03723
sfj:SAMEA4384070_2070	ko:K22589
sfj:SAMEA4384070_2072	ko:K09808
sfj:SAMEA4384070_2073	ko:K09810
sfj:SAMEA4384070_2074	ko:K09808
sfj:SAMEA4384070_2075	ko:K28207
sfj:SAMEA4384070_2076	ko:K12410
sfj:SAMEA4384070_2077	ko:K11069
sfj:SAMEA4384070_2080	ko:K02750
sfj:SAMEA4384070_2081	ko:K11070
sfj:SAMEA4384070_2082	ko:K11071
sfj:SAMEA4384070_2083	ko:K11072
sfj:SAMEA4384070_2084	ko:K01258
sfj:SAMEA4384070_2085	ko:K13574
sfj:SAMEA4384070_2086	ko:K18850
sfj:SAMEA4384070_2087	ko:K07637
sfj:SAMEA4384070_2088	ko:K07660
sfj:SAMEA4384070_2093	ko:K00375
sfj:SAMEA4384070_2096	ko:K01756
sfj:SAMEA4384070_2097	ko:K07153
sfj:SAMEA4384070_2098	ko:K03549
sfj:SAMEA4384070_2099	ko:K00566
sfj:SAMEA4384070_2100	ko:K12152
sfj:SAMEA4384070_2102	ko:K06181
sfj:SAMEA4384070_2103	ko:K00031
sfj:SAMEA4384070_2106	ko:K03832
sfj:SAMEA4384070_2110	ko:K02529
sfj:SAMEA4384070_2111	ko:K03335
sfj:SAMEA4384070_2115	ko:K18555
sfj:SAMEA4384070_2119	ko:K06149
sfj:SAMEA4384070_2120	ko:K18009
sfj:SAMEA4384070_2121	ko:K09471
sfj:SAMEA4384070_2122	ko:K09472
sfj:SAMEA4384070_2123	ko:K14056
sfj:SAMEA4384070_2124	ko:K09473
sfj:SAMEA4384070_2125	ko:K09470
sfj:SAMEA4384070_2127	ko:K14052
sfj:SAMEA4384070_2131	ko:K05517
sfj:SAMEA4384070_2134	ko:K04093
sfj:SAMEA4384070_2136	ko:K01458
sfj:SAMEA4384070_2137	ko:K01468
sfj:SAMEA4384070_2138	ko:K05836
sfj:SAMEA4384070_2139	ko:K05603
sfj:SAMEA4384070_2140	ko:K09975
sfj:SAMEA4384070_2142	ko:K01193
sfj:SAMEA4384070_2143	ko:K02532
sfj:SAMEA4384070_2144	ko:K03762
sfj:SAMEA4384070_2146	ko:K19813
sfj:SAMEA4384070_2147	ko:K23274
sfj:SAMEA4384070_2148	ko:K11477
sfj:SAMEA4384070_2150	ko:K16514
sfj:SAMEA4384070_2151	ko:K10218
sfj:SAMEA4384070_2152	ko:K16515
sfj:SAMEA4384070_2153	ko:K16516
sfj:SAMEA4384070_2154	ko:K03786
sfj:SAMEA4384070_2156	ko:K04099
sfj:SAMEA4384070_2157	ko:K08195
sfj:SAMEA4384070_2158	ko:K01610
sfj:SAMEA4384070_2159	ko:K11616
sfj:SAMEA4384070_2167	ko:K11392
sfj:SAMEA4384070_2168	ko:K06192
sfj:SAMEA4384070_2169	ko:K03808
sfj:SAMEA4384070_2170	ko:K08968
sfj:SAMEA4384070_2171	ko:K03607
sfj:SAMEA4384070_2172	ko:K03797
sfj:SAMEA4384070_2173	ko:K03799
sfj:SAMEA4384070_2174	ko:K08169
sfj:SAMEA4384070_2175	ko:K19333
sfj:SAMEA4384070_2177	ko:K03430
sfj:SAMEA4384070_2178	ko:K05306
sfj:SAMEA4384070_2179	ko:K06956
sfj:SAMEA4384070_2180	ko:K07038
sfj:SAMEA4384070_2181	ko:K00065
sfj:SAMEA4384070_2182	ko:K01815
sfj:SAMEA4384070_2183	ko:K24204
sfj:SAMEA4384070_2186	ko:K11606
sfj:SAMEA4384070_2187	ko:K11605
sfj:SAMEA4384070_2188	ko:K11607
sfj:SAMEA4384070_2189	ko:K11604
sfj:SAMEA4384070_2191	ko:K08308
sfj:SAMEA4384070_2192	ko:K06152
sfj:SAMEA4384070_2193	ko:K06151
sfj:SAMEA4384070_2194	ko:K06150
sfj:SAMEA4384070_2195	ko:K03837
sfj:SAMEA4384070_2197	ko:K05595
sfj:SAMEA4384070_2199	ko:K01868
sfj:SAMEA4384070_2200	ko:K02520
sfj:SAMEA4384070_2201	ko:K02916
sfj:SAMEA4384070_2202	ko:K02887
sfj:SAMEA4384070_2204	ko:K01889
sfj:SAMEA4384070_2205	ko:K01890
sfj:SAMEA4384070_2206	ko:K04764
sfj:SAMEA4384070_2209	ko:K06073
sfj:SAMEA4384070_2210	ko:K00432
sfj:SAMEA4384070_2211	ko:K06074
sfj:SAMEA4384070_2212	ko:K07806
sfj:SAMEA4384070_2213	ko:K10012
sfj:SAMEA4384070_2214	ko:K10011
sfj:SAMEA4384070_2215	ko:K13014
sfj:SAMEA4384070_2216	ko:K07264
sfj:SAMEA4384070_2217	ko:K12962
sfj:SAMEA4384070_2218	ko:K12963
sfj:SAMEA4384070_2219	ko:K13695
sfj:SAMEA4384070_2220	ko:K03800
sfj:SAMEA4384070_2222	ko:K08997
sfj:SAMEA4384070_2223	ko:K10834
sfj:SAMEA4384070_2224	ko:K25133
sfj:SAMEA4384070_2225	ko:K25132
sfj:SAMEA4384070_2226	ko:K07225
sfj:SAMEA4384070_2227	ko:K16087
sfj:SAMEA4384070_2229	ko:K00432
sfj:SAMEA4384070_2230	ko:K01626
sfj:SAMEA4384070_2231	ko:K09773
sfj:SAMEA4384070_2232	ko:K01007
sfj:SAMEA4384070_2235	ko:K26063
sfj:SAMEA4384070_2236	ko:K19222
sfj:SAMEA4384070_2237	ko:K03892
sfj:SAMEA4384070_2238	ko:K03893
sfj:SAMEA4384070_2239	ko:K00537
sfj:SAMEA4384070_2240	ko:K02168
sfj:SAMEA4384070_2241	ko:K03310
sfj:SAMEA4384070_2243	ko:K05997
sfj:SAMEA4384070_2244	ko:K09014
sfj:SAMEA4384070_2245	ko:K09013
sfj:SAMEA4384070_2246	ko:K09015
sfj:SAMEA4384070_2247	ko:K11717
sfj:SAMEA4384070_2248	ko:K02426
sfj:SAMEA4384070_2249	ko:K19236
sfj:SAMEA4384070_2250	ko:K06078
sfj:SAMEA4384070_2251	ko:K00873
sfj:SAMEA4384070_2253	ko:K14237
sfj:SAMEA4384070_2254	ko:K14237
sfj:SAMEA4384070_2255	ko:K14237
sfj:SAMEA4384070_2256	ko:K26939
sfj:SAMEA4384070_2257	ko:K00793
sfj:SAMEA4384070_2259	ko:K00574
sfj:SAMEA4384070_2260	ko:K28371
sfj:SAMEA4384070_2262	ko:K03604
sfj:SAMEA4384070_2264	ko:K19303
sfj:SAMEA4384070_2265	ko:K07390
sfj:SAMEA4384070_2266	ko:K03683
sfj:SAMEA4384070_2267	ko:K01759
sfj:SAMEA4384070_2268	ko:K10680
sfj:SAMEA4384070_2269	ko:K16137
sfj:SAMEA4384070_2270	ko:K03760
sfj:SAMEA4384070_2271	ko:K07118
sfj:SAMEA4384070_2272	ko:K21698
sfj:SAMEA4384070_2273	ko:K06938
sfj:SAMEA4384070_2276	ko:K04565
sfj:SAMEA4384070_2279	ko:K06075
sfj:SAMEA4384070_2280	ko:K06077
sfj:SAMEA4384070_2281	ko:K09001
sfj:SAMEA4384070_2283	ko:K00275
sfj:SAMEA4384070_2284	ko:K01866
sfj:SAMEA4384070_2285	ko:K00868
sfj:SAMEA4384070_2286	ko:K00799
sfj:SAMEA4384070_2287	ko:K01714
sfj:SAMEA4384070_2289	ko:K06950
sfj:SAMEA4384070_2290	ko:K06893
sfj:SAMEA4384070_2293	ko:K04343
sfj:SAMEA4384070_2295	ko:K05782
sfj:SAMEA4384070_2296	ko:K23779
sfj:SAMEA4384070_2297	ko:K01322
sfj:SAMEA4384070_2298	ko:K01626
sfj:SAMEA4384070_2299	ko:K26933
sfj:SAMEA4384070_2302	ko:K03305
sfj:SAMEA4384070_2303	ko:K10773
sfj:SAMEA4384070_2304	ko:K03613
sfj:SAMEA4384070_2305	ko:K03612
sfj:SAMEA4384070_2306	ko:K03614
sfj:SAMEA4384070_2308	ko:K03615
sfj:SAMEA4384070_2309	ko:K03616
sfj:SAMEA4384070_2310	ko:K03617
sfj:SAMEA4384070_2312	ko:K01804
sfj:SAMEA4384070_2313	ko:K00853
sfj:SAMEA4384070_2314	ko:K10537
sfj:SAMEA4384070_2315	ko:K10539
sfj:SAMEA4384070_2316	ko:K10538
sfj:SAMEA4384070_2317	ko:K02099
sfj:SAMEA4384070_2319	ko:K14347
sfj:SAMEA4384070_2320	ko:K01488
sfj:SAMEA4384070_2322	ko:K02821
sfj:SAMEA4384070_2324	ko:K01624
sfj:SAMEA4384070_2325	ko:K03475
sfj:SAMEA4384070_2326	ko:K02822
sfj:SAMEA4384070_2327	ko:K00850
sfj:SAMEA4384070_2331	ko:K14155
sfj:SAMEA4384070_2332	ko:K02791
sfj:SAMEA4384070_2333	ko:K16136
sfj:SAMEA4384070_2334	ko:K17850
sfj:SAMEA4384070_2335	ko:K01467
sfj:SAMEA4384070_2339	ko:K01809
sfj:SAMEA4384070_2340	ko:K01679
sfj:SAMEA4384070_2343	ko:K10748
sfj:SAMEA4384070_2344	ko:K08224
sfj:SAMEA4384070_2346	ko:K15545
sfj:SAMEA4384070_2347	ko:K01935
sfj:SAMEA4384070_2350	ko:K03281
sfj:SAMEA4384070_2351	ko:K05847
sfj:SAMEA4384070_2352	ko:K05846
sfj:SAMEA4384070_2353	ko:K05845
sfj:SAMEA4384070_2354	ko:K05846
sfj:SAMEA4384070_2358	ko:K09771
sfj:SAMEA4384070_2359	ko:K16066
sfj:SAMEA4384070_2362	ko:K16091
sfj:SAMEA4384070_2363	ko:K07165
sfj:SAMEA4384070_2364	ko:K23514
sfj:SAMEA4384070_2365	ko:K10112
sfj:SAMEA4384070_2367	ko:K02026
sfj:SAMEA4384070_2368	ko:K02025
sfj:SAMEA4384070_2369	ko:K02027
sfj:SAMEA4384070_2371	ko:K01487
sfj:SAMEA4384070_2372	ko:K13481
sfj:SAMEA4384070_2373	ko:K13482
sfj:SAMEA4384070_2374	ko:K07402
sfj:SAMEA4384070_2375	ko:K01284
sfj:SAMEA4384070_2377	ko:K13995
sfj:SAMEA4384070_2378	ko:K01799
sfj:SAMEA4384070_2379	ko:K15357
sfj:SAMEA4384070_2380	ko:K14974
sfj:SAMEA4384070_2381	ko:K18028
sfj:SAMEA4384070_2382	ko:K22296
sfj:SAMEA4384070_2383	ko:K18029
sfj:SAMEA4384070_2384	ko:K18030
sfj:SAMEA4384070_2386	ko:K07090
sfj:SAMEA4384070_2388	ko:K13408
sfj:SAMEA4384070_2389	ko:K13409
sfj:SAMEA4384070_2390	ko:K16839
sfj:SAMEA4384070_2392	ko:K07303
sfj:SAMEA4384070_2393	ko:K07302
sfj:SAMEA4384070_2395	ko:K01569
sfj:SAMEA4384070_2396	ko:K02757
sfj:SAMEA4384070_2397	ko:K01223
sfj:SAMEA4384070_2398	ko:K03488
sfj:SAMEA4384070_2400	ko:K07240
sfj:SAMEA4384070_2401	ko:K07240
sfj:SAMEA4384070_2408	ko:K02529
sfj:SAMEA4384070_2416	ko:K00817
sfj:SAMEA4384070_2418	ko:K07506
sfj:SAMEA4384070_2419	ko:K08161
sfj:SAMEA4384070_2420	ko:K13693
sfj:SAMEA4384070_2421	ko:K07026
sfj:SAMEA4384070_2424	ko:K08641
sfj:SAMEA4384070_2425	ko:K02035
sfj:SAMEA4384070_2426	ko:K02033
sfj:SAMEA4384070_2427	ko:K02034
sfj:SAMEA4384070_2428	ko:K02031
sfj:SAMEA4384070_2429	ko:K02032
sfj:SAMEA4384070_2430	ko:K00677
sfj:SAMEA4384070_2432	ko:K05515
sfj:SAMEA4384070_2433	ko:K03587
sfj:SAMEA4384070_2435	ko:K04062
sfj:SAMEA4384070_2438	ko:K02028
sfj:SAMEA4384070_2439	ko:K02029
sfj:SAMEA4384070_2440	ko:K02030
sfj:SAMEA4384070_2448	ko:K02444
sfj:SAMEA4384070_2456	ko:K02372
sfj:SAMEA4384070_2458	ko:K08177
sfj:SAMEA4384070_2459	ko:K07401
sfj:SAMEA4384070_2460	ko:K13953
sfj:SAMEA4384070_2461	ko:K00138
sfj:SAMEA4384070_2462	ko:K21405
sfj:SAMEA4384070_2463	ko:K07248
sfj:SAMEA4384070_2464	ko:K02856
sfj:SAMEA4384070_2465	ko:K02854
sfj:SAMEA4384070_2466	ko:K02855
sfj:SAMEA4384070_2467	ko:K00848
sfj:SAMEA4384070_2468	ko:K01813
sfj:SAMEA4384070_2469	ko:K01629
sfj:SAMEA4384070_2470	ko:K03534
sfj:SAMEA4384070_2471	ko:K21405
sfj:SAMEA4384070_2472	ko:K00010
sfj:SAMEA4384070_2473	ko:K01816
sfj:SAMEA4384070_2474	ko:K10439
sfj:SAMEA4384070_2475	ko:K02030
sfj:SAMEA4384070_2476	ko:K05358
sfj:SAMEA4384070_2478	ko:K06139
sfj:SAMEA4384070_2479	ko:K06138
sfj:SAMEA4384070_2480	ko:K06137
sfj:SAMEA4384070_2481	ko:K06136
sfj:SAMEA4384070_2482	ko:K01273
sfj:SAMEA4384070_2485	ko:K13745
sfj:SAMEA4384070_2486	ko:K00836
sfj:SAMEA4384070_2495	ko:K09936
sfj:SAMEA4384070_2496	ko:K09936
sfj:SAMEA4384070_2497	ko:K00344
sfj:SAMEA4384070_2507	ko:K03566
sfj:SAMEA4384070_2508	ko:K00135
sfj:SAMEA4384070_2510	ko:K02014
sfj:SAMEA4384070_2513	ko:K16087
sfj:SAMEA4384070_2515	ko:K00355
sfj:SAMEA4384070_2519	ko:K21829
sfj:SAMEA4384070_2520	ko:K03293
sfj:SAMEA4384070_2521	ko:K00261
sfj:SAMEA4384070_2522	ko:K01897
sfj:SAMEA4384070_2523	ko:K05520
sfj:SAMEA4384070_2528	ko:K18139
sfj:SAMEA4384070_2529	ko:K18138
sfj:SAMEA4384070_2530	ko:K03585
sfj:SAMEA4384070_2533	ko:K01424
sfj:SAMEA4384070_2534	ko:K00681
sfj:SAMEA4384070_2541	ko:K20938
sfj:SAMEA4384070_2542	ko:K02073
sfj:SAMEA4384070_2543	ko:K02071
sfj:SAMEA4384070_2544	ko:K02072
sfj:SAMEA4384070_2545	ko:K15553
sfj:SAMEA4384070_2549	ko:K01223
sfj:SAMEA4384070_2550	ko:K00449
sfj:SAMEA4384070_2552	ko:K00448
sfj:SAMEA4384070_2554	ko:K01607
sfj:SAMEA4384070_2555	ko:K01857
sfj:SAMEA4384070_2556	ko:K00481
sfj:SAMEA4384070_2557	ko:K08195
sfj:SAMEA4384070_2558	ko:K08195
sfj:SAMEA4384070_2559	ko:K02624
sfj:SAMEA4384070_2560	ko:K01753
sfj:SAMEA4384070_2561	ko:K22736
sfj:SAMEA4384070_2565	ko:K02016
sfj:SAMEA4384070_2566	ko:K01187
sfj:SAMEA4384070_2567	ko:K10111
sfj:SAMEA4384070_2569	ko:K10238
sfj:SAMEA4384070_2570	ko:K10237
sfj:SAMEA4384070_2571	ko:K10236
sfj:SAMEA4384070_2572	ko:K26290
sfj:SAMEA4384070_2578	ko:K05802
sfj:SAMEA4384070_2586	ko:K02355
sfj:SAMEA4384070_2589	ko:K00135
sfj:SAMEA4384070_2593	ko:K03566
sfj:SAMEA4384070_2594	ko:K01997
sfj:SAMEA4384070_2595	ko:K01998
sfj:SAMEA4384070_2596	ko:K01995
sfj:SAMEA4384070_2597	ko:K01996
sfj:SAMEA4384070_2598	ko:K01999
sfj:SAMEA4384070_2600	ko:K06016
sfj:SAMEA4384070_2603	ko:K16074
sfj:SAMEA4384070_2604	ko:K03306
sfj:SAMEA4384070_2605	ko:K22468
sfj:SAMEA4384070_2606	ko:K07262
sfj:SAMEA4384070_2610	ko:K01951
sfj:SAMEA4384070_2611	ko:K00868
sfj:SAMEA4384070_2612	ko:K21087
sfj:SAMEA4384070_2615	ko:K00567
sfj:SAMEA4384070_2617	ko:K00007
sfj:SAMEA4384070_2618	ko:K00854
sfj:SAMEA4384070_2620	ko:K01420
sfj:SAMEA4384070_2621	ko:K14055
sfj:SAMEA4384070_2622	ko:K00325
sfj:SAMEA4384070_2623	ko:K00324
sfj:SAMEA4384070_2625	ko:K03758
sfj:SAMEA4384070_2627	ko:K13938
sfj:SAMEA4384070_2628	ko:K07661
sfj:SAMEA4384070_2629	ko:K07639
sfj:SAMEA4384070_2630	ko:K01299
sfj:SAMEA4384070_2633	ko:K04775
sfj:SAMEA4384070_2634	ko:K03578
sfj:SAMEA4384070_2635	ko:K01118
sfj:SAMEA4384070_2636	ko:K09978
sfj:SAMEA4384070_2639	ko:K03778
sfj:SAMEA4384070_2640	ko:K03668
sfj:SAMEA4384070_2642	ko:K07507
sfj:SAMEA4384070_2643	ko:K03297
sfj:SAMEA4384070_2644	ko:K03737
sfj:SAMEA4384070_2645	ko:K14058
sfj:SAMEA4384070_2648	ko:K16074
sfj:SAMEA4384070_2651	ko:K15580
sfj:SAMEA4384070_2653	ko:K14054
sfj:SAMEA4384070_2654	ko:K19802
sfj:SAMEA4384070_2655	ko:K11065
sfj:SAMEA4384070_2656	ko:K03721
sfj:SAMEA4384070_2657	ko:K08990
sfj:SAMEA4384070_2658	ko:K06918
sfj:SAMEA4384070_2659	ko:K03971
sfj:SAMEA4384070_2660	ko:K03973
sfj:SAMEA4384070_2661	ko:K03970
sfj:SAMEA4384070_2662	ko:K03969
sfj:SAMEA4384070_2663	ko:K03974
sfj:SAMEA4384070_2667	ko:K09007
sfj:SAMEA4384070_2668	ko:K19226
sfj:SAMEA4384070_2669	ko:K19227
sfj:SAMEA4384070_2670	ko:K19228
sfj:SAMEA4384070_2671	ko:K19229
sfj:SAMEA4384070_2672	ko:K19230
sfj:SAMEA4384070_2675	ko:K07258
sfj:SAMEA4384070_2678	ko:K01759
sfj:SAMEA4384070_2679	ko:K01147
sfj:SAMEA4384070_2681	ko:K01451
sfj:SAMEA4384070_2682	ko:K06200
sfj:SAMEA4384070_2683	ko:K02526
sfj:SAMEA4384070_2684	ko:K08313
sfj:SAMEA4384070_2685	ko:K04069
sfj:SAMEA4384070_2688	ko:K03077
sfj:SAMEA4384070_2689	ko:K04062
sfj:SAMEA4384070_2690	ko:K03113
sfj:SAMEA4384070_2691	ko:K01591
sfj:SAMEA4384070_2694	ko:K19804
sfj:SAMEA4384070_2695	ko:K08992
sfj:SAMEA4384070_2696	ko:K01096
sfj:SAMEA4384070_2697	ko:K01497
sfj:SAMEA4384070_2698	ko:K27802
sfj:SAMEA4384070_2701	ko:K13634
sfj:SAMEA4384070_2702	ko:K03168
sfj:SAMEA4384070_2704	ko:K04774
sfj:SAMEA4384070_2706	ko:K19221
sfj:SAMEA4384070_2707	ko:K06178
sfj:SAMEA4384070_2711	ko:K07053
sfj:SAMEA4384070_2713	ko:K01657
sfj:SAMEA4384070_2714	ko:K01658
sfj:SAMEA4384070_2715	ko:K00766
sfj:SAMEA4384070_2716	ko:K13498
sfj:SAMEA4384070_2717	ko:K01696
sfj:SAMEA4384070_2718	ko:K01695
sfj:SAMEA4384070_2720	ko:K07275
sfj:SAMEA4384070_2721	ko:K06940
sfj:SAMEA4384070_2724	ko:K06190
sfj:SAMEA4384070_2725	ko:K10806
sfj:SAMEA4384070_2726	ko:K03832
sfj:SAMEA4384070_2727	ko:K09765
sfj:SAMEA4384070_2728	ko:K09780
sfj:SAMEA4384070_2733	ko:K04047
sfj:SAMEA4384070_2735	ko:K06131
sfj:SAMEA4384070_2736	ko:K09901
sfj:SAMEA4384070_2737	ko:K10823
sfj:SAMEA4384070_2738	ko:K15583
sfj:SAMEA4384070_2739	ko:K15582
sfj:SAMEA4384070_2740	ko:K15581
sfj:SAMEA4384070_2741	ko:K15580
sfj:SAMEA4384070_2742	ko:K15580
sfj:SAMEA4384070_2744	ko:K04072
sfj:SAMEA4384070_2745	ko:K00857
sfj:SAMEA4384070_2746	ko:K03746
sfj:SAMEA4384070_2747	ko:K08679
sfj:SAMEA4384070_2748	ko:K00012
sfj:SAMEA4384070_2749	ko:K00963
sfj:SAMEA4384070_2750	ko:K02485
sfj:SAMEA4384070_2751	ko:K07001
sfj:SAMEA4384070_2752	ko:K09858
sfj:SAMEA4384070_2753	ko:K01433
sfj:SAMEA4384070_2754	ko:K14236
sfj:SAMEA4384070_2755	ko:K14236
sfj:SAMEA4384070_2760	ko:K01142
sfj:SAMEA4384070_2761	ko:K08320
sfj:SAMEA4384070_2763	ko:K03169
sfj:SAMEA4384070_2764	ko:K06917
sfj:SAMEA4384070_2765	ko:K01008
sfj:SAMEA4384070_2767	ko:K04773
sfj:SAMEA4384070_2768	ko:K01424
sfj:SAMEA4384070_2769	ko:K08281
sfj:SAMEA4384070_2770	ko:K09916
sfj:SAMEA4384070_2771	ko:K07305
sfj:SAMEA4384070_2772	ko:K00134
sfj:SAMEA4384070_2773	ko:K01792
sfj:SAMEA4384070_2774	ko:K07274
sfj:SAMEA4384070_2775	ko:K07180
sfj:SAMEA4384070_2776	ko:K09786
sfj:SAMEA4384070_2781	ko:K28274
sfj:SAMEA4384070_2782	ko:K02014
sfj:SAMEA4384070_2788	ko:K07552
sfj:SAMEA4384070_2789	ko:K01775
sfj:SAMEA4384070_2790	ko:K00285
sfj:SAMEA4384070_2791	ko:K06415
sfj:SAMEA4384070_2792	ko:K03603
sfj:SAMEA4384070_2793	ko:K03314
sfj:SAMEA4384070_2794	ko:K03611
sfj:SAMEA4384070_2795	ko:K09160
sfj:SAMEA4384070_2796	ko:K29029
sfj:SAMEA4384070_2797	ko:K08305
sfj:SAMEA4384070_2798	ko:K09902
sfj:SAMEA4384070_2799	ko:K03610
sfj:SAMEA4384070_2800	ko:K03609
sfj:SAMEA4384070_2801	ko:K03608
sfj:SAMEA4384070_2802	ko:K03684
sfj:SAMEA4384070_2803	ko:K01897
sfj:SAMEA4384070_2804	ko:K07285
sfj:SAMEA4384070_2805	ko:K14742
sfj:SAMEA4384070_2806	ko:K03722
sfj:SAMEA4384070_2808	ko:K11742
sfj:SAMEA4384070_2809	ko:K11743
sfj:SAMEA4384070_2810	ko:K01625
sfj:SAMEA4384070_2811	ko:K00036
sfj:SAMEA4384070_2812	ko:K19337
sfj:SAMEA4384070_2813	ko:K00873
sfj:SAMEA4384070_2814	ko:K02560
sfj:SAMEA4384070_2815	ko:K19304
sfj:SAMEA4384070_2816	ko:K09815
sfj:SAMEA4384070_2817	ko:K09817
sfj:SAMEA4384070_2818	ko:K09816
sfj:SAMEA4384070_2819	ko:K03551
sfj:SAMEA4384070_2820	ko:K03550
sfj:SAMEA4384070_2821	ko:K01159
sfj:SAMEA4384070_2823	ko:K08310
sfj:SAMEA4384070_2824	ko:K01876
sfj:SAMEA4384070_2827	ko:K07136
sfj:SAMEA4384070_2828	ko:K15256
sfj:SAMEA4384070_2829	ko:K15257
sfj:SAMEA4384070_2830	ko:K03772
sfj:SAMEA4384070_2832	ko:K06201
sfj:SAMEA4384070_2833	ko:K14155
sfj:SAMEA4384070_2834	ko:K09907
sfj:SAMEA4384070_2835	ko:K01887
sfj:SAMEA4384070_2836	ko:K03980
sfj:SAMEA4384070_2837	ko:K03810
sfj:SAMEA4384070_2838	ko:K09915
sfj:SAMEA4384070_2839	ko:K03790
sfj:SAMEA4384070_2840	ko:K08162
sfj:SAMEA4384070_2842	ko:K03675
sfj:SAMEA4384070_2843	ko:K03688
sfj:SAMEA4384070_2846	ko:K09900
sfj:SAMEA4384070_2847	ko:K09918
sfj:SAMEA4384070_2848	ko:K05591
sfj:SAMEA4384070_2850	ko:K08289
sfj:SAMEA4384070_2851	ko:K09917
sfj:SAMEA4384070_2852	ko:K19354
sfj:SAMEA4384070_2853	ko:K01665
sfj:SAMEA4384070_2855	ko:K01752
sfj:SAMEA4384070_2856	ko:K21090
sfj:SAMEA4384070_2858	ko:K02794
sfj:SAMEA4384070_2859	ko:K02795
sfj:SAMEA4384070_2860	ko:K02796
sfj:SAMEA4384070_2862	ko:K23242
sfj:SAMEA4384070_2863	ko:K00563
sfj:SAMEA4384070_2868	ko:K11734
sfj:SAMEA4384070_2876	ko:K08987
sfj:SAMEA4384070_2877	ko:K06911
sfj:SAMEA4384070_2883	ko:K05526
sfj:SAMEA4384070_2884	ko:K01484
sfj:SAMEA4384070_2885	ko:K06447
sfj:SAMEA4384070_2886	ko:K00673
sfj:SAMEA4384070_2887	ko:K00840
sfj:SAMEA4384070_2889	ko:K02032
sfj:SAMEA4384070_2890	ko:K02031
sfj:SAMEA4384070_2891	ko:K02034
sfj:SAMEA4384070_2892	ko:K02033
sfj:SAMEA4384070_2893	ko:K02035
sfj:SAMEA4384070_2895	ko:K00425
sfj:SAMEA4384070_2896	ko:K00426
sfj:SAMEA4384070_2898	ko:K00374
sfj:SAMEA4384070_2899	ko:K00373
sfj:SAMEA4384070_2900	ko:K00371
sfj:SAMEA4384070_2901	ko:K00370
sfj:SAMEA4384070_2909	ko:K16692
sfj:SAMEA4384070_2910	ko:K01991
sfj:SAMEA4384070_2911	ko:K02851
sfj:SAMEA4384070_2913	ko:K19997
sfj:SAMEA4384070_2915	ko:K02575
sfj:SAMEA4384070_2916	ko:K07673
sfj:SAMEA4384070_2917	ko:K07684
sfj:SAMEA4384070_2921	ko:K02303
sfj:SAMEA4384070_2922	ko:K00372
sfj:SAMEA4384070_2923	ko:K00361
sfj:SAMEA4384070_2924	ko:K15578
sfj:SAMEA4384070_2925	ko:K15577
sfj:SAMEA4384070_2926	ko:K15576
sfj:SAMEA4384070_2928	ko:K02035
sfj:SAMEA4384070_2929	ko:K02032
sfj:SAMEA4384070_2930	ko:K02031
sfj:SAMEA4384070_2931	ko:K02034
sfj:SAMEA4384070_2932	ko:K02033
sfj:SAMEA4384070_2933	ko:K02035
sfj:SAMEA4384070_2934	ko:K13635
sfj:SAMEA4384070_2935	ko:K07232
sfj:SAMEA4384070_2936	ko:K06197
sfj:SAMEA4384070_2938	ko:K07300
sfj:SAMEA4384070_2939	ko:K12979
sfj:SAMEA4384070_2940	ko:K06217
sfj:SAMEA4384070_2942	ko:K02014
sfj:SAMEA4384070_2943	ko:K16301
sfj:SAMEA4384070_2944	ko:K07224
sfj:SAMEA4384070_2945	ko:K07243
sfj:SAMEA4384070_2946	ko:K11928
sfj:SAMEA4384070_2947	ko:K13821
sfj:SAMEA4384070_2948	ko:K10010
sfj:SAMEA4384070_2949	ko:K10009
sfj:SAMEA4384070_2950	ko:K02424
sfj:SAMEA4384070_2951	ko:K05396
sfj:SAMEA4384070_2952	ko:K02425
sfj:SAMEA4384070_2953	ko:K02405
sfj:SAMEA4384070_2954	ko:K02406
sfj:SAMEA4384070_2955	ko:K02407
sfj:SAMEA4384070_2956	ko:K02422
sfj:SAMEA4384070_2957	ko:K02423
sfj:SAMEA4384070_2962	ko:K02408
sfj:SAMEA4384070_2963	ko:K02409
sfj:SAMEA4384070_2964	ko:K02410
sfj:SAMEA4384070_2965	ko:K02411
sfj:SAMEA4384070_2966	ko:K02412
sfj:SAMEA4384070_2967	ko:K02413
sfj:SAMEA4384070_2968	ko:K02414
sfj:SAMEA4384070_2969	ko:K02415
sfj:SAMEA4384070_2970	ko:K02416
sfj:SAMEA4384070_2971	ko:K02417
sfj:SAMEA4384070_2972	ko:K02418
sfj:SAMEA4384070_2973	ko:K02419
sfj:SAMEA4384070_2974	ko:K02420
sfj:SAMEA4384070_2975	ko:K02421
sfj:SAMEA4384070_2977	ko:K02397
sfj:SAMEA4384070_2978	ko:K02396
sfj:SAMEA4384070_2979	ko:K02395
sfj:SAMEA4384070_2980	ko:K02394
sfj:SAMEA4384070_2981	ko:K02393
sfj:SAMEA4384070_2982	ko:K02392
sfj:SAMEA4384070_2983	ko:K02391
sfj:SAMEA4384070_2984	ko:K02390
sfj:SAMEA4384070_2985	ko:K02389
sfj:SAMEA4384070_2986	ko:K02388
sfj:SAMEA4384070_2987	ko:K02387
sfj:SAMEA4384070_2988	ko:K02386
sfj:SAMEA4384070_2989	ko:K02398
sfj:SAMEA4384070_2990	ko:K02399
sfj:SAMEA4384070_2992	ko:K07726
sfj:SAMEA4384070_2993	ko:K03516
sfj:SAMEA4384070_2994	ko:K02400
sfj:SAMEA4384070_2995	ko:K02401
sfj:SAMEA4384070_2996	ko:K18828
sfj:SAMEA4384070_2997	ko:K18829
sfj:SAMEA4384070_2998	ko:K03414
sfj:SAMEA4384070_2999	ko:K03413
sfj:SAMEA4384070_3000	ko:K03412
sfj:SAMEA4384070_3001	ko:K00575
sfj:SAMEA4384070_3002	ko:K05877
sfj:SAMEA4384070_3003	ko:K05874
sfj:SAMEA4384070_3004	ko:K03408
sfj:SAMEA4384070_3005	ko:K03407
sfj:SAMEA4384070_3006	ko:K02557
sfj:SAMEA4384070_3007	ko:K02556
sfj:SAMEA4384070_3008	ko:K02402
sfj:SAMEA4384070_3009	ko:K02403
sfj:SAMEA4384070_3011	ko:K14064
sfj:SAMEA4384070_3012	ko:K23256
sfj:SAMEA4384070_3013	ko:K01304
sfj:SAMEA4384070_3016	ko:K11906
sfj:SAMEA4384070_3017	ko:K11893
sfj:SAMEA4384070_3018	ko:K11892
sfj:SAMEA4384070_3019	ko:K11891
sfj:SAMEA4384070_3020	ko:K11890
sfj:SAMEA4384070_3021	ko:K11902
sfj:SAMEA4384070_3022	ko:K11901
sfj:SAMEA4384070_3023	ko:K11900
sfj:SAMEA4384070_3024	ko:K11903
sfj:SAMEA4384070_3028	ko:K07169
sfj:SAMEA4384070_3029	ko:K20074
sfj:SAMEA4384070_3031	ko:K11898
sfj:SAMEA4384070_3032	ko:K11897
sfj:SAMEA4384070_3033	ko:K11896
sfj:SAMEA4384070_3034	ko:K11895
sfj:SAMEA4384070_3035	ko:K11907
sfj:SAMEA4384070_3037	ko:K11904
sfj:SAMEA4384070_3043	ko:K07470
sfj:SAMEA4384070_3044	ko:K00453
sfj:SAMEA4384070_3047	ko:K00059
sfj:SAMEA4384070_3048	ko:K02431
sfj:SAMEA4384070_3050	ko:K00433
sfj:SAMEA4384070_3055	ko:K09930
sfj:SAMEA4384070_3057	ko:K16922
sfj:SAMEA4384070_3059	ko:K15256
sfj:SAMEA4384070_3061	ko:K03502
sfj:SAMEA4384070_3062	ko:K16088
sfj:SAMEA4384070_3063	ko:K03503
sfj:SAMEA4384070_3064	ko:K00425
sfj:SAMEA4384070_3065	ko:K00426
sfj:SAMEA4384070_3068	ko:K07223
sfj:SAMEA4384070_3069	ko:K02379
sfj:SAMEA4384070_3070	ko:K08994
sfj:SAMEA4384070_3071	ko:K03636
sfj:SAMEA4384070_3072	ko:K03639
sfj:SAMEA4384070_3074	ko:K00426
sfj:SAMEA4384070_3075	ko:K00425
sfj:SAMEA4384070_3079	ko:K02624
sfj:SAMEA4384070_3080	ko:K01031
sfj:SAMEA4384070_3081	ko:K01032
sfj:SAMEA4384070_3082	ko:K07823
sfj:SAMEA4384070_3083	ko:K01055
sfj:SAMEA4384070_3084	ko:K01856
sfj:SAMEA4384070_3085	ko:K03464
sfj:SAMEA4384070_3086	ko:K03381
sfj:SAMEA4384070_3087	ko:K05549
sfj:SAMEA4384070_3088	ko:K05550
sfj:SAMEA4384070_3089	ko:K05784
sfj:SAMEA4384070_3090	ko:K05783
sfj:SAMEA4384070_3091	ko:K06048
sfj:SAMEA4384070_3094	ko:K09936
sfj:SAMEA4384070_3095	ko:K09936
sfj:SAMEA4384070_3098	ko:K01531
sfj:SAMEA4384070_3099	ko:K07507
sfj:SAMEA4384070_3101	ko:K03566
sfj:SAMEA4384070_3104	ko:K07781
sfj:SAMEA4384070_3118	ko:K04750
sfj:SAMEA4384070_3121	ko:K02618
sfj:SAMEA4384070_3122	ko:K02609
sfj:SAMEA4384070_3123	ko:K02610
sfj:SAMEA4384070_3124	ko:K02611
sfj:SAMEA4384070_3125	ko:K02612
sfj:SAMEA4384070_3126	ko:K02613
sfj:SAMEA4384070_3127	ko:K01692
sfj:SAMEA4384070_3128	ko:K15866
sfj:SAMEA4384070_3129	ko:K00074
sfj:SAMEA4384070_3130	ko:K02614
sfj:SAMEA4384070_3131	ko:K02615
sfj:SAMEA4384070_3132	ko:K01912
sfj:SAMEA4384070_3133	ko:K02616
sfj:SAMEA4384070_3134	ko:K02617
sfj:SAMEA4384070_3136	ko:K09022
sfj:SAMEA4384070_3139	ko:K00799
sfj:SAMEA4384070_3140	ko:K07006
sfj:SAMEA4384070_3142	ko:K00135
sfj:SAMEA4384070_3145	ko:K00117
sfj:SAMEA4384070_3147	ko:K02532
sfj:SAMEA4384070_3148	ko:K07406
sfj:SAMEA4384070_3150	ko:K26937
sfj:SAMEA4384070_3155	ko:K02345
sfj:SAMEA4384070_3156	ko:K02073
sfj:SAMEA4384070_3157	ko:K14233
sfj:SAMEA4384070_3158	ko:K09933
sfj:SAMEA4384070_3159	ko:K14220
sfj:SAMEA4384070_3160	ko:K11102
sfj:SAMEA4384070_3161	ko:K06991
sfj:SAMEA4384070_3171	ko:K16137
sfj:SAMEA4384070_3172	ko:K10680
sfj:SAMEA4384070_3175	ko:K02012
sfj:SAMEA4384070_3176	ko:K02011
sfj:SAMEA4384070_3177	ko:K02010
sfj:SAMEA4384070_3178	ko:K01092
sfj:SAMEA4384070_3179	ko:K00134
sfj:SAMEA4384070_3184	ko:K03707
sfj:SAMEA4384070_3185	ko:K15600
sfj:SAMEA4384070_3186	ko:K15599
sfj:SAMEA4384070_3187	ko:K15598
sfj:SAMEA4384070_3188	ko:K02030
sfj:SAMEA4384070_3189	ko:K01002
sfj:SAMEA4384070_3190	ko:K01241
sfj:SAMEA4384070_3191	ko:K19338
sfj:SAMEA4384070_3192	ko:K14220
sfj:SAMEA4384070_3193	ko:K07552
sfj:SAMEA4384070_3194	ko:K06889
sfj:SAMEA4384070_3196	ko:K07665
sfj:SAMEA4384070_3197	ko:K07644
sfj:SAMEA4384070_3202	ko:K06221
sfj:SAMEA4384070_3206	ko:K00077
sfj:SAMEA4384070_3208	ko:K03566
sfj:SAMEA4384070_3210	ko:K02761
sfj:SAMEA4384070_3211	ko:K01223
sfj:SAMEA4384070_3212	ko:K02760
sfj:SAMEA4384070_3213	ko:K13637
sfj:SAMEA4384070_3215	ko:K02759
sfj:SAMEA4384070_3216	ko:K01223
sfj:SAMEA4384070_3217	ko:K02761
sfj:SAMEA4384070_3218	ko:K02760
sfj:SAMEA4384070_3221	ko:K23775
sfj:SAMEA4384070_3222	ko:K06988
sfj:SAMEA4384070_3224	ko:K07124
sfj:SAMEA4384070_3225	ko:K16137
sfj:SAMEA4384070_3226	ko:K16090
sfj:SAMEA4384070_3227	ko:K07336
sfj:SAMEA4384070_3235	ko:K02073
sfj:SAMEA4384070_3236	ko:K02072
sfj:SAMEA4384070_3237	ko:K02071
sfj:SAMEA4384070_3238	ko:K20938
sfj:SAMEA4384070_3240	ko:K04091
sfj:SAMEA4384070_3244	ko:K02031
sfj:SAMEA4384070_3244	ko:K02032
sfj:SAMEA4384070_3245	ko:K02034
sfj:SAMEA4384070_3246	ko:K02033
sfj:SAMEA4384070_3247	ko:K02035
sfj:SAMEA4384070_3249	ko:K01872
sfj:SAMEA4384070_3251	ko:K03919
sfj:SAMEA4384070_3252	ko:K05786
sfj:SAMEA4384070_3253	ko:K00216
sfj:SAMEA4384070_3254	ko:K02361
sfj:SAMEA4384070_3255	ko:K02362
sfj:SAMEA4384070_3256	ko:K01085
sfj:SAMEA4384070_3257	ko:K09477
sfj:SAMEA4384070_3258	ko:K05966
sfj:SAMEA4384070_3259	ko:K05964
sfj:SAMEA4384070_3260	ko:K01643
sfj:SAMEA4384070_3261	ko:K01644
sfj:SAMEA4384070_3262	ko:K01646
sfj:SAMEA4384070_3263	ko:K01910
sfj:SAMEA4384070_3264	ko:K07702
sfj:SAMEA4384070_3265	ko:K14220
sfj:SAMEA4384070_3266	ko:K02532
sfj:SAMEA4384070_3267	ko:K01190
sfj:SAMEA4384070_3268	ko:K27069
sfj:SAMEA4384070_3269	ko:K03782
sfj:SAMEA4384070_3270	ko:K00459
sfj:SAMEA4384070_3271	ko:K08369
sfj:SAMEA4384070_3272	ko:K08159
sfj:SAMEA4384070_3275	ko:K02529
sfj:SAMEA4384070_3276	ko:K00476
sfj:SAMEA4384070_3277	ko:K01996
sfj:SAMEA4384070_3278	ko:K01995
sfj:SAMEA4384070_3279	ko:K01998
sfj:SAMEA4384070_3280	ko:K01997
sfj:SAMEA4384070_3281	ko:K01999
sfj:SAMEA4384070_3282	ko:K14220
sfj:SAMEA4384070_3287	ko:K00558
sfj:SAMEA4384070_3290	ko:K00549
sfj:SAMEA4384070_3295	ko:K03288
sfj:SAMEA4384070_3296	ko:K02020
sfj:SAMEA4384070_3298	ko:K23467
sfj:SAMEA4384070_3299	ko:K23463
sfj:SAMEA4384070_3300	ko:K23464
sfj:SAMEA4384070_3301	ko:K23462
sfj:SAMEA4384070_3302	ko:K23465
sfj:SAMEA4384070_3304	ko:K23466
sfj:SAMEA4384070_3306	ko:K13979
sfj:SAMEA4384070_3310	ko:K02529
sfj:SAMEA4384070_3311	ko:K03077
sfj:SAMEA4384070_3312	ko:K03079
sfj:SAMEA4384070_3313	ko:K00880
sfj:SAMEA4384070_3314	ko:K10440
sfj:SAMEA4384070_3315	ko:K10441
sfj:SAMEA4384070_3316	ko:K10439
sfj:SAMEA4384070_3317	ko:K23271
sfj:SAMEA4384070_3318	ko:K09802
sfj:SAMEA4384070_3320	ko:K11066
sfj:SAMEA4384070_3324	ko:K02345
sfj:SAMEA4384070_3325	ko:K01141
sfj:SAMEA4384070_3327	ko:K09470
sfj:SAMEA4384070_3328	ko:K14056
sfj:SAMEA4384070_3329	ko:K02056
sfj:SAMEA4384070_3330	ko:K02057
sfj:SAMEA4384070_3331	ko:K16089
sfj:SAMEA4384070_3332	ko:K02013
sfj:SAMEA4384070_3333	ko:K02015
sfj:SAMEA4384070_3335	ko:K11733
sfj:SAMEA4384070_3339	ko:K01151
sfj:SAMEA4384070_3341	ko:K02770
sfj:SAMEA4384070_3342	ko:K00882
sfj:SAMEA4384070_3343	ko:K11183
sfj:SAMEA4384070_3344	ko:K03574
sfj:SAMEA4384070_3345	ko:K03532
sfj:SAMEA4384070_3346	ko:K07812
sfj:SAMEA4384070_3347	ko:K03291
sfj:SAMEA4384070_3348	ko:K06940
sfj:SAMEA4384070_3349	ko:K03835
sfj:SAMEA4384070_3350	ko:K02356
sfj:SAMEA4384070_3351	ko:K01686
sfj:SAMEA4384070_3352	ko:K00040
sfj:SAMEA4384070_3355	ko:K19803
sfj:SAMEA4384070_3356	ko:K13694
sfj:SAMEA4384070_3358	ko:K26148
sfj:SAMEA4384070_3359	ko:K13893
sfj:SAMEA4384070_3360	ko:K13894
sfj:SAMEA4384070_3361	ko:K13895
sfj:SAMEA4384070_3362	ko:K13896
sfj:SAMEA4384070_3364	ko:K07552
sfj:SAMEA4384070_3365	ko:K06183
sfj:SAMEA4384070_3366	ko:K19789
sfj:SAMEA4384070_3367	ko:K02897
sfj:SAMEA4384070_3368	ko:K06899
sfj:SAMEA4384070_3369	ko:K09904
sfj:SAMEA4384070_3370	ko:K07014
sfj:SAMEA4384070_3371	ko:K14232
sfj:SAMEA4384070_3373	ko:K14234
sfj:SAMEA4384070_3374	ko:K14233
sfj:SAMEA4384070_3375	ko:K04064
sfj:SAMEA4384070_3376	ko:K09958
sfj:SAMEA4384070_3379	ko:K09475
sfj:SAMEA4384070_3382	ko:K07676
sfj:SAMEA4384070_3383	ko:K07687
sfj:SAMEA4384070_3384	ko:K07677
sfj:SAMEA4384070_3385	ko:K02469
sfj:SAMEA4384070_3386	ko:K00568
sfj:SAMEA4384070_3387	ko:K00525
sfj:SAMEA4384070_3388	ko:K00526
sfj:SAMEA4384070_3389	ko:K11107
sfj:SAMEA4384070_3392	ko:K03834
sfj:SAMEA4384070_3394	ko:K03781
sfj:SAMEA4384070_3395	ko:K01911
sfj:SAMEA4384070_3396	ko:K02549
sfj:SAMEA4384070_3397	ko:K01661
sfj:SAMEA4384070_3398	ko:K08680
sfj:SAMEA4384070_3399	ko:K02551
sfj:SAMEA4384070_3400	ko:K13688
sfj:SAMEA4384070_3401	ko:K05594
sfj:SAMEA4384070_3402	ko:K00098
sfj:SAMEA4384070_3403	ko:K00046
sfj:SAMEA4384070_3404	ko:K06146
sfj:SAMEA4384070_3411	ko:K00343
sfj:SAMEA4384070_3412	ko:K00342
sfj:SAMEA4384070_3413	ko:K00341
sfj:SAMEA4384070_3414	ko:K00340
sfj:SAMEA4384070_3415	ko:K00339
sfj:SAMEA4384070_3416	ko:K00338
sfj:SAMEA4384070_3417	ko:K00337
sfj:SAMEA4384070_3418	ko:K00336
sfj:SAMEA4384070_3420	ko:K00335
sfj:SAMEA4384070_3421	ko:K00334
sfj:SAMEA4384070_3422	ko:K13378
sfj:SAMEA4384070_3423	ko:K00331
sfj:SAMEA4384070_3424	ko:K00330
sfj:SAMEA4384070_3426	ko:K14260
sfj:SAMEA4384070_3427	ko:K08722
sfj:SAMEA4384070_3429	ko:K19270
sfj:SAMEA4384070_3430	ko:K09161
sfj:SAMEA4384070_3431	ko:K09899
sfj:SAMEA4384070_3432	ko:K00925
sfj:SAMEA4384070_3433	ko:K13788
sfj:SAMEA4384070_3436	ko:K00615
sfj:SAMEA4384070_3437	ko:K00615
sfj:SAMEA4384070_3438	ko:K03475
sfj:SAMEA4384070_3439	ko:K02822
sfj:SAMEA4384070_3440	ko:K02821
sfj:SAMEA4384070_3443	ko:K07095
sfj:SAMEA4384070_3444	ko:K26933
sfj:SAMEA4384070_3445	ko:K11209
sfj:SAMEA4384070_3446	ko:K07589
sfj:SAMEA4384070_3447	ko:K07071
sfj:SAMEA4384070_3448	ko:K10017
sfj:SAMEA4384070_3449	ko:K10015
sfj:SAMEA4384070_3450	ko:K10016
sfj:SAMEA4384070_3452	ko:K03186
sfj:SAMEA4384070_3453	ko:K00764
sfj:SAMEA4384070_3454	ko:K03558
sfj:SAMEA4384070_3455	ko:K03749
sfj:SAMEA4384070_3456	ko:K11754
sfj:SAMEA4384070_3457	ko:K01963
sfj:SAMEA4384070_3458	ko:K03975
sfj:SAMEA4384070_3459	ko:K06173
sfj:SAMEA4384070_3461	ko:K03473
sfj:SAMEA4384070_3464	ko:K07649
sfj:SAMEA4384070_3465	ko:K07774
sfj:SAMEA4384070_3467	ko:K07795
sfj:SAMEA4384070_3468	ko:K07794
sfj:SAMEA4384070_3469	ko:K07793
sfj:SAMEA4384070_3476	ko:K08344
sfj:SAMEA4384070_3481	ko:K01258
sfj:SAMEA4384070_3483	ko:K03734
sfj:SAMEA4384070_3485	ko:K00647
sfj:SAMEA4384070_3486	ko:K15461
sfj:SAMEA4384070_3488	ko:K09906
sfj:SAMEA4384070_3489	ko:K07090
sfj:SAMEA4384070_3490	ko:K07261
sfj:SAMEA4384070_3491	ko:K01736
sfj:SAMEA4384070_3492	ko:K07320
sfj:SAMEA4384070_3494	ko:K08296
sfj:SAMEA4384070_3495	ko:K01782
sfj:SAMEA4384070_3496	ko:K00632
sfj:SAMEA4384070_3498	ko:K06076
sfj:SAMEA4384070_3499	ko:K15532
sfj:SAMEA4384070_3500	ko:K16210
sfj:SAMEA4384070_3501	ko:K04754
sfj:SAMEA4384070_3503	ko:K02200
sfj:SAMEA4384070_3504	ko:K02199
sfj:SAMEA4384070_3505	ko:K02198
sfj:SAMEA4384070_3506	ko:K02197
sfj:SAMEA4384070_3507	ko:K02196
sfj:SAMEA4384070_3508	ko:K02195
sfj:SAMEA4384070_3509	ko:K02194
sfj:SAMEA4384070_3510	ko:K02193
sfj:SAMEA4384070_3511	ko:K21990
sfj:SAMEA4384070_3512	ko:K14219
sfj:SAMEA4384070_3513	ko:K06867
sfj:SAMEA4384070_3519	ko:K13636
sfj:SAMEA4384070_3522	ko:K08305
sfj:SAMEA4384070_3524	ko:K11937
sfj:SAMEA4384070_3525	ko:K11936
sfj:SAMEA4384070_3526	ko:K11931
sfj:SAMEA4384070_3527	ko:K11935
sfj:SAMEA4384070_3529	ko:K18843
sfj:SAMEA4384070_3532	ko:K14261
sfj:SAMEA4384070_3535	ko:K27884
sfj:SAMEA4384070_3536	ko:K27885
sfj:SAMEA4384070_3538	ko:K08177
sfj:SAMEA4384070_3539	ko:K00845
sfj:SAMEA4384070_3540	ko:K03281
sfj:SAMEA4384070_3541	ko:K25316
sfj:SAMEA4384070_3544	ko:K04103
sfj:SAMEA4384070_3545	ko:K19265
sfj:SAMEA4384070_3547	ko:K03322
sfj:SAMEA4384070_3548	ko:K11535
sfj:SAMEA4384070_3549	ko:K14218
sfj:SAMEA4384070_3550	ko:K14218
sfj:SAMEA4384070_3551	ko:K21993
sfj:SAMEA4384070_3552	ko:K01885
sfj:SAMEA4384070_3553	ko:K14237
sfj:SAMEA4384070_3554	ko:K14237
sfj:SAMEA4384070_3555	ko:K14237
sfj:SAMEA4384070_3556	ko:K14229
sfj:SAMEA4384070_3558	ko:K23185
sfj:SAMEA4384070_3559	ko:K23186
sfj:SAMEA4384070_3560	ko:K23187
sfj:SAMEA4384070_3561	ko:K23188
sfj:SAMEA4384070_3562	ko:K12368
sfj:SAMEA4384070_3563	ko:K01652
sfj:SAMEA4384070_3564	ko:K01575
sfj:SAMEA4384070_3566	ko:K03736
sfj:SAMEA4384070_3567	ko:K03735
sfj:SAMEA4384070_3568	ko:K09962
sfj:SAMEA4384070_3570	ko:K14347
sfj:SAMEA4384070_3571	ko:K09954
sfj:SAMEA4384070_3572	ko:K01972
sfj:SAMEA4384070_3573	ko:K03528
sfj:SAMEA4384070_3574	ko:K06203
sfj:SAMEA4384070_3575	ko:K01738
sfj:SAMEA4384070_3576	ko:K02784
sfj:SAMEA4384070_3577	ko:K08483
sfj:SAMEA4384070_3578	ko:K02777
sfj:SAMEA4384070_3579	ko:K02484
sfj:SAMEA4384070_3580	ko:K02483
sfj:SAMEA4384070_3581	ko:K13888
sfj:SAMEA4384070_3582	ko:K05685
sfj:SAMEA4384070_3583	ko:K12339
sfj:SAMEA4384070_3584	ko:K02045
sfj:SAMEA4384070_3585	ko:K02047
sfj:SAMEA4384070_3586	ko:K02046
sfj:SAMEA4384070_3587	ko:K02048
sfj:SAMEA4384070_3588	ko:K07223
sfj:SAMEA4384070_3593	ko:K01448
sfj:SAMEA4384070_3594	ko:K00228
sfj:SAMEA4384070_3595	ko:K09768
sfj:SAMEA4384070_3597	ko:K16235
sfj:SAMEA4384070_3598	ko:K00547
sfj:SAMEA4384070_3599	ko:K07341
sfj:SAMEA4384070_3600	ko:K19165
sfj:SAMEA4384070_3601	ko:K00029
sfj:SAMEA4384070_3603	ko:K17733
sfj:SAMEA4384070_3605	ko:K01183
sfj:SAMEA4384070_3609	ko:K05879
sfj:SAMEA4384070_3610	ko:K05878
sfj:SAMEA4384070_3613	ko:K23271
sfj:SAMEA4384070_3614	ko:K01808
sfj:SAMEA4384070_3615	ko:K00616
sfj:SAMEA4384070_3616	ko:K00615
sfj:SAMEA4384070_3617	ko:K12945
sfj:SAMEA4384070_3618	ko:K07674
sfj:SAMEA4384070_3619	ko:K07685
sfj:SAMEA4384070_3621	ko:K18324
sfj:SAMEA4384070_3625	ko:K01439
sfj:SAMEA4384070_3628	ko:K06999
sfj:SAMEA4384070_3629	ko:K06957
sfj:SAMEA4384070_3630	ko:K07054
sfj:SAMEA4384070_3631	ko:K01923
sfj:SAMEA4384070_3632	ko:K07287
sfj:SAMEA4384070_3633	ko:K01714
sfj:SAMEA4384070_3634	ko:K03567
sfj:SAMEA4384070_3635	ko:K03564
sfj:SAMEA4384070_3636	ko:K03548
sfj:SAMEA4384070_3637	ko:K25227
sfj:SAMEA4384070_3638	ko:K02014
sfj:SAMEA4384070_3644	ko:K03885
sfj:SAMEA4384070_3646	ko:K01423
sfj:SAMEA4384070_3647	ko:K00537
sfj:SAMEA4384070_3648	ko:K10763
sfj:SAMEA4384070_3651	ko:K02824
sfj:SAMEA4384070_3652	ko:K00761
sfj:SAMEA4384070_3653	ko:K01933
sfj:SAMEA4384070_3654	ko:K11175
sfj:SAMEA4384070_3655	ko:K00657
sfj:SAMEA4384070_3658	ko:K02036
sfj:SAMEA4384070_3659	ko:K02038
sfj:SAMEA4384070_3660	ko:K02037
sfj:SAMEA4384070_3661	ko:K00937
sfj:SAMEA4384070_3662	ko:K01524
sfj:SAMEA4384070_3664	ko:K06213
sfj:SAMEA4384070_3665	ko:K13529
sfj:SAMEA4384070_3666	ko:K04046
sfj:SAMEA4384070_3668	ko:K07006
sfj:SAMEA4384070_3670	ko:K07799
sfj:SAMEA4384070_3671	ko:K07788
sfj:SAMEA4384070_3672	ko:K07789
sfj:SAMEA4384070_3673	ko:K18326
sfj:SAMEA4384070_3674	ko:K07642
sfj:SAMEA4384070_3675	ko:K07664
sfj:SAMEA4384070_3676	ko:K09946
sfj:SAMEA4384070_3677	ko:K08303
sfj:SAMEA4384070_3680	ko:K08323
sfj:SAMEA4384070_3681	ko:K08322
sfj:SAMEA4384070_3682	ko:K08191
sfj:SAMEA4384070_3683	ko:K00040
sfj:SAMEA4384070_3685	ko:K22293
sfj:SAMEA4384070_3686	ko:K11645
sfj:SAMEA4384070_3687	ko:K02783
sfj:SAMEA4384070_3688	ko:K02782
sfj:SAMEA4384070_3689	ko:K02781
sfj:SAMEA4384070_3690	ko:K00068
sfj:SAMEA4384070_3691	ko:K02466
sfj:SAMEA4384070_3692	ko:K02468
sfj:SAMEA4384070_3693	ko:K02467
sfj:SAMEA4384070_3695	ko:K00941
sfj:SAMEA4384070_3696	ko:K00878
sfj:SAMEA4384070_3701	ko:K19164
sfj:SAMEA4384070_3702	ko:K19163
sfj:SAMEA4384070_3703	ko:K06182
sfj:SAMEA4384070_3710	ko:K19577
sfj:SAMEA4384070_3713	ko:K01951
sfj:SAMEA4384070_3714	ko:K00088
sfj:SAMEA4384070_3715	ko:K03601
sfj:SAMEA4384070_3716	ko:K01187
sfj:SAMEA4384070_3717	ko:K08191
sfj:SAMEA4384070_3722	ko:K13936
sfj:SAMEA4384070_3723	ko:K03977
sfj:SAMEA4384070_3724	ko:K17713
sfj:SAMEA4384070_3726	ko:K01892
sfj:SAMEA4384070_3727	ko:K03526
sfj:SAMEA4384070_3728	ko:K15539
sfj:SAMEA4384070_3729	ko:K02656
sfj:SAMEA4384070_3730	ko:K06941
sfj:SAMEA4384070_3731	ko:K00940
sfj:SAMEA4384070_3733	ko:K07751
sfj:SAMEA4384070_3735	ko:K04755
sfj:SAMEA4384070_3736	ko:K04044
sfj:SAMEA4384070_3737	ko:K04082
sfj:SAMEA4384070_3738	ko:K13628
sfj:SAMEA4384070_3739	ko:K04488
sfj:SAMEA4384070_3740	ko:K04487
sfj:SAMEA4384070_3741	ko:K13643
sfj:SAMEA4384070_3742	ko:K15396
sfj:SAMEA4384070_3743	ko:K01092
sfj:SAMEA4384070_3744	ko:K08970
sfj:SAMEA4384070_3747	ko:K05820
sfj:SAMEA4384070_3748	ko:K00600
sfj:SAMEA4384070_3749	ko:K05916
sfj:SAMEA4384070_3751	ko:K00316
sfj:SAMEA4384070_3752	ko:K00137
sfj:SAMEA4384070_3753	ko:K02053
sfj:SAMEA4384070_3754	ko:K02054
sfj:SAMEA4384070_3755	ko:K02052
sfj:SAMEA4384070_3756	ko:K02055
sfj:SAMEA4384070_3757	ko:K00137
sfj:SAMEA4384070_3759	ko:K04751
sfj:SAMEA4384070_3760	ko:K01950
sfj:SAMEA4384070_3761	ko:K07715
sfj:SAMEA4384070_3763	ko:K07711
sfj:SAMEA4384070_3766	ko:K01952
sfj:SAMEA4384070_3767	ko:K18691
sfj:SAMEA4384070_3768	ko:K11991
sfj:SAMEA4384070_3770	ko:K18697
sfj:SAMEA4384070_3771	ko:K02810
sfj:SAMEA4384070_3772	ko:K07106
sfj:SAMEA4384070_3777	ko:K00997
sfj:SAMEA4384070_3778	ko:K03474
sfj:SAMEA4384070_3779	ko:K03584
sfj:SAMEA4384070_3780	ko:K03595
sfj:SAMEA4384070_3782	ko:K03100
sfj:SAMEA4384070_3783	ko:K03596
sfj:SAMEA4384070_3785	ko:K03803
sfj:SAMEA4384070_3786	ko:K03598
sfj:SAMEA4384070_3787	ko:K03597
sfj:SAMEA4384070_3788	ko:K03088
sfj:SAMEA4384070_3789	ko:K00278
sfj:SAMEA4384070_3790	ko:K15460
sfj:SAMEA4384070_3791	ko:K05590
sfj:SAMEA4384070_3792	ko:K06867
sfj:SAMEA4384070_3794	ko:K06866
sfj:SAMEA4384070_3795	ko:K03648
sfj:SAMEA4384070_3796	ko:K03687
sfj:SAMEA4384070_3797	ko:K00858
sfj:SAMEA4384070_3798	ko:K03631
sfj:SAMEA4384070_3799	ko:K06186
sfj:SAMEA4384070_3800	ko:K09801
sfj:SAMEA4384070_3802	ko:K03664
sfj:SAMEA4384070_3803	ko:K15035
sfj:SAMEA4384070_3809	ko:K05275
sfj:SAMEA4384070_3812	ko:K03585
sfj:SAMEA4384070_3813	ko:K18138
sfj:SAMEA4384070_3818	ko:K06975
sfj:SAMEA4384070_3819	ko:K15977
sfj:SAMEA4384070_3832	ko:K00375
sfj:SAMEA4384070_3834	ko:K06191
sfj:SAMEA4384070_3835	ko:K03647
sfj:SAMEA4384070_3836	ko:K00525
sfj:SAMEA4384070_3837	ko:K00526
sfj:SAMEA4384070_3838	ko:K00059
sfj:SAMEA4384070_3839	ko:K18900
sfj:SAMEA4384070_3845	ko:K07001
sfj:SAMEA4384070_3847	ko:K07700
sfj:SAMEA4384070_3848	ko:K07702
sfj:SAMEA4384070_3849	ko:K02000
sfj:SAMEA4384070_3850	ko:K02001
sfj:SAMEA4384070_3851	ko:K02002
sfj:SAMEA4384070_3852	ko:K02002
sfj:SAMEA4384070_3855	ko:K26605
sfj:SAMEA4384070_3856	ko:K26606
sfj:SAMEA4384070_3857	ko:K15974
sfj:SAMEA4384070_3858	ko:K18139
sfj:SAMEA4384070_3859	ko:K03543
sfj:SAMEA4384070_3860	ko:K03446
sfj:SAMEA4384070_3861	ko:K03214
sfj:SAMEA4384070_3862	ko:K03672
sfj:SAMEA4384070_3863	ko:K05812
sfj:SAMEA4384070_3864	ko:K09181
sfj:SAMEA4384070_3865	ko:K00998
sfj:SAMEA4384070_3866	ko:K03761
sfj:SAMEA4384070_3867	ko:K01985
sfj:SAMEA4384070_3868	ko:K01980
sfj:SAMEA4384070_3870	ko:K14218
sfj:SAMEA4384070_3871	ko:K14227
sfj:SAMEA4384070_3872	ko:K01977
sfj:SAMEA4384070_3873	ko:K03273
sfj:SAMEA4384070_3874	ko:K02071
sfj:SAMEA4384070_3875	ko:K02072
sfj:SAMEA4384070_3876	ko:K02073
sfj:SAMEA4384070_3877	ko:K06080
sfj:SAMEA4384070_3878	ko:K22900
sfj:SAMEA4384070_3879	ko:K01881
sfj:SAMEA4384070_3880	ko:K06079
sfj:SAMEA4384070_3881	ko:K15034
sfj:SAMEA4384070_3883	ko:K19000
sfj:SAMEA4384070_3885	ko:K04075
sfj:SAMEA4384070_3886	ko:K08234
sfj:SAMEA4384070_3887	ko:K01582
sfj:SAMEA4384070_3888	ko:K01962
sfj:SAMEA4384070_3889	ko:K02337
sfj:SAMEA4384070_3890	ko:K03470
sfj:SAMEA4384070_3891	ko:K00748
sfj:SAMEA4384070_3892	ko:K00677
sfj:SAMEA4384070_3893	ko:K02372
sfj:SAMEA4384070_3894	ko:K02536
sfj:SAMEA4384070_3895	ko:K06142
sfj:SAMEA4384070_3896	ko:K07277
sfj:SAMEA4384070_3897	ko:K11749
sfj:SAMEA4384070_3898	ko:K00981
sfj:SAMEA4384070_3899	ko:K00806
sfj:SAMEA4384070_3900	ko:K00099
sfj:SAMEA4384070_3901	ko:K02838
sfj:SAMEA4384070_3902	ko:K09903
sfj:SAMEA4384070_3903	ko:K02357
sfj:SAMEA4384070_3904	ko:K02967
sfj:SAMEA4384070_3906	ko:K01265
sfj:SAMEA4384070_3907	ko:K00990
sfj:SAMEA4384070_3908	ko:K00674
sfj:SAMEA4384070_3911	ko:K06175
sfj:SAMEA4384070_3912	ko:K05367
sfj:SAMEA4384070_3913	ko:K06894
sfj:SAMEA4384070_3917	ko:K15723
sfj:SAMEA4384070_3918	ko:K06879
sfj:SAMEA4384070_3919	ko:K06966
sfj:SAMEA4384070_3920	ko:K01146
sfj:SAMEA4384070_3921	ko:K06968
sfj:SAMEA4384070_3923	ko:K03566
sfj:SAMEA4384070_3926	ko:K01766
sfj:SAMEA4384070_3927	ko:K02426
sfj:SAMEA4384070_3928	ko:K22132
sfj:SAMEA4384070_3929	ko:K08304
sfj:SAMEA4384070_3930	ko:K14230
sfj:SAMEA4384070_3931	ko:K14230
sfj:SAMEA4384070_3932	ko:K01448
sfj:SAMEA4384070_3933	ko:K14682
sfj:SAMEA4384070_3934	ko:K03581
sfj:SAMEA4384070_3935	ko:K03582
sfj:SAMEA4384070_3936	ko:K01407
sfj:SAMEA4384070_3937	ko:K03583
sfj:SAMEA4384070_3938	ko:K02681
sfj:SAMEA4384070_3940	ko:K02680
sfj:SAMEA4384070_3941	ko:K02679
sfj:SAMEA4384070_3942	ko:K00560
sfj:SAMEA4384070_3943	ko:K13292
sfj:SAMEA4384070_3944	ko:K08484
sfj:SAMEA4384070_3945	ko:K08311
sfj:SAMEA4384070_3946	ko:K03573
sfj:SAMEA4384070_3950	ko:K08227
sfj:SAMEA4384070_3951	ko:K05939
sfj:SAMEA4384070_3957	ko:K08351
sfj:SAMEA4384070_3958	ko:K02529
sfj:SAMEA4384070_3962	ko:K01586
sfj:SAMEA4384070_3964	ko:K19577
sfj:SAMEA4384070_3967	ko:K07396
sfj:SAMEA4384070_3969	ko:K02471
sfj:SAMEA4384070_3970	ko:K03449
sfj:SAMEA4384070_3972	ko:K06159
sfj:SAMEA4384070_3973	ko:K07357
sfj:SAMEA4384070_3975	ko:K07687
sfj:SAMEA4384070_3976	ko:K07349
sfj:SAMEA4384070_3978	ko:K07347
sfj:SAMEA4384070_3979	ko:K07346
sfj:SAMEA4384070_3980	ko:K07345
sfj:SAMEA4384070_3981	ko:K07357
sfj:SAMEA4384070_3982	ko:K02078
sfj:SAMEA4384070_3983	ko:K09458
sfj:SAMEA4384070_3984	ko:K18139
sfj:SAMEA4384070_3986	ko:K13888
sfj:SAMEA4384070_3989	ko:K03673
sfj:SAMEA4384070_3992	ko:K03303
sfj:SAMEA4384070_3993	ko:K29125
sfj:SAMEA4384070_3997	ko:K02168
sfj:SAMEA4384070_3998	ko:K02167
sfj:SAMEA4384070_4001	ko:K24821
sfj:SAMEA4384070_4002	ko:K23274
sfj:SAMEA4384070_4003	ko:K23273
sfj:SAMEA4384070_4004	ko:K23275
sfj:SAMEA4384070_4005	ko:K12943
sfj:SAMEA4384070_4006	ko:K21908
sfj:SAMEA4384070_4013	ko:K14225
sfj:SAMEA4384070_4014	ko:K04567
sfj:SAMEA4384070_4015	ko:K02836
sfj:SAMEA4384070_4017	ko:K07726
sfj:SAMEA4384070_4018	ko:K07462
sfj:SAMEA4384070_4019	ko:K03981
sfj:SAMEA4384070_4020	ko:K04763
sfj:SAMEA4384070_4021	ko:K03840
sfj:SAMEA4384070_4022	ko:K06143
sfj:SAMEA4384070_4023	ko:K07641
sfj:SAMEA4384070_4024	ko:K07663
sfj:SAMEA4384070_4025	ko:K19168
sfj:SAMEA4384070_4026	ko:K09159
sfj:SAMEA4384070_4027	ko:K06980
sfj:SAMEA4384070_4029	ko:K11068
sfj:SAMEA4384070_4033	ko:K02433
sfj:SAMEA4384070_4041	ko:K00281
sfj:SAMEA4384070_4042	ko:K02437
sfj:SAMEA4384070_4043	ko:K00605
sfj:SAMEA4384070_4044	ko:K18800
sfj:SAMEA4384070_4045	ko:K03185
sfj:SAMEA4384070_4046	ko:K01262
sfj:SAMEA4384070_4047	ko:K09895
sfj:SAMEA4384070_4048	ko:K09888
sfj:SAMEA4384070_4050	ko:K01934
sfj:SAMEA4384070_4051	ko:K00058
sfj:SAMEA4384070_4052	ko:K01807
sfj:SAMEA4384070_4053	ko:K05596
sfj:SAMEA4384070_4054	ko:K09807
sfj:SAMEA4384070_4055	ko:K06895
sfj:SAMEA4384070_4056	ko:K08195
sfj:SAMEA4384070_4057	ko:K03442
sfj:SAMEA4384070_4059	ko:K01624
sfj:SAMEA4384070_4060	ko:K00927
sfj:SAMEA4384070_4061	ko:K03472
sfj:SAMEA4384070_4062	ko:K02010
sfj:SAMEA4384070_4063	ko:K02011
sfj:SAMEA4384070_4064	ko:K02012
sfj:SAMEA4384070_4066	ko:K06878
sfj:SAMEA4384070_4068	ko:K03311
sfj:SAMEA4384070_4069	ko:K00615
sfj:SAMEA4384070_4070	ko:K07387
sfj:SAMEA4384070_4071	ko:K01652
sfj:SAMEA4384070_4073	ko:K06989
sfj:SAMEA4384070_4078	ko:K00529
sfj:SAMEA4384070_4086	ko:K06182
sfj:SAMEA4384070_4087	ko:K01480
sfj:SAMEA4384070_4089	ko:K07345
sfj:SAMEA4384070_4090	ko:K07347
sfj:SAMEA4384070_4091	ko:K07346
sfj:SAMEA4384070_4092	ko:K07345
sfj:SAMEA4384070_4093	ko:K01585
sfj:SAMEA4384070_4094	ko:K00789
sfj:SAMEA4384070_4096	ko:K23228
sfj:SAMEA4384070_4097	ko:K23227
sfj:SAMEA4384070_4098	ko:K10829
sfj:SAMEA4384070_4099	ko:K02014
sfj:SAMEA4384070_4100	ko:K05365
sfj:SAMEA4384070_4101	ko:K03579
sfj:SAMEA4384070_4102	ko:K01975
sfj:SAMEA4384070_4103	ko:K06206
sfj:SAMEA4384070_4104	ko:K06204
sfj:SAMEA4384070_4105	ko:K01894
sfj:SAMEA4384070_4107	ko:K00970
sfj:SAMEA4384070_4108	ko:K00950
sfj:SAMEA4384070_4109	ko:K07645
sfj:SAMEA4384070_4110	ko:K07666
sfj:SAMEA4384070_4111	ko:K00606
sfj:SAMEA4384070_4112	ko:K01918
sfj:SAMEA4384070_4113	ko:K01579
sfj:SAMEA4384070_4115	ko:K01992
sfj:SAMEA4384070_4116	ko:K01990
sfj:SAMEA4384070_4117	ko:K01673
sfj:SAMEA4384070_4118	ko:K00760
sfj:SAMEA4384070_4119	ko:K14588
sfj:SAMEA4384070_4121	ko:K00797
sfj:SAMEA4384070_4122	ko:K01611
sfj:SAMEA4384070_4123	ko:K09910
sfj:SAMEA4384070_4124	ko:K01682
sfj:SAMEA4384070_4125	ko:K00382
sfj:SAMEA4384070_4126	ko:K00627
sfj:SAMEA4384070_4127	ko:K00163
sfj:SAMEA4384070_4129	ko:K05799
sfj:SAMEA4384070_4130	ko:K11734
sfj:SAMEA4384070_4131	ko:K03292
sfj:SAMEA4384070_4136	ko:K07141
sfj:SAMEA4384070_4137	ko:K07402
sfj:SAMEA4384070_4138	ko:K05804
sfj:SAMEA4384070_4139	ko:K01676
sfj:SAMEA4384070_4140	ko:K02742
sfj:SAMEA4384070_4141	ko:K01150
sfj:SAMEA4384070_4142	ko:K09761
sfj:SAMEA4384070_4143	ko:K01920
sfj:SAMEA4384070_4144	ko:K07735
sfj:SAMEA4384070_4145	ko:K07447
sfj:SAMEA4384070_4146	ko:K02669
sfj:SAMEA4384070_4147	ko:K06997
sfj:SAMEA4384070_4148	ko:K00286
sfj:SAMEA4384070_4149	ko:K02221
sfj:SAMEA4384070_4150	ko:K09131
sfj:SAMEA4384070_4151	ko:K01519
sfj:SAMEA4384070_4156	ko:K01425
sfj:SAMEA4384070_4157	ko:K09923
sfj:SAMEA4384070_4158	ko:K03439
sfj:SAMEA4384070_4159	ko:K03575
sfj:SAMEA4384070_4161	ko:K08306
sfj:SAMEA4384070_4163	ko:K01581
sfj:SAMEA4384070_4164	ko:K14231
sfj:SAMEA4384070_4171	ko:K02346
sfj:SAMEA4384070_4175	ko:K14053
sfj:SAMEA4384070_4176	ko:K07407
sfj:SAMEA4384070_4179	ko:K08302
sfj:SAMEA4384070_4180	ko:K02082
sfj:SAMEA4384070_4181	ko:K16371
sfj:SAMEA4384070_4182	ko:K02081
sfj:SAMEA4384070_4185	ko:K01207
sfj:SAMEA4384070_4186	ko:K23722
sfj:SAMEA4384070_4188	ko:K11903
sfj:SAMEA4384070_4191	ko:K10974
sfj:SAMEA4384070_4193	ko:K09125
sfj:SAMEA4384070_4194	ko:K06879
sfj:SAMEA4384070_4195	ko:K01114
sfj:SAMEA4384070_4196	ko:K02016
sfj:SAMEA4384070_4197	ko:K16091
sfj:SAMEA4384070_4198	ko:K14057
sfj:SAMEA4384070_4199	ko:K12940
sfj:SAMEA4384070_4200	ko:K12941
sfj:SAMEA4384070_4201	ko:K12942
sfj:SAMEA4384070_4202	ko:K00847
sfj:SAMEA4384070_4204	ko:K02810
sfj:SAMEA4384070_4205	ko:K01193
sfj:SAMEA4384070_4206	ko:K03484
sfj:SAMEA4384070_4207	ko:K03559
sfj:SAMEA4384070_4208	ko:K03561
sfj:SAMEA4384070_4209	ko:K11688
sfj:SAMEA4384070_4210	ko:K11689
sfj:SAMEA4384070_4211	ko:K11690
sfj:SAMEA4384070_4212	ko:K01760
sfj:SAMEA4384070_4217	ko:K08325
sfj:SAMEA4384070_4218	ko:K06221
sfj:SAMEA4384070_4219	ko:K01223
sfj:SAMEA4384070_4220	ko:K02759
sfj:SAMEA4384070_4221	ko:K02761
sfj:SAMEA4384070_4222	ko:K02760
sfj:SAMEA4384070_4223	ko:K08308
sfj:SAMEA4384070_4225	ko:K03710
sfj:SAMEA4384070_4227	ko:K04753
sfj:SAMEA4384070_4228	ko:K00655
sfj:SAMEA4384070_4229	ko:K02621
sfj:SAMEA4384070_4230	ko:K03923
sfj:SAMEA4384070_4233	ko:K02622
sfj:SAMEA4384070_4234	ko:K07000
sfj:SAMEA4384070_4235	ko:K03651
sfj:SAMEA4384070_4236	ko:K03651
sfj:SAMEA4384070_4237	ko:K09920
sfj:SAMEA4384070_4238	ko:K01515
sfj:SAMEA4384070_4239	ko:K12340
sfj:SAMEA4384070_4240	ko:K05880
sfj:SAMEA4384070_4241	ko:K05881
sfj:SAMEA4384070_4242	ko:K05879
sfj:SAMEA4384070_4243	ko:K05878
sfj:SAMEA4384070_4246	ko:K15777
sfj:SAMEA4384070_4247	ko:K07238
sfj:SAMEA4384070_4248	ko:K02858
sfj:SAMEA4384070_4250	ko:K09806
sfj:SAMEA4384070_4251	ko:K16263
sfj:SAMEA4384070_4252	ko:K03272
sfj:SAMEA4384070_4253	ko:K00982
sfj:SAMEA4384070_4254	ko:K18446
sfj:SAMEA4384070_4255	ko:K07184
sfj:SAMEA4384070_4256	ko:K00974
sfj:SAMEA4384070_4257	ko:K06153
sfj:SAMEA4384070_4258	ko:K01633
sfj:SAMEA4384070_4259	ko:K08591
sfj:SAMEA4384070_4260	ko:K25706
sfj:SAMEA4384070_4261	ko:K02970
sfj:SAMEA4384070_4262	ko:K02316
sfj:SAMEA4384070_4263	ko:K03086
sfj:SAMEA4384070_4264	ko:K03649
sfj:SAMEA4384070_4265	ko:K14230
sfj:SAMEA4384070_4268	ko:K07168
sfj:SAMEA4384070_4269	ko:K00799
sfj:SAMEA4384070_4271	ko:K00135
sfj:SAMEA4384070_4272	ko:K00823
sfj:SAMEA4384070_4273	ko:K00375
sfj:SAMEA4384070_4274	ko:K00219
sfj:SAMEA4384070_4275	ko:K11391
sfj:SAMEA4384070_4276	ko:K07334
sfj:SAMEA4384070_4277	ko:K21498
sfj:SAMEA4384070_4278	ko:K07043
sfj:SAMEA4384070_4280	ko:K01951
sfj:SAMEA4384070_4282	ko:K07862
sfj:SAMEA4384070_4284	ko:K01685
sfj:SAMEA4384070_4285	ko:K01812
sfj:SAMEA4384070_4286	ko:K08191
sfj:SAMEA4384070_4287	ko:K19775
sfj:SAMEA4384070_4290	ko:K25864
sfj:SAMEA4384070_4295	ko:K15977
sfj:SAMEA4384070_4296	ko:K07393
sfj:SAMEA4384070_4300	ko:K07056
sfj:SAMEA4384070_4301	ko:K07121
sfj:SAMEA4384070_4302	ko:K07460
sfj:SAMEA4384070_4303	ko:K12961
sfj:SAMEA4384070_4304	ko:K28369
sfj:SAMEA4384070_4305	ko:K03814
sfj:SAMEA4384070_4308	ko:K07648
sfj:SAMEA4384070_4309	ko:K00265
sfj:SAMEA4384070_4310	ko:K00266
sfj:SAMEA4384070_4312	ko:K03600
sfj:SAMEA4384070_4313	ko:K03599
sfj:SAMEA4384070_4314	ko:K02996
sfj:SAMEA4384070_4315	ko:K02871
sfj:SAMEA4384070_4316	ko:K06916
sfj:SAMEA4384070_4317	ko:K09908
sfj:SAMEA4384070_4318	ko:K04772
sfj:SAMEA4384070_4319	ko:K04691
sfj:SAMEA4384070_4322	ko:K00790
sfj:SAMEA4384070_4324	ko:K07122
sfj:SAMEA4384070_4325	ko:K07323
sfj:SAMEA4384070_4326	ko:K02067
sfj:SAMEA4384070_4327	ko:K02066
sfj:SAMEA4384070_4328	ko:K02065
sfj:SAMEA4384070_4329	ko:K07301
sfj:SAMEA4384070_4330	ko:K06041
sfj:SAMEA4384070_4331	ko:K03270
sfj:SAMEA4384070_4332	ko:K11719
sfj:SAMEA4384070_4333	ko:K09774
sfj:SAMEA4384070_4334	ko:K06861
sfj:SAMEA4384070_4335	ko:K03092
sfj:SAMEA4384070_4336	ko:K05808
sfj:SAMEA4384070_4337	ko:K02806
sfj:SAMEA4384070_4338	ko:K06958
sfj:SAMEA4384070_4339	ko:K08485
sfj:SAMEA4384070_4340	ko:K18831
sfj:SAMEA4384070_4344	ko:K07404
sfj:SAMEA4384070_4346	ko:K01042
sfj:SAMEA4384070_4347	ko:K01465
sfj:SAMEA4384070_4353	ko:K06140
sfj:SAMEA4384070_4354	ko:K07090
sfj:SAMEA4384070_4356	ko:K15536
sfj:SAMEA4384070_4357	ko:K03592
sfj:SAMEA4384070_4358	ko:K09889
sfj:SAMEA4384070_4359	ko:K03623
sfj:SAMEA4384070_4361	ko:K03468
sfj:SAMEA4384070_4362	ko:K15548
sfj:SAMEA4384070_4363	ko:K21695
sfj:SAMEA4384070_4364	ko:K21698
sfj:SAMEA4384070_4366	ko:K25589
sfj:SAMEA4384070_4367	ko:K03568
sfj:SAMEA4384070_4368	ko:K11206
sfj:SAMEA4384070_4370	ko:K08301
sfj:SAMEA4384070_4371	ko:K06287
sfj:SAMEA4384070_4372	ko:K03571
sfj:SAMEA4384070_4373	ko:K03570
sfj:SAMEA4384070_4374	ko:K03569
sfj:SAMEA4384070_4375	ko:K18765
sfj:SAMEA4384070_4376	ko:K19745
sfj:SAMEA4384070_4377	ko:K07147
sfj:SAMEA4384070_4378	ko:K17247
sfj:SAMEA4384070_4379	ko:K03786
sfj:SAMEA4384070_4380	ko:K02160
sfj:SAMEA4384070_4381	ko:K01961
sfj:SAMEA4384070_4383	ko:K14392
sfj:SAMEA4384070_4385	ko:K05540
sfj:SAMEA4384070_4386	ko:K03557
sfj:SAMEA4384070_4388	ko:K12974
sfj:SAMEA4384070_4392	ko:K06518
sfj:SAMEA4384070_4394	ko:K24163
sfj:SAMEA4384070_4395	ko:K06901
sfj:SAMEA4384070_4396	ko:K07032
sfj:SAMEA4384070_4397	ko:K00799
sfj:SAMEA4384070_4401	ko:K00059
sfj:SAMEA4384070_4404	ko:K15256
sfj:SAMEA4384070_4411	ko:K03111
sfj:SAMEA4384070_4412	ko:K03701
sfj:SAMEA4384070_4413	ko:K13979
sfj:SAMEA4384070_4414	ko:K00661
sfj:SAMEA4384070_4417	ko:K00832
sfj:SAMEA4384070_4419	ko:K01713
sfj:SAMEA4384070_4420	ko:K01775
sfj:SAMEA4384070_4421	ko:K02314
sfj:SAMEA4384070_4422	ko:K00344
sfj:SAMEA4384070_4424	ko:K05539
sfj:SAMEA4384070_4425	ko:K09823
sfj:SAMEA4384070_4427	ko:K26937
sfj:SAMEA4384070_4428	ko:K01356
sfj:SAMEA4384070_4429	ko:K00901
sfj:SAMEA4384070_4430	ko:K00631
sfj:SAMEA4384070_4432	ko:K03181
sfj:SAMEA4384070_4434	ko:K05775
sfj:SAMEA4384070_4435	ko:K02024
sfj:SAMEA4384070_4436	ko:K10111
sfj:SAMEA4384070_4438	ko:K10108
sfj:SAMEA4384070_4439	ko:K10109
sfj:SAMEA4384070_4440	ko:K10110
sfj:SAMEA4384070_4441	ko:K13256
sfj:SAMEA4384070_4443	ko:K01810
sfj:SAMEA4384070_4446	ko:K00928
sfj:SAMEA4384070_4447	ko:K03453
sfj:SAMEA4384070_4448	ko:K03324
sfj:SAMEA4384070_4449	ko:K02052
sfj:SAMEA4384070_4450	ko:K02053
sfj:SAMEA4384070_4451	ko:K02054
sfj:SAMEA4384070_4453	ko:K02055
sfj:SAMEA4384070_4455	ko:K00548
sfj:SAMEA4384070_4456	ko:K13641
sfj:SAMEA4384070_4457	ko:K00851
sfj:SAMEA4384070_4458	ko:K06156
sfj:SAMEA4384070_4459	ko:K01690
sfj:SAMEA4384070_4460	ko:K01625
sfj:SAMEA4384070_4461	ko:K00906
sfj:SAMEA4384070_4462	ko:K01637
sfj:SAMEA4384070_4463	ko:K01638
sfj:SAMEA4384070_4464	ko:K00651
sfj:SAMEA4384070_4465	ko:K01985
sfj:SAMEA4384070_4466	ko:K14234
sfj:SAMEA4384070_4467	ko:K01985
sfj:SAMEA4384070_4468	ko:K01980
sfj:SAMEA4384070_4470	ko:K14224
sfj:SAMEA4384070_4471	ko:K01977
sfj:SAMEA4384070_4473	ko:K00014
sfj:SAMEA4384070_4474	ko:K07566
sfj:SAMEA4384070_4475	ko:K07479
sfj:SAMEA4384070_4476	ko:K03747
sfj:SAMEA4384070_4477	ko:K04096
sfj:SAMEA4384070_4478	ko:K01462
sfj:SAMEA4384070_4479	ko:K00604
sfj:SAMEA4384070_4480	ko:K03500
sfj:SAMEA4384070_4481	ko:K03499
sfj:SAMEA4384070_4482	ko:K03282
sfj:SAMEA4384070_4483	ko:K09890
sfj:SAMEA4384070_4484	ko:K13638
sfj:SAMEA4384070_4486	ko:K02879
sfj:SAMEA4384070_4487	ko:K03040
sfj:SAMEA4384070_4488	ko:K02986
sfj:SAMEA4384070_4490	ko:K03076
sfj:SAMEA4384070_4491	ko:K02876
sfj:SAMEA4384070_4492	ko:K02988
sfj:SAMEA4384070_4493	ko:K02933
sfj:SAMEA4384070_4494	ko:K02994
sfj:SAMEA4384070_4495	ko:K02931
sfj:SAMEA4384070_4496	ko:K02895
sfj:SAMEA4384070_4497	ko:K02874
sfj:SAMEA4384070_4498	ko:K02961
sfj:SAMEA4384070_4499	ko:K02904
sfj:SAMEA4384070_4500	ko:K02878
sfj:SAMEA4384070_4501	ko:K02982
sfj:SAMEA4384070_4502	ko:K02890
sfj:SAMEA4384070_4503	ko:K02965
sfj:SAMEA4384070_4504	ko:K02886
sfj:SAMEA4384070_4505	ko:K02892
sfj:SAMEA4384070_4506	ko:K02926
sfj:SAMEA4384070_4507	ko:K02906
sfj:SAMEA4384070_4508	ko:K02946
sfj:SAMEA4384070_4509	ko:K03594
sfj:SAMEA4384070_4510	ko:K02192
sfj:SAMEA4384070_4511	ko:K02358
sfj:SAMEA4384070_4512	ko:K02355
sfj:SAMEA4384070_4513	ko:K02992
sfj:SAMEA4384070_4514	ko:K02950
sfj:SAMEA4384070_4515	ko:K07237
sfj:SAMEA4384070_4516	ko:K07236
sfj:SAMEA4384070_4517	ko:K07235
sfj:SAMEA4384070_4519	ko:K03772
sfj:SAMEA4384070_4520	ko:K03745
sfj:SAMEA4384070_4521	ko:K03775
sfj:SAMEA4384070_4522	ko:K07070
sfj:SAMEA4384070_4523	ko:K11747
sfj:SAMEA4384070_4524	ko:K11748
sfj:SAMEA4384070_4525	ko:K06158
sfj:SAMEA4384070_4526	ko:K03119
sfj:SAMEA4384070_4527	ko:K15552
sfj:SAMEA4384070_4528	ko:K10831
sfj:SAMEA4384070_4529	ko:K15551
sfj:SAMEA4384070_4535	ko:K05499
sfj:SAMEA4384070_4538	ko:K07019
sfj:SAMEA4384070_4539	ko:K09898
sfj:SAMEA4384070_4540	ko:K28462
sfj:SAMEA4384070_4541	ko:K07397
sfj:SAMEA4384070_4542	ko:K10914
sfj:SAMEA4384070_4544	ko:K00821
sfj:SAMEA4384070_4545	ko:K01664
sfj:SAMEA4384070_4546	ko:K06915
sfj:SAMEA4384070_4547	ko:K27883
sfj:SAMEA4384070_4548	ko:K27882
sfj:SAMEA4384070_4549	ko:K03767
sfj:SAMEA4384070_4550	ko:K02759
sfj:SAMEA4384070_4551	ko:K01222
sfj:SAMEA4384070_4553	ko:K06141
sfj:SAMEA4384070_4554	ko:K01485
sfj:SAMEA4384070_4555	ko:K00362
sfj:SAMEA4384070_4556	ko:K00363
sfj:SAMEA4384070_4557	ko:K02302
sfj:SAMEA4384070_4558	ko:K01867
sfj:SAMEA4384070_4559	ko:K01091
sfj:SAMEA4384070_4560	ko:K01783
sfj:SAMEA4384070_4561	ko:K06223
sfj:SAMEA4384070_4562	ko:K03112
sfj:SAMEA4384070_4563	ko:K01735
sfj:SAMEA4384070_4564	ko:K00891
sfj:SAMEA4384070_4565	ko:K02507
sfj:SAMEA4384070_4566	ko:K12291
sfj:SAMEA4384070_4567	ko:K12290
sfj:SAMEA4384070_4568	ko:K12289
sfj:SAMEA4384070_4569	ko:K12288
sfj:SAMEA4384070_4570	ko:K05366
sfj:SAMEA4384070_4571	ko:K08312
sfj:SAMEA4384070_4573	ko:K20881
sfj:SAMEA4384070_4574	ko:K04762
sfj:SAMEA4384070_4575	ko:K04083
sfj:SAMEA4384070_4576	ko:K01610
sfj:SAMEA4384070_4577	ko:K21495
sfj:SAMEA4384070_4578	ko:K07062
sfj:SAMEA4384070_4579	ko:K07638
sfj:SAMEA4384070_4580	ko:K07659
sfj:SAMEA4384070_4581	ko:K18997
sfj:SAMEA4384070_4582	ko:K05516
sfj:SAMEA4384070_4583	ko:K04760
sfj:SAMEA4384070_4584	ko:K06959
sfj:SAMEA4384070_4585	ko:K04758
sfj:SAMEA4384070_4586	ko:K04759
sfj:SAMEA4384070_4587	ko:K07490
sfj:SAMEA4384070_4589	ko:K02170
sfj:SAMEA4384070_4591	ko:K07400
sfj:SAMEA4384070_4592	ko:K00705
sfj:SAMEA4384070_4593	ko:K00688
sfj:SAMEA4384070_4594	ko:K03556
sfj:SAMEA4384070_4595	ko:K02439
sfj:SAMEA4384070_4596	ko:K02441
sfj:SAMEA4384070_4597	ko:K02444
sfj:SAMEA4384070_4599	ko:K00111
sfj:SAMEA4384070_4600	ko:K00688
sfj:SAMEA4384070_4601	ko:K00703
sfj:SAMEA4384070_4602	ko:K00975
sfj:SAMEA4384070_4603	ko:K02438
sfj:SAMEA4384070_4604	ko:K00700
sfj:SAMEA4384070_4605	ko:K00133
sfj:SAMEA4384070_4607	ko:K00851
sfj:SAMEA4384070_4608	ko:K06155
sfj:SAMEA4384070_4609	ko:K06145
sfj:SAMEA4384070_4610	ko:K06911
sfj:SAMEA4384070_4612	ko:K03825
sfj:SAMEA4384070_4614	ko:K03335
sfj:SAMEA4384070_4615	ko:K06605
sfj:SAMEA4384070_4616	ko:K00010
sfj:SAMEA4384070_4617	ko:K03336
sfj:SAMEA4384070_4618	ko:K03338
sfj:SAMEA4384070_4620	ko:K03337
sfj:SAMEA4384070_4621	ko:K00140
sfj:SAMEA4384070_4622	ko:K08138
sfj:SAMEA4384070_4623	ko:K06606
sfj:SAMEA4384070_4624	ko:K02069
sfj:SAMEA4384070_4625	ko:K02068
sfj:SAMEA4384070_4627	ko:K03772
sfj:SAMEA4384070_4631	ko:K12518
sfj:SAMEA4384070_4632	ko:K12519
sfj:SAMEA4384070_4637	ko:K08087
sfj:SAMEA4384070_4638	ko:K00375
sfj:SAMEA4384070_4644	ko:K16322
sfj:SAMEA4384070_4645	ko:K06144
sfj:SAMEA4384070_4646	ko:K06149
sfj:SAMEA4384070_4647	ko:K00262
sfj:SAMEA4384070_4648	ko:K02058
sfj:SAMEA4384070_4649	ko:K02056
sfj:SAMEA4384070_4650	ko:K02057
sfj:SAMEA4384070_4651	ko:K02057
sfj:SAMEA4384070_4652	ko:K00875
sfj:SAMEA4384070_4654	ko:K15984
sfj:SAMEA4384070_4655	ko:K01414
sfj:SAMEA4384070_4657	ko:K07115
sfj:SAMEA4384070_4658	ko:K00383
sfj:SAMEA4384070_4662	ko:K12685
sfj:SAMEA4384070_4663	ko:K12685
sfj:SAMEA4384070_4664	ko:K12685
sfj:SAMEA4384070_4667	ko:K06006
sfj:SAMEA4384070_4668	ko:K14051
sfj:SAMEA4384070_4669	ko:K13816
sfj:SAMEA4384070_4670	ko:K07058
sfj:SAMEA4384070_4672	ko:K01521
sfj:SAMEA4384070_4673	ko:K07290
sfj:SAMEA4384070_4674	ko:K21086
sfj:SAMEA4384070_4675	ko:K00874
sfj:SAMEA4384070_4676	ko:K00053
sfj:SAMEA4384070_4677	ko:K02521
sfj:SAMEA4384070_4681	ko:K01754
sfj:SAMEA4384070_4682	ko:K01687
sfj:SAMEA4384070_4683	ko:K00826
sfj:SAMEA4384070_4684	ko:K11258
sfj:SAMEA4384070_4685	ko:K01652
sfj:SAMEA4384070_4686	ko:K08178
sfj:SAMEA4384070_4687	ko:K07391
sfj:SAMEA4384070_4688	ko:K09897
sfj:SAMEA4384070_4689	ko:K23773
sfj:SAMEA4384070_4690	ko:K23509
sfj:SAMEA4384070_4691	ko:K23509
sfj:SAMEA4384070_4692	ko:K10820
sfj:SAMEA4384070_4693	ko:K23508
sfj:SAMEA4384070_4694	ko:K14235
sfj:SAMEA4384070_4695	ko:K14221
sfj:SAMEA4384070_4696	ko:K01985
sfj:SAMEA4384070_4697	ko:K01980
sfj:SAMEA4384070_4699	ko:K14218
sfj:SAMEA4384070_4700	ko:K14227
sfj:SAMEA4384070_4701	ko:K01977
sfj:SAMEA4384070_4702	ko:K01776
sfj:SAMEA4384070_4703	ko:K16092
sfj:SAMEA4384070_4705	ko:K00557
sfj:SAMEA4384070_4707	ko:K22105
sfj:SAMEA4384070_4708	ko:K00322
sfj:SAMEA4384070_4709	ko:K04761
sfj:SAMEA4384070_4710	ko:K24136
sfj:SAMEA4384070_4711	ko:K00382
sfj:SAMEA4384070_4712	ko:K01755
sfj:SAMEA4384070_4713	ko:K01940
sfj:SAMEA4384070_4714	ko:K00930
sfj:SAMEA4384070_4715	ko:K00145
sfj:SAMEA4384070_4716	ko:K01438
sfj:SAMEA4384070_4717	ko:K01595
sfj:SAMEA4384070_4718	ko:K00297
sfj:SAMEA4384070_4719	ko:K12525
sfj:SAMEA4384070_4720	ko:K01739
sfj:SAMEA4384070_4721	ko:K03764
sfj:SAMEA4384070_4722	ko:K02909
sfj:SAMEA4384070_4723	ko:K04066
sfj:SAMEA4384070_4724	ko:K05499
sfj:SAMEA4384070_4725	ko:K03591
sfj:SAMEA4384070_4726	ko:K01419
sfj:SAMEA4384070_4727	ko:K03667
sfj:SAMEA4384070_4728	ko:K02548
sfj:SAMEA4384070_4729	ko:K02553
sfj:SAMEA4384070_4730	ko:K09892
sfj:SAMEA4384070_4731	ko:K02440
sfj:SAMEA4384070_4732	ko:K00864
sfj:SAMEA4384070_4733	ko:K02446
sfj:SAMEA4384070_4734	ko:K08154
sfj:SAMEA4384070_4736	ko:K00528
sfj:SAMEA4384070_4739	ko:K01803
sfj:SAMEA4384070_4740	ko:K23163
sfj:SAMEA4384070_4741	ko:K00850
sfj:SAMEA4384070_4742	ko:K13283
sfj:SAMEA4384070_4743	ko:K06006
sfj:SAMEA4384070_4744	ko:K07662
sfj:SAMEA4384070_4745	ko:K07640
sfj:SAMEA4384070_4746	ko:K03216
sfj:SAMEA4384070_4748	ko:K00640
sfj:SAMEA4384070_4749	ko:K00057
sfj:SAMEA4384070_4750	ko:K03071
sfj:SAMEA4384070_4751	ko:K03676
sfj:SAMEA4384070_4753	ko:K15633
sfj:SAMEA4384070_4754	ko:K22719
sfj:SAMEA4384070_4755	ko:K09798
sfj:SAMEA4384070_4756	ko:K00060
sfj:SAMEA4384070_4757	ko:K00639
sfj:SAMEA4384070_4758	ko:K03274
sfj:SAMEA4384070_4759	ko:K02843
sfj:SAMEA4384070_4760	ko:K02841
sfj:SAMEA4384070_4765	ko:K02849
sfj:SAMEA4384070_4766	ko:K02844
sfj:SAMEA4384070_4769	ko:K02527
sfj:SAMEA4384070_4770	ko:K12984
sfj:SAMEA4384070_4771	ko:K00954
sfj:SAMEA4384070_4772	ko:K10563
sfj:SAMEA4384070_4773	ko:K02913
sfj:SAMEA4384070_4774	ko:K02902
sfj:SAMEA4384070_4775	ko:K03630
sfj:SAMEA4384070_4776	ko:K13038
sfj:SAMEA4384070_4777	ko:K01520
sfj:SAMEA4384070_4778	ko:K05501
sfj:SAMEA4384070_4779	ko:K00762
sfj:SAMEA4384070_4780	ko:K00989
sfj:SAMEA4384070_4782	ko:K03317
sfj:SAMEA4384070_4785	ko:K00942
sfj:SAMEA4384070_4786	ko:K03060
sfj:SAMEA4384070_4787	ko:K01139
sfj:SAMEA4384070_4788	ko:K00556
sfj:SAMEA4384070_4789	ko:K03655
sfj:SAMEA4384070_4790	ko:K03312
sfj:SAMEA4384070_4791	ko:K16345
sfj:SAMEA4384070_4794	ko:K07560
sfj:SAMEA4384070_4795	ko:K07058
sfj:SAMEA4384070_4796	ko:K20866
sfj:SAMEA4384070_4797	ko:K06207
sfj:SAMEA4384070_4798	ko:K01915
sfj:SAMEA4384070_4799	ko:K07708
sfj:SAMEA4384070_4800	ko:K07712
sfj:SAMEA4384070_4802	ko:K02495
sfj:SAMEA4384070_4803	ko:K09894
sfj:SAMEA4384070_4805	ko:K03978
sfj:SAMEA4384070_4807	ko:K02335
sfj:SAMEA4384070_4809	ko:K03673
sfj:SAMEA4384070_4811	ko:K09896
sfj:SAMEA4384070_4812	ko:K03752
sfj:SAMEA4384070_4813	ko:K03753
sfj:SAMEA4384070_4814	ko:K01985
sfj:SAMEA4384070_4815	ko:K01980
sfj:SAMEA4384070_4817	ko:K14224
sfj:SAMEA4384070_4818	ko:K01977
sfj:SAMEA4384070_4821	ko:K02529
sfj:SAMEA4384070_4822	ko:K00852
sfj:SAMEA4384070_4823	ko:K10439
sfj:SAMEA4384070_4824	ko:K10440
sfj:SAMEA4384070_4825	ko:K10441
sfj:SAMEA4384070_4826	ko:K06726
sfj:SAMEA4384070_4827	ko:K03549
sfj:SAMEA4384070_4828	ko:K03924
sfj:SAMEA4384070_4830	ko:K01914
sfj:SAMEA4384070_4831	ko:K03718
sfj:SAMEA4384070_4832	ko:K06205
sfj:SAMEA4384070_4833	ko:K03495
sfj:SAMEA4384070_4834	ko:K03501
sfj:SAMEA4384070_4835	ko:K02116
sfj:SAMEA4384070_4836	ko:K02108
sfj:SAMEA4384070_4837	ko:K02110
sfj:SAMEA4384070_4838	ko:K02109
sfj:SAMEA4384070_4839	ko:K02113
sfj:SAMEA4384070_4840	ko:K02111
sfj:SAMEA4384070_4841	ko:K02115
sfj:SAMEA4384070_4842	ko:K02112
sfj:SAMEA4384070_4843	ko:K02114
sfj:SAMEA4384070_4844	ko:K04042
sfj:SAMEA4384070_4845	ko:K00820
sfj:SAMEA4384070_4846	ko:K02040
sfj:SAMEA4384070_4847	ko:K02037
sfj:SAMEA4384070_4848	ko:K02038
sfj:SAMEA4384070_4849	ko:K02036
sfj:SAMEA4384070_4850	ko:K02039
sfj:SAMEA4384070_4851	ko:K02030
sfj:SAMEA4384070_4852	ko:K02029
sfj:SAMEA4384070_4853	ko:K02029
sfj:SAMEA4384070_4855	ko:K06901
sfj:SAMEA4384070_4857	ko:K19784
sfj:SAMEA4384070_4864	ko:K03650
sfj:SAMEA4384070_4865	ko:K03217
sfj:SAMEA4384070_4866	ko:K03536
