query,rank_used,n_peers,method,ece,brier,null_ece,reliability,resolution,uncertainty
abc,domain,83,global_curve,0.01370869629957226,0.1004919459911365,0.01364836001801588,0.0012681416691515178,0.014729638775512404,0.11478562094747297
abc,domain,83,global_constant,0.01007538577067335,0.11488713434590092,0.00606720801336153,0.00010151339842788703,0.0,0.11478562094747297
abc,domain,83,neighbour_constant,0.009738787407852612,0.11488046492764832,0.006099494162342854,9.484398017534859e-05,0.0,0.11478562094747297
abc,domain,83,neighbour_level,0.014362205732559308,0.1004935568797368,0.013683769343457533,0.0012368793111675962,0.01446327749211792,0.11478562094747297
abc,domain,83,neighbour_platt,0.014926779288251642,0.10042402047300057,0.013724871093453533,0.001272756618874845,0.01448342261918034,0.11478562094747297
abc,domain,83,neighbour_isotonic,0.006651694294174792,0.09968696389270515,0.01308917745165064,0.00024684507724615065,0.01526101061891889,0.11478562094747297
abc,domain,83,neighbour_isotonic_bagged,0.006769709477061305,0.0996708153887526,0.012905675508217446,0.000309043297137848,0.015490930854295024,0.11478562094747297
abm,domain,83,global_curve,0.020188063585419837,0.08441264034608574,0.014723839100899054,0.0019358422307752053,0.011408535641633553,0.09446835937499998
abm,domain,83,global_constant,0.01684156665921932,0.09475199774253693,0.006231395556052057,0.0002836383675369278,0.0,0.09446835937499998
abm,domain,83,neighbour_constant,0.01692113396125028,0.09475468414953456,0.006251537798708346,0.00028632477453457755,0.0,0.09446835937499998
abm,domain,83,neighbour_level,0.018713938631837537,0.08438474840084899,0.014693163918285217,0.0016181004318622475,0.010633987667350851,0.09446835937499998
abm,domain,83,neighbour_platt,0.018406920013596416,0.08426610130713483,0.014945300108695804,0.001394842334688479,0.010550924500974895,0.09446835937499998
abm,domain,83,neighbour_isotonic,0.0180115555501394,0.08400858324828883,0.01395905650846142,0.002139763756950929,0.012621447400942759,0.09446835937499998
abm,domain,83,neighbour_isotonic_bagged,0.017277787124536148,0.08392936731904177,0.01408908137824302,0.0020463438865585327,0.01266474575897296,0.09446835937499998
aby,domain,83,global_curve,0.013055339667609299,0.09779808600700217,0.013070279295432797,0.0019118508501537138,0.012271537030183181,0.10928858119730725
aby,domain,83,global_constant,0.002590004561674908,0.10929528932093671,0.006192612447058319,6.708123629496832e-06,0.0,0.10928858119730725
aby,domain,83,neighbour_constant,0.0023386586654781105,0.10929405052166082,0.006211216918461221,5.4693243536158565e-06,0.0,0.10928858119730725
aby,domain,83,neighbour_level,0.012777184684048284,0.09779159301389713,0.01301339343849215,0.0017383201406570977,0.012147541946368972,0.10928858119730725
aby,domain,83,neighbour_platt,0.011490249171106675,0.09769053835904613,0.013032675848462044,0.001744309997265401,0.01196230693810321,0.10928858119730725
aby,domain,83,neighbour_isotonic,0.01044903394515044,0.09747730588872114,0.01267620055438942,0.000757737299797091,0.012587687914603447,0.10928858119730725
aby,domain,83,neighbour_isotonic_bagged,0.010397543268768883,0.09741662819387523,0.012714033586812798,0.0009458646739741947,0.01278447725842915,0.10928858119730725
acb,domain,83,global_curve,0.007566942705220202,0.09677352299184798,0.014609584376084917,0.0013493325118248635,0.011901588001629965,0.10849486544379056
acb,domain,83,global_constant,0.0015201373516556815,0.10849717626135838,0.005547399493116069,2.3108175678987492e-06,0.0,0.10849486544379056
acb,domain,83,neighbour_constant,0.001282183749652499,0.10849650943895837,0.005578079931234394,1.6439951678729424e-06,0.0,0.10849486544379056
acb,domain,83,neighbour_level,0.007336889584454987,0.09676270001755394,0.01456973928313004,0.0012169330466581002,0.011846517182140638,0.10849486544379056
acb,domain,83,neighbour_platt,0.006624042235440486,0.09665723025594372,0.014540713806518703,0.0010845916102516914,0.011589915958403196,0.10849486544379056
acb,domain,83,neighbour_isotonic,0.010150208840644423,0.09619948027856584,0.013500771702922234,0.0005736937147371695,0.01270259995365114,0.10849486544379056
acb,domain,83,neighbour_isotonic_bagged,0.009274124915445733,0.09612488518751887,0.013636084135158882,0.0004972253572222314,0.012637830601547275,0.10849486544379056
bma,domain,87,global_curve,0.037597692659599655,0.11147236878404325,0.010774604749081013,0.0025279980860404548,0.016345472948116717,0.12676398963909039
bma,domain,87,global_constant,0.027060757486691567,0.12749627423484391,0.004882777655505643,0.0007322845957535337,0.0,0.12676398963909039
bma,domain,87,neighbour_constant,0.026948378568325992,0.12749020474655218,0.004907888404992514,0.0007262151074618117,0.0,0.12676398963909039
bma,domain,87,neighbour_level,0.03833916478857256,0.11154444008296571,0.010924301919538035,0.002597195156949801,0.016397230437974527,0.12676398963909039
bma,domain,87,neighbour_platt,0.03834739202010374,0.11154430184866111,0.01093636463798426,0.0025970928603555677,0.016397230437974527,0.12676398963909039
bma,domain,87,neighbour_isotonic,0.036008019818907125,0.11081428017797287,0.01049553183357069,0.0020994653238180895,0.016437504438983147,0.12676398963909039
bma,domain,87,neighbour_isotonic_bagged,0.03688467203465986,0.11084803072721743,0.011109459904342749,0.0017199085612842147,0.015018140680853935,0.12676398963909039
bme,domain,83,global_curve,0.021194858118547193,0.08840763104982328,0.014256745163804497,0.001017995445316933,0.018193419797738444,0.10603088375836221
bme,domain,83,global_constant,0.0017755446089662286,0.10603403631702071,0.006374286133497172,3.1525586584290377e-06,0.0,0.10603088375836221
bme,domain,83,neighbour_constant,0.002173844706724659,0.10603560935917124,0.00644421633986452,4.725600808954819e-06,0.0,0.10603088375836221
bme,domain,83,neighbour_level,0.022759063668834095,0.0883933998540914,0.014055658722881972,0.0011858209491879194,0.018212258117374522,0.10603088375836221
bme,domain,83,neighbour_platt,0.02278420221810729,0.08839826777067997,0.014026444235183982,0.0011573103733228665,0.018141913520597342,0.10603088375836221
bme,domain,83,neighbour_isotonic,0.02205381544119287,0.08834954252973844,0.014240658088878798,0.0010494558478812489,0.018242830536128886,0.10603088375836221
bme,domain,83,neighbour_isotonic_bagged,0.022136337035799585,0.08830386992571677,0.014537860422909296,0.001235551464663421,0.018533389261427953,0.10603088375836221
bmel,domain,83,global_curve,0.02356370029332165,0.08793335767586583,0.013828948044670419,0.0014007214061759028,0.018233087141795886,0.10512292476274326
bmel,domain,83,global_constant,0.0029827502632200353,0.10513182156187596,0.0052857865452706175,8.89679913273919e-06,0.0,0.10512292476274326
bmel,domain,83,neighbour_constant,0.003368433542161875,0.1051342711072712,0.00533331286841525,1.1346344527961196e-05,0.0,0.10512292476274326
bmel,domain,83,neighbour_level,0.02450748367814528,0.08792368500054776,0.013818068796427345,0.0014672641251634033,0.018114256006967814,0.10512292476274326
bmel,domain,83,neighbour_platt,0.024768177835926886,0.08792609204565333,0.013815560108874933,0.0015290192400863323,0.01819810080193644,0.10512292476274326
bmel,domain,83,neighbour_isotonic,0.02318005287358284,0.08771330787924711,0.012879191116195775,0.0012038677138713442,0.01816749032004493,0.10512292476274326
bmel,domain,83,neighbour_isotonic_bagged,0.02314777718463457,0.08769416419034845,0.012892347394778974,0.0012055211475436524,0.018195398472375748,0.10512292476274326
bmi,domain,83,global_curve,0.024407998030953195,0.08298790092901184,0.014109855379084485,0.001212474674363289,0.01850126357047668,0.1007414527428532
bmi,domain,83,global_constant,0.00875292206726419,0.10081806638756881,0.005897594402154136,7.661364471560043e-05,0.0,0.1007414527428532
bmi,domain,83,neighbour_constant,0.009081158028077296,0.10082392017398417,0.005855260592817844,8.246743113091273e-05,0.0,0.1007414527428532
bmi,domain,83,neighbour_level,0.025111766721511115,0.08299037601043485,0.014298444161983228,0.001171826030952042,0.01838964451935636,0.1007414527428532
bmi,domain,83,neighbour_platt,0.025428123385931686,0.08299326777110337,0.01423018340395491,0.0012224884373789185,0.018462085367742884,0.1007414527428532
bmi,domain,83,neighbour_isotonic,0.020590208144090384,0.08297851435924433,0.013576381869840908,0.0008263748958524861,0.01826694491213306,0.1007414527428532
bmi,domain,83,neighbour_isotonic_bagged,0.02222262341132123,0.08290662794265036,0.013478353227961036,0.000975374467721768,0.01847354818314481,0.1007414527428532
bml,domain,87,global_curve,0.03803738774402307,0.11222071621789942,0.010906632111269429,0.002520771684681685,0.016994332272962237,0.12812461538394157
bml,domain,87,global_constant,0.029031781273782142,0.12896745970787027,0.004762474707595739,0.0008428443239287275,0.0,0.12812461538394157
bml,domain,87,neighbour_constant,0.028891695382380678,0.12895934544600982,0.004765056254136326,0.000834730062068277,0.0,0.12812461538394157
bml,domain,87,neighbour_level,0.03861747337250015,0.11229399851337675,0.010779927160077387,0.0025923271379777553,0.017047728363335818,0.12812461538394157
bml,domain,87,neighbour_platt,0.0386301474492904,0.11229377394231013,0.010780203191390472,0.0025921206097431863,0.017047728363335818,0.12812461538394157
bml,domain,87,neighbour_isotonic,0.036034406761498494,0.1117371478879748,0.01086303010800652,0.0018151791001082582,0.01637079028637077,0.12812461538394157
bml,domain,87,neighbour_isotonic_bagged,0.036462453813552925,0.11169423285142253,0.010747212474431658,0.001827199677587603,0.015799939753395092,0.12812461538394157
bmn,domain,87,global_curve,0.03648728558140554,0.11099391392221278,0.010491188840703233,0.0024187897957960764,0.016391196831682206,0.12642177119829792
bmn,domain,87,global_constant,0.026567139354534364,0.12712758409178115,0.005330281229561806,0.0007058128934832485,0.0,0.12642177119829792
bmn,domain,87,neighbour_constant,0.026461295078353486,0.1271219713355216,0.005336618265210326,0.0007002001372236944,0.0,0.12642177119829792
bmn,domain,87,neighbour_level,0.03733098112847063,0.1110660450999369,0.010542417748122496,0.002505827386225441,0.016544675777438376,0.12642177119829792
bmn,domain,87,neighbour_platt,0.03734429755625574,0.11106600938630974,0.010547743430799832,0.002505799606413758,0.016544675777438376,0.12642177119829792
bmn,domain,87,neighbour_isotonic,0.03478182676181212,0.1102953672866368,0.009655866885591297,0.0017349293444681331,0.016087813903110034,0.12642177119829792
bmn,domain,87,neighbour_isotonic_bagged,0.03500057999771506,0.11028495402414545,0.0100148438353931,0.001678064872492131,0.0151896489177463,0.12642177119829792
bmv,domain,87,global_curve,0.037154438833738423,0.11096961734889096,0.01101011327374083,0.00266496637711097,0.017885042774434628,0.12740461359131033
bmv,domain,87,global_constant,0.027972519928672,0.12818707546247032,0.005174431324517329,0.0007824618711599523,0.0,0.12740461359131033
bmv,domain,87,neighbour_constant,0.027862007552713952,0.12818090505617782,0.005180712137245794,0.0007762914648674894,0.0,0.12740461359131033
bmv,domain,87,neighbour_level,0.037164239998229334,0.1110464697317077,0.010953522612824501,0.0027212556073113988,0.01790316567207335,0.12740461359131033
bmv,domain,87,neighbour_platt,0.03752772724373301,0.11104566115604678,0.010954797721975698,0.002736478905867614,0.01795520053018358,0.12740461359131033
bmv,domain,87,neighbour_isotonic,0.03610219108773491,0.11046458226215344,0.01044619925061146,0.0019700406401850674,0.016989776649095942,0.12740461359131033
bmv,domain,87,neighbour_isotonic_bagged,0.03729075278274908,0.1104264171017767,0.010431338677004234,0.002037956639771459,0.01671428295647207,0.12740461359131033
bmz,domain,83,global_curve,0.02382664316709351,0.08722808900712499,0.013874382191432303,0.0010631425472944587,0.01728529108992042,0.1039199137938967
bmz,domain,83,global_constant,0.004576427004671424,0.10394085747802577,0.005570478136421297,2.094368412908586e-05,0.0,0.1039199137938967
bmz,domain,83,neighbour_constant,0.004945467307101659,0.1039443714407823,0.005632252539038638,2.445764688561133e-05,0.0,0.1039199137938967
bmz,domain,83,neighbour_level,0.023518901454242395,0.08723700059319438,0.014019308108241863,0.0009392931534988871,0.017049171486244706,0.1039199137938967
bmz,domain,83,neighbour_platt,0.023791434060895136,0.08723392286825275,0.014134164197485335,0.0009691224922352093,0.017103543261242245,0.1039199137938967
bmz,domain,83,neighbour_isotonic,0.023427059531776345,0.08722852055775353,0.012628938849678889,0.0008681794762260282,0.01727759521611203,0.1039199137938967
bmz,domain,83,neighbour_isotonic_bagged,0.023002138346757954,0.08715023625478663,0.012759394707483687,0.0008662076854730751,0.0173915703792635,0.1039199137938967
bsh,domain,84,global_curve,0.026002739743298163,0.10016992817916678,0.012074102896914152,0.002064468559854464,0.02189725945270192,0.12116126310260397
bsh,domain,84,global_constant,0.019005197717400946,0.12152246064288144,0.004994027867078867,0.0003611975402775021,0.0,0.12116126310260397
bsh,domain,84,neighbour_constant,0.018433458079884835,0.12150105547938682,0.005085493527675396,0.0003397923767828715,0.0,0.12116126310260397
bsh,domain,84,neighbour_level,0.026361980115915586,0.10009576976515666,0.011759040272013604,0.0020154986625654622,0.021963230989776795,0.12116126310260397
bsh,domain,84,neighbour_platt,0.02632541708982676,0.10008243336825762,0.011813275401148033,0.002101732391208476,0.02200432461641045,0.12116126310260397
bsh,domain,84,neighbour_isotonic,0.025411144915961848,0.09976962865521863,0.010906259012002623,0.0018810133676331468,0.023240289953242094,0.12116126310260397
bsh,domain,84,neighbour_isotonic_bagged,0.02527504378228109,0.09972621850206134,0.011043413364195617,0.0018881728150029677,0.02327584409838528,0.12116126310260397
bsl,domain,84,global_curve,0.022354961131798586,0.1004235845359411,0.012150128968960259,0.001354495573659875,0.02083656329926848,0.12118708198565105
bsl,domain,84,global_constant,0.019030788712181224,0.12154925290465868,0.006120126807519969,0.0003621709190076843,0.0,0.12118708198565105
bsl,domain,84,neighbour_constant,0.018469425226465663,0.12152820165384702,0.006176826290479268,0.0003411196681960062,0.0,0.12118708198565105
bsl,domain,84,neighbour_level,0.02279022650735864,0.10036042420817302,0.012154674270083467,0.0014096285224308503,0.02083313470481387,0.12118708198565105
bsl,domain,84,neighbour_platt,0.022953917366602256,0.10035104575500148,0.012231164854810116,0.0014323231041335428,0.020893577932285676,0.12118708198565105
bsl,domain,84,neighbour_isotonic,0.0214056010797791,0.10003422009353899,0.0115823232962285,0.0012460866971456914,0.0221528069071712,0.12118708198565105
bsl,domain,84,neighbour_isotonic_bagged,0.02125616212421627,0.09999866710210056,0.011852774536257642,0.0012601302629975599,0.022198160437943572,0.12118708198565105
bsr,domain,84,global_curve,0.02533650103710737,0.09806200680370881,0.012028250941934125,0.0017636293032570656,0.022335006290812323,0.1198384984106101
bsr,domain,84,global_constant,0.017130847844194386,0.12013196435847101,0.005615918597248589,0.00029346594786093945,0.0,0.1198384984106101
bsr,domain,84,neighbour_constant,0.016595570553975425,0.12011391137262205,0.005679275356962634,0.0002754129620119762,0.0,0.1198384984106101
bsr,domain,84,neighbour_level,0.02664513576917522,0.09799228003819427,0.012081878138283292,0.0017906033908000841,0.02269095298151748,0.1198384984106101
bsr,domain,84,neighbour_platt,0.025633165372558237,0.09797619125653752,0.012012453166529807,0.0017177257011555809,0.022637307446733656,0.1198384984106101
bsr,domain,84,neighbour_isotonic,0.027849897171071385,0.09766624950270236,0.011136514326342361,0.00179170265787174,0.02393839088389444,0.1198384984106101
bsr,domain,84,neighbour_isotonic_bagged,0.02772036411623169,0.09762876509514713,0.011313008855987034,0.0017873915413429617,0.02396327176666816,0.1198384984106101
bsu,domain,84,global_curve,0.02629534821062425,0.10055481940852119,0.011264734910798543,0.002238435614160228,0.02218390498384182,0.12169228257637929
bsu,domain,84,global_constant,0.019756365979759383,0.12208259657310547,0.00402426056440813,0.0003903139967261939,0.0,0.12169228257637929
bsu,domain,84,neighbour_constant,0.01917392457377598,0.12205992195994014,0.003996869194388584,0.0003676393835608504,0.0,0.12169228257637929
bsu,domain,84,neighbour_level,0.026651258827198657,0.10047728670860606,0.011211359986332443,0.0021809663381495248,0.02224367364099128,0.12169228257637929
bsu,domain,84,neighbour_platt,0.026613484196177227,0.10046333544159558,0.011139723285275089,0.0022821425747824786,0.02230078671471085,0.12169228257637929
bsu,domain,84,neighbour_isotonic,0.025540633225120526,0.10018298581916547,0.011318938073512964,0.0019585592568983614,0.02341167865203542,0.12169228257637929
bsu,domain,84,neighbour_isotonic_bagged,0.025399235816490832,0.10013271516735799,0.01166598928586499,0.0019934593992980395,0.023484878362624334,0.12169228257637929
cac,domain,91,global_curve,0.04656868546668273,0.13116978464006268,0.013400343765644949,0.002472171566733096,0.019674845700101345,0.14983959039832495
cac,domain,91,global_constant,0.061839459675810726,0.15366370917132116,0.0050418191567449715,0.003824118772996221,0.0,0.14983959039832495
cac,domain,91,neighbour_constant,0.06316628866325802,0.153829570421815,0.004931145299092541,0.003989980023490039,0.0,0.14983959039832495
cac,domain,91,neighbour_level,0.047378496984939115,0.1312621517596512,0.013501786479101018,0.0025401417660277413,0.01972194905721157,0.14983959039832495
cac,domain,91,neighbour_platt,0.04740219986045249,0.13126162048011064,0.013478705313717688,0.0025295059107827648,0.019634234343909512,0.14983959039832495
cac,domain,91,neighbour_isotonic,0.04540139005104479,0.13125076530910373,0.013661918615553815,0.002292535646335493,0.019537586632373528,0.14983959039832495
cac,domain,91,neighbour_isotonic_bagged,0.04576964872430417,0.13123353236197555,0.01340098766847165,0.002386394616703851,0.019449946309043606,0.14983959039832495
cae,domain,91,global_curve,0.03274969563761057,0.12058841819854513,0.014708285897553365,0.0014151903786029435,0.018140580415069246,0.13844131185503364
cae,domain,91,global_constant,0.04413433553913593,0.14038915142851463,0.006363179074446677,0.0019478395734810366,0.0,0.13844131185503364
cae,domain,91,neighbour_constant,0.04564355875499149,0.14052464631085398,0.006334014171614305,0.00208333445582036,0.0,0.13844131185503364
cae,domain,91,neighbour_level,0.033691456446237555,0.12065955130178271,0.01444069316037796,0.0015506617504430175,0.018268650930326855,0.13844131185503364
cae,domain,91,neighbour_platt,0.033726320929230856,0.12066160749788275,0.014476463326610737,0.0015050964113796502,0.01814715450501131,0.13844131185503364
cae,domain,91,neighbour_isotonic,0.03219275994509981,0.12041658566723076,0.015327883741564604,0.0011734235731918892,0.01793144951458861,0.13844131185503364
cae,domain,91,neighbour_isotonic_bagged,0.032411071489515796,0.12040866031214731,0.015442756173003303,0.0011803355404460855,0.01786461559964171,0.13844131185503364
cay,domain,91,global_curve,0.033062474978704695,0.12081255049808187,0.015536642503145272,0.001473904453696116,0.018453367909519066,0.13883279341528468
cay,domain,91,global_constant,0.04472544071264917,0.14083315846222536,0.005705983313318996,0.0020003650469406957,0.0,0.13883279341528468
cay,domain,91,neighbour_constant,0.04623011697356094,0.14097001713067384,0.005718112853752259,0.0021372237153891274,0.0,0.13883279341528468
cay,domain,91,neighbour_level,0.033376667099887895,0.12088370270677806,0.015271977898093763,0.0015197961379023522,0.018418239593857588,0.13883279341528468
cay,domain,91,neighbour_platt,0.03343808078523784,0.12088602537370523,0.015281993326318747,0.0015215280482636555,0.018418239593857588,0.13883279341528468
cay,domain,91,neighbour_isotonic,0.03178492507312185,0.12065378475017471,0.014567567602520788,0.0011288622554652705,0.018140287432090178,0.13883279341528468
cay,domain,91,neighbour_isotonic_bagged,0.031641922390940325,0.12063846099068025,0.014559693948866016,0.0011247259348192915,0.018055008416977745,0.13883279341528468
cgb,domain,83,global_curve,0.0252946379999269,0.08918159278567708,0.015471684285514643,0.0026516004710920244,0.011071970100651125,0.09853867239989249
cgb,domain,83,global_constant,0.011598054032172067,0.09867318725722567,0.0058907103825136566,0.00013451485733318274,0.0,0.09853867239989249
cgb,domain,83,neighbour_constant,0.006094066202719461,0.09857581004277563,0.005934426229508199,3.713764288312759e-05,0.0,0.09853867239989249
cgb,domain,83,neighbour_level,0.02481411962790692,0.08907038966230953,0.014540875871719868,0.002912563798882448,0.011490002157699675,0.09853867239989249
cgb,domain,83,neighbour_platt,0.024312722661581066,0.08894896883064236,0.014393000458234866,0.0020807673081836885,0.011096104119224673,0.09853867239989249
cgb,domain,83,neighbour_isotonic,0.010606652167258503,0.0879511590254983,0.013499186985381146,0.0007979327200294464,0.010527710327352235,0.09853867239989249
cgb,domain,83,neighbour_isotonic_bagged,0.012380593334362831,0.08798784231676177,0.014141234560764654,0.0010360096889704092,0.010725008753453388,0.09853867239989249
cgl,domain,83,global_curve,0.022689531834867854,0.09410825638656402,0.01521869927877619,0.002370679558046083,0.012096463124455458,0.10469561807665914
cgl,domain,83,global_constant,0.0035408473027170873,0.10470815567628032,0.006480582295831352,1.2537599621158871e-05,0.0,0.10469561807665914
cgl,domain,83,neighbour_constant,0.0018981428542517165,0.1046992210229543,0.0064247028756163945,3.602946295146853e-06,0.0,0.10469561807665914
cgl,domain,83,neighbour_level,0.02353507879515118,0.09409464076169256,0.01467378934938535,0.0026440836110756373,0.012512640688681388,0.10469561807665914
cgl,domain,83,neighbour_platt,0.02243328764478337,0.09399151189468567,0.014697185886159194,0.0019525286158565635,0.011939123150688626,0.10469561807665914
cgl,domain,83,neighbour_isotonic,0.014171627594857359,0.09297747458312125,0.013474188720829675,0.0007030688295643295,0.011317780981462307,0.10469561807665914
cgl,domain,83,neighbour_isotonic_bagged,0.016378740998191317,0.09298841808106956,0.013662252385032209,0.0010502923612202748,0.011731163735894709,0.10469561807665914
cgn,domain,87,global_curve,0.03257001010191761,0.1110782148176486,0.016340321990764115,0.003901399519301128,0.019306767244885684,0.12670431960014333
cgn,domain,87,global_constant,0.02675210007371487,0.12741999445849736,0.006923660254135511,0.0007156748583540551,0.0,0.12670431960014333
cgn,domain,87,neighbour_constant,0.027555051343378545,0.1274636004546795,0.006732419533261284,0.0007592808545362278,0.0,0.12670431960014333
cgn,domain,87,neighbour_level,0.03243013952589765,0.11107738353638658,0.016372175493026525,0.0038933807781139354,0.01928653479929772,0.12670431960014333
cgn,domain,87,neighbour_platt,0.032523094289288165,0.11109027651758539,0.016499190780881398,0.003868690110413087,0.019133481817878113,0.12670431960014333
cgn,domain,87,neighbour_isotonic,0.0214390179770269,0.10946072285826915,0.01681670508012257,0.0019853674015999218,0.019508054871660352,0.12670431960014333
cgn,domain,87,neighbour_isotonic_bagged,0.021369647135229815,0.10953223685682086,0.01655177563955865,0.0017486861764514972,0.019227161482477585,0.12670431960014333
cgt,domain,83,global_curve,0.030593235043082284,0.08838647543275784,0.015202960858391712,0.0025650793312399387,0.014430999053070657,0.10146883466982824
cgt,domain,83,global_constant,0.007788521088081812,0.10152949573056773,0.00627887575576271,6.06610607394951e-05,0.0,0.10146883466982824
cgt,domain,83,neighbour_constant,0.002311150533497397,0.10147417608661673,0.006063812036401748,5.341416788485303e-06,0.0,0.10146883466982824
cgt,domain,83,neighbour_level,0.03009369777987018,0.08832273489768097,0.015477596638431991,0.0025716563612712576,0.015204513761170843,0.10146883466982824
cgt,domain,83,neighbour_platt,0.028559322097312274,0.08827202225873286,0.015538826135530951,0.002200893793594314,0.014923254892405136,0.10146883466982824
cgt,domain,83,neighbour_isotonic,0.009318959341510027,0.08767688974066455,0.015526029286291728,0.00026786379718265145,0.013697810321259617,0.10146883466982824
cgt,domain,83,neighbour_isotonic_bagged,0.009233510665373833,0.08772242163888959,0.015614247730328002,0.00026015991634756146,0.013770610604419095,0.10146883466982824
cgu,domain,83,global_curve,0.025878222354859946,0.08832170803506663,0.015820228955855258,0.002694694605692867,0.011296749450119095,0.09785378187461777
cgu,domain,83,global_constant,0.012483704620654734,0.09800962475567356,0.006322399781515834,0.00015584288105575635,0.0,0.09785378187461777
cgu,domain,83,neighbour_constant,0.006972987840121125,0.09790240443403628,0.006107440485883546,4.862255941847708e-05,0.0,0.09785378187461777
cgu,domain,83,neighbour_level,0.027537841264597324,0.08816524500110948,0.015544097362301619,0.0025153334266267593,0.011497439979791368,0.09785378187461777
cgu,domain,83,neighbour_platt,0.02547035896435956,0.08802896121684177,0.015468841586688337,0.002052207646156969,0.011376593972982331,0.09785378187461777
cgu,domain,83,neighbour_isotonic,0.01275032290354331,0.08700372917496371,0.014932232222196203,0.0008438379530882845,0.010989425045808672,0.09785378187461777
cgu,domain,83,neighbour_isotonic_bagged,0.01243061368879769,0.08701290856155806,0.01544340167903599,0.0010066242099328218,0.011178248892089496,0.09785378187461777
chh,domain,87,global_curve,0.03287458152417158,0.10482498034512484,0.016410323641958928,0.0030349196718909657,0.021729466074013604,0.12373822222222226
chh,domain,87,global_constant,0.022520414420353907,0.1242453912878867,0.007446597596607696,0.0005071690656644842,0.0,0.12373822222222226
chh,domain,87,neighbour_constant,0.023356564471994412,0.12428375132615664,0.007387340146311491,0.0005455291039344316,0.0,0.12373822222222226
chh,domain,87,neighbour_level,0.03272351378613491,0.10482352629715562,0.016488133619703756,0.0030262470914757373,0.02170981641921889,0.12373822222222226
chh,domain,87,neighbour_platt,0.03093756560945243,0.10483199907070591,0.01660318821060152,0.002787977740639363,0.021558241738607792,0.12373822222222226
chh,domain,87,neighbour_isotonic,0.019214378781817542,0.10368201170851646,0.016215963421011677,0.0012989193321438933,0.020115877625890174,0.12373822222222226
chh,domain,87,neighbour_isotonic_bagged,0.01962094055193442,0.1036867104544878,0.01645585923505855,0.0017825468089705233,0.020781727516043503,0.12373822222222226
chz,domain,87,global_curve,0.03329733375480034,0.1207590371808284,0.016538010553411062,0.003907288553481807,0.018860099734901655,0.13696836284549482
chz,domain,87,global_constant,0.04184570203543503,0.13871942562433323,0.005380217135724548,0.0017510627788384114,0.0,0.13696836284549482
chz,domain,87,neighbour_constant,0.04248811738989755,0.1387736029648325,0.005319634464847132,0.0018052401193377147,0.0,0.13696836284549482
chz,domain,87,neighbour_level,0.033855135737540926,0.12074951626784788,0.016507766688515738,0.0038677841272173334,0.018769961143368603,0.13696836284549482
chz,domain,87,neighbour_platt,0.03391050427103335,0.12075785211185527,0.016620903442101344,0.003885450198743782,0.01879139746678806,0.13696836284549482
chz,domain,87,neighbour_isotonic,0.03189470831560719,0.11930159459365954,0.016314488058265054,0.0026271550999377707,0.01969195758792598,0.13696836284549482
chz,domain,87,neighbour_isotonic_bagged,0.0323566386055171,0.11924330393644779,0.016168783584537265,0.0027424424964200863,0.0198665979940669,0.13696836284549482
cih,domain,87,global_curve,0.03160235385530303,0.10110961608321453,0.018017320988234487,0.002127658135115627,0.017928845711112664,0.11819943289224952
cih,domain,87,global_constant,0.01473937669593317,0.11841668211763415,0.006981691764307411,0.00021724922538461782,0.0,0.11819943289224952
cih,domain,87,neighbour_constant,0.015646419544458223,0.11844424333681072,0.006929184441676552,0.0002448104445612043,0.0,0.11819943289224952
cih,domain,87,neighbour_level,0.03160465153513803,0.101109508869751,0.018004365101025786,0.0021274739988718424,0.017928845711112664,0.11819943289224952
cih,domain,87,neighbour_platt,0.03209995164476488,0.10112833295300563,0.017909744828416254,0.0022291808097711888,0.017911102076664222,0.11819943289224952
cih,domain,87,neighbour_isotonic,0.018083347764856837,0.10025214168890674,0.01754013661281573,0.0007707226207519053,0.018256465128195468,0.11819943289224952
cih,domain,87,neighbour_isotonic_bagged,0.01842248457008324,0.1002588338490462,0.01755802445439946,0.0006720458302185622,0.01816939534073148,0.11819943289224952
cjb,domain,87,global_curve,0.06474470815402249,0.06547343097349526,0.019998182681179637,0.007829074267850265,0.005758541463986402,0.06327444211425329
cjb,domain,87,global_constant,0.054726873616958494,0.06626947281013978,0.009655773537331026,0.0029950306958865477,0.0,0.06327444211425329
cjb,domain,87,neighbour_constant,0.05644413782041868,0.0664603828085437,0.009727370881415983,0.0031859406942904185,0.0,0.06327444211425329
cjb,domain,87,neighbour_level,0.06727667991998323,0.06597795746518362,0.02025911559183004,0.008219696359528118,0.005642178491625235,0.06327444211425329
cjb,domain,87,neighbour_platt,0.06779027357991937,0.06621362925739703,0.020417595906397842,0.00924940654615812,0.006235319751035597,0.06327444211425329
cjb,domain,87,neighbour_isotonic,0.06995294816589459,0.0669297680023612,0.020236424521252114,0.00868750227841478,0.00501080758242636,0.06327444211425329
cjb,domain,87,neighbour_isotonic_bagged,0.06982855712197578,0.06693245937413164,0.02010539060493457,0.008669493039109766,0.005018558643577505,0.06327444211425329
cje,domain,87,global_curve,0.06747917230740157,0.06353813473397724,0.020837987338789495,0.008460069378850573,0.005284626859195812,0.06032503988878281
cje,domain,87,global_constant,0.0581409413688897,0.06370540895204345,0.00906440810970895,0.0033803690632606695,0.0,0.06032503988878281
cje,domain,87,neighbour_constant,0.05984349839219161,0.06390628418859907,0.009099195237972481,0.0035812442998162395,0.0,0.06032503988878281
cje,domain,87,neighbour_level,0.06998832003671587,0.06406366477958139,0.02050327200809504,0.008905448573692848,0.005169660914619251,0.06032503988878281
cje,domain,87,neighbour_platt,0.07049575012560796,0.06430529673850403,0.020690593960201457,0.009928373723172004,0.005846289327074321,0.06032503988878281
cje,domain,87,neighbour_isotonic,0.07259971179949182,0.06513941285249059,0.020052947077884596,0.00938144486551434,0.004580776813698149,0.06032503988878281
cje,domain,87,neighbour_isotonic_bagged,0.07246847808146106,0.06514533925309801,0.019823082599132777,0.009351348971793304,0.004585079680540121,0.06032503988878281
cjj,domain,87,global_curve,0.0604540405943871,0.07126678374548338,0.020994476551937456,0.008216857715553312,0.006684332972402443,0.06983941282721165
cjj,domain,87,global_constant,0.047027254228368065,0.07205097546747126,0.006632403057527098,0.002211562640259562,0.0,0.06983941282721165
cjj,domain,87,neighbour_constant,0.048779890276301474,0.0722188905225797,0.007043756028617426,0.002379477695368011,0.0,0.06983941282721165
cjj,domain,87,neighbour_level,0.06300076919347143,0.0717548977293415,0.02148754403868938,0.008531863021633777,0.006618008032982568,0.06983941282721165
cjj,domain,87,neighbour_platt,0.06316230722940042,0.07201436292153972,0.021612483591317122,0.008939054991663689,0.006787789873065034,0.06983941282721165
cjj,domain,87,neighbour_isotonic,0.06512285829624134,0.07209477862612705,0.020475930685486796,0.008271505871465086,0.006256048770094042,0.06983941282721165
cjj,domain,87,neighbour_isotonic_bagged,0.06509116526188742,0.07205342082975133,0.020588694344195916,0.00826577316468974,0.006242897200901655,0.06983941282721165
cju,domain,87,global_curve,0.06805827883511056,0.06955242610606843,0.022167226697735135,0.010733425148163526,0.005299690909139326,0.06394297170862111
cju,domain,87,global_constant,0.053953726839893634,0.06685397634853495,0.008671161913145875,0.002911004639913859,0.0,0.06394297170862111
cju,domain,87,neighbour_constant,0.05566989354029961,0.06704210875540936,0.00880311959986702,0.003099137046788292,0.0,0.06394297170862111
cju,domain,87,neighbour_level,0.07056809954929114,0.07008171212521037,0.02201706307813785,0.010930789022650161,0.005029022109794423,0.06394297170862111
cju,domain,87,neighbour_platt,0.07072968737587312,0.07037237641501085,0.022049812416660385,0.011480776997005043,0.005166779525414616,0.06394297170862111
cju,domain,87,neighbour_isotonic,0.07270786656876388,0.06984738893898217,0.019806273715854906,0.01030232925018978,0.004765397463164337,0.06394297170862111
cju,domain,87,neighbour_isotonic_bagged,0.072582199124927,0.06975228088104055,0.019965809632893305,0.010223160436060133,0.004765397463164337,0.06394297170862111
cpe,domain,91,global_curve,0.029337828721415868,0.10891116923867053,0.016959908720553068,0.0022711534985639897,0.0279527513802063,0.13606174712033767
cpe,domain,91,global_constant,0.04046582541711519,0.13769923014702612,0.00659431370375574,0.0016374830266884454,0.0,0.13606174712033767
cpe,domain,91,neighbour_constant,0.042100174555992353,0.13783417181798271,0.006643384907392338,0.001772424697645026,0.0,0.13606174712033767
cpe,domain,91,neighbour_level,0.03093999543943243,0.10900959080109061,0.016776934664766444,0.0025119672808529884,0.028427686339259826,0.13606174712033767
cpe,domain,91,neighbour_platt,0.03100206646297158,0.10899016244301617,0.016755214522249835,0.002511776457743987,0.028387172994054882,0.13606174712033767
cpe,domain,91,neighbour_isotonic,0.029738026272794246,0.10923675685222953,0.017088292352016417,0.0029443479488497626,0.02815235743602831,0.13606174712033767
cpe,domain,91,neighbour_isotonic_bagged,0.030512292827803073,0.10925498403869639,0.017153688657645685,0.0030889767400433857,0.02832384856515199,0.13606174712033767
ctd,domain,91,global_curve,0.061941393068314865,0.06553963188882984,0.028009352024758516,0.008179724202185375,0.005754965590857706,0.06320022981901756
ctd,domain,91,global_constant,0.05466391628545064,0.06618837356268033,0.009011009501398425,0.002988143743662756,0.0,0.06320022981901756
ctd,domain,91,neighbour_constant,0.055089667014555865,0.06623510123079214,0.008934107944393432,0.0030348714117746445,0.0,0.06320022981901756
ctd,domain,91,neighbour_level,0.06244023030681559,0.06562965685547026,0.028121090826562965,0.008281805161807824,0.005703321047687744,0.06320022981901756
ctd,domain,91,neighbour_platt,0.062445683609856355,0.06564817361336299,0.028060862326362766,0.008256364787030745,0.0055141563987773316,0.06320022981901756
ctd,domain,91,neighbour_isotonic,0.0664853959152883,0.06576465045192094,0.027842300871213803,0.008305204717847653,0.005823967570206,0.06320022981901756
ctd,domain,91,neighbour_isotonic_bagged,0.06632722936032172,0.06576725519805658,0.027437612430495553,0.00825295214872507,0.005964046417911966,0.06320022981901756
ctf,domain,91,global_curve,0.06196093420710773,0.06552683014534914,0.027524513089325495,0.008182412703671748,0.005754965590857706,0.06320022981901756
ctf,domain,91,global_constant,0.05466391628545064,0.06618837356268033,0.012682842662862863,0.002988143743662756,0.0,0.06320022981901756
ctf,domain,91,neighbour_constant,0.055089667014555865,0.06623510123079214,0.01260511199474915,0.0030348714117746445,0.0,0.06320022981901756
ctf,domain,91,neighbour_level,0.06245978442567575,0.0656168372889431,0.027478617322335697,0.008284558887115157,0.005703321047687744,0.06320022981901756
ctf,domain,91,neighbour_platt,0.0624652648364088,0.06563534672945745,0.027338674984751715,0.008259135525718091,0.0055141563987773316,0.06320022981901756
ctf,domain,91,neighbour_isotonic,0.06648539591528825,0.06576465045192091,0.028515188395566264,0.008305204717847646,0.005823967570206,0.06320022981901756
ctf,domain,91,neighbour_isotonic_bagged,0.06633697969270366,0.06577008392931083,0.02874289230532871,0.008255042393140314,0.005964046417911966,0.06320022981901756
ctr,domain,91,global_curve,0.06192348555442577,0.062124487707349685,0.029810037603040723,0.007863175085134925,0.0073199356896517485,0.06172912470847105
ctr,domain,91,global_constant,0.05636579054811264,0.06490622705258477,0.01335260209908527,0.003177102344113704,0.0,0.06172912470847105
ctr,domain,91,neighbour_constant,0.056788196160593385,0.06495402393164504,0.013522908884053782,0.0032248992231740333,0.0,0.06172912470847105
ctr,domain,91,neighbour_level,0.062420377926104914,0.06221382811972397,0.030045149400224333,0.007958095216047912,0.007262870919065571,0.06172912470847105
ctr,domain,91,neighbour_platt,0.06242184237782152,0.06223155450492386,0.03020587793483676,0.007798223835138201,0.006924427083820031,0.06172912470847105
ctr,domain,91,neighbour_isotonic,0.06428192301858694,0.06326910021065253,0.028668617286702967,0.006980499967469448,0.005602421520988625,0.06172912470847105
ctr,domain,91,neighbour_isotonic_bagged,0.06416762002681464,0.06320799480163344,0.028314977329584674,0.006966895220352002,0.005754721246849118,0.06172912470847105
ctrd,domain,91,global_curve,0.06394437106801128,0.06612184207059854,0.028447856528077763,0.010695554952663059,0.004643816129289734,0.05963730780153352
ctrd,domain,91,global_constant,0.05877618696944287,0.06309194795620042,0.011911989804486368,0.0034546401546669057,0.0,0.05963730780153352
ctrd,domain,91,neighbour_constant,0.05919200966812388,0.06314100181008475,0.01194204719693045,0.0035036940085512707,0.0,0.05963730780153352
ctrd,domain,91,neighbour_level,0.0644369942865736,0.06621634920596027,0.028541234489876076,0.009678389227746144,0.0037543327992965005,0.05963730780153352
ctrd,domain,91,neighbour_platt,0.06444066834167353,0.06623605563643768,0.028465787862583282,0.009697655820458135,0.0037543327992965005,0.05963730780153352
ctrd,domain,91,neighbour_isotonic,0.0668871015868937,0.06549514161665931,0.02706760167175216,0.009056614995105424,0.0036453633659703135,0.05963730780153352
ctrd,domain,91,neighbour_isotonic_bagged,0.06686530563236266,0.06550488884043015,0.027061004694269863,0.009224877080232152,0.0035056005632962614,0.05963730780153352
ebw,domain,83,global_curve,0.009507946680159706,0.07814129706324893,0.008801354546737528,0.0010249894931589224,0.010382779236595316,0.08832217867198139
ebw,domain,83,global_constant,0.024867722509221535,0.088940582294777,0.0037505723671336757,0.0006184036227956434,0.0,0.08832217867198139
ebw,domain,83,neighbour_constant,0.029374618979039036,0.0891850469121451,0.004015179532499043,0.0008628682401637203,0.0,0.08832217867198139
ebw,domain,83,neighbour_level,0.010808758980777168,0.07815673328269354,0.008964290829347412,0.0010357506985929738,0.010521903050069671,0.08832217867198139
ebw,domain,83,neighbour_platt,0.009233519386538618,0.07815981349176811,0.009025086350336532,0.0009559389651416524,0.010374439507489959,0.08832217867198139
ebw,domain,83,neighbour_isotonic,0.012664363109053504,0.0782863767260389,0.009191967235884974,0.0006171411215455645,0.010269307844224801,0.08832217867198139
ebw,domain,83,neighbour_isotonic_bagged,0.012253632619898787,0.07828445777563427,0.009272342128856649,0.0006278403005959468,0.010245608634722807,0.08832217867198139
ecd,domain,83,global_curve,0.009801938530087657,0.07947805845852457,0.009474289746168834,0.0015107576172640783,0.01133408218048832,0.08999999999999998
ecd,domain,83,global_constant,0.022738212919585887,0.09051702632677643,0.005181312339489317,0.0005170263267764225,0.0,0.08999999999999998
ecd,domain,83,neighbour_constant,0.02728281189013737,0.09074435182463263,0.005364720753217885,0.0007443518246326211,0.0,0.08999999999999998
ecd,domain,83,neighbour_level,0.012064682275817095,0.07948987445613119,0.00962019190713601,0.0015304750219594155,0.011509420890839162,0.08999999999999998
ecd,domain,83,neighbour_platt,0.010373065215007036,0.07949303180142242,0.009643415954190458,0.00142530069111488,0.011322617239906812,0.08999999999999998
ecd,domain,83,neighbour_isotonic,0.01129453243256806,0.07955174135938164,0.009251402478060333,0.0008268892434684661,0.010742870710830028,0.08999999999999998
ecd,domain,83,neighbour_isotonic_bagged,0.010741656141401476,0.07955108683756562,0.00943552431692382,0.0008517990868715878,0.010730844397231794,0.08999999999999998
ecj,domain,83,global_curve,0.007784467709259635,0.08004918950301951,0.008955184324419259,0.001198668848242964,0.010712873585238534,0.09031748273662085
ecj,domain,83,global_constant,0.022342925869581753,0.09081668907303446,0.003701365187609268,0.0004992063364136256,0.0,0.09031748273662085
ecj,domain,83,neighbour_constant,0.026885761408004583,0.09104032690310898,0.003770043187254163,0.0007228441664881485,0.0,0.09031748273662085
ecj,domain,83,neighbour_level,0.009528361463264173,0.08005941203538472,0.009073771258675057,0.0012040647948109457,0.010818559888755118,0.09031748273662085
ecj,domain,83,neighbour_platt,0.007879637550455718,0.08006220525672354,0.009172987777175635,0.0011299918314139207,0.010665627508597777,0.09031748273662085
ecj,domain,83,neighbour_isotonic,0.011378650999778448,0.08014373338163902,0.008837710209600237,0.0005297104860124426,0.0103419950075123,0.09031748273662085
ecj,domain,83,neighbour_isotonic_bagged,0.011011733387129732,0.08013620878176402,0.00879314390866782,0.0005438262208385762,0.010323518482249276,0.09031748273662085
ecle,domain,83,global_curve,0.013469600024650686,0.08911622853694684,0.009289786898816155,0.0009590445869850619,0.01383330976355088,0.10282088070103416
ecle,domain,83,global_constant,0.006082579317197578,0.10285787847218418,0.00396895134801026,3.699777114999976e-05,0.0,0.10282088070103416
ecle,domain,83,neighbour_constant,0.010922120745428976,0.10294017342261191,0.003886088381607944,0.00011929272157773,0.0,0.10282088070103416
ecle,domain,83,neighbour_level,0.01429624145340297,0.08910986156722203,0.009330718762712126,0.00123673730172091,0.014012018570144329,0.10282088070103416
ecle,domain,83,neighbour_platt,0.014465200334293389,0.08911204706706301,0.009310886923971754,0.0012580925462016095,0.01404918885572814,0.10282088070103416
ecle,domain,83,neighbour_isotonic,0.016547270663330414,0.08971976561472292,0.008798067260696539,0.0008752326002931782,0.013205454210652686,0.10282088070103416
ecle,domain,83,neighbour_isotonic_bagged,0.016589562202826973,0.08969946706595452,0.008776325966069967,0.0008883481208622787,0.013219348690134719,0.10282088070103416
eclg,domain,83,global_curve,0.006362374053685717,0.08045223512164641,0.010131544872983287,0.0004415078394874454,0.015403781345233927,0.09594773070450816
eclg,domain,83,global_constant,0.015094117766930926,0.09617556309567014,0.005097861457457457,0.00022783239116197984,0.0,0.09594773070450816
eclg,domain,83,neighbour_constant,0.01977774089622253,0.09633888973946626,0.005261558129720391,0.0003911590349581131,0.0,0.09594773070450816
eclg,domain,83,neighbour_level,0.006341489660248781,0.08045468581119584,0.01037162437316466,0.0004671030111112052,0.015286092277425794,0.09594773070450816
eclg,domain,83,neighbour_platt,0.006158232241987167,0.08045268455619448,0.010292944934063209,0.00044441554727524675,0.015215022621606827,0.09594773070450816
eclg,domain,83,neighbour_isotonic,0.011470869768707738,0.08138402251855115,0.009871276912110167,0.0008989425469934713,0.015306355777669598,0.09594773070450816
eclg,domain,83,neighbour_isotonic_bagged,0.011841287275559838,0.08134487503034057,0.009803823835242127,0.0009017617390459392,0.01526477975488108,0.09594773070450816
eco,domain,83,global_curve,0.008426804755800262,0.0802959009056831,0.009677736509587302,0.0011424150471278888,0.010093402854869,0.09004560678377753
eco,domain,83,global_constant,0.022687212997068107,0.09056031641735181,0.00387913122784924,0.000514709633574336,0.0,0.09004560678377753
eco,domain,83,neighbour_constant,0.0272257993473779,0.09078685093388118,0.003762519798152719,0.0007412441501036828,0.0,0.09004560678377753
eco,domain,83,neighbour_level,0.01005484742412499,0.08031084312098864,0.00971110705887601,0.0011564235577605695,0.010236136560838044,0.09004560678377753
eco,domain,83,neighbour_platt,0.00914906158173398,0.08031492293361357,0.00967758360883471,0.0011242408729384384,0.010195405337213661,0.09004560678377753
eco,domain,83,neighbour_isotonic,0.011614066155209678,0.08026571830575963,0.009899870511858718,0.0006425400465655567,0.010075640649674087,0.09004560678377753
eco,domain,83,neighbour_isotonic_bagged,0.011546588923715264,0.08026234751710275,0.009794209637329528,0.0006557485384066945,0.010055011623706624,0.09004560678377753
enc,domain,83,global_curve,0.0068167061444463824,0.08384464879610325,0.00949982107398325,0.0003150797440103414,0.01687724005003196,0.10078800620992616
enc,domain,83,global_constant,0.008779629554836799,0.1008650881050463,0.0037009818108825533,7.70818951201638e-05,0.0,0.10078800620992616
enc,domain,83,neighbour_constant,0.013562495267445795,0.10097194748780564,0.003964770701927351,0.0001839412778794896,0.0,0.10078800620992616
enc,domain,83,neighbour_level,0.0069037297182448975,0.08385129577270181,0.009651228488086618,0.00044825792388651804,0.01708602680149801,0.10078800620992616
enc,domain,83,neighbour_platt,0.006649382407174102,0.08385016608845391,0.009591758050627586,0.00041026494006032285,0.017044695902517264,0.10078800620992616
enc,domain,83,neighbour_isotonic,0.014195137530442504,0.0850042974004913,0.009443537189969674,0.0009890356883960547,0.01678474987087472,0.10078800620992616
enc,domain,83,neighbour_isotonic_bagged,0.014633978118430698,0.0849621959609013,0.009540975022917154,0.0010746029636954494,0.016856961702164414,0.10078800620992616
enl,domain,83,global_curve,0.0063643566658301565,0.08420852155850113,0.010180301524445299,0.00037338505498684906,0.013817017707825612,0.09849323838822228
enl,domain,83,global_constant,0.011780233499365966,0.09863201228952188,0.004747946272719237,0.00013877390129958411,0.0,0.09849323838822228
enl,domain,83,neighbour_constant,0.016521506795689866,0.09876619857502235,0.004787915247846775,0.00027296018680002644,0.0,0.09849323838822228
enl,domain,83,neighbour_level,0.006240433568354315,0.08420634346222626,0.010114807632998614,0.0003143406913173852,0.013939442679984745,0.09849323838822228
enl,domain,83,neighbour_platt,0.005468389802085361,0.08420623035761457,0.010010425687179707,0.00030622626562066413,0.013849701024008476,0.09849323838822228
enl,domain,83,neighbour_isotonic,0.01293294113228969,0.08482158295491093,0.00932286382911606,0.0005357772447815632,0.013784771061533465,0.09849323838822228
enl,domain,83,neighbour_isotonic_bagged,0.012972137761453603,0.0847394026831315,0.009293754117326577,0.0005635587663096627,0.013931414525196657,0.09849323838822228
fpc,domain,87,global_curve,0.030618159630690797,0.09655419409282223,0.018974787123354906,0.002666420060823584,0.019163763205682655,0.11404374235867185
fpc,domain,87,global_constant,0.009007022402930387,0.11412486881123869,0.007567368906959701,8.112645256688988e-05,0.0,0.11404374235867185
fpc,domain,87,neighbour_constant,0.0099674308449752,0.11414309203632117,0.007830427841941077,9.934967764936303e-05,0.0,0.11404374235867185
fpc,domain,87,neighbour_level,0.03061980092424829,0.09655429836902224,0.018976094667709734,0.0026665060242019624,0.019163763205682655,0.11404374235867185
fpc,domain,87,neighbour_platt,0.03055025323312567,0.0965664528487253,0.018808408859054916,0.002637558973411862,0.018995623011365433,0.11404374235867185
fpc,domain,87,neighbour_isotonic,0.02566129022948884,0.09527938519568477,0.01948834369706522,0.001561898131874591,0.019783793852295402,0.11404374235867185
fpc,domain,87,neighbour_isotonic_bagged,0.024095487140289792,0.09531395242260403,0.019428520064051526,0.0015756028009358202,0.01960910938736943,0.11404374235867185
fpo,domain,87,global_curve,0.027220187231485022,0.0920547172360677,0.0198504805128444,0.0039655206773169475,0.01643793326748199,0.10487528344671203
fpo,domain,87,global_constant,0.003295797718962268,0.10488614572931634,0.007774664902875855,1.0862282604316888e-05,0.0,0.10487528344671203
fpo,domain,87,neighbour_constant,0.0022624831470533513,0.10488040227670273,0.007614202173173503,5.118829990700437e-06,0.0,0.10487528344671203
fpo,domain,87,neighbour_level,0.027188285947923545,0.09205239230089757,0.01972787142918851,0.004015936820468297,0.01655013157735472,0.10487528344671203
fpo,domain,87,neighbour_platt,0.025804798001896976,0.0920731748080405,0.019835487139179948,0.003592608573805836,0.015793328810197956,0.10487528344671203
fpo,domain,87,neighbour_isotonic,0.027687068712865713,0.09051017488577331,0.01932482380557653,0.0017346989420400844,0.016196505826805877,0.10487528344671203
fpo,domain,87,neighbour_isotonic_bagged,0.025239267460191048,0.09056233590110611,0.01933839566311771,0.0017322956743895022,0.01588817683533886,0.10487528344671203
fps,domain,87,global_curve,0.02963012134378696,0.09658335762265298,0.01922441272090917,0.003161455810007421,0.01953403233106684,0.11388272000876713
fps,domain,87,global_constant,0.00878644151209651,0.11395992156321265,0.009128551516725054,7.720155444549281e-05,0.0,0.11388272000876713
fps,domain,87,neighbour_constant,0.00974914376583036,0.11397776581293399,0.009102965060151716,9.504580416682896e-05,0.0,0.11388272000876713
fps,domain,87,neighbour_level,0.029634670689423617,0.09658336295713676,0.01922386286340912,0.00316144616120498,0.01953403233106684,0.11388272000876713
fps,domain,87,neighbour_platt,0.0295045058154874,0.09659595543450127,0.019041656343102936,0.0031519514606322616,0.019467782778936626,0.11388272000876713
fps,domain,87,neighbour_isotonic,0.02391823606728829,0.0951809064913118,0.018838549755381743,0.0013490044627982904,0.01992872623194717,0.11388272000876713
fps,domain,87,neighbour_isotonic_bagged,0.02231150325998962,0.09521376083287932,0.018943433600491288,0.0013787243351741666,0.0197959351929346,0.11388272000876713
fpy,domain,87,global_curve,0.026824143451827067,0.09325988371362075,0.019063380194628766,0.0035420254616816012,0.017971763632880597,0.10869973086279179
fpy,domain,87,global_constant,0.0017867663062582917,0.10870292339662498,0.007660052386160738,3.1925338331798994e-06,0.0,0.10869973086279179
fpy,domain,87,neighbour_constant,0.002790617229788017,0.10870751840731496,0.007775684461644957,7.787544523189747e-06,0.0,0.10869973086279179
fpy,domain,87,neighbour_level,0.02702051381654702,0.09325822338682878,0.019113543138919577,0.0035568258987289728,0.018061380893598475,0.10869973086279179
fpy,domain,87,neighbour_platt,0.0252547747011383,0.09327696097662369,0.019048577734769364,0.0033751466116825387,0.017684222572648102,0.10869973086279179
fpy,domain,87,neighbour_isotonic,0.02348967928784417,0.091948493595333,0.01846952591633696,0.0012850307412051898,0.017883777096188942,0.10869973086279179
fpy,domain,87,neighbour_isotonic_bagged,0.020806092594927487,0.09196345843973414,0.018311313656814387,0.0013335356862791768,0.017716263145238553,0.10869973086279179
heo,domain,87,global_curve,0.06738174250227702,0.07794425658423342,0.02147135974482722,0.013163955878862798,0.003186857025995691,0.0677216905402306
heo,domain,87,global_constant,0.049493763110220135,0.07017132312704122,0.010611140833054906,0.0024496325868105873,0.0,0.0677216905402306
heo,domain,87,neighbour_constant,0.051267249227616385,0.07035002138359715,0.01033254711033669,0.0026283308433665328,0.0,0.0677216905402306
heo,domain,87,neighbour_level,0.06997266805740482,0.07857817009325402,0.02177731930872297,0.013500288631116656,0.0032151178854380505,0.0677216905402306
heo,domain,87,neighbour_platt,0.07019837831116968,0.0789612083817757,0.022130272896121624,0.014339753364989494,0.0034539270930094915,0.0677216905402306
heo,domain,87,neighbour_isotonic,0.07029490870328457,0.07821020895750184,0.02116494413606192,0.013162613674984426,0.003148251116006199,0.0677216905402306
heo,domain,87,neighbour_isotonic_bagged,0.07035771739705887,0.07825289908118123,0.021019582428853725,0.013464046533617933,0.0032159424441387703,0.0677216905402306
hpa,domain,87,global_curve,0.0649144691983087,0.08037925851306855,0.022631973523206245,0.01266969397164152,0.004434952617285382,0.07145043871710922
hpa,domain,87,global_constant,0.04508447878374755,0.07348304894431137,0.009494463643588854,0.002032610227202183,0.0,0.07145043871710922
hpa,domain,87,neighbour_constant,0.046877862805590365,0.07364797273832895,0.009528332977597762,0.0021975340212197526,0.0,0.07145043871710922
hpa,domain,87,neighbour_level,0.06755182199044457,0.08098487529828553,0.02239818365879533,0.01299589438141667,0.004043899055647175,0.07145043871710922
hpa,domain,87,neighbour_platt,0.0678024534214491,0.0813471473300146,0.022430043530168045,0.013620951305018312,0.0041023634462030245,0.07145043871710922
hpa,domain,87,neighbour_isotonic,0.06829945466076999,0.08043128099522326,0.021509148897499664,0.012248992397859116,0.0035423208045589627,0.07145043871710922
hpa,domain,87,neighbour_isotonic_bagged,0.06828202459477746,0.08041896112882077,0.02137918054103524,0.012576366746944057,0.0037217310717390147,0.07145043871710922
hpj,domain,87,global_curve,0.0665927384176792,0.08502700179773152,0.02415577951466333,0.014517014843953964,0.004312591036869241,0.07409545184568662
hpj,domain,87,global_constant,0.041929037753316134,0.07585349605260563,0.009020946809508124,0.0017580442069190098,0.0,0.07409545184568662
hpj,domain,87,neighbour_constant,0.04373637159271626,0.07600832204578281,0.009397390333229965,0.0019128702000961579,0.0,0.07409545184568662
hpj,domain,87,neighbour_level,0.06922895603327642,0.08565047076294553,0.023851918110380375,0.015271107821043496,0.004183849092393826,0.07409545184568662
hpj,domain,87,neighbour_platt,0.06952584873702261,0.0860642204633505,0.023509639946697154,0.015865576627749033,0.004325869395644003,0.07409545184568662
hpj,domain,87,neighbour_isotonic,0.06913063524536582,0.08425508082966242,0.023035304910581863,0.013440741145228115,0.0037468927364672122,0.07409545184568662
hpj,domain,87,neighbour_isotonic_bagged,0.06912494181912836,0.08427698436983308,0.023326341673882242,0.01371700003110482,0.0037293630753296655,0.07409545184568662
hpy,domain,87,global_curve,0.05858310756406966,0.08389911486323912,0.02313463568033869,0.011563772246659826,0.004391315022533069,0.07646824489795917
hpy,domain,87,global_constant,0.039076211016542794,0.07799519516536858,0.009724447183158085,0.0015269502674093805,0.0,0.07646824489795917
hpy,domain,87,neighbour_constant,0.04089803852963847,0.07814089445353098,0.00970885147201147,0.0016726495555717928,0.0,0.07646824489795917
hpy,domain,87,neighbour_level,0.06124058918760626,0.08448645829411766,0.023385356667643346,0.011991786426037907,0.004472668776109259,0.07646824489795917
hpy,domain,87,neighbour_platt,0.06149169014444841,0.08485283796814003,0.023363936330848604,0.012512756983395625,0.004364535516626194,0.07646824489795917
hpy,domain,87,neighbour_isotonic,0.06159000600241141,0.08402841717732681,0.021370284558382014,0.01159418680884421,0.004159173077293103,0.07646824489795917
hpy,domain,87,neighbour_isotonic_bagged,0.06166975449051521,0.08413093263396562,0.02143130754863639,0.011942734348101698,0.004198459929346624,0.07646824489795917
kpm,domain,83,global_curve,0.008278362424728949,0.08386162790423803,0.009058781751263182,0.0002091218429948077,0.011389907585990303,0.09570782729468566
kpm,domain,83,global_constant,0.015432387682576043,0.09594598588427097,0.0049508110521740405,0.00023815858958532477,0.0,0.09570782729468566
kpm,domain,83,neighbour_constant,0.020083235394636967,0.09611116363860206,0.0051492963053341246,0.00040333634391639906,0.0,0.09570782729468566
kpm,domain,83,neighbour_level,0.009142090976377932,0.08387709302809233,0.008931307435129916,0.00028024124835856584,0.011420262426404728,0.09570782729468566
kpm,domain,83,neighbour_platt,0.008993209893399797,0.0838805864904769,0.00886844347986836,0.0002804097275983511,0.011403967720428601,0.09570782729468566
kpm,domain,83,neighbour_isotonic,0.011473937854480528,0.08430682805103783,0.009218635571394159,0.0007842473383849412,0.011886657466760627,0.09570782729468566
kpm,domain,83,neighbour_isotonic_bagged,0.01127911312944459,0.08430703016703045,0.009419461999853006,0.0007296961139855383,0.01189026429982958,0.09570782729468566
kpn,domain,83,global_curve,0.008872846277775556,0.08544365310734792,0.008916640065276624,0.0004290794500324009,0.012184108977116588,0.09822735089454802
kpn,domain,83,global_constant,0.01215181109343777,0.09837501740739868,0.00411517300147655,0.00014766651285059724,0.0,0.09822735089454802
kpn,domain,83,neighbour_constant,0.01686290520273459,0.09851170846642447,0.0041933862937005295,0.0002843575718764133,0.0,0.09822735089454802
kpn,domain,83,neighbour_level,0.0077912957909557125,0.08545615260076234,0.008791653501675956,0.000377878214891797,0.012232932724424793,0.09822735089454802
kpn,domain,83,neighbour_platt,0.007762482121919146,0.08545909644694029,0.008778503894675991,0.00035901090344015986,0.012233881970162891,0.09822735089454802
kpn,domain,83,neighbour_isotonic,0.016418266916043166,0.08612129148148344,0.008914440698484506,0.0006332817740546544,0.012146451564868524,0.09822735089454802
kpn,domain,83,neighbour_isotonic_bagged,0.016726248698936737,0.08606762844635829,0.009005181630325012,0.0006860737955463247,0.012302864200638667,0.09822735089454802
kpp,domain,83,global_curve,0.011690666546233134,0.07942716073586664,0.009055988953498668,0.00040876285295357427,0.01138630363309425,0.09099197820113913
kpp,domain,83,global_constant,0.02150263620876769,0.09145434156506575,0.004502827893113069,0.0004623633639266073,0.0,0.09099197820113913
kpp,domain,83,neighbour_constant,0.026040911242189213,0.09167010725946274,0.004597831807794607,0.0006781290583235765,0.0,0.09099197820113913
kpp,domain,83,neighbour_level,0.012772576382926512,0.07945266729919083,0.009035019131811074,0.0005044654340527089,0.011486182357162514,0.09099197820113913
kpp,domain,83,neighbour_platt,0.01249837050167189,0.07945702369044438,0.009068569183010662,0.0004934051357429062,0.01143323600260017,0.09099197820113913
kpp,domain,83,neighbour_isotonic,0.013023303641703732,0.08000703571644822,0.009177882011019819,0.0006537974432473609,0.011330807281488513,0.09099197820113913
kpp,domain,83,neighbour_isotonic_bagged,0.013266736334738636,0.07996918212250158,0.00922205934011086,0.0006938271448853772,0.011484805296692397,0.09099197820113913
kpu,domain,83,global_curve,0.013615310306441086,0.07885010990121019,0.00994734571439081,0.0005001733812736397,0.012415901740926497,0.09116333034116167
kpu,domain,83,global_constant,0.021299480551223215,0.09161699821291364,0.004502684647261505,0.00045366787175193604,0.0,0.09116333034116167
kpu,domain,83,neighbour_constant,0.025825996073279955,0.09183031241433877,0.004774751608320845,0.0006669820731770717,0.0,0.09116333034116167
kpu,domain,83,neighbour_level,0.014162024424188105,0.07887524350516655,0.009891379358426286,0.0004980492536478439,0.012451504160457429,0.09116333034116167
kpu,domain,83,neighbour_platt,0.014186818923492599,0.0788781847884548,0.009851865925823128,0.0005312814554508,0.012456524892491352,0.09116333034116167
kpu,domain,83,neighbour_isotonic,0.01495947379157396,0.07947653215552244,0.009603865194510723,0.0007280878658127568,0.01204266265789532,0.09116333034116167
kpu,domain,83,neighbour_isotonic_bagged,0.014912525763301241,0.07946735875377985,0.009553924406697188,0.0007226664550753857,0.012088682320835596,0.09116333034116167
mml,domain,91,global_curve,0.09674608646598143,0.06221521695090823,0.032335882417631384,0.017147014727917367,0.0036412520772901523,0.049014013382148676
mml,domain,91,global_constant,0.07080523542599382,0.054027394745879115,0.01404743962983286,0.00501338136373041,0.0,0.049014013382148676
mml,domain,91,neighbour_constant,0.07130077479072494,0.054097813867906366,0.014133822797424532,0.0050838004857576774,0.0,0.049014013382148676
mml,domain,91,neighbour_level,0.0976227864316267,0.062465994468795145,0.03292328431373625,0.01785408828977644,0.0038865305745739553,0.049014013382148676
mml,domain,91,neighbour_platt,0.09774930587383314,0.06261264151438765,0.03275617749090861,0.018035931231263205,0.003844273325561511,0.049014013382148676
mml,domain,91,neighbour_isotonic,0.10342267209457082,0.06356541153593888,0.03185604615611007,0.0195802518982583,0.005132269399668588,0.049014013382148676
mml,domain,91,neighbour_isotonic_bagged,0.1033857955101548,0.06352753749973082,0.031528270643441,0.019468857626226965,0.005271381224173671,0.049014013382148676
mmy,domain,91,global_curve,0.10221185996130085,0.07033459224604573,0.034322625200144834,0.02482074847824406,0.004091673754680488,0.04930447272381779
mmy,domain,91,global_constant,0.0704722129834392,0.05427080552660103,0.014779253779351742,0.004966332802783216,0.0,0.04930447272381779
mmy,domain,91,neighbour_constant,0.07097671178437659,0.054342166339540254,0.014788183104297779,0.005037693615722463,0.0,0.04930447272381779
mmy,domain,91,neighbour_level,0.10308763302163651,0.07062897332092048,0.03505513080336688,0.024959801377031188,0.004220987301897667,0.04930447272381779
mmy,domain,91,neighbour_platt,0.1032356101728862,0.07083444020541185,0.03469665864335425,0.025130160763205834,0.004232303242656929,0.04930447272381779
mmy,domain,91,neighbour_isotonic,0.10448104611848447,0.07001863878657798,0.03487769868012291,0.02421681192967818,0.0041727275559075225,0.04930447272381779
mmy,domain,91,neighbour_isotonic_bagged,0.10452233357613096,0.0699771522909355,0.034916982839334934,0.023972155627714428,0.0040310119020454584,0.04930447272381779
mmyi,domain,91,global_curve,0.11090927764681137,0.07287134083999613,0.03330956206310649,0.028107108327577342,0.0026492578865685993,0.04669563137755106
mmyi,domain,91,global_constant,0.07339071584919843,0.05208182855040882,0.012657809471693388,0.005386197172857785,0.0,0.04669563137755106
mmyi,domain,91,neighbour_constant,0.07387902519200895,0.052153741740872506,0.012477351679467277,0.005458110363321493,0.0,0.04669563137755106
mmyi,domain,91,neighbour_level,0.11177739868587026,0.07318879853663914,0.03359229433375936,0.028615673974904034,0.002630561536090453,0.04669563137755106
mmyi,domain,91,neighbour_platt,0.11194655226291146,0.0734072713453173,0.0337819821432206,0.028909921899673993,0.002657791907907363,0.04669563137755106
mmyi,domain,91,neighbour_isotonic,0.11414130989649016,0.07281606771550556,0.030973697861521574,0.028833416001278478,0.003077928413550435,0.04669563137755106
mmyi,domain,91,neighbour_isotonic_bagged,0.11413788813601243,0.0728282177666324,0.031345428941431316,0.02864076059798782,0.002979851012841455,0.04669563137755106
mmym,domain,91,global_curve,0.10650618716010432,0.07388710535645376,0.032653021396302925,0.025599123653742714,0.003813268197799129,0.05113221329437546
mmym,domain,91,global_constant,0.06843063998534482,0.055814965783179335,0.012586307241777724,0.004682752488803873,0.0,0.05113221329437546
mmym,domain,91,neighbour_constant,0.0689321139950978,0.055883849634208595,0.012448766955065332,0.004751636339833158,0.0,0.05113221329437546
mmym,domain,91,neighbour_level,0.10738804131847483,0.07419840449269069,0.03238809021422769,0.026074659755315182,0.0037874310234838546,0.05113221329437546
mmym,domain,91,neighbour_platt,0.10756360958439294,0.07441467539518892,0.03246295822674639,0.026202005526847767,0.003622247215177779,0.05113221329437546
mmym,domain,91,neighbour_isotonic,0.10928378663906377,0.07383346263623956,0.03178795050270254,0.02567236877314917,0.004008428932140564,0.05113221329437546
mmym,domain,91,neighbour_isotonic_bagged,0.10927940753071698,0.07390578927301347,0.0316418547041794,0.026493086007475464,0.004500097070867526,0.05113221329437546
mra,domain,83,global_curve,0.01656400912794593,0.08304855882623806,0.012777127506106573,0.0012279576585499659,0.015103454692825825,0.09720322602915549
mra,domain,83,global_constant,0.013369243114957796,0.09738196269062234,0.004921086586059272,0.00017873666146684644,0.0,0.09720322602915549
mra,domain,83,neighbour_constant,0.007806017575660795,0.09726415993954704,0.005048783849342671,6.093391039152524e-05,0.0,0.09720322602915549
mra,domain,83,neighbour_level,0.014100814393542358,0.0829708472661912,0.012118644453094761,0.0012890529890672495,0.014611330053137637,0.09720322602915549
mra,domain,83,neighbour_platt,0.016145408845053565,0.08295085412349348,0.012061669808558623,0.0012788133899440117,0.014865681976082932,0.09720322602915549
mra,domain,83,neighbour_isotonic,0.007472217142735419,0.0828573185787441,0.011684229410725862,0.00012085086722458819,0.014480077560312912,0.09720322602915549
mra,domain,83,neighbour_isotonic_bagged,0.00742902461988623,0.08284389970742635,0.01208736607474274,0.00014889679100764895,0.01452451404670347,0.09720322602915549
mtc,domain,83,global_curve,0.016181700855816807,0.08268604316188843,0.012129760664409144,0.001565822253488169,0.015430758958239192,0.09656281418110928
mtc,domain,83,global_constant,0.014191242592872078,0.09676420554743904,0.005241153651589655,0.0002013913663297466,0.0,0.09656281418110928
mtc,domain,83,neighbour_constant,0.00862432769658883,0.09663719320932743,0.004975292833279952,7.437902821814919e-05,0.0,0.09656281418110928
mtc,domain,83,neighbour_level,0.015382256704748406,0.0826392965612739,0.012326874534847586,0.001749035109999977,0.015061643510168313,0.09656281418110928
mtc,domain,83,neighbour_platt,0.01529832550476722,0.08262668944603042,0.012357771888851137,0.0012116803948256276,0.01446120903151736,0.09656281418110928
mtc,domain,83,neighbour_isotonic,0.009840837054432575,0.0826409049235357,0.012045563880830366,0.00041732788790066255,0.014107132290564034,0.09656281418110928
mtc,domain,83,neighbour_isotonic_bagged,0.008986455081480813,0.08261104398465453,0.012135591172490311,0.0003678889348565444,0.013912522719362934,0.09656281418110928
mtu,domain,83,global_curve,0.016770240831765287,0.0842383505545691,0.012617539825835583,0.0010844247220482101,0.013836935967437698,0.09729088074040546
mtu,domain,83,global_constant,0.013252417555948193,0.09746650731148263,0.00534733855489843,0.00017562657107720388,0.0,0.09729088074040546
mtu,domain,83,neighbour_constant,0.0076938801778386745,0.09735007653259635,0.005511829247616808,5.9195792190938877e-05,0.0,0.09729088074040546
mtu,domain,83,neighbour_level,0.014441676598506514,0.08416731679507276,0.012078577673850364,0.0011560561218425924,0.013382676050761355,0.09729088074040546
mtu,domain,83,neighbour_platt,0.016524011076984382,0.08413718582345735,0.01210875827130205,0.001200658666977163,0.013752943662309374,0.09729088074040546
mtu,domain,83,neighbour_isotonic,0.00730443459272202,0.08397547483571384,0.011656526714178626,0.00015420676288729757,0.013390417329829965,0.09729088074040546
mtu,domain,83,neighbour_isotonic_bagged,0.007685848574625838,0.0839575121911935,0.011700551452817372,0.0002234520409004753,0.013455477291372453,0.09729088074040546
mtv,domain,83,global_curve,0.017006770892459253,0.0828956798695415,0.01239562680773721,0.001490644674539171,0.014073988525219079,0.09579303091580153
mtv,domain,83,global_constant,0.015189604278157742,0.0960237549939286,0.005427073697193959,0.00023072407812702798,0.0,0.09579303091580153
mtv,domain,83,neighbour_constant,0.009605690230259367,0.09588530020060126,0.00534998458217699,9.226928479970026e-05,0.0,0.09579303091580153
mtv,domain,83,neighbour_level,0.014687169656841515,0.08280311201946539,0.012584067734007281,0.0015589272134835532,0.013619406459011635,0.09579303091580153
mtv,domain,83,neighbour_platt,0.01728560407671304,0.08277551375057879,0.012553414999600632,0.0016446527073309064,0.014016236409623578,0.09579303091580153
mtv,domain,83,neighbour_isotonic,0.008505485273658174,0.08261659415758597,0.011959360417183044,0.00014533907808746832,0.013389657394055435,0.09579303091580153
mtv,domain,83,neighbour_isotonic_bagged,0.00833646057914041,0.08260888988619729,0.011803953264200563,0.00018444894100290676,0.013412371369317154,0.09579303091580153
nmd,domain,87,global_curve,0.037037367774552896,0.06405474842610401,0.016352789300897876,0.003821493659644427,0.00589968858138523,0.0665624782651858
nmd,domain,87,global_constant,0.05096919267295574,0.0691603368669187,0.007024444325121321,0.0025978586017328855,0.0,0.0665624782651858
nmd,domain,87,neighbour_constant,0.05029782051415188,0.06909234901365968,0.0069187566080844256,0.0025298707484738376,0.0,0.0665624782651858
nmd,domain,87,neighbour_level,0.03560631813814863,0.06390257017070271,0.01614603986886062,0.003947256000431132,0.006248362721687142,0.0665624782651858
nmd,domain,87,neighbour_platt,0.035595547352622964,0.06390743726475773,0.016123510137802673,0.003952022055394777,0.006248362721687142,0.0665624782651858
nmd,domain,87,neighbour_isotonic,0.0361905041172249,0.06350552252397385,0.015557493948733452,0.0032421598655696577,0.006040016444784052,0.0665624782651858
nmd,domain,87,neighbour_isotonic_bagged,0.036087136837099534,0.06349007705530182,0.015283587716513104,0.0031592201500195336,0.006067350279282074,0.0665624782651858
nme,domain,87,global_curve,0.0371630263183228,0.06397001436393239,0.01618112631986996,0.0044336518988496365,0.00631661641074875,0.06641970675247717
nme,domain,87,global_constant,0.05114159940105423,0.06903516994177504,0.008115165275521162,0.00261546318929791,0.0,0.06641970675247717
nme,domain,87,neighbour_constant,0.050464461949897066,0.06896636867236973,0.008157511187049861,0.0025466619198926087,0.0,0.06641970675247717
nme,domain,87,neighbour_level,0.035771049449843335,0.06381515193408564,0.01633488716948933,0.004248907498173935,0.006474197533218426,0.06641970675247717
nme,domain,87,neighbour_platt,0.035759113457045674,0.0638202476153143,0.016338700313842398,0.0042986962715583455,0.006492317414352006,0.06641970675247717
nme,domain,87,neighbour_isotonic,0.03570379068823019,0.06372797860574246,0.015293538629088199,0.003774128593216495,0.005805572581932868,0.06641970675247717
nme,domain,87,neighbour_isotonic_bagged,0.035634364975966816,0.06367214618746045,0.015226050039764296,0.004077468267141155,0.0063883122585191975,0.06641970675247717
nmh,domain,87,global_curve,0.0376622017450582,0.06276952911286954,0.015667546360305776,0.0035278337030733506,0.00574811979006132,0.06552810440246035
nmh,domain,87,global_constant,0.05218556408544073,0.06825143750137598,0.00674823797204341,0.002723333098915641,0.0,0.06552810440246035
nmh,domain,87,neighbour_constant,0.05150366837408216,0.06818073225844777,0.006675942230280161,0.0026526278559874305,0.0,0.06552810440246035
nmh,domain,87,neighbour_level,0.03623502982780895,0.06261241753314464,0.015252007104416673,0.0034019778662086934,0.005920610265303019,0.06552810440246035
nmh,domain,87,neighbour_platt,0.03622377513897419,0.06261759708554689,0.015276513695700692,0.003484077012729705,0.005964755137034098,0.06552810440246035
nmh,domain,87,neighbour_isotonic,0.03687534778051278,0.0627192793696006,0.014151583338704284,0.0033034933989889406,0.005715007448146904,0.06552810440246035
nmh,domain,87,neighbour_isotonic_bagged,0.036781685591540006,0.06263062689071532,0.014236773749816833,0.003625107692156225,0.00604438956983764,0.06552810440246035
nmp,domain,87,global_curve,0.04098001391284003,0.057232910918246616,0.015149205404435281,0.0034840859550166626,0.00785093049339864,0.061910262042350284
nmp,domain,87,global_constant,0.05640343972783557,0.06509161005548184,0.0076578201999745075,0.0031813480131315797,0.0,0.061910262042350284
nmp,domain,87,neighbour_constant,0.055694890676063924,0.065012182889769,0.007593037595153425,0.0031019208474187122,0.0,0.061910262042350284
nmp,domain,87,neighbour_level,0.03957584402427004,0.05708101770557187,0.015170245914287386,0.0034981036730440205,0.008216176529498522,0.061910262042350284
nmp,domain,87,neighbour_platt,0.03954932690255976,0.05708608722648606,0.015151125904197909,0.0035027156925257915,0.008216176529498522,0.061910262042350284
nmp,domain,87,neighbour_isotonic,0.04048768809337933,0.05721757600584008,0.015803398173040932,0.0028772909225367035,0.007427601412036956,0.061910262042350284
nmp,domain,87,neighbour_isotonic_bagged,0.03956280044020876,0.05722323804214107,0.015631764498210975,0.002570588348489785,0.00718943471729164,0.061910262042350284
pae,domain,83,global_curve,0.020881054274637136,0.09767983052773076,0.009649074156582591,0.0015077370592077087,0.023720499562482504,0.12099172808844734
pae,domain,83,global_constant,0.01887589739718576,0.12134802759099644,0.004375283129310705,0.00035629950254908413,0.0,0.12099172808844734
pae,domain,83,neighbour_constant,0.018276650848876308,0.12132576405469908,0.004369814697941974,0.0003340359662517311,0.0,0.12099172808844734
pae,domain,83,neighbour_level,0.02085884135009423,0.0976777675468642,0.009641349673200569,0.0015058060820205383,0.023720499562482504,0.12099172808844734
pae,domain,83,neighbour_platt,0.020892681835135058,0.09775674688670004,0.00986104197379293,0.0015964042119725615,0.0234435624594258,0.12099172808844734
pae,domain,83,neighbour_isotonic,0.02204948200570221,0.09801165380335994,0.009122107014631148,0.0015279209936531297,0.023483471370821934,0.12099172808844734
pae,domain,83,neighbour_isotonic_bagged,0.02200062994606637,0.09796097923508298,0.009190141881827188,0.0015351138365611436,0.023569905724007238,0.12099172808844734
paei,domain,83,global_curve,0.020767691366895366,0.09793590437930474,0.009969737558418844,0.0015245586834904444,0.023604317289672945,0.12102368934989403
paei,domain,83,global_constant,0.018922624628728846,0.12138175507273381,0.004800721391583476,0.00035806572283977547,0.0,0.12102368934989403
paei,domain,83,neighbour_constant,0.018321145933624883,0.12135935373821523,0.004880734829893369,0.0003356643883211796,0.0,0.12102368934989403
paei,domain,83,neighbour_level,0.02074935938250462,0.09793422579201953,0.009986103887424809,0.0015229757445668194,0.023604317289672945,0.12102368934989403
paei,domain,83,neighbour_platt,0.020781849636271808,0.09801249895832052,0.009888527481859631,0.0015602422662235446,0.023227207726999422,0.12102368934989403
paei,domain,83,neighbour_isotonic,0.021659644294167932,0.09816579600401373,0.00945117639252786,0.0014665225466850896,0.023358652268722153,0.12102368934989403
paei,domain,83,neighbour_isotonic_bagged,0.02160748449703218,0.09812520742783225,0.009372293193095894,0.0014565127676200377,0.02337816202951155,0.12102368934989403
paev,domain,83,global_curve,0.0208093087848441,0.0980911153868714,0.010043267063079956,0.0015409309943580551,0.02361626911838312,0.12118577327222635
paev,domain,83,global_constant,0.01915308208698907,0.12155261382565727,0.004200562423029576,0.0003668405534309416,0.0,0.12118577327222635
paev,domain,83,neighbour_constant,0.018546877073957302,0.12152975992142284,0.004227030508198223,0.000343986649196483,0.0,0.12118577327222635
paev,domain,83,neighbour_level,0.020790119142449073,0.0980893576967239,0.010041596852505568,0.00153927358738793,0.02361626911838312,0.12118577327222635
paev,domain,83,neighbour_platt,0.020825340866311548,0.09816712490658833,0.010173774145051238,0.0015720658365264365,0.02323427320495834,0.12118577327222635
paev,domain,83,neighbour_isotonic,0.021708789457584414,0.09830619576091185,0.009395766725566693,0.0014594566795602248,0.02337743415340339,0.12118577327222635
paev,domain,83,neighbour_isotonic_bagged,0.021655586145417932,0.0982663567351922,0.009378414468678178,0.0014491548388155502,0.02339748813682109,0.12118577327222635
pau,domain,83,global_curve,0.02249324131235762,0.09802031458315985,0.009840717262653832,0.0016847536241920377,0.023480039687587356,0.1210579862446068
pau,domain,83,global_constant,0.01897339799861575,0.12141797607622064,0.004321801766059215,0.0003599898316138761,0.0,0.1210579862446068
pau,domain,83,neighbour_constant,0.018368898718488347,0.12139540268473684,0.00433531960613128,0.0003374164401300828,0.0,0.1210579862446068
pau,domain,83,neighbour_level,0.022452765695762846,0.09801673187399584,0.009847671584234972,0.0017013285923219792,0.023495191830815925,0.1210579862446068
pau,domain,83,neighbour_platt,0.021744139156713225,0.09810484313027615,0.009812873643636926,0.0016087959394698282,0.023143396691500742,0.1210579862446068
pau,domain,83,neighbour_isotonic,0.02270266048490143,0.09820342769052462,0.01000110460757524,0.0018350934847837321,0.023951240316753438,0.1210579862446068
pau,domain,83,neighbour_isotonic_bagged,0.022692345172601557,0.09817561811471699,0.009859660321339241,0.0018086230321471947,0.023960176158748556,0.1210579862446068
rpo,domain,83,global_curve,0.058703410091832164,0.06531026880200301,0.026524524456589028,0.00828071000654776,0.008080027613566092,0.06493486716068333
rpo,domain,83,global_constant,0.05267561076830718,0.06770958713049756,0.009033267876188486,0.002774719969814199,0.0,0.06493486716068333
rpo,domain,83,neighbour_constant,0.05293319267003804,0.0677367900469267,0.0089967188481477,0.002801922886243369,0.0,0.06493486716068333
rpo,domain,83,neighbour_level,0.06044135051930758,0.06553291250007054,0.02678011264905781,0.008609143794642005,0.00814460462468312,0.06493486716068333
rpo,domain,83,neighbour_platt,0.059843471815435756,0.06546488390053304,0.026811768802495552,0.008470475910729516,0.007985211395006324,0.06493486716068333
rpo,domain,83,neighbour_isotonic,0.060278650512308914,0.06643978148048449,0.024917248063244524,0.007957632031606435,0.006872323002309008,0.06493486716068333
rpo,domain,83,neighbour_isotonic_bagged,0.06046212522673525,0.0664838443380723,0.025365452665157193,0.00719642481496916,0.006309614014767284,0.06493486716068333
rpr,domain,83,global_curve,0.05961853728714191,0.06640004773754078,0.02682346667714607,0.007994295571429687,0.007013718613490788,0.0653568527401386
rpr,domain,83,global_constant,0.052182276906811986,0.06807984276331777,0.011250229771536014,0.0027229900231792036,0.0,0.0653568527401386
rpr,domain,83,neighbour_constant,0.052442450821720055,0.0681070633883271,0.011265449760527615,0.0027502106481885266,0.0,0.0653568527401386
rpr,domain,83,neighbour_level,0.06078464333292619,0.06662887021846062,0.027086561651858285,0.008353124769076594,0.007156327516409989,0.0653568527401386
rpr,domain,83,neighbour_platt,0.06075995745285212,0.06655517818028213,0.027159366989982774,0.008199310599988931,0.006980174416184313,0.0653568527401386
rpr,domain,83,neighbour_isotonic,0.06121234407774109,0.06743860121902923,0.025047467808933545,0.00798357747333566,0.006369969124990072,0.0653568527401386
rpr,domain,83,neighbour_isotonic_bagged,0.06135664320234758,0.06749419537340788,0.025485822702891216,0.0074298294899401065,0.005987760212243481,0.0653568527401386
rpw,domain,83,global_curve,0.058860827410378985,0.0654251462971399,0.02657736372306546,0.008358647898011997,0.00805644797961828,0.06503985524964542
rpw,domain,83,global_constant,0.052552920747869436,0.0678016647287773,0.011406822999482816,0.002761809479131846,0.0,0.06503985524964542
rpw,domain,83,neighbour_constant,0.05281115066317921,0.06782887288401447,0.011382978596582391,0.0027890176343690135,0.0,0.06503985524964542
rpw,domain,83,neighbour_level,0.06060034353642457,0.0656491479113434,0.026534747054757637,0.008690988438968452,0.008131767108848617,0.06503985524964542
rpw,domain,83,neighbour_platt,0.06000135051167343,0.06557996592173457,0.02678690303034467,0.00856025347258323,0.007959332007863425,0.06503985524964542
rpw,domain,83,neighbour_isotonic,0.06047995951066023,0.06656998842484803,0.026834453200923394,0.00802755883929212,0.006877473685244552,0.06503985524964542
rpw,domain,83,neighbour_isotonic_bagged,0.06066207505219834,0.06660155409158995,0.02764465456785133,0.007259401948393025,0.006313533030430263,0.06503985524964542
rpz,domain,83,global_curve,0.06129898461464562,0.06393350284595925,0.02625303934731302,0.00883545464223248,0.006336698996511723,0.06129910467280314
rpz,domain,83,global_constant,0.05689084110514053,0.06453567247445352,0.012292044544929348,0.0032365678016503478,0.0,0.06129910467280314
rpz,domain,83,neighbour_constant,0.05713838371381663,0.06456389956623051,0.012212985195770961,0.0032647948934273457,0.0,0.06129910467280314
rpz,domain,83,neighbour_level,0.06244964152568033,0.06416184684276757,0.02626074510309273,0.009072573372445497,0.006297286174171188,0.06129910467280314
rpz,domain,83,neighbour_platt,0.06243895189512782,0.06408934253127327,0.026311689351406858,0.009040041264770296,0.006222509520620121,0.06129910467280314
rpz,domain,83,neighbour_isotonic,0.06325344042094136,0.064744521503059,0.02598051723380525,0.008343305200561254,0.005207123562240656,0.06129910467280314
rpz,domain,83,neighbour_isotonic_bagged,0.06340854531036035,0.064793225676026,0.02618360493804881,0.007899002128768887,0.004782857638628169,0.06129910467280314
salb,domain,83,global_curve,0.05128331050296341,0.11772071947367405,0.012575382809566271,0.006574657614171156,0.03636465820221142,0.1491073572014404
salb,domain,83,global_constant,0.060895549647429825,0.152815625168303,0.005434646654158848,0.0037082679668625908,0.0,0.1491073572014404
salb,domain,83,neighbour_constant,0.06545023915206172,0.15339109100650247,0.005343656510059616,0.004283733805062072,0.0,0.1491073572014404
salb,domain,83,neighbour_level,0.05523279461519929,0.11850668719602543,0.012462305841678524,0.00763040385603527,0.036690904969360415,0.1491073572014404
salb,domain,83,neighbour_platt,0.055505709743429374,0.11870779800710772,0.012443855924993816,0.007371928476267545,0.036224040513993194,0.1491073572014404
salb,domain,83,neighbour_isotonic,0.05637945637267662,0.11862621665540103,0.012108417081632534,0.00761211479852103,0.03687172824291306,0.1491073572014404
salb,domain,83,neighbour_isotonic_bagged,0.05634011124577719,0.11856729770618894,0.012095436622008111,0.007636748530692089,0.03679461456730688,0.1491073572014404
sau,domain,84,global_curve,0.03896210144913727,0.08537770406755607,0.016300712449247117,0.0055186433242289,0.012373768392292797,0.09208273000668304
sau,domain,84,global_constant,0.01988111739973386,0.09247798883574501,0.006378900135750313,0.0003952588290620005,0.0,0.09208273000668304
sau,domain,84,neighbour_constant,0.02001346870787213,0.09248326893640396,0.006366846696423784,0.0004005389297209769,0.0,0.09208273000668304
sau,domain,84,neighbour_level,0.039289554411166966,0.08540909493354529,0.0163175885656678,0.0055145582994534275,0.012269972997330446,0.09208273000668304
sau,domain,84,neighbour_platt,0.039289689690859234,0.08540590327156479,0.0163162642793316,0.005511496854930395,0.012269972997330446,0.09208273000668304
sau,domain,84,neighbour_isotonic,0.034786701402526446,0.08387120137594936,0.015629771898490148,0.0036696333492302466,0.011628130881288811,0.09208273000668304
sau,domain,84,neighbour_isotonic_bagged,0.035399577130129416,0.08385942374334167,0.015551674738786365,0.003721392489975129,0.011661768237633098,0.09208273000668304
sav,domain,84,global_curve,0.040403829592919674,0.08584014622446123,0.01569509093660196,0.00578110110471855,0.012170203445667067,0.09196921201036432
sav,domain,84,global_constant,0.02002642190477555,0.09237026958467237,0.006432394918282453,0.00040105757430807394,0.0,0.09196921201036432
sav,domain,84,neighbour_constant,0.020156273203910335,0.09237548735983493,0.006410298605534889,0.0004062753494706738,0.0,0.09196921201036432
sav,domain,84,neighbour_level,0.040605352648456786,0.08587157224363832,0.015631905307387197,0.00578601866390897,0.012071575801276421,0.09196921201036432
sav,domain,84,neighbour_platt,0.04060549098941598,0.08586569434422218,0.015675788235939212,0.0057803957206963045,0.012071575801276421,0.09196921201036432
sav,domain,84,neighbour_isotonic,0.036742507758441914,0.08429701643919098,0.01520253474759448,0.004122377904456788,0.011590358501099374,0.09196921201036432
sav,domain,84,neighbour_isotonic_bagged,0.03695470032338819,0.08421780667754428,0.015535615908826286,0.004276493275479853,0.011822608294752675,0.09196921201036432
saw,domain,84,global_curve,0.0405064147852132,0.08501371120965072,0.015394280699319087,0.0061309368236001395,0.011935503042006353,0.09059645800846515
saw,domain,84,global_constant,0.021762748355912742,0.0910700752244679,0.005535738083531054,0.0004736172160027828,0.0,0.09059645800846515
saw,domain,84,neighbour_constant,0.021879140349663206,0.09107515479090539,0.00558195209931522,0.0004786967824402606,0.0,0.09059645800846515
saw,domain,84,neighbour_level,0.04075370073872728,0.08504525938246119,0.015669722202036104,0.006122335931551214,0.011845079527036312,0.09059645800846515
saw,domain,84,neighbour_platt,0.040756589628023976,0.085038665161611,0.015590580666363246,0.00611602486135999,0.011845079527036312,0.09059645800846515
saw,domain,84,neighbour_isotonic,0.03834064772644659,0.08338899738856304,0.014513288671698344,0.0044022729476155325,0.011412341077536447,0.09059645800846515
saw,domain,84,neighbour_isotonic_bagged,0.038647561988507134,0.08331452936547616,0.014778597761179329,0.004569283353652544,0.011659323134219994,0.09059645800846515
sco,domain,83,global_curve,0.0779413598841996,0.1362365096602643,0.01089899898495029,0.01325711676253816,0.04396930929227153,0.16853522895720296
sco,domain,83,global_constant,0.09394093604038845,0.1773601284213473,0.0047699967781814345,0.008824899464144352,0.0,0.16853522895720296
sco,domain,83,neighbour_constant,0.09766592069023639,0.17807386102147457,0.004656481851967622,0.009538632064271543,0.0,0.16853522895720296
sco,domain,83,neighbour_level,0.08017248480037169,0.13715162450366142,0.010848867188947018,0.013935506091905137,0.043793624741232925,0.16853522895720296
sco,domain,83,neighbour_platt,0.08061150942697216,0.13737943592943966,0.010587298345282152,0.014217485510983141,0.043776817517029165,0.16853522895720296
sco,domain,83,neighbour_isotonic,0.08047461027171054,0.13666707721478857,0.009845312299384571,0.013161199976096442,0.04409163347611113,0.16853522895720296
sco,domain,83,neighbour_isotonic_bagged,0.0803144959144941,0.13664346758107387,0.010035016767907414,0.013141510021161188,0.04398721901660098,0.16853522895720296
sgr,domain,83,global_curve,0.061676567396023396,0.12817282981741193,0.011610660223834213,0.006839323404362931,0.034355680623264925,0.15750472130774051
sgr,domain,83,global_constant,0.07476736014062813,0.16309487945013898,0.00448828337684371,0.005590158142398387,0.0,0.15750472130774051
sgr,domain,83,neighbour_constant,0.07895589703238004,0.16373875498392843,0.004400111600336356,0.006234033676187799,0.0,0.15750472130774051
sgr,domain,83,neighbour_level,0.0656226612322133,0.1289449761498077,0.011011341139202942,0.007684512756097717,0.034333105514739955,0.15750472130774051
sgr,domain,83,neighbour_platt,0.06539086058651812,0.12913741838418485,0.011106241252464925,0.008047786721270798,0.03440469114804221,0.15750472130774051
sgr,domain,83,neighbour_isotonic,0.06644453903578247,0.12903703841669806,0.011232383020784074,0.007611835747187887,0.03414379508823762,0.15750472130774051
sgr,domain,83,neighbour_isotonic_bagged,0.06629248500148421,0.1289843828002704,0.011209316653095913,0.007500404659026088,0.03406642684251322,0.15750472130774051
sma,domain,83,global_curve,0.09449420736629809,0.1461898299438012,0.011417415343449772,0.016534087395639357,0.04537338669811132,0.17656313734630852
sma,domain,83,global_constant,0.10855849209855628,0.1883480835530207,0.004517900799072914,0.011784946206712306,0.0,0.17656313734630852
sma,domain,83,neighbour_constant,0.11209389525391922,0.18912817869950516,0.004432187941140699,0.012565041353196613,0.0,0.17656313734630852
sma,domain,83,neighbour_level,0.0978848693905627,0.14714922736839264,0.01118446735217372,0.017386024263248322,0.045237150978109805,0.17656313734630852
sma,domain,83,neighbour_platt,0.09750113758660345,0.147414326191874,0.011213414619540315,0.01758655634742227,0.045079172837115405,0.17656313734630852
sma,domain,83,neighbour_isotonic,0.0980113677409931,0.1471721821933552,0.010541030470361803,0.01640709245643686,0.04404992446633857,0.17656313734630852
sma,domain,83,neighbour_isotonic_bagged,0.09797828828963814,0.1470753361153153,0.011133067349098332,0.016416087043392827,0.04428566031347454,0.17656313734630852
sphi,domain,83,global_curve,0.027792630559650866,0.0863738400548624,0.014186423517226208,0.0012448073771355046,0.015280523462891904,0.10155150150888483
sphi,domain,83,global_constant,0.007704926178971894,0.10161086739630824,0.004127762917357081,5.9365887423406425e-05,0.0,0.10155150150888483
sphi,domain,83,neighbour_constant,0.008031369041292313,0.10161600439756228,0.0040826010930268865,6.450288867742862e-05,0.0,0.10155150150888483
sphi,domain,83,neighbour_level,0.02814578283526857,0.08641916225707431,0.014226982716309297,0.0012315381759065913,0.01530941625029977,0.10155150150888483
sphi,domain,83,neighbour_platt,0.027923999358519982,0.08640461130569885,0.014183009884685932,0.0012085673477438266,0.015287233996295172,0.10155150150888483
sphi,domain,83,neighbour_isotonic,0.020045915703058043,0.08625140670413763,0.013436812076425534,0.0007637426155093503,0.015781160900010912,0.10155150150888483
sphi,domain,83,neighbour_isotonic_bagged,0.02002260394856266,0.0861806905342536,0.013485586280963654,0.0007541756728942572,0.01585589804709837,0.10155150150888483
sphm,domain,83,global_curve,0.023759863262535798,0.1049410545840987,0.013671729348427888,0.001953924960096334,0.019521770001563726,0.12389257036055094
sphm,domain,83,global_constant,0.022839704296994334,0.12441422245292508,0.005316700934662725,0.0005216520923741415,0.0,0.12389257036055094
sphm,domain,83,neighbour_constant,0.02214270030098986,0.12438286953717038,0.00533798103180841,0.0004902991766194564,0.0,0.12389257036055094
sphm,domain,83,neighbour_level,0.02203607330111507,0.10489659324473194,0.013697994950924025,0.002004242577254411,0.019269981790858877,0.12389257036055094
sphm,domain,83,neighbour_platt,0.02251054284838227,0.10489412385118388,0.01369281396205233,0.0018934224010742921,0.01932340530375608,0.12389257036055094
sphm,domain,83,neighbour_isotonic,0.010876954045936416,0.10439350836476456,0.013744912925813755,0.0009867485716251998,0.01926146223930499,0.12389257036055094
sphm,domain,83,neighbour_isotonic_bagged,0.008907891906153544,0.1043174805156825,0.013967008514028439,0.0006885199340379128,0.019779146224644297,0.12389257036055094
spy,domain,84,global_curve,0.04179031376808616,0.07871155724969957,0.01793543149855402,0.0057235801220303,0.006818901047900637,0.07925952296190814
spy,domain,84,global_constant,0.035731761336557644,0.08053628173012088,0.008262704468569387,0.0012767587682127157,0.0,0.07925952296190814
spy,domain,84,neighbour_constant,0.03583295617619087,0.08054352371023293,0.008252033576534952,0.001284000748324815,0.0,0.07925952296190814
spy,domain,84,neighbour_level,0.04173708301038451,0.07875962838857041,0.017863905614567136,0.005895210114079184,0.006818653572667678,0.07925952296190814
spy,domain,84,neighbour_platt,0.04173919331451728,0.07876414834144424,0.01786306801985946,0.005899553921380165,0.006818653572667678,0.07925952296190814
spy,domain,84,neighbour_isotonic,0.037388748772521,0.07826376937958823,0.01715197202477734,0.004594376036457565,0.006093273251496008,0.07925952296190814
spy,domain,84,neighbour_isotonic_bagged,0.03741531130006434,0.07818984868321086,0.017277403224274353,0.0045924039624459035,0.006093273251496008,0.07925952296190814
spya,domain,84,global_curve,0.0390114032178559,0.07701226265585927,0.017555415971591482,0.005674952721075651,0.008158718375941475,0.07876204325393114
spya,domain,84,global_constant,0.036340341269927134,0.08008266365754586,0.007255017390207165,0.0013206204036147692,0.0,0.07876204325393114
spya,domain,84,neighbour_constant,0.03643449149016054,0.08008951542407768,0.007252124351916384,0.0013274721701465805,0.0,0.07876204325393114
spya,domain,84,neighbour_level,0.03914112474297121,0.07705914490140157,0.01782967007738163,0.005828396128820424,0.008161608554920626,0.07876204325393114
spya,domain,84,neighbour_platt,0.03914397460185514,0.07706396543029616,0.01782897295948246,0.005832936880919605,0.008161608554920626,0.07876204325393114
spya,domain,84,neighbour_isotonic,0.039310534745851555,0.07655257996027898,0.01725930197425472,0.004059435594848799,0.006600216407742309,0.07876204325393114
spya,domain,84,neighbour_isotonic_bagged,0.03936025129174756,0.07642750030356271,0.017376863512372966,0.003996361160822117,0.006615778541006017,0.07876204325393114
spym,domain,84,global_curve,0.036774845927497635,0.0765220990047787,0.0185055415417369,0.0046582607660447285,0.008240841283544669,0.07971216176262402
spym,domain,84,global_constant,0.0351729533398929,0.08094929840927424,0.005488838820191211,0.001237136646650283,0.0,0.07971216176262402
spym,domain,84,neighbour_constant,0.03528487907507438,0.08095718445396659,0.00548654043547581,0.001245022691342622,0.0,0.07971216176262402
spym,domain,84,neighbour_level,0.03710923701702453,0.07656243944756976,0.018191686802163386,0.0048110069544139876,0.008242637001729003,0.07971216176262402
spym,domain,84,neighbour_platt,0.03711134615275351,0.07657028187860698,0.01822634504708569,0.004818620113568575,0.008242637001729003,0.07971216176262402
spym,domain,84,neighbour_isotonic,0.03026639919405147,0.07588883033029348,0.018226972329111753,0.003182993152473647,0.007280996336886874,0.07971216176262402
spym,domain,84,neighbour_isotonic_bagged,0.030403737389463593,0.07580755718393076,0.018425262229866853,0.003195122363386302,0.007280996336886874,0.07971216176262402
spz,domain,84,global_curve,0.03697005680333648,0.07792708445680926,0.019510416349190467,0.004793747644460526,0.008587521281623548,0.08105538286317007
spz,domain,84,global_constant,0.033544074563611415,0.08218058780149921,0.00931671823794904,0.0011252049383291224,0.0,0.08105538286317007
spz,domain,84,neighbour_constant,0.03365413931221806,0.08218798395601627,0.009395292945188967,0.0011326010928461808,0.0,0.08105538286317007
spz,domain,84,neighbour_level,0.037106961411015146,0.07797314442413755,0.01970029224967386,0.0049805807555329245,0.00862011607788841,0.08105538286317007
spz,domain,84,neighbour_platt,0.03711083639064143,0.07797895621358579,0.019702978415086725,0.0049860802536945345,0.00862011607788841,0.08105538286317007
spz,domain,84,neighbour_isotonic,0.03674625424483606,0.07763114208687018,0.01855451547612987,0.003411129697407614,0.007185892182160335,0.08105538286317007
spz,domain,84,neighbour_isotonic_bagged,0.0368081158322428,0.0775089946068132,0.018430423285198064,0.0033830092738354805,0.007227918429005859,0.08105538286317007
ssan,domain,83,global_curve,0.016785493844974787,0.10274421737398957,0.01260443946560965,0.0006033307597589216,0.02348774154699894,0.1266448542534206
ssan,domain,83,global_constant,0.026862708932151813,0.12736645938459407,0.005425921282775013,0.0007216051311735088,0.0,0.1266448542534206
ssan,domain,83,neighbour_constant,0.026039267211628858,0.12732289769033922,0.005428527077633551,0.0006780434369186097,0.0,0.1266448542534206
ssan,domain,83,neighbour_level,0.015766140224090733,0.10270294431506628,0.01268573044275168,0.00046481766471442637,0.023392421615202448,0.1266448542534206
ssan,domain,83,neighbour_platt,0.016349421072946235,0.10270492349282537,0.012674613677294168,0.00055479572603607,0.02341911765873439,0.1266448542534206
ssan,domain,83,neighbour_isotonic,0.011125373467712881,0.10243288956896093,0.011588421683937021,0.0004579227310763912,0.02423647077247687,0.1266448542534206
ssan,domain,83,neighbour_isotonic_bagged,0.010417006714588131,0.10241957712999297,0.011635111101628811,0.0004123665627500844,0.02395524566083635,0.1266448542534206
stax,domain,83,global_curve,0.025417443223727205,0.08319134820407346,0.015161779142435734,0.0016232224816264177,0.014984562603658966,0.09705734233226007
stax,domain,83,global_constant,0.013540976745504918,0.09724070038348243,0.007031102878699845,0.00018335805122230496,0.0,0.09705734233226007
stax,domain,83,neighbour_constant,0.013820058767523347,0.09724833635659794,0.007020483749803672,0.00019099402433779891,0.0,0.09705734233226007
stax,domain,83,neighbour_level,0.02668664835644914,0.08324363707940056,0.015138644379660246,0.0017299089907311452,0.014893977351926473,0.09705734233226007
stax,domain,83,neighbour_platt,0.02589052202396009,0.08322700247617774,0.01530290965960035,0.0015338024361606377,0.014815449353912038,0.09705734233226007
stax,domain,83,neighbour_isotonic,0.026620774724379577,0.08231900602105673,0.014237041458368762,0.0010103447521901169,0.015443925814694072,0.09705734233226007
stax,domain,83,neighbour_isotonic_bagged,0.027432002526321227,0.08233803487946649,0.014846376818409663,0.0013111716872928254,0.015550238369702308,0.09705734233226007
vce,domain,83,global_curve,0.023934681912946787,0.0683489947705815,0.011573904835253324,0.0006808244354788531,0.01415752888400621,0.0820055628211977
vce,domain,83,global_constant,0.032636893779950715,0.08307072965680146,0.005204379908673121,0.0010651668356037856,0.0,0.0820055628211977
vce,domain,83,neighbour_constant,0.032417378596443114,0.08305644925626278,0.005213939531814451,0.001050886435065128,0.0,0.0820055628211977
vce,domain,83,neighbour_level,0.023094132671784184,0.0683206961420344,0.011466165886830545,0.0006044155224563522,0.014023417531984963,0.0820055628211977
vce,domain,83,neighbour_platt,0.023753695910848905,0.06833081660257721,0.01148791079454372,0.0007031908096843752,0.014068420384776037,0.0820055628211977
vce,domain,83,neighbour_isotonic,0.024572343147181663,0.06862752680629218,0.011578268691248292,0.0009153949339879089,0.01407144258317378,0.0820055628211977
vce,domain,83,neighbour_isotonic_bagged,0.024608307930653363,0.0685835057744852,0.011539917013717382,0.000931890438250997,0.014067901267281678,0.0820055628211977
vcf,domain,83,global_curve,0.024268526500557504,0.06741899338352585,0.011784326992999757,0.0006309798580301236,0.014000747146581559,0.08095866203462516
vcf,domain,83,global_constant,0.033921876328117606,0.08210935572824526,0.005639747460615752,0.0011506936936201055,0.0,0.08095866203462516
vcf,domain,83,neighbour_constant,0.03369250444915162,0.08209384689068122,0.0057170118660931244,0.0011351848560561015,0.0,0.08095866203462516
vcf,domain,83,neighbour_level,0.023668886595211467,0.06739213097008637,0.011590545209934078,0.0006027664748422984,0.013846156229410692,0.08095866203462516
vcf,domain,83,neighbour_platt,0.024785335697140767,0.06741484790587168,0.011627425851110634,0.0006719017325145383,0.013911550495247088,0.08095866203462516
vcf,domain,83,neighbour_isotonic,0.025054977258225083,0.06780182908136126,0.011545830234846958,0.0008826700891297322,0.013869496132576684,0.08095866203462516
vcf,domain,83,neighbour_isotonic_bagged,0.025303085545123366,0.06774746119043293,0.011567204915131666,0.0009060574223288445,0.013866366809134075,0.08095866203462516
vch,domain,83,global_curve,0.02440854219943421,0.06898328934378159,0.011356262199732457,0.000805196061005229,0.015273266622313637,0.08368184513591964
vch,domain,83,global_constant,0.030549473651519388,0.0846151154763045,0.005181486462281703,0.0009332703403848773,0.0,0.08368184513591964
vch,domain,83,neighbour_constant,0.030367363011529425,0.08460402187219358,0.005196795774738723,0.0009221767362740054,0.0,0.08368184513591964
vch,domain,83,neighbour_level,0.023983579848711314,0.06896302084329609,0.011348762569908381,0.0007919875159323172,0.015231197054306225,0.08368184513591964
vch,domain,83,neighbour_platt,0.024925606399800418,0.06899466993899847,0.01119489497249692,0.0009319938566893769,0.015283561901547275,0.08368184513591964
vch,domain,83,neighbour_isotonic,0.026077903545394333,0.06948211498485093,0.011120722274261816,0.001198137866153884,0.015069380923331339,0.08368184513591964
vch,domain,83,neighbour_isotonic_bagged,0.0255360876425177,0.0694585442575867,0.010968143485322586,0.0011794597347624374,0.014913126826833555,0.08368184513591964
vcs,domain,83,global_curve,0.02338687729397411,0.06836912249871174,0.01221556598824169,0.000619120970505077,0.014817366643591573,0.08279188314871089
vcs,domain,83,global_constant,0.031656947188456463,0.08379404545400361,0.004948746974279938,0.0010021623052927217,0.0,0.08279188314871089
vcs,domain,83,neighbour_constant,0.031457025050358856,0.0837814275737298,0.004913741953909234,0.0009895444250189046,0.0,0.08279188314871089
vcs,domain,83,neighbour_level,0.023113290443859645,0.0683476653021168,0.012210437095469739,0.00062569328923011,0.01476087639689591,0.08279188314871089
vcs,domain,83,neighbour_platt,0.02468699967616414,0.0683759848213163,0.012400198284371285,0.0007453376088774478,0.014815367013480489,0.08279188314871089
vcs,domain,83,neighbour_isotonic,0.0259268350912044,0.06896302138912004,0.011619249042758878,0.001361166876530449,0.014821241556427809,0.08279188314871089
vcs,domain,83,neighbour_isotonic_bagged,0.02620412341913494,0.06888465194372377,0.011300453997985124,0.0014074980919398302,0.014828255417217986,0.08279188314871089
