gene	WT5_N	WT6_N	WT7_N	WT8_N	Wt11N	Wt13N	Wt14N	Wt17N	Wt19N	Wt20N	Wt0O	WT1_O	WT2_O	WT3_O	WT4_O
K00005	18.285925165729516	15.174870220993292	15.682370638274316	18.14306799431375	21.159791406408367	20.18528420743083	14.133745574966808	18.84875683515367	16.995956364588988	17.344989463860383	10.28460863392184	9.78704710841368	12.266951479759644	11.343467512971628	11.638345897143198
K00008	3.8496684559430556	4.93183282182282	6.514215495898561	5.422066297151235	6.576691923613412	4.095564911652632	6.651174388219674	4.1531159128304695	3.289539941533352	2.6458458504193807	1.5426912950882758	1.7020951492893355	2.787943518127192	3.478663370644633	1.518045117018678
K00009	112.1215937793415	95.98105414778257	119.42728409147362	105.73029279444908	101.50981012533744	61.14093332395715	81.47688625569101	84.02072962110873	81.14198522448936	95.2504506150977	74.82052781178137	61.913711055399574	72.48653147130699	67.90955884432348	69.83007538285919
K00012	42.105748736877175	41.92057898549397	52.596258448366164	44.21069442292546	40.31798092302135	33.349599994885715	32.97873967492255	36.41963185097488	36.18493935686688	34.983961799989586	22.626138994628047	22.552760728083694	26.392531971604082	28.736784366194794	24.626065231636332
K00013	415.76419324185	382.21704369126854	375.1705591156394	421.2528430863652	659.6707942511366	523.6472279898722	601.0998853353531	623.6063278342366	544.692988652231	781.4064744905237	254.54406368956552	218.0809410026961	197.01467528098823	200.2500131623258	198.18922361077185
K00014	37.293663166948356	34.333143874997326	35.22501712597	39.6227921714898	41.17581030436223	28.668954381568422	40.18417859549387	44.72586367663582	42.76401923993358	49.68310541343059	46.28073885264828	43.190664413216886	36.429128636861975	41.592714214229304	45.71002519022908
K00024	601.9919047980953	1018.2337918286499	655.2818254392776	719.0494074068254	871.8405945694475	1257.338427877358	926.1760335595897	959.3697758638384	897.4961473816829	938.6873111543425	2324.0644360504875	2286.3393092828996	2180.915282780298	2198.515250247408	2267.959404825905
K00027	216.30324636830045	231.79614262567253	210.14376655287583	207.2897653603203	234.4733642331738	341.9796701229948	266.8783723273144	227.14349338634335	264.80796529343485	281.9295745057984	246.5734919982761	260.4205578412683	237.9045135468537	232.61670713267154	240.1884718482886
K00029	123.42999486867423	146.8168693881101	118.70348236970712	126.16731191448066	168.9923881241533	222.03812628173912	178.47317941722793	190.08492062570224	170.5078203028121	222.25105143522796	273.5705896623209	231.48494030334962	212.99888478491746	223.8444255893068	230.23684274783284
K00031	1593.5221364819286	2085.9755977532905	1521.913753634375	1814.7238814542327	2080.5221928787473	3036.568841639594	1932.4432920439913	2353.2193703007106	2110.5140008221065	2640.848141590811	6075.118320057631	4630.337091747976	4974.062962141327	4920.49371466008	5503.92557927072
K00033	1809.3441742932362	1509.8995869888327	1830.012019866318	1759.0434314027182	1480.327569067245	1808.4844488454694	1512.3107765214484	1405.031060356031	1621.1949345190205	2020.2502982313315	1869.2276192152942	1872.304664218269	1931.3014064573101	1798.4689626232753	1883.556646860842
K00036	644.5788620919654	624.0665378383492	564.3240757372865	598.3041617894959	709.4248983689076	711.4581332242286	682.2996393248683	651.4002574047174	696.8342109481484	845.7887235173954	550.7407923465145	567.4359703943322	534.16997807317	512.8759778198239	527.605014003825
K00040	9.50386900060942	11.950210299032218	10.857025826497603	8.2373699514413	10.43692413964737	11.994154384125565	10.946724513944881	11.34120114657551	9.731555660369501	10.436391965543113	9.89893581014977	10.638094683058346	10.129528115862131	9.52851271089617	9.27694238178081
K00041	10.105379696850521	10.432723276932888	8.926887901786918	8.55018146858464	10.865838830317811	6.728428069143609	6.374042122043854	7.028350006328486	7.949721525372268	7.937537551258142	4.885189101112874	5.957333022512674	6.319338641088302	6.201095573757824	5.566165429068486
K00042	6.015106962411025	6.6390057216845655	7.238017217665068	6.986123882867938	6.147777232942971	9.068750875802257	6.096909855868034	7.188085233745042	6.304951554605592	6.173640317645221	5.785092356581034	3.8297140859010046	5.854681388067103	5.596110639732671	5.90350878840597
K00046	4.812085569928819	3.604031677485907	3.3777413682436985	2.9195741600045113	3.7172606524771457	2.6328631574909775	1.9399258632307383	2.236293183831791	3.289539941533352	4.703725956301121	3.599613021872644	1.7020951492893355	1.8586290120847946	2.722432203113191	1.68671679668742
K00048	19.248342279715278	15.933613732042957	13.510965472974794	12.721001697162514	13.725270101454077	11.701614033293234	12.748084244087709	9.58411364499339	13.432288094594522	13.229229252096903	11.827299929010115	8.510475746446676	10.594185368883329	10.435990111933899	6.74686718674968
K00052	197.29550836708162	212.6378689716685	163.09665463805288	180.80505690885082	244.76731680926437	255.68026662745717	244.15352650089721	232.8939615733394	223.96284435272906	300.4504954587341	627.8753571009283	515.7348302346686	491.97909949884513	522.1019980637075	515.2919813880068
K00053	1227.8036331673384	341.0552082168242	914.1615745910981	896.7263491442427	543.8638277701178	204.7782455826316	315.6536511742587	314.0394571009501	536.1950104699364	468.902681268768	3929.2347285898386	4184.175400740509	3981.7409325892554	4167.43871803227	3905.0867276907147
K00057	156.1521767441902	156.11147739846848	162.85538739746403	149.10682317165896	171.27993314106234	177.2794526043925	198.14957031571112	190.08492062570224	177.36102851433992	172.56794602179738	230.63234861569725	209.1449414689271	245.89661829881834	225.65938039138229	233.44160466153892
K00058	3357.632706417834	2837.511045447983	2837.061482084118	2985.8902016388993	3010.409242252261	4163.1417326949	3494.637876477087	3268.182752942746	3458.6771201938586	4088.7137875147496	3036.273583949575	2650.3749093371566	2463.9844813208124	2677.360825528317	2615.92907998252
K00059	785.8135735693762	773.5390095151331	820.5498852426299	876.4978710356401	865.8357889000613	832.862378819646	892.6430293523155	831.5815939305932	806.2114140041324	823.4460252249651	864.6784708969786	1131.8932742774082	1036.55740003969	1153.5550229524615	1108.678950462641
K00060	117.4148879062632	126.14110871200674	114.36067203910808	117.82567145732492	138.96835977722253	136.6163438386985	120.82966805265741	134.81653193957368	120.06820786596735	143.75762453945302	84.33379079815909	78.93466254829293	90.88695869094646	81.21922739287686	77.9263160069588
K00065	9.142962582864758	8.346178621546311	8.926887901786918	9.17580450287132	10.293952576090557	8.776210524969926	7.759703452922953	8.945172735327164	6.579079883066704	12.935246379828083	9.5132629863777	8.29771385278551	6.8769273447137405	7.259819208301843	7.252882225755906
K00067	115.73065795678812	110.58686673548861	138.00486161681397	121.7879506744739	100.93792387111019	132.22823857621356	116.94981632619594	101.59160463692994	117.87518123827846	147.57940187894766	128.81472313987103	136.16761194314682	141.99925652327832	133.24793171904008	135.27468709433109
K00068	13.955048152793577	8.535864499308726	11.339560307675274	13.555165742878089	12.867440720113198	12.871775436622558	8.036835719098773	9.58411364499339	6.304951554605592	9.701434784871063	8.999032554681609	5.319047341529173	5.575887036254384	6.806080507782977	5.734837108737228
K00073	1.684229949475087	1.138115266574497	1.6888706841218493	1.4597870800022557	1.7156587626817597	1.1701614033293235	3.6027194602856567	2.555763638664904	1.9188982992277888	2.3518629781505607	1.799806510936322	2.127618936611669	1.6727661108763152	1.0587236345440187	1.518045117018678
K00074	2.646647063460851	1.327801144336913	4.342810330599041	1.6683280914311494	2.2875450169090126	3.51048420998797	1.9399258632307383	2.236293183831791	3.289539941533352	5.291691700838761	3.599613021872644	2.76590461759517	2.6020806169187125	3.1761709036320562	2.867418554368614
K00075	107.55011248790912	102.05100223617988	78.89438767254924	90.92388098299764	75.77492868511105	105.60706665047144	111.96143553503119	90.7296091726041	105.53940645752839	112.59544007895809	110.55954281465978	108.50856576719514	107.24289399729265	104.51114735284527	120.60025096315053
K00076	882.0552849679526	802.9403205683076	750.8236527124565	977.6402615786535	954.192215178172	963.3353752908655	695.0477235689559	1034.4453327496199	756.8683148811322	1049.5188539996877	505.4885143572584	440.6298817722767	464.4713901199902	470.0732937375443	497.41278334312017
K00077	68.0910108144928	60.32010912844834	62.00568083133075	57.14023713151686	58.0464548040662	62.6036350781188	64.571818018966	57.50468186996034	57.566948976833665	69.08597498317272	62.47899745107517	73.4028533131026	70.07031375559676	71.38822221496812	63.25187987577825
K00087	13.233235317304255	11.570838543507385	10.615758585908766	12.929542708591407	9.722066321863304	9.653831577466917	10.53102611468115	11.181465919158954	4.934309912300028	6.4676231899140415	9.770378202225748	5.53180923519034	8.735556356798535	6.503588040770401	8.4335839834371
K00088	529.3294126921702	595.6136561739867	514.6230241759864	513.6365111493651	653.3800454546367	903.9496840719023	921.7419173007765	772.1600893316341	835.2690168210104	1011.5950634770098	562.3109770596766	508.9264496375113	511.308841224527	475.8206506107833	529.9664175191873
K00090	198.9797383165567	200.11860103934904	225.5848699505613	208.74955244032256	257.9207006564912	271.47744557240304	223.64573880388656	273.4667093371447	252.7463188411459	279.57771152764786	314.7090241980083	291.69655620945986	265.59808582691716	257.57233566120914	270.3807025089934
K00094	319.7630861217701	273.33734985564166	316.54261965255233	285.28410363472653	283.08369584249033	239.8830876825113	271.8667531184792	187.84862744187046	201.21019309045673	245.47569834446475	97.96089723810552	104.04056600031063	118.95225677342685	104.2086548858327	105.92581483196997
K00097	110.67796810836285	93.70482361463358	110.50039618968671	115.1146383087493	110.37404706585987	112.04295436878272	119.1668744556025	124.91294783974719	130.48508434748965	95.2504506150977	102.3318559075223	98.08323297779796	99.99424085016194	113.13218266270371	107.44385994898865
K00098	3.368459898950174	3.604031677485907	4.584077571187876	4.58790225143566	3.4313175253635193	1.1701614033293235	3.325587194109837	0.9584113644993391	2.1930266276889014	2.3518629781505607	1.28557607924023	1.7020951492893355	2.416217715710233	1.5124623350628839	2.192731835693646
K00099	33.68459898950174	36.4196885303839	45.59950847128993	39.83133318291869	39.7460946687941	35.982463152376695	38.24425273226313	41.531159128304694	41.941634254550245	39.393704884021886	28.79690417498115	30.42495079354687	27.87943518127192	30.70298540177654	30.698245699711045
K00101	5.293294126921702	9.104922132595975	6.272948255309726	9.592886525729108	6.862635050727039	9.653831577466917	6.096909855868034	10.54252500949273	6.030823226144479	5.8796574453764014	22.36902377878	27.871808069612868	23.046999749851455	24.955628528537584	20.915288278924006
K00104	4.812085569928819	5.690576332872484	5.549146533543219	5.004984274293448	6.290748796499785	8.191129823305264	4.156983992637296	4.1531159128304695	2.467154956150014	4.997708828569941	4.628073885264827	5.106285447868006	4.646572530211986	4.3861407716823635	4.554135351056034
K00108	7.458732633389671	8.535864499308726	7.479284458253904	9.801427537158002	12.867440720113198	18.137501751604514	13.302348776439349	11.820406828825181	9.320363167677831	10.583383401677523	23.14036942632414	16.59542770557102	17.28524981238859	22.081950091918106	20.0719298805803
K00111	6.977524076396789	8.820393315952352	10.012590484436677	9.17580450287132	9.293151631192863	8.62994034955376	7.759703452922953	11.500936373992069	7.538529032680598	6.908597498317272	8.741917338833563	8.404094799616093	8.456762004985816	6.427964924017256	7.168546385921535
K00112	1.2030213924822049	2.46591641091141	0.9650689623553425	1.6683280914311494	2.859431271136266	0.8776210524969925	1.3856613308790988	2.555763638664904	1.644769970766676	2.0578801058817406	2.57115215848046	1.0638094683058346	1.3010403084593563	2.1174472690880375	1.349373437349936
K00113	3.609064177446615	3.0349740441986586	3.619008608832534	4.170820228577873	2.859431271136266	4.388105262484963	5.542645323516395	5.111527277329808	3.289539941533352	2.3518629781505607	1.028460863392184	2.3403808302728364	3.5313951229611096	4.234894538176075	2.867418554368614
K00116	11.308401089332726	25.03853586463893	22.67912061535055	19.602855074316004	18.58630326238573	51.48710174649023	21.33918449553812	30.66916366397885	32.89539941533352	46.15531094620475	73.2778365166931	61.06266348075491	65.98132992901022	65.48961910822287	68.3120302658405
K00117	69.77524076396789	134.1079155780282	106.15758585908767	113.02922819446037	119.52422713349591	258.6056701357805	128.31223923940456	163.24940241972075	165.02525373358984	206.6699592049805	224.46158343534415	162.55008675713154	212.25543318008354	181.34423397403978	190.09298298667224
K00121	113.08401089332726	144.73032473272352	98.9195686414226	85.08473266298861	86.92671064254249	96.24577542383685	89.23658970861396	88.17384553393919	98.96032657446167	105.5398511445064	69.42110827897241	94.67904267921928	127.87367603143387	122.96318784061246	120.60025096315053
K00123	130.8887275020639	203.53294683907254	167.9219994498296	173.08903948598174	175.85502317488036	188.39598593602108	191.22126366131565	181.4592183452082	178.73167015664546	176.97768910582968	183.58026411550483	228.29351189843212	186.04876410968794	189.51153058337934	172.88847166046054
K00124	13.233235317304255	21.434504187153024	21.955318893584042	20.645560131460474	14.011213228567703	18.722582453269176	14.410877841142627	14.376170467490086	13.980544751516748	10.289400529408702	16.71248903012299	24.893141558356533	17.84283851601403	17.544563086729454	20.577944919586525
K00127	18.7671337227224	22.003561820440275	20.9902499312287	21.68826518860494	13.153383847226824	11.701614033293234	15.519406905845907	11.820406828825181	14.25467307997786	10.877366273946343	12.598645576554253	23.616570196389528	18.772153022056425	20.115749056336355	19.39724316190533
K00130	12.752026760311372	16.692357243092623	11.098293067086438	12.929542708591407	18.3003601352721	44.46613332651429	14.688010107318448	26.51604775114838	22.47852293381124	28.810321482344367	43.70958669416782	33.82914109212554	41.07570116707396	34.33289500592746	33.56566425407966
K00133	1687.8390136525336	972.8988670434325	1012.3573415107543	1054.1748127730575	1015.384044380488	1004.2910244073918	934.2128692786885	888.7668053457204	1175.18814411279	1510.4839977171976	1793.6357457559689	1532.0983962540631	1341.3725580215962	1374.3745238716426	1470.985718391099
K00134	12177.223138983374	11622.433102258763	11732.343375353897	11702.904479366654	13547.127533262288	11719.166454343174	12591.781645964547	12383.63324069596	12218.447856168716	15065.446272287953	11629.064097591272	11108.511229943188	10642.509723197534	10275.971596884245	11017.634115962228
K00135	18.285925165729516	20.29638892057853	24.850525780650067	21.47972417717605	19.444132643726608	22.525607014089477	20.784919963186482	23.001872747984137	17.54421302151121	20.578801058817405	17.22671946181908	17.659237173876857	15.054894997886837	17.544563086729454	14.843107810849295
K00137	29.594326255062242	29.401311053174503	36.43135332891418	37.95446408005865	33.74128899940794	27.4987929782391	28.267491149933615	39.93380685413913	29.60585947380017	39.099722011753066	22.883254210476093	18.08476096119919	21.188370737766657	21.930703858411817	25.300751950311298
K00138	22.857406457161893	20.486074798340944	28.469534389482604	21.896806200033836	21.731677660635622	16.089719295778195	13.02521651026353	17.251404560988103	14.802929736900085	16.169057974785105	8.741917338833563	7.446666278140842	5.390024135045905	8.923527776871016	11.301002537805713
K00145	797.6031832157018	147.9549846546846	352.2501712597	285.0755626232976	287.94472900342197	54.119964903981206	151.86848186434923	56.86574096029412	179.5540551420288	134.93813837138842	278.9700091951299	285.31369939962485	266.8991261353765	264.07592370197955	258.91102829151896
K00146	19.007738001218836	21.624190064915442	16.647439600629657	18.560150017171537	24.305165804658262	21.355445610760153	24.66477168964796	26.196577296315265	19.463111320739	24.106595526043247	18.769410756907355	19.786856110488525	24.16217715710233	22.535688792436968	22.602005075611427
K00147	211.73176507686807	194.80739646200138	203.38828381638842	219.59368503462503	231.0420467078103	220.28288417674514	222.8143420053591	212.76732291885327	225.33348599503464	237.53816079320663	224.2044682194961	198.9323705731911	192.9256914544017	214.46715911191694	204.93609079752153
K00156	195.13006986061365	214.9140995048175	364.79606777031944	325.3239778290741	259.9223025462866	174.3540490960692	155.74833359081072	278.89770706930767	158.17204552206204	196.086575803303	128.30049270817494	122.33808885517098	116.35017615650814	117.21583096737349	123.63634119718789
K00163	8056.39366117483	7802.349210001464	5193.036086434097	5844.361845294745	7795.953417625916	9034.816195105706	8832.759587555727	7321.304413410451	8601.872818781256	10303.511707277607	4500.544738204197	4204.600542531981	4395.47175067933	3718.237404518594	4086.2401116549436
K00164	225.4462089511652	317.1547876187598	248.022723325323	263.3872974346927	259.9223025462866	229.93671575421206	271.31248858612753	248.22854340532882	226.9782559658013	221.66308569069034	1105.8525433624457	944.6628078555811	1027.635980781683	999.7376034765663	1057.740103202681
K00208	662.3835787007021	727.8247129743908	719.9414459170855	726.9739658411233	817.5114004178585	885.8121823202978	798.4180588525368	857.7781712269084	877.2106510755606	1046.8730081492683	1012.7768352254532	1004.6616618680303	936.934884991945	926.3831802260164	920.6100276319938
K00215	363.0718562511295	143.59220946614903	281.31760252658233	266.9324946289839	169.56427437838056	107.0697684046331	129.97503283645946	115.3288341947538	154.06012059514532	146.10948751760358	317.28017635648877	293.3986513587492	241.43590866981484	281.77173302221524	280.3323316094492
K00216	4.0902727344394965	4.362775188535571	4.101543090010205	3.128115171433405	4.861033160931652	3.51048420998797	3.8798517264614767	4.1531159128304695	6.853208211527817	4.997708828569941	97.44666680640943	93.40247131725228	50.926434931123374	62.61594067160339	68.3120302658405
K00219	3.609064177446615	3.793717555248323	5.7904137741320545	4.58790225143566	4.861033160931652	3.803024560820301	4.711248524988936	3.514175003164243	3.8377965984555775	2.6458458504193807	6.427880396201149	5.744571128851507	3.717258024169589	6.806080507782977	8.4335839834371
K00228	22.37619790016901	18.589216020716783	15.44110339768548	22.73097024574941	22.017620787749248	18.137501751604514	18.567861833779926	17.251404560988103	24.671549561500143	18.520920952935665	53.73708011224161	55.3180923519034	51.66988653595729	54.44864406226382	51.44486229896631
K00230	39.69970595191276	33.57440036394766	36.43135332891418	34.20072587433856	39.46015154168047	39.200407011532334	31.87021061021927	29.71075229947951	34.81429771456131	43.50946509578537	34.710554139486206	42.552378732233386	40.14638666103156	45.67636251889909	42.33659159685424
K00239	125.83603765363864	231.03739911462287	138.48739609799165	151.6093153088057	181.00199946292562	306.87482802311507	216.44029988331522	176.02822061304528	178.18341349972326	198.14445590918473	685.9833958825867	752.9643416668698	815.5664105028079	810.3773191266931	774.8776963982008
K00240	79.8806204608184	124.24424993438258	77.9293187101939	92.175127051571	92.07368693058777	103.85182454547746	93.67070596742708	76.03396825028089	77.5783169544949	73.20173519493619	344.02015880468554	373.6098852690091	345.7049962477718	383.4092019384411	362.98145464713275
K00241	24.0604278496441	71.51157591643089	37.15515505068068	35.86905396576971	43.17741219415762	116.43105963126767	86.18813478067995	65.49144324078817	55.09979402068365	79.37537551258141	196.43602490790713	158.9331345648917	193.48328015802713	157.90106778056509	170.52706814509816
K00242	20.210759393701043	38.88560494129531	26.298129224183082	23.98221631432277	29.738085219817165	72.25746665558572	49.88380791164756	42.80904094763714	36.45906768532799	44.097430840323014	113.64492540483633	107.87028008621164	137.91027269669175	121.29947927204329	123.63634119718789
K00244	88.54237448669028	96.55011178106982	125.21769786560569	114.69755628589152	102.65358263379196	90.9800491088549	98.65908675859184	115.3288341947538	94.57427331908387	89.66477604199012	48.0805453635846	34.89295056043138	34.94222542719414	41.44146798072302	39.63784472215437
K00245	46.91783430680599	52.54298814018927	58.86920670367589	57.55731915437465	55.187023532929935	49.73185964149624	44.8954271204828	41.531159128304694	43.03814756839469	49.97708828569941	21.08344769953977	18.72304664218269	20.07319333051578	21.174472690880375	17.879198044886653
K00246	32.48157759701953	29.211625175412088	34.25994816361466	30.864069691476264	24.877052058885514	19.015122804101505	26.327565286702878	24.279754567316587	27.138704517650154	24.106595526043247	12.855760792402299	12.340189832347683	15.798346602720754	12.09969868050307	12.313032615818166
K00247	23.81982357114766	29.59099693093692	37.15515505068068	31.69823373719184	24.305165804658262	22.233066663257144	19.399258632307383	26.196577296315265	27.961089503033495	21.754732547892687	14.398452087490575	10.212570895736013	11.895225677342685	10.28474387842761	9.27694238178081
K00254	96.00110712007995	128.22765336739332	92.1640859049352	75.07476411440172	64.62314672767961	200.9752210218113	154.91693679228325	84.65967053077495	165.84763871897317	177.5656548503673	288.2261569656595	271.05865252432665	294.77856131664845	236.24661673682246	249.63408590973816
K00262	536.7881453255599	282.4422719882376	1498.2695640566692	883.7968064356513	327.40488054510246	273.8177683790617	290.4346149522591	238.0054888506692	260.69604036651816	299.86252971419646	251.20156588354092	275.5266522912112	208.90990095833092	194.35141005558057	221.12857204572074
K00265	2194.5516241660384	1515.590163321705	1749.6700287502358	1641.217759945393	1685.348791207715	1567.723740110461	1635.3575027035124	1517.1651900024538	1676.020600211243	1999.3775143002454	3962.1454762183885	3671.844760804419	3394.228301869252	3583.7795029315034	3401.7704355591886
K00266	981.4248519869828	660.2965404909706	771.5726354030963	782.0287928583513	660.2426805053639	673.720427966858	629.9216410176383	600.2849846314193	768.3817046764989	839.3211003274813	1499.4959388258042	1592.7355359474957	1454.5630648575602	1526.5282347789687	1469.2990015944115
K00275	126.7984547676244	108.50032208010204	127.14783579031636	118.4512944916116	112.9475352098825	144.80747366200376	141.89172028201972	117.8845978334187	142.8208591282397	147.28541900667886	136.5281796153124	139.35904034806435	149.61963547282596	129.76926834839543	138.81679236737466
K00276	13.233235317304255	14.036754954418795	11.339560307675274	16.4747399028826	10.865838830317811	9.068750875802257	10.253893848505331	10.223054554659615	10.691004809983395	13.523212124365724	10.28460863392184	10.212570895736013	9.664870862840932	10.133497644921322	10.288972459793262
K00278	139.55048152793577	153.64556098755708	116.29080996381876	148.89828216023008	183.8614307340619	166.16291927276393	171.82200502900824	130.024475117077	188.3261616527844	201.08428463187292	149.12682519186666	148.93332556281686	146.6458290534903	156.84234414602105	159.9007523259674
K00281	80.84303757480417	86.68644613742418	78.65312043196042	80.28828940012406	92.3596300577014	95.6606947221722	112.51570006738282	101.91107509176305	98.13794158907834	128.47051518147438	194.6362183969708	169.35846735428888	155.93897411391427	169.395781527043	169.8523814264232
K00285	328.42484014764193	491.8554810379451	370.82774878504034	418.95889196064735	494.96755303368764	654.1202244610918	524.8885121370026	558.7538255031146	430.1073473554858	533.2849302956396	88.19051903587977	79.57294822927643	95.34766831994996	94.37764970792395	88.88997518542703
K00286	115.24944939979524	106.9828350580027	94.09422382964588	101.55947256587122	120.3820565148368	136.6163438386985	122.21532938353651	129.70500466224388	118.97169455212291	122.29687486382915	96.67532115886529	98.29599487145913	85.31107165469207	95.28512710896169	94.45614061449552
K00287	36.81245460995547	50.4564434848027	32.57107747949281	33.99218486290967	41.74769655858948	44.75867367734662	58.75204042927379	34.822279576809315	65.51667050220593	46.44929381847357	51.423043169609194	71.70075816381326	67.09650733626108	67.60706637731091	62.91453651644076
K00297	446.0803323324016	424.70668031004976	256.7083439865211	211.66912660032708	376.87304153575985	2655.3887645050672	1315.2697352704406	422.02047083454227	1543.0683609076034	2342.1615433656893	597.5357616308588	510.41578289313946	511.12297832331853	466.1408916663808	485.09975072730197
K00299	4.812085569928819	4.552461066297988	3.619008608832534	4.379361240006767	6.004805669386158	3.51048420998797	4.711248524988936	2.875234093498017	5.756694897683366	6.4676231899140415	4.628073885264827	4.680761660545673	3.9031209253780688	4.0836483046697865	4.048120312049808
K00313	2.4060427849644097	2.908516792357048	2.7343620600068035	2.9195741600045113	3.336003149658977	2.340322806658647	4.711248524988935	5.218017428940846	4.4774293648648404	4.115760211763481	3.3424978060245976	2.4822220927136143	3.4074865221554567	2.5711859696069026	3.8794486323810653
K00322	48.1208556992882	123.48550642333291	72.38017217665069	75.9089281601173	77.4905874477928	255.68026662745717	151.59134959817342	143.12276376523462	132.12985431825632	168.15820293776508	201.06409879317195	197.86856110488526	219.1323605247973	207.35858613712136	193.63508825971581
K00324	1261.48823215684	919.2177636366687	957.5896778970886	895.6836440870983	942.4685469665133	1108.1428489528694	1076.381721826884	883.9747485232238	1091.0307472752286	1267.6541452231522	2781.2152898283134	2381.23111385578	2266.2263544349903	2423.872138171778	2523.665671203718
K00325	908.0405470455682	708.4767534426243	705.7066787223441	701.7405034582272	731.1565760295432	823.2085472421791	792.3211489966687	686.861477891193	803.7442590479824	944.5669685997188	2025.5536704509063	1751.6686705123873	1700.8314089587955	1809.2074452022216	1869.5568974483363
K00330	86.61754025871876	138.66037664432622	71.1738359737065	95.92886525729108	140.6840185399043	230.5217964558767	189.83560233043653	192.64068426436714	190.79331660893442	174.91980899994795	248.63041372506046	223.61275023788644	249.42801342177944	226.86935025943257	217.08045173367094
K00331	249.02542824381644	372.5430639253853	178.05522355456068	254.42003394325027	326.26110803664795	486.2020630833339	406.5530344799276	367.39102305807995	381.58663321786884	465.3748868015422	512.4306251851557	542.5428288359757	581.9367436837492	519.228319627088	522.0388485747565
K00334	138.82866869244646	166.54420067540138	116.04954272322993	144.72746193165221	208.4525396658338	202.7304631268053	215.05463855243613	191.3628024450347	166.94415203281764	167.57023719322743	325.2507480477782	274.4628428229053	300.5403112541113	291.602738200124	303.10300836472936
K00335	215.58143353281113	280.9247849661383	149.1031546839004	208.95809345175144	321.97196112994357	298.09861749814513	331.4501903462804	335.76344802960176	264.80796529343485	257.23501323521754	560.2540553328922	445.0978815391612	518.1857685692407	509.3973144491793	511.91854779463193
K00336	625.811728369243	784.920162180878	440.0714468340362	562.6436488351551	869.2671064254249	765.2855577773776	805.623497773108	814.330189369605	673.5333030289539	709.3806707846628	1350.6262288497855	1312.1025982084166	1360.3305739448613	1333.9917795254635	1315.1330863771814
K00337	186.46831583474176	223.2602781263638	145.24287883447903	183.51609005742642	258.77853003783207	251.58470171580453	256.9016107449849	269.31359342431426	220.67330441119572	231.07053760329256	422.1831844224915	348.7167437106526	377.85927815683874	383.1067094714285	383.5593995667193
K00338	80.60243329630774	91.99765071477184	59.5930084254424	84.87619165155972	113.23347833699613	109.1175508604594	103.92459981593241	108.61995464325842	91.83299003447276	87.60689593610839	170.4673881072545	139.57180224172552	152.59344189216165	152.3049571408324	168.16566462973577
K00339	76.51216056186823	97.68822704764432	55.97399981660986	65.69041860010151	100.36603761688293	99.46371928299249	105.31026114681151	106.38366145942663	89.36583507832273	97.01434784871063	146.81278824923425	153.61408722336253	152.9651676945786	149.8850174047318	151.4671683425303
K00340	15.639278102268664	23.14167708701477	11.098293067086438	17.517444960027067	24.877052058885514	27.79133332907143	27.436094351406155	33.86386821230998	21.6561379484279	25.576509887387346	30.596710685917472	26.595236707645867	22.117685243809056	28.283045665675928	29.011528903023624
K00341	189.1149628982026	257.2140502458363	165.2680598033524	215.42286480604716	302.8137716133306	301.31656135730077	283.5063082978636	330.0129798426057	227.2523842942624	249.0034928116906	402.64242801804	385.3117894203733	377.4875523544218	399.44130269010765	400.763910892931
K00342	201.866989658514	302.1696032755289	166.4743960062966	217.9253569431939	329.9783686891251	317.11374030224664	321.75056103012673	339.27762303276603	277.69199673110717	301.03846120327177	515.7731229911802	491.05445056997326	526.7354620248308	492.1552438294624	471.1000013147964
K00343	216.30324636830045	321.327876929533	188.67098214046945	229.81219459464083	342.5598662821247	332.9109192471925	332.5587194109837	358.4458503227528	257.1323720965237	284.5754203562178	505.74562957310644	517.0114015966357	507.03399449673196	521.1945206626698	481.0516304152522
K00344	172.99447623894108	150.6105869433584	218.8293872140739	210.6264215431826	208.4525396658338	155.6314666428	149.09715920259103	206.377913822191	149.67406733976753	184.91522665708783	97.70378202225747	72.97732952578026	76.76137819910201	78.64804142326996	79.61303280364622
K00362	6.496315519403907	7.018377477209397	9.650689623553424	8.758722480013533	7.434521304954291	7.898589472472933	8.313967985274592	7.986761370827825	7.12733653998893	9.995417657139882	5.656534748657012	7.659428171802009	9.664870862840932	6.3523418072641125	9.614285741118294
K00363	1.2030213924822049	1.5174870220993293	1.206336202944178	0.8341640457155747	0.5718862542272531	1.4627017541616543	1.108529064703279	1.597352274165565	3.0154116130722395	1.1759314890752803	0.7713456475441379	1.4893332556281684	1.4869032096678356	1.966201035581749	3.036090234037356
K00364	355.37251933924335	337.6408624171007	311.4760076001868	304.26133567475586	292.23387591012636	420.3804841460594	368.5859140138403	276.66141388547584	369.5249867655799	366.008675974681	446.35201471220785	454.67216675391376	436.0343662350928	399.44130269010765	416.2817054224553
K00370	54.978077636436765	70.84767534426243	49.4597843207113	66.42031214010264	73.0584689775316	65.52903858644211	51.40803537561457	75.71449779544777	54.962729856453095	67.46906918569421	34.196323707790114	23.084665462236615	35.871539933236534	27.90493008191021	26.14411034865501
K00371	23.579219292651217	26.366337008975844	21.352150792111953	27.944495531471752	28.880255838476284	26.328631574909775	22.724845826417223	30.988634118811962	23.16384375496402	30.133244407554056	12.984318400326321	9.893428055244263	13.289197436406281	11.72158309673735	10.541979979296375
K00373	7.5790347726378915	10.148194460289265	5.187245672659966	8.341640457155746	8.578293813408798	11.116533331628572	7.621137319835043	10.223054554659617	6.3049515546055925	7.643554678989322	3.9852858456447127	2.340380830272836	3.8101894747738285	4.159271421422931	4.132456151884179
K00374	11.428703228580947	12.614110871200674	10.012590484436679	9.801427537158002	14.583099482794957	12.286694734957896	10.253893848505331	16.612463651321878	10.279812317291725	13.964186432768955	5.656534748657012	5.53180923519034	5.390024135045905	5.369241289473238	5.650501268902857
K00380	260.81503789014204	467.7653745621182	328.12344720081643	332.6229132290854	466.6591834494386	872.3553261820106	896.8000133449527	596.770809628255	861.0370796963549	894.0019145694819	618.8763245462467	655.3066324763942	610.559630469855	668.5083520977946	586.8087735675534
K00381	297.6274925000975	448.79678678587663	417.63359345927444	402.2756110463359	552.7280647106402	731.6434174316595	933.1043402139851	593.2566346250909	713.2819106558152	795.2236694871583	740.4918216423724	652.9662516461213	643.457363983756	692.254010758282	670.9759417222557
K00382	2573.2627585194364	2415.2702815488447	1730.8511839843068	1914.406484917244	2518.587063616823	2690.7861469557793	2592.295217808618	2379.0964771421927	2469.8962394346254	2857.219535580662	2026.3250160984503	1952.9414219158514	1905.8381889917484	1845.8090337107435	1884.5686769388544
K00383	130.8887275020639	131.83168504487924	114.36067203910808	122.20503269733169	153.55145926001748	158.264329800291	139.67466215261317	146.956409223232	144.19150077054528	171.3920145327221	138.07087091040069	140.84837360369252	139.76890170877655	139.14653482578532	134.76867205532486
K00384	745.3920547819741	855.103936952972	531.270463776616	642.9319382352792	750.6007086732699	1081.2291366762947	889.5945744243814	847.8745871270819	936.422370023161	1071.5675694198492	1161.9036604173198	1270.6140289444888	1202.1612450164453	1168.6796463030903	1176.147622330138
K00389	13.955048152793577	11.950210299032218	10.615758585908766	9.384345514300215	12.867440720113198	7.606049121640602	8.036835719098773	9.264643190160278	10.416876481522282	12.935246379828083	9.5132629863777	9.574285214752512	9.850733764049412	6.806080507782977	6.915538866418422
K00390	204.2730324434784	272.3889204668296	286.8667490601255	270.0606098004173	326.26110803664795	327.93773328304286	490.24697886502514	352.37591168092365	357.18921198482985	390.70323724526185	410.87011492517746	390.4180748682413	386.0372458100118	401.25625749218307	391.65564019081893
K00424	222.5589576092079	136.38414611117722	156.34117190156547	135.34311641735198	110.08810393874624	127.84013331372859	127.75797470705291	96.16060690476702	164.4769970766676	171.09803166045327	19.0265259727554	17.871999067538024	22.861136848642975	19.813256589323778	22.93934843494891
K00425	2277.6804023865584	1391.3459133873225	1659.1948135294224	1314.6425360477456	1387.1101096282027	1309.4106103255128	1498.7312954788333	1169.90080559886	1756.8884571072713	2354.0678496925766	252.35858435485713	239.14436847515162	255.840283513472	232.46546089916524	246.42932399603205
K00426	1563.807508087618	956.775567433627	1137.4544057560654	972.7395478100746	1060.1341437737706	1092.3456700079234	1175.872205384003	1034.764803204453	1359.5394450028884	1669.822714486898	199.90708032185574	168.5074197796442	184.0972036469989	180.2098872227426	180.64736892522268
K00427	6.977524076396788	10.622409154695305	6.514215495898561	6.673312365724597	6.862635050727039	27.79133332907143	9.97676158232951	13.098288648157633	9.594491496138945	12.935246379828083	23.14036942632414	25.1059034520177	25.277354564353207	23.594412426980988	21.92731835693646
K00428	5.533898405418142	5.880262210634901	8.926887901786918	7.2989354000112785	4.861033160931652	4.973185964149624	7.205438920571313	6.708879551495373	2.467154956150014	3.821777339494661	3.8567282377206897	3.6169521922398378	4.088983826586548	3.0249246701257677	3.7107769527123238
K00432	78.19639051134332	71.89094767195571	84.6848014466813	77.16017422869065	62.3356017107706	57.337908763136845	57.08924683221887	70.60297051811797	56.74456399145033	57.914625836957555	63.7645735303154	61.48818726807724	65.05201542296781	58.38104613342732	55.49298261101612
K00525	53.654754104706335	70.5631465276188	68.88179718811257	70.90394388582385	99.36523667198524	123.01321752499513	79.12126199319654	173.47245697438038	110.61078053405897	239.30205802681954	340.16343056696485	284.9945565591331	245.71075539760986	235.490385569291	245.7546372773571
K00526	69.89554290321611	65.34678488915236	65.50405581986887	66.52458264581708	77.4905874477928	82.0575684084688	74.41001346820761	111.49518873675643	78.53776610410878	137.29000134953898	168.02479355669806	162.23094391663977	139.1183815545469	126.51747432801024	149.61177986617415
K00528	52.93294126921702	47.61115531836646	48.25344811776712	53.17795791436789	48.89627473643015	44.75867367734662	42.67836899107624	46.962156860467616	47.424200823772495	39.68768775629071	66.07861047294782	58.29675886315974	61.89234610242366	60.04475470199649	54.98696757200989
K00529	11.308401089332726	12.708953810081882	12.06336202944178	9.384345514300215	12.295554465885944	11.701614033293234	6.651174388219674	19.16822728998678	10.691004809983395	9.995417657139882	9.770378202225748	8.510475746446676	9.479007961632453	10.28474387842761	7.4215539054246475
K00537	73.94571492457287	59.56136561739867	54.928508440724904	65.06479556581482	56.04485291427081	62.01855437645414	63.555666376321334	60.8058765699025	71.18198929040226	59.67852307057047	70.70668435821264	73.04825015700065	74.28320618298896	79.85801129132027	76.57694256960886
K00547	24.0604278496441	22.572619453727523	17.371241322396163	18.14306799431375	19.444132643726608	38.03024560820301	31.87021061021927	25.238165931815928	27.412832846111268	28.810321482344367	26.22575201650069	32.127045942836205	23.79045135468537	26.468090863600466	24.457393551967588
K00548	372.21481883399423	316.0166723521853	310.0284041566538	343.6755868348168	368.00880459523745	479.7661753650226	412.3728120696198	359.08479123241904	415.3044176185857	493.8912254116177	541.2275293601368	508.500925850189	508.89262350881677	505.76740484502835	527.9423573631625
K00549	7746.495350471414	5299.0646811708575	6681.896228107802	5265.660538579565	8102.19850676461	13754.662215434531	12803.510697322872	7042.406706341143	11560.813996190505	16322.517034109427	10155.53679556612	6833.912024396682	6392.196898362025	6862.344106647317	7616.032352082708
K00554	1212.886167900559	1315.8509340378807	1412.137159166455	1367.4034119392556	1339.6435505273407	1432.5700980259242	1510.9251151905694	1342.4148512087409	1517.3002980322588	1307.3418329794429	2160.282043555282	1946.9840888933386	2220.875806540121	2244.9478439338386	2262.561911076505
K00556	33.68459898950174	30.349740441986583	35.22501712597	37.120300034343074	32.311573363839805	36.27500350320903	35.47293007050493	35.14175003164243	33.991912729177976	38.51175626721543	47.566314931888506	49.5735212230519	42.934330179158756	47.642563554480844	39.13182968314814
K00557	88.54237448669028	95.03262475897048	74.79284458253905	86.75306075441976	90.358028167906	93.9054526171782	112.79283233355864	92.64643190160277	112.3926146690562	121.41492624702269	125.72934054969448	113.1893274277408	123.22710350122189	116.45959979984205	110.64862186269475
K00558	94.31687717060487	99.39539994750606	72.62143941723951	75.4918461372595	85.21105187986073	94.19799296801054	94.22497049977872	102.8694864562624	98.68619824600057	102.01205667728057	88.19051903587977	96.16837593484745	94.975942517533	95.43637334246797	83.32380975635854
K00560	112.36219805783794	107.55189269128996	94.33549107023472	99.47406245158228	116.37885273524603	134.86110173370452	121.9381971173607	103.82789782076173	121.71297783673403	136.4080527327325	187.43699235322552	162.1245629698092	174.33940133355372	173.3281835982065	153.32255681888648
K00563	30.797347647544445	35.85063089709665	34.01868092302582	34.61780789719635	27.73648333002178	27.4987929782391	37.13572366755985	27.154988660814606	35.08842604302242	35.27794467225841	38.567282377206894	48.29694986108489	47.209176906953786	39.0215282446224	38.11979960513569
K00564	47.63964714229532	62.59633966159733	43.669370546579245	42.7509073429232	53.47136477024817	66.69919998977143	62.354759889559446	60.06044550862524	70.17685208604485	70.55588934451681	73.02072130084505	83.6154242088386	80.47863622327161	77.28682532171337	65.4446117114719
K00566	131.36993605905678	193.6692811954269	127.63037027149404	138.05414956592762	141.25590479413154	195.416954355997	192.32979272601892	178.26451379687705	220.3991760827346	215.4894453730451	201.57832922486804	207.44284631963777	197.3864010834052	186.94034461377245	180.47869724555395
K00567	0.0	0.0	0.0	0.0	0.0	0.0	0.0	0.0	0.0	0.0	0.0	0.0	0.0	0.0	0.0
K00568	84.45210175225078	80.9958698045517	69.00243080840698	80.70537142298186	88.64236940522424	88.93226665302858	89.7908542409656	91.36855008227032	91.0106050490894	100.54214231593646	95.38974507962506	98.72151865878146	88.09901517281926	98.31005177908744	94.62481229416426
K00573	83.24908035976858	76.2537228604913	58.14540498190938	63.60500848581257	82.63756373583809	75.47541051474136	80.64548945716355	65.81091369562128	79.22308692526157	76.72952966216204	100.78916461243402	93.82799510457461	89.21419258007015	95.58761957597426	96.81754412985791
K00574	818.7763597233887	691.9740820772942	1121.6514014974969	1024.3534481387258	806.0736753333134	664.6516770910557	637.9584767367371	782.7026143411268	626.9314871905647	795.2236694871583	466.1498863325074	386.162836995018	442.72543067859806	378.56932246623984	416.61904878179274
K00575	2.4060427849644097	1.327801144336913	1.4476034435330136	1.0427050571444683	1.1437725084545063	1.4627017541616543	0.5542645323516395	0.9584113644993391	0.822384985383338	0.5879657445376402	1.028460863392184	1.2765713619670016	1.3010403084593563	0.9074774010377303	0.84335839834371
K00598	28.87251341957292	29.59099693093692	39.32656021598021	38.997169137203116	30.024028346930795	26.036091224077445	21.0620522293623	36.10016139614177	18.09246967843344	22.930664036967965	24.168830289716322	32.127045942836205	26.764257774021043	27.678060731650774	25.806766989317527
K00600	3603.0490704842036	2767.5169565536517	2224.0014237478867	2279.3532549178076	2189.466524309039	2671.4784838008454	2449.849232994247	2189.9699678809898	2766.5030908295494	3096.227610735213	2496.8458611003743	2724.4160483312426	2655.2374066643374	2380.9182078559916	2376.921309891912
K00602	160.00184520013326	199.17017165053696	158.27130982627617	146.18724901165447	195.01321269149335	239.29800698084662	259.11866887439146	184.3344524387062	257.68062875344594	270.75822535958326	355.5903435178476	340.20626796420595	336.41185118734785	297.0476026063504	315.58471266021627
K00604	116.69307507077387	113.05278314640003	125.45896510619453	120.74524561732943	120.3820565148368	105.31452629963911	130.25216510263527	123.63506602041474	121.1647211798118	128.47051518147438	169.18181202801426	151.06094449942853	158.72691763204145	141.41522832837964	147.756391389818
K00605	48.84266853477752	48.369898829416115	37.39642229126952	38.580087114345325	53.185421643134546	103.85182454547746	70.94586014100986	75.39502734061467	79.49721525372269	84.37308434115135	155.81182080391588	127.65713619670016	112.44705523113008	119.63577070347411	118.91353416646311
K00606	234.1079629770371	203.1535750835477	207.24855966580978	199.57374793745123	271.07408450371804	217.0649403175895	248.58764275971032	262.6047138728189	235.4762341480958	231.07053760329256	156.84028166730806	167.65637220499954	153.52275639820402	154.27115817641416	148.26240642882422
K00609	1429.430018547356	1162.774430683611	1033.5888586825718	956.5776194243352	781.7685095286552	1566.846119057964	1279.242540667584	667.05430969154	1344.8735794302188	781.7004573627926	2943.4549910284304	2799.5209967936344	2727.7239381356444	2160.4011994038233	2400.3666733658674
K00610	774.9863810370364	594.0961691518874	531.0291965360271	486.31763865218005	346.56307006171545	626.3288911320203	514.9117505546731	282.0924116176388	506.58915099613625	321.91124513435796	1507.9807409487896	1481.8865893500276	1435.4191860330868	1132.8342889621001	1273.3025098193334
K00611	588.2774609237982	98.16244174205036	282.40330510923206	221.1577426203417	182.7176582256074	60.11704209604399	98.1048222262402	64.85250233112194	113.3520638186701	99.95417657139882	181.6518999966445	202.6557037122615	203.51987682328502	206.2242393858242	203.41804568050284
K00615	675.9777204357509	689.9823803607887	681.700588283755	693.7116745182147	783.4841682913369	835.9340525033854	760.1738061202735	823.4350973323487	783.3216985776295	967.7916155089557	691.1257001995476	611.0521585948715	579.7063888692475	601.4306475377557	599.1218061833715
K00616	653.2406161178374	705.3469364595444	749.255415648629	721.760440555401	775.3347891685985	873.9642981115884	748.6728170739772	798.516401855366	798.2616924787601	912.5228355224176	961.2252344479199	892.5361439085952	915.0030626493444	841.3071738787291	865.9604034193214
K00626	6.496315519403907	7.39774923273423	7.117383597370651	6.777582871439044	8.149379122738358	8.0448596478891	6.789740521307585	7.986761370827825	7.401464868450042	4.703725956301121	12.084415144858161	12.340189832347681	12.917471633989322	13.839030365825387	13.915413572671214
K00627	3231.796668764195	3024.731006799488	2077.5522087104637	2446.6031460837803	3123.642720589257	3027.500090763792	3228.313768682124	2758.9468479387638	2977.856032073067	3016.5582523503626	1599.7708730065422	1596.3524881397354	1700.4596831563786	1597.7652107604306	1597.4894781426553
K00631	214.37841214032892	206.37823500550877	179.98536147927138	186.01858219457316	211.02602780985643	195.416954355997	215.05463855243613	198.39115245136318	229.17128259349022	228.13070888060437	270.7423222879924	269.99484305602084	245.89661829881834	261.20224526536003	237.99574001259495
K00632	4.0902727344394965	4.173089310773156	3.3777413682436985	4.379361240006767	3.5742890889203327	3.9492947362364665	3.4641533271977467	4.792056822496695	2.1930266276889014	4.556734520166711	8.741917338833563	7.446666278140842	7.155721696526459	8.923527776871016	6.74686718674968
K00633	2.165438506467969	3.2246599219610745	2.6539396464771916	4.58790225143566	2.2875450169090126	4.388105262484963	3.6027194602856567	2.875234093498017	1.9188982992277888	4.115760211763481	2.828267374328506	1.2765713619670016	1.3010403084593563	3.1761709036320562	2.698746874699872
K00639	59.429256788620926	67.14880072789532	62.72948255309726	61.51959837152363	91.50180067636052	86.59194384636993	82.8625475865701	89.77119780810476	72.64400704219486	95.83841635963535	43.966701910015864	35.74399813507605	43.12019308036724	43.55891524981106	39.63784472215437
K00640	45.71481291432379	39.83403433010739	50.424853283066646	44.41923543435435	49.18221786354378	49.73185964149624	36.02719460285657	54.30997732162921	54.27740903530031	69.96792359997917	95.38974507962506	87.87066208206194	100.3659666525789	88.630292834685	88.04661678708332
K00645	473.028011524003	431.3456860317343	420.7700675869293	432.72259871495436	520.1305482196868	483.8617402766752	505.4892535046952	495.4986754461583	479.176318150025	529.463152956145	480.54833841999795	465.94854711795557	461.86930950307146	485.50040955518574	502.64160541285116
K00647	510.32167469095134	517.2733886581088	547.6766361366568	622.2863781038187	783.4841682913369	637.7379648144813	597.4971658750674	824.5532439242646	663.1164265474316	637.3548670788019	873.1632730199642	597.2226355068956	619.6669126290706	686.0529151845241	731.6977464030028
K00648	267.55195768804236	256.2656208570242	244.64498195707932	269.0179047432728	328.26270992644334	374.4516490653835	351.12658124476366	336.402388939268	341.0156406056242	365.42071023014336	386.9583998513092	323.8236021522961	331.02182705230194	357.84858847587833	357.75263257740176
K00651	354.650706503754	264.80148535633293	217.86431825171857	215.21432379461825	313.67961044364836	974.1593682716617	669.8286873469564	280.4950593434732	751.1116199834488	1115.958983132441	559.7398249011961	461.2677854574099	415.96117290457704	402.0124886597145	476.3288233845274
K00652	23.098010735658335	17.451100754142285	24.609258540061234	20.43701912003158	24.877052058885514	32.764519293221056	21.616316761713943	31.308104573645075	34.266041057639086	39.099722011753066	90.76167119436023	76.38151982435893	57.059910671003195	66.09460404224802	73.37218065590277
K00655	51.24871131974193	47.990527073891286	44.15190502775692	43.37653037720988	44.32118470261212	45.34375437901128	39.62991406314222	42.80904094763714	40.84512094070579	49.97708828569941	50.137467090368965	54.467044777258735	60.96303159638126	61.2547245700468	58.36040116538473
K00656	3422.7161637511213	2770.362244720088	4491.310317181469	3792.4225633401456	3364.5498051824875	2915.7496767458415	2873.861600243251	3516.8905020303246	3129.4489977120625	4252.609238804616	1364.253335289732	1308.1665031756847	1265.633425779141	1109.693615235638	1247.4114069901814
K00657	125.83603765363864	130.3141980227799	92.1640859049352	101.35093155444233	142.68562042969967	152.41352278364437	151.59134959817342	135.77494330407302	149.3999390113064	156.6928709192811	166.35354465368576	146.1674209452217	159.0986434344584	147.91881636915005	161.25012576331736
K00658	188.8743586197062	251.144102157439	177.33142183279418	171.8377934174084	198.7304733439705	162.3598947119436	191.49839592749146	173.15298651954726	168.86305033204542	151.98914496297996	818.6548472601784	739.5603423662162	702.1900407656354	729.9143229013478	728.9989995283029
K00661	32.72218187551597	38.12686143024565	36.190086088325344	39.83133318291869	29.166198965589913	19.600203505766167	30.484549279340175	23.640813657650362	29.057602816877946	18.226938080666844	44.480932341711956	28.935617537918702	32.71187061269239	33.274171371383446	31.710275777723496
K00673	3.8496684559430556	6.069948088397317	5.066612052365548	8.341640457155746	7.720464432067918	36.567543854041354	11.08529064703279	10.861995464325842	13.158159766133409	19.108886697473306	6.170765180353103	5.957333022512674	3.5313951229611096	5.444864406226382	4.048120312049808
K00674	1069.967226473673	727.2556553411035	909.0949625387326	857.1035569727529	791.2046327234048	764.7004770757128	755.7396898614605	675.9994824268671	841.8480967040771	908.1130924383853	1001.9779961598352	955.3009025386395	919.8354980807649	902.4862753320228	932.7543885681432
K00675	12.03021392482205	11.950210299032218	11.098293067086438	10.635591582873577	12.295554465885944	12.579235085790227	15.796539172021726	15.01511137715631	11.787518123827846	9.407451912602243	12.084415144858161	7.659428171802009	7.8062418507561375	8.621035309858438	12.144360936149424
K00677	241.80729988892318	254.93781971268731	232.58161992763752	250.87483674895907	269.93031199526354	266.21171925742107	289.04895362138	302.2190502721249	277.96612505956824	293.3949065242824	303.1388394848462	327.6533162381971	332.1370044595528	334.10292981539106	328.0664169557032
K00681	46.43662574981311	46.85241180731679	78.17058595078274	66.31604163438818	55.75890978715719	51.1945613956579	34.64153327197747	52.07368413779742	38.37796598455578	36.15989328906487	43.45247147831977	50.2118069040354	48.13849141299618	48.096302254999706	53.97493749399744
K00684	35.85003749596971	38.12686143024565	34.01868092302582	31.69823373719184	38.316379033225964	39.49294736236467	37.13572366755985	34.822279576809315	44.682917539161366	41.45158498990363	37.02459108211862	32.127045942836205	31.03910450181607	35.24037240696519	25.975438668986268
K00688	464.24595535888284	406.6865219226202	361.29769278178134	363.06990089770386	375.5862974637485	374.4516490653835	356.1149620359284	337.2010650763508	393.5112155059273	470.9605613746497	406.4991562557607	365.63131425671537	390.49795543901536	390.6690211467429	392.583334428997
K00694	9.142962582864758	6.449319843922149	9.650689623553424	9.384345514300215	6.290748796499785	4.095564911652632	4.434116258813116	5.111527277329808	6.304951554605592	5.291691700838761	8.227686907137471	14.893332556281685	9.664870862840932	10.133497644921322	10.457644139462003
K00697	248.78482396532	339.7274070724873	581.9365843002715	503.41800158934933	341.98798002789744	313.31071574142635	226.41706146564474	417.22841401204556	259.3253987242126	293.68888939655125	171.23873375479863	154.4651347980072	157.98346602720756	156.0861129784896	163.94887263801724
K00700	907.5593384885755	709.4251828314364	660.5897047322319	657.3212680238728	651.9503298190687	626.036350781188	662.6232484263851	567.3795277836088	728.6330970496375	773.1749540669967	795.2573626180063	712.7523437649093	705.535572987388	695.7326741289265	731.1917313639966
K00703	297.1462839431046	267.6467735227692	234.75302509293707	228.56094852606745	278.5086058086723	254.21756487329552	269.6496949890726	246.95066158599636	288.1088732126294	297.5106667360459	269.19963099290413	241.9102730927468	249.42801342177944	245.77512944771863	242.71854704331975
K00705	100.09137985451945	103.75817513604163	89.99268073963569	93.84345514300215	88.07048315099699	84.25162103971128	82.58541532039429	97.11901826926635	84.70565349448383	95.83841635963535	127.27203184478276	105.5298992559388	100.92355535620435	119.48452446996782	115.87744393242575
K00748	95.51989856308707	93.32545185910875	97.23069795730075	95.92886525729108	105.51301390492821	108.23992980796241	99.21335129094348	116.92618646891935	121.43884950827292	114.94730305710864	116.73030799501288	115.74247015167481	123.78469220484732	116.76209226685464	109.29924842534481
K00757	218.9498934317613	203.3432609613101	220.0357234170181	230.4378176289275	245.91108931771888	177.2794526043925	169.88207916577753	218.1983206510162	155.4307622374509	217.25334260665804	174.83834677667127	155.7417061599742	156.31069991633123	145.801369100062	149.4431081865054
K00758	68.33161509298924	72.64969118300539	102.2973100096663	81.9566174915552	81.49379122738358	80.15605612805865	67.06600841454838	84.02072962110873	72.64400704219486	69.96792359997917	54.50842575978575	52.97771152163057	51.29816073354033	52.48244302668207	53.97493749399744
K00759	68.57221937148569	90.4801636926725	71.89763769547301	76.32601018297508	67.76852112592951	80.15605612805865	91.1765155718447	73.7976750664491	113.76325631136177	107.00976550585051	172.7814250498869	198.9323705731911	194.7843204664865	187.99906824831646	191.77969978335966
K00760	132.0917488945461	125.19267932319465	109.53532722733136	128.2527220287696	124.09931716731394	144.80747366200376	142.44598481437134	147.5953501328982	148.02929736900086	161.1026140033134	130.3574144349593	143.40151632762652	160.0279579405008	145.6501228665557	148.26240642882422
K00761	385.92926270829133	392.64976696820145	257.9146801894653	244.61860640609225	256.49098502092306	554.0714244764347	482.2101431459264	276.66141388547584	574.02471979757	507.1204546637146	857.4792448532334	865.0898596263047	882.8487807402774	760.1635696026054	826.4912303768358
K00762	8.180545468878993	9.104922132595975	6.272948255309726	7.2989354000112785	5.4329194151589055	9.653831577466917	11.36242291320861	6.708879551495373	11.23926146690562	10.289400529408702	11.827299929010115	15.106094449942852	17.28524981238859	12.553437381021936	12.987719334493134
K00763	435.97495263555106	531.6895153680525	436.69370546579245	476.72475212645094	528.7088420330956	667.577080599379	628.5359796867592	607.952275547414	682.5795378681706	754.6540331140611	461.2646972313945	433.395977387797	432.8746969145487	411.99474007112957	411.896241751068
K00764	486.26124684130724	497.54605737081755	431.14455893224925	418.95889196064735	551.5842922021857	570.1611437722129	655.6949417719895	543.0997732162921	704.7839324735207	718.2001569527274	670.8135981475519	658.923584668634	648.8473881188019	589.5578182075121	629.3140368440764
K00765	458.11054625722363	349.78075859389537	374.205490153284	453.1596178349859	666.5334293018636	427.40145256603535	521.5629249428928	597.7292209927544	506.04089433921405	733.1932834384372	253.00137239447724	194.46437080630656	182.8890947891438	195.56137992363088	212.69498806228367
K00767	81.08364185330062	69.99408889433155	61.523146350153084	67.77582871439044	68.05446425304314	81.03367718055564	75.65710866599879	75.07555688578155	79.77134358218379	84.66706721342018	83.819560366463	76.16875793069777	78.43414430997834	76.98433285470078	76.07092753060265
K00768	20.932572229190367	26.556022886738262	19.542646487695684	27.735954520042856	28.022426457135406	37.15262455570602	33.81013647345001	34.18333866714309	23.026779590733465	34.102013183183125	22.111908562931955	23.191046409067194	23.604588453476893	19.66201035581749	24.626065231636332
K00769	104.90346542444827	160.28456670924166	76.96424974783856	75.28330512583061	80.6359618460427	136.6163438386985	145.49443974230536	113.41201146575511	162.83222710590093	176.38972336129206	95.90397551132115	143.6142782212877	134.9364662773561	122.5094491400936	119.58822088513807
K00773	247.82240685133422	197.27331287291278	214.0040424022972	208.12392940603587	160.1281511836309	219.69780347508046	194.54685085542548	189.44597971603602	211.627069571979	220.48715420161506	316.50883070894463	324.2491259396184	340.8725608163513	347.4125983639444	341.56015132920254
K00782	23.338615014154776	14.605812587706044	13.993499954152465	11.886837651446939	22.017620787749248	17.84496140077218	21.893449027889762	17.570875015821215	16.721828036127874	18.226938080666844	9.256147770529655	3.404190298578671	4.274846727795028	6.201095573757824	4.722807030724776
K00783	42.105748736877175	62.59633966159733	34.50121540420349	36.2861359886275	48.610331609316525	56.16774735980752	64.01755348661436	58.14362277962657	60.85648891836701	46.44929381847357	76.1061038910216	89.99828101867361	75.83206369305962	92.56269490584849	82.3117796783461
K00784	39.69970595191276	37.93717555248323	36.43135332891418	40.456956217205374	40.60392405013498	40.37056841486166	43.509765789603705	37.69751367030734	41.941634254550245	44.097430840323014	35.48189978703034	35.318474347753714	34.94222542719414	35.24037240696519	30.698245699711045
K00788	72.90309638442162	39.83403433010739	79.13565491313808	77.78579726297734	46.608729719521136	107.36230875546542	52.655130573405756	59.42150459895902	93.75188833370053	153.16507645205525	165.83931422198967	144.8908495832547	123.04124060001341	124.02191147515647	119.25087752580059
K00789	1322.601718894936	1348.0975332574915	1363.1599093269213	1192.0204213275563	1522.361208752948	2809.5575293937054	2323.4769196180728	1597.6717446203982	2591.6092172713593	3145.9107161486436	1711.6159919004422	1397.2073556728833	1407.168025049398	1247.630180193373	1403.6857182032709
K00790	189.1149628982026	197.27331287291278	164.30299084099704	164.74739902882598	211.59791406408368	282.00889820236694	266.8783723273144	232.57449111850627	268.64576189189046	293.3949065242824	297.7394199520372	281.69674720738504	275.2629566897581	272.696959011838	277.46491305508056
K00791	500.93810782959014	478.0084119612887	568.4256188272967	508.42298586364274	503.2599037199828	430.91193677602337	452.27985839893785	503.165966362153	407.3546960932135	380.11985384358434	623.2472832156635	587.0100646111596	613.5334368891907	629.4868238531723	634.0368438748012
K00793	312.06374920988395	249.05755750205242	294.8285679995571	289.6634648747333	242.765714919469	250.4145403124752	247.75624596118286	250.14536613432747	241.78118570270138	262.5267049360563	183.06603368380874	191.48570429505023	194.598457565278	199.3425357612881	212.18897302327744
K00794	106.8282996524198	99.58508582526848	90.7164824614022	90.50679896013985	109.23027455740537	107.94738945713009	124.98665204529472	101.91107509176305	136.79003590209524	112.30145720668926	166.86777508538185	140.84837360369252	143.11443393052917	150.03626363823807	152.81654177988025
K00795	97.92594134805148	97.30885529211949	87.09747385256966	84.25056861727305	93.5034025661559	101.51150173881881	96.7191608953611	94.24378417576834	109.92545971290619	108.4796798671946	114.15915583653242	115.31694636435248	118.20880516859293	104.81363981985785	100.69699276223898
K00796	27.428887748594274	32.246599219610744	27.98699990830493	24.607839348609453	23.733279550431007	48.56169823816692	43.786898055779524	33.544397757476865	30.70237278764462	44.68539658486065	46.53785406849632	50.8500925850189	47.9526285117877	50.51624199110032	42.67393495619172
K00797	258.16839082668116	322.65567807386986	328.3647144414053	321.57023962335404	360.2883401631695	531.2532771115128	432.3263352342788	381.4477230707369	444.36202043546365	576.7943953914249	498.8035187452092	531.9047341529173	569.1122035003641	497.2976157686762	509.38847259960085
K00799	144.3625670978646	136.82674649262285	110.41997377615711	118.7988628439931	148.21385422056312	165.28529822026692	149.28191404670824	145.14607664584435	133.40911985107485	156.0069108839872	135.84253903971762	126.59332672839433	123.90860080565297	121.45072550554958	129.2587305194793
K00800	375.5832787329444	311.65389716364973	334.637662696715	345.5524559376768	381.7340746966915	364.7978174879166	351.6808457771153	386.55925034806677	390.08461140016334	470.9605613746497	567.4532813766375	498.71387874177526	504.43191387981324	522.4044905307201	520.5208034577378
K00806	153.2649254022329	169.95854647512488	114.84320652028575	117.82567145732492	135.82298537897265	188.6885262868534	193.4383217907222	168.36092969705055	191.34157326585665	201.37826750414175	194.1219879652747	172.76265765286755	185.4911754060625	187.5453295477976	192.62305818170336
K00813	636.3983166230864	625.9633966159734	674.3419374457956	670.4593517438931	682.5462444202267	794.2470525097783	766.2707159761417	722.9616392873347	774.9607845595656	954.5623862568588	835.6244515061494	637.221871515195	670.4074846589854	699.8163224335964	806.4193004962555
K00817	384.72624131580915	348.8323292050833	337.532869583781	393.30834755489343	639.9407184802964	569.2835227197158	596.9429013427158	668.3321915108725	541.6775770391587	816.978402035051	238.34580509113863	192.54951376335606	186.79221571452186	179.8317716389769	194.4784466580595
K00820	528.8482041351773	454.8667348742739	369.38014534150733	369.74321326342846	421.194226238372	446.70911572096924	453.9426519959928	384.6424276190681	503.8478677115251	552.9817827376505	962.6393681350842	866.791954775594	920.2072238831818	852.272525807935	869.3338370126962
K00821	888.3109962088602	316.0166723521853	599.7903601038454	519.0585774465163	693.9839695047717	181.9600982177098	423.7352349828284	254.29848204715796	442.717250464697	355.1313097007346	423.9829909334278	386.162836995018	393.843487660768	445.5714039095256	449.8473696765349
K00823	3.368459898950174	4.552461066297988	3.619008608832534	2.7110331485756176	5.718862542272532	2.047782455826316	4.156983992637296	7.028350006328486	3.8377965984555775	3.527794467225841	6.427880396201149	6.170094916173841	6.505201542296781	6.503588040770401	7.084210546087164
K00826	100.3319841330159	106.9828350580027	103.02111173143281	101.35093155444233	111.51781957431437	140.41936839951882	147.98863013788775	126.82977056874587	123.63187613596182	187.5610725075072	234.2319616375699	195.1026564872901	202.40469941603413	181.19298774053348	182.16541404224137
K00831	1630.5751953703805	1411.8319881856635	1247.8341683254578	1270.6403826362491	1324.774507917432	1524.7203085381084	1394.806695662901	1336.983853476578	1453.1542691723585	1745.3763126599847	1794.1499761876648	1862.3048552161943	1679.0854495174035	1645.1052818478988	1636.6213078258036
K00832	358.7409792381935	287.7534765655853	263.9463612041862	276.3168401432841	295.0933071812627	328.52281398470757	295.9772602757755	299.66328663346	292.2207981395461	382.76569969400373	274.5990505257131	292.7603656777657	283.6267872441397	286.4603662609102	309.6812038718103
K00833	27.910096305587153	20.29638892057853	25.33306026182774	25.65054440575392	24.019222677544633	27.20625262740677	24.11050715729632	31.9470454833113	33.71778440071686	45.86132807393593	88.44763425172782	79.7857101229376	68.02582184230349	68.51454377834864	69.83007538285919
K00835	160.00184520013326	138.4706907665638	117.97968064794061	123.66481977733395	136.3948716331999	141.88207015368047	143.2773816128988	134.49706148474058	149.1258106828453	168.7461686823027	301.5961481897579	289.14341348552585	291.06130329247884	268.4620644736619	272.23609098534956
K00840	12.270818203318491	30.16005456422417	11.580827548264109	15.014952822880344	16.298758245476716	86.2994034955376	44.61829485430698	71.88085233745042	24.123292904577916	55.85674573107581	11.313069497314023	10.42533278939718	14.497306294261397	11.948452446996782	12.650375975155649
K00845	72.1812835489323	60.699480883973166	63.6945515154526	57.34877814294576	97.7925494728603	47.09899648400527	69.28306654395494	66.76932506012062	56.1963073345281	68.49800923863508	47.052084500192414	31.91428404917504	35.3139512296111	42.04645291474817	40.98721815950431
K00847	26.94767919160139	22.003561820440275	24.850525780650067	24.816380360038345	28.308369584249032	24.86592982074812	24.387639423472137	24.918695476982816	23.575036247655692	21.166766803355046	29.825365038373334	24.893141558356533	23.604588453476893	24.50188982801872	30.36090234037356
K00848	1.684229949475087	0.7587435110496646	3.136474127654863	1.4597870800022557	1.429715635568133	1.4627017541616543	1.108529064703279	1.277881819332452	1.644769970766676	1.7638972336129204	1.5426912950882758	2.127618936611669	1.4869032096678356	1.209969868050307	0.674686718674968
K00849	103.9410483104625	90.66984957043492	101.5735082878998	110.73527706874253	91.21585754924689	89.80988770552557	85.07960571597667	94.88272508543456	82.51262686679492	65.55818051594687	71.73514522160482	87.87066208206194	83.2665797413988	95.89011204298684	88.55263182608955
K00850	679.2258781954529	522.2052214799317	614.7489290203531	589.5454393094824	718.28913530943	451.0972209834542	557.5901195457493	609.2301573667465	524.4074923461086	662.6373940939204	488.2617948954393	485.3098794411218	467.8169223417428	442.24398677238725	458.7869686989782
K00851	3.9699705951912763	4.362775188535571	4.945978432071129	3.4409266885767456	3.002402834693079	2.340322806658647	4.156983992637296	3.6739102305808	3.152475777302796	3.0868201588226105	4.113843453568736	4.89352355420684	3.066737869939911	2.646809086360047	3.204761913706098
K00852	50.526898484252605	45.524610662979875	34.983749885381165	39.4142511600609	39.17420841456684	40.37056841486166	41.84697219254878	37.69751367030734	40.29686428378356	43.50946509578537	50.137467090368965	51.91390205332473	56.874047769794714	57.92730743290845	53.8062658143287
K00853	3.1278556204537327	4.173089310773156	4.342810330599041	4.170820228577873	4.575090033818025	3.51048420998797	1.6627935970549186	5.430997732162921	4.386053255377803	3.527794467225841	4.113843453568736	3.191428404917504	3.3455322217526304	2.722432203113191	3.036090234037356
K00854	11.549005367829167	12.139896176794634	12.787163751208288	14.80641181145145	19.444132643726608	14.334477190784211	14.133745574966808	17.570875015821215	14.802929736900085	16.757023719322746	14.912682519186667	12.127427938686514	9.850733764049412	12.09969868050307	13.49373437349936
K00857	99.36956701903013	93.13576598134632	73.8277756201837	82.5822405258419	93.78934569326952	121.69678594624963	128.58937150558037	100.6331932724306	106.63591977137284	111.12552571761398	110.30242759881173	112.97656553407964	103.71149887433154	103.75491618531383	119.41954920546934
K00858	51.72991987673481	61.83759615054767	56.215267057198695	50.04984274293448	60.61994294808884	60.555852622292484	61.52336309103199	58.78256368929279	61.67887390375036	59.38454019830166	59.13649964505058	48.50971175474606	54.08610425166752	52.331196793175785	46.890726947910274
K00859	60.87288245959957	55.577962184387935	59.110473944264726	72.78081298868389	54.32919415158906	54.9975859564782	62.07762762338363	61.65779778279081	64.69428551682259	56.44471147561345	60.67919094013885	57.44571128851507	55.2012816589184	56.86858379836443	58.69774452472222
K00860	41.86514445838073	41.54120722996914	55.00893085425452	47.75589161721665	51.75570600756642	60.26331227146016	90.89938330566888	62.29673869245703	61.95300223221147	88.19486168064603	69.9353387106685	75.3177103560531	70.99962826163916	85.90786063157181	79.27568944430874
K00864	23.098010735658335	24.09010647582685	32.329810238903974	22.522429234320516	22.5895070419765	25.743550873245116	23.00197809259304	22.36293183831791	23.026779590733465	20.872783931086225	31.625171549309655	26.807998601307034	30.48151579819063	28.13179943216964	27.83082714534243
K00865	7.819639051134333	6.92353453832819	7.238017217665068	8.028828940012406	9.722066321863304	7.02096841997594	6.512608255131765	12.459347738491408	6.990272375758374	7.790546115123732	6.942110827897241	7.659428171802009	8.735556356798535	8.318542842845861	6.915538866418421
K00867	88.30177020819384	91.04922132595975	73.1039738984172	77.36871524011956	74.91709930377017	88.63972630219625	87.01953157920741	79.86761370827826	82.78675519525603	105.24586827223759	94.36128421623287	84.8919955708056	94.60421671511605	90.74774010377303	96.64887245018916
K00868	91.5499279678958	80.42681217126444	63.815185135747015	67.98436972581933	87.78454002388337	90.9800491088549	87.29666384538322	73.478204611616	86.76161595794217	98.92523651845795	93.46138096076471	84.14732894299152	85.12520875348359	79.17740324054196	85.85388495138967
K00872	595.254985000195	549.3303019999572	520.1721707095296	528.4429229608165	566.7392779392079	727.8403928708392	560.3614422075076	654.5949619530486	531.8089572145586	759.651741942631	1072.9417957338958	1043.3843265143626	1046.4081338037395	980.226839354255	983.8619075077721
K00873	1057.937012548851	920.735250658768	969.6530399265303	963.980825330061	997.798542063	874.8419191640854	934.76713381104	929.6590235643588	935.1887925450859	1175.049540458474	692.4112762787879	703.4972013906485	730.9058590023454	656.4086534172916	670.5542625230837
K00874	57.504422560649395	55.388276306625514	43.910637787168085	48.38151465150333	60.90588607520247	62.01855437645414	55.98071776751559	59.10203414412591	61.67887390375036	64.97021477140923	62.993227882771265	68.29656786523458	54.82955585650144	62.31344820459081	61.0591480400846
K00876	60.87288245959957	62.40665378383491	38.36149125362486	43.37653037720988	45.75090033818026	67.2842806914361	63.74042122043854	55.26838868612855	69.08033877220039	69.08597498317272	85.10513644570322	84.46647178348327	98.32147473928563	75.62311675314419	75.56491249159642
K00878	74.82793061239315	62.78602553935975	75.75791354489438	80.49683041155295	59.190227312520705	89.51734735469324	60.137701760152886	75.07555688578155	117.32692458135622	140.523812944496	143.47029044320965	119.99770802489815	128.61712763626778	103.30117748479496	107.78120330832614
K00879	21.41378078618325	14.79549846546846	19.78391372828452	22.313888222891624	20.30196202506749	22.525607014089477	23.8333748911205	22.043461383484797	24.123292904577916	18.814903825204485	25.45440636895655	17.23371338655452	23.79045135468537	19.5107641223112	19.734586521242814
K00880	2.646647063460851	1.7071728998617453	1.6888706841218493	2.0854101142889365	2.2875450169090126	1.4627017541616543	1.108529064703279	2.875234093498017	2.1930266276889014	1.1759314890752803	3.0853825901765517	1.7020951492893355	1.1151774072508769	1.6637085685691722	2.192731835693646
K00881	6.736919797900348	7.018377477209397	8.20308618002041	8.758722480013533	7.720464432067918	8.483670174137595	8.313967985274592	5.430997732162921	6.304951554605592	5.585674573107581	5.9136499645050575	8.723237640107845	5.204161233837425	6.049849340251535	6.072180468074712
K00882	30.316139090551566	31.677541586323496	33.05361196067048	33.366561828622984	33.45534587229431	20.47782455826316	27.436094351406155	33.86386821230998	23.575036247655692	26.164475631924986	25.968636800652643	15.531618237265185	17.099386911180112	22.23319632542439	20.746616599255265
K00883	8.661754025871875	5.500890455110069	8.685620661198081	7.090394388582385	6.004805669386158	4.973185964149624	8.036835719098773	6.38940909666226	5.756694897683366	4.703725956301121	6.427880396201149	7.021142490818509	6.133475739879822	6.806080507782977	7.4215539054246475
K00885	8.902358304368317	11.001780910220138	13.26969823238596	10.84413259430247	8.864236940522424	11.409073682460903	9.422497049977872	10.861995464325842	3.289539941533352	4.703725956301121	6.427880396201149	6.808380597157342	6.319338641088302	6.201095573757824	5.566165429068486
K00891	160.8439601748708	179.4428403632457	142.2270383271186	142.01642878307658	159.27032180229003	156.9478982215455	185.40148607162342	159.7352274165565	191.20450910162612	189.91293548565778	204.1494813833485	196.37922784925706	219.68994922842273	211.89597314231003	210.16491286725253
K00892	49.323877091770406	76.44340873825371	51.87245672659966	54.01212196008346	44.60712782972575	62.31109472728647	59.58343722780125	65.17197278595505	77.5783169544949	81.72723849073198	88.96186468342391	102.76399463834363	102.41045856587219	101.93996138323837	96.14285741118294
K00901	19.48894655821172	24.848849986876516	23.64418957770589	21.271183165747154	23.161393296203755	19.015122804101505	22.4477135602414	20.12663865448612	23.30090791919458	23.224646909236785	23.911715073868276	23.829332090050695	21.56009654018362	20.418241523348932	18.047869724555394
K00906	106.58769537392335	105.65503391366579	116.29080996381876	115.1146383087493	100.65198074399656	94.49053331884286	95.88776409683364	124.27400693008096	96.21904328985056	88.78282742518365	254.28694847371747	268.0799860130703	253.14527144594902	247.4388380162878	237.15238161425125
K00912	29.834930533558683	30.729112197511416	35.948818847736504	31.69823373719184	33.74128899940794	38.9078666607	36.858591401384025	37.37804321547422	39.74860762686134	40.86361924536599	39.85285845644713	44.041711987861554	45.90813659849443	48.39879472201228	42.1679199171855
K00919	228.81466885011537	229.70959797028596	201.69941313226659	227.51824346892298	238.7625111398782	262.4086946966008	275.46947257876485	243.7559570376652	311.1356528033629	317.7954849225945	356.36168916539174	254.2504629250945	244.96730379277594	230.4992598635835	224.83934899843308
K00925	920.7925738058797	935.5307491242364	669.0340581528411	732.6045731497035	1013.6683856178063	1306.1926664663572	1295.0390798396058	1000.9009349921431	1331.1671630071633	1567.2226920650799	539.6848380650486	473.39521339609644	503.6884622749794	420.7670216144943	441.4137856930978
K00926	4.010071308274017	3.793717555248323	4.503655157658264	4.448874910483064	4.193832530999857	3.4129707597105265	3.51034203822705	2.5557636386649043	4.203301036403728	3.4298001764695676	2.999677518227203	4.326158504443727	3.035760719738498	4.184479127007312	3.542105273043582
K00927	1705.1625217042772	1645.1456178334354	1800.57741651448	1717.752311139797	2258.6647610705363	1680.059234830076	1953.2282120071777	2093.4898905213895	1876.1342799878553	2533.2504103404226	1234.4101512864688	1003.1723286124021	1077.0755125031385	1023.785754604066	1131.786970577259
K00928	1161.3968523023207	456.19453601861085	745.2745061789132	628.5426084466854	394.3155722896911	154.75384559030303	229.7426486597546	241.2001933990003	258.5030137388293	275.4619513158844	1026.4039416653995	997.2149955898894	858.1290148795497	806.4449170555297	833.4067692432542
K00930	304.6050165764943	141.12629305523762	267.5653698130187	222.30471818320063	230.47016045358305	74.0127087605797	151.86848186434923	86.25702280494052	114.58564129674511	96.13239923190416	197.72160098714735	159.35865835221404	157.79760312599907	172.26945996366248	175.0812034961542
K00931	162.40788798509766	156.87022090951817	139.45246506034698	160.15949677739033	156.41089053115374	180.78993681438047	165.7250951731402	180.18133652587574	158.44617385052314	159.04473389743166	169.69604245971036	166.37980084303254	161.70072405137714	176.50435450183855	170.02105310609193
K00932	1.443625670978646	1.7071728998617453	2.8952068870660272	3.96227921714898	4.0032037795907724	2.047782455826316	3.8798517264614767	1.277881819332452	3.0154116130722395	2.9398287226882007	2.056921726784368	2.127618936611669	1.3010403084593563	1.6637085685691722	1.8553884763561619
K00937	169.62601633999088	169.19980296407522	168.6458011715961	158.4911686859592	175.2831369206531	186.34820348019474	169.88207916577753	184.65392289353932	170.7819486312732	208.1398735663246	183.58026411550483	163.61389622543737	162.44417565621106	144.89389169902427	152.31052674087402
K00939	685.240985157864	739.2058656401357	585.7968601496929	636.4671668809834	519.5586619654596	840.7609682921188	765.1621869114383	624.8842096535691	817.450675471038	807.5709501224487	644.3307309152033	775.9426261822758	788.4304269263699	747.9126246885961	761.5526337043701
K00940	48.1208556992882	94.65325300344566	55.97399981660986	60.05981129152138	60.90588607520247	120.81916489375264	120.82966805265741	89.45172735327164	105.8135347859895	131.41034390416257	349.67669355334255	338.71693470857775	345.14740754414635	332.4392212468219	343.0781964462212
K00941	56.30140116816719	36.4196885303839	50.424853283066646	58.80856522294801	41.74769655858948	69.62460349809474	31.315946077867633	49.83739095396563	64.42015718836149	77.02351253443086	84.07667558231104	83.6154242088386	72.48653147130699	72.29569961600585	74.04686737457774
K00942	212.4535779123574	207.7060361498457	191.08365454635782	184.5587951145709	156.982776785381	138.66412629452483	161.2909789143271	158.13787514239095	161.7357137920565	152.2831278352488	194.1219879652747	228.93179757941562	229.16895719005518	219.76077728463702	210.67092790625875
K00943	32.48157759701953	33.384714486185246	35.22501712597	39.20571014863201	34.885061507862446	38.03024560820301	37.96712046608731	37.69751367030734	41.66750592608913	35.57192754452723	39.595743240599084	36.38228381605955	43.30605598157572	39.47526694514127	35.42105273043582
K00945	259.13080794066695	321.8969345628202	238.61330094235842	260.2591822632593	242.765714919469	310.0927718822707	339.4870260653792	278.5782366144745	384.32791650248	352.7794467225841	318.82286765157704	264.67579571449164	297.5665048347756	285.70413509337874	280.8383466484554
K00946	32.000369040026655	31.677541586323496	39.08529297539137	49.00713768579001	40.889867177248604	29.839115784897746	37.96712046608731	44.40639322180271	43.3122758968558	41.74556786217245	44.99516277340805	30.42495079354687	40.518112463448524	41.592714214229304	41.66190487817927
K00948	839.7089319525791	949.1881323231304	692.1957132493694	728.4337529211256	915.0180067636052	1235.1053612141009	1142.8934657090806	1018.1523395531311	1256.0560010088184	1358.4948527542176	1176.0449972889623	1114.2340371035311	1210.1533497684097	1064.9247301177766	1078.655391481605
K00950	15.398673823772222	19.537645409528864	16.164905119451987	15.84911686859592	14.29715635568133	18.722582453269176	21.893449027889762	19.16822728998678	24.945677889961253	12.935246379828083	25.711521584804597	26.807998601307034	25.834943267978645	24.804382295031296	27.83082714534243
K00951	316.63523050131636	303.118032664341	248.98779228767836	274.64851205185295	360.00239703605587	447.2941964226339	355.00643297122514	371.86360942574356	357.4633403132909	403.9324664973588	321.9082502417536	284.8881756123025	278.4226260103022	292.20772313414915	286.23584039785516
K00954	20.451363672197484	17.071728998617452	13.26969823238596	10.009968548586896	11.437725084545065	11.409073682460903	10.53102611468115	10.54252500949273	15.899443050744535	13.817194996634543	26.997097664044826	29.78666511256337	29.738064193356713	26.316844630094177	23.951378512961362
K00956	230.49889879959048	316.20635822994774	310.7522058784203	285.28410363472653	437.4929844838487	657.6307086710798	703.0845592880547	477.2888595206708	562.7854583306644	707.3227906787811	527.3433077043424	503.394640402321	434.547463025425	468.7120776359877	471.6060163538026
K00957	174.1974976314233	302.9283467865786	221.96586134172875	218.75952098890946	339.98637813810205	753.2914033932519	693.1077977057253	453.00910495335427	659.0045016205149	811.0987445896745	523.4865794666216	411.694264234358	413.7308180900753	388.2490814106423	384.90877300406925
K00962	921.9955951983619	1014.4400742734016	885.9333074422044	884.630970481367	970.205030296535	1275.18338927813	1140.1221430473224	1038.5984486624504	1187.2497905650791	1354.673075414723	1423.1327197189346	1373.5907854764937	1448.987177821306	1375.5844937396928	1351.5661691856296
K00963	403.97458359552445	387.52824826861615	405.81149867042154	369.5346722519996	336.55506061273854	412.6281648490027	346.69246498595055	343.4307389455965	341.56389726254645	402.1685692637459	390.17234004940974	427.65140625894554	436.49902348811406	431.12738860967505	426.1489986830767
K00965	17.32350805174375	20.29638892057853	21.231517171817533	22.313888222891624	21.445734533521996	25.743550873245116	31.315946077867633	20.765579564152347	21.6561379484279	21.166766803355046	21.597678131235863	27.446284282290534	25.463217465561687	24.50188982801872	20.0719298805803
K00969	39.9403102304092	35.85063089709665	38.12022401303603	37.328841045771966	44.035241575498496	36.86008420487369	39.90704632931804	46.962156860467616	39.74860762686134	40.27565350082835	43.195356262471726	34.89295056043138	37.91603184652981	39.32402071163498	37.61378456612947
K00970	154.22734251621867	187.59933310702957	159.960180510398	152.44347935452126	163.55946870899442	220.28288417674514	222.8143420053591	206.377913822191	211.9011979004401	200.20233601506646	249.9159898043007	263.1864624588635	265.7839487281256	256.8161044936777	261.27243180688134
K00971	3.609064177446615	3.793717555248323	2.1714051652995203	3.3366561828622987	3.1453743982498925	2.6328631574909775	4.711248524988936	2.555763638664904	2.467154956150014	2.9398287226882007	2.828267374328506	2.978666511256337	1.4869032096678356	2.268693502594326	2.698746874699872
K00973	113.9261258680648	91.42859308148458	107.60518930262069	101.66374307158566	96.07689071017855	108.38619998337857	95.333499564482	84.34020007594184	89.7770275710144	104.65790252769995	115.05905909200058	111.48723227845147	107.3358254478969	112.98093642919743	113.76904793656648
K00974	99.85077557602301	101.48194460289264	112.91306859557507	108.6498669544536	102.36763950667832	87.76210524969926	109.19011287327298	92.96590235643589	103.34637982983948	78.49342689577496	97.44666680640943	93.18970942359111	101.29528115862131	96.495096977012	88.21528846675207
K00975	476.1558671444567	392.64976696820145	336.8090678620145	349.93181717768357	378.5887002984416	368.0157613470722	371.9115012079501	301.26063890762555	408.725337735519	504.4746088132952	437.6100973733743	390.84359865556365	400.9062779066902	375.5443977961141	397.5591489792249
K00979	111.88098950084506	117.98461596822284	114.60193927969692	109.27548998874028	132.67761098072273	144.2223929603391	135.79481042615168	144.4006455845671	141.72434581439526	145.81550464533476	132.15722094589563	124.25294589812148	122.48365189638797	127.19808237878853	132.40726853996247
K00981	60.51197604185491	63.07055435600337	49.94231880188897	47.6516211115022	56.75971073205488	73.86643858516354	52.37799830722994	61.01885687312459	67.16144047297261	73.78970093947383	68.64976263142827	71.16885342966035	72.57946292191123	72.59819208301843	68.39636610567487
K00982	109.95615527287353	102.43037399170473	99.16083588201144	103.64488268016015	135.53704225185902	121.69678594624963	119.99827125412996	131.30235693640944	121.71297783673403	138.17194996634544	117.50165364255702	102.3384708510213	102.59632146708066	105.5698709873893	107.94987498799487
K00989	36.09064177446615	50.4564434848027	36.67262056950301	34.61780789719635	32.88345961806706	46.22137543150827	59.30630496162543	44.40639322180271	52.358510736072525	45.27336232939829	71.22091478990873	75.9559960370366	73.78757177976635	77.43807155521965	70.3360904218654
K00990	126.31724621063152	93.70482361463358	119.42728409147362	103.22780065730237	109.23027455740537	104.14436489630978	105.58739341298732	114.68989328508756	116.50453959597289	119.06306326887213	148.61259476017057	144.67808768959353	141.44166781965288	122.20695667308101	126.5037597515565
K00991	40.66212306589853	58.04387859529934	39.08529297539137	46.29610453721439	49.75410411777103	47.391536834837595	53.209395105757395	44.40639322180271	65.79079883066704	52.03496839158115	73.02072130084505	63.40304431102775	64.86615252175933	61.2547245700468	64.93859667246566
K00995	55.338984054181424	64.87257019474632	56.69780153837637	47.547350605787756	40.60392405013498	45.34375437901128	38.798517264614766	49.517920499132515	45.5053025245447	49.389122541161775	57.85092356581035	60.424377799771406	63.565112213299976	58.22979989992103	60.04711796207215
K00997	73.86551349840738	55.577962184387935	52.35499120777733	53.80358094865456	55.47296666004356	61.14093332395715	57.36637909839469	55.26838868612855	55.09979402068365	63.206317537796316	43.195356262471726	38.509902752671216	46.651588203328345	51.12122692512548	45.20401015122285
K00998	190.07738001218837	217.00064416020408	229.20387855939384	232.94030976607422	192.15378142035706	233.73974031503235	203.13795110687587	227.78243429600957	226.9782559658013	250.17942430076587	263.80021146009517	276.590461759517	252.21595693990662	257.42108942770284	262.11579020522504
K01000	92.87325149962622	66.9591148501329	74.5515773419502	70.27832085153716	81.49379122738358	84.54416139054362	81.19975398951519	81.46496598244381	74.56290534142265	76.43554678989322	103.10320155506643	100.21085191440963	96.64870862840932	104.2086548858327	105.41979979296374
K01002	76.75276484036468	100.9128869696054	75.75791354489438	75.9089281601173	73.2014405410884	122.86694734957895	109.4672451394488	80.50655461794447	112.94087132597842	113.47738869576455	123.67241882291012	147.4439923071887	144.04374843657158	144.28890676499913	142.69624099975573
K01007	322.40973318523095	346.74578454969674	336.8090678620145	326.3666828862186	221.319980385947	532.1308981640099	292.9288053478415	261.32683205348644	388.43984142939667	398.64077479652	479.7769927724538	432.54492981315235	477.48179320458377	400.34878009114533	433.9922317876732
K01008	268.2737705235317	261.197453678847	206.76602518463213	234.19155583464757	284.7993546051721	282.30143855319926	297.0857893404788	278.89770706930767	254.39108881191257	270.17025961504567	248.63041372506046	234.03808302728362	233.4438039178502	240.33026504149225	240.69448688729483
K01011	112.36219805783794	103.3788033805168	92.1640859049352	95.09470121157551	116.0929096081324	97.7084771779985	104.75599661445987	114.37042283025445	106.63591977137284	106.71578263358168	93.58993856868874	88.29618586938427	89.02832967886167	86.81533803260953	94.28746893482678
K01012	56.06079688967075	41.73089310773155	42.704301584223906	47.75589161721665	42.31958281281673	64.06633683228046	40.18417859549387	60.37991596345836	67.16144047297261	107.00976550585051	176.1239228559115	138.50799277341966	126.38677282176603	136.5753488561784	155.68396033424887
K01034	2.165438506467969	0.7587435110496646	1.206336202944178	0.0	1.7156587626817597	3.2179438591556395	1.3856613308790988	2.236293183831791	3.289539941533352	2.0578801058817406	0.257115215848046	1.9148570429505023	0.9293145060423973	1.8149548020754607	1.8553884763561619
K01035	0.0	1.138115266574497	0.2412672405888356	0.625623034286681	0.28594312711362657	0.5850807016646618	0.5542645323516395	0.319470454833113	1.9188982992277888	0.8819486168064602	1.028460863392184	0.21276189366116693	0.5575887036254384	0.45373870051886517	0.337343359337484
K01042	42.346353015373616	42.299950741018804	38.602758494213695	40.456956217205374	42.03363968570311	39.78548771319699	46.83535298371354	43.12851140247026	43.03814756839469	42.92149935124773	58.622269213354485	61.06266348075491	54.45783005408448	58.22979989992103	60.04711796207215
K01048	91.18902155015114	93.51513773687117	100.36717208495561	96.76302930300666	85.78293813408798	79.57097542639399	80.36835719098774	92.00749099193655	95.1225299760061	76.72952966216204	106.18858414524298	100.84913759539313	103.1539101707061	96.64634321051828	104.23909803528255
K01051	142.67833714838952	149.47247167678393	127.14783579031636	120.74524561732943	135.2510991247454	178.4496140077218	186.5100151363267	144.72011603940018	183.94010839740662	228.13070888060437	214.43409001727034	187.01770452816572	181.030465777059	199.64502822830067	210.67092790625875
K01056	42.346353015373616	53.112045773476524	37.15515505068068	39.4142511600609	43.463355321271244	54.41250525481354	65.40321481749346	42.80904094763714	69.90272375758373	68.20402636636625	60.9363061559869	62.551996736383074	62.82166060846606	57.92730743290845	50.770175580291344
K01058	87.33935309420808	81.75461331560136	68.03736184605164	65.8989596115304	69.77012301572489	84.54416139054362	74.54857960129551	80.50655461794447	93.75188833370053	89.3707931697213	64.02168874616345	78.93466254829293	76.94724110031049	71.23697598146182	81.13107792066491
K01061	94.5574814491013	86.49676025966177	110.50039618968671	100.30822649729785	93.21745943904227	91.85767016135189	96.16489636300946	103.82789782076173	89.91409173524497	97.01434784871063	109.27396673541955	90.84932859331828	99.80837794895348	100.72999151518806	99.01027596555156
K01066	11.789609646325609	12.139896176794634	13.510965472974794	12.721001697162514	8.29235068629517	4.973185964149624	7.759703452922953	7.028350006328486	6.304951554605592	8.231520423526963	5.399419532808966	6.382856809835008	7.992104751964617	8.772281543364727	7.59022558509339
K01069	186.82922225248643	195.47129703416985	126.06213320766662	160.99366082310593	199.58830272531137	226.57250171964023	233.0682358538644	221.0735547445142	212.1753262289012	224.74990584951294	229.08965732060898	226.3786548554816	203.14815102086806	214.99652092918893	208.05651687139326
K01070	94.5574814491013	109.1642226522705	89.26887901786918	99.99541498015452	109.23027455740537	106.04587717671993	104.89456274754778	106.70313191425976	102.52399484445614	97.01434784871063	80.73417777628643	107.4447562988893	110.96015202146225	105.19175540362357	103.31140379710448
K01073	7.9399411903825525	16.692357243092623	7.479284458253904	10.635591582873577	8.006407559181545	33.64214034571805	20.784919963186482	25.238165931815928	19.463111320739	22.636681164699144	51.68015838545724	42.552378732233386	46.279862400911384	52.48244302668207	46.216040229235304
K01077	7.21812835489323	9.86366564364564	14.234767194741302	15.432034845738132	11.151781957431437	10.23891227913158	13.579481042615168	14.695640922323198	12.609903109211183	12.053297763021623	14.14133687164253	10.638094683058346	10.594185368883329	11.645959979984205	16.529824607536717
K01079	26.46647063460851	32.62597097513558	27.98699990830493	22.939511257178303	29.166198965589913	31.88689824072406	29.930284746988534	32.266515938144416	37.82970932763355	38.51175626721543	52.19438881715333	53.828759096275235	49.43953172145554	48.247548488506	45.372681830891594
K01082	62.316508130578214	60.32010912844834	87.58000833374733	92.59220907442878	77.77653057490643	63.4812561306158	59.30630496162543	78.27026143411268	52.08438240761141	60.26648881510811	72.50649086914896	41.70133115758872	55.2012816589184	51.12122692512548	67.97468690650302
K01085	78.6775990683362	66.9591148501329	114.84320652028575	96.34594728014888	77.20464432067918	58.50807016646617	61.24623082485617	78.27026143411268	57.566948976833665	73.49571806720502	49.88035187452092	36.595045709720715	49.06780591903858	42.34894538176075	38.45714296447318
K01087	111.15917666535573	117.4155583349356	238.61330094235842	219.80222604605393	132.67761098072273	102.97420349298046	72.33152147188896	162.61046151005453	82.2384985383338	92.89858763694714	66.07861047294782	60.63713969343257	60.96303159638126	61.40597080355308	61.22781971975334
K01089	583.7059796323658	478.76715547233835	460.820429524676	512.3852650807918	745.4537323852245	714.0909963817196	666.5031001528465	776.6326756992977	713.8301673127374	1039.5234363425477	351.99073049597496	300.63255574322886	291.06130329247884	289.93902963155483	303.6090234037356
K01091	97.68533706955505	80.61649804902686	95.78309451376774	95.09470121157551	109.80216081163262	108.53247015879475	108.0815838085697	103.50842736592861	91.0106050490894	105.83383401677523	102.07474069167425	92.33866184894644	93.48903930786517	97.10008191103714	101.87769451992017
K01092	91.18902155015114	144.1612670994363	100.12590484436679	113.86339224017594	90.358028167906	180.20485611271582	169.32781463342587	125.87135920424653	213.54596787120678	185.50319240162545	154.78335994052367	191.48570429505023	185.11944960364553	181.19298774053348	174.06917341814173
K01093	19.72955083670816	22.762305331489937	42.463034343635066	38.997169137203116	24.877052058885514	15.797178944945866	20.784919963186482	25.877106841482153	24.123292904577916	19.696852442010943	12.084415144858161	12.978475513331183	11.709362776134206	15.427115817641415	14.33709277184307
K01095	76.75276484036468	69.42503126104431	60.55807738779774	55.888991062943504	67.19663487170224	60.555852622292484	52.932262839581576	61.65779778279081	59.485847276061456	55.26877998653817	45.50939320510414	51.27561637234123	61.520620300006705	57.776061199402164	54.98696757200989
K01096	42.346353015373616	47.61115531836646	48.25344811776712	50.67546577722116	46.608729719521136	45.928835080675945	44.06403032195534	51.4347432281312	42.76401923993358	42.92149935124773	39.595743240599084	40.637521689282885	38.10189474773829	38.56778954410354	39.97518808149185
K01118	54.61717121869211	44.00712364088055	49.21851708012247	46.29610453721439	42.31958281281673	46.513915782340604	45.17255938665862	41.8506295831378	46.60181583838916	50.56505403023705	108.24550587202735	74.46666278140843	100.92355535620435	76.07685545366306	84.335839834371
K01119	66.88798942201059	61.647910272785246	62.00568083133075	57.97440117723244	54.90108040581631	75.7679508655737	62.631892155735265	59.10203414412591	67.43556880143372	79.66935838485024	82.79109950307081	74.25390088774726	73.22998307614091	75.77436298665049	68.98671698451548
K01126	41.14333162289141	39.170133757938935	43.669370546579245	43.793612400067666	39.460151541680474	36.27500350320903	33.39443807418628	31.787310255894745	36.45906768532799	27.928372865537906	31.8822867651577	35.95676002873721	40.79690681526124	34.937879939952616	34.40902265242337
K01129	65.92557230802483	58.423250350824176	60.79934462838658	61.102516348665844	57.47456854983895	62.31109472728647	56.25785003369141	50.15686140879874	58.11520563375589	61.44242030418339	68.39264741558023	61.70094916173841	64.12270091692541	57.01983003187072	64.76992499279693
K01130	8.180545468878993	8.725550377071142	8.926887901786918	10.427050571444683	6.290748796499785	5.558266665814286	5.265513057340575	5.430997732162921	4.934309912300028	4.703725956301121	4.885189101112874	5.957333022512674	7.062790245922219	5.747356873238958	5.566165429068486
K01138	6.496315519403907	6.354476905040942	10.133224104731095	9.071533997156875	7.434521304954291	6.72842806914361	4.988380791164755	5.590732959579478	3.8377965984555775	5.585674573107582	4.113843453568736	3.0850474580869207	3.345532221752631	5.671733756485814	4.21679199171855
K01139	234.3485672555335	244.88446819127924	233.0641544088152	240.86486820037217	256.49098502092306	277.620792939882	255.51594941410582	268.99412296948117	281.5297933295627	275.16796844361556	349.9338087691906	329.78093517480875	359.2729880359908	342.11898019122435	344.42756988357115
K01141	89.26418732217961	89.72142018162283	72.38017217665069	85.08473266298861	79.4921893375882	92.44275086301654	85.07960571597667	92.00749099193655	89.91409173524497	92.01663902014069	94.87551464792897	96.59389972216978	99.622515047745	90.89898633727933	94.793483973833
K01142	91.18902155015114	95.98105414778257	70.20876701135117	79.0370433315507	87.49859689676974	107.36230875546542	99.21335129094348	94.24378417576834	101.97573818753392	116.41721741845275	100.01781896488988	112.76380364041847	114.86327294684031	119.78701693698041	110.479950183026
K01146	10.345983975346963	11.950210299032218	11.339560307675274	11.678296640018045	9.15018006763605	13.456856138287218	11.63955517938443	13.098288648157633	16.995956364588988	13.817194996634543	9.256147770529655	13.403999300653517	13.196265985802041	13.612161015565954	12.481704295486908
K01147	377.2675086824195	496.02857034871823	402.67502454276666	374.539656526293	432.3460081958034	686.8847437543128	636.2956831396822	521.3757822876404	692.1740293643095	729.6654889712114	619.1334397620947	614.4563488934501	611.1172191734805	580.7855366641475	558.977946422211
K01150	0.9624171139857639	2.655602288673826	1.6888706841218493	1.6683280914311494	0.5718862542272531	1.755242104993985	2.217058129406558	3.514175003164243	2.1930266276889014	2.0578801058817406	3.0853825901765517	2.553142723934003	2.6020806169187125	2.1174472690880375	2.53007519503113
K01151	59.429256788620926	62.02728202831008	74.31031010136137	74.03205905725726	68.62635050727039	60.555852622292484	57.08924683221887	83.06231825660939	61.40474557528924	67.61606062182862	64.02168874616345	70.2114249081851	64.86615252175933	60.04475470199649	60.72180468074712
K01153	102.49742263948386	89.53173430386042	96.02436175435658	93.84345514300215	91.78774380347414	88.34718595136391	79.81409265863608	73.15873415678288	93.47776000523943	77.02351253443086	161.21124033672484	137.23142141145266	152.40757899095317	145.34763039954314	147.4190480304805
K01154	39.69970595191276	27.504452275550342	40.050361937746715	32.115315760049626	31.1678008553853	36.86008420487369	39.352781796966404	23.640813657650362	49.343099123000286	41.15760211763481	59.13649964505058	44.679997668845054	45.90813659849443	43.10517654929219	44.36065175287914
K01157	20.691967950693925	21.24481830939061	17.612508562985	22.939511257178303	17.72847388104485	17.552421049939852	16.627935970549185	13.73722955782386	14.802929736900085	10.289400529408702	10.28460863392184	17.020951492893353	16.355935306346193	16.334593218679146	11.975689256480681
K01159	65.92557230802483	62.78602553935975	60.55807738779774	63.81354949724146	75.77492868511105	64.06633683228046	59.02917269544961	68.04720687945307	64.69428551682259	59.97250594283929	91.27590162605632	90.84932859331828	87.91315227161078	98.31005177908744	92.60075213813936
K01160	0.9624171139857639	0.3793717555248323	0.0	0.20854101142889367	0.0	0.0	0.0	0.319470454833113	0.2741283284611127	0.0	0.0	0.0	0.0	0.6049849340251535	0.0
K01169	77.95578623284688	72.8393770607678	79.37692215372692	86.54451974299087	82.63756373583809	67.2842806914361	77.31990226305372	84.97914098560805	86.07629513678938	80.84528987392552	98.73224288564965	92.33866184894644	95.34766831994996	96.3438507435057	96.64887245018916
K01175	38.97789311642344	36.98874616367115	31.123474035959795	28.57011856575843	42.60552593993037	43.88105262484963	38.24425273226313	46.6426864056345	44.408789210700256	50.56505403023705	51.423043169609194	48.722473648407224	44.607096290035074	44.3151464173425	38.11979960513569
K01176	79.88062046081842	75.77950816608526	97.592598818184	95.3032422230044	81.35081966382677	72.84254735725038	60.55340015941662	79.7078784808617	57.97814146952533	77.90546115123732	85.87648209324736	63.93494904518066	71.27842261345188	72.52256896626528	71.93847137871846
K01185	4.451179152184158	3.6988746163671147	5.307879292954383	4.58790225143566	4.146175343147586	3.071673683739474	4.711248524988935	3.673910230580799	2.878347448841683	2.4988544142849705	2.699709766404483	3.191428404917504	2.880874968731432	3.78115583765721	2.614411034865501
K01187	43.06816585086294	34.712515630522155	36.67262056950301	33.99218486290967	39.17420841456684	33.349599994885715	39.352781796966404	42.48957049280403	37.55558099917244	42.03955073444127	33.16786284439793	33.82914109212554	29.552201292148233	31.005477868789118	33.059649215073435
K01190	6.255711240907465	6.069948088397317	7.72055169884274	6.673312365724597	5.146976288045279	6.143347367478948	3.6027194602856567	5.111527277329808	3.8377965984555775	6.4676231899140415	3.3424978060245976	4.042475979562171	5.204161233837425	3.932402071163498	3.542105273043582
K01194	53.17354554771346	56.81092038984364	83.59909886403155	82.68651103155634	67.05366330814543	49.87812981691241	42.67836899107624	70.60297051811797	46.19062334569749	54.2398399335973	49.88035187452092	37.126950443873625	41.72622132130364	39.702136295400706	40.56553896033245
K01195	5.533898405418142	4.552461066297988	6.514215495898561	6.047689331437916	5.4329194151589055	2.047782455826316	5.542645323516395	3.19470454833113	4.386053255377803	4.409743084032301	1.799806510936322	3.191428404917504	3.159669320544151	2.1174472690880375	2.361403515362388
K01198	2.887251341957292	5.121518699585236	4.825344811776712	5.630607308580129	4.289146906704399	2.6328631574909775	3.8798517264614767	6.069938641829147	4.11192492691669	3.2338115949570208	2.57115215848046	2.553142723934003	2.787943518127192	3.1761709036320562	3.036090234037356
K01207	109.47494671588065	104.13754689156647	117.01461168558528	120.95378662875832	128.38846407401834	129.8879157695549	121.38393258500905	125.55188874941341	120.61646452288959	130.2344124150873	125.21511011799839	107.01923251156697	126.94436152539147	106.7798408554396	117.90150408845065
K01222	12.270818203318491	9.86366564364564	6.755482736487397	10.635591582873577	16.87064449970397	10.53145262996391	13.579481042615168	19.807168199653006	19.463111320739	15.875075102516284	9.256147770529655	8.29771385278551	8.177967653173097	9.37726647738988	7.084210546087164
K01223	64.08093950621878	55.13536180294229	56.215267057198695	59.156133575329505	73.77332679531567	72.55000700641806	73.53242795865084	73.26522430839391	63.87190053143925	82.11921565375707	54.508425759785744	57.58755255095585	55.32519025972405	56.3644296866768	54.59340031944949
K01226	3.609064177446615	7.208063354971814	15.682370638274316	15.432034845738132	9.436123194749678	11.701614033293234	5.819777589692215	18.84875683515367	6.579079883066704	6.173640317645222	6.684995612049195	7.872190065463177	5.761749937462864	5.293618172720094	6.409523827412196
K01241	228.81466885011537	229.89928384804838	225.34360270997246	223.3474232403451	261.0660750547411	286.9820841665166	228.6341195950513	275.70300252097655	246.98962394346253	290.16109492932543	292.5971156350763	246.16551096597013	254.44631175440838	227.9280738939766	235.12832145822634
K01243	261.5368507256314	235.77954605868328	224.37853374761713	236.6940479717943	229.8982741993558	218.2351017209188	226.69419373182058	246.95066158599636	251.10154887037922	238.42010941001308	240.65984203377104	276.37769986585585	271.91742446800544	231.7092297316338	242.04386032464475
K01246	40.90272734439497	43.05869425206846	45.11697399011226	36.49467700005639	41.17581030436223	41.54072981819098	39.075649530790585	37.05857276064111	40.02273595532245	48.801156796624134	34.710554139486206	29.573903218902203	39.58879795740613	34.484141239433754	33.56566425407966
K01247	15.158069545275783	12.708953810081882	8.926887901786918	13.763706754306982	17.442530753931223	14.04193683995188	15.519406905845907	12.77881819332452	13.158159766133409	11.759314890752803	11.313069497314023	11.70190415136418	10.594185368883329	11.948452446996782	9.27694238178081
K01250	26.94767919160139	22.572619453727523	24.850525780650067	23.773675302893878	20.87384827929474	19.015122804101505	21.0620522293623	14.056700012656972	18.640726335355662	17.638972336129203	29.825365038373334	35.10571245409255	35.12808832840262	33.8791563054086	32.384962496398465
K01252	1.9248342279715278	2.276230533148994	1.6888706841218493	2.29395112571783	2.2875450169090126	0.8776210524969925	1.3856613308790988	1.9168227289986781	2.1930266276889014	0.8819486168064602	121.3583818802777	130.21027892063415	69.6985879531798	76.68184038768821	83.99849647503352
K01255	260.0932250546527	293.2543670206954	286.8667490601255	262.1360513661193	299.09651096085344	337.29902450967745	321.1962964977751	306.05269573012225	312.2321661172073	337.4923373646054	371.53148690042644	346.1636009867186	339.571520507892	351.3450004351079	345.94561500058984
K01256	294.4996368796438	309.5673525082632	338.980473027314	323.86419074907184	331.69402745180685	377.0845122228745	338.3784970006759	359.08479123241904	311.409781131824	446.55998297633766	343.50592837298944	294.6752227207162	279.35194051634465	280.41051692065867	320.13884801127233
K01258	146.04679704733968	136.76351786670205	192.77252523047966	167.6669731888305	127.81657781979109	114.09073682460904	105.86452567916315	125.87135920424653	100.33096821676725	121.7089091192915	118.78722972179725	129.78475513331182	140.51235331361048	135.66787145514067	131.56391014161875
K01262	195.3706741391101	190.06524951794097	179.5028269980937	170.16946532597723	201.58990461510675	206.8260280384579	188.44994099955744	198.71062290619628	204.22560470352894	210.49173654447517	240.14561160207495	220.84684562029128	226.009287869511	218.09706871606787	208.30952439089637
K01265	161.4454708711119	172.6141487637987	196.3915338393122	195.61146872030227	171.27993314106234	186.93328418185942	183.7386924745685	195.51591835786516	199.29129479122892	223.72096579657207	376.67379121738736	418.9281686188377	419.8642938299551	393.3914533498561	387.27017651943163
K01270	492.2763538037183	479.90527073891286	448.03326577346775	442.5240262521124	491.82217863543775	487.6647648374955	448.6771389386522	486.55350271083114	465.74403005543047	574.7365152855432	451.49431902916876	496.5862598051636	500.7146558556437	456.76362518899094	486.61779584432065
K01271	153.50552968072935	143.97158122167386	153.68723225508828	152.23493834309238	191.86783829324344	221.45304558007444	202.86081884070006	213.40626382851949	213.54596787120678	213.13758239489457	230.3752333998492	170.4222768225947	187.90739312177274	172.11821373015619	187.22556443230363
K01284	183.0998559357916	172.8038346415611	231.1340164841045	209.16663446318034	204.449335886243	224.96352979006244	200.3666284451177	233.2134320281725	206.69275965967896	256.0590817461423	178.69507501439196	143.6142782212877	144.60133714019702	144.742645465518	156.02130369358636
K01297	49.323877091770406	50.83581524032753	48.01218087717829	41.29112026292095	50.32599037199828	54.41250525481354	48.775278846944275	56.546270505461	46.60181583838916	57.620642964688734	52.19438881715333	50.424568797696566	42.934330179158756	44.3151464173425	43.34862167486669
K01305	61.83529957358533	102.62005986946714	79.85945663490459	99.26552144015338	75.48898555799742	49.73185964149624	75.37997639982298	68.04720687945307	70.45098041450596	49.68310541343059	49.10900622697678	54.25428288359757	54.08610425166752	54.902382762782686	55.8303259703536
K01338	474.23103291648516	550.2787313887693	546.9528344148904	504.46070664649375	416.9050793316676	439.3956069501609	399.90186009170793	415.31159128304694	412.8372626624357	442.738205636843	774.6881453501626	689.7740592495032	703.3052181728863	710.4035587790365	750.5889745259019
K01354	51.72991987673481	60.50979500621075	90.23394798022451	84.04202760584414	51.75570600756642	42.12581051985564	46.2810884513619	52.07368413779742	47.150072495311385	49.389122541161775	47.566314931888506	46.594854711795556	40.889838265865485	49.91125705707517	50.938847259960085
K01355	1478.7538956391263	1245.667159265787	4256.6779257088265	2942.5136712616895	1503.4889623634488	1981.9608768890416	1829.9043535589378	1160.9556328635326	1559.241932286809	1730.0892033020061	1677.933898624348	1435.9300203192156	1473.7069436820336	1492.4978322400539	1602.0436134937115
K01356	71.45947071344297	63.73445492817183	67.55482736487397	57.97440117723244	71.48578177840665	60.555852622292484	79.25982812628445	66.44985460528751	58.11520563375589	63.50030041006514	72.24937565330092	74.0411389940861	82.89485393898184	81.9754585604083	72.19147889822158
K01358	309.1764978679267	313.5507559412739	277.6985939177498	283.6157755432954	278.79454893578594	296.6359157439835	286.27763095962183	280.1755888886401	284.81933327109607	303.9782899259599	355.0761130861515	356.80169566977696	355.18400420940424	342.2702264247306	333.12656734576547
K01407	148.93404838929698	141.12629305523762	114.84320652028575	123.03919674304726	113.80536459122338	152.41352278364437	139.39752988643733	136.09441375890614	160.63920047821205	160.51464825877576	110.55954281465978	126.167802941072	119.69570837826078	120.84574057152442	123.80501287685662
K01414	133.77597884402118	150.80027282112084	167.9219994498296	156.19721756024134	145.2591085737223	125.49981050706994	123.04672618206398	141.20594103623594	123.90600446442294	138.75991571088306	235.00330728511403	195.95370406193476	204.44919132932742	186.184113446241	209.6588978282463
K01419	47.88025142079176	59.37167973963626	75.51664630430555	64.02209050867036	51.46976288045279	40.95564911652632	46.83535298371354	60.699386418291475	52.08438240761141	45.86132807393593	81.76263863967863	71.91352005747443	72.85825727372395	73.20317701704357	80.96240624099616
K01420	0.0	0.0	0.0	0.0	0.0	0.0	0.0	0.0	0.0	0.0	0.0	0.0	0.0	0.0	0.0
K01423	224.7243961156759	207.8957220276081	185.77577525340342	211.66912660032708	246.76891869905975	259.48329118827746	269.92682725524844	276.02247297580965	240.41054406039584	257.8229789797552	247.0877224299722	192.76227565701723	191.06706244231688	202.972445365439	206.45413591454022
K01424	35.368828938976826	37.937175552483225	44.51380588864017	46.71318656007218	37.17260652477145	36.12873332779286	41.292707660197145	42.17010003797092	44.68291753916137	44.685396584860655	42.03833779115551	41.1694264234358	44.700027740639314	40.15587499591957	42.589599116357356
K01425	20.45136367219748	21.055132431628195	49.70105156130014	37.328841045771966	20.30196202506749	18.86885262868534	20.36922156392275	21.88372615606824	20.833752963044567	22.195706856295914	19.540756404451493	19.89323705731911	23.139931200455695	22.38444255893068	20.24060156024904
K01433	203.0700110509962	191.96210829556514	205.55968898168794	198.94812490316457	208.73848279294742	289.9074876748399	256.07021394645744	208.2947365511897	269.74227520573487	295.1588037578953	356.1045739495437	304.46226982912987	341.4301495199768	315.197150627105	329.4157903930531
K01438	304.1238080195014	105.08597628037855	159.960180510398	140.34810069164544	158.41249242094915	92.73529121384888	115.0098904629652	99.67478190793126	127.74380106287852	126.1186522033238	333.2213197390676	325.73845919524655	295.52201292148237	276.02437614897633	279.65764489077424
K01439	46.19602147131667	46.473040051791955	54.043861891899176	51.92671184579452	50.040047244884654	59.67823156979549	49.88380791164756	46.6426864056345	70.17685208604485	63.206317537796316	78.42014083365403	78.72190065463177	88.6566038764447	84.6978907635215	79.44436112397749
K01443	111.64038522234861	108.50032208010204	112.43053411439739	124.7075248344784	114.9491370996779	150.07319997698573	111.68430326885536	119.80142056241738	114.03738463982287	131.41034390416257	106.44569936109103	101.27466138271546	98.87906344291108	100.57874528168178	101.87769451992017
K01448	92.63264722112979	91.61827895924701	76.48171526666088	83.41640457155746	91.12054317354234	99.17117893216016	102.16942879681888	98.929350846654	101.4274815306117	100.4441480251802	121.3583818802777	112.40920048431651	111.26992352347638	111.21639703829072	116.21478729176324
K01460	284.1536529042968	224.96745102622555	238.85456818294725	229.39511257178305	256.49098502092306	280.253656097373	247.75624596118286	238.0054888506692	248.9085222426903	313.09175896629336	289.2546178290517	257.65465322367317	265.2263600245002	234.2804157012407	237.65839665325748
K01462	166.73876499803362	166.9235724309262	194.94393039577918	191.64918950315328	147.83259671774496	160.89719295778198	143.2773816128988	143.44223422006775	142.2726024713175	159.33871676970048	176.6381532876076	177.86894310073555	192.36810275077625	184.6716511111781	186.88822107296613
K01464	12.270818203318491	11.191466787982552	6.996749977076233	9.384345514300215	10.293952576090557	9.361291226634588	9.699629316153692	10.54252500949273	9.04623483921672	7.937537551258142	8.484802122985517	11.276380364041847	8.177967653173097	11.494713746477917	13.831077732836844
K01465	519.9458458308089	481.0433860054874	435.72863650343714	398.3133318291869	423.19582812816736	679.5712349835046	574.4951877824743	459.3985140500165	609.1131458405924	651.7600278199741	656.9293764917575	658.4980608813116	650.8918800320951	532.6892344091477	554.5924827508237
K01466	6.496315519403907	8.346178621546311	9.168155142375753	9.592886525729108	11.72366821165869	6.435887718311279	9.422497049977872	7.028350006328486	6.304951554605592	6.761606062182862	3.8567282377206897	5.744571128851507	7.8062418507561375	5.59611063973267	5.90350878840597
K01467	19.72955083670816	18.778901898479198	19.78391372828452	21.06264215431826	20.587905152181115	27.20625262740677	20.784919963186482	13.73722955782386	22.75265126227235	27.634389993269085	31.8822867651577	28.084569963274035	32.71187061269239	27.526814498144486	30.023558981036075
K01480	69.53463648547145	61.45822439502283	66.3484911619298	62.3537624172392	73.77332679531567	83.95908068887896	80.64548945716355	68.04720687945307	86.89868012217272	89.66477604199012	107.47416022448321	117.23180340730298	110.58842621904527	110.86348916010938	123.46766951751914
K01483	4.0902727344394965	5.500890455110069	4.825344811776712	3.128115171433405	3.7172606524771457	2.6328631574909775	3.6027194602856567	4.472586367663582	3.8377965984555775	4.703725956301121	3.0853825901765517	3.404190298578671	2.2303548145017538	5.59611063973267	3.7107769527123238
K01484	7.458732633389671	5.880262210634901	7.238017217665068	7.2989354000112785	9.436123194749678	11.701614033293234	8.591100251450413	8.306231825660939	6.853208211527817	8.819486168064602	6.170765180353103	6.382856809835008	9.850733764049412	5.59611063973267	6.409523827412196
K01485	269.71739619451034	226.6746239260873	224.86106822879478	201.65915805174018	195.87104207283423	374.15910871455117	303.73696372869847	184.0149819838731	315.5217060587407	281.6355916335296	549.4552162672743	550.2022570077777	571.5284212160743	494.27269109855047	535.3639112685871
K01486	10.586588253843404	7.39774923273423	9.409422382964589	8.133099445726852	8.578293813408798	8.483670174137595	8.036835719098773	11.820406828825181	7.949721525372268	7.055588934451682	9.770378202225748	11.06361847038068	8.921419258007015	11.948452446996782	11.638345897143198
K01487	18.045320887233075	15.554241976518124	18.095043044162672	16.891821925740388	21.159791406408367	21.355445610760153	17.459332769076646	15.01511137715631	24.123292904577916	22.930664036967965	19.0265259727554	20.425141791472026	17.099386911180112	15.88085451816028	20.0719298805803
K01488	33.68459898950174	31.867227464085914	25.33306026182774	25.65054440575392	34.02723212652157	41.24818946735865	41.292707660197145	47.92056822496695	46.60181583838916	42.33353360671009	39.33862802475104	45.53104524348972	42.748467277950276	41.592714214229304	41.66190487817927
K01489	98.40714990504436	73.59812057181746	64.90088771839677	76.11746917154619	88.35642627811062	57.92298946480151	80.92262172333938	70.9224409729511	72.64400704219486	79.66935838485024	28.025558527437013	25.318665345678866	27.135983576438	29.19052306671366	27.999498825011173
K01491	162.6484922635941	177.3562957078591	145.48414607506788	153.69472542309464	182.43171509849378	180.78993681438047	188.72707326573325	191.3628024450347	186.68139168201773	193.14674708061477	206.977748757677	194.2516089126454	207.60886064987156	192.23396278649253	189.92431130700348
K01494	93.3544600566191	91.61827895924701	73.58650837959486	73.40643602297057	87.78454002388337	105.31452629963911	95.05636729830618	96.16060690476702	101.7016098590728	89.95875891425894	93.84705378453678	85.31751935812794	89.95764418490405	88.32780036767242	87.5406017480771
K01495	522.3518886157734	452.4008184633625	407.50036935454335	403.7353981263381	430.0584631788944	648.2694174444451	510.7547665620358	441.8276390341953	579.7814146952534	646.1743532468665	773.4025692709223	744.0283421331008	683.2320248423705	635.5366731934238	622.2298262979892
K01497	117.4148879062632	111.91466787982553	107.122654821443	119.91108157161386	107.5146157947236	128.1326736645609	132.46922323204186	122.35718420108228	129.9368276905674	157.57481953608755	125.98645576554253	132.12513596358465	132.70611146285432	120.24075563749926	130.38320838393756
K01507	1439.5353982442064	1193.1241711255975	1394.5246506034698	1333.411227076346	1108.6015038195303	1193.5646313959098	1217.1649130442004	1160.6361624086996	1356.6610975540466	1272.3578711794532	1313.858752983515	1513.8008733992028	1458.8379115853554	1508.5299329917204	1452.9378486665435
K01512	23.098010735658335	21.05513243162819	21.47278441240637	28.778659577187327	25.16299518599914	15.212098243281204	22.72484582641722	29.071811389813284	16.44769970766676	15.581092230247464	16.455373814274942	17.659237173876857	19.143878824473386	20.418241523348932	20.24060156024904
K01515	61.83529957358533	58.423250350824176	53.32006017013267	63.60500848581257	66.91069174458862	64.94395788477745	68.17453747925165	66.76932506012062	62.775387217594805	60.56047168737693	68.39264741558023	51.4883782660024	59.66199128792191	61.85970950407195	59.54110292306593
K01519	32.72218187551597	39.07529081905773	24.609258540061234	33.57510284005188	34.59911838074882	42.41835087068797	36.30432686903239	31.9470454833113	35.91081102840576	35.27794467225841	48.337660579432644	56.5946637138704	52.22747523958273	53.994905361744955	52.625564056647505
K01520	80.12122473931485	90.29047781491009	73.34524113900602	75.28330512583061	91.78774380347414	112.33549471961504	119.99827125412996	101.59160463692994	127.74380106287852	121.41492624702269	118.27299929010115	111.48723227845147	126.01504701934907	114.19090629724774	114.52807049507581
K01521	10.105379696850521	14.79549846546846	12.545896510619452	14.389329788593663	13.725270101454077	11.701614033293234	12.193819711736069	9.264643190160278	11.513389795366733	14.993126485709823	21.85479334708391	25.1059034520177	19.515604626890344	22.38444255893068	22.77067675528017
K01524	100.81319269000878	90.38532075379129	92.52598676581846	86.02316721441863	105.79895703204184	99.024908756744	95.333499564482	101.43186940951338	96.90436411100333	110.24357710080753	121.61549709612575	112.87018458724904	109.38031736119015	110.93911227686253	108.28721834733236
K01525	34.6470161034875	31.10848395303625	32.57107747949281	44.21069442292546	46.32278659240751	24.86592982074812	39.075649530790585	40.25327730897224	35.63668269994465	36.45387616133369	29.825365038373334	27.871808069612868	29.923927094565194	28.434291899182217	29.34887226236111
K01529	32.72218187551597	28.832253419887255	31.36474127654863	26.067626428611707	29.166198965589913	28.668954381568422	32.42447514257091	37.37804321547422	27.68696117457238	31.162184460494927	29.825365038373334	34.041902985786706	28.994612588522795	29.19052306671366	30.698245699711045
K01531	383.52321992332696	425.4654238210994	292.89843007484643	360.9844907834149	745.7396755123382	999.6103787940746	813.383201226031	706.668646090846	743.9842834434598	1019.2386181559992	191.55083580679425	208.29389389428243	190.13774793627448	196.16636485765605	197.68320857176562
K01534	64.24134235854974	41.351521352206724	46.80584467423411	48.38151465150333	52.613535388907295	55.58266665814286	48.22101431459264	55.26838868612855	47.97245748069472	69.96792359997917	32.910747628549885	32.97809351748087	29.923927094565194	39.92900564566013	37.61378456612947
K01545	0.0	0.0	0.0	0.0	0.0	0.0	0.0	0.319470454833113	0.0	0.0	0.0	0.0	0.0	0.15124623350628838	0.168671679668742
K01546	2.165438506467969	2.276230533148994	1.6888706841218493	3.753738205720086	1.7156587626817597	1.1701614033293235	1.6627935970549186	1.277881819332452	1.0965133138444507	1.4699143613441004	1.799806510936322	2.3403808302728364	2.044491913293274	1.5124623350628839	2.53007519503113
K01547	6.255711240907465	6.069948088397317	4.825344811776712	8.133099445726852	4.861033160931652	5.850807016646617	7.205438920571313	6.708879551495373	6.853208211527817	6.4676231899140415	3.8567282377206897	4.680761660545673	4.832435431420466	5.293618172720094	4.722807030724776
K01548	5.052689848425261	9.104922132595975	7.238017217665068	7.92455843429796	3.4313175253635193	5.265726314981955	6.096909855868034	6.069938641829147	6.030823226144479	4.703725956301121	5.14230431696092	5.744571128851507	3.9031209253780688	5.747356873238958	5.397493749399744
K01577	7.21812835489323	10.622409154695305	6.996749977076233	7.507476411440172	13.43932697434045	10.23891227913158	9.699629316153692	14.376170467490086	7.401464868450042	9.113469040333422	8.741917338833563	8.29771385278551	7.620378949547658	10.28474387842761	7.927568944430874
K01579	255.2811394847239	286.04630366572354	186.74084421575876	222.93034121748732	231.89987608915118	334.37362100135414	325.0761482242366	266.75782978564934	315.5217060587407	294.86482088562656	326.5363241270184	413.1835974899862	418.37739062028726	377.20810636468326	354.88521402303314
K01580	222.67925974845613	175.74396574687856	2544.4043192498602	1543.9333781138143	219.31837849615158	162.06735436111128	87.98949451082278	274.5848559290606	131.5815976613341	202.84818186548586	12.212972752782184	9.893428055244263	10.31539101707061	10.360366995180755	11.80701757681194
K01581	64.12104021930153	57.854192717536925	39.929728317452295	43.68934189435323	61.19182920231609	73.57389823433121	74.41001346820761	56.06706482321133	87.85812927178661	102.01205667728055	51.55160077753322	61.27542537441607	50.46177767810217	58.83478483394618	54.22794501350055
K01582	41.86514445838073	46.757568868435584	53.19942654983825	53.490769431511225	43.17741219415761	38.469056134451506	34.641533271977465	47.92056822496695	33.71778440071686	42.4805250428445	34.196323707790114	31.38237931502212	36.243265735653495	34.25727188917432	32.13195497689535
K01584	12.270818203318491	12.139896176794634	8.926887901786918	13.555165742878089	11.151781957431437	6.728428069143609	10.808158380856971	9.903584099826503	11.513389795366733	9.407451912602243	7.970571691289425	11.489142257703014	8.549693455590056	7.864804142326996	8.264912303768359
K01585	484.57701689183216	459.79856769609677	411.36064520396474	404.7781031834826	509.5506525164826	616.0899788528887	570.338203789837	467.0658049660112	635.7035937013203	714.6723624855016	556.9115575268676	557.8616851795797	544.3924376396363	563.9972047449494	505.5090239672198
K01586	68.33161509298924	155.35273388741882	66.3484911619298	65.06479556581482	60.61994294808884	330.8631367913662	192.60692499219473	203.8221501835261	171.33020528819543	241.06595526043245	110.55954281465978	89.35999533769011	89.21419258007015	103.14993125128868	94.45614061449552
K01588	77.71518195435044	95.03262475897048	75.99918078548322	77.99433827440623	74.0592699224293	68.45444209476543	110.02150967180044	98.71637054343192	98.41206991753945	75.55359817308675	92.56147770529655	124.46570779178265	118.02294226738447	123.7194190081439	111.99799530004469
K01589	136.42262590748203	148.90341404349667	115.08447376087459	137.21998552021202	136.3948716331999	154.16876488863835	165.7250951731402	161.01310923588895	186.95552001047886	175.50777474448557	236.28888336435426	201.27275140346393	201.47538490999173	211.2909882082849	200.88797048547173
K01591	73.86551349840738	102.99943162499197	53.07879292954384	51.50962982293674	59.190227312520705	104.4369052471421	106.41879021151479	78.27026143411268	112.94087132597842	124.06077209744207	136.78529483116046	130.84856460161765	130.4757566483526	113.88841383023515	120.0942359241443
K01595	1081.7568361199988	924.1495964584915	1356.163159349845	1203.2816359447165	1121.7548876667572	995.5148138824219	1056.9824631945767	1099.936775990408	977.815747620789	1188.5727525828395	1062.657187099974	924.4504279577703	882.4770549378605	862.708515919869	884.3456165032143
K01599	90.22660443616537	90.10079193714768	82.51339628138177	88.6299298572798	86.06888126120161	87.46956489886692	92.00791237037215	92.96590235643589	96.76729994677278	92.3106218924095	90.24744076266414	110.6361847038068	93.48903930786517	97.85631307856859	94.28746893482678
K01608	6.736919797900348	7.208063354971814	7.238017217665068	10.427050571444683	7.720464432067918	9.068750875802257	3.8798517264614767	10.223054554659615	9.320363167677831	8.231520423526963	3.599613021872644	4.042475979562171	4.832435431420466	5.444864406226382	5.734837108737228
K01610	267.3113534095459	273.33734985564166	184.3281718098704	190.8150254574377	296.5230228168308	295.75829469148647	352.7893748418185	244.07542749249833	279.0626383734127	350.7215666167023	177.66661415099978	179.14551446270255	177.3132077528894	157.44732908004622	162.43082752099855
K01611	194.16765274662788	209.79258080523226	272.63198186538426	268.39228170898616	258.49258691071844	407.21616835860453	314.54512210955545	296.788052539962	316.8923477010463	389.8212886284554	402.89954323388804	433.82150117511935	489.3770188819264	434.6816750970728	432.9802017096607
K01613	121.5051606407027	127.08953810081881	124.49389614383918	137.21998552021202	143.82939293815417	145.9776350653331	146.32583654083282	157.4989342327247	136.79003590209524	147.28541900667886	156.84028166730806	154.4651347980072	131.405071154395	135.97036392215327	140.33483748439335
K01619	43.789978686352256	44.576181274167794	47.04711191482294	43.37653037720988	48.038445355089266	38.03024560820301	42.67836899107624	57.82415232479345	38.65209431301689	51.74098551931233	44.73804755756	34.89295056043138	41.81915277190788	39.77775941215385	39.13182968314814
K01620	131.85114461604965	120.64021825689667	120.63362029441781	133.67478832592084	142.9715635568133	123.74456840207596	141.06032348349225	134.17759102990746	135.9676509167119	133.17424113777548	90.24744076266414	93.40247131725228	85.68279745710903	98.15880554558116	104.91378475395753
K01624	2268.6577419429423	2268.8327839162594	2316.165509652822	2280.187418963523	2931.7748822960134	2767.1391785230176	2737.235393018572	2840.0923434663746	2709.210270181177	3615.9893289064867	1783.351137122047	1659.9682943444243	1669.9781673581879	1527.2844659465002	1646.9102802855969
K01625	249.9878453578022	250.3853586463893	194.94393039577918	191.44064849172437	267.35682385124085	242.51595084000226	287.6632922905009	253.65954113749174	290.0277715118572	306.6241357763793	189.75102929585793	194.2516089126454	187.90739312177274	179.07554047144544	193.9724316190533
K01626	390.9017511305512	381.0789284246941	336.4873782078961	327.8959836366971	312.6311523108984	500.5365402741181	408.3082054990411	357.0614783518093	465.6526539459434	535.1468218200089	530.7715105823163	585.9462551428537	578.5292571615937	537.1762060031675	522.9384308663231
K01627	255.76234804171676	249.62661513533965	214.0040424022972	246.28693449752342	267.6427669783545	277.03571223821734	272.6981499170066	263.2436547824851	272.75768681880714	299.86252971419646	273.82770487816896	269.99484305602084	246.2683441012353	253.33744112303305	240.35714352795733
K01628	3.8496684559430556	3.604031677485907	3.619008608832534	3.3366561828622987	3.1453743982498925	2.6328631574909775	4.156983992637296	2.555763638664904	2.741283284611127	2.6458458504193807	1.5426912950882758	1.4893332556281684	2.044491913293274	2.1174472690880375	2.361403515362388
K01629	2.165438506467969	1.327801144336913	3.619008608832534	2.502492137146724	2.859431271136266	1.755242104993985	2.217058129406558	5.750468186996034	1.3706416423055634	1.4699143613441004	2.056921726784368	1.2765713619670016	1.4869032096678356	1.5124623350628839	1.8553884763561619
K01630	0.48120855699288195	1.327801144336913	2.1714051652995203	1.6683280914311494	2.5734881440226394	0.8776210524969925	2.217058129406558	1.597352274165565	2.741283284611127	3.821777339494661	1.799806510936322	1.4893332556281684	1.6727661108763152	1.8149548020754607	2.192731835693646
K01631	0.721812835489323	0.7587435110496646	0.4825344811776712	1.0427050571444683	1.1437725084545063	1.4627017541616543	1.108529064703279	1.277881819332452	0.2741283284611127	1.7638972336129204	1.5426912950882758	0.42552378732233387	0.9293145060423973	0.9074774010377303	0.84335839834371
K01633	11.549005367829167	15.933613732042957	12.06336202944178	11.678296640018045	14.583099482794957	20.18528420743083	21.0620522293623	19.487697744819894	16.995956364588988	17.932955208398024	15.684028166730805	16.169903918248686	16.72766110876315	18.300794254260893	16.192481248199233
K01637	459.7947762066987	534.3451176567263	502.0771276653669	512.8023471036495	585.3255812015936	582.1552981563384	550.6618128913539	586.8672255284285	485.48126970463056	586.7898130485648	1515.951312640079	1428.2705921474137	1270.7446555623742	1264.8722508130897	1301.639352003682
K01638	508.7577468807244	562.418627565564	568.9081533084743	568.1699856380208	545.7224580963564	671.5263753356154	574.6337539155622	608.9106869119134	545.5153736376143	675.719631909883	1441.1307848282977	1260.1886961550917	1162.2936527072263	1104.3243739461648	1176.3162940098068
K01639	7.9399411903825525	7.208063354971814	7.238017217665068	7.090394388582385	10.293952576090557	4.680645613317294	5.265513057340575	7.028350006328486	4.11192492691669	8.819486168064602	6.684995612049195	5.957333022512674	8.735556356798535	5.444864406226382	6.072180468074712
K01643	0.721812835489323	1.138115266574497	0.9650689623553425	1.876869102860043	1.1437725084545063	0.2925403508323309	1.108529064703279	1.277881819332452	1.0965133138444507	0.8819486168064602	0.7713456475441379	1.2765713619670016	0.7434516048339178	1.3612161015565956	1.8553884763561619
K01644	0.9624171139857639	2.086544655386578	0.9650689623553425	1.4597870800022557	2.5734881440226394	2.9254035083233085	2.4941903955823777	0.9584113644993391	3.0154116130722395	1.1759314890752803	1.5426912950882758	1.2765713619670016	1.4869032096678356	0.7562311675314419	1.68671679668742
K01646	0.48120855699288195	0.18968587776241616	0.2412672405888356	0.20854101142889367	0.28594312711362657	0.2925403508323309	0.0	0.319470454833113	0.5482566569222254	0.0	0.514230431696092	0.42552378732233387	0.18586290120847945	0.15124623350628838	0.337343359337484
K01647	694.8651562977216	718.34041908627	783.635997432538	708.4138158239517	795.4937796301092	939.932147224279	740.7745474879662	826.1505961984302	683.1277945250928	844.6127920283201	1349.5977679863934	1090.1919431198194	1152.3499874925726	1081.864308270481	1178.6776975251692
K01649	255.52174376322034	264.0427418452833	196.87406832048987	232.52322774321644	283.9415252238312	346.66031573631204	260.7814624714464	264.8410070566507	301.8152896356851	360.71698427384223	889.104416402543	711.6885342966034	699.9596859511337	679.5493271437538	671.9879718002682
K01652	172.51326768194818	157.5341214816866	153.0840641536162	149.73244620594565	194.72726956437972	166.3091894481801	174.45476155767852	187.3694217596208	174.61974522972878	208.1398735663246	334.7640110341559	300.20703195590653	289.8531944346237	278.82243146884264	284.5491236011677
K01653	67.36919797900347	53.206888712357724	48.97724983953363	50.25838375436337	57.760511676952575	61.87228420103797	59.30630496162543	51.594478455547744	61.40474557528924	69.67394072771036	95.13262986377701	83.08351947468569	90.05057563550831	90.89898633727933	91.08270702112068
K01657	129.6857061095817	109.06937971338928	127.87163751208287	120.32816359447165	118.95234087926866	85.71432279387294	145.7715720084812	112.13412964642266	141.17608915747303	167.86422006549626	277.9415483317377	217.22989342805144	218.2030460187549	216.2821139139924	201.5626572041467
K01659	1.443625670978646	3.0349740441986586	1.4476034435330136	1.4597870800022557	1.429715635568133	1.755242104993985	0.27713226617581976	0.638940909666226	1.9188982992277888	1.7638972336129204	1.5426912950882758	0.8510475746446677	1.4869032096678356	0.30249246701257676	0.506015039006226
K01661	75.79034772637891	78.34026751587787	83.9609997249148	80.28828940012406	93.78934569326952	83.66654033804663	76.76563773070207	83.7012591662756	74.01464868450043	89.3707931697213	81.76263863967863	83.40266231517744	81.40795072931401	86.51284556559696	75.9022558509339
K01662	142.91894142688594	139.7984919109007	132.6969823238596	132.84062428020528	127.53063469267747	159.14195085278797	146.88010107318448	136.73335466857236	153.78599226668422	155.5169394302058	172.2671946181908	174.03922901483455	170.25041750696718	181.0417415070272	162.93684256000478
K01664	10.827192532339845	15.174870220993292	16.888706841218493	17.308903948598175	14.29715635568133	15.212098243281204	20.784919963186482	14.695640922323198	16.721828036127874	19.108886697473306	17.998065109363218	13.82952308797585	13.753854689427481	14.06589971608482	18.047869724555394
K01665	50.526898484252605	53.49141752900135	51.14865500483315	52.13525285722341	50.32599037199828	64.65141753394512	58.47490816309797	54.62944777646233	58.93759061913923	60.26648881510811	58.622269213354485	52.552187734308234	60.21957999154735	53.087427960707224	54.81829589234115
K01666	3.1278556204537327	3.4143457997234905	3.3777413682436985	4.58790225143566	3.1453743982498925	3.51048420998797	2.4941903955823777	2.875234093498017	1.644769970766676	1.4699143613441004	3.599613021872644	5.106285447868006	3.159669320544151	3.0249246701257677	5.566165429068486
K01667	5.293294126921702	4.362775188535571	3.619008608832534	4.379361240006767	2.5734881440226394	2.6328631574909775	3.6027194602856567	2.875234093498017	3.0154116130722395	3.821777339494661	2.3140369426324137	2.978666511256337	2.9738064193356712	3.3274171371383443	2.361403515362388
K01669	19.007738001218836	21.813875942677857	28.710801630071437	22.313888222891624	20.87384827929474	21.940526312424815	23.27911035876886	25.55763638664904	20.011367977661227	17.932955208398024	20.054986836147588	21.48895125977786	18.400427219639468	17.99830178724832	20.746616599255265
K01671	3.8496684559430556	3.604031677485907	3.136474127654863	4.796443262864554	6.004805669386158	4.388105262484963	2.217058129406558	5.750468186996034	4.934309912300028	3.527794467225841	3.8567282377206897	2.76590461759517	2.9738064193356712	2.419939736100614	3.37343359337484
K01673	394.83162101265964	391.03743700722094	337.89477044466423	385.48805962630996	342.8458094092383	454.31516484260976	395.46774383289477	405.4080071832204	388.5769055936272	451.8516746771765	668.2424459890715	751.900532198564	703.8628068765117	692.1027645247757	728.8303278486342
K01675	30.797347647544445	24.27979235358927	41.9804998624574	38.37154610291643	26.02082456734002	21.06290525992782	19.676390898483202	25.877106841482153	15.625314722283424	12.641263507559263	22.111908562931955	22.978284515406028	27.32184647764648	28.283045665675928	28.168170504679914
K01676	46.55692788906133	58.518093289705384	44.755073129229004	48.277244145788885	48.18141691864608	77.23065261973534	52.655130573405756	59.58123982637557	53.18089572145586	64.82322333527483	123.5438612149861	117.23180340730298	128.1524703832466	118.72829330243638	123.13032615818166
K01679	18.045320887233075	25.03853586463893	15.44110339768548	23.35659328003609	22.017620787749248	55.58266665814286	35.47293007050493	22.36293183831791	27.138704517650154	31.162184460494927	95.38974507962506	76.80704361168127	86.79797486435992	69.87575987990523	89.73333358377074
K01682	512.4871131974193	614.3925580724659	492.42643804181347	531.7795791436788	632.7921403024557	1164.8956770143413	783.1757842128667	676.6384233365334	763.7215230926599	909.2890239274604	1555.28994066483	1397.6328794602057	1488.0183870750866	1346.3939706729793	1340.4338383274926
K01684	6.015106962411025	3.4143457997234905	7.479284458253904	5.422066297151235	10.008009448976932	3.803024560820301	4.434116258813116	4.472586367663582	5.482566569222254	6.173640317645222	6.942110827897242	5.319047341529173	6.691064443505261	5.444864406226382	6.578195507080938
K01685	9.624171139857639	9.484293888120808	6.272948255309726	7.92455843429796	12.867440720113198	9.946371928299248	8.313967985274592	8.625702280494052	8.497978182294494	12.053297763021623	15.684028166730805	11.70190415136418	13.753854689427481	13.914653482578531	15.517794529524263
K01686	5.533898405418142	8.156492743783895	7.479284458253904	10.21850956001579	9.722066321863304	8.483670174137595	12.47095197791189	7.347820461161599	13.158159766133409	9.701434784871063	15.169797735034713	11.914666045025347	15.240757899095316	14.670884650109974	13.999749412505587
K01687	82.52726752427925	100.53351521408057	101.5735082878998	108.02424392016692	119.52422713349591	129.8879157695549	122.76959391588815	124.91294783974719	108.55481807060062	170.51006591591565	215.20543566481447	172.9754195465287	172.8524981238859	173.1769373647002	175.58721853516042
K01689	10489.143521052345	7952.201053433772	9360.445133125055	8987.283428539602	10725.154811777906	8611.21776710049	9564.943034792243	10479.269859435773	9771.304267996362	12508.677232166025	3965.2308588085652	3942.0523657541007	3929.513457349673	3646.8491823036256	3960.7483819813997
K01690	133.2947702870283	129.1760827562054	115.32574100146343	116.36588437732266	158.69843554806278	173.18388769273986	173.20766635988736	175.70875015821215	171.33020528819543	149.3432991125606	144.49875130660183	128.93370755866715	122.66951479759645	129.1642834143703	139.49147908604962
K01692	2.165438506467969	0.9484293888120807	1.206336202944178	0.8341640457155747	1.429715635568133	1.1701614033293235	2.7713226617581976	1.597352274165565	1.3706416423055634	0.5879657445376402	0.0	1.0638094683058346	0.3717258024169589	0.7562311675314419	1.518045117018678
K01695	215.58143353281113	163.50922663120272	170.81720633689562	158.2826276745303	181.57388571715288	218.2351017209188	192.05266045984308	174.4308683388797	192.98634323662333	278.98974578311027	273.31347444647287	258.29293890465664	238.8338280528961	267.1008483721053	239.3451134499449
K01696	224.243187558683	168.25137357526313	191.08365454635782	175.80007263455735	180.716056335812	223.50082803590078	206.1864060348099	191.3628024450347	191.8898299227789	288.6911805679813	289.51173304489976	268.0799860130703	254.63217465561686	301.584989611539	287.07919879619885
K01698	276.45431599241067	301.03148800895445	172.02354253983978	235.23426089179205	360.00239703605587	361.87241397959326	360.5490782947415	352.37591168092365	339.3708706348575	376.88604224862735	375.9024455698432	383.609694271084	376.18651204596244	336.5228695514917	378.49924917665703
K01703	262.98047639661	252.85127505730074	217.3817837705409	242.7417373032322	296.2370796897172	272.3550666249	287.3861600243251	278.5782366144745	262.0666820088237	331.90666279149787	789.3437126535011	681.6891072903788	690.1089521870842	693.1614881593197	697.2887237505794
K01704	289.9281555882114	232.74457201448462	217.14051652995207	210.6264215431826	281.3680370798086	212.96937540593686	241.65933610531482	233.5329024830056	248.9085222426903	291.04304354613186	647.1589982895317	553.180923519034	561.6776874520249	553.2587221660029	551.8937358761239
K01706	47.63964714229532	49.69769997375303	23.64418957770589	37.328841045771966	66.91069174458862	65.52903858644211	59.58343722780125	56.546270505461	57.292820648372555	75.55359817308675	53.222849680545515	41.48856926392755	44.792959191243554	43.71016148331734	51.950877337972535
K01708	11.549005367829167	8.156492743783895	9.168155142375753	9.592886525729108	7.434521304954291	6.728428069143609	6.928306654395494	5.430997732162921	7.675593196911155	4.997708828569941	3.8567282377206897	6.382856809835008	5.761749937462864	4.0836483046697865	4.891478710393518
K01710	127.15936118536906	115.32901367954902	131.49064612091541	131.7979192230608	99.65117979909887	132.0819684007974	113.06996459973446	102.23054554659616	121.02765701558125	138.46593283861426	128.0433774923269	137.7633261456056	152.87223624397436	150.86811792252266	142.94924851925884
K01711	9.3835668613612	6.259633966159733	6.996749977076233	5.2135252857223415	6.004805669386158	6.143347367478948	5.265513057340575	6.38940909666226	5.756694897683366	5.8796574453764014	2.3140369426324137	5.106285447868006	2.6020806169187125	5.142371939213805	5.397493749399744
K01714	703.0457017666006	673.7642378121021	589.4158687585254	601.4322769609294	709.4248983689076	760.3123718132279	755.7396898614605	702.5155301780155	748.6444650272988	810.8047617174058	789.6008278693492	717.4331054254549	727.2815324287801	698.9088450325586	705.8909794136853
K01716	161.20486659261547	198.4114281394873	232.3403526870487	223.3474232403451	193.58349705592522	162.3598947119436	159.62818531727217	208.9336774608559	203.4032197181456	175.21379187221677	224.2044682194961	287.2285564425754	268.38602934504434	273.90692887988826	277.46491305508056
K01719	62.07590385208177	50.64612936256511	52.11372396718849	52.96941690293899	59.47617043963433	64.94395788477745	57.64351136457051	54.94891823129544	64.42015718836149	48.21319105208649	57.5938083499623	55.105330458242236	63.750975114508456	57.92730743290845	56.67368436869731
K01720	0.9624171139857639	0.7587435110496646	1.206336202944178	1.251246068573362	0.0	1.4627017541616543	1.108529064703279	1.277881819332452	0.2741283284611127	1.4699143613441004	0.7713456475441379	0.21276189366116693	1.4869032096678356	1.209969868050307	0.84335839834371
K01725	6.015106962411025	3.604031677485907	4.584077571187876	2.9195741600045113	5.4329194151589055	2.9254035083233085	4.988380791164755	3.19470454833113	4.11192492691669	3.821777339494661	3.3424978060245976	3.404190298578671	2.787943518127192	3.1761709036320562	2.024060156024904
K01733	870.0250710431307	800.6640900351586	690.0243080840698	773.8956934126244	797.7813246470182	811.2143928580534	796.2010007231302	868.001225781568	749.4668500126821	1014.5348921996981	1454.757891268244	1492.524684033086	1419.4349765291577	1407.4974490095196	1359.9997531690667
K01734	270.67981330849614	174.13163578589803	203.1470165757996	214.38015974890268	200.16018897953862	140.1268280486865	168.2192855687226	185.93180471287178	169.13717866050652	187.85505537977602	126.24357098139058	197.44303731756293	176.94148195047245	176.50435450183855	161.0814540836486
K01735	270.67981330849614	269.1642605448685	252.1242664153332	248.99796764609903	289.6603877661037	294.29559293732484	292.097408549314	301.8995798172918	333.8883040656353	317.7954849225945	369.4745651736421	284.8881756123025	315.0376175483727	327.14560307410176	316.0907276992225
K01736	134.73839595800695	138.09131901103896	130.7668443991489	140.55664170307432	151.5498573702221	176.4018315518955	168.4964178348984	158.13787514239095	163.9287404197454	157.28083666381875	159.15431860994047	201.05998950980276	168.57765139609089	174.5381534662568	179.97268220654772
K01737	44.75239580033802	66.57974309460806	28.469534389482604	30.23844665718958	46.036843465293884	71.67238595392107	79.53696039246027	53.67103641196299	80.31960023910602	74.96563242854911	73.2778365166931	86.59409072009494	97.02043443082628	83.3366746619649	89.564661904102
K01738	1979.2107949117235	2889.484975954885	2400.6090438589144	2422.829470780887	2867.151735568334	4367.334897575867	4207.14493281512	3324.090082538541	4028.864043392973	4866.00450179351	3443.54408585288	3411.849726750473	3166.1745220864477	3083.305716259195	3081.6315875479163
K01739	82.7678718027757	93.70482361463358	62.970749793686096	57.34877814294576	90.07208504079237	661.4337332319001	278.240795240523	89.77119780810476	364.0424201963576	572.0906694351239	222.4046617085598	160.8479916078422	160.95727244654321	161.98471608523485	189.92431130700348
K01744	115.73065795678812	94.08419537015841	110.74166343027555	114.48901527446262	99.79415136265568	75.47541051474136	94.22497049977872	103.50842736592861	92.10711836293386	82.60918710753845	78.93437126535012	87.65790018840077	93.86076511028213	86.21035309858438	84.16716815470225
K01749	77.23397339735756	72.08063354971814	82.03086180020411	66.52458264581708	76.63275806645193	83.37399998721429	81.75401852186683	89.13225689843853	77.03006029757266	91.72265614787186	79.9628321287423	81.0622814849046	79.73518461843769	74.56439311860018	73.37218065590277
K01751	4.571481291432379	6.828691599446981	3.86027584942137	5.839148320009023	3.1453743982498925	4.388105262484963	4.711248524988936	4.792056822496695	4.660181583838916	2.6458458504193807	4.885189101112874	5.53180923519034	5.9476128386713425	4.234894538176075	5.2288220697310015
K01752	19.80975226287364	31.740770212244303	26.61981887830153	26.69324946289839	29.261513341294457	23.98830876825113	23.463865202886073	27.580949267258756	23.20953180970754	21.068772512598773	22.797549138526744	17.871999067538024	19.01997022366773	20.56948775685522	18.104093617778307
K01753	25.263449242126303	23.14167708701477	22.920387855939385	21.06264215431826	22.303563914862874	20.47782455826316	23.00197809259304	20.765579564152347	23.30090791919458	29.986252971419646	21.340562915387817	20.21237989781086	22.861136848642975	24.19939736100614	19.903258200911555
K01754	23.098010735658335	26.461179947857055	30.27903869389887	30.23844665718958	25.448938313112766	27.79133332907143	26.881829819054516	28.113400025313947	22.615587098041797	36.15989328906487	45.380835597180116	47.233140392779056	44.04950758640963	51.953081209410065	45.794361030063456
K01755	514.1713431468944	296.289341064894	384.8212487391928	341.79871773195674	337.9847762483066	119.06392278875866	309.00247678603904	199.98850472552874	185.8590066966344	152.57711070751762	297.22518952034113	313.61103125656007	294.59269841543994	320.0370300993062	298.8862163730108
K01756	303.16139090551565	311.65389716364973	287.34928354130324	277.9851682347153	347.70684257016995	419.50286309356244	381.05686599175215	358.4458503227528	425.17303744318576	503.8866430687576	538.1421467699603	502.118069040354	502.015696164103	462.3597358287236	473.6300765098275
K01759	167.21997355502648	124.05456405662017	153.68723225508828	156.82284059452803	158.1265492938355	134.5685613828722	149.09715920259103	156.54052286822537	156.80140387975646	142.58169305037774	177.40949893515173	174.67751469581805	174.33940133355372	173.1769373647002	171.5390982231106
K01760	198.9797383165567	152.31775984322016	191.32492178694665	167.6669731888305	198.7304733439705	337.29902450967745	262.1671238023255	191.6822728998678	284.545204942635	349.25165225535824	226.77562037797657	184.46456180423172	164.48866756950432	165.91711815639835	187.9002511509786
K01766	43.06816585086294	47.61115531836646	42.463034343635066	43.16798936578099	40.889867177248604	43.295971923184965	50.16094017782338	51.4347432281312	48.52071413761695	44.39141371259183	51.16592795376115	52.552187734308234	44.97882209245203	50.06250329058145	49.589473822610145
K01770	42.58695729387006	41.351521352206724	37.39642229126952	38.37154610291643	40.31798092302135	47.391536834837595	48.22101431459264	41.8506295831378	49.06897079453917	48.507173924355314	48.59477579528069	55.105330458242236	53.156789745625126	51.12122692512548	53.637594134659956
K01772	20.691967950693925	14.985184343230875	24.12672405888356	20.645560131460474	15.726871991249462	14.627017541616542	13.302348776439349	16.612463651321878	14.25467307997786	10.583383401677523	22.626138994628047	28.51009375059637	28.0652980824804	30.400492934763964	29.854887301367334
K01774	50.76750276274905	42.48963661878122	47.770913636589455	42.54236633149431	40.31798092302135	42.41835087068797	41.569839926372964	44.08692276696959	38.926222641478	42.03955073444127	39.33862802475104	45.10552145616739	40.703975364657005	34.78663370644633	34.57769433209211
K01775	94.67778358834953	118.6485165403913	116.29080996381876	119.91108157161386	127.81657781979109	170.5510245352489	138.42756695482197	134.8165319395737	125.00251777826739	135.67309555206046	47.69487253981253	43.08428346638631	43.21312453097148	47.49131732097455	40.48120312049808
K01776	62.316508130578214	55.76764806215035	45.11697399011226	52.13525285722341	51.18381975333916	52.657263149819556	57.92064363074633	45.68427504113516	58.66346229067811	62.618351793258675	64.02168874616345	70.2114249081851	76.0179265942681	59.59101600147763	62.2398497977658
K01778	65.20375947253551	60.32010912844834	57.90413774132055	58.18294218866133	65.48097610902049	61.433473674789475	57.92064363074633	71.88085233745042	70.17685208604485	59.67852307057048	86.6478277407915	79.99847201659877	78.24828140876986	85.15162946404035	93.9501255754893
K01782	16.84229949475087	18.778901898479198	11.822094788852946	11.886837651446939	17.156587626817597	13.164315787454889	12.193819711736069	14.376170467490086	13.158159766133409	14.111177868903363	17.483834677667126	18.297522854860357	21.374233638975138	24.19939736100614	23.445363473955137
K01783	124.63301626115643	120.82990413465909	109.7765944679202	108.02424392016692	130.1041228367001	118.478842087094	129.69790057028365	132.89970921057503	131.30746933287298	145.52152177306593	128.557607924023	127.65713619670016	129.73230504351866	124.77814264268792	114.69674217474456
K01784	42.8275615723665	32.05691334184833	52.11372396718849	50.67546577722116	50.32599037199828	43.88105262484963	42.67836899107624	46.323215950801384	36.7331960137891	43.80344796805419	42.16689539907954	39.78647411463822	36.98671734048742	37.055327209040655	40.31253144082934
K01785	258.16839082668116	253.42033269058797	223.89599926643945	233.9830148232187	265.9271082156727	276.1580911857203	243.8763942347214	272.1888275178123	248.9085222426903	252.53128727891644	282.3125070011545	274.6756047165665	254.81803755682535	279.0493008191021	271.39273258700587
K01788	1.684229949475087	3.2246599219610745	4.584077571187876	2.0854101142889365	5.4329194151589055	4.973185964149624	3.6027194602856567	2.236293183831791	1.644769970766676	2.6458458504193807	2.056921726784368	2.978666511256337	2.787943518127192	4.0836483046697865	2.361403515362388
K01790	95.27929428459063	74.54654996062955	109.0527927461537	92.80075008585769	79.4921893375882	81.32621753138798	80.64548945716355	58.78256368929279	74.83703366988377	77.6114782789685	95.38974507962506	83.6154242088386	80.66449912448009	83.03418219495232	89.564661904102
K01791	53.4141498262099	46.85241180731679	53.5613274107215	42.333825320065415	48.89627473643015	60.84839297312482	48.498146580768456	48.87897958946629	48.79484246607806	50.56505403023705	78.93437126535012	81.0622814849046	75.83206369305962	78.95053389028254	81.46842128000239
K01792	120.54274352671693	116.65681482388594	75.27537906371671	87.17014277727755	154.12334551424473	169.08832278108724	197.04104125100784	137.05282512340548	176.26451520049545	206.6699592049805	172.7814250498869	139.57180224172552	156.4965628175397	158.35480648108393	176.26190525383538
K01803	1332.9477028702831	1117.4395058983935	1478.2443830877958	1355.7251152992378	1165.2182429880284	1187.1287436775985	1103.81781617829	1151.3715192185393	1221.241703294257	1330.2724970164109	836.1386819378455	900.1955720803973	905.152328885295	873.749490965828	866.4664184583277
K01804	6.015106962411025	8.156492743783895	6.272948255309726	7.090394388582385	5.146976288045279	7.02096841997594	7.482571186747133	4.792056822496695	8.772106510755606	7.055588934451682	4.885189101112874	5.957333022512674	5.018298332628945	4.991125705707517	4.554135351056034
K01805	31.037951926040886	24.469478231351683	28.710801630071437	31.489692725762943	35.4569477620897	20.47782455826316	23.55624262494468	29.071811389813284	24.671549561500143	19.402869569742126	22.111908562931955	22.339998834422527	24.71976586072777	23.140673726462122	24.457393551967588
K01807	357.2973535672149	305.5839490752524	289.76195594719155	299.04781038903354	327.11893741798883	337.88410521134216	314.54512210955545	314.9978684654494	315.2475777302796	304.27227279822876	253.77271804202138	301.48360331787353	296.0796016251078	277.2343460170266	286.5731837571927
K01808	3.1278556204537327	4.173089310773156	2.6539396464771916	4.379361240006767	6.290748796499785	3.51048420998797	5.542645323516395	7.6672909159947125	4.934309912300028	3.527794467225841	6.170765180353103	2.553142723934003	3.3455322217526304	3.932402071163498	3.204761913706098
K01809	296.18386682911887	294.7718540427947	235.47682681470357	237.73675302893878	293.94953467280817	289.3224069731752	331.72732261245625	277.3003547951421	297.1551080518461	336.9043716200678	153.49778386128344	139.57180224172552	154.6379338054549	131.4329769169646	136.28671717234354
K01810	1904.8640728563232	1299.537948550313	1771.384080403231	1570.939439093856	1517.5001755920164	1020.38074370317	1199.7055802751238	1320.6908602800893	1256.0560010088184	1524.0072098415633	896.3036424462883	939.7692843013743	874.2990872846874	848.6426162037841	887.5503784169204
K01811	11.789609646325609	10.053351521408056	16.164905119451987	11.052673605731364	14.583099482794957	15.797178944945866	9.97676158232951	8.625702280494052	11.23926146690562	10.583383401677523	12.341530360706207	14.680570662620518	12.824540183385082	14.06589971608482	14.168421092174327
K01812	11.549005367829167	8.346178621546311	8.444353420609247	8.55018146858464	8.578293813408798	7.606049121640602	11.91668744556025	11.820406828825181	9.320363167677831	7.643554678989322	22.36902377878	14.680570662620518	15.798346602720754	16.03210075166657	13.325062693830617
K01813	3.368459898950174	1.327801144336913	1.4476034435330136	2.29395112571783	3.1453743982498925	2.9254035083233085	1.6627935970549186	2.555763638664904	2.467154956150014	2.9398287226882007	2.056921726784368	0.8510475746446677	2.2303548145017538	1.966201035581749	2.024060156024904
K01814	157.11459385817597	139.41912015537588	141.14133574446885	170.79508836026392	255.63315563958218	246.02643504999025	230.85117772445787	267.7162411501487	248.6343939142292	296.33473524697064	105.67435371354689	91.70037616796294	86.9838377655684	91.65521750481076	94.28746893482678
K01815	6.015106962411025	7.018377477209397	4.584077571187876	5.630607308580129	4.289146906704399	7.606049121640602	4.988380791164755	7.347820461161599	5.208438240761141	7.937537551258142	5.656534748657012	5.106285447868006	6.319338641088302	4.3861407716823635	5.06015039006226
K01816	1.9248342279715278	2.845288166436242	2.6539396464771916	2.29395112571783	4.289146906704399	2.9254035083233085	3.048454927934017	1.597352274165565	1.644769970766676	2.9398287226882007	0.257115215848046	0.8510475746446677	0.9293145060423973	1.209969868050307	1.012030078012452
K01818	6.736919797900348	7.39774923273423	5.7904137741320545	3.96227921714898	6.862635050727039	4.680645613317294	5.819777589692215	6.38940909666226	4.11192492691669	3.2338115949570208	4.885189101112874	4.89352355420684	5.018298332628945	3.932402071163498	7.252882225755906
K01821	66.16617658652127	43.627751885355714	68.03736184605164	71.32102590868163	44.60712782972575	41.24818946735865	41.015575394021326	35.780690941308656	44.95704586762248	35.86591041679605	27.254212879892876	23.40380830272836	26.392531971604082	27.526814498144486	26.312782028323753
K01823	18.526529444225957	19.917017165053696	29.917137833015616	29.821364634331793	20.30196202506749	11.701614033293234	13.579481042615168	16.93193410615499	17.270084693050098	14.405160741172184	17.74094989351517	14.893332556281685	15.240757899095316	11.797206213490494	12.313032615818166
K01825	2.646647063460851	4.93183282182282	5.549146533543219	4.796443262864554	3.4313175253635193	8.776210524969926	2.4941903955823777	3.8336454579973562	1.3706416423055634	4.409743084032301	17.74094989351517	15.318856343604018	18.958015923264906	13.460914782059666	11.975689256480681
K01834	1079.8320018920272	992.6261983307237	1108.381703265111	1122.1591824988768	1248.7136361052073	1018.625501598176	1027.052178447588	1252.324182945803	1070.196994312184	1330.2724970164109	987.8366592881927	945.5138554302258	873.5556356798535	863.6159933209067	893.7912305646638
K01835	384.9668455943056	371.40494865881084	355.38664538735486	343.04996380053007	400.60632108619086	435.88512274017296	414.0356056666747	400.9354208155568	421.0611125162691	460.0831951007034	426.55414309190826	388.29045593162965	402.5790440175665	395.8113930859567	397.8964923385624
K01838	0.9624171139857639	1.138115266574497	1.6888706841218493	1.4597870800022557	0.5718862542272531	0.5850807016646618	0.5542645323516395	1.277881819332452	0.2741283284611127	0.5879657445376402	0.7713456475441379	1.2765713619670016	0.7434516048339178	0.30249246701257676	1.518045117018678
K01839	100.933494829257	125.6668940176007	135.95409007180885	122.83065573161836	116.0929096081324	117.45495085918084	108.35871607474553	128.42712284291142	107.86949724944783	135.23212124365725	92.17580488152448	95.10456646654161	94.97594251753301	89.61339335247587	91.84172957963003
K01840	5.293294126921702	6.069948088397317	3.619008608832534	4.170820228577873	2.5734881440226394	5.558266665814286	3.325587194109837	4.472586367663582	2.467154956150014	3.821777339494661	3.0853825901765517	2.127618936611669	2.044491913293274	4.234894538176075	2.024060156024904
K01845	140.2722943634251	155.54241976518125	128.83670647443822	128.04418101734072	157.84060616672187	185.17804207686544	172.09913729518408	161.01310923588895	166.94415203281764	191.97081559153952	262.771750596703	264.03751003350817	240.32073126256395	252.4299637219953	248.6220558317257
K01847	7.699336911886111	9.673979765883225	10.133224104731095	10.635591582873577	8.29235068629517	6.435887718311279	9.145364783802052	9.264643190160278	7.401464868450042	8.231520423526963	6.170765180353103	8.29771385278551	6.133475739879822	5.898603106745247	6.74686718674968
K01854	334.43994711005297	209.9822666829947	351.5263695379335	349.93181717768357	262.2098475631956	203.9006245301346	185.1243538054476	169.3193410615499	158.44617385052314	225.7788459024538	295.16826779355677	205.10246548936493	209.83921546437332	281.3179943216964	297.87418629499837
K01866	325.53758880568466	364.00719942607657	351.76763677852233	352.8513913376881	379.7324728068961	450.5121402817895	455.32831332687186	404.4495958187211	470.1300833108083	558.861440183027	482.86237536263036	440.20435798495436	443.84060808584894	446.02514261004444	507.7017558029134
K01867	265.8677277385673	233.12394377000945	220.0357234170181	246.28693449752342	247.340804953287	257.1429683816188	263.2756528670288	255.5763638664904	281.2556650011016	351.30953236124	259.9434832223745	230.20836894138262	242.5510860770657	276.1756223824826	290.4526323895737
K01868	1500.408280703806	1387.931567587599	1328.8999611633067	1325.2781276306193	1456.594289516814	1483.764659421582	1539.7468708728545	1402.155826262533	1518.6709396745644	1384.3653455138738	1761.7534589908112	1647.2025807247544	1803.2418675246677	1679.5894230873325	1729.222059963943
K01869	639.0449636865472	665.6077450683183	625.6059548468508	635.8415438466968	645.0876947683416	702.974463050091	713.6155854027359	714.9748779165069	780.4433511287879	870.777267660245	878.048462121077	847.6433843460891	824.8595555632319	816.578414700451	806.5879721759243
K01870	757.1816644282998	795.3528854578109	709.5669545717656	694.0244860353581	812.0784810026995	941.3948489784407	843.8677505053712	819.1222461921018	849.7978182294494	985.136604972816	1085.7975565262982	988.7045198434428	945.484578447535	964.6484773031074	949.28421317568
K01872	933.3039962876946	919.5971353921935	885.2095057204378	856.2693929270374	958.4813620848763	1071.2827647479955	1061.9708439857413	985.5663531601537	1140.6479747266899	1200.0380846013236	1242.6378381936063	1181.679557394121	1188.4073903270178	1130.263102992493	1169.7380985027257
K01873	524.0361185652484	569.6266909205357	513.657955213631	486.7347206750378	523.2759226179367	621.3557051678707	599.714224004474	551.7254754967862	599.2445260159924	694.0935614266842	855.9365535581451	785.091387609706	768.5430964970626	764.8522028413004	738.9506286287586
K01874	344.5453268069035	375.38835209182156	321.367964464329	340.54747166338336	383.7356765864869	496.7335157132978	447.0143453415973	428.0904094763714	500.8324560984529	580.3221898586509	556.3973270951715	496.5862598051636	470.04727715624455	450.10879091471423	450.01604135620363
K01875	634.2328781166184	640.1898374481545	544.0576275278244	585.3746190809045	582.4661499304574	679.2786946326722	624.6561279602978	658.1091369562128	649.1358817959149	754.3600502417924	626.3326658058401	608.2862539772763	631.3762754052048	608.3123511622919	603.8446132140964
K01876	370.2899846060227	432.2941154205464	325.71077479492806	363.06990089770386	478.6687947882109	451.3897613342865	494.1268305914866	518.8200186489755	512.3458458938196	632.6511411225008	574.6525074203828	502.3308309340151	523.2040669018697	513.9347014543679	510.90651771661953
K01878	182.85925165729515	176.0284945635222	154.65230121744364	171.62925240597949	202.73367712356125	180.78993681438047	199.53523164659023	206.377913822191	222.3180743819624	230.1885889864861	319.0799828674251	259.3567483729625	281.3964324296379	274.814406280926	283.705765202824
K01879	451.3736264593233	449.36584441916386	404.3638952268885	421.0443020749363	474.3796478815065	486.78714378499853	503.5493276414645	503.4854368169861	526.6005189737974	615.894117403178	765.1748823637848	718.4969148937607	662.0436541046039	669.5670757323387	654.9521321537252
K01881	580.8187282904086	571.144177942635	468.2997139829299	499.66426338362925	570.1705954645714	664.944217441888	636.8499476720339	540.2245391227941	662.5681698905094	783.4643545964055	752.5762367872306	812.3249099983353	817.7967653173097	753.8112277953413	758.0105284313265
K01883	155.18975963020443	173.18320639708594	145.48414607506788	154.3203484573813	151.83580049733573	175.81675085023085	182.3530311436894	163.24940241972075	183.66598006894552	198.43843878145356	163.7823924952053	225.52760728083695	211.51198157524962	209.32478717270314	201.39398552447796
K01885	438.62159969901194	432.67348717607126	383.13237805507094	404.9866441949115	420.62233998414473	475.3780701025376	433.7119965651579	419.14523674104424	502.75135439768064	545.0442451863925	587.251152996937	600.6268258054743	599.7795821997632	573.223224988833	566.9055153666419
K01886	422.98232159674325	411.80804062220545	372.0340849879845	364.52968797770615	399.46254857773636	461.6286736134181	459.20816505333335	413.71423900888135	481.09521644925275	549.1600053981559	599.5926833576432	575.5209223534565	570.227380907615	546.7551341252325	559.4839614612172
K01887	239.40125710395878	284.9081883991491	216.41671480818553	235.23426089179205	234.18742110606019	305.11958591812106	301.7970378654677	281.7729411628057	354.9961853571409	370.4184190587133	341.4490066462051	383.18417048376165	387.3382861184712	349.68129186653874	338.1867177358277
K01889	223.0401661662008	221.55310522650205	212.55643895876418	220.6363900917695	285.9431271136266	277.9133332907143	290.4346149522591	278.89770706930767	282.35217831494606	339.55021747048715	309.05248944935124	281.69674720738504	272.84673897404787	254.09367229056448	268.1879706732998
K01890	777.3924238220009	796.6806866021478	812.3467990626095	824.1540771669878	881.5626608913108	862.994034955376	899.5713360067109	879.5021621555601	811.6939805733547	947.5067973224071	914.3017075556515	916.7909997859683	930.9872721532736	925.173210357966	912.5137870078942
K01892	358.0191664027042	361.3515971374028	310.9934731190091	337.0022744690922	385.45133534916863	404.58330520111355	395.4677438328948	402.8522435445555	436.1381705816303	444.79608574272476	498.2892883135131	459.9912140954429	467.0734707369089	467.19961530092485	443.60651752879147
K01893	524.0361185652484	564.8845439764752	502.31839490595576	480.8955723550288	506.69122124534636	573.0865472805361	598.051430407419	544.3776550356246	668.5989931166539	683.2161951527379	840.7667558231103	914.8761427430178	884.5215468511537	867.2459029250576	813.5035110423427
K01894	11.067796810836285	18.399530142954365	12.787163751208288	14.597870800022557	14.583099482794957	11.994154384125565	19.676390898483202	17.251404560988103	22.204394605350128	19.108886697473306	21.597678131235863	21.48895125977786	22.675273947434494	24.048151127499853	20.24060156024904
K01895	4.812085569928819	13.088325565606715	9.409422382964589	8.967263491442427	6.862635050727039	11.994154384125565	7.759703452922953	9.264643190160278	6.579079883066704	7.349571806720502	47.82343014773655	52.33942584064707	46.837451104536825	47.642563554480844	47.059398627579014
K01897	19.248342279715278	23.521048842539603	22.196586134172875	21.68826518860494	15.440928864135836	13.74939648911955	17.182200502900827	15.334581831989425	18.640726335355662	16.463040847053925	34.196323707790114	37.44609328436538	35.12808832840262	38.41654331059725	33.90300761341714
K01902	124.63301626115643	175.83880868575977	145.24287883447903	146.39579002308335	156.41089053115374	133.39839997954286	131.9149586996902	136.41388421373927	115.13389795366733	115.82925167391511	639.1884265982424	609.3500634455821	602.1957999154735	638.4103516300432	604.8566432921089
K01903	147.2498184398219	211.499753705094	171.05847357748445	159.95095576596145	183.8614307340619	193.66171225100302	177.36465035252465	172.51404560988104	159.54268716436758	138.75991571088306	772.1169931916821	677.6466313108167	721.8915082937342	727.3431369317409	751.2636612445768
K01908	2.4060427849644097	2.655602288673826	3.136474127654863	5.422066297151235	2.2875450169090126	3.2179438591556395	2.7713226617581976	3.8336454579973562	3.0154116130722395	2.0578801058817406	2.828267374328506	2.978666511256337	1.6727661108763152	2.1174472690880375	2.867418554368614
K01910	2.646647063460851	3.9834034330107393	3.619008608832534	4.379361240006767	2.859431271136266	2.047782455826316	3.325587194109837	2.555763638664904	3.8377965984555775	2.3518629781505607	1.28557607924023	2.978666511256337	2.787943518127192	1.209969868050307	2.024060156024904
K01911	20.932572229190367	25.417907620163763	25.574327502416576	27.110331485756177	28.59431271136266	23.40322806658647	26.05043302052706	26.196577296315265	21.38200961996679	26.164475631924986	32.65363241270184	28.935617537918702	33.64118511873478	33.122925137877154	29.51754394202985
K01912	12.03021392482205	14.036754954418795	9.89195686414226	14.389329788593663	10.008009448976932	14.627017541616542	11.36242291320861	9.58411364499339	10.965133138444507	7.937537551258142	14.912682519186667	12.765713619670016	13.196265985802041	14.217145949591108	14.843107810849295
K01914	91.42962582864757	56.526391573200016	80.82452559725994	72.98935400011278	68.62635050727039	24.573389469915792	44.34116258813116	42.48957049280403	33.16952774379464	42.92149935124773	88.44763425172782	62.551996736383074	70.25617665680524	82.1267047939146	95.29949901283923
K01915	2209.469089432818	2772.0694176199495	2212.1793289590337	2254.5368745577694	2789.661148120541	4281.03549408033	3114.1352750176866	3598.5152032401847	3074.0750753629177	4563.496126228894	2782.2437506917054	2836.3288043970165	2802.0690986190366	2489.0592648129877	2595.5198067426018
K01916	274.0482732074463	242.039180024843	264.6701629259527	258.38231316039924	311.1061222996257	288.1522455698459	276.85513390964394	318.19257301378053	289.7536431833961	338.3742859814119	237.5744594435945	228.71903568575445	208.53817515591396	219.15579235061188	232.42957458352646
K01918	465.5692788906133	414.6533287886417	352.2501712597	366.4065570805662	434.9194963398261	449.34197887846017	434.8205256298612	444.0639322180271	423.8023958008802	486.2476707326284	308.2811438018071	353.1847434775371	328.7914722378002	333.49794488136587	337.84937437649023
K01919	403.2527707600351	348.26327157179605	459.8553605623207	437.31050096639	376.015212154419	365.9679788912459	339.20989379920337	347.26438440359385	368.7026017801966	398.64077479652	376.67379121738736	363.82283816059544	372.2833911205844	342.11898019122435	370.06566519321996
K01920	114.04642800731303	102.99943162499197	103.26237897202164	103.64488268016015	106.08490015915547	111.45787366711805	118.88974218942668	117.56512737858559	118.6975662236618	137.58398422180778	129.07183835571908	99.57256623342613	123.04124060001341	119.03078576944895	124.1423562361941
K01921	165.89665002329605	147.29108408251614	145.36351245477346	145.56162597736778	157.69763460316506	172.45253681565902	161.84524344667875	156.06131718597572	158.5832380147537	169.77510873524358	133.6999122409839	135.42294531533275	135.77284933279424	130.60112263268002	131.39523846195002
K01923	736.4896964776059	631.0849153155585	624.8821531250842	633.547592720979	636.5094009549329	690.9803086659655	736.3404312291531	615.9390369182419	685.0466928243206	728.783540354405	571.5671248302062	588.7121597604489	568.7404776979472	538.134098815374	546.3275704470553
K01924	165.0545350485585	118.74335947927251	137.5223271356363	137.8456085544987	131.53383847226823	147.14779646866242	139.39752988643733	140.2475296717366	131.30746933287298	122.59085773609797	157.35451209900415	166.80532463035487	174.89699003717917	180.58800280650834	164.96090271602966
K01925	114.52763656430591	84.97927323756244	111.46546515204206	106.14737481730687	126.10091905710934	112.33549471961504	123.04672618206398	118.84300919791804	104.44289314368393	104.65790252769995	131.3858752983515	119.35942234391464	119.88157127946926	135.3653789881281	132.23859686029374
K01928	160.2424494786297	122.157705278996	141.38260298505767	139.51393664592987	146.4028810821768	164.40767716776995	167.94215330254679	162.61046151005453	158.17204552206204	146.10948751760358	179.20930544608805	166.80532463035487	168.3917884948824	190.26776175091078	186.7195493932974
K01929	117.65549218475964	94.65325300344566	115.8082754826411	116.57442538875156	123.52743091308669	122.86694734957895	107.52731927621807	127.46871147841209	101.7016098590728	108.77366273946343	146.29855781753815	127.86989809036133	131.03334535197803	132.7941930185212	130.21453670426882
K01933	339.73324123697466	386.5798188798041	266.60030085066336	268.18374069755725	309.6764066640576	402.8280630961196	424.8437640475317	353.334323045423	438.3311972093192	433.03677085197194	448.9231668706883	477.22492748199744	491.2356478940112	464.47718309781163	437.7030087403855
K01934	21.41378078618325	25.03853586463893	20.26644820946219	19.394314062887112	19.158189516612982	13.456856138287218	18.290729567604103	23.001872747984137	16.721828036127874	17.051006591591563	17.22671946181908	17.23371338655452	19.515604626890344	16.78833191919801	16.529824607536717
K01935	22.49650003941723	18.589216020716783	15.803004258568734	19.915666591459345	20.30196202506749	21.79425613700865	19.260692499219473	23.161607975400692	23.437972083425137	27.781381429403496	44.60948994963597	38.403521805840626	32.061350458462705	35.694111107484055	36.09573944911079
K01937	823.1072367363246	681.5413588003612	709.8082218123544	668.9995646638909	697.4152870301352	769.6736630398625	740.2202829556146	663.2206642335426	791.4084842672323	847.2586378787395	815.0552342383057	892.5361439085952	930.9872721532736	824.8969575432968	830.7080223685543
K01939	734.3242579711379	723.0825660303303	819.3435490396857	788.7021052240758	753.4601399444061	661.1411928810677	703.6388238204064	718.4890529196712	697.6565959335318	735.5451464165878	1036.1743198676254	1082.9580387353396	1065.3661497270043	1004.7287291822737	988.2473711791594
K01940	1885.8563348551045	800.4744041573962	1078.4645654320952	943.230994692886	1103.4545275314852	678.4010735801752	894.860087481722	547.5723595839557	864.0524913094272	929.573842114009	1189.4149885130607	1338.9105968097235	1252.7159541451515	1201.6513252074612	1179.1837125641753
K01945	150.3776740602756	128.60702512291815	124.25262890325034	130.96375517734523	146.97476733640408	166.16291927276393	179.5817084819312	130.3439455719101	178.18341349972326	161.39659687558222	256.6009854163499	270.4203668433432	252.21595693990662	249.85877775238842	252.83884782344424
K01951	613.5409101659245	611.5472699060297	595.930084254424	544.2920398294125	595.9054769047979	818.820441979694	742.714473351197	637.9824983017267	834.9948884925492	862.8397301089869	802.1994734459034	824.6650998306831	785.6424834082427	717.6633779873384	740.8060171051148
K01952	710.0232258429974	726.1175400745291	584.5905239467487	598.9297848237826	772.0464432067918	852.1700419745798	879.6178128420519	756.8255074996447	880.7743193455551	934.8655338148478	905.3026750009699	907.6422383585382	864.448353520638	863.4647470874004	828.6839622125294
K01953	352.0040594402932	250.95441627967656	286.3842145789479	293.41720308045336	309.39046353694397	271.1849052215707	267.9869013920177	273.1472388823116	249.45677889961254	310.7398959881428	241.68830289716323	244.25065392301963	223.77893305500928	217.79457624905527	217.2491234133397
K01955	852.4609587128904	579.3006706864189	630.6725668992163	500.91550945220257	547.2951452954813	853.6327437287414	762.3908642496801	381.1282526159038	733.2932786334765	591.493539004866	1634.2243119301802	1700.3930541400462	1755.1033761116717	1578.103200404613	1529.683462915821
K01956	657.0902845737803	370.45651926999875	332.46625753141547	305.30404073190033	349.99438758707896	702.3893823484264	662.6232484263851	297.4269934496282	711.9112690135097	636.7669013342643	1252.9224468275281	1068.9157537537026	1150.4913584804879	966.1609396381702	976.2716819226787
K01961	468.2159259540742	499.8222879039666	430.9032916916604	430.01156556637875	491.2502923812105	520.1367437798842	587.7975365589137	478.56674134000326	572.1058214983422	552.9817827376505	764.6606519320887	795.9422441864255	786.5717979142851	782.6992583950424	764.0827088994013
K01962	234.3485672555335	245.4535258245665	219.07065445466273	221.67909514891397	259.3504162920593	292.54035083233083	279.0721920390505	273.7861797919779	304.5565729202962	341.0201318318313	283.85519829624275	278.5053188024675	299.0534080444435	286.4603662609102	290.62130406924246
K01963	463.8850489411382	504.56443484802696	447.55073129229004	447.9460925492636	498.6848136861648	562.5550946505722	581.4234944368699	570.2547618771067	583.0709546367867	635.0030041006513	570.281548750966	545.9470191345544	524.1333814079121	519.3795658605943	518.4967433017129
K01972	43.06816585086293	44.860710090811416	43.06620244510716	42.54236633149431	42.03363968570311	39.3466771869485	38.93708339770268	44.88559890405238	46.4647516741586	48.507173924355314	64.40736156993552	59.36056833146557	64.40149526873813	63.97715677315999	59.20375956372844
K01974	7.9399411903825525	7.208063354971814	10.133224104731095	7.2989354000112785	10.865838830317811	10.23891227913158	9.145364783802052	11.500936373992069	7.401464868450042	7.937537551258142	8.741917338833563	8.935999533769012	6.505201542296781	11.19222127946534	7.59022558509339
K01975	16.601695216254427	16.502671365330205	15.199836157096644	15.640575857167025	15.440928864135836	18.137501751604514	21.33918449553812	16.612463651321878	23.30090791919458	21.460749675623866	18.255180325211263	16.382665811909852	18.772153022056425	14.519638416603685	16.361152927867973
K01977	433.6720259699423	940.4354839635218	1366.3308502032316	774.6702743122174	1014.1994228538744	688.3056540297841	603.2377628172808	4601.3329609613265	438.68364791734064	170.9720390009095	311.4767186273471	299.32558982502457	222.6637556477584	468.99296349821367	300.4524533985063
K01978	25853.89214155657	22181.676859659183	28382.91945011121	29772.77457866886	30210.74920893599	25977.875694261813	30125.108730110136	27366.79757236896	22374.628297324478	23222.589029130904	24110.208020502967	25453.343624366382	21713.061707878198	25913.622171566414	24873.16924235104
K01980	646.503696319937	1827.3253544329673	2756.133556240891	1329.8064467359325	1965.8181498880238	1042.4884359303562	1034.7722915767715	3331.0727939084645	426.465356705931	257.4869985543051	648.0772669175605	412.6972845901892	319.81694929373356	896.285179758265	403.8963849439219
K01983	197.53611264557804	176.40786631904703	171.05847357748445	178.71964679456187	3.1453743982498925	2.047782455826316	0.5542645323516395	2.236293183831791	32.89539941533352	22.930664036967965	0.257115215848046	151.06094449942853	150.1772241764514	160.3210075166657	126.5037597515565
K01985	389.8390822338585	15.601663445958728	151.0031342035375	216.64804324819193	6.648177705391818	5.594834209668328	3.4987948604697245	19.487697744819894	3.2210078594180738	2.8663330046209956	2.57115215848046	8.643451929984906	3.136436457893091	18.546569383708615	10.099216820165926
K01990	55.820192611174306	56.336705695437594	55.250198094843356	68.40145174867712	79.77813246470183	74.59778946224436	74.54857960129551	76.67290915994712	58.66346229067811	84.66706721342018	69.67822349482046	62.33923484272191	60.5913057939643	56.71733756485814	52.28822069731002
K01991	4.210574873687717	5.121518699585236	4.342810330599041	3.232385677147852	4.432118470261212	3.364214034571805	4.156983992637296	3.9933806854139124	5.893759061913922	4.556734520166711	4.2424010614927585	3.2978093517480875	4.181915277190788	3.932402071163498	4.048120312049808
K01992	56.54200544666364	54.250161040051026	43.18683606540157	46.608916054357735	49.89707568132784	58.50807016646617	54.179358037372765	53.67103641196299	54.82566569222254	59.67852307057048	53.737080112241614	56.062758979717486	52.69213249260393	54.14615159525124	52.45689237697876
K01993	86.61754025871876	87.06581789294901	66.83102564310747	74.86622310297282	103.51141201513283	116.72359998210001	115.84128726149267	109.89783646259087	92.6553750198561	111.12552571761398	91.01878641020828	81.0622814849046	78.62000721118682	102.09120761674465	97.32355916886414
K01995	77.23397339735756	54.43984691781343	55.97399981660986	53.17795791436789	58.0464548040662	67.86936139310076	54.04079190428485	46.962156860467616	53.45502404991697	66.73411200502215	167.1248903012299	154.03961101068487	162.63003855741954	169.69827399405557	148.93709314749918
K01996	62.316508130578214	47.990527073891286	62.48821531250842	57.97440117723244	64.33720360056599	67.86936139310076	80.36835719098774	68.36667733428618	70.45098041450596	73.78970093947383	190.77949015925012	130.84856460161765	155.38138541028883	182.70545007559636	177.61127869118533
K01997	46.19602147131667	32.246599219610744	39.809094697157875	31.90677474862073	37.17260652477146	39.49294736236467	42.40123672490042	38.65592503480667	38.65209431301689	46.44929381847357	125.72934054969448	92.55142374260761	108.35807140454352	119.48452446996782	121.44360936149424
K01998	80.60243329630774	77.01246637154095	72.13890493606185	66.94166466867486	80.06407559181545	82.4963789347173	83.41681211892175	76.35343870511402	72.36987871373375	92.89858763694714	252.48714196278115	224.88932159985345	230.09827169609758	235.18789310227845	234.11629138021388
K01999	223.6416768624419	162.65564018127185	132.21444784268192	138.36696108307095	186.86383356875498	192.4915508476737	215.19320468552405	150.31084899897968	185.72194253240383	237.97913510160984	920.2153575201565	715.3054864888433	713.7135406405612	828.6024902642009	902.0561428684323
K02000	32.72218187551597	45.33492478521746	65.62468944016328	46.92172757150107	80.35001871892908	109.1175508604594	71.77725693953732	94.56325463060145	64.14602885990037	67.3220777495598	52.96573446469747	60.63713969343257	43.30605598157572	44.01265395032992	52.119549017641276
K02001	12.992631038807813	17.640786631904703	27.745732667716094	21.47972417717605	35.74289088920332	52.36472279898722	28.544623416109435	41.21168867347158	26.042191203805704	30.280235843688466	20.826332483691726	22.339998834422527	16.541798207554674	16.78833191919801	17.373183005880424
K02002	23.338615014154776	27.314766397787924	46.0820429524676	39.20571014863201	54.61513727870268	60.555852622292484	39.90704632931804	48.87897958946629	35.36255437148354	39.099722011753066	39.08151280890299	42.33961683857222	34.384636723568704	35.24037240696519	36.60175448811702
K02003	12.992631038807813	17.451100754142285	14.234767194741302	12.721001697162514	15.726871991249462	12.871775436622558	14.133745574966808	15.97352274165565	9.594491496138945	12.053297763021623	13.36999122409839	10.42533278939718	10.40832246767485	12.553437381021936	11.469674217474456
K02004	25.504053520622744	26.745708764500677	28.228267148893767	30.23844665718958	24.305165804658262	32.47197894238872	27.713226617581977	24.918695476982816	29.057602816877946	25.576509887387346	28.025558527437013	21.914475047100193	26.206669070395606	28.283045665675928	26.14411034865501
K02010	1.9248342279715278	4.742146944060404	6.272948255309726	3.96227921714898	3.1453743982498925	3.803024560820301	3.8798517264614767	4.792056822496695	3.8377965984555775	2.6458458504193807	3.599613021872644	2.127618936611669	3.159669320544151	1.6637085685691722	3.036090234037356
K02014	29.834930533558683	31.6775415863235	28.10763352859935	30.446987668618476	31.882658673169367	31.44808771447557	32.14734287639509	30.18995798172918	33.16952774379463	32.33811594957021	291.44009716376013	306.80265065940273	250.07853357600914	249.63190840212897	248.87506335122882
K02017	14.6768609882829	15.174870220993292	14.234767194741302	14.80641181145145	21.159791406408367	20.77036490909549	18.013597301428284	16.612463651321878	21.107881291505677	21.754732547892687	19.540756404451496	9.78704710841368	15.798346602720754	17.544563086729454	17.879198044886653
K02018	12.03021392482205	11.570838543507385	11.580827548264109	12.095378662875833	8.864236940522424	15.504638594113535	11.08529064703279	14.056700012656972	11.787518123827846	10.289400529408702	13.112876008250344	12.340189832347683	11.523499874925728	16.78833191919801	14.843107810849295
K02019	38.496684559430555	35.281573263809406	28.952068870660273	30.446987668618476	28.308369584249032	28.961494732400755	24.94190395582378	29.71075229947951	26.042191203805704	28.516338610075547	36.51036065042253	29.573903218902203	29.552201292148233	39.77775941215385	36.09573944911079
K02020	18.045320887233075	19.72733128729128	22.196586134172875	23.35659328003609	21.445734533521996	23.110687715754135	15.242274639670088	23.640813657650362	25.219806218422367	23.812612653774426	39.08151280890299	35.53123624141488	36.429128636861975	36.147849808002924	38.9631580034794
K02024	9.86477541835408	5.690576332872484	18.57757752534034	10.84413259430247	4.861033160931652	2.6328631574909775	6.374042122043854	4.1531159128304695	5.756694897683366	2.3518629781505607	5.399419532808966	6.808380597157342	7.992104751964617	6.201095573757824	6.072180468074712
K02025	1.443625670978646	0.7587435110496646	1.930137924710685	2.502492137146724	1.1437725084545063	0.5850807016646618	1.108529064703279	0.638940909666226	1.644769970766676	0.2939828722688201	0.514230431696092	0.6382856809835008	1.4869032096678356	1.0587236345440187	1.180701757681194
K02026	2.165438506467969	0.7587435110496646	1.930137924710685	0.8341640457155747	0.5718862542272531	1.1701614033293235	1.108529064703279	1.597352274165565	1.3706416423055634	2.0578801058817406	0.7713456475441379	0.6382856809835008	2.2303548145017538	1.209969868050307	1.518045117018678
K02027	1.684229949475087	2.845288166436242	1.6888706841218493	2.7110331485756176	3.4313175253635193	0.5850807016646618	1.108529064703279	1.597352274165565	0.822384985383338	2.0578801058817406	1.028460863392184	1.2765713619670016	1.6727661108763152	0.7562311675314419	2.192731835693646
K02031	3.368459898950174	4.362775188535571	4.825344811776712	3.3366561828622987	7.720464432067918	5.265726314981955	4.988380791164755	7.347820461161599	7.675593196911155	4.703725956301121	3.8567282377206897	3.6169521922398378	4.4607096290035075	2.722432203113191	3.8794486323810657
K02032	11.549005367829167	10.812095032457721	12.545896510619452	13.138083720020301	14.011213228567703	9.361291226634588	8.868232517626232	9.264643190160278	10.416876481522282	8.819486168064602	7.199226043745288	5.106285447868006	6.8769273447137405	6.3523418072641125	6.409523827412196
K02033	6.255711240907465	3.604031677485907	5.066612052365548	6.25623034286681	4.0032037795907724	16.96734034827519	5.542645323516395	6.708879551495373	7.675593196911155	10.289400529408702	4.113843453568736	4.042475979562171	2.9738064193356712	4.991125705707517	5.566165429068486
K02034	5.293294126921702	3.9834034330107393	4.584077571187876	4.796443262864554	6.004805669386158	8.191129823305264	4.988380791164755	4.1531159128304695	8.772106510755606	6.173640317645222	1.799806510936322	4.042475979562171	4.832435431420466	4.991125705707517	2.192731835693646
K02035	35.970339635217925	35.37641620269061	33.656780062142566	29.19574160004511	31.882658673169367	62.16482455187031	36.4428930021203	33.065192075227195	35.22549020725298	53.79886562519407	21.08344769953977	19.999618004149692	23.418725552268413	21.62821139139924	22.60200507561143
K02036	49.56448137026684	42.11026486325638	54.28512913248802	52.760875891510096	50.611933499111906	56.16774735980752	52.932262839581576	47.92056822496695	56.74456399145033	57.326660092419914	104.64589285015471	80.63675769758227	85.68279745710903	86.05910686507809	91.25137870078942
K02037	22.857406457161893	25.03853586463893	27.021930945949588	20.854101142889366	23.161393296203755	41.833270169023315	29.376020214636895	32.90545684781064	32.62127108687241	35.86591041679605	67.36418655218804	61.70094916173841	54.271967152876	52.02870432616321	61.90250643842831
K02038	23.338615014154776	20.486074798340944	18.57757752534034	15.223493834309238	18.872246389499356	23.695768417418797	19.122126366131564	19.487697744819894	27.961089503033495	29.69227009915083	43.45247147831977	42.97790251955572	41.81915277190788	45.82760875240538	44.02330839354166
K02039	41.86514445838073	29.211625175412088	37.637689531858356	36.70321801148528	40.032037795907726	43.88105262484963	41.569839926372964	37.05857276064111	42.76401923993358	47.03725956301121	90.50455597851219	66.80723460960641	78.62000721118682	68.81703624536121	76.07092753060265
K02040	80.12122473931485	88.20393315952352	76.96424974783856	73.61497703439946	72.91549741397478	164.9927578694346	95.333499564482	90.09066826293787	118.14930956673957	149.93126485709823	179.72353587778414	151.06094449942853	174.33940133355372	132.34045431800234	166.47894783304835
K02041	0.24060427849644098	0.0	0.7238017217665068	0.41708202285778734	0.8578293813408798	0.8776210524969925	0.0	1.277881819332452	0.2741283284611127	0.5879657445376402	1.028460863392184	0.42552378732233387	0.3717258024169589	0.15124623350628838	0.337343359337484
K02043	0.24060427849644098	0.5690576332872485	0.4825344811776712	0.41708202285778734	0.0	0.2925403508323309	0.27713226617581976	0.0	0.0	0.5879657445376402	0.514230431696092	0.0	0.18586290120847945	0.30249246701257676	0.0
K02044	0.9624171139857639	1.5174870220993293	1.206336202944178	1.0427050571444683	1.7156587626817597	2.047782455826316	2.4941903955823777	2.875234093498017	0.822384985383338	1.7638972336129204	1.28557607924023	1.0638094683058346	0.9293145060423973	1.5124623350628839	2.024060156024904
K02045	157.3551981366724	212.6378689716685	264.9114301665415	244.41006539466338	337.698833121193	279.9611157465406	440.0860386872018	348.8617366777594	300.99290465030174	297.8046496083147	221.63331606101565	220.20855993930778	184.74772380122857	231.55798349812753	230.5741861071703
K02046	66.64738514351416	112.29403963535036	96.50689623553424	96.34594728014888	151.83580049733573	279.37603504487595	264.9384464640837	202.86373881902676	243.42595567346805	240.47798951589482	141.41336871642528	141.48665928467602	121.1826115879286	155.63237427797074	138.1421056486997
K02047	115.00884512129879	167.8720018197383	179.26155975750487	175.38299061169957	198.15858708974324	295.46575434065414	314.54512210955545	222.67090701867977	257.68062875344594	269.582293870508	183.58026411550483	185.3156093788764	166.71902238400608	181.64672644105235	170.1897247857607
K02048	218.46868487476843	398.1506574233115	247.54018884414535	259.8421002404015	418.906681221463	915.6512981051956	823.6370950745363	578.2415232479345	804.5666440333657	875.4809936165461	405.21358017652045	373.8226471626703	367.4509556891639	377.6618450652021	355.8972441010456
K02052	5.052689848425261	6.069948088397317	8.444353420609247	6.047689331437916	6.576691923613412	4.680645613317294	4.156983992637296	7.347820461161599	4.11192492691669	4.409743084032301	3.8567282377206897	3.6169521922398378	2.6020806169187125	3.1761709036320562	3.036090234037356
K02053	4.0902727344394965	7.018377477209397	9.409422382964589	8.967263491442427	7.148578177840665	5.558266665814286	3.8798517264614767	7.347820461161599	4.934309912300028	4.409743084032301	2.828267374328506	4.255237873223338	4.4607096290035075	4.234894538176075	5.2288220697310015
K02054	10.345983975346963	8.725550377071142	8.20308618002041	7.92455843429796	8.29235068629517	7.313508770808271	5.542645323516395	7.986761370827825	9.320363167677831	5.585674573107581	6.942110827897242	5.319047341529173	6.133475739879822	4.839879472201228	5.566165429068486
K02055	16.601695216254427	16.882043120855037	21.47278441240637	20.228478108602687	20.30196202506749	13.164315787454889	12.47095197791189	18.529286380320556	12.609903109211183	13.817194996634543	16.198258598426897	10.212570895736013	13.93971759063596	12.25094491400936	13.831077732836844
K02062	11.308401089332726	10.053351521408056	11.339560307675274	12.095378662875833	7.434521304954291	13.74939648911955	11.91668744556025	10.861995464325842	12.609903109211183	14.405160741172184	19.797871620299542	19.148570429505025	21.188370737766657	19.359517888804913	18.891228122899104
K02063	21.173176507686808	16.123299609805372	19.542646487695684	20.854101142889366	17.442530753931223	25.743550873245116	21.616316761713943	21.723990928651684	24.671549561500143	26.164475631924986	38.31016716135885	36.16952192239838	33.08359641510935	33.42541760488973	30.023558981036075
K02064	73.86551349840738	73.9774923273423	62.00568083133075	55.26336802865682	46.32278659240751	83.66654033804663	65.68034708366929	68.6861477891193	97.0414282752339	118.18111465206567	126.24357098139058	135.95485004948566	134.19301467252217	113.43467512971628	111.99799530004469
K02065	97.4447327910586	109.44875146891412	86.13240489021432	89.88117592585317	109.51621768451899	114.09073682460904	116.11841952766848	110.5367773722571	123.35774780750071	122.00289199156033	119.30146015349334	108.0830419798728	121.92606319276253	120.99698680503072	130.21453670426882
K02066	61.59469529508889	67.71785836118256	54.043861891899176	55.47190904008571	86.35482438831524	94.49053331884286	97.55055769388855	88.17384553393919	88.5434500929394	104.36391965543112	104.90300806600276	83.40266231517744	89.58591838248711	93.7726647738988	91.75739373979565
K02067	55.579588332677865	50.64612936256511	46.564577433645276	49.84130173150559	62.62154483788422	71.96492630475339	64.29468575279019	68.6861477891193	61.40474557528924	63.79428328233396	65.05014960955563	65.74342514130058	73.97343468097483	65.64086534172915	69.99874706252793
K02068	48.60206425628108	38.6959190635329	51.389922245421985	52.552334880081204	42.31958281281673	39.200407011532334	40.18417859549387	46.962156860467616	33.16952774379464	48.507173924355314	28.28267374328506	31.701522155513874	27.69357228006344	29.644261767232525	26.98746874699872
K02069	43.30877012935938	31.867227464085914	35.70755160714767	32.32385677147852	37.74449277899871	34.51976139821504	30.484549279340175	33.224927302643756	30.154116130722397	39.099722011753066	26.482867232348735	25.1059034520177	21.931822342600576	21.77945762490553	23.78270683329262
K02071	221.3559362167257	262.1458830676591	160.6839822321645	153.90326643452352	271.9319138850589	927.0603717876564	623.5475988955944	315.31733892028257	688.0621044373928	893.707931697213	422.9545300700356	318.07903102344454	316.33865785683207	293.1152005351869	338.35538941549646
K02072	144.12196281936815	133.53885794474098	105.19251689673233	112.82068718303147	158.9843786751764	428.5716139693647	287.9404245566767	157.4989342327247	293.04318312492944	363.0688472519928	234.48907685341794	199.99618004149693	191.06706244231688	186.184113446241	191.27368474435343
K02073	556.5176961622681	451.54723201343165	573.3715972593678	480.8955723550288	541.8622258803224	802.2919121576674	758.5110125232186	458.4401026855172	673.9444955216455	854.1672353770567	712.0805902911634	638.6048238239925	583.6095097946255	593.8683358624413	636.3139115503292
K02078	2350.463196631732	2075.1635027208326	2071.2792604551537	2221.587394752004	2158.2987234536536	2444.759711905789	2567.353313852794	2163.453920129841	2627.245899971304	2455.638932061454	3561.045739495437	3302.702875302294	3654.0646377587063	3410.9050580338157	3405.6498841915695
K02080	1.9248342279715278	3.9834034330107393	2.8952068870660272	2.7110331485756176	3.1453743982498925	1.755242104993985	1.9399258632307383	3.19470454833113	2.1930266276889014	1.7638972336129204	2.828267374328506	1.9148570429505023	2.416217715710233	3.0249246701257677	2.698746874699872
K02081	81.80545468878994	71.13220416090606	73.58650837959486	69.86123882867938	80.35001871892908	83.66654033804663	74.82571186747134	77.95079097927957	75.6594186552671	67.91004349409744	65.56438004125172	77.8708530799871	86.79797486435992	72.900684550031	80.62506288165868
K02082	1.9248342279715278	3.4143457997234905	0.7238017217665068	2.29395112571783	0.8578293813408798	1.1701614033293235	2.4941903955823777	3.19470454833113	1.644769970766676	1.4699143613441004	2.828267374328506	1.9148570429505023	2.044491913293274	2.1174472690880375	1.8553884763561619
K02083	10.105379696850521	8.346178621546311	9.168155142375753	13.555165742878089	13.43932697434045	7.898589472472933	9.145364783802052	12.459347738491408	12.884031437672297	10.877366273946343	9.770378202225748	9.78704710841368	6.319338641088302	6.049849340251535	7.7588972647621315
K02099	35.128224660480385	30.16005456422417	27.745732667716094	26.067626428611707	38.888265287453216	34.81230174904737	29.376020214636895	35.780690941308656	31.79888610148907	42.33353360671009	37.281706297966664	40.42475979562172	37.35844314290437	37.66031214306581	37.10776952712324
K02100	20.932572229190367	20.865446553865777	21.714051652995206	16.4747399028826	16.87064449970397	15.212098243281204	13.856613308790989	19.487697744819894	23.30090791919458	18.520920952935665	11.57018471316207	13.82952308797585	16.170072405137713	16.9395781527043	17.71052636521791
K02106	3.609064177446615	2.086544655386578	3.136474127654863	2.29395112571783	3.7172606524771457	2.9254035083233085	1.9399258632307383	1.597352274165565	4.386053255377803	3.527794467225841	2.3140369426324137	3.8297140859010046	3.159669320544151	2.722432203113191	1.8553884763561619
K02108	864.0099640807196	710.1839263424861	788.9438767254925	750.7476411440172	866.4076751542885	908.3377893343873	891.5345002876122	854.2639962237442	999.1977572407558	1091.558404734129	796.5429386972464	701.6887252945286	699.7738230499252	702.6900008702158	686.3250645721112
K02109	845.9646431934865	693.4915690993935	696.7797908205573	645.8515123952836	836.6695899344714	958.3621893267159	935.5985306095675	820.4001280114342	965.2058445115778	1027.470138579526	851.8227101045763	695.3058684846935	710.553871320017	719.6295790229201	698.8067688675981
K02110	717.7225627548835	547.8128149778579	525.9625844836617	495.07636113219354	717.4313059280892	754.4615647965812	755.7396898614605	662.9011937787095	777.7020678441767	888.7102228686431	628.1324723167763	671.2637745009816	602.009937014265	628.7305926856408	582.7606532555036
K02111	2478.4646727918384	2125.99931796116	2059.6984329068896	1927.753109648693	2304.7016045358305	2437.1536627841483	2396.639837888489	2147.480397388186	2506.9035637768757	3075.9427925486643	2087.2613222544373	2118.470175184239	2134.449557478178	1958.4874776729282	1941.2423613075516
K02112	1484.047189766048	1224.2326550786338	1232.1517976871835	1165.118630853229	1351.653161866113	1371.1366243511347	1426.3997740069442	1317.176685276925	1360.4988941525023	1631.6049410919513	1251.1226403165917	1233.5934594474459	1219.8182206312508	1181.081837450606	1161.13584283962
K02113	650.8345733328729	531.6895153680525	554.673386113733	553.2593033208549	607.6291451164565	693.9057121742887	683.9624329219232	567.3795277836088	687.5138477804707	681.4522979191249	592.1363420980499	524.2453059811153	562.6070019580674	526.4881388353899	546.8335854860616
K02114	782.445113670426	566.2123451208122	618.3679376291857	629.7938545152589	657.3832492342276	647.3917963919482	703.9159560865822	674.7216006075347	671.0661480728039	687.0379724922325	462.8073885264828	518.713496745925	467.8169223417428	508.48983704814157	480.20827201690844
K02115	1015.1094509764845	761.0197415828136	828.2704369414727	777.0238085840577	887.2815234335833	1005.4611858107212	1013.7498296711486	879.182691700727	987.9584957738501	1012.4770120938164	844.109253629135	821.2609095321044	831.1788942043202	820.2083243046019	794.1062678804374
K02116	199.46094687354957	175.26975105247251	195.185197636368	170.37800633740613	164.98918434456255	159.14195085278797	182.3530311436894	174.7503387937128	199.29129479122892	173.155911766335	141.92759914812137	139.57180224172552	143.8578855353631	155.63237427797074	145.56365955412434
K02160	239.88246566095165	245.4535258245665	224.86106822879478	231.89760470892975	249.05646371596876	272.94014732656467	311.7737994477972	257.173716140656	293.5914397818517	273.9920369545403	380.27340423926	308.50474580869206	324.1448997075882	326.3893719065703	340.2107778918526
K02167	13.714443874297137	21.624190064915442	15.199836157096644	13.555165742878089	13.725270101454077	46.22137543150827	28.267491149933615	32.585986392977524	34.81429771456131	24.400578398312067	33.16786284439793	32.97809351748087	31.22496740302455	36.299096041509216	35.08370937109834
K02168	19.9701551152046	19.917017165053696	17.371241322396163	23.565134291464982	16.298758245476716	59.38569121896316	23.55624262494468	34.502809121976206	28.50934615995572	42.03955073444127	35.2247845711823	39.999236008299384	34.57049962477718	34.18164877242118	28.168170504679914
K02169	18.045320887233075	12.139896176794634	16.888706841218493	13.555165742878089	14.869042609908583	20.77036490909549	12.47095197791189	16.292993196488762	16.44769970766676	23.812612653774426	46.53785406849632	41.70133115758872	34.94222542719414	40.23149811267271	38.9631580034794
K02170	19.48894655821172	15.74392785428054	17.612508562985	17.308903948598175	22.5895070419765	28.08387367990376	23.27911035876886	27.79392957048083	27.961089503033495	26.458458504193807	25.45440636895655	20.85066557879436	22.303548145017537	21.476965157892952	24.288721872298847
K02173	30.797347647544445	24.469478231351683	26.298129224183082	22.522429234320516	29.166198965589913	21.355445610760153	25.496168488175417	26.196577296315265	29.879987802261283	24.400578398312067	35.2247845711823	22.978284515406028	32.340144810275426	24.35064359451243	30.023558981036075
K02182	14.195652431290018	10.812095032457721	13.028430991797123	13.138083720020301	11.151781957431437	14.04193683995188	12.47095197791189	12.459347738491408	16.44769970766676	13.523212124365724	10.541723849769886	11.06361847038068	11.895225677342685	9.982251411415033	10.457644139462003
K02192	0.721812835489323	2.276230533148994	5.549146533543219	2.29395112571783	1.429715635568133	0.5850807016646618	1.9399258632307383	1.277881819332452	3.289539941533352	3.821777339494661	27.768443311588968	45.74380713715089	38.84534635257221	35.54286487397777	40.81854647983556
K02193	21.41378078618325	21.24481830939061	20.26644820946219	25.233462382896132	19.444132643726608	17.84496140077218	23.27911035876886	26.835518205981494	23.575036247655692	18.814903825204485	14.912682519186667	15.531618237265185	15.984209503929234	14.519638416603685	15.686466209193005
K02194	4.571481291432379	6.069948088397317	5.066612052365548	5.422066297151235	5.718862542272532	5.265726314981955	6.096909855868034	8.306231825660939	5.756694897683366	2.6458458504193807	5.14230431696092	7.446666278140842	5.390024135045905	4.3861407716823635	5.734837108737228
K02195	12.03021392482205	11.191466787982552	10.374491345319932	13.763706754306982	14.29715635568133	16.089719295778195	16.627935970549185	17.251404560988103	13.980544751516748	17.344989463860383	16.455373814274942	12.340189832347683	11.709362776134206	9.074774010377304	8.939599022443327
K02196	1.443625670978646	0.9484293888120807	3.136474127654863	1.876869102860043	2.859431271136266	1.4627017541616543	2.217058129406558	1.9168227289986781	1.3706416423055634	2.3518629781505607	1.5426912950882758	2.127618936611669	0.18586290120847945	1.6637085685691722	2.698746874699872
K02197	7.21812835489323	8.535864499308726	7.479284458253904	10.21850956001579	9.436123194749678	4.095564911652632	7.482571186747133	7.986761370827825	4.386053255377803	8.819486168064602	7.199226043745288	5.957333022512674	7.620378949547658	8.016050375833284	7.084210546087164
K02198	12.752026760311372	10.622409154695305	14.234767194741302	13.138083720020301	17.442530753931223	16.382259646610528	19.95352316465902	18.20981592548744	14.528801408438973	16.757023719322746	15.684028166730805	15.106094449942852	15.426620800303795	15.427115817641415	19.734586521242814
K02199	9.624171139857639	8.535864499308726	8.926887901786918	6.047689331437916	8.578293813408798	7.313508770808271	6.928306654395494	7.028350006328486	9.320363167677831	4.115760211763481	5.9136499645050575	8.510475746446676	7.434516048339178	10.133497644921322	7.084210546087164
K02200	19.72955083670816	21.24481830939061	16.40617236004082	16.4747399028826	21.159791406408367	15.212098243281204	17.182200502900827	19.16822728998678	17.270084693050098	16.169057974785105	18.255180325211263	14.680570662620518	11.709362776134206	20.418241523348932	16.698496287205458
K02217	1650.7859547640817	1319.2652798376043	1061.8171258314655	1288.574909619134	1152.0648591408017	1336.909403303752	1270.6514404161337	812.7328370954395	1177.381170740479	1111.2552571761398	63.50745831446736	56.5946637138704	69.51272505197132	68.36329754484235	58.69774452472222
K02221	72.90309638442162	70.75283240538123	61.281879109564244	63.60500848581257	71.19983865129302	102.97420349298046	87.29666384538322	67.40826596978684	89.09170674986163	92.89858763694714	93.84705378453678	98.72151865878146	88.6566038764447	86.36159933209066	90.23934862277697
K02226	14.195652431290018	15.364556098755708	12.304629270030617	11.261214617160258	10.579895703204183	13.74939648911955	15.242274639670088	12.77881819332452	15.077058065361198	15.875075102516284	12.855760792402299	15.318856343604018	10.594185368883329	15.729608284653992	12.481704295486908
K02231	24.78224068513342	19.34795953176645	17.12997408180733	19.185773051458217	17.442530753931223	22.525607014089477	23.27911035876886	22.36293183831791	16.721828036127874	15.581092230247464	21.08344769953977	18.935808535843858	17.47111271359707	18.60328672127347	23.108020114617652
K02233	9.142962582864758	7.018377477209397	7.72055169884274	7.507476411440172	7.148578177840665	13.456856138287218	15.242274639670088	21.723990928651684	11.787518123827846	15.287109357978643	10.28460863392184	6.808380597157342	9.293145060423972	8.772281543364727	10.12030078012452
K02237	4.0902727344394965	5.500890455110069	4.584077571187876	3.96227921714898	6.004805669386158	3.51048420998797	5.265513057340575	4.472586367663582	6.853208211527817	5.585674573107581	3.8567282377206897	6.382856809835008	4.088983826586548	6.049849340251535	6.409523827412196
K02238	19.48894655821172	21.24481830939061	21.955318893584042	21.896806200033836	19.158189516612982	18.430042102436843	21.0620522293623	18.529286380320556	17.818341349972325	19.990835314279764	17.74094989351517	18.72304664218269	19.515604626890344	14.973377117122551	16.8671679668742
K02255	213.1753907478467	234.6414307921088	81.54832731902644	112.82068718303147	176.14096630199398	198.92743856598497	207.01780283333736	154.62370013922668	185.5848783681733	192.26479846380832	198.4929466346915	170.20951492893354	204.6350542305359	210.08101834023458	194.815790017397
K02257	233.6267544200442	320.00007578519603	305.92686106664354	300.7161384804647	318.54064360458005	271.1849052215707	274.9152080464132	336.402388939268	210.53055625813454	216.9593597343892	364.0751456408331	331.6957922177592	404.6235359308598	388.85406634466744	407.6794497593494
K02297	540.15660522451	1116.680762387344	702.8114718352781	802.6743529898117	806.9315047146542	1539.6398664305573	1106.866271106224	1079.1711964262558	1086.6446940198507	1338.210034567669	1051.8583480343561	1112.3191800605807	1154.5803423070745	1040.422840289758	1034.800754767732
K02298	620.2778299638248	1109.852070787897	776.6392474554618	807.0537142298185	1067.9975797693953	1572.4043857237784	1097.9980385885979	1180.4433306083527	1057.8612195314338	1315.5733534029698	1374.2808287078058	1290.4008850549774	1382.2623962874618	1219.6496269947095	1187.6172965476123
K02299	191.28040140467058	291.3575082430712	242.71484403236863	235.02571988036317	276.50700391887693	309.8002315314384	257.17874301116075	296.14911163029575	215.7389944988957	227.54274313606675	314.45190898216026	342.3338869008176	362.2467944553265	336.5228695514917	331.439850549078
K02300	151.58069545275782	207.7060361498457	202.90574933521074	204.1616501888869	180.716056335812	182.54517891937445	158.24252398639308	182.41762970970754	147.75516904053973	137.58398422180778	188.20833800076966	243.39960634837496	243.2945376818996	229.44053622903948	234.45363473955138
K02302	58.7074439531316	59.18199386187384	53.32006017013267	53.17795791436789	60.333999820975215	64.35887718311278	62.909024421911084	68.04720687945307	65.24254217374482	62.618351793258675	61.96476701937908	63.19028241736658	64.68028962055085	62.91843313861597	60.04711796207215
K02313	122.22697347619203	143.59220946614903	135.35092197033677	123.03919674304726	140.39807541279066	114.38327717544136	148.82002693641522	147.91482058773133	145.28801408438972	153.16507645205525	182.8089184679607	182.33694286762005	180.8446028758505	164.1021633543229	171.8764415824481
K02314	115.73065795678812	110.20749497996378	91.68155142375754	86.12743772013309	93.78934569326952	100.63388068632182	113.34709686591029	106.06419100459352	103.6205081583006	115.53526880164628	138.07087091040069	152.76303964871786	146.45996615228182	145.801369100062	132.9132835789687
K02315	29.3537219765658	37.17843204143357	39.08529297539137	35.86905396576971	35.17100463497607	28.668954381568422	33.53300420727419	29.071811389813284	27.961089503033495	37.92379052267779	38.0530519455108	32.127045942836205	36.800854439278936	32.366693970345715	31.878947457392236
K02316	142.43773286989307	158.5773938093799	137.28105989504746	146.81287204594113	142.9715635568133	117.01614033293234	139.67466215261317	128.10765238807832	160.91332880667315	114.94730305710864	191.03660537509816	159.5714202458752	186.60635281331338	194.80514875609944	168.671679668742
K02317	19.248342279715278	21.813875942677857	18.57757752534034	19.8113960857449	22.303563914862874	18.137501751604514	26.604697552878697	19.487697744819894	25.219806218422367	22.048715420161507	28.79690417498115	23.616570196389528	21.931822342600576	22.38444255893068	24.963408590973817
K02335	208.84451373491078	191.2033647845155	171.05847357748445	177.8854827488463	204.449335886243	209.4588911959489	216.44029988331522	194.55750699336582	202.58083473276227	244.2997668553895	245.03080070318782	240.20817794345746	240.6924570649809	228.07932012748287	227.03208083412673
K02336	30.556743369048007	28.832253419887255	34.01868092302582	32.32385677147852	32.02563023672618	21.940526312424815	26.604697552878697	31.9470454833113	22.204394605350128	19.402869569742126	24.94017593726046	27.446284282290534	23.418725552268413	22.23319632542439	22.93934843494891
K02337	250.95026247178794	257.02436436807386	226.06740443173896	222.51325919462954	243.62354430080987	241.9308701383376	243.32212970236975	245.03383885699768	259.5995270526737	269.582293870508	260.4577136540706	269.1437954813762	260.9515132967052	277.5368384840392	262.79047692390003
K02338	110.19675955136998	112.67341139087519	113.15433583616391	101.35093155444233	101.22386699822381	105.02198594880677	95.333499564482	100.95266372726371	130.21095601902852	121.7089091192915	146.29855781753815	148.29503988183336	140.88407911602744	148.82629377018776	136.9614038910185
K02339	41.14333162289141	36.609374408146316	37.637689531858356	37.328841045771966	32.02563023672618	33.64214034571805	44.34116258813116	43.767452312136484	41.941634254550245	34.395996055451945	54.50842575978575	45.318283349828555	44.42123338882659	42.953930315785904	46.04736854956656
K02340	88.0611659296974	81.18555568231412	80.82452559725994	82.5822405258419	90.358028167906	98.00101752883083	101.70754168652586	89.45172735327164	96.21904328985056	104.36391965543112	88.70474946757587	86.59409072009494	100.3659666525789	97.40257437804972	87.70927342774584
K02341	30.797347647544445	41.73089310773155	33.53614644184815	36.0775949771986	46.89467284663476	41.833270169023315	42.40123672490042	50.15686140879874	45.5053025245447	40.27565350082835	42.16689539907954	38.72266464633238	36.98671734048742	41.44146798072302	36.60175448811702
K02342	121.02395208370982	118.93304535703493	122.32249097853966	120.53670460590054	116.37885273524603	120.23408419208798	131.08356190116274	122.6766546559154	117.05279625289512	137.29000134953898	106.95992979278712	127.86989809036133	118.39466806980141	108.29230319050248	113.85338377640085
K02343	90.46720871466181	93.894509492396	90.7164824614022	82.99932254869968	106.37084328626909	94.78307366967519	96.16489636300946	105.7447205497604	112.3926146690562	88.78282742518365	135.24260353607218	122.33808885517098	122.66951479759645	125.0806351097005	109.29924842534481
K02344	21.173176507686808	26.745708764500677	23.64418957770589	32.32385677147852	27.73648333002178	25.743550873245116	36.30432686903239	31.308104573645075	32.62127108687241	29.398287226882008	37.795936729662756	32.33980783649737	37.17258024169589	36.75283474202808	32.553634176067206
K02345	48.1208556992882	56.14701981767518	53.32006017013267	56.30607308580129	47.75250222797564	66.11411928810678	78.15129906158117	64.53303187628883	74.83703366988377	82.31520423526962	60.67919094013885	53.828759096275235	49.06780591903858	48.70128718902486	53.97493749399744
K02346	16.120486659261545	15.933613732042957	17.12997408180733	17.934526982884854	16.298758245476716	14.334477190784211	22.72484582641722	14.376170467490086	18.640726335355662	16.463040847053925	16.71248903012299	16.59542770557102	17.47111271359707	13.460914782059666	17.879198044886653
K02348	36.81245460995547	32.43628509737316	43.910637787168085	42.12528430863652	48.3243884822029	38.9078666607	31.59307834404345	40.57274776380535	34.81429771456131	46.74327669074239	41.65266496738345	37.65885517802655	37.17258024169589	40.98772928020415	44.52932343254789
K02355	6682.062022403159	7029.379258119618	6778.644391583925	6240.589767009643	6925.542538692036	7866.410033881377	7607.003574260077	7204.3782269415315	7477.12428710531	8147.441322058079	11409.74481847289	11158.297513059899	12331.445906478986	10344.183648195582	10867.347649377378
K02356	320.48489895725936	313.8352847579175	267.4447361927243	262.24032187183377	237.61873863142372	278.7909543432113	300.8270749338523	256.53477523098974	307.02372787644623	318.5304421032665	395.18608675844666	533.3940674085455	545.6005464974915	507.58235964710383	496.3164174252733
K02357	1328.3762215788506	1217.2142776014243	1303.0843664203012	1254.5827247562243	1230.4132759699353	1238.908385774921	1248.480859122068	1204.403614720836	1334.1825746202355	1533.1206788818968	1357.0541092459866	1584.8633458820325	1506.9764029983514	1546.7952300688114	1481.443362530561
K02358	5216.541362081337	5001.447538961626	4954.060884630856	4719.804441164436	5297.811287597717	5542.615757044757	5562.460280547966	5378.444842342874	5720.921150819191	6729.1209547971575	8124.069475150709	8020.485105345009	7722.324750860509	7342.702144263289	7541.901148868295
K02361	0.48120855699288195	2.655602288673826	0.7238017217665068	2.29395112571783	1.1437725084545063	0.8776210524969925	1.108529064703279	1.277881819332452	0.5482566569222254	0.8819486168064602	217.77658782329493	281.9095091010462	124.8998696120982	164.70714828834807	162.59949920066728
K02362	3.8496684559430556	3.4143457997234905	1.930137924710685	2.0854101142889365	1.7156587626817597	2.9254035083233085	2.4941903955823777	2.236293183831791	3.563668269994465	1.4699143613441004	6.942110827897242	5.744571128851507	3.3455322217526304	5.898603106745247	4.554135351056034
K02363	2.646647063460851	2.845288166436242	1.930137924710685	3.3366561828622987	2.2875450169090126	3.803024560820301	1.3856613308790988	3.8336454579973562	1.3706416423055634	1.4699143613441004	228.83254210476093	250.2079869455323	125.8291841181406	156.99359037952735	164.11754431768597
K02364	16.361090937757986	13.847069076656378	13.510965472974794	14.389329788593663	13.725270101454077	10.823992980796241	14.410877841142627	15.334581831989425	13.158159766133409	13.523212124365724	132.41433616174368	168.93294356696654	89.77178128369557	104.96488605336414	105.75714315230123
K02372	302.68018234852275	281.30415672166316	271.90818014361776	279.02787329185975	284.51341147805846	278.49841399237897	262.4442560685013	269.9525343339805	330.5987641241019	339.55021747048715	350.4480392008867	404.6731217435395	373.39856852783527	383.56044817194737	369.5596501542137
K02377	3.368459898950174	3.2246599219610745	3.619008608832534	2.0854101142889365	4.0032037795907724	3.51048420998797	1.3856613308790988	2.555763638664904	2.741283284611127	2.3518629781505607	1.799806510936322	1.2765713619670016	2.044491913293274	1.5124623350628839	1.349373437349936
K02379	33.443994711005296	28.642567542124837	34.983749885381165	34.20072587433856	31.739687109612554	30.13165613573008	28.821755682285254	27.47445911564772	32.62127108687241	34.983961799989586	28.025558527437013	25.318665345678866	27.69357228006344	28.888030599701082	29.011528903023624
K02380	52.69233699072058	48.938956462703366	54.76766361366568	53.38649892579678	56.90268229561169	54.9975859564782	57.36637909839469	53.990506866796096	57.292820648372555	57.326660092419914	67.36418655218804	71.4879962701521	68.39754764472045	62.464694438097105	61.73383475875957
K02381	0.9624171139857639	0.7587435110496646	0.7238017217665068	1.251246068573362	0.5718862542272531	1.4627017541616543	1.108529064703279	1.277881819332452	0.822384985383338	1.1759314890752803	0.257115215848046	1.7020951492893355	0.7434516048339178	0.30249246701257676	0.674686718674968
K02386	2.887251341957292	3.604031677485907	3.3777413682436985	4.170820228577873	3.1453743982498925	2.340322806658647	3.6027194602856567	5.750468186996034	6.030823226144479	4.409743084032301	3.0853825901765517	2.553142723934003	4.088983826586548	3.0249246701257677	3.8794486323810657
K02387	0.721812835489323	1.138115266574497	0.4825344811776712	0.41708202285778734	0.8578293813408798	0.5850807016646618	0.0	0.319470454833113	1.3706416423055634	1.4699143613441004	0.7713456475441379	0.8510475746446677	0.7434516048339178	1.0587236345440187	0.506015039006226
K02388	1.443625670978646	1.327801144336913	0.4825344811776712	0.8341640457155747	0.8578293813408798	1.1701614033293235	1.3856613308790988	0.638940909666226	0.5482566569222254	0.5879657445376402	1.5426912950882758	1.0638094683058346	1.1151774072508769	0.6049849340251535	0.337343359337484
K02389	2.646647063460851	1.327801144336913	1.930137924710685	1.6683280914311494	1.429715635568133	2.340322806658647	1.9399258632307383	1.9168227289986781	1.0965133138444507	2.3518629781505607	3.0853825901765517	1.9148570429505023	1.4869032096678356	1.8149548020754607	1.349373437349936
K02390	4.330877012935938	5.690576332872484	3.86027584942137	5.422066297151235	5.4329194151589055	5.265726314981955	6.374042122043854	5.750468186996034	4.934309912300028	6.761606062182862	8.227686907137471	5.957333022512674	3.5313951229611096	6.049849340251535	7.7588972647621315
K02391	1.2030213924822049	1.7071728998617453	1.4476034435330136	2.502492137146724	2.2875450169090126	1.4627017541616543	2.4941903955823777	1.597352274165565	3.289539941533352	0.8819486168064602	1.28557607924023	1.9148570429505023	1.3010403084593563	0.9074774010377303	1.180701757681194
K02392	3.609064177446615	2.276230533148994	4.342810330599041	3.3366561828622987	6.004805669386158	2.6328631574909775	4.434116258813116	4.472586367663582	4.660181583838916	4.409743084032301	2.828267374328506	2.553142723934003	3.159669320544151	3.3274171371383443	4.722807030724776
K02393	1.684229949475087	1.8968587776241614	1.4476034435330136	1.4597870800022557	2.2875450169090126	2.9254035083233085	1.3856613308790988	0.9584113644993391	1.0965133138444507	2.6458458504193807	1.28557607924023	2.127618936611669	1.1151774072508769	1.8149548020754607	1.180701757681194
K02394	1.9248342279715278	2.655602288673826	2.412672405888356	2.0854101142889365	2.0016018897953862	2.6328631574909775	2.7713226617581976	1.9168227289986781	2.741283284611127	1.1759314890752803	2.57115215848046	1.9148570429505023	4.4607096290035075	2.722432203113191	2.53007519503113
K02395	1.2030213924822049	1.7071728998617453	2.6539396464771916	3.128115171433405	2.5734881440226394	1.4627017541616543	1.6627935970549186	2.236293183831791	4.660181583838916	3.2338115949570208	1.28557607924023	2.127618936611669	1.3010403084593563	1.5124623350628839	1.180701757681194
K02396	10.586588253843404	7.39774923273423	11.822094788852946	8.341640457155746	9.436123194749678	4.680645613317294	6.374042122043854	8.945172735327164	9.594491496138945	9.701434784871063	8.999032554681609	8.510475746446676	10.03659666525789	7.108572974795554	7.084210546087164
K02397	20.932572229190367	18.020158387429536	17.612508562985	21.271183165747154	18.014417008158475	24.86592982074812	13.02521651026353	20.12663865448612	18.09246967843344	16.757023719322746	12.598645576554253	15.531618237265185	17.28524981238859	15.729608284653992	14.843107810849295
K02398	3.1278556204537327	3.9834034330107393	3.619008608832534	3.96227921714898	4.289146906704399	1.755242104993985	3.325587194109837	4.792056822496695	3.0154116130722395	2.9398287226882007	2.828267374328506	3.191428404917504	2.044491913293274	3.3274171371383443	3.542105273043582
K02399	8.180545468878993	7.208063354971814	7.961818939431575	7.716017422869066	8.006407559181545	5.850807016646617	7.759703452922953	8.625702280494052	6.853208211527817	7.643554678989322	7.7134564754413795	7.659428171802009	7.062790245922219	8.621035309858438	7.927568944430874
K02400	12.51142248181493	10.812095032457721	11.339560307675274	8.758722480013533	10.293952576090557	10.823992980796241	7.205438920571313	12.459347738491408	8.22384985383338	6.4676231899140415	8.741917338833563	6.808380597157342	7.248653147130699	6.957326741289266	8.264912303768359
K02401	0.48120855699288195	2.46591641091141	0.7238017217665068	1.4597870800022557	0.8578293813408798	1.4627017541616543	0.5542645323516395	1.277881819332452	2.1930266276889014	1.7638972336129204	1.028460863392184	1.2765713619670016	0.5575887036254384	1.8149548020754607	1.8553884763561619
K02402	8.180545468878993	7.587435110496646	7.72055169884274	8.133099445726852	8.578293813408798	3.51048420998797	8.591100251450413	5.430997732162921	7.401464868450042	4.703725956301121	6.684995612049195	7.2339043844796755	9.107282159215494	6.503588040770401	7.084210546087164
K02403	5.533898405418142	5.500890455110069	6.514215495898561	5.839148320009023	3.1453743982498925	3.51048420998797	4.711248524988936	3.19470454833113	3.289539941533352	3.821777339494661	4.113843453568736	5.744571128851507	5.575887036254384	4.839879472201228	4.385463671387292
K02405	1.2030213924822049	1.327801144336913	1.206336202944178	1.876869102860043	1.7156587626817597	1.1701614033293235	1.9399258632307383	1.597352274165565	0.822384985383338	1.7638972336129204	1.28557607924023	0.6382856809835008	0.7434516048339178	1.3612161015565956	1.180701757681194
K02406	79.8806204608184	77.96089576035304	82.03086180020411	82.99932254869968	76.91870119356555	64.65141753394512	65.9574793498451	73.15873415678288	56.47043566298921	44.39141371259183	53.73708011224161	53.190473415291734	50.36884622749793	54.902382762782686	46.72205526824153
K02407	2.4060427849644097	2.086544655386578	5.066612052365548	2.9195741600045113	5.4329194151589055	2.340322806658647	3.8798517264614767	2.236293183831791	3.563668269994465	4.115760211763481	3.0853825901765517	2.978666511256337	3.159669320544151	1.966201035581749	3.7107769527123238
K02408	0.9624171139857639	1.138115266574497	0.9650689623553425	1.251246068573362	2.5734881440226394	1.755242104993985	0.5542645323516395	0.319470454833113	2.1930266276889014	0.0	0.257115215848046	1.7020951492893355	1.3010403084593563	0.7562311675314419	0.506015039006226
K02409	0.721812835489323	1.327801144336913	1.6888706841218493	2.0854101142889365	1.429715635568133	0.5850807016646618	1.108529064703279	0.319470454833113	1.3706416423055634	1.7638972336129204	2.57115215848046	2.127618936611669	0.7434516048339178	1.209969868050307	1.012030078012452
K02410	2.646647063460851	2.655602288673826	0.7238017217665068	1.6683280914311494	2.0016018897953862	0.5850807016646618	1.9399258632307383	2.236293183831791	1.3706416423055634	1.1759314890752803	1.028460863392184	2.3403808302728364	1.1151774072508769	2.1174472690880375	1.349373437349936
K02411	0.9624171139857639	2.46591641091141	1.930137924710685	0.8341640457155747	1.429715635568133	0.8776210524969925	0.8313967985274593	0.638940909666226	0.0	0.8819486168064602	0.7713456475441379	0.6382856809835008	1.1151774072508769	0.9074774010377303	0.506015039006226
K02412	0.721812835489323	1.327801144336913	1.6888706841218493	1.0427050571444683	0.28594312711362657	1.1701614033293235	0.5542645323516395	2.236293183831791	1.0965133138444507	0.2939828722688201	1.028460863392184	0.8510475746446677	0.18586290120847945	0.6049849340251535	0.84335839834371
K02413	0.9624171139857639	1.327801144336913	0.0	0.41708202285778734	0.5718862542272531	0.2925403508323309	0.27713226617581976	0.9584113644993391	1.0965133138444507	0.2939828722688201	0.257115215848046	0.42552378732233387	0.3717258024169589	0.7562311675314419	0.84335839834371
K02414	3.8496684559430556	3.604031677485907	1.4476034435330136	2.9195741600045113	2.0016018897953862	0.5850807016646618	2.4941903955823777	3.19470454833113	3.563668269994465	2.3518629781505607	1.5426912950882758	2.127618936611669	2.2303548145017538	2.722432203113191	3.204761913706098
K02415	1.443625670978646	1.5174870220993293	0.9650689623553425	1.251246068573362	1.429715635568133	0.8776210524969925	0.8313967985274593	1.277881819332452	1.3706416423055634	1.4699143613441004	1.799806510936322	2.127618936611669	1.1151774072508769	1.3612161015565956	1.68671679668742
K02416	4.0902727344394965	3.4143457997234905	3.86027584942137	3.5451971942911924	3.1453743982498925	1.755242104993985	3.048454927934017	4.472586367663582	2.741283284611127	3.527794467225841	2.828267374328506	2.978666511256337	2.416217715710233	3.1761709036320562	3.204761913706098
K02417	1.443625670978646	0.9484293888120807	0.4825344811776712	0.8341640457155747	0.28594312711362657	0.2925403508323309	0.27713226617581976	0.638940909666226	0.822384985383338	0.8819486168064602	0.514230431696092	0.0	0.5575887036254384	0.45373870051886517	0.337343359337484
K02418	0.24060427849644098	0.7587435110496646	0.2412672405888356	0.8341640457155747	0.8578293813408798	0.5850807016646618	0.0	0.638940909666226	0.2741283284611127	0.2939828722688201	1.028460863392184	0.42552378732233387	0.18586290120847945	0.15124623350628838	0.337343359337484
K02419	0.721812835489323	0.9484293888120807	0.7238017217665068	1.6683280914311494	1.1437725084545063	0.8776210524969925	0.8313967985274593	1.9168227289986781	1.3706416423055634	1.1759314890752803	0.514230431696092	1.0638094683058346	0.9293145060423973	1.8149548020754607	1.518045117018678
K02420	0.721812835489323	1.138115266574497	0.4825344811776712	0.8341640457155747	0.28594312711362657	0.8776210524969925	0.5542645323516395	1.277881819332452	0.822384985383338	0.5879657445376402	0.0	1.0638094683058346	0.7434516048339178	0.7562311675314419	0.84335839834371
K02421	2.165438506467969	5.500890455110069	3.619008608832534	3.5451971942911924	3.4313175253635193	1.755242104993985	4.156983992637296	3.514175003164243	4.11192492691669	3.821777339494661	2.056921726784368	3.6169521922398378	2.416217715710233	2.722432203113191	4.048120312049808
K02422	2.165438506467969	1.5174870220993293	2.1714051652995203	3.5451971942911924	2.5734881440226394	2.340322806658647	3.6027194602856567	2.875234093498017	1.0965133138444507	2.6458458504193807	2.57115215848046	1.9148570429505023	1.8586290120847946	1.8149548020754607	1.349373437349936
K02423	0.24060427849644098	1.7071728998617453	2.1714051652995203	1.4597870800022557	1.1437725084545063	0.5850807016646618	2.4941903955823777	1.277881819332452	1.3706416423055634	0.2939828722688201	0.7713456475441379	1.4893332556281684	1.6727661108763152	0.7562311675314419	0.674686718674968
K02424	168.90420350450157	222.88090637083897	316.7838868931412	277.77662722328637	321.97196112994357	547.6355367581234	470.8477202327178	371.86360942574356	467.38880002619715	512.1181634922846	348.13400225825427	234.2508449209448	257.0483923713271	273.1506977123568	286.7418554368614
K02425	3.368459898950174	6.828691599446981	5.549146533543219	6.881853377153491	5.4329194151589055	3.51048420998797	4.988380791164755	5.430997732162921	4.660181583838916	5.291691700838761	4.628073885264827	4.467999766884506	5.761749937462864	5.142371939213805	5.90350878840597
K02426	14.55655884903468	13.941912015537588	16.044271499157567	16.683280914311496	17.442530753931223	16.96734034827519	17.320766635988736	15.49431705940598	15.762378886513979	14.699143613441004	29.56824982252529	32.65895067698912	21.838890891996336	27.148698914378762	24.963408590973813
K02427	243.25092555990184	300.08305862014237	303.27292142016637	276.3168401432841	249.05646371596876	225.84115084255941	237.22521984650172	248.86748431499504	216.56137948427903	203.43614761002348	294.9111525777087	272.760747673616	288.8309484779771	265.4371398035361	298.21152965433583
K02429	2.165438506467969	2.276230533148994	1.6888706841218493	3.5451971942911924	1.1437725084545063	0.5850807016646618	1.3856613308790988	1.597352274165565	1.3706416423055634	2.0578801058817406	1.799806510936322	1.9148570429505023	2.044491913293274	2.722432203113191	2.53007519503113
K02430	42.58695729387006	36.4196885303839	37.87895677244719	33.783643851480775	35.17100463497607	36.567543854041354	38.52138499843895	31.9470454833113	28.50934615995572	32.33811594957021	29.054019390829197	29.361141325241036	34.75636252598566	27.375568264638197	32.72230585573595
K02431	34.6470161034875	40.21340608563222	36.91388781009185	39.6227921714898	39.46015154168047	43.5885122740173	35.47293007050493	37.69751367030734	40.02273595532245	52.32895126384997	42.42401061492759	40.21199790196055	39.40293505619765	37.50906590955952	42.1679199171855
K02437	55.338984054181424	44.95555302969263	55.97399981660986	56.93169612008797	55.75890978715719	46.513915782340604	56.53498229986723	50.15686140879874	55.92217900606699	61.44242030418339	92.8185929211446	98.08323297779796	85.68279745710903	96.3438507435057	96.64887245018916
K02438	462.20081899166314	368.5596604923746	332.22499029082667	355.3538834748348	371.7260652477146	378.2546736262038	350.572316712412	332.88821393610374	420.23872753088574	442.4442227645742	421.1547235590993	348.92950560431376	340.8725608163513	352.10123160263936	370.06566519321996
K02439	31.51916048303377	38.12686143024565	30.640939554782122	32.32385677147852	32.02563023672618	42.710891221520306	41.569839926372964	41.21168867347158	43.86053255377803	40.86361924536599	40.881319319839314	38.509902752671216	39.7746608586146	36.90408097553436	39.30050136281689
K02440	4.0902727344394965	5.121518699585236	8.926887901786918	2.502492137146724	6.004805669386158	5.850807016646617	5.819777589692215	4.792056822496695	4.11192492691669	3.527794467225841	6.684995612049195	4.042475979562171	6.505201542296781	4.234894538176075	4.385463671387292
K02441	52.211128433727694	57.09544920648726	45.11697399011226	54.63774499437014	43.17741219415762	53.82742455314887	57.08924683221887	57.82415232479345	60.30823226144479	60.56047168737693	58.87938442920253	61.27542537441607	57.059910671003195	67.30457391029833	65.61328339114064
K02445	4.812085569928819	7.018377477209397	7.479284458253904	4.379361240006767	4.0032037795907724	4.388105262484963	2.7713226617581976	6.38940909666226	4.660181583838916	4.997708828569941	3.3424978060245976	3.404190298578671	4.088983826586548	3.1761709036320562	5.734837108737228
K02446	12.270818203318491	16.502671365330205	17.250607702101746	12.82527220287696	15.154985737022209	22.525607014089477	18.844994099955745	17.251404560988103	20.422560470352895	18.226938080666844	19.41219879652747	20.105998950980275	16.355935306346193	17.09082438621059	17.035839646542943
K02450	7.458732633389671	6.449319843922149	5.7904137741320545	8.133099445726852	7.434521304954291	4.680645613317294	5.819777589692215	6.708879551495373	5.482566569222254	4.703725956301121	2.828267374328506	3.404190298578671	5.761749937462864	4.3861407716823635	6.072180468074712
K02451	3.609064177446615	6.449319843922149	4.825344811776712	4.379361240006767	4.575090033818025	4.973185964149624	4.711248524988936	4.1531159128304695	6.853208211527817	5.8796574453764014	4.628073885264827	4.042475979562171	3.9031209253780688	4.839879472201228	5.734837108737228
K02452	2.7669492027090716	2.086544655386578	4.342810330599041	3.128115171433405	2.0016018897953862	1.4627017541616545	1.108529064703279	2.3960284112483476	1.3706416423055634	0.7349571806720502	1.799806510936322	1.382952308797585	2.787943518127192	2.419939736100614	2.108395995859275
K02453	17.08290377324731	10.812095032457721	14.234767194741302	11.469755628589152	6.862635050727039	8.191129823305264	11.08529064703279	9.58411364499339	10.416876481522282	6.173640317645222	7.970571691289425	12.55295172600885	11.151774072508768	12.553437381021936	11.301002537805713
K02454	6.015106962411025	4.742146944060404	6.755482736487397	5.2135252857223415	2.859431271136266	3.2179438591556395	2.4941903955823777	3.19470454833113	2.741283284611127	4.409743084032301	5.399419532808966	4.042475979562171	4.646572530211986	5.142371939213805	5.06015039006226
K02455	9.142962582864758	6.828691599446981	8.20308618002041	8.133099445726852	7.434521304954291	7.02096841997594	6.096909855868034	5.430997732162921	6.030823226144479	8.231520423526963	7.199226043745288	5.957333022512674	7.248653147130699	6.654834274276689	5.2288220697310015
K02456	2.4060427849644097	2.086544655386578	1.206336202944178	1.0427050571444683	1.429715635568133	0.2925403508323309	1.6627935970549186	0.9584113644993391	1.3706416423055634	1.1759314890752803	1.28557607924023	1.0638094683058346	1.3010403084593563	1.209969868050307	0.337343359337484
K02457	0.9624171139857639	0.7587435110496646	0.4825344811776712	1.6683280914311494	0.28594312711362657	0.2925403508323309	0.5542645323516395	1.277881819332452	0.0	0.2939828722688201	0.257115215848046	1.0638094683058346	0.18586290120847945	0.30249246701257676	0.84335839834371
K02458	0.24060427849644098	2.086544655386578	0.7238017217665068	1.4597870800022557	0.5718862542272531	0.8776210524969925	1.3856613308790988	0.638940909666226	0.822384985383338	0.2939828722688201	0.257115215848046	1.0638094683058346	1.6727661108763152	1.0587236345440187	1.518045117018678
K02459	1.443625670978646	2.655602288673826	1.4476034435330136	3.3366561828622987	0.5718862542272531	1.1701614033293235	1.108529064703279	1.277881819332452	1.0965133138444507	0.0	1.028460863392184	1.2765713619670016	2.416217715710233	1.6637085685691722	1.180701757681194
K02460	6.015106962411025	4.742146944060404	5.307879292954383	4.379361240006767	2.859431271136266	5.265726314981955	3.048454927934017	4.1531159128304695	4.934309912300028	4.115760211763481	2.57115215848046	5.319047341529173	3.717258024169589	2.5711859696069026	4.21679199171855
K02461	24.6619385458852	25.32306468128256	23.885456818294724	23.565134291464982	19.158189516612982	18.86885262868534	21.20061836245021	18.84875683515367	20.422560470352895	20.137826750414174	14.269894479566553	21.808094100269614	23.418725552268413	24.275020477759284	21.42130331793023
K02462	3.609064177446615	3.034974044198658	4.463443950893459	4.58790225143566	4.289146906704399	2.9254035083233085	4.434116258813116	4.632321595080139	4.7972457480694715	3.086820158822611	3.3424978060245976	2.9786665112563373	3.066737869939911	3.403040253891489	2.614411034865501
K02464	5.774502683914584	7.777120988259062	7.72055169884274	11.886837651446939	5.718862542272532	5.265726314981955	6.928306654395494	11.181465919158954	5.208438240761141	5.291691700838761	8.741917338833563	9.574285214752512	8.735556356798535	8.46978907635215	9.27694238178081
K02466	3.1278556204537327	5.311204577347652	2.412672405888356	3.5451971942911924	1.7156587626817597	1.1701614033293235	1.9399258632307383	2.555763638664904	2.741283284611127	2.6458458504193807	1.028460863392184	2.76590461759517	1.8586290120847946	1.8149548020754607	1.518045117018678
K02467	15.639278102268664	20.10670304281611	17.12997408180733	20.854101142889366	21.731677660635622	19.307663154933834	21.0620522293623	16.612463651321878	19.463111320739	21.754732547892687	19.283641188603447	19.36133232316619	19.515604626890344	19.813256589323778	22.93934843494891
K02468	28.150700584083594	27.12508052002551	29.434603351837946	27.735954520042856	19.730075770840234	26.621171925742107	26.604697552878697	22.36293183831791	25.768062875344594	26.164475631924986	32.13940198100575	36.38228381605955	35.3139512296111	30.85423163528283	30.866917379379785
K02469	703.286306045097	789.472623247176	678.4434805358057	699.0294703096515	809.5049928586769	963.6279156416978	880.4492096405794	867.3622848719018	949.3064014608333	1137.419732808065	979.6089723810552	960.8327117738298	931.1731350544821	950.5825775870225	994.8255666862403
K02470	263.22108067510646	288.51222007663495	266.1177663694857	257.33960810325476	279.3664351900132	299.5613192523068	292.65167308166565	270.5914752436467	303.46005960645175	359.5410527847669	370.7601412528823	395.7371222097705	395.70211667285275	377.05686013117696	398.0651640182311
K02471	2.887251341957292	3.604031677485907	3.86027584942137	3.96227921714898	2.2875450169090126	3.51048420998797	4.434116258813116	4.472586367663582	2.467154956150014	4.115760211763481	21.08344769953977	25.318665345678866	18.214564318430988	17.242070619716877	16.698496287205458
K02472	39.21849739491988	41.351521352206724	40.77416365951322	33.366561828622984	30.595914601158047	36.86008420487369	39.90704632931804	33.224927302643756	35.08842604302242	36.74785903360251	67.62130176803609	69.57313922720158	76.20378949547658	72.74943831652472	66.62531346915308
K02483	42.346353015373616	45.524610662979875	44.39317226834575	50.466924765792264	52.04164913468004	62.6036350781188	54.59505643663649	61.018856873124584	53.45502404991697	59.09055732603284	47.30919971604046	50.8500925850189	53.342652646833606	53.994905361744955	52.962907415984986
K02484	40.90272734439497	39.83403433010739	45.11697399011226	44.83631745721214	48.3243884822029	49.73185964149624	48.498146580768456	36.739102305808	40.02273595532245	52.62293413611879	43.966701910015864	43.61618820053922	49.43953172145554	45.82760875240538	51.276190619297566
K02485	96.00110712007995	81.75461331560136	115.8082754826411	107.60716189730913	80.06407559181545	64.65141753394512	61.80049535720781	88.81278644360542	75.93354698372822	72.61376945039856	69.16399306312437	61.27542537441607	74.34516048339178	67.00208144328576	63.75789491478447
K02492	90.46720871466181	109.82812322443895	94.81802555141239	100.09968548586896	109.51621768451899	102.68166314214812	125.81804884382217	114.05095237542135	113.48912798290065	105.5398511445064	64.2788039620115	79.7857101229376	67.09650733626108	77.43807155521965	70.50476210153415
K02493	26.46647063460851	25.417907620163763	22.67912061535055	23.773675302893878	23.44733642331738	22.818147364921806	28.821755682285254	28.113400025313943	21.107881291505677	24.106595526043247	17.74094989351517	17.871999067538024	20.444919132932743	23.594412426980988	17.035839646542943
K02494	75.0685348908896	71.7012617941933	67.31356012428513	71.94664894296831	65.19503298190686	79.86351577722633	68.17453747925165	79.86761370827826	69.08033877220039	75.84758104535558	97.70378202225747	101.7001851700378	109.28738591058593	99.52002164713775	92.7694238178081
K02495	133.05416600853187	121.0195900124215	121.35742201618432	130.75521416591633	138.6824166501089	158.55687015112332	151.86848186434923	134.17759102990746	162.55809877743982	179.03556921171142	136.78529483116046	125.31675536642732	136.05164368460697	127.34932861229483	121.61228104116297
K02496	136.90383446447493	126.71016634529398	143.5540081503572	128.8783450630563	163.55946870899442	163.23751576444062	144.94017520995374	160.37416832622273	169.13717866050652	178.15362059490496	169.18181202801426	147.23123041352753	146.27410325107334	163.19468595328516	161.25012576331736
K02498	132.572957451539	110.20749497996378	121.59868925677316	129.08688607448516	135.2510991247454	137.4939648911955	131.36069416733858	135.45547284923992	134.59700927440633	133.4682240100443	131.12876008250345	145.5291352642382	137.16682109185786	152.00246467381982	158.04536384961125
K02500	220.87472765973283	178.30472509667118	167.43946496865192	203.53602715460022	299.9543403421943	298.6836981998098	271.58962085230337	303.17746163662423	289.7536431833961	361.01096714611106	130.10029921911126	129.35923134598949	121.1826115879286	110.10725799257794	119.58822088513807
K02501	175.64112330240192	162.75048312015306	162.13158567569752	183.9331720802842	275.9351176646497	263.28631574909775	250.80470088911687	286.24552753046925	273.85420013265156	350.42758374443355	125.21511011799839	94.25351889189695	94.23249091269909	101.03248398220065	106.76917323031368
K02503	119.09911785573829	97.30885529211949	126.90656854972754	119.70254056018496	109.23027455740537	110.58025261462106	96.7191608953611	90.41013871777098	91.55886170601164	94.95646774282888	97.18955159056138	107.87028008621164	101.10941825741283	111.46847409413454	96.81754412985791
K02504	10.105379696850521	9.86366564364564	9.650689623553424	8.967263491442427	12.867440720113198	7.898589472472933	10.53102611468115	11.500936373992069	11.513389795366733	5.585674573107581	7.456341259593334	8.510475746446676	10.965911171300288	11.040975045959053	7.927568944430874
K02505	10.345983975346963	9.484293888120808	10.615758585908766	10.009968548586896	7.148578177840665	11.409073682460903	8.313967985274592	6.708879551495373	8.497978182294494	8.819486168064602	7.7134564754413795	10.212570895736013	9.850733764049412	9.22602024388359	8.096240624099616
K02507	4.812085569928819	4.173089310773156	6.514215495898561	4.58790225143566	7.434521304954291	3.2179438591556395	4.156983992637296	3.514175003164243	4.386053255377803	3.821777339494661	5.14230431696092	4.680761660545673	4.4607096290035075	3.78115583765721	5.2288220697310015
K02517	26.70707491310495	34.143457997234904	21.955318893584042	25.233462382896132	31.1678008553853	32.764519293221056	42.67836899107624	34.822279576809315	30.70237278764462	29.398287226882008	43.966701910015864	39.999236008299384	38.10189474773829	43.55891524981106	42.84260663586047
K02518	282.4694229548217	360.5928536263531	345.7359557638014	358.0649166234104	283.9415252238312	389.6637473086647	521.8400572090686	364.19631850974883	505.7667660107529	357.1891898066164	503.43159263047403	563.8190182020924	565.5808083774031	591.6752654766002	512.2558911539694
K02519	746.8356804529528	838.7909514654042	782.6709284701827	764.928429921182	899.8630210265829	865.0418174112024	918.6934623728425	855.8613484979097	940.8084232785387	1050.1068197442253	1254.4651381226163	1062.3201350502065	1107.928754103746	1108.181152900575	1170.0754418620631
K02520	3569.3644714947022	3459.680724508708	3473.2831955168776	3536.647012822608	3639.770065029353	3582.449136292724	3756.250735747061	3473.6022554004376	4137.144733135113	3938.7825226576515	4222.8603050883075	3647.802666820707	3513.7381473463042	3512.9962656505604	3707.9095341579555
K02521	5.774502683914584	10.432723276932888	7.961818939431575	10.427050571444683	9.722066321863304	7.313508770808271	10.253893848505331	12.77881819332452	7.12733653998893	5.585674573107581	10.28460863392184	7.2339043844796755	9.664870862840932	10.28474387842761	10.12030078012452
K02523	188.15254578421684	187.9787048625544	163.09665463805288	175.80007263455735	170.7080468868351	202.43792277597294	193.715454056898	187.20968653220422	201.48432141891783	203.14216473775465	217.0052421757508	211.0597985118776	214.6716508957938	208.11481730465283	195.9964917750782
K02526	6.015106962411025	7.777120988259062	6.996749977076233	6.047689331437916	6.004805669386158	5.558266665814286	5.265513057340575	6.069938641829147	6.304951554605592	4.409743084032301	7.7134564754413795	5.53180923519034	7.062790245922219	7.864804142326996	6.240852147743454
K02527	41.62454017988429	48.55958470717854	34.742482644792325	37.74592306862975	38.60232216033959	48.56169823816692	52.932262839581576	41.531159128304694	51.26199742222807	57.620642964688734	90.24744076266414	82.76437663419394	86.42624906194295	80.31174999183914	73.03483729656529
K02528	116.93367934927032	111.34561024653829	135.35092197033677	122.83065573161836	112.37564895565525	116.72359998210001	122.49246164971234	122.03771374624917	103.6205081583006	122.00289199156033	120.58703623273357	128.08265998402248	134.37887757373065	122.20695667308101	127.68446150923769
K02529	19.00773800121884	17.5933651624641	18.87916157607639	19.394314062887112	19.944533116175457	20.624094733679325	16.350803704373366	17.570875015821215	19.668707567084837	20.431809622682994	25.068733545184482	24.680379664695362	24.440971508915048	23.10286216808555	25.427255710062855
K02532	3.1278556204537327	3.4143457997234905	6.514215495898561	7.090394388582385	4.0032037795907724	3.2179438591556395	1.6627935970549186	3.514175003164243	3.289539941533352	3.2338115949570208	2.3140369426324137	1.9148570429505023	2.416217715710233	1.8149548020754607	3.37343359337484
K02533	14.917465266779342	16.692357243092623	13.75223271356363	17.308903948598175	16.87064449970397	14.919557892448873	15.242274639670088	14.695640922323198	15.625314722283424	18.814903825204485	24.425945505564368	23.616570196389528	23.79045135468537	21.62821139139924	22.77067675528017
K02535	1629.131569699402	1644.576560200148	1288.608331984971	1278.1478590476893	1558.9619290234923	1621.5511646636098	1579.6539172021726	1547.5148832115995	1532.37735609762	1569.2805721709615	1216.4120861771055	1212.104508187668	1203.648148226113	1160.058610993232	1167.2080233076947
K02536	679.2258781954529	677.3682694895881	643.2184634098357	648.5625455438593	711.9983865129302	757.3869683049046	746.0400605453068	760.339682502809	782.0881210995545	743.7766668401148	809.3986994896487	753.6026273478533	771.5169029163983	786.0266755321808	757.3358417126516
K02548	22.857406457161893	25.03853586463893	16.888706841218493	18.35160900574264	22.87545016909013	20.77036490909549	16.905068236725004	21.723990928651684	21.107881291505677	24.988544142849705	33.16786284439793	34.25466487944787	34.57049962477718	37.962804610078386	31.541604098054755
K02549	53.89535838320278	53.112045773476524	51.63118948601082	56.30607308580129	65.19503298190686	52.94980350065188	50.715204710175016	52.39315459263053	43.3122758968558	52.916917008387614	53.47996489639356	51.70114015966357	49.99712042508097	55.20487522979526	55.998997650022346
K02550	6.977524076396788	4.552461066297988	6.272948255309726	8.55018146858464	5.146976288045279	4.973185964149624	5.265513057340575	5.430997732162921	6.030823226144479	5.585674573107581	10.28460863392184	11.914666045025347	12.824540183385082	12.402191147515648	11.132330858136973
K02551	23.579219292651217	19.15827365400403	22.67912061535055	23.98221631432277	30.881857728271672	21.940526312424815	28.544623416109435	29.071811389813284	26.59044786072793	24.400578398312067	31.110941117613564	28.51009375059637	23.418725552268413	28.283045665675928	28.168170504679914
K02552	63.51952952306042	58.61293622858659	60.79934462838658	64.43917253152814	56.90268229561169	54.70504560564587	48.775278846944275	74.11714552128223	61.95300223221147	50.27107115796823	52.70861924884942	61.70094916173841	61.70648320121518	62.31344820459081	55.49298261101612
K02553	481.44916127137844	416.17081581074103	347.90736092910095	404.1524801491959	464.65758155964323	432.374638530185	447.5686098739489	465.46845269184564	434.76752893932473	417.4556786217245	402.64242801804	442.5447388152272	452.76202734385595	488.6765804588178	479.87092865757097
K02554	0.721812835489323	1.327801144336913	3.3777413682436985	2.9195741600045113	0.8578293813408798	2.340322806658647	1.3856613308790988	1.277881819332452	1.3706416423055634	0.5879657445376402	5.399419532808966	2.553142723934003	2.6020806169187125	3.932402071163498	3.8794486323810657
K02556	2.646647063460851	1.8968587776241614	2.6539396464771916	2.7110331485756176	0.8578293813408798	1.4627017541616543	2.4941903955823777	0.9584113644993391	2.1930266276889014	1.1759314890752803	0.7713456475441379	1.4893332556281684	1.3010403084593563	1.6637085685691722	0.84335839834371
K02557	0.9624171139857639	3.604031677485907	3.3777413682436985	2.502492137146724	2.859431271136266	2.9254035083233085	2.217058129406558	3.19470454833113	2.1930266276889014	3.2338115949570208	3.8567282377206897	1.7020951492893355	1.8586290120847946	2.1174472690880375	1.349373437349936
K02558	166.25755644104072	170.3379182306497	134.86838748915912	146.39579002308335	174.1393644121986	197.172196460991	182.63016340986522	172.83351606471413	190.2450599520122	210.49173654447517	192.3221814543384	204.88970359570376	198.50157849065607	202.36746043141386	208.64686775023384
K02560	87.57995737270451	85.35864499308727	82.27212904079295	83.83348659441525	78.92030308336093	82.20383858388497	84.52534118362503	78.5897318889458	86.89868012217272	83.78511859661371	95.38974507962506	106.59370872424464	93.30317640665669	96.3438507435057	96.14285741118294
K02562	57.02321400365651	59.37167973963626	52.11372396718849	59.017106234376904	47.75250222797564	42.710891221520306	52.37799830722994	48.240038679800065	40.02273595532245	44.68539658486065	43.966701910015864	46.80761660545672	51.48402363474881	43.25642278279848	47.059398627579014
K02563	99.12896274053368	66.9591148501329	70.93256873311768	82.37369951441299	88.92831253233787	85.12924209220827	103.92459981593241	87.85437507910608	93.75188833370053	76.72952966216204	96.93243637471333	89.35999533769011	91.63041029578038	88.32780036767242	81.97443631900862
K02564	50.76750276274905	44.95555302969263	58.14540498190938	52.34379386865231	50.89787662622553	46.22137543150827	33.81013647345001	55.26838868612855	46.05355918146693	54.092848497462896	54.50842575978575	46.80761660545672	57.617499374628636	47.188824853961975	46.55338358857279
K02565	88.78297876518673	78.90932514916511	93.37042210787938	89.04701188013759	105.79895703204184	95.36815437133986	95.333499564482	107.66154327875908	95.94491496138944	94.07451912602242	120.07280580103748	109.9978990228233	114.86327294684031	104.51114735284527	106.76917323031368
K02566	79.64001618232197	71.13220416090606	77.68805146960507	79.45412535440849	94.93311820172403	96.24577542383685	98.38195449241601	98.07742963376569	94.02601666216165	95.83841635963535	96.67532115886529	84.04094799616094	89.58591838248711	81.37047362638314	80.11904784265245
K02567	10.586588253843404	13.088325565606715	16.40617236004082	14.80641181145145	13.43932697434045	9.653831577466917	16.350803704373366	17.251404560988103	14.25467307997786	14.405160741172184	10.027493418073794	11.70190415136418	14.869032096678357	13.612161015565954	15.011779490518038
K02568	1.9248342279715278	3.9834034330107393	5.066612052365548	5.2135252857223415	4.289146906704399	2.340322806658647	2.7713226617581976	2.875234093498017	1.3706416423055634	2.3518629781505607	3.599613021872644	2.978666511256337	1.6727661108763152	3.932402071163498	1.8553884763561619
K02569	23.579219292651217	24.27979235358927	22.67912061535055	25.65054440575392	20.87384827929474	21.355445610760153	19.122126366131564	20.12663865448612	20.011367977661227	22.636681164699144	14.14133687164253	20.85066557879436	19.515604626890344	23.140673726462122	19.734586521242814
K02570	0.0	0.9484293888120807	0.9650689623553425	0.625623034286681	0.0	0.0	1.108529064703279	0.319470454833113	0.2741283284611127	0.0	1.28557607924023	0.8510475746446677	0.3717258024169589	0.45373870051886517	0.506015039006226
K02572	1.684229949475087	2.46591641091141	3.619008608832534	1.876869102860043	4.0032037795907724	0.8776210524969925	1.108529064703279	1.597352274165565	2.1930266276889014	0.8819486168064602	0.514230431696092	0.42552378732233387	0.9293145060423973	1.6637085685691722	1.180701757681194
K02573	1.684229949475087	2.086544655386578	2.1714051652995203	1.876869102860043	0.8578293813408798	0.8776210524969925	2.217058129406558	2.236293183831791	1.3706416423055634	0.5879657445376402	1.28557607924023	0.6382856809835008	1.3010403084593563	1.0587236345440187	1.518045117018678
K02574	1.9248342279715278	2.655602288673826	1.930137924710685	3.5451971942911924	3.1453743982498925	2.340322806658647	3.325587194109837	1.597352274165565	1.644769970766676	1.4699143613441004	2.056921726784368	2.553142723934003	1.6727661108763152	2.5711859696069026	2.53007519503113
K02575	25.143147102878082	29.875525747580543	31.123474035959795	30.551258174332922	35.4569477620897	27.059982451990603	19.81495703157111	30.18995798172918	20.285496306122337	27.487398557134675	11.698742321086092	11.38276131087243	15.054894997886837	11.87282933024364	10.96365917846823
K02598	6.496315519403907	6.828691599446981	3.86027584942137	4.796443262864554	6.576691923613412	8.191129823305264	7.205438920571313	9.264643190160278	3.289539941533352	5.8796574453764014	5.14230431696092	9.999809002074846	4.646572530211986	6.503588040770401	7.59022558509339
K02600	275.97310743541783	339.91709295024975	293.8634990372018	300.29905645760687	349.70844445996534	389.3712069578324	401.0103891564112	344.38915031009583	405.16166946552454	445.3840514872624	492.88986878070415	475.73559422636924	453.50547894868987	453.4362080518526	455.75087846494085
K02601	274.52948176443914	268.9745746671061	234.9942923335259	240.2392451660855	248.19863433462788	272.0625262740677	300.68850880076445	268.99412296948117	312.50629444566846	302.214392692347	359.18995653972024	395.098836528787	394.4010763643934	392.3327297153121	384.7401013244005
K02609	0.721812835489323	1.7071728998617453	0.9650689623553425	1.0427050571444683	2.2875450169090126	1.755242104993985	1.3856613308790988	0.638940909666226	1.0965133138444507	1.7638972336129204	1.28557607924023	0.8510475746446677	1.8586290120847946	0.9074774010377303	2.024060156024904
K02610	0.9624171139857639	0.18968587776241616	0.7238017217665068	0.0	0.28594312711362657	0.5850807016646618	0.27713226617581976	1.597352274165565	0.0	0.0	0.257115215848046	0.0	0.7434516048339178	0.6049849340251535	0.337343359337484
K02611	0.9624171139857639	0.3793717555248323	0.4825344811776712	0.625623034286681	0.5718862542272531	0.5850807016646618	0.27713226617581976	0.9584113644993391	0.2741283284611127	0.5879657445376402	0.257115215848046	0.8510475746446677	0.18586290120847945	0.9074774010377303	0.674686718674968
K02612	0.721812835489323	0.3793717555248323	1.206336202944178	1.6683280914311494	2.0016018897953862	2.340322806658647	0.0	1.9168227289986781	0.2741283284611127	0.8819486168064602	0.514230431696092	0.21276189366116693	0.9293145060423973	0.9074774010377303	1.012030078012452
K02613	2.887251341957292	2.845288166436242	1.6888706841218493	2.29395112571783	4.575090033818025	4.388105262484963	4.156983992637296	1.9168227289986781	3.0154116130722395	1.7638972336129204	2.056921726784368	2.3403808302728364	2.416217715710233	2.873678436619479	2.53007519503113
K02614	1.9248342279715278	2.655602288673826	1.930137924710685	2.502492137146724	1.429715635568133	3.803024560820301	1.3856613308790988	1.9168227289986781	4.11192492691669	2.0578801058817406	2.3140369426324137	3.191428404917504	1.6727661108763152	2.722432203113191	1.68671679668742
K02615	9.3835668613612	10.432723276932888	8.685620661198081	7.92455843429796	6.862635050727039	12.871775436622558	8.591100251450413	8.945172735327164	4.934309912300028	8.525503295795781	11.57018471316207	12.340189832347683	13.010403084593563	14.368392183097397	12.987719334493134
K02616	24.541636406636982	27.694138153312757	27.021930945949588	26.90179047432728	28.308369584249032	27.4987929782391	26.05043302052706	32.266515938144416	24.123292904577916	20.284818186548584	30.339595470069426	21.276189366116693	30.29565289698215	27.22432203113191	24.457393551967588
K02617	32.72218187551597	33.57440036394766	43.18683606540157	40.456956217205374	37.17260652477146	42.710891221520306	32.97873967492255	31.627575028478187	33.44365607225575	29.69227009915083	30.596710685917472	37.65885517802655	33.08359641510935	40.23149811267271	37.61378456612947
K02618	1.684229949475087	2.46591641091141	2.1714051652995203	2.29395112571783	2.5734881440226394	2.9254035083233085	2.4941903955823777	1.9168227289986781	1.0965133138444507	2.9398287226882007	1.5426912950882758	1.7020951492893355	1.4869032096678356	1.6637085685691722	1.349373437349936
K02619	27.188283470097833	32.815656852897995	28.952068870660273	25.442003394325027	36.02883401631695	30.716736837394738	33.53300420727419	35.14175003164243	29.879987802261283	43.80344796805419	31.625171549309655	27.446284282290534	30.48151579819063	27.526814498144486	28.168170504679914
K02621	139.30987724943932	146.6271835103477	150.06822364625575	141.182264737361	140.9699616670179	178.4496140077218	159.62818531727217	144.4006455845671	173.79736024434544	188.73700399658247	176.1239228559115	168.5074197796442	167.83419979125696	162.13596231874115	158.38270720894874
K02622	108.99373815888777	132.7801144336913	105.67505137791	103.85342369158904	117.52262524370053	118.18630173626167	128.58937150558037	110.5367773722571	127.19554440595628	132.58627539323786	149.12682519186666	162.33732486347037	148.87618386799204	154.57365064342673	150.79248162385534
K02647	10.105379696850521	10.053351521408056	10.133224104731095	8.967263491442427	13.43932697434045	9.361291226634588	12.47095197791189	9.58411364499339	10.965133138444507	9.995417657139882	11.827299929010115	9.361523321091346	10.222459566466371	11.645959979984205	12.481704295486908
K02654	8.421149747375434	10.812095032457721	7.72055169884274	8.133099445726852	5.4329194151589055	7.02096841997594	9.145364783802052	4.472586367663582	8.497978182294494	6.4676231899140415	9.770378202225748	10.850856576719513	9.479007961632453	10.435990111933899	8.096240624099616
K02669	0.48120855699288195	1.327801144336913	2.412672405888356	1.0427050571444683	2.859431271136266	0.5850807016646618	1.6627935970549186	3.514175003164243	1.0965133138444507	0.8819486168064602	2.57115215848046	0.42552378732233387	1.4869032096678356	1.0587236345440187	2.698746874699872
K02679	0.48120855699288195	1.138115266574497	0.7238017217665068	1.0427050571444683	0.28594312711362657	0.5850807016646618	0.5542645323516395	0.638940909666226	1.644769970766676	0.8819486168064602	0.514230431696092	1.9148570429505023	0.7434516048339178	0.6049849340251535	0.84335839834371
K02680	2.165438506467969	1.8968587776241614	3.619008608832534	3.5451971942911924	2.859431271136266	1.4627017541616543	4.156983992637296	2.875234093498017	3.563668269994465	2.9398287226882007	2.3140369426324137	2.127618936611669	2.2303548145017538	3.1761709036320562	2.867418554368614
K02681	2.165438506467969	2.086544655386578	2.412672405888356	2.29395112571783	0.8578293813408798	2.6328631574909775	3.6027194602856567	1.277881819332452	2.741283284611127	1.7638972336129204	3.3424978060245976	2.553142723934003	1.4869032096678356	1.6637085685691722	2.53007519503113
K02682	0.24060427849644098	1.5174870220993293	0.2412672405888356	1.0427050571444683	0.28594312711362657	0.2925403508323309	1.3856613308790988	0.319470454833113	0.2741283284611127	0.8819486168064602	0.257115215848046	0.6382856809835008	0.3717258024169589	0.45373870051886517	0.0
K02686	372.21481883399423	387.3385623908538	353.4565074626442	312.6029761319116	386.5951078576232	492.63795080164516	474.1733074268276	383.68401625456875	467.93705668311935	389.23332288391777	756.4329650249513	733.6030093437035	819.097805625769	716.3021618857817	740.8060171051148
K02687	41.86514445838073	41.92057898549397	37.39642229126952	37.74592306862975	37.17260652477146	35.39738245071203	33.53300420727419	38.97539548963979	41.1192492691669	47.62522530754885	58.36515399750644	61.48818726807724	63.750975114508456	59.893508468490204	55.998997650022346
K02688	2.887251341957292	4.362775188535571	5.307879292954383	5.2135252857223415	4.575090033818025	4.388105262484963	3.325587194109837	5.111527277329808	3.0154116130722395	4.115760211763481	5.656534748657012	4.467999766884506	5.575887036254384	5.444864406226382	4.385463671387292
K02742	5.774502683914584	11.950210299032218	4.584077571187876	7.716017422869066	6.004805669386158	11.409073682460903	9.422497049977872	7.347820461161599	8.497978182294494	8.525503295795781	5.399419532808966	7.659428171802009	8.363830554381575	10.28474387842761	8.264912303768359
K02745	2.887251341957292	1.5174870220993293	2.6539396464771916	2.0854101142889365	2.2875450169090126	1.1701614033293235	1.6627935970549186	3.19470454833113	1.3706416423055634	0.5879657445376402	1.799806510936322	1.4893332556281684	1.6727661108763152	2.1174472690880375	1.8553884763561619
K02750	1.8045320887233074	2.181387594267786	2.412672405888356	1.5640575857167025	1.1437725084545063	2.047782455826316	0.9699629316153692	2.0765579564152343	1.644769970766676	1.3229229252096903	1.5426912950882758	1.4893332556281687	0.9293145060423973	1.966201035581749	1.096365917846823
K02753	9.624171139857639	7.777120988259062	7.72055169884274	6.25623034286681	7.148578177840665	6.143347367478948	7.759703452922953	6.069938641829147	5.208438240761141	7.055588934451682	6.942110827897242	7.659428171802009	6.133475739879822	7.713557908820707	7.59022558509339
K02757	15.398673823772222	25.22822174240135	14.234767194741302	15.014952822880344	14.29715635568133	13.164315787454889	14.688010107318448	13.73722955782386	16.44769970766676	10.583383401677523	13.112876008250344	24.680379664695366	23.232862651059932	22.23319632542439	21.92731835693646
K02759	6.496315519403907	5.880262210634901	6.03168101472089	7.2989354000112785	6.576691923613412	7.606049121640602	6.374042122043854	8.306231825660939	6.853208211527817	4.409743084032301	4.3709586694167815	5.744571128851507	5.575887036254384	5.444864406226382	5.397493749399744
K02760	17.564112330240192	23.900420598064436	28.228267148893767	21.271183165747154	25.734881440226395	26.328631574909778	26.604697552878697	30.988634118811962	22.75265126227235	14.699143613441004	19.540756404451496	24.04209398371186	22.303548145017537	23.594412426980988	26.14411034865501
K02761	12.270818203318491	11.760524421269801	11.339560307675274	11.261214617160258	15.15498573702221	13.164315787454889	14.688010107318448	14.376170467490086	12.609903109211183	11.759314890752803	4.628073885264827	7.2339043844796755	6.133475739879822	7.259819208301843	7.252882225755906
K02770	70.73765787795365	81.37524156007653	89.02761177728034	83.62494558298636	102.65358263379196	69.33206314726242	72.05438920571314	80.18708416311136	72.36987871373375	89.3707931697213	62.22188223522713	59.99885401244907	57.98922517704559	70.3294985804241	69.4927320235217
K02773	297.6274925000975	231.1322420535041	310.7522058784202	269.0179047432728	232.61473390693524	178.01080348147332	236.53238918106217	147.11614445064853	156.11608305860366	198.8794130898568	100.91772222035804	102.3384708510213	120.62502288430316	99.14190606337205	96.90187996969227
K02774	210.04753512739296	163.22469781455908	200.01054244814472	196.65417377744672	153.6944308235743	139.98055787327033	161.0138466481513	94.56325463060145	111.57022968367286	158.30977671675961	62.73611266692322	67.76466313108166	72.67239437251547	67.45582014380463	66.79398514882183
K02775	3.609064177446615	4.362775188535571	5.549146533543219	3.128115171433405	4.575090033818025	2.047782455826316	3.6027194602856567	3.19470454833113	5.482566569222254	6.4676231899140415	3.3424978060245976	2.76590461759517	4.274846727795028	3.0249246701257677	2.698746874699872
K02777	1661.372543017925	1404.6239248306915	1493.6854864854813	1460.6212440479712	1609.2879193954905	1384.8860208402543	1338.8259778953852	1438.894928568341	1397.2320901662913	1633.0748554532954	1412.8481110850128	1340.3999300653518	1380.775493077794	1279.089396762681	1355.6142894976795
K02779	1608.1989974702115	1342.4069569246192	1164.8382375628983	1309.2204697505945	1472.0352183809498	1182.4480980642813	1454.6672651568779	1136.0369373865499	1258.5231559649683	1335.8581715895184	1801.3492022314101	1896.346758201981	1888.7388020805683	1814.6523096084481	1716.740355668456
K02781	1.443625670978646	1.138115266574497	2.1714051652995203	1.251246068573362	1.7156587626817597	0.0	0.8313967985274593	0.319470454833113	1.644769970766676	0.2939828722688201	0.514230431696092	1.0638094683058346	0.9293145060423973	1.6637085685691722	0.506015039006226
K02782	1.684229949475087	1.138115266574497	4.101543090010205	3.753738205720086	2.5734881440226394	1.755242104993985	1.9399258632307383	2.555763638664904	1.3706416423055634	1.1759314890752803	2.57115215848046	0.42552378732233387	1.6727661108763152	2.722432203113191	2.192731835693646
K02783	0.721812835489323	0.5690576332872485	2.1714051652995203	1.4597870800022557	1.7156587626817597	0.8776210524969925	0.27713226617581976	2.236293183831791	0.822384985383338	0.8819486168064602	1.28557607924023	0.6382856809835008	1.1151774072508769	0.6049849340251535	0.84335839834371
K02784	805.0619158490915	611.3575840282673	604.1331704344444	583.7062909894734	802.3564146808362	684.8369612984865	744.100134682076	693.8898278975214	693.8187993350762	659.991548243501	1063.4285327475181	822.5374808940713	876.7153050003976	845.3151990666457	891.7671704086389
K02791	17.564112330240192	23.710734720302018	22.920387855939385	17.10036293716928	16.58470137259034	14.919557892448873	14.688010107318448	15.654052286822537	19.18898299227789	15.581092230247464	10.798839065617932	15.106094449942852	19.701467528098824	14.822130883616262	16.698496287205458
K02794	468.2159259540742	436.2775188535571	501.1120587030116	481.1041133664577	420.62233998414473	288.1522455698459	360.2719460285657	309.24740027845337	263.7114519795904	330.14276555788496	331.4215132281313	318.5045548107669	326.37525452208996	328.96055787617723	333.8012540644404
K02795	473.5092200809959	485.9752188273102	491.2201018388693	464.2122914407173	408.04084239114513	310.38531223310304	394.63634703436736	344.06967985526273	329.77637913871854	384.82357979988547	307.2526829384149	301.0580795305512	331.02182705230194	320.79326126683765	319.8015046519348
K02796	486.0206425628108	535.8626046788256	507.62627419891015	455.03648693784595	440.6383588820986	359.8246315237669	411.81854753726816	336.402388939268	342.934538904852	433.33075372424076	306.73845250671883	317.44074534246107	364.84887507224516	320.94450750034395	342.40350972754624
K02798	0.48120855699288195	0.7587435110496646	0.9650689623553425	1.0427050571444683	0.5718862542272531	0.5850807016646618	0.8313967985274593	0.638940909666226	0.2741283284611127	0.2939828722688201	1.028460863392184	0.0	0.0	0.15124623350628838	0.337343359337484
K02800	44.99300007883446	42.96385131318726	50.54548690336106	45.879022514356606	48.038445355089266	31.88689824072406	42.816935124164154	39.13513071705634	34.5401693861002	37.04184190587133	44.866605165484025	39.360950327315884	39.58879795740612	48.17192537175285	46.89072694791028
K02804	56.06079688967075	47.80084119612887	59.83427566603123	54.220662971512354	64.90908985479324	56.460287710639854	64.29468575279019	64.21356142145571	61.13061724682813	77.31749540669968	102.07474069167425	88.08342397572311	95.53353122115844	86.66409179910325	91.25137870078942
K02805	40.180914508905644	32.246599219610744	41.9804998624574	29.195741600045114	30.881857728271672	31.3018175390594	32.42447514257091	34.822279576809315	33.44365607225575	25.870492759656166	43.45247147831977	52.33942584064707	45.53641079607747	49.76001082356888	47.56541366658524
K02806	99.85077557602301	90.29047781491009	110.74166343027555	113.86339224017594	128.10252094690472	108.82501050962708	108.63584834092134	103.82789782076173	105.53940645752839	116.41721741845275	120.58703623273357	96.59389972216978	104.64081338037394	101.03248398220065	98.16691756720785
K02819	7.9399411903825525	14.036754954418795	27.021930945949588	27.735954520042856	20.016018897953863	7.02096841997594	6.096909855868034	21.723990928651684	8.22384985383338	8.819486168064602	8.227686907137471	7.2339043844796755	9.107282159215494	5.444864406226382	6.915538866418422
K02821	2.165438506467969	3.4143457997234905	0.9650689623553425	3.3366561828622987	2.859431271136266	2.047782455826316	3.048454927934017	1.9168227289986781	2.741283284611127	2.0578801058817406	4.113843453568736	2.127618936611669	3.3455322217526304	3.6299096041509213	3.37343359337484
K02822	2.4060427849644097	2.46591641091141	2.412672405888356	2.29395112571783	2.859431271136266	2.6328631574909775	2.7713226617581976	1.597352274165565	4.11192492691669	1.7638972336129204	3.0853825901765517	2.127618936611669	1.8586290120847946	2.873678436619479	2.698746874699872
K02824	94.07627289210842	87.06581789294901	41.9804998624574	44.62777644578325	47.466559100862014	159.72703155445265	103.09320301740495	44.72586367663582	136.5159075736341	106.12781688904404	399.8141606437115	467.22511847992257	507.7774461015659	422.1282377160509	439.2210538574042
K02834	45.95541719282023	49.12864234046578	50.183586042477806	44.002153411496565	55.75890978715719	48.26915788733459	46.2810884513619	49.198450044299406	56.1963073345281	58.208608709226375	56.822462702418164	57.232949394853904	60.03371709033887	51.423719392138054	64.09523827412195
K02835	89.50479160067604	89.91110605938526	91.19901694257986	87.17014277727755	96.07689071017853	87.1770245480346	93.39357370125126	93.285372811269	104.71702147214505	95.2504506150977	74.04918216423724	75.3177103560531	79.36345881602072	80.765488692358	73.20350897623403
K02836	268.995583359021	269.73331817815574	261.7749560388866	277.77662722328637	276.50700391887693	250.12199996164287	289.32608588755585	267.7162411501487	315.7958343872018	321.02929651755153	447.6375907914481	443.1830244962107	459.8248175897782	428.7830719903276	431.12481323330456
K02837	179.97200031533785	198.6011140172497	136.31599093269213	137.21998552021202	160.98598056497178	209.75143154678122	227.80272279652385	179.2229251613764	265.3562219503571	251.64933866210998	263.02886581255103	281.2712234200627	284.74196465139056	268.7645569406745	265.4892237985999
K02838	549.0589635288783	486.1649047050726	492.6677052824023	482.14681842360216	507.2631074995736	538.2742455314888	534.5881414531564	485.9145618011649	519.1990541053474	435.97659957466016	636.8743896556099	565.3083514577205	640.1118317620032	593.0364815781568	626.7839616490453
K02840	72.1812835489323	60.699480883973166	67.79609460546281	64.85625455438593	53.47136477024817	46.80645613317294	45.17255938665862	40.57274776380535	40.57099261224468	49.389122541161775	76.6203343227177	79.36018633561527	68.02582184230349	79.5555188243077	79.27568944430874
K02841	49.56448137026684	52.73267401795169	52.11372396718849	50.466924765792264	55.187023532929935	65.23649823560977	53.209395105757395	52.39315459263053	56.47043566298921	71.14385508905445	62.47899745107517	53.4032353089529	63.379249312091495	65.94335780874174	67.97468690650302
K02843	89.26418732217961	83.84115797098794	81.06579283784876	77.36871524011956	90.07208504079237	87.76210524969926	99.76761582329512	99.99425236276437	108.82894639906173	96.13239923190416	116.98742321086092	107.87028008621164	108.17220850333504	110.7122429266031	104.91378475395753
K02844	58.22623539613872	47.421469440604035	60.55807738779774	59.64272926866359	50.040047244884654	40.37056841486166	55.98071776751559	46.323215950801384	51.26199742222807	57.326660092419914	55.79400183902598	60.424377799771406	60.21957999154735	52.93618172720093	66.11929843014687
K02846	111.88098950084506	108.50032208010204	110.01786170850905	115.53172033160709	108.08650204895085	134.5685613828722	123.87812298059143	109.25889555292466	122.80949115057848	140.8177958167648	134.47125788852804	137.44418330511382	129.17471633989322	131.13048444995204	124.64837127520033
K02847	113.56521945032014	86.11738850413693	133.66205128621493	129.92105012020076	83.20944999006534	78.693354373897	65.9574793498451	47.281627315300724	59.759975604522566	69.67394072771036	123.67241882291012	121.91256506784865	115.97845035409118	126.74434367826967	124.81704295486908
K02848	48.1208556992882	38.6959190635329	50.424853283066646	44.83631745721214	28.59431271136266	33.64214034571805	28.544623416109435	30.03022275431262	26.316319532266817	29.398287226882008	44.480932341711956	45.10552145616739	44.42123338882659	44.01265395032992	44.52932343254789
K02849	64.72255091554263	53.87078928452619	63.6945515154526	71.32102590868163	52.89947851602092	45.34375437901128	42.40123672490042	45.68427504113516	60.034103932983676	52.03496839158115	68.64976263142827	66.16894892862291	70.99962826163916	66.24585027575431	56.84235604836605
K02850	36.09064177446615	32.246599219610744	40.77416365951322	36.49467700005639	22.303563914862874	18.722582453269176	25.2190362219996	15.654052286822537	18.914854663816776	21.754732547892687	40.881319319839314	43.40342630687805	35.12808832840262	41.592714214229304	46.04736854956656
K02851	121.02395208370982	112.67341139087519	106.88138758085418	106.56445684016467	105.22707077781459	149.19557892448873	100.8761448879984	123.95453647524785	115.68215461058955	126.70661794786145	151.44086213449907	158.50761077756937	165.6038449767552	158.35480648108393	154.84060193590514
K02852	17.564112330240192	15.554241976518124	15.92363787886315	15.84911686859592	14.011213228567703	16.089719295778195	14.688010107318448	14.376170467490086	17.270084693050098	18.226938080666844	20.826332483691726	17.020951492893353	21.188370737766657	20.72073399036151	24.120050192630107
K02853	17.32350805174375	11.950210299032218	14.958568916507808	15.432034845738132	14.29715635568133	11.701614033293234	9.97676158232951	9.903584099826503	11.513389795366733	14.405160741172184	16.455373814274942	23.191046409067194	19.143878824473386	20.418241523348932	19.22857148223659
K02854	5.293294126921702	4.93183282182282	3.619008608832534	5.630607308580129	4.861033160931652	2.6328631574909775	3.325587194109837	4.792056822496695	3.289539941533352	2.9398287226882007	3.3424978060245976	3.404190298578671	2.044491913293274	4.3861407716823635	5.2288220697310015
K02855	3.368459898950174	2.46591641091141	3.86027584942137	1.876869102860043	3.7172606524771457	3.2179438591556395	2.7713226617581976	1.277881819332452	2.1930266276889014	2.6458458504193807	2.056921726784368	2.978666511256337	2.787943518127192	4.0836483046697865	2.192731835693646
K02856	3.609064177446615	3.2246599219610745	3.3777413682436985	2.9195741600045113	3.7172606524771457	2.9254035083233085	2.7713226617581976	1.277881819332452	3.0154116130722395	3.2338115949570208	5.14230431696092	1.7020951492893355	4.832435431420466	3.78115583765721	3.8794486323810657
K02858	107.06890393091624	110.01780910220137	123.04629270030617	120.74524561732943	121.23988589617768	99.46371928299249	103.92459981593241	107.98101373359219	111.02197302675064	104.65790252769995	118.78722972179725	102.3384708510213	109.84497461421137	105.11613228687042	104.57644139462003
K02860	1061.5460767262975	1150.6345345068164	1192.3427029900256	1139.468086447475	1197.8157594789818	1419.9908629401339	1466.0296880700864	1293.5358716192745	1507.4316782076587	1334.9762229727119	2044.5801964236616	1511.2477306752687	1908.06854380625	1804.065073263008	1830.593739444857
K02863	1726.5763024904604	1938.7793566096555	1809.0217699350894	1709.4106706826415	1808.018392739461	2132.619157567692	2148.0521951287787	1901.1686767118556	2302.6779590733468	2315.9970677337647	3051.44338168461	2838.6691852272893	2840.170993366775	2764.478656027939	2748.3363485224822
K02864	1926.9996664779958	1927.0188321883857	2194.8080876366375	2121.0706272432776	2070.2282403026566	2137.007262830177	2289.666783144623	2196.359376977652	2483.054399200759	2170.7695288329674	4150.353814219158	3182.0668815964127	3281.5953837369134	3173.7509638959555	3183.00326702883
K02867	1009.33494829257	1130.5278314640002	1036.242798329049	993.6979194586783	1116.3219682515983	1295.368673485561	1424.7369804098894	1270.5339988712904	1516.7520413753366	1302.050141278604	1974.130627281297	1602.3098211622482	1717.9307958699758	1620.3008995528676	1662.7654181744585
K02871	1427.9863928763773	1530.1959759094111	1459.4255383218667	1367.4034119392556	1245.2823185798438	1579.4253541437542	1651.43117414171	1321.3298011897555	1781.2858783403103	1618.9636775843921	2339.7484642172185	2511.4413927764144	2641.297689073702	2559.2375171599056	2522.147626086699
K02874	1266.7815262837619	1364.7898905005843	1327.9348922009513	1322.5670944820436	1448.3019388305188	1823.6965470887505	1899.187420102893	1548.4732945760989	1919.446555884711	1681.8760122499195	2121.200530746379	1878.2619972407817	2197.2712180866442	1908.1224819153342	1941.748376346558
K02876	1078.147771942552	1181.5533325820902	1076.5344275073844	1034.7804987101704	1277.30794881657	1243.8815717390708	1344.3686232189016	1256.7967693134665	1320.4761581971798	1300.2862440449912	2183.6795281974546	1794.0082873509596	2078.876550016843	1809.963676369753	2014.1085269244481
K02878	911.6496112230149	880.3321586953733	1005.1193242930892	924.2537626528567	1093.7324612096218	989.0789261641106	1160.3527984781574	1075.0180805134253	1016.1937136053448	905.7612294602346	1924.7645058384721	1422.7387829122233	1587.455039221623	1477.2219626559186	1543.1771972893205
K02879	867.8596325366626	908.5953544819733	845.1591437826911	824.9882412127033	802.9283009350635	775.5244700565091	900.4027328052384	866.7233439622356	932.0363167677831	741.4248038619642	1238.2668795241893	1353.3784055786828	1522.2171608974468	1413.6985445832775	1398.9629111725462
K02881	633.2704610026327	744.7067560952459	715.1161011053088	628.5426084466854	721.1485665805662	826.719031452167	820.0343756142506	737.9767506644911	750.0151066696043	688.5078868535766	1186.0724907070362	1154.658796899153	1273.3467361792927	1138.581645835339	1139.3771961623522
K02884	798.3249960511912	722.7031942748056	783.635997432538	761.1746917154619	625.9295052517286	684.2518805968218	620.2220117014846	567.0600573287755	671.8885330581872	726.4316773762544	881.1338447112536	1053.5968974100986	1041.7615612735274	1018.0383977308271	1035.6441131660758
K02886	1584.1385696205675	1681.7549922415817	1723.3718995260529	1489.6084446365874	1790.0039757313025	1809.069529547134	1911.6583720808046	1776.5751993269414	1762.3710236764935	1703.6307447978122	3283.3613063795474	3146.5356453549975	3562.9918161665514	3188.573094779572	3166.810785780631
K02887	2006.639682660318	1918.2932818113145	1903.1159937647353	1851.427099465718	1816.310743425756	1728.0358523665784	1845.4237604647838	1718.751047002148	1881.3427182286164	1738.320723725533	2116.3153416452665	2006.7701810121266	2047.4657197126098	2030.7831772889342	2017.1446171584855
K02888	947.7402529974811	1146.0820734405183	1181.2444099229392	1172.0004842303824	1064.5662622440318	999.6103787940746	1290.050699048441	1196.7363238048413	1462.200504011575	1247.9572927811412	1770.7524915454926	1764.4343841320574	1937.063156394773	1921.8858891644065	1837.5092783112752
K02890	1060.102451055319	1013.8710166401144	1147.466996240502	997.0345756415406	1110.6031057093257	1031.2047366839663	1177.2578667148823	1021.6665145562954	1097.6098271582953	1034.231744641709	1857.143204070436	1895.9212344146586	2159.3551862401146	1883.318099620303	1989.313790013143
K02892	814.2048784319563	860.2254556525572	917.7805831999307	833.1213406584302	847.5354287647892	911.8482735443753	962.480360428622	793.2451393506196	894.4807357686107	899.8815720148582	1599.256642574846	1402.3136411207513	1609.5727244654322	1468.7521735795665	1558.526320139176
K02895	716.7601456408977	853.9658216863975	832.3719800314828	801.4231069212384	772.9042725881327	972.4041261666678	1014.5812264696762	811.4549552761071	1009.8887620507392	853.1382953241158	1363.4819896421877	1349.3359295991206	1541.3610397219202	1369.2321519324287	1411.9506305070393
K02897	316.8758347798128	398.53002917883634	325.2282403137504	350.76598122339914	338.55666250253387	408.0937894111015	467.52213303860793	340.87497530693156	502.20309774075844	393.34908309568124	525.286385977558	522.9687346191483	542.347945726343	531.9330032416162	486.9551392036581
K02899	558.4425303902395	674.143609567627	732.9698769088826	723.8458506696899	665.1037136662954	641.2484490244692	793.7068103275478	735.7404574806593	982.2018008761668	768.1772452384268	1203.8134406005513	1029.3420415327257	1140.6406247164384	1078.9906298338612	1124.534088351503
K02902	956.4020070233529	1018.9925353396995	1036.242798329049	1008.7128722815587	843.8181681123122	948.708357749249	1126.5426620047074	942.4378417576834	1206.7129018858182	983.666690611472	1843.0018671987937	1895.9212344146586	1943.0107692334443	1790.4529122474419	1809.509779486264
K02904	495.64481370266844	418.63673222165244	502.0771276653669	491.1140819150446	509.83659564359624	470.69742448922034	548.4447547619473	535.1130118454643	494.8016328723084	388.0573913948425	772.6312236233782	788.921101695607	759.9934030414726	762.7347555722123	769.9862176878072
K02906	1752.5615645680762	1978.0443333064757	1824.462873332775	1633.5017425225242	1874.9290844840496	2214.237915449912	2189.622035055152	1826.093119826074	2176.5789279812348	2321.876725179141	3599.870137088492	3422.9133452208534	3806.4722167496593	3415.1399525719917	3605.35715291936
K02907	277.1761288279	330.62248493989136	303.0316541795775	311.35173006333827	322.5438473841708	334.0810806505218	347.52386178447796	350.1396184970919	332.24353409486855	306.6241357763793	506.0027447889545	477.22492748199744	523.9475185067037	482.7779773520725	497.75012670245764
K02909	204.75424100047127	221.74279110426448	255.86390864446017	243.68017185466223	205.30716526758388	226.86504207047258	274.91520804641317	223.46958315576256	315.38464189451014	239.89002377135716	396.08599001391485	386.4819798355097	407.2256165477785	350.5887692675765	371.75238198990735
K02911	660.218140194234	587.8365351857276	556.8447912790326	588.0856522294802	614.4917801671836	630.1319156928406	673.9856713395936	633.19044147923	678.1934846127928	600.3130251729306	931.0141965857745	938.067189152085	906.6392320949628	840.6265658279508	846.3944885777473
K02913	347.67318242735723	358.50630897096653	336.32653338083685	319.2762884976362	277.65077642733144	326.1824911780489	344.19827459036816	301.26063890762555	387.89158477247446	335.7284401309925	526.0577316251021	808.7079578060955	821.6998862426877	747.0051472875583	742.1553905424648
K02914	128.00147616010662	142.07472244404968	119.42728409147362	137.63706754306983	109.23027455740537	115.55343857877068	124.15525524676725	86.89596371460674	123.0836194790396	109.65561135626989	180.75199674117633	265.101319501814	272.66087607283936	228.68430506150804	256.3809530964878
K02916	1883.931500627133	1691.04960025194	1980.3215107531628	2112.311904763264	2471.978333897302	2320.137522451216	2526.8920029911246	2118.4085859983725	2466.880827821553	2223.686445841355	2945.511912755215	1911.2400907582626	2108.9863400126164	2016.4147851058367	2172.6599058130655
K02919	222.19805119146326	209.60289492746986	229.08324493909942	208.1239294060359	206.45093777603842	171.7211859385782	205.07787697010664	186.570745622538	229.5824750861819	211.37368516128163	263.2859810283991	276.8032236531782	269.9658640053164	261.8828533161383	249.8027575894069
K02926	900.822418690675	1002.1104922188446	942.6311089805807	857.1035569727529	1015.6699875076017	1127.7430524586355	1144.5562593061356	968.3149485991655	1115.7022968367287	1048.93088825515	1940.962764436899	1812.5185720994812	1955.6494465156209	1827.0545007559638	1880.857899986142
K02931	1775.900179582231	2140.7948164266286	1835.3198991592726	1671.6647476140115	1884.651150805913	2561.775852238721	2401.628218679654	2068.2517245895738	2383.2716876409136	2460.9306237622927	3368.2093276094024	3164.4076444225357	3536.785147096156	3103.270219082025	3255.3634176067208
K02933	1128.6746704268046	1329.8876889922997	1258.6911941519554	1157.6111544417888	1234.416479749526	1495.7588138057076	1383.9985372820438	1251.0463011264706	1453.4283975008195	1326.4507196769162	2199.6206715800336	2043.7907505091696	2206.564363147068	2105.498816641041	2070.1075245744705
K02935	1422.2118901924628	1292.8989428286284	1404.8991419487897	1359.270312493529	1315.9102709769097	1287.1775436622559	1361.8279559879784	1303.119985264268	1404.6335550347414	1288.2329462819696	2343.8623076707872	2294.211499348363	2263.4384109168627	2261.2824371525176	2144.997750347392
K02939	504.54717200703675	516.3249592692968	465.64577433645275	431.0542706235232	489.2486904914151	561.0923928964106	531.5396865252224	441.8276390341953	552.3685818491421	583.262018581339	782.401601825604	833.601099364452	889.9115709861996	795.5551882430769	788.2027590920313
K02945	3826.0892366504045	4532.733735010696	3894.7770648255732	3902.636487880316	4520.188953412209	5303.171479888494	5243.619608312686	4895.884720317456	5837.836882907855	6282.413980384685	7291.787521450584	6017.544638418784	6631.402452217339	6524.460020994268	6880.286485367655
K02946	810.5958142545097	937.6172937796231	988.4718846924595	905.0679896013985	1061.1349447186683	1151.4388208760543	1246.5409332588372	1070.8649646005947	1303.754330161052	1267.948128095421	1986.2150424261552	1628.6922959762328	1681.6875301343223	1640.2654023756975	1675.9218091886205
K02948	950.8681086179348	1118.5776211649681	1034.0713931637495	964.7107188700621	1124.9002620650072	1085.3247015879474	1260.6746788338041	1155.2051646765367	1154.3543911497454	1027.764121451795	1834.7741802916562	1592.0972502665122	1759.3782228394666	1626.804487593638	1631.3924857560726
K02950	1449.8813822195534	1705.4657269618835	1730.6099167437178	1481.8924272137183	1765.984753053758	2043.9794312654956	2211.515484083042	1752.934385669291	2221.810102177318	2109.621091401053	2971.7376647717156	2270.5949291519737	2617.5072377190163	2122.7408872607575	2406.6075255136107
K02952	1520.619040097507	1611.9505892250124	1650.2679256276356	1618.278248688215	1710.2258432666006	1723.6477471040935	1995.0751841997264	1796.3823675265944	1984.6890980584558	1760.9574048902323	2749.3330030631555	2301.445403732843	2491.1204648972503	2417.217303897501	2511.3526385878995
K02954	1035.0796060916891	1200.5219203583317	1140.7115135040149	1083.3705543731026	1145.2022240900744	1462.1166734599897	1461.5955718112734	1276.9234079679527	1644.7699707666761	1528.4169529255955	2167.7383848148756	1820.8162859522665	2050.9971148355708	1926.272029936089	1910.881458967178
K02956	980.2218305945006	906.3191239488243	921.3995918087633	951.155553127184	832.0944999006534	1003.9984840565595	1035.9204109652142	868.3206962364012	1001.3907838684446	1049.8128368719565	1378.6517873772225	1404.441260057363	1341.7442838240133	1358.6449155869886	1318.00050493155
K02959	422.98232159674325	452.78019021888736	492.1851708012247	445.65214142354574	470.948330356143	511.65307360574667	572.5552619192437	526.1678391101372	544.692988652231	436.5645653191978	694.9824284372683	596.5843498259121	683.789613545996	621.9245121778579	640.4463677022134
K02961	1078.628980499545	911.4406426484096	1042.2744793437698	935.9320592928748	866.121732027175	802.4381823330835	926.1760335595897	833.8178871144249	821.5626003979547	748.4803927964159	1282.4906966500535	1598.9056308636696	1715.1428523518484	1527.4357121800065	1603.8990019700677
K02963	421.0574873687717	432.104429542784	421.01133482751817	384.54962507487994	429.2006337975535	502.87686308077673	485.81286260621204	433.52140720853436	501.10658442691397	456.8493835057464	736.1208629729556	799.5591963786653	746.982999956879	739.8965743127628	676.2047637919867
K02965	585.8714181388339	611.736955783792	639.5994548010032	587.4600291951934	653.6659885817504	630.7169963945053	681.7453747925166	578.5609937027676	646.1204701828426	630.8872438888878	1152.904627862638	1223.593650445371	1344.346364440932	1198.323908070323	1257.2787002508028
K02967	2145.949559909757	2285.145769403827	2049.32394156157	2029.9382052488509	2216.917064511947	2609.4599294243912	2570.6789010469042	2298.270452069415	2585.852522373676	2572.0561494799067	2987.421692938446	2788.882902110576	2936.819701995184	2744.06041450459	2821.7085291783847
K02968	762.4749585552215	890.3855102167814	939.0121003717483	927.7989598471479	885.279921543788	967.1383998516858	1142.6163334429048	967.6760076894993	1402.7146567355137	1088.9125588837096	1586.4008817824438	1301.2517416316969	1439.5081698596734	1434.419278573639	1358.3130363723792
K02970	822.3854239008353	920.5455647810056	772.0551698842739	758.0465765440284	749.742879291929	838.4206454854602	1017.0754168652585	886.2110417070555	1132.1499965443954	958.6781464686222	1400.5065807243066	1448.057448257902	1516.2695480587754	1414.3035295173026	1435.5646656606632
K02972	980.94364342999	874.8312682402633	1703.5879857977682	1676.2526498654472	1036.8297789140101	894.8809331961	725.2551405821204	1241.4621874814773	853.0873581709827	618.2459803813286	289.7688482607478	252.54836777580516	283.99851304655664	277.2343460170266	306.4764419581042
K02982	1814.637468420158	1820.035997130383	2017.7179330444321	1851.6356404771468	1943.2694918642064	1717.5043997366145	2016.4143686952646	1887.1119766991985	1818.2932026825604	1751.54995297763	3186.1717547889857	3055.8990786553404	3173.980763937204	2923.5896936765544	2999.657151228908
K02986	2105.287436843859	2264.6596946054865	2224.0014237478867	2150.0578278318935	2315.5674433661484	2429.2550733116755	2665.7352683452104	2335.329024830056	2606.1380186797983	2357.1546698513994	4127.213444792834	3222.491641392034	3805.542902243617	3347.532886194681	3530.6355988261075
K02988	1081.2756275630059	1256.0998825427198	1214.2980218836096	1109.0210987788564	1245.8542048340712	1281.0341962947768	1344.6457554850774	1182.6796237921844	1323.765698138713	1347.91146935254	2179.565684743886	1940.1757082961813	2115.305678653705	1903.736341143652	1970.422561890244
K02990	730.2339852366983	769.3659202043599	727.6619976159282	680.2607792810511	777.7653057490644	925.3051296826625	945.0210276595454	836.693121207923	1036.205081583006	839.3211003274813	1416.7048393227333	1327.8469783393427	1367.579227091992	1324.4632668145673	1290.8443645048826
K02992	1658.2446873974714	1731.0733204598098	1740.743140848449	1646.4312852311155	1800.5838714345066	2070.3080628404055	2182.4165961345807	1917.7811403631774	2260.4621964903354	2371.85381346484	3101.5808487749787	2617.609577713337	2782.925219794563	2378.347021886385	2586.5802077201583
K02994	588.0368566453018	642.655753859066	626.8122910497949	558.6813696180061	627.931107141524	785.4708419848083	723.5923469850654	636.3851460275611	786.4741743549323	699.3852531275229	1182.9871081168596	1103.1704186331506	1224.8365189638796	1120.7345902815969	1112.5583990950222
K02996	924.4016379833263	1039.668296015803	985.3354105648046	891.3042828470915	959.3391914662172	1185.9585822742692	1218.5505743750796	1087.7968987067497	1376.398337203247	1093.028319095473	1603.884716460111	1701.456863608352	1778.7079645651484	1668.5484480413734	1706.1140398493253
K03040	3306.383995098092	3567.4223030777607	3284.1296788952304	3078.482410713328	3465.916643744268	3612.2882520776216	3812.5085857807526	3610.3356100690103	3743.222325136494	3718.0013855837674	5822.631178094849	5113.944876039808	5637.221793653182	5140.55698441173	5335.422571281647
K03043	2004.9554527108428	2440.1191315357214	2191.671613508983	2137.962449169018	2538.603082514777	2480.449634707333	2452.620555656005	2397.30629306768	2460.301747938486	3194.12390720073	3692.1744995779404	3147.3866929296423	3275.4619079970334	3082.7007313251697	3301.410786156287
K03046	2590.8268708496767	2923.8181198298826	2600.6195863070593	2505.2031702952995	2925.4841334995135	2772.4049048379993	2843.3770509639107	2889.6102639655073	2855.32066925095	3351.11076099228	4039.0229257569545	3945.669317946341	4123.368463310117	3620.5323376735314	3827.160411683756
K03060	124.39241198266	126.14110871200674	113.87813755793042	108.6498669544536	116.95073898947328	120.81916489375264	125.81804884382217	109.89783646259087	129.9368276905674	131.41034390416257	165.83931422198967	188.08151399647156	209.0957638595394	192.23396278649253	184.52681755760375
K03070	565.4200544666363	451.83176083007527	519.2071017471742	509.882772943645	508.4068800080281	433.5447999335143	452.27985839893785	442.7860503986946	501.9289694122973	589.7296417712531	600.1069137893393	613.3925394251443	627.6590173810351	597.4226223498391	640.2776960225447
K03071	398.92189374709915	348.26327157179605	322.0917661860955	329.70333906908087	358.2867382733741	358.06938941877297	354.7293007050493	332.88821393610374	351.4325170871465	411.5760211763481	370.50302603703426	443.1830244962107	406.48216494294456	399.29005645660135	396.20977554187493
K03072	428.27561572366494	427.9313402320108	406.77656763277685	414.3709897092117	445.78533517014387	564.6028771063985	503.5493276414645	496.45708681065764	504.9443810253696	545.63221093093	557.6829031744118	554.0319710936786	561.1200987483995	557.0398780036601	559.8213048205547
K03073	159.0394280861475	169.0101170863128	133.17951680503725	151.4007742973768	183.5754876069483	188.98106663768573	182.3530311436894	196.15485926753138	182.29533842663994	188.44302112431367	239.8884963862269	222.76170266324178	226.1951507707195	228.53305882800174	213.53834646062737
K03074	206.19786667144993	209.9822666829947	183.12183560692623	185.81004118314425	223.607525402856	218.2351017209188	209.78912549509556	229.37978657017513	229.17128259349022	225.7788459024538	248.8875289409085	249.35693937088763	271.731561566797	279.3517932861146	266.16391051727487
K03075	322.1691289067345	434.7600318314578	307.13319726958775	305.929663766187	337.12694686696574	445.5389543176399	541.239315841376	437.0355822116986	561.6889450168198	512.1181634922846	848.2230970827037	647.8599661982533	627.4731544798267	681.0617894788166	662.5423577388185
K03076	3863.6235040958495	4194.523814960308	4028.4391161117883	3661.354537657086	3883.9654955843903	3504.925943322156	3889.5513557776303	3742.2769079150858	3689.2190444296543	3987.8776623265444	5936.533218715534	5884.568454880555	6093.329353218791	5619.705052159651	5797.920316933338
K03077	2.887251341957292	2.655602288673826	2.0909827517699084	3.4061698533385965	3.8125750281816884	3.217943859155639	4.34173883675451	3.62066515477528	2.924035503585202	2.7438401411756543	3.5996130218726434	2.3403808302728364	1.920583312487621	2.672016791944428	2.9798663408144415
K03078	2.5263449242126303	3.1298169830798663	2.292038785593938	2.7110331485756176	2.5734881440226394	2.047782455826316	3.048454927934017	2.5557636386649043	4.386053255377803	3.086820158822611	3.0853825901765517	2.9786665112563373	2.137423363897514	3.100547786878912	2.951754394202985
K03079	3.609064177446615	3.3195028608422827	0.8444353420609246	2.29395112571783	2.5734881440226394	4.973185964149624	2.7713226617581976	3.19470454833113	3.4266041057639085	1.7638972336129206	2.699709766404483	3.404190298578671	3.6243265735653494	3.1761709036320562	3.37343359337484
K03086	595.254985000195	732.7565457962136	592.5523428861802	610.3995404523718	709.7108414960212	635.9827227094872	631.5844346146932	718.4890529196712	653.7960633797537	765.2374165157387	772.6312236233782	744.0283421331008	757.9489111281792	733.8467249725112	724.7822075365843
K03087	2524.9012985416516	2642.8933348637443	2368.2792336200105	2677.458045735566	3102.196986055735	3264.45777493798	2495.0217923809055	3427.9179803593024	2579.54757081907	3583.3572300846477	1439.5880935332095	1619.756296442464	1408.6549282590659	1421.8658411926172	1534.2375982668773
K03088	648.9097391049013	510.6343829364243	594.9650152920686	557.2215825380039	537.8590221007316	274.6953894315587	398.7933310270046	461.3153367790152	345.6758221894631	302.8023584368847	364.5893760725292	319.56836427907274	330.4642383486765	325.02815580501374	319.97017633160357
K03089	348.3949952628466	457.9017089184726	349.5962316132228	335.9595694119477	359.71645390894224	326.1824911780489	319.25637063454434	340.87497530693156	299.89639133645727	320.14734790074505	324.99363283193014	357.2272194570993	326.7469803245069	328.96055787617723	331.10250718974055
K03092	386.1698669867878	341.8139517278739	379.99590392741607	393.0998065434646	358.57268140048774	357.4843087171083	346.4153327197747	376.97513670307336	355.81857034252425	377.7679908654338	384.6443629086768	345.7380771993963	375.25719753992	364.04968404963614	358.933334335083
K03098	27.910096305587153	24.09010647582685	45.3582412307011	35.451971942911925	29.738085219817165	16.089719295778195	13.302348776439349	24.599225022149703	13.432288094594522	13.523212124365724	36.51036065042253	28.084569963274035	28.622886786105838	27.526814498144486	26.98746874699872
K03100	205.71665811445703	190.06524951794097	187.46464593752526	195.82000973173115	171.27993314106234	231.10687715754136	188.72707326573325	190.40439108053536	219.57679109735128	228.71867462514203	235.26042250096208	277.867033121484	254.81803755682535	254.54741099108335	258.40501325251273
K03101	83.9708931952579	80.04744041573962	75.51664630430555	62.5623034286681	77.77653057490643	83.66654033804663	76.21137319835043	80.50655461794447	63.59777220297814	87.01893019157075	94.87551464792897	91.06209048697944	94.41835381390757	98.9150367131126	91.9260654194644
K03106	176.6035404163877	187.9787048625544	176.8488873516165	161.2022018345348	199.0164164710841	210.92159295011055	208.68059643039228	217.55937974134997	220.3991760827346	243.417818238583	216.23389652820666	198.50684678586876	197.57226398461367	202.51870666492016	193.9724316190533
K03110	130.64812322356747	128.60702512291815	145.96668055624554	138.88831361164318	152.40768675156298	172.89134734190753	154.63980452610744	167.4025183325512	165.57351039051207	158.45676815289403	168.92469681216622	138.50799277341966	136.6092323882324	156.2373592119959	173.22581501979803
K03111	81.08364185330062	93.32545185910875	89.51014625845801	83.20786356012857	89.50019878656512	84.25162103971128	80.64548945716355	96.79954781443324	90.7364767206283	92.89858763694714	109.5310819512676	119.57218423757581	120.62502288430318	131.2817306834583	125.66040135321279
K03112	341.41747118644975	308.0498654861638	332.22499029082667	342.2157997548145	320.2563023672618	339.05426661467146	313.99085757720377	326.4988048394415	350.61013210176316	376.2980765040897	378.7307129441717	400.4178838703162	408.1549310538209	393.845192050375	385.4147880430755
K03113	26.70707491310495	29.02193929764967	16.164905119451987	15.014952822880344	21.159791406408367	35.104842099879704	29.098887948461076	26.196577296315265	39.200350969939116	31.75015020503257	37.281706297966664	54.6798066709199	52.22747523958273	50.969980691619185	49.08345878360392
K03116	194.16765274662788	162.56079724239063	168.6458011715961	160.78511981167702	167.27672936147155	169.96594383358422	171.54487276283243	153.66528877472734	180.65056845587327	210.785719416744	212.63428350633401	190.63465672040556	190.69533663989992	185.73037474572214	188.40626618998482
K03117	89.26418732217961	93.51513773687117	92.1640859049352	86.75306075441976	120.09611338772318	104.72944559797445	135.51767815997587	122.99612511074851	126.92141607749518	121.12094337475386	150.4124012711069	131.9123740699235	133.44956306768825	142.62519819642995	141.852882601412
K03118	69.05342792847857	68.28691599446981	56.456534297787535	50.67546577722116	74.63115617665655	66.11411928810678	80.92262172333938	73.15873415678288	77.852445282956	92.60460476467833	105.1601232818508	114.46589878970781	118.02294226738447	110.10725799257794	104.23909803528255
K03119	6.015106962411025	4.742146944060404	3.3777413682436985	5.422066297151235	3.7172606524771457	5.850807016646617	6.928306654395494	5.430997732162921	5.756694897683366	4.997708828569941	6.170765180353103	3.6169521922398378	4.088983826586548	5.293618172720094	5.734837108737228
K03147	357.7785621242077	197.4629987506752	355.8691798685325	359.5247037034127	187.86463451365267	483.27665957501057	194.26971858924966	257.8126570503222	452.85999861775815	765.8253822602762	862.1073187384982	710.4119629346363	707.2083390982643	600.4475470199649	643.4824579362507
K03148	89.02358304368316	41.73089310773155	87.82127557433617	93.00929109728658	44.32118470261212	103.26674384381279	49.0524111131201	62.61620914729015	99.50858323138391	143.4636416671842	179.4664206619361	158.2948488839082	157.6117402247906	160.62349998367827	151.4671683425303
K03149	76.75276484036468	42.48963661878122	80.10072387549343	91.54950401728432	62.3356017107706	123.15948770041129	59.86056949397707	73.7976750664491	109.65133138444507	144.05160741172185	191.2937205909462	144.67808768959353	139.95476460998503	139.90276599331676	132.74461189929994
K03150	234.58917153402996	109.2590655911517	191.56618902753547	197.4883378231623	117.52262524370053	243.10103154166694	103.92459981593241	146.956409223232	220.12504775427348	323.3811594957021	405.4706953923685	394.67331274146466	373.39856852783527	330.926758911759	337.84937437649023
K03151	67.12859370050704	77.3918381270658	66.3484911619298	70.27832085153716	67.76852112592951	84.54416139054362	70.1144633424824	88.81278644360542	96.76729994677278	103.48197103862466	97.44666680640943	119.99770802489815	118.95225677342685	118.72829330243638	107.78120330832614
K03152	43.30877012935938	40.59277784115706	38.12022401303603	37.328841045771966	34.885061507862446	41.24818946735865	42.40123672490042	33.224927302643756	40.57099261224468	41.74556786217245	37.795936729662756	45.53104524348972	36.98671734048742	42.953930315785904	39.13182968314814
K03154	36.09064177446615	16.31298548756779	36.43135332891418	41.29112026292095	21.731677660635622	43.88105262484963	19.122126366131564	23.001872747984137	39.200350969939116	48.801156796624134	60.422075724290806	65.10513946031708	58.54681388067103	57.92730743290845	56.16766932969109
K03168	336.3647813380245	402.8928043673719	352.49143850028884	361.8186548291305	338.27071937542024	382.6427788886888	383.8281886535104	361.0016139614177	427.9143207277969	425.6871990452515	517.5729295021166	488.0757840587169	505.9188170894811	516.8083798909875	512.0872194743007
K03169	128.96389327409236	123.67519230109534	111.46546515204206	106.56445684016467	128.9603503282456	146.56271576699777	140.78319121731644	127.46871147841209	136.241779245173	143.75762453945302	127.01491662893471	134.89104058117982	139.95476460998503	138.69279612526645	147.58771971014926
K03177	93.3544600566191	93.13576598134632	91.19901694257986	89.04701188013759	86.35482438831524	80.74113682972332	98.65908675859184	90.7296091726041	92.38124669139498	84.66706721342018	127.5291470606308	135.31656436850216	144.22961133778006	130.67674574943317	132.40726853996247
K03179	59.429256788620926	63.54476905040941	46.0820429524676	56.72315510865908	64.62314672767961	72.55000700641806	70.1144633424824	67.72773642461996	67.43556880143372	74.96563242854911	68.13553219973218	75.10494846239193	71.92894276768155	72.14445338249956	66.96265682849057
K03181	37.77487172394124	39.26497669682014	35.948818847736504	36.70321801148528	46.32278659240751	47.09899648400527	56.81211456604305	51.4347432281312	54.825665692222536	43.50946509578537	58.36515399750644	46.38209281813439	50.926434931123374	57.62481496589587	53.97493749399744
K03182	165.5357436055514	163.3195407534403	141.38260298505767	148.89828216023008	153.55145926001748	184.30042102436843	173.20766635988736	173.79192742921347	174.89387355818988	181.38743218986198	215.20543566481447	222.97446455690294	216.1585541054616	213.10594301036033	211.34561462493372
K03183	103.45983975346962	101.86131635841747	93.12915486729055	95.09470121157551	103.79735514224646	112.62803507044738	105.86452567916315	101.91107509176305	108.55481807060062	126.1186522033238	121.8726123119738	120.84875559954281	110.58842621904527	107.98981072348991	104.74511307428878
K03184	76.2715562833718	69.80440301656914	87.09747385256966	76.74309220583287	98.36443572708755	69.33206314726242	90.62225103949307	92.00749099193655	71.82162205681152	74.96563242854911	59.907845292594715	51.062854478680066	52.41333814079121	57.62481496589587	63.58922323511573
K03185	50.526898484252605	54.43984691781343	61.76441359074192	67.77582871439044	64.90908985479324	64.35887718311278	67.89740521307584	77.95079097927957	63.59777220297814	67.91004349409744	65.30726482540368	59.57333022512674	58.73267678187951	63.220925605628544	56.16766932969109
K03186	17.32350805174375	26.935394642263095	16.888706841218493	22.313888222891624	26.592710821567273	26.621171925742107	27.436094351406155	30.66916366397885	30.154116130722397	28.810321482344367	21.85479334708391	23.616570196389528	21.56009654018362	20.115749056336355	20.577944919586525
K03207	0.9624171139857639	0.9484293888120807	1.4476034435330136	2.0854101142889365	1.429715635568133	1.755242104993985	2.217058129406558	1.597352274165565	1.0965133138444507	3.2338115949570208	1.5426912950882758	1.0638094683058346	1.6727661108763152	0.45373870051886517	1.518045117018678
K03208	3.368459898950174	2.086544655386578	3.136474127654863	3.3366561828622987	2.2875450169090126	1.4627017541616543	2.7713226617581976	1.277881819332452	4.11192492691669	1.1759314890752803	1.5426912950882758	0.8510475746446677	1.8586290120847946	1.5124623350628839	1.180701757681194
K03210	517.780407324341	463.7819711291075	490.4963001171028	522.8123156522364	460.65437778005247	518.9665823765549	503.8264599076403	490.06767771399535	513.442359207664	516.8218894485857	514.744662127788	563.1807325211089	539.3741393070075	544.3351943891319	547.6769438844053
K03212	31.75976476153021	28.452881664362422	25.091793021238903	25.02492137146724	24.019222677544633	17.552421049939852	27.436094351406155	21.08505001898546	29.879987802261283	24.988544142849705	32.13940198100575	34.46742677310904	31.22496740302455	32.66918643735829	31.035589059048526
K03214	70.4970535994572	72.27031942748056	66.3484911619298	73.40643602297057	76.3468149393383	76.64557191807069	75.10284413364715	81.1454955276107	79.77134358218379	71.7318208335921	86.1335973090954	90.84932859331828	90.5152328885295	91.65521750481076	84.67318319370848
K03215	62.316508130578214	64.30351256145907	60.316810147208905	62.14522140581031	63.47937421922511	67.57682104226842	73.44005053659224	68.04720687945307	66.06492715912816	69.08597498317272	63.25034309861931	51.4883782660024	55.94473326375232	46.58383991993682	54.312280853334926
K03216	10.345983975346963	12.898639687844298	10.133224104731095	7.090394388582385	8.29235068629517	12.871775436622558	12.193819711736069	12.77881819332452	14.528801408438973	12.935246379828083	18.51229554105931	14.042284981637017	13.567991788219	12.704683614528225	14.33709277184307
K03217	291.8529898161829	337.2614906615759	265.15269740713035	280.6962013832909	348.56467195151083	424.1835087068797	368.30878174766445	341.5139162165978	422.9800108154969	475.370304458682	645.6163069944434	614.4563488934501	635.8369850342083	649.9050653765212	594.230327472978
K03218	49.323877091770406	45.90398241850471	39.08529297539137	48.17297364007444	47.466559100862014	41.24818946735865	57.36637909839469	48.87897958946629	54.0032807068392	47.33124243528003	65.82149525709977	58.29675886315974	62.26407190484062	55.35612146330155	60.04711796207215
K03269	30.797347647544445	34.712515630522155	39.56782745656904	44.41923543435435	28.880255838476288	26.621171925742107	29.930284746988534	28.75234093498017	37.82970932763355	29.986252971419646	55.79400183902598	61.913711055399574	70.99962826163916	62.010955737578236	62.40852147743454
K03270	69.53463648547145	71.89094767195571	66.58975840251863	65.8989596115304	75.2030424308838	85.71432279387294	81.47688625569101	73.478204611616	77.5783169544949	74.37766668401147	80.73417777628644	71.27523437649093	74.53102338460026	74.86688558561275	76.91428592894636
K03271	152.5431125667436	129.93482626725506	117.2558789261741	117.82567145732492	119.52422713349591	129.59537541872257	121.10680031883324	126.82977056874587	117.87518123827846	136.70203560500133	132.67145137759172	154.89065858532953	146.08824034986486	142.32270572941738	132.23859686029374
K03272	108.031321044902	87.44518964847384	80.10072387549343	78.61996130869291	97.22066321863305	119.35646313959099	112.238567801207	113.092541010922	110.1995880413673	131.9983096487002	107.47416022448321	104.2533278939718	97.76388603566019	110.7122429266031	114.0220554560696
K03273	50.76750276274905	55.577962184387935	51.87245672659966	52.13525285722341	65.48097610902049	59.38569121896316	59.30630496162543	64.85250233112194	63.59777220297814	87.01893019157075	64.02168874616345	63.40304431102775	66.53891863263564	61.40597080355308	66.96265682849057
K03274	331.79330004659215	300.46243037566717	292.6571628342576	288.20367779473105	282.22586646114945	289.02986662234287	291.26601175078656	293.2738775367977	321.2784009564241	388.0573913948425	339.64920013526876	359.35483839371096	369.68131050366566	339.09405552109854	341.56015132920254
K03275	66.16617658652127	48.369898829416115	62.48821531250842	57.55731915437465	42.31958281281673	38.03024560820301	27.990358883757796	27.79392957048083	25.49393454688348	38.51175626721543	59.907845292594715	53.828759096275235	52.599201041999684	56.26359886433928	60.38446132140964
K03276	58.7074439531316	38.31654730800806	57.662870500731714	46.50464554864329	23.44733642331738	20.18528420743083	15.519406905845907	9.903584099826503	12.884031437672297	21.754732547892687	50.39458230621701	48.29694986108489	39.7746608586146	48.70128718902486	48.408772064928954
K03277	59.429256788620926	44.76586715193021	60.316810147208905	48.798596674361114	22.5895070419765	19.600203505766167	18.567861833779926	11.181465919158954	17.54421302151121	19.108886697473306	52.96573446469747	44.679997668845054	46.837451104536825	51.423719392138054	46.04736854956656
K03281	41.22353304905689	42.61609387062283	37.63768953185836	35.938567636246006	43.3680409455667	41.930783619300755	40.83082054990411	42.91553109924818	41.21062537865394	42.43152789746636	31.36805633346161	30.850474580869204	31.348876003830203	35.038710762290144	33.11587310829635
K03282	133.05416600853187	109.06937971338928	129.3192409556159	134.09187034877863	136.96675788742715	152.7060631344767	123.32385844823979	148.87323195223067	109.92545971290619	125.23670358651735	205.69217267843678	166.80532463035487	186.79221571452186	176.95809320235742	180.47869724555395
K03284	134.9790002365034	194.23833882871415	106.88138758085418	112.40360516017368	158.41249242094915	181.66755786687744	220.87441614212835	175.38927970337903	205.04798968891228	248.7095099394218	156.84028166730806	139.57180224172552	146.6458290534903	129.92051458190173	141.17819588273704
K03286	8085.987987429892	8766.90189842335	8022.377016819373	8172.722237898342	10856.688650250175	11182.062370215015	10576.75293860016	10178.32869098298	10501.308006688305	13157.79141413558	15403.258351024739	13368.893588199424	13396.440330403575	12211.620893297724	13111.355675690322
K03289	19.248342279715278	21.813875942677857	25.091793021238903	25.442003394325027	20.587905152181115	21.06290525992782	17.736465035252465	16.93193410615499	23.026779590733465	20.872783931086225	23.14036942632414	20.21237989781086	22.303548145017537	21.174472690880375	18.047869724555394
K03290	4.812085569928819	4.362775188535571	5.307879292954383	3.96227921714898	4.289146906704399	2.9254035083233085	3.325587194109837	4.792056822496695	4.386053255377803	2.3518629781505607	4.113843453568736	4.042475979562171	3.5313951229611096	5.142371939213805	4.048120312049808
K03291	9.303365435195717	11.001780910220136	10.133224104731097	9.314831843823917	10.484581327499642	12.091667834403006	9.330119627919265	12.033387132047258	10.325500372035243	9.505446203358515	11.313069497314023	9.290602689870957	8.48773915518723	10.083082233752558	10.851211392022401
K03292	3.4486613251156535	4.10986068485235	4.584077571187876	5.004984274293448	4.670404409522567	3.120430408878196	4.249361414695903	4.3660962160525445	3.6550443794815024	4.017765921007208	2.57115215848046	2.907745880035948	3.221623620946977	2.772847614281954	3.8232247391581518
K03293	72.42188782742873	57.854192717536925	80.82452559725994	71.73810793153942	72.91549741397478	90.68750875802256	76.21137319835043	77.31185006961334	80.31960023910602	84.66706721342018	120.84415144858161	115.31694636435248	112.81878103354704	117.0645847338672	105.25112811329501
K03297	31.037951926040886	19.34795953176645	28.710801630071437	26.484708451469494	26.02082456734002	19.892743856598496	24.11050715729632	20.765579564152347	27.68696117457238	23.518629781505606	20.312102051995634	21.914475047100193	17.65697561480555	20.72073399036151	21.758646677267716
K03299	11.549005367829167	12.898639687844298	12.907797371502706	13.138083720020301	10.150981012533745	7.4597789462244375	10.392459981593241	10.382789782076173	8.497978182294494	7.349571806720501	9.256147770529655	8.723237640107843	9.014350708611254	7.335442325054987	8.4335839834371
K03304	24.541636406636982	24.469478231351683	27.50446542712726	27.31887249718507	24.59110893177189	19.307663154933834	27.990358883757796	29.071811389813284	20.833752963044564	25.576509887387346	25.197291153108505	25.318665345678866	23.97631425589385	21.174472690880375	22.264661716273945
K03305	223.4612236535696	156.0640559290279	119.54791771176805	150.04525772308898	237.11833815897486	141.80893506597238	195.65537992012875	154.78343536664326	186.749923764133	186.38514101843194	158.96148219805443	162.7628486507927	153.10456487048495	155.32988181095817	151.5093362624475
K03307	2.165438506467969	2.46591641091141	2.6539396464771916	3.3366561828622987	2.859431271136266	2.047782455826316	2.7713226617581976	2.236293183831791	3.8377965984555775	2.9398287226882007	1.028460863392184	1.7020951492893355	2.044491913293274	2.5711859696069026	2.192731835693646
K03310	18.7671337227224	14.416126709943628	13.75223271356363	18.14306799431375	14.869042609908583	16.382259646610528	13.579481042615168	15.334581831989425	9.868619824600056	12.347280635290444	12.341530360706207	14.893332556281685	14.311443393052919	11.494713746477917	12.481704295486908
K03311	123.42999486867423	154.21461862084433	138.9699305791693	141.39080574878992	172.9955919037441	178.4496140077218	185.40148607162342	194.2380365385327	155.97901889437313	179.91751782851787	70.70668435821264	67.44552029058991	64.86615252175933	62.464694438097105	62.2398497977658
K03312	54.85777549718855	63.73445492817183	69.00243080840698	64.23063152009925	95.50500445595128	98.5860982304955	91.1765155718447	98.39690008859881	89.63996340678385	97.60231359324827	65.82149525709977	57.02018750119274	49.06780591903858	57.62481496589587	59.0350878840597
K03313	98.16654562654793	97.11916941435707	127.3891030309052	105.10466976016241	100.36603761688293	79.57097542639399	92.83930916889962	104.14736827559484	94.57427331908387	84.07910146888254	66.07861047294782	73.4028533131026	68.02582184230349	73.80816195106873	66.96265682849057
K03314	93.3544600566191	87.44518964847384	85.16733592785897	72.78081298868389	97.22066321863305	128.42521401539324	113.06996459973446	99.35531145309814	100.60509654522836	112.8894229512269	94.36128421623287	83.82818610249977	82.3372652353564	87.57156920014097	91.25137870078942
K03319	2.165438506467969	1.5174870220993293	2.8952068870660272	2.29395112571783	1.7156587626817597	2.6328631574909775	1.9399258632307383	1.9168227289986781	1.3706416423055634	1.1759314890752803	1.28557607924023	1.2765713619670016	1.4869032096678356	1.209969868050307	1.012030078012452
K03320	269.23618763751745	245.07415406904167	258.6384819112318	292.37449802330894	554.1577803462084	861.238792850382	539.8536545104969	681.1110097041969	570.4610515275755	875.774976488815	50.39458230621701	39.999236008299384	41.44742696949092	53.994905361744955	56.33634100935983
K03321	71.94067927043585	78.7196392714027	52.596258448366164	59.85127028009248	74.91709930377017	84.25162103971128	80.64548945716355	76.99237961478023	89.09170674986163	107.30374837811932	34.96766935533425	37.44609328436538	35.49981413081958	39.172774478128694	30.866917379379785
K03322	19.48894655821172	27.883824031075175	23.402922337117054	26.276167440040602	22.5895070419765	15.212098243281204	13.579481042615168	25.55763638664904	14.802929736900085	19.990835314279764	16.455373814274942	15.95714202458752	16.91352400997163	18.905779188286047	17.54185468554917
K03324	45.95541719282023	43.627751885355714	36.91388781009185	40.665497228634266	55.187023532929935	54.119964903981206	46.00395618518608	53.35156595712987	43.3122758968558	48.21319105208649	70.70668435821264	65.95618703496174	67.09650733626108	70.02700611341152	71.17944882020912
K03326	5.293294126921701	6.259633966159733	5.7904137741320545	6.360500848581257	3.860232216033959	3.217943859155639	4.849814658076846	5.111527277329808	5.61963073345281	3.821777339494661	4.2424010614927585	5.6381901820209235	5.575887036254384	4.915502588954372	4.5541353510560345
K03329	2.4060427849644097	2.845288166436242	4.342810330599041	2.29395112571783	3.1453743982498925	1.4627017541616543	1.3856613308790988	2.875234093498017	1.644769970766676	2.0578801058817406	2.056921726784368	2.553142723934003	2.6020806169187125	2.1174472690880375	1.8553884763561619
K03385	4.0902727344394965	5.121518699585236	4.825344811776712	3.128115171433405	2.0016018897953862	5.558266665814286	3.048454927934017	3.19470454833113	2.741283284611127	2.0578801058817406	8.999032554681609	5.106285447868006	7.992104751964617	6.503588040770401	5.90350878840597
K03387	325.7781930841811	276.1826380220779	323.0568351484509	295.9196952176001	299.09651096085344	241.34578943667296	260.7814624714464	270.5914752436467	267.8233769065071	320.7353136452827	367.9318738785538	351.48264832824776	331.3935528547189	308.6935625863346	332.114537267753
K03402	150.3776740602756	114.19089841297452	130.0430426773824	119.91108157161386	131.81978159938186	76.64557191807069	111.13003873650372	106.38366145942663	110.47371636982841	98.19027933778591	126.50068619723862	124.46570779178265	135.12232917856457	113.43467512971628	121.44360936149424
K03407	4.812085569928819	4.742146944060404	6.272948255309726	6.464771354295704	5.146976288045279	5.265726314981955	8.036835719098773	5.111527277329808	7.401464868450042	8.231520423526963	7.970571691289425	8.29771385278551	5.204161233837425	6.503588040770401	5.90350878840597
K03408	4.0902727344394965	3.604031677485907	3.3777413682436985	2.9195741600045113	4.575090033818025	4.388105262484963	3.6027194602856567	3.19470454833113	5.208438240761141	3.2338115949570208	4.885189101112874	5.106285447868006	5.204161233837425	3.78115583765721	4.554135351056034
K03412	1.2030213924822049	0.5690576332872485	0.9650689623553425	1.0427050571444683	0.8578293813408798	0.8776210524969925	2.217058129406558	0.638940909666226	1.0965133138444507	0.8819486168064602	1.28557607924023	1.0638094683058346	0.3717258024169589	1.5124623350628839	1.012030078012452
K03413	4.571481291432379	2.845288166436242	3.86027584942137	7.507476411440172	5.146976288045279	2.340322806658647	3.6027194602856567	4.1531159128304695	6.579079883066704	4.115760211763481	5.9136499645050575	3.6169521922398378	3.3455322217526304	3.1761709036320562	4.385463671387292
K03414	4.571481291432379	4.93183282182282	2.412672405888356	2.9195741600045113	3.7172606524771457	5.558266665814286	3.6027194602856567	3.19470454833113	3.563668269994465	3.821777339494661	3.8567282377206897	2.3403808302728364	2.9738064193356712	4.3861407716823635	4.385463671387292
K03417	0.9624171139857639	1.7071728998617453	1.930137924710685	1.4597870800022557	1.429715635568133	1.1701614033293235	0.8313967985274593	1.597352274165565	1.3706416423055634	0.5879657445376402	1.028460863392184	1.7020951492893355	0.7434516048339178	0.7562311675314419	0.674686718674968
K03424	30.797347647544445	30.539426319749	37.557267118328745	38.71911445529793	34.40848962933973	25.64603742296767	31.131191233750418	38.12347427675149	28.87485059790387	32.7300931125953	31.110941117613564	35.24755371653332	38.3497119493496	33.52624842722726	30.979365165825612
K03425	387.1322841007736	403.0824902451343	228.962611318805	344.09266885767454	484.6736004575971	435.3000420385083	466.4136039739047	475.37203679167214	402.42038618091345	285.75135184529313	228.0611964572168	269.5693192686985	278.60848891151073	289.3340446975297	281.3443616874616
K03426	47.88025142079176	49.12864234046578	51.14865500483315	58.39148320009023	42.60552593993037	48.26915788733459	44.61829485430698	54.94891823129544	56.1963073345281	58.208608709226375	65.30726482540368	64.04132999201124	61.70648320121518	62.16220197108453	55.998997650022346
K03427	67.36919797900347	68.47660187223224	62.48821531250842	63.39646747438368	66.05286236324774	69.33206314726242	86.46526704685577	74.43661597611533	77.5783169544949	87.60689593610839	83.3053299347669	78.29637686730943	85.49693455590055	84.54664453001521	89.564661904102
K03431	119.09911785573829	109.82812322443895	145.0016115938902	128.04418101734072	130.67600909092735	156.2165473444647	132.74635549821767	125.55188874941341	137.61242088747858	154.04702506886173	181.00911195702437	170.84780060991704	169.69282880334174	171.81572126314362	173.73183005880426
K03435	128.00147616010662	135.0563449668403	136.07472369210328	130.33813214305854	150.4060848617676	141.88207015368047	152.6998786628767	130.3439455719101	152.14122229591754	130.2344124150873	108.75973630372344	84.67923367714444	92.55972480182277	91.05023257078561	93.10676717714558
K03438	178.52837464435922	159.7155090759544	175.88381838926117	172.04633442883727	166.7048431072443	203.9006245301346	170.43634369812915	180.50080698070886	162.28397044897872	162.27854549238867	160.4398946891807	174.2519909084957	179.35769966618267	185.27663604520328	180.14135388621645
K03439	92.39204294263334	102.99943162499197	86.61493937139198	96.55448829157777	97.7925494728603	99.46371928299249	117.22694859237176	92.00749099193655	108.0065614136784	100.24815944366765	135.49971875192023	125.74227915374966	125.27159541451516	134.76039405410296	137.46741893002473
K03442	874.3559480560665	886.4021067837707	953.2468675664895	961.3740626871997	948.1874095087858	1079.1813542204686	851.6274539582942	1052.9746191299405	894.4807357686107	1049.2248711274187	904.5313293534258	897.6424293564633	850.3227730287936	844.1052291985955	848.0812053744347
K03445	6.736919797900348	7.777120988259062	6.03168101472089	4.58790225143566	6.576691923613412	7.02096841997594	9.145364783802052	9.58411364499339	5.756694897683366	7.055588934451682	23.397484642172184	18.08476096119919	15.240757899095316	19.057025421792336	16.192481248199233
K03446	23.81982357114766	35.281573263809406	22.196586134172875	23.773675302893878	26.02082456734002	41.24818946735865	32.97873967492255	29.071811389813284	32.89539941533352	31.75015020503257	54.50842575978575	47.87142607376256	62.63579770725758	53.84365912823866	49.252130463272664
K03449	2.646647063460851	3.4143457997234905	5.549146533543219	4.58790225143566	3.1453743982498925	3.2179438591556395	3.325587194109837	4.472586367663582	2.741283284611127	4.409743084032301	2.57115215848046	3.191428404917504	3.159669320544151	2.722432203113191	2.192731835693646
K03451	1.443625670978646	2.845288166436242	3.3777413682436985	2.9195741600045113	3.7172606524771457	1.4627017541616543	1.6627935970549186	1.597352274165565	4.660181583838916	1.4699143613441004	1.799806510936322	1.7020951492893355	2.6020806169187125	1.966201035581749	1.68671679668742
K03459	6.736919797900348	5.500890455110069	7.238017217665068	6.464771354295704	8.864236940522424	4.388105262484963	6.928306654395494	5.430997732162921	7.949721525372268	6.761606062182862	4.113843453568736	4.042475979562171	5.018298332628945	6.654834274276689	5.2288220697310015
K03466	480.00553560039975	429.06945549858534	439.1063778716808	450.24004367498145	460.36843465293884	423.8909683560474	415.4212669975538	445.02234358252645	423.8023958008802	474.78233871414443	462.2931580947867	441.2681674532602	414.28840679370074	443.7564491074501	433.65488842833565
K03468	10.105379696850521	17.071728998617452	10.857025826497603	7.2989354000112785	8.006407559181545	6.435887718311279	8.868232517626232	12.77881819332452	6.304951554605592	11.465332018483982	8.741917338833563	6.808380597157342	8.735556356798535	9.074774010377304	10.12030078012452
K03469	25.02284496362986	29.401311053174503	26.53939646477192	22.522429234320516	23.44733642331738	21.06290525992782	25.496168488175417	26.196577296315265	23.849164576116802	22.636681164699144	29.311134606677243	29.78666511256337	31.03910450181607	27.526814498144486	32.72230585573595
K03470	30.316139090551566	23.14167708701477	26.056861983594246	23.148052268607195	28.59431271136266	26.328631574909778	26.327565286702878	30.66916366397885	31.250629444566847	19.696852442010943	26.22575201650069	31.275998368191537	26.578394872812563	30.70298540177654	25.300751950311298
K03472	258.8902036621705	191.58273654004032	234.75302509293707	222.30471818320063	277.0788901731042	131.9356982253812	189.83560233043653	192.32121380953404	186.13313502509553	164.3364255982704	242.45964854470736	205.74075117034843	229.16895719005518	218.09706871606787	210.33358454692126
K03473	175.15991474540903	169.95854647512488	157.30624086392083	154.3203484573813	187.86463451365267	209.16635084511657	194.26971858924966	209.57261837052212	204.49973303199008	198.43843878145356	202.34967487241218	209.35770336258827	198.87330429307303	204.1824152334893	181.49072732356638
K03474	133.53537456552476	117.03618657941077	105.19251689673233	105.10466976016241	128.9603503282456	124.3296491037406	132.46922323204186	121.07930238174983	114.85976962520621	137.58398422180778	87.93340382003173	101.48742327637663	102.22459566466371	99.0662829466189	100.86566444190771
K03475	3.1278556204537327	6.259633966159733	4.825344811776712	3.3366561828622987	3.7172606524771457	2.047782455826316	3.8798517264614767	6.708879551495373	4.660181583838916	2.9398287226882007	5.399419532808966	4.042475979562171	4.832435431420466	4.839879472201228	4.891478710393518
K03476	13.955048152793577	13.847069076656378	6.755482736487397	11.886837651446939	15.15498573702221	9.361291226634588	12.47095197791189	12.139877283658294	12.061646452288958	16.169057974785105	20.826332483691726	14.467808768959351	14.311443393052919	20.418241523348932	17.035839646542943
K03477	15.398673823772222	16.31298548756779	17.12997408180733	12.095378662875833	14.583099482794957	15.797178944945866	15.242274639670088	15.334581831989425	14.802929736900085	12.053297763021623	23.911715073868276	18.510284748521524	20.259056231724262	19.208271655298624	19.22857148223659
K03478	19.248342279715278	14.226440832181211	13.75223271356363	13.972247765735876	15.440928864135836	19.015122804101505	14.410877841142627	20.765579564152347	16.44769970766676	14.111177868903363	12.341530360706207	13.616761194314684	12.824540183385082	12.09969868050307	14.168421092174327
K03482	1.2030213924822049	1.138115266574497	3.136474127654863	2.9195741600045113	2.0016018897953862	0.5850807016646618	2.7713226617581976	2.555763638664904	2.467154956150014	0.5879657445376402	1.799806510936322	2.3403808302728364	2.2303548145017538	1.966201035581749	1.518045117018678
K03485	27.428887748594274	30.539426319749	28.228267148893767	32.53239778290741	37.74449277899871	40.66310876569399	36.30432686903239	34.822279576809315	43.03814756839469	40.27565350082835	25.197291153108505	21.276189366116693	18.028701417222507	20.56948775685522	18.216541404224134
K03487	15.158069545275783	13.088325565606715	15.44110339768548	16.4747399028826	13.725270101454077	15.504638594113535	16.073671438197547	17.890345470654328	11.787518123827846	15.287109357978643	13.884221655794484	16.59542770557102	16.91352400997163	16.485839452185434	13.831077732836844
K03488	0.9624171139857639	1.327801144336913	1.206336202944178	1.251246068573362	0.8578293813408798	0.2925403508323309	0.27713226617581976	0.319470454833113	0.822384985383338	0.8819486168064602	0.514230431696092	0.42552378732233387	0.3717258024169589	0.7562311675314419	0.337343359337484
K03490	20.451363672197484	19.537645409528864	21.714051652995206	22.522429234320516	17.442530753931223	21.940526312424815	17.182200502900827	22.682402293151025	15.899443050744535	18.814903825204485	13.627106439946438	12.127427938686514	11.523499874925728	13.309668548553377	14.33709277184307
K03495	98.16654562654793	141.12629305523762	98.67830140083376	96.76302930300666	110.37404706585987	128.71775436622556	144.38591067760208	124.59347738491407	159.8168154928287	171.09803166045327	181.52334238872047	174.8902765894792	178.2425222589318	171.36198256262475	174.40651677747923
K03498	53.77505624395456	58.51809328970538	56.2152670571987	60.58116382009361	60.04805669386159	69.91714384892708	59.99913562706498	57.6644170973769	59.07465478336978	66.58712056888774	62.47899745107517	60.31799685294082	59.38319693610919	60.5741165192685	58.69774452472221
K03499	82.04605896728637	64.49319843922149	82.51339628138177	83.20786356012857	68.91229363438401	59.38569121896316	61.52336309103199	73.15873415678288	62.501258889133695	69.37995785544153	82.79109950307081	80.84951959124344	91.4445473945719	82.27795102742088	69.83007538285919
K03500	60.39167390260669	65.63131370579599	69.24369804899582	61.51959837152363	62.62154483788422	53.242343851484215	54.87218870281231	62.29673869245703	58.389333962217	67.02809487729098	77.90591040195794	76.80704361168127	81.77967653173097	71.84196091548698	65.95062675047812
K03501	30.316139090551566	32.815656852897995	27.745732667716094	27.527413508613964	26.8786539486809	28.376414030736093	27.436094351406155	28.75234093498017	31.79888610148907	31.75015020503257	35.73901500287839	39.14818843365472	34.198773822360224	39.77775941215385	38.28847128480443
K03502	18.526529444225957	15.933613732042957	14.234767194741302	18.35160900574264	15.15498573702221	11.994154384125565	16.905068236725004	17.890345470654328	13.706416423055634	13.523212124365724	10.027493418073794	7.446666278140842	9.479007961632453	10.738482578946476	10.12030078012452
K03503	11.549005367829167	14.416126709943628	10.374491345319932	11.469755628589152	12.867440720113198	11.409073682460903	16.073671438197547	9.903584099826503	11.23926146690562	12.641263507559263	4.3709586694167815	7.446666278140842	6.319338641088302	6.201095573757824	6.240852147743454
K03516	2.165438506467969	1.327801144336913	1.4476034435330136	1.6683280914311494	0.8578293813408798	1.4627017541616543	0.8313967985274593	1.277881819332452	0.822384985383338	0.8819486168064602	0.7713456475441379	1.2765713619670016	0.7434516048339178	0.6049849340251535	0.674686718674968
K03517	222.79956188770436	251.71315979072622	270.70184394067354	258.59085417182814	282.5118095882631	258.6056701357805	230.85117772445787	219.47620247034862	280.7074083441794	323.08717662343327	228.31831167306484	223.61275023788644	225.82342496830256	210.68600327425972	209.49022614857756
K03521	0.9624171139857639	0.9484293888120807	1.206336202944178	1.0427050571444683	0.5718862542272531	0.5850807016646618	0.8313967985274593	0.319470454833113	1.3706416423055634	2.0578801058817406	1.799806510936322	1.2765713619670016	0.7434516048339178	0.30249246701257676	1.518045117018678
K03522	2.4060427849644097	1.327801144336913	0.2412672405888356	1.251246068573362	2.2875450169090126	0.2925403508323309	0.8313967985274593	0.319470454833113	1.0965133138444507	0.8819486168064602	1.28557607924023	0.6382856809835008	1.4869032096678356	0.9074774010377303	0.84335839834371
K03524	57.02321400365651	44.95555302969263	37.15515505068068	42.12528430863652	49.18221786354378	58.8006105172985	47.38961751606518	48.240038679800065	64.42015718836149	62.030386048721034	58.87938442920253	55.743616139225736	51.85574943716577	57.92730743290845	56.16766932969109
K03526	269.23618763751745	237.48671895854503	241.74977507001327	236.6940479717943	267.35682385124085	290.2000280256722	252.7446267523476	264.52153660181756	271.6611735049627	274.58000269907797	303.1388394848462	307.01541255306387	291.06130329247884	294.62766287024976	284.380451921499
K03527	87.33935309420808	96.73979765883223	76.24044802607206	82.99932254869968	76.63275806645193	79.86351577722633	86.18813478067995	80.18708416311136	88.5434500929394	91.13469040333422	113.13069497314024	115.31694636435248	108.91566010816896	119.03078576944895	110.81729354236349
K03528	243.7321341168947	223.82933575965106	243.67991299472396	240.2392451660855	229.8982741993558	211.5066736517752	193.1611895245464	210.85050018985459	206.41863133121785	183.1513294234749	218.29081825499105	245.31446339132546	230.8417233009315	273.90692887988826	255.36892301847539
K03530	709.301413007508	604.5288924288203	505.45486903361063	518.2244134008008	601.6243394470704	661.1411928810677	691.4450041086703	560.9901186869464	712.1853973419708	595.3153163443607	694.2110827897242	699.3483444642557	700.7031375559676	686.9603925855619	678.9035106666865
K03531	591.405316544252	550.658103144294	562.3939378125758	568.691338166593	667.6772018103181	638.9081262178106	636.8499476720339	627.759443747067	630.7692837890203	738.1909922670072	760.0325780468239	529.5643533226445	610.0020417662296	608.6148436293045	650.0606534433316
K03532	2.646647063460851	8.346178621546311	4.584077571187876	5.839148320009023	4.0032037795907724	3.51048420998797	4.434116258813116	3.19470454833113	3.289539941533352	2.3518629781505607	2.3140369426324137	2.3403808302728364	1.6727661108763152	2.419939736100614	2.024060156024904
K03533	6.736919797900348	6.259633966159733	6.996749977076233	5.839148320009023	6.862635050727039	6.143347367478948	8.591100251450413	11.500936373992069	8.497978182294494	8.525503295795781	5.14230431696092	4.042475979562171	4.088983826586548	4.537387005188652	3.036090234037356
K03534	1.684229949475087	0.5690576332872485	0.7238017217665068	0.625623034286681	0.5718862542272531	0.5850807016646618	0.5542645323516395	0.0	0.822384985383338	0.0	0.514230431696092	0.6382856809835008	0.5575887036254384	0.7562311675314419	1.180701757681194
K03535	3.609064177446615	3.4143457997234905	1.6888706841218493	1.4597870800022557	2.859431271136266	3.51048420998797	6.651174388219674	5.430997732162921	2.741283284611127	2.3518629781505607	2.3140369426324137	2.76590461759517	3.159669320544151	4.839879472201228	3.7107769527123238
K03536	45.95541719282023	60.13042325068592	45.84077571187877	47.130268582929965	48.3243884822029	49.146778939831584	65.12608255131764	60.699386418291475	74.83703366988377	71.43783796132328	114.15915583653242	114.04037500238547	126.20090992055755	124.32440394216906	111.32330858136972
K03543	41.62454017988429	44.38649539640538	35.22501712597	33.57510284005188	40.31798092302135	50.024399992328576	58.75204042927379	43.44798185730337	47.97245748069472	51.15301977477469	82.27686907137472	72.55180573845793	70.99962826163916	66.54834274276689	71.51679217954661
K03544	740.0987606550525	723.0825660303303	726.2143941723951	699.8636343553671	761.7524906307012	728.1329332216715	742.714473351197	762.2565052318076	703.6874191596763	692.62364706534	851.8227101045763	705.0929155931073	732.8574194650345	712.9747447486435	733.5531348793589
K03545	1649.342329093103	1710.207873905944	1457.0128659159782	1482.1009682251472	1507.4921661430394	1901.804820760983	1789.9973072296198	1560.293701404924	2030.1944005830005	2169.887580216161	2435.1382092968433	2684.8423361102655	2619.365866731101	2546.381587311871	2532.605270226161
K03546	77.95578623284688	60.88916676173559	61.281879109564244	49.63276072007669	66.05286236324774	72.25746665558572	68.7288020116033	66.76932506012062	77.5783169544949	77.02351253443086	73.53495173254115	68.93485354621808	68.95513634834587	74.56439311860018	70.6734337812029
K03547	34.6470161034875	39.07529081905773	31.606008517137465	31.28115171433405	33.45534587229431	33.349599994885715	40.46131086166969	37.69751367030734	43.58640422531692	42.62751647897891	35.73901500287839	36.595045709720715	32.154281909066945	32.21544773683943	36.43308280844827
K03548	32.48157759701953	24.27979235358927	38.12022401303603	28.57011856575843	25.734881440226395	30.716736837394738	27.436094351406155	26.835518205981494	28.50934615995572	32.63209882183903	19.0265259727554	23.616570196389528	23.97631425589385	22.989427492955834	24.457393551967588
K03549	41.62454017988429	43.81743776311813	46.80584467423411	49.4242197086478	44.60712782972575	43.5885122740173	46.00395618518608	44.72586367663582	52.90676739299475	49.68310541343059	44.480932341711956	39.57371222097705	49.25366882024706	48.247548488506	50.432832220953856
K03550	54.376566940195666	48.74927058494095	46.80584467423411	54.01212196008346	55.187023532929935	60.26331227146016	74.82571186747134	52.07368413779742	59.485847276061456	66.73411200502215	52.19438881715333	46.38209281813439	49.06780591903858	47.79380978798713	50.770175580291344
K03551	64.24134235854974	67.14880072789532	56.215267057198695	62.979385451525886	92.07368693058777	63.188715779783465	73.16291827041641	76.99237961478023	69.08033877220039	76.72952966216204	64.53591917785954	58.93504454414324	56.688184868586234	59.59101600147763	51.276190619297566
K03553	466.29109172610265	488.4411352382216	388.44025734802534	399.35603688633137	500.40047244884653	453.43754379011284	555.3730614163428	450.77281176952243	465.46990172696934	506.8264717914458	368.4461043102499	388.29045593162965	387.89587482209663	378.11558376572094	381.19799605135694
K03554	100.57258841151233	111.15592436877587	85.40860316844781	89.88117592585317	114.091307718337	158.55687015112332	138.28900082173405	122.03771374624917	157.34966053667867	177.2716719780985	121.3583818802777	116.16799393899714	119.88157127946926	115.70336863231061	120.93759432248801
K03555	64.48194663704618	70.94251828314364	56.456534297787535	61.93668039438142	71.19983865129302	76.93811226890301	92.83930916889962	84.97914098560805	94.02601666216165	104.95188539996876	101.8176254758262	98.93428055244263	101.10941825741283	91.65521750481076	89.22731854476451
K03556	107.30950820941268	84.59990148203761	228.72134407821616	158.69970969738807	88.35642627811062	62.01855437645414	69.00593427777912	76.35343870511402	73.74052035603931	62.912334665527496	76.1061038910216	70.63694869550743	75.27447498943418	67.60706637731091	71.51679217954661
K03557	97.68533706955505	111.34561024653829	107.60518930262069	103.85342369158904	98.36443572708755	156.2165473444647	138.8432653540857	110.5367773722571	165.84763871897317	159.9266825142381	298.7678808154294	247.86760611525946	285.299553355016	253.9424260570582	271.8987476260121
K03558	316.63523050131636	358.3166230932041	299.8951800519227	285.49264464615544	353.4257051124425	343.73491222798873	453.66551972981694	353.334323045423	458.0684368585193	435.97659957466016	392.1007041682701	406.8007406801512	396.2597053764782	368.28457858781223	382.54736948870686
K03559	7.458732633389671	15.364556098755708	15.92363787886315	13.972247765735876	12.009611338772316	9.946371928299248	8.036835719098773	12.139877283658294	7.949721525372268	6.761606062182862	187.9512227849216	236.59122575121762	195.3419091701119	197.22508849220006	209.32155446890883
K03560	61.35409101659245	56.14701981767518	41.25669814069089	41.70820228577873	49.75410411777103	71.0873052522564	55.149320968988135	48.240038679800065	73.74052035603931	69.08597498317272	77.90591040195794	58.29675886315974	62.4499348060491	59.74226223498391	61.39649139942209
K03561	12.752026760311372	28.07350990883759	36.91388781009185	36.70321801148528	24.877052058885514	26.328631574909778	21.616316761713943	35.46122048647555	23.849164576116802	39.98167062855953	563.3394379230688	615.7329202554171	458.8955030837358	504.1036962764592	473.1240614708213
K03562	115.00884512129879	127.46890985634366	99.16083588201144	99.89114447444007	118.66639775215504	176.69437190272782	146.32583654083282	120.75983192691672	175.99038687203435	194.32267856969005	149.8981708394108	156.59275373461887	152.2217160897447	141.26398209487334	156.52731873259256
K03563	776.1894024295186	555.4002500883545	856.981238571544	830.8273895327123	533.2839320669136	471.5750455417173	443.41162588131164	518.1810777393093	431.20386066933025	371.8883334200574	422.1831844224915	587.2228265048208	543.091397331177	570.9545314862387	509.55714427926955
K03564	631.826835331654	560.3320829101773	563.8415412561088	563.0607308580129	521.8462069823686	610.2391718362421	596.3886368103641	548.530770948455	604.7270925852146	611.1903914468769	652.8155330381887	712.3268199775869	731.5563791565752	678.4906035092097	731.3604030436653
K03565	2.887251341957292	4.552461066297988	4.342810330599041	3.5451971942911924	4.0032037795907724	3.803024560820301	5.265513057340575	3.19470454833113	4.11192492691669	3.527794467225841	1.5426912950882758	3.404190298578671	2.6020806169187125	1.8149548020754607	3.036090234037356
K03566	48.36145997778464	47.990527073891286	47.28837915541178	47.96443262864554	45.75090033818026	40.95564911652632	53.209395105757395	43.12851140247026	50.16548410838362	46.74327669074239	43.45247147831977	43.40342630687805	50.926434931123374	38.719035777609825	47.22807030724776
K03567	122.22697347619203	120.45053237913426	142.83020642859069	134.30041136020753	123.52743091308669	129.01029471705792	127.20371017470127	134.81653193957368	125.55077443518961	120.23899475794741	117.50165364255702	106.1681849369223	109.84497461421137	106.93108708894589	110.98596522203223
K03568	150.3776740602756	124.24424993438258	164.5442580815859	136.17728046306758	112.08970582854163	120.23408419208798	124.15525524676725	126.51030011391275	112.66674299751732	122.00289199156033	167.89623594877403	180.42208582466955	185.30531250485402	181.49548020754605	176.26190525383538
K03569	323.13154602072024	389.23542116847796	277.2160594365721	303.2186306176114	372.8698377561691	461.9212139642504	479.1616882179924	379.53090034173823	455.6012819023693	485.65970498809077	527.6004229201903	513.607211298057	481.5707770311703	476.1231430777958	480.3769436965772
K03570	64.48194663704618	59.9407373729235	53.07879292954384	46.71318656007218	69.48417988861127	62.89617542895113	73.44005053659224	69.00561824395241	80.59372856756713	73.49571806720502	102.58897112337034	113.82761310872431	107.24289399729265	107.98981072348991	112.16666697971343
K03571	44.0305829648487	40.59277784115706	34.25994816361466	35.86905396576971	31.739687109612554	33.93468069655038	31.87021061021927	30.66916366397885	35.91081102840576	31.162184460494927	43.966701910015864	60.21161590611024	51.112297832331855	57.17107626537701	52.28822069731002
K03572	76.03095200487535	75.49497934944162	82.27212904079295	73.19789501154168	86.92671064254249	70.50222455059173	72.60865373806477	92.96590235643589	77.30418862603378	64.97021477140923	96.93243637471333	89.99828101867361	82.15140233414792	92.56269490584849	94.28746893482678
K03573	17.564112330240192	17.451100754142285	13.028430991797123	16.266198891453705	17.156587626817597	15.504638594113535	19.676390898483202	18.529286380320556	14.802929736900085	14.405160741172184	11.827299929010115	13.19123740699235	13.196265985802041	13.914653482578531	12.481704295486908
K03574	5.052689848425261	7.39774923273423	5.066612052365548	6.673312365724597	4.861033160931652	5.850807016646617	5.819777589692215	5.750468186996034	3.8377965984555775	8.231520423526963	7.456341259593334	7.446666278140842	12.081088578551165	10.738482578946476	7.927568944430874
K03575	38.737288837927	40.40309196339464	39.32656021598021	39.20571014863201	42.03363968570311	42.710891221520306	44.61829485430698	46.6426864056345	45.5053025245447	42.03955073444127	53.47996489639356	42.97790251955572	49.8112575238725	43.25642278279848	45.20401015122285
K03576	39.9403102304092	49.88738585151545	39.32656021598021	31.69823373719184	62.90748796499785	262.7012350474331	151.86848186434923	75.39502734061467	158.17204552206204	230.1885889864861	102.3318559075223	69.99866301452393	62.07820900363214	63.97715677315999	75.9022558509339
K03577	58.7074439531316	63.16539729488458	57.421603260142874	59.017106234376904	55.187023532929935	46.22137543150827	57.64351136457051	58.14362277962657	52.632639064533635	58.796574453764016	48.59477579528069	47.87142607376256	53.90024135045904	52.93618172720093	53.30025077532247
K03578	165.5357436055514	169.0101170863128	166.95693048747424	159.74241475453255	179.00039757313024	179.61977541105114	169.32781463342587	182.41762970970754	180.65056845587327	185.79717527389428	197.72160098714735	187.2304664218269	183.26082059156076	179.8317716389769	188.06892283064732
K03579	62.557112409074655	58.802622106349006	60.075542906620065	62.5623034286681	54.90108040581631	57.63044911396918	59.30630496162543	61.018856873124584	57.01869231991144	45.56734520166711	47.30919971604046	55.743616139225736	52.22747523958273	57.17107626537701	55.32431093134738
K03580	49.56448137026684	69.04565950551948	71.1738359737065	66.52458264581708	65.76691923613411	47.09899648400527	52.10086604105412	77.31185006961334	58.93759061913923	63.79428328233396	83.04821471891886	81.0622814849046	80.10691042085465	91.05023257078561	72.02280721855283
K03581	78.43699478983976	60.13042325068592	74.79284458253905	67.77582871439044	66.33880549036137	41.833270169023315	56.81211456604305	49.83739095396563	47.698329152233605	46.44929381847357	64.53591917785954	69.36037733354041	66.72478153384412	66.3970965092606	62.74586483677202
K03582	94.07627289210842	86.8761320151866	81.78959455961527	94.67761918871773	75.2030424308838	82.20383858388497	88.12806064391069	82.42337734694316	88.5434500929394	79.37537551258141	104.38877763430666	88.08342397572311	95.71939412236692	105.5698709873893	90.07067694310823
K03583	95.03869000609419	88.96267667057317	81.78959455961527	73.40643602297057	85.49699500697436	73.42762805891505	92.28504463654798	75.39502734061467	84.97978182294493	82.60918710753845	102.84608633921839	97.23218540315328	100.73769245499587	92.71394113935479	94.28746893482678
K03584	28.631909141076477	18.20984426519195	23.161655096528218	21.68826518860494	16.87064449970397	19.892743856598496	21.33918449553812	23.32134320281725	25.49393454688348	22.048715420161507	27.768443311588968	25.318665345678866	27.135983576438	29.795508000738813	28.168170504679914
K03585	269.71739619451034	289.2709635876846	277.45732667716095	291.5403339775933	335.98317435851123	348.7080981921384	349.7409199138845	330.65192075227196	360.20462359790207	401.874586391477	362.7895695615929	323.39807836497374	303.51411767344695	323.66693970345716	343.0781964462212
K03586	50.286294205756164	38.12686143024565	54.76766361366568	44.41923543435435	52.04164913468004	54.41250525481354	53.76365963810903	45.36480458630205	46.87594416685027	46.74327669074239	46.28073885264828	48.722473648407224	41.26156406828244	50.06250329058145	47.3967419869165
K03587	623.4056855842786	403.841233756184	482.2932139370824	510.09131395507393	255.06126938535493	277.32825258904967	233.8996326523919	269.9525343339805	388.1657131009356	250.17942430076587	199.77852271393172	384.6735037393898	386.0372458100118	384.0141868724662	348.81303355495845
K03588	138.10685585695714	100.15414345855572	103.74491345319932	122.62211472018947	117.80856837081416	133.98348068120754	126.64944564234963	127.14924102357898	126.64728774903406	107.89171412265696	138.58510134209678	132.33789785724582	151.2924015837023	148.82629377018776	140.50350916406208
K03589	129.44510183108525	113.24246902416245	123.04629270030617	125.75022989162288	117.52262524370053	105.60706665047144	115.28702272914101	116.28724555925314	122.26123449365626	102.60002242181821	143.98452087490574	145.10361147691586	143.67202263415462	152.3049571408324	142.1902259607495
K03590	198.01732120257094	169.19980296407522	183.36310284751508	184.14171309171311	200.16018897953862	209.4588911959489	216.44029988331522	193.27962517403338	205.3221180173734	197.8504730369159	252.2300267469331	201.27275140346393	215.60096540183616	230.6505060970898	234.11629138021388
K03591	109.95615527287353	107.9312644468148	101.33224104731096	110.73527706874253	112.37564895565525	117.601221034597	106.14165794533896	107.98101373359219	103.07225150137837	103.77595391089349	118.01588407425311	119.14666045025348	123.59882930363884	114.79589123127289	132.06992518062498
K03592	143.40014998387883	140.36754954418794	142.347671947413	144.9360029430811	176.14096630199398	160.3121122561173	154.0855399937558	169.3193410615499	165.57351039051207	174.91980899994795	163.2681620635092	107.87028008621164	123.9705551060558	137.33158002370985	138.31077732836843
K03593	185.74650299925244	189.87556364017857	174.91874942690583	187.8954512974332	228.46855856378767	230.5217964558767	223.36860653771072	291.6765252626322	237.94338910424582	286.04533471756196	216.4910117440547	183.18799044226472	184.00427219639468	199.64502822830067	222.1406021237332
K03594	634.7140866736113	559.3836535213652	1104.7626946562782	1039.576941973035	646.8033535310234	524.5248490423692	414.8670024652022	635.7462051178949	389.81048307170227	467.4327669074239	252.7442571786292	208.29389389428243	276.9357228006344	300.37501974348874	255.0315796591379
K03595	117.89609646325609	124.81330756766982	111.46546515204206	115.1146383087493	107.80055892183722	120.52662454292032	129.69790057028365	104.78630918526106	140.3537041720897	127.88254943693673	158.38297296239634	163.18837243811504	176.19803034563853	162.58970101926002	162.26215584132981
K03596	207.64149234242856	242.60823765813026	218.34685273289622	203.11894513174244	249.3424068430824	288.4447859206782	261.8899915361497	253.0206002278255	298.2516213656906	309.85794737133637	337.84939362433244	325.95122108890774	337.52702859459873	338.4890705870734	320.81353472994726
K03597	769.4524826316183	752.2941912057424	718.7351097141413	714.2529641439608	730.0128035210887	377.3770525737068	592.5087850839027	662.5817233238764	518.6507974484252	485.9536878603596	489.8044861905276	419.14093051249887	425.62604376741797	419.85954421345656	437.5343370607167
K03598	260.81503789014204	263.2839983342336	244.16244747590164	236.48550696036543	255.06126938535493	191.02884909351204	255.51594941410582	271.54988660814604	237.6692607757847	244.2997668553895	227.0327355938246	232.12322598433312	241.25004576860636	222.02947078723136	227.03208083412673
K03599	257.4465779911919	285.09787427691145	254.53693882122158	243.7844423603767	281.6539802069222	298.6836981998098	315.93078344043454	294.5517593561302	313.3286794310518	318.9714164116698	406.24204103991264	377.4395993549101	372.2833911205844	341.81648772421175	336.8373442984778
K03600	104.18165258895895	119.69178886808459	104.70998241555466	101.14239054301343	119.23828400638229	132.52077892704588	135.24054589380003	138.01123648790482	134.32288094594523	126.1186522033238	153.49778386128344	151.06094449942853	161.32899824896018	156.2373592119959	141.0095242030683
K03601	106.10648681693047	111.72498200206311	99.16083588201144	93.21783210871547	90.92991442213327	100.63388068632182	111.68430326885536	108.30048418842532	111.84435801213398	109.9495942285387	127.01491662893471	131.69961217626232	124.52814380968124	124.92938887619421	120.60025096315053
K03602	32.72218187551597	32.815656852897995	33.29487920125931	39.83133318291869	42.03363968570311	47.97661753650226	52.655130573405756	52.712625047463646	47.150072495311385	36.74785903360251	42.681125830775635	37.871617071687716	32.89773351390087	43.71016148331734	35.92706776944205
K03603	58.22623539613872	55.388276306625514	49.70105156130013	47.547350605787756	48.3243884822029	49.73185964149624	49.0524111131201	45.045334131468934	47.698329152233605	53.504882752925255	53.222849680545515	58.93504454414324	62.63579770725758	56.41484509784557	60.38446132140964
K03604	204.2730324434784	239.762949491694	198.5629390046117	201.2420760288824	231.32798983492393	232.2770385608707	277.96366297434724	253.34007068265862	257.68062875344594	270.75822535958326	305.4528764274786	318.29179291710574	291.4330290948958	317.01210542918045	289.10325895222377
K03605	15.639278102268664	28.1683528477188	35.58691798685325	36.80748851719973	17.72847388104485	14.334477190784213	20.09208929774693	17.41113978840466	19.737239649200113	9.848426221005472	10.156051025997815	11.276380364041847	9.386076511028213	10.662859462193332	10.12030078012452
K03606	2.165438506467969	2.655602288673826	1.930137924710685	3.128115171433405	1.7156587626817597	2.047782455826316	2.4941903955823777	3.514175003164243	2.1930266276889014	3.527794467225841	2.056921726784368	1.2765713619670016	1.4869032096678356	1.966201035581749	1.349373437349936
K03607	339.25203267998177	374.81929445853433	314.3712144872528	326.78376490907635	418.0488518401221	454.60770519344214	483.31867221062964	413.0752980992151	492.6086062446195	461.55310946204753	594.1932638248343	541.0534955803475	561.305961649608	538.8903299829055	555.0984977898299
K03608	139.55048152793577	124.81330756766982	131.49064612091541	127.00147596019625	130.96195221804098	144.2223929603391	131.08356190116274	104.14736827559484	129.11444270518408	142.2877101781089	101.30339504413011	107.4447562988893	123.41296640243036	107.53607202297104	109.46792010501356
K03609	560.6079688967075	484.83710356073567	454.30621402877745	471.9283088635864	458.36683276314346	569.5760630705481	490.524111131201	435.43822993753304	495.62401785769174	573.560583796468	444.2950929854235	453.18283349828556	468.5603739465767	435.43790626460424	457.26892358195954
K03610	170.58843345397665	150.98995869888324	164.78552532217472	173.50612150883953	168.42050186992606	194.24679295266768	173.48479862606317	186.89021607737112	187.50377666740107	171.09803166045327	169.9531576755584	145.74189715789936	165.04625627312976	148.37255506966892	145.3949878744556
K03611	58.22623539613872	62.40665378383491	52.596258448366164	53.59503993722567	62.3356017107706	61.433473674789475	61.24623082485617	64.85250233112194	62.775387217594805	75.84758104535558	58.108038781658394	68.72209165255691	61.148894497589744	62.31344820459081	53.30025077532247
K03612	12.270818203318491	10.432723276932888	13.26969823238596	9.384345514300215	13.725270101454077	12.579235085790227	13.302348776439349	9.58411364499339	10.691004809983395	14.699143613441004	32.39651719685379	35.318474347753714	26.578394872812563	29.644261767232525	26.818797067329978
K03613	14.195652431290018	12.898639687844298	11.098293067086438	15.014952822880344	17.72847388104485	16.674799997442857	15.796539172021726	18.20981592548744	16.721828036127874	19.696852442010943	36.76747586627057	35.74399813507605	34.384636723568704	32.366693970345715	30.5295740200423
K03614	24.541636406636982	18.020158387429536	18.818844765929178	21.68826518860494	18.872246389499356	24.28084911908346	23.27911035876886	17.890345470654328	26.042191203805704	24.106595526043247	49.62323665867287	54.0415209899364	51.85574943716577	52.633689260188355	48.577443744597694
K03615	43.06816585086294	36.98874616367115	38.36149125362486	36.911759022914175	42.60552593993037	51.77964209732256	51.269469242526654	37.37804321547422	55.64805067760587	66.44012913275334	101.04627982828207	113.61485121506314	101.10941825741283	101.03248398220065	93.44411053648307
K03616	19.248342279715278	23.521048842539603	15.682370638274316	18.14306799431375	13.153383847226824	22.233066663257144	19.399258632307383	13.73722955782386	25.219806218422367	22.048715420161507	37.53882151381471	53.828759096275235	45.72227369728595	40.080251879166426	43.85463671387292
K03617	22.13559362167257	24.27979235358927	22.196586134172875	20.645560131460474	16.298758245476716	23.98830876825113	26.604697552878697	26.835518205981494	25.768062875344594	38.21777339494661	47.82343014773655	59.36056833146557	58.54681388067103	46.58383991993682	54.98696757200989
K03618	6.977524076396788	24.848849986876516	33.53614644184815	30.655528680047368	10.008009448976932	4.095564911652632	7.482571186747133	9.903584099826503	13.432288094594522	5.585674573107581	4.113843453568736	3.6169521922398378	3.717258024169589	3.78115583765721	3.37343359337484
K03619	4.571481291432379	14.036754954418795	14.476034435330137	18.560150017171537	5.146976288045279	2.340322806658647	2.217058129406558	3.8336454579973562	6.579079883066704	2.9398287226882007	1.028460863392184	1.0638094683058346	1.1151774072508769	1.6637085685691722	1.012030078012452
K03620	5.533898405418142	25.22822174240135	41.015430900102054	36.2861359886275	9.436123194749678	3.803024560820301	8.036835719098773	10.861995464325842	13.158159766133409	3.527794467225841	1.28557607924023	2.3403808302728364	1.6727661108763152	1.8149548020754607	1.518045117018678
K03621	193.92704846813143	215.10378538257993	205.55968898168794	215.00578278318937	237.90468175853732	282.00889820236694	257.45587527733653	242.7975456731659	271.38704517650154	260.7628077024434	269.19963099290413	238.29332090050696	238.27623934927067	264.6809086360047	238.6704267312699
K03623	13.955048152793577	15.174870220993292	24.609258540061234	25.233462382896132	18.014417008158475	13.164315787454889	13.302348776439349	20.765579564152347	9.594491496138945	11.465332018483982	16.71248903012299	11.914666045025347	16.355935306346193	14.973377117122551	17.373183005880424
K03624	56.54200544666363	55.76764806215035	59.5930084254424	66.73312365724597	54.90108040581631	38.9078666607	49.32954337929592	47.92056822496695	52.358510736072525	45.27336232939829	74.04918216423724	85.10475746446677	70.81376536043068	79.25302635729511	81.29974960033364
K03625	101.29440124700166	97.87791292540673	83.2371980031483	90.08971693728206	86.92671064254249	92.73529121384888	98.65908675859184	95.20219554026768	97.86381326061723	93.19257050921597	139.09933177379287	155.95446805363537	160.58554664412625	146.25510780058087	143.87694275743692
K03628	514.8931559823837	613.064756928129	559.0161964443321	560.975320743724	604.197827591093	537.6891648298241	643.7782543264293	654.9144324078817	642.5568019128482	782.582405979599	813.5125429432175	764.8790077118952	862.7755874097617	749.2738407901527	726.300252653603
K03629	17.804716608736634	25.797279375688596	23.402922337117054	25.233462382896132	20.87384827929474	28.668954381568422	27.713226617581977	25.55763638664904	27.68696117457238	26.752441376462627	33.68209327609402	35.74399813507605	34.198773822360224	36.299096041509216	34.915037691429596
K03630	14.255803500914128	13.183168504487922	14.656984865771765	14.754276558594226	15.726871991249462	15.650908769529702	18.706427966867835	14.855376149739755	15.145590147476476	15.728083666381874	17.548113481629137	11.32957083745714	13.61445751352112	14.103711274461393	13.87324565275403
K03631	50.04568992725972	75.68466522720405	39.32656021598021	44.002153411496565	67.19663487170224	48.56169823816692	73.44005053659224	53.990506866796096	53.72915237837809	59.38454019830166	43.45247147831977	35.53123624141488	43.12019308036724	40.382744346179	40.48120312049808
K03632	411.1927119504177	359.64442423754105	372.0340849879845	367.8663441605684	413.4737618063041	396.68471572864064	417.08406059460873	426.1735867473728	418.04570090319686	461.2591265897787	438.8956734526145	423.3961683857222	417.63393901545334	426.51437848773327	429.10075307727965
K03633	60.63227818110313	69.99408889433155	55.00893085425452	62.5623034286681	68.91229363438401	76.93811226890301	78.15129906158117	80.8260250727776	78.12657361141711	80.25732412938788	79.19148648119817	63.615806204688916	64.12270091692541	75.77436298665049	81.80576463933987
K03634	109.95615527287353	100.72320109184298	102.2973100096663	105.3132107715913	111.803762701428	100.92642103715414	104.75599661445987	107.66154327875908	111.57022968367286	123.76678922517326	105.93146892939494	70.2114249081851	84.01003134623272	89.23527776871015	92.60075213813936
K03635	58.94804823162804	40.97214959668189	39.32656021598021	47.130268582929965	58.0464548040662	65.23649823560977	45.44969165283444	52.39315459263053	51.53612575068919	57.03267722015109	74.56341259593333	53.61599720261407	55.015418757709924	55.658613930314125	65.78195507080937
K03636	19.248342279715278	19.15827365400403	19.542646487695684	19.185773051458217	30.595914601158047	21.647985961592482	21.33918449553812	24.918695476982816	23.026779590733465	25.282527015118525	30.853825901765518	22.76552262174486	24.16217715710233	25.711859696069027	23.276691794286396
K03637	64.24134235854974	50.26675760704028	44.39317226834575	51.71817083436563	71.77172490552027	79.86351577722633	69.56019881013076	65.17197278595505	57.841077305294775	63.50030041006514	86.39071252494345	65.53066324763941	61.89234610242366	64.58214170718514	68.98671698451548
K03638	134.9790002365034	111.91466787982553	108.57025826497603	98.01427537158003	116.66479586235965	108.82501050962708	114.73275819678938	122.03771374624917	116.778667924434	147.57940187894766	152.46932299789125	118.29561287560881	118.39466806980141	103.90616241882012	122.45563943950668
K03639	84.69270603074723	78.15058163811545	68.51989632722932	70.48686186296605	76.06087181222468	81.32621753138798	83.69394438509757	89.13225689843853	82.78675519525603	84.961050085689	115.95896234746874	101.0618994890543	106.68530529366721	94.9826346419491	100.022306043564
K03640	754.535017364839	761.7784850938633	819.3435490396857	808.7220423212497	964.7721108813762	1089.7128068504323	1039.5231304254999	892.2809803488847	1005.7768371238225	1136.2438013189897	1251.3797555324397	1124.6593698929285	1127.630221631845	1041.4815639243018	1100.7513815182103
K03641	755.2568302003283	767.0896896712109	665.1737823034198	663.3689573553107	669.1069174458862	833.1549191704783	751.0284413364716	693.8898278975214	780.7174794572489	854.9021925577288	883.447881653886	926.7908087880431	935.8197075846941	901.578797930985	861.5749397479341
K03642	199.22034259505313	184.94373081835576	156.5824391421543	174.96590858884178	195.5850989457206	214.43207716009852	213.1147126892054	199.66903427069562	204.22560470352894	205.78801058817405	253.51560282617334	253.82493913777216	230.28413459730606	253.18619488952675	243.0558904026572
K03643	207.1602837854357	205.42980561669668	199.2867407263782	225.22429234320515	201.0180183608795	227.5963929475534	210.34339002744719	216.60096837685063	233.8314641773291	218.1352912234645	222.91889214025588	222.5489407695806	245.71075539760986	221.87822455372506	234.79097809888887
K03644	543.2844608449637	631.2746011933209	393.26560215980203	443.56673130925685	655.3816473444322	763.8228560232159	730.7977859056367	686.5420074363599	772.7677579318766	865.1915930871374	397.24300848523103	363.3973143732731	348.86466556831596	330.01928151072127	351.17443707032083
K03645	162.88909654209056	174.89037929694769	174.43621494572815	175.59153162312847	164.70324121744892	184.30042102436843	189.83560233043653	154.9431705940598	192.71221490816222	210.49173654447517	188.4654532166177	176.59237173876855	166.90488528521456	169.69827399405557	183.34611579992256
K03646	164.3327222130692	134.86665908907787	127.3891030309052	136.38582147449645	134.10732661629086	145.68509471450076	157.41112718786562	129.38553420741076	152.96360728130088	130.52839528735612	172.52430983403886	158.50761077756937	168.76351429729937	165.61462568938578	175.24987517582292
K03647	0.48120855699288195	1.138115266574497	0.0	1.4597870800022557	3.1453743982498925	0.8776210524969925	0.27713226617581976	2.875234093498017	0.822384985383338	2.3518629781505607	43.70958669416782	29.999427006224536	17.65697561480555	19.057025421792336	21.421303317930235
K03648	181.65623026481293	174.51100754142286	99.88463760377795	136.59436248592536	189.00840702210718	179.91231576188346	176.25612128782137	178.26451379687705	159.8168154928287	166.9822714486898	149.8981708394108	170.4222768225947	165.78970787796368	169.84952022756187	162.43082752099855
K03649	66.40678086501771	55.76764806215035	61.04061186897541	61.51959837152363	72.0576680326339	65.82157893727444	70.94586014100986	74.75608643094844	79.22308692526157	64.67623189914042	84.59090601400713	62.977520523705415	62.4499348060491	64.27964924017256	66.62531346915308
K03650	74.34672205540026	79.47838278245237	86.85620661198082	82.99932254869968	87.49859689676974	83.08145963638196	84.52534118362503	102.23054554659616	84.43152516602271	93.19257050921597	97.96089723810552	79.57294822927643	87.91315227161078	91.35272503779818	90.57669198211445
K03651	96.2417113985764	83.84115797098794	79.13565491313808	78.41142029726402	91.50180067636052	83.08145963638196	88.95945744243814	92.64643190160277	80.31960023910602	89.95875891425894	106.44569936109103	94.46628078555811	92.55972480182277	88.630292834685	90.91403534145194
K03654	56.30140116816719	61.83759615054767	57.662870500731714	51.09254780007895	39.7460946687941	56.16774735980752	65.12608255131764	62.935679602123265	73.74052035603931	61.14843743191457	76.6203343227177	79.99847201659877	84.01003134623272	78.64804142326996	73.878195694909
K03655	61.35409101659245	47.042097685079206	54.043861891899176	49.63276072007669	55.75890978715719	54.41250525481354	57.08924683221887	51.754213682964306	51.26199742222807	55.56276285880699	71.47803000575678	68.72209165255691	68.76927344713741	73.50566948405616	65.27594003180316
K03656	50.526898484252605	65.25194195027116	51.14865500483315	52.34379386865231	50.89787662622553	55.58266665814286	65.40321481749346	66.44985460528751	70.17685208604485	78.19944402350613	61.96476701937908	67.65828218425108	60.40544289275582	68.51454377834864	60.55313300107838
K03657	57.98563111764228	60.13042325068592	60.55807738779774	66.73312365724597	74.0592699224293	57.63044911396918	64.29468575279019	60.06044550862524	52.632639064533635	53.504882752925255	79.70571691289426	81.0622814849046	75.0886120882257	86.05910686507809	75.22756913225894
K03658	121.02395208370982	115.51869955731144	103.50364621261048	100.09968548586896	128.9603503282456	128.42521401539324	126.3723133761738	125.87135920424653	131.30746933287298	148.75533336802295	116.47319277916483	98.5087567651203	97.94974893686867	105.5698709873893	103.22706795727011
K03664	95.51989856308707	86.30707438189935	77.20551698842739	78.20287928583512	106.94272954049634	104.4369052471421	96.99629316153691	91.36855008227032	98.41206991753945	111.41950858988281	148.35547954432252	131.9123740699235	147.94686936194967	114.64464499776659	116.21478729176323
K03665	346.47016103487505	320.00007578519603	360.4532574397204	342.4243407662434	299.6683972150807	281.4238175007023	284.33770509639106	303.4969320914574	290.85015649724056	289.27914631251895	373.5884086272108	369.7801711831081	383.99275389671857	373.426950527026	367.8729333575263
K03666	384.0044284803198	351.4879314937571	422.70020551164	428.76031949780537	414.9034774418722	374.7441894162158	391.03362757408166	390.7123662608972	405.7099261224468	343.07801193771303	565.139244434005	475.73559422636924	502.75914776893694	484.89542462116054	497.75012670245764
K03667	162.88909654209056	207.51635027208326	213.5215079211195	205.82997828031804	176.99879568333486	171.42864558774588	170.71347596430496	199.0300933610294	185.3107500397122	169.33413442684036	317.28017635648877	260.20779594760717	274.70536798613267	265.1346473365235	286.4045120775239
K03668	73.86551349840738	80.42681217126444	81.78959455961527	84.25056861727305	71.77172490552027	131.64315787454888	73.99431506894388	94.24378417576834	86.3504234652505	78.49342689577496	38.82439759305494	41.48856926392755	41.6332898706994	40.98772928020415	42.67393495619172
K03669	257.4465779911919	264.0427418452833	244.40371471649047	263.5958384461216	290.8041602745582	353.681284156288	292.65167308166565	299.9827570882931	320.45601597104076	319.5593821562074	363.81803042498507	338.71693470857775	316.5245207580405	330.3217739777338	319.1268179332599
K03670	332.51511288208144	388.28699177966587	365.51986949208595	360.15032673769934	356.857022637806	458.70327010509476	418.74685419166366	397.42124581239256	457.7943085300582	483.60182488220903	517.5729295021166	438.7150247293262	456.1075595656086	411.692247604117	437.7030087403855
K03671	808.6709800265381	609.0813534951183	648.0438082216125	650.4394146467193	610.2026332604792	617.8452209578827	572.000997386892	599.6460437217531	585.5381095929367	629.123346655275	633.2747766337372	702.1142490818509	689.1796376810419	638.1078591630308	646.1812048109506
K03672	22.616802178665452	34.333143874997326	25.81559474300541	30.23844665718958	25.448938313112766	45.051214028178954	31.038813811691814	35.46122048647555	30.976501116105734	30.574218715957286	44.99516277340805	50.424568797696566	49.06780591903858	38.87028201111612	40.81854647983556
K03673	511.2840918049371	425.4654238210994	318.71402481785185	381.0044278805887	454.077685856439	378.83975432786843	405.1673731490485	444.0639322180271	388.1657131009356	422.74737032256326	546.3698336770977	621.4774913842687	586.3974533127528	595.7589137812699	593.5556407543031
K03674	36.81245460995547	22.19324769820269	32.57107747949281	31.072610702905155	29.738085219817165	26.621171925742107	24.66477168964796	22.043461383484797	21.930266276889014	17.051006591591563	27.254212879892876	24.680379664695366	26.392531971604082	24.955628528537584	28.67418554368614
K03675	547.1341293009068	553.3137054329679	739.4840924047811	774.9383984697689	666.5334293018636	634.5200209553257	488.5841852679702	766.7290915994712	592.1171894760034	653.2299421813182	345.0486196680777	307.6536982340474	305.0010208831148	288.12407482947935	300.5729331696982
K03676	98.16654562654793	90.29047781491009	107.36392206203185	94.26053716585993	131.53383847226823	134.5685613828722	137.18047175703077	115.96777510442003	119.79407953750625	114.06535444030219	154.01201429297953	109.78513712916214	122.29778899517949	111.01473539361568	109.80526346435104
K03683	29.11311769806936	34.333143874997326	31.606008517137465	36.70321801148528	33.45534587229431	35.982463152376695	39.62991406314222	31.308104573645075	42.76401923993358	46.74327669074239	42.16689539907954	35.956760028737214	34.57049962477718	36.75283474202808	38.11979960513569
K03684	49.56448137026684	56.905763328724845	37.39642229126952	45.25339948006992	44.32118470261212	61.72601402562181	57.08924683221887	50.79580231846497	61.95300223221147	65.26419764367806	77.64879518610988	84.67923367714444	86.61211196315143	84.84913699702778	84.335839834371
K03685	105.1440697029447	143.97158122167386	117.73841340735179	122.83065573161836	110.08810393874624	123.74456840207596	136.3490749585033	122.03771374624917	138.70893420132302	127.88254943693673	140.12779263718505	147.65675420084986	150.36308707765988	147.46507766863118	143.3709277184307
K03686	101.05379696850521	160.47425258700406	139.21119781975815	134.09187034877863	118.95234087926866	125.2072701562376	122.76959391588815	150.47058422639623	123.0836194790396	110.53755997307634	209.29178570030942	134.03999300653516	142.9285710293207	158.8085451816028	165.29824607536716
K03687	435.0125355215653	481.0433860054874	491.70263632004696	500.4984274293448	417.47696558589485	432.08209817935267	413.4813411343231	419.14523674104424	433.12275896855806	475.07632158641326	593.4219181772901	543.6066383042815	534.16997807317	536.3191440132986	601.1458663393964
K03688	75.79034772637891	66.76942897237049	69.00243080840698	64.43917253152814	59.762113566747956	75.47541051474136	63.74042122043854	70.60297051811797	72.91813537065597	71.43783796132328	92.56147770529655	93.61523321091344	92.18799899940582	95.13388087545539	90.74536366178319
K03690	39.21849739491988	38.88560494129531	40.53289641892438	42.7509073429232	41.461753431475856	48.56169823816692	47.666749782241	48.559509134633174	50.98786909376696	49.095139668892955	57.5938083499623	42.97790251955572	40.518112463448524	49.4575183565563	39.80651640182311
K03694	992.2520445193227	1111.1798719322337	991.8496260607033	1084.2047184188182	1355.0844793914764	1477.621312054103	1201.0912416060028	1451.0348058519992	1179.574197368168	1426.1109133760463	1462.4713477436856	1175.083938690625	1238.0327849496816	1230.9930945076812	1333.1809561017367
K03695	668.6392899416095	990.3499677975748	974.9609192194847	954.2836682986174	810.934708494245	627.791592886182	609.6909855868034	835.7347098434236	600.3410393298368	705.852876317437	472.83488194455657	382.1203610154558	405.73871333811064	408.6673229339912	446.6426077628288
K03699	52.57203485147235	55.1985904288631	52.23435758748291	55.68045005151461	50.754905062668726	47.24526665942143	47.666749782241	52.39315459263054	51.39906158645863	51.59399408317792	69.54966588689643	64.36047283250299	68.67634199653315	62.4646944380971	62.07117811809705
K03701	127.27966332461729	156.11147739846848	159.71891326980918	159.53387374310364	158.9843786751764	134.5685613828722	143.2773816128988	147.5953501328982	126.37315942057295	146.40347038987238	119.81569058518943	117.87008908828648	115.23499874925727	120.39200187100556	130.0458650246001
K03702	139.30987724943932	156.87022090951817	159.47764602922035	159.95095576596145	136.68081476031352	123.74456840207596	140.78319121731644	139.28911830723726	134.59700927440633	154.92897368566818	149.3839404077147	140.21008792270902	140.88407911602744	126.89558991177596	125.32305799387531
K03703	189.1149628982026	184.18498730730607	175.40128390808349	173.29758049741062	179.85822695447112	202.7304631268053	185.1243538054476	187.20968653220422	201.21019309045673	207.84589069405578	196.43602490790713	188.5070377837939	193.8550059604441	196.01511862414975	179.97268220654772
K03704	624.7958436378135	472.9711980962645	569.8464147996532	584.9111946110626	613.15737890732	584.4631164795712	607.1660027172015	544.768118924865	557.028763432981	504.4419440497098	493.71835114288115	475.1682291766062	446.00900859994795	463.08235672214255	433.41125155770305
K03711	464.12565321963467	480.6640142499625	439.3476451122697	484.0236875264622	449.2166526955074	536.8115437773271	529.8768929281674	498.37390953965627	518.6507974484252	536.5187418905966	696.0108893006604	706.156725061413	721.7056453925258	694.37145802737	728.4929844892966
K03712	10.345983975346963	16.882043120855037	9.89195686414226	10.635591582873577	9.436123194749678	9.653831577466917	12.47095197791189	9.903584099826503	14.802929736900085	10.877366273946343	13.627106439946438	12.340189832347683	15.984209503929234	12.09969868050307	9.782957420787035
K03717	69.05342792847857	63.73445492817183	73.58650837959486	70.48686186296605	54.90108040581631	50.609480693993234	46.00395618518608	48.240038679800065	54.0032807068392	54.092848497462896	42.681125830775635	47.44590228644022	47.209176906953786	47.79380978798713	48.408772064928954
K03718	7.458732633389671	11.950210299032218	10.133224104731095	8.758722480013533	7.720464432067918	9.946371928299248	8.868232517626232	7.6672909159947125	5.208438240761141	5.8796574453764014	9.256147770529655	10.42533278939718	10.03659666525789	9.37726647738988	8.264912303768359
K03719	606.5633860895277	460.367625329384	604.615704915622	554.927631412286	469.8045578476885	454.3151648426098	488.5841852679702	413.39476855404826	452.31174196083595	491.53936243346715	610.9057528549572	592.3291119526888	570.599106710032	571.4082701867575	590.8568938796033
K03720	55.09837977568499	48.74927058494095	49.94231880188897	53.80358094865456	48.610331609316525	39.49294736236467	51.82373377487829	53.03209550229676	45.77943085300582	40.56963637309717	44.480932341711956	47.87142607376256	43.67778178399267	43.861407716823635	47.56541366658524
K03721	137.3850430214678	166.54420067540138	143.5540081503572	150.14952822880343	155.55306114981286	155.33892629196768	159.07392078492055	165.48569560355253	156.25314722283423	169.922100171378	141.92759914812137	139.57180224172552	140.88407911602744	140.05401222682303	133.25062693830617
K03722	29.11311769806936	31.772384525204707	28.59016800977702	27.110331485756177	35.74289088920332	32.764519293221056	30.76168154551599	31.627575028478187	37.144388506480766	31.89714164116698	34.83911174741023	32.765331623819705	34.384636723568704	32.82043267086458	35.1680452109327
K03723	229.05527312861182	217.94907354901616	229.20387855939384	246.9125575318101	236.4749661229692	257.1429683816188	245.5391878317763	254.29848204715796	248.3602655857681	269.87627674277684	261.2290593016147	235.10189249558945	236.04588453476893	228.23056636098917	227.87543923247043
K03724	57.504422560649395	45.33492478521746	51.63118948601082	52.96941690293899	51.75570600756642	45.34375437901128	44.06403032195534	53.35156595712987	40.02273595532245	39.68768775629071	42.93824104662368	38.29714085901005	35.49981413081958	42.65143784877333	33.90300761341714
K03732	227.37104317913673	252.6615891795383	250.43539573121137	230.4378176289275	297.3808521981717	322.3794666172286	303.45983146252263	303.17746163662423	309.2167545041351	329.84878268561613	321.13690459420945	321.0576975347009	295.1502871190654	294.0226779362246	289.4406023115613
K03733	67.85040653599636	56.905763328724845	55.00893085425452	54.63774499437014	76.91870119356555	80.15605612805865	76.21137319835043	75.07555688578155	76.48180364065044	82.0212213630008	97.18955159056138	82.76437663419394	82.52312813656488	84.84913699702778	86.69724334973338
K03734	13.473839595800696	19.72733128729128	17.12997408180733	17.10036293716928	19.158189516612982	18.722582453269176	18.567861833779926	13.417759102990747	21.6561379484279	19.990835314279764	27.51132809574092	26.169712920323533	24.71976586072777	23.4431661934747	25.132080270642557
K03735	132.81356173003542	139.60880603313828	125.94149958737219	136.59436248592536	169.56427437838056	156.509087695297	152.9770109290525	166.12463651321877	164.4769970766676	144.05160741172185	118.78722972179725	115.10418447069131	106.68530529366721	121.60197173905586	127.00977479056273
K03736	12.51142248181493	14.226440832181211	9.168155142375753	13.555165742878089	15.15498573702221	16.674799997442857	16.905068236725004	16.612463651321878	13.432288094594522	17.638972336129203	14.912682519186667	12.127427938686514	14.683169195469878	15.12462335062884	13.325062693830617
K03737	140.51289864192154	146.6271835103477	175.40128390808349	175.59153162312847	174.71125066642585	143.63731225867446	131.36069416733858	171.5556342453817	149.67406733976753	168.4521858100339	198.4929466346915	158.72037267123054	180.8446028758505	152.75869584135128	165.12957439569843
K03743	31.278556204537328	34.712515630522155	33.05361196067048	35.66051295434082	39.17420841456684	35.982463152376695	41.015575394021326	34.502809121976206	33.71778440071686	41.15760211763481	32.65363241270184	32.127045942836205	25.091491663144726	29.493015533726236	29.854887301367334
K03745	33.92520326799818	31.298169830798663	26.78066370536075	32.32385677147852	24.019222677544633	31.594357889891732	37.96712046608731	25.877106841482153	44.134660882239146	31.456167332763748	29.311134606677243	38.72266464633238	35.3139512296111	33.8791563054086	38.79448632381066
K03746	1726.5763024904604	1433.456178250579	1460.8731417653996	1464.1664412422624	1529.7957300579023	1425.5491296059483	1439.7021227833836	1224.8497238301552	1323.765698138713	1244.7234811861842	1834.25994985996	1510.8222068879463	1559.7614669415595	1522.5958327078051	1561.7310820528821
K03747	157.3551981366724	138.85006252208862	134.38585300798144	122.83065573161836	126.95874843845021	110.58025261462106	122.49246164971234	115.00936373992069	116.23041126751178	112.30145720668926	111.58800367805196	120.21046991855931	131.77679695681195	123.56817277463762	117.39548904944444
K03748	24.78224068513342	15.364556098755708	22.920387855939385	19.394314062887112	13.43932697434045	22.818147364921806	17.182200502900827	17.890345470654328	17.818341349972325	15.581092230247464	14.655567303338621	25.7441891330012	20.8166449353497	25.56061346256274	20.915288278924006
K03749	69.294032206975	59.56136561739867	51.14865500483315	58.39148320009023	56.90268229561169	72.25746665558572	85.91100251450412	63.8940909666226	68.80621044373929	67.3220777495598	52.96573446469747	63.82856809835008	61.148894497589744	65.035880407704	71.51679217954661
K03750	54.85777549718855	55.1985904288631	39.809094697157875	52.760875891510096	60.04805669386159	64.06633683228046	70.1144633424824	66.44985460528751	61.67887390375036	66.44012913275334	53.99419532808965	62.551996736383074	54.82955585650144	47.49131732097455	55.66165429068486
K03752	16.120486659261545	17.830472509667118	15.44110339768548	14.80641181145145	17.442530753931223	18.430042102436843	18.013597301428284	17.251404560988103	14.25467307997786	16.463040847053925	24.683060721412414	17.871999067538024	18.958015923264906	18.45204048776718	18.55388476356162
K03753	9.624171139857639	9.104922132595975	7.961818939431575	8.758722480013533	6.576691923613412	8.776210524969926	11.08529064703279	11.820406828825181	7.949721525372268	9.407451912602243	16.71248903012299	10.638094683058346	13.196265985802041	10.133497644921322	11.301002537805713
K03755	62.316508130578214	24.848849986876516	52.837525688955	47.130268582929965	27.73648333002178	10.53145262996391	13.302348776439349	19.807168199653006	15.077058065361198	21.754732547892687	1.28557607924023	1.0638094683058346	1.8586290120847946	2.268693502594326	0.674686718674968
K03756	13.233235317304255	16.502671365330205	17.12997408180733	16.266198891453705	15.726871991249462	12.579235085790227	12.193819711736069	16.292993196488762	15.625314722283424	14.405160741172184	17.22671946181908	14.467808768959351	15.798346602720754	13.460914782059666	12.481704295486908
K03757	1.2030213924822049	1.138115266574497	1.206336202944178	0.20854101142889367	2.2875450169090126	1.1701614033293235	1.9399258632307383	1.597352274165565	1.0965133138444507	1.4699143613441004	1.28557607924023	0.21276189366116693	0.7434516048339178	1.966201035581749	1.012030078012452
K03758	20.932572229190367	29.211625175412088	28.952068870660273	27.735954520042856	26.02082456734002	16.674799997442857	27.713226617581977	26.196577296315265	28.783474488416832	27.634389993269085	13.884221655794484	13.616761194314684	12.081088578551165	13.612161015565954	15.18045117018678
K03759	7.9399411903825525	4.552461066297988	7.72055169884274	8.341640457155746	5.718862542272532	3.803024560820301	3.6027194602856567	5.111527277329808	5.208438240761141	3.2338115949570208	1.28557607924023	2.76590461759517	2.9738064193356712	3.478663370644633	1.349373437349936
K03760	6.736919797900348	5.311204577347652	11.822094788852946	10.21850956001579	7.720464432067918	6.728428069143609	4.434116258813116	6.708879551495373	6.853208211527817	6.761606062182862	8.484802122985517	8.29771385278551	7.992104751964617	8.772281543364727	11.132330858136973
K03761	551.9462148708357	754.0013641056042	466.1283088176304	638.7611180067013	659.0989079969094	891.9555296877768	676.4798617351761	779.8273802476289	652.151293408987	823.7400080972338	1153.4188582943343	1317.847169337268	1261.8232363043671	1210.1211142838133	1158.6057676445887
K03762	278.61975449887865	373.6811791919598	311.4760076001868	343.88412784624563	432.631951322917	716.7238595392106	452.5569906651137	620.7310937407386	513.7164875361252	680.2763664300496	398.52858456447126	369.3546473957858	362.9902460601604	365.4109001511927	377.8245624579821
K03764	171.5508505679624	181.71907089639467	171.29974081807327	172.88049847455284	175.85502317488036	425.06112975937674	312.6051962463247	167.4025183325512	322.3749142702685	387.46942565030486	172.7814250498869	169.99675303527238	171.55145781542655	170.15201269457444	175.75589021482915
K03765	13.955048152793577	7.777120988259062	18.57757752534034	14.80641181145145	8.006407559181545	8.191129823305264	13.856613308790989	8.945172735327164	6.579079883066704	9.995417657139882	4.628073885264827	7.446666278140842	6.319338641088302	7.108572974795554	7.084210546087164
K03767	114.04642800731303	153.26618923203225	123.287559940895	154.3203484573813	163.55946870899442	130.47299647121955	147.71149787171194	165.16622514871943	115.68215461058955	91.72265614787186	214.94832044896643	246.3782728596313	231.02758620214	244.71640581317462	234.9596497785576
K03768	700.8802632601326	739.5852373956606	912.9552383881539	947.4018149214639	659.0989079969094	692.1504700692948	677.5883907998793	660.9843710497108	672.9850463720317	602.0769224065435	1048.7729654441796	1088.0643241832076	1080.6069076260997	1076.268197630748	1065.4990004674432
K03769	64.48194663704618	63.54476905040941	65.38342219957445	67.56728770296155	57.760511676952575	58.215529815633836	67.62027294690002	65.17197278595505	69.08033877220039	66.44012913275334	61.707651803531036	76.80704361168127	85.86866035831751	74.11065441808131	74.04686737457774
K03770	388.0947012147593	363.2484559150269	335.8439988996592	353.89409639483256	376.015212154419	370.6486245045632	368.8630462800161	353.6537935002561	399.6791028963023	410.98805543181044	461.52181244724255	475.0973085453858	465.0289788236156	474.1569420422141	462.32907397202183
K03771	434.53132696457243	413.5152135220672	393.5068694003909	413.95390768635394	473.80776162727926	509.0202104482557	443.96589041366326	448.85598904052375	472.04898161003604	531.2270501897578	447.8947060072961	444.4595958581777	407.78320525140396	438.46283093473005	435.3416052250231
K03772	738.1739264270809	713.5982721422096	476.50280016295034	533.2393662236811	630.5045952855467	751.2436209374256	709.7357336762744	618.4948005569067	668.873121445115	784.0523203409431	988.0937745040407	1228.9126977869003	1233.7579382218867	1205.8862197456374	1222.0263192000357
K03773	177.08474897338056	178.4944109744336	165.9918615251189	160.78511981167702	198.15858708974324	231.10687715754136	226.41706146564474	181.7786888000413	222.0439460535013	231.65850334783022	193.09352710188253	245.7399871786478	227.68205398038734	220.51700845216845	220.45388532704578
K03774	54.135962661699224	59.751051495161086	53.80259465131034	51.09254780007895	60.04805669386159	51.1945613956579	57.92064363074633	62.61620914729015	54.0032807068392	55.26877998653817	76.36321910686965	67.65828218425108	61.89234610242366	63.97715677315999	59.0350878840597
K03775	452.5766478518055	439.1228070199934	405.5702314298327	439.8129931035367	451.79014083953	448.7568981767955	450.89419706805876	441.1886981245291	498.09117281384175	488.599533710779	520.1440816605971	595.7333022512674	582.3084694861661	613.9084618020246	544.8095253300366
K03776	12.51142248181493	15.174870220993292	26.056861983594246	19.8113960857449	13.725270101454077	17.25988069910752	14.965142373494267	9.903584099826503	13.706416423055634	14.993126485709823	13.884221655794484	12.127427938686514	15.798346602720754	13.007176081540802	12.313032615818166
K03777	310.6201235389053	271.4404910780175	370.5864815444515	309.6834019719071	278.79454893578594	287.85970521901356	296.80865707430297	254.93742295682418	279.6108950303349	314.8556561999063	204.92082703089264	221.69789319493594	193.8550059604441	206.75360120309622	199.03258200911554
K03778	134.73839595800695	123.86487817885775	151.0332926086111	147.02141305737004	135.53704225185902	113.21311577211203	122.76959391588815	127.7881819332452	115.68215461058955	180.50548357305553	40.109973672295176	31.91428404917504	34.198773822360224	33.8791563054086	33.7343359337484
K03779	2.165438506467969	3.604031677485907	3.3777413682436985	2.7110331485756176	1.429715635568133	1.4627017541616543	3.325587194109837	2.555763638664904	3.563668269994465	1.4699143613441004	2.056921726784368	1.0638094683058346	1.1151774072508769	2.873678436619479	1.012030078012452
K03780	0.721812835489323	1.7071728998617453	1.4476034435330136	1.0427050571444683	2.2875450169090126	2.6328631574909775	4.434116258813116	3.19470454833113	1.0965133138444507	0.8819486168064602	0.7713456475441379	1.4893332556281684	0.7434516048339178	1.0587236345440187	0.506015039006226
K03781	370.2899846060227	459.2295100628095	644.9073340939576	614.7789016923786	518.1289463298914	482.98411922417824	329.23313221687386	662.9011937787095	418.31982923165793	544.1622965695859	243.7452246239476	174.46475280215688	182.14564318430988	189.51153058337934	207.12882263321518
K03782	578.4126855054442	538.1388352119747	442.72538648051335	530.7368740865344	774.9058744779281	721.9895858541926	696.9876494321867	772.4795597864672	683.676051182015	825.2099224585779	609.877291991565	480.6291177805761	479.15455931546006	459.939796092623	483.9190489696208
K03783	0.9624171139857639	0.5690576332872485	0.9650689623553425	1.0427050571444683	1.7156587626817597	1.755242104993985	1.3856613308790988	0.638940909666226	1.0965133138444507	1.1759314890752803	1.799806510936322	1.0638094683058346	1.3010403084593563	0.7562311675314419	1.012030078012452
K03784	196.0924869745994	224.0190216374135	242.95611127295746	229.81219459464083	259.63635941917295	247.78167715498424	231.95970678916115	238.96390021516854	244.79659731577362	256.3530646184111	293.36846128262044	255.95255807438383	271.5456986655885	244.56515957966832	265.9952388376061
K03785	52.69233699072058	50.4564434848027	56.69780153837637	49.215678697218905	48.610331609316525	67.57682104226842	52.655130573405756	56.546270505461	55.09979402068365	66.73411200502215	51.68015838545724	60.424377799771406	55.57300746133536	51.12122692512548	52.119549017641276
K03787	65.20375947253551	60.13042325068592	58.62793946308705	61.72813938295253	62.3356017107706	66.99174034060377	70.39159560865822	54.94891823129544	70.17685208604485	54.092848497462896	93.58993856868874	73.61561520676376	81.22208782810553	80.46299622534542	73.70952401524025
K03788	21.894989343176128	19.34795953176645	19.542646487695684	19.394314062887112	24.019222677544633	19.892743856598496	23.27911035876886	17.570875015821215	21.107881291505677	22.048715420161507	13.36999122409839	10.850856576719513	12.266951479759644	11.19222127946534	12.650375975155649
K03789	19.72955083670816	23.710734720302018	22.437853374761712	23.773675302893878	14.011213228567703	19.892743856598496	19.122126366131564	21.723990928651684	27.138704517650154	26.458458504193807	30.08248025422138	33.403617304803205	29.180475489731275	35.84535734099035	30.36090234037356
K03790	72.42188782742873	70.94251828314364	84.44353420609247	77.36871524011956	76.06087181222468	79.57097542639399	71.77725693953732	77.31185006961334	77.03006029757266	83.4911357243449	96.1610907271692	86.59409072009494	74.53102338460026	77.74056402223223	72.86616561689654
K03796	277.6573373848929	390.3735364350524	341.63441267379125	357.85637561198155	416.33319307744034	526.8651718490279	420.4096477887186	541.8218913969597	418.8680858885802	440.09235978642363	321.13690459420945	352.75921969021476	327.1187061269239	329.5655428102024	336.1626575798028
K03797	562.7734074031755	499.06354439291687	475.537731200595	492.57386899504684	501.83018808441466	564.3103367555663	540.9621835752001	506.041200455651	618.1593806798091	601.7829395342746	690.6114697678515	688.9230116748586	702.1900407656354	678.641849742716	662.2050143794811
K03798	894.807311728264	1076.0879845461868	959.2785485812104	971.3840312357867	951.046840779922	1020.0882033523377	926.4531658257655	944.6741349415151	921.0711836293386	1027.470138579526	1117.9369585073039	1139.7654643428712	1149.376181073237	1191.5178275625399	1216.2914820912986
K03799	213.6565993048396	258.7315372679356	207.9723613875763	197.2797968117334	188.72246389499355	212.09175435343985	198.14957031571112	180.18133652587574	201.48432141891783	187.2670896352384	233.97484642172185	297.8666511256337	259.2787471858289	281.620486788709	271.73007594634333
K03800	17.564112330240192	15.174870220993292	12.545896510619452	15.014952822880344	16.87064449970397	19.600203505766167	25.2190362219996	21.08505001898546	16.721828036127874	20.578801058817405	19.797871620299542	22.552760728083694	19.515604626890344	19.5107641223112	22.0959900366052
K03801	47.63964714229532	54.43984691781343	50.66612052365548	56.30607308580129	42.31958281281673	63.4812561306158	58.19777589692215	59.740975053792134	62.775387217594805	67.61606062182862	79.70571691289426	82.3388528468716	84.93934585227511	79.5555188243077	83.15513807668981
K03803	28.150700584083594	28.642567542124837	24.367991299472397	26.69324946289839	32.02563023672618	29.839115784897746	32.14734287639509	28.75234093498017	34.81429771456131	36.74785903360251	32.910747628549885	27.446284282290534	35.3139512296111	28.585538132688505	31.710275777723496
K03804	76.99336911886111	77.77120988259063	73.8277756201837	73.40643602297057	83.49539311717896	76.64557191807069	80.64548945716355	80.18708416311136	80.0454719106449	90.8407075310654	93.58993856868874	77.8708530799871	90.14350708611254	78.34554895625739	76.23959921027138
K03805	25.985262077615626	33.764086241710075	37.637689531858356	36.0775949771986	28.308369584249032	29.546575434065417	27.158962085230336	20.765579564152347	29.60585947380017	32.63209882183903	26.73998244819678	33.403617304803205	30.48151579819063	29.946754234245102	31.710275777723496
K03806	45.233604357330904	44.576181274167794	37.15515505068068	49.63276072007669	48.610331609316525	47.09899648400527	51.82373377487829	60.37991596345836	48.24658580915583	49.389122541161775	39.33862802475104	36.595045709720715	36.98671734048742	31.005477868789118	38.11979960513569
K03807	51.00810704124549	46.093668296267126	39.809094697157875	45.670481502927714	64.33720360056599	72.84254735725038	67.06600841454838	71.88085233745042	54.551537363761426	64.08826615460278	43.45247147831977	36.16952192239838	42.19087857432484	42.04645291474817	43.01127831552921
K03808	35.970339635217925	39.170133757938935	41.49796538127973	38.68435762005978	37.74449277899871	33.93468069655038	37.135723667559844	35.6209557138921	37.144388506480766	32.485107385704616	30.46815307799345	33.403617304803205	34.01291092115174	28.509915015935363	31.54160409805475
K03809	312.7855620453733	350.1601303494202	531.270463776616	531.3624971208211	439.7805295007577	333.49599994885716	278.79505977287465	468.34368678534366	305.1048295772184	367.4785903360251	232.94638555832967	180.20932393100838	209.46748966195636	209.32478717270314	218.0924818116834
K03810	35.128224660480385	25.797279375688596	29.67587059242678	29.195741600045114	40.032037795907726	36.27500350320903	35.75006233668075	37.37804321547422	32.89539941533352	36.45387616133369	27.51132809574092	31.06323647453037	29.552201292148233	32.366693970345715	33.396992574410916
K03811	133.77597884402118	156.11147739846848	163.3379218786417	163.28761194882375	156.41089053115374	166.16291927276393	154.63980452610744	124.91294783974719	147.48104071207862	211.37368516128163	113.64492540483633	128.08265998402248	126.75849862418299	112.98093642919743	120.0942359241443
K03812	10612.814120199515	7944.9929900788	9229.437021485317	10990.736925336983	10806.934546132403	10469.141535236624	9087.444140171307	11260.055651047902	10544.620282585161	8796.261521155366	1648.3656488018228	1669.5425795591768	1536.1568784880828	1712.7123482252098	1686.8854683670886
K03814	46.19602147131667	53.49141752900135	46.0820429524676	45.04485846864103	60.333999820975215	52.94980350065188	66.23461161602093	72.51979324711665	60.034103932983676	55.56276285880699	37.02459108211862	37.65885517802655	35.871539933236534	40.68523681319157	37.95112792546695
K03817	38.496684559430555	34.52282975275974	48.25344811776712	43.37653037720988	24.59110893177189	28.668954381568422	27.436094351406155	29.391281844646397	25.219806218422367	24.694561270580888	27.254212879892876	29.14837943157987	31.03910450181607	26.92182956411933	32.72230585573595
K03818	0.24060427849644098	0.7587435110496646	1.6888706841218493	1.0427050571444683	0.5718862542272531	0.5850807016646618	0.27713226617581976	0.0	0.2741283284611127	0.8819486168064602	0.7713456475441379	0.6382856809835008	0.7434516048339178	0.30249246701257676	0.0
K03819	2.4060427849644097	1.5174870220993293	3.3777413682436985	2.0854101142889365	2.5734881440226394	1.4627017541616543	1.6627935970549186	1.9168227289986781	1.3706416423055634	2.9398287226882007	0.257115215848046	1.2765713619670016	1.3010403084593563	0.45373870051886517	1.180701757681194
K03820	77.23397339735756	78.7196392714027	79.37692215372692	74.86622310297282	76.3468149393383	81.61875788222031	72.33152147188896	80.18708416311136	78.40070193987823	86.13698157476428	98.47512766980161	110.84894659746797	94.04662801149061	104.66239358635157	102.21503787925765
K03824	23.458917153402997	23.521048842539603	20.266448209462194	21.166912660032708	28.59431271136266	29.254035083233084	25.91186688743915	27.95366479789739	23.98622874034736	24.547569834446477	30.98238350968954	26.595236707645867	31.50376175483727	28.736784366194794	31.794611617557866
K03825	20.451363672197484	17.071728998617452	15.682370638274316	15.223493834309238	26.306767694453647	28.08387367990376	27.158962085230336	24.279754567316587	20.28549630612234	17.344989463860383	15.426912950882759	18.297522854860357	12.081088578551165	19.813256589323778	17.71052636521791
K03826	8.661754025871875	8.915236254833559	9.530056003259007	9.071533997156875	8.864236940522424	7.898589472472933	9.976761582329512	7.3478204611616	8.909170674986163	6.614614626048452	8.741917338833563	8.723237640107845	8.642624906194294	8.621035309858438	9.951629100455778
K03828	44.0305829648487	33.195028608422824	30.640939554782122	28.98720058861622	30.024028346930795	28.961494732400755	31.315946077867633	33.86386821230998	35.08842604302242	29.398287226882008	30.339595470069426	28.51009375059637	32.526007711483906	31.307970335801695	27.324812106336203
K03829	166.73876499803362	116.46712894612352	171.29974081807327	173.71466252026843	265.6411650885591	237.25022452502031	261.61285926997385	275.3835320661434	257.954757081907	268.99432812597036	22.111908562931955	27.233522388629368	25.091491663144726	25.40936722905645	24.288721872298847
K03830	1.443625670978646	4.362775188535571	3.136474127654863	6.047689331437916	5.146976288045279	3.51048420998797	4.711248524988936	1.597352274165565	1.9188982992277888	3.527794467225841	1.5426912950882758	2.127618936611669	2.2303548145017538	4.0836483046697865	3.8794486323810657
K03831	31.278556204537328	23.521048842539603	25.81559474300541	22.10534721146273	29.45214209270354	28.961494732400755	34.36440100580165	33.544397757476865	30.428244459183507	37.04184190587133	32.910747628549885	34.680188666770206	31.41083030423303	29.493015533726236	34.915037691429596
K03832	10.345983975346963	18.020158387429536	17.371241322396163	21.271183165747154	18.014417008158475	13.164315787454889	15.519406905845907	22.682402293151025	16.995956364588988	21.754732547892687	148.35547954432252	195.1026564872901	138.65372430152567	161.3797311512097	147.08170467114303
K03833	79.8806204608184	77.01246637154095	82.03086180020411	66.1075006229593	85.49699500697436	84.83670174137595	88.68232517626232	91.04907962743721	92.38124669139498	99.66019369913	102.3318559075223	97.8704710841368	98.13561183807715	114.03966006374144	106.93784490998243
K03834	29.3537219765658	37.17843204143357	30.640939554782122	30.23844665718958	25.734881440226395	55.58266665814286	47.666749782241	35.780690941308656	55.09979402068365	50.85903690250587	27.51132809574092	24.25485587737303	31.41083030423303	23.140673726462122	23.445363473955137
K03835	83.00847608127214	65.44162782803357	60.79934462838658	66.31604163438818	60.90588607520247	35.982463152376695	51.269469242526654	54.94891823129544	52.358510736072525	59.09055732603284	38.31016716135885	33.19085541114204	36.800854439278936	36.75283474202808	41.66190487817927
K03836	2.4060427849644097	2.086544655386578	3.136474127654863	3.128115171433405	1.429715635568133	2.340322806658647	4.711248524988936	2.875234093498017	1.3706416423055634	1.7638972336129204	1.799806510936322	1.7020951492893355	2.044491913293274	2.873678436619479	3.036090234037356
K03837	28.391304862580036	42.299950741018804	35.70755160714767	34.40926688576746	44.32118470261212	42.12581051985564	37.68998819991149	45.36480458630205	35.36255437148354	37.33582477814015	62.22188223522713	65.10513946031708	62.82166060846606	61.2547245700468	60.72180468074712
K03838	11.549005367829167	10.243037399170472	10.133224104731095	10.21850956001579	10.008009448976932	13.456856138287218	14.965142373494267	7.028350006328486	9.04623483921672	15.875075102516284	11.055954281465977	8.723237640107845	9.479007961632453	9.37726647738988	8.770927342774584
K03839	355.6131236177398	303.68709029762823	324.5044385919839	333.45707727480095	340.2723212652157	305.7046666197857	333.9443807418628	312.1226343719514	351.70664541560757	377.1800251208962	347.1055413948621	378.07788503589364	362.060931554118	347.1101058969318	355.3912290620394
K03840	99.36956701903013	93.13576598134632	81.06579283784876	90.92388098299764	88.92831253233787	120.52662454292032	96.44202862918527	98.39690008859881	104.16876481522281	105.24586827223759	95.90397551132115	106.8064706179058	111.3318778238792	113.73716759672887	106.93784490998243
K03841	200.90457254452824	217.56970179349133	161.64905119451987	157.03138160595694	172.70964877663047	303.0718034622948	235.5624262494468	194.55750699336582	254.11696048345146	264.8785679142069	259.68636800652644	285.52646129328605	305.37274668553175	255.1523959251085	263.29649196290626
K03855	0.48120855699288195	0.47421469440604036	0.1206336202944178	0.20854101142889367	0.5718862542272531	0.0	0.27713226617581976	0.1597352274165565	0.6853208211527817	0.44097430840323015	0.257115215848046	0.3191428404917504	0.6505201542296781	0.30249246701257676	0.168671679668742
K03885	353.4476851112718	265.749914745145	458.6490243593765	367.24072112628176	420.90828311125836	296.6359157439835	361.1033428270932	375.3777844289078	367.6060884663521	431.56685649062786	91.27590162605632	73.4028533131026	73.78757177976635	77.43807155521965	85.85388495138967
K03892	1.684229949475087	2.086544655386578	2.1714051652995203	2.29395112571783	2.2875450169090126	3.51048420998797	2.7713226617581976	2.236293183831791	2.741283284611127	2.0578801058817406	2.828267374328506	2.553142723934003	3.717258024169589	1.6637085685691722	2.867418554368614
K03893	3.609064177446615	6.259633966159733	6.03168101472089	5.422066297151235	8.006407559181545	6.435887718311279	7.759703452922953	6.069938641829147	8.772106510755606	7.643554678989322	7.7134564754413795	8.510475746446676	7.434516048339178	8.772281543364727	7.7588972647621315
K03919	5.774502683914584	5.690576332872484	7.238017217665068	6.047689331437916	5.4329194151589055	2.047782455826316	4.711248524988936	2.875234093498017	4.660181583838916	4.409743084032301	3.3424978060245976	5.106285447868006	5.9476128386713425	4.0836483046697865	3.204761913706098
K03923	86.37693598022231	58.04387859529934	69.48496528958465	68.81853377153492	71.48578177840665	57.04536841230452	66.78887614837257	63.8940909666226	61.67887390375036	68.20402636636625	66.33572568879586	67.65828218425108	60.77716869517278	57.01983003187072	61.0591480400846
K03924	49.80508564876328	43.4380660075933	51.63118948601082	44.62777644578325	36.6007202705442	35.39738245071203	39.352781796966404	34.18333866714309	34.540169386100196	55.26877998653817	50.39458230621701	46.80761660545672	51.48402363474881	43.861407716823635	41.99924823751676
K03925	158.31761525065818	139.41912015537588	159.960180510398	164.12177599453932	136.68081476031352	166.16291927276393	155.47120132463488	155.90158195855915	158.17204552206204	128.76449805374318	144.2416360907538	152.33751586139553	144.22961133778006	152.90994207485755	148.43107810849295
K03926	26.225866356112068	26.556022886738262	28.228267148893767	28.98720058861622	31.453743982498924	31.3018175390594	32.97873967492255	35.780690941308656	24.39742123303903	37.92379052267779	29.311134606677243	24.680379664695366	23.79045135468537	24.048151127499853	26.312782028323753
K03931	5.052689848425261	4.362775188535571	5.066612052365548	6.047689331437916	3.1453743982498925	2.6328631574909775	4.988380791164755	4.1531159128304695	3.563668269994465	3.527794467225841	4.113843453568736	5.319047341529173	4.274846727795028	5.444864406226382	4.891478710393518
K03969	221.8371447737186	293.2543670206954	209.41996483110933	189.98086141172212	158.69843554806278	117.01614033293234	152.6998786628767	109.57836600775777	149.3999390113064	127.00060082013027	117.75876885840506	101.91294706369897	95.53353122115844	98.00755931207487	115.03408553408204
K03970	20.210759393701043	32.246599219610744	19.301379247106848	24.399298337180557	18.3003601352721	12.579235085790227	19.676390898483202	16.292993196488762	17.54421302151121	16.169057974785105	10.541723849769886	9.999809002074846	9.293145060423972	13.460914782059666	13.662406053168102
K03971	12.03021392482205	14.79549846546846	9.409422382964589	8.967263491442427	8.864236940522424	8.191129823305264	14.133745574966808	9.264643190160278	7.12733653998893	5.585674573107581	7.7134564754413795	4.467999766884506	4.832435431420466	5.142371939213805	6.578195507080938
K03972	61.113486738096015	59.751051495161086	46.323310193056436	52.552334880081204	53.47136477024817	39.78548771319699	47.94388204841682	37.37804321547422	41.66750592608913	30.280235843688466	30.853825901765518	37.02056949704305	33.26945931631782	36.601588508521786	36.43308280844827
K03973	25.263449242126303	31.677541586323496	20.025180968873357	25.233462382896132	21.731677660635622	14.919557892448873	18.290729567604103	17.251404560988103	16.721828036127874	13.523212124365724	10.027493418073794	10.850856576719513	11.523499874925728	13.612161015565954	12.481704295486908
K03974	19.007738001218836	17.451100754142285	13.26969823238596	16.4747399028826	17.442530753931223	19.015122804101505	14.410877841142627	14.376170467490086	12.335774780750071	14.993126485709823	15.94114338257885	18.297522854860357	15.798346602720754	17.242070619716877	18.38521308389288
K03975	51.72991987673481	56.14701981767518	53.5613274107215	49.4242197086478	57.18862542272532	61.72601402562181	53.209395105757395	58.14362277962657	50.16548410838362	65.26419764367806	56.56534748657012	53.828759096275235	50.740572029914894	46.432593686430536	56.16766932969109
K03976	44.75239580033802	43.05869425206846	39.32656021598021	38.788628125774224	30.024028346930795	41.833270169023315	44.34116258813116	31.308104573645075	48.52071413761695	52.32895126384997	48.851891011128735	44.679997668845054	46.651588203328345	43.25642278279848	40.64987480016682
K03977	163.85151365607632	166.9235724309262	162.85538739746403	160.15949677739033	154.40928864135836	144.2223929603391	160.18244984962382	152.06793650056179	166.12176704743428	174.3318432554103	196.43602490790713	181.91141908029772	190.69533663989992	183.15918877611523	177.61127869118533
K03978	116.93367934927032	100.15414345855572	92.1640859049352	104.06196470301794	123.52743091308669	107.94738945713009	102.81607075122913	115.3288341947538	121.71297783673403	118.76908039660331	106.18858414524298	128.29542187768365	134.19301467252217	118.12330836841123	116.72080233076946
K03979	86.37693598022231	90.4801636926725	80.34199111608226	90.92388098299764	114.091307718337	88.63972630219625	98.93621902476765	104.78630918526106	102.24986651599504	94.66248487056006	92.30436248944851	84.46647178348327	85.49693455590055	96.79758944402457	93.10676717714558
K03980	41.14333162289141	51.97393050690202	33.05361196067048	35.66051295434082	46.89467284663476	45.928835080675945	52.10086604105412	48.87897958946629	63.59777220297814	63.50030041006514	87.41917338833564	86.38132882643377	77.69069270514441	79.4042725908014	75.9022558509339
K03981	127.76087188161017	111.34561024653829	114.11940479851924	100.51676750872674	86.64076751542886	89.80988770552557	98.65908675859184	86.25702280494052	105.26527812906727	102.01205667728057	101.04627982828207	109.9978990228233	109.84497461421137	99.36877541363147	105.41979979296374
K04013	1.443625670978646	1.5174870220993293	2.6539396464771916	1.0427050571444683	1.429715635568133	0.5850807016646618	2.217058129406558	1.277881819332452	1.644769970766676	1.1759314890752803	2.056921726784368	1.4893332556281684	2.6020806169187125	3.3274171371383443	2.024060156024904
K04014	2.766949202709071	2.7504452275550344	3.9809094697157876	2.8153036542900645	3.288345961806706	3.0716736837394736	7.066872787483404	4.792056822496695	3.974860762686134	4.262751647897891	1.542691295088276	2.4467617771034194	2.787943518127192	2.1930703858411817	2.783082714534243
K04015	1.2030213924822049	0.5690576332872485	1.930137924710685	0.8341640457155747	1.1437725084545063	0.8776210524969925	0.8313967985274593	2.555763638664904	1.0965133138444507	0.8819486168064602	1.28557607924023	0.6382856809835008	0.7434516048339178	1.3612161015565956	0.84335839834371
K04016	0.9624171139857639	1.5174870220993293	2.412672405888356	2.502492137146724	2.2875450169090126	2.340322806658647	1.6627935970549186	1.277881819332452	2.467154956150014	1.7638972336129204	2.056921726784368	1.4893332556281684	2.416217715710233	1.8149548020754607	1.518045117018678
K04017	1.684229949475087	1.138115266574497	1.4476034435330136	1.0427050571444683	1.1437725084545063	0.2925403508323309	0.27713226617581976	1.277881819332452	1.9188982992277888	0.8819486168064602	0.0	0.6382856809835008	1.4869032096678356	1.0587236345440187	1.012030078012452
K04018	1.2030213924822049	2.46591641091141	1.6888706841218493	2.29395112571783	2.2875450169090126	2.6328631574909775	1.6627935970549186	2.875234093498017	3.0154116130722395	2.0578801058817406	3.0853825901765517	2.3403808302728364	1.4869032096678356	0.9074774010377303	2.192731835693646
K04019	1.9248342279715278	1.8968587776241614	1.4476034435330136	1.0427050571444683	3.1453743982498925	1.4627017541616543	2.4941903955823777	0.9584113644993391	0.822384985383338	0.2939828722688201	1.799806510936322	0.6382856809835008	1.4869032096678356	1.0587236345440187	1.012030078012452
K04020	1.443625670978646	2.276230533148994	2.412672405888356	2.502492137146724	2.0016018897953862	2.9254035083233085	1.9399258632307383	0.9584113644993391	3.0154116130722395	1.1759314890752803	1.5426912950882758	1.4893332556281684	1.4869032096678356	1.0587236345440187	1.68671679668742
K04021	0.9624171139857639	0.3793717555248323	1.206336202944178	2.29395112571783	0.8578293813408798	0.2925403508323309	1.108529064703279	1.597352274165565	1.3706416423055634	0.8819486168064602	1.28557607924023	1.4893332556281684	0.5575887036254384	0.7562311675314419	1.012030078012452
K04022	0.9624171139857639	0.7587435110496646	1.206336202944178	1.251246068573362	2.2875450169090126	0.8776210524969925	2.4941903955823777	0.319470454833113	1.3706416423055634	0.8819486168064602	1.28557607924023	0.42552378732233387	0.3717258024169589	0.9074774010377303	1.68671679668742
K04023	3.8496684559430556	1.8968587776241614	3.3777413682436985	3.753738205720086	3.4313175253635193	2.9254035083233085	1.9399258632307383	2.236293183831791	1.644769970766676	2.6458458504193807	2.3140369426324137	1.7020951492893355	2.9738064193356712	4.3861407716823635	2.867418554368614
K04024	0.48120855699288195	0.18968587776241616	0.0	1.251246068573362	0.28594312711362657	1.1701614033293235	1.108529064703279	1.9168227289986781	0.2741283284611127	0.8819486168064602	1.28557607924023	0.21276189366116693	0.9293145060423973	0.15124623350628838	0.674686718674968
K04025	8.902358304368317	11.191466787982552	8.685620661198081	8.55018146858464	14.583099482794957	8.191129823305264	15.519406905845907	10.223054554659615	11.787518123827846	15.287109357978643	14.398452087490575	11.276380364041847	10.222459566466371	10.889728812452764	8.770927342774584
K04026	16.601695216254427	13.657383198893962	12.06336202944178	15.84911686859592	17.156587626817597	17.84496140077218	17.736465035252465	18.529286380320556	21.107881291505677	21.166766803355046	17.998065109363218	21.276189366116693	14.683169195469878	15.88085451816028	14.168421092174327
K04027	1.9248342279715278	1.8968587776241614	1.6888706841218493	2.0854101142889365	3.1453743982498925	2.047782455826316	1.3856613308790988	3.19470454833113	0.2741283284611127	0.8819486168064602	0.7713456475441379	1.4893332556281684	0.9293145060423973	1.3612161015565956	1.8553884763561619
K04028	0.24060427849644098	0.18968587776241616	0.2412672405888356	0.625623034286681	0.28594312711362657	0.5850807016646618	0.27713226617581976	0.9584113644993391	0.0	0.0	0.257115215848046	0.0	0.18586290120847945	0.15124623350628838	0.168671679668742
K04029	0.48120855699288195	0.7587435110496646	0.7238017217665068	0.8341640457155747	0.5718862542272531	0.8776210524969925	1.3856613308790988	0.0	0.822384985383338	1.1759314890752803	0.514230431696092	0.21276189366116693	0.18586290120847945	0.6049849340251535	0.674686718674968
K04030	0.9624171139857639	1.5174870220993293	1.206336202944178	0.41708202285778734	1.1437725084545063	0.5850807016646618	0.8313967985274593	1.277881819332452	1.0965133138444507	0.5879657445376402	0.7713456475441379	0.42552378732233387	0.18586290120847945	0.6049849340251535	0.674686718674968
K04031	0.721812835489323	0.18968587776241616	0.2412672405888356	0.41708202285778734	0.28594312711362657	0.2925403508323309	0.5542645323516395	0.319470454833113	0.0	0.5879657445376402	0.0	0.0	0.0	0.0	0.168671679668742
K04032	0.48120855699288195	1.138115266574497	2.412672405888356	0.20854101142889367	1.1437725084545063	1.1701614033293235	1.3856613308790988	1.597352274165565	1.3706416423055634	0.2939828722688201	0.257115215848046	0.21276189366116693	0.7434516048339178	0.45373870051886517	0.168671679668742
K04033	20.691967950693925	11.381152665744969	17.371241322396163	14.18078877716477	16.01281511836309	13.456856138287218	13.856613308790989	14.376170467490086	12.061646452288958	14.405160741172184	12.598645576554253	16.59542770557102	13.753854689427481	14.06589971608482	14.505764451511812
K04042	319.7630861217701	288.8915918321598	264.42889568536384	232.73176875464532	212.74168657253819	293.12543153399554	267.15550459349026	238.32495930550232	329.77637913871854	349.8396179998959	474.6346884554929	475.73559422636924	506.662268694315	451.16751454925827	472.61804643181506
K04043	1393.5799810513863	1804.481755153865	2192.8779497119267	1868.3189213914584	1316.7681003582504	1136.226722632773	1070.5619442371917	1394.4885353465384	1157.3698027628177	1153.294807910581	2248.472562591162	1807.4122866516132	1814.579504498385	1767.7659772214986	1994.036597043868
K04044	84.45210175225078	86.30707438189935	92.64662038611287	90.50679896013985	107.80055892183722	120.81916489375264	116.67268406002012	142.4838228555684	109.92545971290619	140.8177958167648	222.4046617085598	199.5706562541746	182.33150608551836	207.0560936701088	217.08045173367094
K04045	5.774502683914584	8.156492743783895	8.444353420609247	5.839148320009023	6.576691923613412	5.265726314981955	6.096909855868034	4.472586367663582	6.030823226144479	5.8796574453764014	2.3140369426324137	4.89352355420684	6.133475739879822	4.839879472201228	5.2288220697310015
K04046	8.661754025871875	16.502671365330205	15.199836157096644	15.014952822880344	11.72366821165869	15.797178944945866	18.567861833779926	18.529286380320556	20.55962463458345	19.108886697473306	23.911715073868276	23.829332090050695	20.63078203414122	23.4431661934747	20.915288278924006
K04047	875.0777608915558	988.0737372644257	1905.5286661706236	1634.7529885910974	962.4845658644672	934.666420909297	657.9119999013961	1249.7684193071382	805.389029018749	851.9623638350406	533.5140728846955	440.20435798495436	549.5965988734738	489.5840578598555	486.9551392036581
K04062	67.85040653599636	75.3052934716792	140.90006850388	108.6498669544536	94.6471750746104	87.46956489886692	73.99431506894388	114.05095237542135	77.852445282956	52.62293413611879	22.883254210476093	19.148570429505025	20.259056231724262	24.19939736100614	21.08395995859275
K04063	504.54717200703675	496.9769997375303	849.0194196321125	771.6017422869065	579.8926617864347	513.4083157107407	396.29914063142223	720.7253461035029	451.4893569754526	443.6201542536495	199.52140749808368	187.01770452816572	192.7398285531932	185.73037474572214	190.09298298667224
K04064	392.9067867846881	440.6402940420927	718.4938424735525	646.2685944181414	418.62073809434935	361.87241397959326	283.5063082978636	474.73309588200595	318.53711767181295	249.59145855622825	244.00233983979564	272.9735095672772	290.3178516876449	282.5279641897467	297.87418629499837
K04065	198.9797383165567	303.30771854210343	528.37525688955	425.0065812920853	320.2563023672618	339.93188766716844	208.68059643039228	392.6291889898959	223.41458769580683	226.07282877472264	310.85229596028756	198.9323705731911	245.52489249640138	225.81062662488856	230.40551442750157
K04066	30.556743369048007	33.384714486185246	33.777413682436986	28.778659577187327	34.885061507862446	44.46613332651429	40.73844312784551	37.37804321547422	42.76401923993358	35.57192754452723	34.45343892363816	38.509902752671216	38.84534635257221	36.90408097553436	37.78245624579821
K04067	13.233235317304255	21.24481830939061	22.920387855939385	22.522429234320516	26.306767694453647	28.08387367990376	30.761681545515994	31.9470454833113	24.945677889961253	22.930664036967965	20.826332483691726	20.21237989781086	18.586290120847945	18.60328672127347	17.373183005880424
K04068	2.165438506467969	1.7071728998617453	3.136474127654863	4.170820228577873	2.859431271136266	2.047782455826316	1.108529064703279	0.9584113644993391	1.0965133138444507	2.6458458504193807	3.0853825901765517	4.042475979562171	2.9738064193356712	1.6637085685691722	3.204761913706098
K04069	49.80508564876329	44.95555302969263	43.50852571952003	45.11437213911733	47.27593034945293	39.200407011532334	46.46584329547912	42.06360988635988	43.86053255377803	47.8212138890614	25.882931728703294	24.04209398371186	25.153445963547554	25.308536406718925	24.738513018082163
K04072	6170.296722041229	4605.5731120714645	5377.846792725146	5185.58079019087	7270.38994999107	3066.407957424492	4895.541481995856	5589.455077760145	4083.1414524282736	5886.125068566315	1273.4916640953718	1211.2534606130234	1170.378688909795	1123.7595149517226	1134.31704577229
K04073	2.887251341957292	4.173089310773156	5.066612052365548	6.25623034286681	2.0016018897953862	1.1701614033293235	2.217058129406558	1.9168227289986781	1.644769970766676	3.527794467225841	5.656534748657012	6.382856809835008	5.204161233837425	6.049849340251535	5.734837108737228
K04075	27.910096305587153	29.401311053174503	38.12022401303603	31.489692725762943	36.6007202705442	49.146778939831584	43.786898055779524	46.323215950801384	33.71778440071686	41.74556786217245	33.68209327609402	31.701522155513874	29.923927094565194	35.69411110748406	33.396992574410916
K04077	1566.5744572903272	1846.4023341393588	2365.1427594923557	2109.1837895918306	1606.1425449972405	1562.1654734446468	1352.9597234703522	1666.3578924095175	1492.3546201422976	1710.686333732264	2825.6962221700255	2290.381785262462	2224.2213387618735	2275.197090635096	2583.038102447115
K04078	287.7627170817434	297.2377704537061	496.5279811318237	440.43861613782343	292.8057621643536	312.4330946889294	276.3008693772923	314.9978684654494	295.51033808107945	252.2373044066476	657.7007221393017	397.22645546539866	433.4322856181741	411.692247604117	491.00325951570795
K04079	337.5678027305067	437.9846917534189	534.6482051448597	490.07137685790013	403.4657523573271	363.3351157337549	376.62274973293904	404.13012536388794	377.47470829095215	387.7634085225737	620.933246273031	504.671211764288	496.0680833254317	491.70150512894355	569.2669188820042
K04080	811.0770228115026	552.9343336774431	133.66205128621493	101.76801357730011	243.05165804658262	59.38569121896316	89.51372197478979	102.8694864562624	64.9684138452837	43.80344796805419	79.9628321287423	51.4883782660024	46.465725302119864	44.92013135136765	55.155639251678636
K04081	640.4885893575259	508.1684665255129	97.71323243847843	80.28828940012406	307.6748047742622	66.11411928810678	89.51372197478979	102.8694864562624	68.25795378681705	60.26648881510811	15.169797735034713	8.935999533769012	10.594185368883329	6.503588040770401	10.794987498799488
K04082	25.504053520622744	30.349740441986583	34.01868092302582	28.778659577187327	29.166198965589913	21.647985961592482	27.158962085230336	45.68427504113516	35.91081102840576	46.15531094620475	109.27396673541955	98.5087567651203	88.28487807402774	85.00038323053407	85.85388495138967
K04083	48.60206425628108	54.81921867333827	62.48821531250842	51.92671184579452	59.762113566747956	63.188715779783465	51.82373377487829	59.740975053792134	63.04951554605592	63.79428328233396	87.93340382003173	72.33904384479676	73.41584597734939	72.59819208301843	81.29974960033364
K04084	70.25644932096077	68.66628774999465	65.14215495898561	69.65269781725048	84.06727937140622	92.44275086301654	94.77923503213036	93.92431372093523	82.78675519525603	96.42638210417299	85.87648209324736	71.70075816381326	61.334757398798224	73.05193078353729	70.50476210153415
K04085	10.586588253843404	19.537645409528864	15.92363787886315	19.185773051458217	13.43932697434045	13.164315787454889	19.122126366131564	21.08505001898546	21.6561379484279	19.696852442010943	17.998065109363218	16.382665811909852	15.426620800303795	16.183346985172857	17.204511326211684
K04087	274.52948176443914	260.6283960455598	302.307852457811	272.14601991470624	238.47656801276457	239.0054666300143	233.62250038621605	245.99225022149702	234.65384916271245	242.53586962177656	313.6805633346161	332.7596016860651	322.47213359671184	325.7843869725452	312.2112790668414
K04088	255.52174376322034	290.788450609784	316.3013524119635	302.1759255604669	280.5102076984677	296.3433753931512	266.8783723273144	284.9676457111368	271.9353018334238	267.5244137646263	347.36265661071013	356.58893377611577	337.15530279218177	346.656367196413	341.3914796495338
K04091	3.368459898950174	2.46591641091141	2.8952068870660272	3.3366561828622987	3.7172606524771457	2.6328631574909775	2.4941903955823777	2.875234093498017	3.563668269994465	3.821777339494661	4.885189101112874	3.6169521922398378	4.4607096290035075	4.68863323869494	5.566165429068486
K04095	30.797347647544445	23.710734720302018	40.53289641892438	35.451971942911925	35.4569477620897	20.47782455826316	21.0620522293623	37.69751367030734	21.930266276889014	17.638972336129203	24.425945505564368	20.425141791472026	24.53390295951929	24.35064359451243	20.746616599255265
K04096	70.73765787795365	57.09544920648726	55.73273257602103	56.51461409723019	44.035241575498496	39.78548771319699	43.509765789603705	46.962156860467616	47.698329152233605	36.15989328906487	39.33862802475104	48.50971175474606	56.31645906616928	54.14615159525124	57.85438612637851
K04333	3.368459898950174	4.362775188535571	77.68805146960507	37.120300034343074	5.146976288045279	4.095564911652632	7.759703452922953	4.792056822496695	7.401464868450042	3.821777339494661	2.3140369426324137	1.7020951492893355	1.6727661108763152	1.8149548020754607	1.012030078012452
K04334	9.624171139857639	9.104922132595975	22.67912061535055	12.095378662875833	7.148578177840665	4.680645613317294	9.422497049977872	6.708879551495373	8.772106510755606	5.8796574453764014	4.113843453568736	6.808380597157342	6.319338641088302	4.991125705707517	5.566165429068486
K04335	0.48120855699288195	0.5690576332872485	2.8952068870660272	1.4597870800022557	2.5734881440226394	1.1701614033293235	1.3856613308790988	1.597352274165565	1.0965133138444507	0.8819486168064602	0.514230431696092	0.0	0.7434516048339178	0.45373870051886517	0.506015039006226
K04336	1.443625670978646	3.0349740441986586	2.1714051652995203	2.502492137146724	3.1453743982498925	3.803024560820301	4.988380791164755	2.555763638664904	1.644769970766676	2.6458458504193807	2.828267374328506	1.7020951492893355	1.6727661108763152	1.966201035581749	2.361403515362388
K04337	0.24060427849644098	1.138115266574497	33.05361196067048	18.35160900574264	1.7156587626817597	0.5850807016646618	0.5542645323516395	0.638940909666226	0.2741283284611127	0.8819486168064602	0.257115215848046	0.0	0.18586290120847945	0.45373870051886517	0.168671679668742
K04338	0.0	0.9484293888120807	27.98699990830493	21.271183165747154	0.8578293813408798	0.0	2.217058129406558	0.9584113644993391	1.0965133138444507	1.1759314890752803	0.7713456475441379	0.0	0.18586290120847945	0.6049849340251535	0.0
K04477	124.63301626115643	119.12273123479734	118.94474961029596	116.78296640018046	121.23988589617768	145.68509471450076	129.143636037932	142.4838228555684	123.90600446442294	140.8177958167648	133.18568180928781	147.86951609451103	144.04374843657158	140.8102433943545	143.20225603876196
K04485	33.68459898950174	35.85063089709665	36.43135332891418	38.997169137203116	33.74128899940794	41.833270169023315	45.44969165283444	37.69751367030734	41.39337759762802	41.74556786217245	54.7655409756338	58.509520756820905	55.75887036254384	58.98603106745247	52.456892376978765
K04487	207.1602837854357	203.53294683907254	220.51825789819574	226.47553841177853	246.76891869905975	271.1849052215707	190.9441313951398	495.4986754461583	360.4787519263632	644.1164731409848	1247.7801425105672	994.236329078633	890.840885492242	831.2492993505609	947.0914813399863
K04488	109.47494671588065	88.96267667057317	96.98943071671192	102.60217762301568	99.22226510842843	121.11170524458497	90.34511877331724	170.27775242604923	131.30746933287298	217.84130835119566	453.55124075595313	374.24817094999264	336.41185118734785	327.29684930760806	359.94536441309543
K04564	833.2126164331752	948.3345458731995	1247.4722674645745	1218.088047756168	1126.6159208276888	943.1500910834346	1025.1122525843573	1262.8667079552956	1025.651140937253	954.1214119484555	853.4939590075887	792.218911047355	800.7903098567338	794.1183490247672	838.3825837934821
K04565	36.33124605296259	37.93717555248323	70.93256873311768	60.26835230295027	50.040047244884654	34.51976139821504	29.098887948461076	59.42150459895902	27.68696117457238	26.164475631924986	33.42497806024598	30.212188899885703	38.65948345136373	31.005477868789118	33.059649215073435
K04567	246.25847904110734	236.3486036919705	257.31151208799315	238.77945808608325	226.46695667399229	263.28631574909775	236.6709553141501	246.95066158599636	265.2191577861265	298.8335896612556	367.4176434468577	357.1208385102687	379.3461813665066	334.48104539915676	343.6685473250618
K04568	13.473839595800696	16.502671365330205	14.717301675918973	15.640575857167025	12.009611338772316	12.579235085790227	12.47095197791189	12.459347738491408	12.335774780750071	13.523212124365724	15.94114338257885	18.510284748521524	17.84283851601403	16.9395781527043	14.168421092174327
K04651	3.7293663166948354	6.354476905040941	6.393581875604144	8.341640457155746	4.718061597374839	2.340322806658647	2.9098887948461076	2.875234093498017	4.660181583838916	2.3518629781505607	1.6712489030122988	2.44676177710342	2.323286265105993	2.4955628528537583	3.204761913706098
K04652	8.661754025871875	7.777120988259062	10.615758585908766	12.095378662875833	11.437725084545065	10.823992980796241	7.482571186747133	7.347820461161599	10.416876481522282	8.525503295795781	8.741917338833563	5.957333022512674	6.691064443505261	8.621035309858438	6.240852147743454
K04653	4.210574873687717	6.449319843922149	5.669780153837637	6.569041860010151	3.860232216033959	3.3642140345718046	3.048454927934017	4.153115912830469	4.52311741960836	2.4988544142849705	2.4425945505564366	2.8722855644257534	2.9738064193356717	2.1930703858411817	2.951754394202985
K04654	12.270818203318491	15.174870220993292	17.853775803573836	23.148052268607195	12.58149759299957	14.919557892448873	9.97676158232951	12.459347738491408	9.04623483921672	13.523212124365724	13.36999122409839	11.914666045025347	9.850733764049412	11.494713746477917	8.770927342774584
K04655	18.526529444225957	18.020158387429536	25.33306026182774	27.944495531471752	22.017620787749248	13.164315787454889	17.459332769076646	20.44610910931923	14.802929736900085	15.581092230247464	10.798839065617932	12.978475513331183	12.266951479759644	11.040975045959053	11.301002537805713
K04656	17.08290377324731	12.898639687844298	17.612508562985	19.185773051458217	13.725270101454077	11.701614033293234	12.748084244087709	12.77881819332452	15.625314722283424	10.583383401677523	12.598645576554253	12.127427938686514	11.337636973717247	12.704683614528225	11.301002537805713
K04691	93.3544600566191	87.63487552623626	81.06579283784876	78.61996130869291	82.63756373583809	93.02783156468121	86.18813478067995	94.88272508543456	91.83299003447276	88.78282742518365	88.19051903587977	107.01923251156697	97.02043443082628	95.89011204298684	104.91378475395753
K04744	710.0232258429974	689.5081656663828	664.9325150628309	647.5198404867149	663.1021117765001	768.5035016365332	694.7705913027802	708.5854688198447	740.4206151734654	816.3904362905133	751.5477759238385	751.900532198564	763.1530723620167	695.2789354284077	720.5654155448658
K04750	27.428887748594274	25.03853586463893	49.21851708012247	48.17297364007444	40.31798092302135	21.940526312424815	25.496168488175417	39.2948659444729	18.640726335355662	19.990835314279764	18.769410756907355	15.95714202458752	18.772153022056425	13.763407249072243	15.855137888861748
K04751	116.93367934927032	107.55189269128996	84.44353420609247	99.47406245158228	79.4921893375882	92.44275086301654	89.23658970861396	80.50655461794447	90.18822006370607	87.60689593610839	115.44473191577265	144.8908495832547	146.6458290534903	136.12161015565954	132.74461189929994
K04752	136.66323018597848	171.09666174169936	137.76359437622514	149.94098721737456	260.4941888005138	384.1054806428504	340.59555513008246	409.5611230960509	268.3716335634293	350.42758374443355	18.769410756907355	16.808189599232186	16.91352400997163	20.115749056336355	27.999498825011173
K04753	67.12859370050704	72.27031942748056	63.935818756041435	66.52458264581708	61.47777232942972	59.38569121896316	64.84895028514183	67.08879551495373	57.841077305294775	62.324368920989855	88.70474946757587	88.08342397572311	87.7272893704023	95.28512710896169	86.3598999903959
K04754	144.60317137636105	169.95854647512488	132.45571508327075	131.5893782116319	136.96675788742715	190.44376839184739	184.84722153927177	161.33257969072207	215.7389944988957	201.67225037641057	209.54890091615746	218.7192266836796	194.04086886165257	189.81402305039194	192.96040154104085
K04755	43.789978686352256	44.38649539640538	36.91388781009185	39.20571014863201	38.316379033225964	42.41835087068797	42.67836899107624	53.35156595712987	55.92217900606699	58.502591581495196	112.87357975729219	109.14685144817864	93.11731350544821	95.89011204298684	96.64887245018916
K04758	5.774502683914584	18.399530142954365	17.371241322396163	17.10036293716928	25.16299518599914	18.430042102436843	21.893449027889762	28.75234093498017	19.737239649200113	33.22006456637667	214.94832044896643	170.20951492893354	149.43377257161748	146.860092734606	171.8764415824481
K04759	43.06816585086294	64.6828843169839	73.8277756201837	74.44914108011504	123.24148778597306	128.1326736645609	100.04474808947093	169.3193410615499	96.49317161831166	151.1071963461735	1021.0045221325906	973.1729016061776	819.6553943293944	848.9451086707967	856.1774459985344
K04760	60.39167390260669	59.751051495161086	32.088542998315134	35.66051295434082	48.89627473643015	57.63044911396918	58.19777589692215	44.08692276696959	62.501258889133695	41.45158498990363	94.10416900038483	63.19028241736658	66.9106444350526	62.76718690510968	67.13132850815931
K04761	140.9941071989144	136.95320374446447	104.46871517496582	122.83065573161836	161.2719236920854	169.96594383358422	168.2192855687226	155.90158195855915	152.41535062437865	149.04931624029177	179.72353587778414	159.5714202458752	151.84999028732773	167.73207295847382	166.64761951271709
K04762	15.879882380765105	18.589216020716783	19.301379247106848	22.313888222891624	14.29715635568133	13.456856138287218	20.784919963186482	19.487697744819894	20.833752963044564	14.405160741172184	27.768443311588968	19.999618004149692	23.79045135468537	24.653136061525007	25.300751950311298
K04763	55.820192611174306	55.957333939912765	46.80584467423411	48.798596674361114	49.75410411777103	52.657263149819556	60.691966292504524	57.50468186996034	60.5823605899059	47.33124243528003	56.56534748657012	53.4032353089529	52.785063943208165	48.55004095551857	57.51704276704102
K04764	634.9546909521077	581.0078435862806	541.4036878813471	555.9703364694305	484.3876573304835	413.3595157260835	462.810884513619	397.42124581239256	448.74807369084147	444.50210287045593	521.6867729556853	661.0512036052456	717.4307986647307	639.7715677315998	671.1446134019244
K04765	47.88025142079176	56.526391573200016	44.63443950893459	49.63276072007669	58.61834105829345	54.119964903981206	52.37799830722994	52.712625047463646	55.92217900606699	58.796574453764016	58.87938442920253	46.80761660545672	56.688184868586234	55.658613930314125	64.93859667246566
K04770	113.80582372881659	115.70838543507385	113.63687031734158	106.77299785159356	110.6599901929735	93.9054526171782	105.86452567916315	109.57836600775777	114.58564129674511	96.13239923190416	118.78722972179725	124.67846968544382	131.405071154395	117.0645847338672	115.54010057308827
K04771	893.8448946142782	971.5710658990955	585.0730584279264	748.0366079954416	1254.1465555203663	1071.8678454496603	1110.191858300334	1234.4338374751487	957.5302513146667	904.5852979711593	1628.053546749827	1424.4408780615126	1301.7837600641901	1436.3854796092207	1500.33459065346
K04772	80.36182901781129	74.35686408286713	87.58000833374733	92.175127051571	87.21265376965611	88.05464560053159	70.66872787483403	81.46496598244381	70.72510874296708	75.55359817308675	82.27686907137472	74.89218656873076	77.8765556063529	81.21922739287686	85.17919823271471
K04773	497.0884393736471	546.6746997112833	231.1340164841045	343.88412784624563	514.6976288045279	673.1353472651933	604.1483402632871	607.952275547414	641.1861602705426	670.5749316451786	985.0083919138641	992.1087101420214	970.5760701106798	983.1005177908745	1026.8731858233014
K04774	173.23508051743752	152.5074457209826	141.86513746623535	159.11679172024586	211.8838571911973	211.5066736517752	200.3666284451177	211.4894410995208	210.80468458659567	234.89231494278724	220.34773998177542	188.71979967745506	185.30531250485402	193.8976713550617	200.88797048547173
K04775	54.61717121869211	50.83581524032753	69.48496528958465	63.39646747438368	55.47296666004356	44.75867367734662	42.40123672490042	47.60109777013384	39.200350969939116	32.04413307730139	44.480932341711956	37.02056949704305	47.39503980816227	45.97885498591167	47.059398627579014
K05245	1.684229949475087	1.8968587776241614	1.6888706841218493	0.625623034286681	1.1437725084545063	0.8776210524969925	1.6627935970549186	2.236293183831791	0.0	0.8819486168064602	0.257115215848046	1.2765713619670016	1.8586290120847946	1.3612161015565956	1.180701757681194
K05275	17.804716608736634	21.813875942677857	27.98699990830493	27.944495531471752	22.303563914862874	19.307663154933834	21.33918449553812	24.918695476982816	19.18898299227789	24.988544142849705	19.540756404451496	14.467808768959351	16.355935306346193	16.9395781527043	14.674436131180554
K05349	128.96389327409236	132.96980031145372	110.01786170850905	107.39862088588023	122.66960153174581	131.35061752371655	113.06996459973446	110.85624782709021	144.19150077054528	156.10490517474346	139.35644698964092	152.33751586139553	147.38928065832422	155.93486674498334	155.8526320139176
K05365	136.42262590748203	152.12807396545776	137.5223271356363	143.68475687450774	153.55145926001748	163.53005611527294	147.98863013788775	150.1511137715631	151.86709396745644	159.9266825142381	150.4124012711069	155.1034204789907	159.65623213808385	167.12708802444865	156.86466209193006
K05366	78.43699478983976	88.77299079281076	69.48496528958465	74.44914108011504	82.92350686295171	124.03710875290828	105.03312888063569	101.59160463692994	117.60105290981734	136.1140698604637	92.56147770529655	89.99828101867361	80.10691042085465	93.92391100740508	94.11879725515803
K05367	20.932572229190367	22.003561820440275	24.609258540061234	21.271183165747154	19.158189516612982	16.96734034827519	21.33918449553812	23.001872747984137	17.270084693050098	13.817194996634543	16.198258598426897	15.744380130926354	16.91352400997163	16.485839452185434	16.8671679668742
K05368	110.43736382986641	96.3604259033074	95.78309451376774	110.94381808017143	107.22867266760997	109.9951719129564	105.86452567916315	100.31372281759748	111.57022968367286	122.29687486382915	138.07087091040069	107.01923251156697	124.71400671088972	125.98811251073822	126.33508807188775
K05396	105.62527825993759	108.69000795786445	104.70998241555466	103.64488268016015	130.1041228367001	144.51493331117143	147.1572333393603	125.87135920424653	130.75921267595075	152.87109357978645	134.98548832022414	116.80627961998064	130.2898937471441	117.51832343438608	120.0942359241443
K05499	58.94804823162804	55.1985904288631	50.183586042477806	60.89397533723695	64.33720360056599	61.14093332395715	55.98071776751559	52.712625047463646	56.1963073345281	53.210899880656434	62.47899745107517	54.89256856458107	56.31645906616928	57.322322498883295	56.84235604836605
K05501	82.04605896728637	109.82812322443895	84.92606868727013	90.71533997156874	117.80856837081416	144.80747366200376	138.28900082173405	118.20406828825182	146.9327840551564	159.33871676970048	134.47125788852804	115.31694636435248	125.64332121693212	111.77096656114712	112.67268201871966
K05515	166.73876499803362	161.04331022029132	114.84320652028575	129.71250910877185	141.8277910483588	183.71534032270378	166.8336242378435	159.7352274165565	185.3107500397122	198.43843878145356	221.63331606101565	268.931033587715	244.96730379277594	264.5296624024984	263.6338353222437
K05516	205.95726239295348	195.56613997305107	340.6693437114359	277.77662722328637	188.72246389499355	161.77481401027896	148.82002693641522	167.08304787771812	156.52727555129533	167.86422006549626	119.04434493764529	115.74247015167481	126.01504701934907	120.84574057152442	116.38345897143198
K05517	87.09874881571164	86.8761320151866	141.6238702256465	103.64488268016015	64.62314672767961	95.07561402050753	86.74239931303158	57.50468186996034	92.9295033483172	103.77595391089349	142.6989447956655	160.63522971418104	194.41259466406953	154.42240440992043	156.02130369358636
K05520	7.21812835489323	9.104922132595975	20.025180968873357	18.560150017171537	11.72366821165869	13.74939648911955	6.651174388219674	17.570875015821215	9.04623483921672	9.407451912602243	6.427880396201149	4.255237873223338	5.390024135045905	6.806080507782977	6.072180468074712
K05522	21.894989343176128	14.985184343230875	16.40617236004082	21.47972417717605	14.011213228567703	11.701614033293234	19.122126366131564	15.97352274165565	21.38200961996679	16.169057974785105	20.054986836147588	21.48895125977786	24.34804005831081	23.29191995996841	23.951378512961362
K05523	93.3544600566191	103.94786101380404	175.16001666749466	137.63706754306983	142.9715635568133	147.44033681949475	101.98467395270167	124.91294783974719	93.20363167677831	128.76449805374318	104.13166241845862	92.76418563626878	115.23499874925727	86.36159933209066	99.68496268422652
K05526	3.368459898950174	3.2246599219610745	5.549146533543219	4.58790225143566	5.146976288045279	3.803024560820301	5.265513057340575	8.306231825660939	6.579079883066704	6.4676231899140415	4.628073885264827	3.191428404917504	4.088983826586548	3.78115583765721	3.7107769527123238
K05527	230.25829452109403	210.93069607180675	302.307852457811	275.6912171089974	198.44453021685686	170.5510245352489	174.03906315841482	185.61233425803866	162.28397044897872	167.27625432095863	224.97581386704024	249.99522505187113	302.2130773649876	258.026074361728	271.73007594634333
K05539	66.88798942201059	71.13220416090606	62.72948255309726	60.68543432580805	70.34200926995214	89.51734735469324	94.50210276595453	82.42337734694316	95.39665830446721	111.41950858988281	73.79206694838919	88.72170965670661	79.73518461843769	82.58044349443345	79.61303280364622
K05540	221.59654049522214	355.66102080453027	235.7180940552924	245.86985247466563	239.9062836483327	339.3468069655038	389.6479662432026	302.53852072695804	421.3352408447302	386.29349416122955	577.9950052264073	535.7344482388183	627.2872915786182	554.1661995670406	554.2551393914862
K05541	11.308401089332726	10.812095032457721	8.444353420609247	9.592886525729108	8.864236940522424	14.04193683995188	8.591100251450413	8.945172735327164	9.868619824600056	8.819486168064602	12.598645576554253	16.59542770557102	10.78004827009181	13.007176081540802	12.987719334493134
K05589	46.43662574981311	58.423250350824176	39.08529297539137	52.552334880081204	60.61994294808884	60.555852622292484	59.86056949397707	63.255150056956374	66.8873121445115	66.73411200502215	64.2788039620115	55.53085424556457	63.007523509674535	64.43089547367886	57.51704276704102
K05590	68.57221937148569	93.70482361463358	69.00243080840698	86.33597873156198	78.34841682913368	87.46956489886692	112.51570006738282	97.11901826926635	104.99114980060617	111.12552571761398	115.7018471316207	100.84913759539313	107.80048270091808	106.02360968790816	98.84160428588281
K05591	0.0	0.0	0.0	0.0	0.0	0.0	0.0	0.0	0.0	0.0	0.0	0.0	0.0	0.0	0.0
K05592	287.28150852475056	540.7944375006484	247.05765436296767	262.9702154118349	358.85862452760136	253.63248417163084	322.30482556247836	358.7653207775859	356.9150836563687	382.1777339494661	318.30863721988095	322.3342688966679	303.51411767344695	342.2702264247306	305.970426919098
K05594	751.1665574658888	670.3498920123786	1240.3548838672039	1114.6517060874367	839.5290212056077	644.4663928836248	541.5164481075518	921.3527917386979	620.6265356359592	696.151441532566	368.960334741946	299.56874627492306	321.54281909066947	302.0387283120579	309.6812038718103
K05595	30.797347647544445	28.07350990883759	34.50121540420349	29.821364634331793	32.59751649095343	26.328631574909778	24.66477168964796	24.918695476982816	24.671549561500143	22.930664036967965	23.397484642172184	28.2973318569352	30.85324160060759	33.122925137877154	29.011528903023624
K05596	88.54237448669028	80.61649804902686	88.062542814925	87.17014277727755	94.07528882038315	94.49053331884286	85.63387024832831	99.35531145309814	94.02601666216165	101.71807380501174	74.56341259593333	68.50932975889575	69.32686215076284	68.36329754484235	67.80601522683428
K05601	1.684229949475087	3.0349740441986586	2.412672405888356	2.502492137146724	2.0016018897953862	1.755242104993985	2.4941903955823777	2.236293183831791	1.9188982992277888	2.3518629781505607	1.5426912950882758	0.8510475746446677	1.8586290120847946	1.8149548020754607	2.024060156024904
K05685	41.86514445838073	44.38649539640538	45.11697399011226	44.83631745721214	49.75410411777103	47.391536834837595	40.73844312784551	55.26838868612855	47.698329152233605	44.97937945712947	54.2513105439377	42.76514062589455	46.465725302119864	47.94505602149342	49.252130463272664
K05708	26.70707491310495	26.17665113121343	14.717301675918973	25.02492137146724	21.445734533521996	26.328631574909778	23.27911035876886	25.877106841482153	24.671549561500143	17.638972336129203	15.94114338257885	15.744380130926354	17.28524981238859	19.208271655298624	17.879198044886653
K05709	1.2030213924822049	4.173089310773156	3.3777413682436985	3.5451971942911924	2.5734881440226394	1.4627017541616543	3.8798517264614767	4.472586367663582	4.660181583838916	3.2338115949570208	2.828267374328506	2.978666511256337	2.9738064193356712	2.873678436619479	2.698746874699872
K05710	1.443625670978646	2.276230533148994	1.6888706841218493	1.4597870800022557	1.7156587626817597	1.755242104993985	0.5542645323516395	0.9584113644993391	1.3706416423055634	1.1759314890752803	1.799806510936322	0.6382856809835008	1.3010403084593563	1.3612161015565956	2.361403515362388
K05711	3.8496684559430556	4.362775188535571	2.412672405888356	4.58790225143566	3.1453743982498925	2.9254035083233085	4.434116258813116	4.792056822496695	5.482566569222254	5.8796574453764014	4.885189101112874	5.53180923519034	4.274846727795028	4.0836483046697865	4.385463671387292
K05712	0.48120855699288195	1.5174870220993293	2.412672405888356	1.4597870800022557	0.8578293813408798	1.1701614033293235	0.8313967985274593	1.277881819332452	2.1930266276889014	1.1759314890752803	3.3424978060245976	5.319047341529173	3.5313951229611096	4.234894538176075	3.37343359337484
K05713	0.9624171139857639	0.18968587776241616	1.930137924710685	1.251246068573362	0.0	0.5850807016646618	0.27713226617581976	0.638940909666226	0.5482566569222254	0.5879657445376402	2.828267374328506	1.9148570429505023	2.2303548145017538	1.8149548020754607	2.192731835693646
K05714	2.4060427849644097	2.276230533148994	5.307879292954383	3.753738205720086	1.7156587626817597	2.047782455826316	3.325587194109837	0.319470454833113	2.467154956150014	1.4699143613441004	4.885189101112874	6.170094916173841	4.832435431420466	5.142371939213805	5.734837108737228
K05774	2.165438506467969	2.086544655386578	1.6888706841218493	1.6683280914311494	1.1437725084545063	1.4627017541616543	0.5542645323516395	1.597352274165565	1.0965133138444507	0.8819486168064602	1.028460863392184	2.3403808302728364	2.9738064193356712	1.209969868050307	2.698746874699872
K05775	9.142962582864758	10.432723276932888	14.958568916507808	12.929542708591407	11.72366821165869	6.728428069143609	9.97676158232951	10.54252500949273	10.691004809983395	4.703725956301121	8.999032554681609	10.42533278939718	7.620378949547658	8.167296609339573	10.794987498799488
K05776	84.45210175225078	54.060475162288604	79.85945663490459	78.41142029726402	64.33720360056599	55.58266665814286	56.81211456604305	58.46309323445968	58.389333962217	59.97250594283929	195.664679260363	189.1453234647774	192.36810275077625	186.33535967974728	194.98446169706574
K05777	21.173176507686808	20.675760676103362	24.850525780650067	19.8113960857449	15.726871991249462	18.722582453269176	17.459332769076646	20.44610910931923	17.818341349972325	22.636681164699144	17.483834677667126	15.531618237265185	18.400427219639468	17.84705555374203	16.02380956853049
K05778	9.142962582864758	4.93183282182282	9.168155142375753	8.967263491442427	9.436123194749678	7.898589472472933	8.591100251450413	9.58411364499339	6.030823226144479	5.585674573107581	4.628073885264827	5.319047341529173	7.062790245922219	5.747356873238958	6.915538866418422
K05779	14.195652431290018	10.432723276932888	18.336310284751505	13.346624731449195	11.151781957431437	10.53145262996391	9.422497049977872	14.056700012656972	10.691004809983395	9.113469040333422	6.427880396201149	11.06361847038068	8.735556356798535	9.074774010377304	9.951629100455778
K05780	1.684229949475087	3.793717555248323	4.825344811776712	2.9195741600045113	5.718862542272532	3.803024560820301	4.156983992637296	2.875234093498017	2.467154956150014	3.527794467225841	2.3140369426324137	1.7020951492893355	2.9738064193356712	2.722432203113191	3.204761913706098
K05781	0.24060427849644098	0.5690576332872485	1.4476034435330136	1.251246068573362	1.429715635568133	0.5850807016646618	0.27713226617581976	1.597352274165565	1.0965133138444507	0.8819486168064602	1.28557607924023	1.2765713619670016	0.3717258024169589	0.9074774010377303	0.168671679668742
K05782	18.526529444225957	24.09010647582685	33.29487920125931	26.484708451469494	21.445734533521996	21.355445610760153	24.11050715729632	16.612463651321878	20.833752963044564	20.578801058817405	15.169797735034713	13.616761194314684	15.054894997886837	16.334593218679146	16.192481248199233
K05785	23.81982357114766	41.73089310773155	25.574327502416576	29.821364634331793	29.166198965589913	34.81230174904737	39.352781796966404	32.266515938144416	38.10383765609466	37.92379052267779	35.73901500287839	38.08437896534888	36.429128636861975	38.87028201111612	36.43308280844827
K05786	3.609064177446615	5.500890455110069	4.825344811776712	7.090394388582385	5.4329194151589055	9.946371928299248	4.434116258813116	3.19470454833113	5.756694897683366	4.997708828569941	20.56921726784368	17.44647528021569	17.65697561480555	16.183346985172857	14.843107810849295
K05787	610.8942631024637	534.1554317789639	495.0803776882907	517.3902493550852	537.573078973618	542.077270092309	591.6773882853752	465.7879231466788	585.2639812644755	510.6482491309405	1069.8564131437192	909.7698572951498	952.7332315946658	931.979290865749	942.031330949924
K05788	471.58438585302434	459.0398241850471	550.5718430237229	549.2970241037059	467.8029559578931	409.26395081443087	425.12089631370753	468.02421633051057	469.3076983254249	458.90726361162814	480.2912232041499	451.0552145616739	514.4685105450711	468.4095851689751	470.7626579554589
K05789	569.9915357580687	619.3243908942887	499.42318801888973	547.8372370237037	490.3924629998696	732.5210384841564	632.4158314132206	541.5024209421266	671.8885330581872	693.2116128098777	735.8637477571076	769.3470074787796	770.0299997067305	777.5568864558286	787.1907290140189
K05790	73.3843049414145	63.35508317264699	60.075542906620065	65.06479556581482	61.47777232942972	80.44859647889099	60.96909855868035	58.46309323445968	66.8873121445115	65.55818051594687	87.41917338833564	88.29618586938427	104.82667628158242	103.60366995180755	98.33558924687658
K05796	12.752026760311372	7.777120988259062	33.29487920125931	34.61780789719635	6.290748796499785	3.51048420998797	1.9399258632307383	8.306231825660939	3.289539941533352	2.6458458504193807	0.514230431696092	3.191428404917504	2.2303548145017538	1.3612161015565956	2.024060156024904
K05798	24.541636406636982	28.642567542124837	29.917137833015616	26.276167440040602	24.877052058885514	31.3018175390594	23.8333748911205	25.55763638664904	27.412832846111268	26.752441376462627	7.7134564754413795	5.957333022512674	5.204161233837425	5.293618172720094	5.734837108737228
K05799	238.19823571147657	351.2982456159947	173.95368046455047	209.16663446318034	294.2354777999218	292.54035083233083	404.33597635052104	356.5290275937541	388.1657131009356	360.71698427384223	154.01201429297953	130.42304081429532	137.35268399306634	126.2906049777508	144.88897283544938
K05800	21.894989343176128	28.07350990883759	14.476034435330137	11.261214617160258	18.872246389499356	11.701614033293234	18.844994099955745	16.93193410615499	11.787518123827846	10.877366273946343	10.027493418073794	12.978475513331183	14.311443393052919	12.402191147515648	12.313032615818166
K05801	40.421518787402086	43.248380129830885	45.84077571187877	50.466924765792264	41.74769655858948	43.5885122740173	49.32954337929592	47.281627315300724	42.76401923993358	53.504882752925255	43.45247147831977	45.10552145616739	43.12019308036724	46.13010121941796	47.734085346253984
K05802	179.97200031533785	168.25137357526313	167.68073220924074	169.33530128026166	165.27512747167617	179.3272350602188	156.30259812316234	163.24940241972075	181.19882511279548	192.26479846380832	178.18084458269587	188.08151399647156	178.61424806134877	176.95809320235742	168.16566462973577
K05803	777.8736323789938	743.5686408286713	621.7456789974294	636.0500848581257	691.6964244878627	588.883726225482	693.1077977057253	690.0561824395242	760.1578548226655	638.824781440146	634.8174679288255	627.4348244067813	626.9155657762012	626.1594067160339	601.9892247377402
K05804	340.455054072464	308.6189231194511	192.28999074930198	232.10614572035865	323.4016767655117	246.02643504999025	277.1322661758198	276.980884340309	316.61821937258514	289.27914631251895	463.0645037423308	399.1413125083492	410.57114876953113	398.3825790555636	391.3182968314814
K05805	44.75239580033802	38.12686143024565	46.323310193056436	44.83631745721214	41.17581030436223	43.5885122740173	39.352781796966404	39.2948659444729	32.073014429950184	45.27336232939829	48.0805453635846	51.062854478680066	41.81915277190788	44.92013135136765	42.67393495619172
K05806	30.797347647544445	14.416126709943628	22.920387855939385	26.067626428611707	11.437725084545065	11.409073682460903	10.808158380856971	10.861995464325842	10.416876481522282	6.173640317645222	8.484802122985517	38.72266464633238	42.376741475533315	43.55891524981106	40.98721815950431
K05807	615.9469529508889	538.1388352119747	558.2923947225656	591.8393904352002	564.7376760494126	572.5014665788715	601.6541498677047	573.768936880271	644.2015718836149	669.3990001561033	629.6751636118646	622.5413008525744	620.0386384314875	595.4564213142573	606.03734504979
K05808	263.46168495360286	225.7261945372752	291.6920938719023	292.7915800461667	258.2066437836048	211.5066736517752	226.13992919946892	270.2720047888136	227.52651262272354	226.66079451926026	209.8060161320055	203.4003703400756	199.61675589790696	204.03116899998304	203.92406071950907
K05809	1620.7104199520265	1636.4200674563642	1122.1339359786743	1422.0411569336259	1944.985150626888	1925.2080488275694	1854.8462575147616	1705.9722288088235	1381.0585187870856	1215.9131597038397	2542.869484737175	1930.8141849750898	2089.2848724845176	1839.0029532029605	2348.9218110669012
K05810	33.92520326799818	33.384714486185246	39.56782745656904	38.16300509148754	34.313175253635194	35.982463152376695	36.02719460285657	41.21168867347158	36.45906768532799	32.04413307730139	37.53882151381471	40.637521689282885	47.209176906953786	49.4575183565563	48.408772064928954
K05811	26.225866356112068	31.10848395303625	23.402922337117054	29.6128236229029	30.024028346930795	29.546575434065417	27.990358883757796	34.822279576809315	32.073014429950184	26.164475631924986	37.02459108211862	52.33942584064707	49.06780591903858	53.23867419421351	54.81829589234115
K05812	9.3835668613612	8.156492743783895	7.479284458253904	7.090394388582385	8.29235068629517	8.191129823305264	10.808158380856971	7.6672909159947125	8.772106510755606	6.761606062182862	12.855760792402299	11.914666045025347	13.382128887010522	11.797206213490494	11.80701757681194
K05813	8.421149747375434	20.675760676103362	13.510965472974794	16.057657880024813	12.295554465885944	25.158470171580454	13.856613308790989	16.612463651321878	15.899443050744535	12.641263507559263	50.39458230621701	45.53104524348972	50.55470912870641	47.94505602149342	49.589473822610145
K05814	1.2030213924822049	2.276230533148994	2.1714051652995203	2.29395112571783	0.5718862542272531	1.755242104993985	0.8313967985274593	0.9584113644993391	0.822384985383338	2.0578801058817406	4.885189101112874	4.042475979562171	5.204161233837425	4.3861407716823635	4.385463671387292
K05815	1.443625670978646	3.0349740441986586	3.86027584942137	2.0854101142889365	3.7172606524771457	2.9254035083233085	0.5542645323516395	2.236293183831791	3.289539941533352	1.1759314890752803	4.3709586694167815	4.680761660545673	6.691064443505261	6.654834274276689	5.2288220697310015
K05816	6.736919797900348	8.915236254833559	6.996749977076233	5.839148320009023	10.008009448976932	8.483670174137595	7.759703452922953	11.500936373992069	6.304951554605592	6.761606062182862	9.5132629863777	12.765713619670016	13.567991788219	14.368392183097397	12.987719334493134
K05817	13.955048152793577	20.865446553865777	20.507715450051027	18.560150017171537	18.014417008158475	28.961494732400755	22.17058129406558	22.682402293151025	19.463111320739	20.872783931086225	28.79690417498115	25.318665345678866	27.507709378854962	27.375568264638197	30.36090234037356
K05818	3.8496684559430556	7.777120988259062	4.825344811776712	6.673312365724597	5.4329194151589055	14.04193683995188	5.819777589692215	7.986761370827825	7.949721525372268	5.291691700838761	27.254212879892876	19.57409421682736	21.374233638975138	19.5107641223112	20.0719298805803
K05819	4.812085569928819	4.552461066297988	14.476034435330137	11.678296640018045	6.862635050727039	2.9254035083233085	4.988380791164755	6.708879551495373	3.563668269994465	3.821777339494661	5.656534748657012	4.042475979562171	3.159669320544151	4.68863323869494	3.7107769527123238
K05820	13.473839595800696	14.605812587706044	7.479284458253904	8.55018146858464	8.006407559181545	10.823992980796241	13.302348776439349	13.417759102990747	13.158159766133409	16.757023719322746	11.827299929010115	16.808189599232186	16.541798207554674	15.12462335062884	16.529824607536717
K05834	56.54200544666363	36.79906028590873	44.15190502775692	45.670481502927714	32.88345961806706	41.24818946735865	34.64153327197747	37.69751367030734	40.02273595532245	47.03725956301121	24.683060721412414	27.446284282290534	27.69357228006344	21.77945762490553	24.963408590973817
K05835	59.429256788620926	47.990527073891286	48.01218087717829	45.04485846864103	49.75410411777103	50.31694034316091	45.44969165283444	56.22680005062789	48.24658580915583	57.326660092419914	43.45247147831977	45.53104524348972	49.99712042508097	52.93618172720093	48.746115424266435
K05837	87.33935309420808	78.90932514916511	57.421603260142874	74.86622310297282	78.92030308336093	104.4369052471421	86.46526704685577	77.31185006961334	102.24986651599504	96.7203649764418	110.30242759881173	122.76361264249331	119.5098454770523	120.99698680503072	114.8654138544133
K05838	152.5431125667436	147.9549846546846	181.91549940398204	185.39295916028647	185.00520324251642	152.99860348530905	162.6766402452062	189.76545017086912	185.5848783681733	169.922100171378	222.14754649271174	169.35846735428888	156.86828861995667	156.2373592119959	187.05689275263487
K05839	109.95615527287353	91.80796483700942	115.08447376087459	119.28545853732717	94.36123194749678	83.08145963638196	100.32188035564675	80.8260250727776	86.89868012217272	78.49342689577496	139.09933177379287	115.74247015167481	106.8711681948757	102.54494631726352	111.82932362037594
K05844	45.474208635827345	44.76586715193021	38.844025734802536	37.95446408005865	47.18061597374839	52.657263149819556	57.08924683221887	46.323215950801384	58.11520563375589	46.44929381847357	43.195356262471726	48.9352355420684	54.271967152876	50.06250329058145	49.758145502278886
K05845	40.66212306589853	46.85241180731679	81.3070600784376	61.102516348665844	52.32759226179367	35.39738245071203	21.893449027889762	46.962156860467616	32.62127108687241	29.986252971419646	32.39651719685379	31.91428404917504	34.94222542719414	31.76170903632056	31.878947457392236
K05846	9.62417113985764	14.321283771062419	24.12672405888356	18.664420522885983	13.43932697434045	12.725505261206392	13.579481042615168	18.529286380320556	15.35118639382231	9.995417657139882	11.055954281465977	11.808285098194766	9.943665214653652	11.872829330243638	11.216666697971343
K05847	12.03021392482205	13.467697321131547	17.371241322396163	16.266198891453705	12.295554465885944	12.871775436622558	6.651174388219674	15.01511137715631	10.965133138444507	9.407451912602243	13.112876008250344	7.2339043844796755	8.177967653173097	9.831005177908745	10.457644139462003
K05851	520.9082629447947	458.66045242952225	491.9439035606358	478.601621229311	408.04084239114513	430.32685607435866	440.3631709533776	419.14523674104424	462.4544901138971	460.9651437175099	621.4474767047271	581.6910172696304	593.2743806574664	575.4919184914273	580.0619063808037
K05874	11.549005367829167	12.708953810081882	10.133224104731095	10.635591582873577	13.725270101454077	8.483670174137595	11.36242291320861	13.098288648157633	8.772106510755606	8.231520423526963	12.084415144858161	10.42533278939718	8.921419258007015	12.553437381021936	11.132330858136973
K05875	3.609064177446615	3.2246599219610745	2.6539396464771916	4.379361240006767	2.5734881440226394	1.755242104993985	2.217058129406558	2.875234093498017	2.741283284611127	2.3518629781505607	2.57115215848046	1.2765713619670016	2.044491913293274	2.1174472690880375	3.204761913706098
K05876	10.586588253843404	12.708953810081882	15.44110339768548	15.223493834309238	11.437725084545065	12.871775436622558	10.808158380856971	13.73722955782386	13.432288094594522	5.8796574453764014	10.541723849769886	13.19123740699235	13.753854689427481	12.553437381021936	11.638345897143198
K05877	1.9248342279715278	3.2246599219610745	1.206336202944178	2.29395112571783	1.429715635568133	2.047782455826316	2.217058129406558	2.875234093498017	1.9188982992277888	1.4699143613441004	2.3140369426324137	2.127618936611669	1.8586290120847946	2.5711859696069026	1.8553884763561619
K05878	63.76013380155686	60.88916676173559	61.04061186897541	57.14023713151686	65.76691923613411	47.97661753650226	49.32954337929592	50.476331863631856	45.77943085300582	44.39141371259183	85.36225166155127	81.48780527222694	79.92104751964617	80.91673492586429	89.22731854476451
K05879	50.526898484252605	46.85241180731679	48.01218087717829	37.328841045771966	35.4569477620897	32.17943859155639	37.68998819991149	28.113400025313943	23.026779590733465	26.752441376462627	41.65266496738345	62.977520523705415	62.82166060846606	55.35612146330155	55.155639251678636
K05880	29.11311769806936	31.298169830798663	24.12672405888356	27.735954520042856	30.595914601158047	27.4987929782391	33.53300420727419	27.79392957048083	26.864576189189044	28.516338610075547	30.339595470069426	28.935617537918702	28.251160983688877	25.106874762043873	30.5295740200423
K05881	103.21923547497319	114.0012125352121	102.77984449084397	114.48901527446262	109.51621768451899	98.00101752883083	100.8761448879984	99.03584099826503	84.43152516602271	124.64873784197971	135.75683396776827	127.65713619670016	124.71400671088972	125.83686627723193	135.61203045366855
K05887	2.4060427849644097	4.93183282182282	4.825344811776712	4.796443262864554	4.575090033818025	3.51048420998797	3.8798517264614767	4.472586367663582	2.1930266276889014	3.527794467225841	2.57115215848046	3.404190298578671	2.6020806169187125	2.5711859696069026	3.37343359337484
K05916	49.56448137026684	50.26675760704028	49.70105156130013	54.220662971512354	65.76691923613411	52.07218244815489	64.84895028514183	64.21356142145571	57.566948976833665	64.38224902687159	40.36708888814322	34.46742677310904	36.243265735653495	38.56778954410354	39.46917304248563
K05939	112.1215937793415	121.77833352347118	95.78309451376774	107.60716189730913	112.9475352098825	108.82501050962708	105.31026114681151	107.98101373359219	117.87518123827846	116.12323454618392	95.13262986377701	104.2533278939718	99.622515047745	95.89011204298684	96.64887245018916
K05964	2.887251341957292	1.8968587776241614	0.9650689623553425	1.4597870800022557	1.429715635568133	1.4627017541616543	2.217058129406558	1.277881819332452	0.5482566569222254	0.5879657445376402	0.257115215848046	1.2765713619670016	0.5575887036254384	0.9074774010377303	1.180701757681194
K05966	1.684229949475087	3.2246599219610745	1.4476034435330136	1.876869102860043	1.429715635568133	1.1701614033293235	1.9399258632307383	3.514175003164243	2.741283284611127	1.4699143613441004	0.7713456475441379	1.7020951492893355	2.416217715710233	1.966201035581749	1.180701757681194
K05982	21.65438506467969	29.401311053174503	30.39967231419329	27.31887249718507	27.450540202908154	30.13165613573008	29.930284746988534	29.391281844646397	27.138704517650154	33.51404743864549	28.28267374328506	26.807998601307034	31.782556106649988	31.459216569307983	37.10776952712324
K05984	14.917465266779342	15.554241976518124	15.199836157096644	20.01993709717379	16.01281511836309	16.089719295778195	18.844994099955745	21.723990928651684	20.28549630612234	17.932955208398024	20.054986836147588	15.744380130926354	17.099386911180112	15.729608284653992	18.55388476356162
K05995	10.105379696850521	7.018377477209397	6.755482736487397	6.881853377153491	8.006407559181545	4.680645613317294	5.819777589692215	3.514175003164243	6.030823226144479	8.231520423526963	7.7134564754413795	7.872190065463177	5.9476128386713425	6.654834274276689	8.096240624099616
K05997	6.496315519403907	9.673979765883225	15.199836157096644	15.84911686859592	12.867440720113198	6.435887718311279	5.819777589692215	11.181465919158954	5.482566569222254	7.937537551258142	82.53398428722276	57.02018750119274	28.437023884897357	38.87028201111612	43.85463671387292
K06006	332.63541502132966	283.58038725481214	132.69698232385957	122.62211472018947	132.67761098072273	62.74990525353496	77.18133612996581	89.77119780810476	84.29446100179216	41.74556786217245	74.56341259593333	72.87094857894967	66.9106444350526	75.92560922015677	77.9263160069588
K06020	268.7549790805246	311.65389716364973	342.35821439555775	311.5602710747671	277.3648333002178	367.13814029457524	325.3532804904124	308.9279298236203	328.6798658248741	343.95996055451945	420.38337791155516	446.1616910074671	419.3067051263297	413.50720240619245	436.1849636233668
K06039	124.87362053965288	99.96445758079331	109.0527927461537	111.15235909160032	93.5034025661559	97.12339647633384	100.8761448879984	95.20219554026768	111.57022968367286	112.59544007895809	103.36031677091448	125.10399347276615	120.06743418067774	114.19090629724774	120.26290760381305
K06041	110.19675955136998	124.433935812145	110.98293067086438	114.07193325160483	119.81017026060954	129.30283506789024	131.6378264335144	128.10765238807832	124.72838944980627	131.7043267764314	133.44279702513586	129.14646945232832	134.0071517713137	120.84574057152442	124.64837127520033
K06048	27.669492027090712	23.33136296477719	44.63443950893459	41.08257925149205	24.019222677544633	18.137501751604514	15.242274639670088	22.36293183831791	11.513389795366733	15.287109357978643	28.539788959133105	19.148570429505025	29.366338390939756	27.375568264638197	22.602005075611427
K06073	27.910096305587153	29.59099693093692	20.748982690639863	20.43701912003158	24.59110893177189	30.13165613573008	28.544623416109435	23.960284112483475	32.62127108687241	29.69227009915083	24.683060721412414	28.084569963274035	31.96841900785847	28.736784366194794	23.276691794286396
K06074	49.083272813273965	43.81743776311813	50.90738776424431	50.67546577722116	46.608729719521136	50.024399992328576	49.60667564547174	55.90732959579478	45.23117419608359	39.393704884021886	44.73804755756	43.61618820053922	42.19087857432484	46.58383991993682	47.902757025922725
K06075	142.67833714838952	112.29403963535036	238.85456818294725	190.39794343457993	92.07368693058777	107.36230875546542	104.47886434828405	83.3817887114425	92.10711836293386	102.01205667728057	88.70474946757587	107.65751819255047	102.78218436828914	106.47734838842702	109.29924842534481
K06076	8.180545468878993	11.001780910220138	20.26644820946219	18.76869102860043	10.293952576090557	9.068750875802257	10.808158380856971	9.58411364499339	13.706416423055634	9.113469040333422	13.884221655794484	14.042284981637017	14.683169195469878	13.914653482578531	9.951629100455778
K06077	757.1816644282998	751.156075939168	716.0811700676641	740.5291315840014	810.0768791129042	888.4450454777888	802.8521751113499	848.8329984915813	837.1879151202381	943.9790028551812	715.0374152734158	724.028724128951	768.5430964970626	697.8501213980146	700.9995007032917
K06078	13936.281019070855	9510.849911007546	13572.971153806126	13410.229739935006	9553.359876866265	8945.591388101846	8350.5494444098	8536.889494050445	10576.69329701511	8547.552011215943	7294.872904040761	9371.52313009342	9518.968485392275	9335.068778241626	8893.214310534422
K06079	56.30140116816719	51.59455875137719	66.3484911619298	61.311057360094736	50.040047244884654	48.56169823816692	42.95550125725206	51.11527277329808	51.26199742222807	45.86132807393593	42.16689539907954	45.74380713715089	41.81915277190788	38.56778954410354	37.10776952712324
K06080	81.32424613179705	79.28869690468996	88.54507729610268	84.66765064013083	86.35482438831524	87.76210524969926	96.16489636300946	88.81278644360542	91.55886170601164	88.48884455291484	68.13553219973218	70.42418680184626	74.1592975821833	66.3970965092606	62.91453651644076
K06131	82.88817394202393	73.69296351069868	96.26562899494542	86.75306075441976	81.35081966382677	80.88740700513948	70.25302947557032	84.34020007594184	71.68455789258097	82.60918710753845	69.9353387106685	70.8497105891686	68.67634199653315	69.27077494588008	69.15538866418422
K06132	27.910096305587153	24.27979235358927	37.15515505068068	32.32385677147852	32.59751649095343	27.79133332907143	22.4477135602414	27.154988660814606	29.057602816877946	31.75015020503257	26.73998244819678	27.6590461759517	24.34804005831081	22.38444255893068	26.98746874699872
K06133	18.045320887233075	15.74392785428054	20.025180968873357	21.06264215431826	16.298758245476716	11.116533331628572	19.676390898483202	16.292993196488762	19.737239649200113	15.875075102516284	18.51229554105931	13.616761194314684	16.541798207554674	21.930703858411817	16.698496287205458
K06140	33.92520326799818	33.57440036394766	36.67262056950301	32.115315760049626	29.738085219817165	28.668954381568422	33.53300420727419	34.18333866714309	33.16952774379464	30.868201588226107	42.681125830775635	43.40342630687805	34.57049962477718	40.23149811267271	36.77042616778576
K06141	32.48157759701953	35.47125914157182	29.434603351837946	32.115315760049626	32.59751649095343	33.05705964405339	29.930284746988534	48.559509134633174	44.682917539161366	50.85903690250587	73.02072130084505	80.63675769758227	75.83206369305962	77.13557908820708	77.25162928828384
K06142	876.761990841031	721.9444507637559	656.7294288828106	661.2835472410218	676.2554956237269	743.3450314649527	709.1814691439228	662.2622528690433	731.3743803342486	737.3090436502007	637.9028505190021	695.944154165677	701.260726259593	641.7377687671816	659.8436108641187
K06143	17.564112330240192	14.226440832181211	14.717301675918973	12.51246068573362	13.43932697434045	13.164315787454889	14.133745574966808	14.376170467490086	14.25467307997786	15.581092230247464	11.827299929010115	12.978475513331183	12.824540183385082	12.402191147515648	13.831077732836844
K06144	47.158438585302434	38.506233185770476	64.41835323721911	70.90394388582385	49.18221786354378	28.961494732400755	29.930284746988534	42.48957049280403	29.879987802261283	30.280235843688466	53.47996489639356	39.360950327315884	47.58090270937074	40.836483046697865	39.97518808149185
K06145	61.35409101659245	55.008904551100684	52.35499120777733	56.51461409723019	49.75410411777103	62.6036350781188	63.1861566880869	63.255150056956374	60.034103932983676	58.208608709226375	78.16302561780599	81.0622814849046	68.95513634834587	71.53946844847441	70.6734337812029
K06146	34.88762038198394	29.02193929764967	26.298129224183082	31.69823373719184	29.738085219817165	24.573389469915792	21.33918449553812	20.12663865448612	23.849164576116802	33.22006456637667	24.425945505564368	28.084569963274035	31.596693205441508	27.22432203113191	29.51754394202985
K06149	2021.7977522055937	1721.7787124494514	1592.1225206457261	1587.4141789967387	1981.5858708974324	1865.8223576086061	1884.2222777293985	1801.4938948039241	1696.031968188904	2114.6188002296226	1239.0382251717335	1204.6578419095272	1264.6111798224943	1138.7328920688453	1193.3521336563497
K06153	50.04568992725972	43.248380129830885	42.463034343635066	42.12528430863652	53.185421643134546	70.79476490142406	55.98071776751559	57.18521141512723	57.01869231991144	62.912334665527496	63.25034309861931	64.25409188567241	60.5913057939643	61.40597080355308	65.27594003180316
K06155	15.639278102268664	17.451100754142285	15.199836157096644	12.303919674304726	14.29715635568133	7.313508770808271	13.302348776439349	13.73722955782386	9.320363167677831	9.701434784871063	13.36999122409839	20.425141791472026	16.72766110876315	16.334593218679146	15.349122849855522
K06156	9.142962582864758	10.432723276932888	8.926887901786918	10.84413259430247	9.15018006763605	9.361291226634588	7.482571186747133	7.347820461161599	10.14274815306117	9.701434784871063	10.28460863392184	10.42533278939718	9.850733764049412	9.074774010377304	10.288972459793262
K06157	8.902358304368317	9.673979765883225	7.961818939431575	8.341640457155746	9.15018006763605	9.946371928299248	11.08529064703279	7.6672909159947125	10.14274815306117	8.525503295795781	7.970571691289425	8.510475746446676	8.363830554381575	7.56231167531442	9.445614061449552
K06158	91.91083438564046	91.99765071477184	86.85620661198082	89.67263491442428	100.08009448976931	109.9951719129564	110.02150967180044	99.03584099826503	110.74784469828953	120.53297763021622	112.3593493255961	97.23218540315328	100.18010375137042	106.17485592141445	100.35964940290148
K06159	6.496315519403907	10.812095032457721	8.685620661198081	11.886837651446939	10.293952576090557	7.313508770808271	8.591100251450413	7.028350006328486	7.949721525372268	12.053297763021623	104.90300806600276	112.33827985309614	95.71939412236692	109.80476552556537	107.44385994898865
K06162	0.48120855699288195	0.5690576332872485	0.7238017217665068	1.0427050571444683	0.5718862542272531	0.2925403508323309	0.8313967985274593	1.277881819332452	1.0965133138444507	0.8819486168064602	0.7713456475441379	0.21276189366116693	0.5575887036254384	0.7562311675314419	1.180701757681194
K06163	0.721812835489323	0.3793717555248323	0.4825344811776712	1.0427050571444683	0.0	0.5850807016646618	0.27713226617581976	0.319470454833113	0.5482566569222254	0.2939828722688201	1.28557607924023	0.42552378732233387	1.1151774072508769	0.6049849340251535	0.168671679668742
K06164	0.0	0.18968587776241616	0.2412672405888356	0.20854101142889367	0.8578293813408798	0.2925403508323309	0.8313967985274593	0.638940909666226	0.2741283284611127	0.8819486168064602	0.0	0.42552378732233387	0.0	0.7562311675314419	0.674686718674968
K06165	0.24060427849644098	0.3793717555248323	0.7238017217665068	0.41708202285778734	0.5718862542272531	0.5850807016646618	0.0	0.319470454833113	0.822384985383338	0.5879657445376402	0.0	0.6382856809835008	0.3717258024169589	0.30249246701257676	1.180701757681194
K06166	0.24060427849644098	0.18968587776241616	0.2412672405888356	0.0	0.0	0.0	0.5542645323516395	0.9584113644993391	0.0	0.0	0.257115215848046	0.0	0.18586290120847945	0.0	0.506015039006226
K06167	8.902358304368317	7.966806866021479	8.444353420609247	10.427050571444683	8.006407559181545	6.435887718311279	6.651174388219674	6.38940909666226	4.934309912300028	6.4676231899140415	3.3424978060245976	4.89352355420684	5.9476128386713425	6.3523418072641125	5.06015039006226
K06168	131.61054033755323	173.18320639708594	132.45571508327075	127.62709899448292	137.82458726876803	159.43449120362033	170.71347596430496	157.81840468755783	182.0212100981788	212.84359952262574	200.2927531456278	234.67636870826712	218.2030460187549	214.46715911191694	204.59874743818403
K06173	30.075534812055125	33.57440036394766	28.952068870660273	30.864069691476264	34.59911838074882	38.61532630986767	34.36440100580165	47.60109777013384	39.474479298400226	36.15989328906487	46.79496928434437	29.999427006224536	30.85324160060759	34.33289500592746	39.63784472215437
K06175	13.473839595800696	18.778901898479198	12.545896510619452	10.84413259430247	16.58470137259034	17.25988069910752	23.55624262494468	14.695640922323198	15.625314722283424	16.169057974785105	22.36902377878	17.44647528021569	22.489411046226014	20.72073399036151	22.93934843494891
K06176	124.63301626115643	112.10435375758794	84.44353420609247	103.43634166873126	117.2366821165869	119.06392278875866	114.45562593061356	99.35531145309814	121.43884950827292	122.88484060836679	141.41336871642528	146.1674209452217	143.67202263415462	150.64124857226324	145.22631619478685
K06177	21.173176507686808	18.968587776241616	23.64418957770589	23.148052268607195	19.444132643726608	15.797178944945866	14.410877841142627	18.529286380320556	14.528801408438973	17.344989463860383	22.883254210476093	19.57409421682736	23.232862651059932	22.686935025943257	20.746616599255265
K06178	59.188652510124484	84.59990148203761	69.24369804899582	67.98436972581933	67.76852112592951	81.32621753138798	91.73078010419634	78.5897318889458	89.91409173524497	81.43325561846316	106.18858414524298	96.38113782850861	98.50733764049411	104.2086548858327	100.69699276223898
K06179	66.16617658652127	96.17074002554499	68.03736184605164	69.44415680582159	76.3468149393383	100.63388068632182	118.33547765707503	86.25702280494052	128.84031437672297	114.06535444030219	100.78916461243402	107.23199440522814	112.44705523113008	111.9222127946534	105.41979979296374
K06180	93.83566861361199	110.20749497996378	113.15433583616391	108.44132594302471	84.63916562563347	97.7084771779985	99.76761582329512	95.8411364499339	91.55886170601164	96.42638210417299	116.21607756331679	131.48685028260115	117.09362776134206	120.84574057152442	119.08220584613186
K06181	19.007738001218836	22.19324769820269	23.885456818294728	24.607839348609453	21.731677660635622	26.913712276574437	27.990358883757796	29.391281844646397	30.70237278764462	22.930664036967965	26.73998244819678	27.233522388629368	31.782556106649988	25.56061346256274	24.794736911305073
K06182	49.56448137026684	45.90398241850471	49.70105156130013	44.41923543435435	46.036843465293884	41.24818946735865	49.0524111131201	42.80904094763714	44.95704586762248	44.097430840323014	59.13649964505058	57.232949394853904	61.520620300006705	57.01983003187072	62.07117811809705
K06183	102.97863119647674	112.29403963535036	99.88463760377795	107.81570290873802	100.93792387111019	96.53831577466919	92.00791237037215	125.2324182945803	117.32692458135622	113.77137156803337	140.8991382847292	141.48665928467602	133.26370016647977	136.87784132319098	141.852882601412
K06186	306.0486422474729	316.3960441077101	277.45732667716095	304.67841769761367	269.3584257410362	271.1849052215707	330.618793547753	295.51017072062956	311.95803778874625	277.81381429403496	328.33613063795474	361.90798111764497	372.65511692300134	362.23472924756067	365.1741864828264
K06187	93.3544600566191	82.89272858217586	87.82127557433617	85.2932736744175	85.78293813408798	99.46371928299249	98.38195449241601	109.25889555292466	101.97573818753392	83.4911357243449	150.92663170280298	144.8908495832547	146.6458290534903	145.04513793253057	148.93709314749918
K06188	7.699336911886111	5.121518699585236	7.72055169884274	5.630607308580129	4.289146906704399	4.095564911652632	3.048454927934017	4.472586367663582	6.030823226144479	4.115760211763481	7.456341259593334	8.29771385278551	8.363830554381575	7.864804142326996	7.252882225755906
K06189	185.26529444225957	180.960327385345	186.9821114563476	180.5965158974219	194.72726956437972	225.25607014089476	175.4247244892939	195.83538881269828	213.54596787120678	206.08199346044287	263.2859810283991	241.69751119908562	260.02219879066274	249.85877775238842	261.94711852555633
K06190	46.91783430680599	40.97214959668189	40.77416365951322	44.002153411496565	56.33079604138444	66.69919998977143	54.87218870281231	54.94891823129544	56.1963073345281	64.67623189914042	54.7655409756338	47.87142607376256	47.58090270937074	47.34007108746827	55.49298261101612
K06191	0.24060427849644098	0.0	0.4825344811776712	0.0	0.5718862542272531	0.2925403508323309	0.0	0.319470454833113	0.5482566569222254	1.7638972336129204	43.195356262471726	33.19085541114204	17.47111271359707	16.637085685691723	16.192481248199233
K06192	94.4371793098531	87.72971846511747	103.98618069378814	107.71143240302357	90.2150566043492	89.51734735469324	78.70556359393282	86.09728757752396	90.46234839216719	87.75388737224279	88.44763425172782	84.57285273031385	87.91315227161078	88.25217725091927	88.63696766592392
K06193	64.48194663704618	88.39361903728593	88.54507729610268	96.34594728014888	88.64236940522424	72.55000700641806	80.09122492481191	89.45172735327164	79.49721525372269	78.49342689577496	32.910747628549885	35.956760028737214	35.871539933236534	42.19769914825446	38.11979960513569
K06194	554.3522576558	644.3629267589276	623.1932824409624	682.554730406769	817.5114004178585	843.6863718004422	821.4200369451298	1231.2391329268175	691.6257727073873	828.1497511812661	454.32258640349727	391.269122442886	375.25719753992	403.6761972282837	467.72656772142153
K06195	65.92557230802483	48.369898829416115	60.79934462838658	56.30607308580129	66.62474861747499	50.90202104482557	60.414834026328705	64.53303187628883	55.92217900606699	55.56276285880699	55.27977140732989	55.3180923519034	53.71437844925057	47.94505602149342	50.432832220953856
K06197	20.451363672197484	20.10670304281611	20.507715450051027	20.01993709717379	19.158189516612982	11.116533331628572	15.242274639670088	13.417759102990747	14.802929736900085	16.169057974785105	11.827299929010115	9.78704710841368	11.709362776134206	10.133497644921322	13.662406053168102
K06199	32.72218187551597	32.62597097513558	47.28837915541178	42.7509073429232	43.74929844838487	43.295971923184965	54.87218870281231	51.754213682964306	50.43961243684473	56.15072860334463	33.93920849194207	35.74399813507605	35.49981413081958	34.18164877242118	36.9390978474545
K06200	24.78224068513342	24.659164109114098	43.18683606540157	36.0775949771986	22.303563914862874	19.307663154933834	20.784919963186482	22.36293183831791	16.995956364588988	15.287109357978643	39.33862802475104	44.89275956250622	27.32184647764648	36.299096041509216	36.77042616778576
K06201	198.01732120257094	156.68053503175574	175.16001666749466	192.06627152601106	158.9843786751764	99.46371928299249	126.095181109998	149.19270240706376	120.89059285135069	94.95646774282888	99.24647331734575	125.74227915374966	103.89736177554002	105.5698709873893	104.91378475395753
K06202	18.526529444225957	14.226440832181211	16.164905119451987	14.18078877716477	14.011213228567703	12.286694734957896	14.688010107318448	15.97352274165565	23.849164576116802	17.932955208398024	16.455373814274942	20.85066557879436	21.931822342600576	22.989427492955834	15.517794529524263
K06203	68.81282364998212	78.52995339364028	57.90413774132055	54.220662971512354	74.91709930377017	105.89960700130376	82.30828305421846	82.42337734694316	88.81757842140051	97.60231359324827	56.56534748657012	62.551996736383074	54.45783005408448	48.247548488506	55.155639251678636
K06204	792.5504933672767	841.6362396318405	559.2574636849209	635.424461823839	776.0496469863826	798.9276981230955	811.7204076289761	787.8141416184567	843.7669950033048	782.8763888518679	1048.5158502283316	1205.721651377833	1122.4260603980074	1161.571073328295	1165.689978190676
K06205	92.87325149962622	115.1393278017866	82.03086180020411	83.62494558298636	90.07208504079237	101.80404208965113	129.97503283645946	115.00936373992069	142.5467307997786	159.6326996419693	247.60195286166828	239.9954160497963	235.11657002872653	225.81062662488856	225.6827073967768
K06206	47.399042863798876	40.59277784115706	63.21201703427493	59.017106234376904	67.19663487170224	55.29012630731053	58.47490816309797	73.15873415678288	54.551537363761426	60.26648881510811	69.42110827897241	32.97809351748087	39.7746608586146	43.71016148331734	53.468922454991215
K06207	1077.4259591070627	1118.7673070427304	933.7042210787938	952.4067991957573	984.5021866522164	1307.0702875188542	1229.0816004897606	1084.9216646132518	1349.5337610140577	1434.636416671842	1525.721690842305	1678.6913409866072	1760.1216744443004	1630.8881358983076	1584.3330871284936
K06211	79.64001618232197	65.8209995835584	73.58650837959486	75.07476411440172	69.19823676149764	62.6036350781188	63.1861566880869	64.21356142145571	57.292820648372555	65.26419764367806	78.42014083365403	77.2325673990036	81.59381363052249	76.8330866211945	76.74561424927761
K06212	261.5368507256314	188.16839074031682	405.087696948655	345.135373914819	254.7753262582413	162.06735436111128	162.12237571285456	220.43461383484797	181.7470817697177	196.38055867557182	127.27203184478276	112.12551795943497	111.70360362629616	110.56099669309681	131.39523846195002
K06214	7.458732633389671	7.587435110496646	61.04061186897541	32.53239778290741	7.434521304954291	4.388105262484963	6.374042122043854	6.38940909666226	5.756694897683366	7.937537551258142	4.113843453568736	6.382856809835008	6.133475739879822	7.259819208301843	6.240852147743454
K06217	96.36201353782461	112.67341139087519	129.19860733532147	127.52282848876848	113.80536459122338	148.61049822282408	114.8713243298773	119.48195010758427	122.80949115057848	120.97395193861946	188.85112604038977	181.16675245248365	184.93358670243705	165.38775633912635	185.2015042762787
K06218	48.84266853477752	62.59633966159733	52.11372396718849	51.30108881150784	46.036843465293884	47.09899648400527	50.4380724439992	40.89221821863846	41.66750592608913	51.74098551931233	50.39458230621701	49.5735212230519	52.04161233837425	48.70128718902486	55.998997650022346
K06219	67.85040653599636	65.8209995835584	56.215267057198695	61.51959837152363	68.05446425304314	62.6036350781188	69.28306654395494	71.88085233745042	63.87190053143926	57.914625836957555	78.42014083365403	67.65828218425108	72.48653147130699	69.72451364639895	74.21553905424648
K06221	100.3319841330159	105.27566215814096	155.8586374203878	128.8783450630563	120.95394276906406	92.44275086301654	83.41681211892175	121.07930238174983	100.60509654522836	112.00747433442045	169.18181202801426	109.9978990228233	166.90488528521456	139.4490272927979	148.5997497881617
K06222	30.556743369048007	19.537645409528864	23.64418957770589	26.69324946289839	25.734881440226395	29.839115784897746	28.267491149933615	26.835518205981494	23.30090791919458	29.104304354613188	22.626138994628047	13.616761194314684	20.8166449353497	13.612161015565954	18.891228122899104
K06223	100.09137985451945	80.61649804902686	99.16083588201144	97.80573436015113	82.92350686295171	70.20968419975941	84.80247344980084	78.27026143411268	93.75188833370053	80.5513070016567	96.93243637471333	116.59351772631948	106.31357949125025	108.74604189102135	103.05839627760136
K06281	19.60924869745994	71.22704709978726	80.10072387549343	77.472985745834	39.317179978123654	21.794256137008645	42.1241044587246	37.85724889772389	45.23117419608359	19.255878133607716	13.241433616174367	9.148761427430177	11.988157127946925	13.460914782059666	13.325062693830619
K06282	17.684414469488413	68.95081656663827	63.45328427486376	63.29219696866923	28.59431271136266	14.188207015368047	36.858591401384025	23.481078430233804	36.87026017801966	14.111177868903363	2.9568249822525288	3.0850474580869203	3.6243265735653494	2.3443166193474703	1.9397243161905329
K06287	56.78260972516007	44.76586715193021	52.35499120777733	54.220662971512354	50.611933499111906	60.84839297312482	60.414834026328705	58.78256368929279	60.5823605899059	47.91920817981767	66.07861047294782	64.46685377933358	65.98132992901022	81.9754585604083	69.66140370319044
K06415	110.67796810836285	105.08597628037855	198.32167176402288	172.67195746312396	126.95874843845021	75.7679508655737	55.149320968988135	126.51030011391275	63.87190053143926	69.37995785544153	139.870677421337	111.48723227845147	147.20341775711574	121.148233038537	131.39523846195002
K06445	13.473839595800696	20.486074798340944	17.371241322396163	18.76869102860043	15.15498573702221	16.089719295778195	13.302348776439349	10.54252500949273	16.995956364588988	13.817194996634543	15.684028166730805	21.914475047100193	16.541798207554674	18.300794254260893	18.72255644323036
K06447	4.330877012935938	5.311204577347652	5.307879292954383	5.630607308580129	6.290748796499785	23.40322806658647	7.759703452922953	7.986761370827825	11.787518123827846	14.993126485709823	8.484802122985517	7.446666278140842	6.133475739879822	7.259819208301843	7.4215539054246475
K06518	73.14370066291806	39.83403433010739	51.389922245421985	46.50464554864329	79.20624621047457	36.86008420487369	56.81211456604305	50.476331863631856	58.93759061913923	62.030386048721034	8.741917338833563	7.021142490818509	7.620378949547658	6.806080507782977	7.7588972647621315
K06726	37.053058888451915	21.434504187153024	49.4597843207113	43.37653037720988	34.59911838074882	11.116533331628572	35.19579780432911	17.890345470654328	18.09246967843344	14.111177868903363	20.312102051995634	13.403999300653517	18.772153022056425	21.930703858411817	24.794736911305073
K06858	11.067796810836285	13.278011443369131	13.75223271356363	10.21850956001579	14.869042609908583	16.382259646610528	21.893449027889762	19.16822728998678	18.36659800689455	20.284818186548584	16.455373814274942	11.914666045025347	14.869032096678357	16.334593218679146	13.156391014161876
K06861	100.57258841151233	93.70482361463358	80.34199111608226	80.28828940012406	109.80216081163262	95.36815437133986	109.74437740562462	104.78630918526106	89.91409173524497	111.12552571761398	129.07183835571908	108.0830419798728	123.9705551060558	118.5770470689301	118.40751912745688
K06866	29.11311769806936	20.10670304281611	28.228267148893767	25.442003394325027	28.59431271136266	20.18528420743083	26.604697552878697	18.20981592548744	22.47852293381124	32.92608169410785	13.112876008250344	13.616761194314684	13.93971759063596	11.645959979984205	16.8671679668742
K06867	5.052689848425261	6.069948088397316	7.720551698842739	7.298935400011278	3.7172606524771457	2.925403508323309	4.295550125725206	3.3544397757476867	3.0154116130722395	4.703725956301121	3.8567282377206897	4.787142607376256	4.460709629003507	5.293618172720093	5.481829589234115
K06871	2.5263449242126303	1.9917017165053696	3.6190086088325337	4.58790225143566	3.288345961806706	2.779133332907143	2.4941903955823777	2.3960284112483476	2.330090791919458	2.4988544142849705	2.442594550556437	1.7020951492893355	1.5798346602720756	1.8149548020754604	2.024060156024904
K06872	1.684229949475087	2.655602288673826	2.1714051652995203	3.128115171433405	2.0016018897953862	3.2179438591556395	1.108529064703279	1.9168227289986781	0.822384985383338	2.9398287226882007	1.799806510936322	1.4893332556281684	1.4869032096678356	2.419939736100614	2.698746874699872
K06878	0.721812835489323	2.086544655386578	5.066612052365548	3.96227921714898	3.7172606524771457	2.340322806658647	3.8798517264614767	1.9168227289986781	1.644769970766676	1.7638972336129204	1.28557607924023	0.6382856809835008	0.7434516048339178	1.8149548020754607	1.349373437349936
K06879	62.316508130578214	62.02728202831008	55.73273257602103	55.68045005151461	65.19503298190686	61.72601402562181	68.45166974542748	58.14362277962657	70.17685208604485	72.31978657812974	86.39071252494345	75.53047224971426	77.13310400151897	70.17825234691782	72.02280721855283
K06884	328.424840147642	354.71259141571824	267.6860034333131	453.889511374987	396.03123105237285	327.93773328304286	175.1475922231181	542.6205675340424	203.4032197181456	208.58084787472782	228.18975406514082	215.31503638510094	201.01072765697054	228.53305882800174	230.99586530634215
K06887	6.496315519403907	7.39774923273423	2.412672405888356	4.796443262864554	2.5734881440226394	4.388105262484963	4.156983992637296	3.514175003164243	3.0154116130722395	4.409743084032301	5.9136499645050575	7.2339043844796755	5.390024135045905	4.839879472201228	6.578195507080938
K06889	12.19061677715301	11.065009536140943	15.199836157096643	11.817323980970642	12.295554465885942	11.019019881351129	12.193819711736069	11.500936373992069	10.782380919470432	11.171349146215164	8.484802122985517	12.482031094788459	11.64740847573138	11.141805868296577	11.301002537805715
K06890	187.7916393664722	158.76707968714234	184.4488054301648	179.449540334563	186.29194731452773	158.55687015112332	154.6398045261074	187.04995130478767	144.19150077054528	174.18485181927588	121.10126666442966	139.46542129489492	133.63542596889675	126.51747432801022	121.02193016232239
K06891	102.25681836098742	121.77833352347118	105.43378413732117	137.8456085544987	117.2366821165869	123.74456840207596	118.33547765707503	136.73335466857236	106.91004809983394	106.42179976131287	96.1610907271692	112.97656553407964	124.15641800726428	127.95431354631998	123.46766951751914
K06894	249.02542824381644	248.86787162429	260.3273525953536	243.9929833718056	225.60912729265138	210.33651224844587	210.34339002744719	215.00361610268504	212.72358288582345	234.89231494278724	217.0052421757508	232.76151166531662	235.4882958311435	225.05439545735712	218.59849685068963
K06895	16.361090937757986	22.762305331489937	13.993499954152465	19.8113960857449	17.72847388104485	21.940526312424815	23.27911035876886	16.292993196488762	19.18898299227789	20.578801058817405	23.65459985802023	24.25485587737303	18.772153022056425	21.476965157892952	19.56591484157407
K06899	115.97126223528456	121.39896176794633	103.98618069378816	106.35591582873577	136.96675788742715	156.2165473444647	167.66502103637094	134.81653193957368	177.90928517126213	182.56336367893726	156.58316645146002	149.78437313746153	142.37098232569528	134.00416288657152	135.61203045366855
K06901	70.31660039058488	79.52580425189296	51.932773536746865	60.1119465443786	69.05526519794083	100.48761051090564	96.92701009499295	83.62139155256733	103.07225150137839	121.92939627349313	117.50165364255702	129.67837418648125	129.26764779049745	123.56817277463762	120.22073968389586
K06911	28.631909141076477	28.642567542124837	24.367991299472397	25.442003394325027	30.595914601158047	29.546575434065417	29.376020214636895	33.224927302643756	31.250629444566847	31.75015020503257	27.254212879892876	23.40380830272836	29.923927094565194	18.60328672127347	20.24060156024904
K06915	45.233604357330904	45.524610662979875	52.837525688955	48.59005566293222	47.18061597374839	42.710891221520306	46.2810884513619	46.6426864056345	42.489890911472465	50.56505403023705	56.30823227072207	40.21199790196055	38.10189474773829	45.97885498591167	43.34862167486669
K06916	52.211128433727694	52.92235989571411	46.0820429524676	42.333825320065415	49.4681609906574	49.73185964149624	57.64351136457051	47.281627315300724	62.775387217594805	50.27107115796823	44.22381712586391	52.7649496279694	42.748467277950276	50.51624199110032	43.17994999519795
K06917	12.992631038807813	13.088325565606715	8.926887901786918	10.21850956001579	13.153383847226824	15.504638594113535	13.579481042615168	12.139877283658294	17.54421302151121	15.875075102516284	15.684028166730805	9.78704710841368	11.337636973717247	12.855929848034513	12.313032615818166
K06918	40.66212306589853	45.33492478521746	38.12022401303603	46.50464554864329	38.888265287453216	38.9078666607	37.68998819991149	46.003745495968275	40.02273595532245	35.57192754452723	50.137467090368965	39.14818843365472	42.562604376741795	46.73508615344311	47.3967419869165
K06920	44.51179152184158	40.59277784115706	38.36149125362486	39.20571014863201	43.74929844838487	41.54072981819098	43.786898055779524	56.546270505461	45.23117419608359	52.32895126384997	42.93824104662368	44.041711987861554	41.44742696949092	48.852533422531145	51.950877337972535
K06925	25.744657799119185	25.417907620163763	28.710801630071437	25.859085417182815	24.305165804658262	25.451010522412783	24.66477168964796	23.960284112483475	20.28549630612234	20.872783931086225	28.28267374328506	27.871808069612868	23.97631425589385	24.50188982801872	24.120050192630107
K06929	65.92557230802483	53.49141752900135	80.5832583566711	72.98935400011278	80.35001871892908	48.26915788733459	59.86056949397707	69.96402960845175	54.0032807068392	45.56734520166711	51.937273601305286	50.2118069040354	48.69608011662162	53.3899204277198	49.08345878360392
K06938	9.86477541835408	9.484293888120808	11.580827548264109	13.763706754306982	9.722066321863304	7.313508770808271	6.096909855868034	8.306231825660939	6.853208211527817	7.055588934451682	6.684995612049195	5.957333022512674	6.505201542296781	6.957326741289266	7.59022558509339
K06940	11.188098950084505	12.32958205455705	11.942728409147364	10.114239054301343	11.151781957431437	12.286694734957896	13.302348776439349	9.424378417576833	15.214122229591755	16.022066538650694	11.055954281465977	8.723237640107843	10.40832246767485	9.377266477389881	10.20463661995889
K06941	83.00847608127214	98.82634231421882	78.89438767254924	80.70537142298186	70.62795239706577	95.07561402050753	84.80247344980084	83.06231825660939	100.05683988830613	108.77366273946343	141.41336871642528	160.63522971418104	158.54105473083297	151.54872597330098	146.2383462727993
K06942	186.94952439173466	212.06881133838127	148.8618874433116	167.04135015454384	201.58990461510675	295.1732139898218	276.0237371111165	215.6425570123513	307.2978562049073	311.32786173268045	350.9622696325828	344.2487439437681	347.9353510622736	327.9018342416332	337.84937437649023
K06946	6.736919797900347	7.8719639271402695	9.047521522081336	8.2373699514413	7.005606614283852	5.11945613956579	5.404079190428486	5.430997732162921	5.482566569222254	6.614614626048452	5.656534748657012	6.276475863004425	5.204161233837425	6.579211157523545	7.843233104596504
K06949	146.28740132583613	143.2128377106242	154.41103397685478	143.05913384022105	164.4172980903353	180.78993681438047	150.75995279964596	169.9582819712161	151.86709396745644	166.10032283188335	167.89623594877403	166.16703894937137	160.95727244654321	165.1608869888669	168.671679668742
K06950	39.21849739491988	41.73089310773155	42.22176710304623	51.09254780007895	52.32759226179367	55.29012630731053	47.11248524988936	61.65779778279081	63.04951554605592	56.73869434788227	50.39458230621701	44.041711987861554	47.209176906953786	51.27247315863176	47.56541366658524
K06952	0.24060427849644098	0.3793717555248323	0.7238017217665068	0.41708202285778734	0.28594312711362657	0.5850807016646618	0.27713226617581976	0.319470454833113	0.5482566569222254	0.2939828722688201	0.514230431696092	0.8510475746446677	0.7434516048339178	0.30249246701257676	0.337343359337484
K06956	793.5129104812623	1329.6980031145372	856.2574368497776	839.1690299898681	1280.7392663419334	2148.7088768634703	2090.685816030384	1519.4014831862855	2023.6153206999338	2404.1919294144104	1529.5784190800255	1791.4551446270257	1668.49126414852	1583.5480648108394	1612.163914273836
K06957	53.17354554771346	50.64612936256511	50.66612052365548	51.30108881150784	49.4681609906574	50.31694034316091	50.715204710175016	53.03209550229676	56.1963073345281	53.798865625194075	51.937273601305286	42.97790251955572	52.599201041999684	53.84365912823866	53.13157909565373
K06958	157.83640669366528	149.0930999212591	165.9918615251189	174.548826565984	164.13135496322167	147.44033681949475	157.1339949216898	172.51404560988104	162.55809877743982	169.922100171378	162.75393163181312	165.10322948106554	178.98597386376574	155.32988181095817	162.26215584132981
K06959	220.87472765973283	220.22530408216514	165.50932704394123	166.83280914311493	232.1858192162648	271.1849052215707	283.78344056403944	247.9090729504957	264.80796529343485	296.33473524697064	376.9309064332354	332.9723635797262	322.8438593991288	361.7809905470418	349.65639195330215
K06966	221.8371447737186	170.71728998617453	166.23312876570773	177.05131870313073	205.3071652675839	135.4461824353692	172.09913729518408	185.29286380320553	178.45754182818436	166.39430570415217	249.65887458845265	197.0175135302406	224.5223846598432	203.1236915989453	217.41779509300844
K06968	73.14370066291806	73.78780644957989	80.82452559725994	73.40643602297057	71.48578177840665	71.96492630475339	72.05438920571314	79.22867279861202	77.5783169544949	84.37308434115135	76.87744953856574	64.67961567299474	67.46823313867804	72.59819208301843	75.22756913225894
K06969	81.32424613179705	100.72320109184298	75.51664630430555	74.24060006868615	76.91870119356555	94.49053331884286	105.58739341298732	92.64643190160277	108.82894639906173	114.94730305710864	106.44569936109103	107.23199440522814	112.44705523113008	105.5698709873893	101.87769451992017
K06970	40.180914508905644	68.66628774999465	45.84077571187877	52.552334880081204	56.90268229561169	77.52319297056768	75.93424093217462	74.11714552128223	81.69024188141158	57.326660092419914	30.596710685917472	38.08437896534888	35.49981413081958	37.20657344254694	30.5295740200423
K06971	10.345983975346963	13.088325565606715	9.650689623553424	8.341640457155746	9.436123194749678	10.53145262996391	9.422497049977872	11.820406828825181	12.884031437672297	7.937537551258142	13.112876008250344	11.489142257703014	10.03659666525789	10.889728812452764	10.794987498799488
K06975	34.40641182499106	29.401311053174503	42.94556882481274	44.62777644578325	29.166198965589913	23.40322806658647	22.17058129406558	29.391281844646397	19.18898299227789	17.051006591591563	29.054019390829197	18.72304664218269	29.923927094565194	30.09800046775139	23.276691794286396
K06980	190.55858856918127	153.26618923203225	156.34117190156547	154.3203484573813	166.7048431072443	168.50324207942256	156.02546585698653	165.48569560355253	179.5540551420288	171.68599740499093	205.94928789428482	197.86856110488526	179.35769966618267	191.6289778524674	189.75563962733474
K06997	44.75239580033802	48.74927058494095	38.602758494213695	43.79361240006767	39.7460946687941	48.56169823816692	44.61829485430698	45.045334131468934	52.632639064533635	50.27107115796823	58.622269213354485	57.871235075837404	62.07820900363214	53.994905361744955	59.54110292306593
K06999	43.789978686352256	36.98874616367115	39.809094697157875	40.665497228634266	40.032037795907726	35.982463152376695	27.436094351406155	33.224927302643756	36.7331960137891	32.04413307730139	32.39651719685379	35.956760028737214	35.3139512296111	34.18164877242118	28.336842184348654
K07000	90.94841727165469	88.20393315952352	94.69739193111798	100.93384953158454	107.22867266760997	97.41593682716618	93.53213983433918	111.33545350933989	96.08197912562	105.68684258064081	107.73127544033127	87.01961450741729	94.23249091269909	85.45412193105294	93.78145389582056
K07001	70.25644932096077	69.2353453832819	83.2371980031483	84.87619165155972	73.48738366820204	61.72601402562181	65.12608255131764	74.75608643094844	54.27740903530031	67.3220777495598	61.96476701937908	51.062854478680066	54.82955585650144	56.71733756485814	58.36040116538473
K07012	10.586588253843404	9.86366564364564	17.612508562985	16.057657880024813	11.72366821165869	9.361291226634588	9.97676158232951	10.861995464325842	9.04623483921672	12.053297763021623	6.684995612049195	6.595618703496175	7.062790245922219	7.411065441808131	7.084210546087164
K07014	143.40014998387883	137.71194725551413	127.87163751208287	143.47621586307883	142.11373417547242	139.83428769785414	136.0719426923275	148.55376149739755	149.1258106828453	156.10490517474346	156.06893601976392	155.7417061599742	165.97557077917216	167.58082672496752	154.16591521723018
K07019	35.60943321747327	32.62597097513558	34.25994816361466	37.95446408005865	45.46495721106663	38.61532630986767	39.075649530790585	34.18333866714309	43.3122758968558	35.27794467225841	31.625171549309655	39.57371222097705	37.35844314290437	38.719035777609825	34.74636601176085
K07026	37.5342674454448	44.95555302969263	70.69130149252884	71.73810793153942	65.48097610902049	42.12581051985564	32.14734287639509	63.57462051178949	41.39337759762802	39.98167062855953	35.73901500287839	35.74399813507605	33.64118511873478	32.06420150333314	36.77042616778576
K07027	9.142962582864758	8.535864499308726	11.098293067086438	12.929542708591407	9.436123194749678	4.680645613317294	6.374042122043854	8.945172735327164	7.949721525372268	7.055588934451682	8.999032554681609	8.29771385278551	7.8062418507561375	7.411065441808131	6.072180468074712
K07034	26.94767919160139	44.576181274167794	33.05361196067048	28.778659577187327	30.595914601158047	23.98830876825113	37.41285593373567	30.988634118811962	29.331731145339056	29.104304354613188	18.769410756907355	25.7441891330012	25.649080366770164	29.19052306671366	25.132080270642557
K07038	2.4060427849644097	2.560759349792618	3.2571077479492807	4.066549722863426	3.288345961806706	2.1940526312424815	1.9399258632307383	3.673910230580799	2.055962463458345	2.4988544142849705	1.671248903012299	2.127618936611669	3.2526007711483906	2.5711859696069026	1.9397243161905329
K07039	131.36993605905678	124.433935812145	95.54182727317891	109.69257201159807	140.6840185399043	128.71775436622556	122.49246164971234	126.51030011391275	133.22636763210076	162.5725283646575	115.7018471316207	93.18970942359111	105.94185368883329	114.79589123127289	131.90125350095624
K07040	1043.0195472820717	1116.8704482651062	1102.3500222503899	1061.8908301959266	946.7576938732177	1066.6021191346783	1165.8954438016738	923.5890849225298	1264.0057225341907	1135.3618527021831	1660.192948730833	1682.7338169661693	1769.0430937023075	1693.6553228034174	1685.36742325007
K07042	54.61717121869211	59.18199386187384	66.3484911619298	59.64272926866359	67.19663487170224	58.50807016646617	61.52336309103199	69.00561824395241	66.06492715912816	70.55588934451681	75.07764302762942	67.44552029058991	61.70648320121518	62.76718690510968	61.22781971975334
K07043	11.789609646325609	9.104922132595975	12.06336202944178	13.346624731449195	12.58149759299957	10.53145262996391	12.193819711736069	12.459347738491408	10.416876481522282	12.935246379828083	11.313069497314023	17.659237173876857	10.03659666525789	13.158422315047089	13.831077732836844
K07048	3.368459898950174	4.362775188535571	1.6888706841218493	3.5451971942911924	2.0016018897953862	2.9254035083233085	2.217058129406558	2.236293183831791	1.9188982992277888	1.4699143613441004	2.57115215848046	2.76590461759517	4.088983826586548	1.8149548020754607	3.204761913706098
K07053	60.39167390260669	63.54476905040941	69.00243080840698	77.99433827440623	69.77012301572489	74.8903298130767	76.21137319835043	65.81091369562128	75.11116199834488	71.7318208335921	59.907845292594715	62.12647294906074	55.75887036254384	59.439769767971335	58.69774452472222
K07054	73.62490921991095	74.54654996062955	83.2371980031483	74.65768209154393	81.49379122738358	72.55000700641806	68.17453747925165	73.15873415678288	76.75593196911156	76.1415639176244	75.07764302762942	74.6794246750696	78.99173301360378	76.22810168716934	79.27568944430874
K07056	33.92520326799818	35.091887386046984	34.25994816361466	27.944495531471752	30.30997147404442	33.93468069655038	38.52138499843895	36.739102305808	43.3122758968558	31.456167332763748	48.59477579528069	44.89275956250622	37.35844314290437	39.0215282446224	38.45714296447318
K07058	44.75239580033802	37.36811791919598	54.28512913248801	56.72315510865907	46.75170128307795	36.27500350320902	34.78009940506538	45.524539813718604	32.62127108687241	28.516338610075547	38.567282377206894	38.29714085901005	38.101894747738285	34.10602565566803	39.46917304248563
K07070	13.714443874297137	11.001780910220138	9.409422382964589	15.014952822880344	10.579895703204183	16.674799997442857	9.145364783802052	11.500936373992069	10.965133138444507	8.525503295795781	24.94017593726046	19.36133232316619	26.206669070395606	21.476965157892952	24.626065231636332
K07071	119.09911785573829	119.69178886808459	123.77009442207267	115.94880235446487	137.82458726876803	122.2818666479143	126.095181109998	126.51030011391275	123.35774780750071	119.94501188567858	134.47125788852804	138.50799277341966	146.08824034986486	130.82799198293947	134.0939853366499
K07082	35.60943321747327	39.45466257458256	30.39967231419329	33.15802081719409	32.311573363839805	38.61532630986767	41.569839926372964	37.69751367030734	41.1192492691669	29.986252971419646	32.39651719685379	38.509902752671216	37.54430604411285	40.382744346179	33.7343359337484
K07085	76.75276484036468	72.46000530524297	67.55482736487397	67.88009922010488	60.191028257418395	66.55292981435527	66.37317774910883	61.01885687312459	64.14602885990037	68.9389835470383	61.32197897975897	73.93475804725551	81.59381363052248	74.03503130132816	70.6734337812029
K07089	39.69970595191276	41.73089310773155	27.745732667716094	32.9494798057652	49.4681609906574	39.49294736236467	60.414834026328705	34.18333866714309	52.90676739299475	44.68539658486065	44.73804755756	46.16933092447322	46.279862400911384	44.46639265084878	50.095488861616374
K07090	48.60206425628108	46.473040051791955	52.35499120777733	57.34877814294576	47.75250222797564	52.657263149819556	44.34116258813116	44.72586367663582	50.16548410838362	53.504882752925255	44.22381712586391	49.99904501037423	48.881943017830096	49.306272123050014	45.87869686989782
K07091	65.92557230802483	77.96089576035304	72.38017217665069	76.53455119440397	80.92190497315633	86.88448419720227	85.35673798215248	90.41013871777098	71.82162205681152	92.89858763694714	85.10513644570322	71.4879962701521	81.96553943293944	83.94165959599006	90.74536366178319
K07095	131.36993605905678	128.22765336739332	116.29080996381876	125.1246068573362	132.10572472649548	168.7957824302549	138.5661330879099	138.65017739757104	137.88654921593968	148.46135049575415	143.98452087490574	142.76323064664302	139.02545010394263	120.08950940399298	136.79273221134977
K07098	8.421149747375434	6.828691599446981	7.479284458253904	8.55018146858464	6.576691923613412	4.680645613317294	8.036835719098773	9.264643190160278	6.853208211527817	5.8796574453764014	7.199226043745288	5.744571128851507	8.735556356798535	8.016050375833284	8.264912303768359
K07106	9.142962582864758	10.812095032457721	7.961818939431575	7.92455843429796	11.151781957431437	7.313508770808271	8.591100251450413	5.111527277329808	5.482566569222254	7.349571806720502	12.084415144858161	7.2339043844796755	10.594185368883329	8.923527776871016	10.457644139462003
K07107	84.69270603074723	82.70304270441345	66.3484911619298	75.28330512583061	67.48257799881588	90.39496840719023	98.1048222262402	76.03396825028089	113.48912798290065	114.94730305710864	83.04821471891886	78.93466254829293	90.14350708611254	94.37764970792395	89.05864686509578
K07109	5.533898405418142	4.93183282182282	6.272948255309726	5.2135252857223415	4.861033160931652	4.388105262484963	6.651174388219674	4.472586367663582	3.0154116130722395	4.703725956301121	7.7134564754413795	5.957333022512674	8.363830554381575	8.772281543364727	5.90350878840597
K07112	128.36238257785126	167.68231594197587	133.4207840456261	144.5189209202233	283.9415252238312	380.0099157311978	425.8137269791471	303.4969320914573	375.00755333480214	377.47400799316495	200.42131075355184	182.6560857081118	173.3171553769071	151.54872597330098	171.2860907036075
K07113	25.985262077615626	26.556022886738262	31.123474035959795	30.446987668618476	21.445734533521996	11.701614033293234	12.748084244087709	10.861995464325842	9.594491496138945	14.405160741172184	27.51132809574092	27.6590461759517	23.97631425589385	28.736784366194794	33.228320894742176
K07114	20.691967950693925	18.589216020716783	20.26644820946219	24.816380360038345	16.01281511836309	12.871775436622558	14.688010107318448	13.417759102990747	12.061646452288958	14.405160741172184	5.9136499645050575	15.531618237265185	14.311443393052919	17.393316853223165	13.156391014161876
K07115	28.631909141076477	29.02193929764967	20.748982690639863	21.896806200033836	23.161393296203755	24.28084911908346	27.713226617581977	25.238165931815928	30.428244459183507	28.222355737806726	43.45247147831977	36.80780760338188	42.376741475533315	38.87028201111612	33.90300761341714
K07120	11.549005367829167	11.001780910220138	9.168155142375753	11.469755628589152	14.011213228567703	10.23891227913158	11.91668744556025	10.223054554659615	12.884031437672297	8.231520423526963	12.598645576554253	11.06361847038068	14.497306294261397	12.09969868050307	9.27694238178081
K07121	156.39278102268665	131.83168504487924	132.6969823238596	129.50396809734298	120.95394276906406	128.71775436622556	133.57775229674513	141.52541149106906	138.98306252978412	140.22983007222717	162.23970120011703	184.25179991057055	175.4545787408046	178.4705555374203	168.16566462973577
K07122	73.86551349840738	78.52995339364028	78.89438767254924	75.28330512583061	92.3596300577014	103.26674384381279	102.2618062188775	112.45360010125577	100.33096821676725	99.07222795459236	101.8176254758262	87.87066208206194	79.92104751964617	79.70676505781398	85.51654159205219
K07126	26.86747776543591	23.58427746846041	26.298129224183082	24.260270996227963	23.82859392613555	23.40322806658647	22.72484582641722	22.682402293151025	25.49393454688348	21.950721129405235	23.05466435437479	19.290411691945803	21.250325038169485	21.073641868542847	22.264661716273945
K07127	10.586588253843404	13.467697321131547	14.476034435330137	11.886837651446939	13.43932697434045	9.361291226634588	5.819777589692215	7.986761370827825	8.22384985383338	11.759314890752803	37.02459108211862	46.38209281813439	55.94473326375232	37.66031214306581	34.74636601176085
K07136	65.20375947253551	71.13220416090606	70.69130149252884	69.2356157943927	76.3468149393383	66.11411928810678	67.3431406807242	75.07555688578155	74.83703366988377	92.3106218924095	80.21994734459035	70.8497105891686	68.02582184230349	67.15332767679205	64.2639099537907
K07139	4.0902727344394965	3.2246599219610745	3.3777413682436985	3.3366561828622987	3.7172606524771457	2.047782455826316	1.6627935970549186	3.19470454833113	1.644769970766676	2.0578801058817406	2.056921726784368	2.76590461759517	2.416217715710233	1.6637085685691722	3.036090234037356
K07140	61.83529957358533	61.078852639498	59.110473944264726	64.43917253152814	64.33720360056599	62.6036350781188	71.5001246733615	66.44985460528751	64.9684138452837	73.49571806720502	81.76263863967863	70.63694869550743	70.44203955801372	75.62311675314419	71.8541355388841
K07141	6.736919797900348	5.880262210634901	8.20308618002041	10.009968548586896	10.293952576090557	5.558266665814286	6.928306654395494	7.028350006328486	6.579079883066704	6.173640317645222	4.885189101112874	4.042475979562171	3.159669320544151	2.419939736100614	3.542105273043582
K07146	56.54200544666363	54.25016104005102	36.67262056950301	39.83133318291869	40.889867177248604	80.44859647889099	61.52336309103199	40.89221821863846	87.44693677909494	121.7089091192915	238.60292030698668	277.44150933416165	265.2263600245002	228.07932012748287	254.52556462013166
K07147	31.75976476153021	30.729112197511416	34.01868092302582	32.9494798057652	34.885061507862446	21.06290525992782	21.893449027889762	28.43287048014706	23.30090791919458	24.106595526043247	20.054986836147588	24.25485587737303	31.41083030423303	28.736784366194794	20.24060156024904
K07148	67.60980225749992	47.23178356284162	50.90738776424431	46.92172757150107	55.75890978715719	84.83670174137595	60.691966292504524	56.22680005062789	69.35446710066151	79.0813926403126	84.07667558231104	84.67923367714444	87.91315227161078	74.2619006515876	76.74561424927761
K07150	4.812085569928819	7.208063354971814	9.168155142375753	5.004984274293448	5.718862542272532	6.143347367478948	4.711248524988936	4.472586367663582	4.660181583838916	7.055588934451682	4.3709586694167815	4.680761660545673	3.9031209253780688	6.503588040770401	4.385463671387292
K07153	50.286294205756164	52.92235989571411	48.49471535835596	58.18294218866133	62.90748796499785	83.08145963638196	80.92262172333938	62.935679602123265	67.16144047297261	78.78740976804377	80.99129299213449	73.19009141944143	74.1592975821833	83.3366746619649	74.7215540932527
K07154	35.128224660480385	37.74748967472081	37.39642229126952	34.61780789719635	32.88345961806706	31.3018175390594	29.930284746988534	35.780690941308656	29.331731145339056	29.398287226882008	38.82439759305494	38.08437896534888	44.42123338882659	32.366693970345715	40.48120312049808
K07156	66.64738514351416	70.18377477209397	79.61818939431575	77.36871524011956	91.21585754924689	92.15021051218422	85.07960571597667	87.85437507910608	93.75188833370053	101.42409093274293	69.9353387106685	71.91352005747443	67.28237023746956	71.84196091548698	63.92656659445322
K07160	43.54937440785582	40.97214959668189	47.04711191482294	47.130268582929965	56.616739168498064	38.9078666607	49.60667564547174	47.60109777013384	45.77943085300582	41.15760211763481	35.996130218726435	36.16952192239838	36.614991538070456	38.11405084358467	35.92706776944205
K07165	0.48120855699288195	0.9484293888120807	2.6539396464771916	0.8341640457155747	2.0016018897953862	0.8776210524969925	1.3856613308790988	0.9584113644993391	0.5482566569222254	3.527794467225841	8.741917338833563	7.021142490818509	7.992104751964617	7.864804142326996	10.794987498799488
K07171	23.098010735658335	29.02193929764967	19.542646487695684	26.067626428611707	24.59110893177189	30.13165613573008	27.990358883757796	26.196577296315265	21.930266276889014	32.63209882183903	26.482867232348735	17.020951492893353	23.97631425589385	24.35064359451243	25.132080270642557
K07172	31.51916048303377	34.52282975275974	28.469534389482604	34.82634890862524	36.886663397657834	43.295971923184965	35.47293007050493	38.33645457997356	40.57099261224468	38.80573913948425	29.56824982252529	29.14837943157987	32.154281909066945	32.21544773683943	34.915037691429596
K07173	670.0829156125882	551.6065325331061	740.4491613671365	728.4337529211256	505.8333918640055	514.8710174649023	446.46008080924565	550.1281232226206	480.54695979233054	498.30096849565	440.9525951793989	549.7767332204553	543.6489860348024	526.4881388353899	537.8939864636183
K07180	388.33530549325576	402.13406085632226	571.0795584737739	546.7945319665591	571.3143679730259	626.036350781188	405.7216376814001	567.0600573287755	466.2922867123527	650.5840963308988	469.23526892268393	313.8237931502212	404.6235359308598	329.26305034318983	366.52355992017635
K07184	85.41451886623655	95.03262475897048	79.61818939431575	76.32601018297508	83.49539311717896	67.57682104226842	81.75401852186683	74.75608643094844	73.74052035603931	67.61606062182862	101.30339504413011	88.29618586938427	74.90274918701722	74.71563935210646	76.07092753060265
K07186	16.601695216254427	20.675760676103362	22.437853374761712	21.271183165747154	22.017620787749248	25.451010522412783	19.95352316465902	19.807168199653006	20.833752963044564	18.520920952935665	17.74094989351517	18.72304664218269	18.028701417222507	18.149548020754608	16.8671679668742
K07192	9.86477541835408	8.725550377071142	8.20308618002041	11.469755628589152	10.579895703204183	11.409073682460903	9.145364783802052	8.306231825660939	9.320363167677831	15.287109357978643	7.970571691289425	7.2339043844796755	5.575887036254384	5.444864406226382	5.90350878840597
K07214	0.48120855699288195	1.327801144336913	2.1714051652995203	0.625623034286681	0.0	0.0	1.3856613308790988	0.0	1.3706416423055634	0.8819486168064602	38.82439759305494	44.679997668845054	16.72766110876315	23.745658660487276	22.602005075611427
K07223	134.25718740101408	123.48550642333291	108.3289910243872	111.9865231373159	119.52422713349591	88.05464560053159	106.97305474386643	107.98101373359219	112.3926146690562	122.29687486382915	123.41530360706207	121.48704128052631	114.30568424321487	128.40805224683885	125.99774471255027
K07224	3.609064177446615	5.311204577347652	5.7904137741320545	5.2135252857223415	5.4329194151589055	6.435887718311279	5.265513057340575	4.472586367663582	6.030823226144479	7.349571806720502	461.2646972313945	448.28930994407875	380.83308457617443	365.7133926182053	368.04160503719504
K07229	3.1278556204537327	4.93183282182282	5.066612052365548	3.5451971942911924	6.004805669386158	4.388105262484963	4.711248524988936	5.750468186996034	3.289539941533352	2.6458458504193807	46.53785406849632	58.509520756820905	37.17258024169589	43.25642278279848	46.72205526824153
K07232	77.474577675854	78.90932514916511	84.44353420609247	93.00929109728658	99.50820823554206	92.15021051218422	105.86452567916315	113.092541010922	80.86785689602824	67.61606062182862	47.566314931888506	46.80761660545672	52.04161233837425	50.36499575759403	41.99924823751676
K07235	34.40641182499106	34.52282975275974	32.57107747949281	33.366561828622984	42.03363968570311	37.73770525737068	36.858591401384025	41.21168867347158	40.02273595532245	43.50946509578537	44.480932341711956	33.61637919846437	39.03120925378069	34.63538747294004	34.40902265242337
K07236	14.6768609882829	16.502671365330205	17.853775803573836	18.560150017171537	21.445734533521996	19.892743856598496	18.013597301428284	20.44610910931923	21.6561379484279	20.872783931086225	18.769410756907355	15.106094449942852	19.329741725681863	16.637085685691723	17.71052636521791
K07237	23.338615014154776	25.60759349792618	23.885456818294728	21.68826518860494	18.014417008158475	17.552421049939852	20.784919963186482	18.20981592548744	16.44769970766676	14.111177868903363	18.51229554105931	21.063427472455526	23.604588453476893	20.418241523348932	19.903258200911555
K07238	53.65475410470634	60.13042325068592	58.38667222249822	58.18294218866133	65.48097610902049	69.62460349809474	58.75204042927379	65.81091369562128	61.13061724682813	69.67394072771036	69.42110827897241	55.3180923519034	52.22747523958273	53.541166661226086	57.34837108737228
K07245	95.76050284158352	91.23890720372216	104.22744793437698	102.1850956001579	101.50981012533744	133.39839997954286	118.88974218942668	118.84300919791804	121.98710616519514	107.00976550585051	92.56147770529655	90.21104291233478	95.16180541874148	91.35272503779818	98.33558924687658
K07246	15.879882380765105	14.226440832181211	16.40617236004082	15.432034845738132	16.87064449970397	14.627017541616542	18.013597301428284	16.292993196488762	19.18898299227789	18.520920952935665	10.28460863392184	12.765713619670016	11.337636973717247	9.074774010377304	12.650375975155649
K07248	37.053058888451915	60.88916676173559	46.0820429524676	47.96443262864554	78.92030308336093	68.45444209476543	69.00593427777912	65.17197278595505	51.53612575068919	60.26648881510811	227.5469660255207	155.31618237265187	187.16394151693882	188.60405318234163	219.94787028803955
K07250	19.248342279715278	17.071728998617452	24.12672405888356	19.394314062887112	22.87545016909013	25.451010522412783	19.122126366131564	23.640813657650362	20.833752963044564	29.69227009915083	16.198258598426897	20.637903685133193	18.028701417222507	20.418241523348932	18.55388476356162
K07251	34.88762038198394	34.712515630522155	40.29162917833555	37.95446408005865	33.16940274518068	38.32278595903534	31.59307834404345	33.86386821230998	37.007324342250214	31.162184460494927	34.196323707790114	37.02056949704305	38.10189474773829	34.484141239433754	35.58972441010456
K07258	200.58376683986629	229.9625124739692	164.86594773570434	182.05630297742417	210.5494559313337	254.99767247551506	239.53465539796687	229.4862767217862	252.10668607473664	275.55994560664067	380.01628902341196	381.1274721783704	380.02767867093763	373.02362723767595	375.06959169005927
K07259	37.293663166948356	43.4380660075933	35.70755160714767	36.0775949771986	46.608729719521136	52.657263149819556	55.98071776751559	49.517920499132515	44.408789210700256	56.73869434788227	60.16496050844276	61.06266348075491	52.785063943208165	53.994905361744955	52.28822069731002
K07261	73.3843049414145	70.3734606498564	59.83427566603123	60.89397533723695	61.47777232942972	67.86936139310076	74.54857960129551	76.03396825028089	86.89868012217272	79.37537551258141	74.82052781178137	83.6154242088386	79.73518461843769	71.6907146819807	77.42030096795257
K07262	94.5574814491013	86.68644613742418	64.17708599663027	83.41640457155746	78.34841682913368	70.20968419975941	86.46526704685577	72.51979324711665	89.36583507832273	96.13239923190416	119.04434493764529	121.48704128052631	118.02294226738447	115.40087616529804	114.8654138544133
K07263	18.285925165729516	17.830472509667118	27.98699990830493	19.602855074316004	18.3003601352721	18.137501751604514	15.242274639670088	15.334581831989425	17.818341349972325	17.344989463860383	64.53591917785954	75.9559960370366	64.86615252175933	58.683538600439896	58.69774452472222
K07264	13.714443874297137	11.381152665744969	16.647439600629657	17.308903948598175	12.58149759299957	7.898589472472933	8.591100251450413	8.945172735327164	8.497978182294494	8.231520423526963	7.7134564754413795	10.212570895736013	8.549693455590056	9.831005177908745	9.108270702112067
K07269	114.76824084280236	94.46356712568324	103.26237897202164	102.60217762301568	99.22226510842843	96.24577542383685	105.31026114681151	103.1889569110955	101.7016098590728	104.0699367831623	100.01781896488988	88.72170965670661	102.59632146708066	94.52889594143024	91.75739373979565
K07274	126.55785048912796	157.81865029833025	130.76684439914888	122.41357370876058	119.09531244282547	151.97471225739588	146.32583654083282	128.26738761549487	152.5524147886092	162.4255369285231	226.51850516212852	249.56970126454883	262.06669070395606	252.73245618900788	244.99561471884775
K07275	6.736919797900348	6.259633966159733	8.685620661198081	7.92455843429796	6.862635050727039	8.483670174137595	6.374042122043854	5.111527277329808	6.030823226144479	5.585674573107581	5.399419532808966	1.9148570429505023	1.8586290120847946	2.5711859696069026	2.698746874699872
K07277	952.3117342889134	896.6451441829412	873.3874109315849	818.7320108698365	904.7240541875145	963.3353752908655	927.5616948904687	869.2791076009005	973.9779510223334	1138.59566429714	1206.1274775431837	1129.9784172344575	1147.3316891599438	1080.8055846359368	1110.703010618666
K07278	91.91083438564046	87.63487552623626	88.30381005551384	81.12245344583964	100.65198074399656	91.27258945968723	89.23658970861396	104.78630918526106	95.94491496138944	94.36850199829124	100.53204939658598	99.57256623342613	104.0832246767485	94.83138840844282	92.09473709913313
K07279	44.51179152184158	37.557803796958396	37.87895677244719	40.665497228634266	51.18381975333916	42.710891221520306	40.18417859549387	51.4347432281312	47.150072495311385	43.50946509578537	40.36708888814322	39.78647411463822	37.91603184652981	38.719035777609825	39.63784472215437
K07283	18.045320887233075	20.29638892057853	16.647439600629657	21.06264215431826	18.3003601352721	11.701614033293234	19.122126366131564	12.77881819332452	24.123292904577916	19.402869569742126	25.968636800652643	26.595236707645867	33.26945931631782	27.07307579762562	23.951378512961362
K07285	102.49742263948386	78.34026751587787	409.3098736589596	271.624667386134	70.05606614283852	51.34083157107406	47.11248524988936	57.82415232479345	48.79484246607806	54.2398399335973	21.469120523311837	27.6590461759517	27.97236663187616	31.610462802814272	26.312782028323753
K07286	126.55785048912796	138.85006252208862	125.21769786560569	140.9737237259321	132.10572472649548	187.51836488352407	170.15921143195334	142.16435240073528	177.0869001858788	193.73471282515243	270.99943750384045	288.07960401722005	283.44092434293117	270.42826550924366	287.07919879619885
K07287	423.2229258752397	402.8928043673719	349.5962316132228	322.6129446804985	412.90187555207683	436.4702034418376	473.3419106283001	440.23028676002974	442.16899380777477	448.6178630822194	462.03604287893864	447.4382623694341	461.31172079944605	464.0234443972928	491.5092745547142
K07289	164.57332649156564	133.34917206697855	136.79852541386978	138.4712315887854	148.69042609908584	159.72703155445265	134.13201682909676	143.44223422006775	162.83222710590093	150.22524772936706	124.95799490215035	141.91218307199836	141.62753072086136	152.00246467381982	140.6721808437308
K07290	50.76750276274905	35.85063089709665	57.662870500731714	59.017106234376904	57.760511676952575	38.9078666607	28.821755682285254	56.22680005062789	28.235217831494605	36.45387616133369	65.82149525709977	47.65866418010139	53.52851554804209	49.15502588954372	48.746115424266435
K07300	17.08290377324731	27.883824031075175	47.529646396000615	35.034889920054134	22.5895070419765	16.96734034827519	11.91668744556025	22.36293183831791	13.980544751516748	16.169057974785105	17.74094989351517	16.169903918248686	14.497306294261397	15.427115817641415	15.855137888861748
K07301	49.323877091770406	56.905763328724845	44.15190502775692	50.67546577722116	53.185421643134546	43.00343157235263	58.19777589692215	52.39315459263053	53.72915237837809	52.32895126384997	50.39458230621701	64.89237756665591	68.21168474351197	63.220925605628544	58.52907284505347
K07304	70.01584504246432	68.66628774999465	86.13240489021432	84.87619165155972	98.36443572708755	75.7679508655737	80.64548945716355	92.00749099193655	67.43556880143372	89.3707931697213	74.56341259593333	73.19009141944143	70.07031375559676	66.3970965092606	62.07117811809705
K07305	77.23397339735756	124.433935812145	99.40210312260027	102.60217762301568	110.37404706585987	177.57199295522483	152.9770109290525	142.16435240073528	122.26123449365626	158.45676815289403	130.8716448666554	109.3596133418398	121.1826115879286	119.93826317048669	129.7085216652626
K07306	10.105379696850521	16.31298548756779	10.857025826497603	11.886837651446939	15.440928864135836	11.701614033293234	10.53102611468115	11.181465919158954	10.965133138444507	12.935246379828083	11.827299929010115	11.06361847038068	13.382128887010522	12.704683614528225	13.831077732836844
K07307	3.368459898950174	5.880262210634901	5.7904137741320545	3.5451971942911924	2.859431271136266	4.095564911652632	4.434116258813116	3.514175003164243	2.741283284611127	5.585674573107581	3.3424978060245976	2.3403808302728364	4.4607096290035075	3.78115583765721	2.192731835693646
K07308	10.586588253843404	10.622409154695305	10.133224104731095	11.469755628589152	8.578293813408798	13.164315787454889	10.808158380856971	11.181465919158954	10.965133138444507	11.465332018483982	8.741917338833563	10.42533278939718	8.177967653173097	9.679758944402456	9.614285741118294
K07309	16.120486659261545	22.572619453727523	23.161655096528218	14.597870800022557	16.01281511836309	16.674799997442857	19.95352316465902	15.97352274165565	16.721828036127874	15.581092230247464	14.655567303338621	9.78704710841368	10.40832246767485	9.982251411415033	10.12030078012452
K07310	30.556743369048007	34.143457997234904	34.25994816361466	28.778659577187327	25.734881440226395	38.03024560820301	32.14734287639509	26.196577296315265	38.65209431301689	32.92608169410785	17.483834677667126	20.637903685133193	19.8873304293073	19.964502822830067	21.25263163826149
K07311	3.368459898950174	5.500890455110069	5.7904137741320545	4.796443262864554	5.146976288045279	6.435887718311279	6.096909855868034	4.1531159128304695	5.208438240761141	5.585674573107581	4.113843453568736	3.8297140859010046	3.3455322217526304	3.478663370644633	3.7107769527123238
K07312	34.6470161034875	39.26497669682014	30.158405073604452	32.53239778290741	29.166198965589913	33.05705964405339	28.267491149933615	31.627575028478187	41.39337759762802	33.22006456637667	24.683060721412414	20.21237989781086	23.046999749851455	22.989427492955834	24.626065231636332
K07313	13.473839595800696	15.174870220993292	14.958568916507808	17.10036293716928	16.01281511836309	12.286694734957896	13.302348776439349	15.654052286822537	10.965133138444507	15.875075102516284	9.770378202225748	11.489142257703014	10.03659666525789	10.738482578946476	10.12030078012452
K07314	2.4060427849644097	2.086544655386578	5.549146533543219	3.753738205720086	1.429715635568133	3.803024560820301	2.7713226617581976	3.19470454833113	1.644769970766676	1.4699143613441004	3.3424978060245976	1.4893332556281684	1.4869032096678356	1.3612161015565956	2.867418554368614
K07319	7.458732633389671	4.362775188535571	5.307879292954383	5.630607308580129	5.4329194151589055	5.558266665814286	8.591100251450413	3.514175003164243	7.949721525372268	5.585674573107581	5.9136499645050575	5.744571128851507	5.204161233837425	6.503588040770401	7.4215539054246475
K07320	168.4229949475087	182.66750028520676	144.51907711271252	147.43849508022782	168.9923881241533	193.07663154933837	201.47515750982097	180.18133652587574	192.16395825124	219.8991884570774	181.26622717287242	179.57103825002488	187.53566731935578	177.1093394358637	177.77995037085407
K07322	7.9399411903825525	9.673979765883225	7.479284458253904	7.92455843429796	8.006407559181545	9.068750875802257	9.145364783802052	10.54252500949273	8.497978182294494	6.173640317645222	7.456341259593334	7.446666278140842	7.062790245922219	7.108572974795554	6.915538866418422
K07323	173.95689335292684	182.28812852968193	195.9089993581345	199.99082996030901	224.17941165708325	277.03571223821734	225.03140013476565	253.97901159232484	236.57274746194025	248.7095099394218	214.43409001727034	187.8687521028104	198.3157155894476	173.3281835982065	199.53859704812177
K07336	14.917465266779342	9.673979765883225	10.857025826497603	11.261214617160258	8.864236940522424	9.068750875802257	9.699629316153692	14.376170467490086	9.320363167677831	8.525503295795781	11.055954281465977	13.403999300653517	15.240757899095316	11.494713746477917	12.481704295486908
K07337	86.61754025871876	94.84293888120807	152.96343053332177	138.67977260021428	113.51942146410975	101.80404208965113	100.32188035564675	126.19082965907964	108.82894639906173	99.36621082686118	90.50455597851219	74.89218656873076	70.99962826163916	77.28682532171337	74.55288241358396
K07339	10.105379696850521	11.001780910220138	8.20308618002041	7.716017422869066	8.29235068629517	9.653831577466917	9.97676158232951	7.986761370827825	10.14274815306117	10.289400529408702	12.341530360706207	6.382856809835008	6.691064443505261	6.3523418072641125	5.90350878840597
K07340	18.285925165729516	25.60759349792618	25.091793021238903	29.195741600045114	31.453743982498924	36.27500350320903	30.484549279340175	29.391281844646397	21.38200961996679	32.33811594957021	16.455373814274942	17.23371338655452	14.311443393052919	14.670884650109974	18.891228122899104
K07343	19.48894655821172	21.434504187153024	17.853775803573836	17.517444960027067	23.161393296203755	23.98830876825113	23.8333748911205	23.960284112483475	18.09246967843344	19.402869569742126	19.0265259727554	14.255046875298184	17.47111271359707	15.88085451816028	17.879198044886653
K07345	17.90095832013521	16.123299609805372	74.02078941265476	44.91973386178369	24.762674808040064	32.354962802055795	29.486873121107227	32.90545684781064	28.01591516872572	43.39187194687784	12.495799490215035	16.297561054445385	10.742875689850113	10.496488605336413	9.985363436389525
K07346	2.48624421112989	2.971745418277853	8.60519824766847	4.448874910483065	3.1453743982498925	2.1452959061037595	3.8798517264614767	4.3660962160525445	3.6550443794815024	5.977651736132675	0.8570507194934867	1.8439364117301134	1.796674711681968	1.4620469238941212	1.40559733057285
K07347	16.84229949475087	16.426797014225237	22.43785337476171	22.689262043463632	16.927833125126696	12.930283506789024	15.02056882672943	15.334581831989425	14.419150077054528	13.523212124365722	9.770378202225746	11.106170849112916	11.820880516859294	12.976926834839542	11.840751912745688
K07348	1.684229949475087	2.845288166436242	4.101543090010205	4.379361240006767	4.0032037795907724	0.8776210524969925	3.325587194109837	3.19470454833113	1.644769970766676	2.6458458504193807	1.5426912950882758	0.8510475746446677	0.5575887036254384	1.0587236345440187	1.349373437349936
K07349	1.8045320887233074	1.422644083218121	2.8952068870660272	3.023844665718958	1.5726871991249463	2.340322806658647	1.8013597301428286	3.0349693209145734	2.055962463458345	2.9398287226882007	0.7713456475441379	0.9574285214752511	0.8363830554381575	1.7393316853223164	1.433709277184307
K07350	14.195652431290018	10.432723276932888	22.67912061535055	15.014952822880344	9.15018006763605	9.068750875802257	8.591100251450413	13.417759102990747	10.416876481522282	8.819486168064602	8.227686907137471	9.999809002074846	9.479007961632453	8.167296609339573	6.240852147743454
K07351	4.330877012935938	5.311204577347652	20.507715450051027	15.432034845738132	7.148578177840665	12.286694734957896	11.91668744556025	15.654052286822537	6.304951554605592	12.347280635290444	4.628073885264827	4.680761660545673	2.787943518127192	2.5711859696069026	3.7107769527123238
K07352	2.4060427849644097	3.604031677485907	3.3777413682436985	3.753738205720086	2.0016018897953862	2.047782455826316	1.6627935970549186	1.9168227289986781	1.9188982992277888	2.9398287226882007	0.7713456475441379	0.8510475746446677	0.7434516048339178	0.7562311675314419	0.84335839834371
K07353	0.24060427849644098	1.5174870220993293	1.6888706841218493	1.876869102860043	1.1437725084545063	1.1701614033293235	0.8313967985274593	0.9584113644993391	1.3706416423055634	0.8819486168064602	0.257115215848046	0.0	0.3717258024169589	0.30249246701257676	0.337343359337484
K07354	5.533898405418142	6.259633966159733	5.7904137741320545	6.673312365724597	6.862635050727039	4.095564911652632	5.265513057340575	4.1531159128304695	6.853208211527817	6.761606062182862	2.056921726784368	4.467999766884506	4.4607096290035075	3.6299096041509213	4.722807030724776
K07355	0.9624171139857639	0.3793717555248323	1.206336202944178	1.4597870800022557	0.28594312711362657	0.5850807016646618	0.5542645323516395	0.638940909666226	0.5482566569222254	0.5879657445376402	0.514230431696092	0.42552378732233387	0.0	1.0587236345440187	0.506015039006226
K07356	1.2030213924822049	0.7587435110496646	0.4825344811776712	0.41708202285778734	0.8578293813408798	1.1701614033293235	1.9399258632307383	1.277881819332452	0.822384985383338	1.1759314890752803	0.7713456475441379	0.0	0.5575887036254384	0.0	0.168671679668742
K07357	20.451363672197484	28.642567542124837	75.27537906371671	59.64272926866359	33.45534587229431	39.200407011532334	30.484549279340175	37.37804321547422	27.961089503033495	40.27565350082835	9.256147770529655	11.70190415136418	13.196265985802041	11.343467512971628	11.638345897143198
K07358	3.1278556204537327	6.6390057216845655	5.307879292954383	5.422066297151235	6.576691923613412	9.361291226634588	5.819777589692215	2.555763638664904	4.934309912300028	6.761606062182862	7.199226043745288	10.638094683058346	7.062790245922219	6.806080507782977	6.409523827412196
K07387	43.06816585086294	46.28335417402954	45.11697399011226	43.48080088292433	37.6015212154419	65.38276841102595	46.2810884513619	40.57274776380535	44.2717250464697	39.83467919242512	41.13843453568735	37.97799801851829	39.58879795740613	39.0215282446224	40.31253144082934
K07390	480.48674415739265	423.3788791657129	472.40125707294015	495.28490214362245	462.0840934156206	435.88512274017296	494.9582273900141	411.4779458250496	491.51209293077505	438.0344796805419	438.63855823676647	507.6498782755443	467.8169223417428	462.3597358287236	460.9797005346719
K07391	21.894989343176128	25.22822174240135	22.67912061535055	21.06264215431826	17.72847388104485	36.567543854041354	41.015575394021326	25.55763638664904	34.266041057639086	24.694561270580888	24.94017593726046	31.91428404917504	26.578394872812563	30.551739168270252	30.36090234037356
K07393	51.24871131974193	51.59455875137719	81.54832731902644	69.2356157943927	51.75570600756642	44.46613332651429	34.64153327197747	59.740975053792134	43.58640422531692	54.68081424200053	41.13843453568736	41.06304547660522	51.48402363474881	43.861407716823635	45.20401015122285
K07397	91.18902155015114	79.09901102692753	79.13565491313808	88.21284783442202	93.5034025661559	90.39496840719023	90.89938330566888	92.00749099193655	79.77134358218379	80.25732412938788	80.21994734459035	83.18990042151627	82.52312813656488	86.96658426611582	85.17919823271471
K07400	152.5431125667436	132.40074267816647	160.20144775098686	163.70469397168154	154.40928864135836	173.76896839440454	147.98863013788775	249.18695476982813	231.63843754964023	301.9204098200782	628.3895875326244	472.11864203412944	452.390301541439	420.01079044696286	473.4614048301588
K07402	7.699336911886111	8.915236254833559	10.615758585908766	7.924558434297959	7.720464432067919	8.776210524969926	6.789740521307585	11.021730691742398	7.538529032680598	9.113469040333422	4.499516277340804	4.361618820053922	4.832435431420466	3.554286487397777	3.963784472215437
K07404	200.6639682660318	178.11503921890878	247.54018884414535	237.1111299946521	214.17140220810631	196.87965611015866	159.35105305109636	206.69738427702413	176.53864352895658	214.90147962850747	134.98548832022414	128.50818377134482	131.03334535197803	131.5842231504709	138.81679236737466
K07406	10.586588253843404	10.812095032457721	13.26969823238596	9.384345514300215	11.151781957431437	9.653831577466917	6.651174388219674	10.223054554659615	9.868619824600056	8.525503295795781	5.656534748657012	9.574285214752512	9.850733764049412	7.56231167531442	8.096240624099616
K07443	11.549005367829167	8.725550377071142	13.75223271356363	11.469755628589152	13.725270101454077	9.653831577466917	10.53102611468115	11.500936373992069	7.949721525372268	8.819486168064602	15.684028166730805	6.595618703496175	8.177967653173097	8.46978907635215	8.770927342774584
K07447	29.594326255062242	27.504452275550342	30.39967231419329	28.57011856575843	27.450540202908154	29.546575434065417	38.798517264614766	30.66916366397885	39.200350969939116	33.22006456637667	37.02459108211862	32.55256973015854	32.340144810275426	31.610462802814272	28.84285722335488
K07448	47.63964714229532	35.85063089709665	36.91388781009185	37.53738205720086	42.03363968570311	35.68992280154436	40.18417859549387	36.10016139614177	37.281452670711325	36.45387616133369	45.50939320510414	39.999236008299384	43.86364468520115	48.852533422531145	45.03533847155411
K07451	18.285925165729516	19.72733128729128	20.26644820946219	17.517444960027067	16.87064449970397	16.089719295778195	16.905068236725004	20.12663865448612	13.432288094594522	15.287109357978643	9.5132629863777	12.127427938686514	10.03659666525789	9.831005177908745	10.288972459793262
K07452	50.286294205756164	31.677541586323496	41.49796538127973	39.20571014863201	32.59751649095343	35.39738245071203	35.47293007050493	17.570875015821215	32.347142758411294	30.574218715957286	39.08151280890299	45.318283349828555	57.80336227583711	44.16390018383621	52.28822069731002
K07455	8.902358304368317	8.156492743783895	9.409422382964589	8.55018146858464	8.578293813408798	8.191129823305264	8.036835719098773	5.430997732162921	6.579079883066704	9.701434784871063	4.885189101112874	5.53180923519034	9.293145060423972	5.293618172720094	5.2288220697310015
K07458	6.977524076396788	8.725550377071142	8.444353420609247	8.758722480013533	10.008009448976932	7.606049121640602	7.482571186747133	11.820406828825181	10.691004809983395	7.643554678989322	7.970571691289425	6.595618703496175	7.062790245922219	7.56231167531442	6.915538866418422
K07459	51.72991987673481	48.55958470717854	42.94556882481274	38.37154610291643	57.760511676952575	62.31109472728647	61.24623082485617	56.86574096029412	51.8102540791503	64.97021477140923	56.822462702418164	57.232949394853904	64.68028962055085	54.44864406226382	53.468922454991215
K07460	17.08290377324731	15.174870220993292	21.47278441240637	21.68826518860494	21.445734533521996	16.96734034827519	18.013597301428284	19.807168199653006	17.818341349972325	19.990835314279764	19.0265259727554	19.57409421682736	22.303548145017537	23.594412426980988	26.650125387661234
K07461	12.03021392482205	8.535864499308726	10.374491345319932	8.967263491442427	8.29235068629517	6.728428069143609	6.651174388219674	8.945172735327164	7.675593196911155	4.409743084032301	4.113843453568736	10.850856576719513	10.222459566466371	9.679758944402456	11.132330858136973
K07462	86.61754025871876	93.70482361463358	83.9609997249148	91.75804502871321	91.78774380347414	82.78891928554962	83.69394438509757	101.91107509176305	102.52399484445614	97.30833072097944	99.76070374904184	94.25351889189695	92.55972480182277	107.68731825647733	95.29949901283923
K07470	87.33935309420808	74.35686408286713	84.92606868727013	110.52673605731364	101.50981012533744	90.10242805635791	83.97107665127339	105.7447205497604	89.09170674986163	84.37308434115135	79.70571691289426	76.5942817180201	73.97343468097483	75.4718705196379	85.85388495138967
K07471	10.586588253843404	9.673979765883225	14.717301675918973	14.597870800022557	12.009611338772316	8.776210524969926	12.193819711736069	11.181465919158954	8.22384985383338	5.8796574453764014	14.398452087490575	8.510475746446676	10.40832246767485	9.831005177908745	9.951629100455778
K07473	92.39204294263334	89.342048426098	96.74816347612308	98.43135739443781	85.21105187986073	89.51734735469324	79.53696039246027	74.43661597611533	74.28877701296153	67.02809487729098	72.50649086914896	93.18970942359111	88.6566038764447	84.09290582949635	87.70927342774584
K07478	56.78260972516007	52.163616384664444	62.48821531250842	57.34877814294576	58.90428418540708	58.50807016646617	54.59505643663649	49.83739095396563	59.21171894760034	51.74098551931233	61.193421371834944	52.33942584064707	53.90024135045904	59.439769767971335	54.98696757200989
K07479	107.30950820941268	106.03440566919063	103.50364621261048	107.60716189730913	94.93311820172403	71.0873052522564	88.95945744243814	90.7296091726041	81.69024188141158	77.90546115123732	90.50455597851219	88.08342397572311	91.07282159215494	85.45412193105294	90.07067694310823
K07480	12.648910640955753	14.416126709943626	13.235231483730411	13.67433203512317	13.725270101454075	10.531452629963912	12.78767456782711	14.421809103894816	12.022485262508798	12.683261060740524	13.48018345946184	11.519536813940324	12.585573596117039	11.45150053690469	10.216684597078087
K07481	1.7443810190991973	1.912665934104363	1.4677090469154166	1.6509496738120746	2.478173768318097	2.0721608183956772	2.471096040067726	1.4908621225545273	1.9188982992277888	2.0823786785708087	1.6712489030122988	1.1701904151364182	1.0532231068480502	1.172158309673735	1.040142024623909
K07482	0.0	0.0	0.0	0.0	0.0	0.0	0.0	0.0	0.0	0.0	0.0	0.0	0.0	0.0	0.0
K07483	1.4837263840613861	1.4068369267379197	0.5428512913248801	1.251246068573362	1.5726871991249463	1.5114584793003762	1.893737152201435	2.156425570123513	1.7361460802537136	1.0534386256299386	1.7141014389869733	1.312031677577196	1.843140436984088	1.5754815990238373	1.2509816242098364
K07490	9.3835668613612	7.777120988259062	10.374491345319932	12.929542708591407	17.156587626817597	18.137501751604514	15.519406905845907	30.03022275431262	16.995956364588988	20.284818186548584	104.90300806600276	104.67885168129413	93.86076511028213	100.72999151518806	104.23909803528255
K07491	10.345983975346963	11.950210299032218	11.822094788852946	12.095378662875833	10.865838830317811	9.946371928299248	7.205438920571313	10.861995464325842	9.320363167677831	9.995417657139882	7.456341259593334	8.510475746446676	9.107282159215494	8.621035309858438	9.951629100455778
K07495	25.504053520622744	29.02193929764967	26.53939646477192	23.148052268607195	18.58630326238573	18.430042102436843	24.94190395582378	25.877106841482153	24.671549561500143	19.990835314279764	28.539788959133105	28.722855644257535	31.96841900785847	32.366693970345715	29.180200582692365
K07496	48.84266853477752	48.938956462703366	58.14540498190938	61.51959837152363	44.893070956839374	40.66310876569399	39.075649530790585	47.60109777013384	47.698329152233605	36.74785903360251	41.395549751535405	49.36075932939073	54.08610425166752	50.36499575759403	41.83057655784801
K07497	2.4060427849644097	2.149773281307383	2.1110883551523116	1.807355432383745	2.0969162654999285	1.9258906429795115	2.0092089297746933	1.8103325773876404	1.5533938612796385	1.0534386256299386	1.414133687164253	1.5779840446536546	2.0135147630918606	1.9157856244129865	1.546157063630135
K07507	15.639278102268664	9.484293888120808	82.99593076255945	53.38649892579678	10.293952576090557	4.388105262484963	4.988380791164755	6.708879551495373	6.304951554605592	9.407451912602243	0.257115215848046	0.8510475746446677	0.3717258024169589	0.30249246701257676	0.84335839834371
K07552	63.27892524456398	68.0972301167074	59.35174118485356	60.26835230295027	57.18862542272532	60.84839297312482	56.25785003369141	66.44985460528751	62.775387217594805	71.43783796132328	83.819560366463	82.12609095321044	87.16970066677686	87.87406166715355	80.79373456132741
K07559	9.624171139857639	8.346178621546311	7.72055169884274	11.052673605731364	10.008009448976932	8.483670174137595	8.591100251450413	8.625702280494052	9.320363167677831	7.349571806720502	5.656534748657012	5.53180923519034	6.691064443505261	5.293618172720094	5.397493749399744
K07560	52.69233699072058	39.64434845234498	62.24694807191959	59.017106234376904	50.89787662622553	54.41250525481354	49.60667564547174	46.962156860467616	40.02273595532245	43.21548222351655	54.2513105439377	37.02056949704305	34.198773822360224	43.407669016304766	41.32456151884179
K07566	33.203390432508854	39.07529081905773	28.952068870660273	35.66051295434082	40.889867177248604	28.961494732400755	34.36440100580165	43.767452312136484	36.45906768532799	40.56963637309717	43.45247147831977	36.16952192239838	39.7746608586146	39.47526694514127	45.03533847155411
K07568	27.910096305587153	38.6959190635329	28.228267148893767	24.607839348609453	32.02563023672618	26.621171925742107	37.96712046608731	34.502809121976206	40.57099261224468	36.15989328906487	40.36708888814322	47.02037849911789	46.09399949970291	50.36499575759403	48.07142870559147
K07574	267.0707491310495	277.88981092193967	240.30217162648026	255.46273900039475	219.89026475037886	253.9250245224632	267.43263685966605	238.32495930550232	310.3132678179796	279.57771152764786	301.33903297390987	329.56817328114755	358.71539933236534	328.5068191756584	361.96942456912035
K07588	3.368459898950174	2.086544655386578	1.206336202944178	3.753738205720086	3.7172606524771457	2.047782455826316	3.048454927934017	1.9168227289986781	3.0154116130722395	3.2338115949570208	3.0853825901765517	2.3403808302728364	1.8586290120847946	3.478663370644633	1.68671679668742
K07589	133.53537456552476	123.48550642333291	142.58893918800186	138.4712315887854	129.24629345535922	149.7806596261534	135.51767815997587	128.74659329774454	138.98306252978412	144.63957315625947	166.0964294378377	141.6994211783372	145.90237744865638	144.28890676499913	153.49122849855522
K07591	0.0	0.18968587776241616	0.2412672405888356	0.41708202285778734	0.0	0.0	0.0	0.0	0.0	0.0	0.0	0.0	0.0	0.0	0.0
K07592	0.721812835489323	0.9484293888120807	0.4825344811776712	1.4597870800022557	1.1437725084545063	0.8776210524969925	0.5542645323516395	1.597352274165565	0.2741283284611127	0.2939828722688201	0.514230431696092	0.21276189366116693	0.5575887036254384	1.209969868050307	0.84335839834371
K07636	21.41378078618325	23.521048842539603	19.060112006518015	19.602855074316004	22.017620787749248	19.307663154933834	22.72484582641722	20.12663865448612	22.47852293381124	18.520920952935665	28.79690417498115	21.063427472455526	24.71976586072777	22.989427492955834	25.300751950311298
K07637	86.13633170172588	88.39361903728593	99.16083588201144	95.92886525729108	90.07208504079237	108.82501050962708	89.7908542409656	91.68802053710344	95.39665830446721	97.30833072097944	84.59090601400713	90.42380480599594	91.25868449336342	91.80646373831705	84.84185487337723
K07638	113.80582372881659	119.31241711255976	60.075542906620065	84.04202760584414	126.10091905710934	179.61977541105114	152.42274639670086	132.5802387557419	152.14122229591754	143.16965879491536	227.0327355938246	219.9957980456466	202.7764252184511	231.8604759651401	223.99599060008939
K07639	97.4447327910586	79.28869690468996	56.93906877896521	72.1551899543972	76.63275806645193	84.54416139054362	77.59703452922953	80.50655461794447	87.44693677909494	92.01663902014069	69.16399306312437	78.5091387609706	71.55721696526459	81.52171985988944	68.48070194550925
K07640	98.40714990504436	94.65325300344566	111.22419791145322	104.89612874873352	112.08970582854163	116.13851928043535	105.03312888063569	114.05095237542135	106.0876631144506	105.24586827223759	105.93146892939494	104.46608978763297	108.35807140454352	122.66069537359988	117.22681736977569
K07641	22.37619790016901	17.26141487637987	21.231517171817533	23.35659328003609	21.445734533521996	17.552421049939852	25.773300754351236	23.960284112483475	21.38200961996679	17.932955208398024	23.14036942632414	18.297522854860357	15.984209503929234	18.45204048776718	19.903258200911555
K07642	15.398673823772222	15.74392785428054	19.542646487695684	21.06264215431826	11.72366821165869	18.722582453269176	14.965142373494267	17.251404560988103	13.706416423055634	12.641263507559263	12.598645576554253	10.42533278939718	13.010403084593563	13.914653482578531	13.156391014161876
K07643	14.917465266779342	18.778901898479198	15.682370638274316	19.185773051458217	18.014417008158475	17.552421049939852	19.95352316465902	16.292993196488762	15.35118639382231	14.111177868903363	19.283641188603447	17.44647528021569	13.567991788219	16.334593218679146	14.843107810849295
K07644	22.616802178665452	21.24481830939061	17.12997408180733	19.185773051458217	22.303563914862874	33.349599994885715	31.315946077867633	17.890345470654328	30.428244459183507	37.33582477814015	60.422075724290806	73.82837710042493	77.8765556063529	67.7583126108172	66.62531346915308
K07645	18.526529444225957	16.882043120855037	19.542646487695684	19.394314062887112	21.159791406408367	19.015122804101505	16.905068236725004	15.334581831989425	15.899443050744535	19.696852442010943	17.998065109363218	19.148570429505025	19.329741725681863	21.023226457374086	22.264661716273945
K07646	44.75239580033802	44.38649539640538	46.323310193056436	47.338809594358864	46.89467284663476	43.5885122740173	40.46131086166969	48.240038679800065	37.007324342250214	38.80573913948425	40.62420410399127	42.552378732233386	37.54430604411285	37.35781967605323	40.1438597611606
K07647	23.098010735658335	35.85063089709665	30.88220679537096	37.328841045771966	28.308369584249032	26.036091224077445	30.761681545515994	25.877106841482153	29.879987802261283	18.226938080666844	11.827299929010115	10.212570895736013	13.93971759063596	13.158422315047089	12.144360936149424
K07648	173.47568479593394	175.0800651747101	171.78227529925095	187.6869102860043	195.01321269149335	177.86453330605715	192.32979272601892	191.04333199020158	169.95956364588986	204.31809622682994	116.73030799501288	109.57237523550097	122.66951479759645	115.40087616529804	114.8654138544133
K07657	19.48894655821172	20.29638892057853	20.507715450051027	24.816380360038345	24.305165804658262	31.00927718822707	25.773300754351236	22.682402293151025	24.671549561500143	29.69227009915083	36.25324543457448	29.999427006224536	28.437023884897357	25.711859696069027	30.36090234037356
K07659	270.4392090299997	348.0735856940336	162.6141201568752	226.05845638892075	375.4433259001917	440.27322800265796	467.52213303860793	407.6443003670522	419.1422142170413	407.1662780923158	586.994037781089	515.3093064473463	481.3849141299618	491.55025889543725	509.0511292402633
K07660	159.52063664314036	141.69535068852485	142.83020642859069	150.77515126309012	138.96835977722253	181.66755786687744	150.48282053347012	133.85812057507434	137.33829255901745	166.9822714486898	119.81569058518943	130.84856460161765	137.16682109185786	121.148233038537	128.69649158725014
K07661	115.73065795678812	110.96623849101344	91.19901694257986	98.22281638300892	119.23828400638229	127.54759296289625	125.81804884382217	113.41201146575511	128.56618604826184	154.92897368566818	109.78819716711564	128.08265998402248	126.57263572297451	123.26568030762503	128.02180486857517
K07662	151.09948689576495	144.92001061048595	169.3696028933626	158.90825070881698	155.8390042769265	157.97178944945867	144.66304294377792	172.19457515504791	134.59700927440633	164.0424427260016	188.20833800076966	163.4011343317762	169.1352400997163	151.85121844031354	170.02105310609193
K07663	30.075534812055125	21.813875942677857	23.161655096528218	27.31887249718507	29.738085219817165	23.40322806658647	21.616316761713943	28.43287048014706	21.38200961996679	24.694561270580888	29.054019390829197	27.0207604949682	23.604588453476893	26.316844630094177	31.37293241838601
K07664	34.16580754649462	30.729112197511416	26.78066370536075	35.66051295434082	34.59911838074882	40.078028064029326	29.930284746988534	32.266515938144416	32.073014429950184	33.51404743864549	38.0530519455108	33.19085541114204	32.526007711483906	32.82043267086458	29.51754394202985
K07665	24.541636406636982	22.19324769820269	17.371241322396163	20.228478108602687	27.73648333002178	29.839115784897746	35.19579780432911	27.79392957048083	27.138704517650154	43.50946509578537	89.47609511512	73.61561520676376	78.24828140876986	78.0430564892448	74.7215540932527
K07666	9.142962582864758	12.139896176794634	10.615758585908766	6.881853377153491	11.72366821165869	11.701614033293234	9.699629316153692	11.500936373992069	9.320363167677831	10.289400529408702	10.541723849769886	13.403999300653517	13.010403084593563	13.612161015565954	10.96365917846823
K07667	6.496315519403907	6.259633966159733	7.72055169884274	8.133099445726852	8.578293813408798	6.143347367478948	7.482571186747133	10.54252500949273	6.853208211527817	5.8796574453764014	5.656534748657012	8.084951959124343	7.248653147130699	7.411065441808131	8.770927342774584
K07673	40.180914508905644	37.17843204143357	47.770913636589455	44.62777644578325	48.3243884822029	43.00343157235263	38.798517264614766	38.33645457997356	38.926222641478	43.21548222351655	64.53591917785954	68.50932975889575	72.30066857009851	63.06967937212226	62.07117811809705
K07674	57.98563111764228	70.75283240538123	47.28837915541178	49.84130173150559	41.74769655858948	38.03024560820301	47.666749782241	53.67103641196299	44.95704586762248	37.62980765040897	18.51229554105931	22.978284515406028	24.34804005831081	22.989427492955834	23.276691794286396
K07675	14.195652431290018	13.467697321131547	11.580827548264109	12.51246068573362	12.867440720113198	11.409073682460903	12.47095197791189	16.612463651321878	14.802929736900085	14.405160741172184	18.255180325211263	15.318856343604018	11.895225677342685	17.695809320235742	15.349122849855522
K07676	430.68165850862937	396.63317040121217	400.50361937746715	413.3282846520672	378.302757171328	501.4141613266151	420.9639123210702	410.2000640057171	428.4625773847191	459.4952293561658	359.9613021872644	407.2262644674735	428.59985018675366	397.92884035504477	397.39047729955615
K07677	147.2498184398219	156.11147739846848	137.76359437622514	133.46624731449194	131.81978159938186	151.5359017311474	119.72113898795413	122.6766546559154	138.98306252978412	138.75991571088306	116.47319277916483	147.01846851986636	132.8919743640628	144.742645465518	135.61203045366855
K07678	76.03095200487535	69.2353453832819	67.31356012428513	68.81853377153492	61.47777232942972	75.7679508655737	70.66872787483403	62.935679602123265	74.28877701296153	80.5513070016567	74.82052781178137	74.89218656873076	75.64620079185114	75.92560922015677	72.86616561689654
K07679	266.5895405740566	224.39839339293832	186.49957697516993	194.1516816403	156.69683365826737	161.77481401027896	158.5196562525689	136.09441375890614	152.68947895283978	170.51006591591565	72.24937565330092	70.8497105891686	69.32686215076284	95.58761957597426	88.04661678708332
K07684	38.496684559430555	30.729112197511416	33.53614644184815	34.82634890862524	37.74449277899871	33.64214034571805	25.496168488175417	28.75234093498017	32.073014429950184	39.68768775629071	62.22188223522713	74.0411389940861	70.07031375559676	62.464694438097105	59.37243124339718
K07685	62.797716687571096	81.18555568231412	75.03411182312787	79.2455843429796	92.3596300577014	107.36230875546542	110.85290647032791	88.49331598877231	91.83299003447276	91.42867327560305	44.22381712586391	24.4676177710342	33.82704801994326	38.87028201111612	43.85463671387292
K07686	42.346353015373616	46.85241180731679	45.84077571187877	37.74592306862975	44.893070956839374	39.78548771319699	47.94388204841682	46.003745495968275	53.72915237837809	42.03955073444127	38.0530519455108	33.19085541114204	32.71187061269239	35.69411110748406	34.915037691429596
K07687	464.3662574981311	428.6900837430605	410.878110722787	441.272780183539	406.611126755577	530.6681964098482	430.3864093710481	407.32482991221906	455.6012819023693	513.5880778536286	467.17834719589956	529.5643533226445	528.5940910369156	493.36521369751273	512.5932345133069
K07688	0.9624171139857639	1.7071728998617453	1.930137924710685	2.29395112571783	2.2875450169090126	2.047782455826316	1.9399258632307383	1.277881819332452	1.0965133138444507	3.2338115949570208	1.5426912950882758	0.42552378732233387	1.3010403084593563	0.9074774010377303	1.180701757681194
K07689	215.82203781130755	196.89394111738795	182.39803388515972	207.4983063717492	202.44773399644762	213.84699645843386	198.70383484806277	199.0300933610294	189.14854663816774	193.4407299528836	203.6352509516524	209.7832271499106	223.5930701538008	241.69148114304883	222.30927380340196
K07690	244.93515550937693	224.77776514846315	190.11858558400246	188.10399230886208	148.69042609908584	150.9508210294827	147.1572333393603	144.72011603940018	137.33829255901745	158.45676815289403	66.07861047294782	61.913711055399574	66.1671928302187	81.37047362638314	79.78170448331497
K07700	19.9701551152046	17.26141487637987	17.612508562985	19.602855074316004	21.731677660635622	17.25988069910752	19.399258632307383	15.654052286822537	14.802929736900085	13.523212124365724	15.169797735034713	13.19123740699235	15.054894997886837	15.729608284653992	14.843107810849295
K07701	58.7074439531316	50.07707172927786	45.59950847128993	47.338809594358864	40.31798092302135	43.5885122740173	41.292707660197145	37.05857276064111	44.408789210700256	43.80344796805419	39.08151280890299	45.53104524348972	42.748467277950276	44.76888511786136	41.66190487817927
K07702	9.624171139857639	13.467697321131547	8.20308618002041	11.469755628589152	11.437725084545065	10.23891227913158	8.868232517626232	14.056700012656972	14.802929736900085	10.877366273946343	9.770378202225748	9.78704710841368	12.452814380968125	10.28474387842761	10.12030078012452
K07703	37.053058888451915	32.62597097513558	35.948818847736504	38.37154610291643	31.453743982498924	34.22722104738271	29.930284746988534	29.71075229947951	34.81429771456131	38.21777339494661	26.22575201650069	32.55256973015854	28.622886786105838	26.165598396587892	28.168170504679914
K07708	55.09837977568499	46.28335417402954	58.86920670367589	72.572271977255	70.62795239706577	101.21896138798647	69.56019881013076	86.25702280494052	80.31960023910602	93.48655338148478	87.67628860418368	76.80704361168127	76.76137819910201	75.01813181911903	71.17944882020912
K07709	5.774502683914584	5.311204577347652	4.584077571187876	6.047689331437916	9.15018006763605	3.51048420998797	6.096909855868034	5.111527277329808	5.208438240761141	6.4676231899140415	5.14230431696092	4.042475979562171	5.575887036254384	5.444864406226382	4.722807030724776
K07710	14.195652431290018	14.605812587706044	15.92363787886315	17.517444960027067	12.58149759299957	11.701614033293234	12.193819711736069	13.098288648157633	10.965133138444507	10.583383401677523	7.456341259593334	6.382856809835008	8.363830554381575	8.46978907635215	9.782957420787035
K07711	40.66212306589853	42.86900837430605	43.669370546579245	40.456956217205374	46.608729719521136	34.51976139821504	42.67836899107624	41.21168867347158	38.37796598455578	32.63209882183903	39.595743240599084	31.701522155513874	38.84534635257221	35.84535734099035	36.77042616778576
K07712	95.27929428459063	77.77120988259063	93.37042210787938	103.01925964587348	130.1041228367001	158.84941050195565	112.238567801207	113.092541010922	121.98710616519514	146.6974532621412	105.93146892939494	100.84913759539313	99.06492634411956	99.21752918012518	98.16691756720785
K07713	9.624171139857639	6.6390057216845655	8.444353420609247	8.341640457155746	8.578293813408798	8.776210524969926	7.205438920571313	7.347820461161599	10.14274815306117	12.641263507559263	9.256147770529655	7.2339043844796755	8.921419258007015	10.738482578946476	10.457644139462003
K07714	11.308401089332726	11.760524421269801	12.787163751208288	9.17580450287132	9.15018006763605	10.23891227913158	8.313967985274592	10.54252500949273	11.513389795366733	11.759314890752803	8.484802122985517	10.212570895736013	10.40832246767485	10.435990111933899	9.445614061449552
K07715	25.985262077615626	24.659164109114098	23.402922337117054	25.442003394325027	24.877052058885514	28.668954381568422	20.784919963186482	25.877106841482153	28.50934615995572	27.046424248731448	32.39651719685379	32.127045942836205	30.109789995773674	27.22432203113191	29.34887226236111
K07722	23.579219292651217	20.486074798340944	19.542646487695684	18.76869102860043	21.731677660635622	27.79133332907143	23.8333748911205	31.627575028478187	21.930266276889014	29.986252971419646	21.08344769953977	19.57409421682736	17.47111271359707	24.955628528537584	19.56591484157407
K07724	6.496315519403907	8.156492743783895	8.20308618002041	5.839148320009023	5.146976288045279	5.850807016646617	5.819777589692215	8.306231825660939	6.853208211527817	7.937537551258142	8.227686907137471	8.510475746446676	7.992104751964617	8.46978907635215	7.927568944430874
K07726	340.9362626294569	248.48849986876516	492.1851708012247	446.9033874921191	326.5470511637616	257.1429683816188	192.05266045984308	287.84287980463483	167.76653701820098	171.68599740499093	207.74909440522114	212.12360798018344	199.80261879911544	224.60065675683825	209.15288278924007
K07733	1.684229949475087	1.327801144336913	2.412672405888356	1.4597870800022557	0.8578293813408798	2.340322806658647	1.9399258632307383	0.9584113644993391	2.1930266276889014	1.1759314890752803	1.5426912950882758	1.0638094683058346	2.2303548145017538	1.0587236345440187	1.349373437349936
K07735	53.89535838320278	56.336705695437594	55.73273257602103	52.760875891510096	70.9138955241794	73.42762805891505	64.84895028514183	67.40826596978684	66.61318381605038	76.1415639176244	64.53591917785954	66.38171082228408	59.66199128792191	57.01983003187072	58.52907284505347
K07738	54.85777549718855	62.2169679060725	48.97724983953363	55.888991062943504	67.76852112592951	78.10827367223234	75.10284413364715	62.935679602123265	75.6594186552671	75.55359817308675	71.73514522160482	54.0415209899364	57.98922517704559	57.01983003187072	59.37243124339718
K07740	79.15880762532909	108.69000795786445	98.67830140083376	95.5117832344333	82.92350686295171	155.6314666428	96.44202862918527	108.61995464325842	101.15335320215058	109.9495942285387	136.78529483116046	149.9971350311227	147.94686936194967	143.2301831304551	137.8047622893622
K07749	7.699336911886111	17.640786631904703	8.444353420609247	10.635591582873577	12.867440720113198	14.334477190784211	10.53102611468115	17.251404560988103	11.513389795366733	13.523212124365724	7.199226043745288	6.808380597157342	9.850733764049412	7.713557908820707	10.12030078012452
K07751	74.82793061239315	78.15058163811545	52.596258448366164	65.06479556581482	84.35322249851984	104.72944559797445	94.50210276595453	95.8411364499339	111.29610135521175	108.77366273946343	211.34870742709379	174.46475280215688	161.88658695258562	175.5968771008008	175.24987517582292
K07757	32.000369040026655	34.143457997234904	52.837525688955	53.80358094865456	48.89627473643015	51.1945613956579	51.82373377487829	60.06044550862524	47.150072495311385	63.206317537796316	77.39167997026183	83.18990042151627	83.45244264260728	71.53946844847441	82.48045135801483
K07771	16.601695216254427	16.31298548756779	22.920387855939385	17.517444960027067	14.29715635568133	12.871775436622558	15.519406905845907	19.16822728998678	16.173571379205647	20.284818186548584	17.74094989351517	17.44647528021569	18.958015923264906	16.9395781527043	18.55388476356162
K07772	20.932572229190367	19.917017165053696	20.507715450051027	20.228478108602687	22.87545016909013	15.212098243281204	22.17058129406558	23.001872747984137	20.55962463458345	18.520920952935665	17.998065109363218	17.871999067538024	22.303548145017537	20.418241523348932	19.56591484157407
K07773	300.99595239904767	339.5377211947249	549.3655068207787	458.3731431207083	346.2771269346018	328.23027363387524	306.50828639045665	333.8466253006031	316.8923477010463	376.00409363182087	300.8248025422138	262.9737005652023	308.34655310486744	269.82328057521846	274.0914794617057
K07780	20.932572229190367	9.673979765883225	70.20876701135117	41.49966127434984	7.148578177840665	5.265726314981955	7.205438920571313	4.1531159128304695	6.579079883066704	4.997708828569941	6.684995612049195	4.255237873223338	4.646572530211986	5.142371939213805	4.21679199171855
K07781	26.225866356112068	14.226440832181211	26.056861983594246	18.35160900574264	15.726871991249462	19.307663154933834	13.02521651026353	12.459347738491408	11.787518123827846	10.583383401677523	7.970571691289425	7.021142490818509	5.761749937462864	5.59611063973267	7.59022558509339
K07782	21.894989343176128	24.659164109114098	23.161655096528218	24.190757325751665	29.166198965589913	33.349599994885715	29.098887948461076	31.627575028478187	28.50934615995572	37.33582477814015	32.39651719685379	34.46742677310904	34.198773822360224	33.274171371383446	32.553634176067206
K07783	7.699336911886111	9.294608010358392	6.755482736487397	7.090394388582385	4.289146906704399	9.653831577466917	7.205438920571313	6.069938641829147	6.304951554605592	8.231520423526963	11.827299929010115	8.723237640107845	10.594185368883329	10.738482578946476	12.313032615818166
K07784	6.015106962411025	5.311204577347652	3.3777413682436985	3.128115171433405	6.862635050727039	5.558266665814286	3.8798517264614767	1.597352274165565	3.289539941533352	3.2338115949570208	3.599613021872644	1.9148570429505023	3.9031209253780688	2.268693502594326	1.518045117018678
K07786	2.646647063460851	4.742146944060404	3.136474127654863	5.422066297151235	4.0032037795907724	4.973185964149624	5.542645323516395	3.8336454579973562	3.8377965984555775	4.409743084032301	2.57115215848046	0.8510475746446677	2.6020806169187125	1.966201035581749	2.867418554368614
K07787	14.6768609882829	12.139896176794634	18.336310284751505	16.4747399028826	13.725270101454077	14.04193683995188	13.579481042615168	7.347820461161599	18.09246967843344	65.55818051594687	164.2966229269014	191.91122808237256	242.5510860770657	232.9191995996841	197.68320857176562
K07788	25.504053520622744	28.452881664362422	28.710801630071437	31.90677474862073	21.159791406408367	31.88689824072406	21.0620522293623	24.599225022149703	29.057602816877946	35.27794467225841	27.768443311588968	24.680379664695366	30.85324160060759	30.400492934763964	33.228320894742176
K07789	23.579219292651217	20.29638892057853	30.158405073604452	25.233462382896132	22.5895070419765	19.892743856598496	17.182200502900827	22.043461383484797	16.721828036127874	15.875075102516284	22.36902377878	24.680379664695366	25.277354564353207	24.955628528537584	22.602005075611427
K07791	421.29809164726817	368.749346370137	252.6068008965109	270.2691508118462	371.7260652477146	391.12644906282634	428.7236157739932	351.0980298615912	375.8299383201855	444.50210287045593	384.90147812452483	340.4190298578671	347.3777623586481	344.6901661608312	330.7651638304031
K07792	20.451363672197484	19.917017165053696	15.92363787886315	13.763706754306982	17.442530753931223	14.627017541616542	22.4477135602414	11.181465919158954	18.640726335355662	19.108886697473306	1.799806510936322	1.2765713619670016	2.416217715710233	2.5711859696069026	1.518045117018678
K07796	7.21812835489323	8.346178621546311	7.72055169884274	7.507476411440172	11.72366821165869	18.137501751604514	12.748084244087709	6.069938641829147	9.594491496138945	44.68539658486065	312.3949872553759	363.82283816059544	429.3433017915876	402.91996606075224	328.9097753540469
K07797	4.0902727344394965	9.294608010358392	5.066612052365548	6.047689331437916	2.859431271136266	6.728428069143609	3.8798517264614767	5.111527277329808	6.853208211527817	2.0578801058817406	2.3140369426324137	2.553142723934003	2.6020806169187125	2.722432203113191	3.036090234037356
K07798	6.015106962411025	3.2246599219610745	6.272948255309726	5.422066297151235	8.29235068629517	12.871775436622558	8.036835719098773	2.875234093498017	8.772106510755606	54.68081424200053	206.20640311013287	207.01732253231543	296.6371903287332	248.6488078843381	211.17694294526498
K07799	20.932572229190367	20.29638892057853	24.609258540061234	20.854101142889366	19.444132643726608	21.355445610760153	19.399258632307383	20.44610910931923	20.833752963044564	19.696852442010943	25.197291153108505	20.21237989781086	16.541798207554674	20.418241523348932	20.915288278924006
K07802	0.0	0.0	0.0	0.0	0.0	0.0	0.0	0.0	0.0	0.0	0.0	0.0	0.0	0.0	0.0
K07803	18.526529444225957	8.535864499308726	4.825344811776712	6.464771354295704	16.298758245476716	10.23891227913158	10.808158380856971	12.77881819332452	12.884031437672297	12.641263507559263	3.3424978060245976	3.404190298578671	3.9031209253780688	3.932402071163498	3.204761913706098
K07806	16.601695216254427	20.675760676103362	33.29487920125931	30.446987668618476	22.303563914862874	19.015122804101505	17.459332769076646	27.154988660814606	20.833752963044564	20.284818186548584	16.455373814274942	10.850856576719513	17.47111271359707	13.763407249072243	12.650375975155649
K07810	5.052689848425261	4.362775188535571	7.238017217665068	3.5451971942911924	6.004805669386158	9.068750875802257	8.313967985274592	2.875234093498017	5.482566569222254	54.386831369731716	218.29081825499105	218.93198857734077	307.9748273024505	257.72358189471544	242.04386032464475
K07811	12.270818203318491	13.088325565606715	11.339560307675274	8.967263491442427	14.583099482794957	9.946371928299248	14.133745574966808	13.098288648157633	11.23926146690562	11.465332018483982	7.456341259593334	5.106285447868006	7.620378949547658	6.3523418072641125	7.7588972647621315
K07812	17.32350805174375	19.917017165053696	18.57757752534034	17.10036293716928	18.3003601352721	15.797178944945866	19.122126366131564	20.12663865448612	20.55962463458345	22.048715420161507	13.627106439946438	12.765713619670016	16.170072405137713	14.217145949591108	14.33709277184307
K07821	1.684229949475087	2.46591641091141	2.8952068870660272	2.7110331485756176	2.2875450169090126	4.973185964149624	2.7713226617581976	1.277881819332452	2.1930266276889014	1.7638972336129204	1.799806510936322	1.2765713619670016	1.3010403084593563	0.9074774010377303	1.68671679668742
K07862	73.3843049414145	66.39005721684565	410.63684348219823	211.87766761175595	67.48257799881588	68.16190174393309	59.02917269544961	65.17197278595505	69.08033877220039	81.13927274619434	67.87841698388414	55.743616139225736	65.98132992901022	55.80986016382042	51.950877337972535
K08092	1.684229949475087	1.327801144336913	0.4825344811776712	2.29395112571783	0.8578293813408798	0.8776210524969925	1.108529064703279	1.9168227289986781	1.3706416423055634	0.8819486168064602	1.799806510936322	1.2765713619670016	1.1151774072508769	1.6637085685691722	0.674686718674968
K08137	24.0604278496441	24.09010647582685	58.62793946308705	42.333825320065415	33.74128899940794	25.158470171580454	27.713226617581977	29.071811389813284	27.961089503033495	27.634389993269085	27.768443311588968	21.063427472455526	23.97631425589385	23.745658660487276	23.78270683329262
K08138	23.81982357114766	27.504452275550342	29.917137833015616	31.69823373719184	28.022426457135406	35.982463152376695	24.94190395582378	30.66916366397885	31.52475777302796	23.812612653774426	23.14036942632414	18.72304664218269	22.303548145017537	17.544563086729454	17.54185468554917
K08154	1.443625670978646	1.138115266574497	0.9650689623553425	1.4597870800022557	1.429715635568133	0.0	1.108529064703279	1.9168227289986781	1.9188982992277888	1.4699143613441004	1.028460863392184	0.8510475746446677	1.1151774072508769	0.9074774010377303	0.84335839834371
K08156	25.02284496362986	22.382933575965104	25.81559474300541	29.195741600045114	21.159791406408367	17.25988069910752	19.122126366131564	15.01511137715631	18.640726335355662	17.051006591591563	18.255180325211263	22.12723694076136	19.329741725681863	22.23319632542439	18.891228122899104
K08159	40.180914508905644	44.38649539640538	44.63443950893459	42.12528430863652	47.75250222797564	83.37399998721429	59.58343722780125	68.04720687945307	64.42015718836149	84.07910146888254	44.99516277340805	42.76514062589455	41.81915277190788	44.92013135136765	46.04736854956656
K08160	23.098010735658335	19.917017165053696	20.9902499312287	20.645560131460474	20.587905152181115	27.4987929782391	25.773300754351236	28.75234093498017	23.026779590733465	23.812612653774426	29.825365038373334	29.78666511256337	28.0652980824804	31.307970335801695	30.5295740200423
K08161	14.43625670978646	17.451100754142285	13.028430991797123	16.266198891453705	15.726871991249462	9.361291226634588	13.579481042615168	15.97352274165565	17.54421302151121	12.053297763021623	11.313069497314023	11.914666045025347	10.965911171300288	11.645959979984205	12.481704295486908
K08162	6.736919797900348	9.484293888120808	5.066612052365548	7.716017422869066	6.862635050727039	4.973185964149624	4.156983992637296	5.111527277329808	5.208438240761141	6.173640317645222	4.628073885264827	5.957333022512674	7.062790245922219	6.806080507782977	5.397493749399744
K08163	2.646647063460851	6.069948088397317	2.412672405888356	3.753738205720086	3.7172606524771457	3.803024560820301	4.711248524988936	5.750468186996034	4.934309912300028	5.8796574453764014	3.3424978060245976	5.319047341529173	5.9476128386713425	5.142371939213805	4.554135351056034
K08169	12.992631038807813	17.830472509667118	7.479284458253904	14.18078877716477	20.587905152181115	15.797178944945866	17.459332769076646	21.723990928651684	18.640726335355662	19.108886697473306	24.683060721412414	19.57409421682736	21.00250783655818	18.75453295477976	22.602005075611427
K08172	54.85777549718855	44.95555302969263	65.14215495898561	59.85127028009248	54.32919415158906	61.14093332395715	52.655130573405756	58.46309323445968	57.01869231991144	64.08826615460278	106.44569936109103	109.14685144817864	95.9052570235754	90.74774010377303	90.57669198211445
K08173	4.330877012935938	6.259633966159733	8.444353420609247	8.341640457155746	5.718862542272532	3.2179438591556395	6.651174388219674	6.38940909666226	4.934309912300028	4.115760211763481	2.57115215848046	1.4893332556281684	3.159669320544151	3.3274171371383443	2.867418554368614
K08177	216.78445492529332	197.4629987506752	14.958568916507808	23.148052268607195	1451.4473132287685	141.88207015368047	1403.674928180527	726.475814290499	503.0254827261418	505.0625745578329	19.797871620299542	19.148570429505025	19.8873304293073	24.048151127499853	14.843107810849295
K08191	12.752026760311372	14.036754954418795	12.06336202944178	11.469755628589152	15.440928864135836	9.361291226634588	8.313967985274592	15.334581831989425	10.965133138444507	13.523212124365724	8.999032554681609	10.42533278939718	9.850733764049412	11.343467512971628	11.301002537805713
K08194	4.571481291432379	3.4143457997234905	2.1714051652995203	2.9195741600045113	4.575090033818025	2.047782455826316	3.6027194602856567	4.1531159128304695	1.9188982992277888	2.3518629781505607	2.3140369426324137	3.404190298578671	3.5313951229611096	4.234894538176075	4.048120312049808
K08218	36.57185033145903	37.93717555248323	30.88220679537096	35.86905396576971	37.458549651885086	41.24818946735865	41.292707660197145	36.739102305808	48.24658580915583	55.56276285880699	60.422075724290806	73.61561520676376	78.06241850756138	77.43807155521965	69.99874706252793
K08219	62.07590385208177	73.21874881629263	42.22176710304623	48.38151465150333	29.166198965589913	43.5885122740173	49.32954337929592	37.69751367030734	64.69428551682259	63.79428328233396	50.65169752206506	55.3180923519034	56.874047769794714	62.76718690510968	60.38446132140964
K08223	43.06816585086294	39.07529081905773	20.025180968873357	26.69324946289839	43.74929844838487	52.07218244815489	52.932262839581576	37.37804321547422	44.134660882239146	54.092848497462896	61.96476701937908	53.4032353089529	56.688184868586234	54.59989029577011	53.30025077532247
K08224	18.7671337227224	16.692357243092623	13.510965472974794	15.84911686859592	10.008009448976932	13.74939648911955	9.145364783802052	12.459347738491408	10.14274815306117	16.463040847053925	32.39651719685379	26.3824748139847	25.834943267978645	21.476965157892952	25.806766989317527
K08225	1.2030213924822049	2.655602288673826	0.4825344811776712	1.876869102860043	0.8578293813408798	1.4627017541616543	2.7713226617581976	0.638940909666226	2.1930266276889014	1.1759314890752803	45.766508420952185	50.2118069040354	31.03910450181607	40.68523681319157	35.92706776944205
K08227	32.72218187551597	28.263195786600008	29.67587059242678	29.195741600045114	36.02883401631695	28.376414030736093	26.05043302052706	30.988634118811962	26.316319532266817	26.164475631924986	24.683060721412414	25.1059034520177	25.277354564353207	31.610462802814272	26.650125387661234
K08234	22.857406457161893	28.263195786600008	27.98699990830493	22.10534721146273	22.87545016909013	28.668954381568422	20.230655430834844	20.44610910931923	23.30090791919458	30.574218715957286	19.540756404451496	21.701713153439027	20.259056231724262	21.023226457374086	17.204511326211684
K08276	55.338984054181424	71.7012617941933	65.14215495898561	63.39646747438368	72.0576680326339	90.39496840719023	73.71718280276805	83.06231825660939	77.30418862603378	87.31291306383956	8.741917338833563	10.42533278939718	13.93971759063596	13.460914782059666	12.481704295486908
K08277	37.053058888451915	25.98696525345101	38.12022401303603	36.911759022914175	18.3003601352721	18.430042102436843	22.72484582641722	13.417759102990747	21.6561379484279	15.287109357978643	26.997097664044826	34.041902985786706	26.206669070395606	33.57666383839602	33.7343359337484
K08278	8.180545468878993	6.828691599446981	8.685620661198081	9.17580450287132	2.859431271136266	1.755242104993985	2.217058129406558	2.555763638664904	0.5482566569222254	1.7638972336129204	1.28557607924023	6.382856809835008	5.761749937462864	8.318542842845861	7.59022558509339
K08279	2.165438506467969	0.5690576332872485	1.930137924710685	2.29395112571783	2.859431271136266	2.340322806658647	1.6627935970549186	3.19470454833113	1.0965133138444507	0.0	3.0853825901765517	2.127618936611669	2.044491913293274	2.1174472690880375	1.68671679668742
K08280	101.05379696850521	90.85953544819733	130.52557715856005	120.53670460590054	86.06888126120161	95.36815437133986	78.70556359393281	72.51979324711665	66.61318381605038	84.07910146888254	97.18955159056138	94.67904267921928	106.31357949125025	99.67126788064405	101.37167948091394
K08281	30.316139090551566	22.19324769820269	33.29487920125931	29.195741600045114	28.880255838476288	32.17943859155639	26.604697552878697	30.03022275431262	35.63668269994465	36.45387616133369	39.33862802475104	30.42495079354687	31.41083030423303	30.70298540177654	36.09573944911079
K08289	228.3334602931225	242.039180024843	176.60762011102767	180.17943387456413	238.7625111398782	278.20587364154665	290.4346149522591	236.0886661216705	279.6108950303349	298.3926153528524	274.084820094017	259.3567483729625	227.68205398038734	237.91032530539164	235.97167985657006
K08296	227.37104317913673	303.87677617539066	203.62955105697725	219.17660301176724	238.47656801276457	222.33066663257145	286.27763095962183	231.93555020884006	304.00831626337396	315.73760481671275	224.7186986511922	237.65503521952346	227.86791688159582	233.52418453370927	244.2365921603384
K08297	22.37619790016901	22.572619453727523	27.50446542712726	29.195741600045114	20.30196202506749	15.797178944945866	20.784919963186482	20.12663865448612	19.737239649200113	21.460749675623866	10.541723849769886	10.850856576719513	11.895225677342685	14.519638416603685	11.80701757681194
K08298	9.3835668613612	9.104922132595975	8.685620661198081	8.55018146858464	10.008009448976932	4.973185964149624	7.205438920571313	8.945172735327164	8.497978182294494	8.525503295795781	2.57115215848046	4.89352355420684	5.9476128386713425	5.293618172720094	5.90350878840597
K08299	1.684229949475087	0.5690576332872485	1.206336202944178	0.625623034286681	2.0016018897953862	1.755242104993985	1.9399258632307383	0.638940909666226	1.3706416423055634	0.5879657445376402	0.7713456475441379	0.0	0.5575887036254384	0.6049849340251535	0.168671679668742
K08300	448.9675836743589	454.67704899651153	524.5149810401286	490.07137685790013	497.25509805059664	563.4327157030692	547.6133579634198	506.99961182015034	560.0441750460532	571.796686562855	720.951065237921	661.0512036052456	675.4257829916144	652.0225126456093	645.8438614516131
K08301	148.69344411080053	129.3657686339678	123.287559940895	123.24773775447616	139.54024603144978	148.61049822282408	135.24054589380003	123.63506602041474	135.69352258825077	137.58398422180778	184.86584019474506	189.57084725209972	197.3864010834052	187.39408331429132	187.05689275263487
K08302	839.9495362310755	557.1074229882163	812.7086999234928	724.78428522112	679.2578984584201	275.1341999578072	553.2945694200241	423.937293563541	405.43579779398567	461.25912658977865	343.6344859809135	316.37693587415527	347.19189945743966	328.88493475942414	321.48822144862226
K08303	56.30140116816719	82.13398507112619	56.69780153837637	57.55731915437465	65.76691923613411	72.84254735725038	84.80247344980084	80.8260250727776	98.68619824600057	92.89858763694714	85.87648209324736	94.25351889189695	88.47074097523623	84.6978907635215	93.61278221615181
K08304	93.83566861361199	104.5169186470913	81.78959455961527	83.41640457155746	83.78133624429259	93.9054526171782	109.74437740562462	79.22867279861202	98.41206991753945	102.60002242181821	96.1610907271692	127.86989809036133	114.11982134200639	116.76209226685464	117.22681736977569
K08305	45.233604357330904	53.87078928452619	58.38667222249822	47.547350605787756	48.610331609316525	45.34375437901128	41.84697219254878	56.86574096029412	54.0032807068392	52.62293413611879	51.937273601305286	47.65866418010139	44.607096290035074	47.34007108746827	49.589473822610145
K08306	35.368828938976826	37.74748967472081	33.29487920125931	36.49467700005639	36.886663397657834	41.24818946735865	41.84697219254878	37.69751367030734	41.39337759762802	51.44700264704351	49.62323665867287	48.722473648407224	55.015418757709924	51.27247315863176	55.49298261101612
K08307	630.3832096606753	931.7370315689882	640.8057910039474	661.2835472410218	1065.7100347524863	1331.9362173396023	1354.622517067407	1257.435710223133	1484.9531552738474	1454.9212348583906	994.5216549002419	1040.6184218967674	967.7881265925525	987.7891510295694	1014.2228098481456
K08308	78.6775990683362	82.3236709488886	59.83427566603123	61.51959837152363	70.62795239706577	111.45787366711805	90.89938330566888	72.51979324711665	98.13794158907834	94.95646774282888	94.61839943208092	104.2533278939718	99.99424085016194	101.18373021570693	104.57644139462003
K08309	110.67796810836285	116.08775719059868	125.21769786560569	118.03421246875381	135.53704225185902	113.50565612294437	99.21335129094348	135.77494330407302	102.24986651599504	102.60002242181821	102.3318559075223	92.55142374260761	83.2665797413988	96.04135827649313	93.44411053648307
K08310	119.58032641273117	105.08597628037855	99.16083588201144	101.976554588729	134.6792128705181	133.6909403303752	124.43238751294307	120.12089101725049	140.0795758436286	154.04702506886173	151.95509256619516	127.86989809036133	126.94436152539147	135.3653789881281	130.55188006360632
K08311	151.34009117426137	122.157705278996	138.2461288574028	119.91108157161386	118.66639775215504	121.11170524458497	126.64944564234963	117.24565692375248	122.80949115057848	129.058480926012	141.67048393227333	154.89065858532953	157.05415152116515	140.6589971608482	146.06967459313057
K08312	63.27892524456398	80.04744041573962	54.043861891899176	61.93668039438142	59.190227312520705	78.98589472472933	73.99431506894388	68.36667733428618	71.54749372835042	84.961050085689	86.39071252494345	99.57256623342613	103.52563597312306	108.74604189102135	95.29949901283923
K08313	8.661754025871875	8.156492743783895	7.479284458253904	10.84413259430247	12.867440720113198	12.286694734957896	8.868232517626232	10.223054554659615	10.14274815306117	10.289400529408702	8.741917338833563	7.2339043844796755	4.832435431420466	9.22602024388359	4.891478710393518
K08314	3.8496684559430556	3.4143457997234905	3.619008608832534	2.9195741600045113	2.2875450169090126	2.047782455826316	1.9399258632307383	3.19470454833113	1.644769970766676	2.6458458504193807	2.056921726784368	2.553142723934003	2.787943518127192	3.78115583765721	2.361403515362388
K08315	39.9403102304092	26.935394642263095	37.87895677244719	38.16300509148754	25.16299518599914	24.86592982074812	21.893449027889762	30.988634118811962	21.107881291505677	20.284818186548584	20.56921726784368	23.616570196389528	20.8166449353497	22.535688792436968	20.40927323991778
K08316	21.894989343176128	25.03853586463893	28.952068870660273	26.067626428611707	23.44733642331738	23.98830876825113	24.387639423472137	24.599225022149703	25.219806218422367	27.046424248731448	27.254212879892876	28.722855644257535	31.03910450181607	30.400492934763964	28.5055138640174
K08317	38.737288837927	41.54120722996914	27.021930945949588	39.6227921714898	43.74929844838487	142.75969120617745	81.75401852186683	45.36480458630205	92.10711836293386	117.59314890752803	55.27977140732989	49.36075932939073	46.651588203328345	46.8863323869494	54.312280853334926
K08318	2.165438506467969	2.276230533148994	1.6888706841218493	2.502492137146724	2.0016018897953862	1.755242104993985	1.108529064703279	1.597352274165565	2.1930266276889014	0.8819486168064602	0.7713456475441379	1.7020951492893355	1.8586290120847946	0.9074774010377303	0.506015039006226
K08319	6.496315519403907	8.346178621546311	4.584077571187876	5.2135252857223415	5.718862542272532	4.680645613317294	6.928306654395494	4.792056822496695	3.8377965984555775	4.115760211763481	4.3709586694167815	7.2339043844796755	6.8769273447137405	4.991125705707517	5.90350878840597
K08320	8.902358304368317	10.243037399170472	11.339560307675274	9.17580450287132	9.436123194749678	9.361291226634588	11.08529064703279	13.098288648157633	6.304951554605592	7.349571806720502	8.227686907137471	12.765713619670016	10.78004827009181	12.25094491400936	11.132330858136973
K08321	4.330877012935938	6.828691599446981	8.20308618002041	5.2135252857223415	8.864236940522424	4.680645613317294	7.482571186747133	8.306231825660939	7.675593196911155	7.349571806720502	3.599613021872644	4.467999766884506	5.204161233837425	4.0836483046697865	3.036090234037356
K08322	17.08290377324731	16.502671365330205	10.374491345319932	13.138083720020301	13.725270101454077	10.23891227913158	16.627935970549185	11.181465919158954	12.061646452288958	12.935246379828083	12.341530360706207	15.95714202458752	13.753854689427481	17.09082438621059	16.192481248199233
K08323	11.067796810836285	10.243037399170472	6.755482736487397	4.58790225143566	10.293952576090557	5.265726314981955	10.808158380856971	9.264643190160278	11.23926146690562	7.055588934451682	14.398452087490575	14.680570662620518	15.426620800303795	12.855929848034513	13.999749412505587
K08324	36.57185033145903	42.679322496543634	40.29162917833555	39.20571014863201	48.3243884822029	54.70504560564587	46.00395618518608	46.6426864056345	54.551537363761426	56.15072860334463	45.50939320510414	39.360950327315884	40.518112463448524	35.54286487397777	40.31253144082934
K08325	60.15106962411025	63.73445492817183	52.837525688955	58.18294218866133	87.78454002388337	81.61875788222031	81.75401852186683	91.36855008227032	93.20363167677831	88.78282742518365	358.9328413238722	236.8039876448788	383.6210280943016	326.6918643735829	310.52456227015404
K08326	1.684229949475087	1.5174870220993293	1.4476034435330136	1.251246068573362	1.7156587626817597	1.755242104993985	2.4941903955823777	1.9168227289986781	1.9188982992277888	2.0578801058817406	2.056921726784368	1.2765713619670016	1.4869032096678356	1.8149548020754607	1.8553884763561619
K08348	5.052689848425261	9.104922132595975	3.136474127654863	4.796443262864554	7.434521304954291	4.388105262484963	6.928306654395494	10.223054554659615	6.853208211527817	7.055588934451682	4.628073885264827	4.467999766884506	5.204161233837425	4.839879472201228	8.4335839834371
K08349	1.9248342279715278	3.793717555248323	1.4476034435330136	2.7110331485756176	2.2875450169090126	1.755242104993985	3.6027194602856567	4.792056822496695	3.563668269994465	3.821777339494661	2.57115215848046	1.9148570429505023	2.044491913293274	1.6637085685691722	2.698746874699872
K08350	13.955048152793577	10.243037399170472	6.514215495898561	5.630607308580129	8.006407559181545	8.191129823305264	6.651174388219674	7.6672909159947125	6.853208211527817	4.997708828569941	3.8567282377206897	5.53180923519034	5.390024135045905	4.839879472201228	5.2288220697310015
K08351	65.68496802952839	54.43984691781343	66.3484911619298	58.39148320009023	54.043251024475424	58.8006105172985	52.37799830722994	56.22680005062789	59.759975604522566	56.73869434788227	69.16399306312437	69.78590112086276	67.28237023746956	66.85083520977946	66.96265682849057
K08354	5.774502683914584	6.6390057216845655	7.72055169884274	7.507476411440172	6.862635050727039	5.850807016646617	4.988380791164755	7.347820461161599	4.386053255377803	6.761606062182862	3.8567282377206897	4.89352355420684	4.832435431420466	5.59611063973267	3.7107769527123238
K08368	2.2857406457161895	1.6123299609805373	1.3269698232385958	2.1896806200033834	0.8578293813408797	0.8776210524969926	0.8313967985274593	1.9168227289986781	2.330090791919458	1.1759314890752803	0.899903255468161	0.8510475746446677	1.1151774072508767	1.5880854518160281	1.180701757681194
K08369	3.609064177446615	4.362775188535572	3.6190086088325337	4.796443262864554	3.5742890889203327	3.51048420998797	3.602719460285657	4.472586367663582	4.248989091147246	3.6747859033602506	2.056921726784368	2.553142723934003	1.393971759063596	1.8905779188286047	2.192731835693646
K08483	4603.000451915413	3455.3179493201724	3578.47571241361	3676.3694904799663	3978.040784404773	3093.6142100518987	3420.6435614081433	3459.2260849329477	3401.6584278739474	3833.8306372576826	3807.362116277865	3830.3523715819883	3743.464693239985	3724.589746325858	3757.3303363008968
K08484	258.64959938367406	204.2916903501222	200.25180968873357	205.62143726888917	247.91269120751426	246.6115157516549	230.0197809259304	230.97713884434071	249.73090722807365	250.76739004530353	283.0838526486986	235.31465438925062	242.92281187948265	251.3712400874513	245.7546372773571
K08485	19.248342279715278	18.020158387429536	23.402922337117054	24.190757325751665	15.440928864135836	19.307663154933834	21.893449027889762	22.36293183831791	20.011367977661227	16.463040847053925	14.655567303338621	21.276189366116693	19.701467528098824	21.476965157892952	21.421303317930235
K08591	32.48157759701953	32.246599219610744	29.19333611124911	30.446987668618476	36.6007202705442	28.668954381568422	31.59307834404345	32.585986392977524	43.58640422531692	39.393704884021886	25.711521584804597	28.935617537918702	26.020806169187125	26.92182956411933	28.67418554368614
K08641	5.533898405418142	17.830472509667118	6.03168101472089	7.716017422869066	10.008009448976932	28.668954381568422	24.66477168964796	24.599225022149703	14.528801408438973	19.696852442010943	2.57115215848046	3.191428404917504	2.787943518127192	3.6299096041509213	3.542105273043582
K08680	14.917465266779342	12.139896176794634	21.714051652995206	20.854101142889366	13.725270101454077	17.552421049939852	17.459332769076646	20.12663865448612	20.28549630612234	21.166766803355046	14.655567303338621	16.382665811909852	13.753854689427481	16.03210075166657	14.505764451511812
K08682	15.639278102268664	13.847069076656378	12.06336202944178	15.014952822880344	11.151781957431437	12.286694734957896	11.36242291320861	12.77881819332452	13.432288094594522	12.935246379828083	19.540756404451496	20.21237989781086	16.72766110876315	17.544563086729454	17.035839646542943
K08722	30.797347647544445	24.469478231351683	27.50446542712726	27.31887249718507	31.739687109612554	35.982463152376695	28.544623416109435	31.627575028478187	26.316319532266817	37.04184190587133	28.28267374328506	30.42495079354687	25.649080366770164	28.434291899182217	28.336842184348654
K08723	22.857406457161893	26.556022886738262	27.263198186538425	29.195741600045114	28.308369584249032	23.695768417418797	24.94190395582378	30.66916366397885	27.412832846111268	29.104304354613188	38.82439759305494	32.97809351748087	34.75636252598566	33.8791563054086	34.24035097275463
K08968	222.5589576092079	235.02080254763362	245.36878367884583	252.12608281753245	249.3424068430824	291.3701894290015	273.2524144493583	267.3967706953156	294.41382476723504	287.2212662066372	356.87591959708783	298.5049368066172	313.55071433870484	309.6010399873723	330.7651638304031
K08970	68.81282364998212	66.9591148501329	53.5613274107215	49.215678697218905	86.35482438831524	112.04295436878272	83.13967985274593	92.64643190160277	83.88326850910049	122.00289199156033	130.3574144349593	155.31618237265187	120.62502288430318	117.51832343438608	127.00977479056273
K08984	10.586588253843404	11.001780910220138	11.098293067086438	10.009968548586896	12.867440720113198	7.02096841997594	11.36242291320861	9.58411364499339	12.884031437672297	10.583383401677523	15.426912950882759	10.212570895736013	13.196265985802041	16.03210075166657	12.819047654824391
K08989	0.721812835489323	0.3793717555248323	0.2412672405888356	1.0427050571444683	0.28594312711362657	0.0	0.8313967985274593	0.0	1.644769970766676	0.0	0.514230431696092	0.21276189366116693	0.7434516048339178	0.6049849340251535	0.168671679668742
K08990	22.13559362167257	24.09010647582685	22.437853374761712	24.399298337180557	24.305165804658262	28.376414030736093	23.00197809259304	27.79392957048083	25.768062875344594	24.694561270580888	32.65363241270184	25.531427239340033	26.020806169187125	29.03927683320737	31.710275777723496
K08992	68.0910108144928	69.42503126104431	69.96749977076233	73.40643602297057	75.48898555799742	76.64557191807069	67.89740521307584	75.71449779544778	81.41611355295046	70.84987221678564	69.42110827897241	72.7645676321191	78.24828140876986	66.09460404224802	71.68546385921535
K08993	13.233235317304255	11.760524421269801	16.164905119451987	12.929542708591407	16.01281511836309	12.286694734957896	9.97676158232951	12.77881819332452	13.706416423055634	12.935246379828083	13.627106439946438	11.489142257703014	12.266951479759644	13.158422315047089	12.819047654824391
K08994	40.421518787402086	54.43984691781343	40.29162917833555	40.456956217205374	35.4569477620897	61.72601402562181	49.60667564547174	48.240038679800065	55.92217900606699	62.324368920989855	52.19438881715333	55.53085424556457	49.25366882024706	44.92013135136765	45.03533847155411
K08996	540.6378137815029	337.6408624171007	313.1648782843086	250.6662957375302	211.02602780985643	369.77100345206617	430.10927710487226	232.25502066367315	464.647516741586	669.1050172838345	121.8726123119738	111.48723227845147	148.87618386799204	101.6374689162258	117.39548904944444
K08997	41.14333162289141	23.14167708701477	23.402922337117054	26.067626428611707	26.8786539486809	31.00927718822707	24.11050715729632	29.071811389813284	43.86053255377803	45.86132807393593	135.75683396776827	144.8908495832547	125.64332121693212	111.16598162712197	119.92556424447557
K08998	14.917465266779342	21.813875942677857	13.510965472974794	11.261214617160258	18.58630326238573	22.233066663257144	20.507787697010663	21.08505001898546	24.39742123303903	29.986252971419646	35.2247845711823	37.871617071687716	43.4919188827842	42.19769914825446	41.49323319851053
K09001	81.08364185330062	80.42681217126444	62.970749793686096	64.64771354295704	91.78774380347414	84.54416139054362	90.34511877331724	89.13225689843853	91.0106050490894	98.77824508232355	58.108038781658394	54.6798066709199	56.50232196737775	57.01983003187072	58.36040116538473
K09013	11.067796810836285	14.605812587706044	23.64418957770589	18.560150017171537	18.014417008158475	11.116533331628572	12.748084244087709	22.043461383484797	12.061646452288958	15.287109357978643	98.9893581014977	82.55161474053277	51.66988653595729	58.98603106745247	64.43258163345945
K09014	29.594326255062242	36.04031677485907	51.63118948601082	47.338809594358864	45.179014083953	30.716736837394738	25.2190362219996	40.89221821863846	28.235217831494605	35.27794467225841	231.66080947908944	192.9750375506784	134.0071517713137	137.48282625721615	144.55162947611188
K09015	30.316139090551566	37.93717555248323	52.11372396718849	45.04485846864103	48.610331609316525	33.93468069655038	27.158962085230336	37.05857276064111	32.62127108687241	42.03955073444127	178.95219023024	163.4011343317762	105.0125391827909	107.98981072348991	126.5037597515565
K09016	12.270818203318491	9.86366564364564	9.650689623553424	13.138083720020301	12.58149759299957	14.334477190784211	11.36242291320861	11.181465919158954	10.691004809983395	16.463040847053925	8.484802122985517	10.42533278939718	9.479007961632453	11.040975045959053	8.4335839834371
K09017	21.65438506467969	20.675760676103362	20.26644820946219	21.06264215431826	22.017620787749248	28.668954381568422	19.399258632307383	29.71075229947951	26.042191203805704	21.460749675623866	35.48189978703034	31.701522155513874	28.622886786105838	28.888030599701082	32.04761913706098
K09018	5.052689848425261	9.294608010358392	6.03168101472089	3.128115171433405	10.579895703204183	24.86592982074812	22.72484582641722	22.682402293151025	12.335774780750071	14.993126485709823	1.028460863392184	1.0638094683058346	1.6727661108763152	1.209969868050307	0.674686718674968
K09019	0.9624171139857639	1.7071728998617453	1.930137924710685	1.6683280914311494	2.2875450169090126	6.435887718311279	3.325587194109837	4.792056822496695	3.0154116130722395	3.821777339494661	1.028460863392184	1.7020951492893355	1.4869032096678356	1.3612161015565956	2.361403515362388
K09020	2.165438506467969	1.7071728998617453	1.930137924710685	2.0854101142889365	2.859431271136266	12.579235085790227	3.8798517264614767	5.111527277329808	4.11192492691669	5.8796574453764014	2.056921726784368	0.8510475746446677	0.9293145060423973	1.0587236345440187	1.012030078012452
K09021	0.9624171139857639	1.5174870220993293	0.4825344811776712	1.0427050571444683	2.2875450169090126	5.265726314981955	1.6627935970549186	2.875234093498017	1.9188982992277888	3.527794467225841	0.514230431696092	0.6382856809835008	0.5575887036254384	1.3612161015565956	0.84335839834371
K09022	267.91286410578704	226.29525217056246	226.30867167232782	218.23816846033722	167.41970092502837	216.47985961592482	202.0294220421726	151.26926036347902	202.30670640430117	157.42782809995313	402.38531280219195	366.69512372502123	402.3002496657538	331.9098594295499	352.52381050767076
K09023	0.721812835489323	1.5174870220993293	2.8952068870660272	1.876869102860043	3.1453743982498925	7.606049121640602	3.048454927934017	4.472586367663582	3.0154116130722395	4.703725956301121	2.056921726784368	2.3403808302728364	0.5575887036254384	1.3612161015565956	1.180701757681194
K09024	2.4060427849644097	1.7071728998617453	1.206336202944178	2.29395112571783	3.4313175253635193	4.095564911652632	4.156983992637296	1.9168227289986781	3.8377965984555775	2.6458458504193807	1.799806510936322	1.2765713619670016	1.4869032096678356	1.209969868050307	2.192731835693646
K09125	12.51142248181493	27.883824031075175	20.26644820946219	17.517444960027067	23.733279550431007	28.376414030736093	31.315946077867633	29.71075229947951	26.59044786072793	37.04184190587133	25.968636800652643	15.531618237265185	14.683169195469878	16.183346985172857	16.361152927867973
K09131	13.473839595800696	14.416126709943628	13.75223271356363	15.014952822880344	12.867440720113198	24.28084911908346	16.073671438197547	16.292993196488762	21.107881291505677	18.520920952935665	17.74094989351517	18.935808535843858	24.16217715710233	20.871980223867798	21.589974997598976
K09136	51.48931559823837	58.04387859529934	60.55807738779774	55.05482701722793	53.185421643134546	48.26915788733459	67.62027294690002	55.90732959579478	78.67483026833933	78.78740976804377	115.44473191577265	128.72094566500598	121.36847448913709	113.88841383023515	111.82932362037594
K09158	64.48194663704618	104.13754689156647	76.24044802607206	81.12245344583964	82.63756373583809	73.72016840974737	79.25982812628445	91.36855008227032	86.89868012217272	70.55588934451681	70.19245392651655	77.2325673990036	68.21168474351197	66.24585027575431	67.97468690650302
K09159	56.30140116816719	52.73267401795169	52.837525688955	56.93169612008797	59.190227312520705	54.41250525481354	60.96909855868035	65.81091369562128	60.85648891836701	48.801156796624134	58.36515399750644	57.871235075837404	57.245773572211675	53.84365912823866	57.0110277280348
K09160	41.86514445838073	44.95555302969263	36.190086088325344	47.338809594358864	51.18381975333916	39.200407011532334	59.86056949397707	53.35156595712987	50.71374076530585	46.44929381847357	48.337660579432644	35.74399813507605	40.14638666103156	37.811558376572094	37.44511288646072
K09161	379.9141557458803	332.1399719619907	353.4565074626442	352.2257683034014	337.12694686696574	322.0869262663963	313.1594607786763	335.44397757476867	314.42519274489626	395.406963201563	210.3202465637016	204.46417980838143	215.04337669821075	203.42618406595787	206.96015095354642
K09181	81.32424613179705	68.47660187223224	90.23394798022451	72.78081298868389	66.62474861747499	61.72601402562181	59.02917269544961	74.11714552128223	64.42015718836149	58.208608709226375	61.707651803531036	56.16913992654807	59.47612838671343	59.893508468490204	57.0110277280348
K09251	172.51326768194818	198.22174226172487	277.9398611583386	267.76665867469944	197.30075770840236	247.4891368041519	134.13201682909676	271.54988660814604	172.15259027357877	217.84130835119566	159.15431860994047	157.44380130926353	172.66663522267743	160.3210075166657	150.9611533035241
K09456	29.834930533558683	32.246599219610744	97.23069795730075	73.19789501154168	44.893070956839374	31.88689824072406	29.930284746988534	39.61433639930601	29.879987802261283	31.75015020503257	36.76747586627057	21.701713153439027	23.97631425589385	24.35064359451243	27.66215546567369
K09458	637.1201294585758	727.6350270966284	568.9081533084744	577.6586016580354	698.5590595385897	729.8881753266654	818.6487142833715	695.1677097168539	828.9640652664048	859.8999013862987	815.8265798858499	898.2807150374468	871.5111437665602	837.601641157825	863.9363432632965
K09470	4.0902727344394965	8.156492743783895	7.479284458253904	7.2989354000112785	8.864236940522424	12.286694734957896	7.482571186747133	7.6672909159947125	12.335774780750071	9.701434784871063	44.480932341711956	49.99904501037423	48.51021721541314	45.525116285392805	41.99924823751676
K09471	1.9248342279715278	2.845288166436242	2.8952068870660272	2.502492137146724	2.2875450169090126	3.803024560820301	2.4941903955823777	2.236293183831791	3.0154116130722395	3.527794467225841	5.399419532808966	7.2339043844796755	4.4607096290035075	6.3523418072641125	6.240852147743454
K09472	2.646647063460851	6.069948088397317	1.930137924710685	5.630607308580129	2.0016018897953862	5.850807016646617	7.205438920571313	7.6672909159947125	4.386053255377803	3.527794467225841	11.57018471316207	12.127427938686514	11.523499874925728	11.645959979984205	10.96365917846823
K09473	6.496315519403907	8.915236254833559	9.409422382964589	8.133099445726852	8.864236940522424	11.701614033293234	8.313967985274592	15.654052286822537	6.853208211527817	9.113469040333422	29.054019390829197	21.48895125977786	29.738064193356713	26.165598396587892	24.963408590973817
K09475	27419.022973175917	24009.67966365559	22727.132796227725	22917.40590996684	24531.34681820514	27099.7679397038	27482.098307591343	23437.6304483765	27011.783101572662	31612.27223793849	34893.36305795417	32661.291057819395	33693.04086817195	29982.59959158609	31168.16499926816
K09476	1064.6739323467514	765.1928308935868	2492.290595282672	1602.8462138424768	1049.9831627612368	1566.846119057964	1442.7505777113176	895.1562144423826	1345.6959644156022	1815.344236259964	995.035885331938	874.8769067347184	958.1232557297117	817.9396308020076	876.0807041994459
K09477	6.736919797900348	9.104922132595975	6.03168101472089	8.55018146858464	7.148578177840665	7.606049121640602	7.482571186747133	3.514175003164243	6.579079883066704	7.055588934451682	5.399419532808966	5.319047341529173	5.761749937462864	6.806080507782977	5.734837108737228
K09612	25.02284496362986	24.27979235358927	21.955318893584042	19.394314062887112	19.158189516612982	34.22722104738271	23.00197809259304	20.12663865448612	25.219806218422367	24.400578398312067	28.539788959133105	24.4676177710342	31.96841900785847	25.106874762043873	24.963408590973817
K09710	94.07627289210842	110.20749497996378	62.00568083133075	72.98935400011278	92.64557318481502	112.92057542127971	126.64944564234963	101.27213418209682	135.14526593132857	138.75991571088306	161.4683555525729	158.08208699024703	164.11694176708735	154.42240440992043	169.68370974675446
K09712	81.08364185330062	74.35686408286713	29.67587059242678	53.59503993722567	74.0592699224293	83.66654033804663	85.63387024832831	76.03396825028089	83.88326850910049	71.14385508905445	101.8176254758262	103.6150422129883	98.50733764049411	102.39370008375724	101.03433612157646
K09747	170.10722489698378	144.73032473272352	147.89681848095623	157.44846362881472	172.13776252240322	168.7957824302549	165.17083064078858	175.38927970337903	179.82818347048993	159.33871676970048	242.20253332885932	226.16589296182045	220.0616750308397	202.51870666492016	211.17694294526498
K09748	88.54237448669028	117.03618657941077	92.64662038611287	94.46907817728884	91.21585754924689	112.62803507044738	108.0815838085697	107.98101373359219	122.26123449365626	101.42409093274293	130.61452965080736	149.78437313746153	165.97557077917216	152.15371090732611	139.15413572671216
K09760	16.84229949475087	17.451100754142285	17.853775803573836	15.84911686859592	17.156587626817597	10.823992980796241	14.410877841142627	15.654052286822537	18.914854663816776	19.108886697473306	20.312102051995634	15.531618237265185	17.65697561480555	18.75453295477976	19.22857148223659
K09761	32.96278615401241	35.47125914157182	39.56782745656904	36.70321801148528	28.880255838476288	33.93468069655038	41.015575394021326	33.544397757476865	36.45906768532799	35.57192754452723	44.73804755756	47.233140392779056	51.112297832331855	48.852533422531145	48.746115424266435
K09767	873.3935309420808	676.2301542230135	765.2996871477866	760.7576096926041	687.1213344540447	679.5712349835046	759.8966738540978	684.3057142525281	776.05729787341	696.151441532566	557.1686727427157	683.8167262269906	637.695614046293	643.4014773357508	655.1208038333939
K09768	10.586588253843404	10.243037399170472	8.20308618002041	8.133099445726852	8.864236940522424	10.53145262996391	9.145364783802052	7.986761370827825	9.868619824600056	9.113469040333422	12.855760792402299	10.42533278939718	12.452814380968125	15.88085451816028	13.831077732836844
K09771	15.639278102268664	12.329582054557049	7.961818939431575	13.555165742878089	19.444132643726608	16.382259646610528	18.290729567604103	20.44610910931923	20.28549630612234	17.051006591591563	14.398452087490575	14.680570662620518	16.541798207554674	19.208271655298624	17.373183005880424
K09773	67.36919797900347	65.25194195027116	75.51664630430555	71.11248489725274	68.62635050727039	86.00686314470526	65.40321481749346	75.39502734061467	80.59372856756713	94.36850199829124	75.59187345932551	67.87104407791225	61.70648320121518	49.15502588954372	62.91453651644076
K09774	129.44510183108525	122.72676291228325	128.83670647443822	116.78296640018046	128.38846407401834	105.02198594880677	119.44400672177832	112.7730705560889	122.80949115057848	118.18111465206567	158.89720339409243	149.9971350311227	146.27410325107334	129.1642834143703	143.87694275743692
K09780	147.00921416132545	128.98639687844297	145.96668055624554	137.42852653164093	152.40768675156298	137.78650524202783	158.79678851874473	145.0395864942333	147.48104071207862	150.51923060163588	137.0424100470085	145.10361147691586	151.2924015837023	144.5913992320117	149.4431081865054
K09781	42.105748736877175	41.351521352206724	42.22176710304623	49.63276072007669	62.04965858365697	66.99174034060377	61.24623082485617	78.5897318889458	60.5823605899059	66.73411200502215	46.02362363680023	34.25466487944787	36.429128636861975	38.41654331059725	41.49323319851053
K09786	79.64001618232197	71.32189003866847	118.94474961029596	118.86837651446939	113.23347833699613	113.7981964737767	70.94586014100986	101.59160463692994	79.77134358218379	99.36621082686118	69.42110827897241	52.33942584064707	68.39754764472045	58.5322923669336	60.55313300107838
K09790	10.586588253843404	7.587435110496646	12.787163751208288	11.052673605731364	13.43932697434045	9.361291226634588	7.482571186747133	10.223054554659615	9.868619824600056	7.349571806720502	28.025558527437013	30.637712687208037	25.091491663144726	25.40936722905645	24.794736911305073
K09791	25.504053520622744	26.17665113121343	34.01868092302582	32.32385677147852	28.022426457135406	26.913712276574437	30.761681545515994	36.41963185097488	27.961089503033495	19.108886697473306	21.340562915387817	22.552760728083694	28.437023884897357	29.341769300219948	32.384962496398465
K09794	109.23434243738421	79.66806866021479	86.61493937139198	98.8484394172956	66.33880549036137	51.48710174649023	57.36637909839469	33.544397757476865	42.489890911472465	37.04184190587133	13.627106439946438	18.935808535843858	22.489411046226014	18.60328672127347	20.40927323991778
K09798	19.248342279715278	21.813875942677857	20.025180968873357	18.560150017171537	20.30196202506749	22.233066663257144	25.2190362219996	20.44610910931923	25.49393454688348	24.106595526043247	30.08248025422138	29.999427006224536	25.277354564353207	27.526814498144486	25.300751950311298
K09800	227.13043890064029	194.9970823397638	205.55968898168794	210.6264215431826	211.59791406408368	203.60808417930227	185.1243538054476	211.1699706446877	202.58083473276227	189.0309868688513	207.74909440522114	201.91103708444743	200.17434460153237	200.2500131623258	202.57468728215915
K09801	19.9701551152046	20.865446553865777	10.133224104731095	18.35160900574264	20.87384827929474	21.355445610760153	31.315946077867633	22.043461383484797	24.671549561500143	24.694561270580888	28.025558527437013	28.084569963274035	34.94222542719414	30.24924670125768	35.58972441010456
K09802	1280.495970158059	932.1164033245129	1095.3532722733137	1151.5634651103508	1141.1990203104838	852.1700419745798	1021.7866653902474	993.5531145309815	1047.7184713783727	1041.5813164484296	699.6105023225331	751.900532198564	743.8233306363348	704.5049556722913	746.3721825341834
K09806	93.59506433511554	92.18733659253425	121.35742201618432	120.95378662875832	82.92350686295171	93.9054526171782	95.88776409683364	88.49331598877231	97.0414282752339	101.42409093274293	97.70378202225747	115.52970825801364	113.37636973717247	104.51114735284527	102.0463661995889
K09807	145.32498421185036	151.93838808769533	150.06822364625575	147.02141305737004	158.41249242094915	166.16291927276393	143.83164614525046	154.62370013922668	149.1258106828453	154.34100794113053	165.83931422198967	154.03961101068487	157.6117402247906	151.69997220680725	149.78045154584288
K09808	117.4148879062632	100.62835815296177	102.53857725025513	108.85840796588249	101.93872481600789	100.19507016007331	104.47886434828405	98.39690008859881	104.5799573079145	106.71578263358168	123.92953403875816	128.720945665006	130.19696229653988	135.6678714551407	128.5278199075814
K09810	56.54200544666363	44.576181274167794	51.389922245421985	40.87403824006316	44.035241575498496	43.5885122740173	48.775278846944275	44.72586367663582	48.24658580915583	52.32895126384997	55.02265619148184	62.33923484272191	59.47612838671343	62.61594067160339	62.74586483677202
K09811	86.61754025871876	73.9774923273423	82.51339628138177	81.33099445726853	74.91709930377017	87.46956489886692	73.44005053659224	81.46496598244381	87.72106510755606	92.3106218924095	76.87744953856574	76.16875793069777	83.82416844502424	90.74774010377303	87.03458670907087
K09812	55.338984054181424	63.73445492817183	55.73273257602103	60.05981129152138	74.63115617665655	82.20383858388497	78.70556359393281	89.45172735327164	74.56290534142265	87.01893019157075	74.04918216423724	55.105330458242236	53.52851554804209	62.010955737578236	68.81804530484673
K09815	86.13633170172588	85.16895911532485	62.72948255309726	71.73810793153942	66.62474861747499	70.79476490142406	76.21137319835043	79.54814325344513	73.4663920275782	62.324368920989855	92.8185929211446	100.21085191440963	101.85286986224675	99.21752918012518	93.61278221615181
K09816	8.421149747375434	10.243037399170472	12.304629270030617	10.427050571444683	12.58149759299957	10.23891227913158	10.53102611468115	11.181465919158954	8.772106510755606	10.583383401677523	10.027493418073794	12.55295172600885	15.426620800303795	14.973377117122551	12.650375975155649
K09817	11.789609646325609	16.31298548756779	27.745732667716094	22.939511257178303	12.867440720113198	15.504638594113535	11.63955517938443	12.77881819332452	16.721828036127874	14.699143613441004	22.36902377878	22.339998834422527	23.232862651059932	23.594412426980988	19.903258200911555
K09823	29.3537219765658	29.780682808699336	25.091793021238903	22.73097024574941	35.4569477620897	22.818147364921806	31.038813811691814	31.9470454833113	29.879987802261283	32.92608169410785	24.94017593726046	23.616570196389528	23.79045135468537	23.896904893993565	24.120050192630107
K09824	254.799930927731	311.65389716364973	206.28349070345445	230.4378176289275	319.1125298588073	456.9480280001008	420.4096477887186	315.95627982994876	404.3392844801412	424.21728468390734	242.20253332885932	289.14341348552585	293.2916581069806	285.4016426263662	251.32080270642558
K09857	35.128224660480385	36.23000265262149	41.25669814069089	40.87403824006316	31.453743982498924	34.81230174904737	32.14734287639509	37.69751367030734	34.540169386100196	34.102013183183125	35.48189978703034	38.29714085901005	40.518112463448524	45.071377584873936	39.46917304248563
K09858	76.51216056186823	71.7012617941933	80.5832583566711	73.19789501154168	67.19663487170224	81.03367718055564	68.7288020116033	56.86574096029412	69.08033877220039	84.07910146888254	73.2778365166931	83.40266231517744	89.40005548127863	78.64804142326996	84.16716815470225
K09861	64.72255091554263	60.32010912844834	53.07879292954384	49.00713768579001	63.47937421922511	72.25746665558572	59.86056949397707	54.62944777646233	56.47043566298921	69.37995785544153	58.622269213354485	65.31790135397824	67.65409603988653	61.2547245700468	60.04711796207215
K09862	32.24097331852309	26.745708764500677	28.228267148893767	28.153036542900644	22.017620787749248	27.20625262740677	22.17058129406558	25.877106841482153	28.235217831494605	29.69227009915083	30.339595470069426	27.871808069612868	31.596693205441508	31.610462802814272	30.023558981036075
K09888	341.1768669079533	255.50687734597454	365.0373350109083	368.700508206284	329.9783686891251	310.67785258393536	290.1574826860833	311.4836934622852	238.21751743270693	246.94561270580886	199.00717706638758	193.18779944433956	197.3864010834052	189.9652692838982	195.1531333767345
K09889	81.32424613179705	74.92592171615438	114.36067203910808	98.6398984058667	82.06567748161083	59.38569121896316	69.83733107630658	77.31185006961334	71.82162205681152	70.55588934451681	95.13262986377701	86.38132882643377	88.6566038764447	93.92391100740508	90.91403534145194
K09890	16.361090937757986	19.34795953176645	14.958568916507808	20.43701912003158	19.444132643726608	29.546575434065417	23.27911035876886	25.55763638664904	24.123292904577916	21.166766803355046	19.283641188603447	16.808189599232186	18.400427219639468	19.964502822830067	20.0719298805803
K09891	84.93331030924367	79.66806866021479	89.75141349904685	89.88117592585317	80.06407559181545	87.1770245480346	89.51372197478979	80.18708416311136	89.36583507832273	96.13239923190416	102.58897112337034	108.50856576719514	104.64081338037394	93.7726647738988	93.10676717714558
K09892	509.11865329846916	398.1506574233115	394.9544728439239	394.142511600609	446.0712782972575	540.9071086889797	524.8885121370026	396.4628344478933	444.9102770923859	451.5576918049076	512.9448556168518	501.26702146570926	454.2489305535238	459.18356492509156	460.81102885500314
K09893	521.6300757802841	351.867303249282	437.90004166873666	436.47633692067444	408.6127286453724	375.9143508195451	388.8165694446751	371.5441389709104	385.6985581447856	389.8212886284554	370.2459108211862	430.20454898287954	426.74122117466885	404.7349208628277	446.6426077628288
K09894	44.99300007883446	45.33492478521746	49.4597843207113	50.466924765792264	40.60392405013498	48.26915788733459	56.25785003369141	47.92056822496695	52.358510736072525	40.27565350082835	74.56341259593333	60.424377799771406	85.31107165469207	70.17825234691782	73.54085233557151
K09895	129.2044975525888	130.1245121450175	130.7668443991489	124.7075248344784	105.51301390492821	121.69678594624963	120.82966805265741	108.61995464325842	124.18013279288405	124.06077209744207	131.3858752983515	156.3799918409577	165.04625627312976	147.1625852016186	145.3949878744556
K09896	201.62638538001755	176.59755219680943	177.09015459220535	191.2321074802955	151.5498573702221	140.41936839951882	154.0855399937558	145.67852740389952	142.5467307997786	129.058480926012	71.47803000575678	84.8919955708056	90.32936998732102	106.62859462193332	89.22731854476451
K09897	657.5714931307732	584.4221893860041	556.6035240384438	613.736196635234	566.1673916849807	646.8067156902836	748.811383207065	560.6706482321133	679.2899979266373	658.8156167544258	443.2666321220313	582.9675886315974	532.6830748635022	563.0897273439117	527.4363423241563
K09898	13.955048152793577	14.036754954418795	20.025180968873357	17.10036293716928	15.15498573702221	13.456856138287218	14.133745574966808	12.139877283658294	19.737239649200113	9.995417657139882	10.027493418073794	12.55295172600885	14.497306294261397	12.25094491400936	9.782957420787035
K09899	79.8806204608184	67.33848660565774	70.20876701135117	78.8285023201218	75.48898555799742	61.14093332395715	70.66872787483403	77.31185006961334	77.03006029757266	62.912334665527496	78.67725604950208	65.53066324763941	64.12270091692541	69.11952871237379	68.3120302658405
K09900	74.58732633389671	56.14701981767518	82.27212904079295	83.41640457155746	59.190227312520705	57.04536841230452	53.209395105757395	55.90732959579478	53.72915237837809	45.86132807393593	55.02265619148184	63.615806204688916	53.90024135045904	55.9611063973267	52.456892376978765
K09901	63.51952952306042	65.8209995835584	67.31356012428513	64.23063152009925	67.48257799881588	63.77379648144812	59.86056949397707	54.94891823129544	61.40474557528924	64.67623189914042	54.50842575978575	51.70114015966357	59.47612838671343	71.99320714899328	70.3360904218654
K09902	91.42962582864757	81.18555568231412	79.37692215372692	92.38366806299989	88.64236940522424	98.5860982304955	93.11644143507544	85.9375523501074	91.55886170601164	95.54443348736652	101.30339504413011	84.2537098898221	81.22208782810553	90.89898633727933	95.46817069250797
K09903	163.12970082058698	165.02671365330204	150.3094908868446	135.34311641735198	156.41089053115374	227.88893329838572	197.8724380495353	159.4157569617234	200.38780810507336	220.78113707388388	259.9434832223745	245.7399871786478	259.2787471858289	243.05269724460544	252.16416110476928
K09904	56.30140116816719	65.63131370579599	73.1039738984172	65.69041860010151	64.62314672767961	55.29012630731053	62.354759889559446	64.53303187628883	66.06492715912816	70.55588934451681	72.50649086914896	84.46647178348327	89.77178128369557	85.45412193105294	79.9503761629837
K09906	45.233604357330904	39.83403433010739	40.53289641892438	40.456956217205374	46.89467284663476	54.41250525481354	49.0524111131201	43.767452312136484	51.8102540791503	41.74556786217245	40.881319319839314	45.956569030812055	42.19087857432484	48.70128718902486	42.67393495619172
K09907	41.14333162289141	34.52282975275974	37.87895677244719	33.366561828622984	45.179014083953	41.24818946735865	37.41285593373567	42.17010003797092	41.1192492691669	42.03955073444127	37.02459108211862	39.57371222097705	37.17258024169589	38.87028201111612	35.25238105076708
K09908	232.423733027562	213.775984238243	229.44514579998267	254.62857495467915	263.3536200716501	276.1580911857203	274.9152080464132	269.9525343339805	251.10154887037922	242.24188674950773	238.08868987529058	220.6340837266301	183.63254639397772	211.74472690880373	215.39373493698352
K09909	2.887251341957292	4.362775188535571	11.339560307675274	8.133099445726852	2.5734881440226394	2.6328631574909775	1.3856613308790988	1.9168227289986781	4.660181583838916	2.9398287226882007	1.28557607924023	1.7020951492893355	1.8586290120847946	1.966201035581749	1.68671679668742
K09910	33.92520326799818	26.366337008975844	29.19333611124911	28.98720058861622	42.03363968570311	31.3018175390594	33.53300420727419	44.40639322180271	29.60585947380017	29.398287226882008	37.53882151381471	33.403617304803205	39.7746608586146	36.90408097553436	39.46917304248563
K09911	40.66212306589853	44.76586715193021	40.77416365951322	44.83631745721214	35.4569477620897	39.78548771319699	32.14734287639509	38.97539548963979	42.489890911472465	45.86132807393593	44.22381712586391	44.89275956250622	47.9526285117877	47.34007108746827	54.98696757200989
K09912	36.81245460995547	44.00712364088055	42.94556882481274	47.96443262864554	47.75250222797564	46.22137543150827	50.992336976350835	44.72586367663582	42.489890911472465	45.27336232939829	34.196323707790114	34.680188666770206	33.64118511873478	39.172774478128694	40.98721815950431
K09913	83.9708931952579	91.61827895924701	81.3070600784376	81.9566174915552	98.07849259997393	84.25162103971128	86.18813478067995	94.56325463060145	87.17280845063384	77.6114782789685	100.01781896488988	124.46570779178265	112.2611923299216	104.81363981985785	112.16666697971343
K09914	113.56521945032014	177.54598158562152	238.61330094235842	212.50329064604264	152.97957300579023	178.15707365688948	102.81607075122913	188.80703880636977	118.6975662236618	129.94042954281846	149.3839404077147	131.06132649527882	141.06994201723592	128.10555977982625	134.0939853366499
K09915	71.94067927043585	72.64969118300539	67.0722928836963	60.05981129152138	68.34040738015676	64.35887718311278	70.66872787483403	61.3383273279577	63.59777220297814	80.5513070016567	70.96379957406069	67.87104407791225	77.69069270514441	70.93448351444925	67.30000018782806
K09916	51.00810704124549	76.82278049377854	59.5930084254424	63.39646747438368	82.35162060872446	133.6909403303752	89.7908542409656	91.68802053710344	75.11116199834488	99.95417657139882	84.84802122985518	59.786092118787906	81.40795072931401	80.31174999183914	99.17894764522029
K09917	17.32350805174375	14.985184343230875	24.609258540061234	27.735954520042856	20.30196202506749	23.98830876825113	31.038813811691814	25.55763638664904	23.849164576116802	17.051006591591563	21.340562915387817	22.339998834422527	21.56009654018362	24.048151127499853	22.93934843494891
K09918	56.30140116816719	60.50979500621075	51.14865500483315	58.39148320009023	62.90748796499785	46.22137543150827	69.83733107630658	56.86574096029412	57.841077305294775	48.21319105208649	44.99516277340805	47.02037849911789	46.09399949970291	46.13010121941796	46.38471190890405
K09920	60.63227818110313	49.69769997375303	46.0820429524676	43.585071388638774	46.89467284663476	46.80645613317294	49.88380791164756	51.754213682964306	59.759975604522566	52.32895126384997	56.822462702418164	49.5735212230519	50.55470912870641	50.8187344581129	50.432832220953856
K09921	40.421518787402086	37.557803796958396	36.91388781009185	30.864069691476264	39.17420841456684	33.93468069655038	44.61829485430698	41.21168867347158	35.91081102840576	42.62751647897891	44.99516277340805	43.190664413216886	50.36884622749793	39.172774478128694	43.01127831552921
K09923	285.8378828537719	248.67818574652756	249.470326768856	249.4150496689568	239.9062836483327	239.29800698084662	260.22719793909476	237.68601839583607	259.8736553811348	268.7003452537015	276.9130874683455	265.7396051827975	282.69747273809725	282.22547172273414	278.476943133093
K09925	10.827192532339845	7.587435110496646	9.168155142375753	7.92455843429796	9.722066321863304	10.53145262996391	8.313967985274592	7.347820461161599	9.868619824600056	8.525503295795781	10.541723849769886	8.723237640107845	15.054894997886837	10.133497644921322	10.626315819130745
K09927	17.564112330240192	16.692357243092623	13.75223271356363	18.76869102860043	17.72847388104485	14.919557892448873	16.073671438197547	15.334581831989425	20.011367977661227	20.284818186548584	15.426912950882759	14.893332556281685	10.965911171300288	15.578362051147703	14.674436131180554
K09933	126.31724621063152	108.87969383562687	121.35742201618432	125.3331478687651	111.803762701428	109.1175508604594	108.91298060709717	93.285372811269	98.96032657446167	121.7089091192915	75.07764302762942	87.23237640107844	84.1958942474412	80.91673492586429	82.64912303768358
K09934	1.443625670978646	0.9484293888120807	1.930137924710685	1.4597870800022557	0.8578293813408798	0.5850807016646618	0.5542645323516395	0.9584113644993391	0.0	0.5879657445376402	1.028460863392184	0.6382856809835008	1.3010403084593563	1.966201035581749	0.84335839834371
K09935	8.180545468878993	7.018377477209397	9.168155142375753	10.21850956001579	6.862635050727039	9.361291226634588	8.313967985274592	10.54252500949273	8.497978182294494	5.8796574453764014	6.170765180353103	7.446666278140842	7.8062418507561375	8.016050375833284	8.264912303768359
K09936	32.96278615401241	27.504452275550342	22.67912061535055	26.90179047432728	21.731677660635622	22.525607014089477	22.4477135602414	21.723990928651684	21.107881291505677	22.342698292430324	22.626138994628047	28.722855644257535	24.34804005831081	23.896904893993565	26.818797067329978
K09937	0.721812835489323	2.46591641091141	1.6888706841218493	2.29395112571783	2.859431271136266	1.755242104993985	2.217058129406558	1.9168227289986781	2.467154956150014	0.8819486168064602	2.3140369426324137	2.76590461759517	3.9031209253780688	1.966201035581749	2.361403515362388
K09946	124.15180770416355	117.4155583349356	241.50850782942445	210.6264215431826	118.09451149792778	95.95323507300452	84.80247344980084	131.94129784607568	103.89463648676171	91.13469040333422	100.53204939658598	74.0411389940861	86.61211196315143	78.0430564892448	80.62506288165868
K09951	2.887251341957292	2.276230533148994	3.136474127654863	2.9195741600045113	3.4313175253635193	2.9254035083233085	3.6027194602856567	2.875234093498017	1.3706416423055634	2.0578801058817406	1.028460863392184	1.9148570429505023	2.2303548145017538	2.873678436619479	3.8794486323810657
K09954	53.89535838320278	36.98874616367115	56.93906877896521	54.429203982941246	47.18061597374839	33.93468069655038	32.42447514257091	39.93380685413913	43.03814756839469	37.92379052267779	20.826332483691726	21.276189366116693	19.143878824473386	18.905779188286047	17.71052636521791
K09970	9.86477541835408	7.587435110496646	9.89195686414226	11.261214617160258	8.29235068629517	11.701614033293234	6.651174388219674	8.306231825660939	9.04623483921672	12.053297763021623	3.8567282377206897	4.680761660545673	8.735556356798535	6.503588040770401	7.252882225755906
K09971	3.609064177446615	4.93183282182282	5.066612052365548	5.422066297151235	5.718862542272532	8.191129823305264	1.6627935970549186	4.472586367663582	6.579079883066704	6.173640317645222	2.3140369426324137	2.3403808302728364	3.159669320544151	3.1761709036320562	2.53007519503113
K09972	9.86477541835408	7.208063354971814	8.685620661198081	8.55018146858464	8.578293813408798	11.994154384125565	9.97676158232951	9.264643190160278	9.594491496138945	10.583383401677523	9.256147770529655	8.510475746446676	7.8062418507561375	8.772281543364727	10.288972459793262
K09973	36.57185033145903	32.43628509737316	38.36149125362486	35.451971942911925	26.8786539486809	31.3018175390594	27.436094351406155	25.877106841482153	29.057602816877946	26.752441376462627	36.25324543457448	34.25466487944787	32.340144810275426	29.341769300219948	28.336842184348654
K09974	0.721812835489323	5.121518699585236	2.412672405888356	2.7110331485756176	3.1453743982498925	1.755242104993985	1.9399258632307383	2.236293183831791	1.9188982992277888	1.4699143613441004	1.5426912950882758	1.2765713619670016	2.2303548145017538	1.3612161015565956	1.012030078012452
K09975	4.330877012935938	4.173089310773156	3.619008608832534	3.5451971942911924	2.859431271136266	2.047782455826316	1.108529064703279	2.555763638664904	2.467154956150014	1.1759314890752803	2.3140369426324137	2.3403808302728364	1.6727661108763152	1.5124623350628839	1.518045117018678
K09978	13.955048152793577	14.985184343230875	14.958568916507808	19.394314062887112	18.872246389499356	15.212098243281204	14.688010107318448	13.098288648157633	13.980544751516748	14.993126485709823	16.198258598426897	12.765713619670016	13.010403084593563	16.637085685691723	16.361152927867973
K09979	12.03021392482205	9.104922132595975	10.133224104731095	11.886837651446939	11.72366821165869	9.361291226634588	9.97676158232951	13.098288648157633	9.594491496138945	10.877366273946343	7.456341259593334	9.148761427430179	8.549693455590056	9.831005177908745	10.457644139462003
K09980	0.721812835489323	1.8968587776241614	1.206336202944178	1.876869102860043	1.1437725084545063	0.5850807016646618	0.5542645323516395	0.638940909666226	0.822384985383338	0.5879657445376402	0.0	0.6382856809835008	0.18586290120847945	0.6049849340251535	0.674686718674968
K09982	7.699336911886111	6.828691599446981	8.20308618002041	9.17580450287132	4.289146906704399	6.435887718311279	4.156983992637296	4.792056822496695	8.772106510755606	4.409743084032301	7.7134564754413795	6.595618703496175	7.062790245922219	8.923527776871016	7.252882225755906
K09994	6.255711240907465	7.777120988259062	8.926887901786918	8.758722480013533	10.579895703204183	4.680645613317294	6.928306654395494	6.069938641829147	6.853208211527817	6.4676231899140415	6.684995612049195	4.042475979562171	5.761749937462864	6.3523418072641125	5.397493749399744
K09996	1818.7277411545974	510.25501118089943	1099.2135481227351	878.1661991270712	961.6267364831263	308.630070128109	634.0786250102756	320.74833665244546	602.2599376290646	555.0396628435323	739.7204759948282	775.9426261822758	710.3680084188085	675.1631863720713	666.7591497305372
K09997	503.584754893051	388.8560494129531	480.8456104935494	475.89058808073537	544.4357140243451	285.2268420615226	469.18492663566286	337.36080030376735	391.72938137093	399.8167062855953	184.35160976304897	198.71960867952993	198.3157155894476	194.35141005558057	192.7917298613721
K09998	128.72328899559594	125.19267932319465	119.42728409147362	116.57442538875156	116.37885273524603	81.32621753138798	123.60099071441562	109.89783646259087	103.34637982983948	95.2504506150977	58.36515399750644	65.31790135397824	70.44203955801372	65.33837287471658	62.40852147743454
K09999	97.92594134805148	91.80796483700942	98.9195686414226	103.43634166873126	118.38045462504141	66.11411928810678	122.49246164971234	92.00749099193655	92.38124669139498	84.66706721342018	48.59477579528069	40.85028358294405	47.76676561057922	47.49131732097455	39.46917304248563
K10000	226.88983462214387	159.9051949537168	254.53693882122158	250.6662957375302	305.95914601158046	81.91129823305263	233.8996326523919	139.28911830723726	203.1290913896845	187.5610725075072	116.98742321086092	99.1470424461038	108.17220850333504	104.2086548858327	95.46817069250797
K10001	909.9653812735398	837.8425220765921	646.3549375374906	801.2145659098095	886.1377509251288	910.678112141046	778.1874034217019	797.7177257182832	774.4125279026433	1011.5950634770098	1194.3001776141737	1151.041844706913	1143.8002940369827	1061.1435742801193	1175.8102789708005
K10002	32.72218187551597	29.401311053174503	30.88220679537096	30.446987668618476	34.59911838074882	49.146778939831584	32.42447514257091	34.502809121976206	40.29686428378356	42.62751647897891	59.39361486089862	58.72228265048207	56.874047769794714	63.06967937212226	56.84235604836605
K10003	38.496684559430555	40.59277784115706	33.777413682436986	37.328841045771966	48.038445355089266	56.75282806147219	42.1241044587246	51.11527277329808	39.474479298400226	67.02809487729098	76.87744953856574	64.46685377933358	66.35305573142716	68.81703624536121	66.62531346915308
K10004	80.36182901781129	72.64969118300539	64.41835323721911	75.7003871486884	104.94112765070096	101.51150173881881	76.48850546452626	91.68802053710344	86.89868012217272	99.07222795459236	137.0424100470085	148.7205636691557	147.5751435595327	133.09668548553378	146.06967459313057
K10009	34.16580754649462	41.54120722996914	30.640939554782122	31.69823373719184	33.74128899940794	41.54072981819098	40.18417859549387	32.90545684781064	37.007324342250214	49.97708828569941	34.710554139486206	45.10552145616739	42.562604376741795	40.98772928020415	38.9631580034794
K10010	58.46683967463516	55.388276306625514	57.421603260142874	57.14023713151686	69.19823676149764	69.62460349809474	67.3431406807242	56.546270505461	59.759975604522566	73.20173519493619	71.22091478990873	63.40304431102775	60.03371709033887	65.1871266412103	61.22781971975334
K10011	32.000369040026655	34.90220150828457	38.844025734802536	36.0775949771986	34.885061507862446	29.254035083233084	30.484549279340175	36.41963185097488	29.60585947380017	23.224646909236785	18.769410756907355	20.637903685133193	18.586290120847945	22.23319632542439	21.589974997598976
K10012	11.789609646325609	10.622409154695305	18.095043044162672	15.223493834309238	10.579895703204183	13.74939648911955	9.699629316153692	9.58411364499339	9.868619824600056	14.993126485709823	8.227686907137471	6.595618703496175	10.222459566466371	8.016050375833284	5.566165429068486
K10013	210.2881394058894	230.2786556035732	196.3915338393122	207.915388394607	335.6972312313976	430.91193677602337	343.3668777918407	383.3645457997356	307.57198453336844	426.27516478978913	181.52334238872047	168.29465788598304	161.88658695258562	166.6733493239298	159.73208064629867
K10014	208.84451373491078	152.88681747650742	670.4816615963741	438.1446650121056	237.04685237719644	193.3691719001707	226.41706146564474	214.0452047381857	223.68871602426796	226.07282877472264	131.3858752983515	114.67866068336897	109.28738591058593	108.74604189102135	106.09448651163872
K10015	45.95541719282023	34.90220150828457	69.24369804899582	58.39148320009023	52.32759226179367	48.56169823816692	55.149320968988135	55.26838868612855	45.77943085300582	55.85674573107581	27.254212879892876	23.829332090050695	25.649080366770164	25.56061346256274	26.14411034865501
K10016	70.25644932096077	59.37167973963626	110.98293067086438	91.75804502871321	95.7909475830649	84.25162103971128	89.51372197478979	89.77119780810476	78.40070193987823	92.01663902014069	51.423043169609194	43.190664413216886	40.703975364657005	42.953930315785904	46.04736854956656
K10017	79.39941190382552	79.09901102692753	88.7863445366915	90.08971693728206	72.62955428686115	74.0127087605797	90.06798650714143	86.89596371460674	87.44693677909494	77.31749540669968	42.16689539907954	49.99904501037423	56.1305961649608	57.47356873238959	56.50501268902857
K10026	24.541636406636982	22.003561820440275	22.67912061535055	32.53239778290741	27.73648333002178	23.98830876825113	24.11050715729632	31.9470454833113	22.75265126227235	26.458458504193807	21.08344769953977	18.935808535843858	23.97631425589385	21.930703858411817	24.120050192630107
K10036	400.8467279750707	423.7582509212377	522.3435758748291	470.8856038064419	419.4785674756902	538.2742455314888	441.7488322842567	471.85786178850793	429.5590906985636	527.9932385948008	686.2405110984347	572.1167320548778	593.8319693610919	535.4116666122609	554.5924827508237
K10037	72.90309638442162	88.77299079281076	95.78309451376774	86.54451974299087	82.35162060872446	128.42521401539324	92.5621769027238	95.52166599510079	86.89868012217272	108.77366273946343	159.15431860994047	143.40151632762652	132.1485227592289	130.2230070489143	122.1182960801692
K10038	97.68533706955505	80.42681217126444	87.58000833374733	99.47406245158228	89.78614191367875	134.5685613828722	107.25018701004225	104.78630918526106	108.82894639906173	134.05618975458196	206.4635183259809	176.37960984510738	174.89699003717917	171.05949009561218	162.09348416166105
K10108	5.293294126921702	4.362775188535571	23.161655096528218	11.052673605731364	2.2875450169090126	3.2179438591556395	3.325587194109837	1.597352274165565	4.11192492691669	1.4699143613441004	4.885189101112874	3.191428404917504	4.274846727795028	3.932402071163498	2.867418554368614
K10109	5.533898405418142	4.552461066297988	10.374491345319932	8.967263491442427	7.720464432067918	5.850807016646617	4.988380791164755	4.792056822496695	6.304951554605592	4.703725956301121	3.599613021872644	4.467999766884506	3.717258024169589	3.932402071163498	4.554135351056034
K10110	4.0902727344394965	3.604031677485907	6.755482736487397	6.464771354295704	2.859431271136266	3.2179438591556395	3.8798517264614767	2.555763638664904	2.741283284611127	2.0578801058817406	4.885189101112874	2.3403808302728364	2.6020806169187125	3.6299096041509213	1.8553884763561619
K10111	1.2030213924822049	1.5174870220993293	4.584077571187876	2.29395112571783	1.429715635568133	0.8776210524969925	2.217058129406558	2.555763638664904	1.9188982992277888	0.5879657445376402	1.799806510936322	1.2765713619670016	2.2303548145017538	1.966201035581749	2.698746874699872
K10124	2.887251341957292	3.793717555248323	5.7904137741320545	5.004984274293448	2.5734881440226394	3.2179438591556395	1.6627935970549186	6.069938641829147	3.0154116130722395	2.0578801058817406	1.28557607924023	1.2765713619670016	2.2303548145017538	2.1174472690880375	2.53007519503113
K10213	0.9624171139857639	1.327801144336913	1.930137924710685	1.251246068573362	0.28594312711362657	0.5850807016646618	1.108529064703279	0.638940909666226	0.0	0.2939828722688201	0.514230431696092	1.2765713619670016	0.5575887036254384	0.30249246701257676	0.506015039006226
K10231	6.496315519403907	6.828691599446981	4.101543090010205	5.2135252857223415	4.289146906704399	5.265726314981955	5.819777589692215	3.8336454579973562	4.660181583838916	5.8796574453764014	4.113843453568736	4.680761660545673	4.832435431420466	2.722432203113191	3.542105273043582
K10439	254.799930927731	225.15713690398798	250.91793021238905	245.24422944037894	247.91269120751426	232.56957891170302	228.91125186122713	215.6425570123513	237.1210041188625	244.88773259992712	212.89139872218206	188.71979967745506	194.598457565278	174.5381534662568	208.8155394299026
K10440	35.128224660480385	29.780682808699336	33.53614644184815	33.783643851480775	38.60232216033959	28.08387367990376	42.40123672490042	34.502809121976206	22.204394605350128	28.222355737806726	29.311134606677243	32.127045942836205	32.89773351390087	26.619337097106754	32.04761913706098
K10441	59.429256788620926	45.90398241850471	48.25344811776712	47.130268582929965	55.75890978715719	22.525607014089477	47.11248524988936	32.266515938144416	33.16952774379464	34.689978927720766	37.02459108211862	42.12685494491105	42.748467277950276	42.04645291474817	39.30050136281689
K10537	4.0902727344394965	3.604031677485907	5.7904137741320545	2.502492137146724	3.4313175253635193	3.803024560820301	3.8798517264614767	4.1531159128304695	4.934309912300028	5.585674573107581	3.3424978060245976	3.6169521922398378	3.717258024169589	3.932402071163498	3.204761913706098
K10538	25.504053520622744	26.745708764500677	26.78066370536075	27.527413508613964	32.311573363839805	29.546575434065417	25.496168488175417	30.349693209145737	27.961089503033495	27.046424248731448	16.969604245971034	18.510284748521524	20.07319333051578	16.485839452185434	16.8671679668742
K10539	18.045320887233075	18.778901898479198	17.12997408180733	14.18078877716477	15.15498573702221	15.504638594113535	11.08529064703279	18.20981592548744	12.884031437672297	17.051006591591563	10.28460863392184	12.978475513331183	13.753854689427481	10.435990111933899	15.349122849855522
K10540	6.977524076396788	9.86366564364564	12.787163751208288	9.801427537158002	13.43932697434045	11.116533331628572	10.253893848505331	8.945172735327164	5.756694897683366	7.643554678989322	14.655567303338621	14.467808768959351	18.214564318430988	15.275869584135126	12.481704295486908
K10541	2.887251341957292	3.9834034330107393	5.7904137741320545	3.96227921714898	3.4313175253635193	3.51048420998797	3.325587194109837	0.319470454833113	4.11192492691669	4.115760211763481	4.885189101112874	4.255237873223338	3.3455322217526304	5.142371939213805	3.204761913706098
K10542	4.0902727344394965	7.777120988259062	6.514215495898561	7.090394388582385	6.290748796499785	7.313508770808271	7.759703452922953	6.708879551495373	6.030823226144479	7.643554678989322	6.427880396201149	9.148761427430179	5.575887036254384	6.957326741289266	5.397493749399744
K10543	2.165438506467969	4.742146944060404	4.825344811776712	4.379361240006767	3.7172606524771457	4.095564911652632	3.8798517264614767	2.555763638664904	2.467154956150014	2.9398287226882007	2.056921726784368	4.255237873223338	2.9738064193356712	2.5711859696069026	3.8794486323810657
K10544	3.1278556204537327	3.4143457997234905	3.86027584942137	3.128115171433405	3.4313175253635193	2.9254035083233085	3.6027194602856567	3.514175003164243	2.467154956150014	1.4699143613441004	5.656534748657012	3.191428404917504	6.133475739879822	4.537387005188652	4.21679199171855
K10545	15.879882380765105	12.708953810081882	12.787163751208288	13.346624731449195	13.153383847226824	9.068750875802257	12.47095197791189	9.264643190160278	7.949721525372268	11.759314890752803	14.912682519186667	20.637903685133193	22.303548145017537	21.476965157892952	18.55388476356162
K10549	5.533898405418142	8.535864499308726	7.479284458253904	7.090394388582385	8.864236940522424	9.946371928299248	11.63955517938443	7.986761370827825	9.594491496138945	12.641263507559263	5.14230431696092	6.808380597157342	6.505201542296781	5.142371939213805	5.566165429068486
K10550	3.368459898950174	2.086544655386578	2.412672405888356	4.796443262864554	2.2875450169090126	2.047782455826316	3.325587194109837	3.514175003164243	4.11192492691669	4.115760211763481	2.3140369426324137	2.553142723934003	2.6020806169187125	1.966201035581749	2.024060156024904
K10551	2.887251341957292	4.362775188535571	3.3777413682436985	2.502492137146724	5.718862542272532	2.340322806658647	3.048454927934017	2.236293183831791	3.563668269994465	3.821777339494661	1.5426912950882758	2.127618936611669	2.2303548145017538	2.5711859696069026	2.361403515362388
K10555	5.052689848425261	5.121518699585236	5.7904137741320545	6.881853377153491	6.576691923613412	5.265726314981955	6.096909855868034	5.430997732162921	6.579079883066704	6.173640317645222	2.056921726784368	4.042475979562171	4.088983826586548	4.3861407716823635	4.891478710393518
K10556	1.2030213924822049	2.845288166436242	1.4476034435330136	1.6683280914311494	3.4313175253635193	1.755242104993985	1.9399258632307383	2.875234093498017	2.467154956150014	3.527794467225841	1.799806510936322	1.7020951492893355	1.6727661108763152	3.0249246701257677	1.68671679668742
K10557	2.646647063460851	2.086544655386578	3.619008608832534	3.753738205720086	2.2875450169090126	3.51048420998797	3.048454927934017	2.555763638664904	2.1930266276889014	2.3518629781505607	2.056921726784368	1.0638094683058346	2.787943518127192	2.873678436619479	2.361403515362388
K10558	3.609064177446615	5.121518699585236	4.342810330599041	4.796443262864554	3.4313175253635193	0.8776210524969925	3.8798517264614767	4.1531159128304695	4.660181583838916	3.527794467225841	2.3140369426324137	1.7020951492893355	4.274846727795028	2.873678436619479	2.698746874699872
K10563	8.661754025871875	9.673979765883225	8.926887901786918	11.469755628589152	7.148578177840665	4.973185964149624	9.145364783802052	12.459347738491408	10.965133138444507	6.761606062182862	23.397484642172184	17.659237173876857	15.426620800303795	14.368392183097397	17.204511326211684
K10678	53.65475410470634	51.59455875137719	46.80584467423411	49.63276072007669	64.33720360056599	69.03952279643008	57.08924683221887	65.17197278595505	67.98382545835595	74.37766668401147	85.87648209324736	77.2325673990036	77.31896690272745	71.23697598146182	79.27568944430874
K10679	340.455054072464	296.289341064894	230.16894752174917	230.2292766174986	243.62354430080987	252.46232276830153	276.5780016434681	240.5612524893341	266.17860693574045	271.9341568486586	215.46255088066252	277.0159855468393	247.19765860727767	244.11142087914945	218.93584021002712
K10680	36.33124605296259	41.1618354744443	36.190086088325344	34.20072587433856	34.02723212652157	31.88689824072406	35.47293007050493	37.37804321547422	30.428244459183507	46.44929381847357	50.9088127379131	54.0415209899364	56.874047769794714	46.13010121941796	46.216040229235304
K10708	2.887251341957292	3.793717555248323	2.412672405888356	2.7110331485756176	2.5734881440226394	2.6328631574909775	3.8798517264614767	2.555763638664904	1.3706416423055634	2.0578801058817406	3.0853825901765517	2.76590461759517	2.416217715710233	3.3274171371383443	1.68671679668742
K10709	4.330877012935938	4.362775188535571	2.8952068870660272	4.796443262864554	3.7172606524771457	1.755242104993985	5.265513057340575	2.875234093498017	3.8377965984555775	3.2338115949570208	3.0853825901765517	1.9148570429505023	2.6020806169187125	3.78115583765721	4.048120312049808
K10710	8.180545468878993	4.93183282182282	2.8952068870660272	4.796443262864554	6.290748796499785	5.850807016646617	4.711248524988936	4.792056822496695	4.386053255377803	4.115760211763481	4.628073885264827	3.191428404917504	4.646572530211986	3.78115583765721	3.37343359337484
K10711	43.06816585086294	35.091887386046984	27.50446542712726	35.243430931483026	27.73648333002178	31.594357889891732	26.881829819054516	26.196577296315265	30.70237278764462	32.92608169410785	34.45343892363816	37.871617071687716	31.22496740302455	36.75283474202808	34.915037691429596
K10716	38.97789311642344	30.539426319749	77.20551698842739	66.1075006229593	32.311573363839805	31.88689824072406	24.11050715729632	27.47445911564772	24.671549561500143	28.516338610075547	32.13940198100575	27.871808069612868	34.01291092115174	33.57666383839602	29.180200582692365
K10748	17.08290377324731	23.14167708701477	24.12672405888356	20.228478108602687	17.72847388104485	23.40322806658647	28.544623416109435	25.55763638664904	23.575036247655692	22.636681164699144	27.768443311588968	28.935617537918702	30.29565289698215	24.50188982801872	26.481453707992493
K10762	2.165438506467969	1.7071728998617453	2.8952068870660272	2.502492137146724	2.5734881440226394	3.803024560820301	1.108529064703279	1.277881819332452	1.9188982992277888	2.6458458504193807	2.056921726784368	3.191428404917504	1.1151774072508769	1.209969868050307	1.349373437349936
K10763	68.57221937148569	65.63131370579599	49.21851708012247	57.765860165803545	60.333999820975215	70.20968419975941	69.00593427777912	62.61620914729015	69.62859542912263	54.092848497462896	101.8176254758262	105.31713736227763	126.75849862418299	114.4933987642603	121.10626600215676
K10773	12.752026760311372	9.484293888120808	15.44110339768548	8.341640457155746	13.153383847226824	16.089719295778195	15.242274639670088	13.417759102990747	10.691004809983395	15.581092230247464	30.339595470069426	24.4676177710342	26.578394872812563	26.316844630094177	23.78270683329262
K10778	13.714443874297137	17.071728998617452	22.196586134172875	18.35160900574264	15.726871991249462	18.137501751604514	15.796539172021726	18.84875683515367	12.884031437672297	11.759314890752803	15.94114338257885	14.255046875298184	14.869032096678357	17.84705555374203	16.361152927867973
K10804	58.7074439531316	62.40665378383491	54.52639637307685	47.96443262864554	60.90588607520247	51.48710174649023	49.32954337929592	59.10203414412591	54.551537363761426	49.095139668892955	54.50842575978575	57.232949394853904	58.17508807825407	62.010955737578236	62.07117811809705
K10805	65.68496802952839	66.39005721684565	63.45328427486377	67.56728770296155	68.34040738015676	69.62460349809474	64.01755348661436	64.53303187628883	62.501258889133695	69.67394072771036	50.65169752206506	50.8500925850189	55.75887036254384	52.331196793175785	50.770175580291344
K10806	67.60980225749992	68.66628774999465	63.6945515154526	64.02209050867036	53.185421643134546	80.15605612805865	70.94586014100986	62.29673869245703	71.54749372835042	68.20402636636625	73.79206694838919	73.19009141944143	69.51272505197132	65.79211157523545	78.93834608497126
K10820	5.293294126921702	5.311204577347652	8.20308618002041	5.2135252857223415	6.862635050727039	6.435887718311279	4.156983992637296	7.6672909159947125	4.660181583838916	7.055588934451682	4.628073885264827	6.595618703496175	5.204161233837425	6.201095573757824	7.252882225755906
K10823	960.9734883147853	797.2497442354351	879.9016264274835	897.5605131899583	1004.2322624230566	1095.8561542179114	986.0366030535668	1105.048303267738	935.3258567093164	1158.8804824836886	145.78432738584206	143.18875443396536	179.35769966618267	142.47395196292365	145.56365955412434
K10824	1.9248342279715278	1.7071728998617453	1.930137924710685	1.4597870800022557	2.5734881440226394	3.51048420998797	3.325587194109837	1.277881819332452	1.644769970766676	2.9398287226882007	1.5426912950882758	3.191428404917504	1.8586290120847946	2.268693502594326	1.68671679668742
K10829	4.571481291432379	7.018377477209397	4.825344811776712	3.128115171433405	4.861033160931652	4.973185964149624	4.434116258813116	5.750468186996034	7.949721525372268	5.291691700838761	44.73804755756	42.76514062589455	36.614991538070456	35.24037240696519	37.10776952712324
K10831	6.496315519403907	3.4143457997234905	3.86027584942137	2.29395112571783	4.289146906704399	4.680645613317294	4.711248524988936	3.8336454579973562	4.11192492691669	4.409743084032301	1.799806510936322	1.7020951492893355	2.416217715710233	2.873678436619479	2.024060156024904
K10857	60.63227818110313	55.76764806215035	53.5613274107215	55.47190904008571	75.2030424308838	60.26331227146016	56.81211456604305	62.61620914729015	62.501258889133695	59.09055732603284	55.536886623177935	54.25428288359757	52.599201041999684	49.91125705707517	49.926817181947634
K10906	16.601695216254427	22.003561820440275	22.196586134172875	18.977232040029325	17.442530753931223	20.47782455826316	16.905068236725004	15.97352274165565	15.625314722283424	18.226938080666844	9.5132629863777	11.489142257703014	13.196265985802041	9.528512710896168	10.96365917846823
K10914	768.4900655176325	753.0529347167922	656.9706961233994	662.1177112867374	711.426500258703	926.7678314368242	813.383201226031	732.5457529323281	869.5350578786495	1005.7154060316335	867.7638534871552	880.8342397572311	956.2646267176268	825.3506962438157	834.0814559619291
K10939	46.19602147131667	44.00712364088055	45.84077571187877	42.12528430863652	31.739687109612554	35.982463152376695	36.858591401384025	31.308104573645075	27.961089503033495	28.516338610075547	81.24840820798254	79.7857101229376	84.75348295106663	91.65521750481076	87.87794510741458
K10972	1.9248342279715278	2.46591641091141	2.8952068870660272	2.29395112571783	2.859431271136266	2.047782455826316	1.3856613308790988	2.236293183831791	1.9188982992277888	2.3518629781505607	1.028460863392184	2.127618936611669	1.3010403084593563	3.1761709036320562	2.361403515362388
K10973	179.49079175834498	161.42268197581615	197.8391372828452	194.5687636631578	171.27993314106234	184.59296137520076	154.0855399937558	185.61233425803866	167.49240868973985	179.32955208398025	178.43795979854391	147.01846851986636	172.48077232146895	169.84952022756187	176.43057693350414
K10974	155.18975963020443	171.09666174169936	139.93499954152466	121.57940966304501	122.95554465885944	362.4574946812579	296.80865707430297	162.2909910552214	309.2167545041351	277.5198314217661	414.4697279470501	377.6523612485713	371.1682137133335	346.05138226238785	372.93308374758857
K10975	0.721812835489323	1.138115266574497	1.4476034435330136	0.41708202285778734	0.8578293813408798	0.5850807016646618	0.27713226617581976	0.9584113644993391	1.0965133138444507	0.5879657445376402	0.257115215848046	0.21276189366116693	0.5575887036254384	0.15124623350628838	0.84335839834371
K10984	1.9248342279715278	1.7071728998617453	2.412672405888356	1.876869102860043	1.1437725084545063	1.4627017541616543	1.3856613308790988	1.277881819332452	0.2741283284611127	1.7638972336129204	0.514230431696092	1.0638094683058346	0.5575887036254384	0.30249246701257676	1.012030078012452
K10985	0.721812835489323	1.327801144336913	0.7238017217665068	1.251246068573362	0.28594312711362657	0.8776210524969925	1.3856613308790988	0.638940909666226	1.0965133138444507	1.1759314890752803	1.28557607924023	0.42552378732233387	0.0	0.6049849340251535	0.84335839834371
K10986	1.684229949475087	2.086544655386578	3.3777413682436985	2.29395112571783	1.429715635568133	1.4627017541616543	2.217058129406558	3.19470454833113	1.9188982992277888	2.6458458504193807	0.514230431696092	2.127618936611669	1.8586290120847946	2.268693502594326	1.8553884763561619
K11065	1152.9757025549452	1137.5462089412097	966.2752985582866	1096.0915560702651	1448.015995703405	1503.949943629013	1393.9752988643734	1432.1860490168456	1352.823300955591	1197.3922387509042	1934.27776882485	1737.4136236370891	1648.0463450155873	1562.2223458864528	1609.4651673991361
K11066	47.158438585302434	48.369898829416115	57.662870500731714	55.47190904008571	48.610331609316525	42.12581051985564	40.18417859549387	48.559509134633174	40.29686428378356	36.15989328906487	47.30919971604046	45.74380713715089	52.599201041999684	48.70128718902486	47.734085346253984
K11068	24.30103212814054	24.659164109114098	29.67587059242678	31.28115171433405	30.024028346930795	19.307663154933834	22.72484582641722	30.03022275431262	21.930266276889014	26.164475631924986	49.10900622697678	45.956569030812055	47.9526285117877	47.188824853961975	43.85463671387292
K11069	278.8603587773751	268.9745746671061	323.7806368702174	296.9624002747446	307.3888616471486	315.94357889891734	293.4830698801931	314.6783980106163	315.5217060587407	364.8327444856057	384.90147812452483	394.88607463512585	359.45885093719926	378.8718149332524	376.13784566129465
K11070	37.293663166948356	34.52282975275974	35.46628436655884	40.87403824006316	31.739687109612554	44.46613332651429	36.581459135208206	38.33645457997356	41.1192492691669	45.27336232939829	53.73708011224161	63.19028241736658	58.91853968308799	65.64086534172915	54.312280853334926
K11071	19.48894655821172	23.33136296477719	27.263198186538425	25.442003394325027	20.016018897953863	38.03024560820301	26.881829819054516	24.279754567316587	38.65209431301689	38.80573913948425	51.937273601305286	39.57371222097705	36.800854439278936	43.861407716823635	34.40902265242337
K11072	43.789978686352256	65.8209995835584	66.58975840251863	61.102516348665844	58.0464548040662	66.11411928810678	67.89740521307584	71.56138188261731	85.25391015140605	97.30833072097944	117.50165364255702	105.31713736227763	101.85286986224675	101.78871514973208	97.82957420787035
K11073	258.64959938367406	204.10200447235977	203.62955105697725	201.65915805174018	248.77052058885513	202.43792277597294	197.04104125100784	211.4894410995208	205.04798968891228	254.00120164026055	252.48714196278115	220.42132183296894	239.0196909541046	231.40673726462123	229.7308277088266
K11074	29.594326255062242	23.521048842539603	23.64418957770589	24.607839348609453	19.158189516612982	23.40322806658647	16.073671438197547	18.529286380320556	23.575036247655692	16.169057974785105	25.197291153108505	28.084569963274035	28.251160983688877	27.98055319866335	26.650125387661234
K11075	37.5342674454448	20.865446553865777	24.850525780650067	24.607839348609453	19.158189516612982	23.40322806658647	21.893449027889762	23.32134320281725	18.640726335355662	20.578801058817405	23.911715073868276	27.871808069612868	26.95012067522952	29.19052306671366	33.90300761341714
K11076	62.316508130578214	56.71607745096243	53.80259465131034	59.85127028009248	63.47937421922511	53.82742455314887	59.30630496162543	63.255150056956374	54.825665692222536	53.210899880656434	82.01975385552667	70.63694869550743	78.99173301360378	74.86688558561275	75.73358417126515
K11085	163.85151365607632	199.5495434060618	161.40778395393102	169.75238330311944	174.42530753931223	242.80849119083462	208.9577286965681	223.6293183831791	221.22156106811795	254.29518451252937	211.86293785878988	219.9957980456466	233.62966681905868	232.16296843215267	209.82756950791506
K11102	42.8275615723665	45.145238907455045	69.48496528958465	53.17795791436789	44.60712782972575	45.051214028178954	44.8954271204828	42.80904094763714	35.91081102840576	40.86361924536599	59.65073007674667	55.9563780328869	59.66199128792191	56.71733756485814	59.70977460273467
K11103	25.02284496362986	98.25728468093156	70.20876701135117	77.57725625154845	67.48257799881588	55.875207008975195	85.07960571597667	73.15873415678288	83.06088352371714	45.27336232939829	81.76263863967863	44.041711987861554	53.156789745625126	59.893508468490204	65.10726835213441
K11104	14.917465266779342	14.79549846546846	17.853775803573836	16.4747399028826	15.440928864135836	11.701614033293234	14.133745574966808	11.181465919158954	9.04623483921672	9.995417657139882	15.169797735034713	10.850856576719513	15.426620800303795	14.06589971608482	13.999749412505587
K11105	42.58695729387006	47.990527073891286	38.602758494213695	41.70820228577873	37.458549651885086	47.391536834837595	41.569839926372964	44.72586367663582	39.474479298400226	38.21777339494661	39.85285845644713	45.956569030812055	45.53641079607747	47.79380978798713	42.84260663586047
K11106	4.812085569928819	4.552461066297988	5.307879292954383	6.25623034286681	4.861033160931652	3.803024560820301	6.928306654395494	3.514175003164243	3.563668269994465	4.409743084032301	4.3709586694167815	6.170094916173841	5.761749937462864	6.049849340251535	4.554135351056034
K11107	20.691967950693925	20.10670304281611	20.26644820946219	16.266198891453705	18.58630326238573	15.212098243281204	15.519406905845907	25.55763638664904	20.011367977661227	30.574218715957286	29.311134606677243	38.93542653999355	37.54430604411285	39.172774478128694	42.33659159685424
K11139	8.421149747375434	6.259633966159733	13.75223271356363	10.635591582873577	6.004805669386158	3.2179438591556395	3.325587194109837	4.1531159128304695	3.563668269994465	3.821777339494661	3.599613021872644	1.7020951492893355	2.2303548145017538	3.3274171371383443	3.036090234037356
K11175	108.75313388039133	112.48372551311277	96.02436175435658	105.52175178302019	123.81337404020032	118.478842087094	158.5196562525689	111.49518873675645	156.25314722283423	130.2344124150873	187.43699235322552	193.6133232316619	205.93609453899523	194.35141005558057	187.5629077916411
K11177	8.902358304368317	10.243037399170472	17.612508562985	11.261214617160258	11.151781957431437	10.823992980796241	5.819777589692215	8.625702280494052	7.12733653998893	9.701434784871063	5.14230431696092	4.467999766884506	8.549693455590056	4.68863323869494	5.397493749399744
K11178	1.443625670978646	2.46591641091141	5.066612052365548	4.379361240006767	2.859431271136266	1.755242104993985	3.048454927934017	4.792056822496695	1.0965133138444507	4.115760211763481	0.514230431696092	0.21276189366116693	1.3010403084593563	1.6637085685691722	2.192731835693646
K11179	48.1208556992882	44.76586715193021	52.596258448366164	41.916743297207624	46.608729719521136	37.15262455570602	50.992336976350835	43.44798185730337	42.76401923993358	40.86361924536599	35.48189978703034	48.08418796742372	44.23537048761811	42.65143784877333	43.51729335453543
K11183	33.443994711005296	21.813875942677857	29.434603351837946	28.36157755432954	40.31798092302135	10.23891227913158	26.05043302052706	26.835518205981494	12.884031437672297	21.166766803355046	18.255180325211263	16.59542770557102	19.701467528098824	19.5107641223112	16.8671679668742
K11192	11.789609646325609	12.139896176794634	12.545896510619452	12.721001697162514	10.008009448976932	10.23891227913158	15.519406905845907	10.223054554659615	13.706416423055634	14.405160741172184	10.541723849769886	10.212570895736013	12.824540183385082	14.06589971608482	8.4335839834371
K11200	1.2030213924822049	0.9484293888120807	1.930137924710685	1.0427050571444683	1.429715635568133	0.8776210524969925	1.108529064703279	1.277881819332452	0.822384985383338	0.5879657445376402	0.257115215848046	1.4893332556281684	1.1151774072508769	0.30249246701257676	0.506015039006226
K11201	0.721812835489323	0.0	0.2412672405888356	0.41708202285778734	0.5718862542272531	0.5850807016646618	1.6627935970549186	0.0	0.5482566569222254	1.1759314890752803	0.514230431696092	0.21276189366116693	1.1151774072508769	0.45373870051886517	1.012030078012452
K11202	1.1228199663167244	1.011658014732886	1.0454913758849542	0.625623034286681	1.3344012598635908	0.9751345027744361	1.2009064867618857	0.7454310612772637	1.0051372043574132	1.1759314890752803	0.5142304316960921	0.7092063122038897	0.7434516048339179	0.8570619898689675	0.674686718674968
K11203	2.0050356541370085	2.149773281307383	1.5280258570626255	1.3902734095259577	1.3344012598635908	1.4627017541616543	0.4618871102930329	1.597352274165565	0.9137610948703756	1.2739257798315535	1.3712811511895786	1.6311745180689465	1.4249489092650094	1.512462335062884	1.574269010241592
K11208	17.32350805174375	14.985184343230875	24.12672405888356	23.98221631432277	15.726871991249462	11.994154384125565	10.253893848505331	15.334581831989425	9.594491496138945	8.525503295795781	7.456341259593334	8.084951959124343	7.248653147130699	7.864804142326996	8.602255663105842
K11209	109.71555099437708	93.60998067575237	109.65596084762578	99.99541498015452	94.50420351105359	82.0575684084688	74.41001346820761	96.48007735960013	84.56858933025327	88.04787024451161	67.10707133634	72.23266289796616	72.39360002070275	64.6577648239383	73.03483729656529
K11216	14.43625670978646	11.381152665744969	11.339560307675274	12.303919674304726	10.008009448976932	12.286694734957896	12.748084244087709	13.098288648157633	12.061646452288958	12.053297763021623	9.770378202225748	6.595618703496175	7.992104751964617	12.704683614528225	8.264912303768359
K11249	24.30103212814054	15.554241976518124	16.647439600629657	21.06264215431826	20.87384827929474	17.552421049939852	15.242274639670088	20.765579564152347	18.09246967843344	17.932955208398024	12.855760792402299	12.340189832347683	13.382128887010522	14.670884650109974	12.650375975155649
K11250	19.248342279715278	22.951991209252355	27.021930945949588	25.859085417182815	23.44733642331738	21.940526312424815	24.66477168964796	23.640813657650362	22.75265126227235	23.224646909236785	6.942110827897242	7.021142490818509	6.8769273447137405	7.864804142326996	6.072180468074712
K11258	6.255711240907465	7.208063354971814	9.650689623553424	9.592886525729108	11.437725084545065	14.04193683995188	11.91668744556025	8.306231825660939	10.416876481522282	11.759314890752803	22.111908562931955	14.893332556281685	15.612483701512275	14.217145949591108	17.373183005880424
K11264	4.330877012935938	4.362775188535571	3.136474127654863	3.128115171433405	4.861033160931652	2.6328631574909775	4.711248524988936	3.19470454833113	3.8377965984555775	5.8796574453764014	5.9136499645050575	5.319047341529173	3.9031209253780688	3.3274171371383443	4.722807030724776
K11391	14.6768609882829	15.174870220993292	10.857025826497603	10.009968548586896	14.869042609908583	13.74939648911955	21.893449027889762	17.890345470654328	17.54421302151121	19.402869569742126	22.883254210476093	25.1059034520177	22.117685243809056	24.50188982801872	20.0719298805803
K11392	28.631909141076477	32.62597097513558	26.53939646477192	29.6128236229029	29.166198965589913	30.716736837394738	29.376020214636895	35.46122048647555	34.266041057639086	34.102013183183125	37.281706297966664	38.509902752671216	37.17258024169589	34.937879939952616	33.7343359337484
K11472	3.1278556204537327	3.4143457997234905	2.8952068870660272	3.3366561828622987	4.861033160931652	1.755242104993985	1.6627935970549186	3.19470454833113	3.0154116130722395	1.7638972336129204	3.0853825901765517	2.3403808302728364	2.6020806169187125	3.478663370644633	2.024060156024904
K11473	14.195652431290018	10.812095032457721	14.958568916507808	14.389329788593663	8.864236940522424	10.53145262996391	7.759703452922953	8.306231825660939	10.691004809983395	10.583383401677523	14.912682519186667	9.148761427430179	12.638677282176603	12.855929848034513	12.650375975155649
K11474	6.496315519403907	8.156492743783895	6.03168101472089	4.796443262864554	8.578293813408798	26.328631574909778	14.410877841142627	10.861995464325842	12.335774780750071	12.641263507559263	13.112876008250344	12.765713619670016	15.612483701512275	18.45204048776718	15.011779490518038
K11477	10.827192532339845	7.018377477209397	12.304629270030617	11.261214617160258	10.293952576090557	11.409073682460903	14.410877841142627	10.223054554659615	13.158159766133409	10.583383401677523	13.112876008250344	12.127427938686514	8.921419258007015	14.519638416603685	12.650375975155649
K11530	4.0902727344394965	3.604031677485907	4.342810330599041	4.170820228577873	3.4313175253635193	0.8776210524969925	3.325587194109837	3.19470454833113	3.8377965984555775	4.703725956301121	2.056921726784368	1.7020951492893355	1.3010403084593563	2.419939736100614	1.8553884763561619
K11531	13.714443874297137	9.294608010358392	11.580827548264109	13.138083720020301	13.43932697434045	10.53145262996391	14.410877841142627	10.861995464325842	15.077058065361198	13.523212124365724	8.741917338833563	7.872190065463177	10.40832246767485	9.831005177908745	8.096240624099616
K11534	76.2715562833718	72.08063354971814	59.83427566603123	58.18294218866133	74.0592699224293	100.92642103715414	87.57379611155905	79.22867279861202	93.47776000523943	87.60689593610839	76.1061038910216	76.80704361168127	77.31896690272745	76.07685545366306	75.22756913225894
K11535	128.4826847170995	126.33079458976916	122.80502545971733	104.47904672587572	107.5146157947236	126.0848912087346	145.21730747612955	107.02260236909285	129.11444270518408	136.4080527327325	177.15238371930369	182.97522854860355	197.2005381821967	166.97584179094238	178.2859654098603
K11537	12.51142248181493	7.587435110496646	10.374491345319932	8.341640457155746	9.436123194749678	7.313508770808271	10.253893848505331	7.347820461161599	8.772106510755606	8.231520423526963	7.456341259593334	7.021142490818509	9.479007961632453	9.074774010377304	7.59022558509339
K11645	815.8891083814314	898.1626312050405	1146.9844617593244	1180.5506656989671	1107.4577313110758	916.2363788068602	750.1970445379441	1162.8724555925314	900.7856873232163	963.6758552971922	367.4176434468577	304.8877936164522	308.16069020365893	315.197150627105	329.92180543205933
K11685	81.32424613179705	101.29225872513022	77.9293187101939	70.90394388582385	58.61834105829345	81.91129823305263	95.88776409683364	62.61620914729015	97.58968493215612	77.02351253443086	366.1320673676175	387.8649321443073	349.0505284695244	365.2596539176865	335.65664254079655
K11688	0.721812835489323	0.5690576332872485	0.4825344811776712	1.4597870800022557	1.1437725084545063	0.5850807016646618	0.8313967985274593	0.9584113644993391	1.0965133138444507	0.8819486168064602	0.257115215848046	0.8510475746446677	0.3717258024169589	0.30249246701257676	0.337343359337484
K11689	0.48120855699288195	0.18968587776241616	0.2412672405888356	0.20854101142889367	0.0	0.0	1.108529064703279	0.0	0.0	0.2939828722688201	0.257115215848046	0.0	0.18586290120847945	0.30249246701257676	0.337343359337484
K11690	0.721812835489323	0.5690576332872485	0.7238017217665068	2.0854101142889365	1.429715635568133	0.8776210524969925	1.3856613308790988	0.638940909666226	0.822384985383338	0.5879657445376402	1.028460863392184	1.4893332556281684	1.1151774072508769	0.45373870051886517	1.518045117018678
K11717	23.338615014154776	29.97036868646175	43.18683606540157	42.7509073429232	34.885061507862446	31.88689824072406	33.25587194109837	40.25327730897224	30.154116130722397	31.456167332763748	148.35547954432252	127.444374303039	77.13310400151897	85.60536816455922	97.66090252820162
K11719	87.82056165120096	85.54833087084968	98.67830140083376	84.04202760584414	83.49539311717896	83.37399998721429	69.56019881013076	75.07555688578155	69.35446710066151	81.72723849073198	85.87648209324736	87.65790018840077	110.77428912025375	93.7726647738988	91.25137870078942
K11720	110.67796810836285	99.39539994750606	94.81802555141239	95.92886525729108	101.22386699822381	110.8727929654534	98.93621902476765	126.51030011391275	105.26527812906727	110.53755997307634	106.18858414524298	136.80589762413032	123.9705551060558	136.27285638916584	128.1904765482439
K11732	41.86514445838073	64.87257019474632	46.0820429524676	43.585071388638774	54.90108040581631	61.433473674789475	69.56019881013076	54.94891823129544	82.78675519525603	75.84758104535558	69.42110827897241	57.871235075837404	69.88445085438828	64.73338794069143	60.04711796207215
K11733	208.12270089942146	197.65268462843764	211.59136999640884	201.65915805174018	173.56747815797135	88.63972630219625	131.36069416733858	110.85624782709021	167.21828036127874	144.05160741172185	335.02112625000393	382.97140859010045	360.2023025420332	363.2934528821047	346.62030171926483
K11734	311.34193637439466	287.3741048100605	292.6571628342576	273.1887249718507	252.77372436844593	360.40971222543163	309.2796090522149	261.9657729631527	302.6376746210684	367.4785903360251	476.17737975058117	513.1816875107346	557.2169778230215	506.06989731204095	468.738597799434
K11735	12.752026760311372	10.622409154695305	13.510965472974794	12.095378662875833	13.43932697434045	15.212098243281204	12.47095197791189	13.417759102990747	15.35118639382231	18.226938080666844	13.112876008250344	11.489142257703014	10.40832246767485	13.460914782059666	9.614285741118294
K11736	54.376566940195666	55.008904551100684	60.55807738779774	54.220662971512354	59.47617043963433	62.89617542895113	59.02917269544961	61.65779778279081	63.87190053143926	73.20173519493619	48.851891011128735	49.99904501037423	46.837451104536825	51.27247315863176	46.04736854956656
K11737	292.8154069301687	267.26740176724434	227.27374063468315	245.24422944037894	287.94472900342197	366.8455999437429	327.0160740874673	319.470454833113	310.3132678179796	393.34908309568124	239.63138117037886	264.03751003350817	262.99600520999843	238.3640640059105	250.64611598775062
K11738	13.955048152793577	13.088325565606715	13.028430991797123	12.51246068573362	10.293952576090557	17.84496140077218	18.013597301428284	9.903584099826503	16.995956364588988	13.523212124365724	18.769410756907355	22.76552262174486	17.28524981238859	17.695809320235742	19.56591484157407
K11739	32.96278615401241	30.539426319749	30.39967231419329	31.072610702905155	32.88345961806706	26.036091224077445	29.653152480812714	34.18333866714309	33.991912729177976	26.752441376462627	28.025558527437013	26.169712920323533	27.32184647764648	30.551739168270252	23.276691794286396
K11740	13.714443874297137	14.605812587706044	16.40617236004082	12.721001697162514	15.726871991249462	12.579235085790227	10.53102611468115	12.77881819332452	12.061646452288958	11.759314890752803	12.598645576554253	14.680570662620518	14.311443393052919	9.982251411415033	13.662406053168102
K11741	21.65438506467969	23.521048842539603	22.920387855939385	22.522429234320516	14.583099482794957	14.627017541616542	14.688010107318448	20.44610910931923	17.818341349972325	12.641263507559263	16.198258598426897	24.04209398371186	18.400427219639468	22.989427492955834	17.204511326211684
K11742	2.4060427849644097	3.793717555248323	2.6539396464771916	2.0854101142889365	3.1453743982498925	2.9254035083233085	0.5542645323516395	2.236293183831791	1.3706416423055634	0.5879657445376402	2.056921726784368	2.553142723934003	2.416217715710233	3.1761709036320562	2.867418554368614
K11743	1.2030213924822049	1.8968587776241614	0.4825344811776712	1.0427050571444683	1.1437725084545063	0.8776210524969925	0.8313967985274593	1.277881819332452	0.2741283284611127	0.8819486168064602	3.599613021872644	5.319047341529173	2.6020806169187125	3.0249246701257677	2.698746874699872
K11744	18.526529444225957	22.762305331489937	12.787163751208288	18.14306799431375	16.01281511836309	16.96734034827519	23.27911035876886	21.08505001898546	16.44769970766676	19.108886697473306	24.425945505564368	22.12723694076136	23.604588453476893	21.77945762490553	25.300751950311298
K11745	30.556743369048007	24.659164109114098	35.948818847736504	30.23844665718958	27.16459707579453	29.839115784897746	24.11050715729632	26.835518205981494	26.316319532266817	32.33811594957021	33.93920849194207	28.935617537918702	31.41083030423303	31.76170903632056	29.854887301367334
K11746	9.86477541835408	8.346178621546311	9.89195686414226	14.389329788593663	10.865838830317811	9.361291226634588	11.63955517938443	11.500936373992069	12.061646452288958	6.173640317645222	6.684995612049195	8.723237640107845	8.363830554381575	8.621035309858438	8.264912303768359
K11747	29.3537219765658	31.48785570856108	27.021930945949588	32.74093879433631	34.885061507862446	40.66310876569399	33.81013647345001	36.739102305808	31.250629444566847	32.63209882183903	62.73611266692322	54.25428288359757	59.84785418913039	58.38104613342732	61.22781971975334
K11748	14.917465266779342	17.451100754142285	12.787163751208288	17.517444960027067	18.3003601352721	22.525607014089477	13.302348776439349	20.12663865448612	18.36659800689455	19.108886697473306	26.22575201650069	27.446284282290534	29.180475489731275	29.795508000738813	29.34887226236111
K11749	364.75608620060456	319.4310181519088	298.4475766083897	318.02504242906286	332.83779996026135	341.68712977216245	355.2835652374009	345.0280912197621	349.23949045945756	336.02242300326134	394.67185632675057	398.2902649337045	418.37739062028726	422.733222650076	428.42606635860466
K11750	90.22660443616537	84.22052972651277	71.41510321429534	81.33099445726853	91.21585754924689	70.50222455059173	83.69394438509757	79.86761370827826	78.40070193987823	87.31291306383956	77.39167997026183	71.91352005747443	69.51272505197132	74.41314688509388	69.66140370319044
K11751	193.68644418963498	163.3195407534403	153.68723225508828	159.11679172024586	178.71445444601662	169.08832278108724	152.9770109290525	164.5272842390532	151.0447089820731	179.32955208398025	169.18181202801426	141.27389739101486	161.1431353477517	158.35480648108393	159.22606560729244
K11752	77.71518195435044	84.22052972651277	71.89763769547301	72.78081298868389	85.49699500697436	86.00686314470526	95.88776409683364	91.36855008227032	93.20363167677831	79.37537551258141	91.53301684190437	88.08342397572311	93.11731350544821	83.03418219495232	86.69724334973338
K11753	210.047535127393	197.27331287291278	193.01379247106848	185.39295916028647	205.59310839469754	245.44135434832558	242.21360063766647	211.4894410995208	235.75036247655692	214.01953101170102	247.60195286166828	200.2089419351581	199.9884817003239	205.08989263452705	204.0927323991778
K11754	89.74539587917249	85.7380167486121	69.48496528958465	78.20287928583512	100.36603761688293	115.84597892960302	105.31026114681151	99.35531145309814	130.75921267595075	120.23899475794741	112.87357975729219	102.55123274468247	100.3659666525789	110.7122429266031	104.74511307428878
K11755	442.471268154955	354.7125914157182	349.5962316132228	413.74536667492504	509.264709389369	503.7544841332737	478.0531591532891	505.08278909115165	508.78217762382513	618.8339461258663	229.86100296815312	258.0801770109955	239.20555385531307	251.97622502147644	241.3691736059698
K11920	5.293294126921702	5.690576332872484	5.066612052365548	8.758722480013533	6.004805669386158	7.02096841997594	5.265513057340575	5.750468186996034	4.11192492691669	4.409743084032301	6.427880396201149	4.255237873223338	5.390024135045905	5.444864406226382	4.385463671387292
K11921	8.661754025871875	7.777120988259062	11.822094788852946	9.592886525729108	11.437725084545065	7.313508770808271	9.422497049977872	8.306231825660939	13.706416423055634	10.289400529408702	9.256147770529655	11.70190415136418	9.664870862840932	9.982251411415033	10.794987498799488
K11922	18.045320887233075	19.34795953176645	13.75223271356363	17.517444960027067	14.583099482794957	18.137501751604514	17.459332769076646	14.695640922323198	15.077058065361198	16.757023719322746	23.397484642172184	19.36133232316619	20.259056231724262	18.75453295477976	19.22857148223659
K11924	44.75239580033802	59.9407373729235	35.948818847736504	49.63276072007669	55.75890978715719	76.35303156723835	74.54857960129551	70.60297051811797	71.2733653998893	73.49571806720502	67.10707133634	65.31790135397824	64.68028962055085	55.9611063973267	62.57719315710328
K11925	20.210759393701043	24.09010647582685	21.714051652995206	24.816380360038345	23.161393296203755	16.382259646610528	26.881829819054516	19.16822728998678	22.204394605350128	22.636681164699144	25.968636800652643	27.446284282290534	21.7459594413921	21.325718924386663	25.132080270642557
K11927	22.13559362167257	27.12508052002551	21.714051652995206	23.565134291464982	23.44733642331738	21.355445610760153	30.207417013164353	28.75234093498017	32.347142758411294	29.69227009915083	33.16786284439793	29.999427006224536	28.808749687314318	35.84535734099035	31.541604098054755
K11928	39.45910167341632	44.95555302969263	37.15515505068068	36.2861359886275	55.47296666004356	68.16190174393309	61.52336309103199	49.517920499132515	58.66346229067811	68.79199211090389	75.59187345932551	63.82856809835008	61.334757398798224	65.79211157523545	64.93859667246566
K11929	5.293294126921702	6.828691599446981	6.755482736487397	7.716017422869066	5.4329194151589055	8.483670174137595	9.145364783802052	6.708879551495373	5.756694897683366	7.055588934451682	12.598645576554253	9.574285214752512	6.505201542296781	7.108572974795554	9.782957420787035
K11930	14.195652431290018	20.865446553865777	19.78391372828452	17.308903948598175	19.730075770840234	14.04193683995188	14.965142373494267	15.97352274165565	17.54421302151121	9.701434784871063	4.113843453568736	7.446666278140842	4.832435431420466	5.293618172720094	4.385463671387292
K11931	38.256080280934114	39.83403433010739	21.955318893584042	18.14306799431375	24.019222677544633	23.695768417418797	33.25587194109837	21.08505001898546	29.057602816877946	28.810321482344367	3.599613021872644	6.382856809835008	6.133475739879822	5.59611063973267	5.2288220697310015
K11932	766.8058355681575	897.5935735717533	362.8659298456088	477.5589161721665	876.4156846032655	839.0057261871249	916.1992719772601	704.4323529070142	753.3046466111376	721.4339685476845	343.7630435888375	398.2902649337045	474.1362609828311	421.37200654851944	438.71503881839794
K11933	2.646647063460851	1.8968587776241614	1.206336202944178	2.29395112571783	2.859431271136266	1.1701614033293235	3.048454927934017	1.277881819332452	3.0154116130722395	3.2338115949570208	1.5426912950882758	1.9148570429505023	3.9031209253780688	1.8149548020754607	2.867418554368614
K11934	6730.182878102447	6173.8959494111205	4247.992305047629	5239.175830128095	6638.169695942842	7557.4874234024355	6688.58724415341	6538.921269524157	6858.416649768578	7870.80343925312	6053.263526710546	7095.396391706256	6824.699869474158	6198.373141554711	6534.340870367065
K11935	66.64738514351416	89.15236254833559	43.910637787168085	51.50962982293674	62.90748796499785	53.82742455314887	67.06600841454838	48.240038679800065	62.775387217594805	67.61606062182862	6.170765180353103	11.914666045025347	13.753854689427481	12.704683614528225	12.313032615818166
K11936	24.541636406636982	25.797279375688596	13.028430991797123	13.555165742878089	24.877052058885514	14.919557892448873	25.496168488175417	18.84875683515367	17.270084693050098	17.638972336129203	2.828267374328506	3.8297140859010046	2.787943518127192	2.419939736100614	3.542105273043582
K11937	21.173176507686808	22.951991209252355	12.545896510619452	14.80641181145145	23.44733642331738	12.579235085790227	23.55624262494468	14.376170467490086	19.18898299227789	18.520920952935665	4.3709586694167815	4.89352355420684	7.620378949547658	7.411065441808131	8.096240624099616
K11938	55.579588332677865	50.07707172927786	41.49796538127973	46.29610453721439	34.313175253635194	34.81230174904737	29.930284746988534	32.266515938144416	30.154116130722397	33.80803031091431	21.597678131235863	37.233331390704215	39.58879795740613	35.08912617345891	31.541604098054755
K11939	6.977524076396788	11.950210299032218	9.409422382964589	10.84413259430247	12.867440720113198	10.23891227913158	11.91668744556025	10.223054554659615	14.802929736900085	12.347280635290444	11.055954281465977	10.212570895736013	7.620378949547658	11.040975045959053	9.108270702112067
K11940	240.36367421794455	258.3521655124108	216.1754475675967	208.95809345175144	215.60111784367444	172.01372628941053	196.48677671865622	199.66903427069562	204.77386136045118	200.20233601506646	170.21027289140645	158.50761077756937	157.6117402247906	150.03626363823807	165.63558943470463
K11941	14.195652431290018	21.813875942677857	15.682370638274316	18.76869102860043	18.872246389499356	25.743550873245116	20.230655430834844	15.654052286822537	22.204394605350128	23.812612653774426	20.312102051995634	26.169712920323533	30.29565289698215	25.56061346256274	21.25263163826149
K11991	21.41378078618325	28.07350990883759	21.955318893584042	22.73097024574941	17.442530753931223	28.08387367990376	27.990358883757796	22.043461383484797	22.47852293381124	24.988544142849705	25.197291153108505	27.233522388629368	23.418725552268413	25.25812099555016	23.951378512961362
K12111	7.458732633389671	5.880262210634901	9.409422382964589	7.92455843429796	5.718862542272532	7.313508770808271	5.542645323516395	5.430997732162921	6.853208211527817	4.115760211763481	5.399419532808966	7.659428171802009	8.735556356798535	5.898603106745247	5.397493749399744
K12112	0.48120855699288195	0.5690576332872485	1.4476034435330136	1.0427050571444683	0.0	1.4627017541616543	0.5542645323516395	0.0	0.5482566569222254	0.2939828722688201	0.7713456475441379	0.21276189366116693	0.3717258024169589	0.15124623350628838	0.168671679668742
K12113	21.894989343176128	19.917017165053696	19.301379247106848	22.939511257178303	15.726871991249462	28.376414030736093	24.11050715729632	21.08505001898546	23.30090791919458	21.460749675623866	22.36902377878	28.084569963274035	27.507709378854962	24.955628528537584	27.493483786004944
K12136	0.48120855699288195	0.7587435110496646	1.930137924710685	0.8341640457155747	0.5718862542272531	0.0	0.5542645323516395	0.319470454833113	0.0	0.5879657445376402	0.514230431696092	0.8510475746446677	0.18586290120847945	0.45373870051886517	0.168671679668742
K12137	5.052689848425261	4.173089310773156	5.307879292954383	6.047689331437916	3.7172606524771457	4.388105262484963	5.265513057340575	3.8336454579973562	5.482566569222254	2.9398287226882007	2.828267374328506	4.680761660545673	4.832435431420466	3.0249246701257677	2.361403515362388
K12138	1.2030213924822049	0.9484293888120807	1.4476034435330136	1.251246068573362	1.1437725084545063	0.2925403508323309	1.6627935970549186	2.236293183831791	2.1930266276889014	0.5879657445376402	1.028460863392184	1.2765713619670016	0.3717258024169589	0.9074774010377303	1.180701757681194
K12139	1.684229949475087	0.7587435110496646	1.930137924710685	1.4597870800022557	1.1437725084545063	1.1701614033293235	0.27713226617581976	0.9584113644993391	1.0965133138444507	1.1759314890752803	0.7713456475441379	0.21276189366116693	1.3010403084593563	0.7562311675314419	0.674686718674968
K12140	1.9248342279715278	1.5174870220993293	1.930137924710685	1.251246068573362	1.7156587626817597	2.047782455826316	0.8313967985274593	1.597352274165565	1.9188982992277888	1.4699143613441004	1.028460863392184	2.3403808302728364	0.9293145060423973	1.5124623350628839	0.674686718674968
K12141	5.052689848425261	7.966806866021479	5.307879292954383	8.133099445726852	6.004805669386158	6.728428069143609	5.819777589692215	6.069938641829147	6.304951554605592	4.115760211763481	4.628073885264827	4.467999766884506	4.646572530211986	4.537387005188652	3.37343359337484
K12142	6.977524076396788	7.587435110496646	7.238017217665068	7.507476411440172	8.578293813408798	8.191129823305264	5.542645323516395	9.264643190160278	6.853208211527817	6.761606062182862	5.14230431696092	6.170094916173841	5.575887036254384	6.049849340251535	7.7588972647621315
K12143	3.1278556204537327	3.0349740441986586	1.930137924710685	2.7110331485756176	2.2875450169090126	1.755242104993985	3.325587194109837	2.875234093498017	1.9188982992277888	3.527794467225841	3.599613021872644	2.127618936611669	2.044491913293274	1.6637085685691722	2.361403515362388
K12144	3.1278556204537327	3.604031677485907	4.825344811776712	3.96227921714898	3.1453743982498925	4.680645613317294	3.6027194602856567	2.555763638664904	1.644769970766676	2.9398287226882007	1.028460863392184	1.9148570429505023	3.159669320544151	2.268693502594326	3.542105273043582
K12145	1.684229949475087	1.138115266574497	1.6888706841218493	1.251246068573362	2.0016018897953862	1.1701614033293235	2.4941903955823777	1.9168227289986781	0.2741283284611127	1.4699143613441004	1.5426912950882758	0.42552378732233387	1.6727661108763152	1.3612161015565956	1.68671679668742
K12146	11.549005367829167	11.191466787982552	11.339560307675274	8.133099445726852	7.720464432067918	5.850807016646617	9.145364783802052	8.306231825660939	10.416876481522282	8.231520423526963	6.427880396201149	8.29771385278551	7.620378949547658	7.108572974795554	6.578195507080938
K12147	201.3857811015211	169.38948884183762	257.67341294887643	265.68124856041055	247.05486182617338	186.05566312936242	170.71347596430496	236.72760703133673	175.168001886651	171.68599740499093	247.85906807751633	156.16722994729653	179.9152883698081	182.2517113750775	191.44235642402217
K12148	112.60280233633438	109.06937971338928	185.29324077222574	148.0641181145145	92.3596300577014	67.57682104226842	74.2714473351197	78.27026143411268	69.90272375758373	53.504882752925255	44.22381712586391	41.914093051249885	41.6332898706994	50.66748822460661	43.51729335453543
K12149	61.113486738096015	67.71785836118256	53.5613274107215	54.01212196008346	56.33079604138444	53.82742455314887	74.82571186747134	42.80904094763714	74.56290534142265	48.507173924355314	67.10707133634	78.5091387609706	83.63830554381576	75.16937805262533	70.84210546087164
K12151	27.910096305587153	54.25016104005102	37.87895677244719	34.61780789719635	34.885061507862446	37.73770525737068	34.91866553815329	31.308104573645075	36.7331960137891	24.988544142849705	34.45343892363816	25.318665345678866	23.232862651059932	22.535688792436968	28.5055138640174
K12152	20.932572229190367	19.34795953176645	19.542646487695684	22.522429234320516	18.3003601352721	20.47782455826316	18.844994099955745	17.570875015821215	25.768062875344594	21.754732547892687	21.08344769953977	22.978284515406028	26.578394872812563	22.838181259449545	23.445363473955137
K12262	187.43073294872752	168.0616876975007	146.44921503742322	154.5288894688102	193.2975539288116	204.7782455826316	188.72707326573325	179.2229251613764	163.65461209128426	209.90377079993752	163.01104684766116	166.80532463035487	154.8237967066634	148.6750475366815	154.33458689689894
K12264	9.86477541835408	10.622409154695305	11.822094788852946	9.801427537158002	7.434521304954291	7.606049121640602	9.145364783802052	7.6672909159947125	8.22384985383338	5.8796574453764014	11.055954281465977	6.808380597157342	5.761749937462864	6.654834274276689	7.59022558509339
K12265	3.368459898950174	5.690576332872484	3.619008608832534	2.7110331485756176	3.7172606524771457	3.51048420998797	3.325587194109837	3.8336454579973562	4.11192492691669	4.115760211763481	3.8567282377206897	3.8297140859010046	5.575887036254384	4.0836483046697865	3.542105273043582
K12266	21.65438506467969	25.03853586463893	15.682370638274316	20.01993709717379	22.87545016909013	19.600203505766167	18.844994099955745	18.84875683515367	16.44769970766676	19.402869569742126	23.911715073868276	21.914475047100193	20.259056231724262	19.813256589323778	20.915288278924006
K12288	6.015106962411025	5.121518699585236	6.755482736487397	4.796443262864554	7.720464432067918	7.02096841997594	8.313967985274592	6.708879551495373	6.030823226144479	7.055588934451682	5.9136499645050575	3.8297140859010046	4.088983826586548	4.234894538176075	3.37343359337484
K12289	0.48120855699288195	1.138115266574497	1.6888706841218493	1.251246068573362	1.429715635568133	0.5850807016646618	1.3856613308790988	3.19470454833113	0.822384985383338	0.2939828722688201	1.5426912950882758	0.8510475746446677	1.3010403084593563	1.0587236345440187	1.180701757681194
K12290	1.2030213924822049	1.138115266574497	0.7238017217665068	0.625623034286681	0.8578293813408798	0.8776210524969925	1.6627935970549186	0.9584113644993391	1.0965133138444507	1.1759314890752803	1.28557607924023	0.6382856809835008	0.7434516048339178	0.9074774010377303	1.180701757681194
K12291	0.48120855699288195	1.327801144336913	0.4825344811776712	0.8341640457155747	0.5718862542272531	2.047782455826316	0.8313967985274593	0.638940909666226	1.3706416423055634	1.4699143613441004	1.5426912950882758	0.21276189366116693	0.9293145060423973	1.0587236345440187	1.349373437349936
K12297	83.9708931952579	108.12095032457721	74.79284458253905	93.84345514300215	111.51781957431437	129.59537541872257	124.98665204529472	116.28724555925314	132.12985431825632	127.88254943693673	120.32992101688552	113.61485121506314	108.91566010816896	108.89728812452763	109.29924842534481
K12299	0.24060427849644098	1.327801144336913	0.9650689623553425	0.8341640457155747	0.8578293813408798	0.5850807016646618	1.3856613308790988	1.277881819332452	0.2741283284611127	1.1759314890752803	1.799806510936322	0.42552378732233387	0.7434516048339178	0.6049849340251535	1.180701757681194
K12339	78.43699478983976	105.84471979142822	148.13808572154505	122.20503269733169	139.54024603144978	110.58025261462106	187.61854420102998	145.35905694906643	155.4307622374509	136.1140698604637	149.8981708394108	136.59313573046916	132.8919743640628	157.14483661303365	150.45513826451787
K12340	708.8202044505151	677.9373271228753	705.4654114817554	668.791023652462	697.7012301572489	806.2412068939038	725.8094051144719	683.3473028880287	753.3046466111376	859.311935641761	819.4261929077226	791.6870063132021	821.5140233414792	765.9109264758443	757.5045133923203
K12368	1010.7785739635486	960.9486567444002	1424.9243229176632	1086.9157515673937	971.3488028049895	1060.166231416367	1035.0890141666869	921.3527917386979	1021.4021518461059	1258.8346590550875	956.7257181705791	895.3020485261904	917.0475545626376	854.0874806100105	882.4902280268582
K12369	45.71481291432379	50.07707172927786	51.63118948601082	48.59005566293222	53.7573078973618	54.119964903981206	50.992336976350835	59.740975053792134	53.72915237837809	56.73869434788227	52.70861924884942	48.9352355420684	52.22747523958273	52.48244302668207	52.28822069731002
K12370	40.90272734439497	36.4196885303839	51.14865500483315	40.87403824006316	36.314777143430575	47.09899648400527	44.61829485430698	39.93380685413913	38.10383765609466	35.57192754452723	33.68209327609402	40.637521689282885	40.703975364657005	43.10517654929219	41.32456151884179
K12371	77.71518195435044	74.54654996062955	97.71323243847843	84.04202760584414	89.50019878656512	97.41593682716618	92.5621769027238	92.64643190160277	82.2384985383338	104.0699367831623	94.87551464792897	89.57275723135128	84.38175714864968	83.63916712897748	85.01052655304596
K12372	86.61754025871876	73.02906293853022	99.16083588201144	94.05199615443104	82.92350686295171	80.74113682972332	93.67070596742708	84.34020007594184	78.67483026833933	83.19715285207609	91.27590162605632	86.8068526137561	87.16970066677686	88.93278530169756	89.73333358377074
K12410	108.51252960189488	83.08241445993828	73.1039738984172	82.1651585029841	101.79575325245106	96.53831577466919	91.73078010419634	85.9375523501074	88.26932176447829	99.36621082686118	105.41723849769885	99.7853281270873	100.92355535620435	94.07515724091138	101.54035116058269
K12500	4.812085569928819	2.845288166436242	7.238017217665068	6.464771354295704	6.576691923613412	5.558266665814286	4.988380791164755	3.514175003164243	4.11192492691669	4.997708828569941	7.199226043745288	5.53180923519034	5.018298332628945	5.142371939213805	6.072180468074712
K12507	8.180545468878993	9.294608010358392	7.238017217665068	9.801427537158002	6.576691923613412	7.313508770808271	8.313967985274592	6.38940909666226	9.320363167677831	7.055588934451682	6.427880396201149	6.382856809835008	7.248653147130699	6.503588040770401	5.397493749399744
K12519	0.721812835489323	1.5174870220993293	1.4476034435330136	1.0427050571444683	1.7156587626817597	0.8776210524969925	0.5542645323516395	1.277881819332452	2.1930266276889014	0.8819486168064602	1.028460863392184	1.4893332556281684	1.1151774072508769	0.45373870051886517	0.506015039006226
K12524	2007.1208912173108	1981.838050861724	1762.2159252608553	1914.8235669401017	1962.713624507933	3710.5818099572843	2166.8971892287345	2650.0074228406725	2339.1370267586744	3465.1761154325823	4214.889733397018	3750.779423352712	3762.794434965667	3520.4073310923686	3650.729834750252
K12525	112.1215937793415	90.29047781491009	95.54182727317891	89.67263491442428	120.66799964195043	269.72220346740903	207.01780283333736	98.71637054343192	202.58083473276227	251.06137291757233	242.97387897640345	196.16646595559592	176.01216744443005	195.2588874566183	196.67117849375316
K12527	11.067796810836285	10.812095032457721	12.06336202944178	10.84413259430247	11.72366821165869	11.116533331628572	10.808158380856971	12.77881819332452	12.884031437672297	8.525503295795781	7.456341259593334	9.574285214752512	8.549693455590056	9.22602024388359	8.4335839834371
K12528	18.7671337227224	18.399530142954365	14.958568916507808	17.725985971455962	14.011213228567703	12.871775436622558	9.422497049977872	12.459347738491408	17.54421302151121	10.877366273946343	12.855760792402299	16.808189599232186	20.63078203414122	15.275869584135126	12.144360936149424
K12529	2.646647063460851	3.793717555248323	2.6539396464771916	3.3366561828622987	4.0032037795907724	2.340322806658647	2.7713226617581976	3.19470454833113	3.289539941533352	2.3518629781505607	2.57115215848046	2.76590461759517	2.787943518127192	1.5124623350628839	2.192731835693646
K12573	269.23618763751745	246.59164109114099	253.57186985886622	246.9125575318101	276.50700391887693	252.1697824174692	266.8783723273144	246.63119113116323	254.11696048345146	279.57771152764786	275.37039617325723	293.8241751460715	288.27335977435166	272.2432203113191	264.98320875959365
K12582	23.579219292651217	21.05513243162819	23.64418957770589	25.442003394325027	25.448938313112766	18.430042102436843	26.05043302052706	27.154988660814606	20.011367977661227	33.22006456637667	35.2247845711823	35.53123624141488	35.3139512296111	37.20657344254694	32.216290816729725
K12660	4.0902727344394965	6.259633966159733	5.7904137741320545	5.422066297151235	6.862635050727039	7.898589472472933	5.265513057340575	8.625702280494052	9.868619824600056	4.997708828569941	7.199226043745288	5.957333022512674	5.204161233837425	6.957326741289266	8.4335839834371
K12661	1.443625670978646	1.8968587776241614	2.412672405888356	2.7110331485756176	1.7156587626817597	1.755242104993985	2.217058129406558	2.875234093498017	1.3706416423055634	0.8819486168064602	0.514230431696092	1.9148570429505023	0.5575887036254384	1.0587236345440187	1.349373437349936
K12687	2656.030630322212	231.2270849923853	1657.5059428453008	2049.1239783003093	2327.291111577807	2732.9119574756346	1612.0783923447436	2237.2515951962905	2238.5319302134462	2802.8327042109304	3817.132494480091	213.40017934215044	284.74196465139056	2018.6834786084312	3332.6150468950045
K12700	16.361090937757986	17.071728998617452	13.993499954152465	10.009968548586896	14.869042609908583	15.797178944945866	19.122126366131564	11.500936373992069	11.23926146690562	12.347280635290444	17.74094989351517	20.637903685133193	18.958015923264906	17.99830178724832	17.204511326211684
K12940	0.0	0.0	0.0	0.0	0.0	0.0	0.0	0.0	0.0	0.0	0.0	0.0	0.0	0.0	0.0
K12941	0.0	0.0	0.0	0.0	0.0	0.0	0.0	0.0	0.0	0.0	0.0	0.0	0.0	0.0	0.0
K12942	0.0	0.0	0.0	0.0	0.0	0.0	0.0	0.0	0.0	0.0	0.0	0.0	0.0	0.0	0.0
K12943	62.07590385208177	51.21518699585236	53.07879292954384	56.93169612008797	59.762113566747956	46.22137543150827	53.76365963810903	56.86574096029412	57.292820648372555	49.389122541161775	38.31016716135885	43.82895009420039	46.651588203328345	41.743960447735596	43.51729335453543
K12944	14.195652431290018	15.74392785428054	15.92363787886315	10.427050571444683	13.153383847226824	12.871775436622558	11.91668744556025	10.223054554659615	13.706416423055634	8.525503295795781	11.313069497314023	14.680570662620518	19.515604626890344	18.149548020754608	16.8671679668742
K12945	26.225866356112068	24.848849986876516	25.33306026182774	25.233462382896132	21.445734533521996	26.036091224077445	21.893449027889762	23.960284112483475	23.849164576116802	27.340407121000265	27.51132809574092	28.722855644257535	31.596693205441508	31.005477868789118	30.866917379379785
K12957	60.63227818110313	71.32189003866847	75.27537906371671	74.86622310297282	89.78614191367875	67.86936139310076	65.68034708366929	98.71637054343192	60.30823226144479	66.44012913275334	56.56534748657012	52.1266639469859	58.17508807825407	58.83478483394618	57.0110277280348
K12961	78.91820334683264	85.35864499308727	69.00243080840698	77.16017422869065	91.78774380347414	89.80988770552557	94.77923503213036	84.97914098560805	87.99519343601717	88.48884455291484	104.90300806600276	86.1685669327726	92.55972480182277	91.65521750481076	83.99849647503352
K12962	2.646647063460851	4.552461066297988	4.342810330599041	5.839148320009023	2.5734881440226394	1.755242104993985	3.048454927934017	4.1531159128304695	2.741283284611127	2.3518629781505607	2.3140369426324137	2.76590461759517	1.8586290120847946	1.5124623350628839	2.361403515362388
K12963	6.255711240907465	4.93183282182282	6.514215495898561	8.758722480013533	3.7172606524771457	4.680645613317294	5.265513057340575	3.514175003164243	4.11192492691669	2.3518629781505607	4.113843453568736	5.957333022512674	3.717258024169589	5.142371939213805	5.06015039006226
K12972	75.54974344788248	83.4617862154631	91.68155142375754	82.1651585029841	86.64076751542886	104.4369052471421	104.75599661445987	90.09066826293787	95.1225299760061	107.30374837811932	105.41723849769885	99.57256623342613	104.82667628158242	94.9826346419491	91.25137870078942
K12973	5.293294126921702	6.6390057216845655	7.72055169884274	10.009968548586896	4.575090033818025	7.02096841997594	6.096909855868034	4.1531159128304695	7.401464868450042	9.407451912602243	3.0853825901765517	4.042475979562171	3.159669320544151	3.3274171371383443	3.204761913706098
K12974	29.594326255062242	58.04387859529934	19.78391372828452	18.560150017171537	27.450540202908154	13.74939648911955	11.63955517938443	18.20981592548744	12.884031437672297	14.993126485709823	7.199226043745288	8.510475746446676	8.363830554381575	10.738482578946476	9.782957420787035
K12975	70.97826215645009	73.02906293853022	42.463034343635066	50.25838375436337	66.05286236324774	37.73770525737068	60.137701760152886	52.07368413779742	58.66346229067811	52.03496839158115	80.73417777628644	78.72190065463177	83.08071684019032	79.25302635729511	75.9022558509339
K12981	32.24097331852309	22.19324769820269	25.574327502416576	27.527413508613964	15.15498573702221	19.892743856598496	15.519406905845907	11.181465919158954	9.04623483921672	12.347280635290444	21.597678131235863	27.233522388629368	28.622886786105838	24.653136061525007	28.67418554368614
K12986	28.391304862580036	24.27979235358927	35.46628436655884	27.944495531471752	6.004805669386158	4.680645613317294	2.4941903955823777	1.597352274165565	3.8377965984555775	4.409743084032301	17.998065109363218	27.0207604949682	25.277354564353207	28.585538132688505	31.37293241838601
K13008	72.1812835489323	52.54298814018927	72.13890493606185	65.27333657724371	46.036843465293884	41.24818946735865	38.52138499843895	32.90545684781064	27.68696117457238	44.68539658486065	52.70861924884942	48.722473648407224	50.18298332628945	57.92730743290845	55.155639251678636
K13014	8.180545468878993	8.156492743783895	11.580827548264109	9.801427537158002	6.862635050727039	5.265726314981955	7.759703452922953	8.625702280494052	6.304951554605592	5.8796574453764014	6.684995612049195	5.744571128851507	5.761749937462864	5.898603106745247	3.8794486323810657
K13038	105.38467398144115	121.39896176794633	100.60843932554445	118.86837651446939	119.52422713349591	134.5685613828722	132.74635549821767	130.3439455719101	160.0909438212898	154.04702506886173	156.32605123561197	139.7845641353867	141.81339362206984	137.78531872422872	134.9373437349936
K13051	183.58106449278446	210.55132431628192	186.74084421575876	189.77232040029324	243.9094874279235	391.41898941365866	381.8882627902796	327.45721620394085	366.23544682404656	319.8533650284762	228.31831167306484	192.54951376335606	207.2371348474546	211.44223444179116	210.16491286725253
K13053	51.48931559823837	86.49676025966177	61.523146350153084	59.2256472458058	77.20464432067918	55.875207008975195	93.67070596742708	65.17197278595505	60.30823226144479	55.26877998653817	39.595743240599084	33.61637919846437	34.198773822360224	37.055327209040655	35.08370937109834
K13069	63.84033522772234	74.92592171615438	80.74410318373032	69.72221148772678	68.24509300445222	69.81963039864964	71.68487951747872	64.7460121795109	70.72510874296707	71.7318208335921	40.45279396009257	47.37498165521984	45.04077639285486	40.53399057968529	46.946950841133194
K13243	10.827192532339845	11.191466787982552	16.888706841218493	16.4747399028826	15.15498573702221	12.871775436622558	15.519406905845907	14.695640922323198	12.884031437672297	17.051006591591563	17.483834677667126	13.616761194314684	15.612483701512275	13.763407249072243	14.168421092174327
K13244	20.691967950693925	20.486074798340944	18.336310284751505	19.394314062887112	21.159791406408367	19.600203505766167	21.0620522293623	21.08505001898546	15.899443050744535	17.638972336129203	12.084415144858161	9.999809002074846	10.965911171300288	9.679758944402456	13.49373437349936
K13255	4.812085569928819	11.191466787982552	7.238017217665068	8.341640457155746	3.4313175253635193	3.51048420998797	4.156983992637296	3.8336454579973562	2.1930266276889014	3.821777339494661	434.7818299990457	426.37483489697854	330.650101249885	351.94998536913306	347.801003476946
K13256	50.04568992725972	64.11382668369666	47.770913636589455	52.552334880081204	60.04805669386159	100.63388068632182	70.39159560865822	97.43848872409947	67.70969712989483	84.37308434115135	55.02265619148184	53.828759096275235	59.47612838671343	51.12122692512548	49.252130463272664
K13283	97.92594134805148	87.44518964847384	85.40860316844781	94.67761918871773	90.92991442213327	98.00101752883083	91.1765155718447	99.67478190793126	83.33501185217825	89.3707931697213	92.8185929211446	80.21123391025993	91.81627319698886	91.80646373831705	86.02255663105842
K13288	114.28703228580947	95.22231063673291	87.33874109315849	97.18011132586444	106.94272954049634	101.51150173881881	103.37033528358077	100.31372281759748	108.28068974213951	100.54214231593646	84.84802122985518	107.23199440522814	93.86076511028213	99.67126788064405	98.16691756720785
K13292	72.1812835489323	73.02906293853022	63.6945515154526	70.90394388582385	86.35482438831524	84.83670174137595	77.31990226305372	93.92431372093523	83.60914018063937	79.96334125711905	127.01491662893471	107.01923251156697	106.12771659004177	112.82969019569114	107.78120330832614
K13301	122.22697347619203	113.05278314640003	123.77009442207267	135.96873945163867	125.24308967576845	119.35646313959099	133.57775229674513	128.42712284291142	152.68947895283978	133.17424113777548	137.29952526285655	125.95504104741083	132.52024856164584	126.89558991177596	128.02180486857517
K13378	412.39573334289986	558.4352241325531	283.48900769188185	387.6777402463133	561.306358524049	718.7716419950369	618.0049535720781	586.5477550735955	546.8860152799198	658.521633882157	974.2095528482462	902.7487148043313	995.1099730701991	858.4736213816929	890.417796971289
K13381	48.84266853477752	44.76586715193021	45.3582412307011	42.54236633149431	44.32118470261212	43.00343157235263	42.67836899107624	43.44798185730337	41.1192492691669	44.68539658486065	36.76747586627057	35.10571245409255	34.94222542719414	37.811558376572094	33.228320894742176
K13479	2.887251341957292	2.655602288673826	4.101543090010205	4.58790225143566	4.289146906704399	2.6328631574909775	3.8798517264614767	4.1531159128304695	4.386053255377803	4.115760211763481	2.3140369426324137	3.8297140859010046	5.390024135045905	2.5711859696069026	4.385463671387292
K13480	2.646647063460851	3.0349740441986586	1.206336202944178	2.0854101142889365	2.5734881440226394	3.51048420998797	2.4941903955823777	2.555763638664904	1.644769970766676	2.0578801058817406	2.828267374328506	2.76590461759517	2.2303548145017538	1.5124623350628839	2.53007519503113
K13483	3.368459898950174	3.793717555248323	5.549146533543219	7.090394388582385	4.575090033818025	3.2179438591556395	4.988380791164755	4.472586367663582	1.644769970766676	2.3518629781505607	3.3424978060245976	1.7020951492893355	3.5313951229611096	2.419939736100614	2.192731835693646
K13497	153.2649254022329	107.55189269128996	124.97643062501685	125.54168888019399	123.81337404020032	121.40424559541731	119.72113898795413	117.56512737858559	145.56214241285085	151.1071963461735	240.14561160207495	234.2508449209448	188.2791189241897	199.3425357612881	195.49047673607197
K13498	139.30987724943932	92.18733659253425	112.67180135498623	110.94381808017143	115.80696648101878	122.2818666479143	120.82966805265741	126.82977056874587	146.6586557266953	156.10490517474346	204.6637118150446	157.0182775219412	164.86039337192128	181.94921890806492	181.49072732356638
K13566	76.2715562833718	66.57974309460806	48.49471535835596	57.55731915437465	71.19983865129302	57.63044911396918	64.01755348661436	69.00561824395241	53.45502404991697	50.27107115796823	83.3053299347669	83.82818610249977	81.96553943293944	85.90786063157181	84.50451151403973
K13574	249.74724107930575	198.79079989501213	191.56618902753547	231.48052268607196	231.89987608915118	312.140554338097	238.6108811773808	241.51966385383344	260.42191203805703	266.9364480200886	386.4441694196131	361.69521922398377	371.7258024169589	360.41977444548525	351.3431087499896
K13620	2.646647063460851	2.46591641091141	2.6539396464771916	3.128115171433405	2.5734881440226394	1.1701614033293235	0.8313967985274593	1.277881819332452	0.822384985383338	0.0	1.5426912950882758	1.4893332556281684	0.5575887036254384	0.7562311675314419	1.012030078012452
K13628	97.92594134805148	84.22052972651277	90.23394798022451	96.97157031443555	84.06727937140622	107.36230875546542	70.94586014100986	164.2078137842201	123.35774780750071	166.10032283188335	348.64823268995036	287.2285564425754	273.96191638129875	266.7983559050927	304.9583968410855
K13629	6.255711240907465	6.828691599446981	10.133224104731095	9.384345514300215	6.004805669386158	8.483670174137595	8.591100251450413	6.708879551495373	6.579079883066704	7.937537551258142	7.199226043745288	6.595618703496175	7.062790245922219	5.444864406226382	5.2288220697310015
K13630	8.421149747375434	11.381152665744969	8.20308618002041	6.25623034286681	11.151781957431437	12.286694734957896	11.63955517938443	13.098288648157633	10.965133138444507	9.407451912602243	9.256147770529655	9.78704710841368	9.479007961632453	9.831005177908745	11.975689256480681
K13631	8.902358304368317	8.346178621546311	8.444353420609247	8.133099445726852	8.29235068629517	10.823992980796241	9.699629316153692	7.986761370827825	7.949721525372268	10.583383401677523	24.94017593726046	17.23371338655452	22.117685243809056	16.9395781527043	17.204511326211684
K13632	38.01547600243767	41.1618354744443	34.25994816361466	35.86905396576971	43.17741219415762	29.839115784897746	41.84697219254878	28.75234093498017	39.74860762686134	37.33582477814015	42.42401061492759	43.82895009420039	36.98671734048742	36.4503422750155	35.58972441010456
K13634	146.04679704733968	150.420901065596	124.735163384428	116.99150741160935	130.96195221804098	250.70708066330755	194.54685085542548	158.45734559722405	219.02853444042904	268.11237950916393	171.75296418649472	206.37903685133193	183.26082059156076	178.16806307040773	176.93659197251034
K13635	86.37693598022231	92.94608010358391	82.03086180020411	84.04202760584414	139.25430290433616	276.1580911857203	208.40346416421647	197.11327063203072	222.86633103888462	281.6355916335296	55.02265619148184	62.977520523705415	57.059910671003195	51.72621185915063	60.21578964174089
K13636	16.361090937757986	13.467697321131547	13.75223271356363	12.929542708591407	15.15498573702221	14.627017541616542	12.748084244087709	10.54252500949273	16.173571379205647	12.641263507559263	20.826332483691726	12.978475513331183	15.798346602720754	15.275869584135126	14.168421092174327
K13637	28.87251341957292	31.298169830798663	29.434603351837946	31.489692725762943	23.161393296203755	29.254035083233084	27.990358883757796	24.599225022149703	29.331731145339056	32.04413307730139	36.76747586627057	32.97809351748087	42.19087857432484	37.35781967605323	38.28847128480443
K13638	38.737288837927	36.79906028590873	34.01868092302582	38.580087114345325	32.59751649095343	28.961494732400755	30.207417013164353	33.544397757476865	25.49393454688348	35.27794467225841	22.626138994628047	27.446284282290534	27.32184647764648	24.19939736100614	27.83082714534243
K13639	5.774502683914584	6.449319843922149	8.20308618002041	4.170820228577873	5.4329194151589055	4.095564911652632	4.988380791164755	6.708879551495373	6.579079883066704	5.8796574453764014	5.399419532808966	5.744571128851507	4.832435431420466	7.108572974795554	5.90350878840597
K13641	66.16617658652127	64.11382668369666	55.250198094843356	62.979385451525886	55.47296666004356	71.0873052522564	75.65710866599879	69.64455915361863	80.59372856756713	75.25961530081794	91.79013205775242	91.91313806162411	100.55182955378739	90.44524763676046	95.9741857315142
K13643	41.38393590138785	39.45466257458256	47.529646396000615	37.328841045771966	38.888265287453216	52.94980350065188	36.02719460285657	97.75795917893258	58.66346229067811	103.48197103862466	289.51173304489976	251.48455830749933	224.15065885742624	218.5508074165867	234.9596497785576
K13650	19.72955083670816	19.72733128729128	28.228267148893767	30.02990564576069	19.444132643726608	18.722582453269176	13.856613308790989	17.570875015821215	21.38200961996679	20.284818186548584	11.055954281465977	8.084951959124343	8.921419258007015	10.435990111933899	9.445614061449552
K13651	74.82793061239315	62.40665378383491	56.215267057198695	47.75589161721665	49.75410411777103	49.146778939831584	48.498146580768456	41.531159128304694	35.63668269994465	37.92379052267779	37.795936729662756	47.233140392779056	44.04950758640963	48.096302254999706	52.794235736316246
K13654	21.65438506467969	19.15827365400403	32.088542998315134	31.489692725762943	25.734881440226395	16.96734034827519	13.579481042615168	23.640813657650362	20.011367977661227	21.754732547892687	23.14036942632414	20.21237989781086	20.259056231724262	26.014352163081604	22.433333395942686
K13655	66.88798942201059	56.526391573200016	57.18033601955404	57.97440117723244	62.62154483788422	50.31694034316091	64.84895028514183	51.4347432281312	49.617227451461396	51.15301977477469	50.39458230621701	42.76514062589455	42.562604376741795	43.25642278279848	47.059398627579014
K13683	1.443625670978646	1.138115266574497	1.6888706841218493	1.6683280914311494	0.5718862542272531	0.2925403508323309	0.5542645323516395	1.277881819332452	0.5482566569222254	0.2939828722688201	0.0	0.21276189366116693	0.18586290120847945	0.0	0.337343359337484
K13684	1.2030213924822049	3.4143457997234905	2.1714051652995203	2.502492137146724	2.0016018897953862	0.8776210524969925	2.7713226617581976	2.875234093498017	1.644769970766676	2.3518629781505607	2.3140369426324137	1.0638094683058346	0.7434516048339178	0.9074774010377303	1.518045117018678
K13694	881.3334721324634	610.4091546394552	439.5889123528585	471.9283088635864	711.9983865129302	771.7214454956888	812.2746721613278	608.5912164570802	774.1383995741822	827.2678025644597	1190.700564592301	1176.360510052592	1168.1483340952934	1278.3331655951495	1198.7496274057494
K13695	150.61827833877206	137.90163313327653	109.7765944679202	118.6598355030405	126.10091905710934	141.00444910118347	142.44598481437134	116.92618646891935	124.18013279288405	134.93813837138842	108.75973630372344	115.52970825801364	118.39466806980141	119.78701693698041	129.53984998559386
K13735	78.91820334683264	77.20215224930337	67.55482736487397	79.45412535440849	67.19663487170224	66.99174034060377	65.68034708366929	71.88085233745042	64.9684138452837	61.44242030418339	54.2513105439377	66.16894892862291	57.059910671003195	59.13727730095876	65.10726835213441
K13771	25.02284496362986	24.09010647582685	29.917137833015616	33.783643851480775	28.308369584249032	25.158470171580454	35.75006233668075	33.544397757476865	32.89539941533352	27.928372865537906	28.539788959133105	17.659237173876857	25.277354564353207	22.686935025943257	28.336842184348654
K13788	689.5718621707998	702.9758629875142	549.8480413019564	569.7340432237374	770.33078444411	895.4660138977647	926.4531658257655	719.7669347390037	848.1530482586827	961.3239923190416	417.55511053722665	395.7371222097705	410.0135600659057	351.6474929021205	390.13759507380024
K13821	98.16654562654793	130.1245121450175	133.17951680503725	174.548826565984	211.59791406408368	98.29355787966317	107.52731927621807	216.2814979220175	90.7364767206283	178.15362059490496	64.53591917785954	70.2114249081851	60.96303159638126	73.20317701704357	60.38446132140964
K13888	50.526898484252605	45.145238907455045	53.80259465131034	68.40145174867712	70.62795239706577	54.41250525481354	53.76365963810903	71.88085233745042	60.30823226144479	69.08597498317272	63.50745831446736	59.36056833146557	49.25366882024706	53.23867419421351	54.81829589234115
K13889	156.1521767441902	152.697131598745	157.7887753450985	173.29758049741062	190.4381226576753	174.93912979773384	226.13992919946892	180.18133652587574	194.63111320739	205.20004484363642	163.52527727935725	144.2525639022712	155.38138541028883	157.29608284653992	146.06967459313057
K13890	52.451732712224135	53.68110340676377	57.421603260142874	64.43917253152814	69.77012301572489	69.91714384892707	80.09122492481191	66.13038415045439	69.35446710066151	76.1415639176244	66.33572568879586	54.6798066709199	52.599201041999684	58.683538600439896	56.33634100935983
K13891	25.504053520622744	25.417907620163763	34.25994816361466	34.61780789719635	29.45214209270354	32.17943859155639	36.581459135208206	44.40639322180271	32.347142758411294	37.92379052267779	29.311134606677243	24.25485587737303	26.020806169187125	24.048151127499853	24.288721872298847
K13892	189.35556717669905	190.06524951794097	188.42971489988062	201.0335350174535	234.18742110606019	280.83873679903763	283.2291760316878	222.9903774735129	271.9353018334238	266.34848227555096	203.6352509516524	209.7832271499106	199.24503009549	204.3336614669956	193.9724316190533
K13893	70.01584504246432	59.37167973963626	66.58975840251863	61.51959837152363	62.90748796499785	58.8006105172985	61.80049535720781	54.62944777646233	54.27740903530031	56.15072860334463	43.195356262471726	58.08399696949857	55.75887036254384	53.23867419421351	59.0350878840597
K13894	21.173176507686808	22.572619453727523	20.26644820946219	19.8113960857449	21.731677660635622	18.137501751604514	17.459332769076646	19.487697744819894	22.47852293381124	19.402869569742126	19.283641188603447	24.4676177710342	19.143878824473386	19.208271655298624	18.047869724555394
K13895	22.13559362167257	21.434504187153024	17.612508562985	18.560150017171537	21.731677660635622	22.233066663257144	19.399258632307383	18.20981592548744	18.640726335355662	21.460749675623866	17.998065109363218	17.23371338655452	22.675273947434494	21.023226457374086	20.0719298805803
K13896	63.51952952306042	59.37167973963626	59.83427566603123	55.68045005151461	59.762113566747956	55.29012630731053	58.47490816309797	51.11527277329808	58.11520563375589	49.389122541161775	46.02362363680023	61.27542537441607	57.431636473420156	48.852533422531145	53.30025077532247
K13918	21.41378078618325	19.34795953176645	9.409422382964589	12.721001697162514	22.303563914862874	21.647985961592482	23.55624262494468	24.599225022149703	21.930266276889014	21.166766803355046	23.397484642172184	21.276189366116693	15.984209503929234	22.23319632542439	19.39724316190533
K13926	186.94952439173466	163.88859838672755	130.52557715856005	136.38582147449645	166.99078623435793	190.7363087426797	177.91891488487627	148.55376149739755	168.58892200358432	176.38972336129206	157.35451209900415	164.0394200127597	166.5331594827976	173.93316853223163	178.62330876919776
K13936	2.646647063460851	6.259633966159733	4.101543090010205	4.379361240006767	5.4329194151589055	5.558266665814286	4.434116258813116	3.8336454579973562	4.934309912300028	3.527794467225841	2.828267374328506	4.042475979562171	2.787943518127192	3.0249246701257677	3.036090234037356
K13938	34.16580754649462	41.92057898549397	35.70755160714767	42.12528430863652	37.458549651885086	42.12581051985564	38.52138499843895	39.61433639930601	42.76401923993358	42.92149935124773	30.08248025422138	30.850474580869204	32.340144810275426	33.274171371383446	31.878947457392236
K13953	58.94804823162804	68.85597362775707	123.04629270030617	95.3032422230044	94.93311820172403	72.55000700641806	52.655130573405756	112.13412964642266	61.67887390375036	85.54901583022664	94.61839943208092	81.48780527222694	89.58591838248711	78.34554895625739	83.15513807668981
K13954	11.789609646325609	9.484293888120808	5.307879292954383	8.55018146858464	10.293952576090557	6.728428069143609	9.97676158232951	9.264643190160278	6.304951554605592	4.409743084032301	7.7134564754413795	14.255046875298184	7.992104751964617	10.889728812452764	7.7588972647621315
K13979	178.04716608736632	177.92535334114635	265.87649912889685	250.87483674895907	175.2831369206531	154.75384559030303	106.6959224776906	185.29286380320553	126.64728774903406	164.92439134280806	106.70281457693908	95.53009025386395	92.55972480182277	99.0662829466189	107.44385994898865
K14051	44.27118724334514	41.1618354744443	66.83102564310747	55.05482701722793	38.888265287453216	33.05705964405339	34.08726873962583	34.18333866714309	30.154116130722397	28.810321482344367	52.70861924884942	45.74380713715089	55.94473326375232	49.76001082356888	49.589473822610145
K14052	8.902358304368317	8.725550377071142	9.168155142375753	11.469755628589152	8.29235068629517	8.191129823305264	7.205438920571313	11.181465919158954	6.579079883066704	9.701434784871063	14.912682519186667	16.169903918248686	16.541798207554674	15.427115817641415	15.517794529524263
K14053	0.721812835489323	1.7071728998617453	1.6888706841218493	1.876869102860043	0.5718862542272531	1.755242104993985	0.5542645323516395	0.9584113644993391	0.822384985383338	2.3518629781505607	0.7713456475441379	1.0638094683058346	0.5575887036254384	0.30249246701257676	0.506015039006226
K14054	52.451732712224135	55.76764806215035	48.49471535835596	51.50962982293674	45.179014083953	41.833270169023315	40.18417859549387	53.35156595712987	41.39337759762802	42.33353360671009	41.65266496738345	41.48856926392755	43.86364468520115	48.096302254999706	44.02330839354166
K14055	0.0	0.0	0.0	0.0	0.0	0.0	0.0	0.0	0.0	0.0	0.0	0.0	0.0	0.0	0.0
K14056	17.564112330240192	22.951991209252355	23.885456818294728	17.725985971455962	16.87064449970397	22.525607014089477	27.990358883757796	23.001872747984137	16.44769970766676	19.696852442010943	24.94017593726046	27.446284282290534	32.71187061269239	35.24037240696519	28.84285722335488
K14057	0.0	0.0	0.0	0.0	0.0	0.0	0.0	0.0	0.0	0.0	0.0	0.0	0.0	0.0	0.0
K14058	199.46094687354957	272.95797810011686	241.26724058883562	233.357391788932	205.59310839469754	249.2443789091459	240.82793930678739	259.41000932448776	235.75036247655692	240.77197238816365	152.46932299789125	230.42113083504378	228.23964268401278	225.3568879243697	213.20100310128987
K14059	10.827192532339845	18.778901898479198	12.06336202944178	14.597870800022557	9.15018006763605	5.850807016646617	9.699629316153692	7.347820461161599	12.335774780750071	9.995417657139882	12.341530360706207	14.893332556281685	12.638677282176603	17.393316853223165	14.674436131180554
K14060	11.067796810836285	13.278011443369131	12.06336202944178	12.82527220287696	13.153383847226824	13.603126313703385	13.02521651026353	10.223054554659615	11.65045395959729	10.142409093274292	4.75663149318885	4.89352355420684	6.319338641088302	4.310517654929219	5.987844628240341
K14061	100.3319841330159	94.27388124792083	120.15108581324013	121.57940966304501	100.93792387111019	80.74113682972332	82.03115078804265	81.1454955276107	82.51262686679492	77.6114782789685	53.47996489639356	68.50932975889575	70.81376536043068	61.103478336540505	59.37243124339718
K14062	30.797347647544445	31.298169830798663	9.409422382964589	18.560150017171537	35.74289088920332	40.95564911652632	44.8954271204828	35.46122048647555	36.7331960137891	35.86591041679605	36.76747586627057	34.89295056043138	35.871539933236534	33.57666383839602	36.09573944911079
K14063	6.255711240907465	9.484293888120808	7.961818939431575	9.17580450287132	9.15018006763605	14.919557892448873	8.591100251450413	9.58411364499339	11.787518123827846	12.641263507559263	13.884221655794484	12.765713619670016	13.93971759063596	12.402191147515648	11.80701757681194
K14064	59.429256788620926	44.00712364088055	71.65637045488418	70.27832085153716	42.31958281281673	30.13165613573008	43.232633523427886	42.48957049280403	29.60585947380017	36.45387616133369	20.054986836147588	22.978284515406028	23.97631425589385	26.92182956411933	25.300751950311298
K14065	130.40751894507102	103.94786101380404	169.3696028933626	144.72746193165221	117.80856837081416	108.53247015879475	89.51372197478979	97.75795917893258	85.52803847986716	98.19027933778591	68.90687784727632	63.19028241736658	68.39754764472045	69.27077494588008	65.4446117114719
K14155	60.87288245959957	59.37167973963626	41.9804998624574	47.338809594358864	52.32759226179367	69.62460349809474	67.06600841454838	57.18521141512723	75.6594186552671	77.02351253443086	57.5938083499623	52.552187734308234	52.970926844416645	51.877458092656916	52.456892376978765
K14170	268.7549790805246	291.3575082430712	337.77413682436986	316.5652553490606	390.3123685101003	329.40043503720455	296.80865707430297	377.29460715790646	326.4868391971852	466.5508182906174	182.2946880362646	173.40094333385105	184.00427219639468	168.63955035951156	173.5631583791355
K14187	192.0022142401599	199.17017165053696	128.1129047526717	126.37585292590956	134.96515599763177	274.11030872989403	201.19802524364513	127.14924102357898	271.6611735049627	291.92499216293834	324.47940240023405	318.07903102344454	312.9931256350794	317.9195828302182	331.7771939084155
K14218	2.9353721976565796	4.552461066297988	2.9434603351837945	3.253239778290741	0.8006407559181543	1.1701614033293235	1.053102611468115	1.1500936373992068	1.5899443050744535	2.5870492759656165	1.3369991224098392	3.1914284049175037	4.126156406828244	4.718882485396198	3.0360902340373555
K14219	3.024739501098115	3.5769336949484187	2.34373890857726	3.1579067444946753	2.450941089545371	2.883612029632975	3.404767841588643	3.285981821140591	3.798635408675419	3.9057724458571808	3.269036315782299	4.16405420451141	4.274846727795028	4.9695191009209045	3.5902971815203655
K14220	9.3835668613612	11.333731196304365	10.615758585908766	12.721001697162514	0.7148578177840665	0.6582157893727445	0.9699629316153692	0.7188085233745043	3.8377965984555775	4.850717392435531	0.514230431696092	7.765809118632593	7.945639026662497	9.528512710896168	5.43966166931693
K14221	10.345983975346963	11.317924039824163	11.822094788852946	9.870941207634301	1.0484581327499642	1.0726479530518798	0.8313967985274594	0.5324507580551883	3.7464204889685404	3.9197716302509344	0.34282028779739465	10.709015314278735	11.27568267331442	16.838747330366775	8.939599022443327
K14222	4.571481291432379	5.311204577347652	2.8952068870660272	1.4597870800022557	0.28594312711362657	0.8776210524969925	0.0	0.319470454833113	0.2741283284611127	1.7638972336129204	0.7713456475441379	5.106285447868006	5.204161233837425	3.78115583765721	3.542105273043582
K14223	10.526437184219294	11.049202379660741	9.107838332228544	9.071533997156875	4.289146906704399	4.900050876441542	8.452534118362502	3.6739102305807996	7.2644007042194865	5.953153163443607	4.756631493188851	10.957237523550097	9.850733764049412	11.00316348758248	8.897431102526141
K14224	9.263264722112979	13.704804668334567	9.228471952522963	8.289505204298523	2.3590307986874195	2.779133332907143	3.325587194109837	3.5141750031642434	5.071374076530585	7.496563242854911	3.535334217910632	9.042380480599595	10.22245956646637	9.71757050277903	7.716729344844946
K14225	7.09782621564501	8.725550377071142	5.7099913606024435	6.117203001914215	3.2406887739544348	3.0229169586007525	4.526493680871723	3.780400382191837	5.665318788196328	5.487680282351307	5.613682212682337	8.545936062056873	8.239921953575923	9.478097299727406	7.815121157985047
K14226	35.368828938976826	37.557803796958396	35.22501712597	34.20072587433856	6.290748796499785	7.313508770808271	9.145364783802052	10.861995464325842	11.513389795366733	14.111177868903363	8.227686907137471	29.999427006224536	31.782556106649988	39.172774478128694	25.975438668986268
K14227	2.9674527681227723	3.351117173802685	3.136474127654863	2.7110331485756176	1.5250300112726753	2.1452959061037595	3.51034203822705	1.4908621225545273	3.289539941533352	3.4298001764695676	3.256792734075249	5.106285447868006	4.77048113101764	5.394448995057619	3.9918964188268937
K14228	19.18819121009117	28.09722064355789	15.16967775202304	14.728208932165614	8.220864904516764	12.469532454228101	16.731860570365118	11.540870180846207	16.92742428247371	14.882882908609016	15.587609960787788	44.54702148530683	40.285783836937924	43.124082328480476	36.053571529193604
K14229	2.0050356541370085	2.8136738534758394	1.849715511181073	2.1201669495270856	1.572687199124946	2.5353497072135345	3.51034203822705	2.3427833354428285	3.7921085437120587	3.1358173042007476	3.8138757017460154	2.9786665112563373	3.9340980755794814	2.848470731035098	2.7549707679227864
K14230	7.9399411903825525	10.409012542212587	5.549146533543219	6.85578575072488	4.610832924707229	9.215021051218422	10.496384581409174	6.229673869245703	11.410591672193815	8.856234027098205	12.24511215476319	12.313594595640035	11.918458539993745	13.612161015565954	9.614285741118294
K14231	0.24060427849644098	0.3793717555248323	0.0	0.0	0.0	0.0	0.0	0.0	0.13706416423055634	0.14699143613441004	0.0	0.10638094683058347	0.18586290120847945	0.22686935025943256	0.253007519503113
K14232	0.5614099831583623	0.8219721369704699	0.562956894707283	0.7646503752392767	0.2859431271136266	0.6825941519421054	0.36950968823442637	0.2129803032220753	0.5482566569222254	0.2939828722688201	0.257115215848046	0.9219682058650567	1.1151774072508767	1.2603852792190697	1.012030078012452
K14233	29.305601120866516	31.070546777483763	21.61754475675967	22.939511257178303	7.1485781778406645	8.24963789347173	10.752731927621806	8.178443643727693	11.184435801213398	11.759314890752801	9.61610907271692	31.4887602618527	33.30663189655952	35.05887692675765	24.626065231636332
K14234	3.5489131078225045	3.1298169830798663	2.1110883551523116	2.6067626428611708	1.2867440720113197	1.023891227913158	1.108529064703279	0.9584113644993391	1.3706416423055634	1.7638972336129204	1.671248903012299	3.031856984671629	4.228381002492908	3.932402071163498	2.7830827145342427
K14235	6.015106962411025	1.327801144336913	2.1714051652995203	1.876869102860043	0.8578293813408798	2.340322806658647	1.9399258632307383	0.9584113644993391	1.9188982992277888	1.7638972336129204	0.257115215848046	2.978666511256337	3.9031209253780688	3.478663370644633	3.204761913706098
K14236	37.9352745762722	47.86406982204968	27.745732667716098	25.72005807623022	23.352022047612838	29.351548533510528	40.73844312784551	32.692476544588565	48.429338028129905	37.825796231921515	41.7383700393328	72.55180573845792	61.76843750161802	65.84252698640421	62.12740201131998
K14237	15.811138301194694	20.269290938041042	13.717765964908082	14.091414057980957	11.478574102704155	16.340468167920196	19.00335539491336	14.421809103894816	19.89388440832075	17.093004144772827	17.887872873999772	17.750420842588785	20.23250438869448	20.029322637189903	15.662370254954613
K14238	2.887251341957292	4.552461066297988	2.6539396464771916	3.128115171433405	0.8578293813408798	0.5850807016646618	0.8313967985274593	0.9584113644993391	1.3706416423055634	1.1759314890752803	0.257115215848046	3.191428404917504	2.416217715710233	2.873678436619479	2.192731835693646
K14260	64.24134235854974	59.9407373729235	45.84077571187877	47.547350605787756	62.3356017107706	49.73185964149624	68.45166974542748	53.990506866796096	55.64805067760587	61.44242030418339	164.03950771105335	167.2308484176772	156.4965628175397	162.43845478575372	163.94887263801724
K14261	70.25644932096077	63.16539729488458	61.281879109564244	59.85127028009248	68.34040738015676	66.99174034060377	63.46328895426272	68.04720687945307	61.40474557528924	69.67394072771036	76.87744953856574	72.97732952578026	66.72478153384412	77.58931778872594	79.9503761629837
K14287	40.66212306589853	42.299950741018804	35.70755160714767	31.072610702905155	47.75250222797564	232.56957891170302	113.34709686591029	41.21168867347158	124.45426112134516	186.67912389070074	61.193421371834944	52.33942584064707	49.62539462266402	51.57496562564434	59.0350878840597
K14347	151.58069545275782	142.83346595509937	132.21444784268192	125.3331478687651	119.52422713349591	157.97178944945867	123.87812298059143	165.80516605838565	145.28801408438972	164.63040847053924	131.3858752983515	113.61485121506314	112.44705523113008	119.48452446996782	111.15463690170098
K14348	4.0902727344394965	3.604031677485907	3.86027584942137	5.630607308580129	3.7172606524771457	7.02096841997594	3.048454927934017	4.472586367663582	4.660181583838916	5.585674573107581	7.7134564754413795	8.29771385278551	11.151774072508768	7.864804142326996	8.096240624099616
K14392	17.08290377324731	18.968587776241616	15.682370638274316	14.18078877716477	16.298758245476716	17.552421049939852	18.567861833779926	17.570875015821215	18.640726335355662	20.872783931086225	31.36805633346161	31.701522155513874	34.384636723568704	31.76170903632056	25.300751950311298
K14393	3.609064177446615	5.311204577347652	4.584077571187876	4.58790225143566	3.4313175253635193	3.803024560820301	4.434116258813116	4.792056822496695	3.563668269994465	6.173640317645222	6.170765180353103	7.446666278140842	6.8769273447137405	9.37726647738988	7.927568944430874
K14414	5.293294126921702	8.915236254833559	8.20308618002041	7.716017422869066	5.4329194151589055	5.558266665814286	5.542645323516395	7.986761370827825	5.756694897683366	6.173640317645222	6.942110827897242	6.170094916173841	5.9476128386713425	6.654834274276689	6.409523827412196
K14415	9.624171139857639	11.191466787982552	9.650689623553424	11.261214617160258	6.576691923613412	11.116533331628572	8.591100251450413	7.028350006328486	7.675593196911155	6.761606062182862	8.999032554681609	6.170094916173841	8.177967653173097	8.923527776871016	8.939599022443327
K14441	46.43662574981311	61.647910272785246	46.0820429524676	46.92172757150107	40.60392405013498	70.20968419975941	66.78887614837257	51.11527277329808	77.852445282956	86.72494731930192	93.84705378453678	99.99809002074846	95.71939412236692	89.08403153520386	86.86591502940213
K14587	3.368459898950174	4.173089310773156	4.342810330599041	4.796443262864554	5.146976288045279	3.2179438591556395	6.374042122043854	4.792056822496695	1.644769970766676	2.3518629781505607	4.113843453568736	4.255237873223338	3.5313951229611096	5.142371939213805	4.385463671387292
K14588	54.61717121869211	62.2169679060725	55.97399981660986	54.01212196008346	75.77492868511105	75.7679508655737	61.80049535720781	64.85250233112194	50.43961243684473	99.66019369913	240.14561160207495	234.03808302728362	239.7631425589385	229.1380437620269	234.11629138021388
K14591	29.834930533558683	41.351521352206724	48.25344811776712	42.333825320065415	38.316379033225964	20.18528420743083	33.81013647345001	30.349693209145737	24.39742123303903	28.810321482344367	26.482867232348735	24.680379664695366	26.764257774021043	27.98055319866335	23.951378512961362
K14623	9.142962582864758	7.777120988259062	10.374491345319932	10.427050571444683	12.009611338772316	9.068750875802257	8.313967985274592	5.430997732162921	7.12733653998893	7.937537551258142	6.684995612049195	7.446666278140842	9.107282159215494	8.016050375833284	7.7588972647621315
K14682	1408.7380505966619	256.2656208570242	628.5011617339168	517.3902493550852	537.8590221007316	91.27258945968723	235.5624262494468	100.6331932724306	306.2013428910629	244.2997668553895	413.69838229950597	472.9696896087741	436.59195493871823	450.8650220822457	416.9563921411302
K14742	25.02284496362986	34.90220150828457	38.36149125362486	31.489692725762943	31.739687109612554	27.79133332907143	36.30432686903239	30.66916366397885	37.82970932763355	35.86591041679605	35.73901500287839	42.33961683857222	44.607096290035074	45.071377584873936	42.84260663586047
K14744	11.308401089332726	16.31298548756779	18.57757752534034	10.635591582873577	8.864236940522424	19.600203505766167	21.33918449553812	9.903584099826503	22.204394605350128	21.460749675623866	4.628073885264827	10.850856576719513	10.594185368883329	10.435990111933899	6.915538866418422
K14761	15.879882380765105	16.123299609805372	13.75223271356363	16.057657880024813	16.298758245476716	16.089719295778195	16.073671438197547	14.376170467490086	15.899443050744535	12.641263507559263	12.084415144858161	22.12723694076136	21.56009654018362	17.99830178724832	22.0959900366052
K14762	58.7074439531316	47.61115531836646	48.97724983953363	50.25838375436337	57.47456854983895	50.31694034316091	64.01755348661436	59.10203414412591	50.71374076530585	52.03496839158115	80.4770625604384	67.01999650326758	68.39754764472045	66.09460404224802	66.79398514882183
K14977	29.11311769806936	30.729112197511416	32.329810238903974	28.778659577187327	32.02563023672618	36.86008420487369	23.00197809259304	29.071811389813284	27.138704517650154	35.86591041679605	20.56921726784368	16.808189599232186	19.8873304293073	23.140673726462122	22.433333395942686
K15034	16.601695216254427	16.692357243092623	17.371241322396163	16.891821925740388	13.725270101454077	20.18528420743083	13.579481042615168	19.807168199653006	13.706416423055634	13.229229252096903	9.5132629863777	11.70190415136418	13.196265985802041	13.763407249072243	11.975689256480681
K15035	167982.9297221387	152684.9917025682	128424.3807602719	134732.71687689962	194117.06693111925	182590.52267375347	190016.01543571698	171571.60776812333	191145.2973826785	270836.13082073454	110014.45855706191	101498.06137105968	101009.42401656267	90603.14870454102	93868.65715420929
K15256	39.9403102304092	51.78424462913961	38.12022401303603	37.53738205720086	44.893070956839374	58.215529815633836	52.932262839581576	59.42150459895902	50.98786909376696	62.912334665527496	80.99129299213449	63.615806204688916	66.72478153384412	65.79211157523545	61.39649139942209
K15257	51.24871131974193	55.577962184387935	35.948818847736504	39.4142511600609	41.461753431475856	50.31694034316091	51.82373377487829	42.17010003797092	56.1963073345281	57.914625836957555	56.822462702418164	55.9563780328869	59.84785418913039	63.8259105396537	61.0591480400846
K15268	37.053058888451915	41.54120722996914	41.25669814069089	40.87403824006316	41.74769655858948	65.82157893727444	43.786898055779524	60.699386418291475	49.06897079453917	54.092848497462896	71.73514522160482	65.95618703496174	59.104402584296466	69.42202117938636	63.75789491478447
K15342	9.3835668613612	8.915236254833559	11.580827548264109	8.967263491442427	9.722066321863304	10.53145262996391	9.699629316153692	8.625702280494052	8.22384985383338	7.937537551258142	9.770378202225748	7.2339043844796755	7.8062418507561375	9.37726647738988	6.915538866418422
K15396	99.85077557602301	113.62184077968728	88.7863445366915	94.88616020014662	121.81177215040493	111.45787366711805	113.06996459973446	118.52353874308493	102.79812317291726	93.19257050921597	99.24647331734575	97.8704710841368	84.56762004985815	90.59649387026674	87.5406017480771
K15460	22.616802178665452	27.883824031075175	20.025180968873357	20.854101142889366	26.02082456734002	30.42419648656241	34.64153327197747	30.66916366397885	31.250629444566847	31.162184460494927	23.911715073868276	23.40380830272836	25.463217465561687	22.23319632542439	23.108020114617652
K15461	50.526898484252605	47.61115531836646	57.421603260142874	55.05482701722793	65.76691923613411	57.04536841230452	53.209395105757395	60.06044550862524	57.01869231991144	52.916917008387614	57.07957791826621	50.424568797696566	54.82955585650144	51.12122692512548	50.264160541285115
K15524	25.504053520622744	25.60759349792618	28.710801630071437	28.153036542900644	33.16940274518068	21.647985961592482	24.94190395582378	29.391281844646397	25.49393454688348	20.578801058817405	18.255180325211263	25.1059034520177	21.931822342600576	22.38444255893068	18.891228122899104
K15539	180.93441742932362	170.90697586393696	159.71891326980918	163.70469397168154	175.2831369206531	165.8703789219316	168.4964178348984	170.59722288088236	168.58892200358432	180.79946644532436	218.5479334708391	215.95332206608444	211.32611867404114	212.95469677685404	211.00827126559625
K15540	4.0902727344394965	2.845288166436242	2.1714051652995203	2.29395112571783	1.7156587626817597	1.4627017541616543	2.4941903955823777	1.277881819332452	2.1930266276889014	1.7638972336129204	2.3140369426324137	1.7020951492893355	0.5575887036254384	1.8149548020754607	1.012030078012452
K15545	39.9403102304092	39.26497669682014	40.29162917833555	33.783643851480775	47.18061597374839	34.81230174904737	34.64153327197747	34.502809121976206	34.81429771456131	32.04413307730139	45.50939320510414	39.78647411463822	39.7746608586146	40.23149811267271	45.87869686989782
K15547	2.165438506467969	4.93183282182282	4.825344811776712	3.5451971942911924	3.4313175253635193	4.973185964149624	4.434116258813116	5.111527277329808	3.289539941533352	3.821777339494661	2.056921726784368	2.978666511256337	3.3455322217526304	3.3274171371383443	3.204761913706098
K15548	14.917465266779342	14.985184343230875	12.06336202944178	10.009968548586896	10.865838830317811	10.23891227913158	14.965142373494267	15.01511137715631	11.513389795366733	8.525503295795781	11.055954281465977	14.255046875298184	14.125580491844438	11.343467512971628	9.951629100455778
K15549	2.4060427849644097	3.4143457997234905	1.4476034435330136	2.9195741600045113	3.4313175253635193	2.047782455826316	2.217058129406558	0.9584113644993391	1.9188982992277888	1.7638972336129204	2.57115215848046	0.8510475746446677	2.416217715710233	2.268693502594326	1.8553884763561619
K15550	1.443625670978646	2.086544655386578	2.1714051652995203	1.251246068573362	1.429715635568133	1.4627017541616543	0.5542645323516395	2.875234093498017	0.5482566569222254	2.3518629781505607	1.5426912950882758	1.4893332556281684	1.1151774072508769	1.5124623350628839	1.68671679668742
K15551	6.496315519403907	3.9834034330107393	2.1714051652995203	2.7110331485756176	5.718862542272532	7.313508770808271	6.374042122043854	6.708879551495373	7.401464868450042	8.231520423526963	3.8567282377206897	3.191428404917504	3.9031209253780688	4.3861407716823635	4.048120312049808
K15552	2.4060427849644097	2.276230533148994	2.6539396464771916	2.0854101142889365	2.859431271136266	2.047782455826316	3.325587194109837	1.9168227289986781	3.289539941533352	2.3518629781505607	1.28557607924023	2.127618936611669	1.3010403084593563	1.5124623350628839	2.53007519503113
K15553	3.1278556204537327	1.7071728998617453	2.412672405888356	1.6683280914311494	3.4313175253635193	3.803024560820301	2.4941903955823777	1.9168227289986781	3.289539941533352	2.9398287226882007	4.113843453568736	4.89352355420684	3.717258024169589	4.234894538176075	3.7107769527123238
K15554	0.721812835489323	0.9484293888120807	1.206336202944178	2.0854101142889365	1.7156587626817597	0.8776210524969925	2.4941903955823777	0.9584113644993391	2.1930266276889014	1.4699143613441004	1.028460863392184	0.8510475746446677	1.6727661108763152	1.5124623350628839	1.349373437349936
K15555	6.496315519403907	6.069948088397317	7.961818939431575	9.384345514300215	9.436123194749678	5.850807016646617	9.699629316153692	13.098288648157633	6.853208211527817	6.173640317645222	4.885189101112874	7.2339043844796755	5.390024135045905	6.806080507782977	7.4215539054246475
K15580	5886.143069136932	5777.736993704314	5489.312257877188	5640.6172771287165	6873.3579179938	7798.540672488276	6773.666849869386	7178.0219144178	6284.1178016425465	9324.4017511863	824.3113820088354	804.1335770923804	913.4232279890723	760.5416851863712	771.5885986446602
K15581	840.190140509572	807.682467512368	872.1810747286407	880.8772322756469	1038.5454376766918	1171.6241050834851	1102.1550225812352	1258.394121587632	1065.810941056806	1337.3280859508625	149.3839404077147	110.6361847038068	148.3185951643666	128.10555977982625	123.97368455652537
K15582	776.911215265008	724.4103671746673	834.3021179561936	882.7541013785069	958.76730521199	1114.2861963203482	996.290496902072	1118.1465919158954	963.5610745408111	1114.7830516433658	137.5566404787046	132.76342164456815	138.09613559790023	122.96318784061246	127.34711814990021
K15583	956.6426113018493	884.8846197616714	978.5799278283173	938.4345514300215	1073.1445560574407	1149.9761191218927	1091.0697319342023	1096.7420714420768	1013.4524303207336	1320.5710622315398	165.06796857444553	150.84818260576736	166.16143368038064	152.45620337433868	150.9611533035241
K15584	1.9248342279715278	2.276230533148994	3.136474127654863	2.502492137146724	3.1453743982498925	2.047782455826316	0.5542645323516395	3.514175003164243	1.0965133138444507	1.7638972336129204	0.7713456475441379	1.7020951492893355	1.6727661108763152	1.5124623350628839	1.349373437349936
K15585	1.2030213924822049	2.655602288673826	0.7238017217665068	1.6683280914311494	0.8578293813408798	0.0	1.3856613308790988	0.638940909666226	1.0965133138444507	2.6458458504193807	1.028460863392184	0.0	0.18586290120847945	0.6049849340251535	0.84335839834371
K15586	1.684229949475087	0.3793717555248323	0.7238017217665068	0.625623034286681	0.5718862542272531	0.2925403508323309	0.0	0.638940909666226	0.5482566569222254	0.5879657445376402	1.28557607924023	0.42552378732233387	0.3717258024169589	0.45373870051886517	0.84335839834371
K15587	2.165438506467969	1.8968587776241614	1.206336202944178	1.6683280914311494	1.1437725084545063	2.9254035083233085	1.3856613308790988	0.9584113644993391	0.822384985383338	1.1759314890752803	1.28557607924023	1.0638094683058346	0.3717258024169589	1.966201035581749	1.8553884763561619
K15633	982.627873379465	789.0932514916511	778.8106526207614	791.4131383726515	1078.5774754725996	742.4674104124557	907.053907193458	996.4283486244794	955.6113530154388	1128.0122808954627	603.7065268112119	644.6685377933358	600.7088967058056	573.223224988833	580.0619063808037
K15634	39.21849739491988	48.938956462703366	41.49796538127973	45.46194049149882	44.893070956839374	53.53488420231655	51.269469242526654	48.240038679800065	45.77943085300582	49.97708828569941	46.28073885264828	55.3180923519034	47.023314005745306	55.20487522979526	47.22807030724776
K15722	3.609064177446615	6.259633966159733	8.20308618002041	5.2135252857223415	8.29235068629517	4.095564911652632	4.711248524988936	8.306231825660939	6.853208211527817	5.8796574453764014	5.399419532808966	7.2339043844796755	5.761749937462864	6.049849340251535	6.74686718674968
K15723	65.92557230802483	57.854192717536925	77.44678422901623	75.4918461372595	60.61994294808884	57.92298946480151	48.775278846944275	57.82415232479345	60.5823605899059	57.914625836957555	49.88035187452092	50.8500925850189	51.48402363474881	55.50736769680784	58.02305780604725
K15724	108.27192532339845	99.20571406974365	97.47196519788959	105.52175178302019	116.0929096081324	117.30868068376468	102.53893848505331	168.04145924221746	158.44617385052314	189.61895261338896	214.94832044896643	199.14513246685226	224.89411046226016	220.51700845216845	258.06766989317526
K15735	29.11311769806936	31.867227464085914	39.08529297539137	35.243430931483026	34.02723212652157	31.594357889891732	26.327565286702878	38.016984125140446	31.52475777302796	28.222355737806726	22.626138994628047	23.616570196389528	26.764257774021043	26.770583330613043	27.156140426667463
K15736	7.699336911886111	7.018377477209397	13.26969823238596	11.886837651446939	8.578293813408798	6.435887718311279	6.651174388219674	7.986761370827825	4.934309912300028	9.407451912602243	10.027493418073794	6.595618703496175	8.363830554381575	10.889728812452764	6.072180468074712
K15737	3.8496684559430556	3.4143457997234905	3.136474127654863	2.502492137146724	2.0016018897953862	3.51048420998797	1.6627935970549186	2.875234093498017	2.741283284611127	2.0578801058817406	4.628073885264827	4.680761660545673	5.761749937462864	6.201095573757824	5.397493749399744
K15738	139.30987724943932	121.77833352347118	131.00811163973773	126.79293494876735	121.52582902329131	133.10585962871053	127.48084244087708	122.03771374624917	135.69352258825077	141.11177868903363	148.61259476017057	143.82704011494886	146.45996615228182	152.90994207485755	136.11804549267478
K15773	11.549005367829167	13.278011443369131	12.304629270030617	12.721001697162514	10.579895703204183	9.068750875802257	9.699629316153692	8.945172735327164	9.594491496138945	9.407451912602243	13.112876008250344	12.978475513331183	13.382128887010522	12.553437381021936	12.987719334493134
K15777	15.639278102268664	11.950210299032218	12.304629270030617	14.389329788593663	10.579895703204183	9.653831577466917	10.53102611468115	13.098288648157633	10.14274815306117	12.053297763021623	10.28460863392184	11.914666045025347	10.40832246767485	15.12462335062884	12.313032615818166
K15827	6.977524076396788	3.604031677485907	18.57757752534034	18.35160900574264	3.1453743982498925	2.047782455826316	0.27713226617581976	5.750468186996034	3.0154116130722395	1.4699143613441004	0.7713456475441379	0.42552378732233387	0.18586290120847945	0.30249246701257676	0.674686718674968
K15828	13.233235317304255	10.432723276932888	29.19333611124911	30.864069691476264	7.720464432067918	2.6328631574909775	2.217058129406558	12.139877283658294	1.9188982992277888	3.2338115949570208	2.056921726784368	1.0638094683058346	1.8586290120847946	1.209969868050307	1.180701757681194
K15829	6.736919797900348	3.9834034330107393	16.888706841218493	16.683280914311492	4.289146906704399	2.340322806658647	1.3856613308790988	3.8336454579973562	1.9188982992277888	2.6458458504193807	1.028460863392184	0.42552378732233387	0.7434516048339178	0.30249246701257676	0.84335839834371
K15830	21.41378078618325	17.451100754142285	39.809094697157875	41.08257925149205	8.006407559181545	6.728428069143609	4.156983992637296	18.20981592548744	3.289539941533352	7.349571806720502	2.056921726784368	1.9148570429505023	4.832435431420466	2.268693502594326	3.37343359337484
K15831	7.458732633389671	4.742146944060404	12.304629270030617	14.389329788593663	4.0032037795907724	1.4627017541616543	1.6627935970549186	5.430997732162921	1.644769970766676	3.821777339494661	1.28557607924023	0.42552378732233387	1.4869032096678356	2.1174472690880375	2.024060156024904
K15832	11.308401089332726	6.449319843922149	16.164905119451987	17.517444960027067	7.148578177840665	6.728428069143609	4.156983992637296	7.6672909159947125	3.289539941533352	3.2338115949570208	4.113843453568736	3.8297140859010046	6.319338641088302	4.68863323869494	4.21679199171855
K15833	15.158069545275783	9.294608010358392	38.36149125362486	28.36157755432954	6.004805669386158	3.803024560820301	1.6627935970549186	10.861995464325842	2.467154956150014	3.527794467225841	0.257115215848046	0.21276189366116693	0.3717258024169589	0.6049849340251535	0.506015039006226
K15834	13.714443874297137	8.346178621546311	16.888706841218493	19.394314062887112	4.0032037795907724	5.850807016646617	4.988380791164755	8.306231825660939	5.208438240761141	3.527794467225841	5.656534748657012	5.53180923519034	5.390024135045905	5.898603106745247	4.722807030724776
K15835	8.180545468878993	4.93183282182282	5.549146533543219	5.630607308580129	7.148578177840665	5.558266665814286	6.374042122043854	6.708879551495373	4.660181583838916	3.2338115949570208	4.113843453568736	5.53180923519034	6.133475739879822	4.839879472201228	4.722807030724776
K15836	17.08290377324731	20.486074798340944	28.710801630071437	27.944495531471752	16.01281511836309	14.334477190784211	17.182200502900827	22.043461383484797	16.995956364588988	19.402869569742126	16.969604245971034	17.23371338655452	15.798346602720754	16.183346985172857	17.204511326211684
K15841	261.7774550041278	239.95263536945643	237.6482319800031	269.8520687889884	51.18381975333916	68.16190174393309	43.786898055779524	50.15686140879874	168.04066534666208	147.28541900667886	14.14133687164253	141.27389739101486	135.30819207977305	122.5094491400936	114.19072713573833
K15866	0.721812835489323	0.5690576332872485	0.9650689623553425	1.6683280914311494	1.1437725084545063	0.8776210524969925	0.27713226617581976	0.638940909666226	1.0965133138444507	1.4699143613441004	0.7713456475441379	0.8510475746446677	0.3717258024169589	0.9074774010377303	0.506015039006226
K15922	3.368459898950174	4.173089310773156	3.86027584942137	4.58790225143566	4.0032037795907724	4.095564911652632	4.711248524988936	1.9168227289986781	3.8377965984555775	2.6458458504193807	2.828267374328506	2.553142723934003	2.787943518127192	2.1174472690880375	2.698746874699872
K15974	195.85188269610296	200.8773445503987	159.47764602922035	161.2022018345348	159.84220805651728	171.13610523691355	176.25612128782137	138.65017739757104	192.71221490816222	198.43843878145356	265.85713318687954	273.61179524826065	261.32323909912213	270.5795117427499	273.75413610236825
K15977	19.12804014046706	17.356257815261078	23.16165509652822	18.76869102860043	16.01281511836309	13.603126313703385	13.163782643351439	16.292993196488762	10.828068974213952	12.200289199156032	12.855760792402299	13.297618353822934	13.196265985802043	14.59526153335683	12.819047654824391
K15984	11.308401089332726	11.950210299032218	14.234767194741302	14.597870800022557	14.011213228567703	7.898589472472933	11.91668744556025	8.945172735327164	9.868619824600056	8.819486168064602	13.36999122409839	13.82952308797585	13.93971759063596	16.03210075166657	16.192481248199233
K16012	140.2722943634251	116.2774430683611	137.76359437622514	122.20503269733169	126.95874843845021	130.47299647121955	115.56415499531684	118.52353874308493	138.16067754440078	146.99143613441004	111.07377324635587	110.6361847038068	118.58053097100989	104.66239358635157	98.84160428588281
K16013	82.04605896728637	70.18377477209397	70.20876701135117	67.98436972581933	78.92030308336093	64.35887718311278	76.48850546452626	74.11714552128223	70.45098041450596	82.90316997980726	45.766508420952185	66.38171082228408	52.22747523958273	56.112352630832994	52.625564056647505
K16052	72.90309638442162	74.73623583839196	65.62468944016328	66.31604163438818	71.48578177840665	103.55928419464512	91.1765155718447	67.40826596978684	82.51262686679492	102.01205667728057	42.681125830775635	51.062854478680066	46.279862400911384	44.76888511786136	50.770175580291344
K16053	87.57995737270451	91.42859308148458	82.99593076255945	82.99932254869968	95.50500445595128	139.24920699618949	113.06996459973446	95.8411364499339	97.58968493215612	110.53755997307634	69.16399306312437	88.08342397572311	83.45244264260728	84.84913699702778	78.43233104596503
K16066	424.66655154621833	315.25792884113565	367.69127465738546	357.43929358912374	324.5454492739662	251.58470171580453	266.04697552878696	288.481820714301	267.8233769065071	280.45966014445435	239.8884963862269	288.2923659108812	266.3415374317511	263.0172000674355	281.5130333671304
K16074	0.0	0.0	0.0	0.0	0.0	0.0	0.0	0.0	0.0	0.0	0.0	0.0	0.0	0.0	0.0
K16088	15.879882380765105	17.26141487637987	17.371241322396163	12.303919674304726	14.011213228567703	10.23891227913158	13.302348776439349	13.73722955782386	10.416876481522282	11.465332018483982	149.64105562356275	168.72018167330538	87.91315227161078	94.83138840844282	100.022306043564
K16089	13.955048152793577	19.15827365400403	17.612508562985	12.721001697162514	10.293952576090557	11.409073682460903	9.422497049977872	7.028350006328486	9.320363167677831	9.701434784871063	74.04918216423724	99.57256623342613	51.112297832331855	55.658613930314125	68.14335858617177
K16090	11.549005367829167	8.346178621546311	13.26969823238596	9.17580450287132	10.008009448976932	7.606049121640602	7.205438920571313	12.77881819332452	9.04623483921672	5.585674573107581	41.395549751535405	51.062854478680066	32.89773351390087	30.85423163528283	28.336842184348654
K16091	5.774502683914584	6.259633966159733	6.996749977076233	5.004984274293448	4.575090033818025	7.606049121640602	5.819777589692215	6.708879551495373	3.563668269994465	2.9398287226882007	7.7134564754413795	11.914666045025347	11.895225677342685	15.88085451816028	11.638345897143198
K16092	66.16617658652127	67.71785836118256	72.62143941723951	74.03205905725726	62.90748796499785	74.0127087605797	83.69394438509757	69.96402960845175	84.97978182294493	97.89629646551708	81.76263863967863	79.1474244419541	81.03622492689705	73.65691571756244	81.63709295967112
K16135	22.857406457161893	22.382933575965104	29.67587059242678	25.02492137146724	25.734881440226395	21.355445610760153	20.507787697010663	23.640813657650362	16.995956364588988	15.875075102516284	21.597678131235863	22.339998834422527	17.47111271359707	22.23319632542439	18.55388476356162
K16136	11.789609646325609	12.139896176794634	11.580827548264109	8.55018146858464	10.579895703204183	8.776210524969926	12.47095197791189	12.139877283658294	8.22384985383338	13.523212124365724	11.313069497314023	8.084951959124343	10.965911171300288	13.914653482578531	11.638345897143198
K16137	6.736919797900348	10.243037399170472	10.374491345319932	9.801427537158002	8.578293813408798	7.02096841997594	9.699629316153692	8.945172735327164	6.853208211527817	6.4676231899140415	14.398452087490575	11.276380364041847	12.452814380968125	10.738482578946476	10.794987498799488
K16138	51.00810704124549	46.66272592955438	47.529646396000615	55.47190904008571	45.179014083953	48.85423858899925	52.932262839581576	50.15686140879874	47.424200823772495	51.74098551931233	45.25227798925609	47.233140392779056	46.279862400911384	44.92013135136765	45.03533847155411
K16139	4.571481291432379	4.173089310773156	4.342810330599041	3.5451971942911924	2.5734881440226394	1.4627017541616543	1.3856613308790988	1.9168227289986781	1.9188982992277888	2.9398287226882007	1.028460863392184	1.9148570429505023	0.7434516048339178	2.873678436619479	3.036090234037356
K16140	2.4060427849644097	4.173089310773156	4.342810330599041	3.128115171433405	2.5734881440226394	1.755242104993985	3.325587194109837	3.19470454833113	1.644769970766676	2.3518629781505607	1.28557607924023	1.7020951492893355	1.1151774072508769	1.6637085685691722	1.8553884763561619
K16235	18.285925165729516	25.60759349792618	14.958568916507808	13.972247765735876	12.58149759299957	136.90888418953085	46.2810884513619	17.570875015821215	69.35446710066151	89.3707931697213	41.13843453568736	35.956760028737214	28.251160983688877	28.13179943216964	38.45714296447318
K16263	33.92520326799818	30.918798075273834	38.844025734802536	32.53239778290741	45.75090033818026	32.17943859155639	36.02719460285657	41.531159128304694	35.63668269994465	39.099722011753066	29.054019390829197	35.10571245409255	35.871539933236534	38.87028201111612	37.27644120679198
K16264	50.286294205756164	43.05869425206846	48.49471535835596	52.552334880081204	50.040047244884654	42.41835087068797	44.34116258813116	48.240038679800065	40.02273595532245	47.91920817981767	39.08151280890299	43.82895009420039	48.51021721541314	40.23149811267271	40.1438597611606
K16301	6.977524076396788	8.915236254833559	5.549146533543219	5.004984274293448	6.290748796499785	8.191129823305264	5.542645323516395	5.750468186996034	5.208438240761141	6.173640317645222	183.58026411550483	193.18779944433956	167.27661108763152	159.86726881614683	162.76817088033602
K16321	3.368459898950174	3.9834034330107393	3.86027584942137	3.96227921714898	2.0016018897953862	2.6328631574909775	2.4941903955823777	2.875234093498017	3.0154116130722395	4.115760211763481	2.056921726784368	2.3403808302728364	3.3455322217526304	3.478663370644633	3.8794486323810657
K16322	95.0386900060942	96.07589708666379	83.2371980031483	79.97547788298073	102.2246679431215	121.69678594624963	113.90136139826193	97.27875349668291	119.6570153732757	131.8513182125658	150.15528605525884	144.2525639022712	134.2859461231264	150.5656254555101	135.69636629350293
K16324	8.180545468878993	7.018377477209397	8.926887901786918	6.673312365724597	6.004805669386158	7.02096841997594	10.53102611468115	7.986761370827825	8.772106510755606	5.585674573107581	8.741917338833563	6.170094916173841	7.434516048339178	6.3523418072641125	6.409523827412196
K16325	3.1278556204537327	2.46591641091141	2.6539396464771916	2.9195741600045113	2.5734881440226394	2.340322806658647	2.7713226617581976	4.472586367663582	3.8377965984555775	4.115760211763481	1.5426912950882758	2.978666511256337	2.2303548145017538	2.419939736100614	2.867418554368614
K16326	1.2030213924822049	1.8968587776241614	3.3777413682436985	2.0854101142889365	2.5734881440226394	2.340322806658647	1.6627935970549186	1.9168227289986781	1.9188982992277888	2.3518629781505607	1.799806510936322	0.8510475746446677	1.4869032096678356	1.6637085685691722	0.506015039006226
K16328	1.2030213924822049	2.276230533148994	1.206336202944178	1.4597870800022557	1.429715635568133	2.340322806658647	2.4941903955823777	0.9584113644993391	1.0965133138444507	0.8819486168064602	0.514230431696092	0.6382856809835008	0.7434516048339178	0.6049849340251535	0.506015039006226
K16329	2.4060427849644097	3.0349740441986586	3.136474127654863	2.29395112571783	2.0016018897953862	3.803024560820301	2.217058129406558	2.236293183831791	2.1930266276889014	3.527794467225841	0.7713456475441379	1.2765713619670016	1.1151774072508769	1.5124623350628839	1.68671679668742
K16345	86.61754025871876	113.43215490192486	108.08772378379835	101.35093155444233	103.51141201513283	69.62460349809474	100.59901262182257	102.8694864562624	116.778667924434	125.53068645878616	156.06893601976392	203.18760844641443	184.74772380122857	190.87274668493595	174.2378450978105
K16346	10.105379696850521	7.39774923273423	9.89195686414226	8.55018146858464	9.722066321863304	4.388105262484963	6.096909855868034	7.6672909159947125	7.949721525372268	6.4676231899140415	4.3709586694167815	4.467999766884506	5.390024135045905	7.411065441808131	6.74686718674968
K16347	3.368459898950174	3.0349740441986586	4.584077571187876	5.2135252857223415	1.7156587626817597	2.6328631574909775	4.156983992637296	4.472586367663582	2.741283284611127	2.9398287226882007	6.427880396201149	6.170094916173841	5.018298332628945	6.049849340251535	3.8794486323810657
K16348	140.51289864192154	107.36220681352754	304.23799038252173	264.8470845146949	82.63756373583809	72.84254735725038	54.59505643663649	84.97914098560805	91.0106050490894	61.736403176452214	59.39361486089862	80.4239958039211	83.82416844502424	90.74774010377303	73.03483729656529
K16370	126.55785048912796	128.98639687844297	168.16326669041842	144.9360029430811	142.11373417547242	139.5417473470218	113.90136139826193	140.2475296717366	121.1647211798118	137.29000134953898	106.18858414524298	115.52970825801364	118.39466806980141	115.55212239880433	111.49198026103846
K16371	811.798835646992	676.419840100776	832.9751481329549	761.1746917154619	708.4240974240099	436.4702034418376	675.7870310697365	500.45046749607155	482.0546655988667	587.8187531015056	357.3901500287839	351.26988643458657	406.20337059113183	365.9402619684647	351.7647879491615
K16692	24.421334267388758	20.865446553865777	27.263198186538425	27.63168401432841	23.44733642331738	23.54949824200263	20.23065543083484	25.238165931815928	21.244945455736236	19.549861005876533	17.483834677667126	19.148570429505025	19.329741725681863	19.5107641223112	17.87919804488665
K16693	28.150700584083594	23.710734720302018	24.609258540061234	27.735954520042856	22.5895070419765	25.451010522412783	20.784919963186482	25.238165931815928	16.995956364588988	19.990835314279764	37.795936729662756	27.233522388629368	34.01291092115174	34.18164877242118	32.04761913706098
K16695	1.9248342279715278	2.845288166436242	2.6539396464771916	2.29395112571783	2.859431271136266	2.340322806658647	2.7713226617581976	3.514175003164243	1.9188982992277888	1.1759314890752803	2.056921726784368	1.7020951492893355	2.416217715710233	2.722432203113191	2.024060156024904
K16703	4.330877012935938	3.793717555248323	3.136474127654863	3.753738205720086	4.0032037795907724	4.973185964149624	3.048454927934017	3.19470454833113	2.741283284611127	2.9398287226882007	2.828267374328506	3.6169521922398378	3.5313951229611096	2.5711859696069026	2.698746874699872
K16704	17.08290377324731	13.657383198893962	12.304629270030617	14.389329788593663	15.15498573702221	12.871775436622558	14.965142373494267	8.625702280494052	11.513389795366733	11.171349146215162	16.198258598426897	20.425141791472026	21.00250783655818	22.081950091918106	16.192481248199233
K16710	2.4060427849644097	3.793717555248323	4.584077571187876	4.796443262864554	3.7172606524771457	4.095564911652632	3.325587194109837	4.472586367663582	4.386053255377803	4.115760211763481	5.14230431696092	3.8297140859010046	3.3455322217526304	3.0249246701257677	3.542105273043582
K16711	12.03021392482205	10.053351521408056	14.476034435330137	11.886837651446939	9.436123194749678	7.606049121640602	11.08529064703279	10.223054554659615	9.594491496138945	8.819486168064602	15.684028166730805	13.616761194314684	10.965911171300288	13.309668548553377	12.313032615818166
K16868	59.91046534561381	56.905763328724845	81.06579283784876	71.73810793153942	54.043251024475424	55.58266665814286	53.486527371933214	51.4347432281312	44.408789210700256	60.26648881510811	57.07957791826621	59.57333022512674	58.91853968308799	52.17995055966949	62.74586483677202
K17195	3.8496684559430556	3.4143457997234905	4.101543090010205	2.29395112571783	2.2875450169090126	1.755242104993985	1.9399258632307383	2.875234093498017	2.741283284611127	3.2338115949570208	3.0853825901765517	5.319047341529173	3.3455322217526304	3.78115583765721	2.361403515362388
K17247	12.992631038807813	14.416126709943628	14.476034435330137	13.346624731449195	13.725270101454077	11.994154384125565	8.313967985274592	8.945172735327164	15.077058065361198	12.935246379828083	13.36999122409839	9.574285214752512	16.72766110876315	11.494713746477917	8.264912303768359
K17686	347.4325781488608	409.9111818445813	168.16326669041842	148.4812001373723	206.73688090315204	147.14779646866242	128.03510697322872	142.4838228555684	194.90524153585113	189.0309868688513	424.4972213651239	452.3317859236409	435.4767775314674	497.4488620021825	457.10025190229084
K17713	289.68755130971493	298.94494335356785	262.98129224183083	272.7716429489929	298.8105678337398	296.0508350423188	297.0857893404788	313.4005161912839	268.91989022035153	314.26769045536867	313.93767855046417	330.6319827494534	322.2862706955034	358.90731211042237	335.9939859001341
K17722	27.188283470097833	15.554241976518124	25.33306026182774	21.47972417717605	15.15498573702221	8.483670174137595	11.63955517938443	9.903584099826503	9.868619824600056	8.819486168064602	3.3424978060245976	2.978666511256337	4.274846727795028	4.234894538176075	2.361403515362388
K17723	20.932572229190367	12.708953810081882	19.542646487695684	17.934526982884854	12.867440720113198	12.286694734957896	13.02521651026353	8.625702280494052	9.04623483921672	12.641263507559263	3.8567282377206897	3.191428404917504	2.416217715710233	6.049849340251535	4.722807030724776
K17938	139.79108580643222	154.59399037636916	63.6945515154526	95.09470121157551	155.26711802269924	159.14195085278797	182.0758988775136	158.13787514239095	155.704890565912	168.4521858100339	263.80021146009517	232.97427355897779	225.07997336346864	224.75190299034455	235.29699313789507
K17948	16.601695216254427	21.624190064915442	37.39642229126952	28.98720058861622	27.16459707579453	21.940526312424815	18.567861833779926	16.292993196488762	17.270084693050098	21.166766803355046	14.655567303338621	9.361523321091346	17.099386911180112	9.679758944402456	12.313032615818166
K18015	6.496315519403907	3.9834034330107393	8.926887901786918	5.630607308580129	4.289146906704399	2.340322806658647	3.6027194602856567	1.277881819332452	0.822384985383338	4.115760211763481	2.828267374328506	1.4893332556281684	1.6727661108763152	2.268693502594326	2.192731835693646
K18138	585.1496053033445	616.8584744833773	543.5750930466467	561.1838617551529	689.4088794709537	695.0758735776182	637.9584767367371	724.2395211066672	688.0621044373928	758.4758104535558	742.5487433691568	690.1995830368255	699.9596859511337	683.1792367479046	670.3012550035806
K18140	1.684229949475087	2.46591641091141	1.930137924710685	1.4597870800022557	1.1437725084545063	0.2925403508323309	1.9399258632307383	1.9168227289986781	1.0965133138444507	0.8819486168064602	1.5426912950882758	2.553142723934003	0.9293145060423973	1.5124623350628839	2.192731835693646
K18141	3.368459898950174	2.086544655386578	2.1714051652995203	2.9195741600045113	2.2875450169090126	2.6328631574909775	1.108529064703279	1.597352274165565	1.3706416423055634	2.9398287226882007	1.799806510936322	3.191428404917504	1.3010403084593563	2.1174472690880375	1.8553884763561619
K18142	21.173176507686808	19.917017165053696	19.542646487695684	17.308903948598175	12.867440720113198	15.212098243281204	16.905068236725004	14.695640922323198	14.528801408438973	10.583383401677523	13.627106439946438	15.95714202458752	14.125580491844438	17.99830178724832	15.686466209193005
K18324	23.81982357114766	40.78246371891947	27.50446542712726	33.57510284005188	34.313175253635194	31.88689824072406	31.038813811691814	25.238165931815928	31.52475777302796	31.162184460494927	57.07957791826621	45.53104524348972	60.96303159638126	48.70128718902486	61.56516307909083
K18326	11.549005367829167	9.294608010358392	13.993499954152465	11.886837651446939	8.864236940522424	8.191129823305264	11.08529064703279	8.945172735327164	8.22384985383338	8.231520423526963	12.598645576554253	10.850856576719513	10.03659666525789	8.923527776871016	11.301002537805713
K18446	45.233604357330904	34.333143874997326	47.529646396000615	45.46194049149882	51.18381975333916	43.00343157235263	49.88380791164756	46.6426864056345	49.891355779922506	47.62522530754885	42.681125830775635	42.12685494491105	38.28775764894677	40.53399057968529	51.107518939628825
K18471	9.3835668613612	10.243037399170472	8.926887901786918	6.047689331437916	9.436123194749678	6.143347367478948	8.036835719098773	7.986761370827825	9.594491496138945	6.4676231899140415	6.170765180353103	4.89352355420684	3.717258024169589	6.049849340251535	6.915538866418422
K18478	5.052689848425261	4.173089310773156	6.755482736487397	5.422066297151235	5.146976288045279	4.388105262484963	5.819777589692215	5.430997732162921	4.11192492691669	3.527794467225841	5.656534748657012	4.467999766884506	3.3455322217526304	3.3274171371383443	4.048120312049808
K18479	9.86477541835408	9.104922132595975	11.339560307675274	11.052673605731364	8.578293813408798	8.483670174137595	5.542645323516395	14.376170467490086	6.304951554605592	7.937537551258142	8.741917338833563	8.29771385278551	8.921419258007015	8.621035309858438	7.4215539054246475
K18502	0.0	0.18968587776241616	0.2412672405888356	0.20854101142889367	0.5718862542272531	0.2925403508323309	0.27713226617581976	0.0	0.0	0.0	0.257115215848046	0.21276189366116693	0.0	0.7562311675314419	0.506015039006226
K18503	1.2030213924822049	1.138115266574497	0.9650689623553425	1.251246068573362	0.0	0.2925403508323309	0.5542645323516395	0.319470454833113	0.0	0.5879657445376402	0.257115215848046	0.8510475746446677	0.5575887036254384	0.6049849340251535	0.337343359337484
K18504	4.0902727344394965	3.604031677485907	5.549146533543219	2.7110331485756176	5.4329194151589055	3.803024560820301	4.988380791164755	6.069938641829147	4.386053255377803	4.409743084032301	2.828267374328506	3.404190298578671	3.9031209253780688	2.722432203113191	3.036090234037356
K18505	686.925215107339	508.5478382810377	767.7123595536749	645.6429713838548	349.1365582057381	439.1030665993286	347.8009940506538	364.51578896458193	358.5598536271354	286.04533471756196	140.8991382847292	295.52627029536086	325.63180291725604	294.47641663674347	267.5132839546248
K18506	36.81245460995547	27.883824031075175	47.770913636589455	63.18792646295478	54.61513727870268	49.43931929066392	44.34116258813116	68.04720687945307	66.06492715912816	39.099722011753066	26.482867232348735	28.2973318569352	24.71976586072777	24.048151127499853	25.975438668986268
K18507	0.9624171139857639	2.276230533148994	0.4825344811776712	0.8341640457155747	0.0	0.0	0.5542645323516395	0.0	0.0	0.2939828722688201	1.28557607924023	8.935999533769012	4.088983826586548	4.537387005188652	6.409523827412196
K18508	0.48120855699288195	0.5690576332872485	0.4825344811776712	0.20854101142889367	0.28594312711362657	0.0	0.0	0.0	0.2741283284611127	0.0	0.0	0.0	0.3717258024169589	0.15124623350628838	0.168671679668742
K18509	0.0	0.0	0.0	0.0	0.0	0.0	0.0	0.0	0.0	0.0	0.0	0.0	0.18586290120847945	0.0	0.0
K18510	0.0	0.0	0.0	0.0	0.0	0.0	0.0	0.0	0.0	0.0	0.0	0.0	0.0	0.0	0.0
K18511	0.0	0.0	0.0	0.20854101142889367	0.0	0.2925403508323309	0.0	0.0	0.0	0.0	0.0	0.0	0.3717258024169589	0.6049849340251535	0.0
K18512	0.0	0.0	0.0	0.0	0.0	0.0	0.0	0.0	0.0	0.0	0.0	0.0	0.0	0.0	0.0
K18513	1.684229949475087	2.845288166436242	1.4476034435330136	1.251246068573362	0.8578293813408798	0.8776210524969925	1.3856613308790988	1.9168227289986781	0.822384985383338	1.4699143613441004	1.028460863392184	0.6382856809835008	0.9293145060423973	1.209969868050307	1.68671679668742
K18514	44.99300007883446	39.83403433010739	41.49796538127973	53.17795791436789	3.4313175253635193	3.803024560820301	2.7713226617581976	1.277881819332452	8.772106510755606	7.349571806720502	1.28557607924023	21.914475047100193	18.958015923264906	23.140673726462122	21.25263163826149
K18515	68908.5841528237	43060.780796723855	38646.42786476028	48726.23294339529	94131.33367329743	103020.42486841197	92892.79569627155	81047.73756843177	78510.62739959113	131339.4940319458	49379.49143404893	32401.508785659113	28123.659033459862	31899.343108811285	35164.50310565966
K18516	31080.057674777763	36465.02345516912	35570.02928001204	45317.21302956717	47156.88269419796	43527.95642139501	25799.62831963794	49798.41555847599	27958.348219748885	43896.34655569114	3240.9372957646196	5945.63111836131	5270.886015371269	5586.582127021774	5364.940115223677
K18517	0.0	0.0	0.0	0.0	0.0	0.0	0.0	0.0	0.0	0.0	0.0	0.0	0.0	0.0	0.0
K18518	0.721812835489323	2.655602288673826	1.930137924710685	1.0427050571444683	0.28594312711362657	1.4627017541616543	0.5542645323516395	0.0	0.0	0.5879657445376402	0.0	0.0	0.18586290120847945	0.45373870051886517	0.168671679668742
K18519	0.0	0.0	0.4825344811776712	0.20854101142889367	0.0	0.0	0.0	0.0	0.0	0.0	0.0	0.42552378732233387	0.0	0.0	0.168671679668742
K18520	1.2030213924822049	0.5690576332872485	0.9650689623553425	1.0427050571444683	1.429715635568133	0.2925403508323309	0.5542645323516395	0.9584113644993391	0.2741283284611127	0.2939828722688201	1.5426912950882758	0.8510475746446677	0.5575887036254384	0.45373870051886517	0.506015039006226
K18521	74.58732633389671	113.62184077968728	99.88463760377795	97.18011132586444	52.613535388907295	142.75969120617745	74.2714473351197	78.5897318889458	78.12657361141711	56.73869434788227	56.822462702418164	47.87142607376256	43.12019308036724	45.67636251889909	49.08345878360392
K18522	12.270818203318491	13.467697321131547	4.342810330599041	7.92455843429796	7.720464432067918	5.850807016646617	9.422497049977872	5.430997732162921	7.401464868450042	10.877366273946343	7.7134564754413795	14.893332556281685	10.965911171300288	12.402191147515648	12.987719334493134
K18523	7.9399411903825525	8.156492743783895	3.3777413682436985	7.090394388582385	2.5734881440226394	2.9254035083233085	1.6627935970549186	1.277881819332452	2.741283284611127	3.527794467225841	0.7713456475441379	5.106285447868006	6.319338641088302	5.898603106745247	4.385463671387292
K18524	0.0	0.0	0.0	0.0	0.0	0.0	0.0	0.0	0.0	0.0	0.0	0.0	0.0	0.0	0.0
K18525	7.21812835489323	5.121518699585236	25.091793021238903	21.68826518860494	4.575090033818025	3.51048420998797	3.325587194109837	5.111527277329808	3.0154116130722395	0.5879657445376402	1.28557607924023	3.6169521922398378	1.8586290120847946	1.3612161015565956	3.37343359337484
K18526	0.0	0.3793717555248323	0.4825344811776712	0.20854101142889367	0.28594312711362657	0.0	0.27713226617581976	0.0	1.0965133138444507	0.0	0.0	0.0	0.5575887036254384	0.15124623350628838	0.0
K18527	52.93294126921702	44.76586715193021	39.809094697157875	36.0775949771986	6.576691923613412	6.143347367478948	5.819777589692215	5.111527277329808	10.965133138444507	8.231520423526963	3.8567282377206897	41.70133115758872	26.95012067522952	22.686935025943257	21.421303317930235
K18528	5.533898405418142	2.276230533148994	1.930137924710685	1.4597870800022557	1.7156587626817597	0.0	2.4941903955823777	0.9584113644993391	1.644769970766676	1.7638972336129204	1.5426912950882758	3.191428404917504	3.159669320544151	2.268693502594326	2.192731835693646
K18530	5.052689848425261	5.690576332872484	4.342810330599041	5.839148320009023	5.718862542272532	4.973185964149624	5.542645323516395	4.792056822496695	5.756694897683366	5.585674573107581	3.8567282377206897	4.042475979562171	6.319338641088302	4.234894538176075	6.74686718674968
K18531	4.812085569928819	4.552461066297988	3.86027584942137	4.170820228577873	2.859431271136266	2.9254035083233085	4.988380791164755	3.8336454579973562	4.11192492691669	2.9398287226882007	3.0853825901765517	2.3403808302728364	2.9738064193356712	4.234894538176075	3.542105273043582
K18657	44.0305829648487	47.80084119612887	56.93906877896521	51.50962982293674	42.03363968570311	40.078028064029326	49.88380791164756	38.33645457997356	47.150072495311385	49.095139668892955	32.910747628549885	23.829332090050695	24.71976586072777	30.24924670125768	38.9631580034794
K18691	18.045320887233075	26.745708764500677	21.955318893584042	19.602855074316004	16.298758245476716	23.695768417418797	27.436094351406155	20.44610910931923	26.59044786072793	23.812612653774426	24.168830289716322	29.361141325241036	26.578394872812563	24.19939736100614	26.481453707992493
K18697	44.99300007883446	42.11026486325638	48.01218087717829	45.46194049149882	47.466559100862014	40.078028064029326	46.2810884513619	41.531159128304694	43.03814756839469	39.099722011753066	34.196323707790114	29.78666511256337	34.384636723568704	29.19052306671366	30.36090234037356
K18702	4.812085569928819	6.828691599446981	6.272948255309726	7.716017422869066	6.004805669386158	4.973185964149624	5.819777589692215	5.750468186996034	6.304951554605592	6.761606062182862	2.828267374328506	3.404190298578671	3.717258024169589	4.537387005188652	5.397493749399744
K18765	123.42999486867423	114.75995604626178	114.36067203910808	112.61214617160257	100.36603761688293	89.51734735469324	89.51372197478979	97.11901826926635	91.83299003447276	91.72265614787186	86.6478277407915	87.65790018840077	87.91315227161078	92.4114486723422	88.04661678708332
K18778	72.1812835489323	68.0972301167074	58.86920670367589	64.85625455438593	66.05286236324774	70.79476490142406	77.0427699968779	61.977268237623925	69.35446710066151	84.07910146888254	83.819560366463	83.6154242088386	83.2665797413988	69.57326741289266	75.73358417126515
K18799	145.08437993335392	110.20749497996378	156.5824391421543	127.00147596019625	109.80216081163262	133.39839997954286	106.6959224776906	86.25702280494052	86.3504234652505	112.30145720668926	140.3849078530331	115.10418447069131	123.04124060001341	125.23188134320678	136.45538885201228
K18800	61.59469529508889	60.88916676173559	63.6945515154526	57.14023713151686	70.9138955241794	67.86936139310076	70.66872787483403	62.29673869245703	74.01464868450043	69.08597498317272	72.24937565330092	61.48818726807724	61.70648320121518	65.64086534172915	57.68571444670976
K18831	11.067796810836285	9.673979765883225	8.685620661198081	7.2989354000112785	7.720464432067918	7.606049121640602	6.651174388219674	7.6672909159947125	7.675593196911155	7.055588934451682	8.999032554681609	10.42533278939718	7.620378949547658	8.46978907635215	8.770927342774584
K18837	4.330877012935938	4.552461066297988	3.7798534358917575	3.3366561828622987	1.810973138386302	1.9502690055488723	3.048454927934017	3.19470454833113	2.1930266276889014	2.7438401411756543	2.314036942632414	2.624063355154392	2.7879435181271917	3.277001725969582	2.8111946611457
K18838	7.39858156376556	6.544162782803357	6.5142154958985605	5.734877814294575	6.719663487170225	6.362752630603196	6.096909855868034	6.229673869245704	6.236419472490314	5.585674573107582	4.049564649606724	5.265856868113881	4.228381002492908	3.932402071163498	5.2709899896481875
K18839	0.0	1.327801144336913	1.4476034435330136	0.625623034286681	0.5718862542272531	0.5850807016646618	0.0	1.597352274165565	0.0	0.2939828722688201	0.7713456475441379	0.21276189366116693	1.3010403084593563	0.15124623350628838	0.506015039006226
K18840	3.368459898950174	1.327801144336913	2.8952068870660272	4.170820228577873	1.7156587626817597	0.8776210524969925	0.5542645323516395	1.277881819332452	0.0	1.1759314890752803	1.28557607924023	0.6382856809835008	2.2303548145017538	0.7562311675314419	1.180701757681194
K18841	2.4060427849644097	2.655602288673826	3.136474127654863	5.422066297151235	7.434521304954291	3.803024560820301	6.651174388219674	7.347820461161599	2.741283284611127	3.821777339494661	4.113843453568736	4.042475979562171	4.4607096290035075	3.3274171371383443	4.21679199171855
K18842	7.458732633389671	3.9834034330107393	5.066612052365548	6.673312365724597	6.862635050727039	6.143347367478948	4.434116258813116	7.6672909159947125	6.579079883066704	4.997708828569941	8.484802122985517	7.2339043844796755	6.133475739879822	6.201095573757824	7.252882225755906
K18843	27.669492027090712	26.17665113121343	22.437853374761712	20.01993709717379	25.16299518599914	27.20625262740677	22.4477135602414	24.279754567316587	20.55962463458345	34.983961799989586	22.883254210476093	16.59542770557102	16.170072405137713	19.964502822830067	18.72255644323036
K18850	228.57406457161895	215.8625288936296	181.6742321633932	187.6869102860043	196.44292832706148	184.59296137520076	184.29295700692015	184.97339334837244	205.04798968891228	226.66079451926026	166.6106598695338	202.33656087176976	198.3157155894476	198.28381212674407	184.35814587793502
K18862	5.894804823162804	4.078246371891947	3.558691798685325	3.597332447148416	3.288345961806706	3.4373491222798878	3.672002526829612	3.7537778442890777	3.0154116130722395	3.380803031091431	2.828267374328506	3.3509998251633792	3.2990664964505103	4.0836483046697865	2.4035714352795736
K18863	0.0	0.0	0.0	0.05213525285722342	0.0	0.07313508770808272	0.0	0.0	0.0	0.0	0.0642788039620115	0.0	0.0	0.15124623350628838	0.0
K18864	32.24097331852309	26.366337008975844	23.161655096528218	42.54236633149431	17.156587626817597	13.164315787454889	16.073671438197547	14.056700012656972	26.316319532266817	19.108886697473306	6.427880396201149	21.276189366116693	19.143878824473386	15.275869584135126	18.38521308389288
K18865	15.639278102268664	12.519267932319465	15.199836157096644	15.640575857167025	4.0032037795907724	1.1701614033293235	3.6027194602856567	3.514175003164243	7.675593196911155	4.997708828569941	1.799806510936322	6.595618703496175	7.062790245922219	9.37726647738988	7.59022558509339
K18867	60.15106962411025	46.093668296267126	53.07879292954384	56.72315510865908	20.87384827929474	18.430042102436843	15.796539172021726	20.12663865448612	43.03814756839469	29.398287226882008	18.255180325211263	30.42495079354687	23.418725552268413	32.97167890437087	23.78270683329262
K18868	135.94141735048916	99.01602819198123	119.66855133206246	132.00646023448968	44.60712782972575	39.200407011532334	33.53300420727419	39.61433639930601	69.62859542912263	44.97937945712947	20.312102051995634	74.25390088774726	70.25617665680524	76.22810168716934	65.78195507080937
K18869	48.36145997778464	45.145238907455045	47.28837915541178	54.63774499437014	15.726871991249462	11.116533331628572	13.302348776439349	15.97352274165565	29.60585947380017	27.340407121000265	11.055954281465977	48.08418796742372	37.54430604411285	42.500191615267035	42.33659159685424
K18870	0.0	0.18968587776241616	0.2412672405888356	0.20854101142889367	0.0	0.0	0.27713226617581976	0.0	0.0	0.0	0.0	0.21276189366116693	0.18586290120847945	0.0	0.0
K18871	0.0	0.0	0.0	0.0	0.0	0.0	0.0	0.0	0.0	0.0	0.0	0.0	0.0	0.0	0.0
K18872	0.0	0.0	0.0	0.0	0.0	0.0	0.0	0.0	0.0	0.0	0.0	0.0	0.0	0.0	0.0
K18889	33.443994711005296	36.4196885303839	22.67912061535055	21.271183165747154	32.311573363839805	23.110687715754135	25.773300754351236	29.71075229947951	27.138704517650154	23.518629781505606	25.968636800652643	27.871808069612868	19.8873304293073	28.585538132688505	27.66215546567369
K18890	22.857406457161893	25.60759349792618	21.47278441240637	22.939511257178303	28.022426457135406	26.036091224077445	21.616316761713943	30.349693209145737	20.833752963044564	20.872783931086225	16.455373814274942	21.914475047100193	22.861136848642975	21.62821139139924	20.24060156024904
K18898	25.504053520622744	19.917017165053696	167.1981977280631	114.69755628589152	18.872246389499356	15.797178944945866	14.688010107318448	23.640813657650362	14.528801408438973	19.108886697473306	3.3424978060245976	4.467999766884506	3.5313951229611096	3.1761709036320562	3.37343359337484
K18899	68.81282364998212	50.07707172927786	359.48818847736504	235.65134291464983	51.75570600756642	44.46613332651429	28.821755682285254	56.546270505461	41.1192492691669	62.030386048721034	17.74094989351517	17.23371338655452	16.541798207554674	15.427115817641415	19.059899802567845
K18918	53.4141498262099	61.45822439502283	49.94231880188897	56.93169612008797	52.32759226179367	53.242343851484215	51.82373377487829	48.87897958946629	50.71374076530585	47.33124243528003	51.68015838545724	47.87142607376256	51.48402363474881	49.76001082356888	50.432832220953856
K18919	27.990297731752634	28.516110290283226	21.151094758287922	23.287079609559793	21.445734533521996	18.917609353824062	18.10597472348689	19.913658351264043	19.280359101764926	22.4406925831866	16.112553526477548	17.020951492893353	16.727661108763154	16.687501096860487	16.923391860097116
K18920	0.24060427849644098	0.0	0.0	0.0	0.0	0.2925403508323309	0.0	0.0	0.0	0.8819486168064602	0.0	0.0	0.0	0.15124623350628838	0.0
K18921	33.203390432508854	25.797279375688596	27.263198186538425	24.816380360038345	24.59110893177189	28.961494732400755	24.387639423472137	23.001872747984137	26.864576189189044	24.400578398312067	20.56921726784368	24.25485587737303	21.56009654018362	21.476965157892952	22.433333395942686
K18922	0.24060427849644098	1.138115266574497	0.7238017217665068	0.8341640457155747	0.28594312711362657	0.2925403508323309	1.108529064703279	0.9584113644993391	0.5482566569222254	0.8819486168064602	0.514230431696092	0.6382856809835008	0.18586290120847945	0.6049849340251535	0.674686718674968
K18928	36.57185033145903	18.020158387429536	19.78391372828452	21.47972417717605	29.166198965589913	18.722582453269176	29.098887948461076	18.20981592548744	23.026779590733465	25.576509887387346	2.828267374328506	1.9148570429505023	2.2303548145017538	2.1174472690880375	2.53007519503113
K18929	52.69233699072058	45.524610662979875	38.844025734802536	38.788628125774224	53.7573078973618	43.5885122740173	58.75204042927379	43.12851140247026	45.23117419608359	49.68310541343059	14.655567303338621	11.489142257703014	10.78004827009181	11.040975045959053	12.313032615818166
K18968	4.0902727344394965	5.880262210634901	4.825344811776712	7.090394388582385	5.718862542272532	4.388105262484963	3.6027194602856567	8.945172735327164	4.386053255377803	3.821777339494661	4.113843453568736	2.76590461759517	3.5313951229611096	4.68863323869494	4.048120312049808
K18979	57.263818282152954	57.09544920648726	79.85945663490459	72.572271977255	64.62314672767961	45.928835080675945	51.82373377487829	58.14362277962657	49.06897079453917	42.03955073444127	52.19438881715333	40.637521689282885	48.51021721541314	46.13010121941796	51.613533978635054
K18988	122.22697347619203	125.76173695648191	63.6945515154526	93.84345514300215	127.81657781979109	136.6163438386985	151.59134959817342	145.67852740389952	137.88654921593968	131.7043267764314	222.4046617085598	192.12398997603373	186.23462701089642	196.7713497916812	189.08095290865978
K18997	38.97789311642344	36.98874616367115	65.86595668075212	44.21069442292546	37.74449277899871	35.982463152376695	35.75006233668075	34.18333866714309	23.849164576116802	30.868201588226107	14.398452087490575	19.999618004149692	19.515604626890344	24.804382295031296	17.54185468554917
K19000	68.33161509298924	64.49319843922149	60.316810147208905	64.64771354295704	60.333999820975215	61.433473674789475	51.269469242526654	67.72773642461996	51.53612575068919	50.56505403023705	55.02265619148184	42.12685494491105	49.8112575238725	44.01265395032992	46.38471190890405
K19046	4.330877012935938	3.2246599219610745	6.03168101472089	6.464771354295704	3.1453743982498925	2.9254035083233085	3.8798517264614767	2.875234093498017	1.9188982992277888	4.997708828569941	2.57115215848046	2.3403808302728364	2.787943518127192	2.873678436619479	2.53007519503113
K19048	2.165438506467969	2.46591641091141	1.4476034435330136	2.0854101142889365	3.4313175253635193	2.9254035083233085	2.7713226617581976	2.236293183831791	2.741283284611127	1.4699143613441004	1.5426912950882758	2.978666511256337	3.717258024169589	2.722432203113191	3.7107769527123238
K19055	65.20375947253551	60.13042325068592	66.3484911619298	67.77582871439044	62.3356017107706	78.98589472472933	70.1144633424824	67.08879551495373	73.4663920275782	67.91004349409744	68.64976263142827	73.19009141944143	58.91853968308799	62.31344820459081	60.04711796207215
K19123	3.1278556204537327	5.500890455110069	6.03168101472089	7.090394388582385	5.718862542272532	5.850807016646617	4.711248524988936	3.8336454579973562	3.0154116130722395	3.821777339494661	2.056921726784368	1.4893332556281684	2.044491913293274	1.8149548020754607	0.674686718674968
K19124	7.699336911886111	10.053351521408056	12.545896510619452	10.21850956001579	8.578293813408798	9.068750875802257	4.711248524988936	7.028350006328486	8.772106510755606	7.349571806720502	6.170765180353103	7.872190065463177	7.248653147130699	8.016050375833284	7.084210546087164
K19125	8.180545468878993	8.156492743783895	10.133224104731095	7.716017422869066	6.290748796499785	5.558266665814286	6.374042122043854	7.6672909159947125	6.853208211527817	4.409743084032301	5.9136499645050575	5.957333022512674	7.248653147130699	6.806080507782977	6.915538866418422
K19126	8.180545468878993	8.346178621546311	12.06336202944178	9.592886525729108	9.722066321863304	7.313508770808271	7.205438920571313	9.903584099826503	6.304951554605592	6.173640317645222	5.656534748657012	4.89352355420684	8.549693455590056	6.201095573757824	7.084210546087164
K19147	11.549005367829167	9.104922132595975	13.028430991797123	8.967263491442427	7.434521304954291	5.850807016646617	8.591100251450413	3.19470454833113	6.579079883066704	6.4676231899140415	10.541723849769886	13.616761194314684	13.567991788219	15.88085451816028	12.481704295486908
K19148	7.699336911886111	7.39774923273423	4.101543090010205	3.96227921714898	6.862635050727039	4.680645613317294	9.699629316153692	2.555763638664904	3.8377965984555775	5.585674573107581	2.57115215848046	2.978666511256337	3.159669320544151	3.478663370644633	3.036090234037356
K19149	0.0	0.0	0.0	0.0	0.0	0.0	0.0	0.0	0.0	0.0	0.0	0.0	0.0	0.0	0.0
K19150	0.0	0.0	0.0	0.0	0.0	0.0	0.0	0.0	0.0	0.0	0.0	0.0	0.0	0.0	0.0
K19151	0.0	0.0	0.0	0.0	0.0	0.0	0.0	0.0	0.0	0.0	0.0	0.0	0.0	0.0	0.0
K19152	0.0	0.0	0.0	0.0	0.0	0.0	0.0	0.0	0.0	0.0	0.0	0.0	0.0	0.0	0.0
K19153	0.0	0.0	0.0	0.0	0.0	0.0	0.0	0.0	0.0	0.0	0.0	0.0	0.0	0.0	0.0
K19154	1.9248342279715278	1.138115266574497	2.412672405888356	1.4597870800022557	0.28594312711362657	1.1701614033293235	0.27713226617581976	0.9584113644993391	1.0965133138444507	0.5879657445376402	0.514230431696092	0.6382856809835008	0.9293145060423973	0.6049849340251535	0.674686718674968
K19155	63.27892524456398	63.73445492817183	61.76441359074192	64.23063152009925	52.89947851602092	45.928835080675945	52.932262839581576	40.25327730897224	44.134660882239146	45.27336232939829	53.222849680545515	51.27561637234123	52.785063943208165	50.51624199110032	55.49298261101612
K19156	64.00073808005331	55.008904551100684	63.21201703427493	60.26835230295027	47.18061597374839	45.63629472984361	47.38961751606518	48.240038679800065	47.698329152233605	44.97937945712947	35.48189978703034	38.29714085901005	52.970926844416645	39.172774478128694	45.03533847155411
K19157	19.248342279715278	25.03853586463893	21.47278441240637	20.228478108602687	22.5895070419765	14.919557892448873	22.4477135602414	13.73722955782386	17.818341349972325	19.990835314279764	19.797871620299542	18.72304664218269	19.329741725681863	15.427115817641415	19.059899802567845
K19158	28.87251341957292	22.951991209252355	14.476034435330137	14.597870800022557	21.445734533521996	16.96734034827519	19.95352316465902	15.334581831989425	16.721828036127874	14.111177868903363	20.56921726784368	17.020951492893353	13.196265985802041	14.670884650109974	15.349122849855522
K19159	49.323877091770406	49.318328218228196	34.01868092302582	38.997169137203116	43.17741219415762	43.295971923184965	43.786898055779524	35.14175003164243	37.55558099917244	37.33582477814015	40.881319319839314	30.42495079354687	31.782556106649988	30.551739168270252	34.915037691429596
K19160	6.496315519403907	7.587435110496646	5.549146533543219	7.92455843429796	7.720464432067918	8.483670174137595	9.422497049977872	7.986761370827825	5.482566569222254	6.761606062182862	9.5132629863777	7.446666278140842	8.177967653173097	7.56231167531442	8.4335839834371
K19161	10.105379696850521	9.294608010358392	9.89195686414226	8.967263491442427	8.29235068629517	6.143347367478948	5.265513057340575	7.6672909159947125	7.12733653998893	8.525503295795781	7.970571691289425	7.446666278140842	8.177967653173097	8.46978907635215	8.770927342774584
K19162	128.00147616010662	87.25550377071143	122.32249097853966	122.41357370876058	84.63916562563347	68.74698244559775	73.99431506894388	68.6861477891193	56.47043566298921	53.210899880656434	107.73127544033126	114.25313689604664	117.27949066255054	112.22470526166599	108.11854666766362
K19166	4.571481291432379	6.069948088397317	4.342810330599041	5.004984274293448	6.576691923613412	8.483670174137595	8.313967985274592	5.430997732162921	2.467154956150014	8.819486168064602	8.484802122985517	5.53180923519034	7.992104751964617	7.259819208301843	6.915538866418422
K19168	40.90272734439497	37.557803796958396	33.05361196067048	29.404282611474006	44.035241575498496	39.49294736236467	41.84697219254878	43.767452312136484	42.215762583011355	37.33582477814015	34.45343892363816	39.78647411463822	39.96052375982308	32.366693970345715	37.10776952712324
K19221	23.81982357114766	19.537645409528864	19.542646487695684	20.228478108602687	27.73648333002178	24.28084911908346	22.4477135602414	19.16822728998678	26.042191203805704	18.226938080666844	16.969604245971034	18.08476096119919	19.515604626890344	20.418241523348932	25.132080270642557
K19222	114.76824084280236	90.85953544819733	93.37042210787938	88.00430682299313	89.78614191367875	85.71432279387294	85.07960571597667	89.45172735327164	91.28473337755052	92.60460476467833	61.45053658768299	68.29656786523458	70.25617665680524	75.01813181911903	68.98671698451548
K19226	46.91783430680599	46.66272592955438	55.49146533543219	55.26336802865682	55.47296666004356	50.609480693993234	51.82373377487829	60.06044550862524	51.53612575068919	55.56276285880699	68.13553219973218	62.551996736383074	64.49442671934237	58.38104613342732	61.90250643842831
K19227	25.504053520622744	25.03853586463893	27.50446542712726	29.6128236229029	22.87545016909013	27.20625262740677	25.2190362219996	20.44610910931923	23.849164576116802	22.636681164699144	26.73998244819678	29.573903218902203	32.340144810275426	34.937879939952616	33.228320894742176
K19228	12.992631038807813	18.20984426519195	14.476034435330137	17.308903948598175	14.869042609908583	14.627017541616542	11.08529064703279	12.77881819332452	13.980544751516748	13.523212124365724	15.426912950882759	19.786856110488525	16.355935306346193	17.695809320235742	17.879198044886653
K19229	41.62454017988429	37.557803796958396	46.80584467423411	44.002153411496565	41.74769655858948	38.9078666607	31.87021061021927	47.60109777013384	42.215762583011355	37.92379052267779	48.0805453635846	51.062854478680066	49.62539462266402	44.3151464173425	47.3967419869165
K19230	21.894989343176128	23.900420598064436	26.53939646477192	28.98720058861622	24.305165804658262	23.40322806658647	21.33918449553812	18.84875683515367	19.18898299227789	26.458458504193807	26.73998244819678	26.807998601307034	28.994612588522795	26.619337097106754	27.999498825011173
K19236	119.21941999498651	135.0563449668403	134.02395214709819	123.50841401876227	124.6712034215412	116.13851928043535	117.57336392509153	127.3888438647038	117.80664915616318	128.61750661760877	108.37406347995139	117.71051766804061	121.1826115879286	119.97607472886327	114.35939881540708
K19238	5.052689848425261	5.690576332872484	7.238017217665068	4.796443262864554	4.861033160931652	7.02096841997594	6.651174388219674	5.111527277329808	8.22384985383338	7.349571806720502	5.399419532808966	5.53180923519034	4.4607096290035075	6.049849340251535	4.722807030724776
K19265	40.421518787402086	34.52282975275974	33.29487920125931	35.86905396576971	34.885061507862446	25.158470171580454	26.604697552878697	26.835518205981494	24.671549561500143	22.930664036967965	15.94114338257885	12.978475513331183	15.426620800303795	15.729608284653992	14.505764451511812
K19267	14.6768609882829	11.570838543507385	13.028430991797123	12.51246068573362	12.009611338772316	11.409073682460903	15.519406905845907	18.20981592548744	10.416876481522282	14.111177868903363	10.798839065617932	10.212570895736013	9.850733764049412	11.040975045959053	9.951629100455778
K19270	249.26603252231286	222.31184873755174	215.93418032700788	227.72678448035188	265.35522196144547	226.71877189505642	235.83955851562263	268.3551820598149	206.69275965967896	205.78801058817405	131.3858752983515	136.16761194314682	140.14062751119351	135.5166252216344	142.1902259607495
K19302	58.94804823162804	81.18555568231412	34.50121540420349	37.120300034343074	67.48257799881588	105.02198594880677	86.74239931303158	59.42150459895902	86.89868012217272	103.48197103862466	89.47609511512	87.87066208206194	83.45244264260728	77.74056402223223	86.19122831072715
K19303	96.2417113985764	86.68644613742418	63.935818756041435	76.11746917154619	75.77492868511105	72.55000700641806	88.4051929100865	61.977268237623925	81.69024188141158	82.31520423526962	105.41723849769885	111.69999417211264	114.30568424321487	102.99868501778239	107.78120330832614
K19304	173.95689335292684	182.0984426519195	109.0527927461537	138.4712315887854	170.42210375972147	175.23167014856617	179.3045762157554	183.37604107420688	186.40726335355663	175.21379187221677	182.8089184679607	212.3363698738446	207.42299774866308	204.78740016751448	199.2012536887843
K19333	68.33161509298924	62.880868478240956	60.67871100809216	70.06977984010827	70.19903770639533	74.74405963766053	78.5669974608449	68.68614778911929	79.36015108949213	78.19944402350615	74.4348549880093	60.74352064026316	68.58341054592893	68.13642819458292	74.89022577292144
K19334	53.4141498262099	40.40309196339464	60.316810147208905	56.51461409723019	46.036843465293884	44.46613332651429	44.61829485430698	52.39315459263053	41.66750592608913	39.68768775629071	47.052084500192414	48.50971175474606	49.8112575238725	53.994905361744955	49.08345878360392
K19335	16.361090937757986	18.778901898479198	17.12997408180733	14.389329788593663	14.011213228567703	17.552421049939852	16.073671438197547	14.056700012656972	17.54421302151121	17.638972336129203	19.0265259727554	21.276189366116693	15.984209503929234	18.75453295477976	19.39724316190533
K19336	7.21812835489323	17.26141487637987	8.20308618002041	9.17580450287132	8.29235068629517	7.02096841997594	8.036835719098773	5.750468186996034	9.868619824600056	7.937537551258142	3.3424978060245976	5.53180923519034	4.646572530211986	7.108572974795554	3.7107769527123238
K19337	51.48931559823837	50.4564434848027	51.87245672659966	50.04984274293448	47.466559100862014	28.961494732400755	40.18417859549387	41.531159128304694	32.89539941533352	39.099722011753066	37.795936729662756	38.72266464633238	41.44742696949092	42.65143784877333	38.28847128480443
K19338	280.5445887268502	279.02792618851413	215.21037860524137	226.6840794232074	390.8842547643276	512.2381543074113	471.4019847650694	570.5742323319398	376.92645163402995	541.2224678468978	29.56824982252529	34.25466487944787	26.020806169187125	29.03927683320737	31.035589059048526
K19353	148.69344411080053	131.07294153382955	107.122654821443	119.91108157161386	109.80216081163262	166.16291927276393	153.80840772757998	110.85624782709021	161.7357137920565	193.14674708061477	265.6000179710315	259.3567483729625	281.58229533084636	258.1773205952343	256.5496247761566
K19354	2.646647063460851	3.4143457997234905	3.3777413682436985	4.796443262864554	5.146976288045279	3.803024560820301	4.434116258813116	5.111527277329808	4.934309912300028	4.115760211763481	1.5426912950882758	2.553142723934003	3.3455322217526304	2.722432203113191	1.349373437349936
K19416	316.15402194432346	391.3219658238645	597.1364204573681	603.7262280866472	682.5462444202267	522.7696069373752	378.00841106381813	732.5457529323281	354.9961853571409	289.27914631251895	668.4995612049196	642.5409188567241	569.4839293027811	664.8784424936438	582.2546382164974
K19540	2.4060427849644097	2.276230533148994	2.412672405888356	1.6683280914311494	1.7156587626817597	2.9254035083233085	0.8313967985274593	0.9584113644993391	1.0965133138444507	1.4699143613441004	1.28557607924023	2.127618936611669	2.416217715710233	1.8149548020754607	2.867418554368614
K19577	20.932572229190367	26.556022886738262	16.647439600629657	18.76869102860043	23.44733642331738	36.27500350320903	26.05043302052706	35.46122048647555	35.36255437148354	44.39141371259183	26.997097664044826	28.51009375059637	29.180475489731275	28.585538132688505	26.650125387661234
K19591	27.910096305587153	27.694138153312757	45.11697399011226	35.86905396576971	39.7460946687941	33.05705964405339	27.713226617581977	38.97539548963979	28.50934615995572	27.928372865537906	21.597678131235863	19.148570429505025	18.772153022056425	22.081950091918106	19.39724316190533
K19611	6.977524076396788	9.294608010358392	8.444353420609247	10.009968548586896	7.434521304954291	5.850807016646617	6.096909855868034	9.903584099826503	5.482566569222254	5.585674573107581	94.36128421623287	86.1685669327726	60.03371709033887	78.34554895625739	77.58897264762132
K19688	101.77560980399454	95.60168239225774	138.72866333858047	126.37585292590956	109.23027455740537	79.86351577722633	66.78887614837257	131.94129784607568	66.8873121445115	54.68081424200053	21.08344769953977	17.44647528021569	13.196265985802041	14.217145949591108	16.8671679668742
K19709	1.9248342279715278	2.46591641091141	2.8952068870660272	3.5451971942911924	5.4329194151589055	5.265726314981955	5.265513057340575	3.19470454833113	5.756694897683366	5.291691700838761	3.8567282377206897	2.3403808302728364	2.416217715710233	1.8149548020754607	0.674686718674968
K19745	54.135962661699224	52.54298814018927	55.250198094843356	60.05981129152138	69.19823676149764	55.58266665814286	50.715204710175016	66.13038415045439	65.79079883066704	69.37995785544153	46.53785406849632	30.42495079354687	41.07570116707396	45.22262381838023	50.938847259960085
K19775	92.87325149962622	86.30707438189935	74.06904286077253	73.61497703439946	70.05606614283852	68.45444209476543	70.1144633424824	59.10203414412591	73.74052035603931	62.618351793258675	89.47609511512	100.4236138080708	116.53603905771662	91.50397127130448	102.72105291826388
K19776	21.65438506467969	18.399530142954365	19.78391372828452	23.565134291464982	24.305165804658262	23.110687715754135	18.567861833779926	23.640813657650362	19.737239649200113	22.048715420161507	22.36902377878	19.999618004149692	19.701467528098824	20.418241523348932	20.0719298805803
K19777	1302.872168058228	743.3789549509089	7526.331570168727	5101.330221573597	814.3660260196085	653.5351437594271	368.0316494814886	863.2091689590713	541.1293203822364	673.5147603678668	38.567282377206894	44.25447388152272	40.332249562240044	48.55004095551857	47.059398627579014
K19778	645.0600706489583	326.4493956291182	3581.129652060087	2452.025212380932	354.8554207480106	258.02058943411583	146.048704274657	330.65192075227196	183.94010839740662	234.30434919824958	11.055954281465977	15.318856343604018	17.47111271359707	15.578362051147703	15.517794529524263
K19779	0.24060427849644098	0.5690576332872485	0.9650689623553425	1.251246068573362	0.8578293813408798	0.2925403508323309	0.8313967985274593	0.319470454833113	0.822384985383338	0.2939828722688201	0.7713456475441379	0.6382856809835008	0.3717258024169589	0.15124623350628838	0.337343359337484
K19780	1.2030213924822049	0.9484293888120807	1.206336202944178	0.8341640457155747	0.0	0.5850807016646618	0.0	0.638940909666226	0.2741283284611127	0.5879657445376402	1.5426912950882758	0.0	0.0	0.30249246701257676	0.674686718674968
K19784	204.75424100047127	167.68231594197587	108.08772378379835	135.1345754059231	146.4028810821768	149.7806596261534	127.75797470705291	122.6766546559154	125.27664610672849	124.06077209744207	130.8716448666554	158.2948488839082	136.6092323882324	165.61462568938578	158.38270720894874
K19789	24.0604278496441	21.624190064915442	19.78391372828452	20.228478108602687	23.44733642331738	20.18528420743083	22.4477135602414	19.487697744819894	24.671549561500143	22.048715420161507	24.425945505564368	22.12723694076136	20.259056231724262	25.711859696069027	22.433333395942686
K19802	33.92520326799818	34.712515630522155	32.088542998315134	32.74093879433631	36.02883401631695	33.64214034571805	36.30432686903239	43.12851140247026	28.783474488416832	30.574218715957286	31.8822867651577	29.999427006224536	33.26945931631782	32.66918643735829	29.68621562169859
K19803	12.992631038807813	14.985184343230875	11.580827548264109	9.384345514300215	12.295554465885944	21.647985961592482	18.844994099955745	15.01511137715631	17.818341349972325	23.518629781505606	32.65363241270184	30.212188899885703	26.392531971604082	30.85423163528283	28.168170504679914
K19804	100.57258841151233	115.70838543507385	100.36717208495561	96.55448829157777	110.08810393874624	82.20383858388497	92.28504463654798	98.71637054343192	94.02601666216165	98.48426221005472	86.6478277407915	91.48761427430178	85.12520875348359	84.54664453001521	93.44411053648307
K19810	60.87288245959957	57.285135084249674	63.935818756041435	59.434188257234695	60.90588607520247	51.1945613956579	55.149320968988135	67.72773642461996	62.501258889133695	63.50030041006514	75.33475824347747	62.977520523705415	66.35305573142716	74.11065441808131	74.55288241358396
K19956	2.165438506467969	4.173089310773156	3.3777413682436985	4.796443262864554	2.859431271136266	1.755242104993985	2.7713226617581976	1.277881819332452	4.660181583838916	3.821777339494661	2.056921726784368	2.3403808302728364	2.416217715710233	2.873678436619479	3.036090234037356
K20265	276.45431599241067	223.2602781263638	2604.962396637658	1623.0746919510793	270.21625512237716	223.50082803590078	108.0815838085697	345.34756167459517	167.49240868973985	277.2258485494973	26.22575201650069	24.4676177710342	23.046999749851455	24.048151127499853	21.25263163826149
K20534	129.92631038807812	107.17252093576512	158.75384430745385	148.2726591259434	114.091307718337	106.77722805380075	115.0098904629652	85.61808189527429	95.67078663292833	113.47738869576455	227.28985080967266	227.65522621744861	225.26583626467712	238.2128177724042	228.71879763081415
K20541	10.105379696850521	6.828691599446981	6.03168101472089	7.92455843429796	8.006407559181545	7.898589472472933	8.036835719098773	7.347820461161599	8.22384985383338	7.937537551258142	12.084415144858161	13.19123740699235	10.222459566466371	11.343467512971628	10.96365917846823
K20542	5.533898405418142	3.604031677485907	1.930137924710685	4.170820228577873	4.289146906704399	2.9254035083233085	2.4941903955823777	5.750468186996034	4.11192492691669	4.703725956301121	5.14230431696092	4.89352355420684	4.832435431420466	6.654834274276689	4.385463671387292
K20543	40.66212306589853	29.780682808699336	50.90738776424431	41.916743297207624	37.458549651885086	31.00927718822707	25.2190362219996	33.224927302643756	32.347142758411294	29.104304354613188	32.39651719685379	29.573903218902203	32.89773351390087	36.299096041509216	33.059649215073435
K20609	11.789609646325609	8.915236254833559	8.20308618002041	10.84413259430247	12.009611338772316	9.653831577466917	9.422497049977872	8.945172735327164	7.949721525372268	6.4676231899140415	7.7134564754413795	7.659428171802009	11.151774072508768	7.864804142326996	8.939599022443327
K20861	38.01547600243767	36.609374408146316	34.742482644792325	32.32385677147852	37.458549651885086	35.104842099879704	38.798517264614766	31.9470454833113	30.70237278764462	44.97937945712947	33.42497806024598	37.871617071687716	33.26945931631782	36.299096041509216	31.20426073871727
K20862	33.68459898950174	34.333143874997326	31.8472757577263	38.580087114345325	41.17581030436223	44.173592975681956	50.992336976350835	39.61433639930601	41.66750592608913	48.21319105208649	53.222849680545515	54.467044777258735	46.279862400911384	49.76001082356888	47.22807030724776
K20866	41.62454017988429	36.04031677485907	32.329810238903974	40.248415205776475	53.7573078973618	47.391536834837595	44.61829485430698	41.8506295831378	36.18493935686688	45.27336232939829	54.2513105439377	46.16933092447322	39.03120925378069	45.37387005188651	45.71002519022908
K20881	41.38393590138785	55.577962184387935	56.215267057198695	48.17297364007444	47.75250222797564	34.22722104738271	37.68998819991149	38.016984125140446	49.617227451461396	49.97708828569941	55.79400183902598	58.72228265048207	57.245773572211675	51.27247315863176	51.107518939628825
K21021	19.248342279715278	22.382933575965104	21.231517171817533	21.896806200033836	12.58149759299957	18.137501751604514	15.242274639670088	14.695640922323198	18.09246967843344	19.990835314279764	13.112876008250344	13.82952308797585	13.567991788219	15.578362051147703	15.517794529524263
K21028	16.601695216254427	11.001780910220138	18.095043044162672	16.266198891453705	14.29715635568133	12.579235085790227	15.242274639670088	12.77881819332452	17.54421302151121	14.405160741172184	14.912682519186667	19.148570429505025	19.329741725681863	17.695809320235742	14.33709277184307
K21029	33.68459898950174	26.556022886738262	36.43135332891418	31.69823373719184	37.74449277899871	37.15262455570602	40.73844312784551	34.502809121976206	39.474479298400226	35.86591041679605	35.2247845711823	32.127045942836205	33.64118511873478	37.20657344254694	33.56566425407966
K21084	59.66986106711737	49.88738585151545	69.24369804899582	58.18294218866133	44.893070956839374	43.00343157235263	37.41285593373567	49.517920499132515	43.3122758968558	46.15531094620475	42.681125830775635	46.80761660545672	47.76676561057922	42.65143784877333	43.34862167486669
K21085	56.54200544666363	57.09544920648726	62.24694807191959	69.2356157943927	54.61513727870268	52.657263149819556	46.2810884513619	63.255150056956374	48.24658580915583	59.38454019830166	45.766508420952185	46.38209281813439	46.09399949970291	42.80268408227961	42.84260663586047
K21086	0.24060427849644098	0.7587435110496646	1.4476034435330136	0.20854101142889367	2.2875450169090126	1.4627017541616543	1.108529064703279	1.597352274165565	1.3706416423055634	0.8819486168064602	2.828267374328506	0.8510475746446677	1.1151774072508769	1.3612161015565956	0.674686718674968
K21087	3.8496684559430556	5.500890455110069	3.86027584942137	4.170820228577873	5.4329194151589055	4.680645613317294	2.4941903955823777	5.430997732162921	6.030823226144479	3.2338115949570208	6.942110827897242	6.170094916173841	5.761749937462864	5.747356873238958	7.252882225755906
K21088	0.0	0.0	0.0	0.0	0.0	0.0	0.0	0.0	0.0	0.0	0.0	0.0	0.0	0.0	0.0
K21089	34.16580754649462	35.091887386046984	49.70105156130013	46.29610453721439	38.03043590611234	20.18528420743083	21.0620522293623	29.71075229947951	21.38200961996679	20.578801058817405	22.883254210476093	20.21237989781086	21.188370737766657	21.62821139139924	20.40927323991778
K21090	16.601695216254427	18.020158387429536	23.161655096528218	21.06264215431826	18.014417008158475	13.164315787454889	13.856613308790989	15.97352274165565	12.335774780750071	12.053297763021623	16.969604245971034	12.55295172600885	14.683169195469878	11.948452446996782	12.481704295486908
K21091	0.0	0.0	0.0	0.0	0.0	0.0	0.0	0.0	0.0	0.0	0.0	0.0	0.0	0.0	0.0
K21430	13.955048152793577	14.226440832181211	25.33306026182774	19.8113960857449	15.15498573702221	10.23891227913158	11.36242291320861	15.334581831989425	10.14274815306117	9.701434784871063	7.970571691289425	12.765713619670016	12.452814380968125	11.040975045959053	12.650375975155649
K21469	11.549005367829167	9.104922132595975	8.20308618002041	11.261214617160258	9.436123194749678	10.823992980796241	11.08529064703279	9.264643190160278	10.14274815306117	9.113469040333422	8.227686907137471	7.872190065463177	8.363830554381575	10.28474387842761	8.770927342774584
K21470	358.50037495969707	371.40494865881084	170.33467185571794	217.2997339089072	284.51341147805846	267.9669613624151	276.0237371111165	261.00736159865335	261.5184253519015	249.0034928116906	313.93767855046417	284.4626518249802	301.09789995773673	291.14899949960517	288.93458727255506
K21498	57.86532897839406	54.15531810116981	57.18033601955404	49.31994920293335	49.75410411777102	41.686999993607145	47.80531591532891	38.81566026222323	37.555580999172435	39.393704884021886	56.05111705487403	47.6586641801014	48.23142286360042	48.17192537175285	49.92681718194763
K21602	45.474208635827345	50.26675760704028	39.809094697157875	39.83133318291869	47.75250222797564	52.657263149819556	51.269469242526654	51.4347432281312	56.47043566298921	55.26877998653817	53.99419532808965	51.4883782660024	44.97882209245203	42.04645291474817	42.67393495619172
K21636	17.08290377324731	16.882043120855037	21.47278441240637	20.01993709717379	22.017620787749248	18.430042102436843	13.02521651026353	40.57274776380535	14.25467307997786	33.51404743864549	49.88035187452092	39.360950327315884	34.75636252598566	30.24924670125768	35.758396089773306
K21637	11.067796810836285	20.675760676103362	32.329810238903974	27.31887249718507	16.58470137259034	25.158470171580454	28.821755682285254	25.55763638664904	25.219806218422367	22.342698292430324	4.628073885264827	3.8297140859010046	5.018298332628945	4.234894538176075	4.385463671387292
K21638	0.9624171139857639	2.276230533148994	0.7238017217665068	1.6683280914311494	1.429715635568133	2.340322806658647	1.9399258632307383	0.9584113644993391	0.822384985383338	0.8819486168064602	0.7713456475441379	1.0638094683058346	0.7434516048339178	1.5124623350628839	1.349373437349936
K21645	26.225866356112068	32.05691334184833	26.298129224183082	31.072610702905155	26.02082456734002	21.647985961592482	28.544623416109435	32.585986392977524	34.81429771456131	26.164475631924986	23.14036942632414	21.701713153439027	23.97631425589385	23.140673726462122	19.903258200911555
K21695	7.21812835489323	5.311204577347652	5.066612052365548	4.379361240006767	4.0032037795907724	2.340322806658647	4.711248524988936	7.986761370827825	4.386053255377803	3.2338115949570208	7.199226043745288	5.957333022512674	6.505201542296781	5.747356873238958	5.734837108737228
K21698	35.128224660480385	33.195028608422824	31.36474127654863	29.821364634331793	36.02883401631695	38.61532630986767	39.352781796966404	39.2948659444729	30.70237278764462	30.868201588226107	41.65266496738345	42.552378732233386	43.4919188827842	40.080251879166426	37.61378456612947
K21739	25.744657799119185	22.572619453727523	27.50446542712726	33.57510284005188	26.306767694453647	28.961494732400755	23.27911035876886	25.877106841482153	24.945677889961253	25.282527015118525	10.541723849769886	7.659428171802009	10.03659666525789	7.713557908820707	11.469674217474456
K21740	0.721812835489323	0.5690576332872485	2.8952068870660272	1.4597870800022557	2.2875450169090126	1.755242104993985	0.5542645323516395	1.9168227289986781	1.644769970766676	0.5879657445376402	0.514230431696092	2.127618936611669	0.18586290120847945	0.6049849340251535	1.180701757681194
K21741	2.646647063460851	2.46591641091141	4.825344811776712	4.170820228577873	4.575090033818025	5.558266665814286	4.434116258813116	3.19470454833113	3.8377965984555775	4.115760211763481	2.57115215848046	3.191428404917504	2.6020806169187125	2.419939736100614	2.192731835693646
K21742	4.0902727344394965	3.604031677485907	4.101543090010205	4.379361240006767	3.4313175253635193	2.9254035083233085	4.711248524988936	3.514175003164243	3.8377965984555775	3.527794467225841	3.3424978060245976	3.8297140859010046	3.5313951229611096	3.0249246701257677	2.361403515362388
K21746	8.902358304368317	6.449319843922149	7.238017217665068	6.464771354295704	4.575090033818025	4.680645613317294	4.988380791164755	4.472586367663582	3.0154116130722395	5.8796574453764014	5.14230431696092	3.6169521922398378	6.8769273447137405	6.654834274276689	4.722807030724776
K21901	5.533898405418142	3.9834034330107393	36.91388781009185	21.896806200033836	4.575090033818025	3.2179438591556395	0.8313967985274593	4.1531159128304695	1.9188982992277888	3.527794467225841	0.0	0.42552378732233387	0.7434516048339178	0.7562311675314419	0.506015039006226
K21905	196.0924869745994	139.7984919109007	682.5450236258159	468.38311166929515	135.2510991247454	97.12339647633384	86.74239931303158	119.80142056241738	77.30418862603378	83.78511859661371	38.82439759305494	34.25466487944787	38.65948345136373	38.11405084358467	38.9631580034794
K21906	93.3544600566191	98.44697055869398	241.02597334824677	216.25702885176273	104.94112765070096	140.71190875035114	77.87416679540536	114.37042283025445	93.75188833370053	145.81550464533476	34.96766935533425	41.48856926392755	46.651588203328345	45.525116285392805	45.71002519022908
K21907	95.51989856308707	59.56136561739867	1166.5271082470201	677.5497461324755	42.89146906704399	26.913712276574437	14.410877841142627	27.47445911564772	13.158159766133409	37.04184190587133	4.113843453568736	2.978666511256337	2.2303548145017538	3.6299096041509213	2.192731835693646
K21908	312.06374920988395	155.54241976518125	1437.4702194282827	904.0252845442541	193.58349705592522	136.32380348786617	75.37997639982298	212.76732291885327	124.18013279288405	191.97081559153952	3.8567282377206897	7.021142490818509	6.8769273447137405	7.108572974795554	7.252882225755906
K21948	5.052689848425261	8.156492743783895	9.409422382964589	4.170820228577873	4.575090033818025	4.973185964149624	5.819777589692215	6.708879551495373	3.563668269994465	3.527794467225841	6.427880396201149	2.978666511256337	5.9476128386713425	5.142371939213805	4.21679199171855
K21963	1.2030213924822049	2.655602288673826	1.4476034435330136	1.6683280914311494	1.7156587626817597	2.9254035083233085	3.6027194602856567	1.277881819332452	3.289539941533352	1.7638972336129204	1.28557607924023	1.0638094683058346	0.18586290120847945	0.45373870051886517	1.180701757681194
K21964	9.86477541835408	8.346178621546311	16.888706841218493	10.84413259430247	9.722066321863304	14.334477190784211	13.02521651026353	11.181465919158954	13.706416423055634	11.465332018483982	7.970571691289425	7.2339043844796755	9.664870862840932	6.3523418072641125	7.252882225755906
K21965	1.684229949475087	0.9484293888120807	1.930137924710685	0.20854101142889367	1.429715635568133	2.9254035083233085	1.3856613308790988	0.9584113644993391	2.467154956150014	2.0578801058817406	2.056921726784368	0.8510475746446677	2.044491913293274	1.3612161015565956	0.674686718674968
K21966	9.86477541835408	8.535864499308726	11.098293067086438	11.886837651446939	8.29235068629517	9.361291226634588	9.97676158232951	11.820406828825181	9.594491496138945	8.231520423526963	6.170765180353103	9.574285214752512	7.248653147130699	7.56231167531442	7.927568944430874
K21967	18.285925165729516	17.071728998617452	21.231517171817533	22.939511257178303	17.72847388104485	18.722582453269176	14.133745574966808	17.570875015821215	11.787518123827846	14.111177868903363	12.855760792402299	16.59542770557102	19.329741725681863	17.09082438621059	13.662406053168102
K21968	9.3835668613612	7.777120988259062	9.650689623553424	8.133099445726852	6.576691923613412	7.313508770808271	6.928306654395494	7.028350006328486	6.030823226144479	6.4676231899140415	6.427880396201149	7.021142490818509	6.319338641088302	6.957326741289266	6.578195507080938
K21972	84.45210175225078	61.647910272785246	67.55482736487397	60.47689331437916	64.05126047345236	83.95908068887896	59.58343722780125	72.83926370194976	66.8873121445115	73.20173519493619	71.73514522160482	71.70075816381326	73.41584597734939	68.66579001185492	69.66140370319044
K21973	27.188283470097833	40.02372020786981	32.329810238903974	32.32385677147852	32.88345961806706	38.32278595903534	32.97873967492255	29.071811389813284	34.266041057639086	41.15760211763481	55.536886623177935	54.0415209899364	58.36095097946255	61.70846327056566	54.98696757200989
K21974	4.812085569928819	7.208063354971814	9.650689623553424	11.678296640018045	5.146976288045279	4.973185964149624	4.711248524988936	7.028350006328486	4.11192492691669	6.4676231899140415	6.170765180353103	2.76590461759517	5.761749937462864	4.234894538176075	2.698746874699872
K21975	1.2030213924822049	1.5174870220993293	2.8952068870660272	3.128115171433405	2.5734881440226394	1.4627017541616543	1.9399258632307383	1.597352274165565	1.0965133138444507	1.7638972336129204	0.7713456475441379	0.8510475746446677	1.8586290120847946	1.0587236345440187	1.68671679668742
K21976	0.9624171139857639	1.8968587776241614	3.86027584942137	3.5451971942911924	2.0016018897953862	2.047782455826316	0.8313967985274593	0.638940909666226	0.5482566569222254	0.8819486168064602	1.028460863392184	0.8510475746446677	0.9293145060423973	0.7562311675314419	1.180701757681194
K21990	18.7671337227224	17.071728998617452	30.39967231419329	27.110331485756177	19.444132643726608	13.74939648911955	14.410877841142627	20.765579564152347	12.609903109211183	15.875075102516284	15.426912950882759	18.72304664218269	18.028701417222507	15.427115817641415	13.49373437349936
K22014	1.443625670978646	1.327801144336913	1.4476034435330136	1.3555165742878088	0.8578293813408798	0.8776210524969925	1.8013597301428286	1.597352274165565	0.6853208211527817	0.5879657445376402	1.2855760792402298	0.7446666278140843	0.8363830554381575	0.8318542842845862	0.7590225585093391
K22015	80.84303757480417	60.699480883973166	147.17301675918972	154.5288894688102	43.74929844838487	46.80645613317294	41.569839926372964	66.13038415045439	42.76401923993358	32.92608169410785	28.79690417498115	25.7441891330012	26.578394872812563	33.57666383839602	29.854887301367334
K22041	47.399042863798876	48.74927058494095	38.36149125362486	40.665497228634266	58.33239793117983	57.337908763136845	60.414834026328705	58.46309323445968	59.485847276061456	55.85674573107581	56.05111705487403	46.80761660545672	52.41333814079121	47.03757862045569	49.758145502278886
K22044	32.48157759701953	35.091887386046984	36.67262056950301	42.333825320065415	24.305165804658262	24.573389469915792	23.27911035876886	37.05857276064111	22.47852293381124	22.048715420161507	19.283641188603447	17.871999067538024	21.00250783655818	21.930703858411817	19.734586521242814
K22051	73.14370066291806	69.61471713880672	80.10072387549343	86.75306075441976	82.92350686295171	84.25162103971128	72.8857860042406	78.5897318889458	76.75593196911156	80.84528987392552	67.62130176803609	81.91332905954927	71.74307986647307	73.50566948405616	67.80601522683428
K22104	73.3843049414145	73.02906293853022	77.20551698842739	70.90394388582385	79.20624621047457	86.00686314470526	87.57379611155905	72.83926370194976	80.59372856756713	88.78282742518365	58.87938442920253	62.551996736383074	75.27447498943418	64.73338794069143	65.10726835213441
K22105	128.24208043860304	112.48372551311277	92.64662038611287	98.01427537158003	121.81177215040493	131.64315787454888	131.36069416733858	134.81653193957368	132.40398264671742	135.23212124365725	144.75586652244988	133.827231112874	136.23750658581545	133.09668548553378	134.9373437349936
K22110	1.684229949475087	2.086544655386578	2.412672405888356	3.023844665718958	2.1445734533521996	0.8776210524969926	1.9399258632307383	3.034969320914574	1.5077058065361197	1.6169057974785104	1.1570184713162068	0.6382856809835008	0.5575887036254383	1.0587236345440187	1.771052636521791
K22111	4.330877012935938	6.6390057216845655	9.89195686414226	8.341640457155746	9.436123194749678	6.143347367478948	9.699629316153692	8.945172735327164	7.675593196911155	5.585674573107581	3.3424978060245976	3.8297140859010046	3.9031209253780688	4.3861407716823635	3.8794486323810657
K22130	3.609064177446615	3.4143457997234905	2.8952068870660272	3.3366561828622987	2.859431271136266	3.51048420998797	1.9399258632307383	1.597352274165565	1.3706416423055634	1.1759314890752803	2.3140369426324137	1.4893332556281684	2.2303548145017538	2.722432203113191	1.349373437349936
K22131	3.368459898950174	4.552461066297988	5.307879292954383	5.422066297151235	2.859431271136266	3.51048420998797	2.7713226617581976	3.514175003164243	3.0154116130722395	4.115760211763481	3.3424978060245976	4.042475979562171	4.832435431420466	3.3274171371383443	4.385463671387292
K22132	25.02284496362986	27.12508052002551	31.8472757577263	28.98720058861622	29.45214209270354	34.22722104738271	31.038813811691814	29.391281844646397	38.926222641478	32.33811594957021	39.33862802475104	37.871617071687716	33.82704801994326	35.84535734099035	38.28847128480443
K22214	8.902358304368317	9.484293888120808	9.650689623553424	7.507476411440172	9.15018006763605	9.653831577466917	10.53102611468115	8.306231825660939	10.965133138444507	7.055588934451682	7.970571691289425	7.872190065463177	8.549693455590056	5.747356873238958	7.084210546087164
K22293	49.56448137026684	44.95555302969263	59.83427566603123	49.84130173150559	47.18061597374839	46.22137543150827	46.83535298371354	40.89221821863846	45.5053025245447	51.74098551931233	27.768443311588968	36.80780760338188	31.41083030423303	31.610462802814272	36.26441112877953
K22300	84.69270603074723	92.94608010358391	103.02111173143281	102.1850956001579	79.77813246470183	78.10827367223234	95.88776409683364	77.63132052444647	80.0454719106449	78.49342689577496	76.87744953856574	89.78551912501244	94.975942517533	86.81533803260953	85.68521327172094
K22302	0.24060427849644098	0.5690576332872485	0.2412672405888356	0.20854101142889367	0.8578293813408798	0.5850807016646618	0.27713226617581976	0.0	0.5482566569222254	0.8819486168064602	0.257115215848046	0.21276189366116693	0.18586290120847945	0.7562311675314419	0.674686718674968
K22304	1.2030213924822049	0.5690576332872485	1.206336202944178	2.29395112571783	1.1437725084545063	0.2925403508323309	1.108529064703279	0.9584113644993391	0.5482566569222254	0.0	0.257115215848046	1.0638094683058346	0.9293145060423973	0.30249246701257676	0.337343359337484
K22396	13.233235317304253	10.622409154695305	11.218926687380856	12.616731191448068	12.009611338772316	9.94637192829925	12.6095181109998	13.417759102990747	11.376325631136176	8.966477604199012	8.099129299213448	8.510475746446676	6.96985879531798	8.696658426611583	8.770927342774582
K22397	3.007553481205512	4.457618127416779	4.101543090010205	3.6494677000056392	3.5742890889203327	3.364214034571805	2.6327565286702876	3.993380685413913	3.152475777302796	3.0868201588226105	2.6997097664044825	3.5105712454092544	3.159669320544151	3.403040253891489	2.783082714534243
K22443	3.609064177446615	3.604031677485907	2.6539396464771916	2.7110331485756176	2.2875450169090126	4.095564911652632	2.7713226617581976	2.236293183831791	2.467154956150014	3.2338115949570208	2.3140369426324137	0.8510475746446677	2.6020806169187125	1.966201035581749	2.024060156024904
K22444	6.255711240907465	6.259633966159733	7.72055169884274	7.2989354000112785	4.575090033818025	2.9254035083233085	5.819777589692215	6.069938641829147	6.579079883066704	5.585674573107581	4.885189101112874	5.319047341529173	3.5313951229611096	4.234894538176075	3.204761913706098
K22486	1.2030213924822049	3.0349740441986586	5.307879292954383	4.170820228577873	1.1437725084545063	1.1701614033293235	1.3856613308790988	1.9168227289986781	1.0965133138444507	1.7638972336129204	2.3140369426324137	1.0638094683058346	1.6727661108763152	2.722432203113191	2.192731835693646
K22501	0.48120855699288195	1.138115266574497	1.6888706841218493	0.41708202285778734	1.1437725084545063	0.2925403508323309	0.8313967985274593	0.319470454833113	1.0965133138444507	0.2939828722688201	0.514230431696092	0.42552378732233387	0.9293145060423973	0.15124623350628838	0.337343359337484
K22597	2.646647063460851	3.0349740441986586	3.86027584942137	4.58790225143566	2.5734881440226394	1.755242104993985	3.325587194109837	3.19470454833113	2.1930266276889014	2.6458458504193807	1.5426912950882758	2.127618936611669	1.4869032096678356	1.3612161015565956	2.192731835693646
K22650	6.015106962411025	4.93183282182282	6.272948255309726	4.379361240006767	3.4313175253635193	4.388105262484963	3.325587194109837	2.875234093498017	4.660181583838916	3.2338115949570208	24.168830289716322	26.3824748139847	19.329741725681863	19.359517888804913	22.264661716273945
K22718	8.902358304368317	7.587435110496646	11.822094788852946	11.469755628589152	5.4329194151589055	4.680645613317294	6.651174388219674	8.625702280494052	6.030823226144479	2.6458458504193807	4.628073885264827	8.935999533769012	5.018298332628945	6.806080507782977	6.74686718674968
K22719	58.94804823162804	58.423250350824176	59.83427566603123	56.72315510865908	60.04805669386159	66.11411928810678	78.15129906158117	64.85250233112194	68.53208211527817	70.55588934451681	77.90591040195794	75.10494846239193	70.44203955801372	76.22810168716934	73.70952401524025
K22720	131.36993605905678	146.05812587706043	233.54668888999288	213.3374546917582	201.58990461510675	127.25505261206392	133.02348776439348	182.09815925487442	138.70893420132302	112.59544007895809	49.62323665867287	40.42475979562172	55.2012816589184	55.05362899628897	46.216040229235304
K22900	19.72955083670816	23.710734720302018	28.710801630071437	25.65054440575392	38.888265287453216	29.839115784897746	33.53300420727419	26.51604775114838	31.52475777302796	30.868201588226107	25.968636800652643	26.807998601307034	26.206669070395606	28.888030599701082	24.626065231636332
K23007	6.255711240907465	5.500890455110069	6.755482736487397	5.839148320009023	3.4313175253635193	4.095564911652632	4.711248524988936	4.472586367663582	3.8377965984555775	3.527794467225841	2.056921726784368	3.8297140859010046	2.9738064193356712	2.268693502594326	2.024060156024904
K23015	4.571481291432379	1.7071728998617453	3.86027584942137	4.58790225143566	4.0032037795907724	0.8776210524969925	2.4941903955823777	0.9584113644993391	2.1930266276889014	2.3518629781505607	1.28557607924023	2.3403808302728364	1.4869032096678356	2.722432203113191	2.53007519503113
K23016	13.233235317304255	14.036754954418795	14.476034435330137	12.51246068573362	11.72366821165869	10.23891227913158	10.53102611468115	13.098288648157633	13.706416423055634	8.525503295795781	10.798839065617932	12.55295172600885	14.125580491844438	10.435990111933899	10.457644139462003
K23072	266.10833201706373	175.45943693023494	279.8699990830493	254.42003394325027	189.58029327633443	205.07078593346392	157.68825945404146	130.66341602674322	145.0138857559286	192.55878133607715	214.43409001727034	213.18741744848927	187.72153022056426	213.4084354773729	203.2493740008341
K23073	122.46757775468846	86.30707438189935	148.13808572154505	128.2527220287696	55.187023532929935	49.146778939831584	45.44969165283444	29.071811389813284	37.82970932763355	60.85445455964575	81.76263863967863	89.99828101867361	82.52312813656488	91.65521750481076	96.98621580952666
K23107	105.38467398144115	104.89629040261613	132.45571508327075	121.16232764018721	108.08650204895085	77.8157333214	80.64548945716355	106.38366145942663	89.36583507832273	94.07451912602242	87.41917338833564	86.38132882643377	84.75348295106663	78.34554895625739	84.84185487337723
K23123	89.50479160067604	87.44518964847384	80.5832583566711	83.20786356012857	111.23187644720075	101.51150173881881	100.59901262182257	104.46683873042795	89.36583507832273	84.37308434115135	87.67628860418368	82.3388528468716	76.76137819910201	84.6978907635215	79.44436112397749
K23124	110.67796810836285	100.53351521408057	113.39560307675274	122.62211472018947	148.97636922619947	121.40424559541731	129.97503283645946	137.6917660330717	142.2726024713175	119.94501188567858	110.30242759881173	84.8919955708056	73.97343468097483	91.95770997182333	84.84185487337723
K23163	24.78224068513342	35.281573263809406	27.50446542712726	28.57011856575843	34.313175253635194	117.89376138542933	102.2618062188775	49.198450044299406	103.89463648676171	116.71120029072156	91.53301684190437	80.4239958039211	75.83206369305962	85.15162946404035	88.55263182608955
K23181	6.977524076396788	5.121518699585236	7.961818939431575	7.716017422869066	6.862635050727039	7.606049121640602	5.265513057340575	6.069938641829147	5.756694897683366	6.173640317645222	5.656534748657012	7.872190065463177	6.133475739879822	7.259819208301843	9.782957420787035
K23182	3.8496684559430556	4.173089310773156	4.825344811776712	5.2135252857223415	3.4313175253635193	2.047782455826316	2.7713226617581976	2.555763638664904	4.11192492691669	1.7638972336129204	2.3140369426324137	3.8297140859010046	3.9031209253780688	3.932402071163498	4.554135351056034
K23183	1.684229949475087	1.7071728998617453	1.206336202944178	1.6683280914311494	1.7156587626817597	2.9254035083233085	2.217058129406558	1.9168227289986781	0.822384985383338	1.4699143613441004	1.799806510936322	2.127618936611669	2.416217715710233	2.5711859696069026	1.518045117018678
K23184	8.661754025871875	7.39774923273423	8.20308618002041	8.133099445726852	11.437725084545065	8.483670174137595	9.699629316153692	10.861995464325842	10.691004809983395	10.289400529408702	12.855760792402299	9.78704710841368	12.452814380968125	8.016050375833284	10.288972459793262
K23185	1.684229949475087	3.793717555248323	3.136474127654863	4.379361240006767	1.7156587626817597	4.095564911652632	3.8798517264614767	1.9168227289986781	2.467154956150014	3.527794467225841	49.88035187452092	62.33923484272191	36.800854439278936	42.19769914825446	46.72205526824153
K23186	0.48120855699288195	0.5690576332872485	0.7238017217665068	1.251246068573362	0.0	2.047782455826316	0.8313967985274593	1.597352274165565	0.5482566569222254	0.2939828722688201	14.912682519186667	15.531618237265185	9.664870862840932	12.09969868050307	14.674436131180554
K23187	1.9248342279715278	1.327801144336913	2.1714051652995203	1.876869102860043	0.8578293813408798	1.4627017541616543	0.8313967985274593	1.9168227289986781	2.741283284611127	0.5879657445376402	16.71248903012299	19.57409421682736	13.753854689427481	17.99830178724832	16.192481248199233
K23188	1.2030213924822049	0.9484293888120807	1.4476034435330136	1.251246068573362	1.7156587626817597	1.4627017541616543	1.3856613308790988	0.9584113644993391	1.644769970766676	1.4699143613441004	25.968636800652643	35.74399813507605	26.206669070395606	30.70298540177654	29.68621562169859
K23227	5.293294126921702	4.93183282182282	3.86027584942137	5.2135252857223415	5.4329194151589055	6.435887718311279	3.325587194109837	4.472586367663582	9.594491496138945	5.8796574453764014	25.968636800652643	36.16952192239838	28.0652980824804	29.03927683320737	29.51754394202985
K23228	5.774502683914584	5.311204577347652	6.996749977076233	7.507476411440172	6.576691923613412	5.850807016646617	7.759703452922953	4.792056822496695	5.208438240761141	4.409743084032301	24.168830289716322	23.191046409067194	22.489411046226014	25.711859696069027	26.650125387661234
K23236	0.0	0.3793717555248323	0.7238017217665068	0.20854101142889367	0.28594312711362657	0.0	0.0	0.9584113644993391	0.0	0.0	0.0	0.6382856809835008	0.18586290120847945	0.0	0.506015039006226
K23237	13.233235317304255	10.812095032457721	13.028430991797123	11.261214617160258	10.865838830317811	5.265726314981955	9.145364783802052	4.792056822496695	6.853208211527817	6.761606062182862	11.055954281465977	10.638094683058346	8.363830554381575	6.806080507782977	8.602255663105842
K23238	33.68459898950174	30.16005456422417	31.36474127654863	29.195741600045114	21.159791406408367	29.254035083233084	30.484549279340175	29.391281844646397	36.45906768532799	32.33811594957021	28.539788959133105	31.701522155513874	33.26945931631782	31.005477868789118	33.56566425407966
K23239	32.000369040026655	37.93717555248323	18.57757752534034	23.98221631432277	17.72847388104485	28.961494732400755	28.821755682285254	16.612463651321878	22.75265126227235	21.460749675623866	20.054986836147588	21.063427472455526	34.94222542719414	34.030402538914885	37.95112792546695
K23240	76.2715562833718	66.9591148501329	69.24369804899582	66.94166466867486	83.49539311717896	87.76210524969926	89.23658970861396	83.06231825660939	76.75593196911156	91.13469040333422	58.87938442920253	42.76514062589455	50.18298332628945	51.57496562564434	52.625564056647505
K23241	16.120486659261545	16.31298548756779	10.374491345319932	10.21850956001579	17.156587626817597	15.504638594113535	14.410877841142627	18.20981592548744	11.787518123827846	17.051006591591563	12.855760792402299	13.82952308797585	10.594185368883329	13.007176081540802	11.975689256480681
K23242	19.007738001218836	14.605812587706044	13.510965472974794	17.10036293716928	14.869042609908583	11.994154384125565	13.579481042615168	13.73722955782386	16.173571379205647	18.814903825204485	9.5132629863777	8.084951959124343	7.434516048339178	9.528512710896168	9.108270702112067
K23243	418.89204886230374	417.4986169550779	196.63280107990101	317.19087838334724	404.03763861155437	437.34782449433465	462.810884513619	426.4930572022059	432.0262456547136	388.93934001164894	367.9318738785538	435.5235963244087	394.7728021668104	398.3825790555636	423.3659159685424
K23256	48.36145997778464	49.88738585151545	69.24369804899582	78.20287928583512	72.0576680326339	53.82742455314887	46.00395618518608	78.27026143411268	46.32768750992805	57.326660092419914	35.2247845711823	34.46742677310904	33.82704801994326	34.78663370644633	32.04761913706098
K23349	25.985262077615626	27.314766397787924	27.021930945949588	26.90179047432728	33.74128899940794	34.81230174904737	34.36440100580165	38.65592503480667	35.91081102840576	34.395996055451945	35.2247845711823	32.127045942836205	30.109789995773674	30.09800046775139	25.975438668986268
K23508	4.0902727344394965	7.966806866021479	7.238017217665068	10.427050571444683	6.862635050727039	6.728428069143609	7.482571186747133	9.903584099826503	8.497978182294494	7.937537551258142	11.57018471316207	8.723237640107845	10.03659666525789	12.553437381021936	11.975689256480681
K23509	3.1278556204537327	4.173089310773156	5.187245672659966	4.58790225143566	6.004805669386158	4.388105262484963	5.126946924252666	4.632321595080139	2.6042191203805705	3.674785903360251	2.9568249822525288	3.723333139070421	3.159669320544151	3.8567789544103537	4.21679199171855
K23514	2.165438506467969	3.0349740441986586	3.3777413682436985	3.3366561828622987	1.429715635568133	1.1701614033293235	2.217058129406558	3.8336454579973562	2.467154956150014	2.9398287226882007	23.397484642172184	25.7441891330012	26.392531971604082	23.594412426980988	20.24060156024904
K23518	21.173176507686808	24.27979235358927	30.158405073604452	30.23844665718958	28.022426457135406	21.940526312424815	26.327565286702878	26.51604775114838	23.30090791919458	18.226938080666844	28.025558527437013	22.978284515406028	24.90562876193625	20.115749056336355	31.710275777723496
K23545	0.721812835489323	0.9484293888120807	2.8952068870660272	2.9195741600045113	1.1437725084545063	0.8776210524969925	1.3856613308790988	2.236293183831791	1.3706416423055634	2.6458458504193807	0.7713456475441379	1.0638094683058346	1.3010403084593563	1.0587236345440187	0.506015039006226
K23546	0.9624171139857639	1.138115266574497	1.930137924710685	1.4597870800022557	2.5734881440226394	4.095564911652632	1.6627935970549186	1.277881819332452	1.644769970766676	0.8819486168064602	1.028460863392184	1.9148570429505023	0.9293145060423973	1.209969868050307	1.68671679668742
K23547	3.609064177446615	3.4143457997234905	1.6888706841218493	2.9195741600045113	3.7172606524771457	4.388105262484963	4.156983992637296	4.472586367663582	2.741283284611127	3.527794467225841	2.828267374328506	3.191428404917504	3.3455322217526304	2.722432203113191	3.37343359337484
K23676	225.68681322966165	171.2863476194618	160.92524947275336	162.03636588025037	143.82939293815417	95.95323507300452	126.3723133761738	126.51030011391275	119.79407953750625	129.64644667054966	141.67048393227333	108.0830419798728	166.90488528521456	121.90446420606844	136.11804549267478
K23773	34.16580754649462	27.883824031075175	30.39967231419329	27.735954520042856	30.024028346930795	30.716736837394738	28.821755682285254	33.86386821230998	29.331731145339056	29.398287226882008	36.25324543457448	38.08437896534888	38.10189474773829	32.21544773683943	38.62581464414192
K23777	13.714443874297137	17.451100754142285	21.231517171817533	20.854101142889366	14.011213228567703	11.701614033293234	12.748084244087709	17.251404560988103	12.335774780750071	6.761606062182862	14.655567303338621	15.318856343604018	17.099386911180112	15.427115817641415	14.674436131180554
K23778	6.015106962411025	9.673979765883225	6.755482736487397	7.507476411440172	6.004805669386158	7.606049121640602	8.591100251450413	9.264643190160278	7.675593196911155	11.171349146215162	7.970571691289425	7.659428171802009	8.735556356798535	7.713557908820707	6.409523827412196
K23779	12.03021392482205	18.20984426519195	23.161655096528218	17.10036293716928	14.29715635568133	13.164315787454889	17.182200502900827	10.223054554659615	18.914854663816776	16.169057974785105	15.169797735034713	13.82952308797585	17.65697561480555	13.309668548553377	14.843107810849295
K23991	5.052689848425261	4.267932249654364	5.549146533543219	5.109254780007895	6.290748796499785	4.680645613317294	4.018417859549387	4.9517920499132515	3.289539941533352	4.556734520166711	3.9852858456447127	2.6595236707645866	2.787943518127192	3.932402071163498	3.120426073871727
K23997	56.30140116816719	63.35508317264699	80.34199111608226	82.1651585029841	78.34841682913368	62.6036350781188	65.68034708366929	82.42337734694316	60.30823226144479	53.798865625194075	67.62130176803609	47.87142607376256	49.62539462266402	58.683538600439896	52.625564056647505
K24082	27.910096305587153	25.417907620163763	29.67587059242678	33.15802081719409	33.45534587229431	29.254035083233084	27.713226617581977	27.154988660814606	29.879987802261283	20.578801058817405	21.597678131235863	18.935808535843858	23.97631425589385	25.25812099555016	28.168170504679914
K24087	32.72218187551597	30.16005456422417	37.39642229126952	34.61780789719635	23.733279550431007	25.158470171580454	24.387639423472137	26.51604775114838	21.6561379484279	19.108886697473306	16.969604245971034	19.57409421682736	19.701467528098824	22.38444255893068	22.264661716273945
K24088	9.3835668613612	10.243037399170472	11.098293067086438	11.052673605731364	14.011213228567703	17.25988069910752	16.073671438197547	15.97352274165565	13.980544751516748	12.641263507559263	15.684028166730805	11.70190415136418	12.824540183385082	13.612161015565954	10.626315819130745
K24090	24.78224068513342	24.659164109114098	24.609258540061234	25.442003394325027	30.30997147404442	25.743550873245116	32.42447514257091	31.308104573645075	25.219806218422367	22.342698292430324	20.312102051995634	23.616570196389528	21.00250783655818	24.35064359451243	20.40927323991778
K24118	3.609064177446615	3.2246599219610745	1.6888706841218493	1.6683280914311494	2.0016018897953862	3.2179438591556395	3.325587194109837	3.514175003164243	2.467154956150014	2.0578801058817406	3.0853825901765517	4.255237873223338	2.787943518127192	1.966201035581749	2.361403515362388
K24119	2179.3935546207626	1915.0686218893534	2286.730906300984	2191.1404070833855	2148.5766571317904	2040.1764067046754	1881.1738228014644	2139.813106472191	2067.749981582173	2183.7047752127955	3617.868202197855	2996.751272217536	2879.7597913241807	2680.9907351324678	2833.3468750755283
K24147	1.443625670978646	3.0349740441986586	1.6888706841218493	3.128115171433405	1.429715635568133	1.4627017541616543	3.6027194602856567	1.597352274165565	3.8377965984555775	2.0578801058817406	39.33862802475104	45.956569030812055	24.34804005831081	35.54286487397777	34.40902265242337
K24163	84.45210175225078	82.3236709488886	60.55807738779774	72.1551899543972	87.21265376965611	88.93226665302858	84.80247344980084	95.52166599510079	79.49721525372269	92.01663902014069	60.16496050844276	61.913711055399574	68.21168474351197	62.16220197108453	59.54110292306593
K24204	60.15106962411025	55.957333939912765	52.35499120777733	56.51461409723019	57.47456854983895	73.72016840974737	73.99431506894388	70.28350006328486	81.41611355295046	84.961050085689	69.9353387106685	68.08380597157341	70.6279024592222	66.09460404224802	77.08295760861509
K24206	1.443625670978646	1.327801144336913	1.930137924710685	2.0854101142889365	1.429715635568133	0.5850807016646618	1.3856613308790988	0.9584113644993391	1.644769970766676	0.8819486168064602	1.028460863392184	1.7020951492893355	1.3010403084593563	1.6637085685691722	1.349373437349936
K24217	77.23397339735756	58.23356447306176	60.55807738779774	63.60500848581257	68.05446425304314	58.8006105172985	49.60667564547174	59.42150459895902	52.90676739299475	61.44242030418339	52.70861924884942	62.551996736383074	65.42374122538477	60.347247169009066	59.70977460273467
K24843	99.12896274053368	89.53173430386042	81.3070600784376	93.00929109728658	99.22226510842843	112.62803507044738	107.25018701004225	112.7730705560889	108.0065614136784	104.0699367831623	110.81665803050782	111.48723227845147	114.86327294684031	107.53607202297104	107.27518826931991
K24844	2.165438506467969	4.173089310773156	3.86027584942137	2.9195741600045113	2.859431271136266	2.6328631574909775	2.4941903955823777	3.19470454833113	1.3706416423055634	2.3518629781505607	2.828267374328506	3.191428404917504	2.6020806169187125	3.1761709036320562	2.361403515362388
K24845	3.609064177446615	3.4143457997234905	3.619008608832534	4.170820228577873	4.575090033818025	3.51048420998797	4.434116258813116	4.1531159128304695	3.8377965984555775	3.527794467225841	4.628073885264827	3.6169521922398378	2.787943518127192	2.419939736100614	3.204761913706098
K24847	97.4447327910586	141.31597893300003	104.70998241555466	99.26552144015338	91.50180067636052	134.27602103203986	149.09715920259103	114.05095237542135	162.0098421205176	162.86651123692633	129.58606878741517	122.76361264249331	129.17471633989322	124.62689640918163	120.93759432248801
K25180	16.601695216254427	19.34795953176645	18.095043044162672	19.602855074316004	12.867440720113198	15.797178944945866	12.47095197791189	18.20981592548744	16.173571379205647	16.757023719322746	12.598645576554253	16.59542770557102	14.869032096678357	14.670884650109974	15.855137888861748
K25181	17.564112330240192	15.933613732042957	16.40617236004082	21.06264215431826	17.442530753931223	15.797178944945866	18.844994099955745	10.223054554659615	18.914854663816776	17.051006591591563	17.998065109363218	17.659237173876857	15.240757899095316	14.670884650109974	15.686466209193005
K25182	32.48157759701953	37.36811791919598	40.77416365951322	42.7509073429232	32.59751649095343	29.254035083233084	37.13572366755985	34.502809121976206	30.976501116105734	32.63209882183903	33.42497806024598	34.680188666770206	36.429128636861975	36.299096041509216	40.31253144082934
K25183	44.0305829648487	35.85063089709665	45.11697399011226	49.4242197086478	40.889867177248604	32.17943859155639	38.798517264614766	40.25327730897224	42.76401923993358	31.75015020503257	42.42401061492759	41.275807370266385	36.98671734048742	34.33289500592746	37.61378456612947
K25227	1.9248342279715278	2.46591641091141	1.930137924710685	1.251246068573362	2.2875450169090126	2.047782455826316	1.9399258632307383	1.277881819332452	3.0154116130722395	1.1759314890752803	0.257115215848046	1.0638094683058346	2.2303548145017538	1.966201035581749	1.012030078012452
K25307	1.9248342279715278	1.3278011443369129	2.533306026182774	1.6683280914311494	2.7164597075794528	1.755242104993985	1.9399258632307383	1.597352274165565	3.152475777302796	2.4988544142849705	2.056921726784368	2.44676177710342	1.9515604626890344	2.4955628528537583	2.361403515362388
K25316	42.58695729387006	31.10848395303625	30.158405073604452	35.243430931483026	44.32118470261212	38.03024560820301	42.1241044587246	44.08692276696959	42.76401923993358	49.095139668892955	38.82439759305494	33.403617304803205	28.437023884897357	34.33289500592746	31.878947457392236
K25422	129.92631038807812	132.7801144336913	171.29974081807327	156.82284059452803	149.2623123533131	128.71775436622556	123.60099071441562	144.72011603940018	129.9368276905674	156.10490517474346	98.21801245395356	99.99809002074846	96.09111992478388	92.26020243883592	93.27543885681432
K25494	21.41378078618325	21.434504187153024	10.857025826497603	16.266198891453705	14.29715635568133	16.674799997442857	13.02521651026353	14.376170467490086	15.899443050744535	13.229229252096903	10.798839065617932	10.850856576719513	7.248653147130699	10.738482578946476	7.59022558509339
K25495	19.9701551152046	18.399530142954365	18.095043044162672	20.854101142889366	16.58470137259034	21.06290525992782	15.796539172021726	13.417759102990747	13.706416423055634	14.405160741172184	13.36999122409839	15.744380130926354	14.125580491844438	15.427115817641415	16.361152927867973
K25706	41.86514445838073	57.285135084249674	49.4597843207113	47.130268582929965	60.61994294808884	49.73185964149624	66.51174388219674	67.08879551495373	68.53208211527817	62.618351793258675	59.907845292594715	68.72209165255691	61.70648320121518	57.92730743290845	59.54110292306593
K25859	57.02321400365651	41.1618354744443	45.59950847128993	60.68543432580805	39.7460946687941	41.54072981819098	44.8954271204828	40.25327730897224	51.53612575068919	27.340407121000265	18.769410756907355	41.06304547660522	37.73016894532133	37.50906590955952	35.758396089773306
K25864	7.21812835489323	9.484293888120808	14.234767194741302	16.4747399028826	8.578293813408798	7.313508770808271	4.711248524988936	4.792056822496695	4.934309912300028	3.527794467225841	6.942110827897242	4.89352355420684	5.761749937462864	6.957326741289266	5.90350878840597
K25875	2.646647063460851	2.46591641091141	3.136474127654863	1.6683280914311494	2.859431271136266	2.340322806658647	3.048454927934017	2.875234093498017	3.289539941533352	1.7638972336129204	2.056921726784368	1.9148570429505023	0.7434516048339178	0.6049849340251535	2.698746874699872
K25986	20.691967950693925	30.539426319749	17.612508562985	22.522429234320516	27.16459707579453	48.26915788733459	29.930284746988534	38.33645457997356	32.62127108687241	32.92608169410785	66.07861047294782	50.8500925850189	49.62539462266402	53.087427960707224	53.637594134659956
K26063	428.9974285591543	397.58159979002426	421.4938693086958	405.1951852063404	451.79014083953	440.8583087043226	473.3419106283001	450.45334131468934	491.7862212592362	532.6969645511019	404.9564649606724	380.2055039725053	396.81729408010364	366.9233624862556	380.0172942936757
K26148	36.812454609955466	33.95377211947249	37.83070332432943	39.873041385204466	29.16619896558991	30.83375297772767	32.09191642315993	27.602247297580966	33.88226139779353	32.5145056729315	29.619672865694895	32.212150700300676	34.86788026671075	35.24037240696519	32.182556480795974
K26149	39.5393030995818	39.770805704186586	37.2355774642103	38.92765546672682	36.50540589483966	43.686025724294744	41.569839926372964	39.93380685413913	43.22089978736877	43.31347651427283	39.595743240599084	38.580823383891605	41.199609767879615	42.550607026435806	39.69406861537728
K26580	3.368459898950174	2.46591641091141	3.3777413682436985	1.876869102860043	1.429715635568133	4.095564911652632	3.8798517264614767	3.514175003164243	2.741283284611127	1.4699143613441004	3.599613021872644	2.3403808302728364	2.2303548145017538	1.966201035581749	3.036090234037356
K26602	3.368459898950174	3.793717555248323	6.514215495898561	4.58790225143566	5.146976288045279	4.095564911652632	4.434116258813116	3.19470454833113	2.741283284611127	4.409743084032301	4.628073885264827	3.6169521922398378	4.088983826586548	2.722432203113191	2.698746874699872
K26603	20.210759393701043	22.19324769820269	25.574327502416576	23.565134291464982	21.159791406408367	14.919557892448873	17.459332769076646	20.12663865448612	17.818341349972325	19.402869569742126	25.197291153108505	23.191046409067194	23.418725552268413	20.115749056336355	20.0719298805803
K26604	3.609064177446615	5.121518699585236	5.066612052365548	5.839148320009023	4.289146906704399	3.803024560820301	1.9399258632307383	5.430997732162921	5.482566569222254	2.6458458504193807	5.399419532808966	4.467999766884506	5.204161233837425	6.201095573757824	4.891478710393518
K26605	86.61754025871876	85.7380167486121	82.51339628138177	80.28828940012406	79.20624621047457	79.86351577722633	82.03115078804265	73.478204611616	80.86785689602824	79.96334125711905	91.01878641020828	94.04075699823578	90.88695869094646	88.47904660117871	86.02255663105842
K26606	26.94767919160139	19.537645409528864	25.091793021238903	18.977232040029325	24.019222677544633	25.451010522412783	22.4477135602414	30.66916366397885	27.68696117457238	27.634389993269085	31.8822867651577	26.807998601307034	27.507709378854962	28.736784366194794	34.071679293085886
K26607	5.293294126921702	7.018377477209397	5.7904137741320545	5.2135252857223415	7.720464432067918	9.068750875802257	5.542645323516395	5.111527277329808	7.401464868450042	8.231520423526963	8.741917338833563	7.021142490818509	6.691064443505261	9.528512710896168	6.240852147743454
K26735	33.203390432508854	30.729112197511416	54.76766361366568	47.75589161721665	37.74449277899871	33.64214034571805	34.36440100580165	38.65592503480667	33.44365607225575	39.393704884021886	31.110941117613564	31.701522155513874	34.94222542719414	29.493015533726236	24.120050192630107
K26745	1.203021392482205	2.46591641091141	2.1714051652995203	2.398221631432277	1.2867440720113197	1.6089719295778198	2.4941903955823777	1.277881819332452	1.233577478075007	0.7349571806720502	0.771345647544138	1.0638094683058346	0.7434516048339179	0.7562311675314419	1.012030078012452
K26937	20.571665811445705	19.442802470647656	13.390331852680376	20.12420760288824	26.306767694453647	19.015122804101505	20.230655430834844	22.36293183831791	18.640726335355662	23.077655473102375	21.726235739159886	16.91457054606277	18.121632867826747	21.09884957412723	20.915288278924006
K26939	45.95541719282023	63.92414080593424	55.73273257602103	58.80856522294801	53.47136477024817	59.093150868130834	56.81211456604305	63.255150056956374	62.22713056067258	58.502591581495196	60.16496050844276	59.147806437804405	66.35305573142716	60.347247169009066	51.613533978635054
K26980	2.887251341957292	0.9484293888120807	2.6539396464771916	3.5451971942911924	1.1437725084545063	3.2179438591556395	0.27713226617581976	0.0	2.467154956150014	4.115760211763481	1.028460863392184	1.9148570429505023	0.7434516048339178	2.1174472690880375	1.012030078012452
K27069	26.70707491310495	28.452881664362422	22.920387855939385	28.153036542900644	29.166198965589913	32.764519293221056	31.59307834404345	40.57274776380535	31.52475777302796	30.280235843688466	40.109973672295176	32.33980783649737	36.243265735653495	32.66918643735829	31.541604098054755
K27243	24.0604278496441	19.917017165053696	22.920387855939385	22.939511257178303	24.019222677544633	23.110687715754135	19.399258632307383	19.807168199653006	21.38200961996679	25.576509887387346	30.596710685917472	26.807998601307034	31.03910450181607	29.341769300219948	31.20426073871727
K27311	250.22844963629862	250.76473040191416	162.85538739746403	196.86271478887562	251.6299518599914	279.9611157465406	256.07021394645744	252.7011297729924	254.11696048345146	291.6310092906695	233.7177312058738	286.1647469742695	271.731561566797	256.6648582601714	258.23634157284397
K27802	159.0394280861475	272.578606344592	257.67341294887643	249.62359068038572	261.3520181818547	310.9703929347677	207.01780283333736	296.4685820851289	224.5111010096513	250.4734071730347	307.2526829384149	257.01636754268964	294.59269841543994	288.42656729649195	291.29599078791745
K27882	30.316139090551566	25.22822174240135	25.81559474300541	28.57011856575843	22.87545016909013	14.04193683995188	24.66477168964796	18.84875683515367	16.44769970766676	18.520920952935665	21.08344769953977	20.85066557879436	21.56009654018362	21.174472690880375	20.577944919586525
K27883	15.639278102268664	14.226440832181211	16.164905119451987	17.308903948598175	13.153383847226824	10.823992980796241	15.796539172021726	11.820406828825181	14.25467307997786	13.523212124365724	17.483834677667126	13.19123740699235	12.452814380968125	16.03210075166657	13.999749412505587
K27884	26.94767919160139	26.366337008975844	27.263198186538425	26.276167440040602	18.872246389499356	22.525607014089477	20.784919963186482	23.32134320281725	20.833752963044564	23.224646909236785	20.56921726784368	25.7441891330012	23.97631425589385	22.989427492955834	22.93934843494891
K27885	43.30877012935938	35.660945019334235	37.39642229126952	40.03987419434758	34.02723212652157	40.37056841486166	29.930284746988534	32.585986392977524	35.36255437148354	39.393704884021886	35.48189978703034	39.999236008299384	33.4553222175263	38.11405084358467	31.37293241838601
K28156	89.02358304368316	116.2774430683611	137.28105989504746	145.97870800022557	112.08970582854163	165.28529822026692	123.60099071441562	139.60858876207038	132.40398264671742	157.57481953608755	3.3424978060245976	4.680761660545673	6.133475739879822	4.839879472201228	4.048120312049808
K28181	0.0	0.0	0.0	0.0	0.0	0.0	0.0	0.0	0.0	0.0	0.0	0.0	0.0	0.0	0.0
K28182	252.3938881427666	239.38357773616917	182.63930112574857	250.6662957375302	413.4737618063041	501.99924202827975	414.58987019902634	439.2718753955304	300.1705196649184	198.73242165372235	273.0563592306248	259.995034053946	237.34692484322827	248.4975616508318	253.68220622178796
K28207	75.0685348908896	70.75283240538123	58.86920670367589	62.5623034286681	66.91069174458862	72.25746665558572	71.5001246733615	65.49144324078817	64.9684138452837	72.02580370586092	73.02072130084505	76.5942817180201	77.50482980393593	76.8330866211945	69.4927320235217
K28274	6.977524076396788	15.933613732042957	7.72055169884274	7.2989354000112785	6.862635050727039	11.409073682460903	17.459332769076646	10.861995464325842	14.25467307997786	12.641263507559263	10.28460863392184	12.765713619670016	13.382128887010522	12.704683614528225	12.650375975155649
K28358	7266.4898148710145	6277.4644386694	4258.366796392948	4630.653158778584	872.1265376965612	872.647866532843	680.6368457278134	827.7479484725958	3409.0598927423976	3707.7119850543586	242.7167637605554	3385.8927757238107	2685.718922462528	2849.932777958992	2238.1045175245376
K28369	107.55011248790912	98.82634231421882	87.09747385256966	98.01427537158003	110.94593332008712	125.49981050706994	118.61260992325086	112.7730705560889	111.57022968367286	119.94501188567858	123.92953403875816	133.827231112874	114.49154714442335	135.66787145514067	129.20250662625637
K28370	28.150700584083594	39.64434845234498	27.021930945949588	27.527413508613964	32.02563023672618	34.81230174904737	41.569839926372964	33.224927302643756	40.57099261224468	51.15301977477469	33.42497806024598	39.360950327315884	42.376741475533315	37.055327209040655	40.31253144082934
K28371	13.714443874297137	13.467697321131547	13.510965472974794	14.389329788593663	13.725270101454077	18.430042102436843	14.133745574966808	18.84875683515367	16.173571379205647	14.993126485709823	16.198258598426897	12.978475513331183	11.337636973717247	16.78833191919801	15.517794529524263
K28462	44.75239580033802	44.76586715193021	50.183586042477806	44.002153411496565	44.32118470261212	43.00343157235263	42.67836899107624	42.17010003797092	37.007324342250214	42.33353360671009	33.93920849194207	35.53123624141488	49.06780591903858	36.75283474202808	41.66190487817927
K28560	4.571481291432379	5.121518699585236	5.066612052365548	4.170820228577873	2.5734881440226394	6.435887718311279	3.8798517264614767	4.1531159128304695	4.11192492691669	4.409743084032301	4.3709586694167815	7.659428171802009	5.575887036254384	5.747356873238958	5.566165429068486
K28636	2.646647063460851	3.793717555248323	2.1714051652995203	4.379361240006767	1.429715635568133	1.1701614033293235	3.325587194109837	4.792056822496695	1.9188982992277888	1.7638972336129204	1.5426912950882758	3.191428404917504	1.8586290120847946	1.209969868050307	2.192731835693646
K28794	1.9248342279715278	3.4143457997234905	2.1714051652995203	3.5451971942911924	2.859431271136266	2.340322806658647	2.217058129406558	2.555763638664904	2.1930266276889014	1.4699143613441004	1.28557607924023	2.553142723934003	2.2303548145017538	3.3274171371383443	1.8553884763561619
K28795	1.684229949475087	1.7071728998617453	1.930137924710685	1.251246068573362	1.429715635568133	1.4627017541616543	0.8313967985274593	1.597352274165565	1.3706416423055634	1.7638972336129204	1.799806510936322	0.8510475746446677	1.3010403084593563	1.8149548020754607	1.180701757681194
K28853	57.504422560649395	65.44162782803357	43.18683606540157	51.09254780007895	61.763715456543345	67.86936139310076	63.46328895426272	56.86574096029412	72.91813537065597	71.7318208335921	66.84995612049195	78.5091387609706	69.51272505197132	66.09460404224802	66.45664178948435
K28854	38.496684559430555	35.660945019334235	29.67587059242678	35.034889920054134	32.59751649095343	39.49294736236467	44.34116258813116	32.90545684781064	40.84512094070579	42.62751647897891	60.67919094013885	63.19028241736658	66.9106444350526	61.103478336540505	63.25187987577825
K28919	195.13006986061365	226.29525217056246	178.2964907951495	185.39295916028647	177.85662506467574	128.1326736645609	193.99258632307382	188.80703880636977	220.94743273965682	237.2441779209378	231.4036942632414	241.69751119908562	235.86002163356045	227.02059649293886	226.5260657951205
K29029	77.71518195435044	75.3052934716792	66.58975840251863	67.15020568010377	76.06087181222468	77.23065261973534	90.06798650714143	84.97914098560805	78.67483026833933	89.95875891425894	63.7645735303154	73.82837710042493	69.32686215076284	62.16220197108453	70.84210546087164
